date,time,flow
2019-10-01,0,12
2019-10-01,1,10
2019-10-01,2,6
2019-10-01,3,7
2019-10-01,4,7
2019-10-01,5,16
2019-10-01,6,85
2019-10-01,7,177
2019-10-01,8,125
2019-10-01,9,95
2019-10-01,10,109
2019-10-01,11,86
2019-10-01,12,135
2019-10-01,13,248
2019-10-01,14,191
2019-10-01,15,166
2019-10-01,16,253
2019-10-01,17,143
2019-10-01,18,98
2019-10-01,19,64
2019-10-01,20,42
2019-10-01,21,34
2019-10-01,22,24
2019-10-01,23,21
2019-10-02,0,12
2019-10-02,1,5
2019-10-02,2,7
2019-10-02,3,5
2019-10-02,4,6
2019-10-02,5,14
2019-10-02,6,90
2019-10-02,7,142
2019-10-02,8,123
2019-10-02,9,128
2019-10-02,10,133
2019-10-02,11,123
2019-10-02,12,125
2019-10-02,13,126
2019-10-02,14,146
2019-10-02,15,188
2019-10-02,16,255
2019-10-02,17,180
2019-10-02,18,102
2019-10-02,19,55
2019-10-02,20,40
2019-10-02,21,31
2019-10-02,22,18
2019-10-02,23,13
2019-10-03,0,12
2019-10-03,1,9
2019-10-03,2,18
2019-10-03,3,4
2019-10-03,4,10
2019-10-03,5,26
2019-10-03,6,94
2019-10-03,7,155
2019-10-03,8,117
2019-10-03,9,101
2019-10-03,10,118
2019-10-03,11,159
2019-10-03,12,127
2019-10-03,13,156
2019-10-03,14,156
2019-10-03,15,202
2019-10-03,16,214
2019-10-03,17,176
2019-10-03,18,107
2019-10-03,19,83
2019-10-03,20,50
2019-10-03,21,147
2019-10-03,22,58
2019-10-03,23,26
2019-10-04,0,19
2019-10-04,1,4
2019-10-04,2,15
2019-10-04,3,4
2019-10-04,4,3
2019-10-04,5,23
2019-10-04,6,76
2019-10-04,7,172
2019-10-04,8,144
2019-10-04,9,110
2019-10-04,10,137
2019-10-04,11,153
2019-10-04,12,143
2019-10-04,13,185
2019-10-04,14,166
2019-10-04,15,234
2019-10-04,16,273
2019-10-04,17,184
2019-10-04,18,144
2019-10-04,19,76
2019-10-04,20,54
2019-10-04,21,84
2019-10-04,22,54
2019-10-04,23,48
2019-10-05,0,26
2019-10-05,1,44
2019-10-05,2,27
2019-10-05,3,17
2019-10-05,4,8
2019-10-05,5,14
2019-10-05,6,21
2019-10-05,7,41
2019-10-05,8,48
2019-10-05,9,79
2019-10-05,10,113
2019-10-05,11,164
2019-10-05,12,167
2019-10-05,13,183
2019-10-05,14,230
2019-10-05,15,201
2019-10-05,16,187
2019-10-05,17,173
2019-10-05,18,94
2019-10-05,19,94
2019-10-05,20,77
2019-10-05,21,65
2019-10-05,22,93
2019-10-05,23,47
2019-10-06,0,40
2019-10-06,1,40
2019-10-06,2,36
2019-10-06,3,15
2019-10-06,4,17
2019-10-06,5,22
2019-10-06,6,16
2019-10-06,7,18
2019-10-06,8,25
2019-10-06,9,52
2019-10-06,10,112
2019-10-06,11,140
2019-10-06,12,159
2019-10-06,13,191
2019-10-06,14,136
2019-10-06,15,137
2019-10-06,16,129
2019-10-06,17,120
2019-10-06,18,72
2019-10-06,19,36
2019-10-06,20,25
2019-10-06,21,33
2019-10-06,22,22
2019-10-06,23,18
2019-10-07,0,13
2019-10-07,1,9
2019-10-07,2,0
2019-10-07,3,4
2019-10-07,4,13
2019-10-07,5,16
2019-10-07,6,57
2019-10-07,7,0
2019-10-07,8,0
2019-10-07,9,0
2019-10-07,10,29
2019-10-07,11,96
2019-10-07,12,181
2019-10-07,13,133
2019-10-07,14,131
2019-10-07,15,173
2019-10-07,16,209
2019-10-07,17,148
2019-10-07,18,93
2019-10-07,19,62
2019-10-07,20,32
2019-10-07,21,44
2019-10-07,22,15
2019-10-07,23,11
2019-10-08,0,8
2019-10-08,1,4
2019-10-08,2,5
2019-10-08,3,7
2019-10-08,4,10
2019-10-08,5,19
2019-10-08,6,78
2019-10-08,7,141
2019-10-08,8,129
2019-10-08,9,107
2019-10-08,10,114
2019-10-08,11,149
2019-10-08,12,164
2019-10-08,13,158
2019-10-08,14,158
2019-10-08,15,222
2019-10-08,16,288
2019-10-08,17,197
2019-10-08,18,143
2019-10-08,19,64
2019-10-08,20,59
2019-10-08,21,62
2019-10-08,22,22
2019-10-08,23,22
2019-10-09,0,11
2019-10-09,1,10
2019-10-09,2,9
2019-10-09,3,0
2019-10-09,4,9
2019-10-09,5,18
2019-10-09,6,92
2019-10-09,7,162
2019-10-09,8,140
2019-10-09,9,120
2019-10-09,10,113
2019-10-09,11,147
2019-10-09,12,144
2019-10-09,13,132
2019-10-09,14,133
2019-10-09,15,186
2019-10-09,16,253
2019-10-09,17,208
2019-10-09,18,135
2019-10-09,19,66
2019-10-09,20,44
2019-10-09,21,39
2019-10-09,22,48
2019-10-09,23,26
2019-10-10,0,18
2019-10-10,1,14
2019-10-10,2,10
2019-10-10,3,5
2019-10-10,4,19
2019-10-10,5,34
2019-10-10,6,96
2019-10-10,7,117
2019-10-10,8,121
2019-10-10,9,100
2019-10-10,10,115
2019-10-10,11,157
2019-10-10,12,127
2019-10-10,13,183
2019-10-10,14,165
2019-10-10,15,203
2019-10-10,16,272
2019-10-10,17,216
2019-10-10,18,129
2019-10-10,19,75
2019-10-10,20,54
2019-10-10,21,52
2019-10-10,22,50
2019-10-10,23,26
2019-10-11,0,17
2019-10-11,1,9
2019-10-11,2,6
2019-10-11,3,14
2019-10-11,4,12
2019-10-11,5,18
2019-10-11,6,72
2019-10-11,7,132
2019-10-11,8,114
2019-10-11,9,97
2019-10-11,10,134
2019-10-11,11,128
2019-10-11,12,166
2019-10-11,13,229
2019-10-11,14,226
2019-10-11,15,255
2019-10-11,16,260
2019-10-11,17,168
2019-10-11,18,126
2019-10-11,19,63
2019-10-11,20,57
2019-10-11,21,76
2019-10-11,22,71
2019-10-11,23,40
2019-10-12,0,24
2019-10-12,1,19
2019-10-12,2,17
2019-10-12,3,10
2019-10-12,4,13
2019-10-12,5,19
2019-10-12,6,24
2019-10-12,7,31
2019-10-12,8,56
2019-10-12,9,65
2019-10-12,10,101
2019-10-12,11,144
2019-10-12,12,148
2019-10-12,13,221
2019-10-12,14,199
2019-10-12,15,202
2019-10-12,16,183
2019-10-12,17,177
2019-10-12,18,104
2019-10-12,19,68
2019-10-12,20,46
2019-10-12,21,72
2019-10-12,22,60
2019-10-12,23,51
2019-10-13,0,50
2019-10-13,1,34
2019-10-13,2,29
2019-10-13,3,18
2019-10-13,4,15
2019-10-13,5,28
2019-10-13,6,18
2019-10-13,7,16
2019-10-13,8,27
2019-10-13,9,43
2019-10-13,10,74
2019-10-13,11,103
2019-10-13,12,118
2019-10-13,13,160
2019-10-13,14,151
2019-10-13,15,187
2019-10-13,16,148
2019-10-13,17,136
2019-10-13,18,83
2019-10-13,19,71
2019-10-13,20,35
2019-10-13,21,43
2019-10-13,22,31
2019-10-13,23,19
2019-10-14,0,16
2019-10-14,1,7
2019-10-14,2,8
2019-10-14,3,5
2019-10-14,4,9
2019-10-14,5,19
2019-10-14,6,69
2019-10-14,7,123
2019-10-14,8,97
2019-10-14,9,83
2019-10-14,10,87
2019-10-14,11,100
2019-10-14,12,111
2019-10-14,13,132
2019-10-14,14,165
2019-10-14,15,181
2019-10-14,16,205
2019-10-14,17,163
2019-10-14,18,112
2019-10-14,19,57
2019-10-14,20,35
2019-10-14,21,30
2019-10-14,22,28
2019-10-14,23,23
2019-10-15,0,6
2019-10-15,1,12
2019-10-15,2,3
2019-10-15,3,8
2019-10-15,4,5
2019-10-15,5,24
2019-10-15,6,79
2019-10-15,7,117
2019-10-15,8,112
2019-10-15,9,79
2019-10-15,10,90
2019-10-15,11,116
2019-10-15,12,136
2019-10-15,13,117
2019-10-15,14,143
2019-10-15,15,200
2019-10-15,16,240
2019-10-15,17,157
2019-10-15,18,103
2019-10-15,19,50
2019-10-15,20,44
2019-10-15,21,46
2019-10-15,22,40
2019-10-15,23,18
2019-10-16,0,19
2019-10-16,1,4
2019-10-16,2,9
2019-10-16,3,4
2019-10-16,4,6
2019-10-16,5,13
2019-10-16,6,85
2019-10-16,7,136
2019-10-16,8,131
2019-10-16,9,91
2019-10-16,10,106
2019-10-16,11,114
2019-10-16,12,123
2019-10-16,13,127
2019-10-16,14,173
2019-10-16,15,226
2019-10-16,16,200
2019-10-16,17,185
2019-10-16,18,145
2019-10-16,19,74
2019-11-20,12,100
2019-11-20,13,217
2019-11-20,14,149
2019-11-20,15,147
2019-11-20,16,197
2019-11-20,17,226
2019-11-20,18,165
2019-11-20,19,122
2019-11-20,20,70
2019-11-20,21,51
2019-11-20,22,51
2019-11-20,23,54
2019-11-21,0,29
2019-11-21,1,13
2019-11-21,2,13
2019-11-21,3,11
2019-11-21,4,4
2019-11-21,5,11
2019-11-21,6,18
2019-11-21,7,142
2019-11-21,8,195
2019-11-21,9,130
2019-11-21,10,102
2019-11-21,11,129
2019-11-21,12,127
2019-11-21,13,135
2019-11-21,14,137
2019-11-21,15,149
2019-11-21,16,194
2019-11-21,17,225
2019-11-21,18,183
2019-11-21,19,154
2019-11-21,20,80
2019-11-21,21,44
2019-11-21,22,67
2019-11-21,23,49
2019-11-22,0,21
2019-11-22,1,12
2019-11-22,2,7
2019-11-22,3,10
2019-11-22,4,9
2019-11-22,5,6
2019-11-22,6,22
2019-11-22,7,83
2019-11-22,8,165
2019-11-22,9,216
2019-11-22,10,111
2019-11-22,11,145
2019-11-22,12,235
2019-11-22,13,186
2019-11-22,14,232
2019-11-22,15,179
2019-11-22,16,238
2019-11-22,17,237
2019-11-22,18,171
2019-11-22,19,149
2019-11-22,20,107
2019-11-22,21,76
2019-11-22,22,56
2019-11-22,23,71
2019-11-23,0,55
2019-11-23,1,37
2019-11-23,2,22
2019-11-23,3,33
2019-11-23,4,14
2019-11-23,5,9
2019-11-23,6,13
2019-11-23,7,20
2019-11-23,8,31
2019-11-23,9,53
2019-11-23,10,85
2019-11-23,11,84
2019-11-23,12,139
2019-11-23,13,204
2019-11-23,14,191
2019-11-23,15,171
2019-11-23,16,212
2019-11-23,17,271
2019-11-23,18,214
2019-11-23,19,102
2019-11-23,20,79
2019-11-23,21,61
2019-11-23,22,59
2019-11-23,23,86
2019-11-24,0,59
2019-11-24,1,47
2019-11-24,2,32
2019-11-24,3,19
2019-11-24,4,12
2019-11-24,5,14
2019-11-24,6,12
2019-11-24,7,13
2019-11-24,8,27
2019-11-24,9,31
2019-11-24,10,120
2019-11-24,11,101
2019-11-24,12,132
2019-11-24,13,189
2019-11-24,14,175
2019-11-24,15,174
2019-11-24,16,213
2019-11-24,17,165
2019-11-24,18,175
2019-11-24,19,82
2019-11-24,20,50
2019-11-24,21,45
2019-11-24,22,37
2019-11-24,23,25
2019-11-25,0,22
2019-11-25,1,13
2019-11-25,2,14
2019-11-25,3,6
2019-11-25,4,7
2019-11-25,5,8
2019-11-25,6,20
2019-11-25,7,74
2019-11-25,8,188
2019-11-25,9,169
2019-11-25,10,77
2019-11-25,11,113
2019-11-25,12,130
2019-11-25,13,133
2019-11-25,14,135
2019-11-25,15,128
2019-11-25,16,163
2019-11-25,17,294
2019-11-25,18,195
2019-11-25,19,99
2019-11-25,20,56
2019-11-25,21,45
2019-11-25,22,37
2019-11-25,23,18
2019-11-26,0,16
2019-11-26,1,7
2019-11-26,2,7
2019-11-26,3,8
2019-11-26,4,5
2019-11-26,5,7
2019-11-26,6,47
2019-11-26,7,116
2019-11-26,8,186
2019-11-26,9,167
2019-11-26,10,95
2019-11-26,11,138
2019-11-26,12,125
2019-11-26,13,175
2019-11-26,14,158
2019-11-26,15,140
2019-11-26,16,214
2019-11-26,17,288
2019-11-26,18,293
2019-11-26,19,117
2019-11-26,20,52
2019-11-26,21,45
2019-11-26,22,41
2019-11-26,23,29
2019-11-27,0,22
2019-11-27,1,9
2019-11-27,2,11
2019-11-27,3,6
2019-11-27,4,10
2019-11-27,5,4
2019-11-27,6,19
2019-11-27,7,110
2019-11-27,8,206
2019-11-27,9,139
2019-11-27,10,109
2019-11-27,11,119
2019-11-27,12,127
2019-11-27,13,134
2019-11-27,14,174
2019-11-27,15,183
2019-11-27,16,199
2019-11-27,17,280
2019-11-27,18,220
2019-11-27,19,100
2019-11-27,20,57
2019-11-27,21,38
2019-11-27,22,31
2019-11-27,23,20
2019-11-28,0,11
2019-11-28,1,3
2019-11-28,2,7
2019-11-28,3,7
2019-11-28,4,7
2019-11-28,5,4
2019-11-28,6,28
2019-11-28,7,111
2019-11-28,8,171
2019-11-28,9,123
2019-11-28,10,74
2019-11-28,11,112
2019-11-28,12,148
2019-11-28,13,150
2019-11-28,14,161
2019-11-28,15,171
2019-11-28,16,210
2019-11-28,17,346
2019-11-28,18,225
2019-11-28,19,146
2019-11-28,20,92
2019-11-28,21,64
2019-11-28,22,184
2019-11-28,23,64
2019-11-29,0,56
2019-11-29,1,25
2019-11-29,2,13
2019-11-29,3,13
2019-11-29,4,11
2019-11-29,5,56
2019-11-29,6,19
2019-11-29,7,74
2019-11-29,8,134
2019-11-29,9,113
2019-11-29,10,133
2019-11-29,11,134
2019-11-29,12,168
2019-11-29,13,212
2019-11-29,14,201
2019-11-29,15,227
2019-11-29,16,243
2019-11-29,17,230
2019-11-29,18,170
2019-11-29,19,170
2019-11-29,20,98
2019-11-29,21,128
2019-11-29,22,85
2019-11-29,23,86
2019-11-30,0,58
2019-11-30,1,50
2019-11-30,2,24
2019-11-30,3,27
2019-11-30,4,19
2019-11-30,5,15
2019-11-30,6,14
2019-11-30,7,23
2019-11-30,8,39
2019-11-30,9,55
2019-11-30,10,79
2019-11-30,11,111
2019-11-30,12,161
2019-11-30,13,203
2019-11-30,14,178
2019-11-30,15,214
2019-11-30,16,273
2019-11-30,17,220
2019-11-30,18,202
2019-11-30,19,136
2019-11-30,20,95
2019-11-30,21,103
2019-11-30,22,87
2019-11-30,23,97
2019-12-01,0,59
2019-12-01,1,42
2019-12-01,2,35
2019-12-01,3,37
2019-12-01,4,89
2019-12-01,5,18
2019-12-01,6,27
2019-12-01,7,14
2019-12-01,8,16
2019-12-01,9,35
2019-12-01,10,65
2019-12-01,11,78
2019-12-01,12,108
2019-12-01,13,155
2019-12-01,14,214
2019-12-01,15,192
2019-12-01,16,198
2019-12-01,17,177
2019-12-01,18,179
2019-12-01,19,85
2019-12-01,20,58
2019-12-01,21,49
2019-12-01,22,38
2019-12-01,23,21
2019-12-02,0,14
2019-12-02,1,16
2019-12-02,2,13
2019-12-02,3,10
2019-12-02,4,7
2019-12-02,5,6
2019-12-02,6,11
2019-12-02,7,77
2019-12-02,8,178
2019-12-02,9,124
2019-12-02,10,67
2019-12-02,11,113
2019-12-02,12,142
2019-12-02,13,161
2019-12-02,14,150
2019-12-02,15,140
2019-12-02,16,177
2019-12-02,17,204
2019-12-02,18,185
2019-12-02,19,108
2019-12-02,20,59
2019-12-02,21,138
2019-12-02,22,38
2019-12-02,23,27
2019-12-03,0,20
2019-12-03,1,15
2019-12-03,2,7
2019-12-03,3,4
2019-12-03,4,5
2019-12-03,5,10
2019-12-03,6,19
2019-12-03,7,95
2019-12-03,8,191
2019-12-03,9,136
2019-12-03,10,87
2019-12-03,11,120
2019-12-03,12,145
2019-12-03,13,166
2019-12-03,14,160
2019-12-03,15,152
2019-12-03,16,249
2019-12-03,17,305
2019-12-03,18,234
2019-12-03,19,149
2019-12-03,20,67
2019-12-03,21,54
2019-12-03,22,46
2019-12-03,23,35
2019-12-04,0,21
2019-12-04,1,16
2019-12-04,2,3
2019-12-04,3,9
2019-12-04,4,10
2019-12-04,5,9
2019-12-04,6,25
2019-12-04,7,111
2019-12-04,8,188
2019-12-04,9,161
2019-12-04,10,108
2019-12-04,11,99
2019-12-04,12,143
2019-12-04,13,145
2019-12-04,14,165
2019-12-04,15,167
2019-12-04,16,213
2019-12-04,17,247
2019-12-04,18,189
2019-12-04,19,126
2019-12-04,20,64
2019-12-04,21,53
2019-12-04,22,105
2019-12-04,23,39
2019-12-05,0,22
2019-12-05,1,12
2019-12-05,2,13
2019-12-05,3,13
2019-12-05,4,8
2019-12-05,5,10
2019-12-05,6,25
2019-12-05,7,102
2019-12-05,8,178
2019-12-05,9,122
2019-12-05,10,123
2019-12-05,11,137
2019-12-05,12,164
2019-12-05,13,174
2019-12-05,14,173
2019-12-05,15,158
2019-12-05,16,207
2019-12-05,17,268
2019-12-05,18,201
2019-12-05,19,179
2019-12-05,20,114
2019-12-05,21,54
2019-12-05,22,52
2019-12-05,23,38
2019-12-06,0,23
2019-12-06,1,10
2019-12-06,2,19
2019-12-06,3,14
2019-12-06,4,10
2019-12-06,5,8
2019-12-06,6,24
2019-12-06,7,69
2019-12-06,8,176
2019-12-06,9,121
2019-12-06,10,102
2019-12-06,11,203
2019-12-06,12,206
2019-12-06,13,161
2019-12-06,14,160
2019-12-06,15,259
2019-12-06,16,212
2019-12-06,17,209
2019-12-06,18,154
2019-12-06,19,156
2019-12-06,20,110
2019-12-06,21,117
2019-12-06,22,75
2019-12-06,23,66
2019-12-07,0,68
2019-12-07,1,44
2019-12-07,2,42
2019-12-07,3,28
2019-12-07,4,28
2019-12-07,5,19
2019-12-07,6,22
2019-12-07,7,28
2019-12-07,8,34
2019-12-07,9,79
2019-12-07,10,90
2019-12-07,11,118
2019-12-07,12,155
2019-12-07,13,177
2019-12-07,14,203
2019-12-07,15,199
2019-12-07,16,238
2019-12-07,17,193
2019-12-07,18,179
2019-12-07,19,146
2019-12-07,20,100
2019-12-07,21,64
2019-12-07,22,89
2019-12-07,23,81
2019-12-08,0,53
2019-12-08,1,123
2019-12-08,2,34
2019-12-08,3,33
2019-12-08,4,18
2019-12-08,5,19
2019-12-08,6,21
2019-12-08,7,15
2019-12-08,8,18
2019-12-08,9,41
2019-12-08,10,49
2019-12-08,11,97
2019-12-08,12,141
2019-12-08,13,134
2019-12-08,14,130
2019-12-08,15,129
2019-12-08,16,120
2019-12-08,17,133
2019-12-08,18,148
2019-12-08,19,91
2019-12-08,20,129
2019-12-08,21,54
2019-12-08,22,37
2019-12-08,23,40
2019-12-09,0,31
2019-12-09,1,16
2019-12-09,2,13
2019-12-09,3,6
2019-12-09,4,9
2019-12-09,5,15
2019-12-09,6,23
2019-12-09,7,77
2019-12-09,8,131
2019-12-09,9,152
2019-12-09,10,80
2019-12-09,11,163
2019-12-09,12,154
2019-12-09,13,155
2019-12-09,14,170
2019-12-09,15,163
2019-12-09,16,200
2019-12-09,17,209
2019-12-09,18,176
2019-12-09,19,98
2019-12-09,20,77
2019-12-09,21,66
2019-12-09,22,37
2019-12-09,23,26
2019-12-10,0,15
2019-12-10,1,9
2019-12-10,2,12
2019-12-10,3,7
2019-12-10,4,8
2019-12-10,5,9
2019-12-10,6,20
2019-12-10,7,82
2019-12-10,8,197
2019-12-10,9,157
2019-12-10,10,126
2019-12-10,11,86
2019-12-10,12,111
2019-12-10,13,151
2019-12-10,14,145
2019-12-10,15,129
2019-12-10,16,232
2019-12-10,17,240
2019-12-10,18,146
2019-12-10,19,101
2019-12-10,20,63
2019-12-10,21,39
2019-12-10,22,45
2019-12-10,23,20
2019-12-11,0,13
2019-12-11,1,10
2019-12-11,2,6
2019-12-11,3,10
2019-12-11,4,5
2019-12-11,5,85
2019-12-11,6,23
2019-12-11,7,93
2019-12-11,8,183
2019-12-11,9,155
2019-12-11,10,112
2019-12-11,11,147
2019-12-11,12,178
2019-12-11,13,188
2019-12-11,14,177
2019-12-11,15,160
2019-12-11,16,245
2019-12-11,17,236
2019-12-11,18,196
2019-12-11,19,102
2019-12-11,20,78
2019-12-11,21,48
2019-12-11,22,62
2019-12-11,23,27
2019-12-12,0,28
2019-12-12,1,15
2019-12-12,2,12
2019-12-12,3,8
2019-12-12,4,7
2019-12-12,5,6
2019-12-12,6,30
2019-12-12,7,92
2019-12-12,8,150
2019-12-12,9,140
2019-12-12,10,108
2019-12-12,11,142
2019-12-12,12,170
2019-12-12,13,160
2019-12-12,14,163
2019-12-12,15,164
2019-12-12,16,227
2019-12-12,17,188
2019-12-12,18,216
2019-12-12,19,217
2019-12-12,20,125
2019-12-12,21,49
2019-12-12,22,61
2019-12-12,23,39
2019-12-13,0,30
2019-12-13,1,26
2019-12-13,2,15
2019-12-13,3,11
2019-12-13,4,10
2019-12-13,5,3
2019-12-13,6,22
2019-12-13,7,81
2019-12-13,8,154
2019-12-13,9,103
2019-12-13,10,103
2019-12-13,11,137
2019-12-13,12,149
2019-12-13,13,171
2019-12-13,14,217
2019-12-13,15,199
2019-12-13,16,215
2019-12-13,17,236
2019-12-13,18,183
2019-12-13,19,130
2019-12-13,20,103
2019-12-13,21,106
2019-12-13,22,90
2019-12-13,23,91
2019-12-14,0,64
2019-12-14,1,32
2019-12-14,2,39
2019-12-14,3,43
2019-12-14,4,23
2019-12-14,5,13
2019-12-14,6,23
2019-12-14,7,17
2019-12-14,8,29
2019-12-14,9,71
2019-12-14,10,70
2019-12-14,11,168
2019-12-14,12,136
2019-12-14,13,154
2019-12-14,14,157
2019-12-14,15,218
2019-12-14,16,178
2019-12-14,17,187
2019-12-14,18,163
2019-12-14,19,134
2019-12-14,20,86
2019-12-14,21,57
2019-12-14,22,79
2019-12-14,23,72
2019-12-15,0,67
2019-12-15,1,44
2019-12-15,2,48
2019-12-15,3,35
2019-12-15,4,17
2019-12-15,5,13
2019-12-15,6,18
2019-12-15,7,15
2019-12-15,8,15
2019-12-15,9,29
2019-12-15,10,60
2019-12-15,11,108
2019-12-15,12,133
2019-12-15,13,159
2019-12-15,14,185
2019-12-15,15,224
2019-12-15,16,239
2019-12-15,17,272
2019-12-15,18,233
2019-12-15,19,121
2019-12-15,20,60
2019-12-15,21,44
2019-12-15,22,44
2019-12-15,23,69
2019-12-16,0,33
2019-12-16,1,14
2019-12-16,2,14
2019-12-16,3,12
2019-12-16,4,10
2019-12-16,5,6
2019-12-16,6,20
2019-12-16,7,90
2019-12-16,8,165
2019-12-16,9,138
2019-12-16,10,118
2019-12-16,11,100
2019-12-16,12,134
2019-12-16,13,138
2019-12-16,14,186
2019-12-16,15,147
2019-12-16,16,224
2019-12-16,17,220
2019-12-16,18,155
2019-12-16,19,109
2019-12-16,20,65
2019-12-16,21,56
2019-12-16,22,52
2019-12-16,23,23
2019-12-17,0,6
2019-12-17,1,13
2019-12-17,2,7
2019-12-17,3,7
2019-12-17,4,8
2019-12-17,5,6
2019-12-17,6,26
2019-12-17,7,77
2019-12-17,8,181
2019-12-17,9,165
2019-12-17,10,104
2019-12-17,11,189
2019-12-17,12,157
2019-12-17,13,170
2019-12-17,14,151
2019-12-17,15,150
2019-12-17,16,237
2019-12-17,17,316
2019-12-17,18,188
2019-12-17,19,147
2019-12-17,20,132
2019-12-17,21,54
2019-12-17,22,35
2019-12-17,23,34
2019-12-18,0,25
2019-12-18,1,13
2019-12-18,2,8
2019-12-18,3,3
2019-12-18,4,6
2019-12-18,5,12
2019-12-18,6,24
2019-12-18,7,78
2019-12-18,8,122
2019-12-18,9,140
2019-12-18,10,104
2019-12-18,11,124
2019-12-18,12,178
2019-12-18,13,175
2019-12-18,14,234
2019-12-18,15,174
2019-12-18,16,206
2019-12-18,17,235
2019-12-18,18,187
2019-12-18,19,117
2019-12-18,20,72
2019-12-18,21,57
2019-12-18,22,53
2019-12-18,23,33
2019-12-19,0,24
2019-12-19,1,15
2019-12-19,2,17
2019-12-19,3,14
2019-12-19,4,12
2019-12-19,5,5
2019-12-19,6,22
2019-12-19,7,84
2019-12-19,8,166
2019-12-19,9,138
2019-12-19,10,114
2019-12-19,11,131
2019-12-19,12,141
2019-12-19,13,132
2019-12-19,14,196
2019-12-19,15,187
2019-12-19,16,186
2019-12-19,17,257
2019-12-19,18,190
2019-12-19,19,185
2019-12-19,20,137
2019-12-19,21,83
2019-12-19,22,113
2019-12-19,23,51
2019-12-20,0,37
2019-12-20,1,17
2019-12-20,2,18
2019-12-20,3,15
2019-12-20,4,16
2019-12-20,5,6
2019-12-20,6,14
2019-12-20,7,73
2019-12-20,8,103
2019-12-20,9,118
2019-12-20,10,103
2019-12-20,11,127
2019-12-20,12,197
2019-12-20,13,188
2019-12-20,14,216
2019-12-20,15,242
2019-12-20,16,225
2019-12-20,17,228
2019-12-20,18,191
2019-12-20,19,161
2019-12-20,20,124
2019-12-20,21,71
2019-12-20,22,80
2019-12-20,23,85
2019-12-21,0,58
2019-12-21,1,40
2019-12-21,2,57
2019-12-21,3,21
2019-12-21,4,16
2019-12-21,5,21
2019-12-21,6,16
2019-12-21,7,21
2019-12-21,8,36
2019-12-21,9,57
2019-12-21,10,79
2019-12-21,11,145
2019-12-21,12,146
2019-12-21,13,185
2019-12-21,14,180
2019-12-21,15,173
2019-12-21,16,215
2019-12-21,17,248
2019-12-21,18,199
2019-12-21,19,164
2019-12-21,20,112
2019-12-21,21,80
2019-12-21,22,70
2019-12-21,23,67
2019-12-22,0,123
2019-12-22,1,48
2019-12-22,2,41
2019-12-22,3,32
2019-12-22,4,26
2019-12-22,5,24
2019-12-22,6,19
2019-12-22,7,16
2019-12-22,8,16
2019-12-22,9,24
2019-12-22,10,52
2019-12-22,11,106
2019-12-22,12,182
2019-12-22,13,170
2019-12-22,14,189
2019-12-22,15,249
2019-12-22,16,202
2019-12-22,17,173
2019-12-22,18,170
2019-12-22,19,139
2019-12-22,20,70
2019-12-22,21,55
2019-12-22,22,41
2019-12-22,23,37
2019-12-23,0,39
2019-12-23,1,41
2019-12-23,2,11
2019-12-23,3,11
2019-12-23,4,15
2019-12-23,5,12
2019-12-23,6,17
2019-12-23,7,67
2019-12-23,8,147
2019-12-23,9,106
2019-12-23,10,125
2019-12-23,11,178
2019-12-23,12,181
2019-12-23,13,224
2019-12-23,14,174
2019-12-23,15,219
2019-12-23,16,220
2019-12-23,17,227
2019-12-23,18,182
2019-12-23,19,138
2019-12-23,20,87
2019-12-23,21,75
2019-12-23,22,47
2019-12-23,23,25
2019-12-24,0,21
2019-12-24,1,9
2019-12-24,2,10
2019-12-24,3,6
2019-12-24,4,12
2019-12-24,5,16
2019-12-24,6,21
2019-12-24,7,61
2019-12-24,8,94
2019-12-24,9,103
2019-12-24,10,94
2019-12-24,11,160
2019-12-24,12,203
2019-12-24,13,190
2019-12-24,14,205
2019-12-24,15,162
2019-12-24,16,240
2019-12-24,17,179
2019-12-24,18,102
2019-12-24,19,49
2019-12-24,20,45
2019-12-24,21,43
2019-12-24,22,40
2019-12-24,23,29
2019-12-25,0,26
2019-12-25,1,14
2019-12-25,2,10
2019-12-25,3,2
2019-12-25,4,1
2019-12-25,5,4
2019-12-25,6,2
2019-12-25,7,57
2019-12-25,8,189
2019-12-25,9,150
2019-12-25,10,100
2019-12-25,11,110
2019-12-25,12,128
2019-12-25,13,81
2019-12-25,14,17
2019-12-25,15,37
2019-12-25,16,99
2019-12-25,17,44
2019-12-25,18,191
2019-12-25,19,88
2019-12-25,20,59
2019-12-25,21,40
2019-12-25,22,70
2019-12-25,23,26
2019-12-26,0,11
2019-12-26,1,10
2019-12-26,2,8
2019-12-26,3,8
2019-12-26,4,3
2019-12-26,5,2
2019-12-26,6,10
2019-12-26,7,10
2019-12-26,8,123
2019-12-26,9,42
2019-12-26,10,74
2019-12-26,11,96
2019-12-26,12,100
2019-12-26,13,126
2019-12-26,14,141
2019-12-26,15,133
2019-12-26,16,157
2019-12-26,17,150
2019-12-26,18,164
2019-12-26,19,71
2019-12-26,20,52
2019-12-26,21,40
2019-12-26,22,40
2019-12-26,23,24
2019-12-27,0,21
2019-12-27,1,13
2019-12-27,2,15
2019-12-27,3,11
2019-12-27,4,4
2019-12-27,5,17
2019-12-27,6,14
2019-12-27,7,32
2019-12-27,8,100
2019-12-27,9,82
2019-12-27,10,57
2019-12-27,11,94
2019-12-27,12,121
2019-12-27,13,136
2019-12-27,14,187
2019-12-27,15,169
2019-12-27,16,196
2019-12-27,17,205
2019-12-27,18,139
2019-12-27,19,121
2019-12-27,20,50
2019-12-27,21,49
2019-12-27,22,60
2019-12-27,23,46
2019-12-28,0,29
2019-12-28,1,34
2019-12-28,2,16
2019-12-28,3,11
2019-12-28,4,14
2019-12-28,5,18
2019-12-28,6,15
2019-12-28,7,21
2019-12-28,8,36
2019-12-28,9,39
2019-12-28,10,57
2019-12-28,11,100
2019-12-28,12,126
2019-12-28,13,167
2019-12-28,14,163
2019-12-28,15,177
2019-12-28,16,241
2019-12-28,17,204
2019-12-28,18,148
2019-12-28,19,93
2019-12-28,20,52
2019-12-28,21,52
2019-12-28,22,60
2019-12-28,23,53
2019-12-29,0,43
2019-12-29,1,33
2019-12-29,2,30
2019-12-29,3,33
2019-12-29,4,18
2019-12-29,5,16
2019-12-29,6,13
2019-12-29,7,16
2019-12-29,8,16
2019-12-29,9,34
2019-12-29,10,49
2019-12-29,11,84
2019-12-29,12,91
2019-12-29,13,103
2019-12-29,14,122
2019-12-29,15,234
2019-12-29,16,163
2019-12-29,17,159
2019-12-29,18,136
2019-12-29,19,86
2019-12-29,20,62
2019-12-29,21,47
2019-12-29,22,44
2019-12-29,23,31
2019-12-30,0,15
2019-12-30,1,27
2019-12-30,2,22
2019-12-30,3,14
2019-12-30,4,7
2019-12-30,5,8
2019-12-30,6,12
2019-12-30,7,48
2019-12-30,8,75
2019-12-30,9,69
2019-12-30,10,78
2019-12-30,11,83
2019-12-30,12,157
2019-12-30,13,156
2019-12-30,14,168
2019-12-30,15,168
2019-12-30,16,201
2019-12-30,17,203
2019-12-30,18,125
2019-12-30,19,96
2019-12-30,20,41
2019-12-30,21,44
2019-12-30,22,38
2019-12-30,23,27
2019-12-31,0,21
2019-12-31,1,21
2019-12-31,2,3
2019-12-31,3,10
2019-12-31,4,2
2019-12-31,5,10
2019-12-31,6,15
2019-12-31,7,56
2019-12-31,8,109
2019-12-31,9,68
2019-12-31,10,61
2019-12-31,11,113
2019-12-31,12,144
2019-12-31,13,149
2019-12-31,14,188
2019-12-31,15,196
2019-12-31,16,176
2019-12-31,17,128
2019-12-31,18,125
2019-12-31,19,110
2019-12-31,20,97
2019-12-31,21,79
2019-12-31,22,62
2019-12-31,23,74
2020-01-01,0,31
2020-01-01,1,21
2020-01-01,2,30
2020-01-01,3,16
2020-01-01,4,21
2020-01-01,5,16
2020-01-01,6,21
2020-01-01,7,34
2020-01-01,8,22
2020-01-01,9,75
2020-01-01,10,100
2020-01-01,11,62
2020-01-01,12,52
2020-01-01,13,158
2020-01-01,14,72
2020-01-01,15,84
2020-01-01,16,36
2020-01-01,17,31
2020-01-01,18,38
2020-01-01,19,30
2020-01-01,20,27
2020-01-01,21,28
2020-01-01,22,22
2020-01-01,23,20
2020-01-02,0,26
2020-01-02,1,7
2020-01-02,2,6
2020-01-02,3,9
2020-01-02,4,8
2020-01-02,5,2
2020-01-02,6,12
2020-01-02,7,25
2020-01-02,8,40
2020-01-02,9,39
2020-01-02,10,92
2020-01-02,11,97
2020-01-02,12,109
2020-01-02,13,126
2020-01-02,14,143
2020-01-02,15,137
2020-01-02,16,142
2020-01-02,17,157
2020-01-02,18,144
2020-01-02,19,81
2020-01-02,20,61
2020-01-02,21,34
2020-01-02,22,40
2020-01-02,23,47
2020-01-03,0,19
2020-01-03,1,12
2020-01-03,2,3
2020-01-03,3,6
2020-01-03,4,7
2020-01-03,5,2
2020-01-03,6,18
2020-01-03,7,58
2020-01-03,8,71
2020-01-03,9,80
2020-01-03,10,64
2020-01-03,11,100
2020-01-03,12,120
2020-01-03,13,151
2020-01-03,14,160
2020-01-03,15,166
2020-01-03,16,196
2020-01-03,17,206
2020-01-03,18,141
2020-01-03,19,81
2020-01-03,20,74
2020-01-03,21,40
2020-01-03,22,30
2020-01-03,23,33
2020-01-04,0,36
2020-01-04,1,26
2020-01-04,2,20
2020-01-04,3,17
2020-01-04,4,6
2020-01-04,5,11
2020-01-04,6,16
2020-01-04,7,30
2020-01-04,8,33
2020-01-04,9,40
2020-01-04,10,57
2020-01-04,11,89
2020-01-04,12,125
2020-01-04,13,157
2020-01-04,14,158
2020-01-04,15,168
2020-01-04,16,149
2020-01-04,17,149
2020-01-04,18,196
2020-01-04,19,121
2020-01-04,20,56
2020-01-04,21,58
2020-01-04,22,43
2020-01-04,23,60
2020-01-05,0,35
2020-01-05,1,22
2020-01-05,2,16
2020-01-05,3,15
2020-01-05,4,19
2020-01-05,5,13
2020-01-05,6,12
2020-01-05,7,17
2020-01-05,8,16
2020-01-05,9,23
2020-01-05,10,39
2020-01-05,11,55
2020-01-05,12,98
2020-01-05,13,102
2020-01-05,14,132
2020-01-05,15,195
2020-01-05,16,166
2020-01-05,17,148
2020-01-05,18,104
2020-01-05,19,60
2020-01-05,20,36
2020-01-05,21,25
2020-01-05,22,47
2020-01-05,23,57
2020-01-06,0,19
2020-01-06,1,21
2020-01-06,2,6
2020-01-06,3,11
2020-01-06,4,9
2020-01-06,5,2
2020-01-06,6,14
2020-01-06,7,79
2020-01-06,8,153
2020-01-06,9,85
2020-01-06,10,68
2020-01-06,11,87
2020-01-06,12,100
2020-01-06,13,130
2020-01-06,14,143
2020-01-06,15,123
2020-01-06,16,170
2020-01-06,17,214
2020-01-06,18,182
2020-01-06,19,92
2020-01-06,20,38
2020-01-06,21,53
2020-01-06,22,49
2020-01-06,23,13
2020-01-07,0,11
2020-01-07,1,6
2020-01-07,2,7
2020-01-07,3,8
2020-01-07,4,4
2020-01-07,5,9
2020-01-07,6,15
2020-01-07,7,103
2020-01-07,8,139
2020-01-07,9,126
2020-01-07,10,83
2020-01-07,11,102
2020-01-07,12,112
2020-01-07,13,110
2020-01-07,14,121
2020-01-07,15,134
2020-01-07,16,162
2020-01-07,17,312
2020-01-07,18,155
2020-01-07,19,96
2020-01-07,20,51
2020-01-07,21,47
2020-01-07,22,47
2020-01-07,23,22
2020-01-08,0,20
2020-01-08,1,11
2020-01-08,2,8
2020-01-08,3,5
2020-01-08,4,5
2020-01-08,5,10
2020-01-08,6,25
2020-01-08,7,70
2020-01-08,8,225
2020-01-08,9,120
2020-01-08,10,97
2020-01-08,11,95
2020-01-08,12,111
2020-01-08,13,159
2020-01-08,14,139
2020-01-08,15,139
2020-01-08,16,216
2020-01-08,17,275
2020-01-08,18,184
2020-01-08,19,109
2020-01-08,20,52
2020-01-08,21,44
2020-01-08,22,22
2020-01-08,23,31
2020-01-09,0,20
2020-01-09,1,16
2020-01-09,2,13
2020-01-09,3,8
2020-01-09,4,9
2020-01-09,5,11
2020-01-09,6,25
2020-01-09,7,89
2020-01-09,8,161
2020-01-09,9,130
2020-01-09,10,72
2020-01-09,11,96
2020-01-09,12,128
2020-01-09,13,139
2020-01-09,14,144
2020-01-09,15,137
2020-01-09,16,158
2020-01-09,17,224
2020-01-09,18,183
2020-01-09,19,179
2020-01-09,20,74
2020-01-09,21,42
2020-01-09,22,39
2020-01-09,23,23
2020-01-10,0,29
2020-01-10,1,18
2020-01-10,2,7
2020-01-10,3,4
2020-01-10,4,3
2020-01-10,5,10
2020-01-10,6,23
2020-01-10,7,70
2020-01-10,8,165
2020-01-10,9,119
2020-01-10,10,107
2020-01-10,11,102
2020-01-10,12,133
2020-01-10,13,133
2020-01-10,14,207
2020-01-10,15,148
2020-01-10,16,217
2020-01-10,17,199
2020-01-10,18,122
2020-01-10,19,86
2020-01-10,20,56
2020-01-10,21,40
2020-01-10,22,48
2020-01-10,23,39
2020-01-11,0,34
2020-01-11,1,24
2020-01-11,2,20
2020-01-11,3,21
2020-01-11,4,11
2020-01-11,5,10
2020-01-11,6,18
2020-01-11,7,39
2020-01-11,8,35
2020-01-11,9,62
2020-01-11,10,60
2020-01-11,11,99
2020-01-11,12,104
2020-01-11,13,79
2020-01-11,14,204
2020-01-11,15,198
2020-01-11,16,141
2020-01-11,17,227
2020-01-11,18,118
2020-01-11,19,73
2020-01-11,20,48
2020-01-11,21,46
2020-01-11,22,48
2020-01-11,23,56
2020-01-12,0,64
2020-01-12,1,46
2020-01-12,2,35
2020-01-12,3,25
2020-01-12,4,22
2020-01-12,5,19
2020-01-12,6,18
2020-01-12,7,17
2020-01-12,8,16
2020-01-12,9,25
2020-01-12,10,30
2020-01-12,11,72
2020-01-12,12,102
2020-01-12,13,151
2020-01-12,14,143
2020-01-12,15,183
2020-01-12,16,153
2020-01-12,17,136
2020-01-12,18,126
2020-01-12,19,55
2020-01-12,20,39
2020-01-12,21,44
2020-01-12,22,26
2020-01-12,23,26
2020-01-13,0,40
2020-01-13,1,18
2020-01-13,2,4
2020-01-13,3,2
2020-01-13,4,2
2020-01-13,5,7
2020-01-13,6,23
2020-01-13,7,79
2020-01-13,8,213
2020-01-13,9,166
2020-01-13,10,100
2020-01-13,11,120
2020-01-13,12,141
2020-01-13,13,139
2020-01-13,14,142
2020-01-13,15,137
2020-01-13,16,185
2020-01-13,17,253
2020-01-13,18,156
2020-01-13,19,72
2020-01-13,20,60
2020-01-13,21,36
2020-01-13,22,22
2020-01-13,23,17
2020-01-14,0,16
2020-01-14,1,17
2020-01-14,2,3
2020-01-14,3,7
2020-01-14,4,3
2020-01-14,5,5
2020-01-14,6,31
2020-01-14,7,99
2020-01-14,8,213
2020-01-14,9,152
2020-01-14,10,119
2020-01-14,11,144
2020-01-14,12,120
2020-01-14,13,150
2020-01-14,14,147
2020-01-14,15,131
2020-01-14,16,216
2020-01-14,17,280
2020-01-14,18,145
2020-01-14,19,120
2020-01-14,20,40
2020-01-14,21,41
2020-01-14,22,36
2020-01-14,23,41
2020-01-15,0,14
2020-01-15,1,11
2020-01-15,2,3
2020-01-15,3,9
2020-01-15,4,5
2020-01-15,5,7
2020-01-15,6,28
2020-01-15,7,98
2020-01-15,8,195
2020-01-15,9,201
2020-01-15,10,72
2020-01-15,11,114
2020-01-15,12,118
2020-01-15,13,143
2020-01-15,14,173
2020-01-15,15,160
2020-01-15,16,173
2020-01-15,17,225
2020-01-15,18,210
2020-01-15,19,100
2020-01-15,20,73
2020-01-15,21,33
2020-01-15,22,48
2020-01-15,23,36
2020-01-16,0,20
2020-01-16,1,14
2020-01-16,2,10
2020-01-16,3,9
2020-01-16,4,5
2020-01-16,5,4
2020-01-16,6,25
2020-01-16,7,173
2020-01-16,8,176
2020-01-16,9,127
2020-01-16,10,95
2020-01-16,11,129
2020-01-16,12,107
2020-01-16,13,108
2020-01-16,14,171
2020-01-16,15,157
2020-01-16,16,213
2020-01-16,17,232
2020-01-16,18,186
2020-01-16,19,125
2020-01-16,20,66
2020-01-16,21,46
2020-01-16,22,58
2020-01-16,23,23
2020-01-17,0,27
2020-01-17,1,12
2020-01-17,2,10
2020-01-17,3,9
2020-01-17,4,5
2020-01-17,5,11
2020-01-17,6,10
2020-01-17,7,72
2020-01-17,8,159
2020-01-17,9,143
2020-01-17,10,137
2020-01-17,11,132
2020-01-17,12,159
2020-01-17,13,199
2020-01-17,14,163
2020-01-17,15,140
2020-01-17,16,209
2020-01-17,17,259
2020-01-17,18,184
2020-01-17,19,124
2020-01-17,20,53
2020-01-17,21,94
2020-01-17,22,118
2020-01-17,23,115
2020-01-18,0,55
2020-01-18,1,20
2020-01-18,2,35
2020-01-18,3,24
2020-01-18,4,20
2020-01-18,5,14
2020-01-18,6,16
2020-01-18,7,16
2020-01-18,8,34
2020-01-18,9,56
2020-01-18,10,83
2020-01-18,11,102
2020-01-18,12,126
2020-01-18,13,124
2020-01-18,14,154
2020-01-18,15,163
2020-01-18,16,179
2020-01-18,17,172
2020-01-18,18,116
2020-01-18,19,106
2020-01-18,20,67
2020-01-18,21,56
2020-01-18,22,79
2020-01-18,23,125
2020-01-19,0,58
2020-01-19,1,41
2020-01-19,2,22
2020-01-19,3,33
2020-01-19,4,21
2020-01-19,5,20
2020-01-19,6,14
2020-01-19,7,33
2020-01-19,8,16
2020-01-19,9,25
2020-01-19,10,43
2020-01-19,11,80
2020-01-19,12,104
2020-01-19,13,109
2020-01-19,14,141
2020-01-19,15,147
2020-01-19,16,195
2020-01-19,17,156
2020-01-19,18,118
2020-01-19,19,58
2020-01-19,20,55
2020-01-19,21,42
2020-01-19,22,29
2020-01-19,23,47
2020-01-20,0,20
2020-01-20,1,19
2020-01-20,2,10
2020-01-20,3,3
2020-01-20,4,10
2020-01-20,5,11
2020-01-20,6,21
2020-01-20,7,93
2020-01-20,8,148
2020-01-20,9,122
2020-01-20,10,98
2020-01-20,11,85
2020-01-20,12,100
2020-01-20,13,123
2020-01-20,14,204
2020-01-20,15,115
2020-01-20,16,169
2020-01-20,17,213
2020-01-20,18,142
2020-01-20,19,78
2020-01-20,20,62
2020-01-20,21,33
2020-01-20,22,32
2020-01-20,23,28
2020-01-21,0,19
2020-01-21,1,13
2020-01-21,2,13
2020-01-21,3,10
2020-01-21,4,10
2020-01-21,5,10
2020-01-21,6,21
2020-01-21,7,93
2020-01-21,8,156
2020-01-21,9,124
2020-01-21,10,77
2020-01-21,11,95
2020-01-21,12,116
2020-01-21,13,155
2020-01-21,14,142
2020-01-21,15,114
2020-01-21,16,173
2020-01-21,17,239
2020-01-21,18,155
2020-01-21,19,95
2020-01-21,20,53
2020-01-21,21,40
2020-01-21,22,38
2020-01-21,23,40
2020-01-22,0,16
2020-01-22,1,8
2020-01-22,2,11
2020-01-22,3,1
2020-01-22,4,10
2020-01-22,5,10
2020-01-22,6,15
2020-01-22,7,96
2020-01-22,8,159
2020-01-22,9,136
2020-01-22,10,106
2020-01-22,11,101
2020-01-22,12,110
2020-01-22,13,125
2020-01-22,14,161
2020-01-22,15,143
2020-01-22,16,209
2020-01-22,17,277
2020-01-22,18,246
2020-01-22,19,116
2020-01-22,20,51
2020-01-22,21,47
2020-01-22,22,45
2020-01-22,23,59
2020-01-23,0,13
2020-01-23,1,13
2020-01-23,2,13
2020-01-23,3,12
2020-01-23,4,11
2020-01-23,5,6
2020-01-23,6,19
2020-01-23,7,99
2020-01-23,8,148
2020-01-23,9,133
2020-01-23,10,92
2020-01-23,11,99
2020-01-23,12,117
2020-01-23,13,118
2020-01-23,14,143
2020-01-23,15,131
2020-01-23,16,165
2020-01-23,17,240
2020-01-23,18,212
2020-01-23,19,111
2020-01-23,20,84
2020-01-23,21,41
2020-01-23,22,53
2020-01-23,23,41
2020-01-24,0,22
2020-01-24,1,20
2020-01-24,2,8
2020-01-24,3,7
2020-01-24,4,7
2020-01-24,5,15
2020-01-24,6,16
2020-01-24,7,65
2020-01-24,8,143
2020-01-24,9,107
2020-01-24,10,133
2020-01-24,11,122
2020-01-24,12,112
2020-01-24,13,163
2020-01-24,14,144
2020-01-24,15,205
2020-01-24,16,229
2020-01-24,17,233
2020-01-24,18,175
2020-01-24,19,106
2020-01-24,20,64
2020-01-24,21,88
2020-01-24,22,57
2020-01-24,23,89
2020-01-25,0,56
2020-01-25,1,34
2020-01-25,2,28
2020-01-25,3,17
2020-01-25,4,12
2020-01-25,5,11
2020-01-25,6,17
2020-01-25,7,24
2020-01-25,8,32
2020-01-25,9,49
2020-01-25,10,82
2020-01-25,11,118
2020-01-25,12,106
2020-01-25,13,177
2020-01-25,14,158
2020-01-25,15,161
2020-01-25,16,165
2020-01-25,17,256
2020-01-25,18,187
2020-01-25,19,103
2020-01-25,20,60
2020-01-25,21,66
2020-01-25,22,69
2020-01-25,23,83
2020-01-26,0,62
2020-01-26,1,52
2020-01-26,2,27
2020-01-26,3,23
2020-01-26,4,32
2020-01-26,5,16
2020-01-26,6,24
2020-01-26,7,25
2020-01-26,8,16
2020-01-26,9,25
2020-01-26,10,44
2020-01-26,11,109
2020-01-26,12,99
2020-01-26,13,109
2020-01-26,14,135
2020-01-26,15,128
2020-01-26,16,125
2020-01-26,17,121
2020-01-26,18,114
2020-01-26,19,50
2020-01-26,20,40
2020-01-26,21,28
2020-01-26,22,45
2020-01-26,23,59
2020-01-27,0,32
2020-01-27,1,15
2020-01-27,2,13
2020-01-27,3,14
2020-01-27,4,5
2020-01-27,5,11
2020-01-27,6,16
2020-01-27,7,67
2020-01-27,8,190
2020-01-27,9,143
2020-01-27,10,118
2020-01-27,11,78
2020-01-27,12,115
2020-01-27,13,112
2020-01-27,14,122
2020-01-27,15,117
2020-01-27,16,170
2020-01-27,17,257
2020-01-27,18,153
2020-01-27,19,86
2020-01-27,20,58
2020-01-27,21,37
2020-01-27,22,31
2020-01-27,23,30
2020-01-28,0,23
2020-01-28,1,15
2020-01-28,2,10
2020-01-28,3,10
2020-01-28,4,13
2020-01-28,5,9
2020-01-28,6,21
2020-01-28,7,110
2020-01-28,8,153
2020-01-28,9,130
2020-01-28,10,93
2020-01-28,11,106
2020-01-28,12,108
2020-01-28,13,116
2020-01-28,14,128
2020-01-28,15,142
2020-01-28,16,186
2020-01-28,17,276
2020-01-28,18,162
2020-01-28,19,96
2020-01-28,20,60
2020-01-28,21,42
2020-01-28,22,44
2020-01-28,23,51
2020-01-29,0,29
2020-01-29,1,8
2020-01-29,2,9
2020-01-29,3,6
2020-01-29,4,10
2020-01-29,5,3
2020-01-29,6,17
2020-01-29,7,147
2020-01-29,8,191
2020-01-29,9,131
2020-01-29,10,112
2020-01-29,11,152
2020-01-29,12,129
2020-01-29,13,124
2020-01-29,14,207
2020-01-29,15,129
2020-01-29,16,222
2020-01-29,17,245
2020-01-29,18,230
2020-01-29,19,135
2020-01-29,20,65
2020-01-29,21,45
2020-01-29,22,59
2020-01-29,23,34
2020-01-30,0,15
2020-01-30,1,16
2020-01-30,2,10
2020-01-30,3,17
2020-01-30,4,11
2020-01-30,5,13
2020-01-30,6,29
2020-01-30,7,86
2020-01-30,8,180
2020-01-30,9,133
2020-01-30,10,106
2020-01-30,11,110
2020-01-30,12,134
2020-01-30,13,127
2020-01-30,14,165
2020-01-30,15,145
2020-01-30,16,204
2020-01-30,17,224
2020-01-30,18,189
2020-01-30,19,126
2020-01-30,20,60
2020-01-30,21,61
2020-01-30,22,55
2020-01-30,23,33
2020-01-31,0,23
2020-01-31,1,17
2020-01-31,2,15
2020-01-31,3,14
2020-01-31,4,16
2020-01-31,5,13
2020-01-31,6,18
2020-01-31,7,93
2020-01-31,8,145
2020-01-31,9,111
2020-01-31,10,97
2020-01-31,11,104
2020-01-31,12,142
2020-01-31,13,157
2020-01-31,14,162
2020-01-31,15,148
2020-01-31,16,217
2020-01-31,17,215
2020-01-31,18,222
2020-01-31,19,107
2020-01-31,20,75
2020-01-31,21,74
2020-01-31,22,76
2020-01-31,23,84
2020-02-01,0,55
2020-02-01,1,41
2020-02-01,2,17
2020-02-01,3,29
2020-02-01,4,10
2020-02-01,5,11
2020-02-01,6,16
2020-02-01,7,27
2020-02-01,8,39
2020-02-01,9,65
2020-02-01,10,62
2020-02-01,11,102
2020-02-01,12,151
2020-02-01,13,157
2020-02-01,14,192
2020-02-01,15,172
2020-02-01,16,212
2020-02-01,17,164
2020-02-01,18,198
2020-02-01,19,115
2020-02-01,20,67
2020-02-01,21,57
2020-02-01,22,76
2020-02-01,23,101
2020-02-02,0,84
2020-02-02,1,59
2020-02-02,2,46
2020-02-02,3,44
2020-02-02,4,21
2020-02-02,5,15
2020-02-02,6,22
2020-02-02,7,16
2020-02-02,8,29
2020-02-02,9,41
2020-02-02,10,61
2020-02-02,11,116
2020-02-02,12,185
2020-02-02,13,170
2020-02-02,14,183
2020-02-02,15,210
2020-02-02,16,191
2020-02-02,17,171
2020-02-02,18,184
2020-02-02,19,78
2020-02-02,20,74
2020-02-02,21,61
2020-02-02,22,53
2020-02-02,23,67
2020-02-03,0,33
2020-02-03,1,20
2020-02-03,2,16
2020-02-03,3,14
2020-02-03,4,17
2020-02-03,5,17
2020-02-03,6,24
2020-02-03,7,65
2020-02-03,8,152
2020-02-03,9,103
2020-02-03,10,78
2020-02-03,11,102
2020-02-03,12,104
2020-02-03,13,112
2020-02-03,14,124
2020-02-03,15,146
2020-02-03,16,182
2020-02-03,17,210
2020-02-03,18,178
2020-02-03,19,85
2020-02-03,20,57
2020-02-03,21,101
2020-02-03,22,47
2020-02-03,23,24
2020-02-04,0,19
2020-02-04,1,12
2020-02-04,2,5
2020-02-04,3,0
2020-02-04,4,2
2020-02-04,5,8
2020-02-04,6,15
2020-02-04,7,109
2020-02-04,8,188
2020-02-04,9,131
2020-02-04,10,92
2020-02-04,11,92
2020-02-04,12,105
2020-02-04,13,128
2020-02-04,14,150
2020-02-04,15,131
2020-02-04,16,185
2020-02-04,17,230
2020-02-04,18,187
2020-02-04,19,99
2020-02-04,20,58
2020-02-04,21,49
2020-02-04,22,41
2020-02-04,23,26
2020-02-05,0,17
2020-02-05,1,16
2020-02-05,2,4
2020-02-05,3,13
2020-02-05,4,4
2020-02-05,5,8
2020-02-05,6,17
2020-02-05,7,105
2020-02-05,8,150
2020-02-05,9,143
2020-02-05,10,91
2020-02-05,11,97
2020-02-05,12,94
2020-02-05,13,138
2020-02-05,14,197
2020-02-05,15,131
2020-02-05,16,185
2020-02-05,17,246
2020-02-05,18,227
2020-02-05,19,152
2020-02-05,20,78
2020-02-05,21,40
2020-02-05,22,65
2020-02-05,23,53
2020-02-06,0,29
2020-02-06,1,13
2020-02-06,2,11
2020-02-06,3,11
2020-02-06,4,10
2020-02-06,5,12
2020-02-06,6,16
2020-02-06,7,71
2020-02-06,8,173
2020-02-06,9,124
2020-02-06,10,84
2020-02-06,11,111
2020-02-06,12,131
2020-02-06,13,133
2020-02-06,14,147
2020-02-06,15,147
2020-02-06,16,178
2020-02-06,17,196
2020-02-06,18,172
2020-02-06,19,147
2020-02-06,20,94
2020-02-06,21,51
2020-02-06,22,77
2020-02-06,23,44
2020-02-07,0,37
2020-02-07,1,24
2020-02-07,2,15
2020-02-07,3,5
2020-02-07,4,11
2020-02-07,5,18
2020-02-07,6,28
2020-02-07,7,92
2020-02-07,8,161
2020-02-07,9,152
2020-02-07,10,109
2020-02-07,11,119
2020-02-07,12,173
2020-02-07,13,206
2020-02-07,14,169
2020-02-07,15,216
2020-02-07,16,257
2020-02-07,17,214
2020-02-07,18,175
2020-02-07,19,129
2020-02-07,20,85
2020-02-07,21,56
2020-02-07,22,123
2020-02-07,23,68
2020-02-08,0,83
2020-02-08,1,52
2020-02-08,2,51
2020-02-08,3,41
2020-02-08,4,25
2020-02-08,5,24
2020-02-08,6,16
2020-02-08,7,22
2020-02-08,8,35
2020-02-08,9,65
2020-02-08,10,89
2020-02-08,11,120
2020-02-08,12,138
2020-02-08,13,149
2020-02-08,14,163
2020-02-08,15,171
2020-02-08,16,184
2020-02-08,17,192
2020-02-08,18,131
2020-02-08,19,108
2020-02-08,20,97
2020-02-08,21,89
2020-02-08,22,80
2020-02-08,23,86
2020-02-09,0,75
2020-02-09,1,64
2020-02-09,2,55
2020-02-09,3,53
2020-02-09,4,27
2020-02-09,5,16
2020-02-09,6,17
2020-02-09,7,27
2020-02-09,8,30
2020-02-09,9,55
2020-02-09,10,81
2020-02-09,11,107
2020-02-09,12,121
2020-02-09,13,116
2020-02-09,14,169
2020-02-09,15,130
2020-02-09,16,155
2020-02-09,17,108
2020-02-09,18,120
2020-02-09,19,89
2020-02-09,20,60
2020-02-09,21,56
2020-02-09,22,43
2020-02-09,23,62
2020-02-10,0,23
2020-02-10,1,25
2020-02-10,2,15
2020-02-10,3,12
2020-02-10,4,11
2020-02-10,5,7
2020-02-10,6,28
2020-02-10,7,68
2020-02-10,8,170
2020-02-10,9,162
2020-02-10,10,121
2020-02-10,11,126
2020-02-10,12,159
2020-02-10,13,143
2020-02-10,14,173
2020-02-10,15,158
2020-02-10,16,190
2020-02-10,17,216
2020-02-10,18,175
2020-02-10,19,155
2020-02-10,20,63
2020-02-10,21,44
2020-02-10,22,42
2020-02-10,23,34
2020-02-11,0,24
2020-02-11,1,14
2020-02-11,2,7
2020-02-11,3,4
2020-02-11,4,0
2020-02-11,5,17
2020-02-11,6,31
2020-02-11,7,122
2020-02-11,8,168
2020-02-11,9,183
2020-02-11,10,185
2020-02-11,11,126
2020-02-11,12,135
2020-02-11,13,166
2020-02-11,14,188
2020-02-11,15,184
2020-02-11,16,209
2020-02-11,17,245
2020-02-11,18,170
2020-02-11,19,117
2020-02-11,20,72
2020-02-11,21,112
2020-02-11,22,85
2020-02-11,23,36
2020-02-12,0,17
2020-02-12,1,15
2020-02-12,2,8
2020-02-12,3,9
2020-02-12,4,7
2020-02-12,5,11
2020-02-12,6,23
2020-02-12,7,116
2020-02-12,8,205
2020-02-12,9,180
2020-02-12,10,113
2020-02-12,11,120
2020-02-12,12,166
2020-02-12,13,165
2020-02-12,14,174
2020-02-12,15,141
2020-02-12,16,212
2020-02-12,17,262
2020-02-12,18,204
2020-02-12,19,115
2020-02-12,20,78
2020-02-12,21,64
2020-02-12,22,133
2020-02-12,23,88
2020-02-13,0,26
2020-02-13,1,12
2020-02-13,2,12
2020-02-13,3,21
2020-02-13,4,8
2020-02-13,5,14
2020-02-13,6,21
2020-02-13,7,133
2020-02-13,8,199
2020-02-13,9,185
2020-02-13,10,139
2020-02-13,11,140
2020-02-13,12,134
2020-02-13,13,181
2020-02-13,14,161
2020-02-13,15,210
2020-02-13,16,193
2020-02-13,17,226
2020-02-13,18,194
2020-02-13,19,151
2020-02-13,20,95
2020-02-13,21,135
2020-02-13,22,69
2020-02-13,23,34
2020-02-14,0,34
2020-02-14,1,21
2020-02-14,2,8
2020-02-14,3,15
2020-02-14,4,10
2020-02-14,5,10
2020-02-14,6,27
2020-02-14,7,104
2020-02-14,8,196
2020-02-14,9,131
2020-02-14,10,180
2020-02-14,11,158
2020-02-14,12,154
2020-02-14,13,156
2020-02-14,14,187
2020-02-14,15,202
2020-02-14,16,224
2020-02-14,17,259
2020-02-14,18,201
2020-02-14,19,112
2020-02-14,20,116
2020-02-14,21,70
2020-02-14,22,77
2020-02-14,23,106
2020-02-15,0,61
2020-02-15,1,58
2020-02-15,2,39
2020-02-15,3,24
2020-02-15,4,24
2020-02-15,5,20
2020-02-15,6,23
2020-02-15,7,25
2020-02-15,8,50
2020-02-15,9,65
2020-02-15,10,74
2020-02-15,11,170
2020-02-15,12,141
2020-02-15,13,180
2020-02-15,14,169
2020-02-15,15,182
2020-02-15,16,170
2020-02-15,17,184
2020-02-15,18,180
2020-02-15,19,122
2020-02-15,20,93
2020-02-15,21,87
2020-02-15,22,82
2020-02-15,23,68
2020-02-16,0,70
2020-02-16,1,56
2020-02-16,2,45
2020-02-16,3,45
2020-02-16,4,39
2020-02-16,5,13
2020-02-16,6,18
2020-02-16,7,16
2020-02-16,8,14
2020-02-16,9,36
2020-02-16,10,77
2020-02-16,11,113
2020-02-16,12,116
2020-02-16,13,154
2020-02-16,14,187
2020-02-16,15,185
2020-02-16,16,169
2020-02-16,17,152
2020-02-16,18,118
2020-02-16,19,73
2020-02-16,20,51
2020-02-16,21,40
2020-02-16,22,35
2020-02-16,23,106
2020-02-17,0,27
2020-02-17,1,12
2020-02-17,2,43
2020-02-17,3,13
2020-02-17,4,13
2020-02-17,5,6
2020-02-17,6,20
2020-02-17,7,105
2020-02-17,8,168
2020-02-17,9,166
2020-02-17,10,122
2020-02-17,11,145
2020-02-17,12,163
2020-02-17,13,162
2020-02-17,14,245
2020-02-17,15,184
2020-02-17,16,215
2020-02-17,17,273
2020-02-17,18,225
2020-02-17,19,171
2020-02-17,20,66
2020-02-17,21,40
2020-02-17,22,37
2020-02-17,23,31
2020-02-18,0,16
2020-02-18,1,11
2020-02-18,2,4
2020-02-18,3,9
2020-02-18,4,1
2020-02-18,5,16
2020-02-18,6,21
2020-02-18,7,162
2020-02-18,8,209
2020-02-18,9,214
2020-02-18,10,123
2020-02-18,11,115
2020-02-18,12,126
2020-02-18,13,152
2020-02-18,14,147
2020-02-18,15,162
2020-02-18,16,193
2020-02-18,17,311
2020-02-18,18,239
2020-02-18,19,139
2020-02-18,20,76
2020-02-18,21,62
2020-02-18,22,43
2020-02-18,23,32
2020-02-19,0,26
2020-02-19,1,10
2020-02-19,2,5
2020-02-19,3,12
2020-02-19,4,6
2020-02-19,5,12
2020-02-19,6,24
2020-02-19,7,125
2020-02-19,8,201
2020-02-19,9,180
2020-02-19,10,68
2020-02-19,11,106
2020-02-19,12,124
2020-02-19,13,134
2020-02-19,14,163
2020-02-19,15,197
2020-02-19,16,259
2020-02-19,17,329
2020-02-19,18,274
2020-02-19,19,143
2020-02-19,20,91
2020-02-19,21,51
2020-02-19,22,76
2020-02-19,23,46
2020-02-20,0,33
2020-02-20,1,24
2020-02-20,2,13
2020-02-20,3,21
2020-02-20,4,14
2020-02-20,5,17
2020-02-20,6,78
2020-02-20,7,127
2020-02-20,8,183
2020-02-20,9,193
2020-02-20,10,130
2020-02-20,11,118
2020-02-20,12,157
2020-02-20,13,141
2020-02-20,14,146
2020-02-20,15,209
2020-02-20,16,197
2020-02-20,17,291
2020-02-20,18,253
2020-02-20,19,204
2020-02-20,20,76
2020-02-20,21,77
2020-02-20,22,59
2020-02-20,23,55
2020-02-21,0,24
2020-02-21,1,22
2020-02-21,2,11
2020-02-21,3,14
2020-02-21,4,11
2020-02-21,5,13
2020-02-21,6,23
2020-02-21,7,87
2020-02-21,8,215
2020-02-21,9,189
2020-02-21,10,122
2020-02-21,11,136
2020-02-21,12,157
2020-02-21,13,199
2020-02-21,14,202
2020-02-21,15,188
2020-02-21,16,230
2020-02-21,17,291
2020-02-21,18,221
2020-02-21,19,158
2020-02-21,20,79
2020-02-21,21,75
2020-02-21,22,73
2020-02-21,23,67
2020-02-22,0,72
2020-02-22,1,35
2020-02-22,2,40
2020-02-22,3,26
2020-02-22,4,18
2020-02-22,5,15
2020-02-22,6,22
2020-02-22,7,46
2020-02-22,8,44
2020-02-22,9,68
2020-02-22,10,77
2020-02-22,11,142
2020-02-22,12,147
2020-02-22,13,149
2020-02-22,14,196
2020-02-22,15,183
2020-02-22,16,190
2020-02-22,17,191
2020-02-22,18,147
2020-02-22,19,128
2020-02-22,20,68
2020-02-22,21,59
2020-02-22,22,63
2020-02-22,23,84
2020-02-23,0,52
2020-02-23,1,47
2020-02-23,2,39
2020-02-23,3,39
2020-02-23,4,25
2020-02-23,5,17
2020-02-23,6,28
2020-02-23,7,30
2020-02-23,8,20
2020-02-23,9,55
2020-02-23,10,59
2020-02-23,11,83
2020-02-23,12,112
2020-02-23,13,122
2020-02-23,14,154
2020-02-23,15,144
2020-02-23,16,143
2020-02-23,17,262
2020-02-23,18,213
2020-02-23,19,75
2020-02-23,20,57
2020-02-23,21,45
2020-02-23,22,28
2020-02-23,23,36
2020-02-24,0,21
2020-02-24,1,16
2020-02-24,2,12
2020-02-24,3,13
2020-02-24,4,2
2020-02-24,5,12
2020-02-24,6,18
2020-02-24,7,83
2020-02-24,8,203
2020-02-24,9,164
2020-02-24,10,88
2020-02-24,11,141
2020-02-24,12,113
2020-02-24,13,121
2020-02-24,14,146
2020-02-24,15,128
2020-02-24,16,211
2020-02-24,17,242
2020-02-24,18,155
2020-02-24,19,79
2020-02-24,20,57
2020-02-24,21,55
2020-02-24,22,46
2020-02-24,23,20
2020-02-25,0,23
2020-02-25,1,10
2020-02-25,2,3
2020-02-25,3,8
2020-02-25,4,7
2020-02-25,5,7
2020-02-25,6,31
2020-02-25,7,91
2020-02-25,8,191
2020-02-25,9,156
2020-02-25,10,112
2020-02-25,11,98
2020-02-25,12,130
2020-02-25,13,147
2020-02-25,14,119
2020-02-25,15,130
2020-02-25,16,184
2020-02-25,17,241
2020-02-25,18,195
2020-02-25,19,92
2020-02-25,20,62
2020-02-25,21,41
2020-02-25,22,93
2020-02-25,23,32
2020-02-26,0,18
2020-02-26,1,12
2020-02-26,2,12
2020-02-26,3,3
2020-02-26,4,8
2020-02-26,5,18
2020-02-26,6,18
2020-02-26,7,124
2020-02-26,8,195
2020-02-26,9,181
2020-02-26,10,114
2020-02-26,11,87
2020-02-26,12,165
2020-02-26,13,157
2020-02-26,14,181
2020-02-26,15,134
2020-02-26,16,195
2020-02-26,17,243
2020-02-26,18,186
2020-02-26,19,112
2020-02-26,20,56
2020-02-26,21,54
2020-02-26,22,57
2020-02-26,23,31
2020-02-27,0,16
2020-02-27,1,12
2020-02-27,2,12
2020-02-27,3,16
2020-02-27,4,4
2020-02-27,5,8
2020-02-27,6,16
2020-02-27,7,79
2020-02-27,8,188
2020-02-27,9,171
2020-02-27,10,137
2020-02-27,11,130
2020-02-27,12,138
2020-02-27,13,123
2020-02-27,14,168
2020-02-27,15,124
2020-02-27,16,239
2020-02-27,17,255
2020-02-27,18,264
2020-02-27,19,152
2020-02-27,20,68
2020-02-27,21,71
2020-02-27,22,115
2020-02-27,23,68
2020-02-28,0,28
2020-02-28,1,19
2020-02-28,2,21
2020-02-28,3,5
2020-02-28,4,8
2020-02-28,5,13
2020-02-28,6,19
2020-02-28,7,92
2020-02-28,8,154
2020-02-28,9,117
2020-02-28,10,107
2020-02-28,11,131
2020-02-28,12,184
2020-02-28,13,179
2020-02-28,14,173
2020-02-28,15,157
2020-02-28,16,0
2020-02-28,17,0
2020-02-28,18,0
2020-02-28,19,27
2020-02-28,20,84
2020-02-28,21,80
2020-02-28,22,61
2020-02-28,23,68
2020-02-29,0,38
2020-02-29,1,44
2020-02-29,2,44
2020-02-29,3,18
2020-02-29,4,22
2020-02-29,5,91
2020-02-29,6,20
2020-02-29,7,22
2020-02-29,8,33
2020-02-29,9,40
2020-02-29,10,86
2020-02-29,11,105
2020-02-29,12,129
2020-02-29,13,187
2020-02-29,14,190
2020-02-29,15,187
2020-02-29,16,187
2020-02-29,17,165
2020-02-29,18,127
2020-02-29,19,90
2020-02-29,20,75
2020-02-29,21,65
2020-02-29,22,60
2020-02-29,23,72
2020-03-01,0,66
2020-03-01,1,39
2020-03-01,2,27
2020-03-01,3,34
2020-03-01,4,21
2020-03-01,5,15
2020-03-01,6,16
2020-03-01,7,16
2020-03-01,8,16
2020-03-01,9,25
2020-03-01,10,52
2020-03-01,11,93
2020-03-01,12,116
2020-03-01,13,116
2020-03-01,14,182
2020-03-01,15,137
2020-03-01,16,158
2020-03-01,17,137
2020-03-01,18,128
2020-03-01,19,66
2020-03-01,20,58
2020-03-01,21,38
2020-03-01,22,44
2020-03-01,23,43
2020-03-02,0,20
2020-03-02,1,17
2020-03-02,2,9
2020-03-02,3,10
2020-03-02,4,0
2020-03-02,5,9
2020-03-02,6,20
2020-03-02,7,62
2020-03-02,8,151
2020-03-02,9,117
2020-03-02,10,111
2020-03-02,11,101
2020-03-02,12,106
2020-03-02,13,118
2020-03-02,14,117
2020-03-02,15,123
2020-03-02,16,162
2020-03-02,17,216
2020-03-02,18,144
2020-03-02,19,85
2020-03-02,20,48
2020-03-02,21,41
2020-03-02,22,64
2020-03-02,23,15
2020-03-03,0,25
2020-03-03,1,5
2020-03-03,2,13
2020-03-03,3,3
2020-03-03,4,0
2020-03-03,5,11
2020-03-03,6,23
2020-03-03,7,98
2020-03-03,8,216
2020-03-03,9,142
2020-03-03,10,102
2020-03-03,11,103
2020-03-03,12,116
2020-03-03,13,103
2020-03-03,14,92
2020-03-03,15,146
2020-03-03,16,178
2020-03-03,17,236
2020-03-03,18,171
2020-03-03,19,98
2020-03-03,20,57
2020-03-03,21,46
2020-03-03,22,36
2020-03-03,23,34
2020-03-04,0,16
2020-03-04,1,16
2020-03-04,2,9
2020-03-04,3,6
2020-03-04,4,7
2020-03-04,5,8
2020-03-04,6,20
2020-03-04,7,97
2020-03-04,8,180
2020-03-04,9,139
2020-03-04,10,98
2020-03-04,11,104
2020-03-04,12,115
2020-03-04,13,141
2020-03-04,14,160
2020-03-04,15,123
2020-03-04,16,174
2020-03-04,17,250
2020-03-04,18,199
2020-03-04,19,111
2020-03-04,20,54
2020-03-04,21,43
2020-03-04,22,60
2020-03-04,23,39
2020-03-05,0,30
2020-03-05,1,17
2020-03-05,2,12
2020-03-05,3,13
2020-03-05,4,56
2020-03-05,5,18
2020-03-05,6,26
2020-03-05,7,97
2020-03-05,8,156
2020-03-05,9,108
2020-03-05,10,153
2020-03-05,11,94
2020-03-05,12,151
2020-03-05,13,133
2020-03-05,14,124
2020-03-05,15,138
2020-03-05,16,185
2020-03-05,17,270
2020-03-05,18,199
2020-03-05,19,136
2020-03-05,20,102
2020-03-05,21,51
2020-03-05,22,45
2020-03-05,23,43
2020-03-06,0,33
2020-03-06,1,20
2020-03-06,2,9
2020-03-06,3,12
2020-03-06,4,3
2020-03-06,5,9
2020-03-06,6,19
2020-03-06,7,84
2020-03-06,8,138
2020-03-06,9,89
2020-03-06,10,96
2020-03-06,11,132
2020-03-06,12,142
2020-03-06,13,174
2020-03-06,14,192
2020-03-06,15,187
2020-03-06,16,199
2020-03-06,17,188
2020-03-06,18,175
2020-03-06,19,128
2020-03-06,20,75
2020-03-06,21,68
2020-03-06,22,65
2020-03-06,23,65
2020-03-07,0,41
2020-03-07,1,39
2020-03-07,2,37
2020-03-07,3,25
2020-03-07,4,16
2020-03-07,5,11
2020-03-07,6,12
2020-03-07,7,19
2020-03-07,8,30
2020-03-07,9,61
2020-03-07,10,77
2020-03-07,11,113
2020-03-07,12,148
2020-03-07,13,166
2020-03-07,14,164
2020-03-07,15,154
2020-03-07,16,190
2020-03-07,17,243
2020-03-07,18,168
2020-03-07,19,102
2020-03-07,20,75
2020-03-07,21,64
2020-03-07,22,62
2020-03-07,23,50
2020-03-08,0,63
2020-03-08,1,40
2020-03-08,2,34
2020-03-08,3,31
2020-03-08,4,26
2020-03-08,5,15
2020-03-08,6,10
2020-03-08,7,16
2020-03-08,8,16
2020-03-08,9,25
2020-03-08,10,43
2020-03-08,11,71
2020-03-08,12,128
2020-03-08,13,148
2020-03-08,14,121
2020-03-08,15,165
2020-03-08,16,215
2020-03-08,17,121
2020-03-08,18,111
2020-03-08,19,62
2020-03-08,20,60
2020-03-08,21,28
2020-03-08,22,37
2020-03-08,23,61
2020-03-09,0,43
2020-03-09,1,12
2020-03-09,2,17
2020-03-09,3,13
2020-03-09,4,2
2020-03-09,5,6
2020-03-09,6,20
2020-03-09,7,96
2020-03-09,8,144
2020-03-09,9,154
2020-03-09,10,103
2020-03-09,11,104
2020-03-09,12,92
2020-03-09,13,246
2020-03-09,14,185
2020-03-09,15,128
2020-03-09,16,198
2020-03-09,17,217
2020-03-09,18,154
2020-03-09,19,104
2020-03-09,20,48
2020-03-09,21,42
2020-03-09,22,44
2020-03-09,23,20
2020-03-10,0,11
2020-03-10,1,9
2020-03-10,2,3
2020-03-10,3,4
2020-03-10,4,7
2020-03-10,5,7
2020-03-10,6,24
2020-03-10,7,104
2020-03-10,8,171
2020-03-10,9,139
2020-03-10,10,89
2020-03-10,11,94
2020-03-10,12,115
2020-03-10,13,120
2020-03-10,14,124
2020-03-10,15,127
2020-03-10,16,193
2020-03-10,17,248
2020-03-10,18,166
2020-03-10,19,103
2020-03-10,20,61
2020-03-10,21,46
2020-03-10,22,38
2020-03-10,23,37
2020-03-11,0,16
2020-03-11,1,8
2020-03-11,2,3
2020-03-11,3,4
2020-03-11,4,8
2020-03-11,5,6
2020-03-11,6,22
2020-03-11,7,119
2020-03-11,8,182
2020-03-11,9,138
2020-03-11,10,91
2020-03-11,11,84
2020-03-11,12,118
2020-03-11,13,149
2020-03-11,14,139
2020-03-11,15,148
2020-03-11,16,243
2020-03-11,17,240
2020-03-11,18,184
2020-03-11,19,108
2020-03-11,20,74
2020-03-11,21,46
2020-03-11,22,35
2020-03-11,23,37
2020-03-12,0,18
2020-03-12,1,14
2020-03-12,2,7
2020-03-12,3,15
2020-03-12,8,170
2020-03-12,9,124
2020-03-12,10,134
2020-03-12,11,193
2020-03-12,12,123
2020-03-12,13,124
2020-03-12,14,163
2020-03-12,15,147
2020-03-12,16,193
2020-03-12,17,256
2020-03-12,18,208
2020-03-12,19,175
2020-03-12,20,86
2020-03-12,21,56
2020-03-12,22,48
2020-03-12,23,38
2020-03-13,0,18
2020-03-13,1,19
2020-03-13,2,14
2020-03-13,3,17
2020-03-13,4,2
2020-03-13,5,4
2020-03-13,6,16
2020-03-13,7,101
2020-03-13,8,178
2020-03-13,9,110
2020-03-13,10,109
2020-03-13,11,138
2020-03-13,12,139
2020-03-13,13,139
2020-03-13,14,154
2020-03-13,15,149
2020-03-13,16,227
2020-03-13,17,182
2020-03-13,18,162
2020-03-13,19,99
2020-03-13,20,75
2020-03-13,21,89
2020-03-13,22,45
2020-03-13,23,64
2020-03-14,0,38
2020-03-14,1,28
2020-03-14,2,24
2020-03-14,3,22
2020-03-14,4,17
2020-03-14,5,25
2020-03-14,6,8
2020-03-14,7,24
2020-03-14,8,32
2020-03-14,9,46
2020-03-14,10,70
2020-03-14,11,91
2020-03-14,12,122
2020-03-14,13,134
2020-03-14,14,165
2020-03-14,15,158
2020-03-14,16,170
2020-03-14,17,155
2020-03-14,18,121
2020-03-14,19,85
2020-03-14,20,79
2020-03-14,21,59
2020-03-14,22,50
2020-03-14,23,50
2020-03-15,0,46
2020-03-15,1,24
2020-03-15,2,33
2020-03-15,3,32
2020-03-15,4,20
2020-03-15,5,17
2020-03-15,6,9
2020-03-15,7,16
2020-03-15,8,16
2020-03-15,9,25
2020-03-15,10,50
2020-03-15,11,77
2020-03-15,12,104
2020-03-15,13,103
2020-03-15,14,177
2020-03-15,15,95
2020-03-15,16,118
2020-03-15,17,102
2020-03-15,18,91
2020-03-15,19,52
2020-03-15,20,36
2020-03-15,21,47
2020-03-15,22,36
2020-03-15,23,50
2020-03-16,0,21
2020-03-16,1,11
2020-03-16,2,10
2020-03-16,3,15
2020-03-16,4,8
2020-03-16,5,4
2020-03-16,6,17
2020-03-16,7,82
2020-03-16,8,137
2020-03-16,9,106
2020-03-16,10,88
2020-03-16,11,90
2020-03-16,12,94
2020-03-16,13,118
2020-03-16,14,106
2020-03-16,15,114
2020-03-16,16,173
2020-03-16,17,232
2020-03-16,18,152
2020-03-16,19,67
2020-03-16,20,58
2020-03-16,21,57
2020-03-16,22,49
2020-03-16,23,16
2020-03-17,0,6
2020-03-17,1,9
2020-03-17,2,3
2020-03-17,3,2
2020-03-17,4,4
2020-03-17,5,16
2020-03-17,6,19
2020-03-17,7,97
2020-03-17,8,156
2020-03-17,9,110
2020-03-17,10,100
2020-03-17,11,118
2020-03-17,12,133
2020-03-17,13,113
2020-03-17,14,96
2020-03-17,15,97
2020-03-17,16,145
2020-03-17,17,220
2020-03-17,18,141
2020-03-17,19,74
2020-03-17,20,37
2020-03-17,21,29
2020-03-17,22,38
2020-03-17,23,23
2020-03-18,0,14
2020-03-18,1,11
2020-03-18,2,12
2020-03-18,3,6
2020-03-18,4,8
2020-03-18,5,8
2020-03-18,6,14
2020-03-18,7,81
2020-03-18,8,121
2020-03-18,9,82
2020-03-18,10,69
2020-03-18,11,83
2020-03-18,12,107
2020-03-18,13,141
2020-03-18,14,101
2020-03-18,15,107
2020-03-18,16,181
2020-03-18,17,181
2020-03-18,18,138
2020-03-18,19,57
2020-03-18,20,41
2020-03-18,21,33
2020-03-18,22,22
2020-03-18,23,26
2020-03-19,0,12
2020-03-19,1,12
2020-03-19,2,7
2020-03-19,3,10
2020-03-19,4,4
2020-03-19,5,8
2020-03-19,6,18
2020-03-19,7,82
2020-03-19,8,120
2020-03-19,9,88
2020-03-19,10,63
2020-03-19,11,85
2020-03-19,12,99
2020-03-19,13,94
2020-03-19,14,87
2020-03-19,15,110
2020-03-19,16,172
2020-03-19,17,153
2020-03-19,18,121
2020-03-19,19,77
2020-03-19,20,52
2020-03-19,21,48
2020-03-19,22,36
2020-03-19,23,13
2020-03-20,0,17
2020-03-20,1,12
2020-03-20,2,3
2020-03-20,3,5
2020-03-20,4,4
2020-03-20,5,4
2020-03-20,6,16
2020-03-20,7,71
2020-03-20,8,109
2020-03-20,9,90
2020-03-20,10,99
2020-03-20,11,110
2020-03-20,12,131
2020-03-20,13,165
2020-03-20,14,181
2020-03-20,15,169
2020-03-20,16,136
2020-03-20,17,142
2020-03-20,18,123
2020-03-20,19,64
2020-03-20,20,83
2020-03-20,21,83
2020-03-20,22,41
2020-03-20,23,28
2020-03-21,0,9
2020-03-21,1,9
2020-03-21,2,12
2020-03-21,3,8
2020-03-21,4,5
2020-03-21,5,3
2020-03-21,6,14
2020-03-21,7,20
2020-03-21,8,36
2020-03-21,9,49
2020-03-21,10,62
2020-03-21,11,147
2020-03-21,12,99
2020-03-21,13,83
2020-03-21,14,101
2020-03-21,15,80
2020-03-21,16,89
2020-03-21,17,152
2020-03-21,18,126
2020-03-21,19,66
2020-03-21,20,59
2020-03-21,21,48
2020-03-21,22,63
2020-03-21,23,47
2020-03-22,0,20
2020-03-22,1,7
2020-03-22,2,6
2020-03-22,3,3
2020-03-22,4,3
2020-03-22,5,1
2020-03-22,6,8
2020-03-22,7,16
2020-03-22,8,16
2020-03-22,9,25
2020-03-22,10,80
2020-03-22,11,92
2020-03-22,12,60
2020-03-22,13,56
2020-03-22,14,76
2020-03-22,15,66
2020-03-22,16,96
2020-03-22,17,37
2020-03-22,18,43
2020-03-22,19,41
2020-03-22,20,53
2020-03-22,21,40
2020-03-22,22,40
2020-03-22,23,41
2020-03-23,0,4
2020-03-23,1,4
2020-03-23,2,8
2020-03-23,3,2
2020-03-23,4,2
2020-03-23,5,0
2020-03-23,6,13
2020-03-23,7,55
2020-03-23,8,89
2020-03-23,9,99
2020-03-23,10,69
2020-03-23,11,64
2020-03-23,12,67
2020-03-23,13,134
2020-03-23,14,76
2020-03-23,15,82
2020-03-23,16,100
2020-03-23,17,136
2020-03-23,18,78
2020-03-23,19,110
2020-03-23,20,62
2020-03-23,21,53
2020-03-23,22,47
2020-03-23,23,16
2020-03-24,0,14
2020-03-24,1,1
2020-03-24,2,3
2020-03-24,3,4
2020-03-24,4,0
2020-03-24,5,8
2020-03-24,6,12
2020-03-24,7,38
2020-03-24,8,54
2020-03-24,9,42
2020-03-24,10,42
2020-03-24,11,39
2020-03-24,12,50
2020-03-24,13,58
2020-03-24,14,53
2020-03-24,15,40
2020-03-24,16,69
2020-03-24,17,119
2020-03-24,18,44
2020-03-24,19,87
2020-03-24,20,65
2020-03-24,21,48
2020-03-24,22,44
2020-03-24,23,27
2020-03-25,0,1
2020-03-25,1,5
2020-03-25,2,0
2020-03-25,3,0
2020-03-25,4,5
2020-03-25,5,2
2020-03-25,6,9
2020-03-25,7,62
2020-03-25,8,149
2020-03-25,9,124
2020-03-25,10,60
2020-03-25,11,66
2020-03-25,12,50
2020-03-25,13,104
2020-03-25,14,139
2020-03-25,15,76
2020-03-25,16,27
2020-03-25,17,105
2020-03-25,18,50
2020-03-25,19,92
2020-03-25,20,75
2020-03-25,21,48
2020-03-25,22,75
2020-03-25,23,32
2020-03-26,0,4
2020-03-26,1,8
2020-03-26,2,2
2020-03-26,3,4
2020-03-26,4,0
2020-03-26,5,2
2020-03-26,6,7
2020-03-26,7,22
2020-03-26,8,52
2020-03-26,9,37
2020-03-26,10,101
2020-03-26,11,92
2020-03-26,12,90
2020-03-26,13,106
2020-03-26,14,97
2020-03-26,15,75
2020-03-26,16,180
2020-03-26,17,120
2020-03-26,18,26
2020-03-26,19,22
2020-03-26,20,9
2020-03-26,21,37
2020-03-26,22,40
2020-03-26,23,14
2020-03-27,0,6
2020-03-27,1,7
2020-03-27,2,3
2020-03-27,3,4
2020-03-27,4,0
2020-03-27,5,2
2020-03-27,6,6
2020-03-27,7,30
2020-03-27,8,27
2020-03-27,9,16
2020-03-27,10,106
2020-03-27,11,89
2020-03-27,12,95
2020-03-27,13,22
2020-03-27,14,88
2020-03-27,15,118
2020-03-27,16,67
2020-03-27,17,134
2020-03-27,18,141
2020-03-27,19,110
2020-03-27,20,92
2020-03-27,21,91
2020-03-27,22,83
2020-03-27,23,61
2020-03-28,0,5
2020-03-28,1,4
2020-03-28,2,25
2020-03-28,3,16
2020-03-28,4,5
2020-03-28,5,5
2020-03-28,6,10
2020-03-28,7,19
2020-03-28,8,36
2020-03-28,9,53
2020-03-28,10,70
2020-03-28,11,141
2020-03-28,12,122
2020-03-28,13,146
2020-03-28,14,119
2020-03-28,15,18
2020-03-28,16,17
2020-03-28,17,122
2020-03-28,18,166
2020-03-28,19,92
2020-03-28,20,63
2020-03-28,21,62
2020-03-28,22,67
2020-03-28,23,76
2020-03-29,0,12
2020-03-29,1,2
2020-03-29,2,2
2020-03-29,3,5
2020-03-29,4,1
2020-03-29,5,4
2020-03-29,6,16
2020-03-29,7,16
2020-03-29,8,25
2020-03-29,9,52
2020-03-29,10,111
2020-03-29,11,118
2020-03-29,12,132
2020-03-29,13,142
2020-03-29,14,132
2020-03-29,15,122
2020-03-29,16,85
2020-03-29,17,81
2020-03-29,18,67
2020-03-29,19,57
2020-03-29,20,40
2020-03-29,21,44
2020-03-29,22,58
2020-03-29,23,3
2020-03-30,0,1
2020-03-30,1,0
2020-03-30,2,3
2020-03-30,3,3
2020-03-30,4,2
2020-03-30,5,2
2020-03-30,6,53
2020-03-30,7,114
2020-03-30,8,111
2020-03-30,9,80
2020-03-30,10,84
2020-03-30,11,92
2020-03-30,12,43
2020-03-30,13,95
2020-03-30,14,33
2020-03-30,15,155
2020-03-30,16,230
2020-03-30,17,146
2020-03-30,18,80
2020-03-30,19,62
2020-03-30,20,57
2020-03-30,21,49
2020-03-30,22,17
2020-03-30,23,8
2020-03-31,0,4
2020-03-31,1,0
2020-03-31,2,1
2020-03-31,3,1
2020-03-31,4,2
2020-03-31,5,9
2020-03-31,6,36
2020-03-31,7,117
2020-03-31,8,57
2020-03-31,9,63
2020-03-31,10,84
2020-03-31,11,81
2020-03-31,12,32
2020-03-31,13,86
2020-03-31,14,36
2020-03-31,15,144
2020-03-31,16,84
2020-03-31,17,138
2020-03-31,18,88
2020-03-31,19,61
2020-03-31,20,48
2020-03-31,21,40
2020-03-31,22,24
2020-03-31,23,8
2020-04-01,0,5
2020-04-01,1,5
2020-04-01,2,0
2020-04-01,3,0
2020-04-01,4,4
2020-04-01,5,9
2020-04-01,6,44
2020-04-01,7,158
2020-04-01,8,101
2020-04-01,9,80
2020-04-01,10,75
2020-04-01,11,128
2020-04-01,12,92
2020-04-01,13,114
2020-04-01,14,60
2020-04-01,15,138
2020-04-01,16,182
2020-04-01,17,199
2020-04-01,18,113
2020-04-01,19,71
2020-04-01,20,48
2020-04-01,21,75
2020-04-01,22,24
2020-04-01,23,4
2020-04-02,0,4
2020-04-02,1,0
2020-04-02,2,0
2020-04-02,3,0
2020-04-02,4,5
2020-04-02,5,10
2020-04-02,6,66
2020-04-02,7,123
2020-04-02,8,97
2020-04-02,9,86
2020-04-02,10,84
2020-04-02,11,67
2020-04-02,12,55
2020-04-02,13,89
2020-04-02,14,61
2020-04-02,15,75
2020-04-02,16,182
2020-04-02,17,176
2020-04-02,18,118
2020-04-02,19,97
2020-04-02,20,57
2020-04-02,21,48
2020-04-02,22,28
2020-04-02,23,13
2020-04-03,0,13
2020-04-03,1,0
2020-04-03,2,2
2020-04-03,3,0
2020-04-03,4,0
2020-04-03,5,9
2020-04-03,6,83
2020-04-03,7,97
2020-04-03,8,13
2020-04-03,9,24
2020-04-03,10,29
2020-04-03,11,84
2020-04-03,12,109
2020-04-03,13,103
2020-04-03,14,117
2020-04-03,15,28
2020-04-03,16,89
2020-04-03,17,137
2020-04-03,18,92
2020-04-03,19,92
2020-04-03,20,91
2020-04-03,21,75
2020-04-03,22,84
2020-04-03,23,6
2020-04-04,0,14
2020-04-04,1,22
2020-04-04,2,4
2020-04-04,3,1
2020-04-04,4,4
2020-04-04,5,3
2020-04-04,6,21
2020-04-04,7,36
2020-04-04,8,58
2020-04-04,9,71
2020-04-04,10,140
2020-04-04,11,129
2020-04-04,12,155
2020-04-04,13,145
2020-04-04,14,133
2020-04-04,15,186
2020-04-04,16,111
2020-04-04,17,71
2020-04-04,18,98
2020-04-04,19,71
2020-04-04,20,62
2020-04-04,21,71
2020-04-04,22,58
2020-04-04,23,32
2020-04-05,0,12
2020-04-05,1,17
2020-04-05,2,21
2020-04-05,3,16
2020-04-05,4,5
2020-04-05,5,5
2020-04-05,6,21
2020-04-05,7,16
2020-04-05,8,30
2020-04-05,9,57
2020-04-05,10,111
2020-04-05,11,122
2020-04-05,12,141
2020-04-05,13,142
2020-04-05,14,181
2020-04-05,15,141
2020-04-05,16,133
2020-04-05,17,110
2020-04-05,18,71
2020-04-05,19,53
2020-04-05,20,48
2020-04-05,21,44
2020-04-05,22,68
2020-04-05,23,0
2020-04-06,0,2
2020-04-06,1,4
2020-04-06,2,3
2020-04-06,3,2
2020-04-06,4,1
2020-04-06,5,4
2020-04-06,6,47
2020-04-06,7,119
2020-04-06,8,101
2020-04-06,9,80
2020-04-06,10,72
2020-04-06,11,75
2020-04-06,12,42
2020-04-06,13,22
2020-04-06,14,60
2020-04-06,15,176
2020-04-06,16,59
2020-04-06,17,20
2020-04-06,18,33
2020-04-06,19,71
2020-04-06,20,61
2020-04-06,21,49
2020-04-06,22,12
2020-04-06,23,2
2020-04-07,0,5
2020-04-07,1,2
2020-04-07,2,1
2020-04-07,3,0
2020-04-07,4,3
2020-04-07,5,17
2020-04-07,6,71
2020-04-07,7,127
2020-04-07,8,119
2020-04-07,9,73
2020-04-07,10,93
2020-04-07,11,110
2020-04-07,12,128
2020-04-07,13,38
2020-04-07,14,72
2020-04-07,15,181
2020-04-07,16,167
2020-04-07,17,142
2020-04-07,18,97
2020-04-07,19,75
2020-04-07,20,48
2020-04-07,21,44
2020-04-07,22,44
2020-04-07,23,5
2020-04-08,0,1
2020-04-08,1,3
2020-04-08,2,1
2020-04-08,3,0
2020-04-08,4,5
2020-04-08,5,8
2020-04-08,6,17
2020-04-08,7,104
2020-04-08,8,79
2020-04-08,9,110
2020-04-08,10,86
2020-04-08,11,113
2020-04-08,12,132
2020-04-08,13,140
2020-04-08,14,90
2020-04-08,15,181
2020-04-08,16,197
2020-04-08,17,92
2020-04-08,18,110
2020-04-08,19,80
2020-04-08,20,48
2020-04-08,21,75
2020-04-08,22,22
2020-04-08,23,2
2020-04-09,0,2
2020-04-09,1,1
2020-04-09,2,3
2020-04-09,3,1
2020-04-09,4,2
2020-04-09,5,3
2020-04-09,6,19
2020-04-09,7,43
2020-04-09,8,105
2020-04-09,9,88
2020-04-09,10,92
2020-04-09,11,44
2020-04-09,12,24
2020-04-09,13,31
2020-04-09,14,118
2020-04-09,15,108
2020-04-09,16,168
2020-04-09,17,168
2020-04-09,18,101
2020-04-09,19,88
2020-04-09,20,57
2020-04-09,21,44
2020-04-09,22,25
2020-04-09,23,2
2020-04-10,0,2
2020-04-10,1,1
2020-04-10,2,0
2020-04-10,3,0
2020-04-10,4,0
2020-04-10,5,4
2020-04-10,6,33
2020-04-10,7,141
2020-04-10,8,119
2020-04-10,9,115
2020-04-10,10,114
2020-04-10,11,129
2020-04-10,12,23
2020-04-10,13,140
2020-04-10,14,162
2020-04-10,15,176
2020-04-10,16,186
2020-04-10,17,132
2020-04-10,18,92
2020-04-10,19,84
2020-04-10,20,91
2020-04-10,21,75
2020-04-10,22,67
2020-04-10,23,25
2020-04-11,0,2
2020-04-11,1,0
2020-04-11,2,0
2020-04-11,3,1
2020-04-11,4,3
2020-04-11,5,6
2020-04-11,6,21
2020-04-11,7,36
2020-04-11,8,48
2020-04-11,9,70
2020-04-11,10,127
2020-04-11,11,133
2020-04-11,12,146
2020-04-11,13,132
2020-04-11,14,27
2020-04-11,15,25
2020-04-11,16,158
2020-04-11,17,13
2020-04-11,18,90
2020-04-11,19,75
2020-04-11,20,62
2020-04-11,21,71
2020-04-11,22,59
2020-04-11,23,3
2020-04-12,0,1
2020-04-12,1,8
2020-04-12,2,16
2020-04-12,3,12
2020-04-12,4,0
2020-04-12,5,4
2020-04-12,6,16
2020-04-12,7,16
2020-04-12,8,25
2020-04-12,9,52
2020-04-12,10,110
2020-04-12,11,127
2020-04-12,12,141
2020-04-12,13,154
2020-04-12,14,172
2020-04-12,15,145
2020-04-12,16,110
2020-04-12,17,92
2020-04-12,18,59
2020-04-12,19,58
2020-04-12,20,48
2020-04-12,21,44
2020-04-12,22,53
2020-04-12,23,36
2020-04-13,0,9
2020-04-13,1,9
2020-04-13,2,18
2020-04-13,3,0
2020-04-13,4,2
2020-04-13,5,16
2020-04-13,6,53
2020-04-13,7,132
2020-04-13,8,111
2020-04-13,9,93
2020-04-13,10,92
2020-04-13,11,114
2020-04-13,12,154
2020-04-13,13,125
2020-04-13,14,120
2020-04-13,15,185
2020-04-13,16,183
2020-04-13,17,123
2020-04-13,18,84
2020-04-13,19,72
2020-04-13,20,58
2020-04-13,21,49
2020-04-13,22,17
2020-04-13,23,21
2020-04-14,0,17
2020-04-14,1,8
2020-04-14,2,0
2020-04-14,3,0
2020-04-14,4,4
2020-04-14,5,3
2020-04-14,6,17
2020-04-14,7,41
2020-04-14,8,127
2020-04-14,9,61
2020-04-14,10,46
2020-04-14,11,94
2020-04-14,12,91
2020-04-14,13,92
2020-04-14,14,34
2020-04-14,15,102
2020-04-14,16,109
2020-04-14,17,164
2020-04-14,18,106
2020-04-14,19,69
2020-04-14,20,48
2020-04-14,21,44
2020-04-14,22,33
2020-04-14,23,1
2020-04-15,0,1
2020-04-15,1,2
2020-04-15,2,1
2020-04-15,3,0
2020-04-15,4,5
2020-04-15,5,8
2020-04-15,6,71
2020-04-15,7,180
2020-04-15,8,141
2020-04-15,9,92
2020-04-15,10,67
2020-04-15,11,24
2020-04-15,12,28
2020-04-15,13,103
2020-04-15,14,63
2020-04-15,15,58
2020-04-15,16,71
2020-04-15,17,20
2020-04-15,18,92
2020-04-15,19,79
2020-04-15,20,40
2020-04-15,21,74
2020-04-15,22,35
2020-04-15,23,1
2020-04-16,0,12
2020-04-16,1,1
2020-04-16,2,0
2020-04-16,3,0
2020-04-16,4,10
2020-04-16,5,12
2020-04-16,6,67
2020-04-16,7,145
2020-04-16,8,118
2020-04-16,9,101
2020-04-16,10,50
2020-04-16,11,81
2020-04-16,12,59
2020-04-16,13,35
2020-04-16,14,28
2020-04-16,15,99
2020-04-16,16,24
2020-04-16,17,151
2020-04-16,18,119
2020-04-16,19,111
2020-04-16,20,57
2020-04-16,21,48
2020-04-16,22,23
2020-04-16,23,3
2020-04-17,0,2
2020-04-17,1,1
2020-04-17,2,1
2020-04-17,3,0
2020-04-17,4,0
2020-04-17,5,14
2020-04-17,6,66
2020-04-17,7,141
2020-04-17,8,67
2020-04-17,9,24
2020-04-17,10,30
2020-04-17,11,85
2020-04-17,12,93
2020-04-17,13,76
2020-04-17,14,49
2020-04-17,15,60
2020-04-17,16,68
2020-04-17,17,123
2020-04-17,18,49
2020-04-17,19,97
2020-04-17,20,96
2020-04-17,21,88
2020-04-17,22,67
2020-04-17,23,2
2020-04-18,0,9
2020-04-18,1,27
2020-04-18,2,9
2020-04-18,3,16
2020-04-18,4,5
2020-04-18,5,7
2020-04-18,6,21
2020-04-18,7,36
2020-04-18,8,58
2020-04-18,9,75
2020-04-18,10,145
2020-04-18,11,132
2020-04-18,12,163
2020-04-18,13,147
2020-04-18,14,50
2020-04-18,15,53
2020-04-18,16,159
2020-04-18,17,163
2020-04-18,18,79
2020-04-18,19,13
2020-04-18,20,49
2020-04-18,21,67
2020-04-18,22,60
2020-04-18,23,38
2020-04-19,0,17
2020-04-19,1,1
2020-04-19,2,26
2020-04-19,3,16
2020-04-19,4,16
2020-04-19,5,8
2020-04-19,6,16
2020-04-19,7,16
2020-04-19,8,30
2020-04-19,9,57
2020-04-19,10,114
2020-04-19,11,118
2020-04-19,12,123
2020-04-19,13,57
2020-04-19,14,19
2020-04-19,15,83
2020-04-19,16,146
2020-04-19,17,115
2020-04-19,18,71
2020-04-19,19,67
2020-04-19,20,48
2020-04-19,21,44
2020-04-19,22,93
2020-04-19,23,4
2020-04-20,0,1
2020-04-20,1,2
2020-04-20,2,2
2020-04-20,3,0
2020-04-20,4,5
2020-04-20,5,3
2020-04-20,6,37
2020-04-20,7,132
2020-04-20,8,24
2020-04-20,9,47
2020-04-20,10,35
2020-04-20,11,84
2020-04-20,12,133
2020-04-20,13,55
2020-04-20,14,44
2020-04-20,15,138
2020-04-20,16,185
2020-04-20,17,106
2020-04-20,18,67
2020-04-20,19,62
2020-04-20,20,57
2020-04-20,21,49
2020-04-20,22,11
2020-04-20,23,12
2020-04-21,0,2
2020-04-21,1,2
2020-04-21,2,1
2020-04-21,3,0
2020-04-21,4,2
2020-04-21,5,4
2020-04-21,6,66
2020-04-21,7,101
2020-04-21,8,136
2020-04-21,9,89
2020-04-21,10,88
2020-04-21,11,124
2020-04-21,12,35
2020-04-21,13,41
2020-04-21,14,61
2020-04-21,15,74
2020-04-21,16,59
2020-04-21,17,20
2020-04-21,18,84
2020-04-21,19,65
2020-04-21,20,48
2020-04-21,21,44
2020-04-21,22,58
2020-04-21,23,16
2020-04-22,0,0
2020-04-22,1,0
2020-04-22,2,0
2020-04-22,3,1
2020-04-22,4,4
2020-04-22,5,12
2020-04-22,6,108
2020-04-22,7,137
2020-04-22,8,124
2020-04-22,9,69
2020-04-22,10,73
2020-04-22,11,97
2020-04-22,12,137
2020-04-22,13,130
2020-04-22,14,33
2020-04-22,15,142
2020-04-22,16,70
2020-04-22,17,86
2020-04-22,18,92
2020-04-22,19,79
2020-04-22,20,48
2020-04-22,21,45
2020-04-22,22,19
2020-04-22,23,0
2020-04-23,0,1
2020-04-23,1,3
2020-04-23,2,1
2020-04-23,3,0
2020-04-23,4,5
2020-04-23,5,12
2020-04-23,6,67
2020-04-23,7,159
2020-04-23,8,105
2020-04-23,9,77
2020-04-23,10,23
2020-04-23,11,132
2020-04-23,12,42
2020-04-23,13,68
2020-04-23,14,37
2020-04-23,15,47
2020-04-23,16,56
2020-04-23,17,28
2020-04-23,18,24
2020-04-23,19,96
2020-04-23,20,57
2020-04-23,21,48
2020-04-23,22,19
2020-04-23,23,3
2020-04-24,0,2
2020-04-24,1,3
2020-04-24,2,1
2020-04-24,3,0
2020-04-24,4,3
2020-04-24,5,16
2020-04-24,6,20
2020-04-24,7,146
2020-04-24,8,68
2020-04-24,9,61
2020-04-24,10,44
2020-04-24,11,52
2020-04-24,12,75
2020-04-24,13,130
2020-04-24,14,38
2020-04-24,15,64
2020-04-24,16,110
2020-04-24,17,92
2020-04-24,18,97
2020-04-24,19,101
2020-04-24,20,91
2020-04-24,21,83
2020-04-24,22,56
2020-04-24,23,4
2020-04-25,0,5
2020-04-25,1,2
2020-04-25,2,5
2020-04-25,3,11
2020-04-25,4,8
2020-04-25,5,3
2020-04-25,6,23
2020-04-25,7,36
2020-04-25,8,53
2020-04-25,9,71
2020-04-25,10,136
2020-04-25,11,123
2020-04-25,12,50
2020-04-25,13,26
2020-04-25,14,25
2020-04-25,15,180
2020-04-25,16,172
2020-04-25,17,166
2020-04-25,18,93
2020-04-25,19,67
2020-04-25,20,62
2020-04-25,21,62
2020-04-25,22,42
2020-04-25,23,37
2020-04-26,0,9
2020-04-26,1,8
2020-04-26,2,0
2020-04-26,3,2
2020-04-26,4,3
2020-04-26,5,9
2020-04-26,6,10
2020-04-26,7,16
2020-04-26,8,30
2020-04-26,9,52
2020-04-26,10,119
2020-04-26,11,117
2020-04-26,12,132
2020-04-26,13,79
2020-04-26,14,121
2020-04-26,15,163
2020-04-26,16,142
2020-04-26,17,100
2020-04-26,18,62
2020-04-26,19,67
2020-04-26,20,48
2020-04-26,21,44
2020-04-26,22,70
2020-04-26,23,4
2020-04-27,0,5
2020-04-27,1,1
2020-04-27,2,4
2020-04-27,3,0
2020-04-27,4,3
2020-04-27,5,16
2020-04-27,6,28
2020-04-27,7,17
2020-04-27,8,21
2020-04-27,9,21
2020-04-27,10,46
2020-04-27,11,111
2020-04-27,12,154
2020-04-27,13,39
2020-04-27,14,52
2020-04-27,15,89
2020-04-27,16,125
2020-04-27,17,89
2020-04-27,18,84
2020-04-27,19,71
2020-04-27,20,57
2020-04-27,21,49
2020-04-27,22,16
2020-04-27,23,6
2020-04-28,0,1
2020-04-28,1,3
2020-04-28,2,9
2020-04-28,3,3
2020-04-28,4,5
2020-04-28,5,8
2020-04-28,6,71
2020-04-28,7,137
2020-04-28,8,118
2020-04-28,9,57
2020-04-28,10,24
2020-04-28,11,31
2020-04-28,12,51
2020-04-28,13,33
2020-04-28,14,32
2020-04-28,15,34
2020-04-28,16,37
2020-04-28,17,109
2020-04-28,18,73
2020-04-28,19,65
2020-04-28,20,48
2020-04-28,21,40
2020-04-28,22,45
2020-04-28,23,5
2020-04-29,0,4
2020-04-29,1,1
2020-04-29,2,3
2020-04-29,3,4
2020-04-29,4,1
2020-04-29,5,4
2020-04-29,6,84
2020-04-29,7,170
2020-04-29,8,22
2020-04-29,9,54
2020-04-29,10,76
2020-04-29,11,101
2020-04-29,12,59
2020-04-29,13,51
2020-04-29,14,34
2020-04-29,15,78
2020-04-29,16,177
2020-04-29,17,87
2020-04-29,18,106
2020-04-29,19,80
2020-04-29,20,48
2020-04-29,21,75
2020-04-29,22,23
2020-04-29,23,4
2020-04-30,0,3
2020-04-30,1,1
2020-04-30,2,4
2020-04-30,3,0
2020-04-30,4,5
2020-04-30,5,11
2020-04-30,6,18
2020-04-30,7,44
2020-04-30,8,97
2020-04-30,9,68
2020-04-30,10,25
2020-04-30,11,23
2020-04-30,12,57
2020-04-30,13,58
2020-04-30,14,54
2020-04-30,15,38
2020-04-30,16,32
2020-04-30,17,111
2020-04-30,18,33
2020-04-30,19,15
2020-04-30,20,44
2020-04-30,21,48
2020-04-30,22,40
2020-04-30,23,17
2020-05-01,0,12
2020-05-01,1,2
2020-05-01,2,0
2020-05-01,3,0
2020-05-01,4,0
2020-05-01,5,6
2020-05-01,6,19
2020-05-01,7,133
2020-05-01,8,107
2020-05-01,9,79
2020-05-01,10,83
2020-05-01,11,129
2020-05-01,12,39
2020-05-01,13,41
2020-05-01,14,51
2020-05-01,15,77
2020-05-01,16,70
2020-05-01,17,23
2020-05-01,18,82
2020-05-01,19,101
2020-05-01,20,91
2020-05-01,21,83
2020-05-01,22,59
2020-05-01,23,4
2020-05-02,0,3
2020-05-02,1,11
2020-05-02,2,15
2020-05-02,3,16
2020-05-02,4,8
2020-05-02,5,10
2020-05-02,6,16
2020-05-02,7,36
2020-05-02,8,62
2020-05-02,9,70
2020-05-02,10,123
2020-05-02,11,105
2020-05-02,12,26
2020-05-02,13,61
2020-05-02,14,154
2020-05-02,15,163
2020-05-02,16,62
2020-05-02,17,128
2020-05-02,18,84
2020-05-02,19,37
2020-05-02,20,14
2020-05-02,21,71
2020-05-02,22,62
2020-05-02,23,3
2020-05-03,0,4
2020-05-03,1,2
2020-05-03,2,6
2020-05-03,3,14
2020-05-03,4,13
2020-05-03,5,2
2020-05-03,6,13
2020-05-03,7,16
2020-05-03,8,30
2020-05-03,9,57
2020-05-03,10,114
2020-05-03,11,128
2020-05-03,12,142
2020-05-03,13,55
2020-05-03,14,26
2020-05-03,15,19
2020-05-03,16,23
2020-05-03,17,111
2020-05-03,18,41
2020-05-03,19,17
2020-05-03,20,20
2020-05-03,21,44
2020-05-03,22,77
2020-05-03,23,16
2020-05-04,0,0
2020-05-04,1,0
2020-05-04,2,0
2020-05-04,3,0
2020-05-04,4,1
2020-05-04,5,12
2020-05-04,6,53
2020-05-04,7,132
2020-05-04,8,97
2020-05-04,9,80
2020-05-04,10,84
2020-05-04,11,46
2020-05-04,12,36
2020-05-04,13,40
2020-05-04,14,46
2020-05-04,15,37
2020-05-04,16,34
2020-05-04,17,29
2020-05-04,18,48
2020-05-04,19,24
2020-05-04,20,11
2020-05-04,21,49
2020-05-04,22,10
2020-05-04,23,3
2020-05-05,0,4
2020-05-05,1,0
2020-05-05,9,43
2020-05-05,10,29
2020-05-05,11,75
2020-05-05,12,66
2020-05-05,13,98
2020-05-05,14,40
2020-05-05,15,47
2020-05-05,16,40
2020-05-05,17,132
2020-05-05,18,89
2020-05-05,19,61
2020-05-05,20,48
2020-05-05,21,40
2020-05-05,22,25
2020-05-05,23,5
2020-05-06,0,0
2020-05-06,1,0
2020-05-06,2,1
2020-05-06,3,0
2020-05-06,4,1
2020-05-06,5,10
2020-05-06,6,89
2020-05-06,7,189
2020-05-06,8,19
2020-05-06,9,22
2020-05-06,10,34
2020-05-06,11,35
2020-05-06,12,40
2020-05-06,13,79
2020-05-06,14,121
2020-05-06,15,128
2020-05-06,16,89
2020-05-06,17,20
2020-05-06,18,49
2020-05-06,19,79
2020-05-06,20,44
2020-05-06,21,70
2020-05-06,22,23
2020-05-06,23,7
2020-05-07,0,0
2020-05-07,1,0
2020-05-07,2,8
2020-05-07,3,4
2020-05-07,4,8
2020-05-07,5,13
2020-05-07,6,35
2020-05-07,7,154
2020-05-07,8,14
2020-05-07,9,25
2020-05-07,10,38
2020-05-07,11,39
2020-05-07,12,74
2020-05-07,13,74
2020-05-07,14,62
2020-05-07,15,121
2020-05-07,16,41
2020-05-07,17,23
2020-05-07,18,27
2020-05-07,19,82
2020-05-07,20,57
2020-05-07,21,52
2020-05-07,22,19
2020-05-07,23,5
2020-05-08,0,2
2020-05-08,1,0
2020-05-08,2,2
2020-05-08,3,1
2020-05-08,4,0
2020-05-08,5,14
2020-05-08,6,62
2020-05-08,7,141
2020-05-08,8,119
2020-05-08,9,96
2020-05-08,10,71
2020-05-08,11,31
2020-05-08,12,31
2020-05-08,13,47
2020-05-08,14,34
2020-05-08,15,133
2020-05-08,16,88
2020-05-08,17,37
2020-05-08,18,25
2020-05-08,19,18
2020-05-08,20,19
2020-05-08,21,73
2020-05-08,22,75
2020-05-08,23,23
2020-05-09,0,2
2020-05-09,1,1
2020-05-09,2,3
2020-05-09,3,1
2020-05-09,4,5
2020-05-09,5,4
2020-05-09,6,17
2020-05-09,7,36
2020-05-09,8,53
2020-05-09,9,70
2020-05-09,10,132
2020-05-09,11,115
2020-05-09,12,42
2020-05-09,13,113
2020-05-09,14,67
2020-05-09,15,138
2020-05-09,16,27
2020-05-09,17,140
2020-05-09,18,35
2020-05-09,19,15
2020-05-09,20,11
2020-05-09,21,63
2020-05-09,22,43
2020-05-09,23,5
2020-05-10,0,2
2020-05-10,1,7
2020-05-10,2,16
2020-05-10,3,16
2020-05-10,4,16
2020-05-10,5,4
2020-05-10,6,14
2020-05-10,7,21
2020-05-10,8,40
2020-05-10,9,52
2020-05-10,10,111
2020-05-10,11,109
2020-05-10,12,63
2020-05-10,13,24
2020-05-10,14,25
2020-05-10,15,23
2020-05-10,16,27
2020-05-10,17,20
2020-05-10,18,58
2020-05-10,19,67
2020-05-10,20,40
2020-05-10,21,44
2020-05-10,22,45
2020-05-10,23,6
2020-05-11,0,25
2020-05-11,1,1
2020-05-11,2,1
2020-05-11,3,0
2020-05-11,4,3
2020-05-11,5,6
2020-05-11,6,53
2020-05-11,7,132
2020-05-11,8,101
2020-05-11,9,80
2020-05-11,10,57
2020-05-11,11,37
2020-05-11,12,132
2020-05-11,13,92
2020-05-11,14,69
2020-05-11,15,42
2020-05-11,16,63
2020-05-11,17,106
2020-05-11,18,70
2020-05-11,19,62
2020-05-11,20,61
2020-05-11,21,49
2020-05-11,22,17
2020-05-11,23,14
2020-05-12,0,3
2020-05-12,1,0
2020-05-12,2,0
2020-05-12,3,1
2020-05-12,4,0
2020-05-12,5,4
2020-05-12,6,11
2020-05-12,7,15
2020-05-12,8,16
2020-05-12,9,32
2020-05-12,10,25
2020-05-12,11,27
2020-05-12,12,42
2020-05-12,13,51
2020-05-12,14,69
2020-05-12,15,88
2020-05-12,16,46
2020-05-12,17,30
2020-05-12,18,26
2020-05-12,19,18
2020-05-12,20,13
2020-05-12,21,40
2020-05-12,22,23
2020-05-12,23,1
2020-05-13,0,2
2020-05-13,1,1
2020-05-13,2,1
2020-05-13,3,1
2020-05-13,4,3
2020-05-13,5,9
2020-05-13,6,79
2020-05-13,7,137
2020-05-13,8,16
2020-05-13,9,24
2020-05-13,10,64
2020-05-13,11,76
2020-05-13,12,158
2020-05-13,13,175
2020-05-13,14,173
2020-05-13,15,217
2020-05-13,16,178
2020-05-13,17,115
2020-05-13,18,106
2020-05-13,19,84
2020-05-13,20,48
2020-05-13,21,75
2020-05-13,22,35
2020-05-13,23,16
2020-05-14,0,12
2020-05-14,1,12
2020-05-14,2,8
2020-05-14,3,4
2020-05-14,4,12
2020-05-14,5,16
2020-05-14,6,75
2020-05-14,7,159
2020-05-14,8,123
2020-05-14,9,119
2020-05-14,10,114
2020-05-14,11,97
2020-05-14,12,43
2020-05-14,13,54
2020-05-14,14,68
2020-05-14,15,39
2020-05-14,16,76
2020-05-14,17,35
2020-05-14,18,82
2020-05-14,19,92
2020-05-14,20,52
2020-05-14,21,44
2020-05-14,22,21
2020-05-14,23,9
2020-05-15,0,21
2020-05-15,1,4
2020-05-15,2,2
2020-05-15,3,4
2020-05-15,4,0
2020-05-15,5,6
2020-05-15,6,14
2020-05-15,7,15
2020-05-15,8,36
2020-05-15,9,45
2020-05-15,10,66
2020-05-15,11,92
2020-05-15,12,117
2020-05-15,13,152
2020-05-15,14,88
2020-05-15,15,86
2020-05-15,16,46
2020-05-15,17,32
2020-05-15,18,63
2020-05-15,19,101
2020-05-15,20,91
2020-05-15,21,83
2020-05-15,22,86
2020-05-15,23,3
2020-05-16,0,7
2020-05-16,1,5
2020-05-16,2,4
2020-05-16,3,0
2020-05-16,4,1
2020-05-16,5,12
2020-05-16,6,21
2020-05-16,7,36
2020-05-16,8,58
2020-05-16,9,70
2020-05-16,10,145
2020-05-16,11,146
2020-05-16,12,167
2020-05-16,13,168
2020-05-16,14,169
2020-05-16,15,190
2020-05-16,16,172
2020-05-16,17,171
2020-05-16,18,102
2020-05-16,19,71
2020-05-16,20,62
2020-05-16,21,71
2020-05-16,22,80
2020-05-16,23,53
2020-05-17,0,21
2020-05-17,1,21
2020-05-17,2,16
2020-05-17,3,16
2020-05-17,4,12
2020-05-17,5,8
2020-05-17,6,16
2020-05-17,7,21
2020-05-17,8,30
2020-05-17,9,57
2020-05-17,10,115
2020-05-17,11,122
2020-05-17,12,141
2020-05-17,13,146
2020-05-17,14,194
2020-05-17,15,168
2020-05-17,16,146
2020-05-17,17,123
2020-05-17,18,67
2020-05-17,19,67
2020-05-17,20,48
2020-05-17,21,44
2020-05-17,22,93
2020-05-17,23,36
2020-05-18,0,34
2020-05-18,1,4
2020-05-18,2,4
2020-05-18,3,0
2020-05-18,4,8
2020-05-18,5,16
2020-05-18,6,53
2020-05-18,7,132
2020-05-18,8,110
2020-05-18,9,89
2020-05-18,10,92
2020-05-18,11,106
2020-05-18,12,159
2020-05-18,13,138
2020-05-18,14,128
2020-05-18,15,190
2020-05-18,16,211
2020-05-18,17,128
2020-05-18,18,80
2020-05-18,19,76
2020-05-18,20,57
2020-05-18,21,49
2020-05-18,22,17
2020-05-18,23,12
2020-05-19,0,4
2020-05-19,1,0
2020-05-19,2,0
2020-05-19,3,0
2020-05-19,4,4
2020-05-19,5,17
2020-05-19,6,75
2020-05-19,7,158
2020-05-19,8,123
2020-05-19,9,80
2020-05-19,10,104
2020-05-19,11,132
2020-05-19,12,145
2020-05-19,13,131
2020-05-19,14,142
2020-05-19,15,211
2020-05-19,16,167
2020-05-19,17,102
2020-05-19,18,88
2020-05-19,19,65
2020-05-19,20,48
2020-05-19,21,44
2020-05-19,22,57
2020-05-19,23,17
2020-05-20,0,0
2020-05-20,1,0
2020-05-20,2,0
2020-05-20,3,0
2020-05-20,4,4
2020-05-20,5,17
2020-05-20,6,80
2020-05-20,7,162
2020-05-20,8,133
2020-05-20,9,74
2020-05-20,10,68
2020-05-20,11,114
2020-05-20,12,66
2020-05-20,13,48
2020-05-20,14,56
2020-05-20,15,85
2020-05-20,16,38
2020-05-20,17,35
2020-05-20,18,34
2020-05-20,19,26
2020-05-20,20,18
2020-05-20,21,26
2020-05-20,22,22
2020-05-20,23,6
2020-05-21,0,1
2020-05-21,1,1
2020-05-21,2,2
2020-05-21,3,3
2020-05-21,4,4
2020-05-21,5,6
2020-05-21,6,49
2020-05-21,7,116
2020-05-21,8,94
2020-05-21,9,176
2020-05-21,11,72
2020-05-21,12,63
2020-05-21,13,43
2020-05-21,14,37
2020-05-21,15,52
2020-05-21,16,34
2020-05-21,17,37
2020-05-21,18,23
2020-05-21,19,28
2020-05-21,20,52
2020-05-21,21,48
2020-05-21,22,19
2020-05-21,23,19
2020-05-22,0,6
2020-05-22,1,0
2020-05-22,2,1
2020-05-22,3,0
2020-05-22,4,5
2020-05-22,5,8
2020-05-22,6,14
2020-05-22,7,116
2020-05-22,8,88
2020-05-22,9,109
2020-05-22,10,56
2020-05-22,11,132
2020-05-22,12,66
2020-05-22,13,84
2020-05-22,14,91
2020-05-22,15,44
2020-05-22,16,53
2020-05-22,17,60
2020-05-22,18,42
2020-05-22,19,49
2020-05-22,20,81
2020-05-22,21,83
2020-05-22,22,83
2020-05-22,23,5
2020-05-23,0,2
2020-05-23,1,17
2020-05-23,2,1
2020-05-23,3,12
2020-05-23,4,12
2020-05-23,5,1
2020-05-23,6,21
2020-05-23,7,36
2020-05-23,8,62
2020-05-23,9,70
2020-05-23,10,141
2020-05-23,11,31
2020-05-23,12,113
2020-05-23,13,51
2020-05-23,14,139
2020-05-23,15,129
2020-05-23,16,17
2020-05-23,17,139
2020-05-23,18,100
2020-05-23,19,109
2020-05-23,20,51
2020-05-23,21,71
2020-05-23,22,46
2020-05-23,23,6
2020-05-24,0,2
2020-05-24,1,4
2020-05-24,2,1
2020-05-24,3,0
2020-05-24,4,12
2020-05-24,5,4
2020-05-24,6,16
2020-05-24,7,16
2020-05-24,8,30
2020-05-24,9,57
2020-05-24,10,114
2020-05-24,11,122
2020-05-24,12,72
2020-05-24,13,24
2020-05-24,14,102
2020-05-24,15,155
2020-05-24,16,20
2020-05-24,17,84
2020-05-24,18,48
2020-05-24,19,62
2020-05-24,20,48
2020-05-24,21,44
2020-05-24,22,39
2020-05-24,23,34
2020-05-25,0,21
2020-05-25,1,12
2020-05-25,2,2
2020-05-25,3,2
2020-05-25,4,3
2020-05-25,5,5
2020-05-25,6,53
2020-05-25,7,132
2020-05-25,8,106
2020-05-25,9,17
2020-05-25,10,85
2020-05-25,11,134
2020-05-25,12,102
2020-05-25,13,57
2020-05-25,14,43
2020-05-25,15,35
2020-05-25,16,30
2020-05-25,17,38
2020-05-25,18,67
2020-05-25,19,71
2020-05-25,20,57
2020-05-25,21,49
2020-05-25,22,15
2020-05-25,23,9
2020-05-26,0,2
2020-05-26,1,1
2020-05-26,2,1
2020-05-26,3,2
2020-05-26,4,4
2020-05-26,5,6
2020-05-26,6,53
2020-05-26,7,130
2020-05-26,8,95
2020-05-26,9,46
2020-05-26,10,40
2020-05-26,11,41
2020-05-26,12,54
2020-05-26,13,60
2020-05-26,14,60
2020-05-26,15,39
2020-05-26,16,42
2020-05-26,17,25
2020-05-26,18,31
2020-05-26,19,42
2020-05-26,20,48
2020-05-26,21,40
2020-05-26,22,26
2020-05-26,23,9
2020-05-27,0,1
2020-05-27,1,0
2020-05-27,2,0
2020-05-27,3,2
2020-05-27,4,1
2020-05-27,5,21
2020-05-27,6,24
2020-05-27,7,34
2020-05-27,8,53
2020-05-27,9,59
2020-05-27,10,30
2020-05-27,11,75
2020-05-27,12,98
2020-05-27,13,60
2020-05-27,14,92
2020-05-27,15,72
2020-05-27,16,80
2020-05-27,17,38
2020-05-27,18,79
2020-05-27,19,49
2020-05-27,20,48
2020-05-27,21,75
2020-05-27,22,21
2020-05-27,23,6
2020-05-28,0,0
2020-05-28,1,1
2020-05-28,2,2
2020-05-28,3,0
2020-05-28,4,1
2020-05-28,5,15
2020-05-28,6,62
2020-05-28,7,128
2020-05-28,8,89
2020-05-28,9,65
2020-05-28,10,61
2020-05-28,11,98
2020-05-28,12,83
2020-05-28,13,41
2020-05-28,14,58
2020-05-28,15,120
2020-05-28,16,37
2020-05-28,17,26
2020-05-28,18,25
2020-05-28,19,26
2020-05-28,20,17
2020-05-28,21,30
2020-05-28,22,7
2020-05-28,23,1
2020-05-29,0,1
2020-05-29,1,7
2020-05-29,2,0
2020-05-29,3,1
2020-05-29,4,6
2020-05-29,5,6
2020-05-29,6,54
2020-05-29,7,122
2020-05-29,8,85
2020-05-29,9,41
2020-05-29,10,42
2020-05-29,11,72
2020-05-29,12,47
2020-05-29,13,47
2020-05-29,14,84
2020-05-29,15,73
2020-05-29,16,116
2020-05-29,17,54
2020-05-29,18,51
2020-05-29,19,46
2020-05-29,20,16
2020-05-29,21,16
2020-05-29,22,27
2020-05-29,23,37
2020-05-30,0,16
2020-05-30,1,1
2020-05-30,2,4
2020-05-30,3,0
2020-05-30,4,4
2020-05-30,5,6
2020-05-30,6,21
2020-05-30,7,36
2020-05-30,8,58
2020-05-30,9,74
2020-05-30,10,62
2020-05-30,11,108
2020-05-30,12,110
2020-05-30,13,37
2020-05-30,14,61
2020-05-30,15,33
2020-05-30,16,109
2020-05-30,17,120
2020-05-30,18,68
2020-05-30,19,35
2020-05-30,20,23
2020-05-30,21,62
2020-05-30,22,34
2020-05-30,23,17
2020-05-31,0,20
2020-05-31,1,6
2020-05-31,2,26
2020-05-31,3,5
2020-05-31,4,4
2020-05-31,5,3
2020-05-31,6,16
2020-05-31,7,16
2020-05-31,8,30
2020-05-31,9,57
2020-05-31,10,106
2020-05-31,11,101
2020-05-31,12,63
2020-05-31,13,64
2020-05-31,14,69
2020-05-31,15,56
2020-05-31,16,126
2020-05-31,17,27
2020-05-31,18,39
2020-05-31,19,21
2020-05-31,20,48
2020-05-31,21,44
2020-05-31,22,45
2020-05-31,23,9
2020-06-01,0,4
2020-06-01,1,2
2020-06-01,2,1
2020-06-01,3,4
2020-06-01,4,0
2020-06-01,5,8
2020-06-01,6,34
2020-06-01,7,50
2020-06-01,8,44
2020-06-01,9,80
2020-06-01,10,36
2020-06-01,11,41
2020-06-01,12,53
2020-06-01,13,42
2020-06-01,14,43
2020-06-01,15,64
2020-06-01,16,44
2020-06-01,17,34
2020-06-01,18,27
2020-06-01,19,39
2020-06-01,20,15
2020-06-01,21,32
2020-06-01,22,12
2020-06-01,23,9
2020-06-02,0,1
2020-06-02,1,0
2020-06-02,2,0
2020-06-02,3,0
2020-06-02,4,3
2020-06-02,5,12
2020-06-02,6,49
2020-06-02,7,149
2020-06-02,8,107
2020-06-02,9,41
2020-06-02,10,93
2020-06-02,11,91
2020-06-02,12,110
2020-06-02,13,73
2020-06-02,14,61
2020-06-02,15,119
2020-06-02,16,108
2020-06-02,17,47
2020-06-02,18,25
2020-06-02,19,33
2020-06-02,20,14
2020-06-02,21,12
2020-06-02,22,9
2020-06-02,23,8
2020-06-03,0,1
2020-06-03,1,2
2020-06-03,2,5
2020-06-03,3,0
2020-06-03,4,0
2020-06-03,5,11
2020-06-03,6,46
2020-06-03,7,163
2020-06-03,8,119
2020-06-03,9,62
2020-06-03,10,48
2020-06-03,11,79
2020-06-03,12,64
2020-06-03,13,95
2020-06-03,14,115
2020-06-03,15,57
2020-06-03,16,47
2020-06-03,17,52
2020-06-03,18,71
2020-06-03,19,67
2020-06-03,20,44
2020-06-03,21,66
2020-06-03,22,31
2020-06-03,23,7
2020-06-04,0,12
2020-06-04,1,4
2020-06-04,2,1
2020-06-04,3,2
2020-06-04,4,0
2020-06-04,5,14
2020-06-04,6,62
2020-06-04,7,109
2020-06-04,8,27
2020-06-04,9,66
2020-06-04,10,87
2020-06-04,11,101
2020-06-04,12,57
2020-06-04,13,68
2020-06-04,14,125
2020-06-04,15,75
2020-06-04,16,65
2020-06-04,17,31
2020-06-04,18,50
2020-06-04,19,29
2020-06-04,20,39
2020-06-04,21,40
2020-06-04,22,31
2020-06-04,23,5
2020-06-05,0,8
2020-06-05,1,2
2020-06-05,2,1
2020-06-05,3,1
2020-06-05,4,4
2020-06-05,5,10
2020-06-05,6,53
2020-06-05,7,115
2020-06-05,8,107
2020-06-05,9,118
2020-06-05,10,58
2020-06-05,11,81
2020-06-05,12,117
2020-06-05,13,82
2020-06-05,14,135
2020-06-05,15,176
2020-06-05,16,63
2020-06-05,17,48
2020-06-05,18,30
2020-06-05,19,77
2020-06-05,20,26
2020-06-05,21,54
2020-06-05,22,55
2020-06-05,23,3
2020-06-06,0,5
2020-06-06,1,9
2020-06-06,2,2
2020-06-06,3,16
2020-06-06,4,12
2020-06-06,5,10
2020-06-06,6,21
2020-06-06,7,36
2020-06-06,8,58
2020-06-06,9,70
2020-06-06,10,67
2020-06-06,11,38
2020-06-06,12,68
2020-06-06,13,70
2020-06-06,14,92
2020-06-06,15,34
2020-06-06,16,34
2020-06-06,17,83
2020-06-06,18,62
2020-06-06,19,61
2020-06-06,20,62
2020-06-06,21,71
2020-06-06,22,33
2020-06-06,23,6
2020-06-07,0,10
2020-06-07,1,3
2020-06-07,2,4
2020-06-07,3,1
2020-06-07,4,11
2020-06-07,5,6
2020-06-07,6,16
2020-06-07,7,16
2020-06-07,8,30
2020-06-07,9,52
2020-06-07,10,92
2020-06-07,11,52
2020-06-07,12,81
2020-06-07,13,82
2020-06-07,14,158
2020-06-07,15,72
2020-06-07,16,47
2020-06-07,17,50
2020-06-07,18,47
2020-06-07,19,19
2020-06-07,20,33
2020-06-07,21,44
2020-06-07,22,48
2020-06-07,23,9
2020-06-08,0,2
2020-06-08,1,2
2020-06-08,2,4
2020-06-08,3,0
2020-06-08,4,2
2020-06-08,5,8
2020-06-08,6,44
2020-06-08,7,32
2020-06-08,8,53
2020-06-08,9,48
2020-06-08,10,61
2020-06-08,11,46
2020-06-08,12,46
2020-06-08,13,64
2020-06-08,14,61
2020-06-08,15,67
2020-06-08,16,85
2020-06-08,17,69
2020-06-08,18,50
2020-06-08,19,28
2020-06-08,20,44
2020-06-08,21,49
2020-06-08,22,11
2020-06-08,23,6
2020-06-09,0,8
2020-06-09,1,6
2020-06-09,2,0
2020-06-09,3,1
2020-06-09,4,5
2020-06-09,5,8
2020-06-09,6,38
2020-06-09,7,44
2020-06-09,8,47
2020-06-09,9,48
2020-06-09,10,61
2020-06-09,11,71
2020-06-09,12,45
2020-06-09,13,78
2020-06-09,14,96
2020-06-09,15,139
2020-06-09,16,167
2020-06-09,17,92
2020-06-09,18,75
2020-06-09,19,75
2020-06-09,20,48
2020-06-09,21,45
2020-06-09,22,57
2020-06-09,23,17
2020-06-10,0,0
2020-06-10,1,0
2020-06-10,2,0
2020-06-10,3,4
2020-06-10,4,4
2020-06-10,5,21
2020-06-10,6,89
2020-06-10,7,176
2020-06-10,8,119
2020-06-10,9,92
2020-06-10,10,96
2020-06-10,11,128
2020-06-10,12,137
2020-06-10,13,166
2020-06-10,14,155
2020-06-10,15,172
2020-06-10,16,128
2020-06-10,17,79
2020-06-10,18,85
2020-06-10,19,79
2020-06-10,20,44
2020-06-10,21,75
2020-06-10,22,35
2020-06-10,23,16
2020-06-11,0,12
2020-06-11,1,4
2020-06-11,2,0
2020-06-11,3,4
2020-06-11,4,4
2020-06-11,5,16
2020-06-11,6,67
2020-06-11,7,132
2020-06-11,8,114
2020-06-11,9,96
2020-06-11,10,101
2020-06-11,11,132
2020-06-11,12,133
2020-06-11,13,111
2020-06-11,14,80
2020-06-11,15,64
2020-06-11,16,60
2020-06-11,17,45
2020-06-11,18,42
2020-06-11,19,68
2020-06-11,20,19
2020-06-11,21,80
2020-06-11,22,21
2020-06-11,23,11
2020-06-12,0,1
2020-06-12,1,2
2020-06-12,2,3
2020-06-12,3,0
2020-06-12,4,2
2020-06-12,5,8
2020-06-12,6,38
2020-06-12,7,50
2020-06-12,8,63
2020-06-12,9,36
2020-06-12,10,56
2020-06-12,11,86
2020-06-12,12,49
2020-06-12,13,133
2020-06-12,14,78
2020-06-12,15,61
2020-06-12,16,59
2020-06-12,17,60
2020-06-12,18,44
2020-06-12,19,21
2020-06-12,20,21
2020-06-12,21,8
2020-06-12,22,22
2020-06-12,23,14
2020-06-13,0,4
2020-06-13,1,3
2020-06-13,2,2
2020-06-13,3,4
2020-06-13,4,1
2020-06-13,5,7
2020-06-13,6,9
2020-06-13,7,10
2020-06-13,8,10
2020-06-13,9,70
2020-06-13,10,29
2020-06-13,11,88
2020-06-13,12,83
2020-06-13,13,88
2020-06-13,14,53
2020-06-13,15,109
2020-06-13,16,81
2020-06-13,17,70
2020-06-13,18,45
2020-06-13,19,21
2020-06-13,20,25
2020-06-13,21,12
2020-06-13,22,60
2020-06-13,23,14
2020-06-14,0,7
2020-06-14,1,5
2020-06-14,2,5
2020-06-14,3,1
2020-06-14,4,11
2020-06-14,5,5
2020-06-14,6,16
2020-06-14,7,16
2020-06-14,8,30
2020-06-14,9,57
2020-06-14,10,106
2020-06-14,11,64
2020-06-14,12,90
2020-06-14,13,89
2020-06-14,14,79
2020-06-14,15,113
2020-06-14,16,133
2020-06-14,17,110
2020-06-14,18,62
2020-06-14,19,58
2020-06-14,20,48
2020-06-14,21,44
2020-06-14,22,93
2020-06-14,23,5
2020-06-15,0,27
2020-06-15,1,0
2020-06-15,2,4
2020-06-15,3,0
2020-06-15,4,4
2020-06-15,5,16
2020-06-15,6,36
2020-06-15,7,82
2020-06-15,8,44
2020-06-15,9,49
2020-06-15,10,53
2020-06-15,11,67
2020-06-15,12,74
2020-06-15,13,133
2020-06-15,14,61
2020-06-15,15,106
2020-06-15,16,77
2020-06-15,17,43
2020-06-15,18,32
2020-06-15,19,47
2020-06-15,20,61
2020-06-15,21,49
2020-06-15,22,15
2020-06-15,23,8
2020-06-16,0,4
2020-06-16,1,6
2020-06-16,2,0
2020-06-16,3,4
2020-06-16,4,8
2020-06-16,5,9
2020-06-16,6,45
2020-06-16,7,60
2020-06-16,8,36
2020-06-16,9,45
2020-06-16,10,43
2020-06-16,11,141
2020-06-16,12,62
2020-06-16,13,62
2020-06-16,14,72
2020-06-16,15,146
2020-06-16,16,70
2020-06-16,17,39
2020-06-16,18,59
2020-06-16,19,57
2020-06-16,20,28
2020-06-16,21,34
2020-06-16,22,15
2020-06-16,23,9
2020-06-17,0,8
2020-06-17,1,1
2020-06-17,2,0
2020-06-17,3,0
2020-06-17,4,2
2020-06-17,5,21
2020-06-17,6,41
2020-06-17,7,31
2020-06-17,8,53
2020-06-17,9,51
2020-06-17,10,65
2020-06-17,11,55
2020-06-17,12,78
2020-06-17,13,70
2020-06-17,14,90
2020-06-17,15,85
2020-06-17,16,56
2020-06-17,17,51
2020-06-17,18,47
2020-06-17,19,69
2020-06-17,20,44
2020-06-17,21,70
2020-06-17,22,21
2020-06-17,23,9
2020-06-18,0,2
2020-06-18,1,6
2020-06-18,2,4
2020-06-18,3,2
2020-06-18,4,0
2020-06-18,5,9
2020-06-18,6,29
2020-06-18,7,75
2020-06-18,8,53
2020-06-18,9,40
2020-06-18,10,42
2020-06-18,11,56
2020-06-18,12,81
2020-06-18,13,102
2020-06-18,14,44
2020-06-18,15,98
2020-06-18,16,92
2020-06-18,17,48
2020-06-18,18,37
2020-06-18,19,63
2020-06-18,20,37
2020-06-18,21,44
2020-06-18,22,16
2020-06-18,23,6
2020-06-19,0,1
2020-06-19,1,3
2020-06-19,2,3
2020-06-19,3,3
2020-06-19,4,1
2020-06-19,5,7
2020-06-19,6,24
2020-06-19,7,52
2020-06-19,8,34
2020-06-19,9,63
2020-06-19,10,43
2020-06-19,11,83
2020-06-19,12,101
2020-06-19,13,69
2020-06-19,14,105
2020-06-19,15,80
2020-06-19,16,79
2020-06-19,17,51
2020-06-19,18,35
2020-06-19,19,61
2020-06-19,20,86
2020-06-19,21,32
2020-06-19,22,22
2020-06-19,23,14
2020-06-20,0,7
2020-06-20,1,3
2020-06-20,2,2
2020-06-20,3,0
2020-06-20,4,4
2020-06-20,5,8
2020-06-20,6,13
2020-06-20,7,36
2020-06-20,8,62
2020-06-20,9,37
2020-06-20,10,64
2020-06-20,11,85
2020-06-20,12,104
2020-06-20,13,103
2020-06-20,14,66
2020-06-20,15,60
2020-06-20,16,78
2020-06-20,17,76
2020-06-20,18,57
2020-06-20,19,48
2020-06-20,20,54
2020-06-20,21,54
2020-06-20,22,24
2020-06-20,23,10
2020-06-21,0,8
2020-06-21,1,8
2020-06-21,2,3
2020-06-21,3,12
2020-06-21,4,10
2020-06-21,5,6
2020-06-21,6,10
2020-06-21,7,14
2020-06-21,8,30
2020-06-21,9,57
2020-06-21,10,102
2020-06-21,11,40
2020-06-21,12,82
2020-06-21,13,75
2020-06-21,14,87
2020-06-21,15,47
2020-06-21,16,31
2020-06-21,17,71
2020-06-21,18,30
2020-06-21,19,16
2020-06-21,20,29
2020-06-21,21,15
2020-06-21,22,22
2020-06-21,23,5
2020-06-22,0,4
2020-06-22,1,7
2020-06-22,2,1
2020-06-22,3,0
2020-06-22,4,4
2020-06-22,5,17
2020-06-22,6,30
2020-06-22,7,52
2020-06-22,8,51
2020-06-22,9,45
2020-06-22,10,92
2020-06-22,11,100
2020-06-22,12,87
2020-06-22,13,81
2020-06-22,14,89
2020-06-22,15,71
2020-06-22,16,66
2020-06-22,17,62
2020-06-22,18,35
2020-06-22,19,28
2020-06-22,20,16
2020-06-22,21,44
2020-06-22,22,18
2020-06-22,23,9
2020-06-23,0,9
2020-06-23,1,4
2020-06-23,2,3
2020-06-23,3,4
2020-06-23,4,1
2020-06-23,5,16
2020-06-23,6,66
2020-06-23,7,240
2020-06-23,8,58
2020-06-23,9,43
2020-06-23,10,42
2020-06-23,11,72
2020-06-23,12,58
2020-06-23,13,96
2020-06-23,14,100
2020-06-23,15,100
2020-06-23,16,81
2020-06-23,17,41
2020-06-23,18,41
2020-06-23,19,99
2020-06-23,20,33
2020-06-23,21,41
2020-06-23,22,17
2020-06-23,23,1
2020-06-24,0,12
2020-06-24,1,0
2020-06-24,2,0
2020-06-24,3,4
2020-06-24,4,3
2020-06-24,5,19
2020-06-24,6,43
2020-06-24,7,139
2020-06-24,8,89
2020-06-24,9,88
2020-06-24,10,94
2020-06-24,11,81
2020-06-24,12,88
2020-06-24,13,123
2020-06-24,14,111
2020-06-24,15,61
2020-06-24,16,88
2020-06-24,17,53
2020-06-24,18,57
2020-06-24,19,72
2020-06-24,20,25
2020-06-24,21,20
2020-06-25,9,69
2020-06-25,10,50
2020-06-25,11,82
2020-06-25,12,113
2020-06-25,13,68
2020-06-25,14,125
2020-06-25,15,104
2020-06-25,16,85
2020-06-25,17,56
2020-06-25,18,44
2020-06-25,19,51
2020-06-25,20,33
2020-06-25,21,37
2020-06-25,22,24
2020-06-25,23,16
2020-06-26,0,13
2020-06-26,1,5
2020-06-26,2,0
2020-06-26,3,2
2020-06-26,4,1
2020-06-26,5,12
2020-06-26,6,28
2020-06-26,7,50
2020-06-26,8,68
2020-06-26,9,86
2020-06-26,10,61
2020-06-26,11,111
2020-06-26,12,99
2020-06-26,13,123
2020-06-26,14,98
2020-06-26,15,114
2020-06-26,16,107
2020-06-26,17,48
2020-06-26,18,39
2020-06-26,19,33
2020-06-26,20,84
2020-06-26,21,71
2020-06-26,22,47
2020-06-26,23,12
2020-06-27,0,2
2020-06-27,1,4
2020-06-27,2,1
2020-06-27,3,6
2020-06-27,4,0
2020-06-27,5,6
2020-06-27,6,16
2020-06-27,7,36
2020-06-27,8,48
2020-06-27,9,41
2020-06-27,10,65
2020-06-27,11,70
2020-06-27,12,95
2020-06-27,13,109
2020-06-27,14,70
2020-06-27,15,86
2020-06-27,16,52
2020-06-27,17,79
2020-06-27,18,71
2020-06-27,19,52
2020-06-27,20,70
2020-06-27,21,53
2020-06-27,22,39
2020-06-27,23,27
2020-06-28,0,6
2020-06-28,1,2
2020-06-28,2,3
2020-06-28,3,5
2020-06-28,4,3
2020-06-28,5,6
2020-06-28,6,16
2020-06-28,7,16
2020-06-28,8,25
2020-06-28,9,52
2020-06-28,10,30
2020-06-28,11,48
2020-06-28,12,37
2020-06-28,13,64
2020-06-28,14,114
2020-06-28,15,90
2020-06-28,16,112
2020-06-28,17,48
2020-06-28,18,57
2020-06-28,19,53
2020-06-28,20,40
2020-06-28,21,44
2020-06-28,22,43
2020-06-28,23,20
2020-06-29,0,15
2020-06-29,1,12
2020-06-29,2,5
2020-06-29,3,0
2020-06-29,4,3
2020-06-29,5,19
2020-06-29,6,36
2020-06-29,7,81
2020-06-29,8,68
2020-06-29,9,71
2020-06-29,10,90
2020-06-29,11,92
2020-06-29,12,163
2020-06-29,13,108
2020-06-29,14,87
2020-06-29,15,125
2020-06-29,16,143
2020-06-29,17,88
2020-06-29,18,57
2020-06-29,19,42
2020-06-29,20,20
2020-06-29,21,42
2020-06-29,22,14
2020-06-29,23,8
2020-06-30,0,2
2020-06-30,1,8
2020-06-30,2,2
2020-06-30,3,2
2020-06-30,4,5
2020-06-30,5,21
2020-06-30,6,32
2020-06-30,7,41
2020-06-30,8,140
2020-06-30,9,65
2020-06-30,10,119
2020-06-30,11,170
2020-06-30,12,132
2020-06-30,13,131
2020-06-30,14,161
2020-06-30,15,150
2020-06-30,16,143
2020-06-30,17,73
2020-06-30,18,70
2020-06-30,19,26
2020-06-30,20,26
2020-06-30,21,18
2020-06-30,22,18
2020-06-30,23,12
2020-07-01,0,9
2020-07-01,1,5
2020-07-01,2,1
2020-07-01,3,2
2020-07-01,4,2
2020-07-01,5,13
2020-07-01,6,42
2020-07-01,7,64
2020-07-01,8,66
2020-07-01,9,52
2020-07-01,10,71
2020-07-01,11,129
2020-07-01,12,113
2020-07-01,13,112
2020-07-01,14,147
2020-07-01,15,141
2020-07-01,16,141
2020-07-01,17,66
2020-07-01,18,56
2020-07-01,19,39
2020-07-01,20,21
2020-07-01,21,55
2020-07-01,22,23
2020-07-01,23,8
2020-07-02,0,7
2020-07-02,1,2
2020-07-02,2,2
2020-07-02,3,2
2020-07-02,4,8
2020-07-02,5,21
2020-07-02,6,65
2020-07-02,7,47
2020-07-02,8,71
2020-07-02,9,79
2020-07-02,10,81
2020-07-02,11,120
2020-07-02,12,100
2020-07-02,13,119
2020-07-02,14,152
2020-07-02,15,113
2020-07-02,16,106
2020-07-02,17,72
2020-07-02,18,58
2020-07-02,19,37
2020-07-02,20,24
2020-07-02,21,23
2020-07-02,22,12
2020-07-02,23,11
2020-07-03,0,14
2020-07-03,1,0
2020-07-03,2,3
2020-07-03,3,1
2020-07-03,4,2
2020-07-03,5,16
2020-07-03,6,30
2020-07-03,7,78
2020-07-03,8,63
2020-07-03,9,88
2020-07-03,10,89
2020-07-03,11,95
2020-07-03,12,125
2020-07-03,13,169
2020-07-03,14,129
2020-07-03,15,143
2020-07-03,16,98
2020-07-03,17,108
2020-07-03,18,58
2020-07-03,19,86
2020-07-03,20,36
2020-07-03,21,54
2020-07-03,22,24
2020-07-03,23,7
2020-07-04,0,10
2020-07-04,1,3
2020-07-04,2,1
2020-07-04,3,2
2020-07-04,4,4
2020-07-04,5,18
2020-07-04,6,21
2020-07-04,7,36
2020-07-04,8,52
2020-07-04,9,54
2020-07-04,10,93
2020-07-04,11,109
2020-07-04,12,142
2020-07-04,13,129
2020-07-04,14,91
2020-07-04,15,107
2020-07-04,16,125
2020-07-04,17,105
2020-07-04,18,76
2020-07-04,19,39
2020-07-04,20,25
2020-07-04,21,39
2020-07-04,22,43
2020-07-04,23,12
2020-07-05,0,13
2020-07-05,1,15
2020-07-05,2,7
2020-07-05,3,6
2020-07-05,4,0
2020-07-05,5,7
2020-07-05,6,7
2020-07-05,7,16
2020-07-05,8,25
2020-07-05,9,32
2020-07-05,10,75
2020-07-05,11,55
2020-07-05,12,71
2020-07-05,13,88
2020-07-05,14,97
2020-07-05,15,98
2020-07-05,16,69
2020-07-05,17,50
2020-07-05,18,31
2020-07-05,19,24
2020-07-05,20,26
2020-07-05,21,12
2020-07-05,22,10
2020-07-05,23,2
2020-07-06,0,4
2020-07-06,1,8
2020-07-06,2,2
2020-07-06,3,2
2020-07-06,4,1
2020-07-06,5,10
2020-07-06,6,37
2020-07-06,7,104
2020-07-06,8,52
2020-07-06,9,52
2020-07-06,10,100
2020-07-06,11,112
2020-07-06,12,112
2020-07-06,13,134
2020-07-06,14,128
2020-07-06,15,145
2020-07-06,16,133
2020-07-06,17,81
2020-07-06,18,48
2020-07-06,19,45
2020-07-06,20,31
2020-07-06,21,36
2020-07-06,22,15
2020-07-06,23,10
2020-07-07,0,5
2020-07-07,1,4
2020-07-07,2,2
2020-07-07,3,1
2020-07-07,4,3
2020-07-07,5,22
2020-07-07,6,49
2020-07-07,7,124
2020-07-07,8,157
2020-07-07,9,84
2020-07-07,10,110
2020-07-07,11,171
2020-07-07,12,132
2020-07-07,13,132
2020-07-07,14,173
2020-07-07,15,177
2020-07-07,16,140
2020-07-07,17,76
2020-07-07,18,71
2020-07-07,19,87
2020-07-07,20,53
2020-07-07,21,45
2020-07-07,22,57
2020-07-07,23,22
2020-07-08,0,16
2020-07-08,1,9
2020-07-08,2,4
2020-07-08,3,4
2020-07-08,4,8
2020-07-08,5,21
2020-07-08,6,89
2020-07-08,7,159
2020-07-08,8,91
2020-07-08,9,62
2020-07-08,10,85
2020-07-08,11,73
2020-07-08,12,128
2020-07-08,13,110
2020-07-08,14,123
2020-07-08,15,149
2020-07-08,16,126
2020-07-08,17,66
2020-07-08,18,44
2020-07-08,19,27
2020-07-08,20,37
2020-07-08,21,16
2020-07-08,22,15
2020-07-08,23,8
2020-07-09,0,3
2020-07-09,1,1
2020-07-09,2,1
2020-07-09,3,2
2020-07-09,4,3
2020-07-09,5,11
2020-07-09,6,37
2020-07-09,7,64
2020-07-09,8,63
2020-07-09,9,70
2020-07-09,10,93
2020-07-09,11,103
2020-07-09,12,90
2020-07-09,13,171
2020-07-09,14,112
2020-07-09,15,121
2020-07-09,16,116
2020-07-09,17,104
2020-07-09,18,62
2020-07-09,19,36
2020-07-09,20,33
2020-07-09,21,18
2020-07-09,22,12
2020-07-09,23,12
2020-07-10,0,1
2020-07-10,1,4
2020-07-10,2,2
2020-07-10,3,3
2020-07-10,4,4
2020-07-10,5,9
2020-07-10,6,42
2020-07-10,7,68
2020-07-10,8,66
2020-07-10,9,74
2020-07-10,10,91
2020-07-10,11,105
2020-07-10,12,117
2020-07-10,13,135
2020-07-10,14,118
2020-07-10,15,127
2020-07-10,16,113
2020-07-10,17,84
2020-07-10,18,44
2020-07-10,19,39
2020-07-10,20,35
2020-07-10,21,33
2020-07-10,22,17
2020-07-10,23,6
2020-07-11,0,7
2020-07-11,1,6
2020-07-11,2,4
2020-07-11,3,6
2020-07-11,4,4
2020-07-11,5,4
2020-07-11,6,16
2020-07-11,7,25
2020-07-11,8,26
2020-07-11,9,48
2020-07-11,10,58
2020-07-11,11,93
2020-07-11,12,110
2020-07-11,13,90
2020-07-11,14,122
2020-07-11,15,104
2020-07-11,16,69
2020-07-11,17,57
2020-07-11,18,61
2020-07-11,19,24
2020-07-11,20,31
2020-07-11,21,29
2020-07-11,22,20
2020-07-11,23,11
2020-07-12,0,9
2020-07-12,1,4
2020-07-12,2,4
2020-07-12,3,2
2020-07-12,4,3
2020-07-12,5,1
2020-07-12,6,16
2020-07-12,7,16
2020-07-12,8,25
2020-07-12,9,51
2020-07-12,10,66
2020-07-12,11,62
2020-07-12,12,136
2020-07-12,13,99
2020-07-12,14,155
2020-07-12,15,79
2020-07-12,16,73
2020-07-12,17,49
2020-07-12,18,40
2020-07-12,19,31
2020-07-12,20,43
2020-07-12,21,44
2020-07-12,22,39
2020-07-12,23,11
2020-07-13,0,5
2020-07-13,1,6
2020-07-13,2,2
2020-07-13,3,2
2020-07-13,4,2
2020-07-13,5,11
2020-07-13,6,43
2020-07-13,7,64
2020-07-13,8,71
2020-07-13,9,47
2020-07-13,10,68
2020-07-13,11,103
2020-07-13,12,98
2020-07-13,13,103
2020-07-13,14,132
2020-07-13,15,117
2020-07-13,16,132
2020-07-13,17,70
2020-07-13,18,55
2020-07-13,19,33
2020-07-13,20,30
2020-07-13,21,22
2020-07-13,22,18
2020-07-13,23,16
2020-07-14,0,5
2020-07-14,1,3
2020-07-14,2,2
2020-07-14,3,1
2020-07-14,4,2
2020-07-14,5,17
2020-07-14,6,49
2020-07-14,7,64
2020-07-14,8,89
2020-07-14,9,64
2020-07-14,10,90
2020-07-14,11,114
2020-07-14,12,120
2020-07-14,13,124
2020-07-14,14,131
2020-07-14,15,170
2020-07-14,16,102
2020-07-14,17,76
2020-07-14,18,55
2020-07-14,19,41
2020-07-14,20,43
2020-07-14,21,20
2020-07-14,22,46
2020-07-14,23,17
2020-07-15,0,7
2020-07-15,1,5
2020-07-15,2,2
2020-07-15,3,1
2020-07-15,4,2
2020-07-15,5,14
2020-07-15,6,60
2020-07-15,7,53
2020-07-15,8,74
2020-07-15,9,76
2020-07-15,10,77
2020-07-15,11,104
2020-07-15,12,124
2020-07-15,13,90
2020-07-15,14,0
2020-07-15,15,87
2020-07-15,16,143
2020-07-15,17,93
2020-07-15,18,73
2020-07-15,19,44
2020-07-15,20,54
2020-07-15,21,39
2020-07-15,22,23
2020-07-15,23,23
2020-07-16,0,13
2020-07-16,1,4
2020-07-16,2,2
2020-07-16,3,4
2020-07-16,4,5
2020-07-16,5,11
2020-07-16,6,51
2020-07-16,7,69
2020-07-16,8,62
2020-07-16,9,71
2020-07-16,10,76
2020-07-16,11,126
2020-07-16,12,122
2020-07-16,13,160
2020-07-16,14,134
2020-07-16,15,119
2020-07-16,16,135
2020-07-16,17,101
2020-07-16,18,48
2020-07-16,19,49
2020-07-16,20,33
2020-07-16,21,41
2020-07-16,22,27
2020-07-16,23,19
2020-07-17,0,8
2020-07-17,1,4
2020-07-17,2,3
2020-07-17,3,2
2020-07-17,4,4
2020-07-17,5,12
2020-07-17,6,42
2020-07-17,7,70
2020-07-17,8,64
2020-07-17,9,67
2020-07-17,10,92
2020-07-17,11,109
2020-07-17,12,178
2020-07-17,13,125
2020-07-17,14,151
2020-07-17,15,164
2020-07-17,16,127
2020-07-17,17,86
2020-07-17,18,136
2020-07-17,19,43
2020-07-17,20,56
2020-07-17,21,64
2020-07-17,22,42
2020-07-17,23,46
2020-07-18,0,20
2020-07-18,1,15
2020-07-18,2,17
2020-07-18,3,9
2020-07-18,4,6
2020-07-18,5,11
2020-07-18,6,16
2020-07-18,7,36
2020-07-18,8,59
2020-07-18,9,63
2020-07-18,10,97
2020-07-18,11,127
2020-07-18,12,116
2020-07-18,13,124
2020-07-18,14,131
2020-07-18,15,122
2020-07-18,16,149
2020-07-18,17,87
2020-07-18,18,57
2020-07-18,19,58
2020-07-18,20,39
2020-07-18,21,36
2020-07-18,22,26
2020-07-18,23,28
2020-07-19,0,22
2020-07-19,1,7
2020-07-19,2,0
2020-07-19,3,3
2020-07-19,4,1
2020-07-19,5,9
2020-07-19,6,16
2020-07-19,7,16
2020-07-19,8,18
2020-07-19,9,35
2020-07-19,10,69
2020-07-19,11,128
2020-07-19,12,80
2020-07-19,13,110
2020-07-19,14,107
2020-07-19,15,102
2020-07-19,16,94
2020-07-19,17,65
2020-07-19,18,52
2020-07-19,19,56
2020-07-19,20,39
2020-07-19,21,46
2020-07-19,22,40
2020-07-19,23,7
2020-07-20,0,10
2020-07-20,1,4
2020-07-20,2,1
2020-07-20,3,4
2020-07-20,4,4
2020-07-20,5,11
2020-07-20,6,38
2020-07-20,7,46
2020-07-20,8,79
2020-07-20,9,74
2020-07-20,10,81
2020-07-20,11,81
2020-07-20,12,106
2020-07-20,13,90
2020-07-20,14,110
2020-07-20,15,189
2020-07-20,16,122
2020-07-20,17,91
2020-07-20,18,48
2020-07-20,19,35
2020-07-20,20,37
2020-07-20,21,25
2020-07-20,22,13
2020-07-20,23,15
2020-07-21,0,4
2020-07-21,1,9
2020-07-21,2,1
2020-07-21,3,1
2020-07-21,4,4
2020-07-21,5,18
2020-07-21,6,50
2020-07-21,7,80
2020-07-21,8,64
2020-07-21,9,70
2020-07-21,10,120
2020-07-21,11,100
2020-07-21,12,110
2020-07-21,13,90
2020-07-21,14,141
2020-07-21,15,140
2020-07-21,16,122
2020-07-21,17,143
2020-07-21,18,41
2020-07-21,19,46
2020-07-21,20,46
2020-07-21,21,32
2020-07-21,22,13
2020-07-21,23,11
2020-07-22,0,12
2020-07-22,1,1
2020-07-22,2,2
2020-07-22,3,0
2020-07-22,4,4
2020-07-22,5,9
2020-07-22,6,49
2020-07-22,7,63
2020-07-22,8,78
2020-07-22,9,76
2020-07-22,10,86
2020-07-22,11,98
2020-07-22,12,114
2020-07-22,13,110
2020-07-22,14,143
2020-07-22,15,166
2020-07-22,16,137
2020-07-22,17,77
2020-07-22,18,61
2020-07-22,19,31
2020-07-22,20,29
2020-07-22,21,42
2020-07-22,22,16
2020-07-22,23,68
2020-07-23,0,4
2020-07-23,1,5
2020-07-23,2,0
2020-07-23,3,2
2020-07-23,4,4
2020-07-23,5,13
2020-07-23,6,55
2020-07-23,7,48
2020-07-23,8,66
2020-07-23,9,63
2020-07-23,10,75
2020-07-23,11,100
2020-07-23,12,75
2020-07-23,13,141
2020-07-23,14,119
2020-07-23,15,136
2020-07-23,16,125
2020-07-23,17,104
2020-07-23,18,66
2020-07-23,19,74
2020-07-23,20,38
2020-07-23,21,34
2020-07-23,22,27
2020-07-23,23,13
2020-07-24,0,11
2020-07-24,1,2
2020-07-24,2,2
2020-07-24,3,1
2020-07-24,4,2
2020-07-24,5,9
2020-07-24,6,34
2020-07-24,7,60
2020-07-24,8,67
2020-07-24,9,87
2020-07-24,10,76
2020-07-24,11,118
2020-07-24,12,132
2020-07-24,13,138
2020-07-24,14,128
2020-07-24,15,162
2020-07-24,16,122
2020-07-24,17,80
2020-07-24,18,57
2020-07-24,19,70
2020-07-24,20,50
2020-07-24,21,50
2020-07-24,22,41
2020-07-24,23,32
2020-07-25,0,17
2020-07-25,1,4
2020-07-25,2,14
2020-07-25,3,3
2020-07-25,4,9
2020-07-25,5,4
2020-07-25,6,16
2020-07-25,7,22
2020-07-25,8,29
2020-07-25,9,55
2020-07-25,10,120
2020-07-25,11,104
2020-07-25,12,127
2020-07-25,13,146
2020-07-25,14,143
2020-07-25,15,141
2020-07-25,16,135
2020-07-25,17,122
2020-07-25,18,76
2020-07-25,19,59
2020-07-25,20,45
2020-07-25,21,46
2020-07-25,22,63
2020-07-25,23,27
2020-07-26,0,20
2020-07-26,1,15
2020-07-26,2,8
2020-07-26,3,7
2020-07-26,4,3
2020-07-26,5,13
2020-07-26,6,16
2020-07-26,7,16
2020-07-26,8,25
2020-07-26,9,52
2020-07-26,10,63
2020-07-26,11,77
2020-07-26,12,95
2020-07-26,13,121
2020-07-26,14,112
2020-07-26,15,115
2020-07-26,16,117
2020-07-26,17,81
2020-07-26,18,37
2020-07-26,19,42
2020-07-26,20,44
2020-07-26,21,37
2020-07-26,22,29
2020-07-26,23,15
2020-07-27,0,11
2020-07-27,1,3
2020-07-27,2,0
2020-07-27,3,1
2020-07-27,4,4
2020-07-27,5,11
2020-07-27,6,39
2020-07-27,7,58
2020-07-27,8,64
2020-07-27,9,55
2020-07-27,10,70
2020-07-27,11,87
2020-07-27,12,112
2020-07-27,13,103
2020-07-27,14,109
2020-07-27,15,134
2020-07-27,16,123
2020-07-27,17,105
2020-07-27,18,51
2020-07-27,19,50
2020-07-27,20,27
2020-07-27,21,21
2020-07-27,22,18
2020-07-27,23,11
2020-07-28,0,7
2020-07-28,1,5
2020-07-28,2,2
2020-07-28,3,2
2020-07-28,4,5
2020-07-28,5,12
2020-07-28,6,42
2020-07-28,7,55
2020-07-28,8,81
2020-07-28,9,61
2020-07-28,10,118
2020-07-28,11,100
2020-07-28,12,103
2020-07-28,13,156
2020-07-28,14,124
2020-07-28,15,139
2020-07-28,16,144
2020-07-28,17,159
2020-07-28,18,64
2020-07-28,19,79
2020-07-28,20,42
2020-07-28,21,37
2020-07-28,22,26
2020-07-28,23,68
2020-07-29,0,7
2020-07-29,1,3
2020-07-29,2,3
2020-07-29,3,1
2020-07-29,4,6
2020-07-29,5,13
2020-07-29,6,42
2020-07-29,7,48
2020-07-29,8,55
2020-07-29,9,76
2020-07-29,10,74
2020-07-29,11,97
2020-07-29,12,100
2020-07-29,13,136
2020-07-29,14,154
2020-07-29,15,123
2020-07-29,16,133
2020-07-29,17,104
2020-07-29,18,72
2020-07-29,19,44
2020-07-29,20,30
2020-07-29,21,20
2020-07-29,22,22
2020-07-29,23,28
2020-07-30,0,8
2020-07-30,1,2
2020-07-30,2,1
2020-07-30,3,4
2020-07-30,4,2
2020-07-30,5,16
2020-07-30,6,50
2020-07-30,7,102
2020-07-30,8,46
2020-07-30,9,68
2020-07-30,10,84
2020-07-30,11,120
2020-07-30,12,102
2020-07-30,13,114
2020-07-30,14,148
2020-07-30,15,161
2020-07-30,16,244
2020-07-30,17,167
2020-07-30,18,82
2020-07-30,19,66
2020-07-30,20,41
2020-07-30,21,37
2020-07-30,22,26
2020-07-30,23,12
2020-07-31,0,11
2020-07-31,1,3
2020-07-31,2,3
2020-07-31,3,2
2020-07-31,4,3
2020-07-31,5,13
2020-07-31,6,53
2020-07-31,7,56
2020-07-31,8,63
2020-07-31,9,94
2020-07-31,10,99
2020-07-31,11,122
2020-07-31,12,146
2020-07-31,13,100
2020-07-31,14,134
2020-07-31,15,136
2020-07-31,16,165
2020-07-31,17,99
2020-07-31,18,79
2020-07-31,19,45
2020-07-31,20,47
2020-07-31,21,58
2020-07-31,22,53
2020-07-31,23,32
2020-08-01,0,29
2020-08-01,1,19
2020-08-01,2,6
2020-08-01,3,1
2020-08-01,4,12
2020-08-01,5,8
2020-08-01,6,21
2020-08-01,7,34
2020-08-01,8,31
2020-08-01,9,46
2020-08-01,10,97
2020-08-01,11,148
2020-08-01,12,109
2020-08-01,13,120
2020-08-01,14,189
2020-08-01,15,158
2020-08-01,16,125
2020-08-01,17,96
2020-08-01,18,59
2020-08-01,19,56
2020-08-01,20,59
2020-08-01,21,64
2020-08-01,22,46
2020-08-01,23,60
2020-08-02,0,36
2020-08-02,1,17
2020-08-02,2,16
2020-08-02,3,14
2020-08-02,4,4
2020-08-02,5,6
2020-08-02,6,20
2020-08-02,7,16
2020-08-02,8,21
2020-08-02,9,47
2020-08-02,10,70
2020-08-02,11,119
2020-08-02,12,100
2020-08-02,13,141
2020-08-02,14,138
2020-08-02,15,112
2020-08-02,16,101
2020-08-02,17,78
2020-08-02,18,47
2020-08-02,19,44
2020-08-02,20,40
2020-08-02,21,37
2020-08-02,22,39
2020-08-02,23,23
2020-08-03,0,19
2020-08-03,1,10
2020-08-03,2,8
2020-08-03,3,6
2020-08-03,4,7
2020-08-03,5,10
2020-08-03,6,42
2020-08-03,7,50
2020-08-03,8,57
2020-08-03,9,57
2020-08-03,10,69
2020-08-03,11,79
2020-08-03,12,111
2020-08-03,13,133
2020-08-03,14,131
2020-08-03,15,156
2020-08-03,16,141
2020-08-03,17,86
2020-08-03,18,58
2020-08-03,19,40
2020-08-03,20,28
2020-08-03,21,28
2020-08-03,22,22
2020-08-03,23,12
2020-08-04,0,4
2020-08-04,1,7
2020-08-04,2,6
2020-08-04,3,3
2020-08-04,4,5
2020-08-04,5,15
2020-08-04,6,50
2020-08-04,7,76
2020-08-04,8,74
2020-08-04,9,46
2020-08-04,10,88
2020-08-04,11,103
2020-08-04,12,129
2020-08-04,13,102
2020-08-04,14,137
2020-08-04,15,190
2020-08-04,16,196
2020-08-04,17,100
2020-08-04,18,66
2020-08-04,19,44
2020-08-04,20,38
2020-08-04,21,37
2020-08-04,22,24
2020-08-04,23,15
2020-08-05,0,6
2020-08-05,1,3
2020-08-05,2,0
2020-08-05,3,4
2020-08-05,4,7
2020-08-05,5,17
2020-08-05,6,51
2020-08-05,7,60
2020-08-05,8,47
2020-08-05,9,64
2020-08-05,10,89
2020-08-05,11,89
2020-08-05,12,49
2020-08-05,13,59
2020-08-05,14,244
2020-08-05,15,181
2020-08-05,16,156
2020-08-05,17,131
2020-08-05,18,65
2020-08-05,19,48
2020-08-05,20,34
2020-08-05,21,28
2020-08-05,22,13
2020-08-05,23,14
2020-08-06,0,5
2020-08-06,1,5
2020-08-06,2,5
2020-08-06,3,1
2020-08-06,4,6
2020-08-06,5,18
2020-08-06,6,49
2020-08-06,7,75
2020-08-06,8,62
2020-08-06,9,71
2020-08-06,10,93
2020-08-06,11,96
2020-08-06,12,113
2020-08-06,13,123
2020-08-06,14,120
2020-08-06,15,131
2020-08-06,16,173
2020-08-06,17,127
2020-08-06,18,74
2020-08-06,19,44
2020-08-06,20,41
2020-08-06,21,92
2020-08-06,22,28
2020-08-06,23,18
2020-08-07,0,13
2020-08-07,1,6
2020-08-07,2,7
2020-08-07,3,3
2020-08-07,4,3
2020-08-07,5,14
2020-08-07,6,34
2020-08-07,7,57
2020-08-07,8,61
2020-08-07,9,71
2020-08-07,10,137
2020-08-07,11,116
2020-08-07,12,142
2020-08-07,13,148
2020-08-07,14,142
2020-08-07,15,170
2020-08-07,16,224
2020-08-07,17,112
2020-08-07,18,68
2020-08-07,19,43
2020-08-07,20,36
2020-08-07,21,25
2020-08-07,22,49
2020-08-07,23,33
2020-08-08,0,15
2020-08-08,1,13
2020-08-08,2,1
2020-08-08,3,5
2020-08-08,4,2
2020-08-08,5,8
2020-08-08,6,22
2020-08-08,7,31
2020-08-08,8,38
2020-08-08,9,71
2020-08-08,10,101
2020-08-08,11,125
2020-08-08,12,135
2020-08-08,13,119
2020-08-08,14,139
2020-08-08,15,143
2020-08-08,16,98
2020-08-08,17,115
2020-08-08,18,80
2020-08-08,19,58
2020-08-08,20,45
2020-08-08,21,45
2020-08-08,22,56
2020-08-08,23,39
2020-08-09,0,30
2020-08-09,1,16
2020-08-09,2,8
2020-08-09,3,5
2020-08-09,4,6
2020-08-09,5,6
2020-08-09,6,14
2020-08-09,7,16
2020-08-09,8,26
2020-08-09,9,39
2020-08-09,10,66
2020-08-09,11,93
2020-08-09,12,101
2020-08-09,13,111
2020-08-09,14,104
2020-08-09,15,104
2020-08-09,16,114
2020-08-09,17,86
2020-08-09,18,45
2020-08-09,19,38
2020-08-09,20,32
2020-08-09,21,29
2020-08-09,22,28
2020-08-09,23,12
2020-08-10,0,10
2020-08-10,1,7
2020-08-10,2,0
2020-08-10,3,1
2020-08-10,4,6
2020-08-10,5,12
2020-08-10,6,34
2020-08-10,7,99
2020-08-10,8,74
2020-08-10,9,72
2020-08-10,10,101
2020-08-10,11,98
2020-08-10,12,129
2020-08-10,13,117
2020-08-10,14,162
2020-08-10,15,344
2020-08-10,16,316
2020-08-10,17,140
2020-08-10,18,62
2020-08-10,19,49
2020-08-10,20,44
2020-08-10,21,32
2020-08-10,22,17
2020-08-10,23,8
2020-08-11,0,2
2020-08-11,1,2
2020-08-11,2,2
2020-08-11,3,1
2020-08-11,4,8
2020-08-11,5,12
2020-08-11,6,52
2020-08-11,7,80
2020-08-11,8,64
2020-08-11,9,54
2020-08-11,10,79
2020-08-11,11,87
2020-08-11,12,97
2020-08-11,13,112
2020-08-11,14,147
2020-08-11,15,156
2020-08-11,16,206
2020-08-11,17,186
2020-08-11,18,76
2020-08-11,19,53
2020-08-11,20,40
2020-08-11,21,29
2020-08-11,22,32
2020-08-11,23,13
2020-08-12,0,5
2020-08-12,1,7
2020-08-12,2,6
2020-08-12,3,0
2020-08-12,4,3
2020-08-12,5,15
2020-08-12,6,47
2020-08-12,7,82
2020-08-12,8,68
2020-08-12,9,82
2020-08-12,10,75
2020-08-12,11,109
2020-08-12,12,147
2020-08-12,13,122
2020-08-12,14,124
2020-08-12,15,142
2020-08-12,16,147
2020-08-12,17,87
2020-08-12,18,68
2020-08-12,19,62
2020-08-12,20,40
2020-08-12,21,41
2020-08-12,22,25
2020-08-12,23,19
2020-08-13,0,8
2020-08-13,1,6
2020-08-13,2,0
2020-08-13,3,2
2020-08-13,4,0
2020-08-13,5,8
2020-08-13,6,46
2020-08-13,7,133
2020-08-13,8,66
2020-08-13,9,71
2020-08-13,10,86
2020-08-13,11,94
2020-08-13,12,102
2020-08-13,13,119
2020-08-13,14,110
2020-08-13,15,128
2020-08-13,16,137
2020-08-13,17,91
2020-08-13,18,75
2020-08-13,19,68
2020-08-13,20,26
2020-08-13,21,29
2020-08-13,22,13
2020-08-13,23,15
2020-08-14,0,4
2020-08-14,1,3
2020-08-14,2,3
2020-08-14,3,0
2020-08-14,4,2
2020-08-14,5,17
2020-08-14,6,38
2020-08-14,7,94
2020-08-14,8,64
2020-08-14,9,76
2020-08-14,10,123
2020-08-14,11,88
2020-08-14,12,95
2020-08-14,13,129
2020-08-14,14,146
2020-08-14,15,126
2020-08-14,16,151
2020-08-14,17,121
2020-08-14,18,74
2020-08-14,19,63
2020-08-14,20,41
2020-08-14,21,36
2020-08-14,22,48
2020-08-14,23,36
2020-08-15,0,16
2020-08-15,1,3
2020-08-15,2,10
2020-08-15,3,5
2020-08-15,4,4
2020-08-15,5,11
2020-08-15,6,15
2020-08-15,7,24
2020-08-15,8,43
2020-08-15,9,66
2020-08-15,10,91
2020-08-15,11,91
2020-08-15,12,110
2020-08-15,13,115
2020-08-15,14,143
2020-08-15,15,133
2020-08-15,16,109
2020-08-15,17,107
2020-08-15,18,60
2020-08-15,19,54
2020-08-15,20,43
2020-08-15,21,49
2020-08-15,22,24
2020-08-15,23,44
2020-08-16,0,20
2020-08-16,1,13
2020-08-16,2,11
2020-08-16,3,4
2020-08-16,4,3
2020-08-16,5,6
2020-08-16,6,16
2020-08-16,7,16
2020-08-16,8,25
2020-08-16,9,27
2020-08-16,10,46
2020-08-16,11,87
2020-08-16,12,142
2020-08-16,13,120
2020-08-16,14,129
2020-08-16,15,93
2020-08-16,16,108
2020-08-16,17,76
2020-08-16,18,57
2020-08-16,19,37
2020-08-16,20,36
2020-08-16,21,64
2020-08-16,22,38
2020-08-16,23,18
2020-08-17,0,22
2020-08-17,1,1
2020-08-17,2,2
2020-08-17,3,2
2020-08-17,4,5
2020-08-17,5,11
2020-08-17,6,39
2020-08-17,7,66
2020-08-17,8,58
2020-08-17,9,76
2020-08-17,10,88
2020-08-17,11,90
2020-08-17,12,107
2020-08-17,13,112
2020-08-17,14,113
2020-08-17,15,141
2020-08-17,16,144
2020-08-17,17,101
2020-08-17,18,78
2020-08-17,19,109
2020-08-17,20,33
2020-08-17,21,32
2020-08-17,22,20
2020-08-17,23,22
2020-08-18,0,4
2020-08-18,1,4
2020-08-18,2,2
2020-08-18,3,4
2020-08-18,4,5
2020-08-18,5,6
2020-08-18,6,42
2020-08-18,7,71
2020-08-18,8,57
2020-08-18,9,118
2020-08-18,10,86
2020-08-18,11,96
2020-08-18,12,113
2020-08-18,13,135
2020-08-18,14,128
2020-08-18,15,187
2020-08-18,16,132
2020-08-18,17,101
2020-08-18,18,73
2020-08-18,19,58
2020-08-18,20,31
2020-08-18,21,28
2020-08-18,22,31
2020-08-18,23,11
2020-08-19,0,11
2020-08-19,1,5
2020-08-19,2,5
2020-08-19,3,0
2020-08-19,4,4
2020-08-19,5,9
2020-08-19,6,45
2020-08-19,7,94
2020-08-19,8,64
2020-08-19,9,98
2020-08-19,10,86
2020-08-19,11,34
2020-08-19,12,0
2020-08-19,13,0
2020-08-19,14,0
2020-08-19,15,0
2020-08-19,16,0
2020-08-19,17,0
2020-08-19,18,0
2020-08-19,19,0
2020-08-19,20,0
2020-08-19,21,0
2020-08-19,22,0
2020-08-19,23,0
2020-08-20,0,0
2020-08-20,1,0
2020-08-20,2,0
2020-08-20,3,0
2020-08-20,4,0
2020-08-20,5,0
2020-08-20,6,0
2020-08-20,7,0
2020-08-20,8,0
2020-08-20,9,15
2020-08-20,10,88
2020-08-20,11,98
2020-08-20,12,103
2020-08-20,13,177
2020-08-20,14,150
2020-08-20,15,116
2020-08-20,16,133
2020-08-20,17,106
2020-08-20,18,98
2020-08-20,19,54
2020-08-20,20,26
2020-08-20,21,19
2020-08-20,22,12
2020-08-20,23,11
2020-08-21,0,10
2020-08-21,1,3
2020-08-21,2,0
2020-08-21,3,0
2020-08-21,4,9
2020-08-21,5,18
2020-08-21,6,39
2020-08-21,7,51
2020-08-21,8,58
2020-08-21,9,85
2020-08-21,10,108
2020-08-21,11,107
2020-08-21,12,121
2020-08-21,13,139
2020-08-21,14,133
2020-08-21,15,147
2020-08-21,16,104
2020-08-21,17,88
2020-08-21,18,64
2020-08-21,19,48
2020-08-21,20,106
2020-08-21,21,31
2020-08-21,22,30
2020-08-21,23,31
2020-08-22,0,16
2020-08-22,1,10
2020-08-22,2,3
2020-08-22,3,3
2020-08-22,4,5
2020-08-22,5,16
2020-08-22,6,16
2020-08-22,7,31
2020-08-22,8,49
2020-08-22,9,59
2020-08-22,10,89
2020-08-22,11,143
2020-08-22,12,140
2020-08-22,13,140
2020-08-22,14,137
2020-08-22,15,142
2020-08-22,16,119
2020-08-22,17,101
2020-08-22,18,62
2020-08-22,19,52
2020-08-22,20,40
2020-08-22,21,52
2020-08-22,22,37
2020-08-22,23,23
2020-08-23,0,25
2020-08-23,1,13
2020-08-23,2,7
2020-08-23,3,6
2020-08-23,4,3
2020-08-23,5,8
2020-08-23,6,12
2020-08-23,7,16
2020-08-23,8,21
2020-08-23,9,30
2020-08-23,10,60
2020-08-23,11,86
2020-08-23,12,103
2020-08-23,13,128
2020-08-23,14,127
2020-08-23,15,115
2020-08-23,16,101
2020-08-23,17,76
2020-08-23,18,36
2020-08-23,19,42
2020-08-23,20,34
2020-08-23,21,27
2020-08-23,22,26
2020-08-23,23,18
2020-08-24,0,5
2020-08-24,1,6
2020-08-24,2,1
2020-08-24,3,2
2020-08-24,4,8
2020-08-24,5,15
2020-08-24,6,33
2020-08-24,7,68
2020-08-24,8,49
2020-08-24,9,71
2020-08-24,10,75
2020-08-24,11,91
2020-08-24,12,107
2020-08-24,13,137
2020-08-24,14,94
2020-08-24,15,106
2020-08-24,16,136
2020-08-24,17,86
2020-08-24,18,67
2020-08-24,19,48
2020-08-24,20,46
2020-08-24,21,37
2020-08-24,22,21
2020-08-24,23,9
2020-08-25,0,4
2020-08-25,1,2
2020-08-25,2,3
2020-08-25,3,0
2020-08-25,4,5
2020-08-25,5,15
2020-08-25,6,47
2020-08-25,7,70
2020-08-25,8,68
2020-08-25,9,80
2020-08-25,10,126
2020-08-25,11,109
2020-08-25,12,90
2020-08-25,13,181
2020-08-25,14,117
2020-08-25,15,163
2020-08-25,16,137
2020-08-25,17,104
2020-08-25,18,108
2020-08-25,19,64
2020-08-25,20,31
2020-08-25,21,22
2020-08-25,22,22
2020-08-25,23,16
2020-08-26,0,13
2020-08-26,1,1
2020-08-26,2,3
2020-08-26,3,4
2020-08-26,4,7
2020-08-26,5,15
2020-08-26,6,45
2020-08-26,7,75
2020-08-26,8,58
2020-08-26,9,56
2020-08-26,10,0
2020-08-26,11,0
2020-08-26,12,0
2020-08-26,13,0
2020-08-26,14,0
2020-08-26,15,0
2020-08-26,16,0
2020-08-26,17,0
2020-08-26,18,0
2020-08-26,19,0
2020-08-26,20,0
2020-08-26,21,0
2020-08-26,22,0
2020-08-26,23,0
2020-08-27,0,0
2020-08-27,1,0
2020-08-27,2,0
2020-08-27,3,0
2020-08-27,4,0
2020-08-27,5,0
2020-08-27,6,26
2020-08-27,7,55
2020-08-27,8,68
2020-08-27,9,65
2020-08-27,10,78
2020-08-27,11,96
2020-08-27,12,107
2020-08-27,13,132
2020-08-27,14,164
2020-08-27,15,149
2020-08-27,16,250
2020-08-27,17,272
2020-08-27,18,77
2020-08-27,19,45
2020-08-27,20,32
2020-08-27,21,34
2020-08-27,22,17
2020-08-27,23,15
2020-08-28,0,13
2020-08-28,1,9
2020-08-28,2,2
2020-08-28,3,6
2020-08-28,4,4
2020-08-28,5,14
2020-08-28,6,38
2020-08-28,7,73
2020-08-28,8,63
2020-08-28,9,85
2020-08-28,10,104
2020-08-28,11,207
2020-08-28,12,156
2020-08-28,13,208
2020-08-28,14,165
2020-08-28,15,125
2020-08-28,16,137
2020-08-28,17,106
2020-08-28,18,76
2020-08-28,19,56
2020-08-28,20,47
2020-08-28,21,41
2020-08-28,22,31
2020-08-28,23,29
2020-08-29,0,16
2020-08-29,1,15
2020-08-29,2,6
2020-08-29,3,6
2020-08-29,4,4
2020-08-29,5,15
2020-08-29,6,14
2020-08-29,7,23
2020-08-29,8,38
2020-08-29,9,49
2020-08-29,10,83
2020-08-29,11,129
2020-08-29,12,136
2020-08-29,13,178
2020-08-29,14,157
2020-08-29,15,134
2020-08-29,16,129
2020-08-29,17,99
2020-08-29,18,68
2020-08-29,19,54
2020-08-29,20,43
2020-08-29,21,57
2020-08-29,22,62
2020-08-29,23,43
2020-08-30,0,26
2020-08-30,1,26
2020-08-30,2,10
2020-08-30,3,4
2020-08-30,4,5
2020-08-30,5,9
2020-08-30,6,16
2020-08-30,7,16
2020-08-30,8,28
2020-08-30,9,33
2020-08-30,10,55
2020-08-30,11,91
2020-08-30,12,113
2020-08-30,13,220
2020-08-30,14,111
2020-08-30,15,112
2020-08-30,16,109
2020-08-30,17,87
2020-08-30,18,54
2020-08-30,19,40
2020-08-30,20,26
2020-08-30,21,30
2020-08-30,22,20
2020-08-30,23,17
2020-08-31,0,9
2020-08-31,1,4
2020-08-31,2,5
2020-08-31,3,3
2020-08-31,4,2
2020-08-31,5,13
2020-08-31,6,34
2020-08-31,7,58
2020-08-31,8,54
2020-08-31,9,82
2020-08-31,10,85
2020-08-31,11,87
2020-08-31,12,148
2020-08-31,13,131
2020-08-31,14,114
2020-08-31,15,147
2020-08-31,16,135
2020-08-31,17,86
2020-08-31,18,74
2020-08-31,19,52
2020-08-31,20,36
2020-08-31,21,39
2020-08-31,22,23
2020-08-31,23,12
2020-09-01,0,5
2020-09-01,1,6
2020-09-01,2,3
2020-09-01,3,4
2020-09-01,4,5
2020-09-01,5,13
2020-09-01,6,35
2020-09-01,7,62
2020-09-01,8,75
2020-09-01,9,79
2020-09-01,10,95
2020-09-01,11,111
2020-09-01,12,108
2020-09-01,13,99
2020-09-01,14,142
2020-09-01,15,144
2020-09-01,16,146
2020-09-01,17,102
2020-09-01,18,62
2020-09-01,19,69
2020-09-01,20,34
2020-09-01,21,33
2020-09-01,22,12
2020-09-01,23,17
2020-09-02,0,3
2020-09-02,1,3
2020-09-02,2,3
2020-09-02,3,4
2020-09-02,4,10
2020-09-02,5,16
2020-09-02,6,48
2020-09-02,7,84
2020-09-02,8,69
2020-09-02,9,73
2020-09-02,10,97
2020-09-02,11,113
2020-09-02,12,54
2020-09-02,13,0
2020-09-02,14,0
2020-09-02,15,0
2020-09-02,16,0
2020-09-02,17,0
2020-09-02,18,0
2020-09-02,19,0
2020-09-02,20,0
2020-09-02,21,0
2020-09-02,22,0
2020-09-02,23,0
2020-09-03,0,0
2020-09-03,1,0
2020-09-03,2,0
2020-09-03,3,0
2020-09-03,4,0
2020-09-03,5,0
2020-09-03,6,0
2020-09-03,7,0
2020-09-03,8,72
2020-09-03,9,76
2020-09-03,10,86
2020-09-03,11,92
2020-09-03,12,107
2020-09-03,13,112
2020-09-03,14,107
2020-09-03,15,137
2020-09-03,16,135
2020-09-03,17,86
2020-09-03,18,86
2020-09-03,19,51
2020-09-03,20,32
2020-09-03,21,24
2020-09-03,22,19
2020-09-03,23,22
2020-09-04,0,14
2020-09-04,1,7
2020-09-04,2,3
2020-09-04,3,3
2020-09-04,4,2
2020-09-04,5,12
2020-09-04,6,48
2020-09-04,7,58
2020-09-04,8,74
2020-09-04,9,59
2020-09-04,10,87
2020-09-04,11,132
2020-09-04,12,132
2020-09-04,13,135
2020-09-04,14,121
2020-09-04,15,153
2020-09-04,16,123
2020-09-04,17,110
2020-09-04,18,64
2020-09-04,19,46
2020-09-04,20,52
2020-09-04,21,37
2020-09-04,22,28
2020-09-04,23,31
2020-09-05,0,14
2020-09-05,1,10
2020-09-05,2,11
2020-09-05,3,6
2020-09-05,4,7
2020-09-05,5,16
2020-09-05,6,16
2020-09-05,7,33
2020-09-05,8,41
2020-09-05,9,63
2020-09-05,10,92
2020-09-05,11,125
2020-09-05,12,113
2020-09-05,13,137
2020-09-05,14,166
2020-09-05,15,147
2020-09-05,16,133
2020-09-05,17,131
2020-09-05,18,70
2020-09-05,19,50
2020-09-05,20,40
2020-09-05,21,48
2020-09-05,22,44
2020-09-05,23,34
2020-09-06,0,29
2020-09-06,1,24
2020-09-06,2,8
2020-09-06,3,8
2020-09-06,4,6
2020-09-06,5,7
2020-09-06,6,16
2020-09-06,7,16
2020-09-06,8,22
2020-09-06,9,38
2020-09-06,10,68
2020-09-06,11,67
2020-09-06,12,94
2020-09-06,13,103
2020-09-06,14,115
2020-09-06,15,110
2020-09-06,16,101
2020-09-06,17,67
2020-09-06,18,48
2020-09-06,19,40
2020-09-06,20,29
2020-09-06,21,20
2020-09-06,22,22
2020-09-06,23,20
2020-09-07,0,7
2020-09-07,1,9
2020-09-07,2,4
2020-09-07,3,0
2020-09-07,4,10
2020-09-07,5,13
2020-09-07,6,35
2020-09-07,7,79
2020-09-07,8,77
2020-09-07,9,60
2020-09-07,10,83
2020-09-07,11,89
2020-09-07,12,83
2020-09-07,13,101
2020-09-07,14,82
2020-09-07,15,85
2020-09-07,16,107
2020-09-07,17,54
2020-09-07,18,40
2020-09-07,19,26
2020-09-07,20,26
2020-09-07,21,36
2020-09-07,22,15
2020-09-07,23,8
2020-09-08,0,6
2020-09-08,1,3
2020-09-08,2,1
2020-09-08,3,7
2020-09-08,4,3
2020-09-08,5,7
2020-09-08,6,39
2020-09-08,7,66
2020-09-08,8,76
2020-09-08,9,67
2020-09-08,10,83
2020-09-08,11,82
2020-09-08,12,119
2020-09-08,13,75
2020-09-08,14,91
2020-09-08,15,136
2020-09-08,16,115
2020-09-08,17,75
2020-09-08,18,36
2020-09-08,19,33
2020-09-08,20,39
2020-09-08,21,31
2020-09-08,22,17
2020-09-08,23,7
2020-09-09,0,4
2020-09-09,1,10
2020-09-09,2,2
2020-09-09,3,0
2020-09-09,4,4
2020-09-09,5,11
2020-09-09,6,59
2020-09-09,7,60
2020-09-09,8,58
2020-09-09,9,56
2020-09-09,10,79
2020-09-09,11,88
2020-09-09,12,86
2020-09-09,13,84
2020-09-09,14,139
2020-09-09,15,91
2020-09-09,16,66
2020-09-09,17,54
2020-09-09,18,47
2020-09-09,19,33
2020-09-09,20,31
2020-09-09,21,44
2020-09-09,22,23
2020-09-09,23,9
2020-09-10,0,8
2020-09-10,1,4
2020-09-10,2,1
2020-09-10,3,1
2020-09-10,4,1
2020-09-10,5,7
2020-09-10,6,35
2020-09-10,7,56
2020-09-10,8,66
2020-09-10,9,73
2020-09-10,10,69
2020-09-10,11,79
2020-09-10,12,94
2020-09-10,13,94
2020-09-10,14,91
2020-09-10,15,89
2020-09-10,16,100
2020-09-10,17,49
2020-09-10,18,61
2020-09-10,19,51
2020-09-10,20,19
2020-09-10,21,17
2020-09-10,22,11
2020-09-10,23,11
2020-09-11,0,4
2020-09-11,1,5
2020-09-11,2,5
2020-09-11,3,0
2020-09-11,4,2
2020-09-11,5,7
2020-09-11,6,35
2020-09-11,7,48
2020-09-11,8,76
2020-09-11,9,67
2020-09-11,10,81
2020-09-11,11,72
2020-09-11,12,82
2020-09-11,13,83
2020-09-11,14,85
2020-09-11,15,78
2020-09-11,16,78
2020-09-11,17,51
2020-09-11,18,47
2020-09-11,19,41
2020-09-11,20,48
2020-09-11,21,28
2020-09-11,22,28
2020-09-11,23,21
2020-09-12,0,12
2020-09-12,1,6
2020-09-12,2,2
2020-09-12,3,1
2020-09-12,4,1
2020-09-12,5,4
2020-09-12,6,12
2020-09-12,7,26
2020-09-12,8,38
2020-09-12,9,66
2020-09-12,10,124
2020-09-12,11,80
2020-09-12,12,145
2020-09-12,13,171
2020-09-12,14,129
2020-09-12,15,81
2020-09-12,16,76
2020-09-12,17,78
2020-09-12,18,50
2020-09-12,19,31
2020-09-12,20,22
2020-09-12,21,23
2020-09-12,22,26
2020-09-12,23,19
2020-09-13,0,13
2020-09-13,1,9
2020-09-13,2,3
2020-09-13,3,4
2020-09-13,4,7
2020-09-13,5,4
2020-09-13,6,16
2020-09-13,7,16
2020-09-13,8,18
2020-09-13,9,42
2020-09-13,10,57
2020-09-13,11,66
2020-09-13,12,89
2020-09-13,13,77
2020-09-13,14,102
2020-09-13,15,69
2020-09-13,16,44
2020-09-13,17,41
2020-09-13,18,41
2020-09-13,19,44
2020-09-13,20,36
2020-09-13,21,36
2020-09-13,22,31
2020-09-13,23,11
2020-09-14,0,2
2020-09-14,1,4
2020-09-14,2,5
2020-09-14,3,1
2020-09-14,4,4
2020-09-14,5,9
2020-09-14,6,32
2020-09-14,7,64
2020-09-14,8,105
2020-09-14,9,73
2020-09-14,10,65
2020-09-14,11,68
2020-09-14,12,98
2020-09-14,13,138
2020-09-14,14,125
2020-09-14,15,119
2020-09-14,16,113
2020-09-14,17,127
2020-09-14,18,48
2020-09-14,19,30
2020-09-14,20,17
2020-09-14,21,9
2020-09-14,22,12
2020-09-14,23,8
2020-09-15,0,3
2020-09-15,1,0
2020-09-15,2,3
2020-09-15,3,4
2020-09-15,4,6
2020-09-15,5,9
2020-09-15,6,34
2020-09-15,7,65
2020-09-15,8,83
2020-09-15,9,56
2020-09-15,10,85
2020-09-15,11,76
2020-09-15,12,93
2020-09-15,13,106
2020-09-15,14,93
2020-09-15,15,105
2020-09-15,16,108
2020-09-15,17,112
2020-09-15,18,61
2020-09-15,19,44
2020-09-15,20,30
2020-09-15,21,31
2020-09-15,22,11
2020-09-15,23,15
2020-09-16,0,1
2020-09-16,1,4
2020-09-16,2,3
2020-09-16,3,5
2020-09-16,4,9
2020-09-16,5,13
2020-09-16,6,43
2020-09-16,7,57
2020-09-16,8,51
2020-09-16,9,58
2020-09-16,10,92
2020-09-16,11,100
2020-09-16,12,90
2020-09-16,13,101
2020-09-16,14,91
2020-09-16,15,122
2020-09-16,16,149
2020-09-16,17,85
2020-09-16,18,54
2020-09-16,19,52
2020-09-16,20,32
2020-09-16,21,44
2020-09-16,22,15
2020-09-16,23,10
2020-09-17,0,10
2020-09-17,1,2
2020-09-17,2,4
2020-09-17,3,5
2020-09-17,4,5
2020-09-17,5,15
2020-09-17,6,41
2020-09-17,7,74
2020-09-17,8,60
2020-09-17,9,61
2020-09-17,10,89
2020-09-17,11,84
2020-09-17,12,95
2020-09-17,13,106
2020-09-17,14,101
2020-09-17,15,144
2020-09-17,16,152
2020-09-17,17,103
2020-09-17,18,55
2020-09-17,19,43
2020-09-17,20,28
2020-09-17,21,33
2020-09-17,22,19
2020-09-17,23,20
2020-09-18,0,8
2020-09-18,1,9
2020-09-18,2,6
2020-09-18,3,5
2020-09-18,4,6
2020-09-18,5,8
2020-09-18,6,34
2020-09-18,7,57
2020-09-18,8,67
2020-09-18,9,67
2020-09-18,10,79
2020-09-18,11,81
2020-09-18,12,105
2020-09-18,13,150
2020-09-18,14,120
2020-09-18,15,129
2020-09-18,16,139
2020-09-18,17,102
2020-09-18,18,51
2020-09-18,19,46
2020-09-18,20,41
2020-09-18,21,31
2020-09-18,22,21
2020-09-18,23,18
2020-09-19,0,15
2020-09-19,1,6
2020-09-19,2,6
2020-09-19,3,2
2020-09-19,4,6
2020-09-19,5,8
2020-09-19,6,16
2020-09-19,7,31
2020-09-19,8,25
2020-09-19,9,52
2020-09-19,10,85
2020-09-19,11,94
2020-09-19,12,102
2020-09-19,13,90
2020-09-19,14,131
2020-09-19,15,130
2020-09-19,16,125
2020-09-19,17,113
2020-09-19,18,58
2020-09-19,19,42
2020-09-19,20,34
2020-09-19,21,36
2020-09-19,22,37
2020-09-19,23,25
2020-09-20,0,20
2020-09-20,1,11
2020-09-20,2,9
2020-09-20,3,6
2020-09-20,4,7
2020-09-20,5,7
2020-09-20,6,16
2020-09-20,7,16
2020-09-20,8,21
2020-09-20,9,40
2020-09-20,10,62
2020-09-20,11,96
2020-09-20,12,91
2020-09-20,13,85
2020-09-20,14,109
2020-09-20,15,104
2020-09-20,16,88
2020-09-20,17,104
2020-09-20,18,46
2020-09-20,19,43
2020-09-20,20,37
2020-09-20,21,31
2020-09-20,22,23
2020-09-20,23,15
2020-09-21,0,6
2020-09-21,1,5
2020-09-21,2,6
2020-09-21,3,2
2020-09-21,4,4
2020-09-21,5,9
2020-09-21,6,43
2020-09-21,7,68
2020-09-21,8,75
2020-09-21,9,65
2020-09-21,10,77
2020-09-21,11,78
2020-09-21,12,91
2020-09-21,13,89
2020-09-21,14,89
2020-09-21,15,99
2020-09-21,16,113
2020-09-21,17,82
2020-09-21,18,47
2020-09-21,19,36
2020-09-21,20,30
2020-09-21,21,19
2020-09-21,22,16
2020-09-21,23,15
2020-09-22,0,1
2020-09-22,1,3
2020-09-22,2,3
2020-09-22,3,0
2020-09-22,4,0
2020-09-22,5,10
2020-09-22,6,42
2020-09-22,7,52
2020-09-22,8,60
2020-09-22,9,65
2020-09-22,10,77
2020-09-22,11,106
2020-09-22,12,56
2020-09-22,13,110
2020-09-22,14,126
2020-09-22,15,97
2020-09-22,16,133
2020-09-22,17,97
2020-09-22,18,52
2020-09-22,19,46
2020-09-22,20,37
2020-09-22,21,18
2020-09-22,22,20
2020-09-22,23,13
2020-09-23,0,10
2020-09-23,1,3
2020-09-23,2,3
2020-09-23,3,0
2020-09-23,4,6
2020-09-23,5,10
2020-09-23,6,45
2020-09-23,7,62
2020-09-23,8,48
2020-09-23,9,70
2020-09-23,10,63
2020-09-23,11,96
2020-09-23,12,103
2020-09-23,13,89
2020-09-23,14,87
2020-09-23,15,120
2020-09-23,16,115
2020-09-23,17,86
2020-09-23,18,59
2020-09-23,19,35
2020-09-23,20,43
2020-09-23,21,42
2020-09-23,22,36
2020-09-23,23,23
2020-09-24,0,12
2020-09-24,1,5
2020-09-24,2,4
2020-09-24,3,1
2020-09-24,4,20
2020-09-24,5,18
2020-09-24,6,42
2020-09-24,7,48
2020-09-24,8,73
2020-09-24,9,69
2020-09-24,10,88
2020-09-24,11,82
2020-09-24,12,138
2020-09-24,13,110
2020-09-24,14,95
2020-09-24,15,118
2020-09-24,16,118
2020-09-24,17,98
2020-09-24,18,72
2020-09-24,19,52
2020-09-24,20,39
2020-09-24,21,24
2020-09-24,22,24
2020-09-24,23,14
2020-09-25,0,16
2020-09-25,12,130
2020-09-25,13,101
2020-09-25,14,138
2020-09-25,15,121
2020-09-25,16,127
2020-09-25,17,127
2020-09-25,18,67
2020-09-25,19,37
2020-09-25,20,34
2020-09-25,21,41
2020-09-25,22,23
2020-09-25,23,7
2020-09-26,0,11
2020-09-26,1,6
2020-09-26,2,4
2020-09-26,3,0
2020-09-26,4,5
2020-09-26,5,0
2020-09-26,6,16
2020-09-26,7,15
2020-09-26,8,35
2020-09-26,9,46
2020-09-26,10,72
2020-09-26,11,120
2020-09-26,12,89
2020-09-26,13,121
2020-09-26,14,202
2020-09-26,15,124
2020-09-26,16,144
2020-09-26,17,149
2020-09-26,18,60
2020-09-26,19,38
2020-09-26,20,36
2020-09-26,21,55
2020-09-26,22,32
2020-09-26,23,22
2020-09-27,0,13
2020-09-27,1,7
2020-09-27,2,0
2020-09-27,3,5
2020-09-27,4,0
2020-09-27,5,4
2020-09-27,6,16
2020-09-27,7,16
2020-09-27,8,21
2020-09-27,9,39
2020-09-27,10,94
2020-09-27,11,74
2020-09-27,12,71
2020-09-27,13,108
2020-09-27,14,165
2020-09-27,15,129
2020-09-27,16,82
2020-09-27,17,69
2020-09-27,18,40
2020-09-27,19,39
2020-09-27,20,29
2020-09-27,21,35
2020-09-27,22,32
2020-09-27,23,8
2020-09-28,0,6
2020-09-28,1,1
2020-09-28,2,0
2020-09-28,3,2
2020-09-28,4,7
2020-09-28,5,6
2020-09-28,6,35
2020-09-28,7,50
2020-09-28,8,31
2020-09-28,9,44
2020-09-28,10,63
2020-09-28,11,91
2020-09-28,12,107
2020-09-28,13,108
2020-09-28,14,136
2020-09-28,15,124
2020-09-28,16,116
2020-09-28,17,77
2020-09-28,18,60
2020-09-28,19,25
2020-09-28,20,19
2020-09-28,21,25
2020-09-28,22,19
2020-09-28,23,6
2020-09-29,0,2
2020-09-29,1,1
2020-09-29,2,2
2020-09-29,3,1
2020-09-29,4,2
2020-09-29,5,10
2020-09-29,6,34
2020-09-29,7,56
2020-09-29,8,58
2020-09-29,9,52
2020-09-29,10,74
2020-09-29,11,92
2020-09-29,12,86
2020-09-29,13,82
2020-09-29,14,91
2020-09-29,15,126
2020-09-29,16,129
2020-09-29,17,92
2020-09-29,18,97
2020-09-29,19,56
2020-09-29,20,35
2020-09-29,21,26
2020-09-29,22,8
2020-09-29,23,6
2020-09-30,0,8
2020-09-30,1,2
2020-09-30,2,3
2020-09-30,3,2
2020-09-30,4,8
2020-09-30,5,13
2020-09-30,6,48
2020-09-30,7,60
2020-09-30,8,47
2020-09-30,9,60
2020-09-30,10,63
2020-09-30,11,74
2020-09-30,12,110
2020-09-30,13,129
2020-09-30,14,110
2020-09-30,15,126
2020-09-30,16,184
2020-09-30,17,124
2020-09-30,18,72
2020-09-30,19,47
2020-09-30,20,31
2020-09-30,21,42
2020-09-30,22,16
2020-09-30,23,4
2020-10-01,0,7
2020-10-01,1,1
2020-10-01,2,4
2020-10-01,3,1
2020-10-01,4,9
2020-10-01,5,13
2020-10-01,6,37
2020-10-01,7,70
2020-10-01,8,69
2020-10-01,9,125
2020-10-01,10,124
2020-10-01,11,94
2020-10-01,12,90
2020-10-01,13,116
2020-10-01,14,119
2020-10-01,15,119
2020-10-01,16,139
2020-10-01,17,91
2020-10-01,18,64
2020-10-01,19,53
2020-10-01,20,28
2020-10-01,21,23
2020-10-01,22,15
2020-10-01,23,12
2020-10-02,0,6
2020-10-02,1,1
2020-10-02,2,4
2020-10-02,3,1
2020-10-02,4,7
2020-10-02,5,12
2020-10-02,6,29
2020-10-02,7,100
2020-10-02,8,64
2020-10-02,9,66
2020-10-02,10,117
2020-10-02,11,111
2020-10-02,12,102
2020-10-02,13,129
2020-10-02,14,131
2020-10-02,15,123
2020-10-02,16,113
2020-10-02,17,94
2020-10-02,18,60
2020-10-02,19,47
2020-10-02,20,31
2020-10-02,21,35
2020-10-02,22,14
2020-10-02,23,12
2020-10-03,0,7
2020-10-03,1,6
2020-10-03,2,5
2020-10-03,3,3
2020-10-03,4,2
2020-10-03,5,10
2020-10-03,6,16
2020-10-03,7,22
2020-10-03,8,39
2020-10-03,9,51
2020-10-03,10,121
2020-10-03,11,122
2020-10-03,12,108
2020-10-03,13,131
2020-10-03,14,156
2020-10-03,15,156
2020-10-03,16,130
2020-10-03,17,135
2020-10-03,18,67
2020-10-03,19,52
2020-10-03,20,46
2020-10-03,21,53
2020-10-03,22,38
2020-10-03,23,12
2020-10-04,0,10
2020-10-04,1,6
2020-10-04,2,5
2020-10-04,3,3
2020-10-04,4,5
2020-10-04,5,6
2020-10-04,6,16
2020-10-04,7,16
2020-10-04,8,21
2020-10-04,9,27
2020-10-04,10,86
2020-10-04,11,71
2020-10-04,12,95
2020-10-04,13,96
2020-10-04,14,119
2020-10-04,15,134
2020-10-04,16,102
2020-10-04,17,80
2020-10-04,18,41
2020-10-04,19,34
2020-10-04,20,23
2020-10-04,21,32
2020-10-04,22,19
2020-10-04,23,3
2020-10-05,0,6
2020-10-05,1,5
2020-10-05,2,3
2020-10-05,3,1
2020-10-05,4,7
2020-10-05,5,11
2020-10-05,6,34
2020-10-05,7,66
2020-10-05,8,74
2020-10-05,9,71
2020-10-05,10,77
2020-10-05,11,88
2020-10-05,12,88
2020-10-05,13,93
2020-10-05,14,110
2020-10-05,15,103
2020-10-05,16,137
2020-10-05,17,90
2020-10-05,18,48
2020-10-05,19,31
2020-10-05,20,17
2020-10-05,21,18
2020-10-05,22,13
2020-10-05,23,8
2020-10-06,0,0
2020-10-06,1,5
2020-10-06,2,2
2020-10-06,3,1
2020-10-06,4,3
2020-10-06,5,8
2020-10-06,6,41
2020-10-06,7,53
2020-10-06,8,72
2020-10-06,9,68
2020-10-06,10,76
2020-10-06,11,69
2020-10-06,12,102
2020-10-06,13,100
2020-10-06,14,142
2020-10-06,15,107
2020-10-06,16,135
2020-10-06,17,90
2020-10-06,18,53
2020-10-06,19,52
2020-10-06,20,19
2020-10-06,21,15
2020-10-06,22,13
2020-10-06,23,11
2020-10-07,0,6
2020-10-07,1,0
2020-10-07,2,4
2020-10-07,3,3
2020-10-07,4,3
2020-10-07,5,24
2020-10-07,6,47
2020-10-07,7,65
2020-10-07,8,56
2020-10-07,9,59
2020-10-07,10,70
2020-10-07,11,102
2020-10-07,12,118
2020-10-07,13,110
2020-10-07,14,110
2020-10-07,15,121
2020-10-07,16,132
2020-10-07,17,88
2020-10-07,18,60
2020-10-07,19,56
2020-10-07,20,29
2020-10-07,21,28
2020-10-07,22,14
2020-10-07,23,12
2020-10-08,0,8
2020-10-08,1,4
2020-10-08,2,7
2020-10-08,3,4
2020-10-08,4,6
2020-10-08,5,12
2020-10-08,6,40
2020-10-08,7,74
2020-10-08,8,68
2020-10-08,9,65
2020-10-08,10,127
2020-10-08,11,89
2020-10-08,12,142
2020-10-08,13,127
2020-10-08,14,129
2020-10-08,15,113
2020-10-08,16,177
2020-10-08,17,98
2020-10-08,18,67
2020-10-08,19,39
2020-10-08,20,30
2020-10-08,21,37
2020-10-08,22,22
2020-10-08,23,12
2020-10-09,0,6
2020-10-09,1,5
2020-10-09,2,6
2020-10-09,3,3
2020-10-09,4,5
2020-10-09,5,15
2020-10-09,6,27
2020-10-09,7,65
2020-10-09,8,60
2020-10-09,9,53
2020-10-09,10,121
2020-10-09,11,92
2020-10-09,12,101
2020-10-09,13,119
2020-10-09,14,119
2020-10-09,15,154
2020-10-09,16,134
2020-10-09,17,134
2020-10-09,18,57
2020-10-09,19,36
2020-10-09,20,36
2020-10-09,21,40
2020-10-09,22,12
2020-10-09,23,20
2020-10-10,0,15
2020-10-10,1,5
2020-10-10,2,6
2020-10-10,3,1
2020-10-10,4,0
2020-10-10,5,7
2020-10-10,6,16
2020-10-10,7,31
2020-10-10,8,38
2020-10-10,9,58
2020-10-10,10,77
2020-10-10,11,110
2020-10-10,12,118
2020-10-10,13,130
2020-10-10,14,150
2020-10-10,15,159
2020-10-10,16,180
2020-10-10,17,89
2020-10-10,18,38
2020-10-10,19,32
2020-10-10,20,31
2020-10-10,21,49
2020-10-10,22,33
2020-10-10,23,6
2020-10-11,0,9
2020-10-11,1,5
2020-10-11,2,2
2020-10-11,3,6
2020-10-11,4,2
2020-10-11,5,1
2020-10-11,6,16
2020-10-11,7,16
2020-10-11,8,21
2020-10-11,9,31
2020-10-11,10,57
2020-10-11,11,89
2020-10-11,12,126
2020-10-11,13,95
2020-10-11,14,114
2020-10-11,15,117
2020-10-11,16,114
2020-10-11,17,70
2020-10-11,18,35
2020-10-11,19,31
2020-10-11,20,17
2020-10-11,21,24
2020-10-11,22,17
2020-10-11,23,5
2020-10-12,0,2
2020-10-12,1,1
2020-10-12,2,1
2020-10-12,3,1
2020-10-12,4,2
2020-10-12,5,6
2020-10-12,6,34
2020-10-12,7,55
2020-10-12,8,51
2020-10-12,9,64
2020-10-12,10,69
2020-10-12,11,101
2020-10-12,12,80
2020-10-12,13,102
2020-10-12,14,95
2020-10-12,15,109
2020-10-12,16,115
2020-10-12,17,93
2020-10-12,18,50
2020-10-12,19,25
2020-10-12,20,18
2020-10-12,21,17
2020-10-12,22,11
2020-10-12,23,7
2020-10-13,0,5
2020-10-13,1,2
2020-10-13,2,2
2020-10-13,3,0
2020-10-13,4,0
2020-10-13,5,6
2020-10-13,6,39
2020-10-13,7,55
2020-10-13,8,49
2020-10-13,9,59
2020-10-13,10,69
2020-10-13,11,90
2020-10-13,12,77
2020-10-13,13,102
2020-10-13,14,101
2020-10-13,15,112
2020-10-13,16,105
2020-10-13,17,86
2020-10-13,18,51
2020-10-13,19,39
2020-10-13,20,14
2020-10-13,21,13
2020-10-13,22,13
2020-10-13,23,5
2020-10-14,0,0
2020-10-14,1,0
2020-10-14,2,0
2020-10-14,3,0
2020-10-14,4,4
2020-10-14,5,17
2020-10-14,6,48
2020-10-14,7,62
2020-10-14,8,60
2020-10-14,9,89
2020-10-14,10,64
2020-10-14,11,83
2020-10-14,12,73
2020-10-14,13,107
2020-10-14,14,127
2020-10-14,15,129
2020-10-14,16,141
2020-10-14,17,129
2020-10-14,18,58
2020-10-14,19,39
2020-10-14,20,9
2020-10-14,21,18
2020-10-14,22,13
2020-10-14,23,5
2020-10-15,0,4
2020-10-15,1,5
2020-10-15,2,0
2020-10-15,3,2
2020-10-15,4,6
2020-10-15,5,12
2020-10-15,6,38
2020-10-15,7,57
2020-10-15,8,99
2020-10-15,9,87
2020-10-15,10,76
2020-10-15,11,93
2020-10-15,12,103
2020-10-15,13,109
2020-10-15,14,128
2020-10-15,15,121
2020-10-15,16,122
2020-10-15,17,81
2020-10-15,18,46
2020-10-15,19,44
2020-10-15,20,24
2020-10-15,21,19
2020-10-15,22,14
2020-10-15,23,7
2020-10-16,0,3
2020-10-16,1,3
2020-10-16,2,2
2020-10-16,3,1
2020-10-16,4,5
2020-10-16,5,5
2020-10-16,6,32
2020-10-16,7,71
2020-10-16,8,54
2020-10-16,9,70
2020-10-16,10,78
2020-10-16,11,85
2020-10-16,12,108
2020-10-16,13,116
2020-10-16,14,128
2020-10-16,15,141
2020-10-16,16,156
2020-10-16,17,106
2020-10-16,18,56
2020-10-16,19,37
2020-10-16,20,25
2020-10-16,21,40
2020-10-16,22,23
2020-10-16,23,7
2020-10-17,0,5
2020-10-17,1,3
2020-10-17,2,1
2020-10-17,3,2
2020-10-17,4,5
2020-10-17,5,4
2020-10-17,6,16
2020-10-17,7,27
2020-10-17,8,32
2020-10-17,9,46
2020-10-17,10,78
2020-10-17,11,87
2020-10-17,12,92
2020-10-17,13,108
2020-10-17,14,138
2020-10-17,15,91
2020-10-17,16,100
2020-10-17,17,84
2020-10-17,18,47
2020-10-17,19,40
2020-10-17,20,26
2020-10-17,21,49
2020-10-17,22,21
2020-10-17,23,12
2020-10-18,0,9
2020-10-18,1,6
2020-10-18,2,7
2020-10-18,3,0
2020-10-18,4,1
2020-10-18,5,3
2020-10-18,6,14
2020-10-18,7,16
2020-10-18,8,21
2020-10-18,9,36
2020-10-18,10,56
2020-10-18,11,71
2020-10-18,12,122
2020-10-18,13,79
2020-10-18,14,100
2020-10-18,15,89
2020-10-18,16,84
2020-10-18,17,69
2020-10-18,18,35
2020-10-18,19,26
2020-10-18,20,22
2020-10-18,21,27
2020-10-18,22,19
2020-10-18,23,11
2020-10-19,0,2
2020-10-19,1,3
2020-10-19,2,4
2020-10-19,3,4
2020-10-19,4,5
2020-10-19,5,7
2020-10-19,6,58
2020-10-19,7,67
2020-10-19,8,70
2020-10-19,9,62
2020-10-19,10,54
2020-10-19,11,98
2020-10-19,12,74
2020-10-19,13,97
2020-10-19,14,82
2020-10-19,15,123
2020-10-19,16,112
2020-10-19,17,79
2020-10-19,18,32
2020-10-19,19,20
2020-10-19,20,24
2020-10-19,21,15
2020-10-19,22,16
2020-10-19,23,5
2020-10-20,0,1
2020-10-20,1,0
2020-10-20,2,1
2020-10-20,3,1
2020-10-20,4,5
2020-10-20,5,8
2020-10-20,6,47
2020-10-20,7,71
2020-10-20,8,58
2020-10-20,9,56
2020-10-20,10,119
2020-10-20,11,82
2020-10-20,12,105
2020-10-20,13,94
2020-10-20,14,101
2020-10-20,15,131
2020-10-20,16,124
2020-10-20,17,90
2020-10-20,18,61
2020-10-20,19,35
2020-10-20,20,31
2020-10-20,21,21
2020-10-20,22,10
2020-10-20,23,3
2020-10-21,0,2
2020-10-21,1,0
2020-10-21,2,1
2020-10-21,3,4
2020-10-21,4,6
2020-10-21,5,12
2020-10-21,6,38
2020-10-21,7,63
2020-10-21,8,59
2020-10-21,9,70
2020-10-21,10,70
2020-10-21,11,91
2020-10-21,12,101
2020-10-21,13,108
2020-10-21,14,104
2020-10-21,15,103
2020-10-21,16,128
2020-10-21,17,97
2020-10-21,18,57
2020-10-21,19,34
2020-10-21,20,25
2020-10-21,21,49
2020-10-21,22,13
2020-10-21,23,3
2020-10-22,0,4
2020-10-22,1,2
2020-10-22,2,3
2020-10-22,3,0
2020-10-22,4,8
2020-10-22,5,12
2020-10-22,6,35
2020-10-22,7,57
2020-10-22,8,52
2020-10-22,9,55
2020-10-22,10,83
2020-10-22,11,78
2020-10-22,12,92
2020-10-22,13,130
2020-10-22,14,148
2020-10-22,15,138
2020-10-22,16,132
2020-10-22,17,83
2020-10-22,18,55
2020-10-22,19,50
2020-10-22,20,22
2020-10-22,21,13
2020-10-22,22,9
2020-10-22,23,8
2020-10-23,0,4
2020-10-23,1,3
2020-10-23,2,5
2020-10-23,3,3
2020-10-23,4,2
2020-10-23,5,12
2020-10-23,6,36
2020-10-23,7,45
2020-10-23,8,54
2020-10-23,9,63
2020-10-23,10,90
2020-10-23,11,84
2020-10-23,12,106
2020-10-23,13,109
2020-10-23,14,117
2020-10-23,15,126
2020-10-23,16,109
2020-10-23,17,120
2020-10-23,18,56
2020-10-23,19,41
2020-10-23,20,40
2020-10-23,21,40
2020-10-23,22,17
2020-10-23,23,14
2020-10-24,0,5
2020-10-24,1,2
2020-10-24,2,2
2020-10-24,3,0
2020-10-24,4,4
2020-10-24,5,11
2020-10-24,6,15
2020-10-24,7,31
2020-10-24,8,28
2020-10-24,9,56
2020-10-24,10,85
2020-10-24,11,107
2020-10-24,12,169
2020-10-24,13,132
2020-10-24,14,158
2020-10-24,15,151
2020-10-24,16,134
2020-10-24,17,111
2020-10-24,18,52
2020-10-24,19,34
2020-10-24,20,31
2020-10-24,21,44
2020-10-24,22,24
2020-10-24,23,9
2020-10-25,0,6
2020-10-25,1,0
2020-10-25,2,5
2020-10-25,3,2
2020-10-25,4,3
2020-10-25,5,1
2020-10-25,6,5
2020-10-25,7,16
2020-10-25,8,16
2020-10-25,9,15
2020-10-25,10,34
2020-10-25,11,73
2020-10-25,12,65
2020-10-25,13,96
2020-10-25,14,107
2020-10-25,15,89
2020-10-25,16,108
2020-10-25,17,71
2020-10-25,18,72
2020-10-25,19,35
2020-10-25,20,36
2020-10-25,21,21
2020-10-25,22,27
2020-10-25,23,23
2020-10-26,0,11
2020-10-26,1,1
2020-10-26,2,3
2020-10-26,3,0
2020-10-26,4,0
2020-10-26,5,4
2020-10-26,6,9
2020-10-26,7,29
2020-10-26,8,54
2020-10-26,9,63
2020-10-26,10,66
2020-10-26,11,73
2020-10-26,12,66
2020-10-26,13,119
2020-10-26,14,96
2020-10-26,15,97
2020-10-26,16,143
2020-10-26,17,107
2020-10-26,18,124
2020-10-26,19,37
2020-10-26,20,26
2020-10-26,21,21
2020-10-26,22,16
2020-10-26,23,15
2020-10-27,0,2
2020-10-27,1,0
2020-10-27,2,0
2020-10-27,3,1
2020-10-27,4,1
2020-10-27,5,1
2020-10-27,6,8
2020-10-27,7,50
2020-10-27,8,77
2020-10-27,9,53
2020-10-27,10,68
2020-10-27,11,115
2020-10-27,12,71
2020-10-27,13,101
2020-10-27,14,114
2020-10-27,15,93
2020-10-27,16,94
2020-10-27,17,125
2020-10-27,18,89
2020-10-27,19,46
2020-10-27,20,32
2020-10-27,21,31
2020-10-27,22,21
2020-10-27,23,10
2020-10-28,0,8
2020-10-28,1,3
2020-10-28,2,0
2020-10-28,3,2
2020-10-28,4,3
2020-10-28,5,5
2020-10-28,6,20
2020-10-28,7,40
2020-10-28,8,68
2020-10-28,9,73
2020-10-28,10,69
2020-10-28,11,79
2020-10-28,12,59
2020-10-28,13,134
2020-10-28,14,108
2020-10-28,15,117
2020-10-28,16,139
2020-10-28,17,123
2020-10-28,18,109
2020-10-28,19,45
2020-10-28,20,41
2020-10-28,21,31
2020-10-28,22,40
2020-10-28,23,15
2020-10-29,0,7
2020-10-29,1,3
2020-10-29,2,5
2020-10-29,3,0
2020-10-29,4,1
2020-10-29,5,9
2020-10-29,6,12
2020-10-29,7,33
2020-10-29,8,66
2020-10-29,9,101
2020-10-29,10,82
2020-10-29,11,119
2020-10-29,12,101
2020-10-29,13,99
2020-10-29,14,126
2020-10-29,15,122
2020-10-29,16,112
2020-10-29,17,134
2020-10-29,18,81
2020-10-29,19,60
2020-10-29,20,45
2020-10-29,21,22
2020-10-29,22,21
2020-10-29,23,8
2020-10-30,0,4
2020-10-30,1,3
2020-10-30,2,1
2020-10-30,3,2
2020-10-30,4,4
2020-10-30,5,1
2020-10-30,6,14
2020-10-30,7,47
2020-10-30,8,94
2020-10-30,9,97
2020-10-30,10,77
2020-10-30,11,80
2020-10-30,12,92
2020-10-30,13,120
2020-10-30,14,99
2020-10-30,15,117
2020-10-30,16,207
2020-10-30,21,26
2020-10-30,22,31
2020-10-30,23,11
2020-10-31,0,9
2020-10-31,1,4
2020-10-31,2,3
2020-10-31,3,4
2020-10-31,4,0
2020-10-31,5,1
2020-10-31,6,3
2020-10-31,7,16
2020-10-31,8,22
2020-10-31,9,49
2020-10-31,10,55
2020-10-31,11,146
2020-10-31,12,156
2020-10-31,13,160
2020-10-31,14,123
2020-10-31,15,131
2020-10-31,16,120
2020-10-31,17,103
2020-10-31,18,95
2020-10-31,19,84
2020-10-31,20,27
2020-10-31,21,30
2020-10-31,22,49
2020-10-31,23,25
2020-11-01,0,10
2020-11-01,1,11
2020-11-01,2,5
2020-11-01,3,5
2020-11-01,4,5
2020-11-01,5,3
2020-11-01,6,6
2020-11-01,7,16
2020-11-01,8,16
2020-11-01,9,21
2020-11-01,10,38
2020-11-01,11,56
2020-11-01,12,80
2020-11-01,13,94
2020-11-01,14,110
2020-11-01,15,108
2020-11-01,16,98
2020-11-01,17,86
2020-11-01,18,55
2020-11-01,19,27
2020-11-01,20,30
2020-11-01,21,21
2020-11-01,22,27
2020-11-01,23,21
2020-11-02,0,5
2020-11-02,1,1
2020-11-02,2,1
2020-11-02,3,2
2020-11-02,4,0
2020-11-02,5,5
2020-11-02,6,7
2020-11-02,7,34
2020-11-02,8,58
2020-11-02,9,71
2020-11-02,10,61
2020-11-02,11,72
2020-11-02,12,78
2020-11-02,13,107
2020-11-02,14,113
2020-11-02,15,89
2020-11-02,16,107
2020-11-02,17,143
2020-11-02,18,93
2020-11-02,19,40
2020-11-02,20,27
2020-11-02,21,26
2020-11-02,22,16
2020-11-02,23,12
2020-11-03,0,9
2020-11-03,1,1
2020-11-03,2,1
2020-11-03,3,0
2020-11-03,4,0
2020-11-03,5,0
2020-11-03,6,9
2020-11-03,7,38
2020-11-03,8,64
2020-11-03,9,67
2020-11-03,10,57
2020-11-03,11,89
2020-11-03,12,75
2020-11-03,13,93
2020-11-03,14,86
2020-11-03,15,107
2020-11-03,16,112
2020-11-03,17,171
2020-11-03,18,77
2020-11-03,19,51
2020-11-03,20,37
2020-11-03,21,24
2020-11-03,22,16
2020-11-03,23,14
2020-11-04,0,4
2020-11-04,1,5
2020-11-04,2,1
2020-11-04,3,3
2020-11-04,4,1
2020-11-04,5,4
2020-11-04,6,8
2020-11-04,7,31
2020-11-04,8,63
2020-11-04,9,113
2020-11-04,10,71
2020-11-04,11,106
2020-11-04,12,75
2020-11-04,13,125
2020-11-04,14,123
2020-11-04,15,104
2020-11-04,16,146
2020-11-04,17,131
2020-11-04,18,92
2020-11-04,19,59
2020-11-04,20,39
2020-11-04,21,26
2020-11-04,22,36
2020-11-04,23,8
2020-11-05,0,7
2020-11-05,1,1
2020-11-05,2,0
2020-11-05,3,0
2020-11-05,4,3
2020-11-05,5,8
2020-11-05,6,15
2020-11-05,7,45
2020-11-05,8,49
2020-11-05,9,82
2020-11-05,10,72
2020-11-05,11,81
2020-11-05,12,122
2020-11-05,13,103
2020-11-05,14,107
2020-11-05,15,119
2020-11-05,16,81
2020-11-05,17,123
2020-11-05,18,125
2020-11-05,19,59
2020-11-05,20,41
2020-11-05,21,21
2020-11-05,22,21
2020-11-05,23,11
2020-11-06,0,12
2020-11-06,1,3
2020-11-06,2,6
2020-11-06,3,0
2020-11-06,4,2
2020-11-06,5,0
2020-11-06,6,12
2020-11-06,7,33
2020-11-06,8,53
2020-11-06,9,54
2020-11-06,10,77
2020-11-06,11,122
2020-11-06,12,83
2020-11-06,13,92
2020-11-06,14,146
2020-11-06,15,120
2020-11-06,16,182
2020-11-06,17,180
2020-11-06,18,76
2020-11-06,19,93
2020-11-06,20,36
2020-11-06,21,31
2020-11-06,22,31
2020-11-06,23,26
2020-11-07,0,6
2020-11-07,1,6
2020-11-07,2,2
2020-11-07,3,6
2020-11-07,4,2
2020-11-07,5,0
2020-11-07,6,6
2020-11-07,7,16
2020-11-07,8,27
2020-11-07,9,35
2020-11-07,10,122
2020-11-07,11,103
2020-11-07,12,95
2020-11-07,13,114
2020-11-07,14,140
2020-11-07,15,156
2020-11-07,16,178
2020-11-07,17,272
2020-11-07,18,136
2020-11-07,19,55
2020-11-07,20,28
2020-11-07,21,31
2020-11-07,22,49
2020-11-07,23,28
2020-11-08,0,15
2020-11-08,1,8
2020-11-08,2,10
2020-11-08,3,5
2020-11-08,4,5
2020-11-08,5,3
2020-11-08,6,5
2020-11-08,7,16
2020-11-08,8,16
2020-11-08,9,21
2020-11-08,10,80
2020-11-08,11,65
2020-11-08,12,74
2020-11-08,13,134
2020-11-08,14,91
2020-11-08,15,111
2020-11-08,16,146
2020-11-08,17,122
2020-11-08,18,81
2020-11-08,19,30
2020-11-08,20,26
2020-11-08,21,16
2020-11-08,22,31
2020-11-08,23,26
2020-11-09,0,17
2020-11-09,1,0
2020-11-09,2,0
2020-11-09,3,1
2020-11-09,4,2
2020-11-09,5,2
2020-11-09,6,5
2020-11-09,7,29
2020-11-09,8,67
2020-11-09,9,71
2020-11-09,10,54
2020-11-09,11,61
2020-11-09,12,101
2020-11-09,13,103
2020-11-09,14,95
2020-11-09,15,106
2020-11-09,16,109
2020-11-09,17,108
2020-11-09,18,85
2020-11-09,19,45
2020-11-09,20,27
2020-11-09,21,26
2020-11-09,22,16
2020-11-09,23,16
2020-11-10,0,8
2020-11-10,1,5
2020-11-10,2,1
2020-11-10,3,0
2020-11-10,4,0
2020-11-10,5,6
2020-11-10,6,10
2020-11-10,7,102
2020-11-10,8,104
2020-11-10,9,54
2020-11-10,10,73
2020-11-10,11,82
2020-11-10,12,86
2020-11-10,13,110
2020-11-10,14,135
2020-11-10,15,107
2020-11-10,16,105
2020-11-10,17,167
2020-11-10,18,135
2020-11-10,19,46
2020-11-10,20,39
2020-11-10,21,21
2020-11-10,22,17
2020-11-10,23,14
2020-11-11,0,7
2020-11-11,1,2
2020-11-11,2,0
2020-11-11,3,2
2020-11-11,4,1
2020-11-11,5,2
2020-11-11,6,7
2020-11-11,7,38
2020-11-11,8,57
2020-11-11,9,60
2020-11-11,10,59
2020-11-11,11,69
2020-11-11,12,142
2020-11-11,13,95
2020-11-11,14,153
2020-11-11,15,113
2020-11-11,16,102
2020-11-11,17,138
2020-11-11,18,91
2020-11-11,19,55
2020-11-11,20,32
2020-11-11,21,24
2020-11-11,22,24
2020-11-11,23,14
2020-11-12,0,6
2020-11-12,1,3
2020-11-12,2,2
2020-11-12,3,3
2020-11-12,4,2
2020-11-12,5,7
2020-11-12,6,8
2020-11-12,7,43
2020-11-12,8,61
2020-11-12,9,59
2020-11-12,10,76
2020-11-12,11,87
2020-11-12,12,87
2020-11-12,13,92
2020-11-12,14,110
2020-11-12,15,114
2020-11-12,16,196
2020-11-12,17,164
2020-11-12,18,126
2020-11-12,19,57
2020-11-12,20,37
2020-11-12,21,25
2020-11-12,22,12
2020-11-12,23,12
2020-11-13,0,10
2020-11-13,1,4
2020-11-13,2,3
2020-11-13,3,2
2020-11-13,4,3
2020-11-13,5,6
2020-11-13,6,14
2020-11-13,7,36
2020-11-13,8,62
2020-11-13,9,69
2020-11-13,10,63
2020-11-13,11,145
2020-11-13,12,82
2020-11-13,13,113
2020-11-13,14,174
2020-11-13,15,111
2020-11-13,16,141
2020-11-13,17,109
2020-11-13,18,122
2020-11-13,19,64
2020-11-13,20,42
2020-11-13,21,20
2020-11-13,22,36
2020-11-13,23,14
2020-11-14,0,10
2020-11-14,1,9
2020-11-14,2,0
2020-11-14,3,0
2020-11-14,4,1
2020-11-14,5,7
2020-11-14,6,7
2020-11-14,7,13
2020-11-14,8,23
2020-11-14,9,38
2020-11-14,10,60
2020-11-14,11,84
2020-11-14,12,132
2020-11-14,13,126
2020-11-14,14,145
2020-11-14,15,231
2020-11-14,16,230
2020-11-14,17,129
2020-11-14,18,95
2020-11-14,19,40
2020-11-14,20,24
2020-11-14,21,31
2020-11-14,22,49
2020-11-14,23,20
2020-11-15,0,7
2020-11-15,1,5
2020-11-15,2,6
2020-11-15,3,1
2020-11-15,4,4
2020-11-15,5,1
2020-11-15,6,0
2020-11-15,7,16
2020-11-15,8,16
2020-11-15,9,21
2020-11-15,10,39
2020-11-15,11,58
2020-11-15,12,72
2020-11-15,13,93
2020-11-15,14,114
2020-11-15,15,129
2020-11-15,16,138
2020-11-15,17,100
2020-11-15,18,86
2020-11-15,19,41
2020-11-15,20,40
2020-11-15,21,26
2020-11-15,22,31
2020-11-15,23,18
2020-11-16,0,10
2020-11-16,1,1
2020-11-16,2,4
2020-11-16,3,1
2020-11-16,4,1
2020-11-16,5,2
2020-11-16,6,4
2020-11-16,7,55
2020-11-16,8,68
2020-11-16,9,62
2020-11-16,10,62
2020-11-16,11,86
2020-11-16,12,81
2020-11-16,13,81
2020-11-16,14,100
2020-11-16,15,130
2020-11-16,16,122
2020-11-16,17,109
2020-11-16,18,103
2020-11-16,19,39
2020-11-16,20,31
2020-11-16,21,26
2020-11-16,22,16
2020-11-16,23,11
2020-11-17,0,5
2020-11-17,1,5
2020-11-17,2,5
2020-11-17,3,6
2020-11-17,12,222
2020-11-17,13,148
2020-11-17,14,101
2020-11-17,15,119
2020-11-17,16,149
2020-11-17,17,181
2020-11-17,18,99
2020-11-17,19,53
2020-11-17,20,38
2020-11-17,21,20
2020-11-17,22,21
2020-11-17,23,10
2020-11-18,0,8
2020-11-18,1,5
2020-11-18,2,0
2020-11-18,3,0
2020-11-18,4,3
2020-11-18,5,2
2020-11-18,6,12
2020-11-18,7,47
2020-11-18,8,56
2020-11-18,9,70
2020-11-18,10,81
2020-11-18,11,104
2020-11-18,12,137
2020-11-18,13,128
2020-11-18,14,156
2020-11-18,15,116
2020-11-18,16,162
2020-11-18,17,269
2020-11-18,18,98
2020-11-18,19,70
2020-11-18,20,34
2020-11-18,21,24
2020-11-18,22,37
2020-11-18,23,14
2020-11-19,0,11
2020-11-19,1,7
2020-11-19,2,1
2020-11-19,3,3
2020-11-19,4,0
2020-11-19,5,1
2020-11-19,6,15
2020-11-19,7,40
2020-11-19,8,65
2020-11-19,9,79
2020-11-19,10,123
2020-11-19,11,111
2020-11-19,12,133
2020-11-19,13,133
2020-11-19,14,176
2020-11-19,15,148
2020-11-19,16,158
2020-11-19,17,237
2020-11-19,18,222
2020-11-19,19,104
2020-11-19,20,66
2020-11-19,21,26
2020-11-19,22,21
2020-11-19,23,20
2020-11-20,0,11
2020-11-20,1,5
2020-11-20,2,5
2020-11-20,3,1
2020-11-20,4,5
2020-11-20,5,3
2020-11-20,6,13
2020-11-20,7,50
2020-11-20,8,77
2020-11-20,9,84
2020-11-20,10,93
2020-11-20,11,151
2020-11-20,12,137
2020-11-20,13,152
2020-11-20,14,186
2020-11-20,15,172
2020-11-20,16,271
2020-11-20,17,181
2020-11-20,18,160
2020-11-20,19,58
2020-11-20,20,29
2020-11-20,21,20
2020-11-20,22,19
2020-11-20,23,17
2020-11-21,0,8
2020-11-21,1,2
2020-11-21,2,1
2020-11-21,3,0
2020-11-21,4,6
2020-11-21,5,6
2020-11-21,6,4
2020-11-21,7,17
2020-11-21,8,22
2020-11-21,9,36
2020-11-21,10,66
2020-11-21,11,59
2020-11-21,12,76
2020-11-21,13,53
2020-11-21,14,45
2020-11-21,15,59
2020-11-21,16,126
2020-11-21,17,74
2020-11-21,18,72
2020-11-21,19,29
2020-11-21,20,36
2020-11-21,21,36
2020-11-21,22,49
2020-11-21,23,23
2020-11-22,0,9
2020-11-22,1,6
2020-11-22,2,1
2020-11-22,3,0
2020-11-22,4,1
2020-11-22,5,2
2020-11-22,6,4
2020-11-22,7,15
2020-11-22,8,16
2020-11-22,9,21
2020-11-22,10,49
2020-11-22,11,50
2020-11-22,12,67
2020-11-22,13,105
2020-11-22,14,47
2020-11-22,15,63
2020-11-22,16,90
2020-11-22,17,48
2020-11-22,18,41
2020-11-22,19,35
2020-11-22,20,17
2020-11-22,21,23
2020-11-22,22,31
2020-11-22,23,19
2020-11-23,0,4
2020-11-23,1,4
2020-11-23,2,4
2020-11-23,3,3
2020-11-23,4,1
2020-11-23,5,4
2020-11-23,6,9
2020-11-23,7,31
2020-11-23,8,57
2020-11-23,9,46
2020-11-23,10,49
2020-11-23,11,53
2020-11-23,12,51
2020-11-23,13,59
2020-11-23,14,67
2020-11-23,15,55
2020-11-23,16,79
2020-11-23,17,77
2020-11-23,18,58
2020-11-23,19,37
2020-11-23,20,13
2020-11-23,21,19
2020-11-23,22,16
2020-11-23,23,12
2020-11-24,0,10
2020-11-24,1,5
2020-11-24,2,3
2020-11-24,3,3
2020-11-24,4,1
2020-11-24,5,1
2020-11-24,6,11
2020-11-24,7,51
2020-11-24,8,66
2020-11-24,9,53
2020-11-24,10,49
2020-11-24,11,40
2020-11-24,12,49
2020-11-24,13,53
2020-11-24,14,114
2020-11-24,15,60
2020-11-24,16,104
2020-11-24,17,116
2020-11-24,18,54
2020-11-24,19,32
2020-11-24,20,34
2020-11-24,21,22
2020-11-24,22,21
2020-11-24,23,14
2020-11-25,0,6
2020-11-25,1,3
2020-11-25,2,2
2020-11-25,3,0
2020-11-25,4,1
2020-11-25,5,4
2020-11-25,6,10
2020-11-25,7,32
2020-11-25,8,69
2020-11-25,9,44
2020-11-25,10,62
2020-11-25,11,57
2020-11-25,12,52
2020-11-25,13,62
2020-11-25,14,98
2020-11-25,15,84
2020-11-25,16,83
2020-11-25,17,93
2020-11-25,18,66
2020-11-25,19,103
2020-11-25,20,36
2020-11-25,21,21
2020-11-25,22,40
2020-11-25,23,18
2020-11-26,0,9
2020-11-26,1,0
2020-11-26,2,3
2020-11-26,3,2
2020-11-26,4,2
2020-11-26,5,7
2020-11-26,6,78
2020-11-26,7,39
2020-11-26,8,61
2020-11-26,9,72
2020-11-26,10,40
2020-11-26,11,69
2020-11-26,12,63
2020-11-26,13,55
2020-11-26,14,91
2020-11-26,15,85
2020-11-26,16,56
2020-11-26,17,136
2020-11-26,18,79
2020-11-26,19,36
2020-11-26,20,36
2020-11-26,21,16
2020-11-26,22,17
2020-11-26,23,12
2020-11-27,0,5
2020-11-27,1,3
2020-11-27,2,6
2020-11-27,3,3
2020-11-27,4,0
2020-11-27,5,4
2020-11-27,6,9
2020-11-27,7,31
2020-11-27,8,58
2020-11-27,9,49
2020-11-27,10,69
2020-11-27,11,52
2020-11-27,12,102
2020-11-27,13,104
2020-11-27,14,98
2020-11-27,15,71
2020-11-27,16,114
2020-11-27,17,82
2020-11-27,18,108
2020-11-27,19,43
2020-11-27,20,34
2020-11-27,21,19
2020-11-27,22,36
2020-11-27,23,17
2020-11-28,0,10
2020-11-28,1,4
2020-11-28,2,8
2020-11-28,3,3
2020-11-28,4,6
2020-11-28,5,0
2020-11-28,6,0
2020-11-28,7,16
2020-11-28,8,22
2020-11-28,9,36
2020-11-28,10,41
2020-11-28,11,53
2020-11-28,12,80
2020-11-28,13,92
2020-11-28,14,104
2020-11-28,15,72
2020-11-28,16,50
2020-11-28,17,56
2020-11-28,18,68
2020-11-28,19,76
2020-11-28,20,36
2020-11-28,21,35
2020-11-28,22,48
2020-11-28,23,29
2020-11-29,0,10
2020-11-29,1,1
2020-11-29,2,5
2020-11-29,3,2
2020-11-29,4,2
2020-11-29,5,1
2020-11-29,6,0
2020-11-29,7,16
2020-11-29,8,16
2020-11-29,9,21
2020-11-29,10,53
2020-11-29,11,38
2020-11-29,12,27
2020-11-29,13,40
2020-11-29,14,50
2020-11-29,15,60
2020-11-29,16,59
2020-11-29,17,42
2020-11-29,18,56
2020-11-29,19,40
2020-11-29,20,35
2020-11-29,21,31
2020-11-29,22,31
2020-11-29,23,24
2020-11-30,0,7
2020-11-30,1,3
2020-11-30,2,3
2020-11-30,3,4
2020-11-30,4,0
2020-11-30,5,1
2020-11-30,6,12
2020-11-30,7,40
2020-11-30,8,55
2020-11-30,9,64
2020-11-30,10,41
2020-11-30,11,104
2020-11-30,12,51
2020-11-30,13,66
2020-11-30,14,78
2020-11-30,15,110
2020-11-30,16,83
2020-11-30,17,76
2020-11-30,18,69
2020-11-30,19,38
2020-11-30,20,31
2020-11-30,21,26
2020-11-30,22,16
2020-11-30,23,12
2020-12-01,0,8
2020-12-01,1,4
2020-12-01,2,2
2020-12-01,3,2
2020-12-01,4,0
2020-12-01,5,10
2020-12-01,6,14
2020-12-01,7,63
2020-12-01,8,73
2020-12-01,9,47
2020-12-01,10,50
2020-12-01,11,48
2020-12-01,12,53
2020-12-01,13,84
2020-12-01,14,82
2020-12-01,15,79
2020-12-01,16,68
2020-12-01,17,84
2020-12-01,18,48
2020-12-01,19,45
2020-12-01,20,76
2020-12-01,21,17
2020-12-01,22,16
2020-12-01,23,12
2020-12-02,0,9
2020-12-02,1,0
2020-12-02,2,4
2020-12-02,3,0
2020-12-02,4,0
2020-12-02,5,3
2020-12-02,6,15
2020-12-02,7,42
2020-12-02,8,62
2020-12-02,9,70
2020-12-02,10,42
2020-12-02,11,41
2020-12-02,12,64
2020-12-02,13,74
2020-12-02,14,81
2020-12-02,15,86
2020-12-02,16,76
2020-12-02,17,85
2020-12-02,18,61
2020-12-02,19,70
2020-12-02,20,23
2020-12-02,21,29
2020-12-02,22,36
2020-12-02,23,12
2020-12-03,0,8
2020-12-03,1,3
2020-12-03,2,2
2020-12-03,3,2
2020-12-03,4,0
2020-12-03,5,3
2020-12-03,6,16
2020-12-03,7,28
2020-12-03,8,66
2020-12-03,9,53
2020-12-03,10,42
2020-12-03,11,55
2020-12-03,12,69
2020-12-03,13,72
2020-12-03,14,77
2020-12-03,15,67
2020-12-03,16,156
2020-12-03,17,86
2020-12-03,18,60
2020-12-03,19,34
2020-12-03,20,34
2020-12-03,21,17
2020-12-03,22,17
2020-12-03,23,15
2020-12-04,0,4
2020-12-04,1,5
2020-12-04,2,3
2020-12-04,3,0
2020-12-04,4,2
2020-12-04,5,3
2020-12-04,6,11
2020-12-04,7,44
2020-12-04,8,66
2020-12-04,9,62
2020-12-04,10,54
2020-12-04,11,100
2020-12-04,12,61
2020-12-04,13,85
2020-12-04,14,134
2020-12-04,15,78
2020-12-04,16,81
2020-12-04,17,86
2020-12-04,18,65
2020-12-04,19,41
2020-12-04,20,34
2020-12-04,21,14
2020-12-04,22,20
2020-12-04,23,12
2020-12-05,0,9
2020-12-05,1,5
2020-12-05,2,3
2020-12-05,3,2
2020-12-05,4,1
2020-12-05,5,4
2020-12-05,6,7
2020-12-05,7,16
2020-12-05,8,17
2020-12-05,9,36
2020-12-05,11,28
2020-12-05,12,78
2020-12-05,13,84
2020-12-05,14,53
2020-12-05,15,57
2020-12-05,16,55
2020-12-05,17,35
2020-12-05,18,62
2020-12-05,19,40
2020-12-05,20,36
2020-12-05,21,40
2020-12-05,22,49
2020-12-05,23,35
2020-12-06,0,11
2020-12-06,1,6
2020-12-06,2,4
2020-12-06,3,1
2020-12-06,4,3
2020-12-06,5,1
2020-12-06,6,4
2020-12-06,7,16
2020-12-06,8,16
2020-12-06,9,21
2020-12-06,10,53
2020-12-06,11,57
2020-12-06,12,42
2020-12-06,13,52
2020-12-06,14,57
2020-12-06,15,44
2020-12-06,16,70
2020-12-06,17,43
2020-12-06,18,48
2020-12-06,19,41
2020-12-06,20,26
2020-12-06,21,26
2020-12-06,22,27
2020-12-06,23,19
2020-12-07,0,4
2020-12-07,1,3
2020-12-07,2,4
2020-12-07,3,0
2020-12-07,4,0
2020-12-07,5,1
2020-12-07,6,13
2020-12-07,7,35
2020-12-07,8,72
2020-12-07,9,58
2020-12-07,10,41
2020-12-07,11,55
2020-12-07,12,61
2020-12-07,13,67
2020-12-07,14,98
2020-12-07,15,78
2020-12-07,16,68
2020-12-07,17,86
2020-12-07,18,78
2020-12-07,19,44
2020-12-07,20,31
2020-12-07,21,26
2020-12-07,22,16
2020-12-07,23,10
2020-12-08,0,6
2020-12-08,1,3
2020-12-08,2,1
2020-12-08,3,0
2020-12-08,4,1
2020-12-08,5,6
2020-12-08,6,15
2020-12-08,7,44
2020-12-08,8,66
2020-12-08,9,48
2020-12-08,10,66
2020-12-08,11,68
2020-12-08,12,71
2020-12-08,13,52
2020-12-08,14,71
2020-12-08,15,84
2020-12-08,16,81
2020-12-08,17,91
2020-12-08,18,62
2020-12-08,19,36
2020-12-08,20,32
2020-12-08,21,27
2020-12-08,22,16
2020-12-08,23,10
2020-12-09,0,10
2020-12-09,1,3
2020-12-09,2,3
2020-12-09,3,1
2020-12-09,4,3
2020-12-09,5,2
2020-12-09,6,10
2020-12-09,7,47
2020-12-09,8,60
2020-12-09,9,110
2020-12-09,10,52
2020-12-09,11,61
2020-12-09,12,71
2020-12-09,13,67
2020-12-09,14,97
2020-12-09,15,81
2020-12-09,16,98
2020-12-09,17,111
2020-12-09,18,69
2020-12-09,19,70
2020-12-09,20,35
2020-12-09,21,26
2020-12-09,22,40
2020-12-09,23,12
2020-12-10,0,4
2020-12-10,1,0
2020-12-10,2,0
2020-12-10,3,0
2020-12-10,4,0
2020-12-10,5,4
2020-12-10,6,25
2020-12-10,7,41
2020-12-10,8,53
2020-12-10,9,65
2020-12-10,10,72
2020-12-10,11,70
2020-12-10,12,71
2020-12-10,13,69
2020-12-10,14,88
2020-12-10,15,70
2020-12-10,16,96
2020-12-10,17,110
2020-12-10,18,100
2020-12-10,19,35
2020-12-10,20,34
2020-12-10,21,21
2020-12-10,22,16
2020-12-10,23,16
2020-12-11,0,6
2020-12-11,1,4
2020-12-11,2,1
2020-12-11,3,3
2020-12-11,4,3
2020-12-11,5,5
2020-12-11,6,17
2020-12-11,7,44
2020-12-11,8,73
2020-12-11,9,72
2020-12-11,10,76
2020-12-11,11,100
2020-12-11,12,112
2020-12-11,13,138
2020-12-11,14,123
2020-12-11,15,102
2020-12-11,16,107
2020-12-11,17,112
2020-12-11,18,117
2020-12-11,19,61
2020-12-11,20,45
2020-12-11,21,37
2020-12-11,22,22
2020-12-11,23,19
2020-12-12,0,13
2020-12-12,1,6
2020-12-12,2,5
2020-12-12,3,5
2020-12-12,4,1
2020-12-12,5,4
2020-12-12,6,12
2020-12-12,7,17
2020-12-12,8,27
2020-12-12,9,50
2020-12-12,10,75
2020-12-12,11,83
2020-12-12,12,111
2020-12-12,13,151
2020-12-12,14,158
2020-12-12,15,136
2020-12-12,16,169
2020-12-12,17,180
2020-12-12,18,173
2020-12-12,19,55
2020-12-12,20,49
2020-12-12,21,36
2020-12-12,22,49
2020-12-12,23,23
2020-12-13,0,6
2020-12-13,1,12
2020-12-13,2,6
2020-12-13,3,6
2020-12-13,4,2
2020-12-13,5,5
2020-12-13,6,5
2020-12-13,7,16
2020-12-13,8,16
2020-12-13,9,21
2020-12-13,10,41
2020-12-13,11,84
2020-12-13,12,75
2020-12-13,13,101
2020-12-13,14,144
2020-12-13,15,116
2020-12-13,16,119
2020-12-13,17,123
2020-12-13,18,89
2020-12-13,19,49
2020-12-13,20,38
2020-12-13,21,21
2020-12-13,22,31
2020-12-13,23,18
2020-12-14,0,10
2020-12-14,1,3
2020-12-14,2,3
2020-12-14,3,0
2020-12-14,4,5
2020-12-14,5,2
2020-12-14,6,13
2020-12-14,7,39
2020-12-14,8,62
2020-12-14,9,61
2020-12-14,10,76
2020-12-14,11,98
2020-12-14,12,122
2020-12-14,13,142
2020-12-14,14,162
2020-12-14,15,103
2020-12-14,16,193
2020-12-14,17,180
2020-12-14,18,109
2020-12-14,19,53
2020-12-14,20,32
2020-12-14,21,17
2020-12-14,22,16
2020-12-14,23,8
2020-12-15,0,8
2020-12-15,1,0
2020-12-15,2,4
2020-12-15,3,0
2020-12-15,4,1
2020-12-15,5,0
2020-12-15,6,15
2020-12-15,7,49
2020-12-15,8,55
2020-12-15,9,59
2020-12-15,10,74
2020-12-15,11,117
2020-12-15,12,133
2020-12-15,13,133
2020-12-15,14,129
2020-12-15,15,133
2020-12-15,16,148
2020-12-15,17,170
2020-12-15,18,139
2020-12-15,19,59
2020-12-15,20,40
2020-12-15,21,23
2020-12-15,22,21
2020-12-15,23,11
2020-12-16,0,3
2020-12-16,1,5
2020-12-16,2,2
2020-12-16,3,1
2020-12-16,4,2
2020-12-16,5,3
2020-12-16,6,15
2020-12-16,7,42
2020-12-16,8,101
2020-12-16,9,86
2020-12-16,10,68
2020-12-16,11,94
2020-12-16,12,88
2020-12-16,13,121
2020-12-16,14,128
2020-12-16,15,158
2020-12-16,16,156
2020-12-16,17,194
2020-12-16,18,172
2020-12-16,19,94
2020-12-16,20,42
2020-12-16,21,26
2020-12-16,22,40
2020-12-16,23,9
2020-12-17,0,11
2020-12-17,1,2
2020-12-17,2,0
2020-12-17,3,0
2020-12-17,4,1
2020-12-17,5,2
2020-12-17,6,17
2020-12-17,7,41
2020-12-17,8,59
2020-12-17,9,65
2020-12-17,10,80
2020-12-17,11,109
2020-12-17,12,140
2020-12-17,13,144
2020-12-17,14,144
2020-12-17,15,150
2020-12-17,16,217
2020-12-17,17,257
2020-12-17,18,162
2020-12-17,19,71
2020-12-17,20,39
2020-12-17,21,28
2020-12-17,22,15
2020-12-17,23,18
2020-12-18,0,8
2020-12-18,1,8
2020-12-18,2,2
2020-12-18,3,2
2020-12-18,4,4
2020-12-18,5,3
2020-12-18,6,13
2020-12-18,7,71
2020-12-18,8,62
2020-12-18,9,82
2020-12-18,10,87
2020-12-18,11,119
2020-12-18,12,165
2020-12-18,13,138
2020-12-18,14,162
2020-12-18,15,192
2020-12-18,16,195
2020-12-18,17,171
2020-12-18,18,192
2020-12-18,19,77
2020-12-18,20,37
2020-12-18,21,28
2020-12-18,22,31
2020-12-18,23,15
2020-12-19,0,9
2020-12-19,1,7
2020-12-19,2,5
2020-12-19,3,2
2020-12-19,4,2
2020-12-19,5,4
2020-12-19,6,13
2020-12-19,7,14
2020-12-19,8,32
2020-12-19,9,39
2020-12-19,10,67
2020-12-19,11,103
2020-12-19,12,140
2020-12-19,13,152
2020-12-19,14,140
2020-12-19,15,193
2020-12-19,16,159
2020-12-19,17,284
2020-12-19,18,142
2020-12-19,19,71
2020-12-19,20,37
2020-12-19,21,21
2020-12-19,22,42
2020-12-19,23,16
2020-12-20,0,8
2020-12-20,1,2
2020-12-20,2,4
2020-12-20,3,8
2020-12-20,4,4
2020-12-20,5,3
2020-12-20,6,5
2020-12-20,7,21
2020-12-20,8,16
2020-12-20,9,27
2020-12-20,10,47
2020-12-20,11,72
2020-12-20,12,158
2020-12-20,13,126
2020-12-20,14,130
2020-12-20,15,163
2020-12-20,16,140
2020-12-20,17,123
2020-12-20,18,130
2020-12-20,19,61
2020-12-20,20,35
2020-12-20,21,22
2020-12-20,22,19
2020-12-20,23,14
2020-12-21,0,6
2020-12-21,1,5
2020-12-21,2,3
2020-12-21,3,0
2020-12-21,4,2
2020-12-21,5,3
2020-12-21,6,12
2020-12-21,7,34
2020-12-21,8,53
2020-12-21,9,63
2020-12-21,10,78
2020-12-21,11,145
2020-12-21,12,139
2020-12-21,13,149
2020-12-21,14,180
2020-12-21,15,150
2020-12-21,16,231
2020-12-21,17,202
2020-12-21,18,123
2020-12-21,19,79
2020-12-21,20,36
2020-12-21,21,30
2020-12-21,22,21
2020-12-21,23,12
2020-12-22,0,4
2020-12-22,1,0
2020-12-22,2,0
2020-12-22,3,0
2020-12-22,4,0
2020-12-22,5,0
2020-12-22,6,16
2020-12-22,7,62
2020-12-22,8,74
2020-12-22,9,104
2020-12-22,10,93
2020-12-22,11,108
2020-12-22,12,133
2020-12-22,13,111
2020-12-22,14,170
2020-12-22,15,159
2020-12-22,16,210
2020-12-22,17,229
2020-12-22,18,291
2020-12-22,19,92
2020-12-22,20,42
2020-12-22,21,21
2020-12-22,22,26
2020-12-22,23,11
2020-12-23,0,7
2020-12-23,1,4
2020-12-23,2,2
2020-12-23,3,0
2020-12-23,4,2
2020-12-23,5,4
2020-12-23,6,9
2020-12-23,7,34
2020-12-23,8,51
2020-12-23,9,60
2020-12-23,10,103
2020-12-23,11,122
2020-12-23,12,178
2020-12-23,13,171
2020-12-23,14,138
2020-12-23,15,204
2020-12-23,16,304
2020-12-23,17,273
2020-12-23,18,246
2020-12-23,19,94
2020-12-23,20,53
2020-12-23,21,28
2020-12-23,22,19
2020-12-23,23,9
2020-12-24,0,5
2020-12-24,1,1
2020-12-24,2,5
2020-12-24,3,0
2020-12-24,4,0
2020-12-24,5,5
2020-12-24,6,17
2020-12-24,7,36
2020-12-24,8,52
2020-12-24,9,153
2020-12-24,10,86
2020-12-24,11,89
2020-12-24,12,122
2020-12-24,13,146
2020-12-24,14,128
2020-12-24,15,176
2020-12-24,16,160
2020-12-24,17,222
2020-12-24,18,93
2020-12-24,19,48
2020-12-24,20,29
2020-12-24,21,21
2020-12-24,22,16
2020-12-24,23,13
2020-12-25,0,7
2020-12-25,1,1
2020-12-25,2,1
2020-12-25,3,1
2020-12-25,4,0
2020-12-25,5,0
2020-12-25,6,5
2020-12-25,7,49
2020-12-25,8,66
2020-12-25,9,71
2020-12-25,10,71
2020-12-25,11,52
2020-12-25,12,58
2020-12-25,13,20
2020-12-25,14,21
2020-12-25,15,19
2020-12-25,16,24
2020-12-25,17,37
2020-12-25,18,119
2020-12-25,19,66
2020-12-25,20,40
2020-12-25,21,31
2020-12-25,22,31
2020-12-25,23,13
2020-12-26,0,7
2020-12-26,1,4
2020-12-26,2,6
2020-12-26,3,0
2020-12-26,4,0
2020-12-26,5,1
2020-12-26,6,4
2020-12-26,7,16
2020-12-26,8,26
2020-12-26,9,40
2020-12-26,10,61
2020-12-26,11,76
2020-12-26,12,97
2020-12-26,13,101
2020-12-26,14,119
2020-12-26,15,40
2020-12-26,16,17
2020-12-26,17,114
2020-12-26,18,101
2020-12-26,19,59
2020-12-26,20,40
2020-12-26,21,36
2020-12-26,22,49
2020-12-26,23,17
2020-12-27,0,5
2020-12-27,1,6
2020-12-27,2,2
2020-12-27,3,0
2020-12-27,4,0
2020-12-27,5,1
2020-12-27,6,2
2020-12-27,7,16
2020-12-27,8,16
2020-12-27,9,21
2020-12-27,10,49
2020-12-27,11,63
2020-12-27,12,72
2020-12-27,13,70
2020-12-27,14,116
2020-12-27,15,106
2020-12-27,16,82
2020-12-27,17,63
2020-12-27,18,71
2020-12-27,19,48
2020-12-27,20,35
2020-12-27,21,26
2020-12-27,22,26
2020-12-27,23,26
2020-12-28,0,6
2020-12-28,1,3
2020-12-28,2,0
2020-12-28,3,0
2020-12-28,4,1
2020-12-28,5,0
2020-12-28,6,10
2020-12-28,7,35
2020-12-28,8,52
2020-12-28,9,58
2020-12-28,10,57
2020-12-28,11,76
2020-12-28,12,74
2020-12-28,13,59
2020-12-28,14,69
2020-12-28,15,83
2020-12-28,16,38
2020-12-28,17,106
2020-12-28,18,79
2020-12-28,19,49
2020-12-28,20,26
2020-12-28,21,21
2020-12-28,22,16
2020-12-28,23,12
2020-12-29,0,6
2020-12-29,1,5
2020-12-29,2,0
2020-12-29,3,0
2020-12-29,4,0
2020-12-29,5,0
2020-12-29,6,9
2020-12-29,7,58
2020-12-29,8,61
2020-12-29,9,19
2020-12-29,10,44
2020-12-29,11,51
2020-12-29,12,54
2020-12-29,13,51
2020-12-29,14,56
2020-12-29,15,75
2020-12-29,16,69
2020-12-29,17,47
2020-12-29,18,106
2020-12-29,19,35
2020-12-29,20,27
2020-12-29,21,20
2020-12-29,22,21
2020-12-29,23,17
2020-12-30,0,7
2020-12-30,1,2
2020-12-30,2,6
2020-12-30,3,8
2020-12-30,4,1
2020-12-30,5,3
2020-12-30,6,10
2020-12-30,7,35
2020-12-30,8,71
2020-12-30,9,62
2020-12-30,10,48
2020-12-30,11,53
2020-12-30,12,89
2020-12-30,13,94
2020-12-30,14,61
2020-12-30,15,53
2020-12-30,16,87
2020-12-30,17,101
2020-12-30,18,74
2020-12-30,19,58
2020-12-30,20,36
2020-12-30,21,27
2020-12-30,22,36
2020-12-30,23,11
2020-12-31,0,4
2020-12-31,1,0
2020-12-31,2,2
2020-12-31,3,0
2020-12-31,4,1
2020-12-31,5,6
2020-12-31,6,16
2020-12-31,7,36
2020-12-31,8,49
2020-12-31,9,82
2020-12-31,10,72
2020-12-31,11,55
2020-12-31,12,38
2020-12-31,13,41
2020-12-31,14,42
2020-12-31,15,89
2020-12-31,16,46
2020-12-31,17,90
2020-12-31,18,65
2020-12-31,19,53
2020-12-31,20,30
2020-12-31,21,21
2020-12-31,22,16
2020-12-31,23,12
2021-01-01,0,3
2021-01-01,1,8
2021-01-01,2,0
2021-01-01,3,6
2021-01-01,4,4
2021-01-01,5,0
2021-01-01,6,3
2021-01-01,7,53
2021-01-01,8,75
2021-01-01,9,71
2021-01-01,10,71
2021-01-01,11,102
2021-01-01,12,107
2021-01-01,13,96
2021-01-01,14,25
2021-01-01,15,56
2021-01-01,16,90
2021-01-01,17,110
2021-01-01,18,119
2021-01-01,19,32
2021-01-01,20,32
2021-01-01,21,31
2021-01-01,22,36
2021-01-01,23,12
2021-01-02,0,12
2021-01-02,1,5
2021-01-02,2,6
2021-01-02,3,1
2021-01-02,4,1
2021-01-02,5,11
2021-01-02,6,4
2021-01-02,7,16
2021-01-02,8,26
2021-01-02,9,40
2021-01-02,10,66
2021-01-02,11,80
2021-01-02,12,86
2021-01-02,13,85
2021-01-02,14,115
2021-01-02,15,74
2021-01-02,16,43
2021-01-02,17,135
2021-01-02,18,44
2021-01-02,19,45
2021-01-02,20,36
2021-01-02,21,36
2021-01-02,22,49
2021-01-02,23,32
2021-01-03,0,5
2021-01-03,1,0
2021-01-03,2,4
2021-01-03,3,5
2021-01-03,4,3
2021-01-03,5,0
2021-01-03,6,4
2021-01-03,7,16
2021-01-03,8,16
2021-01-03,9,21
2021-01-03,10,49
2021-01-03,11,63
2021-01-03,12,60
2021-01-03,13,59
2021-01-03,14,68
2021-01-03,15,67
2021-01-03,16,78
2021-01-03,17,87
2021-01-03,18,30
2021-01-03,19,44
2021-01-03,20,45
2021-01-03,21,26
2021-01-03,22,26
2021-01-03,23,28
2021-01-04,0,4
2021-01-04,1,3
2021-01-04,2,3
2021-01-04,3,1
2021-01-04,4,3
2021-01-04,5,2
2021-01-04,6,8
2021-01-04,7,30
2021-01-04,8,57
2021-01-04,9,57
2021-01-04,10,55
2021-01-04,11,76
2021-01-04,12,84
2021-01-04,13,81
2021-01-04,14,56
2021-01-04,15,69
2021-01-04,16,129
2021-01-04,17,47
2021-01-04,18,28
2021-01-04,19,47
2021-01-04,20,21
2021-01-04,21,21
2021-01-04,22,22
2021-01-04,23,16
2021-01-05,0,7
2021-01-05,1,2
2021-01-05,2,3
2021-01-05,3,0
2021-01-05,4,0
2021-01-05,5,3
2021-01-05,6,11
2021-01-05,7,52
2021-01-05,8,40
2021-01-05,9,29
2021-01-05,10,31
2021-01-05,11,62
2021-01-05,12,60
2021-01-05,13,51
2021-01-05,14,53
2021-01-05,15,56
2021-01-05,16,77
2021-01-05,17,108
2021-01-05,18,91
2021-01-05,19,37
2021-01-05,20,17
2021-01-05,21,31
2021-01-05,22,18
2021-01-05,23,15
2021-01-06,0,4
2021-01-06,1,1
2021-01-06,2,3
2021-01-06,3,3
2021-01-06,4,0
2021-01-06,5,0
2021-01-06,6,12
2021-01-06,7,32
2021-01-06,8,32
2021-01-06,9,44
2021-01-06,10,58
2021-01-06,11,62
2021-01-06,12,39
2021-01-06,13,61
2021-01-06,14,63
2021-01-06,15,67
2021-01-06,16,80
2021-01-06,17,106
2021-01-06,18,83
2021-01-06,19,66
2021-01-06,20,36
2021-01-06,21,35
2021-01-06,22,31
2021-01-06,23,8
2021-01-07,0,11
2021-01-07,1,0
2021-01-07,2,3
2021-01-07,3,5
2021-01-07,4,1
2021-01-07,5,3
2021-01-07,6,6
2021-01-07,7,40
2021-01-07,8,42
2021-01-07,9,35
2021-01-07,10,76
2021-01-07,11,59
2021-01-07,12,34
2021-01-07,13,57
2021-01-07,14,69
2021-01-07,15,67
2021-01-07,16,57
2021-01-07,17,48
2021-01-07,18,74
2021-01-07,19,36
2021-01-07,20,22
2021-01-07,21,18
2021-01-07,22,16
2021-01-07,23,12
2021-01-08,0,5
2021-01-08,1,4
2021-01-08,2,4
2021-01-08,3,0
2021-01-08,4,2
2021-01-08,5,0
2021-01-08,6,11
2021-01-08,7,52
2021-01-08,8,111
2021-01-08,9,52
2021-01-08,10,60
2021-01-08,11,71
2021-01-08,12,85
2021-01-08,13,76
2021-01-08,14,62
2021-01-08,15,61
2021-01-08,16,86
2021-01-08,17,67
2021-01-08,18,55
2021-01-08,19,47
2021-01-08,20,40
2021-01-08,21,31
2021-01-08,22,31
2021-01-08,23,14
2021-01-09,0,6
2021-01-09,1,8
2021-01-09,2,1
2021-01-09,3,3
2021-01-09,4,1
2021-01-09,5,0
2021-01-09,6,11
2021-01-09,7,16
2021-01-09,8,23
2021-01-09,9,40
2021-01-09,10,57
2021-01-09,11,79
2021-01-09,12,66
2021-01-09,13,69
2021-01-09,14,111
2021-01-09,15,65
2021-01-09,16,34
2021-01-09,17,145
2021-01-09,18,92
2021-01-09,19,28
2021-01-09,20,36
2021-01-09,21,15
2021-01-09,22,62
2021-01-09,23,37
2021-01-10,0,5
2021-01-10,1,6
2021-01-10,2,6
2021-01-10,3,1
2021-01-10,4,0
2021-01-10,5,0
2021-01-10,6,3
2021-01-10,7,12
2021-01-10,8,16
2021-01-10,9,21
2021-01-10,10,49
2021-01-10,11,63
2021-01-10,12,48
2021-01-10,13,64
2021-01-10,14,53
2021-01-10,15,34
2021-01-10,16,36
2021-01-10,17,74
2021-01-10,18,29
2021-01-10,19,22
2021-01-10,20,45
2021-01-10,21,31
2021-01-10,22,26
2021-01-10,23,23
2021-01-11,0,4
2021-01-11,1,6
2021-01-11,2,5
2021-01-11,3,0
2021-01-11,4,0
2021-01-11,5,6
2021-01-11,6,6
2021-01-11,7,33
2021-01-11,8,44
2021-01-11,9,46
2021-01-11,10,44
2021-01-11,11,66
2021-01-11,12,40
2021-01-11,13,55
2021-01-11,14,56
2021-01-11,15,51
2021-01-11,16,94
2021-01-11,17,83
2021-01-11,18,56
2021-01-11,19,31
2021-01-11,20,23
2021-01-11,21,26
2021-01-11,22,17
2021-01-11,23,9
2021-01-12,0,5
2021-01-12,1,0
2021-01-12,2,1
2021-01-12,3,1
2021-01-12,4,0
2021-01-12,5,0
2021-01-12,6,12
2021-01-12,7,34
2021-01-12,8,56
2021-01-12,9,47
2021-01-12,10,39
2021-01-12,11,46
2021-01-12,12,70
2021-01-12,13,48
2021-01-12,14,73
2021-01-12,15,61
2021-01-12,16,60
2021-01-12,17,120
2021-01-12,18,68
2021-01-12,19,35
2021-01-12,20,20
2021-01-12,21,27
2021-01-12,22,21
2021-01-12,23,8
2021-01-13,0,5
2021-01-13,1,0
2021-01-13,2,5
2021-01-13,3,4
2021-01-13,4,1
2021-01-13,5,2
2021-01-13,6,9
2021-01-13,7,33
2021-01-13,8,34
2021-01-13,9,122
2021-01-13,10,48
2021-01-13,11,60
2021-01-13,12,43
2021-01-13,13,74
2021-01-13,14,66
2021-01-13,15,62
2021-01-13,16,117
2021-01-13,17,65
2021-01-13,18,46
2021-01-13,19,72
2021-01-13,20,36
2021-01-13,21,26
2021-01-13,22,36
2021-01-13,23,8
2021-01-14,0,5
2021-01-14,1,3
2021-01-14,2,0
2021-01-14,3,0
2021-01-14,4,0
2021-01-14,5,2
2021-01-14,6,15
2021-01-14,7,41
2021-01-14,8,84
2021-01-14,9,50
2021-01-14,10,36
2021-01-14,11,43
2021-01-14,12,54
2021-01-14,13,51
2021-01-14,14,48
2021-01-14,15,82
2021-01-14,16,51
2021-01-14,17,55
2021-01-14,18,46
2021-01-14,19,31
2021-01-14,20,26
2021-01-14,21,16
2021-01-14,22,16
2021-01-14,23,12
2021-01-15,0,6
2021-01-15,1,4
2021-01-15,2,1
2021-01-15,3,1
2021-01-15,4,1
2021-01-15,5,0
2021-01-15,6,17
2021-01-15,7,32
2021-01-15,8,47
2021-01-15,9,22
2021-01-15,10,54
2021-01-15,11,74
2021-01-15,12,72
2021-01-15,13,83
2021-01-15,14,58
2021-01-15,15,77
2021-01-15,16,75
2021-01-15,17,74
2021-01-15,18,61
2021-01-15,19,36
2021-01-15,20,36
2021-01-15,21,26
2021-01-15,22,26
2021-01-15,23,15
2021-01-16,0,7
2021-01-16,1,4
2021-01-16,2,1
2021-01-16,3,1
2021-01-16,4,0
2021-01-16,5,1
2021-01-16,6,12
2021-01-16,7,16
2021-01-16,8,26
2021-01-16,9,21
2021-01-16,10,25
2021-01-16,11,24
2021-01-16,12,46
2021-01-16,13,57
2021-01-16,14,109
2021-01-16,15,46
2021-01-16,16,65
2021-01-16,17,57
2021-01-16,18,70
2021-01-16,19,37
2021-01-16,20,23
2021-01-16,21,36
2021-01-16,22,57
2021-01-16,23,38
2021-01-17,0,5
2021-01-17,1,0
2021-01-17,2,6
2021-01-17,3,2
2021-01-17,4,0
2021-01-17,5,2
2021-01-17,6,0
2021-01-17,7,21
2021-01-17,8,16
2021-01-17,9,21
2021-01-17,10,49
2021-01-17,11,62
2021-01-17,12,21
2021-01-17,13,53
2021-01-17,14,67
2021-01-17,15,74
2021-01-17,16,25
2021-01-17,17,88
2021-01-17,18,42
2021-01-17,19,26
2021-01-17,20,22
2021-01-17,21,31
2021-01-17,22,26
2021-01-17,23,26
2021-01-18,0,2
2021-01-18,1,3
2021-01-18,2,1
2021-01-18,3,0
2021-01-18,4,0
2021-01-18,5,2
2021-01-18,6,9
2021-01-18,7,33
2021-01-18,8,37
2021-01-18,9,42
2021-01-18,10,41
2021-01-18,11,57
2021-01-18,12,45
2021-01-18,13,36
2021-01-18,14,54
2021-01-18,15,54
2021-01-18,16,68
2021-01-18,17,99
2021-01-18,18,38
2021-01-18,19,40
2021-01-18,20,25
2021-01-18,21,21
2021-01-18,22,17
2021-01-18,23,11
2021-01-19,0,11
2021-01-19,1,6
2021-01-19,2,3
2021-01-19,3,0
2021-01-19,4,2
2021-01-19,5,2
2021-01-19,6,5
2021-01-19,7,45
2021-01-19,8,105
2021-01-19,9,52
2021-01-19,10,31
2021-01-19,11,59
2021-01-19,12,64
2021-01-19,13,63
2021-01-19,14,55
2021-01-19,15,86
2021-01-19,16,73
2021-01-19,17,58
2021-01-19,18,48
2021-01-19,19,37
2021-01-19,20,16
2021-01-19,21,23
2021-01-19,22,16
2021-01-19,23,10
2021-01-20,0,6
2021-01-20,1,1
2021-01-20,2,0
2021-01-20,3,1
2021-01-20,4,0
2021-01-20,5,2
2021-01-20,6,12
2021-01-20,7,34
2021-01-20,8,42
2021-01-20,9,45
2021-01-20,10,52
2021-01-20,11,48
2021-01-20,12,47
2021-01-20,13,113
2021-01-20,14,83
2021-01-20,15,63
2021-01-20,16,82
2021-01-20,17,103
2021-01-20,18,91
2021-01-20,19,28
2021-01-20,20,36
2021-01-20,21,25
2021-01-20,22,36
2021-01-20,23,10
2021-01-21,0,2
2021-01-21,1,1
2021-01-21,2,1
2021-01-21,3,0
2021-01-21,4,0
2021-01-21,5,5
2021-01-21,6,17
2021-01-21,7,36
2021-01-21,8,47
2021-01-21,9,44
2021-01-21,10,57
2021-01-21,11,61
2021-01-21,12,47
2021-01-21,13,69
2021-01-21,14,51
2021-01-21,15,74
2021-01-21,16,58
2021-01-21,17,46
2021-01-21,18,43
2021-01-21,19,54
2021-01-21,20,40
2021-01-21,21,16
2021-01-21,22,16
2021-01-21,23,9
2021-01-22,0,7
2021-01-22,1,1
2021-01-22,2,1
2021-01-22,3,1
2021-01-22,4,0
2021-01-22,5,0
2021-01-22,6,14
2021-01-22,7,36
2021-01-22,8,69
2021-01-22,9,44
2021-01-22,10,41
2021-01-22,11,68
2021-01-22,12,62
2021-01-22,13,58
2021-01-22,14,74
2021-01-22,15,70
2021-01-22,16,64
2021-01-22,17,70
2021-01-22,18,58
2021-01-22,19,37
2021-01-22,20,35
2021-01-22,21,31
2021-01-22,22,31
2021-01-22,23,12
2021-01-23,0,6
2021-01-23,1,2
2021-01-23,2,0
2021-01-23,3,0
2021-01-23,4,0
2021-01-23,5,0
2021-01-23,6,8
2021-01-23,7,16
2021-01-23,8,26
2021-01-23,9,31
2021-01-23,10,53
2021-01-23,11,35
2021-01-23,12,37
2021-01-23,13,60
2021-01-23,14,87
2021-01-23,15,70
2021-01-23,16,62
2021-01-23,17,68
2021-01-23,18,41
2021-01-23,19,37
2021-01-23,20,22
2021-01-23,21,36
2021-01-23,22,66
2021-01-23,23,32
2021-01-24,0,3
2021-01-24,1,0
2021-01-24,2,0
2021-01-24,3,2
2021-01-24,4,0
2021-01-24,5,3
2021-01-24,6,0
2021-01-24,7,16
2021-01-24,8,16
2021-01-24,9,21
2021-01-24,10,48
2021-01-24,11,62
2021-01-24,12,41
2021-01-24,13,45
2021-01-24,14,53
2021-01-24,15,45
2021-01-24,16,28
2021-01-24,17,72
2021-01-24,18,46
2021-01-24,19,31
2021-01-24,20,40
2021-01-24,21,26
2021-01-24,22,27
2021-01-24,23,23
2021-01-25,0,3
2021-01-25,1,3
2021-01-25,2,1
2021-01-25,3,3
2021-01-25,4,1
2021-01-25,5,0
2021-01-25,6,8
2021-01-25,7,39
2021-01-25,8,41
2021-01-25,9,36
2021-01-25,10,52
2021-01-25,11,57
2021-01-25,12,45
2021-01-25,13,49
2021-01-25,14,102
2021-01-25,15,57
2021-01-25,16,94
2021-01-25,17,78
2021-01-25,18,33
2021-01-25,19,26
2021-01-25,20,33
2021-01-25,21,26
2021-01-25,22,22
2021-01-25,23,12
2021-01-26,0,3
2021-01-26,1,5
2021-01-26,2,4
2021-01-26,3,5
2021-01-26,4,0
2021-01-26,5,4
2021-01-26,6,10
2021-01-26,7,64
2021-01-26,8,50
2021-01-26,9,51
2021-01-26,10,38
2021-01-26,11,47
2021-01-26,12,52
2021-01-26,13,71
2021-01-26,14,60
2021-01-26,15,69
2021-01-26,16,60
2021-01-26,17,78
2021-01-26,18,79
2021-01-26,19,46
2021-01-26,20,24
2021-01-26,21,27
2021-01-26,22,17
2021-01-26,23,11
2021-01-27,0,2
2021-01-27,1,1
2021-01-27,2,3
2021-01-27,3,4
2021-01-27,4,2
2021-01-27,5,3
2021-01-27,6,11
2021-01-27,7,34
2021-01-27,8,42
2021-01-27,9,47
2021-01-27,10,32
2021-01-27,11,87
2021-01-27,12,46
2021-01-27,13,67
2021-01-27,14,54
2021-01-27,15,55
2021-01-27,16,65
2021-01-27,17,145
2021-01-27,18,73
2021-01-27,19,64
2021-01-27,20,36
2021-01-27,21,26
2021-01-27,22,40
2021-01-27,23,8
2021-01-28,0,7
2021-01-28,1,0
2021-01-28,2,1
2021-01-28,3,0
2021-01-28,4,0
2021-01-28,5,4
2021-01-28,6,9
2021-01-28,7,31
2021-01-28,8,47
2021-01-28,9,83
2021-01-28,10,56
2021-01-28,11,38
2021-01-28,12,60
2021-01-28,13,40
2021-01-28,14,62
2021-01-28,15,80
2021-01-28,16,81
2021-01-28,17,67
2021-01-28,18,66
2021-01-28,19,42
2021-01-28,20,24
2021-01-28,21,16
2021-01-28,22,16
2021-01-28,23,11
2021-01-29,0,12
2021-01-29,1,3
2021-01-29,2,0
2021-01-29,3,0
2021-01-29,4,2
2021-01-29,5,3
2021-01-29,6,11
2021-01-29,7,38
2021-01-29,8,41
2021-01-29,9,54
2021-01-29,10,34
2021-01-29,11,67
2021-01-29,12,49
2021-01-29,13,71
2021-01-29,14,80
2021-01-29,15,57
2021-01-29,16,84
2021-01-29,17,112
2021-01-29,18,37
2021-01-29,19,40
2021-01-29,20,27
2021-01-29,21,26
2021-01-29,22,31
2021-01-29,23,11
2021-01-30,0,6
2021-01-30,1,6
2021-01-30,2,0
2021-01-30,3,0
2021-01-30,4,0
2021-01-30,5,0
2021-01-30,6,9
2021-01-30,7,16
2021-01-30,8,26
2021-01-30,9,29
2021-01-30,10,53
2021-01-30,11,63
2021-01-30,12,37
2021-01-30,13,58
2021-01-30,14,67
2021-01-30,15,69
2021-01-30,16,57
2021-01-30,17,98
2021-01-30,18,34
2021-01-30,19,32
2021-01-30,20,26
2021-01-30,21,27
2021-01-30,22,58
2021-01-30,23,38
2021-01-31,0,5
2021-01-31,1,0
2021-01-31,2,0
2021-01-31,3,6
2021-01-31,4,1
2021-01-31,5,0
2021-01-31,6,0
2021-01-31,7,16
2021-01-31,8,16
2021-01-31,9,21
2021-01-31,10,49
2021-01-31,11,62
2021-01-31,12,47
2021-01-31,13,95
2021-01-31,14,115
2021-01-31,15,114
2021-01-31,16,104
2021-01-31,17,84
2021-01-31,18,65
2021-01-31,19,62
2021-01-31,20,53
2021-01-31,21,39
2021-01-31,22,30
2021-01-31,23,29
2021-02-01,0,3
2021-02-01,1,5
2021-02-01,2,4
2021-02-01,3,1
2021-02-01,4,4
2021-02-01,5,1
2021-02-01,6,7
2021-02-01,7,79
2021-02-01,8,46
2021-02-01,9,48
2021-02-01,10,47
2021-02-01,11,58
2021-02-01,12,100
2021-02-01,13,59
2021-02-01,14,63
2021-02-01,15,58
2021-02-01,16,65
2021-02-01,17,71
2021-02-01,18,42
2021-02-01,19,35
2021-02-01,20,26
2021-02-01,21,26
2021-02-01,22,17
2021-02-01,23,11
2021-02-02,0,1
2021-02-02,1,0
2021-02-02,2,0
2021-02-02,3,1
2021-02-02,4,1
2021-02-02,5,5
2021-02-02,6,9
2021-02-02,7,49
2021-02-02,8,48
2021-02-02,9,41
2021-02-02,10,29
2021-02-02,11,33
2021-02-02,12,59
2021-02-02,13,50
2021-02-02,14,58
2021-02-02,15,59
2021-02-02,16,83
2021-02-02,17,84
2021-02-02,18,90
2021-02-02,19,42
2021-02-02,20,20
2021-02-02,21,18
2021-02-02,22,21
2021-02-02,23,8
2021-02-03,0,4
2021-02-03,1,1
2021-02-03,2,4
2021-02-03,3,0
2021-02-03,4,1
2021-02-03,5,0
2021-02-03,6,13
2021-02-03,7,37
2021-02-03,8,45
2021-02-03,9,44
2021-02-03,10,50
2021-02-03,11,58
2021-02-03,12,48
2021-02-03,13,67
2021-02-03,14,64
2021-02-03,15,78
2021-02-03,16,93
2021-02-03,17,94
2021-02-03,18,50
2021-02-03,19,33
2021-02-03,20,36
2021-02-03,21,26
2021-02-03,22,36
2021-02-03,23,9
2021-02-04,0,10
2021-02-04,1,2
2021-02-04,2,3
2021-02-04,3,5
2021-02-04,4,0
2021-02-04,5,7
2021-02-04,6,8
2021-02-04,7,32
2021-02-04,8,47
2021-02-04,9,50
2021-02-04,10,42
2021-02-04,11,64
2021-02-04,12,46
2021-02-04,13,44
2021-02-04,14,57
2021-02-04,15,51
2021-02-04,16,86
2021-02-04,17,73
2021-02-04,18,71
2021-02-04,19,39
2021-02-04,20,17
2021-02-04,21,10
2021-02-04,22,11
2021-02-04,23,9
2021-02-05,0,8
2021-02-05,1,10
2021-02-05,2,0
2021-02-05,3,1
2021-02-05,4,0
2021-02-05,5,2
2021-02-05,6,17
2021-02-05,7,43
2021-02-05,8,38
2021-02-05,9,59
2021-02-05,10,44
2021-02-05,11,66
2021-02-05,12,52
2021-02-05,13,92
2021-02-05,14,58
2021-02-05,15,58
2021-02-05,16,72
2021-02-05,17,84
2021-02-05,18,49
2021-02-05,19,40
2021-02-05,20,33
2021-02-05,21,23
2021-02-05,22,31
2021-02-05,23,14
2021-02-06,0,4
2021-02-06,1,6
2021-02-06,2,5
2021-02-06,3,2
2021-02-06,4,1
2021-02-06,5,0
2021-02-06,6,13
2021-02-06,7,16
2021-02-06,8,26
2021-02-06,9,40
2021-02-06,10,29
2021-02-06,11,42
2021-02-06,12,49
2021-02-06,13,49
2021-02-06,14,55
2021-02-06,15,65
2021-02-06,16,53
2021-02-06,17,67
2021-02-06,18,51
2021-02-06,19,42
2021-02-06,20,26
2021-02-06,21,21
2021-02-06,22,14
2021-02-06,23,8
2021-02-07,0,8
2021-02-07,1,4
2021-02-07,2,3
2021-02-07,3,2
2021-02-07,4,0
2021-02-07,5,3
2021-02-07,6,1
2021-02-07,7,16
2021-02-07,8,16
2021-02-07,9,21
2021-02-07,10,49
2021-02-07,11,57
2021-02-07,12,53
2021-02-07,13,50
2021-02-07,14,74
2021-02-07,15,73
2021-02-07,16,57
2021-02-07,17,48
2021-02-07,18,36
2021-02-07,19,20
2021-02-07,20,36
2021-02-07,21,31
2021-02-07,22,26
2021-02-07,23,30
2021-02-08,0,3
2021-02-08,1,2
2021-02-08,2,0
2021-02-08,3,0
2021-02-08,4,3
2021-02-08,5,2
2021-02-08,6,8
2021-02-08,7,45
2021-02-08,8,38
2021-02-08,9,42
2021-02-08,10,52
2021-02-08,11,41
2021-02-08,12,57
2021-02-08,13,68
2021-02-08,14,71
2021-02-08,15,141
2021-02-08,16,65
2021-02-08,17,67
2021-02-08,18,52
2021-02-08,19,44
2021-02-08,20,31
2021-02-08,21,21
2021-02-08,22,22
2021-02-08,23,11
2021-02-09,0,5
2021-02-09,1,7
2021-02-09,2,1
2021-02-09,3,3
2021-02-09,4,1
2021-02-09,5,44
2021-02-09,6,12
2021-02-09,7,47
2021-02-09,8,57
2021-02-09,9,70
2021-02-09,10,44
2021-02-09,11,81
2021-02-09,12,60
2021-02-09,13,41
2021-02-09,14,80
2021-02-09,15,75
2021-02-09,16,64
2021-02-09,17,81
2021-02-09,18,85
2021-02-09,19,61
2021-02-09,20,21
2021-02-09,21,26
2021-02-09,22,21
2021-02-09,23,10
2021-02-10,0,7
2021-02-10,1,0
2021-02-10,2,0
2021-02-10,3,0
2021-02-10,4,0
2021-02-10,5,2
2021-02-10,6,10
2021-02-10,7,30
2021-02-10,8,40
2021-02-10,9,57
2021-02-10,10,41
2021-02-10,11,48
2021-02-10,12,54
2021-02-10,13,64
2021-02-10,14,58
2021-02-10,15,62
2021-02-10,16,60
2021-02-10,17,112
2021-02-10,18,121
2021-02-10,19,57
2021-02-10,20,36
2021-02-10,21,26
2021-02-10,22,36
2021-02-10,23,12
2021-02-11,0,8
2021-02-11,1,0
2021-02-11,2,2
2021-02-11,3,0
2021-02-11,4,0
2021-02-11,5,0
2021-02-11,6,13
2021-02-11,7,31
2021-02-11,8,39
2021-02-11,9,37
2021-02-11,10,52
2021-02-11,11,30
2021-02-11,12,55
2021-02-11,13,74
2021-02-11,14,76
2021-02-11,15,88
2021-02-11,16,75
2021-02-11,17,72
2021-02-11,18,58
2021-02-11,19,48
2021-02-11,20,21
2021-02-11,21,16
2021-02-11,22,16
2021-02-11,23,13
2021-02-12,0,3
2021-02-12,1,3
2021-02-12,2,0
2021-02-12,3,0
2021-02-12,4,2
2021-02-12,5,0
2021-02-12,6,14
2021-02-12,7,111
2021-02-12,8,54
2021-02-12,9,86
2021-02-12,10,51
2021-02-12,11,56
2021-02-12,12,75
2021-02-12,13,69
2021-02-12,14,190
2021-02-12,15,76
2021-02-12,16,75
2021-02-12,17,75
2021-02-12,18,46
2021-02-12,19,37
2021-02-12,20,34
2021-02-12,21,21
2021-02-12,22,31
2021-02-12,23,20
2021-02-13,0,5
2021-02-13,1,4
2021-02-13,2,4
2021-02-13,3,3
2021-02-13,4,0
2021-02-13,5,1
2021-02-13,6,12
2021-02-13,7,16
2021-02-13,8,26
2021-02-13,9,40
2021-02-13,10,65
2021-02-13,11,48
2021-02-13,12,54
2021-02-13,13,44
2021-02-13,14,94
2021-02-13,15,76
2021-02-13,16,42
2021-02-13,17,73
2021-02-13,18,55
2021-02-13,19,36
2021-02-13,20,31
2021-02-13,21,28
2021-02-13,22,58
2021-02-13,23,32
2021-02-14,0,10
2021-02-14,1,2
2021-02-14,2,8
2021-02-14,3,8
2021-02-14,4,3
2021-02-14,5,0
2021-02-14,6,2
2021-02-14,7,12
2021-02-14,8,16
2021-02-14,9,17
2021-02-14,10,17
2021-02-14,11,51
2021-02-14,12,57
2021-02-14,13,45
2021-02-14,14,66
2021-02-14,15,50
2021-02-14,16,41
2021-02-14,17,71
2021-02-14,18,48
2021-02-14,19,22
2021-02-14,20,31
2021-02-14,21,26
2021-02-14,22,26
2021-02-14,23,20
2021-02-15,0,5
2021-02-15,1,7
2021-02-15,2,2
2021-02-15,3,6
2021-02-15,4,1
2021-02-15,5,3
2021-02-15,6,11
2021-02-15,7,62
2021-02-15,8,69
2021-02-15,9,50
2021-02-15,10,34
2021-02-15,11,47
2021-02-15,12,60
2021-02-15,13,54
2021-02-15,14,43
2021-02-15,15,48
2021-02-15,16,80
2021-02-15,17,65
2021-02-15,18,51
2021-02-15,19,27
2021-02-15,20,22
2021-02-15,21,22
2021-02-15,22,17
2021-02-15,23,9
2021-02-16,0,6
2021-02-16,1,1
2021-02-16,2,3
2021-02-16,3,0
2021-02-16,4,0
2021-02-16,5,11
2021-02-16,6,3
2021-02-16,7,51
2021-02-16,8,45
2021-02-16,9,38
2021-02-16,10,38
2021-02-16,11,42
2021-02-16,12,64
2021-02-16,13,52
2021-02-16,14,67
2021-02-16,15,61
2021-02-16,16,49
2021-02-16,17,80
2021-02-16,18,61
2021-02-16,19,39
2021-02-16,20,22
2021-02-16,21,27
2021-02-16,22,21
2021-02-16,23,12
2021-02-17,0,7
2021-02-17,1,0
2021-02-17,2,0
2021-02-17,3,0
2021-02-17,4,0
2021-02-17,5,2
2021-02-17,6,8
2021-02-17,7,29
2021-02-17,8,45
2021-02-17,9,51
2021-02-17,10,35
2021-02-17,11,42
2021-02-17,12,62
2021-02-17,13,85
2021-02-17,14,56
2021-02-17,15,59
2021-02-17,16,59
2021-02-17,17,93
2021-02-17,18,68
2021-02-17,19,32
2021-02-17,20,16
2021-02-17,21,14
2021-02-17,22,36
2021-02-17,23,14
2021-02-18,0,5
2021-02-18,1,3
2021-02-18,2,0
2021-02-18,3,0
2021-02-18,4,0
2021-02-18,5,2
2021-02-18,6,14
2021-02-18,7,44
2021-02-18,8,49
2021-02-18,9,67
2021-02-18,10,45
2021-02-18,11,57
2021-02-18,12,54
2021-02-18,13,56
2021-02-18,14,60
2021-02-18,15,71
2021-02-18,16,115
2021-02-18,17,74
2021-02-18,18,48
2021-02-18,19,29
2021-02-18,20,16
2021-02-18,21,21
2021-02-18,22,16
2021-02-18,23,15
2021-02-19,0,8
2021-02-19,1,4
2021-02-19,2,3
2021-02-19,3,2
2021-02-19,4,1
2021-02-19,5,4
2021-02-19,6,11
2021-02-19,7,40
2021-02-19,8,35
2021-02-19,9,40
2021-02-19,10,37
2021-02-19,11,60
2021-02-19,12,58
2021-02-19,13,70
2021-02-19,14,70
2021-02-19,15,54
2021-02-19,16,55
2021-02-19,17,62
2021-02-19,18,47
2021-02-19,19,34
2021-02-19,20,24
2021-02-19,21,21
2021-02-19,22,31
2021-02-19,23,18
2021-02-20,0,7
2021-02-20,1,5
2021-02-20,2,1
2021-02-20,3,1
2021-02-20,4,1
2021-02-20,5,10
2021-02-20,6,5
2021-02-20,7,14
2021-02-20,8,18
2021-02-20,9,39
2021-02-20,10,80
2021-02-20,11,37
2021-02-20,12,68
2021-02-20,13,53
2021-02-20,14,54
2021-02-20,15,48
2021-02-20,16,37
2021-02-20,17,41
2021-02-20,18,41
2021-02-20,19,40
2021-02-20,20,22
2021-02-20,21,27
2021-02-20,22,17
2021-02-20,23,31
2021-02-21,0,8
2021-02-21,1,12
2021-02-21,2,6
2021-02-21,3,0
2021-02-21,4,2
2021-02-21,5,5
2021-02-21,6,7
2021-02-21,7,12
2021-02-21,8,16
2021-02-21,9,21
2021-02-21,10,45
2021-02-21,11,47
2021-02-21,12,37
2021-02-21,13,37
2021-02-21,14,49
2021-02-21,15,48
2021-02-21,16,42
2021-02-21,17,39
2021-02-21,18,43
2021-02-21,19,31
2021-02-21,20,33
2021-02-21,21,31
2021-02-21,22,27
2021-02-21,23,23
2021-02-22,0,5
2021-02-22,1,0
2021-02-22,2,2
2021-02-22,3,3
2021-02-22,4,0
2021-02-22,5,6
2021-02-22,6,12
2021-02-22,7,27
2021-02-22,8,61
2021-02-22,9,44
2021-02-22,10,51
2021-02-22,11,44
2021-02-22,12,74
2021-02-22,13,58
2021-02-22,14,58
2021-02-22,15,101
2021-02-22,16,57
2021-02-22,17,69
2021-02-22,18,52
2021-02-22,19,35
2021-02-22,20,29
2021-02-22,21,26
2021-02-22,22,17
2021-02-22,23,9
2021-02-23,0,9
2021-02-23,1,9
2021-02-23,2,0
2021-02-23,3,4
2021-02-23,4,1
2021-02-23,5,0
2021-02-23,8,41
2021-02-23,9,48
2021-02-23,10,35
2021-02-23,11,44
2021-02-23,12,54
2021-02-23,13,55
2021-02-23,14,59
2021-02-23,15,58
2021-02-23,16,62
2021-02-23,17,89
2021-02-23,18,43
2021-02-23,19,23
2021-02-23,20,30
2021-02-23,21,23
2021-02-23,22,19
2021-02-23,23,14
2021-02-24,0,5
2021-02-24,1,1
2021-02-24,2,0
2021-02-24,3,0
2021-02-24,4,0
2021-02-24,5,0
2021-02-24,6,12
2021-02-24,7,25
2021-02-24,8,33
2021-02-24,9,51
2021-02-24,10,77
2021-02-24,11,39
2021-02-24,12,63
2021-02-24,13,55
2021-02-24,14,47
2021-02-24,15,65
2021-02-24,16,72
2021-02-24,17,79
2021-02-24,18,52
2021-02-24,19,43
2021-02-24,20,36
2021-02-24,21,24
2021-02-24,22,32
2021-02-24,23,14
2021-02-25,0,11
2021-02-25,1,3
2021-02-25,2,3
2021-02-25,3,0
2021-02-25,4,2
2021-02-25,5,4
2021-02-25,6,13
2021-02-25,7,42
2021-02-25,8,44
2021-02-25,9,58
2021-02-25,10,49
2021-02-25,11,52
2021-02-25,12,48
2021-02-25,13,65
2021-02-25,14,68
2021-02-25,15,75
2021-02-25,16,70
2021-02-25,17,69
2021-02-25,18,108
2021-02-25,19,36
2021-02-25,20,21
2021-02-25,21,16
2021-02-25,22,16
2021-02-25,23,12
2021-02-26,0,5
2021-02-26,1,3
2021-02-26,2,6
2021-02-26,3,2
2021-02-26,4,2
2021-02-26,5,11
2021-02-26,6,8
2021-02-26,7,39
2021-02-26,8,41
2021-02-26,9,47
2021-02-26,10,30
2021-02-26,11,70
2021-02-26,12,53
2021-02-26,13,64
2021-02-26,14,73
2021-02-26,15,81
2021-02-26,16,73
2021-02-26,17,98
2021-02-26,18,60
2021-02-26,19,40
2021-02-26,20,58
2021-02-26,21,23
2021-02-26,22,15
2021-02-26,23,14
2021-02-27,0,10
2021-02-27,1,2
2021-02-27,2,6
2021-02-27,3,1
2021-02-27,4,2
2021-02-27,5,5
2021-02-27,6,10
2021-02-27,7,16
2021-02-27,8,26
2021-02-27,9,40
2021-02-27,10,48
2021-02-27,11,33
2021-02-27,12,38
2021-02-27,13,50
2021-02-27,14,78
2021-02-27,15,68
2021-02-27,16,60
2021-02-27,17,54
2021-02-27,18,50
2021-02-27,19,42
2021-02-27,20,22
2021-02-27,21,13
2021-02-27,22,14
2021-02-27,23,33
2021-02-28,0,11
2021-02-28,1,9
2021-02-28,2,4
2021-02-28,3,5
2021-02-28,4,3
2021-02-28,5,3
2021-02-28,6,0
2021-02-28,7,12
2021-02-28,8,16
2021-02-28,9,21
2021-02-28,10,49
2021-02-28,11,33
2021-02-28,12,38
2021-02-28,13,56
2021-02-28,14,56
2021-02-28,15,55
2021-02-28,16,41
2021-02-28,17,57
2021-02-28,18,44
2021-02-28,19,28
2021-02-28,20,31
2021-02-28,21,21
2021-02-28,22,27
2021-02-28,23,15
2021-03-01,0,7
2021-03-01,1,1
2021-03-01,2,3
2021-03-01,3,1
2021-03-01,4,1
2021-03-01,5,3
2021-03-01,6,12
2021-03-01,7,43
2021-03-01,8,48
2021-03-01,9,129
2021-03-01,10,135
2021-03-01,11,48
2021-03-01,12,88
2021-03-01,13,49
2021-03-01,14,66
2021-03-01,15,69
2021-03-01,16,62
2021-03-01,17,79
2021-03-01,18,53
2021-03-01,19,38
2021-03-01,20,24
2021-03-01,21,21
2021-03-01,22,17
2021-03-01,23,12
2021-03-02,0,4
2021-03-02,1,1
2021-03-02,2,4
2021-03-02,3,1
2021-03-02,4,2
2021-03-02,5,2
2021-03-02,6,12
2021-03-02,7,43
2021-03-02,8,46
2021-03-02,9,64
2021-03-02,10,49
2021-03-02,11,48
2021-03-02,12,67
2021-03-02,13,72
2021-03-02,14,80
2021-03-02,15,71
2021-03-02,16,72
2021-03-02,17,97
2021-03-02,18,84
2021-03-02,19,44
2021-03-02,20,31
2021-03-02,21,16
2021-03-02,22,21
2021-03-02,23,12
2021-03-03,0,0
2021-03-03,1,0
2021-03-03,2,0
2021-03-03,3,0
2021-03-03,4,0
2021-03-03,5,0
2021-03-03,6,12
2021-03-03,7,32
2021-03-03,8,51
2021-03-03,9,49
2021-03-03,10,86
2021-03-03,11,47
2021-03-03,12,50
2021-03-03,13,57
2021-03-03,14,50
2021-03-03,15,95
2021-03-03,16,80
2021-03-03,17,85
2021-03-03,18,58
2021-03-03,19,33
2021-03-03,20,25
2021-03-03,21,21
2021-03-03,22,36
2021-03-03,23,15
2021-03-04,0,6
2021-03-04,1,5
2021-03-04,2,0
2021-03-04,3,0
2021-03-04,4,2
2021-03-04,5,5
2021-03-04,6,9
2021-03-04,7,45
2021-03-04,8,36
2021-03-04,9,48
2021-03-04,10,64
2021-03-04,11,46
2021-03-04,12,75
2021-03-04,13,93
2021-03-04,14,64
2021-03-04,15,64
2021-03-04,16,71
2021-03-04,17,72
2021-03-04,18,51
2021-03-04,19,47
2021-03-04,20,21
2021-03-04,21,16
2021-03-04,22,16
2021-03-04,23,11
2021-03-05,0,8
2021-03-05,1,6
2021-03-05,2,0
2021-03-05,3,3
2021-03-05,4,0
2021-03-05,5,8
2021-03-05,6,12
2021-03-05,7,37
2021-03-05,8,36
2021-03-05,9,53
2021-03-05,10,45
2021-03-05,11,70
2021-03-05,12,73
2021-03-05,13,127
2021-03-05,14,91
2021-03-05,15,61
2021-03-05,16,73
2021-03-05,17,71
2021-03-05,18,67
2021-03-05,19,48
2021-03-05,20,29
2021-03-05,21,16
2021-03-05,22,21
2021-03-05,23,13
2021-03-06,0,6
2021-03-06,1,0
2021-03-06,2,1
2021-03-06,3,1
2021-03-06,4,1
2021-03-06,5,4
2021-03-06,6,8
2021-03-06,7,16
2021-03-06,8,22
2021-03-06,9,40
2021-03-06,10,40
2021-03-06,11,48
2021-03-06,12,58
2021-03-06,13,62
2021-03-06,14,57
2021-03-06,15,60
2021-03-06,16,52
2021-03-06,17,71
2021-03-06,18,55
2021-03-06,19,40
2021-03-06,20,31
2021-03-06,21,17
2021-03-06,22,34
2021-03-06,23,27
2021-03-07,0,10
2021-03-07,1,5
2021-03-07,2,4
2021-03-07,3,3
2021-03-07,4,3
2021-03-07,5,3
2021-03-07,6,1
2021-03-07,7,12
2021-03-07,8,16
2021-03-07,9,21
2021-03-07,10,49
2021-03-07,11,49
2021-03-07,12,28
2021-03-07,13,34
2021-03-07,14,73
2021-03-07,15,55
2021-03-07,16,45
2021-03-07,17,68
2021-03-07,18,68
2021-03-07,19,37
2021-03-07,20,35
2021-03-07,21,31
2021-03-07,22,32
2021-03-07,23,21
2021-03-08,0,4
2021-03-08,1,5
2021-03-08,2,2
2021-03-08,3,5
2021-03-08,4,3
2021-03-08,5,5
2021-03-08,6,10
2021-03-08,7,32
2021-03-08,8,37
2021-03-08,9,47
2021-03-08,10,54
2021-03-08,11,48
2021-03-08,12,75
2021-03-08,13,56
2021-03-08,14,130
2021-03-08,15,77
2021-03-08,16,66
2021-03-08,17,72
2021-03-08,18,40
2021-03-08,19,33
2021-03-08,20,28
2021-03-08,21,26
2021-03-08,22,17
2021-03-08,23,12
2021-03-09,0,5
2021-03-09,1,0
2021-03-09,2,0
2021-03-09,3,4
2021-03-09,4,1
2021-03-09,5,6
2021-03-09,6,15
2021-03-09,7,43
2021-03-09,8,49
2021-03-09,9,53
2021-03-09,10,97
2021-03-09,11,57
2021-03-09,12,43
2021-03-09,13,50
2021-03-09,14,63
2021-03-09,15,64
2021-03-09,16,76
2021-03-09,17,60
2021-03-09,18,47
2021-03-09,19,28
2021-03-09,20,21
2021-03-09,21,16
2021-03-09,22,16
2021-03-09,23,8
2021-03-10,0,9
2021-03-10,1,8
2021-03-10,2,1
2021-03-10,3,3
2021-03-10,4,0
2021-03-10,5,2
2021-03-10,6,9
2021-03-10,7,40
2021-03-10,8,52
2021-03-10,9,93
2021-03-10,10,40
2021-03-10,11,64
2021-03-10,12,49
2021-03-10,13,73
2021-03-10,14,41
2021-03-10,15,55
2021-03-10,16,68
2021-03-10,17,69
2021-03-10,18,60
2021-03-10,19,40
2021-03-10,20,36
2021-03-10,21,22
2021-03-10,22,10
2021-03-10,23,9
2021-03-11,0,6
2021-03-11,1,2
2021-03-11,2,0
2021-03-11,3,0
2021-03-11,4,4
2021-03-11,5,3
2021-03-11,6,20
2021-03-11,7,37
2021-03-11,8,41
2021-03-11,9,53
2021-03-11,10,58
2021-03-11,11,57
2021-03-11,12,64
2021-03-11,13,67
2021-03-11,14,50
2021-03-11,15,62
2021-03-11,16,72
2021-03-11,17,70
2021-03-11,18,51
2021-03-11,19,43
2021-03-11,20,22
2021-03-11,21,16
2021-03-11,22,16
2021-03-11,23,9
2021-03-12,0,7
2021-03-12,1,7
2021-03-12,2,3
2021-03-12,3,0
2021-03-12,4,0
2021-03-12,5,2
2021-03-12,6,15
2021-03-12,7,42
2021-03-12,8,60
2021-03-12,9,52
2021-03-12,10,35
2021-03-12,11,69
2021-03-12,12,55
2021-03-12,13,57
2021-03-12,14,77
2021-03-12,15,72
2021-03-12,16,68
2021-03-12,17,66
2021-03-12,18,53
2021-03-12,19,46
2021-03-12,20,33
2021-03-12,21,25
2021-03-12,22,31
2021-03-12,23,12
2021-03-13,0,6
2021-03-13,1,6
2021-03-13,2,0
2021-03-13,3,4
2021-03-13,4,4
2021-03-13,5,4
2021-03-13,6,6
2021-03-13,7,16
2021-03-13,8,17
2021-03-13,9,40
2021-03-13,10,39
2021-03-13,11,48
2021-03-13,12,58
2021-03-13,13,65
2021-03-13,14,78
2021-03-13,15,62
2021-03-13,16,56
2021-03-13,17,48
2021-03-13,18,52
2021-03-13,19,50
2021-03-13,20,27
2021-03-13,21,25
2021-03-13,22,40
2021-03-13,23,15
2021-03-14,0,10
2021-03-14,1,5
2021-03-14,2,7
2021-03-14,3,6
2021-03-14,4,3
2021-03-14,5,1
2021-03-14,6,4
2021-03-14,7,16
2021-03-14,8,16
2021-03-14,9,21
2021-03-14,10,45
2021-03-14,11,47
2021-03-14,12,40
2021-03-14,13,41
2021-03-14,14,50
2021-03-14,15,62
2021-03-14,16,48
2021-03-14,17,40
2021-03-14,18,43
2021-03-14,19,29
2021-03-14,20,19
2021-03-14,21,22
2021-03-14,22,16
2021-03-14,23,14
2021-03-15,0,2
2021-03-15,1,6
2021-03-15,2,0
2021-03-15,3,2
2021-03-15,4,0
2021-03-15,5,0
2021-03-15,6,6
2021-03-15,7,39
2021-03-15,8,71
2021-03-15,9,46
2021-03-15,10,78
2021-03-15,11,43
2021-03-15,12,54
2021-03-15,13,58
2021-03-15,14,59
2021-03-15,15,87
2021-03-15,16,83
2021-03-15,17,70
2021-03-15,18,50
2021-03-15,19,38
2021-03-15,20,22
2021-03-15,21,21
2021-03-15,22,17
2021-03-15,23,14
2021-03-16,0,6
2021-03-16,1,2
2021-03-16,2,0
2021-03-16,3,0
2021-03-16,4,0
2021-03-16,5,4
2021-03-16,6,5
2021-03-16,7,116
2021-03-16,8,74
2021-03-16,9,74
2021-03-16,10,42
2021-03-16,11,60
2021-03-16,12,77
2021-03-16,13,84
2021-03-16,14,87
2021-03-16,15,70
2021-03-16,16,128
2021-03-16,17,100
2021-03-16,18,74
2021-03-16,19,40
2021-03-16,20,24
2021-03-16,21,16
2021-03-16,22,21
2021-03-16,23,11
2021-03-17,0,1
2021-03-17,1,3
2021-03-17,2,1
2021-03-17,3,3
2021-03-17,4,0
2021-03-17,5,4
2021-03-17,6,9
2021-03-17,7,39
2021-03-17,8,61
2021-03-17,9,45
2021-03-17,10,46
2021-03-17,11,71
2021-03-17,12,58
2021-03-17,13,59
2021-03-17,14,51
2021-03-17,15,52
2021-03-17,16,70
2021-03-17,17,89
2021-03-17,18,94
2021-03-17,19,45
2021-03-17,20,29
2021-03-17,21,14
2021-03-17,22,21
2021-03-17,23,14
2021-03-18,0,9
2021-03-18,1,0
2021-03-18,2,0
2021-03-18,3,0
2021-03-18,4,2
2021-03-18,5,0
2021-03-18,6,11
2021-03-18,7,45
2021-03-18,8,85
2021-03-18,9,72
2021-03-18,10,124
2021-03-18,11,45
2021-03-18,12,57
2021-03-18,13,62
2021-03-18,14,64
2021-03-18,15,72
2021-03-18,16,85
2021-03-18,17,92
2021-03-18,18,73
2021-03-18,19,56
2021-03-18,20,33
2021-03-18,21,19
2021-03-18,22,16
2021-03-18,23,11
2021-03-19,0,5
2021-03-19,1,3
2021-03-19,2,1
2021-03-19,3,6
2021-03-19,4,1
2021-03-19,5,0
2021-03-19,6,16
2021-03-19,7,45
2021-03-19,8,75
2021-03-19,9,80
2021-03-19,10,40
2021-03-19,11,69
2021-03-19,12,87
2021-03-19,13,98
2021-03-19,14,96
2021-03-19,15,91
2021-03-19,16,76
2021-03-19,17,76
2021-03-19,18,59
2021-03-19,19,49
2021-03-19,20,30
2021-03-19,21,16
2021-03-19,22,64
2021-03-19,23,11
2021-03-20,0,1
2021-03-20,1,3
2021-03-20,2,6
2021-03-20,3,0
2021-03-20,4,1
2021-03-20,5,6
2021-03-20,6,6
2021-03-20,7,16
2021-03-20,8,26
2021-03-20,9,40
2021-03-20,10,41
2021-03-20,11,40
2021-03-20,12,85
2021-03-20,13,70
2021-03-20,14,65
2021-03-20,15,56
2021-03-20,16,54
2021-03-20,17,75
2021-03-20,18,58
2021-03-20,19,36
2021-03-20,20,26
2021-03-20,21,22
2021-03-20,22,40
2021-03-20,23,17
2021-03-21,0,9
2021-03-21,1,3
2021-03-21,2,6
2021-03-21,3,2
2021-03-21,4,1
2021-03-21,5,3
2021-03-21,6,4
2021-03-21,7,12
2021-03-21,8,16
2021-03-21,9,21
2021-03-21,10,35
2021-03-21,11,47
2021-03-21,12,32
2021-03-21,13,39
2021-03-21,14,54
2021-03-21,15,60
2021-03-21,16,56
2021-03-21,17,41
2021-03-21,18,47
2021-03-21,19,30
2021-03-21,20,35
2021-03-21,21,26
2021-03-21,22,21
2021-03-21,23,18
2021-03-22,0,0
2021-03-22,1,6
2021-03-22,2,2
2021-03-22,3,0
2021-03-22,4,4
2021-03-22,5,0
2021-03-22,6,16
2021-03-22,7,41
2021-03-22,8,66
2021-03-22,9,71
2021-03-22,10,51
2021-03-22,11,55
2021-03-22,12,112
2021-03-22,13,103
2021-03-22,14,55
2021-03-22,15,80
2021-03-22,16,74
2021-03-22,17,86
2021-03-22,18,54
2021-03-22,19,43
2021-03-22,20,26
2021-03-22,21,19
2021-03-22,22,11
2021-03-22,23,9
2021-03-23,0,11
2021-03-23,1,4
2021-03-23,2,3
2021-03-23,3,2
2021-03-23,4,2
2021-03-23,5,5
2021-03-23,6,9
2021-03-23,7,51
2021-03-23,8,60
2021-03-23,9,56
2021-03-23,10,46
2021-03-23,11,46
2021-03-23,12,57
2021-03-23,13,54
2021-03-23,14,65
2021-03-23,15,67
2021-03-23,16,67
2021-03-23,17,92
2021-03-23,18,72
2021-03-23,19,35
2021-03-23,20,21
2021-03-23,21,16
2021-03-23,22,16
2021-03-23,23,8
2021-03-24,0,0
2021-03-24,1,0
2021-03-24,2,0
2021-03-24,3,0
2021-03-24,4,0
2021-03-24,5,0
2021-03-24,6,12
2021-03-24,7,35
2021-03-24,8,60
2021-03-24,9,61
2021-03-24,10,53
2021-03-24,11,52
2021-03-24,12,54
2021-03-24,13,82
2021-03-24,14,102
2021-03-24,15,74
2021-03-24,16,81
2021-03-24,17,94
2021-03-24,18,53
2021-03-24,19,42
2021-03-24,20,36
2021-03-24,21,16
2021-03-24,22,21
2021-03-24,23,9
2021-03-25,0,10
2021-03-25,1,3
2021-03-25,2,3
2021-03-25,3,5
2021-03-25,4,2
2021-03-25,5,1
2021-03-25,6,10
2021-03-25,7,49
2021-03-25,8,97
2021-03-25,9,124
2021-03-25,10,85
2021-03-25,11,68
2021-03-25,12,63
2021-03-25,13,65
2021-03-25,14,57
2021-03-25,15,90
2021-03-25,16,91
2021-03-25,17,81
2021-03-25,18,79
2021-03-25,19,68
2021-03-25,20,18
2021-03-25,21,16
2021-03-25,22,16
2021-03-25,23,11
2021-03-26,0,9
2021-03-26,1,3
2021-03-26,2,1
2021-03-26,3,8
2021-03-26,4,3
2021-03-26,5,4
2021-03-26,6,10
2021-03-26,7,49
2021-03-26,8,76
2021-03-26,9,53
2021-03-26,10,67
2021-03-26,11,68
2021-03-26,12,61
2021-03-26,13,68
2021-03-26,14,112
2021-03-26,15,69
2021-03-26,16,134
2021-03-26,17,77
2021-03-26,18,54
2021-03-26,19,55
2021-03-26,20,37
2021-03-26,21,23
2021-03-26,22,21
2021-03-26,23,13
2021-03-27,0,12
2021-03-27,1,7
2021-03-27,2,4
2021-03-27,3,2
2021-03-27,4,6
2021-03-27,5,4
2021-03-27,6,4
2021-03-27,7,16
2021-03-27,8,22
2021-03-27,9,44
2021-03-27,10,45
2021-03-27,11,46
2021-03-27,12,44
2021-03-27,13,65
2021-03-27,14,67
2021-03-27,15,68
2021-03-27,16,55
2021-03-27,17,63
2021-03-27,18,45
2021-03-27,19,34
2021-03-27,20,21
2021-03-27,21,17
2021-03-27,22,40
2021-03-27,23,28
2021-03-28,0,9
2021-03-28,1,9
2021-03-28,2,4
2021-03-28,3,2
2021-03-28,4,2
2021-03-28,5,5
2021-03-28,6,16
2021-03-28,7,16
2021-03-28,8,21
2021-03-28,9,45
2021-03-28,10,30
2021-03-28,11,35
2021-03-28,12,44
2021-03-28,13,55
2021-03-28,14,53
2021-03-28,15,43
2021-03-28,16,47
2021-03-28,17,47
2021-03-28,18,22
2021-03-28,19,26
2021-03-28,20,26
2021-03-28,21,21
2021-03-28,22,21
2021-03-28,23,4
2021-03-29,0,1
2021-03-29,1,2
2021-03-29,2,2
2021-03-29,3,4
2021-03-29,4,2
2021-03-29,5,6
2021-03-29,6,39
2021-03-29,7,66
2021-03-29,8,69
2021-03-29,9,63
2021-03-29,10,65
2021-03-29,11,65
2021-03-29,12,62
2021-03-29,13,69
2021-03-29,14,65
2021-03-29,15,74
2021-03-29,16,77
2021-03-29,17,65
2021-03-29,18,39
2021-03-29,19,20
2021-03-29,20,22
2021-03-29,21,17
2021-03-29,22,10
2021-03-29,23,6
2021-03-30,0,4
2021-03-30,1,0
2021-03-30,2,0
2021-03-30,3,2
2021-03-30,4,1
2021-03-30,5,13
2021-03-30,6,36
2021-03-30,7,77
2021-03-30,8,92
2021-03-30,9,47
2021-03-30,10,64
2021-03-30,11,0
2021-03-30,12,21
2021-03-30,13,66
2021-03-30,14,77
2021-03-30,15,107
2021-03-30,16,94
2021-03-30,17,62
2021-03-30,18,45
2021-03-30,19,25
2021-03-30,20,27
2021-03-30,21,13
2021-03-30,22,9
2021-03-30,23,8
2021-03-31,0,5
2021-03-31,1,4
2021-03-31,2,5
2021-03-31,3,0
2021-03-31,4,3
2021-03-31,5,10
2021-03-31,6,43
2021-03-31,7,74
2021-03-31,8,68
2021-03-31,9,33
2021-03-31,10,50
2021-03-31,11,63
2021-03-31,12,78
2021-03-31,13,75
2021-03-31,14,82
2021-03-31,15,84
2021-03-31,16,96
2021-03-31,17,68
2021-03-31,18,41
2021-03-31,19,40
2021-03-31,20,22
2021-03-31,21,26
2021-03-31,22,12
2021-03-31,23,10
2021-04-01,0,1
2021-04-01,1,5
2021-04-01,2,6
2021-04-01,3,2
2021-04-01,4,7
2021-04-01,5,12
2021-04-01,6,110
2021-04-01,7,76
2021-04-01,8,60
2021-04-01,9,49
2021-04-01,10,58
2021-04-01,11,56
2021-04-01,12,88
2021-04-01,13,60
2021-04-01,14,81
2021-04-01,15,97
2021-04-01,16,112
2021-04-01,17,86
2021-04-01,18,55
2021-04-01,19,37
2021-04-01,20,17
2021-04-01,21,16
2021-04-01,22,17
2021-04-01,23,9
2021-04-02,0,5
2021-04-02,1,2
2021-04-02,2,1
2021-04-02,3,1
2021-04-02,4,0
2021-04-02,5,10
2021-04-02,6,40
2021-04-02,7,34
2021-04-02,8,31
2021-04-02,9,53
2021-04-02,10,76
2021-04-02,11,64
2021-04-02,12,67
2021-04-02,13,92
2021-04-02,14,80
2021-04-02,15,88
2021-04-02,16,92
2021-04-02,17,62
2021-04-02,18,48
2021-04-02,19,46
2021-04-02,20,15
2021-04-02,21,27
2021-04-02,22,10
2021-04-02,23,11
2021-04-03,0,2
2021-04-03,1,2
2021-04-03,2,0
2021-04-03,3,2
2021-04-03,4,2
2021-04-03,5,6
2021-04-03,6,16
2021-04-03,7,22
2021-04-03,8,39
2021-04-03,9,32
2021-04-03,10,57
2021-04-03,11,60
2021-04-03,12,61
2021-04-03,13,80
2021-04-03,14,63
2021-04-03,15,59
2021-04-03,16,62
2021-04-03,17,47
2021-04-03,18,44
2021-04-03,19,31
2021-04-03,20,24
2021-04-03,21,36
2021-04-03,22,30
2021-04-03,23,7
2021-04-04,0,1
2021-04-04,1,7
2021-04-04,2,2
2021-04-04,3,4
2021-04-04,4,1
2021-04-04,5,2
2021-04-04,6,16
2021-04-04,7,16
2021-04-04,8,21
2021-04-04,9,29
2021-04-04,10,36
2021-04-04,11,32
2021-04-04,12,53
2021-04-04,13,50
2021-04-04,14,53
2021-04-04,15,42
2021-04-04,16,39
2021-04-04,17,50
2021-04-04,18,26
2021-04-04,19,39
2021-04-04,20,29
2021-04-04,21,23
2021-04-04,22,17
2021-04-04,23,6
2021-04-05,0,2
2021-04-05,1,1
2021-04-05,2,3
2021-04-05,3,0
2021-04-05,4,2
2021-04-05,5,4
2021-04-05,6,48
2021-04-05,7,57
2021-04-05,8,39
2021-04-05,9,34
2021-04-05,10,31
2021-04-05,11,69
2021-04-05,12,60
2021-04-05,13,60
2021-04-05,14,71
2021-04-05,15,48
2021-04-05,16,49
2021-04-05,17,33
2021-04-05,18,43
2021-04-05,19,21
2021-04-05,20,21
2021-04-05,21,17
2021-04-05,22,8
2021-04-05,23,12
2021-04-06,0,4
2021-04-06,1,1
2021-04-06,2,2
2021-04-06,3,0
2021-04-06,4,5
2021-04-06,5,9
2021-04-06,6,36
2021-04-06,7,90
2021-04-06,8,65
2021-04-06,9,39
2021-04-06,10,46
2021-04-06,11,57
2021-04-06,12,71
2021-04-06,13,82
2021-04-06,14,88
2021-04-06,15,93
2021-04-06,16,114
2021-04-06,17,52
2021-04-06,18,42
2021-04-06,19,22
2021-04-06,20,29
2021-04-06,21,16
2021-04-06,22,8
2021-04-06,23,9
2021-04-07,0,2
2021-04-07,1,0
2021-04-07,2,0
2021-04-07,3,0
2021-04-07,4,3
2021-04-07,5,3
2021-04-07,6,37
2021-04-07,7,71
2021-04-07,8,59
2021-04-07,9,55
2021-04-07,10,55
2021-04-07,11,71
2021-04-07,12,67
2021-04-07,13,81
2021-04-07,14,106
2021-04-07,15,85
2021-04-07,16,83
2021-04-07,17,72
2021-04-07,18,34
2021-04-07,19,29
2021-04-07,20,38
2021-04-07,21,21
2021-04-07,22,18
2021-04-07,23,12
2021-04-08,0,5
2021-04-08,1,7
2021-04-08,2,2
2021-04-08,3,3
2021-04-08,4,1
2021-04-08,5,5
2021-04-08,6,64
2021-04-08,7,67
2021-04-08,8,48
2021-04-08,9,60
2021-04-08,10,42
2021-04-08,11,58
2021-04-08,12,87
2021-04-08,13,69
2021-04-08,14,115
2021-04-08,15,68
2021-04-08,16,98
2021-04-08,17,70
2021-04-08,18,50
2021-04-08,19,32
2021-04-08,20,15
2021-04-08,21,16
2021-04-08,22,15
2021-04-08,23,8
2021-04-09,0,3
2021-04-09,1,3
2021-04-09,2,5
2021-04-09,3,0
2021-04-09,4,2
2021-04-09,5,5
2021-04-09,6,40
2021-04-09,7,49
2021-04-09,8,55
2021-04-09,9,57
2021-04-09,10,64
2021-04-09,11,76
2021-04-09,12,78
2021-04-09,13,82
2021-04-09,14,101
2021-04-09,15,109
2021-04-09,16,87
2021-04-09,17,75
2021-04-09,18,110
2021-04-09,19,46
2021-04-09,20,28
2021-04-09,21,18
2021-04-09,22,14
2021-04-09,23,11
2021-04-10,0,8
2021-04-10,1,1
2021-04-10,2,2
2021-04-10,3,0
2021-04-10,4,3
2021-04-10,5,9
2021-04-10,6,16
2021-04-10,7,16
2021-04-10,8,29
2021-04-10,9,31
2021-04-10,10,98
2021-04-10,11,57
2021-04-10,12,68
2021-04-10,13,89
2021-04-10,14,70
2021-04-10,15,52
2021-04-10,16,71
2021-04-10,17,63
2021-04-10,18,47
2021-04-10,19,16
2021-04-10,20,22
2021-04-10,21,40
2021-04-10,22,31
2021-04-10,23,12
2021-04-11,0,3
2021-04-11,1,1
2021-04-11,2,2
2021-04-11,3,0
2021-04-11,4,4
2021-04-11,5,4
2021-04-11,6,10
2021-04-11,7,16
2021-04-11,8,21
2021-04-11,9,40
2021-04-11,10,33
2021-04-11,11,47
2021-04-11,12,62
2021-04-11,13,69
2021-04-11,14,55
2021-04-11,15,42
2021-04-11,16,51
2021-04-11,17,49
2021-04-11,18,33
2021-04-11,19,25
2021-04-11,20,31
2021-04-11,21,21
2021-04-11,22,20
2021-04-11,23,8
2021-04-12,0,0
2021-04-12,1,0
2021-04-12,2,1
2021-04-12,3,0
2021-04-12,4,0
2021-04-12,5,11
2021-04-12,6,52
2021-04-12,7,65
2021-04-12,8,56
2021-04-12,9,50
2021-04-12,10,23
2021-04-12,11,57
2021-04-12,12,69
2021-04-12,13,63
2021-04-12,14,104
2021-04-12,15,70
2021-04-12,16,89
2021-04-12,17,90
2021-04-12,18,51
2021-04-12,19,27
2021-04-12,20,18
2021-04-12,21,17
2021-04-12,22,8
2021-04-12,23,5
2021-04-13,0,1
2021-04-13,1,1
2021-04-13,2,0
2021-04-13,3,0
2021-04-13,4,1
2021-04-13,5,9
2021-04-13,6,65
2021-04-13,7,72
2021-04-13,8,79
2021-04-13,9,52
2021-04-13,10,62
2021-04-13,11,82
2021-04-13,12,82
2021-04-13,13,86
2021-04-13,14,81
2021-04-13,15,95
2021-04-13,16,82
2021-04-13,17,80
2021-04-13,18,42
2021-04-13,19,19
2021-04-13,20,16
2021-04-13,21,16
2021-04-13,22,9
2021-04-13,23,2
2021-04-14,0,2
2021-04-14,1,0
2021-04-14,2,0
2021-04-14,3,2
2021-04-14,4,1
2021-04-14,5,9
2021-04-14,6,59
2021-04-14,7,71
2021-04-14,8,84
2021-04-14,9,64
2021-04-14,10,79
2021-04-14,11,69
2021-04-14,12,72
2021-04-14,13,81
2021-04-14,14,116
2021-04-14,15,86
2021-04-14,16,114
2021-04-14,17,76
2021-04-14,18,46
2021-04-14,19,30
2021-04-14,20,16
2021-04-14,21,21
2021-04-14,22,20
2021-04-14,23,11
2021-04-15,0,1
2021-04-15,1,0
2021-04-15,2,2
2021-04-15,3,2
2021-04-15,4,5
2021-04-15,5,12
2021-04-15,6,103
2021-04-15,7,68
2021-04-15,8,71
2021-04-15,9,49
2021-04-15,10,84
2021-04-15,11,84
2021-04-15,12,66
2021-04-15,13,60
2021-04-15,14,172
2021-04-15,15,95
2021-04-15,16,113
2021-04-15,17,95
2021-04-15,18,52
2021-04-15,19,33
2021-04-15,20,25
2021-04-15,21,20
2021-04-15,22,16
2021-04-15,23,9
2021-04-16,0,3
2021-04-16,1,2
2021-04-16,2,1
2021-04-16,3,0
2021-04-16,4,2
2021-04-16,5,14
2021-04-16,6,41
2021-04-16,7,51
2021-04-16,8,73
2021-04-16,9,48
2021-04-16,10,76
2021-04-16,11,64
2021-04-16,12,78
2021-04-16,13,97
2021-04-16,14,84
2021-04-16,15,98
2021-04-16,16,93
2021-04-16,17,85
2021-04-16,18,48
2021-04-16,19,33
2021-04-16,20,19
2021-04-16,21,12
2021-04-16,22,13
2021-04-16,23,10
2021-04-17,0,2
2021-04-17,1,1
2021-04-17,2,3
2021-04-17,3,0
2021-04-17,4,2
2021-04-17,5,4
2021-04-17,6,19
2021-04-17,7,17
2021-04-17,8,39
2021-04-17,9,41
2021-04-17,10,57
2021-04-17,11,71
2021-04-17,12,114
2021-04-17,13,85
2021-04-17,14,73
2021-04-17,15,62
2021-04-17,16,97
2021-04-17,17,76
2021-04-17,18,39
2021-04-17,19,18
2021-04-17,20,16
2021-04-17,21,40
2021-04-17,22,20
2021-04-17,23,10
2021-04-18,0,6
2021-04-18,1,8
2021-04-18,2,4
2021-04-18,3,1
2021-04-18,4,3
2021-04-18,5,8
2021-04-18,6,16
2021-04-18,7,16
2021-04-18,8,21
2021-04-18,9,118
2021-04-18,10,47
2021-04-18,11,43
2021-04-18,12,67
2021-04-18,13,60
2021-04-18,14,53
2021-04-18,15,46
2021-04-18,16,38
2021-04-18,17,39
2021-04-18,18,29
2021-04-18,19,32
2021-04-18,20,19
2021-04-18,21,21
2021-04-18,22,16
2021-04-18,23,5
2021-04-19,0,3
2021-04-19,1,0
2021-04-19,2,0
2021-04-19,3,0
2021-04-19,4,1
2021-04-19,5,13
2021-04-19,6,43
2021-04-19,7,67
2021-04-19,8,69
2021-04-19,9,89
2021-04-19,10,75
2021-04-19,11,86
2021-04-19,12,68
2021-04-19,13,78
2021-04-19,14,86
2021-04-19,15,98
2021-04-19,16,114
2021-04-19,17,64
2021-04-19,18,32
2021-04-19,19,17
2021-04-19,20,73
2021-04-19,21,17
2021-04-19,22,13
2021-04-19,23,11
2021-04-20,0,0
2021-04-20,1,2
2021-04-20,2,0
2021-04-20,3,0
2021-04-20,4,6
2021-04-20,5,14
2021-04-20,6,54
2021-04-20,7,73
2021-04-20,8,107
2021-04-20,9,106
2021-04-20,10,59
2021-04-20,11,55
2021-04-20,12,69
2021-04-20,13,63
2021-04-20,14,73
2021-04-20,15,126
2021-04-20,16,106
2021-04-20,17,72
2021-04-20,18,45
2021-04-20,19,22
2021-04-20,20,27
2021-04-20,21,16
2021-04-20,22,17
2021-04-20,23,6
2021-04-21,0,2
2021-04-21,1,2
2021-04-21,2,0
2021-04-21,3,0
2021-04-21,4,4
2021-04-21,5,14
2021-04-21,6,53
2021-04-21,7,89
2021-04-21,8,75
2021-04-21,9,61
2021-04-21,10,61
2021-04-21,11,78
2021-04-21,12,111
2021-04-21,13,83
2021-04-21,14,107
2021-04-21,15,96
2021-04-21,16,109
2021-04-21,17,78
2021-04-21,18,61
2021-04-21,19,30
2021-04-21,20,21
2021-04-21,21,16
2021-04-21,22,67
2021-04-21,23,9
2021-04-22,0,5
2021-04-22,1,4
2021-04-22,2,0
2021-04-22,3,2
2021-04-22,4,2
2021-04-22,5,11
2021-04-22,6,55
2021-04-22,7,112
2021-04-22,8,58
2021-04-22,9,56
2021-04-22,10,64
2021-04-22,11,76
2021-04-22,12,90
2021-04-22,13,78
2021-04-22,14,85
2021-04-22,15,115
2021-04-22,16,104
2021-04-22,17,68
2021-04-22,18,46
2021-04-22,19,77
2021-04-22,20,18
2021-04-22,21,15
2021-04-22,22,12
2021-04-22,23,5
2021-04-23,0,2
2021-04-23,1,5
2021-04-23,2,2
2021-04-23,3,1
2021-04-23,4,0
2021-04-23,5,4
2021-04-23,6,43
2021-04-23,7,72
2021-04-23,8,75
2021-04-23,9,78
2021-04-23,10,73
2021-04-23,11,92
2021-04-23,12,89
2021-04-23,13,109
2021-04-23,14,123
2021-04-23,15,120
2021-04-23,16,153
2021-04-23,17,81
2021-04-23,18,57
2021-04-23,19,50
2021-04-23,20,20
2021-04-23,21,16
2021-04-23,22,20
2021-04-23,23,8
2021-04-24,0,5
2021-04-24,1,2
2021-04-24,2,4
2021-04-24,3,3
2021-04-24,4,6
2021-04-24,5,5
2021-04-24,6,17
2021-04-24,7,17
2021-04-24,8,31
2021-04-24,9,42
2021-04-24,10,48
2021-04-24,11,61
2021-04-24,12,98
2021-04-24,13,127
2021-04-24,14,73
2021-04-24,15,95
2021-04-24,16,78
2021-04-24,17,53
2021-04-24,18,41
2021-04-24,19,78
2021-04-24,20,17
2021-04-24,21,36
2021-04-24,22,24
2021-04-24,23,13
2021-04-25,0,8
2021-04-25,1,5
2021-04-25,2,4
2021-04-25,3,2
2021-04-25,4,2
2021-04-25,5,5
2021-04-25,6,15
2021-04-25,7,16
2021-04-25,8,21
2021-04-25,9,75
2021-04-25,10,109
2021-04-25,11,44
2021-04-25,12,52
2021-04-25,13,70
2021-04-25,14,59
2021-04-25,15,55
2021-04-25,16,53
2021-04-25,17,40
2021-04-25,18,29
2021-04-25,19,41
2021-04-25,20,21
2021-04-25,21,19
2021-04-25,22,21
2021-04-25,23,3
2021-04-26,0,3
2021-04-26,1,2
2021-04-26,2,0
2021-04-26,3,0
2021-04-26,4,7
2021-04-26,5,8
2021-04-26,6,49
2021-04-26,7,97
2021-04-26,8,114
2021-04-26,9,91
2021-04-26,10,86
2021-04-26,11,111
2021-04-26,12,115
2021-04-26,13,177
2021-04-26,14,127
2021-04-26,15,127
2021-04-26,16,218
2021-04-26,17,120
2021-04-26,18,60
2021-04-26,19,28
2021-04-26,20,52
2021-04-26,21,33
2021-04-26,22,20
2021-04-26,23,8
2021-04-27,0,6
2021-04-27,1,5
2021-04-27,2,0
2021-04-27,3,0
2021-04-27,4,7
2021-04-27,5,16
2021-04-27,6,63
2021-04-27,7,86
2021-04-27,8,95
2021-04-27,9,87
2021-04-27,10,78
2021-04-27,11,103
2021-04-27,12,112
2021-04-27,13,108
2021-04-27,14,153
2021-04-27,15,128
2021-04-27,16,218
2021-04-27,17,134
2021-04-27,18,125
2021-04-27,19,46
2021-04-27,20,21
2021-04-27,21,30
2021-04-27,22,21
2021-04-27,23,8
2021-04-28,0,5
2021-04-28,1,3
2021-04-28,2,3
2021-04-28,3,1
2021-04-28,4,9
2021-04-28,5,8
2021-04-28,6,48
2021-04-28,7,95
2021-04-28,8,83
2021-04-28,9,80
2021-04-28,10,96
2021-04-28,11,127
2021-04-28,12,130
2021-04-28,13,106
2021-04-28,14,133
2021-04-28,15,121
2021-04-28,16,286
2021-04-28,17,151
2021-04-28,18,63
2021-04-28,19,49
2021-04-28,20,23
2021-04-28,21,29
2021-04-28,22,23
2021-04-28,23,14
2021-04-29,0,10
2021-04-29,1,0
2021-04-29,2,5
2021-04-29,3,3
2021-04-29,4,3
2021-04-29,5,11
2021-04-29,6,52
2021-04-29,7,97
2021-04-29,8,63
2021-04-29,9,75
2021-04-29,10,80
2021-04-29,11,118
2021-04-29,12,132
2021-04-29,13,143
2021-04-29,14,145
2021-04-29,15,120
2021-04-29,16,256
2021-04-29,17,152
2021-04-29,18,73
2021-04-29,19,54
2021-04-29,20,45
2021-04-29,21,57
2021-04-29,22,18
2021-04-29,23,12
2021-04-30,0,2
2021-04-30,1,2
2021-04-30,2,0
2021-04-30,3,2
2021-04-30,4,8
2021-04-30,5,1
2021-04-30,6,42
2021-04-30,7,83
2021-04-30,8,92
2021-04-30,9,74
2021-04-30,10,141
2021-04-30,11,134
2021-04-30,12,170
2021-04-30,13,158
2021-04-30,14,146
2021-04-30,15,188
2021-04-30,16,238
2021-04-30,17,75
2021-04-30,18,53
2021-04-30,19,40
2021-04-30,20,16
2021-04-30,21,21
2021-04-30,22,16
2021-04-30,23,8
2021-05-01,0,0
2021-05-01,1,0
2021-05-01,2,0
2021-05-01,3,0
2021-05-01,4,4
2021-05-01,5,4
2021-05-01,6,16
2021-05-01,7,16
2021-05-01,8,31
2021-05-01,9,40
2021-05-01,10,48
2021-05-01,11,76
2021-05-01,12,102
2021-05-01,13,163
2021-05-01,14,163
2021-05-01,15,201
2021-05-01,16,169
2021-05-01,17,185
2021-05-01,18,87
2021-05-01,19,43
2021-05-01,20,25
2021-05-01,21,42
2021-05-01,22,22
2021-05-01,23,12
2021-05-02,0,10
2021-05-02,1,6
2021-05-02,2,0
2021-05-02,3,3
2021-05-02,4,1
2021-05-02,5,5
2021-05-02,6,16
2021-05-02,7,16
2021-05-02,8,24
2021-05-02,9,55
2021-05-02,10,90
2021-05-02,11,95
2021-05-02,12,142
2021-05-02,13,131
2021-05-02,14,123
2021-05-02,15,206
2021-05-02,16,120
2021-05-02,17,96
2021-05-02,18,49
2021-05-02,19,39
2021-05-02,20,24
2021-05-02,21,30
2021-05-02,22,21
2021-05-02,23,11
2021-05-03,0,5
2021-05-03,1,1
2021-05-03,2,2
2021-05-03,3,4
2021-05-03,4,5
2021-05-03,5,11
2021-05-03,6,45
2021-05-03,7,32
2021-05-03,8,49
2021-05-03,9,51
2021-05-03,10,75
2021-05-03,11,129
2021-05-03,12,165
2021-05-03,13,169
2021-05-03,14,154
2021-05-03,15,128
2021-05-03,16,181
2021-05-03,17,129
2021-05-03,18,50
2021-05-03,19,33
2021-05-03,20,20
2021-05-03,21,20
2021-05-03,22,12
2021-05-03,23,7
2021-05-04,0,2
2021-05-04,1,2
2021-05-04,2,1
2021-05-04,3,1
2021-05-04,4,6
2021-05-04,5,12
2021-05-04,6,48
2021-05-04,7,97
2021-05-04,8,110
2021-05-04,9,98
2021-05-04,10,100
2021-05-04,11,95
2021-05-04,12,126
2021-05-04,13,157
2021-05-04,14,148
2021-05-04,15,159
2021-05-04,16,193
2021-05-04,17,123
2021-05-04,18,46
2021-05-04,19,50
2021-05-04,20,33
2021-05-04,21,19
2021-05-04,22,13
2021-05-04,23,9
2021-05-05,0,0
2021-05-05,1,0
2021-05-05,2,1
2021-05-05,3,2
2021-05-05,4,5
2021-05-05,5,11
2021-05-05,6,54
2021-05-05,7,96
2021-05-05,8,69
2021-05-05,9,85
2021-05-05,10,77
2021-05-05,11,127
2021-05-05,12,120
2021-05-05,13,90
2021-05-05,14,135
2021-05-05,15,187
2021-05-05,16,301
2021-05-05,17,195
2021-05-05,18,127
2021-05-05,19,67
2021-05-05,20,31
2021-05-05,21,26
2021-05-05,22,17
2021-05-05,23,9
2021-05-06,0,6
2021-05-06,1,1
2021-05-06,2,1
2021-05-06,3,0
2021-05-06,4,4
2021-05-06,5,16
2021-05-06,6,53
2021-05-06,7,81
2021-05-06,8,82
2021-05-06,9,87
2021-05-06,10,89
2021-05-06,11,111
2021-05-06,12,135
2021-05-06,13,114
2021-05-06,14,153
2021-05-06,15,214
2021-05-06,16,236
2021-05-06,17,213
2021-05-06,18,98
2021-05-06,19,76
2021-05-06,20,50
2021-05-06,21,18
2021-05-06,22,14
2021-05-06,23,14
2021-05-07,0,6
2021-05-07,1,7
2021-05-07,2,0
2021-05-07,3,0
2021-05-07,4,6
2021-05-07,5,10
2021-05-07,6,52
2021-05-07,7,72
2021-05-07,8,69
2021-05-07,9,98
2021-05-07,10,96
2021-05-07,11,126
2021-05-07,12,138
2021-05-07,13,146
2021-05-07,14,104
2021-05-07,15,132
2021-05-07,16,159
2021-05-07,17,71
2021-05-07,18,57
2021-05-07,19,40
2021-05-07,20,26
2021-05-07,21,26
2021-05-07,22,16
2021-05-07,23,12
2021-05-08,0,4
2021-05-08,1,0
2021-05-08,2,0
2021-05-08,3,0
2021-05-08,4,0
2021-05-08,5,4
2021-05-08,6,16
2021-05-08,7,31
2021-05-08,8,40
2021-05-08,9,57
2021-05-08,10,82
2021-05-08,11,102
2021-05-08,12,128
2021-05-08,13,182
2021-05-08,14,171
2021-05-08,15,107
2021-05-08,16,128
2021-05-08,17,122
2021-05-08,18,77
2021-05-08,19,47
2021-05-08,20,38
2021-05-08,21,47
2021-05-08,22,32
2021-05-08,23,18
2021-05-09,0,10
2021-05-09,1,4
2021-05-09,2,4
2021-05-09,3,3
2021-05-09,4,5
2021-05-09,5,3
2021-05-09,6,16
2021-05-09,7,16
2021-05-09,8,24
2021-05-09,9,46
2021-05-09,10,67
2021-05-09,11,117
2021-05-09,12,134
2021-05-09,13,159
2021-05-09,14,143
2021-05-09,15,136
2021-05-09,16,129
2021-05-09,17,88
2021-05-09,18,64
2021-05-09,19,43
2021-05-09,20,37
2021-05-09,21,18
2021-05-09,22,20
2021-05-09,23,12
2021-05-10,0,10
2021-05-10,1,4
2021-05-10,2,4
2021-05-10,3,1
2021-05-10,4,5
2021-05-10,5,18
2021-05-10,6,50
2021-05-10,7,82
2021-05-10,8,80
2021-05-10,9,97
2021-05-10,10,90
2021-05-10,11,106
2021-05-10,12,114
2021-05-10,13,117
2021-05-10,14,137
2021-05-10,15,133
2021-05-10,16,208
2021-05-10,17,141
2021-05-10,18,60
2021-05-10,19,35
2021-05-10,20,28
2021-05-10,21,22
2021-05-10,22,19
2021-05-10,23,6
2021-05-11,0,7
2021-05-11,1,2
2021-05-11,2,2
2021-05-11,3,4
2021-05-11,4,5
2021-05-11,5,18
2021-05-11,6,36
2021-05-11,7,123
2021-05-11,8,113
2021-05-11,9,61
2021-05-11,10,111
2021-05-11,11,87
2021-05-11,12,102
2021-05-11,13,121
2021-05-11,14,125
2021-05-11,15,179
2021-05-11,16,171
2021-05-11,17,146
2021-05-11,18,86
2021-05-11,19,53
2021-05-11,20,28
2021-05-11,21,22
2021-05-11,22,18
2021-05-11,23,9
2021-05-12,0,2
2021-05-12,1,2
2021-05-12,2,2
2021-05-12,3,4
2021-05-12,4,1
2021-05-12,5,14
2021-05-12,6,56
2021-05-12,7,174
2021-05-12,8,99
2021-05-12,9,98
2021-05-12,10,123
2021-05-12,11,94
2021-05-12,12,128
2021-05-12,13,130
2021-05-12,14,142
2021-05-12,15,285
2021-05-12,16,315
2021-05-12,17,291
2021-05-12,18,86
2021-05-12,19,66
2021-05-12,20,24
2021-05-12,21,25
2021-05-12,22,32
2021-05-12,23,12
2021-05-13,0,5
2021-05-13,1,3
2021-05-13,2,2
2021-05-13,3,3
2021-05-13,4,6
2021-05-13,5,15
2021-05-13,6,60
2021-05-13,7,129
2021-05-13,8,89
2021-05-13,9,74
2021-05-13,10,98
2021-05-13,11,136
2021-05-13,12,131
2021-05-13,13,109
2021-05-13,14,115
2021-05-13,15,138
2021-05-13,16,162
2021-05-13,17,195
2021-05-13,18,76
2021-05-13,19,105
2021-05-13,20,27
2021-05-13,21,16
2021-05-13,22,11
2021-05-13,23,8
2021-05-14,0,1
2021-05-14,1,8
2021-05-14,2,1
2021-05-14,3,0
2021-05-14,4,5
2021-05-14,5,15
2021-05-14,6,51
2021-05-14,7,97
2021-05-14,8,76
2021-05-14,9,92
2021-05-14,10,126
2021-05-14,11,131
2021-05-14,12,125
2021-05-14,13,240
2021-05-14,14,184
2021-05-14,15,202
2021-05-14,16,292
2021-05-14,17,164
2021-05-14,18,84
2021-05-14,19,70
2021-05-14,20,40
2021-05-14,21,36
2021-05-14,22,39
2021-05-14,23,14
2021-05-15,0,15
2021-05-15,1,4
2021-05-15,2,3
2021-05-15,3,4
2021-05-15,4,8
2021-05-15,5,6
2021-05-15,6,12
2021-05-15,7,22
2021-05-15,8,41
2021-05-15,9,74
2021-05-15,10,62
2021-05-15,11,124
2021-05-15,12,113
2021-05-15,13,118
2021-05-15,14,114
2021-05-15,15,190
2021-05-15,16,268
2021-05-15,17,281
2021-05-15,18,227
2021-05-15,19,140
2021-05-15,20,45
2021-05-15,21,65
2021-05-15,22,34
2021-05-15,23,36
2021-05-16,0,15
2021-05-16,1,8
2021-05-16,2,9
2021-05-16,3,3
2021-05-16,4,4
2021-05-16,5,4
2021-05-16,6,10
2021-05-16,7,17
2021-05-16,8,32
2021-05-16,9,43
2021-05-16,10,64
2021-05-16,11,92
2021-05-16,12,156
2021-05-16,13,350
2021-05-16,14,228
2021-05-16,15,116
2021-05-16,16,166
2021-05-16,17,184
2021-05-16,18,58
2021-05-16,19,53
2021-05-16,20,40
2021-05-16,21,22
2021-05-16,22,16
2021-05-16,23,14
2021-05-17,0,7
2021-05-17,1,6
2021-05-17,2,3
2021-05-17,3,5
2021-05-17,4,6
2021-05-17,5,11
2021-05-17,6,52
2021-05-17,7,100
2021-05-17,8,83
2021-05-17,9,60
2021-05-17,10,136
2021-05-17,11,107
2021-05-17,12,166
2021-05-17,13,119
2021-05-17,14,176
2021-05-17,15,154
2021-05-17,16,223
2021-05-17,17,110
2021-05-17,18,49
2021-05-17,19,49
2021-05-17,20,32
2021-05-17,21,28
2021-05-17,22,17
2021-05-17,23,13
2021-05-18,0,2
2021-05-18,1,2
2021-05-18,2,3
2021-05-18,3,2
2021-05-18,4,12
2021-05-18,5,18
2021-05-18,6,49
2021-05-18,7,90
2021-05-18,8,84
2021-05-18,9,86
2021-05-18,10,115
2021-05-18,11,113
2021-05-18,12,122
2021-05-18,13,113
2021-05-18,14,134
2021-05-19,15,200
2021-05-19,16,276
2021-05-19,17,114
2021-05-19,18,95
2021-05-19,19,46
2021-05-19,20,29
2021-05-19,21,31
2021-05-19,22,44
2021-05-19,23,13
2021-05-20,0,3
2021-05-20,1,3
2021-05-20,2,2
2021-05-20,3,6
2021-05-20,4,6
2021-05-20,5,12
2021-05-20,6,45
2021-05-20,7,87
2021-05-20,8,84
2021-05-20,9,100
2021-05-20,10,155
2021-05-20,11,123
2021-05-20,12,120
2021-05-20,13,125
2021-05-20,14,95
2021-05-20,15,142
2021-05-20,16,195
2021-05-20,17,129
2021-05-20,18,87
2021-05-20,19,81
2021-05-20,20,28
2021-05-20,21,26
2021-05-20,22,12
2021-05-20,23,7
2021-05-21,0,3
2021-05-21,1,3
2021-05-21,2,3
2021-05-21,3,2
2021-05-21,4,8
2021-05-21,5,14
2021-05-21,6,47
2021-05-21,7,96
2021-05-21,8,90
2021-05-21,9,95
2021-05-21,10,105
2021-05-21,11,129
2021-05-21,12,154
2021-05-21,13,134
2021-05-21,14,163
2021-05-21,15,172
2021-05-21,16,167
2021-05-21,17,104
2021-05-21,18,77
2021-05-21,19,47
2021-05-21,20,27
2021-05-21,21,24
2021-05-21,22,21
2021-05-21,23,15
2021-05-22,0,8
2021-05-22,1,6
2021-05-22,2,1
2021-05-22,3,3
2021-05-22,4,8
2021-05-22,5,9
2021-05-22,6,16
2021-05-22,7,19
2021-05-22,8,35
2021-05-22,9,71
2021-05-22,10,85
2021-05-22,11,110
2021-05-22,12,133
2021-05-22,13,145
2021-05-22,14,161
2021-05-22,15,134
2021-05-22,16,175
2021-05-22,17,164
2021-05-22,18,76
2021-05-22,19,100
2021-05-22,20,40
2021-05-22,21,40
2021-05-22,22,27
2021-05-22,23,10
2021-05-23,0,13
2021-05-23,1,9
2021-05-23,2,0
2021-05-23,3,3
2021-05-23,4,8
2021-05-23,5,9
2021-05-23,6,12
2021-05-23,7,16
2021-05-23,8,21
2021-05-23,9,55
2021-05-23,10,56
2021-05-23,11,97
2021-05-23,12,108
2021-05-23,13,111
2021-05-23,14,120
2021-05-23,15,109
2021-05-23,16,106
2021-05-23,17,61
2021-05-23,18,45
2021-05-23,19,28
2021-05-23,20,31
2021-05-23,21,21
2021-05-23,22,14
2021-05-23,23,16
2021-05-24,0,5
2021-05-24,1,3
2021-05-24,2,2
2021-05-24,3,4
2021-05-24,4,6
2021-05-24,5,13
2021-05-24,6,42
2021-05-24,7,81
2021-05-24,8,79
2021-05-24,9,87
2021-05-24,10,96
2021-05-24,11,96
2021-05-24,12,150
2021-05-24,13,110
2021-05-24,14,138
2021-05-24,15,116
2021-05-24,16,133
2021-05-24,17,101
2021-05-24,18,55
2021-05-24,19,31
2021-05-24,20,40
2021-05-24,21,11
2021-05-24,22,13
2021-05-24,23,20
2021-05-25,0,7
2021-05-25,1,2
2021-05-25,2,1
2021-05-25,3,1
2021-05-25,4,7
2021-05-25,5,11
2021-05-25,6,75
2021-05-25,7,90
2021-05-25,8,70
2021-05-25,9,84
2021-05-25,10,70
2021-05-25,11,98
2021-05-25,12,114
2021-05-25,13,119
2021-05-25,14,131
2021-05-25,15,149
2021-05-25,16,165
2021-05-25,17,128
2021-05-25,18,76
2021-05-25,19,50
2021-05-25,20,30
2021-05-25,21,34
2021-05-25,22,16
2021-05-25,23,14
2021-05-26,0,14
2021-05-26,1,5
2021-05-26,2,2
2021-05-26,3,3
2021-05-26,4,3
2021-05-26,5,17
2021-05-26,6,76
2021-05-26,7,90
2021-05-26,8,90
2021-05-26,9,82
2021-05-26,10,91
2021-05-26,11,97
2021-05-26,12,140
2021-05-26,13,111
2021-05-26,14,110
2021-05-26,15,141
2021-05-26,16,282
2021-05-26,17,163
2021-05-26,18,91
2021-05-26,19,51
2021-05-26,20,33
2021-05-26,21,24
2021-05-26,22,13
2021-05-26,23,11
2021-05-27,0,4
2021-05-27,1,1
2021-05-27,2,4
2021-05-27,3,3
2021-05-27,4,11
2021-05-27,5,13
2021-05-27,6,51
2021-05-27,7,94
2021-05-27,8,84
2021-05-27,9,75
2021-05-27,10,85
2021-05-27,11,100
2021-05-27,12,124
2021-05-27,13,130
2021-05-27,14,151
2021-05-27,15,264
2021-05-27,16,255
2021-05-27,17,119
2021-05-27,18,91
2021-05-27,19,71
2021-05-27,20,50
2021-05-27,21,30
2021-05-27,22,16
2021-05-27,23,10
2021-05-28,0,4
2021-05-28,1,6
2021-05-28,2,6
2021-05-28,3,3
2021-05-28,4,12
2021-05-28,5,13
2021-05-28,6,57
2021-05-28,7,78
2021-05-28,8,73
2021-05-28,9,79
2021-05-28,10,98
2021-05-28,11,117
2021-05-28,12,147
2021-05-28,13,183
2021-05-28,14,260
2021-05-28,15,188
2021-05-28,16,168
2021-05-28,17,125
2021-05-28,18,77
2021-05-28,19,73
2021-05-28,20,37
2021-05-28,21,35
2021-05-28,22,25
2021-05-28,23,21
2021-05-29,0,11
2021-05-29,1,11
2021-05-29,2,8
2021-05-29,3,3
2021-05-29,4,6
2021-05-29,5,8
2021-05-29,6,14
2021-05-29,7,24
2021-05-29,8,44
2021-05-29,9,68
2021-05-29,10,103
2021-05-29,11,121
2021-05-29,12,133
2021-05-29,13,158
2021-05-29,14,156
2021-05-29,15,95
2021-05-29,16,128
2021-05-29,17,145
2021-05-29,18,77
2021-05-29,19,47
2021-05-29,20,39
2021-05-29,21,38
2021-05-29,22,21
2021-05-29,23,19
2021-05-30,0,14
2021-05-30,1,6
2021-05-30,2,7
2021-05-30,3,3
2021-05-30,4,5
2021-05-30,5,5
2021-05-30,6,16
2021-05-30,7,16
2021-05-30,8,27
2021-05-30,9,48
2021-05-30,10,73
2021-05-30,11,118
2021-05-30,12,112
2021-05-30,13,159
2021-05-30,14,109
2021-05-30,15,154
2021-05-30,16,113
2021-05-30,17,78
2021-05-30,18,54
2021-05-30,19,41
2021-05-30,20,41
2021-05-30,21,27
2021-05-30,22,26
2021-05-30,23,10
2021-05-31,0,5
2021-05-31,1,1
2021-05-31,2,2
2021-05-31,3,0
2021-05-31,4,4
2021-05-31,5,18
2021-05-31,6,30
2021-05-31,7,47
2021-05-31,8,36
2021-05-31,9,46
2021-05-31,10,103
2021-05-31,11,91
2021-05-31,12,142
2021-05-31,13,131
2021-05-31,14,120
2021-05-31,15,120
2021-05-31,16,107
2021-05-31,17,88
2021-05-31,18,44
2021-05-31,19,43
2021-05-31,20,66
2021-05-31,21,21
2021-05-31,22,18
2021-05-31,23,15
2021-06-01,0,5
2021-06-01,1,2
2021-06-01,2,1
2021-06-01,3,7
2021-06-01,4,5
2021-06-01,5,12
2021-06-01,6,56
2021-06-01,7,84
2021-06-01,8,70
2021-06-01,9,73
2021-06-01,10,106
2021-06-01,11,122
2021-06-01,12,114
2021-06-01,13,111
2021-06-01,14,131
2021-06-01,15,232
2021-06-01,16,176
2021-06-01,17,115
2021-06-01,18,70
2021-06-01,19,34
2021-06-01,20,29
2021-06-01,21,21
2021-06-01,22,16
2021-06-01,23,10
2021-06-02,0,2
2021-06-02,1,2
2021-06-02,2,2
2021-06-02,3,2
2021-06-02,4,9
2021-06-02,5,12
2021-06-02,6,64
2021-06-02,7,123
2021-06-02,8,84
2021-06-02,9,72
2021-06-02,10,84
2021-06-02,11,131
2021-06-02,12,124
2021-06-02,13,129
2021-06-02,14,184
2021-06-02,15,148
2021-06-02,16,236
2021-06-02,17,144
2021-06-02,18,75
2021-06-02,19,62
2021-06-02,20,28
2021-06-02,21,67
2021-06-02,22,32
2021-06-02,23,14
2021-06-03,0,1
2021-06-03,1,3
2021-06-03,2,7
2021-06-03,3,1
2021-06-03,4,11
2021-06-03,5,15
2021-06-03,6,47
2021-06-03,7,103
2021-06-03,8,73
2021-06-03,9,68
2021-06-03,10,82
2021-06-03,11,107
2021-06-03,12,115
2021-06-03,13,109
2021-06-03,14,162
2021-06-03,15,153
2021-06-03,16,162
2021-06-03,17,116
2021-06-03,18,93
2021-06-03,19,83
2021-06-03,20,34
2021-06-03,21,24
2021-06-03,22,14
2021-06-03,23,9
2021-06-04,0,4
2021-06-04,1,5
2021-06-04,2,3
2021-06-04,3,2
2021-06-04,4,12
2021-06-04,5,15
2021-06-04,6,65
2021-06-04,7,89
2021-06-04,8,78
2021-06-04,9,75
2021-06-04,10,118
2021-06-04,11,148
2021-06-04,12,159
2021-06-04,13,161
2021-06-04,14,231
2021-06-04,15,157
2021-06-04,16,159
2021-06-04,17,104
2021-06-04,18,89
2021-06-04,19,63
2021-06-04,20,53
2021-06-04,21,40
2021-06-04,22,29
2021-06-04,23,41
2021-06-05,0,9
2021-06-05,1,10
2021-06-05,2,7
2021-06-05,3,2
2021-06-05,4,6
2021-06-05,5,10
2021-06-05,6,16
2021-06-05,7,31
2021-06-05,8,49
2021-06-05,9,80
2021-06-05,10,139
2021-06-05,11,116
2021-06-05,12,133
2021-06-05,13,161
2021-06-05,14,143
2021-06-05,15,166
2021-06-05,16,155
2021-06-05,17,136
2021-06-05,18,102
2021-06-05,19,68
2021-06-05,20,36
2021-06-05,21,51
2021-06-05,22,34
2021-06-05,23,21
2021-06-06,0,19
2021-06-06,1,8
2021-06-06,2,5
2021-06-06,3,3
2021-06-06,4,7
2021-06-06,5,11
2021-06-06,6,16
2021-06-06,7,16
2021-06-06,8,24
2021-06-06,9,86
2021-06-06,10,61
2021-06-06,11,72
2021-06-06,12,133
2021-06-06,13,164
2021-06-06,14,125
2021-06-06,15,136
2021-06-06,16,142
2021-06-06,17,114
2021-06-06,18,61
2021-06-06,19,44
2021-06-06,20,44
2021-06-06,21,27
2021-06-06,22,31
2021-06-06,23,22
2021-06-07,0,3
2021-06-07,1,3
2021-06-07,2,0
2021-06-07,3,2
2021-06-07,4,5
2021-06-07,5,15
2021-06-07,6,60
2021-06-07,7,93
2021-06-07,8,81
2021-06-07,9,88
2021-06-07,10,107
2021-06-07,11,91
2021-06-07,12,145
2021-06-07,13,121
2021-06-07,14,135
2021-06-07,15,142
2021-06-07,16,138
2021-06-07,17,95
2021-06-07,18,48
2021-06-07,19,36
2021-06-07,20,47
2021-06-07,21,22
2021-06-07,22,25
2021-06-07,23,12
2021-06-08,0,16
2021-06-08,1,4
2021-06-08,2,0
2021-06-08,3,4
2021-06-08,4,4
2021-06-08,5,14
2021-06-08,6,127
2021-06-08,7,92
2021-06-08,8,96
2021-06-08,9,92
2021-06-08,10,99
2021-06-08,11,108
2021-06-08,12,160
2021-06-08,13,111
2021-06-08,14,113
2021-06-08,15,158
2021-06-08,16,143
2021-06-08,17,127
2021-06-08,18,78
2021-06-08,19,71
2021-06-08,20,46
2021-06-08,21,25
2021-06-08,22,16
2021-06-08,23,13
2021-06-09,0,5
2021-06-09,1,0
2021-06-09,2,1
2021-06-09,3,2
2021-06-09,4,4
2021-06-09,5,17
2021-06-09,6,68
2021-06-09,7,79
2021-06-09,8,95
2021-06-09,9,74
2021-06-09,10,98
2021-06-09,11,105
2021-06-09,12,108
2021-06-09,13,148
2021-06-09,14,155
2021-06-09,15,213
2021-06-09,16,245
2021-06-09,17,136
2021-06-09,18,104
2021-06-09,19,69
2021-06-09,20,55
2021-06-09,21,37
2021-06-09,22,34
2021-06-09,23,12
2021-06-10,0,6
2021-06-10,1,0
2021-06-10,2,2
2021-06-10,3,4
2021-06-10,4,3
2021-06-10,5,11
2021-06-10,6,48
2021-06-10,7,102
2021-06-10,8,77
2021-06-10,9,107
2021-06-10,10,89
2021-06-10,11,138
2021-06-10,12,162
2021-06-10,13,201
2021-06-10,14,152
2021-06-10,15,155
2021-06-10,16,303
2021-06-10,17,241
2021-06-10,18,91
2021-06-10,19,81
2021-06-10,20,34
2021-06-10,21,69
2021-06-10,22,23
2021-06-10,23,9
2021-06-11,0,6
2021-06-11,1,0
2021-06-11,2,0
2021-06-11,3,0
2021-06-11,4,8
2021-06-11,5,13
2021-06-11,6,61
2021-06-11,7,98
2021-06-11,8,89
2021-06-11,9,78
2021-06-11,10,119
2021-06-11,11,109
2021-06-11,12,139
2021-06-11,13,231
2021-06-11,14,191
2021-06-11,15,211
2021-06-11,16,231
2021-06-11,17,156
2021-06-11,18,79
2021-06-11,19,58
2021-06-11,20,36
2021-06-11,21,64
2021-06-11,22,28
2021-06-11,23,22
2021-06-12,0,15
2021-06-12,1,5
2021-06-12,2,3
2021-06-12,3,6
2021-06-12,4,4
2021-06-12,5,6
2021-06-12,6,16
2021-06-12,7,24
2021-06-12,8,47
2021-06-12,9,70
2021-06-12,10,109
2021-06-12,11,129
2021-06-12,12,141
2021-06-12,13,183
2021-06-12,14,189
2021-06-12,15,150
2021-06-12,16,138
2021-06-12,17,113
2021-06-12,18,134
2021-06-12,19,59
2021-06-12,20,59
2021-06-12,21,51
2021-06-12,22,86
2021-06-12,23,18
2021-06-13,0,11
2021-06-13,1,9
2021-06-13,2,7
2021-06-13,3,4
2021-06-13,4,1
2021-06-13,5,10
2021-06-13,6,16
2021-06-13,7,16
2021-06-13,8,27
2021-06-13,9,46
2021-06-13,10,75
2021-06-13,11,95
2021-06-13,12,114
2021-06-13,13,122
2021-06-13,14,121
2021-06-13,15,131
2021-06-13,16,117
2021-06-13,17,88
2021-06-13,18,52
2021-06-13,19,45
2021-06-13,20,64
2021-06-13,21,26
2021-06-13,22,26
2021-06-13,23,17
2021-06-14,0,6
2021-06-14,1,6
2021-06-14,2,0
2021-06-14,3,2
2021-06-14,4,13
2021-06-14,5,17
2021-06-14,6,50
2021-06-14,7,95
2021-06-14,8,77
2021-06-14,9,88
2021-06-14,10,93
2021-06-14,11,120
2021-06-14,12,164
2021-06-14,13,109
2021-06-14,14,80
2021-06-14,15,125
2021-06-14,16,120
2021-06-14,17,96
2021-06-14,18,56
2021-06-14,19,35
2021-06-14,20,46
2021-06-14,21,22
2021-06-14,22,19
2021-06-14,23,14
2021-06-15,0,7
2021-06-15,1,3
2021-06-15,2,0
2021-06-15,3,2
2021-06-15,4,4
2021-06-15,5,18
2021-06-15,6,56
2021-06-15,7,114
2021-06-15,8,80
2021-06-15,9,77
2021-06-15,10,87
2021-06-15,11,82
2021-06-15,12,98
2021-06-15,13,126
2021-06-15,14,159
2021-06-15,15,138
2021-06-15,16,192
2021-06-15,17,152
2021-06-15,18,74
2021-06-15,19,48
2021-06-15,20,40
2021-06-15,21,47
2021-06-15,22,17
2021-06-15,23,14
2021-06-16,0,2
2021-06-16,1,3
2021-06-16,2,0
2021-06-16,3,4
2021-06-16,4,7
2021-06-16,5,15
2021-06-16,6,54
2021-06-16,7,97
2021-06-16,8,98
2021-06-16,9,69
2021-06-16,10,51
2021-06-16,11,269
2021-06-16,12,248
2021-06-16,13,169
2021-06-16,14,118
2021-06-16,15,250
2021-06-16,16,290
2021-06-16,17,214
2021-06-16,18,90
2021-06-16,19,76
2021-06-16,20,38
2021-06-16,21,38
2021-06-16,22,26
2021-06-16,23,12
2021-06-17,0,0
2021-06-17,1,2
2021-06-17,2,3
2021-06-17,3,5
2021-06-17,4,6
2021-06-17,5,21
2021-06-17,6,50
2021-06-17,7,133
2021-06-17,8,126
2021-06-17,9,105
2021-06-17,10,167
2021-06-17,11,129
2021-06-17,12,169
2021-06-17,13,126
2021-06-17,14,144
2021-06-17,15,216
2021-06-17,16,254
2021-06-17,17,185
2021-06-17,18,92
2021-06-17,19,68
2021-06-17,20,43
2021-06-17,21,44
2021-06-17,22,26
2021-06-17,23,7
2021-06-18,0,4
2021-06-18,1,5
2021-06-18,2,3
2021-06-18,3,3
2021-06-18,4,8
2021-06-18,5,13
2021-06-18,6,56
2021-06-18,7,92
2021-06-18,8,76
2021-06-18,9,82
2021-06-18,10,149
2021-06-18,11,123
2021-06-18,12,184
2021-06-18,13,147
2021-06-18,14,195
2021-06-18,15,193
2021-06-18,16,134
2021-06-18,17,125
2021-06-18,18,101
2021-06-18,19,50
2021-06-18,20,38
2021-06-18,21,45
2021-06-18,22,52
2021-06-18,23,37
2021-06-19,0,18
2021-06-19,1,10
2021-06-19,2,8
2021-06-19,3,11
2021-06-19,4,4
2021-06-19,5,6
2021-06-19,6,12
2021-06-19,7,26
2021-06-19,8,47
2021-06-19,9,58
2021-06-19,10,88
2021-06-19,11,104
2021-06-19,12,163
2021-06-19,13,201
2021-06-19,14,176
2021-06-19,15,211
2021-06-19,16,190
2021-06-19,17,149
2021-06-19,18,85
2021-06-19,19,64
2021-06-19,20,64
2021-06-19,21,43
2021-06-19,22,50
2021-06-19,23,29
2021-06-20,0,17
2021-06-20,1,8
2021-06-20,2,7
2021-06-20,3,4
2021-06-20,4,7
2021-06-20,5,5
2021-06-20,6,16
2021-06-20,7,16
2021-06-20,8,25
2021-06-20,9,47
2021-06-20,10,75
2021-06-20,11,96
2021-06-20,12,134
2021-06-20,13,142
2021-06-20,14,129
2021-06-20,15,214
2021-06-20,16,151
2021-06-20,17,83
2021-06-20,18,49
2021-06-20,19,48
2021-06-20,20,76
2021-06-20,21,27
2021-06-20,22,24
2021-06-20,23,15
2021-06-21,0,3
2021-06-21,1,6
2021-06-21,2,2
2021-06-21,3,3
2021-06-21,4,6
2021-06-21,5,14
2021-06-21,6,41
2021-06-21,7,81
2021-06-21,8,72
2021-06-21,9,67
2021-06-21,10,94
2021-06-21,11,96
2021-06-21,12,146
2021-06-21,13,136
2021-06-21,14,135
2021-06-21,15,131
2021-06-21,16,151
2021-06-21,17,93
2021-06-21,18,48
2021-06-21,19,35
2021-06-21,20,48
2021-06-21,21,21
2021-06-21,22,16
2021-06-21,23,12
2021-06-22,0,4
2021-06-22,1,0
2021-06-22,2,0
2021-06-22,3,0
2021-06-22,4,0
2021-06-22,5,12
2021-06-22,6,67
2021-06-22,7,97
2021-06-22,8,88
2021-06-22,9,84
2021-06-22,10,88
2021-06-22,11,97
2021-06-22,12,132
2021-06-22,13,115
2021-06-22,14,144
2021-06-22,15,150
2021-06-22,16,201
2021-06-22,17,116
2021-06-22,18,69
2021-06-22,19,40
2021-06-22,20,32
2021-06-22,21,47
2021-06-22,22,76
2021-06-22,23,12
2021-06-23,0,4
2021-06-23,1,0
2021-06-23,2,0
2021-06-23,3,3
2021-06-23,4,5
2021-06-23,5,14
2021-06-23,6,58
2021-06-23,7,90
2021-06-23,8,75
2021-06-23,9,77
2021-06-23,10,89
2021-06-23,11,115
2021-06-23,12,106
2021-06-23,13,117
2021-06-23,14,104
2021-06-23,15,172
2021-06-23,16,258
2021-06-23,17,120
2021-06-23,18,89
2021-06-23,19,51
2021-06-23,20,104
2021-06-23,21,39
2021-06-23,22,36
2021-06-23,23,12
2021-06-24,0,8
2021-06-24,1,3
2021-06-24,2,2
2021-06-24,3,1
2021-06-24,4,5
2021-06-24,5,14
2021-06-24,6,53
2021-06-24,7,92
2021-06-24,8,65
2021-06-24,9,108
2021-06-24,10,100
2021-06-24,11,93
2021-06-24,12,130
2021-06-24,13,136
2021-06-24,14,155
2021-06-24,15,185
2021-06-24,16,276
2021-06-24,17,244
2021-06-24,18,81
2021-06-24,19,65
2021-06-24,20,57
2021-06-24,21,55
2021-06-24,22,24
2021-06-24,23,8
2021-06-25,0,0
2021-06-25,1,5
2021-06-25,2,0
2021-06-25,3,1
2021-06-25,4,5
2021-06-25,5,15
2021-06-25,6,46
2021-06-25,7,72
2021-06-25,8,85
2021-06-25,9,71
2021-06-25,10,126
2021-06-25,11,120
2021-06-25,12,161
2021-06-25,13,143
2021-06-25,14,164
2021-06-25,15,243
2021-06-25,16,179
2021-06-25,17,155
2021-06-25,18,92
2021-06-25,19,83
2021-06-25,20,67
2021-06-25,21,47
2021-06-25,22,35
2021-06-25,23,24
2021-06-26,0,13
2021-06-26,1,6
2021-06-26,2,4
2021-06-26,3,1
2021-06-26,4,4
2021-06-26,5,6
2021-06-26,6,16
2021-06-26,7,83
2021-06-26,8,43
2021-06-26,9,94
2021-06-26,10,92
2021-06-26,11,121
2021-06-26,12,201
2021-06-26,13,152
2021-06-26,14,185
2021-06-26,15,168
2021-06-26,16,244
2021-06-26,17,118
2021-06-26,18,91
2021-06-26,19,69
2021-06-26,20,45
2021-06-26,21,65
2021-06-26,22,56
2021-06-26,23,30
2021-06-27,0,11
2021-06-27,1,13
2021-06-27,2,5
2021-06-27,3,4
2021-06-27,4,1
2021-06-27,5,7
2021-06-27,6,12
2021-06-27,7,16
2021-06-27,8,25
2021-06-27,9,44
2021-06-27,10,79
2021-06-27,11,98
2021-06-27,12,114
2021-06-27,13,167
2021-06-27,14,161
2021-06-27,15,156
2021-06-27,16,100
2021-06-27,17,104
2021-06-27,18,107
2021-06-27,19,47
2021-06-27,20,32
2021-06-27,21,54
2021-06-27,22,35
2021-06-27,23,11
2021-06-28,0,0
2021-06-28,1,3
2021-06-28,2,2
2021-06-28,3,3
2021-06-28,4,8
2021-06-28,5,16
2021-06-28,6,61
2021-06-28,7,87
2021-06-28,8,59
2021-06-28,9,90
2021-06-28,10,88
2021-06-28,11,125
2021-06-28,12,112
2021-06-28,13,115
2021-06-28,14,153
2021-06-28,15,147
2021-06-28,16,139
2021-06-28,17,85
2021-06-28,18,64
2021-06-28,19,47
2021-06-28,20,35
2021-06-28,21,21
2021-06-28,22,32
2021-06-28,23,17
2021-06-29,0,4
2021-06-29,1,8
2021-06-29,2,1
2021-06-29,3,3
2021-06-29,4,8
2021-06-29,5,13
2021-06-29,6,65
2021-06-29,7,94
2021-06-29,8,85
2021-06-29,9,146
2021-06-29,10,90
2021-06-29,11,171
2021-06-29,12,90
2021-06-29,13,139
2021-06-29,14,240
2021-06-29,15,229
2021-06-29,16,206
2021-06-29,17,82
2021-06-29,18,117
2021-06-29,19,54
2021-06-29,20,42
2021-06-29,21,30
2021-06-29,22,31
2021-06-29,23,14
2021-06-30,0,5
2021-06-30,1,2
2021-06-30,2,6
2021-06-30,3,0
2021-06-30,4,3
2021-06-30,5,14
2021-06-30,6,62
2021-06-30,7,77
2021-06-30,8,98
2021-06-30,9,85
2021-06-30,10,86
2021-06-30,11,120
2021-06-30,12,114
2021-06-30,13,124
2021-06-30,14,136
2021-06-30,15,189
2021-06-30,16,229
2021-06-30,17,181
2021-06-30,18,84
2021-06-30,19,48
2021-06-30,20,76
2021-06-30,21,88
2021-06-30,22,25
2021-06-30,23,11
2021-07-01,0,0
2021-07-01,1,3
2021-07-01,2,2
2021-07-01,3,1
2021-07-01,4,5
2021-07-01,5,13
2021-07-01,6,48
2021-07-01,7,109
2021-07-01,8,71
2021-07-01,9,96
2021-07-01,10,94
2021-07-01,11,117
2021-07-01,12,128
2021-07-01,13,123
2021-07-01,14,129
2021-07-01,15,147
2021-07-01,16,215
2021-07-01,17,208
2021-07-01,18,75
2021-07-01,19,60
2021-07-01,20,41
2021-07-01,21,41
2021-07-01,22,18
2021-07-01,23,21
2021-07-02,0,0
2021-07-02,1,4
2021-07-02,2,0
2021-07-02,3,0
2021-07-02,4,5
2021-07-02,5,18
2021-07-02,6,46
2021-07-02,7,89
2021-07-02,8,68
2021-07-02,9,102
2021-07-02,10,137
2021-07-02,11,129
2021-07-02,12,154
2021-07-02,13,163
2021-07-02,14,157
2021-07-02,15,210
2021-07-02,16,167
2021-07-02,17,140
2021-07-02,18,81
2021-07-02,19,60
2021-07-02,20,40
2021-07-02,21,42
2021-07-02,22,27
2021-07-02,23,47
2021-07-03,0,8
2021-07-03,1,0
2021-07-03,2,5
2021-07-03,3,1
2021-07-03,4,4
2021-07-03,5,8
2021-07-03,6,16
2021-07-03,7,22
2021-07-03,8,51
2021-07-03,9,65
2021-07-03,10,95
2021-07-03,11,123
2021-07-03,12,190
2021-07-03,13,194
2021-07-03,14,207
2021-07-03,15,181
2021-07-03,16,101
2021-07-03,17,103
2021-07-03,18,73
2021-07-03,19,37
2021-07-03,20,40
2021-07-03,21,54
2021-07-03,22,52
2021-07-03,23,19
2021-07-04,0,8
2021-07-04,1,13
2021-07-04,2,7
2021-07-04,3,2
2021-07-04,4,3
2021-07-04,5,9
2021-07-04,6,12
2021-07-04,7,16
2021-07-04,8,21
2021-07-04,9,39
2021-07-04,10,76
2021-07-04,11,80
2021-07-04,12,130
2021-07-04,13,189
2021-07-04,14,130
2021-07-04,15,138
2021-07-04,16,158
2021-07-04,17,108
2021-07-04,18,67
2021-07-04,19,47
2021-07-04,20,34
2021-07-04,21,46
2021-07-04,22,21
2021-07-04,23,15
2021-07-05,0,8
2021-07-05,1,9
2021-07-05,2,3
2021-07-05,3,1
2021-07-05,4,5
2021-07-05,5,9
2021-07-05,6,46
2021-07-05,7,89
2021-07-05,8,82
2021-07-05,9,73
2021-07-05,10,94
2021-07-05,11,134
2021-07-05,12,112
2021-07-05,13,103
2021-07-05,14,144
2021-07-05,15,136
2021-07-05,16,159
2021-07-05,17,107
2021-07-05,18,70
2021-07-05,19,40
2021-07-05,20,28
2021-07-05,21,27
2021-07-05,22,20
2021-07-05,23,13
2021-07-06,0,2
2021-07-06,1,5
2021-07-06,2,6
2021-07-06,3,2
2021-07-06,4,3
2021-07-06,5,13
2021-07-06,6,53
2021-07-06,7,75
2021-07-06,8,77
2021-07-06,9,71
2021-07-06,10,108
2021-07-06,11,96
2021-07-06,12,84
2021-07-06,13,79
2021-07-06,14,155
2021-07-06,15,150
2021-07-06,16,180
2021-07-06,17,128
2021-07-06,18,94
2021-07-06,19,43
2021-07-06,20,40
2021-07-06,21,32
2021-07-06,22,48
2021-07-06,23,19
2021-07-07,0,0
2021-07-07,1,5
2021-07-07,2,2
2021-07-07,3,3
2021-07-07,4,8
2021-07-07,5,14
2021-07-07,6,48
2021-07-07,7,91
2021-07-07,8,66
2021-07-07,9,71
2021-07-07,10,90
2021-07-07,11,142
2021-07-07,12,134
2021-07-07,13,87
2021-07-07,14,162
2021-07-07,15,218
2021-07-07,16,244
2021-07-07,17,162
2021-07-07,18,85
2021-07-07,19,40
2021-07-07,20,67
2021-07-07,21,48
2021-07-07,22,29
2021-07-07,23,89
2021-07-08,0,143
2021-07-08,1,0
2021-07-08,2,3
2021-07-08,3,2
2021-07-08,4,7
2021-07-08,5,15
2021-07-08,6,49
2021-07-08,7,100
2021-07-08,8,72
2021-07-08,9,97
2021-07-08,10,109
2021-07-08,11,115
2021-07-08,12,159
2021-07-08,13,119
2021-07-08,14,83
2021-07-08,15,176
2021-07-08,16,281
2021-07-08,17,230
2021-07-08,18,83
2021-07-08,19,65
2021-07-08,20,31
2021-07-08,21,40
2021-07-08,22,29
2021-07-08,23,16
2021-07-09,0,0
2021-07-09,1,7
2021-07-09,2,0
2021-07-09,3,3
2021-07-09,4,12
2021-07-09,5,14
2021-07-09,6,55
2021-07-09,7,80
2021-07-09,8,78
2021-07-09,9,132
2021-07-09,10,100
2021-07-09,11,144
2021-07-09,12,138
2021-07-09,13,153
2021-07-09,14,206
2021-07-09,15,249
2021-07-09,16,193
2021-07-09,17,189
2021-07-09,18,159
2021-07-09,19,64
2021-07-09,20,51
2021-07-09,21,67
2021-07-09,22,55
2021-07-09,23,30
2021-07-10,0,4
2021-07-10,1,10
2021-07-10,2,6
2021-07-10,3,6
2021-07-10,4,6
2021-07-10,5,6
2021-07-10,6,21
2021-07-10,7,32
2021-07-10,8,38
2021-07-10,9,93
2021-07-10,10,100
2021-07-10,11,159
2021-07-10,12,126
2021-07-10,13,148
2021-07-10,14,178
2021-07-10,15,181
2021-07-10,16,171
2021-07-10,17,114
2021-07-10,18,73
2021-07-10,19,98
2021-07-10,20,46
2021-07-10,21,44
2021-07-10,22,63
2021-07-10,23,29
2021-07-11,0,25
2021-07-11,1,10
2021-07-11,2,3
2021-07-11,3,11
2021-07-11,4,7
2021-07-11,5,1
2021-07-11,6,10
2021-07-11,7,16
2021-07-11,8,24
2021-07-11,9,45
2021-07-11,10,67
2021-07-11,11,83
2021-07-11,12,106
2021-07-11,13,114
2021-07-11,14,149
2021-07-11,15,139
2021-07-11,16,137
2021-07-11,17,120
2021-07-11,18,52
2021-07-11,19,33
2021-07-11,20,29
2021-07-11,21,26
2021-07-11,22,55
2021-07-11,23,11
2021-07-12,0,4
2021-07-12,1,7
2021-07-12,2,4
2021-07-12,3,1
2021-07-12,4,5
2021-07-12,5,12
2021-07-12,6,43
2021-07-12,7,60
2021-07-12,8,59
2021-07-12,9,62
2021-07-12,10,75
2021-07-12,11,98
2021-07-12,12,106
2021-07-12,13,137
2021-07-12,14,131
2021-07-12,15,158
2021-07-12,16,167
2021-07-12,17,106
2021-07-12,18,74
2021-07-12,19,43
2021-07-12,20,33
2021-07-12,21,63
2021-07-12,22,24
2021-07-12,23,8
2021-07-13,0,8
2021-07-13,1,3
2021-07-13,2,3
2021-07-13,3,5
2021-07-13,4,6
2021-07-13,5,12
2021-07-13,6,62
2021-07-13,7,70
2021-07-13,8,79
2021-07-13,9,82
2021-07-13,10,53
2021-07-13,11,89
2021-07-13,12,105
2021-07-13,13,113
2021-07-13,14,145
2021-07-13,15,235
2021-07-13,16,269
2021-07-13,17,99
2021-07-13,18,83
2021-07-13,19,56
2021-07-13,20,47
2021-07-13,21,38
2021-07-13,22,16
2021-07-13,23,16
2021-07-14,0,1
2021-07-14,1,2
2021-07-14,2,0
2021-07-14,3,2
2021-07-14,4,7
2021-07-14,5,20
2021-07-14,6,54
2021-07-14,7,88
2021-07-14,8,89
2021-07-14,9,119
2021-07-14,10,143
2021-07-14,11,109
2021-07-14,12,137
2021-07-14,13,113
2021-07-14,14,161
2021-07-14,15,191
2021-07-14,16,291
2021-07-14,17,131
2021-07-14,18,99
2021-07-14,19,83
2021-07-14,20,66
2021-07-14,21,41
2021-07-14,22,24
2021-07-14,23,30
2021-07-15,0,6
2021-07-15,1,4
2021-07-15,2,1
2021-07-15,3,1
2021-07-15,4,5
2021-07-15,5,15
2021-07-15,6,56
2021-07-15,7,123
2021-07-15,8,72
2021-07-15,9,87
2021-07-15,10,124
2021-07-15,11,115
2021-07-15,12,131
2021-07-15,13,123
2021-07-15,14,232
2021-07-15,15,165
2021-07-15,16,157
2021-07-15,17,169
2021-07-15,18,99
2021-07-15,19,67
2021-07-15,20,46
2021-07-15,21,29
2021-07-15,22,21
2021-07-15,23,24
2021-07-16,0,16
2021-07-16,1,9
2021-07-16,2,1
2021-07-16,3,2
2021-07-16,4,5
2021-07-16,5,18
2021-07-16,6,59
2021-07-16,7,80
2021-07-16,8,94
2021-07-16,9,115
2021-07-16,10,121
2021-07-16,11,137
2021-07-16,12,170
2021-07-16,13,160
2021-07-16,14,199
2021-07-16,15,232
2021-07-16,16,225
2021-07-16,17,119
2021-07-16,18,112
2021-07-16,19,75
2021-07-16,20,61
2021-07-16,21,71
2021-07-16,22,60
2021-07-16,23,14
2021-07-17,0,26
2021-07-17,1,11
2021-07-17,2,4
2021-07-17,3,7
2021-07-17,4,8
2021-07-17,5,0
2021-07-17,6,16
2021-07-17,7,24
2021-07-17,8,55
2021-07-17,9,65
2021-07-17,10,84
2021-07-17,11,141
2021-07-17,12,137
2021-07-17,13,187
2021-07-17,14,158
2021-07-17,15,132
2021-07-17,16,117
2021-07-17,17,170
2021-07-17,18,161
2021-07-17,19,82
2021-07-17,20,78
2021-07-17,21,76
2021-07-17,22,74
2021-07-17,23,40
2021-07-18,0,20
2021-07-18,1,14
2021-07-18,2,7
2021-07-18,3,13
2021-07-18,4,8
2021-07-18,5,4
2021-07-18,6,14
2021-07-18,7,17
2021-07-18,8,33
2021-07-18,9,33
2021-07-18,10,78
2021-07-18,11,95
2021-07-18,12,128
2021-07-18,13,151
2021-07-18,14,143
2021-07-18,15,140
2021-07-18,16,146
2021-07-18,17,130
2021-07-18,18,80
2021-07-18,19,56
2021-07-18,20,78
2021-07-18,21,49
2021-07-18,22,43
2021-07-18,23,19
2021-07-19,0,2
2021-07-19,1,3
2021-07-19,2,4
2021-07-19,3,2
2021-07-19,4,6
2021-07-19,5,19
2021-07-19,6,106
2021-07-19,7,66
2021-07-19,8,79
2021-07-19,9,59
2021-07-19,10,114
2021-07-19,11,117
2021-07-19,12,144
2021-07-19,13,110
2021-07-19,14,158
2021-07-19,15,128
2021-07-19,16,147
2021-07-19,17,91
2021-07-19,18,70
2021-07-19,19,66
2021-07-19,20,127
2021-07-19,21,54
2021-07-19,22,31
2021-07-19,23,17
2021-07-20,0,16
2021-07-20,1,0
2021-07-20,2,1
2021-07-20,3,6
2021-07-20,4,6
2021-07-20,5,21
2021-07-20,6,47
2021-07-20,7,110
2021-07-20,8,93
2021-07-20,9,106
2021-07-20,10,124
2021-07-20,11,154
2021-07-20,12,205
2021-07-20,13,159
2021-07-20,14,209
2021-07-20,15,282
2021-07-20,16,308
2021-07-20,17,153
2021-07-20,18,83
2021-07-20,19,60
2021-07-20,20,42
2021-07-20,21,66
2021-07-20,22,27
2021-07-20,23,17
2021-07-21,0,4
2021-07-21,1,4
2021-07-21,2,3
2021-07-21,3,2
2021-07-21,4,7
2021-07-21,5,22
2021-07-21,6,52
2021-07-21,7,104
2021-07-21,8,84
2021-07-21,9,87
2021-07-21,10,116
2021-07-21,11,120
2021-07-21,12,135
2021-07-21,13,130
2021-07-21,14,158
2021-07-21,15,152
2021-07-21,16,188
2021-07-21,17,175
2021-07-21,18,112
2021-07-21,19,72
2021-07-21,20,68
2021-07-21,21,45
2021-07-21,22,29
2021-07-21,23,13
2021-07-22,0,0
2021-07-22,1,6
2021-07-22,2,6
2021-07-22,3,8
2021-07-22,4,5
2021-07-22,5,22
2021-07-22,6,41
2021-07-22,7,70
2021-07-22,8,72
2021-07-22,9,103
2021-07-22,10,170
2021-07-22,11,138
2021-07-22,12,160
2021-07-22,13,146
2021-07-22,14,151
2021-07-22,15,180
2021-07-22,16,242
2021-07-22,17,206
2021-07-22,18,180
2021-07-22,19,115
2021-07-22,20,49
2021-07-22,21,43
2021-07-22,22,27
2021-07-22,23,9
2021-07-23,0,0
2021-07-23,1,9
2021-07-23,2,6
2021-07-23,3,3
2021-07-23,4,7
2021-07-23,5,18
2021-07-23,6,58
2021-07-23,7,70
2021-07-23,8,106
2021-07-23,9,90
2021-07-23,10,131
2021-07-23,11,119
2021-07-23,12,176
2021-07-23,13,207
2021-07-23,14,264
2021-07-23,15,267
2021-07-23,16,216
2021-07-23,17,149
2021-07-23,18,120
2021-07-23,19,64
2021-07-23,20,53
2021-07-23,21,56
2021-07-23,22,28
2021-07-23,23,37
2021-07-24,0,18
2021-07-24,1,6
2021-07-24,2,1
2021-07-24,3,0
2021-07-24,4,5
2021-07-24,5,9
2021-07-24,6,23
2021-07-24,7,36
2021-07-24,8,46
2021-07-24,9,57
2021-07-24,10,88
2021-07-24,11,174
2021-07-24,12,168
2021-07-24,13,178
2021-07-24,14,152
2021-07-24,15,153
2021-07-24,16,248
2021-07-24,17,119
2021-07-24,18,93
2021-07-24,19,63
2021-07-24,20,68
2021-07-24,21,43
2021-07-24,22,60
2021-07-24,23,33
2021-07-25,0,21
2021-07-25,1,18
2021-07-25,2,8
2021-07-25,3,3
2021-07-25,4,6
2021-07-25,5,8
2021-07-25,6,22
2021-07-25,7,15
2021-07-25,8,28
2021-07-25,9,45
2021-07-25,10,83
2021-07-25,11,104
2021-07-25,12,128
2021-07-25,13,113
2021-07-25,14,107
2021-07-25,15,155
2021-07-25,16,175
2021-07-25,17,100
2021-07-25,18,59
2021-07-25,19,42
2021-07-25,20,47
2021-07-25,21,42
2021-07-25,22,30
2021-07-25,23,12
2021-07-26,0,0
2021-07-26,1,5
2021-07-26,2,4
2021-07-26,3,5
2021-07-26,4,8
2021-07-26,5,16
2021-07-26,6,52
2021-07-26,7,93
2021-07-26,8,70
2021-07-26,9,76
2021-07-26,10,107
2021-07-26,11,114
2021-07-26,12,125
2021-07-26,13,135
2021-07-26,14,168
2021-07-26,15,169
2021-07-26,16,232
2021-07-26,17,149
2021-07-26,18,82
2021-07-26,19,54
2021-07-26,20,40
2021-07-26,21,65
2021-07-26,22,25
2021-07-26,23,19
2021-07-27,0,8
2021-07-27,1,3
2021-07-27,2,3
2021-07-27,3,1
2021-07-27,4,10
2021-07-27,5,24
2021-07-27,6,74
2021-07-27,7,98
2021-07-27,8,87
2021-07-27,9,125
2021-07-27,10,136
2021-07-27,11,134
2021-07-27,12,181
2021-07-27,13,175
2021-07-27,14,190
2021-07-27,15,327
2021-07-27,16,329
2021-07-27,17,299
2021-07-27,18,85
2021-07-27,19,123
2021-07-27,20,94
2021-07-27,21,53
2021-07-27,22,39
2021-07-27,23,32
2021-07-28,0,4
2021-07-28,1,2
2021-07-28,2,1
2021-07-28,3,8
2021-07-28,4,8
2021-07-28,5,25
2021-07-28,6,61
2021-07-28,7,156
2021-07-28,8,107
2021-07-28,9,95
2021-07-28,10,156
2021-07-28,11,139
2021-07-28,12,155
2021-07-28,13,211
2021-07-28,14,270
2021-07-28,15,352
2021-07-28,16,327
2021-07-28,17,225
2021-07-28,18,111
2021-07-28,19,91
2021-07-28,20,78
2021-07-28,21,58
2021-07-28,22,45
2021-07-28,23,34
2021-07-29,0,11
2021-07-29,1,11
2021-07-29,2,2
2021-07-29,3,7
2021-07-29,4,6
2021-07-29,5,22
2021-07-29,6,90
2021-07-29,7,92
2021-07-29,8,96
2021-07-29,9,111
2021-07-29,10,139
2021-07-29,11,180
2021-07-29,12,174
2021-07-29,13,270
2021-07-29,14,233
2021-07-29,15,297
2021-07-29,16,312
2021-07-29,17,313
2021-07-29,18,149
2021-07-29,19,118
2021-07-29,20,90
2021-07-29,21,42
2021-07-29,22,61
2021-07-29,23,19
2021-07-30,0,6
2021-07-30,1,16
2021-07-30,2,7
2021-07-30,3,6
2021-07-30,4,12
2021-07-30,5,34
2021-07-30,6,66
2021-07-30,7,102
2021-07-30,8,118
2021-07-30,9,149
2021-07-30,10,159
2021-07-30,11,180
2021-07-30,12,179
2021-07-30,13,315
2021-07-30,14,344
2021-07-30,15,287
2021-07-30,16,279
2021-07-30,17,333
2021-07-30,18,172
2021-07-30,19,94
2021-07-30,20,84
2021-07-30,21,105
2021-07-30,22,73
2021-07-30,23,67
2021-07-31,0,14
2021-07-31,1,24
2021-07-31,2,18
2021-07-31,3,10
2021-07-31,4,8
2021-07-31,5,11
2021-07-31,6,18
2021-07-31,7,58
2021-07-31,8,79
2021-07-31,9,102
2021-07-31,10,128
2021-07-31,11,187
2021-07-31,12,230
2021-07-31,13,214
2021-07-31,14,232
2021-07-31,15,291
2021-07-31,16,268
2021-07-31,17,182
2021-07-31,18,152
2021-07-31,19,98
2021-07-31,20,70
2021-07-31,21,80
2021-07-31,22,79
2021-07-31,23,59
2021-08-01,0,40
2021-08-01,1,19
2021-08-01,2,14
2021-08-01,3,4
2021-08-01,4,6
2021-08-01,5,13
2021-08-01,6,14
2021-08-01,7,16
2021-08-01,8,38
2021-08-01,9,43
2021-08-01,10,65
2021-08-01,11,105
2021-08-01,12,141
2021-08-01,13,162
2021-08-01,14,181
2021-08-01,15,231
2021-08-01,16,138
2021-08-01,17,122
2021-08-01,18,66
2021-08-01,19,61
2021-08-01,20,47
2021-08-01,21,29
2021-08-01,22,31
2021-08-01,23,14
2021-08-02,0,0
2021-08-02,1,9
2021-08-02,2,10
2021-08-02,3,2
2021-08-02,4,1
2021-08-02,5,14
2021-08-02,6,70
2021-08-02,7,62
2021-08-02,8,78
2021-08-02,9,77
2021-08-02,10,105
2021-08-02,11,119
2021-08-02,12,125
2021-08-02,13,174
2021-08-02,14,217
2021-08-02,15,186
2021-08-02,16,274
2021-08-02,17,141
2021-08-02,18,79
2021-08-02,19,85
2021-08-02,20,52
2021-08-02,21,35
2021-08-02,22,18
2021-08-02,23,20
2021-08-03,0,5
2021-08-03,1,6
2021-08-03,2,3
2021-08-03,3,2
2021-08-03,4,2
2021-08-03,5,16
2021-08-03,6,59
2021-08-03,7,153
2021-08-03,8,178
2021-08-03,9,96
2021-08-03,10,99
2021-08-03,11,125
2021-08-03,12,135
2021-08-03,13,130
2021-08-03,14,167
2021-08-03,15,236
2021-08-03,16,337
2021-08-03,17,167
2021-08-03,18,84
2021-08-03,19,64
2021-08-03,20,53
2021-08-03,21,34
2021-08-03,22,22
2021-08-03,23,22
2021-08-04,0,15
2021-08-04,1,3
2021-08-04,2,2
2021-08-04,3,5
2021-08-04,4,6
2021-08-04,5,15
2021-08-04,6,48
2021-08-04,7,110
2021-08-04,8,84
2021-08-04,9,81
2021-08-04,10,94
2021-08-04,11,129
2021-08-04,12,133
2021-08-04,13,149
2021-08-04,14,162
2021-08-04,15,207
2021-08-04,16,225
2021-08-04,17,124
2021-08-04,18,150
2021-08-04,19,60
2021-08-04,20,73
2021-08-04,21,43
2021-08-04,22,29
2021-08-04,23,28
2021-08-05,0,0
2021-08-05,1,3
2021-08-05,2,2
2021-08-05,3,5
2021-08-05,4,7
2021-08-05,5,23
2021-08-05,6,54
2021-08-05,7,87
2021-08-05,8,73
2021-08-05,9,86
2021-08-05,10,119
2021-08-05,11,120
2021-08-05,12,186
2021-08-05,13,159
2021-08-05,14,163
2021-08-05,15,212
2021-08-05,16,264
2021-08-05,17,203
2021-08-05,18,141
2021-08-05,19,66
2021-08-05,20,60
2021-08-05,21,35
2021-08-05,22,32
2021-08-05,23,18
2021-08-06,0,20
2021-08-06,1,7
2021-08-06,2,5
2021-08-06,3,4
2021-08-06,4,6
2021-08-06,5,15
2021-08-06,6,47
2021-08-06,7,79
2021-08-06,8,80
2021-08-06,9,104
2021-08-06,10,114
2021-08-06,11,100
2021-08-06,12,122
2021-08-06,13,177
2021-08-06,14,229
2021-08-06,15,293
2021-08-06,16,316
2021-08-06,17,204
2021-08-06,18,90
2021-08-06,19,85
2021-08-06,20,59
2021-08-06,21,59
2021-08-06,22,48
2021-08-06,23,21
2021-08-07,0,35
2021-08-07,1,10
2021-08-07,2,4
2021-08-07,3,2
2021-08-07,4,4
2021-08-07,5,17
2021-08-07,6,17
2021-08-07,7,79
2021-08-07,8,54
2021-08-07,9,70
2021-08-07,10,119
2021-08-07,11,131
2021-08-07,12,151
2021-08-07,13,168
2021-08-07,14,154
2021-08-07,15,167
2021-08-07,16,142
2021-08-07,17,151
2021-08-07,18,144
2021-08-07,19,71
2021-08-07,20,58
2021-08-07,21,43
2021-08-07,22,52
2021-08-07,23,32
2021-08-08,0,15
2021-08-08,1,14
2021-08-08,2,8
2021-08-08,3,8
2021-08-08,4,5
2021-08-08,5,10
2021-08-08,6,16
2021-08-08,7,16
2021-08-08,8,29
2021-08-08,9,58
2021-08-08,10,60
2021-08-08,11,102
2021-08-08,12,161
2021-08-08,13,154
2021-08-08,14,129
2021-08-08,15,155
2021-08-08,16,263
2021-08-08,17,129
2021-08-08,18,71
2021-08-08,19,49
2021-08-08,20,48
2021-08-08,21,38
2021-08-08,22,32
2021-08-08,23,21
2021-08-09,0,0
2021-08-09,1,6
2021-08-09,2,8
2021-08-09,3,1
2021-08-09,4,5
2021-08-09,5,74
2021-08-09,6,76
2021-08-09,7,88
2021-08-09,8,121
2021-08-09,9,83
2021-08-09,10,144
2021-08-09,11,130
2021-08-09,12,127
2021-08-09,13,147
2021-08-09,14,196
2021-08-09,15,288
2021-08-09,16,333
2021-08-09,17,194
2021-08-09,18,67
2021-08-09,19,47
2021-08-09,20,96
2021-08-09,21,27
2021-08-09,22,30
2021-08-09,23,20
2021-08-10,0,14
2021-08-10,1,12
2021-08-10,2,7
2021-08-10,3,14
2021-08-10,4,4
2021-08-10,5,18
2021-08-10,6,61
2021-08-10,7,89
2021-08-10,8,79
2021-08-10,9,85
2021-08-10,10,181
2021-08-10,11,118
2021-08-10,12,143
2021-08-10,13,94
2021-08-10,14,188
2021-08-10,15,191
2021-08-10,16,240
2021-08-10,17,254
2021-08-10,18,249
2021-08-10,19,56
2021-08-10,20,43
2021-08-10,21,37
2021-08-10,22,40
2021-08-10,23,20
2021-08-11,0,10
2021-08-11,1,6
2021-08-11,2,9
2021-08-11,3,7
2021-08-11,4,7
2021-08-11,5,22
2021-08-11,6,72
2021-08-11,7,85
2021-08-11,8,92
2021-08-11,9,87
2021-08-11,10,106
2021-08-11,11,118
2021-08-11,12,140
2021-08-11,13,139
2021-08-11,14,159
2021-08-11,15,247
2021-08-11,16,283
2021-08-11,17,167
2021-08-11,18,88
2021-08-11,19,68
2021-08-11,20,48
2021-08-11,21,28
2021-08-11,22,29
2021-08-11,23,13
2021-08-12,0,18
2021-08-12,1,14
2021-08-12,2,3
2021-08-12,3,11
2021-08-12,4,7
2021-08-12,5,21
2021-08-12,6,62
2021-08-12,7,80
2021-08-12,8,73
2021-08-12,9,98
2021-08-12,10,96
2021-08-12,11,121
2021-08-12,12,155
2021-08-12,13,202
2021-08-12,14,189
2021-08-12,15,332
2021-08-12,16,284
2021-08-12,17,172
2021-08-12,18,117
2021-08-12,19,109
2021-08-12,20,71
2021-08-12,21,150
2021-08-12,22,59
2021-08-12,23,18
2021-08-13,0,12
2021-08-13,1,11
2021-08-13,2,7
2021-08-13,3,7
2021-08-13,4,7
2021-08-13,5,18
2021-08-13,6,104
2021-08-13,7,84
2021-08-13,8,88
2021-08-13,9,92
2021-08-13,10,122
2021-08-13,11,136
2021-08-13,12,143
2021-08-13,13,182
2021-08-13,14,308
2021-08-13,15,273
2021-08-13,16,266
2021-08-13,17,259
2021-08-13,18,220
2021-08-13,19,90
2021-08-13,20,56
2021-08-13,21,61
2021-08-13,22,42
2021-08-13,23,57
2021-08-14,0,19
2021-08-14,1,15
2021-08-14,2,15
2021-08-14,3,15
2021-08-14,4,10
2021-08-14,5,10
2021-08-14,6,16
2021-08-14,7,40
2021-08-14,8,50
2021-08-14,9,72
2021-08-14,10,151
2021-08-14,11,166
2021-08-14,12,229
2021-08-14,13,197
2021-08-14,14,203
2021-08-14,15,204
2021-08-14,16,186
2021-08-14,17,193
2021-08-14,18,105
2021-08-14,19,69
2021-08-14,20,61
2021-08-14,21,63
2021-08-14,22,49
2021-08-14,23,41
2021-08-15,0,18
2021-08-15,1,25
2021-08-15,2,17
2021-08-15,3,18
2021-08-15,4,8
2021-08-15,5,18
2021-08-15,6,20
2021-08-15,7,24
2021-08-15,8,36
2021-08-15,9,42
2021-08-15,10,128
2021-08-15,11,100
2021-08-15,12,164
2021-08-15,13,167
2021-08-15,14,288
2021-08-15,15,225
2021-08-15,16,299
2021-08-15,17,258
2021-08-15,18,63
2021-08-15,19,42
2021-08-15,20,45
2021-08-15,21,34
2021-08-15,22,36
2021-08-15,23,23
2021-08-16,0,8
2021-08-16,1,10
2021-08-16,2,7
2021-08-16,3,5
2021-08-16,4,6
2021-08-16,5,34
2021-08-16,6,45
2021-08-16,7,75
2021-08-16,8,90
2021-08-16,9,125
2021-08-16,10,98
2021-08-16,11,109
2021-08-16,12,169
2021-08-16,13,172
2021-08-16,14,166
2021-08-16,15,146
2021-08-16,16,271
2021-08-16,17,157
2021-08-16,18,58
2021-08-16,19,39
2021-08-16,20,41
2021-08-16,21,32
2021-08-16,22,21
2021-08-16,23,15
2021-08-17,0,8
2021-08-17,1,42
2021-08-17,2,5
2021-08-17,3,0
2021-08-17,4,9
2021-08-17,5,19
2021-08-17,6,62
2021-08-17,7,98
2021-08-17,8,67
2021-08-17,9,109
2021-08-17,10,120
2021-08-17,11,146
2021-08-17,12,117
2021-08-17,13,146
2021-08-17,14,154
2021-08-17,15,197
2021-08-17,16,292
2021-08-17,17,135
2021-08-17,18,89
2021-08-17,19,53
2021-08-17,20,35
2021-08-17,21,36
2021-08-17,22,32
2021-08-17,23,21
2021-08-18,0,4
2021-08-18,1,5
2021-08-18,2,4
2021-08-18,3,3
2021-08-18,4,2
2021-08-18,5,19
2021-08-18,6,66
2021-08-18,7,108
2021-08-18,8,126
2021-08-18,9,89
2021-08-18,10,91
2021-08-18,11,117
2021-08-18,12,153
2021-08-18,13,177
2021-08-18,14,124
2021-08-18,15,208
2021-08-18,16,266
2021-08-18,17,162
2021-08-18,18,94
2021-08-18,19,64
2021-08-18,20,53
2021-08-18,21,156
2021-08-18,22,36
2021-08-18,23,32
2021-08-19,0,12
2021-08-19,1,14
2021-08-19,2,5
2021-08-19,3,5
2021-08-19,4,7
2021-08-19,5,21
2021-08-19,6,56
2021-08-19,7,100
2021-08-19,8,76
2021-08-19,9,75
2021-08-19,10,93
2021-08-19,11,109
2021-08-19,12,143
2021-08-19,13,111
2021-08-19,14,146
2021-08-19,15,229
2021-08-19,16,221
2021-08-19,17,261
2021-08-19,18,287
2021-08-19,19,76
2021-08-19,20,46
2021-08-19,21,38
2021-08-19,22,31
2021-08-19,23,20
2021-08-20,0,12
2021-08-20,1,7
2021-08-20,2,5
2021-08-20,3,9
2021-08-20,4,6
2021-08-20,5,15
2021-08-20,6,53
2021-08-20,7,76
2021-08-20,8,78
2021-08-20,9,96
2021-08-20,10,102
2021-08-20,11,123
2021-08-20,12,133
2021-08-20,13,195
2021-08-20,14,203
2021-08-20,15,312
2021-08-20,16,300
2021-08-20,17,231
2021-08-20,18,109
2021-08-20,19,94
2021-08-20,20,53
2021-08-20,21,78
2021-08-20,22,44
2021-08-20,23,40
2021-08-21,0,17
2021-08-21,1,24
2021-08-21,2,16
2021-08-21,3,10
2021-08-21,4,12
2021-08-21,5,16
2021-08-21,6,12
2021-08-21,7,27
2021-08-21,8,56
2021-08-21,9,69
2021-08-21,10,96
2021-08-21,11,164
2021-08-21,12,134
2021-08-21,13,171
2021-08-21,14,165
2021-08-21,15,185
2021-08-21,16,231
2021-08-21,17,341
2021-08-21,18,96
2021-08-21,19,73
2021-08-21,20,55
2021-08-21,21,59
2021-08-21,22,55
2021-08-21,23,49
2021-08-22,0,50
2021-08-22,1,78
2021-08-22,2,17
2021-08-22,3,14
2021-08-22,4,10
2021-08-22,5,15
2021-08-22,6,16
2021-08-22,7,16
2021-08-22,8,26
2021-08-22,9,50
2021-08-22,10,81
2021-08-22,11,110
2021-08-22,12,136
2021-08-22,13,167
2021-08-22,14,185
2021-08-22,15,174
2021-08-22,16,140
2021-08-22,17,99
2021-08-22,18,71
2021-08-22,19,43
2021-08-22,20,37
2021-08-22,21,35
2021-08-22,22,29
2021-08-22,23,11
2021-08-23,0,0
2021-08-23,1,0
2021-08-23,2,4
2021-08-23,3,3
2021-08-23,4,10
2021-08-23,5,14
2021-08-23,6,62
2021-08-23,7,84
2021-08-23,8,70
2021-08-23,9,86
2021-08-23,10,103
2021-08-23,11,103
2021-08-23,12,136
2021-08-23,13,129
2021-08-23,14,122
2021-08-23,15,142
2021-08-23,16,166
2021-08-23,17,162
2021-08-23,18,74
2021-08-23,19,46
2021-08-23,20,41
2021-08-23,21,26
2021-08-23,22,25
2021-08-23,23,12
2021-08-24,0,13
2021-08-24,1,0
2021-08-24,2,5
2021-08-24,3,4
2021-08-24,4,9
2021-08-24,5,11
2021-08-24,6,70
2021-08-24,7,89
2021-08-24,8,74
2021-08-24,9,103
2021-08-24,10,89
2021-08-24,11,122
2021-08-24,12,108
2021-08-24,13,144
2021-08-24,14,143
2021-08-24,15,152
2021-08-24,16,153
2021-08-24,17,154
2021-08-24,18,71
2021-08-24,19,62
2021-08-24,20,44
2021-08-24,21,39
2021-08-24,22,26
2021-08-24,23,15
2021-08-25,0,12
2021-08-25,1,9
2021-08-25,2,3
2021-08-25,3,3
2021-08-25,4,6
2021-08-25,5,20
2021-08-25,6,51
2021-08-25,7,144
2021-08-25,8,91
2021-08-25,9,85
2021-08-25,10,136
2021-08-25,11,119
2021-08-25,12,108
2021-08-25,13,107
2021-08-25,14,149
2021-08-25,15,146
2021-08-25,16,297
2021-08-25,17,154
2021-08-25,18,70
2021-08-25,19,57
2021-08-25,20,43
2021-08-25,21,44
2021-08-25,22,19
2021-08-25,23,43
2021-08-26,0,9
2021-08-26,1,7
2021-08-26,2,6
2021-08-26,3,7
2021-08-26,4,4
2021-08-26,5,30
2021-08-26,6,53
2021-08-26,7,103
2021-08-26,8,79
2021-08-26,9,89
2021-08-26,10,86
2021-08-26,11,108
2021-08-26,12,115
2021-08-26,13,140
2021-08-26,14,144
2021-08-26,15,141
2021-08-26,16,145
2021-08-26,17,182
2021-08-26,18,87
2021-08-26,19,78
2021-08-26,20,57
2021-08-26,21,46
2021-08-26,22,33
2021-08-26,23,27
2021-08-27,0,5
2021-08-27,1,4
2021-08-27,2,7
2021-08-27,3,2
2021-08-27,4,12
2021-08-27,5,16
2021-08-27,6,55
2021-08-27,7,85
2021-08-27,8,135
2021-08-27,9,92
2021-08-27,10,128
2021-08-27,11,123
2021-08-27,12,159
2021-08-27,13,165
2021-08-27,14,179
2021-08-27,15,147
2021-08-27,16,193
2021-08-27,17,165
2021-08-27,18,120
2021-08-27,19,62
2021-08-27,20,55
2021-08-27,21,45
2021-08-27,22,60
2021-08-27,23,46
2021-08-28,0,16
2021-08-28,1,17
2021-08-28,2,18
2021-08-28,3,14
2021-08-28,4,8
2021-08-28,5,11
2021-08-28,6,16
2021-08-28,7,28
2021-08-28,8,55
2021-08-28,9,65
2021-08-28,10,118
2021-08-28,11,118
2021-08-28,12,141
2021-08-28,13,142
2021-08-28,14,171
2021-08-28,15,149
2021-08-28,16,175
2021-08-28,17,120
2021-08-28,18,97
2021-08-28,19,70
2021-08-28,20,51
2021-08-28,21,58
2021-08-28,22,52
2021-08-28,23,49
2021-08-29,0,26
2021-08-29,1,36
2021-08-29,2,19
2021-08-29,3,15
2021-08-29,4,14
2021-08-29,5,14
2021-08-29,6,15
2021-08-29,7,16
2021-08-29,8,26
2021-08-29,9,45
2021-08-29,10,94
2021-08-29,11,72
2021-08-29,12,107
2021-08-29,13,132
2021-08-29,14,136
2021-08-29,15,128
2021-08-29,16,93
2021-08-29,17,108
2021-08-29,18,62
2021-08-29,19,39
2021-08-29,20,90
2021-08-29,21,44
2021-08-29,22,34
2021-08-29,23,14
2021-08-30,0,0
2021-08-30,1,12
2021-08-30,2,5
2021-08-30,3,6
2021-08-30,4,11
2021-08-30,5,14
2021-08-30,6,32
2021-08-30,7,69
2021-08-30,8,63
2021-08-30,9,76
2021-08-30,10,93
2021-08-30,11,84
2021-08-30,12,129
2021-08-30,13,121
2021-08-30,14,120
2021-08-30,15,136
2021-08-30,16,129
2021-08-30,17,88
2021-08-30,18,64
2021-08-30,19,48
2021-08-30,20,35
2021-08-30,21,23
2021-08-30,22,17
2021-08-30,23,17
2021-08-31,0,6
2021-08-31,1,7
2021-08-31,2,1
2021-08-31,3,3
2021-08-31,4,3
2021-08-31,5,23
2021-08-31,6,49
2021-08-31,7,101
2021-08-31,8,57
2021-08-31,9,82
2021-08-31,10,83
2021-08-31,11,108
2021-08-31,12,116
2021-08-31,13,169
2021-08-31,14,142
2021-08-31,15,176
2021-08-31,16,182
2021-08-31,17,159
2021-08-31,18,88
2021-08-31,19,51
2021-08-31,20,40
2021-08-31,21,35
2021-08-31,22,26
2021-08-31,23,19
2021-09-01,0,5
2021-09-01,1,4
2021-09-01,2,7
2021-09-01,3,6
2021-09-01,4,8
2021-09-01,5,21
2021-09-01,6,51
2021-09-01,7,82
2021-09-01,8,77
2021-09-01,9,78
2021-09-01,10,166
2021-09-01,11,117
2021-09-01,12,115
2021-09-01,13,129
2021-09-01,14,72
2021-09-01,15,196
2021-09-01,16,296
2021-09-01,17,142
2021-09-01,18,80
2021-09-01,19,58
2021-09-01,20,37
2021-09-01,21,35
2021-09-01,22,25
2021-09-01,23,31
2021-09-02,0,13
2021-09-02,1,9
2021-09-02,2,10
2021-09-02,3,5
2021-09-02,4,5
2021-09-02,5,16
2021-09-02,6,59
2021-09-02,7,92
2021-09-02,8,81
2021-09-02,9,78
2021-09-02,10,107
2021-09-02,11,95
2021-09-02,12,114
2021-09-02,13,137
2021-09-02,14,135
2021-09-02,15,178
2021-09-02,16,217
2021-09-02,17,141
2021-09-02,18,98
2021-09-02,19,74
2021-09-02,20,57
2021-09-02,21,32
2021-09-02,22,42
2021-09-02,23,16
2021-09-03,0,5
2021-09-03,1,11
2021-09-03,2,6
2021-09-03,3,11
2021-09-03,4,10
2021-09-03,5,28
2021-09-03,6,46
2021-09-03,7,112
2021-09-03,8,87
2021-09-03,9,68
2021-09-03,10,115
2021-09-03,11,136
2021-09-03,12,151
2021-09-03,13,197
2021-09-03,14,170
2021-09-03,15,224
2021-09-03,16,169
2021-09-03,17,203
2021-09-03,18,110
2021-09-03,19,61
2021-09-03,20,55
2021-09-03,21,50
2021-09-03,22,51
2021-09-03,23,37
2021-09-04,0,24
2021-09-04,1,25
2021-09-04,2,19
2021-09-04,3,9
2021-09-04,4,8
2021-09-04,5,83
2021-09-04,6,16
2021-09-04,7,29
2021-09-04,8,61
2021-09-04,9,66
2021-09-04,10,99
2021-09-04,11,134
2021-09-04,12,156
2021-09-04,13,172
2021-09-04,14,231
2021-09-04,15,222
2021-09-04,16,160
2021-09-04,17,132
2021-09-04,18,89
2021-09-04,19,59
2021-09-04,20,55
2021-09-04,21,67
2021-09-04,22,58
2021-09-04,23,35
2021-09-05,0,34
2021-09-05,1,30
2021-09-05,2,24
2021-09-05,3,23
2021-09-05,4,13
2021-09-05,5,17
2021-09-05,6,21
2021-09-05,7,11
2021-09-05,8,19
2021-09-05,9,46
2021-09-05,10,66
2021-09-05,11,89
2021-09-05,12,137
2021-09-05,13,151
2021-09-05,14,153
2021-09-05,15,201
2021-09-05,16,236
2021-09-05,17,109
2021-09-05,18,50
2021-09-05,19,68
2021-09-05,20,51
2021-09-05,21,36
2021-09-05,22,21
2021-09-05,23,12
2021-09-06,0,3
2021-09-06,1,9
2021-09-06,2,7
2021-09-06,3,3
2021-09-06,4,3
2021-09-06,5,26
2021-09-06,6,46
2021-09-06,7,114
2021-09-06,8,90
2021-09-06,9,65
2021-09-06,10,89
2021-09-06,11,111
2021-09-06,12,109
2021-09-06,13,168
2021-09-06,14,136
2021-09-06,15,129
2021-09-06,16,234
2021-09-06,17,135
2021-09-06,18,66
2021-09-06,19,40
2021-09-06,20,40
2021-09-06,21,45
2021-09-06,22,16
2021-09-06,23,14
2021-09-07,0,8
2021-09-07,1,4
2021-09-07,2,10
2021-09-07,3,3
2021-09-07,4,8
2021-09-07,5,28
2021-09-07,6,53
2021-09-07,7,111
2021-09-07,8,76
2021-09-07,9,78
2021-09-07,10,103
2021-09-07,11,181
2021-09-07,12,107
2021-09-07,13,164
2021-09-07,14,142
2021-09-07,15,180
2021-09-07,16,236
2021-09-07,17,138
2021-09-07,18,82
2021-09-07,19,46
2021-09-07,20,42
2021-09-07,21,31
2021-09-07,22,25
2021-09-07,23,10
2021-09-08,0,4
2021-09-08,1,4
2021-09-08,2,7
2021-09-08,3,12
2021-09-08,4,11
2021-09-08,5,17
2021-09-08,6,55
2021-09-08,7,83
2021-09-08,8,81
2021-09-08,9,72
2021-09-08,10,94
2021-09-08,11,109
2021-09-08,12,119
2021-09-08,13,124
2021-09-08,14,147
2021-09-08,15,207
2021-09-08,16,281
2021-09-08,17,154
2021-09-08,18,97
2021-09-08,19,57
2021-09-08,20,48
2021-09-08,21,54
2021-09-08,22,26
2021-09-08,23,31
2021-09-09,0,8
2021-09-09,1,4
2021-09-09,2,0
2021-09-09,3,0
2021-09-09,4,0
2021-09-09,5,22
2021-09-09,6,53
2021-09-09,7,84
2021-09-09,8,66
2021-09-09,9,93
2021-09-09,10,101
2021-09-09,11,110
2021-09-09,12,148
2021-09-09,13,150
2021-09-09,14,144
2021-09-09,15,207
2021-09-09,16,192
2021-09-09,17,177
2021-09-09,18,111
2021-09-09,19,79
2021-09-09,20,58
2021-09-09,21,72
2021-09-09,22,130
2021-09-09,23,92
2021-09-10,0,91
2021-09-10,1,15
2021-09-10,2,15
2021-09-10,3,7
2021-09-10,4,12
2021-09-10,5,24
2021-09-10,6,52
2021-09-10,7,89
2021-09-10,8,104
2021-09-10,9,86
2021-09-10,10,120
2021-09-10,11,161
2021-09-10,12,165
2021-09-10,13,217
2021-09-10,14,300
2021-09-10,15,289
2021-09-10,16,233
2021-09-10,17,154
2021-09-10,18,136
2021-09-10,19,112
2021-09-10,20,86
2021-09-10,21,99
2021-09-10,22,170
2021-09-10,23,61
2021-09-11,0,19
2021-09-11,1,31
2021-09-11,2,21
2021-09-11,3,17
2021-09-11,4,10
2021-09-11,5,15
2021-09-11,6,20
2021-09-11,7,33
2021-09-11,8,47
2021-09-11,9,60
2021-09-11,10,112
2021-09-11,11,288
2021-09-11,12,243
2021-09-11,13,164
2021-09-11,14,203
2021-09-11,15,207
2021-09-11,16,339
2021-09-11,17,291
2021-09-11,18,164
2021-09-11,19,71
2021-09-11,20,70
2021-09-11,21,68
2021-09-11,22,251
2021-09-11,23,136
2021-09-12,0,29
2021-09-12,1,25
2021-09-12,2,28
2021-09-12,3,15
2021-09-12,4,13
2021-09-12,5,6
2021-09-12,6,13
2021-09-12,7,19
2021-09-12,8,27
2021-09-12,9,47
2021-09-12,10,89
2021-09-12,11,120
2021-09-12,12,159
2021-09-12,13,193
2021-09-12,14,253
2021-09-12,15,224
2021-09-12,16,184
2021-09-12,17,99
2021-09-12,18,144
2021-09-12,19,62
2021-09-12,20,96
2021-09-12,21,137
2021-09-12,22,130
2021-09-12,23,44
2021-09-13,0,41
2021-09-13,1,11
2021-09-13,2,6
2021-09-13,3,10
2021-09-13,4,8
2021-09-13,5,24
2021-09-13,6,66
2021-09-13,7,118
2021-09-13,8,60
2021-09-13,9,75
2021-09-13,10,101
2021-09-13,11,97
2021-09-13,12,113
2021-09-13,13,147
2021-09-13,14,127
2021-09-13,15,132
2021-09-13,16,178
2021-09-13,17,105
2021-09-13,18,65
2021-09-13,19,43
2021-09-13,20,53
2021-09-13,21,49
2021-09-13,22,14
2021-09-13,23,21
2021-09-14,0,0
2021-09-14,1,2
2021-09-14,2,10
2021-09-14,3,6
2021-09-14,4,6
2021-09-14,5,16
2021-09-14,6,55
2021-09-14,7,111
2021-09-14,8,117
2021-09-14,9,79
2021-09-14,10,92
2021-09-14,11,133
2021-09-14,12,122
2021-09-14,13,130
2021-09-14,14,155
2021-09-14,15,206
2021-09-14,16,228
2021-09-14,17,213
2021-09-14,18,94
2021-09-14,19,55
2021-09-14,20,41
2021-09-14,21,18
2021-09-14,22,33
2021-09-14,23,16
2021-09-15,0,4
2021-09-15,1,4
2021-09-15,2,6
2021-09-15,3,7
2021-09-15,4,5
2021-09-15,5,20
2021-09-15,6,58
2021-09-15,7,92
2021-09-15,8,85
2021-09-15,9,62
2021-09-15,10,94
2021-09-15,11,116
2021-09-15,12,111
2021-09-15,13,126
2021-09-15,14,158
2021-09-15,15,160
2021-09-15,16,338
2021-09-15,17,139
2021-09-15,18,106
2021-09-15,19,77
2021-09-15,20,55
2021-09-15,21,49
2021-09-15,22,36
2021-09-15,23,23
2021-09-16,0,6
2021-09-16,1,11
2021-09-16,2,5
2021-09-16,3,4
2021-09-16,4,7
2021-09-16,5,23
2021-09-16,6,67
2021-09-16,7,102
2021-09-16,8,87
2021-09-16,9,87
2021-09-16,10,123
2021-09-16,11,111
2021-09-16,12,143
2021-09-16,13,151
2021-09-16,14,137
2021-09-16,15,207
2021-09-16,16,230
2021-09-16,17,251
2021-09-16,18,143
2021-09-16,19,63
2021-09-16,20,49
2021-09-16,21,43
2021-09-16,22,41
2021-09-16,23,17
2021-09-17,0,11
2021-09-17,1,68
2021-09-17,2,7
2021-09-17,3,10
2021-09-17,4,4
2021-09-17,5,14
2021-09-17,6,55
2021-09-17,7,90
2021-09-17,8,100
2021-09-17,9,130
2021-09-17,10,105
2021-09-17,11,129
2021-09-17,12,166
2021-09-17,13,187
2021-09-17,14,165
2021-09-17,15,246
2021-09-17,16,212
2021-09-17,17,155
2021-09-17,18,143
2021-09-17,19,82
2021-09-17,20,44
2021-09-17,21,85
2021-09-17,22,65
2021-09-17,23,118
2021-09-18,0,181
2021-09-18,1,28
2021-09-18,2,15
2021-09-18,3,12
2021-09-18,4,10
2021-09-18,5,13
2021-09-18,6,17
2021-09-18,7,43
2021-09-18,8,83
2021-09-18,9,75
2021-09-18,10,137
2021-09-18,11,201
2021-09-18,12,174
2021-09-18,13,195
2021-09-18,14,165
2021-09-18,15,150
2021-09-18,16,169
2021-09-18,17,150
2021-09-18,18,96
2021-09-18,19,76
2021-09-18,20,67
2021-09-18,21,55
2021-09-18,22,66
2021-09-18,23,46
2021-09-19,0,31
2021-09-19,1,25
2021-09-19,2,30
2021-09-19,3,14
2021-09-19,4,10
2021-09-19,5,12
2021-09-19,6,16
2021-09-19,7,15
2021-09-19,8,21
2021-09-19,9,45
2021-09-19,10,76
2021-09-19,11,187
2021-09-19,12,223
2021-09-19,13,279
2021-09-19,14,146
2021-09-19,15,168
2021-09-19,16,142
2021-09-19,17,143
2021-09-19,18,60
2021-09-19,19,62
2021-09-19,20,36
2021-09-19,21,35
2021-09-19,22,29
2021-09-19,23,18
2021-09-20,0,17
2021-09-20,1,12
2021-09-20,2,5
2021-09-20,3,0
2021-09-20,4,8
2021-09-20,5,22
2021-09-20,6,48
2021-09-20,7,101
2021-09-20,8,73
2021-09-20,9,83
2021-09-20,10,92
2021-09-20,11,96
2021-09-20,12,95
2021-09-20,13,153
2021-09-20,14,111
2021-09-20,15,176
2021-09-20,16,216
2021-09-20,17,130
2021-09-20,18,63
2021-09-20,19,52
2021-09-20,20,48
2021-09-20,21,40
2021-09-20,22,18
2021-09-20,23,16
2021-09-21,0,4
2021-09-21,1,3
2021-09-21,2,6
2021-09-21,3,4
2021-09-21,4,7
2021-09-21,5,20
2021-09-21,6,57
2021-09-21,7,103
2021-09-21,8,86
2021-09-21,9,81
2021-09-21,10,98
2021-09-21,11,133
2021-09-21,12,127
2021-09-21,13,133
2021-09-21,14,141
2021-09-21,15,166
2021-09-21,16,232
2021-09-21,17,197
2021-09-21,18,96
2021-09-21,19,53
2021-09-21,20,38
2021-09-21,21,32
2021-09-21,22,18
2021-09-21,23,25
2021-09-22,0,5
2021-09-22,1,3
2021-09-22,2,3
2021-09-22,3,3
2021-09-22,4,4
2021-09-22,5,15
2021-09-22,6,65
2021-09-22,7,98
2021-09-22,8,76
2021-09-22,9,86
2021-09-22,10,95
2021-09-22,11,122
2021-09-22,12,124
2021-09-22,13,131
2021-09-22,14,171
2021-09-22,15,189
2021-09-22,16,192
2021-09-22,17,268
2021-09-22,18,171
2021-09-22,19,58
2021-09-22,20,48
2021-09-22,21,69
2021-09-22,22,57
2021-09-22,23,31
2021-09-23,0,6
2021-09-23,1,5
2021-09-23,2,11
2021-09-23,3,7
2021-09-23,4,7
2021-09-23,5,28
2021-09-23,6,80
2021-09-23,7,102
2021-09-23,8,113
2021-09-23,9,84
2021-09-23,10,106
2021-09-23,11,112
2021-09-23,12,135
2021-09-23,13,162
2021-09-23,14,156
2021-09-23,15,194
2021-09-23,16,284
2021-09-23,17,234
2021-09-23,18,127
2021-09-23,19,73
2021-09-23,20,55
2021-09-23,21,75
2021-09-23,22,31
2021-09-23,23,18
2021-09-24,0,16
2021-09-24,1,27
2021-09-24,2,1
2021-09-24,3,7
2021-09-24,4,7
2021-09-24,5,15
2021-09-24,6,82
2021-09-24,7,56
2021-09-24,8,73
2021-09-24,9,76
2021-09-24,10,122
2021-09-24,11,123
2021-09-24,12,197
2021-09-24,13,166
2021-09-24,14,171
2021-09-24,15,164
2021-09-24,16,184
2021-09-24,17,207
2021-09-24,18,122
2021-09-24,19,82
2021-09-24,20,52
2021-09-24,21,62
2021-09-24,22,97
2021-09-24,23,42
2021-09-25,0,31
2021-09-25,1,34
2021-09-25,2,71
2021-09-25,3,14
2021-09-25,4,15
2021-09-25,5,11
2021-09-25,6,16
2021-09-25,7,22
2021-09-25,8,54
2021-09-25,9,69
2021-09-25,10,88
2021-09-25,11,142
2021-09-25,12,142
2021-09-25,13,129
2021-09-25,14,145
2021-09-25,15,143
2021-09-25,16,147
2021-09-25,17,131
2021-09-25,18,100
2021-09-25,19,76
2021-09-25,20,63
2021-09-25,21,64
2021-09-25,22,69
2021-09-25,23,43
2021-09-26,0,29
2021-09-26,1,39
2021-09-26,2,24
2021-09-26,3,22
2021-09-26,4,17
2021-09-26,5,13
2021-09-26,6,23
2021-09-26,7,22
2021-09-26,8,26
2021-09-26,9,42
2021-09-26,10,87
2021-09-26,11,95
2021-09-26,12,140
2021-09-26,13,174
2021-09-26,14,184
2021-09-26,15,124
2021-09-26,16,289
2021-09-26,17,308
2021-09-26,18,94
2021-09-26,19,57
2021-09-26,20,51
2021-09-26,21,49
2021-09-26,22,29
2021-09-26,23,21
2021-09-27,0,21
2021-09-27,1,15
2021-09-27,2,11
2021-09-27,3,6
2021-09-27,4,9
2021-09-27,5,13
2021-09-27,6,30
2021-09-27,7,37
2021-09-27,8,48
2021-09-27,9,54
2021-09-27,10,87
2021-09-27,11,112
2021-09-27,12,120
2021-09-27,13,131
2021-09-27,14,134
2021-09-27,15,180
2021-09-27,16,118
2021-09-27,17,143
2021-09-27,18,66
2021-09-27,19,47
2021-09-27,20,32
2021-09-27,21,36
2021-09-27,22,33
2021-09-27,23,22
2021-09-28,0,8
2021-09-28,1,9
2021-09-28,2,5
2021-09-28,3,7
2021-09-28,4,10
2021-09-28,5,15
2021-09-28,6,50
2021-09-28,7,100
2021-09-28,8,134
2021-09-28,9,90
2021-09-28,10,116
2021-09-28,11,116
2021-09-28,12,108
2021-09-28,13,110
2021-09-28,14,125
2021-09-28,15,171
2021-09-28,16,206
2021-09-28,17,121
2021-09-28,18,76
2021-09-28,19,52
2021-09-28,20,45
2021-09-28,21,42
2021-09-28,22,35
2021-09-28,23,13
2021-09-29,0,4
2021-09-29,1,4
2021-09-29,2,5
2021-09-29,3,2
2021-09-29,4,4
2021-09-29,5,18
2021-09-29,6,57
2021-09-29,7,125
2021-09-29,8,93
2021-09-29,9,86
2021-09-29,10,189
2021-09-29,11,118
2021-09-29,12,101
2021-09-29,13,129
2021-09-29,14,127
2021-09-29,15,265
2021-09-29,16,315
2021-09-29,17,255
2021-09-29,18,162
2021-09-29,19,53
2021-09-29,20,31
2021-09-29,21,60
2021-09-29,22,20
2021-09-29,23,46
2021-09-30,0,8
2021-09-30,1,16
2021-09-30,2,9
2021-09-30,3,13
2021-09-30,4,9
2021-09-30,5,23
2021-09-30,6,63
2021-09-30,7,108
2021-09-30,8,113
2021-09-30,9,103
2021-09-30,10,111
2021-09-30,11,114
2021-09-30,12,158
2021-09-30,13,156
2021-09-30,14,154
2021-09-30,15,188
2021-09-30,16,268
2021-09-30,17,195
2021-09-30,18,78
2021-09-30,19,71
2021-09-30,20,64
2021-09-30,21,246
2021-09-30,22,118
2021-09-30,23,39
2021-10-01,0,13
2021-10-01,1,19
2021-10-01,2,9
2021-10-01,3,12
2021-10-01,4,8
2021-10-01,5,28
2021-10-01,6,52
2021-10-01,7,112
2021-10-01,8,91
2021-10-01,9,77
2021-10-01,10,188
2021-10-01,11,155
2021-10-01,12,133
2021-10-01,13,227
2021-10-01,14,221
2021-10-01,15,288
2021-10-01,16,183
2021-10-01,17,267
2021-10-01,18,104
2021-10-01,19,71
2021-10-01,20,86
2021-10-01,21,73
2021-10-01,22,65
2021-10-01,23,99
2021-10-02,0,110
2021-10-02,1,22
2021-10-02,2,29
2021-10-02,3,15
2021-10-02,4,15
2021-10-02,5,14
2021-10-02,6,14
2021-10-02,7,26
2021-10-02,8,41
2021-10-02,9,75
2021-10-02,10,129
2021-10-02,11,201
2021-10-02,12,188
2021-10-02,13,332
2021-10-02,14,231
2021-10-02,15,177
2021-10-02,16,182
2021-10-02,17,134
2021-10-02,18,117
2021-10-02,19,69
2021-10-02,20,51
2021-10-02,21,54
2021-10-02,22,125
2021-10-02,23,66
2021-10-03,0,51
2021-10-03,1,34
2021-10-03,2,24
2021-10-03,3,15
2021-10-03,4,14
2021-10-03,5,14
2021-10-03,6,18
2021-10-03,7,17
2021-10-03,8,27
2021-10-03,9,59
2021-10-03,10,145
2021-10-03,11,107
2021-10-03,12,141
2021-10-03,13,305
2021-10-03,14,283
2021-10-03,15,124
2021-10-03,16,142
2021-10-03,17,157
2021-10-03,18,148
2021-10-03,19,47
2021-10-03,20,45
2021-10-03,21,43
2021-10-03,22,38
2021-10-03,23,16
2021-10-04,0,17
2021-10-04,1,7
2021-10-04,2,3
2021-10-04,3,1
2021-10-04,4,10
2021-10-04,5,12
2021-10-04,6,58
2021-10-04,7,113
2021-10-04,8,85
2021-10-04,9,79
2021-10-04,10,97
2021-10-04,11,133
2021-10-04,12,93
2021-10-04,13,142
2021-10-04,14,116
2021-10-04,15,131
2021-10-04,16,159
2021-10-04,17,138
2021-10-04,18,70
2021-10-04,19,54
2021-10-04,20,30
2021-10-04,21,44
2021-10-04,22,29
2021-10-04,23,20
2021-10-05,0,9
2021-10-05,1,1
2021-10-05,2,1
2021-10-05,3,4
2021-10-05,4,4
2021-10-05,5,19
2021-10-05,6,63
2021-10-05,7,108
2021-10-05,8,90
2021-10-05,9,79
2021-10-05,10,100
2021-10-05,11,117
2021-10-05,12,130
2021-10-05,13,154
2021-10-05,14,142
2021-10-05,15,160
2021-10-05,16,259
2021-10-05,17,240
2021-10-05,18,78
2021-10-05,19,49
2021-10-05,20,51
2021-10-05,21,57
2021-10-05,22,56
2021-10-05,23,18
2021-10-06,0,4
2021-10-06,1,10
2021-10-06,2,9
2021-10-06,3,0
2021-10-06,4,2
2021-10-06,5,15
2021-10-06,6,73
2021-10-06,7,96
2021-10-06,8,91
2021-10-06,9,100
2021-10-06,10,115
2021-10-06,11,147
2021-10-06,12,141
2021-10-06,13,190
2021-10-06,14,128
2021-10-06,15,174
2021-10-06,16,266
2021-10-06,17,147
2021-10-06,18,120
2021-10-06,19,104
2021-10-06,20,53
2021-10-06,21,47
2021-10-06,22,31
2021-10-06,23,18
2021-10-07,0,8
2021-10-07,1,10
2021-10-07,2,9
2021-10-07,3,12
2021-10-07,4,14
2021-10-07,5,21
2021-10-07,6,60
2021-10-07,7,117
2021-10-07,8,109
2021-10-07,9,101
2021-10-07,10,90
2021-10-07,11,149
2021-10-07,12,128
2021-10-07,13,148
2021-10-07,14,132
2021-10-07,15,158
2021-10-07,16,159
2021-10-07,17,212
2021-10-07,18,101
2021-10-07,19,60
2021-10-07,20,66
2021-10-07,21,45
2021-10-07,22,42
2021-10-07,23,18
2021-10-08,0,13
2021-10-08,1,12
2021-10-08,2,12
2021-10-08,3,11
2021-10-08,4,5
2021-10-08,5,16
2021-10-08,6,58
2021-10-08,7,117
2021-10-08,8,157
2021-10-08,9,96
2021-10-08,10,107
2021-10-08,11,147
2021-10-08,12,159
2021-10-08,13,155
2021-10-08,14,210
2021-10-08,15,264
2021-10-08,16,334
2021-10-08,17,296
2021-10-08,18,133
2021-10-08,19,86
2021-10-08,20,84
2021-10-08,21,63
2021-10-08,22,59
2021-10-08,23,46
2021-10-09,0,34
2021-10-09,1,23
2021-10-09,2,17
2021-10-09,3,8
2021-10-09,4,7
2021-10-09,5,15
2021-10-09,6,17
2021-10-09,7,36
2021-10-09,8,45
2021-10-09,9,87
2021-10-09,10,83
2021-10-09,11,216
2021-10-09,12,149
2021-10-09,13,142
2021-10-09,14,158
2021-10-09,15,268
2021-10-09,16,152
2021-10-09,17,151
2021-10-09,18,98
2021-10-09,19,90
2021-10-09,20,65
2021-10-09,21,64
2021-10-09,22,61
2021-10-09,23,61
2021-10-10,0,31
2021-10-10,1,20
2021-10-10,2,19
2021-10-10,3,22
2021-10-10,4,15
2021-10-10,5,28
2021-10-10,6,19
2021-10-10,7,16
2021-10-10,8,21
2021-10-10,9,47
2021-10-10,10,66
2021-10-10,11,114
2021-10-10,12,116
2021-10-10,13,152
2021-10-10,14,140
2021-10-10,15,135
2021-10-10,16,129
2021-10-10,17,106
2021-10-10,18,61
2021-10-10,19,58
2021-10-10,20,40
2021-10-10,21,37
2021-10-10,22,42
2021-10-10,23,22
2021-10-11,0,17
2021-10-11,1,15
2021-10-11,2,3
2021-10-11,3,2
2021-10-11,4,6
2021-10-11,5,13
2021-10-11,6,65
2021-10-11,7,81
2021-10-11,8,116
2021-10-11,9,66
2021-10-11,10,95
2021-10-11,11,117
2021-10-11,12,146
2021-10-11,13,137
2021-10-11,14,125
2021-10-11,15,168
2021-10-11,16,162
2021-10-11,17,98
2021-10-11,18,73
2021-10-11,19,47
2021-10-11,20,41
2021-10-11,21,37
2021-10-11,22,33
2021-10-11,23,10
2021-10-12,0,24
2021-10-12,1,8
2021-10-12,2,2
2021-10-12,3,0
2021-10-12,4,7
2021-10-12,5,20
2021-10-12,6,66
2021-10-12,7,70
2021-10-12,8,73
2021-10-12,9,69
2021-10-12,10,90
2021-10-12,11,112
2021-10-12,12,120
2021-10-12,13,124
2021-10-12,14,147
2021-10-12,15,171
2021-10-12,16,228
2021-10-12,17,139
2021-10-12,18,66
2021-10-12,19,52
2021-10-12,20,36
2021-10-12,21,34
2021-10-12,22,26
2021-10-12,23,16
2021-10-13,0,4
2021-10-13,1,10
2021-10-13,2,7
2021-10-13,3,3
2021-10-13,4,3
2021-10-13,5,23
2021-10-13,15,182
2021-10-13,16,235
2021-10-13,17,176
2021-10-13,18,145
2021-10-13,19,52
2021-10-13,20,40
2021-10-13,21,27
2021-10-13,22,48
2021-10-13,23,21
2021-10-14,0,10
2021-10-14,1,7
2021-10-14,2,4
2021-10-14,3,4
2021-10-14,4,11
2021-10-14,5,18
2021-10-14,6,62
2021-10-14,7,107
2021-10-14,8,68
2021-10-14,9,83
2021-10-14,10,111
2021-10-14,11,128
2021-10-14,12,128
2021-10-14,13,116
2021-10-14,14,161
2021-10-14,15,219
2021-10-14,16,271
2021-10-14,17,165
2021-10-14,18,120
2021-10-14,19,66
2021-10-14,20,48
2021-10-14,21,41
2021-10-14,22,35
2021-10-14,23,42
2021-10-15,0,41
2021-10-15,1,18
2021-10-15,2,3
2021-10-15,3,8
2021-10-15,4,3
2021-10-15,5,16
2021-10-15,6,50
2021-10-15,7,68
2021-10-15,8,96
2021-10-15,9,60
2021-10-15,10,95
2021-10-15,11,110
2021-10-15,12,147
2021-10-15,13,141
2021-10-15,14,201
2021-10-15,15,236
2021-10-15,16,188
2021-10-15,17,152
2021-10-15,18,98
2021-10-15,19,72
2021-10-15,20,64
2021-10-15,21,52
2021-10-15,22,71
2021-10-15,23,48
2021-10-16,0,47
2021-10-16,1,26
2021-10-16,2,25
2021-10-16,3,12
2021-10-16,4,12
2021-10-16,5,25
2021-10-16,6,16
2021-10-16,7,30
2021-10-16,8,44
2021-10-16,9,46
2021-10-16,10,112
2021-10-16,11,127
2021-10-16,12,154
2021-10-16,13,197
2021-10-16,14,200
2021-10-16,15,189
2021-10-16,16,173
2021-10-16,17,121
2021-10-16,18,108
2021-10-16,19,78
2021-10-16,20,61
2021-10-16,21,58
2021-10-16,22,64
2021-10-16,23,66
2021-10-17,0,35
2021-10-17,1,26
2021-10-17,2,16
2021-10-17,3,28
2021-10-17,4,11
2021-10-17,5,16
2021-10-17,6,10
2021-10-17,7,24
2021-10-17,8,34
2021-10-17,9,44
2021-10-17,10,74
2021-10-17,11,106
2021-10-17,12,140
2021-10-17,13,158
2021-10-17,14,211
2021-10-17,15,185
2021-10-17,16,140
2021-10-17,17,142
2021-10-17,18,68
2021-10-17,19,50
2021-10-17,20,47
2021-10-17,21,52
2021-10-17,22,33
2021-10-17,23,18
2021-10-18,0,17
2021-10-18,1,7
2021-10-18,2,1
2021-10-18,3,0
2021-10-18,4,4
2021-10-18,5,16
2021-10-18,6,63
2021-10-18,7,143
2021-10-18,8,119
2021-10-18,9,73
2021-10-18,10,76
2021-10-18,11,103
2021-10-18,12,108
2021-10-18,13,130
2021-10-18,14,114
2021-10-18,15,171
2021-10-18,16,137
2021-10-18,17,128
2021-10-18,18,81
2021-10-18,19,47
2021-10-18,20,41
2021-10-18,21,30
2021-10-18,22,28
2021-10-18,23,14
2021-10-19,0,16
2021-10-19,1,2
2021-10-19,2,5
2021-10-19,3,3
2021-10-19,4,1
2021-10-19,5,21
2021-10-19,6,79
2021-10-19,7,161
2021-10-19,8,120
2021-10-19,9,144
2021-10-19,10,107
2021-10-19,11,133
2021-10-19,12,101
2021-10-19,13,144
2021-10-19,14,160
2021-10-19,15,152
2021-10-19,16,261
2021-10-19,17,349
2021-10-19,18,161
2021-10-19,19,56
2021-10-19,20,46
2021-10-19,21,38
2021-10-19,22,21
2021-10-19,23,25
2021-10-20,0,4
2021-10-20,1,15
2021-10-20,2,5
2021-10-20,3,7
2021-10-20,4,5
2021-10-20,5,24
2021-10-20,6,60
2021-10-20,7,134
2021-10-20,8,141
2021-10-20,9,94
2021-10-20,10,144
2021-10-20,11,113
2021-10-20,12,127
2021-10-20,13,132
2021-10-20,14,140
2021-10-20,15,221
2021-10-20,16,283
2021-10-20,17,189
2021-10-20,18,133
2021-10-20,19,57
2021-10-20,20,55
2021-10-20,21,52
2021-10-20,22,38
2021-10-20,23,47
2021-10-21,0,13
2021-10-21,1,12
2021-10-21,2,0
2021-10-21,3,12
2021-10-21,4,4
2021-10-21,5,23
2021-10-21,6,48
2021-10-21,7,96
2021-10-21,8,114
2021-10-21,9,105
2021-10-21,10,81
2021-10-21,11,102
2021-10-21,12,159
2021-10-21,13,148
2021-10-21,14,187
2021-10-21,15,300
2021-10-21,16,275
2021-10-21,17,288
2021-10-21,18,173
2021-10-21,19,77
2021-10-21,20,50
2021-10-21,21,56
2021-10-21,22,39
2021-10-21,23,26
2021-10-22,0,20
2021-10-22,1,16
2021-10-22,2,7
2021-10-22,3,7
2021-10-22,4,6
2021-10-22,5,23
2021-10-22,6,58
2021-10-22,7,104
2021-10-22,8,99
2021-10-22,9,100
2021-10-22,10,102
2021-10-22,11,150
2021-10-22,12,148
2021-10-22,13,177
2021-10-22,14,187
2021-10-22,15,185
2021-10-22,16,217
2021-10-22,17,170
2021-10-22,18,120
2021-10-22,19,73
2021-10-22,20,65
2021-10-22,21,100
2021-10-22,22,68
2021-10-22,23,48
2021-10-23,0,38
2021-10-23,1,27
2021-10-23,2,23
2021-10-23,3,11
2021-10-23,4,13
2021-10-23,5,20
2021-10-23,6,17
2021-10-23,7,21
2021-10-23,8,111
2021-10-23,9,60
2021-10-23,10,94
2021-10-23,11,155
2021-10-23,12,142
2021-10-23,13,178
2021-10-23,14,143
2021-10-23,15,160
2021-10-23,16,239
2021-10-23,17,262
2021-10-23,18,82
2021-10-23,19,50
2021-10-23,20,57
2021-10-23,21,59
2021-10-23,22,52
2021-10-23,23,58
2021-10-24,0,36
2021-10-24,1,17
2021-10-24,2,31
2021-10-24,3,24
2021-10-24,4,20
2021-10-24,5,9
2021-10-24,6,16
2021-10-24,7,16
2021-10-24,8,21
2021-10-24,9,38
2021-10-24,10,79
2021-10-24,11,76
2021-10-24,12,79
2021-10-24,13,187
2021-10-24,14,124
2021-10-24,15,110
2021-10-24,16,175
2021-10-24,17,74
2021-10-24,18,59
2021-10-24,19,52
2021-10-24,20,35
2021-10-24,21,35
2021-10-24,22,28
2021-10-24,23,17
2021-10-25,0,18
2021-10-25,1,13
2021-10-25,2,6
2021-10-25,3,2
2021-10-25,4,8
2021-10-25,5,16
2021-10-25,6,44
2021-10-25,7,107
2021-10-25,8,89
2021-10-25,9,56
2021-10-25,10,93
2021-10-25,11,99
2021-10-25,12,80
2021-10-25,13,129
2021-10-25,14,104
2021-10-25,15,153
2021-10-25,16,137
2021-10-25,17,102
2021-10-25,18,57
2021-10-25,19,34
2021-10-25,20,23
2021-10-25,21,29
2021-10-25,22,25
2021-10-25,23,15
2021-10-26,0,8
2021-10-26,1,2
2021-10-26,2,1
2021-10-26,3,3
2021-10-26,4,5
2021-10-26,5,22
2021-10-26,6,55
2021-10-26,7,101
2021-10-26,8,67
2021-10-26,9,75
2021-10-26,10,92
2021-10-26,11,108
2021-10-26,12,105
2021-10-26,13,123
2021-10-26,14,110
2021-10-26,15,127
2021-10-26,16,101
2021-10-26,17,86
2021-10-26,18,97
2021-10-26,19,37
2021-10-26,20,28
2021-10-26,21,38
2021-10-26,22,26
2021-10-26,23,15
2021-10-27,0,4
2021-10-27,1,4
2021-10-27,2,2
2021-10-27,3,1
2021-10-27,4,9
2021-10-27,5,20
2021-10-27,6,60
2021-10-27,7,124
2021-10-27,8,135
2021-10-27,9,91
2021-10-27,10,79
2021-10-27,11,154
2021-10-27,12,70
2021-10-27,13,102
2021-10-27,14,120
2021-10-27,15,138
2021-10-27,16,205
2021-10-27,17,135
2021-10-27,18,151
2021-10-27,19,60
2021-10-27,20,46
2021-10-27,21,37
2021-10-27,22,36
2021-10-27,23,31
2021-10-28,0,8
2021-10-28,1,6
2021-10-28,2,9
2021-10-28,3,18
2021-10-28,4,12
2021-10-28,5,24
2021-10-28,6,60
2021-10-28,7,86
2021-10-28,8,78
2021-10-28,9,71
2021-10-28,10,89
2021-10-28,11,110
2021-10-28,12,114
2021-10-28,13,162
2021-10-28,14,117
2021-10-28,15,170
2021-10-28,16,194
2021-10-28,17,216
2021-10-28,18,93
2021-10-28,19,52
2021-10-28,20,47
2021-10-28,21,44
2021-10-28,22,47
2021-10-28,23,40
2021-10-29,0,18
2021-10-29,1,20
2021-10-29,2,5
2021-10-29,3,6
2021-10-29,4,6
2021-10-29,5,15
2021-10-29,6,54
2021-10-29,7,94
2021-10-29,8,73
2021-10-29,9,86
2021-10-29,10,118
2021-10-29,11,135
2021-10-29,12,123
2021-10-29,13,143
2021-10-29,14,199
2021-10-29,15,187
2021-10-29,16,224
2021-10-29,17,128
2021-10-29,18,80
2021-10-29,19,62
2021-10-29,20,50
2021-10-29,21,71
2021-10-29,22,52
2021-10-29,23,53
2021-10-30,0,34
2021-10-30,1,27
2021-10-30,2,22
2021-10-30,3,15
2021-10-30,4,9
2021-10-30,5,15
2021-10-30,6,20
2021-10-30,7,30
2021-10-30,8,70
2021-10-30,9,67
2021-10-30,10,101
2021-10-30,11,126
2021-10-30,12,155
2021-10-30,13,179
2021-10-30,14,198
2021-10-30,15,206
2021-10-30,16,204
2021-10-30,17,159
2021-10-30,18,93
2021-10-30,19,65
2021-10-30,20,60
2021-10-30,21,54
2021-10-30,22,50
2021-10-30,23,58
2021-10-31,0,35
2021-10-31,1,28
2021-10-31,2,25
2021-10-31,3,19
2021-10-31,4,16
2021-10-31,5,14
2021-10-31,6,7
2021-10-31,7,16
2021-10-31,8,16
2021-10-31,9,21
2021-10-31,10,39
2021-10-31,11,90
2021-10-31,12,81
2021-10-31,13,88
2021-10-31,14,167
2021-10-31,15,173
2021-10-31,16,136
2021-10-31,17,179
2021-10-31,18,124
2021-10-31,19,85
2021-10-31,20,53
2021-10-31,21,42
2021-10-31,22,39
2021-10-31,23,38
2021-11-01,0,26
2021-11-01,1,17
2021-11-01,2,16
2021-11-01,3,13
2021-11-01,4,9
2021-11-01,5,13
2021-11-01,6,27
2021-11-01,7,53
2021-11-01,8,88
2021-11-01,9,104
2021-11-01,10,56
2021-11-01,11,82
2021-11-01,12,85
2021-11-01,13,112
2021-11-01,14,138
2021-11-01,15,126
2021-11-01,16,134
2021-11-01,17,145
2021-11-01,18,123
2021-11-01,19,105
2021-11-01,20,52
2021-11-01,21,35
2021-11-01,22,32
2021-11-01,23,26
2021-11-02,0,16
2021-11-02,1,8
2021-11-02,2,0
2021-11-02,3,2
2021-11-02,4,5
2021-11-02,5,10
2021-11-02,6,14
2021-11-02,7,100
2021-11-02,8,100
2021-11-02,9,59
2021-11-02,10,84
2021-11-02,11,103
2021-11-02,12,109
2021-11-02,13,80
2021-11-02,14,133
2021-11-02,15,129
2021-11-02,16,152
2021-11-02,17,253
2021-11-02,18,167
2021-11-02,19,76
2021-11-02,20,42
2021-11-02,21,83
2021-11-02,22,34
2021-11-02,23,28
2021-11-03,0,15
2021-11-03,1,4
2021-11-03,2,6
2021-11-03,3,4
2021-11-03,4,2
2021-11-03,5,6
2021-11-03,6,15
2021-11-03,7,76
2021-11-03,8,110
2021-11-03,9,140
2021-11-03,10,72
2021-11-03,11,91
2021-11-03,12,163
2021-11-03,13,114
2021-11-03,14,122
2021-11-03,15,99
2021-11-03,16,183
2021-11-03,17,252
2021-11-03,18,149
2021-11-03,19,86
2021-11-03,20,52
2021-11-03,21,29
2021-11-03,22,45
2021-11-03,23,33
2021-11-04,0,20
2021-11-04,1,12
2021-11-04,2,10
2021-11-04,3,4
2021-11-04,4,11
2021-11-04,5,11
2021-11-04,6,24
2021-11-04,7,53
2021-11-04,8,95
2021-11-04,9,89
2021-11-04,10,84
2021-11-04,11,78
2021-11-04,12,96
2021-11-04,13,125
2021-11-04,14,137
2021-11-04,15,143
2021-11-04,16,198
2021-11-04,17,239
2021-11-04,18,164
2021-11-04,19,94
2021-11-04,20,54
2021-11-04,21,38
2021-11-04,22,82
2021-11-04,23,132
2021-11-05,0,19
2021-11-05,1,18
2021-11-05,2,16
2021-11-05,3,8
2021-11-05,4,4
2021-11-05,5,11
2021-11-05,6,22
2021-11-05,7,53
2021-11-05,8,143
2021-11-05,9,83
2021-11-05,10,76
2021-11-05,11,116
2021-11-05,12,117
2021-11-05,13,109
2021-11-05,14,165
2021-11-05,15,180
2021-11-05,16,162
2021-11-05,17,161
2021-11-05,18,150
2021-11-05,19,144
2021-11-05,20,70
2021-11-05,21,41
2021-11-05,22,47
2021-11-05,23,57
2021-11-06,0,45
2021-11-06,1,34
2021-11-06,2,15
2021-11-06,3,23
2021-11-06,4,14
2021-11-06,5,12
2021-11-06,6,15
2021-11-06,7,19
2021-11-06,8,31
2021-11-06,9,66
2021-11-06,10,67
2021-11-06,11,96
2021-11-06,12,138
2021-11-06,13,113
2021-11-06,14,198
2021-11-06,15,138
2021-11-06,16,178
2021-11-06,17,189
2021-11-06,18,192
2021-11-06,19,87
2021-11-06,20,69
2021-11-06,21,52
2021-11-06,22,52
2021-11-06,23,56
2021-11-07,0,51
2021-11-07,1,31
2021-11-07,2,23
2021-11-07,3,21
2021-11-07,4,20
2021-11-07,5,12
2021-11-07,6,12
2021-11-07,7,16
2021-11-07,8,16
2021-11-07,9,21
2021-11-07,10,46
2021-11-07,11,56
2021-11-07,12,78
2021-11-07,13,92
2021-11-07,14,162
2021-11-07,15,184
2021-11-07,16,147
2021-11-07,17,142
2021-11-07,18,111
2021-11-07,19,79
2021-11-07,20,48
2021-11-07,21,40
2021-11-07,22,44
2021-11-07,23,36
2021-11-08,0,22
2021-11-08,1,18
2021-11-08,2,12
2021-11-08,3,4
2021-11-08,4,0
2021-11-08,5,8
2021-11-08,6,16
2021-11-08,7,50
2021-11-08,8,64
2021-11-08,9,154
2021-11-08,10,61
2021-11-08,11,99
2021-11-08,12,85
2021-11-08,13,87
2021-11-08,14,155
2021-11-08,15,121
2021-11-08,16,155
2021-11-08,17,179
2021-11-08,18,139
2021-11-08,19,85
2021-11-08,20,59
2021-11-08,21,28
2021-11-08,22,30
2021-11-08,23,28
2021-11-09,0,16
2021-11-09,1,5
2021-11-09,2,5
2021-11-09,3,6
2021-11-09,4,4
2021-11-09,5,4
2021-11-09,6,38
2021-11-09,7,55
2021-11-09,8,136
2021-11-09,9,64
2021-11-09,10,93
2021-11-09,11,104
2021-11-09,12,94
2021-11-09,13,91
2021-11-09,14,177
2021-11-09,15,123
2021-11-09,16,192
2021-11-09,17,225
2021-11-09,18,190
2021-11-09,19,66
2021-11-09,20,52
2021-11-09,21,57
2021-11-09,22,35
2021-11-09,23,24
2021-11-10,0,17
2021-11-10,1,4
2021-11-10,2,4
2021-11-10,3,5
2021-11-10,4,10
2021-11-10,5,3
2021-11-10,6,26
2021-11-10,7,59
2021-11-10,8,150
2021-11-10,9,87
2021-11-10,10,77
2021-11-10,11,97
2021-11-10,12,164
2021-11-10,13,95
2021-11-10,14,105
2021-11-10,15,100
2021-11-10,16,197
2021-11-10,17,264
2021-11-10,18,172
2021-11-10,19,119
2021-11-10,20,81
2021-11-10,21,48
2021-11-10,22,47
2021-11-10,23,42
2021-11-11,0,42
2021-11-11,1,16
2021-11-11,2,14
2021-11-11,3,7
2021-11-11,4,12
2021-11-11,5,15
2021-11-11,6,27
2021-11-11,7,57
2021-11-11,8,84
2021-11-11,9,93
2021-11-11,10,95
2021-11-11,11,90
2021-11-11,12,106
2021-11-11,13,130
2021-11-11,14,107
2021-11-11,15,150
2021-11-11,16,191
2021-11-11,17,151
2021-11-11,18,153
2021-11-11,19,108
2021-11-11,20,54
2021-11-11,21,54
2021-11-11,22,66
2021-11-11,23,38
2021-11-12,0,25
2021-11-12,1,18
2021-11-12,2,17
2021-11-12,3,12
2021-11-12,4,10
2021-11-12,5,7
2021-11-12,6,24
2021-11-12,7,44
2021-11-12,8,110
2021-11-12,9,118
2021-11-12,10,89
2021-11-12,11,127
2021-11-12,12,116
2021-11-12,13,128
2021-11-12,14,164
2021-11-12,15,202
2021-11-12,16,203
2021-11-12,17,233
2021-11-12,18,186
2021-11-12,19,101
2021-11-12,20,67
2021-11-12,21,57
2021-11-12,22,53
2021-11-12,23,58
2021-11-13,0,57
2021-11-13,1,34
2021-11-13,2,21
2021-11-13,3,25
2021-11-13,4,12
2021-11-13,5,12
2021-11-13,6,21
2021-11-13,7,16
2021-11-13,8,25
2021-11-13,9,66
2021-11-13,10,58
2021-11-13,11,101
2021-11-13,12,155
2021-11-13,13,157
2021-11-13,14,181
2021-11-13,15,181
2021-11-13,16,191
2021-11-13,17,206
2021-11-13,18,176
2021-11-13,19,79
2021-11-13,20,55
2021-11-13,21,42
2021-11-13,22,53
2021-11-13,23,61
2021-11-14,0,61
2021-11-14,1,32
2021-11-14,2,26
2021-11-14,3,15
2021-11-14,4,17
2021-11-14,5,15
2021-11-14,6,14
2021-11-14,7,11
2021-11-14,8,15
2021-11-14,9,26
2021-11-14,10,44
2021-11-14,11,79
2021-11-14,12,92
2021-11-14,13,103
2021-11-14,14,118
2021-11-14,15,123
2021-11-14,16,141
2021-11-14,17,153
2021-11-14,18,111
2021-11-14,19,90
2021-11-14,20,56
2021-11-14,21,36
2021-11-14,22,35
2021-11-14,23,29
2021-11-15,0,11
2021-11-15,1,17
2021-11-15,2,4
2021-11-15,3,3
2021-11-15,4,6
2021-11-15,5,2
2021-11-15,6,19
2021-11-15,7,53
2021-11-15,8,75
2021-11-15,9,87
2021-11-15,10,70
2021-11-15,11,83
2021-11-15,12,105
2021-11-15,13,155
2021-11-15,14,171
2021-11-15,15,114
2021-11-15,16,144
2021-11-15,17,165
2021-11-15,18,105
2021-11-15,19,70
2021-11-15,20,55
2021-11-15,21,35
2021-11-15,22,33
2021-11-15,23,32
2021-11-16,0,17
2021-11-16,1,8
2021-11-16,2,6
2021-11-16,3,4
2021-11-16,4,8
2021-11-16,5,9
2021-11-16,6,21
2021-11-16,7,59
2021-11-16,8,110
2021-11-16,9,78
2021-11-16,10,81
2021-11-16,11,72
2021-11-16,12,114
2021-11-16,13,108
2021-11-16,14,114
2021-11-16,15,108
2021-11-16,16,159
2021-11-16,17,140
2021-11-16,18,123
2021-11-16,19,81
2021-11-16,20,44
2021-11-16,21,34
2021-11-16,22,29
2021-11-16,23,20
2021-11-17,0,18
2021-11-17,1,11
2021-11-17,2,7
2021-11-17,3,8
2021-11-17,4,4
2021-11-17,5,2
2021-11-17,6,11
2021-11-17,7,56
2021-11-17,8,112
2021-11-17,9,90
2021-11-17,10,94
2021-11-17,11,98
2021-11-17,12,128
2021-11-17,13,115
2021-11-17,14,135
2021-11-17,15,129
2021-11-17,16,158
2021-11-17,17,155
2021-11-17,18,136
2021-11-17,19,136
2021-11-17,20,60
2021-11-17,21,107
2021-11-17,22,38
2021-11-17,23,24
2021-11-18,0,32
2021-11-18,1,8
2021-11-18,2,8
2021-11-18,3,3
2021-11-18,4,6
2021-11-18,5,10
2021-11-18,6,18
2021-11-18,7,57
2021-11-18,8,100
2021-11-18,9,84
2021-11-18,10,80
2021-11-18,11,96
2021-11-18,12,106
2021-11-18,13,124
2021-11-18,14,168
2021-11-18,15,130
2021-11-18,16,191
2021-11-18,17,184
2021-11-18,18,153
2021-11-18,19,89
2021-11-18,20,74
2021-11-18,21,39
2021-11-18,22,51
2021-11-18,23,37
2021-11-19,0,41
2021-11-19,1,10
2021-11-19,2,11
2021-11-19,3,5
2021-11-19,4,6
2021-11-19,5,5
2021-11-19,6,22
2021-11-19,7,59
2021-11-19,8,128
2021-11-19,9,129
2021-11-19,10,89
2021-11-19,11,120
2021-11-19,12,113
2021-11-19,13,133
2021-11-19,14,151
2021-11-19,15,156
2021-11-19,16,155
2021-11-19,17,259
2021-11-19,18,191
2021-11-19,19,121
2021-11-19,20,73
2021-11-19,21,55
2021-11-19,22,45
2021-11-19,23,39
2021-11-20,0,28
2021-11-20,1,34
2021-11-20,2,21
2021-11-20,3,26
2021-11-20,4,10
2021-11-20,5,12
2021-11-20,6,25
2021-11-20,7,16
2021-11-20,8,26
2021-11-20,9,56
2021-11-20,10,82
2021-11-20,11,105
2021-11-20,12,125
2021-11-20,13,127
2021-11-20,14,171
2021-11-20,15,177
2021-11-20,16,285
2021-11-20,17,209
2021-11-20,18,127
2021-11-20,19,80
2021-11-20,20,90
2021-11-20,21,71
2021-11-20,22,49
2021-11-20,23,62
2021-11-21,0,56
2021-11-21,1,33
2021-11-21,2,24
2021-11-21,3,25
2021-11-21,4,18
2021-11-21,5,14
2021-11-21,6,14
2021-11-21,7,16
2021-11-21,8,16
2021-11-21,9,26
2021-11-21,10,34
2021-11-21,11,78
2021-11-21,12,105
2021-11-21,13,125
2021-11-21,14,186
2021-11-21,15,273
2021-11-21,16,165
2021-11-21,17,195
2021-11-21,18,120
2021-11-21,19,134
2021-11-21,20,111
2021-11-21,21,34
2021-11-21,22,43
2021-11-21,23,30
2021-11-22,0,19
2021-11-22,1,17
2021-11-22,2,9
2021-11-22,3,5
2021-11-22,4,5
2021-11-22,5,5
2021-11-22,6,14
2021-11-22,7,50
2021-11-22,8,97
2021-11-22,9,123
2021-11-22,10,102
2021-11-22,11,86
2021-11-22,12,119
2021-11-22,13,110
2021-11-22,14,181
2021-11-22,15,119
2021-11-22,16,250
2021-11-22,17,254
2021-11-22,18,173
2021-11-22,19,86
2021-11-22,20,45
2021-11-22,21,24
2021-11-22,22,29
2021-11-22,23,21
2021-11-23,0,20
2021-11-23,1,12
2021-11-23,2,4
2021-11-23,3,4
2021-11-23,4,6
2021-11-23,5,3
2021-11-23,6,24
2021-11-23,7,78
2021-11-23,8,101
2021-11-23,9,85
2021-11-23,10,136
2021-11-23,11,109
2021-11-23,12,109
2021-11-23,13,124
2021-11-23,14,110
2021-11-23,15,205
2021-11-23,16,138
2021-11-23,17,167
2021-11-23,18,148
2021-11-23,19,94
2021-11-23,20,63
2021-11-23,21,34
2021-11-23,22,36
2021-11-23,23,21
2021-11-24,0,17
2021-11-24,1,24
2021-11-24,2,4
2021-11-24,3,4
2021-11-24,4,3
2021-11-24,5,1
2021-11-24,6,15
2021-11-24,7,52
2021-11-24,8,131
2021-11-24,9,85
2021-11-24,10,108
2021-11-24,11,83
2021-11-24,12,113
2021-11-24,13,122
2021-11-24,14,130
2021-11-24,15,128
2021-11-24,16,189
2021-11-24,17,220
2021-11-24,18,194
2021-11-24,19,98
2021-11-24,20,59
2021-11-24,21,49
2021-11-24,22,42
2021-11-24,23,32
2021-11-25,0,25
2021-11-25,1,12
2021-11-25,2,10
2021-11-25,3,9
2021-11-25,4,6
2021-11-25,5,9
2021-11-25,6,20
2021-11-25,7,54
2021-11-25,8,111
2021-11-25,9,65
2021-11-25,10,86
2021-11-25,11,132
2021-11-25,12,110
2021-11-25,13,111
2021-11-25,14,135
2021-11-25,15,223
2021-11-25,16,170
2021-11-25,17,170
2021-11-25,18,156
2021-11-25,19,121
2021-11-25,20,61
2021-11-25,21,54
2021-11-25,22,48
2021-11-25,23,41
2021-11-26,0,48
2021-11-26,1,110
2021-11-26,2,9
2021-11-26,3,10
2021-11-26,4,7
2021-11-26,5,6
2021-11-26,6,21
2021-11-26,7,60
2021-11-26,8,141
2021-11-26,9,88
2021-11-26,10,104
2021-11-26,11,112
2021-11-26,12,133
2021-11-26,13,154
2021-11-26,14,172
2021-11-26,15,234
2021-11-26,16,252
2021-11-26,17,294
2021-11-26,18,172
2021-11-26,19,121
2021-11-26,20,87
2021-11-26,21,65
2021-11-26,22,59
2021-11-26,23,74
2021-11-27,0,50
2021-11-27,1,28
2021-11-27,2,16
2021-11-27,3,18
2021-11-27,4,21
2021-11-27,5,15
2021-11-27,6,14
2021-11-27,7,21
2021-11-27,8,34
2021-11-27,9,81
2021-11-27,10,69
2021-11-27,11,170
2021-11-27,12,163
2021-11-27,13,168
2021-11-27,14,200
2021-11-27,15,190
2021-11-27,16,319
2021-11-27,17,188
2021-11-27,18,208
2021-11-27,19,133
2021-11-27,20,75
2021-11-27,21,56
2021-11-27,22,87
2021-11-27,23,80
2021-11-28,0,59
2021-11-28,1,33
2021-11-28,2,23
2021-11-28,3,26
2021-11-28,4,20
2021-11-28,5,21
2021-11-28,6,12
2021-11-28,7,16
2021-11-28,8,16
2021-11-28,9,26
2021-11-28,10,87
2021-11-28,11,119
2021-11-28,12,134
2021-11-28,13,138
2021-11-28,14,134
2021-11-28,15,167
2021-11-28,16,224
2021-11-28,17,249
2021-11-28,18,282
2021-11-28,19,125
2021-11-28,20,71
2021-11-28,21,48
2021-11-28,22,61
2021-11-28,23,32
2021-11-29,0,18
2021-11-29,1,22
2021-11-29,2,8
2021-11-29,3,5
2021-11-29,4,7
2021-11-29,5,5
2021-11-29,6,16
2021-11-29,7,61
2021-11-29,8,109
2021-11-29,9,136
2021-11-29,10,125
2021-11-29,11,88
2021-11-29,12,107
2021-11-29,13,129
2021-11-29,14,168
2021-11-29,15,133
2021-11-29,16,198
2021-11-29,17,302
2021-11-29,18,352
2021-11-29,19,343
2021-11-29,20,90
2021-11-29,21,39
2021-11-29,22,28
2021-11-29,23,41
2021-11-30,0,15
2021-11-30,1,15
2021-11-30,2,4
2021-11-30,3,4
2021-11-30,4,12
2021-11-30,5,2
2021-11-30,6,18
2021-11-30,7,54
2021-11-30,8,110
2021-11-30,9,159
2021-11-30,10,86
2021-11-30,11,102
2021-11-30,12,124
2021-11-30,13,103
2021-11-30,14,194
2021-11-30,15,145
2021-11-30,16,146
2021-11-30,17,190
2021-11-30,18,179
2021-11-30,19,105
2021-11-30,20,62
2021-11-30,21,53
2021-11-30,22,39
2021-11-30,23,32
2021-12-01,0,15
2021-12-01,1,10
2021-12-01,2,6
2021-12-01,3,1
2021-12-01,4,0
2021-12-01,5,6
2021-12-01,6,21
2021-12-01,7,71
2021-12-01,8,98
2021-12-01,9,102
2021-12-01,10,147
2021-12-01,11,113
2021-12-01,12,184
2021-12-01,13,129
2021-12-01,14,154
2021-12-01,15,140
2021-12-01,16,228
2021-12-01,17,224
2021-12-01,18,192
2021-12-01,19,86
2021-12-01,20,51
2021-12-01,21,46
2021-12-01,22,52
2021-12-01,23,36
2021-12-02,0,29
2021-12-02,1,12
2021-12-02,2,9
2021-12-02,3,10
2021-12-02,4,15
2021-12-02,5,13
2021-12-02,6,39
2021-12-02,7,61
2021-12-02,8,94
2021-12-02,9,169
2021-12-02,10,84
2021-12-02,11,113
2021-12-02,12,137
2021-12-02,13,112
2021-12-02,14,161
2021-12-02,15,137
2021-12-02,16,208
2021-12-02,17,229
2021-12-02,18,190
2021-12-02,19,132
2021-12-02,20,72
2021-12-02,21,50
2021-12-02,22,193
2021-12-02,23,60
2021-12-03,0,45
2021-12-03,1,35
2021-12-03,2,16
2021-12-03,3,7
2021-12-03,4,4
2021-12-03,5,12
2021-12-03,6,29
2021-12-03,7,57
2021-12-03,8,114
2021-12-03,9,91
2021-12-03,10,182
2021-12-03,11,130
2021-12-03,12,149
2021-12-03,13,186
2021-12-03,14,241
2021-12-03,15,178
2021-12-03,16,258
2021-12-03,17,230
2021-12-03,18,168
2021-12-03,19,179
2021-12-03,20,83
2021-12-03,21,71
2021-12-03,22,50
2021-12-03,23,74
2021-12-04,0,103
2021-12-04,1,107
2021-12-04,2,20
2021-12-04,3,32
2021-12-04,4,19
2021-12-04,5,32
2021-12-04,6,21
2021-12-04,7,24
2021-12-04,8,34
2021-12-04,9,62
2021-12-04,10,95
2021-12-04,11,131
2021-12-04,12,164
2021-12-04,13,239
2021-12-04,14,262
2021-12-04,15,210
2021-12-04,16,266
2021-12-04,17,181
2021-12-04,18,246
2021-12-04,19,130
2021-12-04,20,87
2021-12-04,21,58
2021-12-04,22,57
2021-12-04,23,51
2021-12-05,0,66
2021-12-05,1,36
2021-12-05,2,35
2021-12-05,3,23
2021-12-05,4,26
2021-12-05,5,18
2021-12-05,6,8
2021-12-05,7,16
2021-12-05,8,16
2021-12-05,9,32
2021-12-05,10,47
2021-12-05,11,92
2021-12-05,12,123
2021-12-05,13,181
2021-12-05,14,162
2021-12-05,15,185
2021-12-05,16,188
2021-12-05,17,171
2021-12-05,18,161
2021-12-05,19,142
2021-12-05,20,57
2021-12-05,21,36
2021-12-05,22,66
2021-12-05,23,34
2021-12-06,0,23
2021-12-06,1,21
2021-12-06,2,13
2021-12-06,3,6
2021-12-06,4,5
2021-12-06,5,7
2021-12-06,6,21
2021-12-06,7,67
2021-12-06,8,114
2021-12-06,9,167
2021-12-06,10,87
2021-12-06,11,103
2021-12-06,12,176
2021-12-06,13,160
2021-12-06,14,163
2021-12-06,15,168
2021-12-06,16,258
2021-12-06,17,283
2021-12-06,18,185
2021-12-06,19,106
2021-12-06,20,60
2021-12-06,21,35
2021-12-06,22,25
2021-12-06,23,29
2021-12-07,0,9
2021-12-07,1,6
2021-12-07,2,5
2021-12-07,3,4
2021-12-07,4,4
2021-12-07,5,8
2021-12-07,6,26
2021-12-07,7,69
2021-12-07,8,173
2021-12-07,9,104
2021-12-07,10,109
2021-12-07,11,158
2021-12-07,12,146
2021-12-07,13,121
2021-12-07,14,122
2021-12-07,15,135
2021-12-07,16,180
2021-12-07,17,179
2021-12-07,18,149
2021-12-07,19,90
2021-12-07,20,51
2021-12-07,21,40
2021-12-07,22,24
2021-12-07,23,33
2021-12-08,0,20
2021-12-08,1,8
2021-12-08,2,3
2021-12-08,3,2
2021-12-08,4,22
2021-12-08,5,4
2021-12-08,6,21
2021-12-08,7,76
2021-12-08,8,119
2021-12-08,9,110
2021-12-08,10,122
2021-12-08,11,136
2021-12-08,12,94
2021-12-08,13,145
2021-12-08,14,143
2021-12-08,15,168
2021-12-08,16,239
2021-12-08,17,240
2021-12-08,18,240
2021-12-08,19,165
2021-12-08,20,73
2021-12-08,21,45
2021-12-08,22,70
2021-12-08,23,45
2021-12-09,0,30
2021-12-09,1,12
2021-12-09,2,10
2021-12-09,3,6
2021-12-09,4,10
2021-12-09,5,9
2021-12-09,6,21
2021-12-09,7,56
2021-12-09,8,89
2021-12-09,9,85
2021-12-09,10,70
2021-12-09,11,94
2021-12-09,12,160
2021-12-09,13,123
2021-12-09,14,135
2021-12-09,15,195
2021-12-09,16,214
2021-12-09,17,260
2021-12-09,18,163
2021-12-09,19,138
2021-12-09,20,65
2021-12-09,21,43
2021-12-09,22,127
2021-12-09,23,96
2021-12-10,0,37
2021-12-10,1,31
2021-12-10,2,14
2021-12-10,3,12
2021-12-10,4,10
2021-12-10,5,10
2021-12-10,6,21
2021-12-10,7,52
2021-12-10,8,119
2021-12-10,9,110
2021-12-10,10,106
2021-12-10,11,138
2021-12-10,12,142
2021-12-10,13,186
2021-12-10,14,226
2021-12-10,15,231
2021-12-10,16,240
2021-12-10,17,295
2021-12-10,18,204
2021-12-10,19,235
2021-12-10,20,77
2021-12-10,21,60
2021-12-10,22,48
2021-12-10,23,74
2021-12-11,0,44
2021-12-11,1,39
2021-12-11,2,15
2021-12-11,3,23
2021-12-11,4,7
2021-12-11,5,23
2021-12-11,6,13
2021-12-11,7,16
2021-12-11,8,31
2021-12-11,9,58
2021-12-11,10,102
2021-12-11,11,160
2021-12-11,12,164
2021-12-11,13,172
2021-12-11,14,291
2021-12-11,15,286
2021-12-11,16,267
2021-12-11,17,277
2021-12-11,18,213
2021-12-11,19,172
2021-12-11,20,69
2021-12-11,21,55
2021-12-11,22,46
2021-12-11,23,74
2021-12-12,0,54
2021-12-12,1,39
2021-12-12,2,22
2021-12-12,3,19
2021-12-12,4,14
2021-12-12,5,15
2021-12-12,6,18
2021-12-12,7,16
2021-12-12,8,16
2021-12-12,9,32
2021-12-12,10,46
2021-12-12,11,80
2021-12-12,12,157
2021-12-12,13,191
2021-12-12,14,200
2021-12-12,15,196
2021-12-12,16,230
2021-12-12,17,227
2021-12-12,18,255
2021-12-12,19,115
2021-12-12,20,74
2021-12-12,21,48
2021-12-12,22,52
2021-12-12,23,106
2021-12-13,0,17
2021-12-13,1,21
2021-12-13,2,14
2021-12-13,3,3
2021-12-13,4,2
2021-12-13,5,6
2021-12-13,6,10
2021-12-13,7,51
2021-12-13,8,112
2021-12-13,9,83
2021-12-13,10,87
2021-12-13,11,105
2021-12-13,12,148
2021-12-13,13,183
2021-12-13,14,163
2021-12-13,15,129
2021-12-13,16,173
2021-12-13,17,150
2021-12-13,18,149
2021-12-13,19,111
2021-12-13,20,72
2021-12-13,21,39
2021-12-13,22,28
2021-12-13,23,30
2021-12-14,0,21
2021-12-14,1,10
2021-12-14,2,6
2021-12-14,3,4
2021-12-14,4,3
2021-12-14,5,5
2021-12-14,6,18
2021-12-14,7,72
2021-12-14,8,122
2021-12-14,9,85
2021-12-14,10,95
2021-12-14,11,136
2021-12-14,12,194
2021-12-14,13,138
2021-12-14,14,204
2021-12-14,15,188
2021-12-14,16,196
2021-12-14,17,170
2021-12-14,18,156
2021-12-14,19,133
2021-12-14,20,59
2021-12-14,21,48
2021-12-14,22,30
2021-12-14,23,30
2021-12-15,0,21
2021-12-15,1,8
2021-12-15,2,7
2021-12-15,3,5
2021-12-15,4,2
2021-12-15,5,6
2021-12-15,6,22
2021-12-15,7,59
2021-12-15,8,106
2021-12-15,9,92
2021-12-15,10,133
2021-12-15,11,109
2021-12-15,12,127
2021-12-15,13,164
2021-12-15,14,218
2021-12-15,15,166
2021-12-15,16,230
2021-12-15,17,194
2021-12-15,18,205
2021-12-15,19,207
2021-12-15,20,48
2021-12-15,21,41
2021-12-15,22,33
2021-12-15,23,39
2021-12-16,0,31
2021-12-16,1,16
2021-12-16,2,11
2021-12-16,3,0
2021-12-16,4,9
2021-12-16,5,13
2021-12-16,6,17
2021-12-16,7,58
2021-12-16,8,134
2021-12-16,9,88
2021-12-16,10,89
2021-12-16,11,100
2021-12-16,12,140
2021-12-16,13,150
2021-12-16,14,175
2021-12-16,15,235
2021-12-16,16,180
2021-12-16,17,262
2021-12-16,18,272
2021-12-16,19,158
2021-12-16,20,80
2021-12-16,21,41
2021-12-16,22,58
2021-12-16,23,54
2021-12-17,0,39
2021-12-17,1,26
2021-12-17,2,9
2021-12-17,3,5
2021-12-17,4,8
2021-12-17,5,7
2021-12-17,6,17
2021-12-17,7,91
2021-12-17,8,104
2021-12-17,9,92
2021-12-17,10,111
2021-12-17,11,136
2021-12-17,12,160
2021-12-17,13,179
2021-12-17,14,203
2021-12-17,15,172
2021-12-17,16,259
2021-12-17,17,221
2021-12-17,18,154
2021-12-17,19,112
2021-12-17,20,77
2021-12-17,21,48
2021-12-17,22,48
2021-12-17,23,67
2021-12-18,0,53
2021-12-18,1,35
2021-12-18,2,36
2021-12-18,3,10
2021-12-18,4,15
2021-12-18,5,10
2021-12-18,6,14
2021-12-18,7,16
2021-12-18,8,25
2021-12-18,9,63
2021-12-18,10,82
2021-12-18,11,120
2021-12-18,12,167
2021-12-18,13,180
2021-12-18,14,340
2021-12-18,15,221
2021-12-18,16,188
2021-12-18,17,195
2021-12-18,18,130
2021-12-18,19,112
2021-12-18,20,71
2021-12-18,21,51
2021-12-18,22,99
2021-12-18,23,48
2021-12-19,0,53
2021-12-19,1,37
2021-12-19,2,24
2021-12-19,3,21
2021-12-19,4,11
2021-12-19,5,22
2021-12-19,6,50
2021-12-19,7,16
2021-12-19,8,22
2021-12-19,9,39
2021-12-19,10,67
2021-12-19,11,102
2021-12-19,12,149
2021-12-19,13,148
2021-12-19,14,288
2021-12-19,15,251
2021-12-19,16,212
2021-12-19,17,108
2021-12-19,18,213
2021-12-19,19,100
2021-12-19,20,61
2021-12-19,21,38
2021-12-19,22,50
2021-12-19,23,32
2021-12-20,0,18
2021-12-20,1,20
2021-12-20,2,14
2021-12-20,3,6
2021-12-20,4,9
2021-12-20,5,4
2021-12-20,6,22
2021-12-20,7,53
2021-12-20,8,92
2021-12-20,9,81
2021-12-20,10,101
2021-12-20,11,132
2021-12-20,12,133
2021-12-20,13,143
2021-12-20,14,214
2021-12-20,15,197
2021-12-20,16,196
2021-12-20,17,266
2021-12-20,18,165
2021-12-20,19,119
2021-12-20,20,59
2021-12-20,21,69
2021-12-20,22,33
2021-12-20,23,23
2021-12-21,0,12
2021-12-21,1,12
2021-12-21,2,7
2021-12-21,3,5
2021-12-21,4,8
2021-12-21,10,87
2021-12-21,11,128
2021-12-21,12,180
2021-12-21,13,174
2021-12-21,14,194
2021-12-21,15,174
2021-12-21,16,167
2021-12-21,17,178
2021-12-21,18,152
2021-12-21,19,103
2021-12-21,20,61
2021-12-21,21,47
2021-12-21,22,34
2021-12-21,23,29
2021-12-22,0,13
2021-12-22,1,17
2021-12-22,2,4
2021-12-22,3,2
2021-12-22,4,12
2021-12-22,5,2
2021-12-22,6,28
2021-12-22,7,48
2021-12-22,8,105
2021-12-22,9,151
2021-12-22,10,116
2021-12-22,11,164
2021-12-22,12,203
2021-12-22,13,216
2021-12-22,14,288
2021-12-22,15,219
2021-12-22,16,272
2021-12-22,17,288
2021-12-22,18,200
2021-12-22,19,176
2021-12-22,20,147
2021-12-22,21,43
2021-12-22,22,44
2021-12-22,23,36
2021-12-23,0,35
2021-12-23,1,7
2021-12-23,2,5
2021-12-23,3,2
2021-12-23,4,16
2021-12-23,5,6
2021-12-23,6,24
2021-12-23,7,50
2021-12-23,8,54
2021-12-23,9,67
2021-12-23,10,152
2021-12-23,11,139
2021-12-23,12,248
2021-12-23,13,217
2021-12-23,14,236
2021-12-23,15,253
2021-12-23,16,231
2021-12-23,17,186
2021-12-23,18,160
2021-12-23,19,166
2021-12-23,20,95
2021-12-23,21,67
2021-12-23,22,37
2021-12-23,23,37
2021-12-24,0,41
2021-12-24,1,27
2021-12-24,2,10
2021-12-24,3,9
2021-12-24,4,8
2021-12-24,5,6
2021-12-24,6,18
2021-12-24,7,73
2021-12-24,8,61
2021-12-24,9,63
2021-12-24,10,118
2021-12-24,11,129
2021-12-24,12,166
2021-12-24,13,233
2021-12-24,14,184
2021-12-24,15,175
2021-12-24,16,248
2021-12-24,17,107
2021-12-24,18,102
2021-12-24,19,82
2021-12-24,20,68
2021-12-24,21,44
2021-12-24,22,36
2021-12-24,23,22
2021-12-25,0,42
2021-12-25,1,34
2021-12-25,2,9
2021-12-25,3,12
2021-12-25,4,4
2021-12-25,5,6
2021-12-25,6,5
2021-12-25,7,16
2021-12-25,8,27
2021-12-25,9,66
2021-12-25,10,80
2021-12-25,11,99
2021-12-25,12,32
2021-12-25,13,103
2021-12-25,14,41
2021-12-25,15,34
2021-12-25,16,31
2021-12-25,17,19
2021-12-25,18,56
2021-12-25,19,59
2021-12-25,20,75
2021-12-25,21,52
2021-12-25,22,87
2021-12-25,23,67
2021-12-26,0,31
2021-12-26,1,27
2021-12-26,2,9
2021-12-26,3,7
2021-12-26,4,10
2021-12-26,5,6
2021-12-26,6,14
2021-12-26,7,22
2021-12-26,8,26
2021-12-26,9,31
2021-12-26,10,43
2021-12-26,11,60
2021-12-26,12,74
2021-12-26,13,131
2021-12-26,14,109
2021-12-26,15,119
2021-12-26,16,124
2021-12-26,17,94
2021-12-26,18,71
2021-12-26,19,73
2021-12-26,20,45
2021-12-26,21,48
2021-12-26,22,60
2021-12-26,23,32
2021-12-27,0,29
2021-12-27,1,30
2021-12-27,2,10
2021-12-27,3,9
2021-12-27,4,15
2021-12-27,5,10
2021-12-27,6,18
2021-12-27,7,20
2021-12-27,8,29
2021-12-27,9,88
2021-12-27,10,65
2021-12-27,11,72
2021-12-27,12,106
2021-12-27,13,124
2021-12-27,14,171
2021-12-27,15,159
2021-12-27,16,153
2021-12-27,17,128
2021-12-27,18,114
2021-12-27,19,88
2021-12-27,20,39
2021-12-27,21,39
2021-12-27,22,27
2021-12-27,23,33
2021-12-28,0,17
2021-12-28,1,21
2021-12-28,2,17
2021-12-28,3,9
2021-12-28,4,10
2021-12-28,5,19
2021-12-28,6,16
2021-12-28,7,64
2021-12-28,8,118
2021-12-28,9,90
2021-12-28,10,68
2021-12-28,11,78
2021-12-28,12,130
2021-12-28,13,124
2021-12-28,14,201
2021-12-28,15,166
2021-12-28,16,209
2021-12-28,17,170
2021-12-28,18,110
2021-12-28,19,68
2021-12-28,20,46
2021-12-28,21,57
2021-12-28,22,61
2021-12-28,23,36
2021-12-29,0,20
2021-12-29,1,24
2021-12-29,2,11
2021-12-29,3,13
2021-12-29,4,7
2021-12-29,5,13
2021-12-29,6,13
2021-12-29,7,62
2021-12-29,8,47
2021-12-29,9,107
2021-12-29,10,73
2021-12-29,11,104
2021-12-29,12,117
2021-12-29,13,129
2021-12-29,14,159
2021-12-29,15,164
2021-12-29,16,172
2021-12-29,17,156
2021-12-29,18,111
2021-12-29,19,75
2021-12-29,20,67
2021-12-29,21,42
2021-12-29,22,44
2021-12-29,23,33
2021-12-30,0,25
2021-12-30,1,13
2021-12-30,2,13
2021-12-30,3,17
2021-12-30,4,29
2021-12-30,5,15
2021-12-30,6,18
2021-12-30,7,62
2021-12-30,8,88
2021-12-30,9,93
2021-12-30,10,89
2021-12-30,11,119
2021-12-30,12,121
2021-12-30,13,118
2021-12-30,14,130
2021-12-30,15,163
2021-12-30,16,155
2021-12-30,17,130
2021-12-30,18,145
2021-12-30,19,105
2021-12-30,20,105
2021-12-30,21,44
2021-12-30,22,77
2021-12-30,23,43
2021-12-31,0,30
2021-12-31,1,35
2021-12-31,2,19
2021-12-31,3,12
2021-12-31,4,12
2021-12-31,5,15
2021-12-31,6,27
2021-12-31,7,79
2021-12-31,8,109
2021-12-31,9,70
2021-12-31,10,83
2021-12-31,11,101
2021-12-31,12,98
2021-12-31,13,152
2021-12-31,14,141
2021-12-31,15,197
2021-12-31,16,143
2021-12-31,17,165
2021-12-31,18,76
2021-12-31,19,64
2021-12-31,20,58
2021-12-31,21,50
2021-12-31,22,49
2021-12-31,23,39
2022-01-01,0,55
2022-01-01,1,27
2022-01-01,2,35
2022-01-01,3,36
2022-01-01,4,31
2022-01-01,5,19
2022-01-01,6,19
2022-01-01,7,27
2022-01-01,8,36
2022-01-01,9,70
2022-01-01,10,75
2022-01-01,11,90
2022-01-01,12,106
2022-01-01,13,84
2022-01-01,14,118
2022-01-01,15,87
2022-01-01,16,44
2022-01-01,17,72
2022-01-01,18,85
2022-01-01,19,88
2022-01-01,20,26
2022-01-01,21,31
2022-01-01,22,53
2022-01-01,23,42
2022-01-02,0,65
2022-01-02,1,44
2022-01-02,2,29
2022-01-02,3,31
2022-01-02,4,21
2022-01-02,5,27
2022-01-02,6,29
2022-01-02,7,36
2022-01-02,8,24
2022-01-02,9,36
2022-01-02,10,37
2022-01-02,11,64
2022-01-02,12,120
2022-01-02,13,129
2022-01-02,14,144
2022-01-02,15,138
2022-01-02,16,109
2022-01-02,17,102
2022-01-02,18,83
2022-01-02,19,59
2022-01-02,20,85
2022-01-02,21,32
2022-01-02,22,32
2022-01-02,23,24
2022-01-03,0,26
2022-01-03,1,24
2022-01-03,2,32
2022-01-03,3,28
2022-01-03,4,31
2022-01-03,5,24
2022-01-03,6,41
2022-01-03,7,21
2022-01-03,8,75
2022-01-03,9,92
2022-01-03,10,65
2022-01-03,11,79
2022-01-03,12,135
2022-01-03,13,109
2022-01-03,14,144
2022-01-03,15,190
2022-01-03,16,209
2022-01-03,17,196
2022-01-03,18,106
2022-01-03,19,109
2022-01-03,20,44
2022-01-03,21,43
2022-01-03,22,34
2022-01-03,23,42
2022-01-04,0,36
2022-01-04,1,39
2022-01-04,2,16
2022-01-04,3,18
2022-01-04,4,28
2022-01-04,5,28
2022-01-04,6,30
2022-01-04,7,66
2022-01-04,8,96
2022-01-04,9,35
2022-01-04,10,64
2022-01-04,11,94
2022-01-04,12,154
2022-01-04,13,198
2022-01-04,14,130
2022-01-04,15,228
2022-01-04,16,146
2022-01-04,17,172
2022-01-04,18,142
2022-01-04,19,61
2022-01-04,20,55
2022-01-04,21,62
2022-01-04,22,56
2022-01-04,23,28
2022-01-05,0,42
2022-01-05,1,21
2022-01-05,2,13
2022-01-05,3,24
2022-01-05,4,20
2022-01-05,5,22
2022-01-05,6,39
2022-01-05,7,78
2022-01-05,8,91
2022-01-05,9,72
2022-01-05,10,69
2022-01-05,11,107
2022-01-05,12,145
2022-01-05,13,146
2022-01-05,14,113
2022-01-05,15,149
2022-01-05,16,160
2022-01-05,17,229
2022-01-05,18,163
2022-01-05,19,58
2022-01-05,20,104
2022-01-05,21,65
2022-01-05,22,50
2022-01-05,23,41
2022-01-06,0,53
2022-01-06,1,27
2022-01-06,2,27
2022-01-06,3,22
2022-01-06,4,35
2022-01-06,5,30
2022-01-06,6,30
2022-01-06,7,65
2022-01-06,8,74
2022-01-06,9,62
2022-01-06,10,73
2022-01-06,11,96
2022-01-06,12,103
2022-01-06,13,124
2022-01-06,14,123
2022-01-06,15,134
2022-01-06,16,233
2022-01-06,17,164
2022-01-06,18,129
2022-01-06,19,111
2022-01-06,20,94
2022-01-06,21,58
2022-01-06,22,80
2022-01-06,23,56
2022-01-07,0,32
2022-01-07,1,40
2022-01-07,2,33
2022-01-07,3,17
2022-01-07,4,17
2022-01-07,5,19
2022-01-07,6,38
2022-01-07,7,76
2022-01-07,8,79
2022-01-07,9,77
2022-01-07,10,83
2022-01-07,11,100
2022-01-07,12,136
2022-01-07,13,191
2022-01-07,14,98
2022-01-07,15,139
2022-01-07,16,139
2022-01-07,17,131
2022-01-07,18,121
2022-01-07,19,110
2022-01-07,20,119
2022-01-07,21,58
2022-01-07,22,56
2022-01-07,23,49
2022-01-08,0,61
2022-01-08,1,40
2022-01-08,2,31
2022-01-08,3,19
2022-01-08,4,19
2022-01-08,5,19
2022-01-08,6,33
2022-01-08,7,29
2022-01-08,8,51
2022-01-08,9,81
2022-01-08,10,76
2022-01-08,11,84
2022-01-08,12,155
2022-01-08,13,130
2022-01-08,14,179
2022-01-08,15,309
2022-01-08,16,293
2022-01-08,17,310
2022-01-08,18,149
2022-01-08,19,88
2022-01-08,20,64
2022-01-08,21,101
2022-01-08,22,88
2022-01-08,23,56
2022-01-09,0,63
2022-01-09,1,40
2022-01-09,2,29
2022-01-09,3,26
2022-01-09,4,18
2022-01-09,5,19
2022-01-09,6,20
2022-01-09,7,27
2022-01-09,8,31
2022-01-09,9,36
2022-01-09,10,57
2022-01-09,11,84
2022-01-09,12,116
2022-01-09,13,162
2022-01-09,14,151
2022-01-09,15,252
2022-01-09,16,203
2022-01-09,17,164
2022-01-09,18,102
2022-01-09,19,59
2022-01-09,20,54
2022-01-09,21,48
2022-01-09,22,47
2022-01-09,23,38
2022-01-10,0,38
2022-01-10,1,31
2022-01-10,2,21
2022-01-10,3,27
2022-01-10,4,19
2022-01-10,5,23
2022-01-10,6,39
2022-01-10,7,71
2022-01-10,8,106
2022-01-10,9,116
2022-01-10,10,89
2022-01-10,11,80
2022-01-10,12,147
2022-01-10,13,119
2022-01-10,14,153
2022-01-10,15,136
2022-01-10,16,165
2022-01-10,17,133
2022-01-10,18,108
2022-01-10,19,99
2022-01-10,20,42
2022-01-10,21,49
2022-01-10,22,44
2022-01-10,23,49
2022-01-11,0,25
2022-01-11,9,100
2022-01-11,10,143
2022-01-11,11,105
2022-01-11,12,130
2022-01-11,13,134
2022-01-11,14,190
2022-01-11,15,133
2022-01-11,16,154
2022-01-11,17,195
2022-01-11,18,120
2022-01-11,19,71
2022-01-11,20,70
2022-01-11,21,58
2022-01-11,22,42
2022-01-11,23,44
2022-01-12,0,34
2022-01-12,1,19
2022-01-12,2,27
2022-01-12,3,33
2022-01-12,4,30
2022-01-12,5,34
2022-01-12,6,37
2022-01-12,7,59
2022-01-12,8,123
2022-01-12,9,110
2022-01-12,10,101
2022-01-12,11,102
2022-01-12,12,98
2022-01-12,13,145
2022-01-12,14,110
2022-01-12,15,160
2022-01-12,16,144
2022-01-12,17,135
2022-01-12,18,124
2022-01-12,19,86
2022-01-12,20,74
2022-01-12,21,41
2022-01-12,22,48
2022-01-12,23,50
2022-01-13,0,34
2022-01-13,1,25
2022-01-13,2,20
2022-01-13,3,32
2022-01-13,4,31
2022-01-13,5,42
2022-01-13,6,57
2022-01-13,7,83
2022-01-13,8,121
2022-01-13,9,142
2022-01-13,10,127
2022-01-13,11,137
2022-01-13,12,159
2022-01-13,13,169
2022-01-13,14,155
2022-01-13,15,168
2022-01-13,16,273
2022-01-13,17,278
2022-01-13,18,222
2022-01-13,19,178
2022-01-13,20,106
2022-01-13,21,63
2022-01-13,22,66
2022-01-13,23,62
2022-01-14,0,37
2022-01-14,1,25
2022-01-14,2,34
2022-01-14,3,15
2022-01-14,4,21
2022-01-14,5,21
2022-01-14,6,41
2022-01-14,7,68
2022-01-14,8,107
2022-01-14,9,102
2022-01-14,10,94
2022-01-14,11,105
2022-01-14,12,141
2022-01-14,13,231
2022-01-14,14,151
2022-01-14,15,163
2022-01-14,16,181
2022-01-14,17,167
2022-01-14,18,145
2022-01-14,19,114
2022-01-14,20,105
2022-01-14,21,55
2022-01-14,22,52
2022-01-14,23,46
2022-01-15,0,47
2022-01-15,1,27
2022-01-15,2,31
2022-01-15,3,31
2022-01-15,4,24
2022-01-15,5,28
2022-01-15,6,31
2022-01-15,7,31
2022-01-15,8,38
2022-01-15,9,54
2022-01-15,10,70
2022-01-15,11,108
2022-01-15,12,145
2022-01-15,13,144
2022-01-15,14,151
2022-01-15,15,193
2022-01-15,16,222
2022-01-15,17,140
2022-01-15,18,155
2022-01-15,19,92
2022-01-15,20,60
2022-01-15,21,78
2022-01-15,22,58
2022-01-15,23,55
2022-01-16,0,58
2022-01-16,1,35
2022-01-16,2,37
2022-01-16,3,30
2022-01-16,4,21
2022-01-16,5,28
2022-01-16,6,21
2022-01-16,7,25
2022-01-16,8,39
2022-01-16,9,36
2022-01-16,10,51
2022-01-16,11,79
2022-01-16,12,114
2022-01-16,13,153
2022-01-16,14,194
2022-01-16,15,210
2022-01-16,16,182
2022-01-16,17,160
2022-01-16,18,159
2022-01-16,19,96
2022-01-16,20,62
2022-01-16,21,44
2022-01-16,22,44
2022-01-16,23,40
2022-01-17,0,26
2022-01-17,1,34
2022-01-17,2,26
2022-01-17,3,16
2022-01-17,4,21
2022-01-17,5,16
2022-01-17,6,38
2022-01-17,7,53
2022-01-17,8,101
2022-01-17,9,109
2022-01-17,10,96
2022-01-17,11,96
2022-01-17,12,127
2022-01-17,13,128
2022-01-17,14,180
2022-01-17,15,172
2022-01-17,16,219
2022-01-17,17,219
2022-01-17,18,162
2022-01-17,19,124
2022-01-17,20,53
2022-01-17,21,44
2022-01-17,22,40
2022-01-17,23,44
2022-01-18,0,21
2022-01-18,1,8
2022-01-18,2,12
2022-01-18,3,13
2022-01-18,4,16
2022-01-18,5,12
2022-01-18,6,26
2022-01-18,7,62
2022-01-18,8,127
2022-01-18,9,106
2022-01-18,10,118
2022-01-18,11,114
2022-01-18,12,127
2022-01-18,13,153
2022-01-18,14,151
2022-01-18,15,148
2022-01-18,16,126
2022-01-18,17,226
2022-01-18,18,218
2022-01-18,19,85
2022-01-18,20,50
2022-01-18,21,58
2022-01-18,22,42
2022-01-18,23,34
2022-01-19,0,43
2022-01-19,1,29
2022-01-19,2,26
2022-01-19,3,24
2022-01-19,4,19
2022-01-19,5,18
2022-01-19,6,39
2022-01-19,7,75
2022-01-19,8,123
2022-01-19,9,102
2022-01-19,10,122
2022-01-19,11,140
2022-01-19,12,146
2022-01-19,13,172
2022-01-19,14,172
2022-01-19,15,157
2022-01-19,16,149
2022-01-19,17,256
2022-01-19,18,235
2022-01-19,19,135
2022-01-19,20,72
2022-01-19,21,88
2022-01-19,22,42
2022-01-19,23,36
2022-01-20,0,45
2022-01-20,1,16
2022-01-20,2,20
2022-01-20,3,14
2022-01-20,4,20
2022-01-20,5,25
2022-01-20,6,33
2022-01-20,7,63
2022-01-20,8,91
2022-01-20,9,139
2022-01-20,10,117
2022-01-20,11,129
2022-01-20,12,137
2022-01-20,13,121
2022-01-20,14,148
2022-01-20,15,191
2022-01-20,16,205
2022-01-20,17,232
2022-01-20,18,231
2022-01-20,19,167
2022-01-20,20,96
2022-01-20,21,62
2022-01-20,22,62
2022-01-20,23,49
2022-01-21,0,44
2022-01-21,1,30
2022-01-21,2,24
2022-01-21,3,23
2022-01-21,4,18
2022-01-21,5,30
2022-01-21,6,43
2022-01-21,7,60
2022-01-21,8,152
2022-01-21,9,63
2022-01-21,10,110
2022-01-21,11,127
2022-01-21,12,181
2022-01-21,13,230
2022-01-21,14,345
2022-01-21,15,283
2022-01-21,16,364
2022-01-21,17,298
2022-01-21,18,365
2022-01-21,19,267
2022-01-21,20,96
2022-01-21,21,78
2022-01-21,22,89
2022-01-21,23,74
2022-01-22,0,58
2022-01-22,1,23
2022-01-22,2,101
2022-01-22,3,34
2022-01-22,4,31
2022-01-22,5,29
2022-01-22,6,21
2022-01-22,7,29
2022-01-22,8,65
2022-01-22,9,71
2022-01-22,10,111
2022-01-22,11,120
2022-01-22,12,176
2022-01-22,13,172
2022-01-22,14,161
2022-01-22,15,237
2022-01-22,16,226
2022-01-22,17,196
2022-01-22,18,103
2022-01-22,19,121
2022-01-22,20,57
2022-01-22,21,66
2022-01-22,22,53
2022-01-22,23,49
2022-01-23,0,55
2022-01-23,1,37
2022-01-23,2,38
2022-01-23,3,27
2022-01-23,4,39
2022-01-23,5,39
2022-01-23,6,27
2022-01-23,7,42
2022-01-23,8,28
2022-01-23,9,47
2022-01-23,10,64
2022-01-23,11,126
2022-01-23,12,164
2022-01-23,13,194
2022-01-23,14,176
2022-01-23,15,200
2022-01-23,16,177
2022-01-23,17,209
2022-01-23,18,161
2022-01-23,19,94
2022-01-23,20,64
2022-01-23,21,50
2022-01-23,22,45
2022-01-23,23,37
2022-01-24,0,23
2022-01-24,1,25
2022-01-24,2,17
2022-01-24,3,14
2022-01-24,4,20
2022-01-24,5,33
2022-01-24,6,36
2022-01-24,7,111
2022-01-24,8,157
2022-01-24,9,108
2022-01-24,10,92
2022-01-24,11,130
2022-01-24,12,118
2022-01-24,13,135
2022-01-24,14,143
2022-01-24,15,148
2022-01-24,16,174
2022-01-24,17,140
2022-01-24,18,182
2022-01-24,19,58
2022-01-24,20,55
2022-01-24,21,88
2022-01-24,22,39
2022-01-24,23,35
2022-01-25,0,25
2022-01-25,1,27
2022-01-25,2,18
2022-01-25,3,23
2022-01-25,4,28
2022-01-25,5,25
2022-01-25,6,32
2022-01-25,7,76
2022-01-25,8,142
2022-01-25,9,100
2022-01-25,10,109
2022-01-25,11,113
2022-01-25,12,101
2022-01-25,13,142
2022-01-25,14,157
2022-01-25,15,152
2022-01-25,16,155
2022-01-25,17,225
2022-01-25,18,112
2022-01-25,19,88
2022-01-25,20,77
2022-01-25,21,67
2022-01-25,22,66
2022-01-25,23,36
2022-01-26,0,37
2022-01-26,1,26
2022-01-26,2,27
2022-01-26,3,14
2022-01-26,4,11
2022-01-26,5,15
2022-01-26,6,40
2022-01-26,7,142
2022-01-26,8,103
2022-01-26,9,136
2022-01-26,10,87
2022-01-26,11,108
2022-01-26,12,77
2022-01-26,13,137
2022-01-26,14,178
2022-01-26,15,143
2022-01-26,16,200
2022-01-26,17,238
2022-01-26,18,210
2022-01-26,19,223
2022-01-26,20,63
2022-01-26,21,38
2022-01-26,22,49
2022-01-26,23,47
2022-01-27,0,49
2022-01-27,1,16
2022-01-27,2,15
2022-01-27,3,30
2022-01-27,4,16
2022-01-27,5,23
2022-01-27,6,42
2022-01-27,7,63
2022-01-27,8,117
2022-01-27,9,124
2022-01-27,10,108
2022-01-27,11,88
2022-01-27,12,109
2022-01-27,13,125
2022-01-27,14,133
2022-01-27,15,164
2022-01-27,16,188
2022-01-27,17,140
2022-01-27,18,238
2022-01-27,19,98
2022-01-27,20,93
2022-01-27,21,51
2022-01-27,22,68
2022-01-27,23,38
2022-01-28,0,31
2022-01-28,1,31
2022-01-28,2,25
2022-01-28,3,17
2022-01-28,4,13
2022-01-28,5,16
2022-01-28,6,42
2022-01-28,7,77
2022-01-28,8,173
2022-01-28,9,162
2022-01-28,10,103
2022-01-28,11,110
2022-01-28,12,138
2022-01-28,13,145
2022-01-28,14,212
2022-01-28,15,128
2022-01-28,16,173
2022-01-28,17,217
2022-01-28,18,217
2022-01-28,19,109
2022-01-28,20,77
2022-01-28,21,63
2022-01-28,22,70
2022-01-28,23,50
2022-01-29,0,60
2022-01-29,1,28
2022-01-29,2,29
2022-01-29,3,33
2022-01-29,4,32
2022-01-29,5,37
2022-01-29,6,26
2022-01-29,7,33
2022-01-29,8,45
2022-01-29,9,68
2022-01-29,10,90
2022-01-29,11,115
2022-01-29,12,158
2022-01-29,13,158
2022-01-29,14,159
2022-01-29,15,202
2022-01-29,16,186
2022-01-29,17,290
2022-01-29,18,279
2022-01-29,19,152
2022-01-29,20,61
2022-01-29,21,85
2022-01-29,22,58
2022-01-29,23,61
2022-01-30,0,154
2022-01-30,1,235
2022-01-30,2,35
2022-01-30,3,37
2022-01-30,4,34
2022-01-30,5,37
2022-01-30,6,26
2022-01-30,7,31
2022-01-30,8,32
2022-01-30,9,30
2022-01-30,10,69
2022-01-30,11,70
2022-01-30,12,125
2022-01-30,13,126
2022-01-30,14,179
2022-01-30,15,179
2022-01-30,16,150
2022-01-30,17,155
2022-01-30,18,166
2022-01-30,19,72
2022-01-30,20,81
2022-01-30,21,67
2022-01-30,22,52
2022-01-30,23,38
2022-01-31,0,67
2022-01-31,1,119
2022-01-31,2,21
2022-01-31,3,23
2022-01-31,4,33
2022-01-31,5,22
2022-01-31,6,35
2022-01-31,7,80
2022-01-31,8,138
2022-01-31,9,137
2022-01-31,10,88
2022-01-31,11,108
2022-01-31,12,118
2022-01-31,13,153
2022-01-31,14,178
2022-01-31,15,181
2022-01-31,16,160
2022-01-31,17,202
2022-01-31,18,145
2022-01-31,19,95
2022-01-31,20,51
2022-01-31,21,66
2022-01-31,22,43
2022-01-31,23,35
2022-02-01,0,16
2022-02-01,1,20
2022-02-01,2,20
2022-02-01,3,23
2022-02-01,4,22
2022-02-01,5,27
2022-02-01,6,43
2022-02-01,7,96
2022-02-01,8,148
2022-02-01,9,120
2022-02-01,10,83
2022-02-01,11,120
2022-02-01,12,122
2022-02-01,13,109
2022-02-01,14,150
2022-02-01,15,107
2022-02-01,16,204
2022-02-01,17,224
2022-02-01,18,167
2022-02-01,19,102
2022-02-01,20,70
2022-02-01,21,67
2022-02-01,22,46
2022-02-01,23,51
2022-02-02,0,24
2022-02-02,1,29
2022-02-02,2,24
2022-02-02,3,28
2022-02-02,4,30
2022-02-02,5,33
2022-02-02,6,40
2022-02-02,7,120
2022-02-02,8,134
2022-02-02,9,144
2022-02-02,10,126
2022-02-02,11,105
2022-02-02,12,152
2022-02-02,13,121
2022-02-02,14,159
2022-02-02,15,127
2022-02-02,16,197
2022-02-02,17,181
2022-02-02,18,159
2022-02-02,19,108
2022-02-02,20,69
2022-02-02,21,50
2022-02-02,22,190
2022-02-02,23,106
2022-02-03,0,42
2022-02-03,1,16
2022-02-03,2,28
2022-02-03,3,21
2022-02-03,4,26
2022-02-03,5,34
2022-02-03,6,49
2022-02-03,7,78
2022-02-03,8,90
2022-02-03,9,123
2022-02-03,10,126
2022-02-03,11,90
2022-02-03,12,98
2022-02-03,13,128
2022-02-03,14,175
2022-02-03,15,168
2022-02-03,16,217
2022-02-03,17,224
2022-02-03,18,138
2022-02-03,19,117
2022-02-03,20,78
2022-02-03,21,55
2022-02-03,22,51
2022-02-03,23,60
2022-02-04,0,49
2022-02-04,1,30
2022-02-04,2,23
2022-02-04,3,30
2022-02-04,4,29
2022-02-04,5,24
2022-02-04,6,26
2022-02-04,7,98
2022-02-04,8,186
2022-02-04,9,119
2022-02-04,10,104
2022-02-04,11,123
2022-02-04,12,133
2022-02-04,13,182
2022-02-04,14,172
2022-02-04,15,192
2022-02-04,16,255
2022-02-04,17,218
2022-02-04,18,166
2022-02-04,19,145
2022-02-04,20,82
2022-02-04,21,65
2022-02-04,22,80
2022-02-04,23,87
2022-02-05,0,79
2022-02-05,1,38
2022-02-05,2,50
2022-02-05,3,44
2022-02-05,4,30
2022-02-05,5,32
2022-02-05,6,42
2022-02-05,7,33
2022-02-05,8,52
2022-02-05,9,65
2022-02-05,10,65
2022-02-05,11,133
2022-02-05,12,158
2022-02-05,13,168
2022-02-05,14,301
2022-02-05,15,167
2022-02-05,16,208
2022-02-05,17,205
2022-02-05,18,144
2022-02-05,19,113
2022-02-05,20,85
2022-02-05,21,64
2022-02-05,22,114
2022-02-05,23,75
2022-02-06,0,76
2022-02-06,1,58
2022-02-06,2,34
2022-02-06,3,36
2022-02-06,4,22
2022-02-06,5,43
2022-02-06,6,31
2022-02-06,7,21
2022-02-06,8,26
2022-02-06,9,40
2022-02-06,10,60
2022-02-06,11,105
2022-02-06,12,83
2022-02-06,13,119
2022-02-06,14,174
2022-02-06,15,213
2022-02-06,16,125
2022-02-06,17,121
2022-02-06,18,142
2022-02-06,19,80
2022-02-06,20,61
2022-02-06,21,100
2022-02-06,22,56
2022-02-06,23,53
2022-02-07,0,33
2022-02-07,1,52
2022-02-07,2,19
2022-02-07,3,20
2022-02-07,4,17
2022-02-07,5,23
2022-02-07,6,32
2022-02-07,7,60
2022-02-07,8,118
2022-02-07,9,142
2022-02-07,10,142
2022-02-07,11,145
2022-02-07,12,108
2022-02-07,13,113
2022-02-07,14,135
2022-02-07,15,121
2022-02-07,16,167
2022-02-07,17,206
2022-02-07,18,158
2022-02-07,19,118
2022-02-07,20,62
2022-02-07,21,51
2022-02-07,22,48
2022-02-07,23,37
2022-02-08,0,27
2022-02-08,1,14
2022-02-08,2,23
2022-02-08,3,19
2022-02-08,4,20
2022-02-08,5,28
2022-02-08,6,44
2022-02-08,7,81
2022-02-08,8,92
2022-02-08,9,144
2022-02-08,10,110
2022-02-08,11,107
2022-02-08,12,100
2022-02-08,13,109
2022-02-08,14,125
2022-02-08,15,175
2022-02-08,16,167
2022-02-08,17,179
2022-02-08,18,190
2022-02-08,19,145
2022-02-08,20,93
2022-02-08,21,53
2022-02-08,22,47
2022-02-08,23,61
2022-02-09,0,36
2022-02-09,1,26
2022-02-09,2,25
2022-02-09,3,25
2022-02-09,4,20
2022-02-09,5,22
2022-02-09,6,31
2022-02-09,7,69
2022-02-09,8,150
2022-02-09,9,117
2022-02-09,10,100
2022-02-09,11,99
2022-02-09,12,97
2022-02-09,13,119
2022-02-09,14,163
2022-02-09,15,125
2022-02-09,16,333
2022-02-09,17,323
2022-02-09,18,327
2022-02-09,19,249
2022-02-09,20,59
2022-02-09,21,43
2022-02-09,22,37
2022-02-09,23,38
2022-02-10,0,17
2022-02-10,1,8
2022-02-10,2,7
2022-02-10,3,2
2022-02-10,4,11
2022-02-10,5,15
2022-02-10,6,17
2022-02-10,7,60
2022-02-10,8,130
2022-02-10,9,115
2022-02-10,10,93
2022-02-10,11,92
2022-02-10,12,93
2022-02-10,13,112
2022-02-10,14,187
2022-02-10,15,143
2022-02-10,16,175
2022-02-10,17,221
2022-02-10,18,170
2022-02-10,19,98
2022-02-10,20,61
2022-02-10,21,72
2022-02-10,22,42
2022-02-10,23,20
2022-02-11,0,36
2022-02-11,1,13
2022-02-11,2,13
2022-02-11,3,9
2022-02-11,4,12
2022-02-11,5,9
2022-02-11,6,27
2022-02-11,7,70
2022-02-11,8,117
2022-02-11,9,198
2022-02-11,10,96
2022-02-11,11,123
2022-02-11,12,120
2022-02-11,13,161
2022-02-11,14,155
2022-02-11,15,150
2022-02-11,16,186
2022-02-11,17,234
2022-02-11,18,153
2022-02-11,19,117
2022-02-11,20,104
2022-02-11,21,69
2022-02-11,22,82
2022-02-11,23,32
2022-02-12,0,29
2022-02-12,1,30
2022-02-12,2,24
2022-02-12,3,13
2022-02-12,4,12
2022-02-12,5,13
2022-02-12,6,29
2022-02-12,7,20
2022-02-12,8,25
2022-02-12,9,102
2022-02-12,10,60
2022-02-12,11,154
2022-02-12,12,128
2022-02-12,13,186
2022-02-12,14,209
2022-02-12,15,184
2022-02-12,16,189
2022-02-12,17,134
2022-02-12,18,171
2022-02-12,19,148
2022-02-12,20,92
2022-02-12,21,51
2022-02-12,22,70
2022-02-12,23,40
2022-02-13,0,48
2022-02-13,1,28
2022-02-13,2,27
2022-02-13,3,30
2022-02-13,4,18
2022-02-13,5,18
2022-02-13,6,12
2022-02-13,7,26
2022-02-13,8,14
2022-02-13,9,28
2022-02-13,10,45
2022-02-13,11,98
2022-02-13,12,101
2022-02-13,13,113
2022-02-13,14,129
2022-02-13,15,174
2022-02-13,16,123
2022-02-13,17,126
2022-02-13,18,202
2022-02-13,19,107
2022-02-13,20,41
2022-02-13,21,42
2022-02-13,22,56
2022-02-13,23,31
2022-02-14,0,18
2022-02-14,1,37
2022-02-14,2,7
2022-02-14,3,13
2022-02-14,4,12
2022-02-14,5,11
2022-02-14,6,18
2022-02-14,7,57
2022-02-14,8,113
2022-02-14,9,89
2022-02-14,10,71
2022-02-14,11,94
2022-02-14,12,103
2022-02-14,13,119
2022-02-14,14,127
2022-02-14,15,93
2022-02-14,16,161
2022-02-14,17,178
2022-02-14,18,143
2022-02-14,19,81
2022-02-14,20,42
2022-02-14,21,66
2022-02-14,22,40
2022-02-14,23,35
2022-02-15,0,20
2022-02-15,1,27
2022-02-15,2,5
2022-02-15,3,6
2022-02-15,4,11
2022-02-15,5,12
2022-02-15,6,26
2022-02-15,7,63
2022-02-15,8,105
2022-02-15,9,90
2022-02-15,10,89
2022-02-15,11,98
2022-02-15,12,110
2022-02-15,13,173
2022-02-15,14,117
2022-02-15,15,144
2022-02-15,16,245
2022-02-15,17,230
2022-02-15,18,237
2022-02-15,19,75
2022-02-15,20,64
2022-02-15,21,33
2022-02-15,22,53
2022-02-15,23,38
2022-02-16,0,15
2022-02-16,1,10
2022-02-16,2,5
2022-02-16,3,6
2022-02-16,4,5
2022-02-16,5,9
2022-02-16,6,21
2022-02-16,7,91
2022-02-16,8,107
2022-02-16,9,107
2022-02-16,10,81
2022-02-16,11,89
2022-02-16,12,138
2022-02-16,13,105
2022-02-16,14,107
2022-02-16,15,237
2022-02-16,16,165
2022-02-16,17,139
2022-02-16,18,117
2022-02-16,19,93
2022-02-16,20,48
2022-02-16,21,49
2022-02-16,22,49
2022-02-16,23,36
2022-02-17,0,18
2022-02-17,1,12
2022-02-17,2,6
2022-02-17,3,4
2022-02-17,4,11
2022-02-17,5,11
2022-02-17,6,33
2022-02-17,7,86
2022-02-17,8,122
2022-02-17,9,107
2022-02-17,10,98
2022-02-17,11,117
2022-02-17,12,85
2022-02-17,13,112
2022-02-17,14,144
2022-02-17,15,152
2022-02-17,16,155
2022-02-17,17,133
2022-02-17,18,174
2022-02-17,19,78
2022-02-17,20,139
2022-02-17,21,78
2022-02-17,22,232
2022-02-17,23,234
2022-02-18,0,21
2022-02-18,1,27
2022-02-18,2,11
2022-02-18,3,1
2022-02-18,4,7
2022-02-18,5,12
2022-02-18,6,17
2022-02-18,7,68
2022-02-18,8,81
2022-02-18,9,110
2022-02-18,10,73
2022-02-18,11,87
2022-02-18,12,107
2022-02-18,13,122
2022-02-18,14,125
2022-02-18,15,120
2022-02-18,16,152
2022-02-18,17,182
2022-02-18,18,115
2022-02-18,19,106
2022-02-18,20,59
2022-02-18,21,55
2022-02-18,22,54
2022-02-18,23,38
2022-02-19,0,49
2022-02-19,1,16
2022-02-19,2,25
2022-02-19,3,15
2022-02-19,4,12
2022-02-19,5,17
2022-02-19,6,20
2022-02-19,7,21
2022-02-19,8,40
2022-02-19,9,56
2022-02-19,10,102
2022-02-19,11,126
2022-02-19,12,168
2022-02-19,13,182
2022-02-19,14,218
2022-02-19,15,197
2022-02-19,16,214
2022-02-19,17,165
2022-02-19,18,154
2022-02-19,19,124
2022-02-19,20,39
2022-02-19,21,58
2022-02-19,22,50
2022-02-19,23,39
2022-02-20,0,64
2022-02-20,1,123
2022-02-20,2,15
2022-02-20,3,16
2022-02-20,4,21
2022-02-20,5,10
2022-02-20,6,11
2022-02-20,7,14
2022-02-20,8,19
2022-02-20,9,31
2022-02-20,10,48
2022-02-20,11,82
2022-02-20,12,87
2022-02-20,13,119
2022-02-20,14,135
2022-02-20,15,131
2022-02-20,16,114
2022-02-20,17,224
2022-02-20,18,182
2022-02-20,19,67
2022-02-20,20,47
2022-02-20,21,45
2022-02-20,22,39
2022-02-20,23,23
2022-02-21,0,17
2022-02-21,1,25
2022-02-21,2,8
2022-02-21,3,2
2022-02-21,4,3
2022-02-21,5,9
2022-02-21,6,22
2022-02-21,7,67
2022-02-21,8,136
2022-02-21,9,127
2022-02-21,10,56
2022-02-21,11,121
2022-02-21,12,127
2022-02-21,13,114
2022-02-21,14,125
2022-02-21,15,132
2022-02-21,16,155
2022-02-21,17,169
2022-02-21,18,126
2022-02-21,19,104
2022-02-21,20,73
2022-02-21,21,32
2022-02-21,22,27
2022-02-21,23,19
2022-02-22,0,13
2022-02-22,1,4
2022-02-22,2,3
2022-02-22,3,7
2022-02-22,4,6
2022-02-22,5,6
2022-02-22,6,28
2022-02-22,7,64
2022-02-22,8,139
2022-02-22,9,166
2022-02-22,10,145
2022-02-22,11,102
2022-02-22,12,168
2022-02-22,13,129
2022-02-22,14,160
2022-02-22,15,133
2022-02-22,16,153
2022-02-22,17,259
2022-02-22,18,270
2022-02-22,19,87
2022-02-22,20,58
2022-02-22,21,22
2022-02-22,22,39
2022-02-22,23,21
2022-02-23,0,12
2022-02-23,1,16
2022-02-23,2,8
2022-02-23,3,5
2022-02-23,4,2
2022-02-23,5,4
2022-02-23,6,28
2022-02-23,7,53
2022-02-23,8,89
2022-02-23,9,116
2022-02-23,10,136
2022-02-23,11,94
2022-02-23,12,102
2022-02-23,13,146
2022-02-23,14,168
2022-02-23,15,154
2022-02-23,16,205
2022-02-23,17,263
2022-02-23,18,179
2022-02-23,19,96
2022-02-23,20,57
2022-02-23,21,47
2022-02-23,22,38
2022-02-23,23,27
2022-02-24,0,14
2022-02-24,1,12
2022-02-24,2,8
2022-02-24,3,8
2022-02-24,4,5
2022-02-24,5,5
2022-02-24,6,22
2022-02-24,7,53
2022-02-24,8,147
2022-02-24,9,113
2022-02-24,10,91
2022-02-24,11,62
2022-02-24,12,109
2022-02-24,13,93
2022-02-24,14,137
2022-02-24,15,125
2022-02-24,16,165
2022-02-24,17,211
2022-02-24,18,255
2022-02-24,19,154
2022-02-24,20,41
2022-02-24,21,42
2022-02-24,22,30
2022-02-24,23,48
2022-02-25,0,18
2022-02-25,1,21
2022-02-25,2,7
2022-02-25,3,7
2022-02-25,4,14
2022-02-25,5,2
2022-02-25,6,29
2022-02-25,7,55
2022-02-25,8,138
2022-02-25,9,94
2022-02-25,10,107
2022-02-25,11,115
2022-02-25,12,136
2022-02-25,13,166
2022-02-25,14,157
2022-02-25,15,151
2022-02-25,16,169
2022-02-25,17,230
2022-02-25,18,186
2022-02-25,19,92
2022-02-25,20,105
2022-02-25,21,76
2022-02-25,22,57
2022-02-25,23,47
2022-02-26,0,43
2022-02-26,1,13
2022-02-26,2,21
2022-02-26,3,21
2022-02-26,4,13
2022-02-26,5,12
2022-02-26,6,16
2022-02-26,7,16
2022-02-26,8,36
2022-02-26,9,44
2022-02-26,10,81
2022-02-26,11,154
2022-02-26,12,169
2022-02-26,13,185
2022-02-26,14,274
2022-02-26,15,220
2022-02-26,16,244
2022-02-26,17,179
2022-02-26,18,131
2022-02-26,19,72
2022-02-26,20,77
2022-02-26,21,48
2022-02-26,22,64
2022-02-26,23,75
2022-02-27,0,44
2022-02-27,1,43
2022-02-27,2,24
2022-02-27,3,16
2022-02-27,4,23
2022-02-27,5,14
2022-02-27,6,15
2022-02-27,7,12
2022-02-27,8,16
2022-02-27,9,40
2022-02-27,10,62
2022-02-27,11,119
2022-02-27,12,126
2022-02-27,13,286
2022-02-27,14,313
2022-02-27,15,215
2022-02-27,16,120
2022-02-27,17,167
2022-02-27,18,108
2022-02-27,19,56
2022-02-27,20,51
2022-02-27,21,30
2022-02-27,22,43
2022-02-27,23,15
2022-02-28,0,22
2022-02-28,1,40
2022-02-28,2,10
2022-02-28,3,7
2022-02-28,4,7
2022-02-28,5,6
2022-02-28,6,23
2022-02-28,7,79
2022-02-28,8,127
2022-02-28,9,107
2022-02-28,10,117
2022-02-28,11,129
2022-02-28,12,92
2022-02-28,13,166
2022-02-28,14,172
2022-02-28,15,154
2022-02-28,16,155
2022-02-28,17,253
2022-02-28,18,154
2022-02-28,19,81
2022-02-28,20,56
2022-02-28,21,29
2022-02-28,22,40
2022-02-28,23,23
2022-03-01,0,12
2022-03-01,1,8
2022-03-01,2,5
2022-03-01,3,8
2022-03-01,4,2
2022-03-01,5,6
2022-03-01,6,24
2022-03-01,7,70
2022-03-01,8,237
2022-03-01,9,267
2022-03-01,10,99
2022-03-01,11,97
2022-03-01,12,102
2022-03-01,13,150
2022-03-01,14,128
2022-03-01,15,156
2022-03-01,16,175
2022-03-01,17,354
2022-03-01,18,238
2022-03-01,19,163
2022-03-01,20,62
2022-03-01,21,64
2022-03-01,22,39
2022-03-01,23,48
2022-03-02,0,19
2022-03-02,1,16
2022-03-02,2,6
2022-03-02,3,12
2022-03-02,4,7
2022-03-02,5,8
2022-03-02,6,16
2022-03-02,7,72
2022-03-02,8,292
2022-03-02,9,182
2022-03-02,10,105
2022-03-02,11,117
2022-03-02,12,110
2022-03-02,13,148
2022-03-02,14,151
2022-03-02,15,115
2022-03-02,16,259
2022-03-02,17,231
2022-03-02,18,151
2022-03-02,19,116
2022-03-02,20,61
2022-03-02,21,62
2022-03-02,22,193
2022-03-02,23,33
2022-03-03,0,31
2022-03-03,1,16
2022-03-03,2,3
2022-03-03,3,7
2022-03-03,4,6
2022-03-03,5,13
2022-03-03,6,28
2022-03-03,7,91
2022-03-03,8,249
2022-03-03,9,229
2022-03-03,10,111
2022-03-03,11,93
2022-03-03,12,103
2022-03-03,13,166
2022-03-03,14,182
2022-03-03,15,212
2022-03-03,16,299
2022-03-03,17,268
2022-03-03,18,298
2022-03-03,19,267
2022-03-03,20,91
2022-03-03,21,56
2022-03-03,22,51
2022-03-03,23,29
2022-03-04,0,18
2022-03-04,1,10
2022-03-04,2,8
2022-03-04,3,4
2022-03-04,4,7
2022-03-04,5,7
2022-03-04,6,23
2022-03-04,7,74
2022-03-04,8,118
2022-03-04,9,115
2022-03-04,10,104
2022-03-04,11,139
2022-03-04,12,121
2022-03-04,13,195
2022-03-04,14,252
2022-03-04,15,166
2022-03-04,16,257
2022-03-04,17,212
2022-03-04,18,274
2022-03-04,19,315
2022-03-04,20,76
2022-03-04,21,59
2022-03-04,22,54
2022-03-04,23,40
2022-03-05,0,31
2022-03-05,1,17
2022-03-05,2,18
2022-03-05,3,8
2022-03-05,4,11
2022-03-05,5,15
2022-03-05,6,17
2022-03-05,7,21
2022-03-05,8,36
2022-03-05,9,48
2022-03-05,10,75
2022-03-05,11,96
2022-03-05,12,129
2022-03-05,13,125
2022-03-05,14,182
2022-03-05,15,124
2022-03-05,16,87
2022-03-05,17,69
2022-03-05,18,111
2022-03-05,19,84
2022-03-05,20,68
2022-03-05,21,33
2022-03-05,22,32
2022-03-05,23,37
2022-03-06,0,38
2022-03-06,1,20
2022-03-06,2,18
2022-03-06,3,14
2022-03-06,4,9
2022-03-06,5,11
2022-03-06,6,8
2022-03-06,7,22
2022-03-06,8,16
2022-03-06,9,36
2022-03-06,10,61
2022-03-06,11,80
2022-03-06,12,90
2022-03-06,13,117
2022-03-06,14,120
2022-03-06,15,80
2022-03-06,16,97
2022-03-06,17,105
2022-03-06,18,86
2022-03-06,19,51
2022-03-06,20,55
2022-03-06,21,47
2022-03-06,22,32
2022-03-06,23,31
2022-03-07,0,24
2022-03-07,1,19
2022-03-07,2,4
2022-03-07,3,3
2022-03-07,4,6
2022-03-07,5,12
2022-03-07,6,23
2022-03-07,7,46
2022-03-07,8,137
2022-03-07,9,105
2022-03-07,10,83
2022-03-07,11,105
2022-03-07,12,104
2022-03-07,13,112
2022-03-07,14,121
2022-03-07,15,113
2022-03-07,16,138
2022-03-07,17,212
2022-03-07,18,130
2022-03-07,19,104
2022-03-07,20,57
2022-03-07,21,43
2022-03-07,22,57
2022-03-07,23,42
2022-03-08,0,21
2022-03-08,1,10
2022-03-08,2,10
2022-03-08,3,16
2022-03-08,4,7
2022-03-08,5,8
2022-03-08,6,20
2022-03-08,7,64
2022-03-08,8,130
2022-03-08,9,106
2022-03-08,10,95
2022-03-08,11,92
2022-03-08,12,95
2022-03-08,13,142
2022-03-08,14,126
2022-03-08,15,112
2022-03-08,16,147
2022-03-08,17,232
2022-03-08,18,130
2022-03-08,19,82
2022-03-08,20,54
2022-03-08,21,39
2022-03-08,22,37
2022-03-08,23,31
2022-03-09,0,10
2022-03-09,1,5
2022-03-09,2,7
2022-03-09,3,8
2022-03-09,4,10
2022-03-09,5,12
2022-03-09,6,24
2022-03-09,7,64
2022-03-09,8,97
2022-03-09,9,120
2022-03-09,10,90
2022-03-09,11,102
2022-03-09,12,103
2022-03-09,13,118
2022-03-09,14,137
2022-03-09,15,148
2022-03-09,16,150
2022-03-09,17,212
2022-03-09,18,164
2022-03-09,19,117
2022-03-09,20,64
2022-03-09,21,65
2022-03-09,22,48
2022-03-09,23,32
2022-03-10,0,38
2022-03-10,1,8
2022-03-10,2,8
2022-03-10,3,11
2022-03-10,4,13
2022-03-10,5,14
2022-03-10,6,32
2022-03-10,7,72
2022-03-10,8,131
2022-03-10,9,114
2022-03-10,10,88
2022-03-10,11,91
2022-03-10,12,133
2022-03-10,13,113
2022-03-10,14,107
2022-03-10,15,134
2022-03-10,16,171
2022-03-10,17,224
2022-03-10,18,243
2022-03-10,19,284
2022-03-10,20,237
2022-03-10,21,275
2022-03-10,22,274
2022-03-10,23,218
2022-03-11,0,25
2022-03-11,1,21
2022-03-11,2,14
2022-03-11,3,16
2022-03-11,4,12
2022-03-11,5,8
2022-03-11,6,15
2022-03-11,7,51
2022-03-11,8,93
2022-03-11,9,87
2022-03-11,10,103
2022-03-11,11,109
2022-03-11,12,148
2022-03-11,13,175
2022-03-11,14,212
2022-03-11,15,206
2022-03-11,16,198
2022-03-11,17,228
2022-03-11,18,114
2022-03-11,19,119
2022-03-11,20,46
2022-03-11,21,52
2022-03-11,22,52
2022-03-11,23,57
2022-03-12,0,78
2022-03-12,1,15
2022-03-12,2,22
2022-03-12,3,11
2022-03-12,4,20
2022-03-12,5,3
2022-03-12,6,18
2022-03-12,7,19
2022-03-12,8,36
2022-03-12,9,58
2022-03-12,10,78
2022-03-12,11,124
2022-03-12,12,137
2022-03-12,13,145
2022-03-12,14,152
2022-03-12,15,174
2022-03-12,16,180
2022-03-12,17,147
2022-03-12,18,160
2022-03-12,19,110
2022-03-12,20,54
2022-03-12,21,60
2022-03-12,22,47
2022-03-12,23,60
2022-03-13,0,29
2022-03-13,1,30
2022-03-13,2,27
2022-03-13,3,20
2022-03-13,4,10
2022-03-13,5,10
2022-03-13,6,14
2022-03-13,7,14
2022-03-13,8,21
2022-03-13,9,29
2022-03-13,10,50
2022-03-13,11,88
2022-03-13,12,103
2022-03-13,13,124
2022-03-13,14,155
2022-03-13,15,164
2022-03-13,16,178
2022-03-13,17,213
2022-03-13,18,133
2022-03-13,19,61
2022-03-13,20,43
2022-03-13,21,49
2022-03-13,22,42
2022-03-13,23,24
2022-03-14,0,16
2022-03-14,1,30
2022-03-14,2,11
2022-03-14,3,7
2022-03-14,4,6
2022-03-14,5,10
2022-03-14,6,27
2022-03-14,7,58
2022-03-14,8,96
2022-03-14,9,93
2022-03-14,10,84
2022-03-14,11,88
2022-03-14,12,101
2022-03-14,13,98
2022-03-14,14,127
2022-03-14,15,123
2022-03-14,16,124
2022-03-14,17,193
2022-03-14,18,95
2022-03-14,19,103
2022-03-14,20,36
2022-03-14,21,35
2022-03-14,22,35
2022-03-14,23,26
2022-03-15,0,13
2022-03-15,1,12
2022-03-15,2,4
2022-03-15,3,7
2022-03-15,4,2
2022-03-15,5,6
2022-03-15,6,17
2022-03-15,7,58
2022-03-15,8,119
2022-03-15,9,100
2022-03-15,10,93
2022-03-15,11,92
2022-03-15,12,128
2022-03-15,13,156
2022-03-15,14,107
2022-03-15,15,137
2022-03-15,16,137
2022-03-15,17,190
2022-03-15,18,148
2022-03-15,19,78
2022-03-15,20,56
2022-03-15,21,90
2022-03-15,22,36
2022-03-15,23,22
2022-03-16,0,16
2022-03-16,1,12
2022-03-16,2,8
2022-03-16,3,6
2022-03-16,4,4
2022-03-16,5,5
2022-03-16,6,22
2022-03-16,7,63
2022-03-16,8,144
2022-03-16,9,93
2022-03-16,10,92
2022-03-16,11,104
2022-03-16,12,116
2022-03-16,13,117
2022-03-16,14,132
2022-03-16,15,133
2022-03-16,16,168
2022-03-16,17,236
2022-03-16,18,110
2022-03-16,19,73
2022-03-16,20,56
2022-03-16,21,48
2022-03-16,22,41
2022-03-16,23,29
2022-03-17,0,18
2022-03-17,1,7
2022-03-17,2,8
2022-03-17,3,7
2022-03-17,4,11
2022-03-17,5,7
2022-03-17,6,24
2022-03-17,7,81
2022-03-17,8,110
2022-03-17,9,97
2022-03-17,10,91
2022-03-17,11,94
2022-03-17,12,130
2022-03-17,13,113
2022-03-17,14,126
2022-03-17,15,140
2022-03-17,16,156
2022-03-17,17,202
2022-03-17,18,114
2022-03-17,19,118
2022-03-17,20,52
2022-03-17,21,58
2022-03-17,22,38
2022-03-17,23,46
2022-03-18,0,32
2022-03-18,1,17
2022-03-18,2,8
2022-03-18,3,8
2022-03-18,4,13
2022-03-18,5,7
2022-03-18,6,19
2022-03-18,7,53
2022-03-18,8,77
2022-03-18,9,121
2022-03-18,10,92
2022-03-18,11,138
2022-03-18,12,103
2022-03-18,13,155
2022-03-18,14,169
2022-03-18,15,125
2022-03-18,16,205
2022-03-18,17,166
2022-03-18,18,217
2022-03-18,19,137
2022-03-18,20,61
2022-03-18,21,59
2022-03-18,22,51
2022-03-18,23,41
2022-03-19,0,38
2022-03-19,1,18
2022-03-19,2,17
2022-03-19,3,18
2022-03-19,4,14
2022-03-19,5,14
2022-03-19,6,21
2022-03-19,7,21
2022-03-19,8,35
2022-03-19,9,57
2022-03-19,10,89
2022-03-19,11,124
2022-03-19,12,162
2022-03-19,13,172
2022-03-19,14,225
2022-03-19,15,189
2022-03-19,16,197
2022-03-19,17,220
2022-03-19,18,204
2022-03-19,19,136
2022-03-19,20,57
2022-03-19,21,47
2022-03-19,22,58
2022-03-19,23,64
2022-03-20,0,60
2022-03-20,1,59
2022-03-20,2,21
2022-03-20,3,23
2022-03-20,4,39
2022-03-20,5,13
2022-03-20,6,7
2022-03-20,7,15
2022-03-20,8,28
2022-03-20,9,26
2022-03-20,10,66
2022-03-20,11,124
2022-03-20,12,108
2022-03-20,13,124
2022-03-20,14,147
2022-03-20,15,149
2022-03-20,16,127
2022-03-20,17,140
2022-03-20,18,118
2022-03-20,19,81
2022-03-20,20,50
2022-03-20,21,58
2022-03-20,22,36
2022-03-20,23,37
2022-03-21,0,19
2022-03-21,1,23
2022-03-21,2,11
2022-03-21,3,8
2022-03-21,4,5
2022-03-21,5,10
2022-03-21,6,22
2022-03-21,7,59
2022-03-21,8,109
2022-03-21,9,77
2022-03-21,10,97
2022-03-21,11,118
2022-03-21,12,119
2022-03-21,13,122
2022-03-21,14,141
2022-03-21,15,110
2022-03-21,16,160
2022-03-21,17,153
2022-03-21,18,140
2022-03-21,19,80
2022-03-21,20,44
2022-03-21,21,44
2022-03-21,22,34
2022-03-21,23,40
2022-03-22,0,19
2022-03-22,1,9
2022-03-22,2,7
2022-03-22,3,5
2022-03-22,4,1
2022-03-22,5,10
2022-03-22,6,21
2022-03-22,7,69
2022-03-22,8,177
2022-03-22,9,160
2022-03-22,10,97
2022-03-22,11,96
2022-03-22,12,114
2022-03-22,13,112
2022-03-22,14,98
2022-03-22,15,197
2022-03-22,16,224
2022-03-22,17,263
2022-03-22,18,152
2022-03-22,19,90
2022-03-22,20,45
2022-03-22,21,52
2022-03-22,22,76
2022-03-22,23,27
2022-03-23,0,14
2022-03-23,1,12
2022-03-23,2,10
2022-03-23,3,4
2022-03-23,4,3
2022-03-23,5,3
2022-03-23,6,23
2022-03-23,7,51
2022-03-23,8,135
2022-03-23,9,112
2022-03-23,10,95
2022-03-23,11,101
2022-03-23,12,100
2022-03-23,13,137
2022-03-23,14,120
2022-03-23,15,127
2022-03-23,16,166
2022-03-23,17,185
2022-03-23,18,128
2022-03-23,19,111
2022-03-23,20,85
2022-03-23,21,94
2022-03-23,22,59
2022-03-23,23,24
2022-03-24,0,20
2022-03-24,1,6
2022-03-24,2,6
2022-03-24,3,6
2022-03-24,4,8
2022-03-24,5,11
2022-03-24,6,24
2022-03-24,7,79
2022-03-24,8,121
2022-03-24,9,97
2022-03-24,10,92
2022-03-24,11,79
2022-03-24,12,123
2022-03-24,13,129
2022-03-24,14,125
2022-03-24,15,124
2022-03-24,16,180
2022-03-24,17,201
2022-03-24,18,182
2022-03-24,19,119
2022-03-24,20,56
2022-03-24,21,67
2022-03-24,22,66
2022-03-24,23,45
2022-03-25,0,20
2022-03-25,1,22
2022-03-25,2,14
2022-03-25,3,9
2022-03-25,4,7
2022-03-25,5,9
2022-03-25,6,17
2022-03-25,7,37
2022-03-25,8,83
2022-03-25,9,99
2022-03-25,10,85
2022-03-25,11,122
2022-03-25,12,120
2022-03-25,13,135
2022-03-25,14,158
2022-03-25,15,153
2022-03-25,16,186
2022-03-25,17,226
2022-03-25,18,136
2022-03-25,19,89
2022-03-25,20,77
2022-03-25,21,65
2022-03-25,22,65
2022-03-25,23,53
2022-03-26,0,76
2022-03-26,1,22
2022-03-26,2,17
2022-03-26,3,13
2022-03-26,4,24
2022-03-26,5,15
2022-03-26,6,19
2022-03-26,7,46
2022-03-26,8,29
2022-03-26,9,57
2022-03-26,10,74
2022-03-26,11,127
2022-03-26,12,158
2022-03-26,13,191
2022-03-26,14,304
2022-03-26,15,226
2022-03-26,16,163
2022-03-26,17,193
2022-03-26,18,161
2022-03-26,19,115
2022-03-26,20,82
2022-03-26,21,59
2022-03-26,22,68
2022-03-26,23,55
2022-03-27,0,44
2022-03-27,1,21
2022-03-27,2,24
2022-03-27,3,26
2022-03-27,4,20
2022-03-27,5,19
2022-03-27,6,18
2022-03-27,7,22
2022-03-27,8,28
2022-03-27,9,47
2022-03-27,10,85
2022-03-27,11,119
2022-03-27,12,119
2022-03-27,13,162
2022-03-27,14,137
2022-03-27,15,163
2022-03-27,16,115
2022-03-27,17,99
2022-03-27,18,78
2022-03-27,19,48
2022-03-27,20,48
2022-03-27,21,41
2022-03-27,22,35
2022-03-27,23,9
2022-03-28,0,9
2022-03-28,1,8
2022-03-28,2,6
2022-03-28,3,7
2022-03-28,4,10
2022-03-28,5,15
2022-03-28,6,63
2022-03-28,7,103
2022-03-28,8,86
2022-03-28,9,82
2022-03-28,10,87
2022-03-28,11,118
2022-03-28,12,164
2022-03-28,13,115
2022-03-28,14,124
2022-03-28,15,130
2022-03-28,16,162
2022-03-28,17,130
2022-03-28,18,76
2022-03-28,19,46
2022-03-28,20,36
2022-03-28,21,27
2022-03-28,22,28
2022-03-28,23,15
2022-03-29,0,12
2022-03-29,1,6
2022-03-29,2,4
2022-03-29,3,0
2022-03-29,4,10
2022-03-29,5,20
2022-03-29,6,73
2022-03-29,7,117
2022-03-29,8,97
2022-03-29,9,83
2022-03-29,10,90
2022-03-29,11,100
2022-03-29,12,112
2022-03-29,13,122
2022-03-29,14,107
2022-03-29,15,140
2022-03-29,16,145
2022-03-29,17,160
2022-03-29,18,79
2022-03-29,19,46
2022-03-29,20,49
2022-03-29,21,28
2022-03-29,22,35
2022-03-29,23,18
2022-03-30,0,14
2022-03-30,1,8
2022-03-30,2,7
2022-03-30,3,4
2022-03-30,4,2
2022-03-30,5,22
2022-03-30,6,68
2022-03-30,7,132
2022-03-30,8,112
2022-03-30,9,84
2022-03-30,10,115
2022-03-30,11,132
2022-03-30,12,147
2022-03-30,13,133
2022-03-30,14,141
2022-03-30,15,168
2022-03-30,16,197
2022-03-30,17,223
2022-03-30,18,68
2022-03-30,19,57
2022-03-30,20,67
2022-03-30,21,58
2022-03-30,22,25
2022-03-30,23,21
2022-03-31,0,12
2022-03-31,1,3
2022-03-31,2,7
2022-03-31,3,11
2022-03-31,4,12
2022-03-31,5,17
2022-03-31,6,67
2022-03-31,7,130
2022-03-31,8,114
2022-03-31,9,101
2022-03-31,10,103
2022-03-31,11,121
2022-03-31,12,118
2022-03-31,13,104
2022-03-31,14,151
2022-03-31,15,153
2022-03-31,16,199
2022-03-31,17,196
2022-03-31,18,132
2022-03-31,19,136
2022-03-31,20,68
2022-03-31,21,58
2022-03-31,22,51
2022-03-31,23,30
2022-04-01,0,26
2022-04-01,1,15
2022-04-01,2,7
2022-04-01,3,6
2022-04-01,4,7
2022-04-01,5,16
2022-04-01,6,73
2022-04-01,7,96
2022-04-01,8,79
2022-04-01,9,106
2022-04-01,10,111
2022-04-01,11,108
2022-04-01,12,148
2022-04-01,13,136
2022-04-01,14,161
2022-04-01,15,227
2022-04-01,16,225
2022-04-01,17,138
2022-04-01,18,170
2022-04-01,19,78
2022-04-01,20,59
2022-04-01,21,50
2022-04-01,22,51
2022-04-01,23,35
2022-04-02,0,23
2022-04-02,1,17
2022-04-02,2,21
2022-04-02,3,17
2022-04-02,4,15
2022-04-02,5,14
2022-04-02,6,48
2022-04-02,7,36
2022-04-02,8,53
2022-04-02,9,72
2022-04-02,10,109
2022-04-02,11,171
2022-04-02,12,175
2022-04-02,13,168
2022-04-02,14,183
2022-04-02,15,204
2022-04-02,16,191
2022-04-02,17,133
2022-04-02,18,136
2022-04-02,19,61
2022-04-02,20,45
2022-04-02,21,42
2022-04-02,22,58
2022-04-02,23,40
2022-04-03,0,36
2022-04-03,1,27
2022-04-03,2,19
2022-04-03,3,18
2022-04-03,4,18
2022-04-03,5,17
2022-04-03,6,12
2022-04-03,7,21
2022-04-03,8,31
2022-04-03,9,74
2022-04-03,10,122
2022-04-03,11,84
2022-04-03,12,108
2022-04-03,13,124
2022-04-03,14,144
2022-04-03,15,152
2022-04-03,16,137
2022-04-03,17,115
2022-04-03,18,58
2022-04-03,19,39
2022-04-03,20,55
2022-04-03,21,41
2022-04-03,22,32
2022-04-03,23,24
2022-04-04,0,15
2022-04-04,1,13
2022-04-04,2,8
2022-04-04,3,5
2022-04-04,4,5
2022-04-04,5,21
2022-04-04,6,55
2022-04-04,7,101
2022-04-04,8,87
2022-04-04,9,72
2022-04-04,10,102
2022-04-04,11,98
2022-04-04,12,102
2022-04-04,13,129
2022-04-04,14,137
2022-04-04,15,169
2022-04-04,16,210
2022-04-04,17,170
2022-04-04,18,86
2022-04-04,19,45
2022-04-04,20,40
2022-04-04,21,43
2022-04-04,22,37
2022-04-04,23,11
2022-04-05,0,12
2022-04-05,1,7
2022-04-05,2,6
2022-04-05,3,7
2022-04-05,4,11
2022-04-05,5,27
2022-04-05,6,54
2022-04-05,7,167
2022-04-05,8,100
2022-04-05,9,122
2022-04-05,10,86
2022-04-05,11,102
2022-04-05,12,112
2022-04-05,13,103
2022-04-05,14,109
2022-04-05,15,157
2022-04-05,16,233
2022-04-05,17,112
2022-04-05,18,67
2022-04-05,19,61
2022-04-05,20,42
2022-04-05,21,35
2022-04-05,22,38
2022-04-05,23,12
2022-04-06,0,9
2022-04-06,1,5
2022-04-06,2,5
2022-04-06,3,5
2022-04-06,4,10
2022-04-06,5,24
2022-04-06,6,69
2022-04-06,7,151
2022-04-06,8,86
2022-04-06,9,74
2022-04-06,10,103
2022-04-06,11,104
2022-04-06,12,111
2022-04-06,13,134
2022-04-06,14,127
2022-04-06,15,295
2022-04-06,16,309
2022-04-06,17,125
2022-04-06,18,92
2022-04-06,19,49
2022-04-06,20,45
2022-04-06,21,36
2022-04-06,22,28
2022-04-06,23,16
2022-04-07,0,13
2022-04-07,1,9
2022-04-07,2,4
2022-04-07,3,4
2022-04-07,4,5
2022-04-07,5,15
2022-04-07,6,70
2022-04-07,7,118
2022-04-07,8,96
2022-04-07,9,99
2022-04-07,10,84
2022-04-07,11,123
2022-04-07,12,108
2022-04-07,13,109
2022-04-07,14,123
2022-04-07,15,184
2022-04-07,16,151
2022-04-07,17,142
2022-04-07,18,90
2022-04-07,19,65
2022-04-07,20,44
2022-04-07,21,38
2022-04-07,22,30
2022-04-07,23,26
2022-04-08,0,14
2022-04-08,1,11
2022-04-08,2,3
2022-04-08,3,11
2022-04-08,4,8
2022-04-08,5,20
2022-04-08,6,59
2022-04-08,7,71
2022-04-08,8,73
2022-04-08,9,111
2022-04-08,10,95
2022-04-08,11,188
2022-04-08,12,113
2022-04-08,13,150
2022-04-08,14,160
2022-04-11,7,97
2022-04-11,8,72
2022-04-11,9,72
2022-04-11,10,98
2022-04-11,11,103
2022-04-11,12,128
2022-04-11,13,115
2022-04-11,14,154
2022-04-11,15,215
2022-04-11,16,229
2022-04-11,17,123
2022-04-11,18,58
2022-04-11,19,53
2022-04-11,20,27
2022-04-11,21,43
2022-04-11,22,21
2022-04-11,23,10
2022-04-12,0,12
2022-04-12,1,4
2022-04-12,2,2
2022-04-12,3,0
2022-04-12,4,7
2022-04-12,5,29
2022-04-12,6,60
2022-04-12,7,71
2022-04-12,8,66
2022-04-12,9,82
2022-04-12,10,77
2022-04-12,11,82
2022-04-12,12,129
2022-04-12,13,168
2022-04-12,14,182
2022-04-12,15,154
2022-04-12,16,248
2022-04-12,17,161
2022-04-12,18,86
2022-04-12,19,100
2022-04-12,20,52
2022-04-12,21,32
2022-04-12,22,22
2022-04-12,23,60
2022-04-13,0,168
2022-04-13,1,4
2022-04-13,2,10
2022-04-13,3,8
2022-04-13,4,11
2022-04-13,5,23
2022-04-13,6,66
2022-04-13,7,104
2022-04-13,8,68
2022-04-13,9,93
2022-04-13,10,87
2022-04-13,11,106
2022-04-13,12,107
2022-04-13,13,129
2022-04-13,14,146
2022-04-13,15,178
2022-04-13,16,225
2022-04-13,17,120
2022-04-13,18,87
2022-04-13,19,59
2022-04-13,20,55
2022-04-13,21,48
2022-04-13,22,32
2022-04-13,23,31
2022-04-14,0,16
2022-04-14,1,11
2022-04-14,2,4
2022-04-14,3,12
2022-04-14,4,9
2022-04-14,5,14
2022-04-14,6,49
2022-04-14,7,96
2022-04-14,8,62
2022-04-14,9,87
2022-04-14,10,102
2022-04-14,11,96
2022-04-14,12,175
2022-04-14,13,153
2022-04-14,14,216
2022-04-14,15,213
2022-04-14,16,300
2022-04-14,17,231
2022-04-14,18,238
2022-04-14,19,67
2022-04-14,20,53
2022-04-14,21,54
2022-04-14,22,43
2022-04-14,23,37
2022-04-15,0,26
2022-04-15,1,13
2022-04-15,2,4
2022-04-15,3,8
2022-04-15,4,11
2022-04-15,5,24
2022-04-15,6,37
2022-04-15,7,48
2022-04-15,8,87
2022-04-15,9,136
2022-04-15,10,90
2022-04-15,11,163
2022-04-15,12,149
2022-04-15,13,153
2022-04-15,14,202
2022-04-15,15,183
2022-04-15,16,121
2022-04-15,17,142
2022-04-15,18,99
2022-04-15,19,61
2022-04-15,20,60
2022-04-15,21,50
2022-04-15,22,42
2022-04-15,23,50
2022-04-16,0,24
2022-04-16,1,16
2022-04-16,2,17
2022-04-16,3,17
2022-04-16,4,19
2022-04-16,5,13
2022-04-16,6,39
2022-04-16,7,36
2022-04-16,8,46
2022-04-16,9,65
2022-04-16,10,118
2022-04-16,11,134
2022-04-16,12,142
2022-04-16,13,125
2022-04-16,14,156
2022-04-16,15,143
2022-04-16,16,129
2022-04-16,17,128
2022-04-16,18,94
2022-04-16,19,61
2022-04-16,20,57
2022-04-16,21,59
2022-04-16,22,62
2022-04-16,23,39
2022-04-17,0,32
2022-04-17,1,18
2022-04-17,2,23
2022-04-17,3,25
2022-04-17,4,11
2022-04-17,5,9
2022-04-17,6,16
2022-04-17,7,21
2022-04-17,8,34
2022-04-17,9,40
2022-04-17,10,165
2022-04-17,11,96
2022-04-17,12,102
2022-04-17,13,74
2022-04-17,14,68
2022-04-17,15,70
2022-04-17,16,197
2022-04-17,17,98
2022-04-17,18,52
2022-04-17,19,47
2022-04-17,20,42
2022-04-17,21,32
2022-04-17,22,23
2022-04-17,23,29
2022-04-18,0,18
2022-04-18,1,11
2022-04-18,2,5
2022-04-18,3,10
2022-04-18,4,14
2022-04-18,5,14
2022-04-18,6,41
2022-04-18,7,76
2022-04-18,8,42
2022-04-18,9,50
2022-04-18,10,72
2022-04-18,11,85
2022-04-18,12,99
2022-04-18,13,150
2022-04-18,14,130
2022-04-18,15,143
2022-04-18,16,92
2022-04-18,17,119
2022-04-18,18,78
2022-04-18,19,49
2022-04-18,20,38
2022-04-18,21,30
2022-04-18,22,34
2022-04-18,23,27
2022-04-19,0,12
2022-04-19,1,7
2022-04-19,2,3
2022-04-19,3,3
2022-04-19,4,6
2022-04-19,5,23
2022-04-19,6,69
2022-04-19,7,103
2022-04-19,8,100
2022-04-19,9,115
2022-04-19,10,88
2022-04-19,11,107
2022-04-19,12,121
2022-04-19,13,125
2022-04-19,14,151
2022-04-19,15,153
2022-04-19,16,323
2022-04-19,17,143
2022-04-19,18,82
2022-04-19,19,48
2022-04-19,20,47
2022-04-19,21,33
2022-04-19,22,32
2022-04-19,23,17
2022-04-20,0,13
2022-04-20,1,5
2022-04-20,2,9
2022-04-20,3,5
2022-04-20,4,10
2022-04-20,5,23
2022-04-20,6,102
2022-04-20,7,128
2022-04-20,8,136
2022-04-20,9,99
2022-04-20,10,78
2022-04-20,11,117
2022-04-20,12,149
2022-04-20,13,106
2022-04-20,14,123
2022-04-20,15,233
2022-04-20,16,298
2022-04-20,17,278
2022-04-20,18,96
2022-04-20,19,65
2022-04-20,20,60
2022-04-20,21,43
2022-04-20,22,22
2022-04-20,23,15
2022-04-21,0,12
2022-04-21,1,8
2022-04-21,2,8
2022-04-21,3,6
2022-04-21,4,8
2022-04-21,5,23
2022-04-21,6,59
2022-04-21,7,105
2022-04-21,8,110
2022-04-21,9,97
2022-04-21,10,99
2022-04-21,11,115
2022-04-21,12,112
2022-04-21,13,127
2022-04-21,14,137
2022-04-21,15,189
2022-04-21,16,214
2022-04-21,17,215
2022-04-21,18,102
2022-04-21,19,65
2022-04-21,20,54
2022-04-21,21,40
2022-04-21,22,38
2022-04-21,23,29
2022-04-22,0,12
2022-04-22,1,10
2022-04-22,2,2
2022-04-22,3,8
2022-04-22,4,14
2022-04-22,5,16
2022-04-22,6,52
2022-04-22,7,90
2022-04-22,8,123
2022-04-22,9,83
2022-04-22,10,85
2022-04-22,11,129
2022-04-22,12,142
2022-04-22,13,150
2022-04-22,14,158
2022-04-22,15,190
2022-04-22,16,180
2022-04-22,17,154
2022-04-22,18,137
2022-04-22,19,66
2022-04-22,20,52
2022-04-22,21,53
2022-04-22,22,40
2022-04-22,23,40
2022-04-23,0,31
2022-04-23,1,16
2022-04-23,2,16
2022-04-23,3,16
2022-04-23,4,16
2022-04-23,5,16
2022-04-23,6,29
2022-04-23,7,35
2022-04-23,8,48
2022-04-23,9,71
2022-04-23,10,100
2022-04-23,11,123
2022-04-23,12,141
2022-04-23,13,167
2022-04-23,14,163
2022-04-23,15,163
2022-04-23,16,210
2022-04-23,17,129
2022-04-23,18,91
2022-04-23,19,71
2022-04-23,20,55
2022-04-23,21,63
2022-04-23,22,60
2022-04-23,23,41
2022-04-24,0,36
2022-04-24,1,19
2022-04-24,2,24
2022-04-24,3,17
2022-04-24,4,10
2022-04-24,5,12
2022-04-24,6,16
2022-04-24,7,48
2022-04-24,8,58
2022-04-24,9,50
2022-04-24,10,82
2022-04-24,11,103
2022-04-24,12,157
2022-04-24,13,159
2022-04-24,14,131
2022-04-24,15,126
2022-04-24,16,148
2022-04-24,17,118
2022-04-24,18,87
2022-04-24,19,79
2022-04-24,20,45
2022-04-24,21,52
2022-04-24,22,44
2022-04-24,23,34
2022-04-25,0,32
2022-04-25,1,3
2022-04-25,2,5
2022-04-25,3,5
2022-04-25,4,4
2022-04-25,5,18
2022-04-25,6,62
2022-04-25,7,126
2022-04-25,8,85
2022-04-25,9,77
2022-04-25,10,89
2022-04-25,11,120
2022-04-25,12,108
2022-04-25,13,123
2022-04-25,14,124
2022-04-25,15,141
2022-04-25,16,162
2022-04-25,17,119
2022-04-25,18,82
2022-04-25,19,53
2022-04-25,20,43
2022-04-25,21,23
2022-04-25,22,29
2022-04-25,23,25
2022-04-26,0,7
2022-04-26,1,13
2022-04-26,2,2
2022-04-26,3,2
2022-04-26,4,8
2022-04-26,5,21
2022-04-26,6,51
2022-04-26,7,167
2022-04-26,8,131
2022-04-26,9,104
2022-04-26,10,123
2022-04-26,11,124
2022-04-26,12,93
2022-04-26,13,117
2022-04-26,14,141
2022-04-26,15,229
2022-04-26,16,247
2022-04-26,17,196
2022-04-26,18,74
2022-04-26,19,59
2022-04-26,20,40
2022-04-26,21,27
2022-04-26,22,24
2022-04-26,23,19
2022-04-27,0,46
2022-04-27,1,4
2022-04-27,2,6
2022-04-27,3,3
2022-04-27,4,7
2022-04-27,5,35
2022-04-27,6,65
2022-04-27,7,144
2022-04-27,8,110
2022-04-27,9,99
2022-04-27,10,91
2022-04-27,11,126
2022-04-27,12,121
2022-04-27,13,120
2022-04-27,14,117
2022-04-27,15,119
2022-04-27,16,250
2022-04-27,17,172
2022-04-27,18,109
2022-04-27,19,56
2022-04-27,20,59
2022-04-27,21,58
2022-04-27,22,33
2022-04-27,23,26
2022-04-28,0,16
2022-04-28,1,4
2022-04-28,2,4
2022-04-28,3,9
2022-04-28,4,11
2022-04-28,5,23
2022-04-28,6,67
2022-04-28,7,116
2022-04-28,8,102
2022-04-28,9,84
2022-04-28,10,96
2022-04-28,11,118
2022-04-28,12,109
2022-04-28,13,138
2022-04-28,14,144
2022-04-28,15,174
2022-04-28,16,247
2022-04-28,17,263
2022-04-28,18,116
2022-04-28,19,52
2022-04-28,20,67
2022-04-28,21,67
2022-04-28,22,66
2022-04-28,23,31
2022-04-29,0,17
2022-04-29,1,12
2022-04-29,2,4
2022-04-29,3,12
2022-04-29,4,8
2022-04-29,5,21
2022-04-29,6,61
2022-04-29,7,115
2022-04-29,8,91
2022-04-29,9,98
2022-04-29,10,129
2022-04-29,11,171
2022-04-29,12,172
2022-04-29,13,195
2022-04-29,14,167
2022-04-29,15,199
2022-04-29,16,196
2022-04-29,17,144
2022-04-29,18,100
2022-04-29,19,74
2022-04-29,20,50
2022-04-29,21,67
2022-04-29,22,55
2022-04-29,23,53
2022-04-30,0,35
2022-04-30,1,21
2022-04-30,2,16
2022-04-30,3,14
2022-04-30,4,15
2022-04-30,5,19
2022-04-30,6,23
2022-04-30,7,41
2022-04-30,8,72
2022-04-30,9,97
2022-04-30,10,116
2022-04-30,11,152
2022-04-30,12,237
2022-04-30,13,235
2022-04-30,14,186
2022-04-30,15,218
2022-04-30,16,301
2022-04-30,17,152
2022-04-30,18,108
2022-04-30,19,61
2022-04-30,20,54
2022-04-30,21,62
2022-04-30,22,53
2022-04-30,23,49
2022-05-01,0,33
2022-05-01,1,21
2022-05-01,2,25
2022-05-01,3,9
2022-05-01,4,17
2022-05-01,5,9
2022-05-01,6,16
2022-05-01,7,31
2022-05-01,8,29
2022-05-01,9,58
2022-05-01,10,97
2022-05-01,11,104
2022-05-01,12,103
2022-05-01,13,223
2022-05-01,14,333
2022-05-01,15,135
2022-05-01,16,205
2022-05-01,17,113
2022-05-01,18,76
2022-05-01,19,66
2022-05-01,20,38
2022-05-01,21,43
2022-05-01,22,34
2022-05-01,23,31
2022-05-02,0,21
2022-05-02,1,16
2022-05-02,2,7
2022-05-02,3,8
2022-05-02,4,12
2022-05-02,5,25
2022-05-02,6,35
2022-05-02,7,45
2022-05-02,8,56
2022-05-02,9,79
2022-05-02,10,99
2022-05-02,11,130
2022-05-02,12,128
2022-05-02,13,139
2022-05-02,14,152
2022-05-02,15,160
2022-05-02,16,119
2022-05-02,17,104
2022-05-02,18,65
2022-05-02,19,57
2022-05-02,20,32
2022-05-02,21,41
2022-05-02,22,19
2022-05-02,23,18
2022-05-03,0,6
2022-05-03,1,3
2022-05-03,2,7
2022-05-03,3,2
2022-05-03,4,15
2022-05-03,5,19
2022-05-03,6,67
2022-05-03,7,149
2022-05-03,8,122
2022-05-03,9,117
2022-05-03,10,96
2022-05-03,11,102
2022-05-03,12,133
2022-05-03,13,157
2022-05-03,14,174
2022-05-03,15,202
2022-05-03,16,257
2022-05-03,17,183
2022-05-03,18,75
2022-05-03,19,58
2022-05-03,20,50
2022-05-03,21,36
2022-05-03,22,34
2022-05-03,23,11
2022-05-04,0,15
2022-05-04,1,5
2022-05-04,2,9
2022-05-04,3,6
2022-05-04,4,8
2022-05-04,5,33
2022-05-04,6,60
2022-05-04,7,139
2022-05-04,8,136
2022-05-04,9,116
2022-05-04,10,108
2022-05-04,11,145
2022-05-04,12,129
2022-05-04,13,124
2022-05-04,14,127
2022-05-04,15,179
2022-05-04,16,264
2022-05-04,17,206
2022-05-04,18,91
2022-05-04,19,71
2022-05-04,20,48
2022-05-04,21,46
2022-05-04,22,33
2022-05-04,23,21
2022-05-05,0,12
2022-05-05,1,7
2022-05-05,2,9
2022-05-05,3,7
2022-05-05,4,10
2022-05-05,5,18
2022-05-05,6,70
2022-05-05,7,129
2022-05-05,8,98
2022-05-05,9,84
2022-05-05,10,122
2022-05-05,11,127
2022-05-05,12,149
2022-05-05,13,138
2022-05-05,14,174
2022-05-05,15,215
2022-05-05,16,330
2022-05-05,17,303
2022-05-05,18,232
2022-05-05,19,67
2022-05-05,20,58
2022-05-05,21,52
2022-05-05,22,32
2022-05-05,23,18
2022-05-06,0,17
2022-05-06,1,16
2022-05-06,2,6
2022-05-06,3,3
2022-05-06,4,15
2022-05-06,5,19
2022-05-06,6,62
2022-05-06,7,117
2022-05-06,8,121
2022-05-06,9,102
2022-05-06,10,118
2022-05-06,11,124
2022-05-06,12,117
2022-05-06,13,192
2022-05-06,14,180
2022-05-06,15,186
2022-05-06,16,274
2022-05-06,17,222
2022-05-06,18,151
2022-05-06,19,73
2022-05-06,20,60
2022-05-06,21,62
2022-05-06,22,48
2022-05-06,23,53
2022-05-07,0,31
2022-05-07,1,28
2022-05-07,2,22
2022-05-07,3,16
2022-05-07,4,15
2022-05-07,5,15
2022-05-07,6,24
2022-05-07,7,37
2022-05-07,8,67
2022-05-07,9,100
2022-05-07,10,118
2022-05-07,11,139
2022-05-07,12,153
2022-05-07,13,303
2022-05-07,14,253
2022-05-07,15,272
2022-05-07,16,202
2022-05-07,17,163
2022-05-07,18,107
2022-05-07,19,80
2022-05-07,20,66
2022-05-07,21,67
2022-05-07,22,56
2022-05-07,23,53
2022-05-08,0,35
2022-05-08,1,23
2022-05-08,2,33
2022-05-08,3,14
2022-05-08,4,18
2022-05-08,5,15
2022-05-08,6,16
2022-05-08,7,31
2022-05-08,8,34
2022-05-08,9,55
2022-05-08,10,124
2022-05-08,11,218
2022-05-08,12,247
2022-05-08,13,317
2022-05-08,14,260
2022-05-08,15,268
2022-05-08,16,168
2022-05-08,17,161
2022-05-08,18,97
2022-05-08,19,60
2022-05-08,20,59
2022-05-08,21,69
2022-05-08,22,49
2022-05-08,23,37
2022-05-09,0,35
2022-05-09,1,11
2022-05-09,2,10
2022-05-09,3,10
2022-05-09,4,7
2022-05-09,5,45
2022-05-09,6,74
2022-05-09,7,140
2022-05-09,8,139
2022-05-09,9,98
2022-05-09,10,107
2022-05-09,11,134
2022-05-09,12,119
2022-05-09,13,183
2022-05-09,14,151
2022-05-09,15,221
2022-05-09,16,225
2022-05-09,17,123
2022-05-09,18,72
2022-05-09,19,90
2022-05-09,20,40
2022-05-09,21,26
2022-05-09,22,28
2022-05-09,23,20
2022-05-10,0,4
2022-05-10,1,3
2022-05-10,2,3
2022-05-10,3,5
2022-05-10,4,8
2022-05-10,5,29
2022-05-10,6,81
2022-05-10,7,169
2022-05-10,8,143
2022-05-10,9,97
2022-05-10,10,115
2022-05-10,11,142
2022-05-10,12,147
2022-05-10,13,140
2022-05-10,14,127
2022-05-10,15,154
2022-05-10,16,297
2022-05-10,17,202
2022-05-10,18,86
2022-05-10,19,64
2022-05-10,20,49
2022-05-10,21,33
2022-05-10,22,35
2022-05-10,23,24
2022-05-11,0,9
2022-05-11,1,9
2022-05-11,2,7
2022-05-11,3,5
2022-05-11,4,23
2022-05-11,5,20
2022-05-11,6,72
2022-05-11,7,146
2022-05-11,8,151
2022-05-11,9,90
2022-05-11,10,106
2022-05-11,11,123
2022-05-11,12,108
2022-05-11,13,138
2022-05-11,14,167
2022-05-11,15,185
2022-05-11,16,157
2022-05-11,17,136
2022-05-11,18,179
2022-05-11,19,42
2022-05-11,20,47
2022-05-11,21,54
2022-05-11,22,30
2022-05-11,23,34
2022-05-12,0,27
2022-05-12,1,9
2022-05-12,2,9
2022-05-12,3,5
2022-05-12,4,11
2022-05-12,5,17
2022-05-12,6,84
2022-05-12,7,122
2022-05-12,8,100
2022-05-12,9,103
2022-05-12,10,124
2022-05-12,11,131
2022-05-12,12,137
2022-05-12,13,144
2022-05-12,14,138
2022-05-12,15,238
2022-05-12,16,179
2022-05-12,17,168
2022-05-12,18,104
2022-05-12,19,77
2022-05-12,20,60
2022-05-12,21,57
2022-05-12,22,47
2022-05-12,23,25
2022-05-13,0,17
2022-05-13,1,3
2022-05-13,2,6
2022-05-13,3,6
2022-05-13,4,7
2022-05-13,5,32
2022-05-13,6,64
2022-05-13,7,118
2022-05-13,8,100
2022-05-13,9,108
2022-05-13,10,119
2022-05-13,11,161
2022-05-13,12,184
2022-05-13,13,193
2022-05-13,14,226
2022-05-13,15,194
2022-05-13,16,234
2022-05-13,17,161
2022-05-13,18,111
2022-05-13,19,74
2022-05-13,20,66
2022-05-13,21,44
2022-05-13,22,57
2022-05-13,23,47
2022-05-14,0,38
2022-05-14,1,19
2022-05-14,2,14
2022-05-14,3,10
2022-05-14,4,9
2022-05-14,5,9
2022-05-14,6,29
2022-05-14,7,38
2022-05-14,8,71
2022-05-14,9,87
2022-05-14,10,124
2022-05-14,11,144
2022-05-14,12,146
2022-05-14,13,174
2022-05-14,14,312
2022-05-14,15,382
2022-05-14,16,356
2022-05-14,17,295
2022-05-14,18,99
2022-05-14,19,69
2022-05-14,20,58
2022-05-14,21,60
2022-05-14,22,43
2022-05-14,23,51
2022-05-15,0,30
2022-05-15,1,23
2022-05-15,2,32
2022-05-15,3,21
2022-05-15,4,12
2022-05-15,5,12
2022-05-15,6,16
2022-05-15,7,26
2022-05-15,8,35
2022-05-15,9,56
2022-05-15,10,146
2022-05-15,11,122
2022-05-15,12,147
2022-05-15,13,201
2022-05-15,14,170
2022-05-15,15,160
2022-05-15,16,149
2022-05-15,17,124
2022-05-15,18,77
2022-05-15,19,58
2022-05-15,20,46
2022-05-15,21,38
2022-05-15,22,34
2022-05-15,23,20
2022-05-16,0,30
2022-05-16,1,17
2022-05-16,2,8
2022-05-16,3,6
2022-05-16,4,10
2022-05-16,5,12
2022-05-16,6,64
2022-05-16,7,129
2022-05-16,8,104
2022-05-16,9,109
2022-05-16,10,120
2022-05-16,11,86
2022-05-16,12,106
2022-05-16,13,143
2022-05-16,14,135
2022-05-16,15,165
2022-05-16,16,229
2022-05-16,17,109
2022-05-16,18,80
2022-05-16,19,47
2022-05-16,20,40
2022-05-16,21,27
2022-05-16,22,16
2022-05-16,23,7
2022-05-17,0,24
2022-05-17,1,3
2022-05-17,2,8
2022-05-17,3,2
2022-05-17,4,2
2022-05-17,5,19
2022-05-17,6,74
2022-05-17,7,133
2022-05-17,8,109
2022-05-17,9,112
2022-05-17,10,119
2022-05-17,11,175
2022-05-17,12,125
2022-05-17,13,139
2022-05-17,14,116
2022-05-17,15,170
2022-05-17,16,180
2022-05-17,17,120
2022-05-17,18,67
2022-05-17,19,57
2022-05-17,20,41
2022-05-17,21,31
2022-05-17,22,23
2022-05-17,23,11
2022-05-18,0,36
2022-05-18,1,5
2022-05-18,2,7
2022-05-18,3,1
2022-05-18,4,2
2022-05-18,5,25
2022-05-18,6,114
2022-05-18,7,113
2022-05-18,8,102
2022-05-18,9,106
2022-05-18,10,100
2022-05-18,11,146
2022-05-18,12,145
2022-05-18,13,127
2022-05-18,14,128
2022-05-18,15,253
2022-05-18,16,291
2022-05-18,17,119
2022-05-18,18,78
2022-05-18,19,48
2022-05-18,20,54
2022-05-18,21,48
2022-05-18,22,41
2022-05-18,23,37
2022-05-19,0,23
2022-05-19,1,11
2022-05-19,2,6
2022-05-19,3,7
2022-05-19,4,11
2022-05-19,5,18
2022-05-19,6,52
2022-05-19,7,93
2022-05-19,8,136
2022-05-19,9,114
2022-05-19,10,104
2022-05-19,11,99
2022-05-19,12,111
2022-05-19,13,131
2022-05-19,14,143
2022-05-19,15,142
2022-05-19,16,157
2022-05-19,17,147
2022-05-19,18,113
2022-05-19,19,61
2022-05-19,20,38
2022-05-19,21,52
2022-05-19,22,34
2022-05-19,23,26
2022-05-20,0,16
2022-05-20,1,4
2022-05-20,2,5
2022-05-20,3,5
2022-05-20,4,15
2022-05-20,5,29
2022-05-20,6,57
2022-05-20,7,94
2022-05-20,8,84
2022-05-20,9,100
2022-05-20,10,110
2022-05-20,11,109
2022-05-20,12,116
2022-05-20,13,150
2022-05-20,14,182
2022-05-20,15,216
2022-05-20,16,201
2022-05-20,17,138
2022-05-20,18,109
2022-05-20,19,76
2022-05-20,20,51
2022-05-20,21,58
2022-05-20,22,45
2022-05-20,23,41
2022-05-21,0,63
2022-05-21,1,22
2022-05-21,2,18
2022-05-21,3,9
2022-05-21,4,19
2022-05-21,5,10
2022-05-21,6,29
2022-05-21,7,26
2022-05-21,8,63
2022-05-21,9,105
2022-05-21,10,106
2022-05-21,11,145
2022-05-21,12,141
2022-05-21,13,253
2022-05-21,14,133
2022-05-21,15,154
2022-05-21,16,128
2022-05-21,17,127
2022-05-21,18,106
2022-05-21,19,72
2022-05-21,20,55
2022-05-21,21,62
2022-05-21,22,59
2022-05-21,23,53
2022-05-22,0,27
2022-05-22,1,23
2022-05-22,2,29
2022-05-22,3,18
2022-05-22,4,13
2022-05-22,5,16
2022-05-22,6,13
2022-05-22,7,26
2022-05-22,8,28
2022-05-22,9,53
2022-05-22,10,93
2022-05-22,11,119
2022-05-22,12,141
2022-05-22,13,176
2022-05-22,14,168
2022-05-22,15,150
2022-05-22,16,146
2022-05-22,17,115
2022-05-22,18,75
2022-05-22,19,48
2022-05-22,20,40
2022-05-22,21,40
2022-05-22,22,36
2022-05-22,23,21
2022-05-23,0,26
2022-05-23,1,12
2022-05-23,2,0
2022-05-23,3,0
2022-05-23,4,8
2022-05-23,5,22
2022-05-23,6,66
2022-05-23,7,130
2022-05-23,8,93
2022-05-23,9,74
2022-05-23,10,89
2022-05-23,11,100
2022-05-23,12,114
2022-05-23,13,132
2022-05-23,14,123
2022-05-23,15,165
2022-05-23,16,216
2022-05-23,17,119
2022-05-23,18,88
2022-05-23,19,42
2022-05-23,20,42
2022-05-23,21,29
2022-05-23,22,27
2022-05-23,23,17
2022-05-24,0,9
2022-05-24,1,8
2022-05-24,13,124
2022-05-24,14,118
2022-05-24,15,181
2022-05-24,16,190
2022-05-24,17,119
2022-05-24,18,76
2022-05-24,19,60
2022-05-24,20,48
2022-05-24,21,20
2022-05-24,22,26
2022-05-24,23,12
2022-05-25,0,4
2022-05-25,1,7
2022-05-25,2,5
2022-05-25,3,2
2022-05-25,4,12
2022-05-25,5,22
2022-05-25,6,73
2022-05-25,7,174
2022-05-25,8,117
2022-05-25,9,102
2022-05-25,10,105
2022-05-25,11,140
2022-05-25,12,108
2022-05-25,13,181
2022-05-25,14,129
2022-05-25,15,190
2022-05-25,16,209
2022-05-25,17,232
2022-05-25,18,93
2022-05-25,19,52
2022-05-25,20,49
2022-05-25,21,36
2022-05-25,22,35
2022-05-25,23,40
2022-05-26,0,20
2022-05-26,1,6
2022-05-26,2,5
2022-05-26,3,11
2022-05-26,4,10
2022-05-26,5,26
2022-05-26,6,71
2022-05-26,7,117
2022-05-26,8,104
2022-05-26,9,73
2022-05-26,10,99
2022-05-26,11,106
2022-05-26,12,144
2022-05-26,13,150
2022-05-26,14,206
2022-05-26,15,219
2022-05-26,16,234
2022-05-26,17,226
2022-05-26,18,163
2022-05-26,19,72
2022-05-26,20,50
2022-05-26,21,36
2022-05-26,22,37
2022-05-26,23,72
2022-05-27,0,16
2022-05-27,1,8
2022-05-27,2,19
2022-05-27,3,21
2022-05-27,4,5
2022-05-27,5,23
2022-05-27,6,54
2022-05-27,7,87
2022-05-27,8,74
2022-05-27,9,96
2022-05-27,10,114
2022-05-27,11,149
2022-05-27,12,145
2022-05-27,13,199
2022-05-27,14,256
2022-05-27,15,259
2022-05-27,16,189
2022-05-27,17,232
2022-05-27,18,175
2022-05-27,19,69
2022-05-27,20,56
2022-05-27,21,57
2022-05-27,22,57
2022-05-27,23,54
2022-05-28,0,40
2022-05-28,1,26
2022-05-28,2,21
2022-05-28,3,18
2022-05-28,4,13
2022-05-28,5,17
2022-05-28,6,29
2022-05-28,7,38
2022-05-28,8,46
2022-05-28,9,106
2022-05-28,10,145
2022-05-28,11,141
2022-05-28,12,167
2022-05-28,13,178
2022-05-28,14,182
2022-05-28,15,164
2022-05-28,16,241
2022-05-28,17,151
2022-05-28,18,126
2022-05-28,19,50
2022-05-28,20,44
2022-05-28,21,51
2022-05-28,22,57
2022-05-28,23,55
2022-05-29,0,46
2022-05-29,1,23
2022-05-29,2,20
2022-05-29,3,21
2022-05-29,4,16
2022-05-29,5,6
2022-05-29,6,14
2022-05-29,7,26
2022-05-29,8,34
2022-05-29,9,45
2022-05-29,10,106
2022-05-29,11,147
2022-05-29,12,178
2022-05-29,13,189
2022-05-29,14,163
2022-05-29,15,178
2022-05-29,16,236
2022-05-29,17,171
2022-05-29,18,83
2022-05-29,19,41
2022-05-29,20,53
2022-05-29,21,39
2022-05-29,22,23
2022-05-29,23,21
2022-05-30,0,22
2022-05-30,1,6
2022-05-30,2,11
2022-05-30,3,5
2022-05-30,4,5
2022-05-30,5,20
2022-05-30,6,51
2022-05-30,7,106
2022-05-30,8,103
2022-05-30,9,102
2022-05-30,10,110
2022-05-30,11,113
2022-05-30,12,111
2022-05-30,13,131
2022-05-30,14,169
2022-05-30,15,182
2022-05-30,16,252
2022-05-30,17,168
2022-05-30,18,106
2022-05-30,19,60
2022-05-30,20,39
2022-05-30,21,29
2022-05-30,22,104
2022-05-30,23,31
2022-05-31,0,21
2022-05-31,1,4
2022-05-31,2,7
2022-05-31,3,7
2022-05-31,4,9
2022-05-31,5,26
2022-05-31,6,60
2022-05-31,7,137
2022-05-31,8,95
2022-05-31,9,84
2022-05-31,10,102
2022-05-31,11,104
2022-05-31,12,120
2022-05-31,13,153
2022-05-31,14,144
2022-05-31,15,243
2022-05-31,16,298
2022-05-31,17,271
2022-05-31,18,108
2022-05-31,19,63
2022-05-31,20,33
2022-05-31,21,23
2022-05-31,22,39
2022-05-31,23,21
2022-06-01,0,19
2022-06-01,1,8
2022-06-01,2,3
2022-06-01,3,6
2022-06-01,4,9
2022-06-01,5,18
2022-06-01,6,66
2022-06-01,7,138
2022-06-01,8,104
2022-06-01,9,114
2022-06-01,10,117
2022-06-01,11,137
2022-06-01,12,111
2022-06-01,13,128
2022-06-01,14,139
2022-06-01,15,269
2022-06-01,16,304
2022-06-01,17,222
2022-06-01,18,118
2022-06-01,19,62
2022-06-01,20,49
2022-06-01,21,47
2022-06-01,22,56
2022-06-01,23,27
2022-06-02,0,21
2022-06-02,1,10
2022-06-02,2,11
2022-06-02,3,14
2022-06-02,4,9
2022-06-02,5,21
2022-06-02,6,40
2022-06-02,7,59
2022-06-02,8,62
2022-06-02,9,82
2022-06-02,10,91
2022-06-02,11,139
2022-06-02,12,148
2022-06-02,13,225
2022-06-02,14,164
2022-06-02,15,250
2022-06-02,16,207
2022-06-02,17,136
2022-06-02,18,120
2022-06-02,19,72
2022-06-02,20,51
2022-06-02,21,52
2022-06-02,22,68
2022-06-02,23,60
2022-06-03,0,12
2022-06-03,1,18
2022-06-03,2,10
2022-06-03,3,15
2022-06-03,4,7
2022-06-03,5,55
2022-06-03,6,24
2022-06-03,7,34
2022-06-03,8,54
2022-06-03,9,76
2022-06-03,10,118
2022-06-03,11,144
2022-06-03,12,144
2022-06-03,13,193
2022-06-03,14,205
2022-06-03,15,196
2022-06-03,16,166
2022-06-03,17,157
2022-06-03,18,108
2022-06-03,19,65
2022-06-03,20,52
2022-06-03,21,72
2022-06-03,22,55
2022-06-03,23,46
2022-06-04,0,28
2022-06-04,1,12
2022-06-04,2,15
2022-06-04,3,13
2022-06-04,4,11
2022-06-04,5,12
2022-06-04,6,13
2022-06-04,7,34
2022-06-04,8,48
2022-06-04,9,66
2022-06-04,10,108
2022-06-04,11,136
2022-06-04,12,123
2022-06-04,13,152
2022-06-04,14,139
2022-06-04,15,139
2022-06-04,16,119
2022-06-04,17,116
2022-06-04,18,88
2022-06-04,19,69
2022-06-04,20,43
2022-06-04,21,68
2022-06-04,22,50
2022-06-04,23,30
2022-06-05,0,37
2022-06-05,1,26
2022-06-05,2,23
2022-06-05,3,11
2022-06-05,4,8
2022-06-05,5,10
2022-06-05,6,16
2022-06-05,7,31
2022-06-05,8,27
2022-06-05,9,45
2022-06-05,10,84
2022-06-05,11,87
2022-06-05,12,130
2022-06-05,13,145
2022-06-05,14,132
2022-06-05,15,126
2022-06-05,16,124
2022-06-05,17,104
2022-06-05,18,79
2022-06-05,19,36
2022-06-05,20,37
2022-06-05,21,32
2022-06-05,22,29
2022-06-05,23,29
2022-06-06,0,26
2022-06-06,1,11
2022-06-06,2,5
2022-06-06,3,6
2022-06-06,4,7
2022-06-06,5,19
2022-06-06,6,47
2022-06-06,7,94
2022-06-06,8,99
2022-06-06,9,88
2022-06-06,10,88
2022-06-06,11,122
2022-06-06,12,111
2022-06-06,13,130
2022-06-06,14,104
2022-06-06,15,139
2022-06-06,16,144
2022-06-06,17,122
2022-06-06,18,108
2022-06-06,19,39
2022-06-06,20,27
2022-06-06,21,31
2022-06-06,22,21
2022-06-06,23,19
2022-06-07,0,12
2022-06-07,1,2
2022-06-07,2,5
2022-06-07,3,2
2022-06-07,4,7
2022-06-07,5,17
2022-06-07,6,62
2022-06-07,7,124
2022-06-07,8,94
2022-06-07,9,76
2022-06-07,10,110
2022-06-07,11,116
2022-06-07,12,124
2022-06-07,13,116
2022-06-07,14,165
2022-06-07,15,167
2022-06-07,16,210
2022-06-07,17,182
2022-06-07,18,80
2022-06-07,19,57
2022-06-07,20,40
2022-06-07,21,33
2022-06-07,22,13
2022-06-07,23,26
2022-06-08,0,34
2022-06-08,1,6
2022-06-08,2,6
2022-06-08,3,6
2022-06-08,4,9
2022-06-08,5,21
2022-06-08,6,63
2022-06-08,7,147
2022-06-08,8,147
2022-06-08,9,148
2022-06-08,10,109
2022-06-08,11,125
2022-06-08,12,136
2022-06-08,13,132
2022-06-08,14,133
2022-06-08,15,193
2022-06-08,16,247
2022-06-08,17,172
2022-06-08,18,81
2022-06-08,19,67
2022-06-08,20,51
2022-06-08,21,67
2022-06-08,22,56
2022-06-08,23,12
2022-06-09,0,46
2022-06-09,1,7
2022-06-09,2,8
2022-06-09,3,11
2022-06-09,4,5
2022-06-09,5,33
2022-06-09,6,68
2022-06-09,7,113
2022-06-09,8,109
2022-06-09,9,87
2022-06-09,10,93
2022-06-09,11,135
2022-06-09,12,120
2022-06-09,13,130
2022-06-09,14,156
2022-06-09,15,148
2022-06-09,16,211
2022-06-09,17,148
2022-06-09,18,101
2022-06-09,19,58
2022-06-09,20,65
2022-06-09,21,39
2022-06-09,22,35
2022-06-09,23,18
2022-06-10,0,16
2022-06-10,1,12
2022-06-10,2,11
2022-06-10,3,5
2022-06-10,4,6
2022-06-10,5,19
2022-06-10,6,53
2022-06-10,7,91
2022-06-10,8,89
2022-06-10,9,109
2022-06-10,10,111
2022-06-10,11,150
2022-06-10,12,162
2022-06-10,13,158
2022-06-10,14,181
2022-06-10,15,226
2022-06-10,16,155
2022-06-10,17,138
2022-06-10,18,103
2022-06-10,19,82
2022-06-10,20,52
2022-06-10,21,52
2022-06-10,22,70
2022-06-10,23,44
2022-06-11,0,33
2022-06-11,1,16
2022-06-11,2,23
2022-06-11,3,18
2022-06-11,4,13
2022-06-11,5,13
2022-06-11,6,21
2022-06-11,7,42
2022-06-11,8,53
2022-06-11,9,84
2022-06-11,10,112
2022-06-11,11,122
2022-06-11,12,141
2022-06-11,13,213
2022-06-11,14,170
2022-06-11,15,225
2022-06-11,16,208
2022-06-11,17,140
2022-06-11,18,104
2022-06-11,19,67
2022-06-11,20,55
2022-06-11,21,59
2022-06-11,22,80
2022-06-11,23,39
2022-06-12,0,38
2022-06-12,1,25
2022-06-12,2,24
2022-06-12,3,12
2022-06-12,4,10
2022-06-12,5,8
2022-06-12,6,12
2022-06-12,7,31
2022-06-12,8,27
2022-06-12,9,44
2022-06-12,10,104
2022-06-12,11,112
2022-06-12,12,181
2022-06-12,13,204
2022-06-12,14,195
2022-06-12,15,175
2022-06-12,16,184
2022-06-12,17,145
2022-06-12,18,59
2022-06-12,19,55
2022-06-12,20,47
2022-06-12,21,43
2022-06-12,22,33
2022-06-12,23,25
2022-06-13,0,21
2022-06-13,1,10
2022-06-13,2,4
2022-06-13,3,5
2022-06-13,4,5
2022-06-13,5,23
2022-06-13,6,61
2022-06-13,7,99
2022-06-13,8,90
2022-06-13,9,98
2022-06-13,10,105
2022-06-13,11,87
2022-06-13,12,149
2022-06-13,13,111
2022-06-13,14,118
2022-06-13,15,168
2022-06-13,16,241
2022-06-13,17,108
2022-06-13,18,72
2022-06-13,19,57
2022-06-13,20,26
2022-06-13,21,35
2022-06-13,22,22
2022-06-13,23,21
2022-06-14,0,20
2022-06-14,1,21
2022-06-14,2,18
2022-06-14,3,5
2022-06-14,4,29
2022-06-14,5,71
2022-06-14,6,63
2022-06-14,7,132
2022-06-14,8,89
2022-06-14,9,89
2022-06-14,10,200
2022-06-14,11,227
2022-06-14,12,156
2022-06-14,13,221
2022-06-14,14,134
2022-06-14,15,180
2022-06-14,16,254
2022-06-14,17,149
2022-06-14,18,108
2022-06-14,19,81
2022-06-14,20,41
2022-06-14,21,43
2022-06-14,22,38
2022-06-14,23,27
2022-06-15,0,34
2022-06-15,1,6
2022-06-15,2,6
2022-06-15,3,5
2022-06-15,4,4
2022-06-15,5,24
2022-06-15,6,55
2022-06-15,7,149
2022-06-15,8,149
2022-06-15,9,104
2022-06-15,10,138
2022-06-15,11,87
2022-06-15,12,110
2022-06-15,13,93
2022-06-15,14,118
2022-06-15,15,148
2022-06-15,16,242
2022-06-15,17,209
2022-06-15,18,79
2022-06-15,19,54
2022-06-15,20,47
2022-06-15,21,41
2022-06-15,22,41
2022-06-15,23,40
2022-06-16,0,29
2022-06-16,1,7
2022-06-16,2,6
2022-06-16,3,6
2022-06-16,4,8
2022-06-16,5,27
2022-06-16,6,60
2022-06-16,7,126
2022-06-16,8,93
2022-06-16,9,84
2022-06-16,10,120
2022-06-16,11,124
2022-06-16,12,124
2022-06-16,13,158
2022-06-16,14,144
2022-06-16,15,221
2022-06-16,16,207
2022-06-16,17,212
2022-06-16,18,131
2022-06-16,19,74
2022-06-16,20,62
2022-06-16,21,59
2022-06-16,22,42
2022-06-16,23,39
2022-06-17,0,18
2022-06-17,1,9
2022-06-17,2,8
2022-06-17,3,12
2022-06-17,4,5
2022-06-17,5,22
2022-06-17,6,43
2022-06-17,7,102
2022-06-17,8,103
2022-06-17,9,108
2022-06-17,10,124
2022-06-17,11,147
2022-06-17,12,144
2022-06-17,13,207
2022-06-17,14,287
2022-06-17,15,252
2022-06-17,16,191
2022-06-17,17,202
2022-06-17,18,142
2022-06-17,19,85
2022-06-17,20,67
2022-06-17,21,69
2022-06-17,22,72
2022-06-17,23,70
2022-06-18,0,62
2022-06-18,1,77
2022-06-18,2,38
2022-06-18,3,124
2022-06-18,4,58
2022-06-18,5,55
2022-06-18,6,159
2022-06-18,7,38
2022-06-18,8,84
2022-06-18,9,150
2022-06-18,10,168
2022-06-18,11,172
2022-06-18,12,175
2022-06-18,13,191
2022-06-18,14,230
2022-06-18,15,213
2022-06-18,16,183
2022-06-18,17,132
2022-06-18,18,151
2022-06-18,19,211
2022-06-18,20,49
2022-06-18,21,180
2022-06-18,22,45
2022-06-18,23,53
2022-06-19,0,42
2022-06-19,1,24
2022-06-19,2,34
2022-06-19,3,54
2022-06-19,4,9
2022-06-19,5,17
2022-06-19,6,30
2022-06-19,7,31
2022-06-19,8,26
2022-06-19,9,59
2022-06-19,10,101
2022-06-19,11,148
2022-06-19,12,119
2022-06-19,13,145
2022-06-19,14,195
2022-06-19,15,149
2022-06-19,16,184
2022-06-19,17,139
2022-06-19,18,79
2022-06-19,19,50
2022-06-19,20,37
2022-06-19,21,45
2022-06-19,22,34
2022-06-19,23,16
2022-06-20,0,26
2022-06-20,1,6
2022-06-20,2,1
2022-06-20,3,2
2022-06-20,4,4
2022-06-20,5,21
2022-06-20,6,66
2022-06-20,7,162
2022-06-20,8,86
2022-06-20,9,76
2022-06-20,10,87
2022-06-20,11,113
2022-06-20,12,130
2022-06-20,13,156
2022-06-20,14,123
2022-06-20,15,183
2022-06-20,16,217
2022-06-20,17,120
2022-06-20,18,71
2022-06-20,19,42
2022-06-20,20,40
2022-06-20,21,26
2022-06-20,22,44
2022-06-20,23,17
2022-06-21,0,4
2022-06-21,1,6
2022-06-21,2,3
2022-06-21,3,0
2022-06-21,4,3
2022-06-21,5,23
2022-06-21,6,79
2022-06-21,7,129
2022-06-21,8,106
2022-06-21,9,77
2022-06-21,10,129
2022-06-21,11,148
2022-06-21,12,127
2022-06-21,13,158
2022-06-21,14,116
2022-06-21,15,178
2022-06-21,16,265
2022-06-21,17,145
2022-06-21,18,76
2022-06-21,19,47
2022-06-21,20,41
2022-06-21,21,31
2022-06-21,22,32
2022-06-21,23,17
2022-06-22,0,34
2022-06-22,1,3
2022-06-22,2,3
2022-06-22,3,2
2022-06-22,4,7
2022-06-22,5,19
2022-06-22,6,78
2022-06-22,7,116
2022-06-22,8,127
2022-06-22,9,84
2022-06-22,10,97
2022-06-22,11,135
2022-06-22,12,118
2022-06-22,13,134
2022-06-22,14,98
2022-06-22,15,259
2022-06-22,16,230
2022-06-22,17,135
2022-06-22,18,82
2022-06-22,19,46
2022-06-22,20,48
2022-06-22,21,58
2022-06-22,22,32
2022-06-22,23,19
2022-06-23,0,6
2022-06-23,1,7
2022-06-23,2,11
2022-06-23,3,12
2022-06-23,4,18
2022-06-23,5,21
2022-06-23,6,54
2022-06-23,7,141
2022-06-23,8,109
2022-06-23,9,80
2022-06-23,10,95
2022-06-23,11,135
2022-06-23,12,119
2022-06-23,13,147
2022-06-23,14,203
2022-06-23,15,148
2022-06-23,16,260
2022-06-23,17,185
2022-06-23,18,130
2022-06-23,19,59
2022-06-23,20,122
2022-06-23,21,45
2022-06-23,22,49
2022-06-23,23,35
2022-06-24,0,13
2022-06-24,1,12
2022-06-24,2,4
2022-06-24,3,3
2022-06-24,4,5
2022-06-24,5,20
2022-06-24,6,45
2022-06-24,7,78
2022-06-24,8,152
2022-06-24,9,103
2022-06-24,10,125
2022-06-24,11,152
2022-06-24,12,213
2022-06-24,13,153
2022-06-24,14,171
2022-06-24,15,139
2022-06-24,16,219
2022-06-24,17,134
2022-06-24,18,115
2022-06-24,19,69
2022-06-24,20,61
2022-06-24,21,62
2022-06-24,22,51
2022-06-24,23,49
2022-06-25,0,40
2022-06-25,1,23
2022-06-25,2,18
2022-06-25,3,14
2022-06-25,4,11
2022-06-25,5,12
2022-06-25,6,18
2022-06-25,7,40
2022-06-25,8,41
2022-06-25,9,79
2022-06-25,10,125
2022-06-25,11,197
2022-06-25,12,322
2022-06-25,13,193
2022-06-25,14,183
2022-06-25,15,194
2022-06-25,16,258
2022-06-25,17,128
2022-06-25,18,124
2022-06-25,19,88
2022-06-25,20,60
2022-06-25,21,54
2022-06-25,22,63
2022-06-25,23,76
2022-06-26,0,33
2022-06-26,1,29
2022-06-26,2,16
2022-06-26,3,13
2022-06-26,4,12
2022-06-26,5,12
2022-06-26,6,20
2022-06-26,7,67
2022-06-26,8,37
2022-06-26,9,63
2022-06-26,10,95
2022-06-26,11,111
2022-06-26,12,160
2022-06-26,13,190
2022-06-26,14,229
2022-06-26,15,216
2022-06-26,16,157
2022-06-26,17,123
2022-06-26,18,87
2022-06-26,19,47
2022-06-26,20,37
2022-06-26,21,35
2022-06-26,22,32
2022-06-26,23,77
2022-06-27,0,20
2022-06-27,1,11
2022-06-27,2,11
2022-06-27,3,5
2022-06-27,4,6
2022-06-27,5,21
2022-06-27,6,48
2022-06-27,7,80
2022-06-27,8,105
2022-06-27,9,97
2022-06-27,10,92
2022-06-27,11,116
2022-06-27,12,203
2022-06-27,13,191
2022-06-27,14,136
2022-06-27,15,241
2022-06-27,16,324
2022-06-27,17,220
2022-06-27,18,66
2022-06-27,19,49
2022-06-27,20,32
2022-06-27,21,31
2022-06-27,22,35
2022-06-27,23,33
2022-06-28,0,7
2022-06-28,1,8
2022-06-28,2,7
2022-06-28,3,6
2022-06-28,4,8
2022-06-28,5,16
2022-06-28,6,46
2022-06-28,7,203
2022-06-28,8,146
2022-06-28,9,116
2022-06-28,10,104
2022-06-28,11,208
2022-06-28,12,197
2022-06-28,13,187
2022-06-28,14,317
2022-06-28,15,335
2022-06-28,16,276
2022-06-28,17,245
2022-06-28,18,163
2022-06-28,19,49
2022-06-28,20,41
2022-06-28,21,44
2022-06-28,22,31
2022-06-28,23,15
2022-06-29,0,21
2022-06-29,1,6
2022-06-29,2,6
2022-06-29,3,5
2022-06-29,4,6
2022-06-29,5,20
2022-06-29,6,45
2022-06-29,7,96
2022-06-29,8,64
2022-06-29,9,74
2022-06-29,10,75
2022-06-29,11,102
2022-06-29,12,133
2022-06-29,13,101
2022-06-29,14,247
2022-06-29,15,323
2022-06-29,16,268
2022-06-29,17,303
2022-06-29,18,137
2022-06-29,19,64
2022-06-29,20,51
2022-06-29,21,27
2022-06-29,22,38
2022-06-29,23,31
2022-06-30,0,19
2022-06-30,1,13
2022-06-30,2,7
2022-06-30,3,7
2022-06-30,4,8
2022-06-30,5,28
2022-06-30,6,60
2022-06-30,7,68
2022-06-30,8,61
2022-06-30,9,75
2022-06-30,10,157
2022-06-30,11,112
2022-06-30,12,113
2022-06-30,13,129
2022-06-30,14,162
2022-06-30,15,283
2022-06-30,16,310
2022-06-30,17,314
2022-06-30,18,177
2022-06-30,19,69
2022-06-30,20,44
2022-06-30,21,37
2022-06-30,22,39
2022-06-30,23,27
2022-07-01,0,11
2022-07-01,1,11
2022-07-01,2,4
2022-07-01,3,6
2022-07-01,4,10
2022-07-01,5,17
2022-07-01,6,44
2022-07-01,7,66
2022-07-01,8,69
2022-07-01,9,83
2022-07-01,10,79
2022-07-01,11,106
2022-07-01,12,312
2022-07-01,13,265
2022-07-01,14,336
2022-07-01,15,275
2022-07-01,16,252
2022-07-01,17,199
2022-07-01,18,170
2022-07-01,19,65
2022-07-01,20,53
2022-07-01,21,54
2022-07-01,22,58
2022-07-01,23,31
2022-07-02,0,33
2022-07-02,1,16
2022-07-02,2,13
2022-07-02,3,19
2022-07-02,4,5
2022-07-02,5,11
2022-07-02,6,16
2022-07-02,7,37
2022-07-02,8,50
2022-07-02,9,66
2022-07-02,10,75
2022-07-02,11,136
2022-07-02,12,196
2022-07-02,13,114
2022-07-02,14,168
2022-07-02,15,270
2022-07-02,16,164
2022-07-02,17,161
2022-07-02,18,81
2022-07-02,19,66
2022-07-02,20,47
2022-07-02,21,39
2022-07-02,22,58
2022-07-02,23,61
2022-07-03,0,33
2022-07-03,1,18
2022-07-03,2,26
2022-07-03,3,31
2022-07-03,4,14
2022-07-03,5,11
2022-07-03,6,21
2022-07-03,7,16
2022-07-03,8,21
2022-07-03,9,40
2022-07-03,10,80
2022-07-03,11,83
2022-07-03,12,102
2022-07-03,13,213
2022-07-03,14,183
2022-07-03,15,171
2022-07-03,16,169
2022-07-03,17,120
2022-07-03,18,61
2022-07-03,19,47
2022-07-03,20,34
2022-07-03,21,31
2022-07-03,22,30
2022-07-03,23,14
2022-07-04,0,10
2022-07-04,1,5
2022-07-04,2,12
2022-07-04,3,7
2022-07-04,4,6
2022-07-04,5,17
2022-07-04,6,37
2022-07-04,7,106
2022-07-04,8,60
2022-07-04,9,67
2022-07-04,10,63
2022-07-04,11,97
2022-07-04,12,103
2022-07-04,13,158
2022-07-04,14,119
2022-07-04,15,223
2022-07-04,16,287
2022-07-04,17,141
2022-07-04,18,88
2022-07-04,19,49
2022-07-04,20,36
2022-07-04,21,26
2022-07-04,22,25
2022-07-04,23,14
2022-07-05,0,14
2022-07-05,1,5
2022-07-05,2,2
2022-07-05,3,6
2022-07-05,4,7
2022-07-05,5,15
2022-07-05,6,49
2022-07-05,7,68
2022-07-05,8,67
2022-07-05,9,93
2022-07-05,10,75
2022-07-05,11,96
2022-07-05,12,96
2022-07-05,13,115
2022-07-05,14,100
2022-07-05,15,291
2022-07-05,16,295
2022-07-05,17,171
2022-07-05,18,64
2022-07-05,19,50
2022-07-05,20,29
2022-07-05,21,29
2022-07-05,22,31
2022-07-05,23,21
2022-07-06,0,11
2022-07-06,1,10
2022-07-06,2,4
2022-07-06,3,4
2022-07-06,4,3
2022-07-06,5,21
2022-07-06,6,52
2022-07-06,7,63
2022-07-06,8,84
2022-07-06,9,97
2022-07-06,10,76
2022-07-06,11,114
2022-07-06,12,171
2022-07-06,13,93
2022-07-06,14,128
2022-07-06,15,192
2022-07-06,16,148
2022-07-06,17,279
2022-07-06,18,81
2022-07-06,19,52
2022-07-06,20,32
2022-07-06,21,33
2022-07-06,22,36
2022-07-06,23,16
2022-07-07,0,9
2022-07-07,1,3
2022-07-07,2,9
2022-07-07,3,6
2022-07-07,4,12
2022-07-07,5,16
2022-07-07,6,49
2022-07-07,7,52
2022-07-07,8,69
2022-07-07,9,78
2022-07-07,10,84
2022-07-07,11,113
2022-07-07,12,188
2022-07-07,13,110
2022-07-07,14,120
2022-07-07,15,164
2022-07-07,16,285
2022-07-07,17,275
2022-07-07,18,99
2022-07-07,19,66
2022-07-07,20,41
2022-07-07,21,50
2022-07-07,22,41
2022-07-07,23,26
2022-07-08,0,15
2022-07-08,1,11
2022-07-08,2,11
2022-07-08,3,9
2022-07-08,4,7
2022-07-08,5,9
2022-07-08,6,43
2022-07-08,7,65
2022-07-08,8,81
2022-07-08,9,88
2022-07-08,10,119
2022-07-08,11,181
2022-07-08,12,258
2022-07-08,13,225
2022-07-08,14,200
2022-07-08,15,263
2022-07-08,16,203
2022-07-08,17,120
2022-07-08,18,100
2022-07-08,19,76
2022-07-08,20,84
2022-07-08,21,117
2022-07-08,22,206
2022-07-08,23,200
2022-07-09,0,42
2022-07-09,1,26
2022-07-09,2,14
2022-07-09,3,15
2022-07-09,4,9
2022-07-09,5,16
2022-07-09,6,47
2022-07-09,7,26
2022-07-09,8,47
2022-07-09,9,58
2022-07-09,10,114
2022-07-09,11,132
2022-07-09,12,136
2022-07-09,13,311
2022-07-09,14,217
2022-07-09,15,176
2022-07-09,16,138
2022-07-09,17,104
2022-07-09,18,65
2022-07-09,19,84
2022-07-09,20,90
2022-07-09,21,91
2022-07-09,22,134
2022-07-09,23,65
2022-07-10,0,25
2022-07-10,1,28
2022-07-10,2,18
2022-07-10,3,15
2022-07-10,4,6
2022-07-10,5,10
2022-07-10,6,15
2022-07-10,7,16
2022-07-10,8,26
2022-07-10,9,41
2022-07-10,10,70
2022-07-10,11,119
2022-07-10,12,180
2022-07-10,13,141
2022-07-10,14,156
2022-07-10,15,113
2022-07-10,16,106
2022-07-10,17,83
2022-07-10,18,66
2022-07-10,19,49
2022-07-10,20,49
2022-07-10,21,91
2022-07-10,22,188
2022-07-10,23,172
2022-07-11,0,33
2022-07-11,1,16
2022-07-11,2,14
2022-07-11,3,6
2022-07-11,4,8
2022-07-11,5,86
2022-07-11,6,51
2022-07-11,7,109
2022-07-11,8,63
2022-07-11,9,74
2022-07-11,10,67
2022-07-11,11,112
2022-07-11,12,90
2022-07-11,13,95
2022-07-11,14,96
2022-07-11,15,119
2022-07-11,16,111
2022-07-11,17,92
2022-07-11,18,56
2022-07-11,19,43
2022-07-11,20,20
2022-07-11,21,27
2022-07-11,22,18
2022-07-11,23,8
2022-07-12,0,13
2022-07-12,1,12
2022-07-12,2,4
2022-07-12,3,7
2022-07-12,4,8
2022-07-12,5,22
2022-07-12,6,58
2022-07-12,7,75
2022-07-12,8,76
2022-07-12,9,75
2022-07-12,10,89
2022-07-12,11,89
2022-07-12,12,73
2022-07-12,13,104
2022-07-12,14,123
2022-07-12,15,86
2022-07-12,16,120
2022-07-12,17,100
2022-07-12,18,76
2022-07-12,19,65
2022-07-12,20,47
2022-07-12,21,44
2022-07-12,22,27
2022-07-12,23,16
2022-07-13,0,9
2022-07-13,1,6
2022-07-13,2,1
2022-07-13,3,3
2022-07-13,4,9
2022-07-13,5,15
2022-07-13,6,55
2022-07-13,7,71
2022-07-13,8,68
2022-07-13,9,53
2022-07-13,10,96
2022-07-13,11,103
2022-07-13,12,213
2022-07-13,13,103
2022-07-13,14,130
2022-07-13,15,137
2022-07-13,16,194
2022-07-13,17,101
2022-07-13,18,88
2022-07-13,19,54
2022-07-13,20,33
2022-07-13,21,30
2022-07-13,22,35
2022-07-13,23,24
2022-07-14,0,11
2022-07-14,1,7
2022-07-14,2,6
2022-07-14,3,9
2022-07-14,4,2
2022-07-14,5,9
2022-07-14,6,50
2022-07-14,7,68
2022-07-14,8,55
2022-07-14,9,86
2022-07-14,10,92
2022-07-14,11,103
2022-07-14,12,94
2022-07-14,13,108
2022-07-14,14,115
2022-07-14,15,101
2022-07-14,16,202
2022-07-14,17,126
2022-07-14,18,108
2022-07-14,19,65
2022-07-14,20,49
2022-07-14,21,47
2022-07-14,22,31
2022-07-14,23,21
2022-07-15,0,13
2022-07-15,1,12
2022-07-15,2,8
2022-07-15,3,9
2022-07-15,4,6
2022-07-15,5,19
2022-07-15,6,45
2022-07-15,7,58
2022-07-15,8,80
2022-07-15,9,82
2022-07-15,10,92
2022-07-15,11,107
2022-07-15,12,94
2022-07-15,13,133
2022-07-15,14,145
2022-07-15,15,135
2022-07-15,16,153
2022-07-15,17,118
2022-07-15,18,77
2022-07-15,19,53
2022-07-15,20,34
2022-07-15,21,59
2022-07-15,22,44
2022-07-15,23,46
2022-07-16,0,23
2022-07-16,1,20
2022-07-16,2,16
2022-07-16,3,16
2022-07-16,4,13
2022-07-16,5,9
2022-07-16,6,19
2022-07-16,7,37
2022-07-16,8,52
2022-07-16,9,66
2022-07-16,10,101
2022-07-16,11,68
2022-07-16,12,130
2022-07-16,13,150
2022-07-16,14,182
2022-07-16,15,164
2022-07-16,16,134
2022-07-16,17,133
2022-07-16,18,86
2022-07-16,19,60
2022-07-16,20,49
2022-07-16,21,49
2022-07-16,22,52
2022-07-16,23,62
2022-07-17,0,27
2022-07-17,1,32
2022-07-17,2,28
2022-07-17,3,17
2022-07-17,4,11
2022-07-17,5,8
2022-07-17,6,11
2022-07-17,7,25
2022-07-17,8,26
2022-07-17,9,36
2022-07-17,10,60
2022-07-17,11,77
2022-07-17,12,102
2022-07-17,13,138
2022-07-17,14,128
2022-07-17,15,126
2022-07-17,16,171
2022-07-17,17,107
2022-07-17,18,63
2022-07-17,19,55
2022-07-17,20,36
2022-07-17,21,35
2022-07-17,22,55
2022-07-17,23,38
2022-07-18,0,26
2022-07-18,1,6
2022-07-18,2,5
2022-07-18,3,3
2022-07-18,4,4
2022-07-18,5,13
2022-07-18,6,41
2022-07-18,7,77
2022-07-18,8,68
2022-07-18,9,65
2022-07-18,10,93
2022-07-18,11,79
2022-07-18,12,75
2022-07-18,13,129
2022-07-18,14,110
2022-07-18,15,131
2022-07-18,16,115
2022-07-18,17,83
2022-07-18,18,63
2022-07-18,19,44
2022-07-18,20,49
2022-07-18,21,32
2022-07-18,22,26
2022-07-18,23,14
2022-07-19,0,9
2022-07-19,1,4
2022-07-19,2,7
2022-07-19,3,5
2022-07-19,4,2
2022-07-19,5,21
2022-07-19,6,61
2022-07-19,7,72
2022-07-19,8,156
2022-07-19,9,86
2022-07-19,10,115
2022-07-19,11,96
2022-07-19,12,90
2022-07-19,13,112
2022-07-19,14,108
2022-07-19,15,155
2022-07-19,16,154
2022-07-19,17,124
2022-07-19,18,70
2022-07-19,19,64
2022-07-19,20,35
2022-07-19,21,35
2022-07-19,22,33
2022-07-19,23,23
2022-07-20,0,11
2022-07-20,1,9
2022-07-20,2,6
2022-07-20,3,8
2022-07-20,4,6
2022-07-20,5,19
2022-07-20,6,62
2022-07-20,7,92
2022-07-20,8,149
2022-07-20,9,80
2022-07-20,10,95
2022-07-20,11,109
2022-07-20,12,116
2022-07-20,13,154
2022-07-20,14,151
2022-07-20,15,127
2022-07-20,16,204
2022-07-20,17,103
2022-07-20,18,78
2022-07-20,19,44
2022-07-20,20,44
2022-07-20,21,41
2022-07-20,22,38
2022-07-20,23,25
2022-07-21,0,12
2022-07-21,1,8
2022-07-21,2,9
2022-07-21,3,12
2022-07-21,4,7
2022-07-21,5,15
2022-07-21,6,46
2022-07-21,7,81
2022-07-21,8,95
2022-07-21,9,77
2022-07-21,10,98
2022-07-21,11,103
2022-07-21,12,119
2022-07-21,13,133
2022-07-21,14,147
2022-07-21,15,142
2022-07-21,16,138
2022-07-21,17,134
2022-07-21,18,76
2022-07-21,19,64
2022-07-21,20,42
2022-07-21,21,43
2022-07-21,22,13
2022-07-21,23,22
2022-07-22,0,14
2022-07-22,1,9
2022-07-22,2,6
2022-07-22,3,6
2022-07-22,4,8
2022-07-22,5,23
2022-07-22,6,47
2022-07-22,7,102
2022-07-22,8,70
2022-07-22,9,77
2022-07-22,10,100
2022-07-22,11,105
2022-07-22,12,129
2022-07-22,13,138
2022-07-22,14,141
2022-07-22,15,135
2022-07-22,16,173
2022-07-22,17,159
2022-07-22,18,173
2022-07-22,19,51
2022-07-22,20,52
2022-07-22,21,56
2022-07-22,22,39
2022-07-22,23,30
2022-07-23,0,32
2022-07-23,1,18
2022-07-23,2,22
2022-07-23,3,12
2022-07-23,4,4
2022-07-23,5,16
2022-07-23,6,63
2022-07-23,7,30
2022-07-23,8,56
2022-07-23,9,73
2022-07-23,10,108
2022-07-23,11,130
2022-07-23,12,141
2022-07-23,13,194
2022-07-23,14,148
2022-07-23,15,133
2022-07-23,16,238
2022-07-23,17,130
2022-07-23,18,95
2022-07-23,19,60
2022-07-23,20,62
2022-07-23,21,42
2022-07-23,22,52
2022-07-23,23,37
2022-07-24,0,33
2022-07-24,1,21
2022-07-24,2,20
2022-07-24,3,15
2022-07-24,4,8
2022-07-24,5,12
2022-07-24,6,14
2022-07-24,7,24
2022-07-24,8,26
2022-07-24,9,42
2022-07-24,10,80
2022-07-24,11,78
2022-07-24,12,116
2022-07-24,13,120
2022-07-24,14,136
2022-07-24,15,125
2022-07-24,16,137
2022-07-24,17,112
2022-07-24,18,77
2022-07-24,19,43
2022-07-24,20,33
2022-07-24,21,26
2022-07-24,22,31
2022-07-24,23,25
2022-07-25,0,14
2022-07-25,1,8
2022-07-25,2,7
2022-07-25,3,6
2022-07-25,4,8
2022-07-25,5,19
2022-07-25,6,48
2022-07-25,7,76
2022-07-25,8,66
2022-07-25,9,83
2022-07-25,10,85
2022-07-25,11,115
2022-07-25,12,128
2022-07-25,13,111
2022-07-25,14,122
2022-07-25,15,168
2022-07-25,16,151
2022-07-25,17,91
2022-07-25,18,51
2022-07-25,19,43
2022-07-25,20,42
2022-07-25,21,32
2022-07-25,22,29
2022-07-25,23,16
2022-07-26,0,13
2022-07-26,1,7
2022-07-26,2,8
2022-07-26,3,5
2022-07-26,4,3
2022-07-26,5,13
2022-07-26,6,40
2022-07-26,7,68
2022-07-26,8,100
2022-07-26,9,85
2022-07-26,10,116
2022-07-26,11,105
2022-07-26,12,130
2022-07-26,13,136
2022-07-26,14,137
2022-07-26,15,146
2022-07-26,16,170
2022-07-26,17,136
2022-07-26,18,83
2022-07-26,19,66
2022-07-26,20,38
2022-07-26,21,39
2022-07-26,22,28
2022-07-26,23,20
2022-07-27,0,17
2022-07-27,1,8
2022-07-27,2,6
2022-07-27,3,6
2022-07-27,4,4
2022-07-27,5,19
2022-07-27,6,40
2022-07-27,7,90
2022-07-27,8,108
2022-07-27,9,134
2022-07-27,10,94
2022-07-27,11,111
2022-07-27,12,107
2022-07-27,13,128
2022-07-27,14,152
2022-07-27,15,258
2022-07-27,16,185
2022-07-27,17,136
2022-07-27,18,91
2022-07-27,19,54
2022-07-27,20,41
2022-07-27,21,36
2022-07-27,22,21
2022-07-27,23,21
2022-07-28,0,8
2022-07-28,1,4
2022-07-28,2,3
2022-07-28,3,8
2022-07-28,4,4
2022-07-28,5,22
2022-07-28,6,43
2022-07-28,7,84
2022-07-28,8,85
2022-07-28,9,82
2022-07-28,10,80
2022-07-28,11,130
2022-07-28,12,126
2022-07-28,13,169
2022-07-28,14,133
2022-07-28,15,149
2022-07-28,16,350
2022-07-28,17,249
2022-07-28,18,103
2022-07-28,19,88
2022-07-28,20,55
2022-07-28,21,37
2022-07-28,22,43
2022-07-28,23,36
2022-07-29,0,15
2022-07-29,1,18
2022-07-29,2,12
2022-07-29,3,11
2022-07-29,4,8
2022-07-29,5,19
2022-07-29,6,44
2022-07-29,7,70
2022-07-29,8,61
2022-07-29,9,76
2022-07-29,10,107
2022-07-29,11,171
2022-07-29,12,112
2022-07-29,13,158
2022-07-29,14,148
2022-07-29,15,150
2022-07-29,16,154
2022-07-29,17,149
2022-07-29,18,93
2022-07-29,19,71
2022-07-29,20,59
2022-07-29,21,53
2022-07-29,22,51
2022-07-29,23,45
2022-07-30,0,27
2022-07-30,1,17
2022-07-30,2,10
2022-07-30,3,21
2022-07-30,4,4
2022-07-30,5,13
2022-07-30,6,32
2022-07-30,7,28
2022-07-30,8,68
2022-07-30,9,83
2022-07-30,10,105
2022-07-30,11,130
2022-07-30,12,122
2022-07-30,13,127
2022-07-30,14,166
2022-07-30,15,189
2022-07-30,16,183
2022-07-30,17,134
2022-07-30,18,101
2022-07-30,19,97
2022-07-30,20,66
2022-07-30,21,61
2022-07-30,22,58
2022-07-30,23,45
2022-07-31,0,33
2022-07-31,1,22
2022-07-31,2,23
2022-07-31,3,25
2022-07-31,4,12
2022-07-31,5,10
2022-07-31,6,15
2022-07-31,7,34
2022-07-31,8,34
2022-07-31,9,57
2022-07-31,10,88
2022-07-31,11,125
2022-07-31,12,118
2022-07-31,13,134
2022-07-31,14,164
2022-07-31,15,153
2022-07-31,16,141
2022-07-31,17,133
2022-07-31,18,323
2022-07-31,19,79
2022-07-31,20,55
2022-07-31,21,35
2022-07-31,22,41
2022-07-31,23,21
2022-08-01,0,11
2022-08-01,1,8
2022-08-01,2,7
2022-08-01,3,16
2022-08-01,4,7
2022-08-01,5,19
2022-08-01,6,47
2022-08-01,7,105
2022-08-01,8,78
2022-08-01,9,65
2022-08-01,10,92
2022-08-01,11,96
2022-08-01,12,101
2022-08-01,13,121
2022-08-01,14,106
2022-08-01,15,146
2022-08-01,16,183
2022-08-01,17,133
2022-08-01,18,62
2022-08-01,19,46
2022-08-01,20,48
2022-08-01,21,28
2022-08-01,22,18
2022-08-01,23,14
2022-08-02,0,9
2022-08-02,1,4
2022-08-02,2,2
2022-08-02,3,8
2022-08-02,4,6
2022-08-02,5,24
2022-08-02,6,60
2022-08-02,7,103
2022-08-02,8,95
2022-08-02,9,82
2022-08-02,10,98
2022-08-02,11,107
2022-08-02,12,122
2022-08-02,13,110
2022-08-02,14,137
2022-08-02,15,239
2022-08-02,16,248
2022-08-02,17,136
2022-08-02,18,74
2022-08-02,19,36
2022-08-02,20,42
2022-08-02,21,42
2022-08-02,22,28
2022-08-02,23,19
2022-08-03,0,16
2022-08-03,1,8
2022-08-03,2,4
2022-08-03,3,4
2022-08-03,4,3
2022-08-03,5,23
2022-08-03,6,50
2022-08-03,7,80
2022-08-03,8,79
2022-08-03,9,84
2022-08-03,10,99
2022-08-03,11,101
2022-08-03,12,139
2022-08-03,13,119
2022-08-03,14,151
2022-08-03,15,180
2022-08-03,16,291
2022-08-03,17,147
2022-08-03,18,88
2022-08-03,19,62
2022-08-03,20,47
2022-08-03,21,51
2022-08-03,22,30
2022-08-03,23,15
2022-08-04,0,10
2022-08-04,1,8
2022-08-04,2,13
2022-08-04,3,13
2022-08-04,4,8
2022-08-04,5,22
2022-08-04,6,147
2022-08-04,7,103
2022-08-04,8,87
2022-08-04,9,85
2022-08-04,10,100
2022-08-04,11,97
2022-08-04,12,144
2022-08-04,13,125
2022-08-04,14,140
2022-08-04,15,154
2022-08-04,16,243
2022-08-04,17,183
2022-08-04,18,93
2022-08-04,19,68
2022-08-04,20,54
2022-08-04,21,41
2022-08-04,22,38
2022-08-04,23,27
2022-08-05,0,16
2022-08-05,1,8
2022-08-05,2,7
2022-08-05,3,29
2022-08-05,4,5
2022-08-05,5,29
2022-08-05,6,40
2022-08-05,7,83
2022-08-05,8,82
2022-08-05,9,85
2022-08-05,10,99
2022-08-05,11,118
2022-08-05,12,133
2022-08-05,13,166
2022-08-05,14,136
2022-08-05,15,194
2022-08-05,16,220
2022-08-05,17,133
2022-08-05,18,108
2022-08-05,19,70
2022-08-05,20,58
2022-08-05,21,34
2022-08-05,22,122
2022-08-05,23,38
2022-08-06,0,26
2022-08-06,1,22
2022-08-06,2,21
2022-08-06,3,21
2022-08-06,4,12
2022-08-06,5,16
2022-08-06,6,117
2022-08-06,7,42
2022-08-06,8,66
2022-08-06,9,77
2022-08-06,10,100
2022-08-06,11,133
2022-08-06,12,161
2022-08-06,13,292
2022-08-06,14,153
2022-08-06,15,143
2022-08-06,16,129
2022-08-06,17,152
2022-08-06,18,206
2022-08-06,19,78
2022-08-06,20,51
2022-08-06,21,49
2022-08-06,22,50
2022-08-06,23,41
2022-08-07,0,39
2022-08-07,1,17
2022-08-07,2,20
2022-08-07,3,27
2022-08-07,4,11
2022-08-07,5,10
2022-08-07,6,17
2022-08-07,7,35
2022-08-07,8,26
2022-08-07,9,40
2022-08-07,10,92
2022-08-07,11,111
2022-08-07,12,189
2022-08-07,13,237
2022-08-07,14,145
2022-08-07,15,124
2022-08-07,16,133
2022-08-07,17,99
2022-08-07,18,72
2022-08-07,19,43
2022-08-07,20,38
2022-08-07,21,27
2022-08-07,22,28
2022-08-07,23,13
2022-08-08,0,15
2022-08-08,1,5
2022-08-08,2,2
2022-08-08,3,4
2022-08-08,4,1
2022-08-08,5,17
2022-08-08,6,36
2022-08-08,7,83
2022-08-08,8,81
2022-08-08,9,76
2022-08-08,10,88
2022-08-08,11,96
2022-08-08,12,132
2022-08-08,13,110
2022-08-08,14,100
2022-08-08,15,212
2022-08-08,16,209
2022-08-08,17,103
2022-08-08,18,69
2022-08-08,19,41
2022-08-08,20,45
2022-08-08,21,35
2022-08-08,22,29
2022-08-08,23,15
2022-08-09,0,19
2022-08-09,1,4
2022-08-09,2,5
2022-08-09,3,4
2022-08-09,4,4
2022-08-09,5,28
2022-08-09,6,53
2022-08-09,7,70
2022-08-09,8,98
2022-08-09,9,93
2022-08-09,10,116
2022-08-09,11,137
2022-08-09,12,116
2022-08-09,13,174
2022-08-09,14,160
2022-08-09,15,177
2022-08-09,16,289
2022-08-09,17,320
2022-08-09,18,146
2022-08-09,19,49
2022-08-09,20,50
2022-08-09,21,31
2022-08-09,22,30
2022-08-09,23,14
2022-08-10,0,10
2022-08-10,1,8
2022-08-10,2,4
2022-08-10,3,6
2022-08-10,4,8
2022-08-10,5,23
2022-08-10,6,43
2022-08-10,7,110
2022-08-10,8,109
2022-08-10,9,76
2022-08-10,10,96
2022-08-10,11,116
2022-08-10,12,155
2022-08-10,13,126
2022-08-10,14,194
2022-08-10,15,144
2022-08-10,16,157
2022-08-10,17,185
2022-08-10,18,88
2022-08-10,19,65
2022-08-10,20,58
2022-08-10,21,41
2022-08-10,22,38
2022-08-10,23,27
2022-08-11,0,17
2022-08-11,1,7
2022-08-11,2,12
2022-08-11,3,15
2022-08-11,4,8
2022-08-11,5,22
2022-08-11,6,49
2022-08-11,7,87
2022-08-11,8,110
2022-08-11,9,68
2022-08-11,10,138
2022-08-11,11,114
2022-08-11,12,110
2022-08-11,13,139
2022-08-11,14,168
2022-08-11,15,165
2022-08-11,16,198
2022-08-11,17,129
2022-08-11,18,89
2022-08-11,19,70
2022-08-11,20,55
2022-08-11,21,40
2022-08-11,22,41
2022-08-11,23,34
2022-08-12,0,21
2022-08-12,1,12
2022-08-12,2,7
2022-08-12,3,8
2022-08-12,4,6
2022-08-12,5,18
2022-08-12,6,55
2022-08-12,7,76
2022-08-12,8,93
2022-08-12,9,88
2022-08-12,10,186
2022-08-12,11,139
2022-08-12,12,175
2022-08-12,13,334
2022-08-12,14,276
2022-08-12,15,222
2022-08-12,16,188
2022-08-12,17,146
2022-08-12,18,87
2022-08-12,19,71
2022-08-12,20,74
2022-08-12,21,51
2022-08-12,22,60
2022-08-12,23,42
2022-08-13,0,32
2022-08-13,1,24
2022-08-13,2,67
2022-08-13,3,10
2022-08-13,4,16
2022-08-13,5,13
2022-08-13,6,51
2022-08-13,7,24
2022-08-13,8,65
2022-08-13,9,90
2022-08-13,10,114
2022-08-13,11,145
2022-08-13,12,191
2022-08-13,13,352
2022-08-13,14,174
2022-08-13,15,146
2022-08-13,16,146
2022-08-13,17,109
2022-08-13,18,90
2022-08-13,19,105
2022-08-13,20,75
2022-08-13,21,55
2022-08-13,22,71
2022-08-13,23,65
2022-08-14,0,33
2022-08-14,1,29
2022-08-14,2,27
2022-08-14,3,27
2022-08-14,4,6
2022-08-14,5,16
2022-08-14,6,24
2022-08-14,7,26
2022-08-14,8,24
2022-08-14,9,62
2022-08-14,10,81
2022-08-14,11,119
2022-08-14,12,113
2022-08-14,13,189
2022-08-14,14,166
2022-08-14,15,168
2022-08-14,16,147
2022-08-14,17,115
2022-08-14,18,93
2022-08-14,19,53
2022-08-14,20,31
2022-08-14,21,37
2022-08-14,22,29
2022-08-14,23,20
2022-08-15,0,14
2022-08-15,1,12
2022-08-15,2,0
2022-08-15,3,0
2022-08-15,4,1
2022-08-15,5,23
2022-08-15,6,56
2022-08-15,7,105
2022-08-15,8,103
2022-08-15,9,79
2022-08-15,10,92
2022-08-15,11,113
2022-08-15,12,142
2022-08-15,13,152
2022-08-15,14,132
2022-08-15,15,159
2022-08-15,16,318
2022-08-15,17,194
2022-08-15,18,66
2022-08-15,19,53
2022-08-15,20,43
2022-08-15,21,23
2022-08-15,22,23
2022-08-15,23,22
2022-08-16,0,10
2022-08-16,1,5
2022-08-16,2,3
2022-08-16,3,5
2022-08-16,4,6
2022-08-16,5,27
2022-08-16,6,61
2022-08-16,7,90
2022-08-16,8,102
2022-08-16,9,90
2022-08-16,10,121
2022-08-16,11,110
2022-08-16,12,120
2022-08-16,13,170
2022-08-16,14,132
2022-08-16,15,212
2022-08-16,16,299
2022-08-16,17,281
2022-08-16,18,136
2022-08-16,19,62
2022-08-16,20,45
2022-08-16,21,35
2022-08-16,22,27
2022-08-16,23,18
2022-08-17,0,3
2022-08-17,1,7
2022-08-17,2,7
2022-08-17,3,2
2022-08-17,4,6
2022-08-17,5,23
2022-08-17,6,55
2022-08-17,7,118
2022-08-17,8,91
2022-08-17,9,82
2022-08-17,10,105
2022-08-17,11,105
2022-08-17,12,111
2022-08-17,13,140
2022-08-17,14,137
2022-08-17,15,208
2022-08-17,16,301
2022-08-17,17,135
2022-08-17,18,76
2022-08-17,19,49
2022-08-17,20,40
2022-08-17,21,41
2022-08-17,22,31
2022-08-17,23,16
2022-08-18,0,17
2022-08-18,1,7
2022-08-18,2,10
2022-08-18,3,9
2022-08-18,4,10
2022-08-18,5,26
2022-08-18,6,72
2022-08-18,7,98
2022-08-18,8,108
2022-08-18,9,90
2022-08-18,10,105
2022-08-18,11,112
2022-08-18,12,113
2022-08-18,13,129
2022-08-18,14,136
2022-08-18,15,169
2022-08-18,16,199
2022-08-18,17,154
2022-08-18,18,125
2022-08-18,19,81
2022-08-18,20,69
2022-08-18,21,49
2022-08-18,22,38
2022-08-18,23,14
2022-08-19,0,10
2022-08-19,1,5
2022-08-19,2,7
2022-08-19,3,4
2022-08-19,4,6
2022-08-19,5,22
2022-08-19,6,63
2022-08-19,7,200
2022-08-19,8,228
2022-08-19,9,81
2022-08-19,10,104
2022-08-19,11,141
2022-08-19,12,201
2022-08-19,13,233
2022-08-19,14,174
2022-08-19,15,126
2022-08-19,16,140
2022-08-19,17,99
2022-08-19,18,84
2022-08-19,19,43
2022-08-19,20,42
2022-08-19,21,58
2022-08-19,22,46
2022-08-19,23,41
2022-08-20,0,24
2022-08-20,1,12
2022-08-20,2,14
2022-08-20,3,16
2022-08-20,4,6
2022-08-20,5,24
2022-08-20,6,62
2022-08-20,7,30
2022-08-20,8,49
2022-08-20,9,69
2022-08-20,10,102
2022-08-20,11,121
2022-08-20,12,127
2022-08-20,13,133
2022-08-20,14,256
2022-08-20,15,168
2022-08-20,16,166
2022-08-20,17,122
2022-08-20,18,103
2022-08-20,19,70
2022-08-20,20,54
2022-08-20,21,69
2022-08-20,22,136
2022-08-20,23,50
2022-08-21,0,34
2022-08-21,1,16
2022-08-21,2,21
2022-08-21,3,9
2022-08-21,4,13
2022-08-21,5,14
2022-08-21,6,17
2022-08-21,7,19
2022-08-21,8,25
2022-08-21,9,49
2022-08-21,10,74
2022-08-21,11,98
2022-08-21,12,162
2022-08-21,13,218
2022-08-21,14,168
2022-08-21,15,200
2022-08-21,16,246
2022-08-21,17,167
2022-08-21,18,76
2022-08-21,19,31
2022-08-21,20,42
2022-08-21,21,32
2022-08-21,22,31
2022-08-21,23,18
2022-08-22,0,16
2022-08-22,1,7
2022-08-22,2,5
2022-08-22,3,8
2022-08-22,4,8
2022-08-22,5,18
2022-08-22,6,50
2022-08-22,7,222
2022-08-22,8,298
2022-08-22,9,81
2022-08-22,10,112
2022-08-22,11,139
2022-08-22,12,139
2022-08-22,13,140
2022-08-22,14,151
2022-08-22,15,226
2022-08-22,16,265
2022-08-22,17,271
2022-08-22,18,78
2022-08-22,19,49
2022-08-22,20,37
2022-08-22,21,38
2022-08-22,22,23
2022-08-22,23,19
2022-08-23,0,10
2022-08-23,1,7
2022-08-23,2,4
2022-08-23,3,6
2022-08-23,4,5
2022-08-23,5,20
2022-08-23,6,58
2022-08-23,7,171
2022-08-23,8,284
2022-08-23,9,109
2022-08-23,10,108
2022-08-23,11,115
2022-08-23,12,110
2022-08-23,13,142
2022-08-23,14,157
2022-08-23,15,327
2022-08-23,16,223
2022-08-23,17,139
2022-08-23,18,79
2022-08-23,19,74
2022-08-23,20,62
2022-08-23,21,25
2022-08-23,22,33
2022-08-23,23,100
2022-08-24,0,14
2022-08-24,1,8
2022-08-24,2,6
2022-08-24,3,3
2022-08-24,4,8
2022-08-24,5,23
2022-08-24,6,71
2022-08-24,7,237
2022-08-24,8,223
2022-08-24,9,98
2022-08-24,10,93
2022-08-24,11,126
2022-08-24,12,155
2022-08-24,13,115
2022-08-24,14,180
2022-08-24,15,254
2022-08-24,16,280
2022-08-24,17,164
2022-08-24,18,120
2022-08-24,19,70
2022-08-24,20,49
2022-08-24,21,53
2022-08-24,22,36
2022-08-24,23,27
2022-08-25,0,21
2022-08-25,1,8
2022-08-25,2,22
2022-08-25,3,8
2022-08-25,4,8
2022-08-25,5,41
2022-08-25,6,54
2022-08-25,7,117
2022-08-25,8,88
2022-08-25,9,82
2022-08-25,10,86
2022-08-25,11,113
2022-08-25,12,166
2022-08-25,13,124
2022-08-25,14,133
2022-08-25,15,180
2022-08-25,16,202
2022-08-25,17,182
2022-08-25,18,115
2022-08-25,19,67
2022-08-25,20,57
2022-08-25,21,52
2022-08-25,22,44
2022-08-25,23,39
2022-08-26,0,12
2022-08-26,1,12
2022-08-26,2,8
2022-08-26,3,8
2022-08-26,4,8
2022-08-26,5,30
2022-08-26,6,160
2022-08-26,7,85
2022-08-26,8,145
2022-08-26,9,71
2022-08-26,10,119
2022-08-26,11,171
2022-08-26,12,177
2022-08-26,13,176
2022-08-26,14,162
2022-08-26,15,165
2022-08-26,16,159
2022-08-26,17,171
2022-08-26,18,184
2022-08-26,19,62
2022-08-26,20,162
2022-08-26,21,48
2022-08-26,22,90
2022-08-26,23,44
2022-08-27,0,31
2022-08-27,1,17
2022-08-27,2,16
2022-08-27,3,26
2022-08-27,4,4
2022-08-27,5,13
2022-08-27,6,56
2022-08-27,7,86
2022-08-27,8,48
2022-08-27,9,85
2022-08-27,10,101
2022-08-27,11,167
2022-08-27,12,122
2022-08-27,13,251
2022-08-27,14,166
2022-08-27,15,184
2022-08-27,16,198
2022-08-27,17,143
2022-08-27,18,161
2022-08-27,19,75
2022-08-27,20,48
2022-08-27,21,105
2022-08-27,22,79
2022-08-27,23,40
2022-08-28,0,80
2022-08-28,1,16
2022-08-28,2,16
2022-08-28,3,17
2022-08-28,4,4
2022-08-28,5,4
2022-08-28,6,21
2022-08-28,7,26
2022-08-28,8,26
2022-08-28,9,110
2022-08-28,10,84
2022-08-28,11,173
2022-08-28,12,141
2022-08-28,13,207
2022-08-28,14,141
2022-08-28,15,170
2022-08-28,16,235
2022-08-28,17,127
2022-08-28,18,69
2022-08-28,19,76
2022-08-28,20,38
2022-08-28,21,26
2022-08-28,22,44
2022-08-28,23,29
2022-08-29,0,16
2022-08-29,1,0
2022-08-29,2,0
2022-08-29,3,0
2022-08-29,4,0
2022-08-29,5,16
2022-08-29,6,44
2022-08-29,7,106
2022-08-29,8,85
2022-08-29,9,64
2022-08-29,10,81
2022-08-29,11,120
2022-08-29,12,177
2022-08-29,13,137
2022-08-29,14,120
2022-08-29,15,187
2022-08-29,16,200
2022-08-29,17,114
2022-08-29,18,62
2022-08-29,19,48
2022-08-29,20,31
2022-08-29,21,80
2022-08-29,22,125
2022-08-29,23,13
2022-08-30,0,0
2022-08-30,1,0
2022-08-30,2,147
2022-08-30,3,281
2022-08-30,4,86
2022-08-30,5,21
2022-08-30,6,175
2022-08-30,7,147
2022-08-30,8,102
2022-08-30,9,87
2022-08-30,10,257
2022-08-30,11,113
2022-08-30,12,102
2022-08-30,13,136
2022-08-30,14,128
2022-08-30,15,202
2022-08-30,16,204
2022-08-30,17,150
2022-08-30,18,66
2022-08-30,19,44
2022-08-30,20,31
2022-08-30,21,26
2022-08-30,22,21
2022-08-30,23,12
2022-08-31,0,22
2022-08-31,1,0
2022-08-31,2,0
2022-08-31,3,0
2022-08-31,4,0
2022-08-31,5,12
2022-08-31,6,44
2022-08-31,7,114
2022-08-31,8,128
2022-08-31,9,147
2022-08-31,10,176
2022-08-31,11,288
2022-08-31,12,181
2022-08-31,13,109
2022-08-31,14,172
2022-08-31,15,227
2022-08-31,16,262
2022-08-31,17,163
2022-08-31,18,101
2022-08-31,19,63
2022-08-31,20,53
2022-08-31,21,58
2022-08-31,22,61
2022-08-31,23,27
2022-09-01,0,25
2022-09-01,1,12
2022-09-01,2,4
2022-09-01,3,12
2022-09-01,4,8
2022-09-01,5,21
2022-09-01,6,125
2022-09-01,7,92
2022-09-01,8,139
2022-09-01,9,88
2022-09-01,10,88
2022-09-01,11,128
2022-09-01,12,158
2022-09-01,13,136
2022-09-01,14,141
2022-09-01,15,189
2022-09-01,16,220
2022-09-01,17,204
2022-09-01,18,128
2022-09-01,19,70
2022-09-01,20,66
2022-09-01,21,69
2022-09-01,22,41
2022-09-01,23,30
2022-09-02,0,13
2022-09-02,1,9
2022-09-02,2,13
2022-09-02,3,5
2022-09-02,4,7
2022-09-02,5,15
2022-09-02,6,55
2022-09-02,7,87
2022-09-02,8,104
2022-09-02,9,94
2022-09-02,10,119
2022-09-02,11,121
2022-09-02,12,117
2022-09-02,13,163
2022-09-02,14,167
2022-09-02,15,165
2022-09-02,16,158
2022-09-02,17,130
2022-09-02,18,147
2022-09-02,19,68
2022-09-02,20,72
2022-09-02,21,86
2022-09-02,22,62
2022-09-02,23,44
2022-09-03,0,30
2022-09-03,1,17
2022-09-03,2,21
2022-09-03,3,18
2022-09-03,4,9
2022-09-03,5,13
2022-09-03,6,16
2022-09-03,7,20
2022-09-03,8,72
2022-09-03,9,88
2022-09-03,10,122
2022-09-03,11,108
2022-09-03,12,91
2022-09-03,13,201
2022-09-03,14,371
2022-09-03,15,198
2022-09-03,16,188
2022-09-03,17,147
2022-09-03,18,129
2022-09-03,19,84
2022-09-03,20,66
2022-09-03,21,56
2022-09-03,22,63
2022-09-03,23,115
2022-09-04,0,52
2022-09-04,1,36
2022-09-04,2,28
2022-09-04,3,12
2022-09-04,4,20
2022-09-04,5,13
2022-09-04,6,12
2022-09-04,7,31
2022-09-04,8,26
2022-09-04,9,39
2022-09-04,10,70
2022-09-04,11,112
2022-09-04,12,132
2022-09-04,13,221
2022-09-04,14,147
2022-09-04,15,200
2022-09-04,16,160
2022-09-04,17,101
2022-09-04,18,82
2022-09-04,19,52
2022-09-04,20,42
2022-09-04,21,32
2022-09-04,22,38
2022-09-04,23,15
2022-09-05,0,11
2022-09-05,1,6
2022-09-05,2,0
2022-09-05,3,0
2022-09-05,4,7
2022-09-05,5,21
2022-09-05,6,47
2022-09-05,7,100
2022-09-05,8,76
2022-09-05,9,75
2022-09-05,10,87
2022-09-05,11,100
2022-09-05,12,118
2022-09-05,13,117
2022-09-05,14,116
2022-09-05,15,138
2022-09-05,16,135
2022-09-05,17,111
2022-09-05,18,67
2022-09-05,19,50
2022-09-05,20,47
2022-09-05,21,38
2022-09-05,22,24
2022-09-05,23,22
2022-09-06,0,12
2022-09-06,1,11
2022-09-06,2,10
2022-09-06,3,8
2022-09-06,4,10
2022-09-06,5,28
2022-09-06,6,40
2022-09-06,7,155
2022-09-06,8,94
2022-09-06,9,77
2022-09-06,10,82
2022-09-06,11,113
2022-09-06,12,113
2022-09-06,13,133
2022-09-06,14,147
2022-09-06,15,190
2022-09-06,16,196
2022-09-06,17,191
2022-09-06,18,96
2022-09-06,19,63
2022-09-06,20,45
2022-09-06,21,87
2022-09-06,22,285
2022-09-06,23,16
2022-09-07,0,14
2022-09-07,1,7
2022-09-07,2,2
2022-09-07,3,7
2022-09-07,4,5
2022-09-07,5,18
2022-09-07,6,58
2022-09-07,7,94
2022-09-07,8,99
2022-09-07,9,78
2022-09-07,10,83
2022-09-07,11,116
2022-09-07,12,168
2022-09-07,13,113
2022-09-07,14,108
2022-09-07,15,164
2022-09-07,16,256
2022-09-07,17,121
2022-09-07,18,65
2022-09-07,19,59
2022-09-07,20,60
2022-09-07,21,76
2022-09-07,22,21
2022-09-07,23,22
2022-09-08,0,13
2022-09-08,1,7
2022-09-08,2,8
2022-09-08,3,9
2022-09-08,4,6
2022-09-08,5,13
2022-09-08,6,56
2022-09-08,7,102
2022-09-08,8,113
2022-09-08,9,78
2022-09-08,10,108
2022-09-08,11,124
2022-09-08,12,136
2022-09-08,13,142
2022-09-08,14,141
2022-09-08,15,164
2022-09-08,16,205
2022-09-08,17,246
2022-09-08,18,132
2022-09-08,19,77
2022-09-08,20,54
2022-09-08,21,61
2022-09-08,22,41
2022-09-08,23,20
2022-09-09,0,14
2022-09-09,1,6
2022-09-09,2,5
2022-09-09,3,10
2022-09-09,4,4
2022-09-09,5,22
2022-09-09,6,49
2022-09-09,7,80
2022-09-09,8,89
2022-09-09,9,96
2022-09-09,10,104
2022-09-09,11,160
2022-09-09,12,125
2022-09-09,13,154
2022-09-09,14,205
2022-09-09,15,138
2022-09-09,16,178
2022-09-09,17,133
2022-09-09,18,113
2022-09-09,19,78
2022-09-09,20,45
2022-09-09,21,64
2022-09-09,22,35
2022-09-09,23,30
2022-09-10,0,26
2022-09-10,1,23
2022-09-10,2,25
2022-09-10,3,17
2022-09-10,4,13
2022-09-10,5,16
2022-09-10,6,58
2022-09-10,7,33
2022-09-10,8,47
2022-09-10,9,84
2022-09-10,10,138
2022-09-10,11,107
2022-09-10,12,130
2022-09-10,13,170
2022-09-10,14,160
2022-09-10,15,182
2022-09-10,16,167
2022-09-10,17,158
2022-09-10,18,126
2022-09-10,19,78
2022-09-10,20,61
2022-09-10,21,55
2022-09-10,22,65
2022-09-10,23,50
2022-09-11,0,27
2022-09-11,1,18
2022-09-11,2,22
2022-09-11,3,9
2022-09-11,4,13
2022-09-11,5,15
2022-09-11,6,17
2022-09-11,7,31
2022-09-11,8,25
2022-09-11,9,46
2022-09-11,10,93
2022-09-11,11,115
2022-09-11,12,148
2022-09-11,13,133
2022-09-11,14,149
2022-09-11,15,150
2022-09-11,16,144
2022-09-11,17,113
2022-09-11,18,96
2022-09-11,19,57
2022-09-11,20,38
2022-09-11,21,29
2022-09-11,22,22
2022-09-11,23,16
2022-09-12,0,10
2022-09-12,1,8
2022-09-12,2,3
2022-09-12,3,2
2022-09-12,4,6
2022-09-12,5,12
2022-09-12,6,51
2022-09-12,7,104
2022-09-12,8,92
2022-09-12,9,80
2022-09-12,10,121
2022-09-12,11,129
2022-09-12,12,104
2022-09-12,13,113
2022-09-12,14,127
2022-09-12,15,160
2022-09-12,16,191
2022-09-12,17,104
2022-09-12,18,60
2022-09-12,19,48
2022-09-12,20,39
2022-09-12,21,36
2022-09-12,22,19
2022-09-12,23,23
2022-09-13,0,8
2022-09-13,1,4
2022-09-13,2,8
2022-09-13,3,1
2022-09-13,4,2
2022-09-13,5,23
2022-09-13,6,46
2022-09-13,7,110
2022-09-13,8,113
2022-09-13,9,180
2022-09-13,10,100
2022-09-13,11,94
2022-09-13,12,159
2022-09-13,13,100
2022-09-13,14,133
2022-09-13,15,139
2022-09-13,16,187
2022-09-13,17,127
2022-09-13,18,80
2022-09-13,19,66
2022-09-13,20,32
2022-09-13,21,30
2022-09-13,22,22
2022-09-13,23,22
2022-09-14,0,25
2022-09-14,1,4
2022-09-14,2,6
2022-09-14,3,12
2022-09-14,4,6
2022-09-14,5,25
2022-09-14,6,50
2022-09-14,7,93
2022-09-14,8,80
2022-09-14,9,78
2022-09-14,10,83
2022-09-14,11,122
2022-09-14,12,132
2022-09-14,13,134
2022-09-14,14,101
2022-09-14,15,195
2022-09-14,16,221
2022-09-14,17,159
2022-09-14,18,172
2022-09-14,19,62
2022-09-14,20,52
2022-09-14,21,44
2022-09-14,22,25
2022-09-14,23,28
2022-09-15,0,18
2022-09-15,1,12
2022-09-15,2,9
2022-09-15,3,6
2022-09-15,4,5
2022-09-15,5,22
2022-09-15,6,53
2022-09-15,7,93
2022-09-15,8,104
2022-09-15,9,84
2022-09-15,10,113
2022-09-15,11,118
2022-09-15,12,172
2022-09-15,13,128
2022-09-15,14,109
2022-09-15,15,199
2022-09-15,16,168
2022-09-15,17,161
2022-09-15,18,172
2022-09-15,19,67
2022-09-15,20,55
2022-09-15,21,48
2022-09-15,22,29
2022-09-15,23,18
2022-09-16,0,12
2022-09-16,1,7
2022-09-16,2,5
2022-09-16,3,10
2022-09-16,4,8
2022-09-16,5,9
2022-09-16,6,41
2022-09-16,7,144
2022-09-16,8,68
2022-09-16,9,126
2022-09-16,10,103
2022-09-16,11,124
2022-09-16,12,140
2022-09-16,13,171
2022-09-16,14,143
2022-09-16,15,157
2022-09-16,16,170
2022-09-16,17,156
2022-09-16,18,104
2022-09-16,19,65
2022-09-16,20,58
2022-09-16,21,56
2022-09-16,22,58
2022-09-16,23,43
2022-09-17,0,34
2022-09-17,1,20
2022-09-17,2,19
2022-09-17,3,19
2022-09-17,4,10
2022-09-17,5,13
2022-09-17,6,36
2022-09-17,7,32
2022-09-17,8,66
2022-09-17,9,88
2022-09-17,10,146
2022-09-17,11,141
2022-09-17,12,253
2022-09-17,13,267
2022-09-17,14,201
2022-09-17,15,162
2022-09-17,16,190
2022-09-17,17,207
2022-09-17,18,106
2022-09-17,19,89
2022-09-17,20,71
2022-09-17,21,83
2022-09-17,22,58
2022-09-17,23,41
2022-09-18,0,29
2022-09-18,1,19
2022-09-18,2,27
2022-09-18,3,23
2022-09-18,4,16
2022-09-18,5,11
2022-09-18,6,17
2022-09-18,7,26
2022-09-18,8,23
2022-09-18,9,49
2022-09-18,10,91
2022-09-18,11,95
2022-09-18,12,143
2022-09-18,13,142
2022-09-18,14,131
2022-09-18,15,173
2022-09-18,16,288
2022-09-18,17,115
2022-09-18,18,74
2022-09-18,19,61
2022-09-18,20,52
2022-09-18,21,41
2022-09-18,22,45
2022-09-18,23,30
2022-09-19,0,22
2022-09-19,1,19
2022-09-19,2,14
2022-09-19,3,10
2022-09-19,4,10
2022-09-19,5,15
2022-09-19,6,44
2022-09-19,7,97
2022-09-19,8,26
2022-09-19,9,33
2022-09-19,10,116
2022-09-19,11,36
2022-09-19,12,41
2022-09-19,13,68
2022-09-19,14,62
2022-09-19,15,53
2022-09-19,16,50
2022-09-19,17,52
2022-09-19,18,45
2022-09-19,19,33
2022-09-19,20,35
2022-09-19,21,20
2022-09-19,22,19
2022-09-19,23,13
2022-09-20,0,7
2022-09-20,1,4
2022-09-20,2,4
2022-09-20,3,8
2022-09-20,4,7
2022-09-20,5,19
2022-09-20,6,38
2022-09-20,7,90
2022-09-20,8,97
2022-09-20,9,80
2022-09-20,10,111
2022-09-20,11,101
2022-09-20,12,96
2022-09-20,13,124
2022-09-20,14,143
2022-09-20,15,215
2022-09-20,16,232
2022-09-20,17,202
2022-09-20,18,103
2022-09-20,19,59
2022-09-20,20,42
2022-09-20,21,34
2022-09-20,22,27
2022-09-20,23,27
2022-09-21,0,35
2022-09-21,1,12
2022-09-21,2,7
2022-09-21,3,7
2022-09-21,4,8
2022-09-21,5,15
2022-09-21,6,60
2022-09-21,7,108
2022-09-21,8,100
2022-09-21,9,99
2022-09-21,10,116
2022-09-21,11,105
2022-09-21,12,127
2022-09-21,13,130
2022-09-21,14,118
2022-09-21,15,194
2022-09-21,16,315
2022-09-21,17,227
2022-09-21,18,93
2022-09-21,19,53
2022-09-21,20,46
2022-09-21,21,57
2022-09-21,22,42
2022-09-21,23,25
2022-09-22,0,10
2022-09-22,1,6
2022-09-22,2,7
2022-09-22,3,8
2022-09-22,4,5
2022-09-22,5,17
2022-09-22,6,57
2022-09-22,7,107
2022-09-22,8,105
2022-09-22,9,112
2022-09-22,10,110
2022-09-22,11,115
2022-09-22,12,151
2022-09-22,13,124
2022-09-22,14,130
2022-09-22,15,211
2022-09-22,16,251
2022-09-22,17,179
2022-09-22,18,122
2022-09-22,19,66
2022-09-22,20,51
2022-09-22,21,55
2022-09-22,22,48
2022-09-22,23,22
2022-09-23,0,22
2022-09-23,1,7
2022-09-23,2,8
2022-09-23,3,8
2022-09-23,4,10
2022-09-23,5,48
2022-09-23,6,40
2022-09-23,7,70
2022-09-23,8,77
2022-09-23,9,74
2022-09-23,10,89
2022-09-23,11,84
2022-09-23,12,179
2022-09-23,13,167
2022-09-23,14,247
2022-09-23,15,181
2022-09-23,16,174
2022-09-23,17,149
2022-09-23,18,107
2022-09-23,19,61
2022-09-23,20,72
2022-09-23,21,60
2022-09-23,22,57
2022-09-23,23,35
2022-09-24,0,16
2022-09-24,1,25
2022-09-24,2,17
2022-09-24,3,11
2022-09-24,4,9
2022-09-24,5,12
2022-09-24,6,13
2022-09-24,7,29
2022-09-24,8,37
2022-09-24,9,70
2022-09-24,10,84
2022-09-24,11,116
2022-09-24,12,140
2022-09-24,13,156
2022-09-24,14,172
2022-09-24,15,169
2022-09-24,16,157
2022-09-24,17,117
2022-09-24,18,126
2022-09-24,19,63
2022-09-24,20,55
2022-09-24,21,85
2022-09-24,22,75
2022-09-24,23,39
2022-09-25,0,29
2022-09-25,1,28
2022-09-25,2,40
2022-09-25,3,21
2022-09-25,4,10
2022-09-25,5,11
2022-09-25,6,21
2022-09-25,7,31
2022-09-25,8,26
2022-09-25,9,43
2022-09-25,10,70
2022-09-25,11,96
2022-09-25,12,106
2022-09-25,13,129
2022-09-25,14,140
2022-09-25,15,138
2022-09-25,16,181
2022-09-25,17,127
2022-09-25,18,90
2022-09-25,19,63
2022-09-25,20,49
2022-09-25,21,55
2022-09-25,22,24
2022-09-25,23,26
2022-09-26,0,16
2022-09-26,1,13
2022-09-26,2,10
2022-09-26,3,4
2022-09-26,4,10
2022-09-26,5,20
2022-09-26,6,47
2022-09-26,7,56
2022-09-26,8,41
2022-09-26,9,70
2022-09-26,10,62
2022-09-26,11,72
2022-09-26,12,93
2022-09-26,13,127
2022-09-26,14,120
2022-09-26,15,149
2022-09-26,16,111
2022-09-26,17,120
2022-09-26,18,97
2022-09-26,19,47
2022-09-26,20,34
2022-09-26,21,39
2022-09-26,22,16
2022-09-26,23,10
2022-09-27,0,10
2022-09-27,1,6
2022-09-27,2,6
2022-09-27,3,6
2022-09-27,4,8
2022-09-27,5,12
2022-09-27,6,55
2022-09-27,7,101
2022-09-27,8,95
2022-09-27,9,108
2022-09-27,10,85
2022-09-27,11,95
2022-09-27,12,109
2022-09-27,13,119
2022-09-27,14,110
2022-09-27,15,129
2022-09-27,16,251
2022-09-27,17,174
2022-09-27,18,86
2022-09-27,19,54
2022-09-27,20,45
2022-09-27,21,32
2022-09-27,22,31
2022-09-27,23,17
2022-09-28,0,6
2022-09-28,1,5
2022-09-28,2,6
2022-09-28,3,1
2022-09-28,4,5
2022-09-28,5,21
2022-09-28,6,52
2022-09-28,7,98
2022-09-28,8,118
2022-09-28,9,98
2022-09-28,10,88
2022-09-28,11,101
2022-09-28,12,101
2022-09-28,13,177
2022-09-28,14,118
2022-09-28,15,128
2022-09-28,16,210
2022-09-28,17,118
2022-09-28,18,86
2022-09-28,19,74
2022-09-28,20,50
2022-09-28,21,37
2022-09-28,22,33
2022-09-28,23,28
2022-09-29,0,9
2022-09-29,1,8
2022-09-29,2,10
2022-09-29,3,10
2022-09-29,4,3
2022-09-29,5,26
2022-09-29,6,61
2022-09-29,7,97
2022-09-29,8,96
2022-09-29,9,96
2022-09-29,10,151
2022-09-29,11,100
2022-09-29,12,124
2022-09-29,13,119
2022-09-29,14,134
2022-09-29,15,219
2022-09-29,16,272
2022-09-29,17,161
2022-09-29,18,102
2022-09-29,19,72
2022-09-29,20,63
2022-09-29,21,44
2022-09-29,22,27
2022-09-29,23,30
2022-09-30,0,10
2022-09-30,1,6
2022-09-30,2,4
2022-09-30,3,13
2022-09-30,4,6
2022-09-30,5,22
2022-09-30,6,48
2022-09-30,7,89
2022-09-30,8,85
2022-09-30,9,91
2022-09-30,10,128
2022-09-30,11,131
2022-09-30,12,126
2022-09-30,13,153
2022-09-30,14,166
2022-09-30,15,176
2022-09-30,16,199
2022-09-30,17,147
2022-09-30,18,113
2022-09-30,19,86
2022-09-30,20,55
2022-09-30,21,76
2022-09-30,22,52
2022-09-30,23,46
2022-10-01,0,26
2022-10-01,1,34
2022-10-01,2,20
2022-10-01,3,20
2022-10-01,4,5
2022-10-01,5,20
2022-10-01,6,67
2022-10-01,7,39
2022-10-01,8,65
2022-10-01,9,86
2022-10-01,10,155
2022-10-01,11,133
2022-10-01,12,135
2022-10-01,13,199
2022-10-01,14,154
2022-10-01,15,177
2022-10-01,16,307
2022-10-01,17,351
2022-10-01,18,122
2022-10-01,19,87
2022-10-01,20,95
2022-10-01,21,52
2022-10-01,22,67
2022-10-01,23,59
2022-10-02,0,48
2022-10-02,1,38
2022-10-02,2,25
2022-10-02,3,16
2022-10-02,4,12
2022-10-02,5,13
2022-10-02,6,21
2022-10-02,7,25
2022-10-02,8,40
2022-10-02,9,62
2022-10-02,10,88
2022-10-02,11,109
2022-10-02,12,141
2022-10-02,13,216
2022-10-02,14,171
2022-10-02,15,159
2022-10-02,16,176
2022-10-02,17,122
2022-10-02,18,93
2022-10-02,19,48
2022-10-02,20,41
2022-10-02,21,44
2022-10-02,22,54
2022-10-02,23,35
2022-10-03,0,16
2022-10-03,1,8
2022-10-03,2,0
2022-10-03,3,0
2022-10-03,4,0
2022-10-03,5,16
2022-10-03,6,51
2022-10-03,7,92
2022-10-03,8,74
2022-10-03,9,108
2022-10-03,10,108
2022-10-03,11,100
2022-10-03,12,136
2022-10-03,13,116
2022-10-03,14,129
2022-10-03,15,124
2022-10-03,16,123
2022-10-03,17,97
2022-10-03,18,68
2022-10-03,19,49
2022-10-03,20,42
2022-10-03,21,21
2022-10-03,22,23
2022-10-03,23,12
2022-10-04,0,9
2022-10-04,1,6
2022-10-04,2,4
2022-10-04,3,7
2022-10-04,4,3
2022-10-04,5,17
2022-10-04,6,98
2022-10-04,7,110
2022-10-04,8,121
2022-10-04,9,109
2022-10-04,10,88
2022-10-04,11,100
2022-10-04,12,124
2022-10-04,13,131
2022-10-04,14,113
2022-10-04,15,177
2022-10-04,16,263
2022-10-04,17,209
2022-10-04,18,74
2022-10-04,19,70
2022-10-04,20,43
2022-10-04,21,45
2022-10-04,22,19
2022-10-04,23,21
2022-10-05,0,8
2022-10-05,1,6
2022-10-05,2,7
2022-10-05,3,2
2022-10-05,4,3
2022-10-05,5,13
2022-10-05,6,116
2022-10-05,7,90
2022-10-05,8,96
2022-10-05,9,65
2022-10-05,10,87
2022-10-05,11,116
2022-10-05,12,138
2022-10-05,13,114
2022-10-05,14,145
2022-10-05,15,157
2022-10-05,16,153
2022-10-05,17,159
2022-10-05,18,79
2022-10-05,19,42
2022-10-05,20,35
2022-10-05,21,44
2022-10-05,22,26
2022-10-05,23,25
2022-10-06,0,9
2022-10-06,1,5
2022-10-06,2,8
2022-10-06,3,8
2022-10-06,4,6
2022-10-06,5,14
2022-10-06,6,49
2022-10-06,7,110
2022-10-06,8,136
2022-10-06,9,77
2022-10-06,10,125
2022-10-06,11,136
2022-10-06,12,128
2022-10-06,13,140
2022-10-06,14,131
2022-10-06,15,159
2022-10-06,16,345
2022-10-06,17,213
2022-10-06,18,120
2022-10-06,19,68
2022-10-06,20,56
2022-10-06,21,44
2022-10-06,22,53
2022-10-06,23,21
2022-10-07,0,13
2022-10-07,1,8
2022-10-07,2,3
2022-10-07,3,9
2022-10-07,4,7
2022-10-07,5,14
2022-10-07,6,41
2022-10-07,7,84
2022-10-07,8,90
2022-10-07,9,82
2022-10-07,10,107
2022-10-07,11,84
2022-10-07,12,144
2022-10-07,13,165
2022-10-07,14,161
2022-10-07,15,135
2022-10-07,16,311
2022-10-07,17,307
2022-10-07,18,125
2022-10-07,19,65
2022-10-07,20,56
2022-10-07,21,70
2022-10-07,22,46
2022-10-07,23,37
2022-10-08,0,31
2022-10-08,1,19
2022-10-08,2,12
2022-10-08,3,13
2022-10-08,4,12
2022-10-08,5,25
2022-10-08,6,63
2022-10-08,7,49
2022-10-08,8,53
2022-10-08,9,89
2022-10-08,10,132
2022-10-08,11,144
2022-10-08,12,234
2022-10-08,13,375
2022-10-08,14,231
2022-10-08,15,310
2022-10-08,16,269
2022-10-08,17,222
2022-10-08,18,122
2022-10-08,19,94
2022-10-08,20,72
2022-10-08,21,84
2022-10-08,22,88
2022-10-08,23,60
2022-10-09,0,52
2022-10-09,1,23
2022-10-09,2,23
2022-10-09,3,19
2022-10-09,4,15
2022-10-09,5,13
2022-10-09,6,26
2022-10-09,7,31
2022-10-09,8,30
2022-10-09,9,38
2022-10-09,10,76
2022-10-09,11,93
2022-10-09,12,123
2022-10-09,13,179
2022-10-09,14,156
2022-10-09,15,167
2022-10-09,16,150
2022-10-09,17,88
2022-10-09,18,65
2022-10-09,19,50
2022-10-09,20,56
2022-10-09,21,50
2022-10-09,22,21
2022-10-09,23,20
2022-10-10,0,11
2022-10-10,1,7
2022-10-10,2,12
2022-10-10,3,7
2022-10-10,4,5
2022-10-10,5,16
2022-10-10,6,58
2022-10-10,7,111
2022-10-10,8,123
2022-10-10,9,106
2022-10-10,10,103
2022-10-10,11,95
2022-10-10,12,110
2022-10-10,13,130
2022-10-10,14,210
2022-10-10,15,142
2022-10-10,16,268
2022-10-10,17,160
2022-10-10,18,94
2022-10-10,19,49
2022-10-10,20,27
2022-10-10,21,41
2022-10-10,22,35
2022-10-10,23,18
2022-10-11,0,11
2022-10-11,1,7
2022-10-11,2,1
2022-10-11,3,6
2022-10-11,4,3
2022-10-11,5,20
2022-10-11,6,54
2022-10-11,7,278
2022-10-11,8,127
2022-10-11,9,90
2022-10-11,10,100
2022-10-11,11,112
2022-10-11,12,122
2022-10-11,13,121
2022-10-11,14,123
2022-10-11,15,207
2022-10-11,16,228
2022-10-11,17,226
2022-10-11,18,95
2022-10-11,19,38
2022-10-11,20,56
2022-10-11,21,203
2022-10-11,22,206
2022-10-11,23,22
2022-10-12,0,19
2022-10-12,1,3
2022-10-12,2,3
2022-10-12,3,10
2022-10-12,4,5
2022-10-12,5,19
2022-10-12,6,52
2022-10-12,7,121
2022-10-12,8,106
2022-10-12,9,85
2022-10-12,10,111
2022-10-12,11,115
2022-10-12,12,104
2022-10-12,13,175
2022-10-12,14,132
2022-10-12,15,281
2022-10-12,16,369
2022-10-12,17,377
2022-10-12,18,381
2022-10-12,19,35
2022-10-12,20,38
2022-10-12,21,37
2022-10-12,22,29
2022-10-12,23,23
2022-10-13,0,13
2022-10-13,1,7
2022-10-13,2,8
2022-10-13,3,7
2022-10-13,4,2
2022-10-13,5,20
2022-10-13,6,60
2022-10-13,7,99
2022-10-13,8,109
2022-10-13,9,78
2022-10-13,10,105
2022-10-13,11,262
2022-10-13,12,118
2022-10-13,13,130
2022-10-13,14,140
2022-10-13,15,161
2022-10-13,16,322
2022-10-13,17,245
2022-10-13,18,101
2022-10-13,19,62
2022-10-13,20,57
2022-10-13,21,51
2022-10-13,22,34
2022-10-13,23,18
2022-10-14,0,3
2022-10-14,1,13
2022-10-14,2,5
2022-10-14,3,4
2022-10-14,4,14
2022-10-14,5,20
2022-10-14,6,43
2022-10-14,7,75
2022-10-14,8,82
2022-10-14,9,80
2022-10-14,10,94
2022-10-14,11,106
2022-10-14,12,168
2022-10-14,13,138
2022-10-14,14,235
2022-10-14,15,161
2022-10-14,16,226
2022-10-14,17,144
2022-10-14,18,101
2022-10-14,19,64
2022-10-14,20,58
2022-10-14,21,62
2022-10-14,22,50
2022-10-14,23,48
2022-10-15,0,25
2022-10-15,1,16
2022-10-15,2,15
2022-10-15,3,18
2022-10-15,4,12
2022-10-15,5,19
2022-10-15,6,71
2022-10-15,7,31
2022-10-15,8,45
2022-10-15,9,138
2022-10-15,10,83
2022-10-15,11,119
2022-10-15,12,166
2022-10-15,13,196
2022-10-15,14,164
2022-10-15,15,193
2022-10-15,16,356
2022-10-15,17,242
2022-10-15,18,110
2022-10-15,19,86
2022-10-15,20,166
2022-10-15,21,68
2022-10-15,22,51
2022-10-15,23,60
2022-10-16,0,34
2022-10-16,1,39
2022-10-16,2,20
2022-10-16,3,21
2022-10-16,4,10
2022-10-16,5,12
2022-10-16,6,24
2022-10-16,7,31
2022-10-16,8,26
2022-10-16,9,43
2022-10-16,10,119
2022-10-16,11,99
2022-10-16,12,106
2022-10-16,13,125
2022-10-16,14,154
2022-10-16,15,144
2022-10-16,16,120
2022-10-16,17,95
2022-10-16,18,81
2022-10-16,19,48
2022-10-16,20,55
2022-10-16,21,45
2022-10-16,22,51
2022-10-16,23,18
2022-10-17,0,15
2022-10-17,1,9
2022-10-17,2,4
2022-10-17,3,7
2022-10-17,4,8
2022-10-17,5,15
2022-10-17,6,55
2022-10-17,7,132
2022-10-17,8,106
2022-10-17,9,120
2022-10-17,10,108
2022-10-17,11,130
2022-10-17,12,159
2022-10-17,13,161
2022-10-17,14,181
2022-10-17,15,286
2022-10-17,16,387
2022-10-17,17,166
2022-10-17,18,88
2022-10-17,19,52
2022-10-17,20,44
2022-10-17,21,54
2022-10-17,22,40
2022-10-17,23,22
2022-10-18,0,18
2022-10-18,1,6
2022-10-18,2,7
2022-10-18,3,6
2022-10-18,4,4
2022-10-18,5,23
2022-10-18,6,74
2022-10-18,7,127
2022-10-18,8,116
2022-10-18,9,98
2022-10-18,10,124
2022-10-18,11,147
2022-10-18,12,134
2022-10-18,13,175
2022-10-18,14,242
2022-10-18,15,355
2022-10-18,16,287
2022-10-18,17,240
2022-10-18,18,115
2022-10-18,19,86
2022-10-18,20,48
2022-10-18,21,41
2022-10-18,22,57
2022-10-18,23,28
2022-10-19,0,14
2022-10-19,1,3
2022-10-19,2,11
2022-10-19,3,5
2022-10-19,4,14
2022-10-19,5,18
2022-10-19,6,84
2022-10-19,7,129
2022-10-19,8,167
2022-10-19,9,128
2022-10-19,10,112
2022-10-19,11,112
2022-10-19,12,148
2022-10-19,13,186
2022-10-19,14,193
2022-10-19,15,265
2022-10-19,16,287
2022-10-19,17,261
2022-10-19,18,212
2022-10-19,19,67
2022-10-19,20,76
2022-10-19,21,57
2022-10-19,22,46
2022-10-19,23,31
2022-10-20,0,21
2022-10-20,1,8
2022-10-20,2,8
2022-10-20,3,11
2022-10-20,4,9
2022-10-20,5,23
2022-10-20,6,148
2022-10-20,7,177
2022-10-20,8,118
2022-10-20,9,113
2022-10-20,10,122
2022-10-20,11,144
2022-10-20,12,161
2022-10-20,13,244
2022-10-20,14,312
2022-10-20,15,324
2022-10-20,16,308
2022-10-20,17,244
2022-10-20,18,159
2022-10-20,19,77
2022-10-20,20,79
2022-10-20,21,69
2022-10-20,22,45
2022-10-20,23,31
2022-10-21,0,19
2022-10-21,1,15
2022-10-21,2,5
2022-10-21,3,9
2022-10-21,4,4
2022-10-21,5,24
2022-10-21,6,145
2022-10-21,7,111
2022-10-21,8,112
2022-10-21,9,86
2022-10-21,10,128
2022-10-21,11,217
2022-10-21,12,170
2022-10-21,13,246
2022-10-21,14,308
2022-10-21,15,299
2022-10-21,16,362
2022-10-21,17,205
2022-10-21,18,123
2022-10-21,19,99
2022-10-21,20,76
2022-10-21,21,76
2022-10-21,22,188
2022-10-21,23,44
2022-10-22,0,36
2022-10-22,1,29
2022-10-22,2,27
2022-10-22,3,22
2022-10-22,4,17
2022-10-22,5,16
2022-10-22,6,16
2022-10-22,7,34
2022-10-22,8,72
2022-10-22,9,101
2022-10-22,10,119
2022-10-22,11,160
2022-10-22,12,288
2022-10-22,13,286
2022-10-22,14,197
2022-10-22,15,153
2022-10-22,16,270
2022-10-22,17,193
2022-10-22,18,125
2022-10-22,19,98
2022-10-22,20,55
2022-10-22,21,64
2022-10-22,22,97
2022-10-22,23,58
2022-10-23,0,44
2022-10-23,1,34
2022-10-23,2,27
2022-10-23,3,21
2022-10-23,4,14
2022-10-23,5,19
2022-10-23,6,18
2022-10-23,7,35
2022-10-23,8,29
2022-10-23,9,61
2022-10-23,10,100
2022-10-23,11,127
2022-10-23,12,156
2022-10-23,13,201
2022-10-23,14,375
2022-10-23,15,343
2022-10-23,16,323
2022-10-23,17,214
2022-10-23,18,86
2022-10-23,19,75
2022-10-23,20,50
2022-10-23,21,83
2022-10-23,22,41
2022-10-23,23,27
2022-10-24,0,16
2022-10-24,1,13
2022-10-24,2,7
2022-10-24,3,7
2022-10-24,4,10
2022-10-24,5,19
2022-10-24,6,64
2022-10-24,7,171
2022-10-24,8,158
2022-10-24,9,123
2022-10-24,10,120
2022-10-24,11,155
2022-10-24,12,181
2022-10-24,13,219
2022-10-24,14,242
2022-10-24,15,225
2022-10-24,16,292
2022-10-24,17,249
2022-10-24,18,188
2022-10-24,19,80
2022-10-24,20,80
2022-10-24,21,59
2022-10-24,22,44
2022-10-24,23,23
2022-10-25,0,13
2022-10-25,1,5
2022-10-25,2,7
2022-10-25,3,8
2022-10-25,4,6
2022-10-25,5,14
2022-10-25,6,92
2022-10-25,7,238
2022-10-25,8,178
2022-10-25,9,137
2022-10-25,10,160
2022-10-25,11,182
2022-10-25,12,187
2022-10-25,13,312
2022-10-25,14,146
2022-10-25,15,346
2022-10-25,16,351
2022-10-25,17,263
2022-10-25,18,118
2022-10-25,19,67
2022-10-25,20,70
2022-10-25,21,102
2022-10-25,22,163
2022-10-25,23,20
2022-10-26,0,23
2022-10-26,1,8
2022-10-26,2,10
2022-10-26,3,18
2022-10-26,4,13
2022-10-26,5,22
2022-10-26,6,85
2022-10-26,7,152
2022-10-26,8,190
2022-10-26,9,158
2022-10-26,10,165
2022-10-26,11,181
2022-10-26,12,205
2022-10-26,13,188
2022-10-26,14,259
2022-10-26,15,310
2022-10-26,16,353
2022-10-26,17,278
2022-10-26,18,94
2022-10-26,19,93
2022-10-26,20,68
2022-10-26,21,56
2022-10-26,22,57
2022-10-26,23,26
2022-10-27,0,14
2022-10-27,1,6
2022-10-27,2,7
2022-10-27,3,9
2022-10-27,4,10
2022-10-27,5,20
2022-10-27,6,98
2022-10-27,7,215
2022-10-27,8,194
2022-10-27,9,111
2022-10-27,10,88
2022-10-27,11,225
2022-10-27,12,172
2022-10-27,13,255
2022-10-27,14,258
2022-10-27,15,311
2022-10-27,16,313
2022-10-27,17,228
2022-10-27,18,142
2022-10-27,19,117
2022-10-27,20,111
2022-10-27,21,40
2022-10-27,22,35
2022-10-27,23,49
2022-10-28,0,9
2022-10-28,1,10
2022-10-28,2,16
2022-10-28,3,10
2022-10-28,4,11
2022-10-28,5,21
2022-10-28,6,76
2022-10-28,7,132
2022-10-28,8,134
2022-10-28,9,139
2022-10-28,10,164
2022-10-28,11,158
2022-10-28,12,265
2022-10-28,13,276
2022-10-28,14,371
2022-10-28,15,339
2022-10-28,16,338
2022-10-28,17,347
2022-10-28,18,287
2022-10-28,19,97
2022-10-28,20,90
2022-10-28,21,96
2022-10-28,22,78
2022-10-28,23,54
2022-10-29,0,40
2022-10-29,1,28
2022-10-29,2,21
2022-10-29,3,23
2022-10-29,4,16
2022-10-29,5,22
2022-10-29,6,26
2022-10-29,7,44
2022-10-29,8,61
2022-10-29,9,106
2022-10-29,10,164
2022-10-29,11,299
2022-10-29,12,323
2022-10-29,13,387
2022-10-29,14,342
2022-10-29,15,329
2022-10-29,16,301
2022-10-29,17,228
2022-10-29,18,198
2022-10-29,19,115
2022-10-29,20,117
2022-10-29,21,102
2022-10-29,22,81
2022-10-29,23,97
2022-10-30,0,46
2022-10-30,1,52
2022-10-30,2,28
2022-10-30,3,24
2022-10-30,4,25
2022-10-30,5,16
2022-10-30,6,12
2022-10-30,7,21
2022-10-30,8,32
2022-10-30,9,55
2022-10-30,10,102
2022-10-30,11,126
2022-10-30,12,133
2022-10-30,13,184
2022-10-30,14,171
2022-10-30,15,326
2022-10-30,16,377
2022-10-30,17,365
2022-10-30,18,346
2022-10-30,19,149
2022-10-30,20,80
2022-10-30,21,68
2022-10-30,22,72
2022-10-30,23,149
2022-10-31,0,29
2022-10-31,1,20
2022-10-31,2,12
2022-10-31,3,11
2022-10-31,4,10
2022-10-31,5,8
2022-10-31,6,25
2022-10-31,7,82
2022-10-31,8,216
2022-10-31,9,168
2022-10-31,10,115
2022-10-31,11,120
2022-10-31,12,134
2022-10-31,13,208
2022-10-31,14,152
2022-10-31,15,183
2022-10-31,16,280
2022-10-31,17,276
2022-10-31,18,235
2022-10-31,19,117
2022-10-31,20,78
2022-10-31,21,57
2022-10-31,22,51
2022-10-31,23,50
2022-11-01,0,36
2022-11-01,1,14
2022-11-01,2,14
2022-11-01,3,9
2022-11-01,4,15
2022-11-01,5,13
2022-11-01,6,29
2022-11-01,7,88
2022-11-01,8,231
2022-11-01,9,183
2022-11-01,10,136
2022-11-01,11,136
2022-11-01,12,113
2022-11-01,13,161
2022-11-01,14,210
2022-11-01,15,180
2022-11-01,16,343
2022-11-01,17,366
2022-11-01,18,351
2022-11-01,19,380
2022-11-01,20,72
2022-11-01,21,64
2022-11-01,22,46
2022-11-01,23,51
2022-11-02,0,18
2022-11-02,1,16
2022-11-02,2,5
2022-11-02,3,3
2022-11-02,4,16
2022-11-02,5,7
2022-11-02,6,21
2022-11-02,7,106
2022-11-02,8,186
2022-11-02,9,143
2022-11-02,10,126
2022-11-02,11,146
2022-11-02,12,174
2022-11-02,13,197
2022-11-02,14,153
2022-11-02,15,267
2022-11-02,16,356
2022-11-02,17,321
2022-11-02,18,166
2022-11-02,19,136
2022-11-02,20,49
2022-11-02,21,74
2022-11-02,22,49
2022-11-02,23,37
2022-11-03,0,25
2022-11-03,1,16
2022-11-03,2,15
2022-11-03,3,15
2022-11-03,4,40
2022-11-03,5,18
2022-11-03,9,118
2022-11-03,10,123
2022-11-03,11,102
2022-11-03,12,160
2022-11-03,13,153
2022-11-03,14,205
2022-11-03,15,220
2022-11-03,16,350
2022-11-03,17,213
2022-11-03,18,158
2022-11-03,19,125
2022-11-03,20,71
2022-11-03,21,82
2022-11-03,22,56
2022-11-03,23,91
2022-11-04,0,16
2022-11-04,1,20
2022-11-04,2,4
2022-11-04,3,3
2022-11-04,4,14
2022-11-04,5,9
2022-11-04,6,21
2022-11-04,7,79
2022-11-04,8,197
2022-11-04,9,228
2022-11-04,10,105
2022-11-04,11,137
2022-11-04,12,166
2022-11-04,13,269
2022-11-04,14,237
2022-11-04,15,257
2022-11-04,16,288
2022-11-04,17,381
2022-11-04,18,169
2022-11-04,19,128
2022-11-04,20,112
2022-11-04,21,62
2022-11-04,22,63
2022-11-04,23,80
2022-11-05,0,46
2022-11-05,1,37
2022-11-05,2,25
2022-11-05,3,29
2022-11-05,4,20
2022-11-05,5,12
2022-11-05,6,14
2022-11-05,7,25
2022-11-05,8,48
2022-11-05,9,70
2022-11-05,10,117
2022-11-05,11,132
2022-11-05,12,174
2022-11-05,13,197
2022-11-05,14,195
2022-11-05,15,301
2022-11-05,16,348
2022-11-05,17,414
2022-11-05,18,304
2022-11-05,19,204
2022-11-05,20,111
2022-11-05,21,80
2022-11-05,22,98
2022-11-05,23,83
2022-11-06,0,78
2022-11-06,1,44
2022-11-06,2,40
2022-11-06,3,47
2022-11-06,4,28
2022-11-06,5,19
2022-11-06,6,17
2022-11-06,7,15
2022-11-06,8,20
2022-11-06,9,27
2022-11-06,10,58
2022-11-06,11,93
2022-11-06,12,116
2022-11-06,13,245
2022-11-06,14,166
2022-11-06,15,211
2022-11-06,16,308
2022-11-06,17,214
2022-11-06,18,165
2022-11-06,19,106
2022-11-06,20,94
2022-11-06,21,51
2022-11-06,22,77
2022-11-06,23,38
2022-11-07,0,26
2022-11-07,1,16
2022-11-07,2,12
2022-11-07,3,5
2022-11-07,4,9
2022-11-07,5,7
2022-11-07,6,19
2022-11-07,7,90
2022-11-07,8,204
2022-11-07,9,265
2022-11-07,10,147
2022-11-07,11,147
2022-11-07,12,139
2022-11-07,13,159
2022-11-07,14,147
2022-11-07,15,201
2022-11-07,16,337
2022-11-07,17,308
2022-11-07,18,192
2022-11-07,19,100
2022-11-07,20,82
2022-11-07,21,68
2022-11-07,22,53
2022-11-07,23,54
2022-11-08,0,20
2022-11-08,1,18
2022-11-08,2,9
2022-11-08,3,10
2022-11-08,4,2
2022-11-08,5,8
2022-11-08,6,27
2022-11-08,7,94
2022-11-08,8,196
2022-11-08,9,157
2022-11-08,10,192
2022-11-08,11,152
2022-11-08,12,136
2022-11-08,13,183
2022-11-08,14,164
2022-11-08,15,181
2022-11-08,16,234
2022-11-08,17,271
2022-11-08,18,230
2022-11-08,19,137
2022-11-08,20,94
2022-11-08,21,50
2022-11-08,22,70
2022-11-08,23,49
2022-11-09,0,22
2022-11-09,1,23
2022-11-09,2,3
2022-11-09,3,3
2022-11-09,4,14
2022-11-09,5,8
2022-11-09,6,27
2022-11-09,7,79
2022-11-09,8,218
2022-11-09,9,137
2022-11-09,10,119
2022-11-09,11,124
2022-11-09,12,187
2022-11-09,13,197
2022-11-09,14,149
2022-11-09,15,214
2022-11-09,16,274
2022-11-09,17,340
2022-11-09,18,344
2022-11-09,19,285
2022-11-09,20,154
2022-11-09,21,63
2022-11-09,22,73
2022-11-09,23,46
2022-11-10,0,65
2022-11-10,1,27
2022-11-10,2,3
2022-11-10,3,4
2022-11-10,4,16
2022-11-10,5,12
2022-11-10,6,26
2022-11-10,7,88
2022-11-10,8,129
2022-11-10,9,156
2022-11-10,10,106
2022-11-10,11,109
2022-11-10,12,140
2022-11-10,13,273
2022-11-10,14,164
2022-11-10,15,193
2022-11-10,16,295
2022-11-10,17,417
2022-11-10,18,319
2022-11-10,19,117
2022-11-10,20,94
2022-11-10,21,87
2022-11-10,22,59
2022-11-10,23,49
2022-11-11,0,35
2022-11-11,1,17
2022-11-11,2,11
2022-11-11,3,8
2022-11-11,4,13
2022-11-11,5,13
2022-11-11,6,34
2022-11-11,7,59
2022-11-11,8,139
2022-11-11,9,114
2022-11-11,10,115
2022-11-11,11,124
2022-11-11,12,148
2022-11-11,13,174
2022-11-11,14,269
2022-11-11,15,203
2022-11-11,16,286
2022-11-11,17,324
2022-11-11,18,318
2022-11-11,19,209
2022-11-11,20,95
2022-11-11,21,74
2022-11-11,22,70
2022-11-11,23,84
2022-11-12,0,55
2022-11-12,1,21
2022-11-12,2,29
2022-11-12,3,22
2022-11-12,4,21
2022-11-12,5,11
2022-11-12,6,30
2022-11-12,7,62
2022-11-12,8,43
2022-11-12,9,81
2022-11-12,10,78
2022-11-12,11,172
2022-11-12,12,227
2022-11-12,13,274
2022-11-12,14,257
2022-11-12,15,279
2022-11-12,16,305
2022-11-12,17,377
2022-11-12,18,293
2022-11-12,19,199
2022-11-12,20,110
2022-11-12,21,80
2022-11-12,22,86
2022-11-12,23,100
2022-11-13,0,68
2022-11-13,1,39
2022-11-13,2,24
2022-11-13,3,35
2022-11-13,4,23
2022-11-13,5,22
2022-11-13,6,20
2022-11-13,7,20
2022-11-13,8,23
2022-11-13,9,49
2022-11-13,10,84
2022-11-13,11,121
2022-11-13,12,170
2022-11-13,13,213
2022-11-13,14,214
2022-11-13,15,256
2022-11-13,16,356
2022-11-13,17,270
2022-11-13,18,179
2022-11-13,19,91
2022-11-13,20,82
2022-11-13,21,71
2022-11-13,22,71
2022-11-13,23,89
2022-11-14,0,32
2022-11-14,1,23
2022-11-14,2,12
2022-11-14,3,13
2022-11-14,4,8
2022-11-14,5,9
2022-11-14,6,27
2022-11-14,7,76
2022-11-14,8,174
2022-11-14,9,163
2022-11-14,10,89
2022-11-14,11,87
2022-11-14,12,134
2022-11-14,13,153
2022-11-14,14,157
2022-11-14,15,159
2022-11-14,16,238
2022-11-14,17,287
2022-11-14,18,154
2022-11-14,19,102
2022-11-14,20,75
2022-11-14,21,75
2022-11-14,22,63
2022-11-14,23,46
2022-11-15,0,24
2022-11-15,1,19
2022-11-15,2,11
2022-11-15,3,5
2022-11-15,4,6
2022-11-15,5,11
2022-11-15,6,34
2022-11-15,7,93
2022-11-15,8,212
2022-11-15,9,338
2022-11-15,10,207
2022-11-15,11,205
2022-11-15,12,134
2022-11-15,13,188
2022-11-15,14,177
2022-11-15,15,195
2022-11-15,16,272
2022-11-15,17,253
2022-11-15,18,166
2022-11-15,19,129
2022-11-15,20,86
2022-11-15,21,90
2022-11-15,22,59
2022-11-15,23,41
2022-11-16,0,17
2022-11-16,1,12
2022-11-16,2,7
2022-11-16,3,8
2022-11-16,4,9
2022-11-16,5,8
2022-11-16,6,19
2022-11-16,7,92
2022-11-16,8,236
2022-11-16,9,141
2022-11-16,10,196
2022-11-16,11,115
2022-11-16,12,147
2022-11-16,13,147
2022-11-16,14,159
2022-11-16,15,164
2022-11-16,16,280
2022-11-16,17,321
2022-11-16,18,182
2022-11-16,19,119
2022-11-16,20,82
2022-11-16,21,64
2022-11-16,22,58
2022-11-16,23,42
2022-11-17,0,25
2022-11-17,1,13
2022-11-17,2,10
2022-11-17,3,7
2022-11-17,4,7
2022-11-17,5,8
2022-11-17,6,34
2022-11-17,7,71
2022-11-17,8,154
2022-11-17,9,122
2022-11-17,10,113
2022-11-17,11,138
2022-11-17,12,123
2022-11-17,13,209
2022-11-17,14,215
2022-11-17,15,210
2022-11-17,16,276
2022-11-17,17,337
2022-11-17,18,193
2022-11-17,19,156
2022-11-17,20,105
2022-11-17,21,63
2022-11-17,22,76
2022-11-17,23,44
2022-11-18,0,23
2022-11-18,1,10
2022-11-18,2,4
2022-11-18,3,3
2022-11-18,4,10
2022-11-18,5,6
2022-11-18,6,26
2022-11-18,7,85
2022-11-18,8,111
2022-11-18,9,126
2022-11-18,10,95
2022-11-18,11,119
2022-11-18,12,128
2022-11-18,13,181
2022-11-18,14,326
2022-11-18,15,169
2022-11-18,16,167
2022-11-18,17,313
2022-11-18,18,117
2022-11-18,19,107
2022-11-18,20,116
2022-11-18,21,59
2022-11-18,22,67
2022-11-18,23,70
2022-11-19,0,46
2022-11-19,1,29
2022-11-19,2,19
2022-11-19,3,14
2022-11-19,4,13
2022-11-19,5,8
2022-11-19,6,11
2022-11-19,7,18
2022-11-19,8,31
2022-11-19,9,82
2022-11-19,10,90
2022-11-19,11,113
2022-11-19,12,152
2022-11-19,13,157
2022-11-19,14,203
2022-11-19,15,304
2022-11-19,16,266
2022-11-19,17,319
2022-11-19,18,218
2022-11-19,19,112
2022-11-19,20,141
2022-11-19,21,65
2022-11-19,22,89
2022-11-19,23,73
2022-11-20,0,57
2022-11-20,1,54
2022-11-20,2,18
2022-11-20,3,29
2022-11-20,4,24
2022-11-20,5,21
2022-11-20,6,16
2022-11-20,7,17
2022-11-20,8,31
2022-11-20,9,31
2022-11-20,10,72
2022-11-20,11,88
2022-11-20,12,150
2022-11-20,13,133
2022-11-20,14,187
2022-11-20,15,221
2022-11-20,16,274
2022-11-20,17,293
2022-11-20,18,272
2022-11-20,19,207
2022-11-20,20,197
2022-11-20,21,63
2022-11-20,22,71
2022-11-20,23,32
2022-11-21,0,29
2022-11-21,1,13
2022-11-21,2,11
2022-11-21,3,9
2022-11-21,4,4
2022-11-21,5,11
2022-11-21,6,23
2022-11-21,7,63
2022-11-21,8,223
2022-11-21,9,115
2022-11-21,10,80
2022-11-21,11,148
2022-11-21,12,147
2022-11-21,13,171
2022-11-21,14,130
2022-11-21,15,135
2022-11-21,16,153
2022-11-21,17,243
2022-11-21,18,137
2022-11-21,19,142
2022-11-21,20,60
2022-11-21,21,59
2022-11-21,22,48
2022-11-21,23,41
2022-11-22,0,24
2022-11-22,1,10
2022-11-22,2,4
2022-11-22,3,2
2022-11-22,4,6
2022-11-22,5,5
2022-11-22,6,20
2022-11-22,7,76
2022-11-22,8,108
2022-11-22,9,110
2022-11-22,10,99
2022-11-22,11,92
2022-11-22,12,92
2022-11-22,13,112
2022-11-22,14,141
2022-11-22,15,144
2022-11-22,16,285
2022-11-22,17,261
2022-11-22,18,159
2022-11-22,19,83
2022-11-22,20,81
2022-11-22,21,51
2022-11-22,22,48
2022-11-22,23,39
2022-11-23,0,32
2022-11-23,1,12
2022-11-23,2,7
2022-11-23,3,6
2022-11-23,4,7
2022-11-23,5,7
2022-11-23,6,22
2022-11-23,7,65
2022-11-23,8,146
2022-11-23,9,197
2022-11-23,10,99
2022-11-23,11,231
2022-11-23,12,125
2022-11-23,13,147
2022-11-23,14,136
2022-11-23,15,125
2022-11-23,16,249
2022-11-23,17,363
2022-11-23,18,122
2022-11-23,19,103
2022-11-23,20,156
2022-11-23,21,61
2022-11-23,22,40
2022-11-23,23,27
2022-11-24,0,32
2022-11-24,1,20
2022-11-24,2,8
2022-11-24,3,8
2022-11-24,4,12
2022-11-24,5,13
2022-11-24,6,23
2022-11-24,7,67
2022-11-24,8,111
2022-11-24,9,106
2022-11-24,10,80
2022-11-24,11,118
2022-11-24,12,131
2022-11-24,13,129
2022-11-24,14,167
2022-11-24,15,202
2022-11-24,16,366
2022-11-24,17,243
2022-11-24,18,172
2022-11-24,19,118
2022-11-24,20,105
2022-11-24,21,84
2022-11-24,22,119
2022-11-24,23,53
2022-11-25,0,27
2022-11-25,1,10
2022-11-25,2,6
2022-11-25,3,6
2022-11-25,4,5
2022-11-25,5,10
2022-11-25,6,23
2022-11-25,7,58
2022-11-25,8,128
2022-11-25,9,117
2022-11-25,10,96
2022-11-25,11,153
2022-11-25,12,124
2022-11-25,13,146
2022-11-25,14,261
2022-11-25,15,204
2022-11-25,16,195
2022-11-25,17,213
2022-11-25,18,131
2022-11-25,19,172
2022-11-25,20,76
2022-11-25,21,68
2022-11-25,22,80
2022-11-25,23,62
2022-11-26,0,43
2022-11-26,1,29
2022-11-26,2,46
2022-11-26,3,20
2022-11-26,4,25
2022-11-26,5,13
2022-11-26,6,22
2022-11-26,7,71
2022-11-26,8,34
2022-11-26,9,71
2022-11-26,10,90
2022-11-26,11,128
2022-11-26,12,218
2022-11-26,13,192
2022-11-26,14,256
2022-11-26,15,267
2022-11-26,16,251
2022-11-26,17,177
2022-11-26,18,175
2022-11-26,19,126
2022-11-26,20,106
2022-11-26,21,74
2022-11-26,22,92
2022-11-26,23,81
2022-11-27,0,60
2022-11-27,1,38
2022-11-27,2,48
2022-11-27,3,26
2022-11-27,4,10
2022-11-27,5,8
2022-11-27,6,8
2022-11-27,7,12
2022-11-27,8,30
2022-11-27,9,25
2022-11-27,10,78
2022-11-27,11,97
2022-11-27,12,128
2022-11-27,13,226
2022-11-27,14,217
2022-11-27,15,209
2022-11-27,16,230
2022-11-27,17,281
2022-11-27,18,199
2022-11-27,19,103
2022-11-27,20,75
2022-11-27,21,42
2022-11-27,22,50
2022-11-27,23,32
2022-11-28,0,17
2022-11-28,1,15
2022-11-28,2,9
2022-11-28,3,7
2022-11-28,4,8
2022-11-28,5,4
2022-11-28,6,17
2022-11-28,7,67
2022-11-28,8,140
2022-11-28,9,106
2022-11-28,10,99
2022-11-28,11,85
2022-11-28,12,116
2022-11-28,13,133
2022-11-28,14,113
2022-11-28,15,232
2022-11-28,16,173
2022-11-28,17,178
2022-11-28,18,280
2022-11-28,19,77
2022-11-28,20,76
2022-11-28,21,43
2022-11-28,22,32
2022-11-28,23,33
2022-11-29,0,22
2022-11-29,1,16
2022-11-29,2,8
2022-11-29,3,9
2022-11-29,4,12
2022-11-29,5,6
2022-11-29,6,25
2022-11-29,7,76
2022-11-29,8,104
2022-11-29,9,106
2022-11-29,10,102
2022-11-29,11,101
2022-11-29,12,111
2022-11-29,13,129
2022-11-29,14,142
2022-11-29,15,127
2022-11-29,16,289
2022-11-29,17,409
2022-11-29,18,246
2022-11-29,19,116
2022-11-29,20,69
2022-11-29,21,51
2022-11-29,22,59
2022-11-29,23,33
2022-11-30,0,25
2022-11-30,1,10
2022-11-30,2,4
2022-11-30,3,6
2022-11-30,4,14
2022-11-30,5,9
2022-11-30,6,20
2022-11-30,7,59
2022-11-30,8,116
2022-11-30,9,173
2022-11-30,10,103
2022-11-30,11,103
2022-11-30,12,105
2022-11-30,13,152
2022-11-30,14,141
2022-11-30,15,122
2022-11-30,16,214
2022-11-30,17,200
2022-11-30,18,237
2022-11-30,19,118
2022-11-30,20,67
2022-11-30,21,58
2022-11-30,22,52
2022-11-30,23,36
2022-12-01,0,19
2022-12-01,1,8
2022-12-01,2,6
2022-12-01,3,8
2022-12-01,4,14
2022-12-01,5,6
2022-12-01,6,17
2022-12-01,7,74
2022-12-01,8,137
2022-12-01,9,110
2022-12-01,10,124
2022-12-01,11,92
2022-12-01,12,157
2022-12-01,13,161
2022-12-01,14,177
2022-12-01,15,136
2022-12-01,16,175
2022-12-01,17,192
2022-12-01,18,149
2022-12-01,19,103
2022-12-01,20,90
2022-12-01,21,73
2022-12-01,22,63
2022-12-01,23,36
2022-12-02,0,34
2022-12-02,1,23
2022-12-02,2,13
2022-12-02,3,12
2022-12-02,4,8
2022-12-02,5,8
2022-12-02,6,15
2022-12-02,7,68
2022-12-02,8,124
2022-12-02,9,86
2022-12-02,10,101
2022-12-02,11,122
2022-12-02,12,145
2022-12-02,13,180
2022-12-02,14,216
2022-12-02,15,234
2022-12-02,16,185
2022-12-02,17,188
2022-12-02,18,190
2022-12-02,19,220
2022-12-02,20,77
2022-12-02,21,58
2022-12-02,22,68
2022-12-02,23,84
2022-12-03,0,63
2022-12-03,1,35
2022-12-03,2,33
2022-12-03,3,25
2022-12-03,4,19
2022-12-03,5,8
2022-12-03,6,24
2022-12-03,7,71
2022-12-03,8,62
2022-12-03,9,50
2022-12-03,10,84
2022-12-03,11,94
2022-12-03,12,209
2022-12-03,13,144
2022-12-03,14,223
2022-12-03,15,178
2022-12-03,16,238
2022-12-03,17,239
2022-12-03,18,243
2022-12-03,19,180
2022-12-03,20,97
2022-12-03,21,81
2022-12-03,22,80
2022-12-03,23,68
2022-12-04,0,49
2022-12-04,1,35
2022-12-04,2,16
2022-12-04,3,36
2022-12-04,4,21
2022-12-04,5,12
2022-12-04,6,12
2022-12-04,7,19
2022-12-04,8,31
2022-12-04,9,35
2022-12-04,10,55
2022-12-04,11,92
2022-12-04,12,118
2022-12-04,13,206
2022-12-04,14,238
2022-12-04,15,292
2022-12-04,16,205
2022-12-04,17,186
2022-12-04,18,218
2022-12-04,19,119
2022-12-04,20,85
2022-12-04,21,54
2022-12-04,22,48
2022-12-04,23,31
2022-12-05,0,30
2022-12-05,1,17
2022-12-05,2,11
2022-12-05,3,4
2022-12-05,4,3
2022-12-05,5,8
2022-12-05,6,25
2022-12-05,7,63
2022-12-05,8,104
2022-12-05,9,92
2022-12-05,10,76
2022-12-05,11,109
2022-12-05,12,139
2022-12-05,13,130
2022-12-05,14,116
2022-12-05,15,200
2022-12-05,16,188
2022-12-05,17,349
2022-12-05,18,193
2022-12-05,19,123
2022-12-05,20,61
2022-12-05,21,56
2022-12-05,22,48
2022-12-05,23,35
2022-12-06,0,24
2022-12-06,1,10
2022-12-06,2,9
2022-12-06,3,5
2022-12-06,4,9
2022-12-06,5,7
2022-12-06,6,21
2022-12-06,7,57
2022-12-06,8,100
2022-12-06,9,99
2022-12-06,10,88
2022-12-06,11,79
2022-12-06,12,128
2022-12-06,13,118
2022-12-06,14,138
2022-12-06,15,143
2022-12-06,16,155
2022-12-06,17,194
2022-12-06,18,208
2022-12-06,19,115
2022-12-06,20,67
2022-12-06,21,46
2022-12-06,22,47
2022-12-06,23,26
2022-12-07,0,20
2022-12-07,1,6
2022-12-07,2,13
2022-12-07,3,3
2022-12-07,4,9
2022-12-07,5,6
2022-12-07,6,24
2022-12-07,7,72
2022-12-07,8,101
2022-12-07,9,137
2022-12-07,10,78
2022-12-07,11,103
2022-12-07,12,110
2022-12-07,13,159
2022-12-07,14,152
2022-12-07,15,170
2022-12-07,16,143
2022-12-07,17,250
2022-12-07,18,205
2022-12-07,19,146
2022-12-07,20,72
2022-12-07,21,56
2022-12-07,22,134
2022-12-07,23,26
2022-12-08,0,27
2022-12-08,1,19
2022-12-08,2,7
2022-12-08,3,6
2022-12-08,4,8
2022-12-08,5,13
2022-12-08,6,22
2022-12-08,7,50
2022-12-08,8,170
2022-12-08,9,130
2022-12-08,10,93
2022-12-08,11,110
2022-12-08,12,252
2022-12-08,13,130
2022-12-08,14,133
2022-12-08,15,156
2022-12-08,16,244
2022-12-08,17,244
2022-12-08,18,254
2022-12-08,19,148
2022-12-08,20,81
2022-12-08,21,105
2022-12-08,22,58
2022-12-08,23,47
2022-12-09,0,45
2022-12-09,1,18
2022-12-09,2,12
2022-12-09,3,11
2022-12-09,4,6
2022-12-09,5,6
2022-12-09,6,13
2022-12-09,7,48
2022-12-09,8,79
2022-12-09,9,105
2022-12-09,10,145
2022-12-09,11,93
2022-12-09,12,160
2022-12-09,13,161
2022-12-09,14,236
2022-12-09,15,254
2022-12-09,16,194
2022-12-09,17,162
2022-12-09,18,135
2022-12-09,19,165
2022-12-09,20,63
2022-12-09,21,68
2022-12-09,22,83
2022-12-09,23,82
2022-12-10,0,63
2022-12-10,1,39
2022-12-10,2,27
2022-12-10,3,18
2022-12-10,4,34
2022-12-10,5,22
2022-12-10,6,25
2022-12-10,7,67
2022-12-10,8,30
2022-12-10,9,50
2022-12-10,10,102
2022-12-10,11,111
2022-12-10,12,264
2022-12-10,13,164
2022-12-10,14,262
2022-12-10,15,245
2022-12-10,16,366
2022-12-10,17,354
2022-12-10,18,344
2022-12-10,19,153
2022-12-10,20,76
2022-12-10,21,64
2022-12-10,22,67
2022-12-10,23,97
2022-12-11,0,74
2022-12-11,1,47
2022-12-11,2,33
2022-12-11,3,28
2022-12-11,4,26
2022-12-11,5,20
2022-12-11,6,17
2022-12-11,7,19
2022-12-11,8,30
2022-12-11,9,40
2022-12-11,10,136
2022-12-11,11,183
2022-12-11,12,153
2022-12-11,13,279
2022-12-11,14,250
2022-12-11,15,293
2022-12-11,16,221
2022-12-11,17,356
2022-12-11,18,177
2022-12-11,19,171
2022-12-11,20,140
2022-12-11,21,58
2022-12-11,22,38
2022-12-11,23,41
2022-12-12,0,96
2022-12-12,1,140
2022-12-12,2,1
2022-12-12,3,0
2022-12-12,4,1
2022-12-12,5,3
2022-12-12,6,21
2022-12-12,7,58
2022-12-12,8,101
2022-12-12,9,129
2022-12-12,10,79
2022-12-12,11,112
2022-12-12,12,131
2022-12-12,13,137
2022-12-12,14,205
2022-12-12,15,164
2022-12-12,16,196
2022-12-12,17,188
2022-12-12,18,195
2022-12-12,19,106
2022-12-12,20,54
2022-12-12,21,46
2022-12-12,22,35
2022-12-12,23,45
2022-12-13,0,63
2022-12-13,1,145
2022-12-13,2,0
2022-12-13,3,61
2022-12-13,4,0
2022-12-13,5,4
2022-12-13,6,21
2022-12-13,7,65
2022-12-13,8,135
2022-12-13,9,141
2022-12-13,10,123
2022-12-13,11,131
2022-12-13,12,95
2022-12-13,13,125
2022-12-13,14,188
2022-12-13,15,316
2022-12-13,16,264
2022-12-13,17,290
2022-12-13,18,261
2022-12-13,19,114
2022-12-13,20,76
2022-12-13,21,56
2022-12-13,22,54
2022-12-13,23,27
2022-12-14,0,24
2022-12-14,1,12
2022-12-14,2,1
2022-12-14,3,0
2022-12-14,4,0
2022-12-14,5,4
2022-12-14,6,21
2022-12-14,7,66
2022-12-14,8,124
2022-12-14,9,105
2022-12-14,10,156
2022-12-14,11,211
2022-12-14,12,293
2022-12-14,13,158
2022-12-14,14,209
2022-12-14,15,207
2022-12-14,16,328
2022-12-14,17,369
2022-12-14,18,298
2022-12-14,19,157
2022-12-14,20,80
2022-12-14,21,54
2022-12-14,22,123
2022-12-14,23,29
2022-12-15,0,24
2022-12-15,1,18
2022-12-15,2,8
2022-12-15,3,9
2022-12-15,4,9
2022-12-15,5,4
2022-12-15,6,22
2022-12-15,7,58
2022-12-15,8,105
2022-12-15,9,123
2022-12-15,10,110
2022-12-15,11,126
2022-12-15,12,160
2022-12-15,13,147
2022-12-15,14,277
2022-12-15,15,181
2022-12-15,16,285
2022-12-15,17,256
2022-12-15,18,276
2022-12-15,19,370
2022-12-15,20,118
2022-12-15,21,66
2022-12-15,22,106
2022-12-15,23,43
2022-12-16,0,35
2022-12-16,1,17
2022-12-16,2,21
2022-12-16,3,22
2022-12-16,4,6
2022-12-16,5,12
2022-12-16,6,17
2022-12-16,7,46
2022-12-16,8,119
2022-12-16,9,99
2022-12-16,10,86
2022-12-16,11,214
2022-12-16,12,162
2022-12-16,13,225
2022-12-16,14,217
2022-12-16,15,205
2022-12-16,16,286
2022-12-16,17,282
2022-12-16,18,276
2022-12-16,19,378
2022-12-16,20,129
2022-12-16,21,101
2022-12-16,22,81
2022-12-16,23,76
2022-12-17,0,104
2022-12-17,1,38
2022-12-17,2,27
2022-12-17,3,29
2022-12-17,4,11
2022-12-17,5,12
2022-12-17,6,18
2022-12-17,7,23
2022-12-17,8,43
2022-12-17,9,45
2022-12-17,10,73
2022-12-17,11,129
2022-12-17,12,208
2022-12-17,13,197
2022-12-17,14,252
2022-12-17,15,266
2022-12-17,16,263
2022-12-17,17,252
2022-12-17,18,380
2022-12-17,19,315
2022-12-17,20,129
2022-12-17,21,90
2022-12-17,22,106
2022-12-17,23,93
2022-12-18,0,73
2022-12-18,1,48
2022-12-18,2,30
2022-12-18,3,32
2022-12-18,4,18
2022-12-18,5,10
2022-12-18,6,22
2022-12-18,7,12
2022-12-18,8,16
2022-12-18,9,29
2022-12-18,10,47
2022-12-18,11,102
2022-12-18,12,125
2022-12-18,13,208
2022-12-18,14,235
2022-12-18,15,230
2022-12-18,16,163
2022-12-18,17,140
2022-12-18,18,280
2022-12-18,19,149
2022-12-18,20,91
2022-12-18,21,52
2022-12-18,22,40
2022-12-18,23,48
2022-12-19,0,31
2022-12-19,14,168
2022-12-19,15,169
2022-12-19,16,185
2022-12-19,17,251
2022-12-19,18,168
2022-12-19,19,96
2022-12-19,20,65
2022-12-19,21,61
2022-12-19,22,108
2022-12-19,23,21
2022-12-20,0,16
2022-12-20,1,9
2022-12-20,2,4
2022-12-20,3,5
2022-12-20,4,7
2022-12-20,5,6
2022-12-20,6,15
2022-12-20,7,54
2022-12-20,8,142
2022-12-20,9,103
2022-12-20,10,105
2022-12-20,11,133
2022-12-20,12,147
2022-12-20,13,235
2022-12-20,14,201
2022-12-20,15,178
2022-12-20,16,218
2022-12-20,17,270
2022-12-20,18,198
2022-12-20,19,144
2022-12-20,20,119
2022-12-20,21,46
2022-12-20,22,40
2022-12-20,23,50
2022-12-21,0,16
2022-12-21,1,7
2022-12-21,2,6
2022-12-21,3,7
2022-12-21,4,6
2022-12-21,5,10
2022-12-21,6,20
2022-12-21,7,53
2022-12-21,8,124
2022-12-21,9,85
2022-12-21,10,94
2022-12-21,11,142
2022-12-21,12,136
2022-12-21,13,219
2022-12-21,14,217
2022-12-21,15,141
2022-12-21,16,167
2022-12-21,17,173
2022-12-21,18,186
2022-12-21,19,138
2022-12-21,20,92
2022-12-21,21,78
2022-12-21,22,261
2022-12-21,23,47
2022-12-22,0,24
2022-12-22,1,8
2022-12-22,2,9
2022-12-22,3,13
2022-12-22,4,7
2022-12-22,5,12
2022-12-22,6,22
2022-12-22,7,50
2022-12-22,8,95
2022-12-22,9,184
2022-12-22,10,96
2022-12-22,11,142
2022-12-22,12,155
2022-12-22,13,186
2022-12-22,14,285
2022-12-22,15,268
2022-12-22,16,254
2022-12-22,17,225
2022-12-22,18,168
2022-12-22,19,142
2022-12-22,20,117
2022-12-22,21,66
2022-12-22,22,52
2022-12-22,23,44
2022-12-23,0,36
2022-12-23,1,16
2022-12-23,2,15
2022-12-23,3,10
2022-12-23,4,5
2022-12-23,5,13
2022-12-23,6,19
2022-12-23,7,36
2022-12-23,8,65
2022-12-23,9,81
2022-12-23,10,101
2022-12-23,11,160
2022-12-23,12,226
2022-12-23,13,256
2022-12-23,14,223
2022-12-23,15,183
2022-12-23,16,186
2022-12-23,17,197
2022-12-23,18,159
2022-12-23,19,137
2022-12-23,20,111
2022-12-23,21,66
2022-12-23,22,55
2022-12-23,23,52
2022-12-24,0,39
2022-12-24,1,33
2022-12-24,2,22
2022-12-24,3,23
2022-12-24,4,23
2022-12-24,5,15
2022-12-24,6,15
2022-12-24,7,31
2022-12-24,8,32
2022-12-24,9,54
2022-12-24,10,97
2022-12-24,11,108
2022-12-24,12,141
2022-12-24,13,124
2022-12-24,14,213
2022-12-24,15,261
2022-12-24,16,237
2022-12-24,17,184
2022-12-24,18,141
2022-12-24,19,99
2022-12-24,20,77
2022-12-24,21,42
2022-12-24,22,44
2022-12-24,23,22
2022-12-25,0,19
2022-12-25,1,22
2022-12-25,2,6
2022-12-25,3,4
2022-12-25,4,5
2022-12-25,5,1
2022-12-25,6,8
2022-12-25,7,18
2022-12-25,8,31
2022-12-25,9,30
2022-12-25,10,52
2022-12-25,11,92
2022-12-25,12,32
2022-12-25,13,50
2022-12-25,14,20
2022-12-25,15,30
2022-12-25,16,31
2022-12-25,17,24
2022-12-25,18,25
2022-12-25,19,18
2022-12-25,20,38
2022-12-25,21,44
2022-12-25,22,44
2022-12-25,23,30
2022-12-26,0,18
2022-12-26,1,14
2022-12-26,2,5
2022-12-26,3,9
2022-12-26,4,6
2022-12-26,5,4
2022-12-26,6,4
2022-12-26,7,52
2022-12-26,8,127
2022-12-26,9,106
2022-12-26,10,71
2022-12-26,11,70
2022-12-26,12,66
2022-12-26,13,119
2022-12-26,14,125
2022-12-26,15,158
2022-12-26,16,113
2022-12-26,17,162
2022-12-26,18,167
2022-12-26,19,65
2022-12-26,20,62
2022-12-26,21,33
2022-12-26,22,20
2022-12-26,23,34
2022-12-27,0,16
2022-12-27,1,19
2022-12-27,2,11
2022-12-27,3,8
2022-12-27,4,16
2022-12-27,5,4
2022-12-27,6,13
2022-12-27,7,55
2022-12-27,8,91
2022-12-27,9,90
2022-12-27,10,72
2022-12-27,11,96
2022-12-27,12,96
2022-12-27,13,120
2022-12-27,14,177
2022-12-27,15,233
2022-12-27,16,156
2022-12-27,17,120
2022-12-27,18,100
2022-12-27,19,94
2022-12-27,20,75
2022-12-27,21,43
2022-12-27,22,28
2022-12-27,23,32
2022-12-28,0,11
2022-12-28,1,25
2022-12-28,2,7
2022-12-28,3,7
2022-12-28,4,5
2022-12-28,5,9
2022-12-28,6,8
2022-12-28,7,57
2022-12-28,8,96
2022-12-28,9,106
2022-12-28,10,62
2022-12-28,11,87
2022-12-28,12,115
2022-12-28,13,128
2022-12-28,14,223
2022-12-28,15,237
2022-12-28,16,288
2022-12-28,17,159
2022-12-28,18,138
2022-12-28,19,103
2022-12-28,20,78
2022-12-28,21,49
2022-12-28,22,73
2022-12-28,23,36
2022-12-29,0,17
2022-12-29,1,22
2022-12-29,2,15
2022-12-29,3,6
2022-12-29,4,13
2022-12-29,5,10
2022-12-29,6,21
2022-12-29,7,49
2022-12-29,8,74
2022-12-29,9,36
2022-12-29,10,64
2022-12-29,11,85
2022-12-29,12,167
2022-12-29,13,137
2022-12-29,14,136
2022-12-29,15,195
2022-12-29,16,172
2022-12-29,17,179
2022-12-29,18,170
2022-12-29,19,69
2022-12-29,20,50
2022-12-29,21,62
2022-12-29,22,36
2022-12-29,23,73
2022-12-30,0,33
2022-12-30,1,17
2022-12-30,2,13
2022-12-30,3,10
2022-12-30,4,10
2022-12-30,5,10
2022-12-30,6,29
2022-12-30,7,21
2022-12-30,8,54
2022-12-30,9,168
2022-12-30,10,60
2022-12-30,11,87
2022-12-30,12,106
2022-12-30,13,123
2022-12-30,14,195
2022-12-30,15,242
2022-12-30,16,266
2022-12-30,17,278
2022-12-30,18,140
2022-12-30,19,146
2022-12-30,20,72
2022-12-30,21,47
2022-12-30,22,54
2022-12-30,23,39
2022-12-31,0,31
2022-12-31,1,25
2022-12-31,2,18
2022-12-31,3,15
2022-12-31,4,22
2022-12-31,5,7
2022-12-31,6,17
2022-12-31,7,9
2022-12-31,8,17
2022-12-31,9,33
2022-12-31,10,47
2022-12-31,11,78
2022-12-31,12,81
2022-12-31,13,136
2022-12-31,14,132
2022-12-31,15,144
2022-12-31,16,189
2022-12-31,17,123
2022-12-31,18,81
2022-12-31,19,114
2022-12-31,20,89
2022-12-31,21,52
2022-12-31,22,74
2022-12-31,23,62
2023-01-01,0,49
2023-01-01,1,61
2023-01-01,2,38
2023-01-01,3,42
2023-01-01,4,43
2023-01-01,5,33
2023-01-01,6,16
2023-01-01,7,10
2023-01-01,8,15
2023-01-01,9,30
2023-01-01,10,52
2023-01-01,11,35
2023-01-01,12,49
2023-01-01,13,33
2023-01-01,14,83
2023-01-01,15,54
2023-01-01,16,43
2023-01-01,17,152
2023-01-01,18,73
2023-01-01,19,36
2023-01-01,20,42
2023-01-01,21,24
2023-01-01,22,37
2023-01-01,23,30
2023-01-02,0,17
2023-01-02,1,9
2023-01-02,2,9
2023-01-02,3,4
2023-01-02,4,17
2023-01-02,5,10
2023-01-02,6,10
2023-01-02,7,44
2023-01-02,8,127
2023-01-02,9,94
2023-01-02,10,59
2023-01-02,11,83
2023-01-02,12,72
2023-01-02,13,69
2023-01-02,14,93
2023-01-02,15,97
2023-01-02,16,92
2023-01-02,17,158
2023-01-02,18,128
2023-01-02,19,74
2023-01-02,20,40
2023-01-02,21,38
2023-01-02,22,40
2023-01-02,23,26
2023-01-03,0,19
2023-01-03,1,11
2023-01-03,2,9
2023-01-03,3,8
2023-01-03,4,8
2023-01-03,5,8
2023-01-03,6,16
2023-01-03,7,67
2023-01-03,8,87
2023-01-03,9,58
2023-01-03,10,34
2023-01-03,11,58
2023-01-03,12,86
2023-01-03,13,125
2023-01-03,14,196
2023-01-03,15,154
2023-01-03,16,172
2023-01-03,17,158
2023-01-03,18,122
2023-01-03,19,104
2023-01-03,20,43
2023-01-03,21,36
2023-01-03,22,40
2023-01-03,23,28
2023-01-04,0,12
2023-01-04,1,2
2023-01-04,2,0
2023-01-04,3,2
2023-01-04,4,7
2023-01-04,5,7
2023-01-04,6,14
2023-01-04,7,45
2023-01-04,8,60
2023-01-04,9,50
2023-01-04,10,59
2023-01-04,11,72
2023-01-04,12,93
2023-01-04,13,101
2023-01-04,14,145
2023-01-04,15,149
2023-01-04,16,151
2023-01-04,17,178
2023-01-04,18,164
2023-01-04,19,60
2023-01-04,20,48
2023-01-04,21,35
2023-01-04,22,33
2023-01-04,23,22
2023-01-05,0,17
2023-01-05,1,13
2023-01-05,2,2
2023-01-05,3,8
2023-01-05,4,5
2023-01-05,5,4
2023-01-05,6,24
2023-01-05,7,38
2023-01-05,8,90
2023-01-05,9,80
2023-01-05,10,73
2023-01-05,11,70
2023-01-05,12,83
2023-01-05,13,96
2023-01-05,14,123
2023-01-05,15,224
2023-01-05,16,166
2023-01-05,17,158
2023-01-05,18,130
2023-01-05,19,81
2023-01-05,20,50
2023-01-05,21,45
2023-01-05,22,33
2023-01-05,23,25
2023-01-06,0,20
2023-01-06,1,7
2023-01-06,2,5
2023-01-06,3,5
2023-01-06,4,5
2023-01-06,5,9
2023-01-06,6,13
2023-01-06,7,51
2023-01-06,8,63
2023-01-06,9,130
2023-01-06,10,81
2023-01-06,11,90
2023-01-06,12,130
2023-01-06,13,132
2023-01-06,14,154
2023-01-06,15,222
2023-01-06,16,260
2023-01-06,17,163
2023-01-06,18,132
2023-01-06,19,88
2023-01-06,20,52
2023-01-06,21,63
2023-01-06,22,36
2023-01-06,23,43
2023-01-07,0,34
2023-01-07,1,16
2023-01-07,2,15
2023-01-07,3,9
2023-01-07,4,15
2023-01-07,5,14
2023-01-07,6,10
2023-01-07,7,41
2023-01-07,8,41
2023-01-07,9,33
2023-01-07,10,55
2023-01-07,11,95
2023-01-07,12,121
2023-01-07,13,146
2023-01-07,14,159
2023-01-07,15,153
2023-01-07,16,215
2023-01-07,17,334
2023-01-07,18,285
2023-01-07,19,108
2023-01-07,20,69
2023-01-07,21,54
2023-01-07,22,49
2023-01-07,23,50
2023-01-08,0,36
2023-01-08,1,37
2023-01-08,2,15
2023-01-08,3,27
2023-01-08,4,26
2023-01-08,5,7
2023-01-08,6,4
2023-01-08,7,17
2023-01-08,8,31
2023-01-08,9,26
2023-01-08,10,47
2023-01-08,11,83
2023-01-08,12,92
2023-01-08,13,135
2023-01-08,14,131
2023-01-08,15,139
2023-01-08,16,165
2023-01-08,17,124
2023-01-08,18,87
2023-01-08,19,86
2023-01-08,20,103
2023-01-08,21,38
2023-01-08,22,48
2023-01-08,23,26
2023-01-09,0,25
2023-01-09,1,10
2023-01-09,2,6
2023-01-09,3,5
2023-01-09,4,9
2023-01-09,5,7
2023-01-09,6,18
2023-01-09,7,49
2023-01-09,8,98
2023-01-09,9,87
2023-01-09,10,66
2023-01-09,11,72
2023-01-09,12,90
2023-01-09,13,126
2023-01-09,14,104
2023-01-09,15,125
2023-01-09,16,134
2023-01-09,17,215
2023-01-09,18,210
2023-01-09,19,52
2023-01-09,20,45
2023-01-09,21,32
2023-01-09,22,38
2023-01-09,23,24
2023-01-10,0,16
2023-01-10,1,8
2023-01-10,2,7
2023-01-10,3,5
2023-01-10,4,1
2023-01-10,5,5
2023-01-10,6,33
2023-01-10,7,53
2023-01-10,8,97
2023-01-10,9,111
2023-01-10,10,120
2023-01-10,11,116
2023-01-10,12,100
2023-01-10,13,93
2023-01-10,14,108
2023-01-10,15,113
2023-01-10,16,183
2023-01-10,17,296
2023-01-10,18,172
2023-01-10,19,80
2023-01-10,20,46
2023-01-10,21,40
2023-01-10,22,22
2023-01-10,23,17
2023-01-11,0,12
2023-01-11,1,12
2023-01-11,2,5
2023-01-11,3,1
2023-01-11,4,2
2023-01-11,5,9
2023-01-11,6,22
2023-01-11,7,61
2023-01-11,8,191
2023-01-11,9,179
2023-01-11,10,53
2023-01-11,11,107
2023-01-11,12,115
2023-01-11,13,136
2023-01-11,14,122
2023-01-11,15,152
2023-01-11,16,132
2023-01-11,17,277
2023-01-11,18,154
2023-01-11,19,98
2023-01-11,20,75
2023-01-11,21,118
2023-01-11,22,34
2023-01-11,23,24
2023-01-12,0,22
2023-01-12,1,10
2023-01-12,2,9
2023-01-12,3,5
2023-01-12,4,11
2023-01-12,5,9
2023-01-12,6,24
2023-01-12,7,79
2023-01-12,8,104
2023-01-12,9,113
2023-01-12,10,97
2023-01-12,11,77
2023-01-12,12,111
2023-01-12,13,104
2023-01-12,14,133
2023-01-12,15,115
2023-01-12,16,223
2023-01-12,17,383
2023-01-12,18,291
2023-01-12,19,106
2023-01-12,20,53
2023-01-12,21,48
2023-01-12,22,27
2023-01-12,23,26
2023-01-13,0,26
2023-01-13,1,19
2023-01-13,2,9
2023-01-13,3,4
2023-01-13,4,9
2023-01-13,5,8
2023-01-13,6,15
2023-01-13,7,57
2023-01-13,8,88
2023-01-13,9,89
2023-01-13,10,138
2023-01-13,11,86
2023-01-13,12,109
2023-01-13,13,114
2023-01-13,14,184
2023-01-13,15,152
2023-01-13,16,252
2023-01-13,17,224
2023-01-13,18,142
2023-01-13,19,151
2023-01-13,20,70
2023-01-13,21,55
2023-01-13,22,46
2023-01-13,23,38
2023-01-14,0,46
2023-01-14,1,25
2023-01-14,2,11
2023-01-14,3,19
2023-01-14,4,17
2023-01-14,5,10
2023-01-14,6,6
2023-01-14,7,13
2023-01-14,8,37
2023-01-14,9,38
2023-01-14,10,117
2023-01-14,11,101
2023-01-14,12,106
2023-01-14,13,133
2023-01-14,14,126
2023-01-14,15,301
2023-01-14,16,417
2023-01-14,17,330
2023-01-14,18,307
2023-01-14,19,87
2023-01-14,20,87
2023-01-14,21,87
2023-01-14,22,60
2023-01-14,23,54
2023-01-15,0,42
2023-01-15,1,25
2023-01-15,2,19
2023-01-15,3,21
2023-01-15,4,21
2023-01-15,5,20
2023-01-15,6,5
2023-01-15,7,80
2023-01-15,8,28
2023-01-15,9,23
2023-01-15,10,50
2023-01-15,11,74
2023-01-15,12,136
2023-01-15,13,195
2023-01-15,14,155
2023-01-15,15,151
2023-01-15,16,185
2023-01-15,17,126
2023-01-15,18,113
2023-01-15,19,73
2023-01-15,20,40
2023-01-15,21,36
2023-01-15,22,41
2023-01-15,23,23
2023-01-16,0,22
2023-01-16,1,10
2023-01-16,2,3
2023-01-16,3,4
2023-01-16,4,6
2023-01-16,5,3
2023-01-16,6,20
2023-01-16,7,41
2023-01-16,8,113
2023-01-16,9,90
2023-01-16,10,67
2023-01-16,11,93
2023-01-16,12,71
2023-01-16,13,119
2023-01-16,14,103
2023-01-16,15,160
2023-01-16,16,220
2023-01-16,17,305
2023-01-16,18,191
2023-01-16,19,90
2023-01-16,20,48
2023-01-16,21,39
2023-01-16,22,25
2023-01-16,23,23
2023-01-17,0,20
2023-01-17,1,15
2023-01-17,2,4
2023-01-17,3,6
2023-01-17,4,3
2023-01-17,5,7
2023-01-17,6,27
2023-01-17,7,64
2023-01-17,8,138
2023-01-17,9,150
2023-01-17,10,107
2023-01-17,11,79
2023-01-17,12,96
2023-01-17,13,98
2023-01-17,14,164
2023-01-17,15,141
2023-01-17,16,222
2023-01-17,17,274
2023-01-17,18,269
2023-01-17,19,108
2023-01-17,20,48
2023-01-17,21,46
2023-01-17,22,40
2023-01-17,23,39
2023-01-18,0,18
2023-01-18,1,34
2023-01-18,2,2
2023-01-18,3,7
2023-01-18,4,8
2023-01-18,5,11
2023-01-18,6,23
2023-01-18,7,69
2023-01-18,8,112
2023-01-18,9,176
2023-01-18,10,80
2023-01-18,11,132
2023-01-18,12,85
2023-01-18,13,133
2023-01-18,14,213
2023-01-18,15,113
2023-01-18,16,164
2023-01-18,17,274
2023-01-18,18,139
2023-01-18,19,81
2023-01-18,20,56
2023-01-18,21,62
2023-01-18,22,92
2023-01-18,23,36
2023-01-19,0,29
2023-01-19,1,19
2023-01-19,2,4
2023-01-19,3,4
2023-01-19,4,6
2023-01-19,5,9
2023-01-19,6,20
2023-01-19,7,44
2023-01-19,8,114
2023-01-19,9,106
2023-01-19,10,61
2023-01-19,11,84
2023-01-19,12,158
2023-01-19,13,134
2023-01-19,14,220
2023-01-19,15,182
2023-01-19,16,280
2023-01-19,17,295
2023-01-19,18,260
2023-01-19,19,189
2023-01-19,20,64
2023-01-19,21,60
2023-01-19,22,54
2023-01-19,23,33
2023-01-20,0,34
2023-01-20,1,9
2023-01-20,2,12
2023-01-20,3,11
2023-01-20,4,10
2023-01-20,5,7
2023-01-20,6,18
2023-01-20,7,50
2023-01-20,8,81
2023-01-20,9,95
2023-01-20,10,89
2023-01-20,11,153
2023-01-20,12,110
2023-01-20,13,138
2023-01-20,14,240
2023-01-20,15,183
2023-01-20,16,228
2023-01-20,17,216
2023-01-20,18,148
2023-01-20,19,128
2023-01-20,20,60
2023-01-20,21,48
2023-01-20,22,55
2023-01-20,23,62
2023-01-21,0,39
2023-01-21,1,27
2023-01-21,2,19
2023-01-21,3,15
2023-01-21,4,18
2023-01-21,5,10
2023-01-21,6,14
2023-01-21,7,25
2023-01-21,8,25
2023-01-21,9,39
2023-01-21,10,59
2023-01-21,11,85
2023-01-21,12,111
2023-01-21,13,135
2023-01-21,14,238
2023-01-21,15,284
2023-01-21,16,320
2023-01-21,17,232
2023-01-21,18,199
2023-01-21,19,76
2023-01-21,20,66
2023-01-21,21,53
2023-01-21,22,67
2023-01-21,23,56
2023-01-22,0,39
2023-01-22,1,21
2023-01-22,2,15
2023-01-22,3,85
2023-01-22,4,21
2023-01-22,5,21
2023-01-22,6,19
2023-01-22,7,12
2023-01-22,8,31
2023-01-22,9,26
2023-01-22,10,37
2023-01-22,11,90
2023-01-22,12,110
2023-01-22,13,197
2023-01-22,14,199
2023-01-22,15,235
2023-01-22,16,279
2023-01-22,17,131
2023-01-22,18,106
2023-01-22,19,66
2023-01-22,20,42
2023-01-22,21,33
2023-01-22,22,35
2023-01-22,23,40
2023-01-23,0,12
2023-01-23,1,19
2023-01-23,2,8
2023-01-23,3,1
2023-01-23,4,6
2023-01-23,5,9
2023-01-23,6,11
2023-01-23,7,55
2023-01-23,8,113
2023-01-23,9,84
2023-01-23,10,59
2023-01-23,11,65
2023-01-23,12,102
2023-01-23,13,133
2023-01-23,14,229
2023-01-23,15,178
2023-01-23,16,157
2023-01-23,17,145
2023-01-23,18,148
2023-01-23,19,60
2023-01-23,20,65
2023-01-23,21,47
2023-01-23,22,31
2023-01-23,23,30
2023-01-24,0,14
2023-01-24,1,11
2023-01-24,2,12
2023-01-24,3,2
2023-01-24,4,6
2023-01-24,5,4
2023-01-24,6,22
2023-01-24,7,124
2023-01-24,8,112
2023-01-24,9,160
2023-01-24,10,105
2023-01-24,11,75
2023-01-24,12,100
2023-01-24,13,137
2023-01-24,14,126
2023-01-24,15,127
2023-01-24,16,140
2023-01-24,17,242
2023-01-24,18,265
2023-01-24,19,112
2023-01-24,20,72
2023-01-24,21,53
2023-01-24,22,36
2023-01-24,23,54
2023-01-25,0,22
2023-01-25,1,26
2023-01-25,2,4
2023-01-25,3,6
2023-01-25,4,3
2023-01-25,5,5
2023-01-25,6,16
2023-01-25,7,28
2023-01-25,8,83
2023-01-25,9,172
2023-01-25,10,75
2023-01-25,11,90
2023-01-25,12,157
2023-01-25,13,131
2023-01-25,14,103
2023-01-25,15,78
2023-01-25,16,0
2023-01-25,17,0
2023-01-25,18,0
2023-01-25,19,12
2023-01-25,20,53
2023-01-25,21,38
2023-01-25,22,84
2023-01-25,23,51
2023-01-26,0,20
2023-01-26,1,16
2023-01-26,2,9
2023-01-26,3,10
2023-01-26,4,8
2023-01-26,5,10
2023-01-26,6,15
2023-01-26,7,56
2023-01-26,8,137
2023-01-26,9,107
2023-01-26,10,79
2023-01-26,11,86
2023-01-26,12,159
2023-01-26,13,125
2023-01-26,14,173
2023-01-26,15,148
2023-01-26,16,252
2023-01-26,17,311
2023-01-26,18,248
2023-01-26,19,141
2023-01-26,20,79
2023-01-26,21,60
2023-01-26,22,46
2023-01-26,23,55
2023-01-27,0,36
2023-01-27,1,11
2023-01-27,2,14
2023-01-27,3,8
2023-01-27,4,5
2023-01-27,5,4
2023-01-27,6,20
2023-01-27,7,65
2023-01-27,8,87
2023-01-27,9,81
2023-01-27,10,75
2023-01-27,11,85
2023-01-27,12,138
2023-01-27,13,156
2023-01-27,14,201
2023-01-27,15,171
2023-01-27,16,157
2023-01-27,17,201
2023-01-27,18,124
2023-01-27,19,150
2023-01-27,20,65
2023-01-27,21,52
2023-01-27,22,50
2023-01-27,23,49
2023-01-28,0,105
2023-01-28,1,27
2023-01-28,2,20
2023-01-28,3,18
2023-01-28,4,22
2023-01-28,5,14
2023-01-28,6,17
2023-01-28,7,58
2023-01-28,8,29
2023-01-28,9,37
2023-01-28,10,63
2023-01-28,11,115
2023-01-28,12,146
2023-01-28,13,228
2023-01-28,14,230
2023-01-28,15,291
2023-01-28,16,309
2023-01-28,17,307
2023-01-28,18,253
2023-01-28,19,93
2023-01-28,20,93
2023-01-28,21,50
2023-01-28,22,59
2023-01-28,23,87
2023-01-29,0,56
2023-01-29,1,28
2023-01-29,2,26
2023-01-29,3,26
2023-01-29,4,39
2023-01-29,5,17
2023-01-29,6,16
2023-01-29,7,15
2023-01-29,8,31
2023-01-29,9,30
2023-01-29,10,52
2023-01-29,11,135
2023-01-29,12,101
2023-01-29,13,209
2023-01-29,14,192
2023-01-29,15,330
2023-01-29,16,204
2023-01-29,17,139
2023-01-29,18,98
2023-01-29,19,94
2023-01-29,20,40
2023-01-29,21,42
2023-01-29,22,50
2023-01-29,23,36
2023-01-30,0,10
2023-01-30,1,9
2023-01-30,2,7
2023-01-30,3,8
2023-01-30,4,5
2023-01-30,5,11
2023-01-30,6,21
2023-01-30,7,55
2023-01-30,8,111
2023-01-30,9,91
2023-01-30,10,87
2023-01-30,11,90
2023-01-30,12,141
2023-01-30,13,114
2023-01-30,14,107
2023-01-30,15,98
2023-01-30,16,138
2023-01-30,17,301
2023-01-30,18,116
2023-01-30,19,74
2023-01-30,20,48
2023-01-30,21,51
2023-01-30,22,33
2023-01-30,23,32
2023-01-31,0,10
2023-01-31,1,16
2023-01-31,2,10
2023-01-31,3,3
2023-01-31,4,4
2023-01-31,5,4
2023-01-31,6,16
2023-01-31,7,72
2023-01-31,8,118
2023-01-31,9,156
2023-01-31,10,143
2023-01-31,11,92
2023-01-31,12,103
2023-01-31,13,114
2023-01-31,14,121
2023-01-31,15,122
2023-01-31,16,173
2023-01-31,17,287
2023-01-31,18,205
2023-01-31,19,76
2023-01-31,20,59
2023-01-31,21,35
2023-01-31,22,32
2023-01-31,23,35
2023-02-01,0,11
2023-02-01,1,28
2023-02-01,2,8
2023-02-01,3,4
2023-02-01,4,10
2023-02-01,5,13
2023-02-01,6,22
2023-02-01,7,51
2023-02-01,8,111
2023-02-01,9,119
2023-02-01,10,74
2023-02-01,11,88
2023-02-01,12,115
2023-02-01,13,84
2023-02-01,14,127
2023-02-01,15,116
2023-02-01,16,173
2023-02-01,17,288
2023-02-01,18,243
2023-02-01,19,107
2023-02-01,20,57
2023-02-01,21,59
2023-02-01,22,103
2023-02-01,23,46
2023-02-02,0,18
2023-02-02,1,16
2023-02-02,2,11
2023-02-02,3,11
2023-02-02,4,16
2023-02-02,5,8
2023-02-02,6,26
2023-02-02,7,70
2023-02-02,8,120
2023-02-02,9,200
2023-02-02,10,96
2023-02-02,11,94
2023-02-02,12,117
2023-02-02,13,140
2023-02-02,14,231
2023-02-02,15,122
2023-02-02,16,250
2023-02-02,17,285
2023-02-02,18,202
2023-02-02,19,79
2023-02-02,20,55
2023-02-02,21,48
2023-02-02,22,46
2023-02-02,23,33
2023-02-03,0,20
2023-02-03,1,8
2023-02-03,2,0
2023-02-03,3,3
2023-02-03,4,9
2023-02-03,5,6
2023-02-03,6,17
2023-02-03,7,68
2023-02-03,8,85
2023-02-03,9,80
2023-02-03,10,114
2023-02-03,11,90
2023-02-03,12,159
2023-02-03,13,176
2023-02-03,14,248
2023-02-03,15,197
2023-02-03,16,126
2023-02-03,17,275
2023-02-03,18,107
2023-02-03,19,97
2023-02-03,20,58
2023-02-03,21,44
2023-02-03,22,61
2023-02-03,23,47
2023-02-04,0,49
2023-02-04,1,34
2023-02-04,2,18
2023-02-04,3,18
2023-02-04,4,17
2023-02-04,5,4
2023-02-04,6,19
2023-02-04,7,57
2023-02-04,8,77
2023-02-04,9,42
2023-02-04,10,58
2023-02-04,11,186
2023-02-04,12,95
2023-02-04,13,221
2023-02-04,14,298
2023-02-04,15,275
2023-02-04,16,247
2023-02-04,17,140
2023-02-04,18,175
2023-02-04,19,111
2023-02-04,20,76
2023-02-04,21,65
2023-02-04,22,67
2023-02-04,23,86
2023-02-05,0,62
2023-02-05,1,44
2023-02-05,2,30
2023-02-05,3,30
2023-02-05,4,21
2023-02-05,5,14
2023-02-05,6,26
2023-02-05,7,16
2023-02-05,8,16
2023-02-05,9,23
2023-02-05,10,56
2023-02-05,11,98
2023-02-05,12,106
2023-02-05,13,122
2023-02-05,14,137
2023-02-05,15,164
2023-02-05,16,254
2023-02-05,17,209
2023-02-05,18,112
2023-02-05,19,89
2023-02-05,20,46
2023-02-05,21,29
2023-02-05,22,75
2023-02-05,23,45
2023-02-06,0,15
2023-02-06,1,12
2023-02-06,2,4
2023-02-06,3,9
2023-02-06,4,9
2023-02-06,5,3
2023-02-06,6,12
2023-02-06,7,72
2023-02-06,8,97
2023-02-06,9,108
2023-02-06,10,95
2023-02-06,11,60
2023-02-06,12,102
2023-02-06,13,104
2023-02-06,14,114
2023-02-06,15,110
2023-02-06,16,114
2023-02-06,17,280
2023-02-06,18,149
2023-02-06,19,82
2023-02-06,20,52
2023-02-06,21,35
2023-02-06,22,26
2023-02-06,23,34
2023-02-07,0,13
2023-02-07,1,0
2023-02-07,2,0
2023-02-07,3,0
2023-02-07,4,0
2023-02-07,5,4
2023-02-07,6,21
2023-02-07,7,57
2023-02-07,8,119
2023-02-07,9,103
2023-02-07,10,92
2023-02-07,11,81
2023-02-07,12,90
2023-02-07,13,115
2023-02-07,14,111
2023-02-07,15,117
2023-02-07,16,170
2023-02-07,17,278
2023-02-07,18,218
2023-02-07,19,75
2023-02-07,20,119
2023-02-07,21,35
2023-02-07,22,32
2023-02-07,23,35
2023-02-08,0,9
2023-02-08,1,25
2023-02-08,2,1
2023-02-08,3,0
2023-02-08,4,3
2023-02-08,5,6
2023-02-08,6,24
2023-02-08,7,72
2023-02-08,8,115
2023-02-08,9,121
2023-02-08,10,90
2023-02-08,11,103
2023-02-08,12,102
2023-02-08,13,118
2023-02-08,14,233
2023-02-08,15,132
2023-02-08,16,207
2023-02-08,17,340
2023-02-08,18,225
2023-02-08,19,83
2023-02-08,20,69
2023-02-08,21,51
2023-02-08,22,119
2023-02-08,23,43
2023-02-09,0,18
2023-02-09,1,9
2023-02-09,2,12
2023-02-09,3,12
2023-02-09,4,11
2023-02-09,5,12
2023-02-09,6,24
2023-02-09,7,64
2023-02-09,8,111
2023-02-09,9,131
2023-02-09,10,71
2023-02-09,11,122
2023-02-09,12,125
2023-02-09,13,131
2023-02-09,14,104
2023-02-09,15,143
2023-02-09,16,200
2023-02-09,17,297
2023-02-09,18,166
2023-02-09,19,103
2023-02-09,20,62
2023-02-09,21,99
2023-02-09,22,45
2023-02-09,23,28
2023-02-10,0,21
2023-02-10,1,16
2023-02-10,2,14
2023-02-10,3,5
2023-02-10,4,5
2023-02-10,5,5
2023-02-10,6,23
2023-02-10,7,52
2023-02-10,8,90
2023-02-10,9,80
2023-02-10,10,95
2023-02-10,11,103
2023-02-10,12,129
2023-02-10,13,135
2023-02-10,14,194
2023-02-10,15,101
2023-02-10,16,231
2023-02-10,17,254
2023-02-10,18,129
2023-02-10,19,100
2023-02-10,20,58
2023-02-10,21,67
2023-02-10,22,68
2023-02-10,23,49
2023-02-11,0,80
2023-02-11,1,33
2023-02-11,2,28
2023-02-11,3,21
2023-02-11,4,16
2023-02-11,5,11
2023-02-11,6,12
2023-02-11,7,31
2023-02-11,8,31
2023-02-11,9,65
2023-02-11,10,62
2023-02-11,11,135
2023-02-11,12,119
2023-02-11,13,176
2023-02-11,14,229
2023-02-11,15,350
2023-02-11,16,281
2023-02-11,17,175
2023-02-11,18,139
2023-02-11,19,116
2023-02-11,20,269
2023-02-11,21,65
2023-02-11,22,70
2023-02-11,23,65
2023-02-12,0,46
2023-02-12,1,46
2023-02-12,2,34
2023-02-12,3,35
2023-02-12,4,26
2023-02-12,5,9
2023-02-12,6,18
2023-02-12,7,12
2023-02-12,8,26
2023-02-12,9,30
2023-02-12,10,34
2023-02-12,11,87
2023-02-12,12,94
2023-02-12,13,113
2023-02-12,14,273
2023-02-12,15,244
2023-02-12,16,146
2023-02-12,17,165
2023-02-12,18,107
2023-02-12,19,63
2023-02-12,20,56
2023-02-12,21,41
2023-02-12,22,44
2023-02-12,23,34
2023-02-13,0,15
2023-02-13,1,7
2023-02-13,2,5
2023-02-13,3,4
2023-02-13,4,11
2023-02-13,5,5
2023-02-13,6,17
2023-02-13,7,58
2023-02-13,8,97
2023-02-13,9,80
2023-02-13,10,84
2023-02-13,11,69
2023-02-13,12,96
2023-02-13,13,114
2023-02-13,14,124
2023-02-13,15,122
2023-02-13,16,205
2023-02-13,17,321
2023-02-13,18,145
2023-02-13,19,75
2023-02-13,20,52
2023-02-13,21,30
2023-02-13,22,26
2023-02-13,23,98
2023-02-14,0,14
2023-02-14,1,10
2023-02-14,2,10
2023-02-14,3,7
2023-02-14,4,1
2023-02-14,5,10
2023-02-14,6,21
2023-02-14,7,50
2023-02-14,8,101
2023-02-14,9,79
2023-02-14,10,94
2023-02-14,11,74
2023-02-14,12,118
2023-02-14,13,105
2023-02-14,14,107
2023-02-14,15,144
2023-02-14,16,272
2023-02-14,17,323
2023-02-14,18,180
2023-02-14,19,77
2023-02-14,20,53
2023-02-14,21,44
2023-02-14,22,37
2023-02-14,23,25
2023-02-15,0,18
2023-02-15,1,12
2023-02-15,2,11
2023-02-15,3,8
2023-02-15,4,4
2023-02-15,5,11
2023-02-15,6,29
2023-02-15,7,58
2023-02-15,8,117
2023-02-15,9,76
2023-02-15,10,82
2023-02-15,11,81
2023-02-15,12,167
2023-02-15,13,147
2023-02-15,14,182
2023-02-15,15,161
2023-02-15,16,281
2023-02-15,17,278
2023-02-15,18,189
2023-02-15,19,74
2023-02-15,20,59
2023-02-15,21,48
2023-02-15,22,36
2023-02-15,23,25
2023-02-16,0,12
2023-02-16,1,12
2023-02-16,2,8
2023-02-16,3,9
2023-02-16,4,14
2023-02-16,5,11
2023-02-16,6,23
2023-02-16,7,46
2023-02-16,8,89
2023-02-16,9,94
2023-02-16,10,70
2023-02-16,11,107
2023-02-16,12,142
2023-02-16,13,112
2023-02-16,14,135
2023-02-16,15,128
2023-02-16,16,264
2023-02-16,17,253
2023-02-16,18,199
2023-02-16,19,128
2023-02-16,20,73
2023-02-16,21,68
2023-02-16,22,40
2023-02-16,23,40
2023-02-17,0,19
2023-02-17,1,22
2023-02-17,2,4
2023-02-17,3,3
2023-02-17,4,7
2023-02-17,5,9
2023-02-17,6,26
2023-02-17,7,61
2023-02-17,8,78
2023-02-17,9,88
2023-02-17,10,83
2023-02-17,11,131
2023-02-17,12,120
2023-02-17,13,187
2023-02-17,14,326
2023-02-17,15,175
2023-02-17,16,173
2023-02-17,17,213
2023-02-17,18,130
2023-02-17,19,128
2023-02-17,20,69
2023-02-17,21,55
2023-02-17,22,61
2023-02-17,23,51
2023-02-18,0,36
2023-02-18,1,45
2023-02-18,2,20
2023-02-18,3,25
2023-02-18,4,13
2023-02-18,5,3
2023-02-18,6,11
2023-02-18,7,49
2023-02-18,8,31
2023-02-18,9,49
2023-02-18,10,73
2023-02-18,11,139
2023-02-18,12,123
2023-02-18,13,145
2023-02-18,14,193
2023-02-18,15,200
2023-02-18,16,251
2023-02-18,17,305
2023-02-18,18,325
2023-02-18,19,100
2023-02-18,20,87
2023-02-18,21,78
2023-02-18,22,58
2023-02-18,23,61
2023-02-19,0,56
2023-02-19,1,108
2023-02-19,2,36
2023-02-19,3,33
2023-02-19,4,26
2023-02-19,5,10
2023-02-19,6,16
2023-02-19,7,19
2023-02-19,8,26
2023-02-19,9,33
2023-02-19,10,43
2023-02-19,11,67
2023-02-19,12,145
2023-02-19,13,121
2023-02-19,14,141
2023-02-19,15,193
2023-02-19,16,142
2023-02-19,17,120
2023-02-19,18,108
2023-02-19,19,69
2023-02-19,20,53
2023-02-19,21,37
2023-02-19,22,38
2023-02-19,23,25
2023-02-20,0,20
2023-02-20,1,10
2023-02-20,2,9
2023-02-20,3,4
2023-02-20,4,5
2023-02-20,5,5
2023-02-20,6,12
2023-02-20,7,49
2023-02-20,8,116
2023-02-20,9,87
2023-02-20,10,84
2023-02-20,11,84
2023-02-20,12,92
2023-02-20,13,96
2023-02-20,14,119
2023-02-20,15,124
2023-02-20,16,152
2023-02-20,17,163
2023-02-20,18,134
2023-02-20,19,68
2023-02-20,20,48
2023-02-20,21,37
2023-02-20,22,33
2023-02-20,23,22
2023-02-21,0,13
2023-02-21,1,7
2023-02-21,2,3
2023-02-21,3,4
2023-02-21,4,2
2023-02-21,5,12
2023-02-21,6,21
2023-02-21,7,58
2023-02-21,8,161
2023-02-21,9,120
2023-02-21,10,60
2023-02-21,11,94
2023-02-21,12,88
2023-02-21,13,116
2023-02-21,14,109
2023-02-21,15,106
2023-02-21,16,224
2023-02-21,17,170
2023-02-21,18,174
2023-02-21,19,84
2023-02-21,20,47
2023-02-21,21,45
2023-02-21,22,33
2023-02-21,23,16
2023-02-22,0,7
2023-02-22,1,9
2023-02-22,2,7
2023-02-22,3,0
2023-02-22,4,1
2023-02-22,5,10
2023-02-22,6,23
2023-02-22,7,65
2023-02-22,8,107
2023-02-22,9,95
2023-02-22,10,113
2023-02-22,11,78
2023-02-22,12,164
2023-02-22,13,122
2023-02-22,14,138
2023-02-22,15,141
2023-02-22,16,154
2023-02-22,17,216
2023-02-22,18,167
2023-02-22,19,84
2023-02-22,20,66
2023-02-22,21,52
2023-02-22,22,54
2023-02-22,23,27
2023-02-23,0,12
2023-02-23,1,14
2023-02-23,2,11
2023-02-23,3,7
2023-02-23,4,4
2023-02-23,5,11
2023-02-23,6,16
2023-02-23,7,84
2023-02-23,8,117
2023-02-23,9,117
2023-02-23,10,103
2023-02-23,11,81
2023-02-23,12,175
2023-02-23,13,126
2023-02-23,14,107
2023-02-23,15,132
2023-02-23,16,217
2023-02-23,17,217
2023-02-23,18,175
2023-02-23,19,107
2023-02-23,20,57
2023-02-23,21,70
2023-02-23,22,48
2023-02-23,23,31
2023-02-24,0,22
2023-02-24,1,16
2023-02-24,2,11
2023-02-24,3,8
2023-02-24,4,9
2023-02-24,5,9
2023-02-24,6,18
2023-02-24,7,59
2023-02-24,8,99
2023-02-24,9,96
2023-02-24,10,88
2023-02-24,11,110
2023-02-24,12,126
2023-02-24,13,151
2023-02-24,14,135
2023-02-24,15,127
2023-02-24,16,164
2023-02-24,17,181
2023-02-24,18,137
2023-02-24,19,119
2023-02-24,20,58
2023-02-24,21,59
2023-02-24,22,66
2023-02-24,23,59
2023-02-25,0,46
2023-02-25,1,29
2023-02-25,2,26
2023-02-25,3,20
2023-02-25,4,13
2023-02-25,5,18
2023-02-25,6,22
2023-02-25,7,52
2023-02-25,8,31
2023-02-25,9,68
2023-02-25,10,79
2023-02-25,11,185
2023-02-25,12,114
2023-02-25,13,199
2023-02-25,14,150
2023-02-25,15,175
2023-02-25,16,205
2023-02-25,17,177
2023-02-25,18,160
2023-02-25,19,94
2023-02-25,20,190
2023-02-25,21,63
2023-02-25,22,57
2023-02-25,23,52
2023-02-26,0,60
2023-02-26,1,38
2023-02-26,2,39
2023-02-26,3,33
2023-02-26,4,21
2023-02-26,5,15
2023-02-26,6,12
2023-02-26,7,16
2023-02-26,8,31
2023-02-26,9,30
2023-02-26,10,54
2023-02-26,11,85
2023-02-26,12,194
2023-02-26,13,104
2023-02-26,14,149
2023-02-26,15,118
2023-02-26,16,88
2023-02-26,17,144
2023-02-26,18,105
2023-02-26,19,69
2023-02-26,20,74
2023-02-26,21,44
2023-02-26,22,44
2023-02-26,23,28
2023-02-27,0,26
2023-02-27,1,11
2023-02-27,2,3
2023-02-27,3,7
2023-02-27,4,6
2023-02-27,5,9
2023-02-27,6,15
2023-02-27,7,50
2023-02-27,8,88
2023-02-27,9,73
2023-02-27,10,94
2023-02-27,11,106
2023-02-27,12,91
2023-02-27,13,101
2023-02-27,14,101
2023-02-27,15,154
2023-02-27,16,219
2023-02-27,17,110
2023-02-27,18,105
2023-02-27,19,67
2023-02-27,20,49
2023-02-27,21,46
2023-02-27,22,29
2023-02-27,23,22
2023-02-28,0,10
2023-02-28,1,12
2023-02-28,2,11
2023-02-28,3,4
2023-02-28,4,9
2023-02-28,5,4
2023-02-28,6,19
2023-02-28,7,54
2023-02-28,8,99
2023-02-28,9,85
2023-02-28,10,87
2023-02-28,11,92
2023-02-28,12,115
2023-02-28,13,109
2023-02-28,14,110
2023-02-28,15,120
2023-02-28,16,153
2023-02-28,17,281
2023-02-28,18,154
2023-02-28,19,79
2023-02-28,20,73
2023-02-28,21,52
2023-02-28,22,35
2023-02-28,23,30
2023-03-01,0,18
2023-03-01,1,9
2023-03-01,2,5
2023-03-01,3,1
2023-03-01,4,8
2023-03-01,5,14
2023-03-01,6,27
2023-03-01,7,77
2023-03-01,8,111
2023-03-01,9,85
2023-03-01,10,70
2023-03-01,11,73
2023-03-01,12,119
2023-03-01,13,100
2023-03-01,14,126
2023-03-01,15,155
2023-03-01,16,233
2023-03-01,17,234
2023-03-01,18,150
2023-03-01,19,87
2023-03-01,20,58
2023-03-01,21,58
2023-03-01,22,41
2023-03-01,23,27
2023-03-02,0,17
2023-03-02,1,14
2023-03-02,2,8
2023-03-02,3,11
2023-03-02,4,7
2023-03-02,5,12
2023-03-02,6,19
2023-03-02,7,55
2023-03-02,8,98
2023-03-02,9,128
2023-03-02,10,75
2023-03-02,11,89
2023-03-02,12,133
2023-03-02,13,115
2023-03-02,14,153
2023-03-02,15,118
2023-03-02,16,247
2023-03-02,17,150
2023-03-02,18,151
2023-03-02,19,105
2023-03-02,20,58
2023-03-02,21,51
2023-03-02,22,110
2023-03-02,23,108
2023-03-03,0,27
2023-03-03,1,13
2023-03-03,2,9
2023-03-03,3,2
2023-03-03,4,6
2023-03-03,5,10
2023-03-03,6,33
2023-03-03,7,53
2023-03-03,8,182
2023-03-03,9,161
2023-03-03,10,97
2023-03-03,11,98
2023-03-03,12,120
2023-03-03,13,154
2023-03-03,14,185
2023-03-03,15,178
2023-03-03,16,168
2023-03-03,17,136
2023-03-03,18,170
2023-03-03,19,95
2023-03-03,20,112
2023-03-03,21,68
2023-03-03,22,48
2023-03-03,23,109
2023-03-04,0,49
2023-03-04,1,28
2023-03-04,2,27
2023-03-04,3,16
2023-03-04,4,13
2023-03-04,5,9
2023-03-04,6,16
2023-03-04,7,44
2023-03-04,8,35
2023-03-04,9,59
2023-03-04,10,150
2023-03-04,11,91
2023-03-04,12,130
2023-03-04,13,152
2023-03-04,14,217
2023-03-04,15,147
2023-03-04,16,148
2023-03-04,17,140
2023-03-04,18,201
2023-03-04,19,122
2023-03-04,20,91
2023-03-04,21,78
2023-03-04,22,55
2023-03-04,23,76
2023-03-05,0,50
2023-03-05,1,38
2023-03-05,2,29
2023-03-05,3,23
2023-03-05,4,16
2023-03-05,5,8
2023-03-05,6,22
2023-03-05,7,15
2023-03-05,8,26
2023-03-05,9,25
2023-03-05,10,82
2023-03-05,11,89
2023-03-05,12,134
2023-03-05,13,96
2023-03-05,14,137
2023-03-05,15,206
2023-03-05,16,177
2023-03-05,17,179
2023-03-05,18,115
2023-03-05,19,85
2023-03-05,20,109
2023-03-05,21,37
2023-03-05,22,45
2023-03-05,23,34
2023-03-06,0,15
2023-03-06,1,6
2023-03-06,2,7
2023-03-06,3,3
2023-03-06,4,6
2023-03-06,5,11
2023-03-06,6,16
2023-03-06,7,52
2023-03-06,8,193
2023-03-06,9,97
2023-03-06,10,111
2023-03-06,11,87
2023-03-06,12,83
2023-03-06,13,92
2023-03-06,14,120
2023-03-06,15,131
2023-03-06,16,120
2023-03-06,17,239
2023-03-06,18,211
2023-03-06,19,119
2023-03-06,20,56
2023-03-06,21,76
2023-03-06,22,33
2023-03-06,23,23
2023-03-07,0,11
2023-03-07,1,7
2023-03-07,2,3
2023-03-07,3,7
2023-03-07,4,5
2023-03-07,5,5
2023-03-07,6,20
2023-03-07,7,75
2023-03-07,8,114
2023-03-07,9,99
2023-03-07,10,133
2023-03-07,11,86
2023-03-07,12,75
2023-03-07,13,120
2023-03-07,14,180
2023-03-07,15,118
2023-03-07,16,187
2023-03-07,17,200
2023-03-07,18,179
2023-03-07,19,121
2023-03-07,20,51
2023-03-07,21,50
2023-03-07,22,32
2023-03-07,23,39
2023-03-08,0,10
2023-03-08,1,10
2023-03-08,2,2
2023-03-08,3,8
2023-03-08,4,2
2023-03-08,5,5
2023-03-08,6,24
2023-03-08,7,60
2023-03-08,8,113
2023-03-08,9,116
2023-03-08,10,74
2023-03-08,11,88
2023-03-08,12,164
2023-03-08,13,132
2023-03-08,14,197
2023-03-08,15,116
2023-03-08,16,164
2023-03-08,17,317
2023-03-08,18,178
2023-03-08,19,95
2023-03-08,20,65
2023-03-08,21,80
2023-03-08,22,103
2023-03-08,23,61
2023-03-09,0,27
2023-03-09,1,7
2023-03-09,2,12
2023-03-09,3,9
2023-03-09,4,8
2023-03-09,5,12
2023-03-09,6,24
2023-03-09,7,46
2023-03-09,8,101
2023-03-09,9,99
2023-03-09,10,71
2023-03-09,11,108
2023-03-09,12,185
2023-03-09,13,137
2023-03-09,14,166
2023-03-09,15,180
2023-03-09,16,163
2023-03-09,17,144
2023-03-09,18,142
2023-03-09,19,106
2023-03-09,20,120
2023-03-09,21,78
2023-03-09,22,56
2023-03-09,23,28
2023-03-10,0,25
2023-03-10,1,15
2023-03-10,2,11
2023-03-10,3,9
2023-03-10,4,11
2023-03-10,5,6
2023-03-10,6,18
2023-03-10,7,105
2023-03-10,8,192
2023-03-10,9,79
2023-03-10,10,82
2023-03-10,11,93
2023-03-10,12,111
2023-03-10,13,107
2023-03-10,14,190
2023-03-10,15,183
2023-03-10,16,154
2023-03-10,17,196
2023-03-10,18,130
2023-03-10,19,108
2023-03-10,20,85
2023-03-10,21,68
2023-03-10,22,110
2023-03-10,23,60
2023-03-11,0,54
2023-03-11,1,18
2023-03-11,2,20
2023-03-11,3,18
2023-03-11,4,10
2023-03-11,5,19
2023-03-11,6,15
2023-03-11,7,13
2023-03-11,8,35
2023-03-11,9,58
2023-03-11,10,80
2023-03-11,11,117
2023-03-11,12,106
2023-03-11,13,122
2023-03-11,14,142
2023-03-11,15,224
2023-03-11,16,301
2023-03-11,17,186
2023-03-11,18,188
2023-03-11,19,119
2023-03-11,20,67
2023-03-11,21,86
2023-03-11,22,63
2023-03-11,23,82
2023-03-12,0,50
2023-03-12,1,49
2023-03-12,2,34
2023-03-12,3,30
2023-03-12,4,24
2023-03-12,5,13
2023-03-12,6,16
2023-03-12,7,15
2023-03-12,8,21
2023-03-12,9,33
2023-03-12,10,51
2023-03-12,11,86
2023-03-12,12,115
2023-03-12,13,109
2023-03-12,14,122
2023-03-12,15,127
2023-03-12,16,140
2023-03-12,17,249
2023-03-12,18,122
2023-03-12,19,77
2023-03-12,20,57
2023-03-12,21,37
2023-03-12,22,44
2023-03-12,23,34
2023-03-13,0,20
2023-03-13,1,13
2023-03-13,2,7
2023-03-13,3,9
2023-03-13,4,7
2023-03-13,5,2
2023-03-13,6,16
2023-03-13,7,67
2023-03-13,8,99
2023-03-13,9,87
2023-03-13,10,83
2023-03-13,11,73
2023-03-13,12,98
2023-03-13,13,97
2023-03-13,14,112
2023-03-13,15,112
2023-03-13,16,131
2023-03-13,17,134
2023-03-13,18,101
2023-03-13,19,67
2023-03-13,20,46
2023-03-13,21,41
2023-03-13,22,28
2023-03-13,23,45
2023-03-14,0,21
2023-03-14,1,16
2023-03-14,2,8
2023-03-14,3,0
2023-03-14,4,0
2023-03-14,5,4
2023-03-14,6,21
2023-03-14,7,75
2023-03-14,8,97
2023-03-14,9,81
2023-03-14,10,122
2023-03-14,11,88
2023-03-14,12,105
2023-03-14,13,153
2023-03-14,14,131
2023-03-14,15,123
2023-03-14,16,160
2023-03-14,17,227
2023-03-14,18,149
2023-03-14,19,99
2023-03-14,20,58
2023-03-14,21,52
2023-03-14,22,32
2023-03-14,23,54
2023-03-15,0,13
2023-03-15,1,10
2023-03-15,2,6
2023-03-15,3,4
2023-03-15,4,1
2023-03-15,5,5
2023-03-15,6,21
2023-03-15,7,48
2023-03-15,8,139
2023-03-15,9,97
2023-03-15,10,83
2023-03-15,11,146
2023-03-15,12,106
2023-03-15,13,176
2023-03-15,14,109
2023-03-15,15,165
2023-03-15,16,221
2023-03-15,17,183
2023-03-15,18,233
2023-03-15,19,115
2023-03-15,20,73
2023-03-15,21,53
2023-03-15,22,57
2023-03-15,23,40
2023-03-16,0,29
2023-03-16,1,20
2023-03-16,2,10
2023-03-16,3,12
2023-03-16,4,9
2023-03-16,5,10
2023-03-16,6,21
2023-03-16,7,51
2023-03-16,8,135
2023-03-16,9,88
2023-03-16,10,96
2023-03-16,11,97
2023-03-16,12,96
2023-03-16,13,110
2023-03-16,14,128
2023-03-16,15,155
2023-03-16,16,203
2023-03-16,17,139
2023-03-16,18,142
2023-03-16,19,111
2023-03-16,20,72
2023-03-16,21,59
2023-03-16,22,62
2023-03-16,23,43
2023-03-17,0,19
2023-03-17,1,15
2023-03-17,2,12
2023-03-17,3,14
2023-03-17,4,15
2023-03-17,5,7
2023-03-17,6,21
2023-03-17,7,58
2023-03-17,8,82
2023-03-17,9,104
2023-03-17,10,98
2023-03-17,11,108
2023-03-17,12,125
2023-03-17,13,148
2023-03-17,14,190
2023-03-17,15,127
2023-03-17,16,160
2023-03-17,17,180
2023-03-17,18,147
2023-03-17,19,105
2023-03-17,20,79
2023-03-17,21,70
2023-03-17,22,72
2023-03-17,23,72
2023-03-18,0,65
2023-03-18,1,49
2023-03-18,2,32
2023-03-18,3,12
2023-03-18,4,9
2023-03-18,5,10
2023-03-18,6,21
2023-03-18,7,21
2023-03-18,8,26
2023-03-18,9,43
2023-03-18,10,64
2023-03-18,11,125
2023-03-18,12,149
2023-03-18,13,142
2023-03-18,14,160
2023-03-18,15,190
2023-03-18,16,172
2023-03-18,17,318
2023-03-18,18,307
2023-03-18,19,124
2023-03-18,20,82
2023-03-18,21,53
2023-03-18,22,61
2023-03-18,23,76
2023-03-19,0,60
2023-03-19,1,35
2023-03-19,2,22
2023-03-19,3,28
2023-03-19,4,20
2023-03-19,5,7
2023-03-19,6,15
2023-03-19,7,22
2023-03-19,8,11
2023-03-19,9,27
2023-03-19,10,51
2023-03-19,11,83
2023-03-19,12,92
2023-03-19,13,151
2023-03-19,14,180
2023-03-19,15,144
2023-03-19,16,165
2023-03-19,17,118
2023-03-19,18,107
2023-03-19,19,80
2023-03-19,20,56
2023-03-19,21,48
2023-03-19,22,46
2023-03-19,23,17
2023-03-20,0,10
2023-03-20,1,9
2023-03-20,2,4
2023-03-20,3,8
2023-03-20,4,9
2023-03-20,5,7
2023-03-20,6,16
2023-03-20,7,50
2023-03-20,8,109
2023-03-20,9,87
2023-03-20,10,102
2023-03-20,11,72
2023-03-20,12,108
2023-03-20,13,106
2023-03-20,14,115
2023-03-20,15,100
2023-03-20,16,132
2023-03-20,17,161
2023-03-20,18,129
2023-03-20,19,80
2023-03-20,20,37
2023-03-20,21,48
2023-03-20,22,50
2023-03-20,23,28
2023-03-21,0,13
2023-03-21,1,4
2023-03-21,2,2
2023-03-21,3,2
2023-03-21,4,7
2023-03-21,5,3
2023-03-21,6,42
2023-03-21,7,64
2023-03-21,8,116
2023-03-21,9,97
2023-03-21,10,79
2023-03-21,11,86
2023-03-21,12,120
2023-03-21,13,99
2023-03-21,14,124
2023-03-21,15,134
2023-03-21,16,229
2023-03-21,17,161
2023-03-21,18,140
2023-03-21,19,86
2023-03-21,20,66
2023-03-21,21,48
2023-03-21,22,49
2023-03-21,23,24
2023-03-22,0,15
2023-03-22,1,11
2023-03-22,2,1
2023-03-22,3,5
2023-03-22,4,9
2023-03-22,5,10
2023-03-22,6,24
2023-03-22,7,52
2023-03-22,8,114
2023-03-22,9,88
2023-03-22,10,97
2023-03-22,11,76
2023-03-22,12,111
2023-03-22,13,97
2023-03-22,14,217
2023-03-22,15,133
2023-03-22,16,208
2023-03-22,17,210
2023-03-22,18,258
2023-03-22,19,75
2023-03-22,20,51
2023-03-22,21,46
2023-03-22,22,74
2023-03-22,23,34
2023-03-23,0,20
2023-03-23,1,11
2023-03-23,2,7
2023-03-23,3,4
2023-03-23,4,12
2023-03-23,5,7
2023-03-23,6,16
2023-03-23,7,58
2023-03-23,8,93
2023-03-23,9,94
2023-03-23,10,89
2023-03-23,11,96
2023-03-23,12,112
2023-03-23,13,135
2023-03-23,14,145
2023-03-23,15,142
2023-03-23,16,136
2023-03-23,17,248
2023-03-23,18,152
2023-03-23,19,95
2023-03-23,20,70
2023-03-23,21,57
2023-03-23,22,48
2023-03-23,23,39
2023-03-24,0,33
2023-03-24,1,9
2023-03-24,2,13
2023-03-24,3,3
2023-03-24,4,6
2023-03-24,5,7
2023-03-24,6,19
2023-03-24,7,51
2023-03-24,8,98
2023-03-24,9,83
2023-03-24,10,126
2023-03-24,11,113
2023-03-24,12,109
2023-03-24,13,142
2023-03-24,14,190
2023-03-24,15,154
2023-03-24,16,216
2023-03-24,17,172
2023-03-24,18,109
2023-03-24,19,77
2023-03-24,20,72
2023-03-24,21,59
2023-03-24,22,71
2023-03-24,23,66
2023-03-25,0,60
2023-03-25,1,37
2023-03-25,2,25
2023-03-25,3,14
2023-03-25,4,19
2023-03-25,5,17
2023-03-25,6,18
2023-03-25,7,17
2023-03-25,8,34
2023-03-25,9,64
2023-03-25,10,51
2023-03-25,11,108
2023-03-25,12,148
2023-03-25,13,260
2023-03-25,14,366
2023-03-25,15,318
2023-03-25,16,195
2023-03-25,17,226
2023-03-25,18,263
2023-03-25,19,89
2023-03-25,20,83
2023-03-25,21,86
2023-03-25,22,75
2023-03-25,23,60
2023-03-26,0,54
2023-03-26,1,38
2023-03-26,2,32
2023-03-26,3,17
2023-03-26,4,19
2023-03-26,5,166
2023-03-26,6,15
2023-03-26,7,21
2023-03-26,8,26
2023-03-26,9,35
2023-03-26,10,75
2023-03-26,11,102
2023-03-26,12,148
2023-03-26,13,157
2023-03-26,14,147
2023-03-26,15,171
2023-03-26,16,184
2023-03-26,17,123
2023-03-26,18,70
2023-03-26,19,59
2023-03-26,20,47
2023-03-26,21,41
2023-03-26,22,34
2023-03-26,23,23
2023-03-27,0,17
2023-03-27,1,5
2023-03-27,2,7
2023-03-27,3,11
2023-03-27,4,7
2023-03-27,5,18
2023-03-27,6,53
2023-03-27,7,96
2023-03-27,8,82
2023-03-27,9,79
2023-03-27,10,70
2023-03-27,11,101
2023-03-27,12,101
2023-03-27,13,96
2023-03-27,14,112
2023-03-27,15,154
2023-03-27,16,155
2023-03-27,17,102
2023-03-27,18,71
2023-03-27,19,42
2023-03-27,20,52
2023-03-27,21,34
2023-03-27,22,132
2023-03-27,23,19
2023-03-28,0,14
2023-03-28,1,6
2023-03-28,2,1
2023-03-28,3,5
2023-03-28,4,8
2023-03-28,5,15
2023-03-28,6,68
2023-03-28,7,118
2023-03-28,8,100
2023-03-28,9,95
2023-03-28,10,77
2023-03-28,11,87
2023-03-28,12,112
2023-03-28,13,119
2023-03-28,14,121
2023-03-28,15,173
2023-03-28,16,191
2023-03-28,17,138
2023-03-28,18,108
2023-03-28,19,67
2023-03-28,20,49
2023-03-28,21,47
2023-03-28,22,56
2023-03-28,23,23
2023-03-29,0,11
2023-03-29,1,7
2023-03-29,2,6
2023-03-29,3,4
2023-03-29,4,6
2023-03-29,5,17
2023-03-29,6,87
2023-03-29,7,119
2023-03-29,8,101
2023-03-29,9,93
2023-03-29,10,117
2023-03-29,11,143
2023-03-29,12,107
2023-03-29,13,104
2023-03-29,14,126
2023-03-29,15,160
2023-03-29,16,184
2023-03-29,17,130
2023-03-29,18,72
2023-03-29,19,63
2023-03-29,20,44
2023-03-29,21,58
2023-03-29,22,81
2023-03-29,23,30
2023-03-30,0,12
2023-03-30,1,10
2023-03-30,2,6
2023-03-30,3,10
2023-03-30,4,8
2023-03-30,5,24
2023-03-30,6,56
2023-03-30,7,133
2023-03-30,8,100
2023-03-30,9,76
2023-03-30,10,99
2023-03-30,11,104
2023-03-30,12,112
2023-03-30,13,107
2023-03-30,14,105
2023-03-30,15,126
2023-03-30,16,254
2023-03-30,17,214
2023-03-30,18,101
2023-03-30,19,74
2023-03-30,20,83
2023-03-30,21,49
2023-03-30,22,38
2023-03-30,23,25
2023-03-31,0,17
2023-03-31,1,15
2023-03-31,2,4
2023-03-31,3,8
2023-03-31,4,3
2023-03-31,5,14
2023-03-31,6,42
2023-03-31,7,90
2023-03-31,8,87
2023-03-31,9,73
2023-03-31,10,165
2023-03-31,11,122
2023-03-31,12,168
2023-03-31,13,148
2023-03-31,14,151
2023-03-31,15,194
2023-03-31,16,285
2023-03-31,17,167
2023-03-31,18,96
2023-03-31,19,72
2023-03-31,20,68
2023-03-31,21,69
2023-03-31,22,116
2023-03-31,23,54
2023-04-01,0,29
2023-04-01,1,26
2023-04-01,2,25
2023-04-01,3,17
2023-04-01,4,14
2023-04-01,5,17
2023-04-01,6,29
2023-04-01,7,23
2023-04-01,8,51
2023-04-01,9,66
2023-04-01,10,104
2023-04-01,11,144
2023-04-01,12,146
2023-04-01,13,267
2023-04-01,14,132
2023-04-01,15,144
2023-04-01,16,145
2023-04-01,17,142
2023-04-01,18,95
2023-04-01,19,76
2023-04-01,20,68
2023-04-01,21,79
2023-04-01,22,41
2023-04-01,23,76
2023-04-02,0,54
2023-04-02,1,32
2023-04-02,2,29
2023-04-02,3,17
2023-04-02,4,14
2023-04-02,5,14
2023-04-02,6,15
2023-04-02,7,26
2023-04-02,8,21
2023-04-02,9,44
2023-04-02,10,69
2023-04-02,11,93
2023-04-02,12,96
2023-04-02,13,132
2023-04-02,14,201
2023-04-02,15,142
2023-04-02,16,140
2023-04-02,17,132
2023-04-02,18,57
2023-04-02,19,64
2023-04-02,20,36
2023-04-02,21,45
2023-04-02,22,44
2023-04-02,23,26
2023-04-03,0,9
2023-04-03,1,8
2023-04-03,2,4
2023-04-03,3,4
2023-04-03,4,6
2023-04-03,5,20
2023-04-03,6,40
2023-04-03,7,70
2023-04-03,8,76
2023-04-03,9,102
2023-04-03,10,100
2023-04-03,11,129
2023-04-03,12,101
2023-04-03,13,117
2023-04-03,14,148
2023-04-03,15,159
2023-04-03,16,159
2023-04-03,17,86
2023-04-03,18,76
2023-04-03,19,39
2023-04-03,20,92
2023-04-03,21,28
2023-04-03,22,20
2023-04-03,23,15
2023-04-04,0,18
2023-04-04,1,3
2023-04-04,2,4
2023-04-04,3,4
2023-04-04,4,5
2023-04-04,5,21
2023-04-04,6,48
2023-04-04,7,102
2023-04-04,8,129
2023-04-04,9,92
2023-04-04,10,120
2023-04-04,11,105
2023-04-04,12,149
2023-04-04,13,156
2023-04-04,14,144
2023-04-04,15,152
2023-04-04,16,181
2023-04-04,17,135
2023-04-04,18,74
2023-04-04,19,52
2023-04-04,20,32
2023-04-04,21,35
2023-04-04,22,23
2023-04-04,23,18
2023-04-05,0,12
2023-04-05,1,6
2023-04-05,2,4
2023-04-05,3,4
2023-04-05,4,5
2023-04-05,5,21
2023-04-05,6,67
2023-04-05,7,95
2023-04-05,8,138
2023-04-05,9,86
2023-04-05,10,86
2023-04-05,11,118
2023-04-05,12,154
2023-04-05,13,183
2023-04-05,14,242
2023-04-05,15,131
2023-04-05,16,213
2023-04-05,17,158
2023-04-05,18,81
2023-04-05,19,58
2023-04-05,20,40
2023-04-05,21,33
2023-04-05,22,38
2023-04-05,23,34
2023-04-06,0,18
2023-04-06,1,12
2023-04-06,2,8
2023-04-06,3,7
2023-04-06,4,6
2023-04-06,5,34
2023-04-06,6,53
2023-04-06,7,120
2023-04-06,8,121
2023-04-06,9,85
2023-04-06,10,115
2023-04-06,11,233
2023-04-06,12,206
2023-04-06,13,237
2023-04-06,14,264
2023-04-06,15,205
2023-04-06,16,254
2023-04-06,17,123
2023-04-06,18,102
2023-04-06,19,94
2023-04-06,20,48
2023-04-06,21,35
2023-04-06,22,33
2023-04-06,23,33
2023-04-07,0,23
2023-04-07,1,13
2023-04-07,2,7
2023-04-07,3,8
2023-04-07,4,4
2023-04-07,5,18
2023-04-07,6,31
2023-04-07,7,60
2023-04-07,8,66
2023-04-07,9,78
2023-04-07,10,103
2023-04-07,11,125
2023-04-07,12,240
2023-04-07,13,239
2023-04-07,14,289
2023-04-07,15,176
2023-04-07,16,126
2023-04-07,17,137
2023-04-07,18,86
2023-04-07,19,62
2023-04-07,20,68
2023-04-07,21,56
2023-04-07,22,52
2023-04-07,23,48
2023-04-08,0,30
2023-04-08,1,25
2023-04-08,2,14
2023-04-08,3,11
2023-04-08,4,5
2023-04-08,5,10
2023-04-08,6,21
2023-04-08,7,21
2023-04-08,8,41
2023-04-08,9,95
2023-04-08,10,88
2023-04-08,11,93
2023-04-08,12,95
2023-04-08,13,147
2023-04-08,14,268
2023-04-08,15,204
2023-04-08,16,298
2023-04-08,17,231
2023-04-08,18,88
2023-04-08,19,97
2023-04-08,20,64
2023-04-08,21,61
2023-04-08,22,62
2023-04-08,23,45
2023-04-09,0,37
2023-04-09,1,27
2023-04-09,2,25
2023-04-09,3,22
2023-04-09,4,14
2023-04-09,5,16
2023-04-09,6,14
2023-04-09,7,18
2023-04-09,8,24
2023-04-09,9,33
2023-04-09,10,151
2023-04-09,11,97
2023-04-09,12,96
2023-04-09,13,126
2023-04-09,14,96
2023-04-09,15,110
2023-04-09,16,110
2023-04-09,17,88
2023-04-09,18,61
2023-04-09,19,57
2023-04-09,20,63
2023-04-09,21,43
2023-04-09,22,47
2023-04-09,23,24
2023-04-10,0,18
2023-04-10,1,17
2023-04-10,2,7
2023-04-10,3,10
2023-04-10,4,9
2023-04-10,5,8
2023-04-10,6,33
2023-04-10,7,36
2023-04-10,8,34
2023-04-10,9,54
2023-04-10,10,65
2023-04-10,11,158
2023-04-10,12,90
2023-04-10,13,111
2023-04-10,14,118
2023-04-10,15,124
2023-04-10,16,143
2023-04-10,17,87
2023-04-10,18,67
2023-04-10,19,49
2023-04-10,20,41
2023-04-10,21,28
2023-04-10,22,31
2023-04-10,23,13
2023-04-11,0,13
2023-04-11,1,6
2023-04-11,2,4
2023-04-11,3,7
2023-04-11,4,7
2023-04-11,5,20
2023-04-11,6,56
2023-04-11,7,117
2023-04-11,8,79
2023-04-11,9,94
2023-04-11,10,107
2023-04-11,11,107
2023-04-11,12,142
2023-04-11,13,171
2023-04-11,14,144
2023-04-11,15,275
2023-04-11,16,156
2023-04-11,17,108
2023-04-11,18,84
2023-04-11,19,60
2023-04-11,20,47
2023-04-11,21,39
2023-04-11,22,27
2023-04-11,23,20
2023-04-12,0,8
2023-04-12,1,4
2023-04-12,2,7
2023-04-12,3,1
2023-04-12,4,10
2023-04-12,5,19
2023-04-12,6,55
2023-04-12,7,107
2023-04-12,8,122
2023-04-12,9,74
2023-04-12,10,105
2023-04-12,11,152
2023-04-12,12,175
2023-04-12,13,219
2023-04-12,14,214
2023-04-12,15,162
2023-04-12,16,205
2023-04-12,17,126
2023-04-12,18,93
2023-04-12,19,48
2023-04-12,20,43
2023-04-12,21,31
2023-04-12,22,43
2023-04-12,23,26
2023-04-13,0,16
2023-04-13,1,12
2023-04-13,2,4
2023-04-13,3,8
2023-04-13,4,7
2023-04-13,5,21
2023-04-13,6,58
2023-04-13,7,102
2023-04-13,8,131
2023-04-13,9,134
2023-04-13,10,118
2023-04-13,11,142
2023-04-13,12,163
2023-04-13,13,208
2023-04-13,14,185
2023-04-13,15,153
2023-04-13,16,173
2023-04-13,17,172
2023-04-13,18,99
2023-04-13,19,68
2023-04-13,20,55
2023-04-13,21,58
2023-04-13,22,48
2023-04-13,23,29
2023-04-14,0,16
2023-04-14,1,17
2023-04-14,2,8
2023-04-14,3,6
2023-04-14,4,11
2023-04-14,5,28
2023-04-14,6,43
2023-04-14,7,74
2023-04-14,8,101
2023-04-14,9,97
2023-04-14,10,115
2023-04-14,11,148
2023-04-14,12,193
2023-04-14,13,238
2023-04-14,14,275
2023-04-14,15,264
2023-04-14,16,253
2023-04-14,17,137
2023-04-14,18,118
2023-04-14,19,68
2023-04-14,20,55
2023-04-14,21,77
2023-04-14,22,53
2023-04-14,23,54
2023-04-15,0,28
2023-04-15,1,9
2023-04-15,2,20
2023-04-15,3,16
2023-04-15,4,4
2023-04-15,5,19
2023-04-15,6,20
2023-04-15,7,21
2023-04-15,8,45
2023-04-15,9,79
2023-04-15,10,108
2023-04-15,11,176
2023-04-15,12,206
2023-04-15,13,176
2023-04-15,14,160
2023-04-15,15,138
2023-04-15,16,118
2023-04-15,17,143
2023-04-15,18,76
2023-04-15,19,59
2023-04-15,20,53
2023-04-15,21,47
2023-04-15,22,67
2023-04-15,23,58
2023-04-16,0,34
2023-04-16,1,19
2023-04-16,2,22
2023-04-16,3,19
2023-04-16,4,11
2023-04-16,5,16
2023-04-16,6,15
2023-04-16,7,26
2023-04-16,8,34
2023-04-16,9,32
2023-04-16,10,79
2023-04-16,11,85
2023-04-16,12,119
2023-04-16,13,114
2023-04-16,14,119
2023-04-16,15,162
2023-04-16,16,121
2023-04-16,17,99
2023-04-16,18,59
2023-04-16,19,46
2023-04-16,20,34
2023-04-16,21,45
2023-04-16,22,27
2023-04-16,23,20
2023-04-17,0,15
2023-04-17,1,3
2023-04-17,2,4
2023-04-17,3,5
2023-04-17,4,10
2023-04-17,5,20
2023-04-17,6,119
2023-04-17,7,92
2023-04-17,8,109
2023-04-17,9,108
2023-04-17,10,90
2023-04-17,11,120
2023-04-17,12,104
2023-04-17,13,138
2023-04-17,14,107
2023-04-17,15,143
2023-04-17,16,162
2023-04-17,17,115
2023-04-17,18,104
2023-04-17,19,59
2023-04-17,20,31
2023-04-17,21,22
2023-04-17,22,24
2023-04-17,23,19
2023-04-18,0,9
2023-04-18,1,3
2023-04-18,2,1
2023-04-18,3,2
2023-04-18,4,4
2023-04-18,5,20
2023-04-18,6,57
2023-04-18,7,112
2023-04-18,8,80
2023-04-18,9,71
2023-04-18,10,88
2023-04-18,11,88
2023-04-18,12,100
2023-04-18,13,128
2023-04-18,14,110
2023-04-18,15,199
2023-04-18,16,227
2023-04-18,17,159
2023-04-18,18,88
2023-04-18,19,61
2023-04-18,20,35
2023-04-18,21,21
2023-04-18,22,35
2023-04-18,23,16
2023-04-19,0,17
2023-04-19,1,0
2023-04-19,2,0
2023-04-19,3,0
2023-04-19,4,4
2023-04-19,5,16
2023-04-19,6,102
2023-04-19,7,91
2023-04-19,8,96
2023-04-19,9,54
2023-04-19,10,66
2023-04-19,11,106
2023-04-19,12,93
2023-04-19,13,112
2023-04-19,14,152
2023-04-19,15,139
2023-04-19,16,269
2023-04-19,17,149
2023-04-19,18,90
2023-04-19,19,71
2023-04-19,20,53
2023-04-19,21,40
2023-04-19,22,174
2023-04-19,23,37
2023-04-20,0,13
2023-04-20,1,6
2023-04-20,2,9
2023-04-20,3,6
2023-04-20,4,7
2023-04-20,5,20
2023-04-20,6,49
2023-04-20,7,154
2023-04-20,8,98
2023-04-20,9,84
2023-04-20,10,96
2023-04-20,11,94
2023-04-20,12,105
2023-04-20,13,112
2023-04-20,14,125
2023-04-20,15,227
2023-04-20,16,223
2023-04-20,17,185
2023-04-20,18,151
2023-04-20,19,45
2023-04-20,20,52
2023-04-20,21,38
2023-04-20,22,30
2023-04-20,23,13
2023-04-21,0,13
2023-04-21,1,11
2023-04-21,2,5
2023-04-21,3,3
2023-04-21,4,8
2023-04-21,5,11
2023-04-21,6,56
2023-04-21,7,97
2023-04-21,8,73
2023-04-21,9,113
2023-04-21,10,149
2023-04-21,11,216
2023-04-21,12,114
2023-04-21,13,137
2023-04-21,14,150
2023-04-21,15,215
2023-04-21,16,147
2023-04-21,17,113
2023-04-21,18,98
2023-04-21,19,67
2023-04-21,20,46
2023-04-21,21,68
2023-04-21,22,42
2023-04-21,23,25
2023-04-22,0,19
2023-04-22,1,18
2023-04-22,2,14
2023-04-22,3,10
2023-04-22,4,13
2023-04-22,5,7
2023-04-22,6,15
2023-04-22,7,37
2023-04-22,8,120
2023-04-22,9,66
2023-04-22,10,99
2023-04-22,11,116
2023-04-22,12,121
2023-04-22,13,137
2023-04-22,14,151
2023-04-22,15,140
2023-04-22,16,203
2023-04-22,17,238
2023-04-22,18,135
2023-04-22,19,81
2023-04-22,20,53
2023-04-22,21,55
2023-04-24,9,76
2023-04-24,10,84
2023-04-24,11,101
2023-04-24,12,92
2023-04-24,13,137
2023-04-24,14,107
2023-04-24,15,120
2023-04-24,16,132
2023-04-24,17,97
2023-04-24,18,81
2023-04-24,19,50
2023-04-24,20,34
2023-04-24,21,25
2023-04-24,22,33
2023-04-24,23,5
2023-04-25,0,7
2023-04-25,1,3
2023-04-25,2,97
2023-04-25,3,1
2023-04-25,4,7
2023-04-25,5,15
2023-04-25,6,62
2023-04-25,7,98
2023-04-25,8,104
2023-04-25,9,73
2023-04-25,10,86
2023-04-25,11,99
2023-04-25,12,116
2023-04-25,13,116
2023-04-25,14,101
2023-04-25,15,140
2023-04-25,16,214
2023-04-25,17,124
2023-04-25,18,65
2023-04-25,19,57
2023-04-25,20,53
2023-04-25,21,39
2023-04-25,22,29
2023-04-25,23,18
2023-04-26,0,5
2023-04-26,1,9
2023-04-26,2,2
2023-04-26,3,3
2023-04-26,4,5
2023-04-26,5,27
2023-04-26,6,47
2023-04-26,7,108
2023-04-26,8,110
2023-04-26,9,83
2023-04-26,10,74
2023-04-26,11,113
2023-04-26,12,104
2023-04-26,13,149
2023-04-26,14,126
2023-04-26,15,131
2023-04-26,16,179
2023-04-26,17,129
2023-04-26,18,81
2023-04-26,19,55
2023-04-26,20,34
2023-04-26,21,42
2023-04-26,22,18
2023-04-26,23,24
2023-04-27,0,17
2023-04-27,1,6
2023-04-27,2,7
2023-04-27,3,7
2023-04-27,4,7
2023-04-27,5,18
2023-04-27,6,53
2023-04-27,7,120
2023-04-27,8,96
2023-04-27,9,82
2023-04-27,10,103
2023-04-27,11,101
2023-04-27,12,108
2023-04-27,13,119
2023-04-27,14,137
2023-04-27,15,141
2023-04-27,16,216
2023-04-27,17,158
2023-04-27,18,119
2023-04-27,19,66
2023-04-27,20,39
2023-04-27,21,51
2023-04-27,22,34
2023-04-27,23,17
2023-04-28,0,13
2023-04-28,1,16
2023-04-28,2,6
2023-04-28,3,14
2023-04-28,4,5
2023-04-28,5,23
2023-04-28,6,53
2023-04-28,7,92
2023-04-28,8,93
2023-04-28,9,107
2023-04-28,10,156
2023-04-28,11,112
2023-04-28,12,168
2023-04-28,13,156
2023-04-28,14,151
2023-04-28,15,142
2023-04-28,16,199
2023-04-28,17,126
2023-04-28,18,102
2023-04-28,19,70
2023-04-28,20,62
2023-04-28,21,81
2023-04-28,22,49
2023-04-28,23,53
2023-04-29,0,28
2023-04-29,1,28
2023-04-29,2,27
2023-04-29,3,20
2023-04-29,4,8
2023-04-29,5,15
2023-04-29,6,18
2023-04-29,7,30
2023-04-29,8,52
2023-04-29,9,73
2023-04-29,10,109
2023-04-29,11,149
2023-04-29,12,136
2023-04-29,13,139
2023-04-29,14,174
2023-04-29,15,238
2023-04-29,16,185
2023-04-29,17,144
2023-04-29,18,107
2023-04-29,19,74
2023-04-29,20,50
2023-04-29,21,61
2023-04-29,22,56
2023-04-29,23,50
2023-04-30,0,35
2023-04-30,1,33
2023-04-30,2,23
2023-04-30,3,16
2023-04-30,4,12
2023-04-30,5,21
2023-04-30,6,24
2023-04-30,7,56
2023-04-30,8,58
2023-04-30,9,54
2023-04-30,10,106
2023-04-30,11,99
2023-04-30,12,105
2023-04-30,13,118
2023-04-30,14,109
2023-04-30,15,127
2023-04-30,16,107
2023-04-30,17,109
2023-04-30,18,83
2023-04-30,19,64
2023-04-30,20,56
2023-04-30,21,43
2023-04-30,22,44
2023-04-30,23,29
2023-05-01,0,19
2023-05-01,1,22
2023-05-01,2,11
2023-05-01,3,12
2023-05-01,4,19
2023-05-01,5,20
2023-05-01,6,38
2023-05-01,7,72
2023-05-01,8,76
2023-05-01,9,60
2023-05-01,10,74
2023-05-01,11,106
2023-05-01,12,102
2023-05-01,13,116
2023-05-01,14,127
2023-05-01,15,152
2023-05-01,16,118
2023-05-01,17,103
2023-05-01,18,64
2023-05-01,19,34
2023-05-01,20,34
2023-05-01,21,40
2023-05-01,22,22
2023-05-01,23,17
2023-05-02,0,12
2023-05-02,1,5
2023-05-02,2,0
2023-05-02,3,5
2023-05-02,4,5
2023-05-02,5,19
2023-05-02,6,56
2023-05-02,7,91
2023-05-02,8,83
2023-05-02,9,74
2023-05-02,10,81
2023-05-02,11,87
2023-05-02,12,97
2023-05-02,13,115
2023-05-02,14,131
2023-05-02,15,134
2023-05-02,16,153
2023-05-02,17,99
2023-05-02,18,74
2023-05-02,19,69
2023-05-02,20,42
2023-05-02,21,73
2023-05-02,22,25
2023-05-02,23,9
2023-05-03,0,11
2023-05-03,1,6
2023-05-03,2,8
2023-05-03,3,10
2023-05-03,4,8
2023-05-03,5,29
2023-05-03,6,63
2023-05-03,7,103
2023-05-03,8,107
2023-05-03,9,117
2023-05-03,10,107
2023-05-03,11,89
2023-05-03,12,123
2023-05-03,13,130
2023-05-03,14,127
2023-05-03,15,136
2023-05-03,16,239
2023-05-03,17,117
2023-05-03,18,63
2023-05-03,19,46
2023-05-03,20,41
2023-05-03,21,57
2023-05-03,22,28
2023-05-03,23,19
2023-05-04,0,11
2023-05-04,1,8
2023-05-04,2,5
2023-05-04,3,6
2023-05-04,4,6
2023-05-04,5,17
2023-05-04,6,66
2023-05-04,7,105
2023-05-04,8,83
2023-05-04,9,87
2023-05-04,10,81
2023-05-04,11,118
2023-05-04,12,105
2023-05-04,13,134
2023-05-04,14,132
2023-05-04,15,157
2023-05-04,16,206
2023-05-04,17,137
2023-05-04,18,106
2023-05-04,19,72
2023-05-04,20,52
2023-05-04,21,57
2023-05-04,22,39
2023-05-04,23,20
2023-05-05,0,10
2023-05-05,1,10
2023-05-05,2,7
2023-05-05,3,3
2023-05-05,4,9
2023-05-05,5,10
2023-05-05,6,61
2023-05-05,7,92
2023-05-05,8,90
2023-05-05,9,90
2023-05-05,10,97
2023-05-05,11,128
2023-05-05,12,132
2023-05-05,13,176
2023-05-05,14,138
2023-05-05,15,128
2023-05-05,16,151
2023-05-05,17,133
2023-05-05,18,95
2023-05-05,19,60
2023-05-05,20,47
2023-05-05,21,45
2023-05-05,22,75
2023-05-05,23,36
2023-05-06,0,21
2023-05-06,1,24
2023-05-06,2,27
2023-05-06,3,13
2023-05-06,4,9
2023-05-06,5,9
2023-05-06,6,13
2023-05-06,7,33
2023-05-06,8,47
2023-05-06,9,66
2023-05-06,10,78
2023-05-06,11,101
2023-05-06,12,145
2023-05-06,13,205
2023-05-06,14,148
2023-05-06,15,131
2023-05-06,16,168
2023-05-06,17,201
2023-05-06,18,113
2023-05-06,19,120
2023-05-06,20,57
2023-05-06,21,55
2023-05-06,22,56
2023-05-06,23,44
2023-05-07,0,42
2023-05-07,1,17
2023-05-07,2,29
2023-05-07,3,14
2023-05-07,4,14
2023-05-07,5,12
2023-05-07,6,11
2023-05-07,7,17
2023-05-07,8,31
2023-05-07,9,46
2023-05-07,10,68
2023-05-07,11,106
2023-05-07,12,157
2023-05-07,13,162
2023-05-07,14,145
2023-05-07,15,118
2023-05-07,16,121
2023-05-07,17,102
2023-05-07,18,106
2023-05-07,19,79
2023-05-07,20,51
2023-05-07,21,60
2023-05-07,22,38
2023-05-07,23,29
2023-05-08,0,24
2023-05-08,1,15
2023-05-08,2,13
2023-05-08,3,13
2023-05-08,4,6
2023-05-08,5,14
2023-05-08,6,22
2023-05-08,7,54
2023-05-08,8,34
2023-05-08,9,94
2023-05-08,10,64
2023-05-08,11,105
2023-05-08,12,104
2023-05-08,13,145
2023-05-08,14,142
2023-05-08,15,141
2023-05-08,16,140
2023-05-08,17,101
2023-05-08,18,68
2023-05-08,19,55
2023-05-08,20,34
2023-05-08,21,31
2023-05-08,22,30
2023-05-08,23,19
2023-05-09,0,5
2023-05-09,1,3
2023-05-09,2,5
2023-05-09,3,3
2023-05-09,4,5
2023-05-09,5,23
2023-05-09,6,61
2023-05-09,7,95
2023-05-09,8,89
2023-05-09,9,111
2023-05-09,10,119
2023-05-09,11,88
2023-05-09,12,142
2023-05-09,13,190
2023-05-09,14,126
2023-05-09,15,124
2023-05-09,16,158
2023-05-09,17,129
2023-05-09,18,92
2023-05-09,19,51
2023-05-09,20,37
2023-05-09,21,46
2023-05-09,22,19
2023-05-09,23,16
2023-05-10,0,11
2023-05-10,1,4
2023-05-10,2,6
2023-05-10,3,5
2023-05-10,4,6
2023-05-10,5,25
2023-05-10,6,53
2023-05-10,7,109
2023-05-10,8,108
2023-05-10,9,98
2023-05-10,10,121
2023-05-10,11,91
2023-05-10,12,89
2023-05-10,13,127
2023-05-10,14,139
2023-05-10,15,127
2023-05-10,16,233
2023-05-10,17,143
2023-05-10,18,69
2023-05-10,19,61
2023-05-10,20,41
2023-05-10,21,77
2023-05-10,22,65
2023-05-10,23,47
2023-05-11,0,16
2023-05-11,1,10
2023-05-11,2,8
2023-05-11,3,8
2023-05-11,4,8
2023-05-11,5,23
2023-05-11,6,69
2023-05-11,7,113
2023-05-11,8,94
2023-05-11,9,87
2023-05-11,10,89
2023-05-11,11,109
2023-05-11,12,118
2023-05-11,13,118
2023-05-11,14,119
2023-05-11,15,141
2023-05-11,16,177
2023-05-11,17,171
2023-05-11,18,97
2023-05-11,19,54
2023-05-11,20,53
2023-05-11,21,143
2023-05-11,22,37
2023-05-11,23,21
2023-05-12,0,11
2023-05-12,1,11
2023-05-12,2,4
2023-05-12,3,10
2023-05-12,4,9
2023-05-12,5,22
2023-05-12,6,42
2023-05-12,7,88
2023-05-12,8,74
2023-05-12,9,74
2023-05-12,10,99
2023-05-12,11,108
2023-05-12,12,132
2023-05-12,13,167
2023-05-12,14,143
2023-05-12,15,149
2023-05-12,16,117
2023-05-12,17,169
2023-05-12,18,88
2023-05-12,19,51
2023-05-12,20,60
2023-05-12,21,47
2023-05-12,22,45
2023-05-12,23,35
2023-05-13,0,34
2023-05-13,1,15
2023-05-13,2,15
2023-05-13,3,18
2023-05-13,4,10
2023-05-13,5,3
2023-05-13,6,35
2023-05-13,7,32
2023-05-13,8,61
2023-05-13,9,79
2023-05-13,10,97
2023-05-13,11,90
2023-05-13,12,105
2023-05-13,13,96
2023-05-13,14,110
2023-05-13,15,124
2023-05-13,16,133
2023-05-13,17,124
2023-05-13,18,159
2023-05-13,19,88
2023-05-13,20,55
2023-05-13,21,52
2023-05-13,22,60
2023-05-13,23,40
2023-05-14,0,33
2023-05-14,1,35
2023-05-14,2,28
2023-05-14,3,14
2023-05-14,4,8
2023-05-14,5,14
2023-05-14,6,20
2023-05-14,7,21
2023-05-14,8,30
2023-05-14,9,37
2023-05-14,10,80
2023-05-14,11,104
2023-05-14,12,135
2023-05-14,13,135
2023-05-14,14,180
2023-05-14,15,156
2023-05-14,16,112
2023-05-14,17,115
2023-05-14,18,100
2023-05-14,19,56
2023-05-15,8,96
2023-05-15,9,78
2023-05-15,10,93
2023-05-15,11,100
2023-05-15,12,86
2023-05-15,13,113
2023-05-15,14,105
2023-05-15,15,132
2023-05-15,16,138
2023-05-15,17,121
2023-05-15,18,64
2023-05-15,19,61
2023-05-15,20,54
2023-05-15,21,29
2023-05-15,22,17
2023-05-15,23,59
2023-05-16,0,12
2023-05-16,1,3
2023-05-16,2,6
2023-05-16,3,3
2023-05-16,4,8
2023-05-16,5,19
2023-05-16,6,47
2023-05-16,7,104
2023-05-16,8,88
2023-05-16,9,97
2023-05-16,10,86
2023-05-16,11,104
2023-05-16,12,106
2023-05-16,13,114
2023-05-16,14,143
2023-05-16,15,135
2023-05-16,16,218
2023-05-16,17,152
2023-05-16,18,60
2023-05-16,19,55
2023-05-16,20,52
2023-05-16,21,47
2023-05-16,22,24
2023-05-16,23,18
2023-05-17,0,9
2023-05-17,1,2
2023-05-17,2,2
2023-05-17,3,4
2023-05-17,4,5
2023-05-17,5,14
2023-05-17,6,41
2023-05-17,7,87
2023-05-17,8,77
2023-05-17,9,83
2023-05-17,10,91
2023-05-17,11,118
2023-05-17,12,140
2023-05-17,13,107
2023-05-17,14,126
2023-05-17,15,142
2023-05-17,16,219
2023-05-17,17,190
2023-05-17,18,87
2023-05-17,19,55
2023-05-17,20,54
2023-05-17,21,64
2023-05-17,22,26
2023-05-17,23,21
2023-05-18,0,7
2023-05-18,1,4
2023-05-18,2,4
2023-05-18,3,12
2023-05-18,4,7
2023-05-18,5,24
2023-05-18,6,44
2023-05-18,7,99
2023-05-18,8,95
2023-05-18,9,83
2023-05-18,10,94
2023-05-18,11,102
2023-05-18,12,105
2023-05-18,13,118
2023-05-18,14,148
2023-05-18,15,237
2023-05-18,16,250
2023-05-18,17,235
2023-05-18,18,108
2023-05-18,19,50
2023-05-18,20,45
2023-05-18,21,49
2023-05-18,22,52
2023-05-18,23,22
2023-05-19,0,12
2023-05-19,1,12
2023-05-19,2,12
2023-05-19,3,2
2023-05-19,4,5
2023-05-19,5,16
2023-05-19,6,41
2023-05-19,7,92
2023-05-19,8,94
2023-05-19,9,87
2023-05-19,10,89
2023-05-19,11,128
2023-05-19,12,178
2023-05-19,13,165
2023-05-19,14,134
2023-05-19,15,184
2023-05-19,16,150
2023-05-19,17,131
2023-05-19,18,75
2023-05-19,19,69
2023-05-19,20,51
2023-05-19,21,68
2023-05-19,22,39
2023-05-19,23,43
2023-05-20,0,26
2023-05-20,1,27
2023-05-20,2,18
2023-05-20,3,12
2023-05-20,4,8
2023-05-20,5,18
2023-05-20,6,39
2023-05-20,7,24
2023-05-20,8,49
2023-05-20,9,58
2023-05-20,10,98
2023-05-20,11,137
2023-05-20,12,131
2023-05-20,13,136
2023-05-20,14,140
2023-05-20,15,147
2023-05-20,16,216
2023-05-20,17,260
2023-05-20,18,115
2023-05-20,19,67
2023-05-20,20,69
2023-05-20,21,69
2023-05-20,22,66
2023-05-20,23,55
2023-05-21,0,35
2023-05-21,1,29
2023-05-21,2,26
2023-05-21,3,23
2023-05-21,4,13
2023-05-21,5,21
2023-05-21,6,16
2023-05-21,7,19
2023-05-21,8,30
2023-05-21,9,44
2023-05-21,10,96
2023-05-21,11,100
2023-05-21,12,123
2023-05-21,13,154
2023-05-21,14,173
2023-05-21,15,177
2023-05-21,16,146
2023-05-21,17,123
2023-05-21,18,84
2023-05-21,19,65
2023-05-21,20,41
2023-05-21,21,53
2023-05-21,22,40
2023-05-21,23,21
2023-05-22,0,12
2023-05-22,1,0
2023-05-22,2,4
2023-05-22,3,0
2023-05-22,4,0
2023-05-22,5,16
2023-05-22,6,59
2023-05-22,7,84
2023-05-22,8,75
2023-05-22,9,83
2023-05-22,10,71
2023-05-22,11,105
2023-05-22,12,109
2023-05-22,13,141
2023-05-22,14,117
2023-05-22,15,136
2023-05-22,16,157
2023-05-22,17,121
2023-05-22,18,72
2023-05-22,19,56
2023-05-22,20,49
2023-05-22,21,33
2023-05-22,22,28
2023-05-22,23,13
2023-05-23,0,12
2023-05-23,1,5
2023-05-23,2,5
2023-05-23,3,3
2023-05-23,4,5
2023-05-23,5,20
2023-05-23,6,62
2023-05-23,7,173
2023-05-23,8,88
2023-05-23,9,172
2023-05-23,10,87
2023-05-23,11,68
2023-05-23,12,83
2023-05-23,13,132
2023-05-23,14,128
2023-05-23,15,125
2023-05-23,16,154
2023-05-23,17,158
2023-05-23,18,64
2023-05-23,19,66
2023-05-23,20,33
2023-05-23,21,19
2023-05-23,22,50
2023-05-23,23,20
2023-05-24,0,14
2023-05-24,1,5
2023-05-24,2,0
2023-05-24,3,4
2023-05-24,4,4
2023-05-24,5,22
2023-05-24,6,43
2023-05-24,7,92
2023-05-24,8,99
2023-05-24,9,71
2023-05-24,10,91
2023-05-24,11,103
2023-05-24,12,117
2023-05-24,13,93
2023-05-24,14,140
2023-05-24,15,166
2023-05-24,16,253
2023-05-24,17,171
2023-05-24,18,95
2023-05-24,19,78
2023-05-24,20,39
2023-05-24,21,43
2023-05-24,22,25
2023-05-24,23,20
2023-05-25,0,14
2023-05-25,1,10
2023-05-25,2,6
2023-05-25,3,8
2023-05-25,4,4
2023-05-25,5,22
2023-05-25,6,47
2023-05-25,7,78
2023-05-25,8,89
2023-05-25,9,71
2023-05-25,10,83
2023-05-25,11,87
2023-05-25,12,143
2023-05-25,13,130
2023-05-25,14,151
2023-05-25,15,134
2023-05-25,16,223
2023-05-25,17,147
2023-05-25,18,91
2023-05-25,19,124
2023-05-25,20,50
2023-05-25,21,44
2023-05-25,22,25
2023-05-25,23,26
2023-05-26,0,22
2023-05-26,1,6
2023-05-26,2,8
2023-05-26,3,19
2023-05-26,4,7
2023-05-26,5,15
2023-05-26,6,96
2023-05-26,7,89
2023-05-26,8,120
2023-05-26,9,97
2023-05-26,10,87
2023-05-26,11,125
2023-05-26,12,123
2023-05-26,13,159
2023-05-26,14,201
2023-05-26,15,173
2023-05-26,16,269
2023-05-26,17,131
2023-05-26,18,95
2023-05-26,19,68
2023-05-26,20,60
2023-05-26,21,60
2023-05-26,22,50
2023-05-26,23,41
2023-05-27,0,46
2023-05-27,1,28
2023-05-27,2,19
2023-05-27,3,12
2023-05-27,4,9
2023-05-27,5,14
2023-05-27,6,17
2023-05-27,7,32
2023-05-27,8,63
2023-05-27,9,65
2023-05-27,10,109
2023-05-27,11,115
2023-05-27,12,103
2023-05-27,13,176
2023-05-27,14,261
2023-05-27,15,337
2023-05-27,16,251
2023-05-27,17,280
2023-05-27,18,141
2023-05-27,19,69
2023-05-27,20,60
2023-05-27,21,89
2023-05-27,22,69
2023-05-27,23,96
2023-05-28,0,118
2023-05-28,1,28
2023-05-28,2,25
2023-05-28,3,21
2023-05-28,4,11
2023-05-28,5,16
2023-05-28,6,12
2023-05-28,7,16
2023-05-28,8,30
2023-05-28,9,41
2023-05-28,10,77
2023-05-28,11,97
2023-05-28,12,162
2023-05-28,13,143
2023-05-28,14,134
2023-05-28,15,136
2023-05-28,16,119
2023-05-28,17,117
2023-05-28,18,87
2023-05-28,19,54
2023-05-28,20,52
2023-05-28,21,52
2023-05-28,22,35
2023-05-28,23,23
2023-05-29,0,16
2023-05-29,1,12
2023-05-29,2,14
2023-05-29,3,3
2023-05-29,4,11
2023-05-29,5,19
2023-05-29,6,44
2023-05-29,7,47
2023-05-29,8,47
2023-05-29,9,78
2023-05-29,10,66
2023-05-29,11,72
2023-05-29,12,117
2023-05-29,13,137
2023-05-29,14,117
2023-05-29,15,137
2023-05-29,16,209
2023-05-29,17,95
2023-05-29,18,64
2023-05-29,19,41
2023-05-29,20,32
2023-05-29,21,31
2023-05-29,22,23
2023-05-29,23,17
2023-05-30,0,13
2023-05-30,1,8
2023-05-30,2,5
2023-05-30,3,4
2023-05-30,4,6
2023-05-30,5,16
2023-05-30,6,49
2023-05-30,7,94
2023-05-30,8,133
2023-05-30,9,80
2023-05-30,10,83
2023-05-30,11,112
2023-05-30,12,116
2023-05-30,13,105
2023-05-30,14,120
2023-05-30,15,143
2023-05-30,16,213
2023-05-30,17,147
2023-05-30,18,80
2023-05-30,19,61
2023-05-30,20,50
2023-05-30,21,38
2023-05-30,22,30
2023-05-30,23,19
2023-05-31,0,14
2023-05-31,1,9
2023-05-31,2,4
2023-05-31,3,4
2023-05-31,4,6
2023-05-31,5,23
2023-05-31,6,87
2023-05-31,7,110
2023-05-31,8,84
2023-05-31,9,86
2023-05-31,10,91
2023-05-31,11,97
2023-05-31,12,117
2023-05-31,13,132
2023-05-31,14,118
2023-05-31,15,154
2023-05-31,16,196
2023-05-31,17,131
2023-05-31,18,126
2023-05-31,19,57
2023-05-31,20,65
2023-05-31,21,43
2023-05-31,22,24
2023-05-31,23,21
2023-06-01,0,13
2023-06-01,1,9
2023-06-01,2,11
2023-06-01,3,10
2023-06-01,4,5
2023-06-01,5,17
2023-06-01,6,63
2023-06-01,7,91
2023-06-01,8,88
2023-06-01,9,94
2023-06-01,10,79
2023-06-01,11,68
2023-06-01,12,118
2023-06-01,13,124
2023-06-01,14,123
2023-06-01,15,110
2023-06-01,16,140
2023-06-01,17,141
2023-06-01,18,93
2023-06-01,19,60
2023-06-01,20,56
2023-06-01,21,44
2023-06-01,22,34
2023-06-01,23,18
2023-06-02,0,22
2023-06-02,1,6
2023-06-02,2,9
2023-06-02,3,9
2023-06-02,4,9
2023-06-02,5,16
2023-06-02,6,37
2023-06-02,7,64
2023-06-02,8,84
2023-06-02,9,70
2023-06-02,10,90
2023-06-02,11,178
2023-06-02,12,115
2023-06-02,13,129
2023-06-02,14,111
2023-06-02,15,140
2023-06-02,16,203
2023-06-02,17,153
2023-06-02,18,88
2023-06-02,19,66
2023-06-02,20,39
2023-06-02,21,42
2023-06-02,22,48
2023-06-02,23,43
2023-06-03,0,19
2023-06-03,1,23
2023-06-03,2,22
2023-06-03,3,10
2023-06-03,4,8
2023-06-03,5,14
2023-06-03,6,16
2023-06-03,7,28
2023-06-03,8,49
2023-06-03,9,69
2023-06-03,10,86
2023-06-03,11,112
2023-06-03,12,102
2023-06-03,13,113
2023-06-03,14,194
2023-06-03,15,125
2023-06-03,16,79
2023-06-03,17,107
2023-06-03,18,73
2023-06-03,19,61
2023-06-03,20,62
2023-06-03,21,66
2023-06-03,22,73
2023-06-03,23,44
2023-06-04,0,25
2023-06-04,1,31
2023-06-04,2,28
2023-06-04,3,13
2023-06-04,4,14
2023-06-04,5,13
2023-06-04,6,16
2023-06-04,7,16
2023-06-04,8,18
2023-06-04,9,40
2023-06-04,10,57
2023-06-04,11,89
2023-06-04,12,124
2023-06-04,13,98
2023-06-04,14,130
2023-06-04,15,112
2023-06-04,16,104
2023-06-04,17,93
2023-06-04,18,58
2023-06-04,19,39
2023-06-04,20,52
2023-06-04,21,31
2023-06-04,22,35
2023-06-04,23,15
2023-06-05,0,16
2023-06-05,1,7
2023-06-05,2,7
2023-06-05,3,10
2023-06-05,4,5
2023-06-05,5,29
2023-06-05,6,47
2023-06-05,7,78
2023-06-05,8,73
2023-06-05,9,71
2023-06-05,10,73
2023-06-05,11,101
2023-06-05,12,94
2023-06-05,13,105
2023-06-05,14,92
2023-06-05,15,123
2023-06-05,16,173
2023-06-05,17,93
2023-06-05,18,56
2023-06-05,19,44
2023-06-05,20,41
2023-06-05,21,40
2023-06-05,22,24
2023-06-05,23,17
2023-06-06,0,7
2023-06-06,1,3
2023-06-06,2,6
2023-06-06,3,3
2023-06-06,4,6
2023-06-06,5,10
2023-06-06,6,63
2023-06-06,7,93
2023-06-06,8,97
2023-06-06,9,73
2023-06-06,10,65
2023-06-06,11,63
2023-06-06,12,108
2023-06-06,13,119
2023-06-06,14,121
2023-06-06,15,129
2023-06-06,16,135
2023-06-06,17,110
2023-06-06,18,69
2023-06-06,19,63
2023-06-06,20,30
2023-06-06,21,51
2023-06-06,22,30
2023-06-06,23,24
2023-06-07,0,16
2023-06-07,1,3
2023-06-07,2,1
2023-06-07,3,5
2023-06-07,4,5
2023-06-07,5,13
2023-06-07,6,59
2023-06-07,7,105
2023-06-07,8,81
2023-06-07,9,89
2023-06-07,10,98
2023-06-07,11,81
2023-06-07,12,114
2023-06-07,13,119
2023-06-07,14,112
2023-06-07,15,132
2023-06-07,16,194
2023-06-07,17,91
2023-06-07,18,125
2023-06-07,19,51
2023-06-07,20,54
2023-06-07,21,53
2023-06-07,22,32
2023-06-07,23,20
2023-06-08,0,10
2023-06-08,1,7
2023-06-08,2,11
2023-06-08,3,7
2023-06-08,4,7
2023-06-08,5,18
2023-06-08,6,35
2023-06-08,7,113
2023-06-08,8,82
2023-06-08,9,51
2023-06-08,10,75
2023-06-08,11,91
2023-06-08,12,100
2023-06-08,13,104
2023-06-08,14,117
2023-06-08,15,130
2023-06-08,16,149
2023-06-08,17,114
2023-06-08,18,91
2023-06-08,19,58
2023-06-08,20,45
2023-06-08,21,42
2023-06-08,22,20
2023-06-08,23,29
2023-06-09,0,21
2023-06-09,1,6
2023-06-09,2,6
2023-06-09,3,5
2023-06-09,4,5
2023-06-09,5,21
2023-06-09,6,44
2023-06-09,7,70
2023-06-09,8,76
2023-06-09,9,102
2023-06-09,10,97
2023-06-09,11,111
2023-06-09,12,123
2023-06-09,13,156
2023-06-09,14,124
2023-06-09,15,150
2023-06-09,16,105
2023-06-09,17,120
2023-06-09,18,72
2023-06-09,19,68
2023-06-09,20,56
2023-06-09,21,42
2023-06-09,22,45
2023-06-09,23,40
2023-06-10,0,25
2023-06-10,1,20
2023-06-10,2,15
2023-06-10,3,9
2023-06-10,4,6
2023-06-10,5,13
2023-06-10,6,12
2023-06-10,7,20
2023-06-10,8,43
2023-06-10,9,62
2023-06-10,10,82
2023-06-10,11,115
2023-06-10,12,124
2023-06-10,13,98
2023-06-10,14,105
2023-06-10,15,102
2023-06-10,16,123
2023-06-10,17,127
2023-06-10,18,66
2023-06-10,19,52
2023-06-10,20,42
2023-06-10,21,35
2023-06-10,22,106
2023-06-10,23,49
2023-06-11,0,45
2023-06-11,1,24
2023-06-11,2,26
2023-06-11,3,18
2023-06-11,4,8
2023-06-11,5,13
2023-06-11,6,14
2023-06-11,7,16
2023-06-11,8,30
2023-06-11,9,38
2023-06-11,10,69
2023-06-11,11,97
2023-06-11,12,110
2023-06-11,13,113
2023-06-11,14,120
2023-06-11,15,136
2023-06-11,16,119
2023-06-11,17,92
2023-06-11,18,66
2023-06-11,19,46
2023-06-11,20,22
2023-06-11,21,35
2023-06-11,22,24
2023-06-11,23,27
2023-06-12,0,14
2023-06-12,1,12
2023-06-12,2,4
2023-06-12,3,8
2023-06-12,4,8
2023-06-12,5,16
2023-06-12,6,44
2023-06-12,7,74
2023-06-12,8,66
2023-06-12,9,85
2023-06-12,10,79
2023-06-12,11,92
2023-06-12,12,100
2023-06-12,13,97
2023-06-12,14,83
2023-06-12,15,100
2023-06-12,16,196
2023-06-12,17,109
2023-06-12,18,66
2023-06-12,19,66
2023-06-12,20,40
2023-06-12,21,26
2023-06-12,22,38
2023-06-12,23,11
2023-06-13,0,7
2023-06-13,1,10
2023-06-13,2,2
2023-06-13,3,9
2023-06-13,4,8
2023-06-13,5,20
2023-06-13,6,54
2023-06-13,7,88
2023-06-13,8,97
2023-06-13,9,74
2023-06-13,10,68
2023-06-13,11,94
2023-06-13,12,97
2023-06-13,13,111
2023-06-13,14,114
2023-06-13,15,120
2023-06-13,16,121
2023-06-13,17,107
2023-06-13,18,67
2023-06-13,19,54
2023-06-13,20,33
2023-06-13,21,23
2023-06-13,22,26
2023-06-13,23,18
2023-06-14,0,17
2023-06-14,1,4
2023-06-14,2,3
2023-06-14,3,4
2023-06-14,4,4
2023-06-14,5,21
2023-06-14,6,43
2023-06-14,7,94
2023-06-14,8,77
2023-06-14,9,95
2023-06-14,10,78
2023-06-14,11,122
2023-06-14,12,91
2023-06-14,13,124
2023-06-14,14,129
2023-06-14,15,133
2023-06-14,16,149
2023-06-14,17,126
2023-06-14,18,58
2023-06-14,19,49
2023-06-14,20,40
2023-06-14,21,55
2023-06-14,22,27
2023-06-14,23,20
2023-06-15,0,20
2023-06-15,1,6
2023-06-15,2,3
2023-06-15,3,8
2023-06-15,4,7
2023-06-15,5,26
2023-06-15,6,45
2023-06-15,7,95
2023-06-15,8,86
2023-06-15,9,93
2023-06-15,10,87
2023-06-15,11,90
2023-06-15,12,108
2023-06-15,13,130
2023-06-15,14,122
2023-06-15,15,118
2023-06-15,16,165
2023-06-15,17,174
2023-06-15,18,96
2023-06-15,19,76
2023-06-15,20,39
2023-06-15,21,53
2023-06-15,22,36
2023-06-15,23,25
2023-06-16,0,14
2023-06-16,1,10
2023-06-16,2,10
2023-06-16,3,10
2023-06-16,4,6
2023-06-16,5,24
2023-06-16,6,33
2023-06-16,7,71
2023-06-16,8,87
2023-06-16,9,85
2023-06-16,10,97
2023-06-16,11,109
2023-06-16,12,113
2023-06-16,13,133
2023-06-16,14,125
2023-06-16,15,168
2023-06-16,16,129
2023-06-16,17,125
2023-06-16,18,75
2023-06-16,19,37
2023-06-16,20,49
2023-06-16,21,47
2023-06-16,22,39
2023-06-16,23,34
2023-06-17,0,11
2023-06-17,1,19
2023-06-17,2,12
2023-06-17,3,14
2023-06-17,4,8
2023-06-17,5,11
2023-06-17,6,22
2023-06-17,7,26
2023-06-17,8,57
2023-06-17,9,58
2023-06-17,10,81
2023-06-17,11,102
2023-06-17,12,106
2023-06-17,13,169
2023-06-17,14,136
2023-06-17,15,144
2023-06-17,16,131
2023-06-17,17,140
2023-06-17,18,105
2023-06-17,19,68
2023-06-17,20,88
2023-06-17,21,66
2023-06-17,22,46
2023-06-17,23,35
2023-06-18,0,17
2023-06-18,1,94
2023-06-18,2,15
2023-06-18,3,11
2023-06-18,4,16
2023-06-18,5,10
2023-06-18,6,19
2023-06-18,7,16
2023-06-18,8,26
2023-06-18,9,51
2023-06-18,10,76
2023-06-18,11,210
2023-06-18,12,124
2023-06-18,13,128
2023-06-18,14,123
2023-06-18,15,124
2023-06-18,16,126
2023-06-19,7,68
2023-06-19,8,85
2023-06-19,9,56
2023-06-19,10,80
2023-06-19,11,85
2023-06-19,12,91
2023-06-19,13,104
2023-06-19,14,95
2023-06-19,15,103
2023-06-19,16,168
2023-06-19,17,108
2023-06-19,18,84
2023-06-19,19,49
2023-06-19,20,39
2023-06-19,21,34
2023-06-19,22,20
2023-06-19,23,12
2023-06-20,0,13
2023-06-20,1,1
2023-06-20,2,4
2023-06-20,3,3
2023-06-20,4,8
2023-06-20,5,94
2023-06-20,6,44
2023-06-20,7,89
2023-06-20,8,72
2023-06-20,9,76
2023-06-20,10,80
2023-06-20,11,97
2023-06-20,12,196
2023-06-20,13,118
2023-06-20,14,119
2023-06-20,15,180
2023-06-20,16,211
2023-06-20,17,127
2023-06-20,18,92
2023-06-20,19,78
2023-06-20,20,50
2023-06-20,21,33
2023-06-20,22,25
2023-06-20,23,32
2023-06-21,0,11
2023-06-21,1,7
2023-06-21,2,3
2023-06-21,3,8
2023-06-21,4,11
2023-06-21,5,16
2023-06-21,6,84
2023-06-21,7,184
2023-06-21,8,86
2023-06-21,9,71
2023-06-21,10,123
2023-06-21,11,89
2023-06-21,12,113
2023-06-21,13,102
2023-06-21,14,111
2023-06-21,15,118
2023-06-21,16,156
2023-06-21,17,122
2023-06-21,18,71
2023-06-21,19,44
2023-06-21,20,98
2023-06-21,21,67
2023-06-21,22,31
2023-06-21,23,17
2023-06-22,0,12
2023-06-22,1,3
2023-06-22,2,7
2023-06-22,3,12
2023-06-22,4,10
2023-06-22,5,20
2023-06-22,6,46
2023-06-22,7,87
2023-06-22,8,131
2023-06-22,9,102
2023-06-22,10,100
2023-06-22,11,121
2023-06-22,12,96
2023-06-22,13,98
2023-06-22,14,154
2023-06-22,15,145
2023-06-22,16,125
2023-06-22,17,136
2023-06-22,18,96
2023-06-22,19,53
2023-06-22,20,51
2023-06-22,21,43
2023-06-22,22,33
2023-06-22,23,16
2023-06-23,0,7
2023-06-23,1,8
2023-06-23,2,2
2023-06-23,3,9
2023-06-23,4,6
2023-06-23,5,19
2023-06-23,6,34
2023-06-23,7,67
2023-06-23,8,82
2023-06-23,9,75
2023-06-23,10,86
2023-06-23,11,102
2023-06-23,12,126
2023-06-23,13,128
2023-06-23,14,136
2023-06-23,15,170
2023-06-23,16,146
2023-06-23,17,127
2023-06-23,18,68
2023-06-23,19,55
2023-06-23,20,36
2023-06-23,21,52
2023-06-23,22,44
2023-06-23,23,35
2023-06-24,0,19
2023-06-24,1,24
2023-06-24,2,14
2023-06-24,3,13
2023-06-24,4,14
2023-06-24,5,3
2023-06-24,6,20
2023-06-24,7,20
2023-06-24,8,64
2023-06-24,9,76
2023-06-24,10,127
2023-06-24,11,90
2023-06-24,12,106
2023-06-24,13,130
2023-06-24,14,139
2023-06-24,15,142
2023-06-24,16,126
2023-06-24,17,136
2023-06-24,18,144
2023-06-24,19,90
2023-06-24,20,53
2023-06-24,21,38
2023-06-24,22,52
2023-06-24,23,40
2023-06-25,0,33
2023-06-25,1,27
2023-06-25,2,17
2023-06-25,3,18
2023-06-25,4,12
2023-06-25,5,14
2023-06-25,6,17
2023-06-25,7,21
2023-06-25,8,30
2023-06-25,9,36
2023-06-25,10,68
2023-06-25,11,135
2023-06-25,12,108
2023-06-25,13,130
2023-06-25,14,126
2023-06-25,15,130
2023-06-25,16,145
2023-06-25,17,112
2023-06-25,18,57
2023-06-25,19,61
2023-06-25,20,33
2023-06-25,21,35
2023-06-25,22,27
2023-06-25,23,23
2023-06-26,0,17
2023-06-26,1,10
2023-06-26,2,12
2023-06-26,3,5
2023-06-26,4,7
2023-06-26,5,14
2023-06-26,6,64
2023-06-26,7,87
2023-06-26,8,112
2023-06-26,9,84
2023-06-26,10,72
2023-06-26,11,73
2023-06-26,12,63
2023-06-26,13,115
2023-06-26,14,131
2023-06-26,15,140
2023-06-26,16,138
2023-06-26,17,90
2023-06-26,18,86
2023-06-26,19,40
2023-06-26,20,30
2023-06-26,21,30
2023-06-26,22,28
2023-06-26,23,12
2023-06-27,0,7
2023-06-27,1,7
2023-06-27,2,3
2023-06-27,3,6
2023-06-27,4,5
2023-06-27,5,17
2023-06-27,6,57
2023-06-27,7,90
2023-06-27,8,85
2023-06-27,9,76
2023-06-27,10,92
2023-06-27,11,101
2023-06-27,12,133
2023-06-27,13,140
2023-06-27,14,105
2023-06-27,15,163
2023-06-27,16,279
2023-06-27,17,131
2023-06-27,18,66
2023-06-27,19,46
2023-06-27,20,38
2023-06-27,21,30
2023-06-27,22,29
2023-06-27,23,20
2023-06-28,0,4
2023-06-28,1,2
2023-06-28,2,7
2023-06-28,3,5
2023-06-28,4,8
2023-06-28,5,25
2023-06-28,6,43
2023-06-28,7,79
2023-06-28,8,76
2023-06-28,9,65
2023-06-28,10,171
2023-06-28,11,129
2023-06-28,12,98
2023-06-28,13,119
2023-06-28,14,112
2023-06-28,15,130
2023-06-28,16,215
2023-06-28,17,149
2023-06-28,18,69
2023-06-28,19,58
2023-06-28,20,47
2023-06-28,21,55
2023-06-28,22,16
2023-06-28,23,16
2023-06-29,0,14
2023-06-29,1,12
2023-06-29,2,9
2023-06-29,3,20
2023-06-29,4,8
2023-06-29,5,21
2023-06-29,6,39
2023-06-29,7,165
2023-06-29,8,67
2023-06-29,9,75
2023-06-29,10,74
2023-06-29,11,93
2023-06-29,12,101
2023-06-29,13,114
2023-06-29,14,98
2023-06-29,15,133
2023-06-29,16,155
2023-06-29,17,134
2023-06-29,18,107
2023-06-29,19,64
2023-06-29,20,47
2023-06-29,21,45
2023-06-29,22,26
2023-06-29,23,22
2023-06-30,0,10
2023-06-30,1,15
2023-06-30,2,11
2023-06-30,3,10
2023-06-30,4,7
2023-06-30,5,20
2023-06-30,6,31
2023-06-30,7,63
2023-06-30,8,68
2023-06-30,9,58
2023-06-30,10,73
2023-06-30,11,116
2023-06-30,12,128
2023-06-30,13,126
2023-06-30,14,170
2023-06-30,15,153
2023-06-30,16,132
2023-06-30,17,126
2023-06-30,18,89
2023-06-30,19,58
2023-06-30,20,81
2023-06-30,21,63
2023-06-30,22,45
2023-06-30,23,44
2023-07-01,0,32
2023-07-01,1,26
2023-07-01,2,27
2023-07-01,3,16
2023-07-01,4,17
2023-07-01,5,14
2023-07-01,6,19
2023-07-01,7,36
2023-07-01,8,42
2023-07-01,9,87
2023-07-01,10,143
2023-07-01,11,117
2023-07-01,12,178
2023-07-01,13,177
2023-07-01,14,372
2023-07-01,15,314
2023-07-01,16,128
2023-07-01,17,94
2023-07-01,18,84
2023-07-01,19,69
2023-07-01,20,101
2023-07-01,21,54
2023-07-01,22,59
2023-07-01,23,38
2023-07-02,0,37
2023-07-02,1,31
2023-07-02,2,25
2023-07-02,3,21
2023-07-02,4,12
2023-07-02,5,14
2023-07-02,6,13
2023-07-02,7,16
2023-07-02,8,113
2023-07-02,9,35
2023-07-02,10,65
2023-07-02,11,86
2023-07-02,12,85
2023-07-02,13,103
2023-07-02,14,158
2023-07-02,15,160
2023-07-02,16,114
2023-07-02,17,92
2023-07-02,18,85
2023-07-02,19,53
2023-07-02,20,35
2023-07-02,21,40
2023-07-02,22,26
2023-07-02,23,16
2023-07-03,0,11
2023-07-03,1,13
2023-07-03,2,6
2023-07-03,3,5
2023-07-03,4,7
2023-07-03,5,17
2023-07-03,6,39
2023-07-03,7,68
2023-07-03,8,66
2023-07-03,9,48
2023-07-03,10,66
2023-07-03,11,154
2023-07-03,12,115
2023-07-03,13,124
2023-07-03,14,107
2023-07-03,15,152
2023-07-03,16,190
2023-07-03,17,108
2023-07-03,18,57
2023-07-03,19,31
2023-07-03,20,40
2023-07-03,21,22
2023-07-03,22,25
2023-07-03,23,20
2023-07-04,0,9
2023-07-04,1,5
2023-07-04,2,7
2023-07-04,3,2
2023-07-04,4,6
2023-07-04,5,28
2023-07-04,6,59
2023-07-04,7,80
2023-07-04,8,53
2023-07-04,9,76
2023-07-04,10,78
2023-07-04,11,80
2023-07-04,12,99
2023-07-04,13,121
2023-07-04,14,102
2023-07-04,15,115
2023-07-04,16,201
2023-07-04,17,104
2023-07-04,18,58
2023-07-04,19,51
2023-07-04,20,39
2023-07-04,21,26
2023-07-04,22,31
2023-07-04,23,19
2023-07-05,0,12
2023-07-05,1,10
2023-07-05,2,5
2023-07-05,3,5
2023-07-05,4,8
2023-07-05,5,13
2023-07-05,6,33
2023-07-05,7,78
2023-07-05,8,68
2023-07-05,9,73
2023-07-05,10,83
2023-07-05,11,88
2023-07-05,12,104
2023-07-05,13,124
2023-07-05,14,123
2023-07-05,15,147
2023-07-05,16,166
2023-07-05,17,103
2023-07-05,18,65
2023-07-05,19,48
2023-07-05,20,40
2023-07-05,21,66
2023-07-05,22,38
2023-07-05,23,28
2023-07-06,0,13
2023-07-06,1,3
2023-07-06,2,7
2023-07-06,3,11
2023-07-06,4,6
2023-07-06,5,22
2023-07-06,6,36
2023-07-06,7,66
2023-07-06,8,87
2023-07-06,9,67
2023-07-06,10,92
2023-07-06,11,129
2023-07-06,12,118
2023-07-06,13,117
2023-07-06,14,131
2023-07-06,15,166
2023-07-06,16,157
2023-07-06,17,190
2023-07-06,18,143
2023-07-06,19,65
2023-07-06,20,52
2023-07-06,21,78
2023-07-06,22,92
2023-07-06,23,50
2023-07-07,0,36
2023-07-07,1,14
2023-07-07,2,22
2023-07-07,3,7
2023-07-07,4,5
2023-07-07,5,23
2023-07-07,6,37
2023-07-07,7,60
2023-07-07,8,68
2023-07-07,9,78
2023-07-07,10,99
2023-07-07,11,136
2023-07-07,12,112
2023-07-07,13,151
2023-07-07,14,257
2023-07-07,15,156
2023-07-07,16,173
2023-07-07,17,112
2023-07-07,18,101
2023-07-07,19,64
2023-07-07,20,73
2023-07-07,21,96
2023-07-07,22,153
2023-07-07,23,96
2023-07-08,0,40
2023-07-08,1,34
2023-07-08,2,18
2023-07-08,3,14
2023-07-08,4,9
2023-07-08,5,12
2023-07-08,6,13
2023-07-08,7,21
2023-07-08,8,46
2023-07-08,9,55
2023-07-08,10,91
2023-07-08,11,100
2023-07-08,12,147
2023-07-08,13,174
2023-07-08,14,247
2023-07-08,15,157
2023-07-08,16,149
2023-07-08,17,180
2023-07-08,18,93
2023-07-08,19,88
2023-07-08,20,67
2023-07-08,21,90
2023-07-08,22,127
2023-07-08,23,64
2023-07-09,0,58
2023-07-09,1,28
2023-07-09,2,26
2023-07-09,3,26
2023-07-09,4,7
2023-07-09,5,15
2023-07-09,6,14
2023-07-09,7,21
2023-07-09,8,30
2023-07-09,9,49
2023-07-09,10,70
2023-07-09,11,73
2023-07-09,12,182
2023-07-09,13,136
2023-07-09,14,125
2023-07-09,15,196
2023-07-09,16,110
2023-07-09,17,114
2023-07-09,18,108
2023-07-09,19,79
2023-07-09,20,52
2023-07-09,21,131
2023-07-09,22,112
2023-07-09,23,49
2023-07-10,0,21
2023-07-10,1,13
2023-07-10,2,17
2023-07-10,3,8
2023-07-10,4,10
2023-07-10,5,13
2023-07-10,6,38
2023-07-10,7,59
2023-07-10,8,58
2023-07-10,9,77
2023-07-10,10,108
2023-07-10,11,86
2023-07-10,12,84
2023-07-10,13,102
2023-07-10,14,113
2023-07-10,15,132
2023-07-10,16,158
2023-07-10,17,112
2023-07-10,18,80
2023-07-10,19,79
2023-07-10,20,53
2023-07-10,21,42
2023-07-10,22,34
2023-07-10,23,25
2023-07-11,0,12
2023-07-11,1,7
2023-07-11,2,2
2023-07-11,3,1
2023-07-11,4,5
2023-07-11,5,18
2023-07-11,6,40
2023-07-11,7,80
2023-07-11,8,76
2023-07-11,9,60
2023-07-11,10,70
2023-07-11,11,70
2023-07-11,12,94
2023-07-11,13,110
2023-07-11,14,121
2023-07-11,15,138
2023-07-11,16,138
2023-07-11,17,135
2023-07-11,18,68
2023-07-11,19,92
2023-07-11,20,36
2023-07-11,21,19
2023-07-11,22,19
2023-07-11,23,17
2023-07-12,0,4
2023-07-12,1,5
2023-07-12,2,3
2023-07-12,3,5
2023-07-12,4,6
2023-07-12,5,18
2023-07-12,6,56
2023-07-12,7,89
2023-07-12,8,81
2023-07-12,9,72
2023-07-12,10,125
2023-07-12,11,100
2023-07-12,12,80
2023-07-26,10,81
2023-07-26,11,112
2023-07-26,12,80
2023-07-26,13,125
2023-07-26,14,158
2023-07-26,15,163
2023-07-26,16,295
2023-07-26,17,197
2023-07-26,18,74
2023-07-26,19,55
2023-07-26,20,46
2023-07-26,21,58
2023-07-26,22,34
2023-07-26,23,28
2023-07-27,0,12
2023-07-27,1,14
2023-07-27,2,8
2023-07-27,3,5
2023-07-27,4,11
2023-07-27,5,22
2023-07-27,6,47
2023-07-27,7,77
2023-07-27,8,91
2023-07-27,9,121
2023-07-27,10,130
2023-07-27,11,155
2023-07-27,12,142
2023-07-27,13,140
2023-07-27,14,151
2023-07-27,15,200
2023-07-27,16,174
2023-07-27,17,137
2023-07-27,18,80
2023-07-27,19,63
2023-07-27,20,58
2023-07-27,21,55
2023-07-27,22,37
2023-07-27,23,23
2023-07-28,0,11
2023-07-28,1,8
2023-07-28,2,10
2023-07-28,3,8
2023-07-28,4,9
2023-07-28,5,9
2023-07-28,6,33
2023-07-28,7,63
2023-07-28,8,89
2023-07-28,9,93
2023-07-28,10,122
2023-07-28,11,98
2023-07-28,12,128
2023-07-28,13,128
2023-07-28,14,146
2023-07-28,15,139
2023-07-28,16,203
2023-07-28,17,133
2023-07-28,18,107
2023-07-28,19,77
2023-07-28,20,35
2023-07-28,21,51
2023-07-28,22,56
2023-07-28,23,32
2023-07-29,0,37
2023-07-29,1,24
2023-07-29,2,24
2023-07-29,3,12
2023-07-29,4,10
2023-07-29,5,10
2023-07-29,6,13
2023-07-29,7,28
2023-07-29,8,45
2023-07-29,9,95
2023-07-29,10,73
2023-07-29,11,180
2023-07-29,12,126
2023-07-29,13,139
2023-07-29,14,139
2023-07-29,15,140
2023-07-29,16,119
2023-07-29,17,135
2023-07-29,18,84
2023-07-29,19,85
2023-07-29,20,59
2023-07-29,21,51
2023-07-29,22,49
2023-07-29,23,51
2023-07-30,0,40
2023-07-30,1,24
2023-07-30,2,17
2023-07-30,3,19
2023-07-30,4,8
2023-07-30,5,22
2023-07-30,6,14
2023-07-30,7,21
2023-07-30,8,26
2023-07-30,9,42
2023-07-30,10,81
2023-07-30,11,92
2023-07-30,12,115
2023-07-30,13,130
2023-07-30,14,125
2023-07-30,15,96
2023-07-30,16,131
2023-07-30,17,101
2023-07-30,18,79
2023-07-30,19,54
2023-07-30,20,35
2023-07-30,21,36
2023-07-30,22,23
2023-07-30,23,26
2023-07-31,0,12
2023-07-31,1,4
2023-07-31,2,8
2023-07-31,3,8
2023-07-31,4,9
2023-07-31,5,15
2023-07-31,6,44
2023-07-31,7,71
2023-07-31,8,77
2023-07-31,9,68
2023-07-31,10,76
2023-07-31,11,92
2023-07-31,12,121
2023-07-31,13,134
2023-07-31,14,134
2023-07-31,15,132
2023-07-31,16,138
2023-07-31,17,106
2023-07-31,18,58
2023-07-31,19,50
2023-07-31,20,53
2023-07-31,21,30
2023-07-31,22,30
2023-07-31,23,17
2023-08-01,0,8
2023-08-01,1,7
2023-08-01,2,9
2023-08-01,3,6
2023-08-01,4,7
2023-08-01,5,15
2023-08-01,6,46
2023-08-01,7,74
2023-08-01,8,85
2023-08-01,9,97
2023-08-01,10,91
2023-08-01,11,119
2023-08-01,12,127
2023-08-01,13,132
2023-08-01,14,102
2023-08-01,15,146
2023-08-01,16,291
2023-08-01,17,128
2023-08-01,18,96
2023-08-01,19,43
2023-08-01,20,54
2023-08-01,21,51
2023-08-01,22,37
2023-08-01,23,21
2023-08-02,0,24
2023-08-02,1,5
2023-08-02,2,2
2023-08-02,3,0
2023-08-02,4,9
2023-08-02,5,24
2023-08-02,6,42
2023-08-02,7,80
2023-08-02,8,97
2023-08-02,9,85
2023-08-02,10,98
2023-08-02,11,139
2023-08-02,12,105
2023-08-02,13,126
2023-08-02,14,135
2023-08-02,15,177
2023-08-02,16,172
2023-08-02,17,146
2023-08-02,18,98
2023-08-02,19,71
2023-08-02,20,47
2023-08-02,21,39
2023-08-02,22,30
2023-08-02,23,28
2023-08-03,0,6
2023-08-03,1,12
2023-08-03,2,8
2023-08-03,3,12
2023-08-03,4,5
2023-08-03,5,12
2023-08-03,6,42
2023-08-03,7,75
2023-08-03,8,83
2023-08-03,9,78
2023-08-03,10,88
2023-08-03,11,97
2023-08-03,12,114
2023-08-03,13,116
2023-08-03,14,136
2023-08-03,15,137
2023-08-03,16,169
2023-08-03,17,123
2023-08-03,18,82
2023-08-03,19,62
2023-08-03,20,58
2023-08-03,21,152
2023-08-03,22,46
2023-08-03,23,46
2023-08-04,0,29
2023-08-04,1,17
2023-08-04,2,16
2023-08-04,3,15
2023-08-04,4,11
2023-08-04,5,32
2023-08-04,6,115
2023-08-04,7,96
2023-08-04,8,124
2023-08-04,9,187
2023-08-04,10,183
2023-08-04,11,299
2023-08-04,12,359
2023-08-04,13,212
2023-08-04,14,360
2023-08-04,15,318
2023-08-04,16,161
2023-08-04,17,121
2023-08-04,18,86
2023-08-04,19,85
2023-08-04,20,76
2023-08-04,21,97
2023-08-04,22,86
2023-08-04,23,81
2023-08-05,0,43
2023-08-05,1,36
2023-08-05,2,28
2023-08-05,3,24
2023-08-05,4,32
2023-08-05,5,29
2023-08-05,6,13
2023-08-05,7,75
2023-08-05,8,57
2023-08-05,9,59
2023-08-05,10,72
2023-08-05,11,91
2023-08-05,12,110
2023-08-05,13,124
2023-08-05,14,162
2023-08-05,15,136
2023-08-05,16,232
2023-08-05,17,209
2023-08-05,18,106
2023-08-05,19,100
2023-08-05,20,73
2023-08-05,21,101
2023-08-05,22,95
2023-08-05,23,80
2023-08-06,0,61
2023-08-06,1,44
2023-08-06,2,47
2023-08-06,3,34
2023-08-06,4,15
2023-08-06,5,21
2023-08-06,6,16
2023-08-06,7,19
2023-08-06,8,35
2023-08-06,9,52
2023-08-06,10,63
2023-08-06,11,81
2023-08-06,12,111
2023-08-06,13,128
2023-08-06,14,129
2023-08-06,15,132
2023-08-06,16,276
2023-08-06,17,207
2023-08-06,18,90
2023-08-06,19,72
2023-08-06,20,68
2023-08-06,21,60
2023-08-06,22,64
2023-08-06,23,36
2023-08-07,0,21
2023-08-07,1,11
2023-08-07,2,9
2023-08-07,3,6
2023-08-07,4,22
2023-08-07,5,21
2023-08-07,6,51
2023-08-07,7,88
2023-08-07,8,68
2023-08-07,9,85
2023-08-07,10,103
2023-08-07,11,83
2023-08-07,12,108
2023-08-07,13,112
2023-08-07,14,136
2023-08-07,15,160
2023-08-07,16,170
2023-08-07,17,157
2023-08-07,18,76
2023-08-07,19,69
2023-08-07,20,82
2023-08-07,21,46
2023-08-07,22,31
2023-08-07,23,26
2023-08-08,0,11
2023-08-08,1,9
2023-08-08,2,7
2023-08-08,3,7
2023-08-08,4,17
2023-08-08,5,32
2023-08-08,6,82
2023-08-08,7,107
2023-08-08,8,145
2023-08-08,9,166
2023-08-08,10,132
2023-08-08,11,279
2023-08-08,12,282
2023-08-08,13,280
2023-08-08,14,361
2023-08-08,15,293
2023-08-08,16,325
2023-08-08,17,203
2023-08-08,18,124
2023-08-08,19,57
2023-08-08,20,65
2023-08-08,21,50
2023-08-08,22,38
2023-08-08,23,25
2023-08-09,0,9
2023-08-09,1,9
2023-08-09,2,7
2023-08-09,3,3
2023-08-09,4,7
2023-08-09,5,20
2023-08-09,6,55
2023-08-09,7,79
2023-08-09,8,70
2023-08-09,9,77
2023-08-09,10,90
2023-08-09,11,105
2023-08-09,12,105
2023-08-09,13,105
2023-08-09,14,132
2023-08-09,15,174
2023-08-09,16,162
2023-08-09,17,157
2023-08-09,18,84
2023-08-09,19,68
2023-08-09,20,41
2023-08-09,21,31
2023-08-09,22,39
2023-08-09,23,21
2023-08-10,0,17
2023-08-10,1,13
2023-08-10,2,10
2023-08-10,3,6
2023-08-10,4,11
2023-08-10,5,17
2023-08-10,6,34
2023-08-10,7,74
2023-08-10,8,59
2023-08-10,9,61
2023-08-10,10,88
2023-08-10,11,83
2023-08-10,12,94
2023-08-10,13,118
2023-08-10,14,112
2023-08-10,15,126
2023-08-10,16,129
2023-08-10,17,149
2023-08-10,18,90
2023-08-10,19,64
2023-08-10,20,42
2023-08-10,21,41
2023-08-10,22,29
2023-08-10,23,29
2023-08-11,0,15
2023-08-11,1,5
2023-08-11,2,5
2023-08-11,3,7
2023-08-11,4,2
2023-08-11,5,19
2023-08-11,6,32
2023-08-11,7,53
2023-08-11,8,66
2023-08-11,9,85
2023-08-11,10,72
2023-08-11,11,116
2023-08-11,12,116
2023-08-11,13,99
2023-08-11,14,104
2023-08-11,15,117
2023-08-11,16,125
2023-08-11,17,126
2023-08-11,18,77
2023-08-11,19,64
2023-08-11,20,62
2023-08-11,21,51
2023-08-11,22,53
2023-08-11,23,42
2023-08-12,0,29
2023-08-12,1,21
2023-08-12,2,11
2023-08-12,3,15
2023-08-12,4,24
2023-08-12,5,25
2023-08-12,6,26
2023-08-12,7,37
2023-08-12,8,67
2023-08-12,9,49
2023-08-12,10,80
2023-08-12,11,96
2023-08-12,12,119
2023-08-12,13,159
2023-08-12,14,120
2023-08-12,15,166
2023-08-12,16,165
2023-08-12,17,160
2023-08-12,18,95
2023-08-12,19,82
2023-08-12,20,64
2023-08-12,21,56
2023-08-13,3,28
2023-08-13,4,17
2023-08-13,5,10
2023-08-13,6,16
2023-08-13,7,21
2023-08-13,8,24
2023-08-13,9,84
2023-08-13,10,73
2023-08-13,11,95
2023-08-13,12,99
2023-08-13,13,90
2023-08-13,14,130
2023-08-13,15,112
2023-08-13,16,178
2023-08-13,17,124
2023-08-13,18,96
2023-08-13,19,76
2023-08-13,20,64
2023-08-13,21,53
2023-08-13,22,46
2023-08-13,23,29
2023-08-14,0,14
2023-08-14,1,10
2023-08-14,2,9
2023-08-14,3,2
2023-08-14,4,6
2023-08-14,5,11
2023-08-14,6,56
2023-08-14,7,65
2023-08-14,8,95
2023-08-14,9,65
2023-08-14,10,67
2023-08-14,11,61
2023-08-14,12,95
2023-08-14,13,94
2023-08-14,14,111
2023-08-14,15,172
2023-08-14,16,224
2023-08-14,17,116
2023-08-14,18,73
2023-08-14,19,39
2023-08-14,20,44
2023-08-14,21,25
2023-08-14,22,20
2023-08-14,23,11
2023-08-15,0,7
2023-08-15,1,5
2023-08-15,2,6
2023-08-15,3,1
2023-08-15,5,9
2023-08-15,6,40
2023-08-15,8,80
2023-08-15,9,70
2023-08-15,10,91
2023-08-15,11,97
2023-08-15,12,112
2023-08-15,13,108
2023-08-15,14,132
2023-08-15,15,186
2023-08-15,16,301
2023-08-15,17,285
2023-08-15,18,79
2023-08-15,19,74
2023-08-15,20,79
2023-08-15,21,56
2023-08-15,22,48
2023-08-15,23,24
2023-08-16,0,16
2023-08-16,1,9
2023-08-16,2,7
2023-08-16,3,5
2023-08-16,4,15
2023-08-16,5,11
2023-08-16,6,45
2023-08-16,7,100
2023-08-16,8,76
2023-08-16,9,84
2023-08-16,10,93
2023-08-16,11,83
2023-08-16,12,103
2023-08-16,13,114
2023-08-16,14,110
2023-08-16,15,148
2023-08-16,16,250
2023-08-16,17,154
2023-08-16,18,77
2023-08-16,19,49
2023-08-16,20,54
2023-08-16,21,50
2023-08-16,22,30
2023-08-16,23,24
2023-08-17,0,8
2023-08-17,1,4
2023-08-17,2,10
2023-08-17,3,9
2023-08-17,4,5
2023-08-17,5,17
2023-08-17,6,67
2023-08-17,7,92
2023-08-17,8,96
2023-08-17,9,72
2023-08-17,10,82
2023-08-17,11,93
2023-08-17,12,101
2023-08-17,13,114
2023-08-17,14,133
2023-08-17,15,132
2023-08-17,16,182
2023-08-17,17,152
2023-08-17,18,100
2023-08-17,19,62
2023-08-17,20,69
2023-08-17,21,47
2023-08-17,22,33
2023-08-17,23,18
2023-08-18,0,10
2023-08-18,1,12
2023-08-18,2,10
2023-08-18,3,6
2023-08-18,4,8
2023-08-18,5,18
2023-08-18,6,44
2023-08-18,7,74
2023-08-18,8,95
2023-08-18,9,96
2023-08-18,10,106
2023-08-18,11,96
2023-08-18,12,146
2023-08-18,13,139
2023-08-18,14,182
2023-08-18,15,152
2023-08-18,16,183
2023-08-18,17,116
2023-08-18,18,81
2023-08-18,19,61
2023-08-18,20,45
2023-08-18,21,53
2023-08-18,22,47
2023-08-18,23,34
2023-08-19,0,27
2023-08-19,1,16
2023-08-19,2,21
2023-08-19,3,10
2023-08-19,4,13
2023-08-19,5,17
2023-08-19,6,21
2023-08-19,7,42
2023-08-19,8,47
2023-08-19,9,77
2023-08-19,10,129
2023-08-19,11,126
2023-08-19,12,102
2023-08-19,13,144
2023-08-19,14,113
2023-08-19,15,141
2023-08-19,16,139
2023-08-19,17,182
2023-08-19,18,72
2023-08-19,19,92
2023-08-19,20,67
2023-08-19,21,65
2023-08-19,22,58
2023-08-19,23,42
2023-08-20,0,29
2023-08-20,1,32
2023-08-20,2,23
2023-08-20,3,18
2023-08-20,4,7
2023-08-20,5,15
2023-08-20,6,21
2023-08-20,7,16
2023-08-20,8,29
2023-08-20,9,35
2023-08-20,10,77
2023-08-20,11,83
2023-08-20,12,90
2023-08-20,13,127
2023-08-20,14,104
2023-08-20,15,138
2023-08-20,16,114
2023-08-20,17,92
2023-08-20,18,69
2023-08-20,19,41
2023-08-20,20,34
2023-08-20,21,29
2023-08-20,22,34
2023-08-20,23,14
2023-08-21,0,8
2023-08-21,1,3
2023-08-21,2,125
2023-08-21,3,6
2023-08-21,4,6
2023-08-21,5,13
2023-08-21,6,58
2023-08-21,7,95
2023-08-21,8,93
2023-08-21,9,81
2023-08-21,10,156
2023-08-21,11,137
2023-08-21,12,102
2023-08-21,13,115
2023-08-21,14,120
2023-08-21,15,124
2023-08-21,16,160
2023-08-21,17,137
2023-08-21,18,63
2023-08-21,19,45
2023-08-21,20,49
2023-08-21,21,20
2023-08-21,22,26
2023-08-21,23,22
2023-08-22,0,10
2023-08-22,1,5
2023-08-22,2,3
2023-08-22,3,2
2023-08-22,4,4
2023-08-22,5,17
2023-08-22,6,53
2023-08-22,7,111
2023-08-22,8,113
2023-08-22,9,68
2023-08-22,10,101
2023-08-22,11,104
2023-08-22,12,117
2023-08-22,13,110
2023-08-22,14,136
2023-08-22,15,165
2023-08-22,16,243
2023-08-22,17,296
2023-08-22,18,95
2023-08-22,19,53
2023-08-22,20,32
2023-08-22,21,22
2023-08-22,22,16
2023-08-22,23,15
2023-08-23,0,10
2023-08-23,1,8
2023-08-23,2,5
2023-08-23,3,5
2023-08-23,4,6
2023-08-23,5,23
2023-08-23,6,69
2023-08-23,7,98
2023-08-23,8,83
2023-08-23,9,85
2023-08-23,10,107
2023-08-23,11,78
2023-08-23,12,103
2023-08-23,13,125
2023-08-23,14,106
2023-08-23,15,157
2023-08-23,16,143
2023-08-23,17,107
2023-08-23,18,73
2023-08-23,19,49
2023-08-23,20,58
2023-08-23,21,49
2023-08-23,22,32
2023-08-23,23,13
2023-08-24,0,11
2023-08-24,1,10
2023-08-24,2,8
2023-08-24,3,6
2023-08-24,4,8
2023-08-24,5,18
2023-08-24,6,43
2023-08-24,7,104
2023-08-24,8,98
2023-08-24,9,89
2023-08-24,10,116
2023-08-24,11,102
2023-08-24,12,90
2023-08-24,13,104
2023-08-24,14,116
2023-08-24,15,164
2023-08-24,16,153
2023-08-24,17,121
2023-08-24,18,94
2023-08-24,19,60
2023-08-24,20,53
2023-08-24,21,47
2023-08-24,22,23
2023-08-24,23,29
2023-08-25,0,18
2023-08-25,1,5
2023-08-25,2,9
2023-08-25,3,3
2023-08-25,4,7
2023-08-25,5,26
2023-08-25,6,50
2023-08-25,7,79
2023-08-25,8,87
2023-08-25,9,83
2023-08-25,10,99
2023-08-25,11,112
2023-08-25,12,134
2023-08-25,13,172
2023-08-25,14,131
2023-08-25,15,177
2023-08-25,16,238
2023-08-25,17,164
2023-08-25,18,67
2023-08-25,19,57
2023-08-25,20,50
2023-08-25,21,44
2023-08-25,22,37
2023-08-25,23,35
2023-08-26,0,34
2023-08-26,1,24
2023-08-26,2,18
2023-08-26,3,16
2023-08-26,4,8
2023-08-26,5,14
2023-08-26,6,31
2023-08-26,7,26
2023-08-26,8,51
2023-08-26,9,55
2023-08-26,10,87
2023-08-26,11,97
2023-08-26,12,111
2023-08-26,13,129
2023-08-26,14,79
2023-08-26,15,134
2023-08-26,16,228
2023-08-26,17,225
2023-08-26,18,88
2023-08-26,19,75
2023-08-26,20,44
2023-08-26,21,65
2023-08-26,22,51
2023-08-26,23,28
2023-08-27,0,31
2023-08-27,1,28
2023-08-27,2,31
2023-08-27,3,13
2023-08-27,4,13
2023-08-27,5,8
2023-08-27,6,8
2023-08-27,7,16
2023-08-27,8,26
2023-08-27,9,39
2023-08-27,10,85
2023-08-27,11,100
2023-08-27,12,127
2023-08-27,13,118
2023-08-27,14,129
2023-08-27,15,131
2023-08-27,16,115
2023-08-27,17,99
2023-08-27,18,75
2023-08-27,19,48
2023-08-27,20,51
2023-08-27,21,41
2023-08-27,22,27
2023-08-27,23,18
2023-08-28,0,10
2023-08-28,1,3
2023-08-28,2,6
2023-08-28,3,4
2023-08-28,4,10
2023-08-28,5,30
2023-08-28,6,53
2023-08-28,7,79
2023-08-28,8,73
2023-08-28,9,73
2023-08-28,10,85
2023-08-28,11,112
2023-08-28,12,116
2023-08-28,13,119
2023-08-28,14,80
2023-08-28,15,107
2023-08-28,16,127
2023-08-28,17,85
2023-08-28,18,54
2023-08-28,19,49
2023-08-28,20,34
2023-08-28,21,30
2023-08-28,22,30
2023-08-28,23,22
2023-08-29,0,3
2023-08-29,1,5
2023-08-29,2,3
2023-08-29,3,6
2023-08-29,4,5
2023-08-29,5,21
2023-08-29,6,54
2023-08-29,7,140
2023-08-29,8,91
2023-08-29,9,69
2023-08-29,10,85
2023-08-29,11,76
2023-08-29,12,98
2023-08-29,13,135
2023-08-29,14,112
2023-08-29,15,142
2023-08-29,16,220
2023-08-29,17,148
2023-08-29,18,99
2023-08-29,19,40
2023-08-29,20,45
2023-08-29,21,43
2023-08-29,22,25
2023-08-29,23,11
2023-08-30,0,8
2023-08-30,1,4
2023-08-30,2,0
2023-08-30,3,3
2023-08-30,4,6
2023-08-30,5,21
2023-08-30,6,49
2023-08-30,7,85
2023-08-30,8,78
2023-08-30,9,73
2023-08-30,10,73
2023-08-30,11,102
2023-08-30,12,102
2023-08-30,13,103
2023-08-30,14,116
2023-08-30,15,122
2023-08-30,16,218
2023-08-30,17,119
2023-08-30,18,74
2023-08-30,20,48
2023-08-30,21,32
2023-08-30,22,20
2023-08-30,23,21
2023-08-31,0,9
2023-08-31,1,7
2023-08-31,2,8
2023-08-31,3,12
2023-08-31,4,11
2023-08-31,5,18
2023-08-31,6,52
2023-08-31,7,85
2023-08-31,8,88
2023-08-31,9,53
2023-08-31,10,90
2023-08-31,11,88
2023-08-31,12,109
2023-08-31,13,116
2023-08-31,14,128
2023-08-31,15,119
2023-08-31,16,180
2023-08-31,17,125
2023-08-31,18,96
2023-08-31,19,64
2023-08-31,20,46
2023-08-31,21,42
2023-08-31,22,30
2023-08-31,23,25
2023-09-01,0,18
2023-09-01,1,7
2023-09-01,2,13
2023-09-01,3,2
2023-09-01,4,5
2023-09-01,5,13
2023-09-01,6,45
2023-09-01,7,89
2023-09-01,8,76
2023-09-01,9,88
2023-09-01,10,91
2023-09-01,11,92
2023-09-01,12,120
2023-09-01,13,124
2023-09-01,14,137
2023-09-01,15,151
2023-09-01,16,188
2023-09-01,17,97
2023-09-01,18,84
2023-09-01,19,75
2023-09-01,20,51
2023-09-01,21,52
2023-09-01,22,50
2023-09-01,23,39
2023-09-02,0,31
2023-09-02,1,34
2023-09-02,2,25
2023-09-02,3,14
2023-09-02,4,14
2023-09-02,5,14
2023-09-02,6,20
2023-09-02,7,31
2023-09-02,8,48
2023-09-02,9,50
2023-09-02,10,82
2023-09-02,11,110
2023-09-02,12,103
2023-09-02,13,145
2023-09-02,14,161
2023-09-02,15,112
2023-09-02,16,144
2023-09-02,17,135
2023-09-02,18,80
2023-09-02,19,70
2023-09-02,20,60
2023-09-02,21,62
2023-09-02,22,58
2023-09-02,23,54
2023-09-03,0,32
2023-09-03,1,34
2023-09-03,2,24
2023-09-03,3,21
2023-09-03,4,9
2023-09-03,5,10
2023-09-03,6,14
2023-09-03,7,21
2023-09-03,8,31
2023-09-03,9,63
2023-09-03,10,101
2023-09-03,11,85
2023-09-03,12,79
2023-09-03,13,78
2023-09-03,14,111
2023-09-03,15,121
2023-09-03,16,83
2023-09-03,17,103
2023-09-03,18,49
2023-09-03,19,45
2023-09-03,20,34
2023-09-03,21,31
2023-09-03,22,18
2023-09-03,23,20
2023-09-04,0,6
2023-09-04,1,7
2023-09-04,2,8
2023-09-04,3,5
2023-09-04,4,4
2023-09-04,5,12
2023-09-04,6,43
2023-09-04,7,66
2023-09-04,8,72
2023-09-04,9,70
2023-09-04,10,74
2023-09-04,11,80
2023-09-04,12,80
2023-09-04,13,92
2023-09-04,14,93
2023-09-04,15,109
2023-09-04,16,123
2023-09-04,17,110
2023-09-04,18,48
2023-09-04,19,40
2023-09-04,20,31
2023-09-04,21,26
2023-09-04,22,34
2023-09-04,23,34
2023-09-05,0,0
2023-09-05,1,0
2023-09-05,2,0
2023-09-05,3,0
2023-09-05,4,0
2023-09-05,5,17
2023-09-05,6,48
2023-09-05,7,97
2023-09-05,8,84
2023-09-05,9,80
2023-09-05,10,72
2023-09-05,11,106
2023-09-05,12,105
2023-09-05,13,119
2023-09-05,14,115
2023-09-05,15,136
2023-09-05,16,220
2023-09-05,17,155
2023-09-05,18,75
2023-09-05,19,53
2023-09-05,20,35
2023-09-05,21,21
2023-09-05,22,34
2023-09-05,23,16
2023-09-06,0,16
2023-09-06,1,0
2023-09-06,2,0
2023-09-06,3,0
2023-09-06,4,0
2023-09-06,5,8
2023-09-06,6,53
2023-09-06,7,84
2023-09-06,8,80
2023-09-06,9,66
2023-09-06,10,75
2023-09-06,11,76
2023-09-06,12,106
2023-09-06,13,97
2023-09-06,14,104
2023-09-06,15,114
2023-09-06,16,158
2023-09-06,17,111
2023-09-06,18,52
2023-09-06,19,40
2023-09-06,20,36
2023-09-06,21,58
2023-09-06,22,26
2023-09-06,23,17
2023-09-07,0,4
2023-09-07,1,0
2023-09-07,2,0
2023-09-07,3,0
2023-09-07,4,0
2023-09-07,5,12
2023-09-07,6,50
2023-09-07,7,75
2023-09-07,8,76
2023-09-07,9,57
2023-09-07,10,72
2023-09-07,11,105
2023-09-07,12,94
2023-09-07,13,116
2023-09-07,14,112
2023-09-07,15,117
2023-09-07,16,141
2023-09-07,17,98
2023-09-07,18,82
2023-09-07,19,61
2023-09-07,20,37
2023-09-07,21,32
2023-09-07,22,24
2023-09-07,23,23
2023-09-08,0,23
2023-09-08,1,5
2023-09-08,2,6
2023-09-08,3,6
2023-09-08,4,8
2023-09-08,5,13
2023-09-08,6,51
2023-09-08,7,68
2023-09-08,8,75
2023-09-08,9,97
2023-09-08,10,93
2023-09-08,11,124
2023-09-08,12,117
2023-09-08,13,114
2023-09-08,14,139
2023-09-08,15,121
2023-09-08,16,150
2023-09-08,17,102
2023-09-08,18,58
2023-09-08,19,55
2023-09-08,20,53
2023-09-08,21,59
2023-09-08,22,43
2023-09-08,23,37
2023-09-09,0,27
2023-09-09,1,27
2023-09-09,2,19
2023-09-09,3,11
2023-09-09,4,14
2023-09-09,5,12
2023-09-09,6,35
2023-09-09,7,22
2023-09-09,8,47
2023-09-09,9,62
2023-09-09,10,95
2023-09-09,11,96
2023-09-09,12,93
2023-09-09,13,112
2023-09-09,14,120
2023-09-09,15,125
2023-09-09,16,102
2023-09-09,17,112
2023-09-09,18,71
2023-09-09,19,63
2023-09-09,20,51
2023-09-09,21,53
2023-09-09,22,70
2023-09-09,23,36
2023-09-10,0,36
2023-09-10,1,29
2023-09-10,2,22
2023-09-10,3,22
2023-09-10,4,13
2023-09-10,5,8
2023-09-10,6,14
2023-09-10,7,26
2023-09-10,8,30
2023-09-10,9,56
2023-09-10,10,68
2023-09-10,11,94
2023-09-10,12,130
2023-09-10,13,119
2023-09-10,14,154
2023-09-10,15,123
2023-09-10,16,135
2023-09-10,17,94
2023-09-10,18,63
2023-09-10,19,52
2023-09-10,20,42
2023-09-10,21,25
2023-09-10,22,24
2023-09-10,23,15
2023-09-11,0,10
2023-09-11,1,7
2023-09-11,2,12
2023-09-11,3,3
2023-09-11,4,7
2023-09-11,5,18
2023-09-11,6,42
2023-09-11,7,83
2023-09-11,8,78
2023-09-11,9,53
2023-09-11,10,74
2023-09-11,11,95
2023-09-11,12,99
2023-09-11,13,98
2023-09-11,14,107
2023-09-11,15,99
2023-09-11,16,157
2023-09-11,17,114
2023-09-11,18,52
2023-09-11,19,58
2023-09-11,20,55
2023-09-11,21,39
2023-09-11,22,26
2023-09-11,23,11
2023-09-12,0,3
2023-09-12,1,3
2023-09-12,2,3
2023-09-12,3,1
2023-09-12,4,3
2023-09-12,5,17
2023-09-12,6,37
2023-09-12,7,84
2023-09-12,8,93
2023-09-12,9,72
2023-09-12,10,79
2023-09-12,11,110
2023-09-12,12,95
2023-09-12,13,108
2023-09-12,14,134
2023-09-12,15,149
2023-09-12,16,165
2023-09-12,17,147
2023-09-12,18,71
2023-09-12,19,43
2023-09-12,20,40
2023-09-12,21,38
2023-09-12,22,44
2023-09-12,23,19
2023-09-13,0,20
2023-09-13,1,8
2023-09-13,2,8
2023-09-13,3,6
2023-09-13,4,5
2023-09-13,5,18
2023-09-13,6,46
2023-09-13,7,83
2023-09-13,8,99
2023-09-13,9,69
2023-09-13,10,83
2023-09-13,11,85
2023-09-13,12,91
2023-09-13,13,84
2023-09-13,14,93
2023-09-13,15,138
2023-09-13,16,182
2023-09-13,17,120
2023-09-13,18,69
2023-09-13,19,86
2023-09-13,20,58
2023-09-13,21,33
2023-09-13,22,23
2023-09-13,23,18
2023-09-14,0,7
2023-09-14,1,8
2023-09-14,2,4
2023-09-14,3,5
2023-09-14,4,5
2023-09-14,5,13
2023-09-14,6,44
2023-09-14,7,83
2023-09-14,8,92
2023-09-14,9,71
2023-09-14,10,103
2023-09-14,11,88
2023-09-14,12,99
2023-09-14,13,107
2023-09-14,14,111
2023-09-14,15,150
2023-09-14,16,250
2023-09-14,17,123
2023-09-14,18,173
2023-09-14,19,80
2023-09-14,20,56
2023-09-14,21,32
2023-09-14,22,34
2023-09-14,23,23
2023-09-15,0,14
2023-09-15,1,9
2023-09-15,2,6
2023-09-15,3,8
2023-09-15,4,5
2023-09-15,5,13
2023-09-15,6,39
2023-09-15,7,71
2023-09-15,8,76
2023-09-15,9,68
2023-09-15,10,80
2023-09-15,11,127
2023-09-15,12,106
2023-09-15,13,146
2023-09-15,14,133
2023-09-15,15,129
2023-09-15,16,197
2023-09-15,17,127
2023-09-15,18,103
2023-09-15,19,54
2023-09-15,20,43
2023-09-15,21,60
2023-09-15,22,48
2023-09-15,23,37
2023-09-16,0,17
2023-09-16,1,11
2023-09-16,2,20
2023-09-16,3,13
2023-09-16,4,10
2023-09-16,5,12
2023-09-16,6,15
2023-09-16,7,25
2023-09-16,8,58
2023-09-16,9,54
2023-09-16,10,76
2023-09-16,11,93
2023-09-16,12,118
2023-09-16,13,145
2023-09-16,14,163
2023-09-16,15,123
2023-09-16,16,240
2023-09-16,17,289
2023-09-16,18,97
2023-09-16,19,94
2023-09-16,20,65
2023-09-16,21,64
2023-09-16,22,75
2023-09-16,23,60
2023-09-17,0,31
2023-09-17,1,34
2023-09-17,2,28
2023-09-17,3,21
2023-09-17,4,13
2023-09-17,5,15
2023-09-17,6,14
2023-09-17,7,15
2023-09-17,8,28
2023-09-17,9,50
2023-09-17,10,62
2023-09-17,11,92
2023-09-17,12,125
2023-09-17,13,128
2023-09-17,14,123
2023-09-17,15,142
2023-09-17,16,121
2023-09-17,17,103
2023-09-17,18,53
2023-09-17,19,46
2023-09-17,20,32
2023-09-17,21,24
2023-09-17,22,19
2023-09-17,23,14
2023-09-18,0,6
2023-09-18,1,3
2023-09-18,2,4
2023-09-18,3,6
2023-09-18,4,5
2023-09-18,5,10
2023-09-18,6,44
2023-09-18,7,95
2023-09-18,8,95
2023-09-18,9,134
2023-09-18,10,73
2023-09-18,11,69
2023-09-18,12,90
2023-09-18,13,106
2023-09-18,14,97
2023-09-18,15,114
2023-09-18,16,131
2023-09-18,17,92
2023-09-18,18,40
2023-09-18,19,55
2023-09-18,20,32
2023-09-18,21,33
2023-09-18,22,18
2023-09-18,23,16
2023-09-19,0,9
2023-09-19,1,4
2023-09-19,2,7
2023-09-19,3,7
2023-09-19,4,7
2023-09-19,5,18
2023-09-19,6,49
2023-09-19,7,103
2023-09-19,8,102
2023-09-19,9,71
2023-09-19,10,110
2023-09-19,11,104
2023-09-19,12,82
2023-09-19,13,80
2023-09-19,14,110
2023-09-19,15,120
2023-09-19,16,227
2023-09-19,17,154
2023-09-19,18,70
2023-09-19,19,61
2023-09-19,20,37
2023-09-19,21,32
2023-09-19,22,24
2023-09-19,23,10
2023-09-20,0,3
2023-09-20,1,7
2023-09-20,2,8
2023-09-20,3,5
2023-09-20,4,10
2023-09-20,5,14
2023-09-20,6,56
2023-09-20,7,82
2023-09-20,8,89
2023-09-20,9,78
2023-09-20,10,76
2023-09-20,11,107
2023-09-20,12,103
2023-09-20,13,102
2023-09-20,14,125
2023-09-20,15,152
2023-09-20,16,333
2023-09-20,17,161
2023-09-20,18,92
2023-09-20,19,76
2023-09-20,20,42
2023-09-20,21,44
2023-09-20,22,23
2023-09-20,23,13
2023-09-21,0,12
2023-09-21,1,8
2023-09-21,2,4
2023-09-21,3,2
2023-09-21,4,3
2023-09-21,5,18
2023-09-21,6,49
2023-09-21,7,87
2023-09-21,8,97
2023-09-21,9,80
2023-09-21,10,96
2023-09-21,11,89
2023-09-21,12,103
2023-09-21,13,127
2023-09-21,14,124
2023-09-21,15,128
2023-09-21,16,157
2023-09-21,17,152
2023-09-21,18,98
2023-09-21,19,61
2023-09-21,20,37
2023-09-21,21,54
2023-09-21,22,34
2023-09-21,23,35
2023-09-22,0,17
2023-09-22,1,9
2023-09-22,2,8
2023-09-22,3,4
2023-09-22,4,3
2023-09-22,5,9
2023-09-22,6,40
2023-09-22,7,60
2023-09-22,8,62
2023-09-22,9,72
2023-09-22,10,93
2023-09-22,11,103
2023-09-22,12,124
2023-09-22,13,175
2023-09-22,14,224
2023-09-22,15,134
2023-09-22,16,151
2023-09-22,17,116
2023-09-22,18,120
2023-09-22,19,70
2023-09-22,20,49
2023-09-22,21,56
2023-09-22,22,55
2023-09-22,23,31
2023-09-23,0,25
2023-09-23,1,21
2023-09-23,2,19
2023-09-23,3,17
2023-09-23,4,10
2023-09-23,5,13
2023-09-23,6,17
2023-09-23,7,37
2023-09-23,8,55
2023-09-23,9,66
2023-09-23,10,87
2023-09-23,11,93
2023-09-23,12,94
2023-09-23,13,130
2023-09-23,14,173
2023-09-23,15,166
2023-09-23,16,127
2023-09-23,17,141
2023-09-23,18,113
2023-09-23,19,64
2023-09-23,20,98
2023-09-23,21,44
2023-09-23,22,59
2023-09-23,23,63
2023-09-24,0,39
2023-09-24,1,30
2023-09-24,2,27
2023-09-24,3,21
2023-09-24,4,10
2023-09-24,5,19
2023-09-24,6,24
2023-09-24,7,32
2023-09-24,8,44
2023-09-24,9,36
2023-09-24,10,67
2023-09-24,11,93
2023-09-24,12,124
2023-09-24,13,149
2023-09-24,14,138
2023-09-24,15,110
2023-09-24,16,121
2023-09-24,17,105
2023-09-24,18,75
2023-09-24,19,50
2023-09-24,20,34
2023-09-24,21,40
2023-09-24,22,36
2023-09-24,23,17
2023-09-25,0,12
2023-09-25,1,12
2023-09-25,2,15
2023-09-25,3,6
2023-09-25,4,8
2023-09-25,5,6
2023-09-25,6,30
2023-09-25,7,58
2023-09-25,8,73
2023-09-25,9,63
2023-09-25,10,56
2023-09-25,11,66
2023-09-25,12,90
2023-09-25,13,98
2023-09-25,14,96
2023-09-25,15,102
2023-09-25,16,127
2023-09-25,17,77
2023-09-25,18,50
2023-09-25,19,39
2023-09-25,20,34
2023-09-25,21,35
2023-09-25,22,15
2023-09-25,23,10
2023-09-26,0,13
2023-09-26,1,6
2023-09-26,2,8
2023-09-26,3,3
2023-09-26,4,5
2023-09-26,5,13
2023-09-26,6,46
2023-09-26,7,105
2023-09-26,8,63
2023-09-26,9,68
2023-09-26,10,78
2023-09-26,11,103
2023-09-26,12,84
2023-09-26,13,87
2023-09-26,14,117
2023-09-26,15,116
2023-09-26,16,215
2023-09-26,17,156
2023-09-26,18,84
2023-09-26,19,44
2023-09-26,20,50
2023-09-26,21,56
2023-09-26,22,28
2023-09-26,23,18
2023-09-27,0,14
2023-09-27,1,9
2023-09-27,2,9
2023-09-27,3,9
2023-09-27,4,8
2023-09-27,5,14
2023-09-27,6,48
2023-09-27,7,89
2023-09-27,8,108
2023-09-27,9,76
2023-09-27,10,114
2023-09-27,11,103
2023-09-27,12,102
2023-09-27,13,110
2023-09-27,14,121
2023-09-27,15,145
2023-09-27,16,170
2023-09-27,17,103
2023-09-27,18,91
2023-09-27,19,65
2023-09-27,20,55
2023-09-27,21,32
2023-09-27,22,21
2023-09-27,23,12
2023-09-28,0,8
2023-09-28,1,13
2023-09-28,2,4
2023-09-28,3,7
2023-09-28,4,4
2023-09-28,5,11
2023-09-28,6,46
2023-09-28,7,94
2023-09-28,8,68
2023-09-28,9,80
2023-09-28,10,83
2023-09-28,11,102
2023-09-28,12,103
2023-09-28,13,115
2023-09-28,14,120
2023-09-28,15,160
2023-09-28,16,185
2023-09-28,17,155
2023-09-28,18,83
2023-09-28,19,62
2023-09-28,20,64
2023-09-28,21,45
2023-09-28,22,28
2023-09-28,23,27
2023-09-29,0,15
2023-09-29,1,13
2023-09-29,2,9
2023-09-29,3,5
2023-09-29,4,10
2023-09-29,5,17
2023-09-29,6,45
2023-09-29,7,84
2023-09-29,8,88
2023-09-29,9,78
2023-09-29,10,85
2023-09-29,11,111
2023-09-29,12,112
2023-09-29,13,128
2023-09-29,14,162
2023-09-29,15,143
2023-09-29,16,113
2023-09-29,17,124
2023-09-29,18,99
2023-09-29,19,71
2023-09-29,20,63
2023-09-29,21,63
2023-09-29,22,47
2023-09-29,23,49
2023-09-30,0,34
2023-09-30,1,23
2023-09-30,2,28
2023-09-30,3,21
2023-09-30,4,12
2023-09-30,5,12
2023-09-30,6,20
2023-09-30,7,27
2023-09-30,8,55
2023-09-30,9,54
2023-09-30,10,95
2023-09-30,11,108
2023-09-30,12,141
2023-09-30,13,195
2023-09-30,14,159
2023-09-30,15,151
2023-09-30,16,128
2023-09-30,17,133
2023-09-30,18,96
2023-09-30,19,75
2023-09-30,20,58
2023-09-30,21,60
2023-09-30,22,63
2023-09-30,23,63
