date,time,flow
2019-10-01,0,13
2019-10-01,1,8
2019-10-01,2,8
2019-10-01,3,6
2019-10-01,4,20
2019-10-01,5,41
2019-10-01,6,137
2019-10-01,7,192
2019-10-01,8,195
2019-10-01,9,186
2019-10-01,10,197
2019-10-01,11,162
2019-10-01,12,197
2019-10-01,13,205
2019-10-01,14,245
2019-10-01,15,264
2019-10-01,16,291
2019-10-01,17,216
2019-10-01,18,185
2019-10-01,19,150
2019-10-01,20,108
2019-10-01,21,64
2019-10-01,22,45
2019-10-01,23,21
2019-10-02,0,9
2019-10-02,1,10
2019-10-02,2,9
2019-10-02,3,5
2019-10-02,4,15
2019-10-02,5,48
2019-10-02,6,131
2019-10-02,7,209
2019-10-02,8,192
2019-10-02,9,195
2019-10-02,10,178
2019-10-02,11,216
2019-10-02,12,203
2019-10-02,13,216
2019-10-02,14,241
2019-10-02,15,314
2019-10-02,16,269
2019-10-02,17,208
2019-10-02,18,184
2019-10-02,19,103
2019-10-02,20,103
2019-10-02,21,61
2019-10-02,22,35
2019-10-02,23,32
2019-10-03,0,10
2019-10-03,1,4
2019-10-03,2,5
2019-10-03,3,8
2019-10-03,4,13
2019-10-03,5,44
2019-10-03,6,133
2019-10-03,7,194
2019-10-03,8,215
2019-10-03,9,170
2019-10-03,10,171
2019-10-03,11,185
2019-10-03,12,210
2019-10-03,13,221
2019-10-03,14,269
2019-10-03,15,286
2019-10-03,16,283
2019-10-03,17,194
2019-10-03,18,166
2019-10-03,19,131
2019-10-03,20,104
2019-10-03,21,70
2019-10-03,22,56
2019-10-03,23,32
2019-10-04,0,18
2019-10-04,1,13
2019-10-04,2,7
2019-10-04,3,10
2019-10-04,4,17
2019-10-04,5,40
2019-10-04,6,119
2019-10-04,7,206
2019-10-04,8,205
2019-10-04,9,156
2019-10-04,10,171
2019-10-04,11,215
2019-10-04,12,202
2019-10-04,13,212
2019-10-04,14,257
2019-10-04,15,279
2019-10-04,16,243
2019-10-04,17,197
2019-10-04,18,172
2019-10-04,19,139
2019-10-04,20,77
2019-10-04,21,79
2019-10-04,22,77
2019-10-04,23,40
2019-10-05,0,41
2019-10-05,1,27
2019-10-05,2,25
2019-10-05,3,11
2019-10-05,4,13
2019-10-05,5,17
2019-10-05,6,48
2019-10-05,7,111
2019-10-05,8,136
2019-10-05,9,154
2019-10-05,10,165
2019-10-05,11,179
2019-10-05,12,191
2019-10-05,13,206
2019-10-05,14,180
2019-10-05,15,153
2019-10-05,16,196
2019-10-05,17,169
2019-10-05,18,134
2019-10-05,19,119
2019-10-05,20,93
2019-10-05,21,83
2019-10-05,22,59
2019-10-05,23,67
2019-10-06,0,50
2019-10-06,1,22
2019-10-06,2,26
2019-10-06,3,18
2019-10-06,4,15
2019-10-06,5,17
2019-10-06,6,45
2019-10-06,7,40
2019-10-06,8,71
2019-10-06,9,117
2019-10-06,10,131
2019-10-06,11,171
2019-10-06,12,213
2019-10-06,13,209
2019-10-06,14,190
2019-10-06,15,233
2019-10-06,16,207
2019-10-06,17,201
2019-10-06,18,150
2019-10-06,19,116
2019-10-06,20,90
2019-10-06,21,60
2019-10-06,22,47
2019-10-06,23,24
2019-10-07,0,13
2019-10-07,1,11
2019-10-07,2,7
2019-10-07,3,8
2019-10-07,4,17
2019-10-07,5,41
2019-10-07,6,111
2019-10-07,7,0
2019-10-07,8,0
2019-10-07,9,0
2019-10-07,10,44
2019-10-07,11,224
2019-10-07,12,172
2019-10-07,13,206
2019-10-07,14,238
2019-10-07,15,306
2019-10-07,16,250
2019-10-07,17,235
2019-10-07,18,199
2019-10-07,19,110
2019-10-07,20,95
2019-10-07,21,59
2019-10-07,22,32
2019-10-07,23,22
2019-10-08,0,15
2019-10-08,1,12
2019-10-08,2,9
2019-10-08,3,10
2019-10-08,4,15
2019-10-08,5,43
2019-10-08,6,122
2019-10-08,7,194
2019-10-08,8,203
2019-10-08,9,194
2019-10-08,10,189
2019-10-08,11,254
2019-10-08,12,204
2019-10-08,13,260
2019-10-08,14,258
2019-10-08,15,303
2019-10-08,16,221
2019-10-08,17,229
2019-10-08,18,189
2019-10-08,19,146
2019-10-08,20,109
2019-10-08,21,75
2019-10-08,22,42
2019-10-08,23,20
2019-10-09,0,14
2019-10-09,1,13
2019-10-09,2,7
2019-10-09,3,10
2019-10-09,4,19
2019-10-09,5,44
2019-10-09,6,133
2019-10-09,7,225
2019-10-09,8,201
2019-10-09,9,163
2019-10-09,10,176
2019-10-09,11,209
2019-10-09,12,185
2019-10-09,13,226
2019-10-09,14,247
2019-10-09,15,275
2019-10-09,16,302
2019-10-09,17,248
2019-10-09,18,190
2019-10-09,19,140
2019-10-09,20,118
2019-10-09,21,89
2019-10-09,22,49
2019-10-09,23,25
2019-10-10,0,21
2019-10-10,1,15
2019-10-10,2,8
2019-10-10,3,9
2019-10-10,4,12
2019-10-10,5,39
2019-10-10,6,115
2019-10-10,7,212
2019-10-10,8,247
2019-10-10,9,175
2019-10-10,10,180
2019-10-10,11,188
2019-10-10,12,195
2019-10-10,13,236
2019-10-10,14,260
2019-10-10,15,272
2019-10-10,16,251
2019-10-10,17,173
2019-10-10,18,193
2019-10-10,19,131
2019-10-10,20,111
2019-10-10,21,84
2019-10-10,22,49
2019-10-10,23,24
2019-10-11,0,23
2019-10-11,1,15
2019-10-11,2,15
2019-10-11,3,13
2019-10-11,4,17
2019-10-11,5,48
2019-10-11,6,130
2019-10-11,7,192
2019-10-11,8,158
2019-10-11,9,183
2019-10-11,10,175
2019-10-11,11,208
2019-10-11,12,206
2019-10-11,13,197
2019-10-11,14,235
2019-10-11,15,276
2019-10-11,16,268
2019-10-11,17,201
2019-10-11,18,150
2019-10-11,19,129
2019-10-11,20,105
2019-10-11,21,82
2019-10-11,22,60
2019-10-11,23,53
2019-10-12,0,31
2019-10-12,1,24
2019-10-12,2,17
2019-10-12,3,22
2019-10-12,4,18
2019-10-12,5,23
2019-10-12,6,58
2019-10-12,7,83
2019-10-12,8,101
2019-10-12,9,117
2019-10-12,10,152
2019-10-12,11,178
2019-10-12,12,208
2019-10-12,13,208
2019-10-12,14,181
2019-10-12,15,181
2019-10-12,16,172
2019-10-12,17,153
2019-10-12,18,152
2019-10-12,19,104
2019-10-12,20,90
2019-10-12,21,87
2019-10-12,22,47
2019-10-12,23,50
2019-10-13,0,41
2019-10-13,1,37
2019-10-13,2,25
2019-10-13,3,14
2019-10-13,4,17
2019-10-13,5,20
2019-10-13,6,35
2019-10-13,7,48
2019-10-13,8,77
2019-10-13,9,115
2019-10-13,10,113
2019-10-13,11,171
2019-10-13,12,159
2019-10-13,13,172
2019-10-13,14,165
2019-10-13,15,169
2019-10-13,16,132
2019-10-13,17,146
2019-10-13,18,116
2019-10-13,19,85
2019-10-13,20,76
2019-10-13,21,54
2019-10-13,22,35
2019-10-13,23,32
2019-10-14,0,19
2019-10-14,1,13
2019-10-14,2,8
2019-10-14,3,11
2019-10-14,4,15
2019-10-14,5,37
2019-10-14,6,118
2019-10-14,7,146
2019-10-14,8,144
2019-10-14,9,149
2019-10-14,10,168
2019-10-14,11,171
2019-10-14,12,177
2019-10-14,13,181
2019-10-14,14,201
2019-10-14,15,229
2019-10-14,16,225
2019-10-14,17,154
2019-10-14,18,155
2019-10-14,19,97
2019-10-14,20,69
2019-10-14,21,56
2019-10-14,22,30
2019-10-14,23,29
2019-10-15,0,15
2019-10-15,1,7
2019-10-15,2,9
2019-10-15,3,13
2019-10-15,4,21
2019-10-15,5,28
2019-10-15,6,92
2019-10-15,7,160
2019-10-15,8,144
2019-10-15,9,160
2019-10-15,10,161
2019-10-15,11,171
2019-10-15,12,176
2019-10-15,13,201
2019-10-15,14,183
2019-10-15,15,242
2019-10-15,16,219
2019-10-15,17,194
2019-10-15,18,147
2019-10-15,19,99
2019-10-15,20,94
2019-10-15,21,62
2019-10-15,22,44
2019-10-15,23,23
2019-10-16,0,15
2019-10-16,1,12
2019-10-16,2,8
2019-10-16,3,12
2019-10-16,4,18
2019-10-16,5,33
2019-10-16,6,116
2019-10-16,7,163
2019-10-16,8,146
2019-10-16,9,159
2019-10-16,10,201
2019-10-16,11,183
2019-10-16,12,166
2019-10-16,13,200
2019-10-16,14,222
2019-10-16,15,244
2019-10-16,16,239
2019-10-16,17,185
2019-10-16,18,144
2019-10-16,19,148
2019-11-20,12,192
2019-11-20,13,192
2019-11-20,14,169
2019-11-20,15,217
2019-11-20,16,292
2019-11-20,17,224
2019-11-20,18,289
2019-11-20,19,150
2019-11-20,20,133
2019-11-20,21,113
2019-11-20,22,95
2019-11-20,23,48
2019-11-21,0,24
2019-11-21,1,16
2019-11-21,2,7
2019-11-21,3,9
2019-11-21,4,12
2019-11-21,5,16
2019-11-21,6,57
2019-11-21,7,129
2019-11-21,8,223
2019-11-21,9,251
2019-11-21,10,189
2019-11-21,11,142
2019-11-21,12,162
2019-11-21,13,227
2019-11-21,14,192
2019-11-21,15,198
2019-11-21,16,253
2019-11-21,17,314
2019-11-21,18,213
2019-11-21,19,174
2019-11-21,20,124
2019-11-21,21,126
2019-11-21,22,67
2019-11-21,23,55
2019-11-22,0,29
2019-11-22,1,12
2019-11-22,2,9
2019-11-22,3,13
2019-11-22,4,11
2019-11-22,5,22
2019-11-22,6,37
2019-11-22,7,119
2019-11-22,8,173
2019-11-22,9,179
2019-11-22,10,183
2019-11-22,11,206
2019-11-22,12,225
2019-11-22,13,207
2019-11-22,14,206
2019-11-22,15,255
2019-11-22,16,259
2019-11-22,17,246
2019-11-22,18,185
2019-11-22,19,166
2019-11-22,20,116
2019-11-22,21,82
2019-11-22,22,78
2019-11-22,23,62
2019-11-23,0,50
2019-11-23,1,26
2019-11-23,2,23
2019-11-23,3,24
2019-11-23,4,18
2019-11-23,5,11
2019-11-23,6,29
2019-11-23,7,62
2019-11-23,8,99
2019-11-23,9,131
2019-11-23,10,183
2019-11-23,11,174
2019-11-23,12,170
2019-11-23,13,184
2019-11-23,14,195
2019-11-23,15,187
2019-11-23,16,197
2019-11-23,17,161
2019-11-23,18,130
2019-11-23,19,111
2019-11-23,20,99
2019-11-23,21,80
2019-11-23,22,94
2019-11-23,23,49
2019-11-24,0,54
2019-11-24,1,39
2019-11-24,2,30
2019-11-24,3,20
2019-11-24,4,20
2019-11-24,5,23
2019-11-24,6,17
2019-11-24,7,52
2019-11-24,8,62
2019-11-24,9,80
2019-11-24,10,106
2019-11-24,11,122
2019-11-24,12,180
2019-11-24,13,176
2019-11-24,14,192
2019-11-24,15,180
2019-11-24,16,153
2019-11-24,17,145
2019-11-24,18,120
2019-11-24,19,126
2019-11-24,20,107
2019-11-24,21,69
2019-11-24,22,43
2019-11-24,23,30
2019-11-25,0,21
2019-11-25,1,19
2019-11-25,2,16
2019-11-25,3,10
2019-11-25,4,9
2019-11-25,5,14
2019-11-25,6,43
2019-11-25,7,124
2019-11-25,8,198
2019-11-25,9,173
2019-11-25,10,175
2019-11-25,11,189
2019-11-25,12,195
2019-11-25,13,187
2019-11-25,14,196
2019-11-25,15,222
2019-11-25,16,265
2019-11-25,17,228
2019-11-25,18,201
2019-11-25,19,150
2019-11-25,20,108
2019-11-25,21,86
2019-11-25,22,51
2019-11-25,23,39
2019-11-26,0,19
2019-11-26,1,6
2019-11-26,2,10
2019-11-26,3,7
2019-11-26,4,15
2019-11-26,5,16
2019-11-26,6,48
2019-11-26,7,139
2019-11-26,8,189
2019-11-26,9,182
2019-11-26,10,186
2019-11-26,11,171
2019-11-26,12,207
2019-11-26,13,173
2019-11-26,14,207
2019-11-26,15,224
2019-11-26,16,283
2019-11-26,17,295
2019-11-26,18,228
2019-11-26,19,141
2019-11-26,20,123
2019-11-26,21,102
2019-11-26,22,73
2019-11-26,23,35
2019-11-27,0,20
2019-11-27,1,15
2019-11-27,2,8
2019-11-27,3,7
2019-11-27,4,10
2019-11-27,5,15
2019-11-27,6,45
2019-11-27,7,129
2019-11-27,8,201
2019-11-27,9,199
2019-11-27,10,170
2019-11-27,11,193
2019-11-27,12,219
2019-11-27,13,187
2019-11-27,14,229
2019-11-27,15,226
2019-11-27,16,281
2019-11-27,17,286
2019-11-27,18,208
2019-11-27,19,157
2019-11-27,20,134
2019-11-27,21,100
2019-11-27,22,81
2019-11-27,23,42
2019-11-28,0,24
2019-11-28,1,19
2019-11-28,2,8
2019-11-28,3,11
2019-11-28,4,10
2019-11-28,5,14
2019-11-28,6,47
2019-11-28,7,130
2019-11-28,8,220
2019-11-28,9,193
2019-11-28,10,135
2019-11-28,11,225
2019-11-28,12,224
2019-11-28,13,178
2019-11-28,14,199
2019-11-28,15,262
2019-11-28,16,304
2019-11-28,17,263
2019-11-28,18,208
2019-11-28,19,163
2019-11-28,20,154
2019-11-28,21,109
2019-11-28,22,88
2019-11-28,23,53
2019-11-29,0,30
2019-11-29,1,16
2019-11-29,2,9
2019-11-29,3,11
2019-11-29,4,9
2019-11-29,5,15
2019-11-29,6,48
2019-11-29,7,106
2019-11-29,8,201
2019-11-29,9,191
2019-11-29,10,197
2019-11-29,11,183
2019-11-29,12,203
2019-11-29,13,208
2019-11-29,14,221
2019-11-29,15,246
2019-11-29,16,278
2019-11-29,17,253
2019-11-29,18,194
2019-11-29,19,158
2019-11-29,20,132
2019-11-29,21,75
2019-11-29,22,68
2019-11-29,23,70
2019-11-30,0,58
2019-11-30,1,35
2019-11-30,2,27
2019-11-30,3,27
2019-11-30,4,16
2019-11-30,5,13
2019-11-30,6,24
2019-11-30,7,51
2019-11-30,8,89
2019-11-30,9,113
2019-11-30,10,155
2019-11-30,11,154
2019-11-30,12,187
2019-11-30,13,207
2019-11-30,14,183
2019-11-30,15,189
2019-11-30,16,160
2019-11-30,17,179
2019-11-30,18,151
2019-11-30,19,158
2019-11-30,20,89
2019-11-30,21,95
2019-11-30,22,84
2019-11-30,23,67
2019-12-01,0,67
2019-12-01,1,35
2019-12-01,2,34
2019-12-01,3,28
2019-12-01,4,20
2019-12-01,5,21
2019-12-01,6,21
2019-12-01,7,42
2019-12-01,8,66
2019-12-01,9,65
2019-12-01,10,100
2019-12-01,11,140
2019-12-01,12,151
2019-12-01,13,200
2019-12-01,14,191
2019-12-01,15,211
2019-12-01,16,168
2019-12-01,17,146
2019-12-01,18,119
2019-12-01,19,114
2019-12-01,20,100
2019-12-01,21,75
2019-12-01,22,46
2019-12-01,23,33
2019-12-02,0,27
2019-12-02,1,18
2019-12-02,2,5
2019-12-02,3,10
2019-12-02,4,10
2019-12-02,5,12
2019-12-02,6,49
2019-12-02,7,120
2019-12-02,8,164
2019-12-02,9,173
2019-12-02,10,140
2019-12-02,11,162
2019-12-02,12,193
2019-12-02,13,174
2019-12-02,14,190
2019-12-02,15,244
2019-12-02,16,316
2019-12-02,17,251
2019-12-02,18,206
2019-12-02,19,153
2019-12-02,20,129
2019-12-02,21,70
2019-12-02,22,64
2019-12-02,23,30
2019-12-03,0,22
2019-12-03,1,13
2019-12-03,2,4
2019-12-03,3,6
2019-12-03,4,6
2019-12-03,5,13
2019-12-03,6,46
2019-12-03,7,114
2019-12-03,8,189
2019-12-03,9,179
2019-12-03,10,166
2019-12-03,11,170
2019-12-03,12,198
2019-12-03,13,209
2019-12-03,14,198
2019-12-03,15,235
2019-12-03,16,328
2019-12-03,17,294
2019-12-03,18,224
2019-12-03,19,175
2019-12-03,20,133
2019-12-03,21,96
2019-12-03,22,78
2019-12-03,23,42
2019-12-04,0,19
2019-12-04,1,18
2019-12-04,2,11
2019-12-04,3,7
2019-12-04,4,12
2019-12-04,5,17
2019-12-04,6,45
2019-12-04,7,119
2019-12-04,8,202
2019-12-04,9,211
2019-12-04,10,170
2019-12-04,11,197
2019-12-04,12,223
2019-12-04,13,182
2019-12-04,14,212
2019-12-04,15,217
2019-12-04,16,294
2019-12-04,17,263
2019-12-04,18,212
2019-12-04,19,141
2019-12-04,20,112
2019-12-04,21,101
2019-12-04,22,86
2019-12-04,23,47
2019-12-05,0,27
2019-12-05,1,13
2019-12-05,2,11
2019-12-05,3,8
2019-12-05,4,7
2019-12-05,5,15
2019-12-05,6,39
2019-12-05,7,114
2019-12-05,8,211
2019-12-05,9,209
2019-12-05,10,167
2019-12-05,11,184
2019-12-05,12,216
2019-12-05,13,224
2019-12-05,14,231
2019-12-05,15,253
2019-12-05,16,289
2019-12-05,17,227
2019-12-05,18,252
2019-12-05,19,167
2019-12-05,20,142
2019-12-05,21,128
2019-12-05,22,75
2019-12-05,23,55
2019-12-06,0,36
2019-12-06,1,25
2019-12-06,2,9
2019-12-06,3,10
2019-12-06,4,10
2019-12-06,5,13
2019-12-06,6,41
2019-12-06,7,121
2019-12-06,8,202
2019-12-06,9,197
2019-12-06,10,174
2019-12-06,11,206
2019-12-06,12,221
2019-12-06,13,195
2019-12-06,14,253
2019-12-06,15,269
2019-12-06,16,260
2019-12-06,17,226
2019-12-06,18,179
2019-12-06,19,181
2019-12-06,20,119
2019-12-06,21,101
2019-12-06,22,88
2019-12-06,23,72
2019-12-07,0,66
2019-12-07,1,51
2019-12-07,2,35
2019-12-07,3,27
2019-12-07,4,14
2019-12-07,5,10
2019-12-07,6,26
2019-12-07,7,57
2019-12-07,8,104
2019-12-07,9,106
2019-12-07,10,189
2019-12-07,11,164
2019-12-07,12,190
2019-12-07,13,215
2019-12-07,14,187
2019-12-07,15,197
2019-12-07,16,150
2019-12-07,17,150
2019-12-07,18,141
2019-12-07,19,145
2019-12-07,20,111
2019-12-07,21,101
2019-12-07,22,75
2019-12-07,23,82
2019-12-08,0,74
2019-12-08,1,51
2019-12-08,2,37
2019-12-08,3,30
2019-12-08,4,29
2019-12-08,5,18
2019-12-08,6,22
2019-12-08,7,56
2019-12-08,8,45
2019-12-08,9,93
2019-12-08,10,129
2019-12-08,11,133
2019-12-08,12,165
2019-12-08,13,188
2019-12-08,14,189
2019-12-08,15,137
2019-12-08,16,144
2019-12-08,17,143
2019-12-08,18,146
2019-12-08,19,154
2019-12-08,20,107
2019-12-08,21,76
2019-12-08,22,70
2019-12-08,23,55
2019-12-09,0,25
2019-12-09,1,20
2019-12-09,2,17
2019-12-09,3,8
2019-12-09,4,12
2019-12-09,5,19
2019-12-09,6,44
2019-12-09,7,131
2019-12-09,8,192
2019-12-09,9,164
2019-12-09,10,174
2019-12-09,11,195
2019-12-09,12,198
2019-12-09,13,189
2019-12-09,14,209
2019-12-09,15,232
2019-12-09,16,311
2019-12-09,17,242
2019-12-09,18,196
2019-12-09,19,157
2019-12-09,20,100
2019-12-09,21,96
2019-12-09,22,63
2019-12-09,23,46
2019-12-10,0,20
2019-12-10,1,13
2019-12-10,2,10
2019-12-10,3,5
2019-12-10,4,4
2019-12-10,5,16
2019-12-10,6,41
2019-12-10,7,131
2019-12-10,8,224
2019-12-10,9,222
2019-12-10,10,198
2019-12-10,11,191
2019-12-10,12,201
2019-12-10,13,200
2019-12-10,14,209
2019-12-10,15,198
2019-12-10,16,264
2019-12-10,17,273
2019-12-10,18,290
2019-12-10,19,193
2019-12-10,20,146
2019-12-10,21,96
2019-12-10,22,69
2019-12-10,23,46
2019-12-11,0,20
2019-12-11,1,11
2019-12-11,2,10
2019-12-11,3,4
2019-12-11,4,12
2019-12-11,5,15
2019-12-11,6,46
2019-12-11,7,115
2019-12-11,8,200
2019-12-11,9,183
2019-12-11,10,164
2019-12-11,11,196
2019-12-11,12,231
2019-12-11,13,204
2019-12-11,14,206
2019-12-11,15,212
2019-12-11,16,297
2019-12-11,17,319
2019-12-11,18,212
2019-12-11,19,141
2019-12-11,20,122
2019-12-11,21,103
2019-12-11,22,84
2019-12-11,23,54
2019-12-12,0,19
2019-12-12,1,14
2019-12-12,2,9
2019-12-12,3,6
2019-12-12,4,12
2019-12-12,5,15
2019-12-12,6,44
2019-12-12,7,149
2019-12-12,8,175
2019-12-12,9,156
2019-12-12,10,187
2019-12-12,11,193
2019-12-12,12,228
2019-12-12,13,203
2019-12-12,14,199
2019-12-12,15,236
2019-12-12,16,313
2019-12-12,17,276
2019-12-12,18,252
2019-12-12,19,169
2019-12-12,20,143
2019-12-12,21,121
2019-12-12,22,112
2019-12-12,23,56
2019-12-13,0,28
2019-12-13,1,18
2019-12-13,2,12
2019-12-13,3,16
2019-12-13,4,17
2019-12-13,5,23
2019-12-13,6,41
2019-12-13,7,105
2019-12-13,8,189
2019-12-13,9,185
2019-12-13,10,173
2019-12-13,11,196
2019-12-13,12,220
2019-12-13,13,219
2019-12-13,14,230
2019-12-13,15,252
2019-12-13,16,231
2019-12-13,17,208
2019-12-13,18,192
2019-12-13,19,157
2019-12-13,20,115
2019-12-13,21,106
2019-12-13,22,93
2019-12-13,23,80
2019-12-14,0,71
2019-12-14,1,42
2019-12-14,2,39
2019-12-14,3,30
2019-12-14,4,20
2019-12-14,5,13
2019-12-14,6,23
2019-12-14,7,54
2019-12-14,8,82
2019-12-14,9,107
2019-12-14,10,153
2019-12-14,11,168
2019-12-14,12,200
2019-12-14,13,175
2019-12-14,14,208
2019-12-14,15,212
2019-12-14,16,186
2019-12-14,17,189
2019-12-14,18,165
2019-12-14,19,159
2019-12-14,20,102
2019-12-14,21,84
2019-12-14,22,79
2019-12-14,23,67
2019-12-15,0,66
2019-12-15,1,46
2019-12-15,2,31
2019-12-15,3,30
2019-12-15,4,19
2019-12-15,5,14
2019-12-15,6,20
2019-12-15,7,44
2019-12-15,8,51
2019-12-15,9,64
2019-12-15,10,99
2019-12-15,11,140
2019-12-15,12,144
2019-12-15,13,179
2019-12-15,14,183
2019-12-15,15,187
2019-12-15,16,159
2019-12-15,17,154
2019-12-15,18,141
2019-12-15,19,135
2019-12-15,20,103
2019-12-15,21,87
2019-12-15,22,54
2019-12-15,23,27
2019-12-16,0,22
2019-12-16,1,16
2019-12-16,2,13
2019-12-16,3,13
2019-12-16,4,13
2019-12-16,5,13
2019-12-16,6,42
2019-12-16,7,97
2019-12-16,8,194
2019-12-16,9,245
2019-12-16,10,153
2019-12-16,11,181
2019-12-16,12,209
2019-12-16,13,198
2019-12-16,14,195
2019-12-16,15,261
2019-12-16,16,288
2019-12-16,17,223
2019-12-16,18,204
2019-12-16,19,140
2019-12-16,20,109
2019-12-16,21,80
2019-12-16,22,65
2019-12-16,23,46
2019-12-17,0,24
2019-12-17,1,21
2019-12-17,2,7
2019-12-17,3,7
2019-12-17,4,7
2019-12-17,5,22
2019-12-17,6,39
2019-12-17,7,132
2019-12-17,8,216
2019-12-17,9,191
2019-12-17,10,159
2019-12-17,11,201
2019-12-17,12,222
2019-12-17,13,179
2019-12-17,14,229
2019-12-17,15,229
2019-12-17,16,293
2019-12-17,17,281
2019-12-17,18,241
2019-12-17,19,165
2019-12-17,20,146
2019-12-17,21,85
2019-12-17,22,81
2019-12-17,23,51
2019-12-18,0,20
2019-12-18,1,14
2019-12-18,2,13
2019-12-18,3,10
2019-12-18,4,13
2019-12-18,5,16
2019-12-18,6,44
2019-12-18,7,122
2019-12-18,8,213
2019-12-18,9,216
2019-12-18,10,197
2019-12-18,11,201
2019-12-18,12,209
2019-12-18,13,223
2019-12-18,14,209
2019-12-18,15,223
2019-12-18,16,333
2019-12-18,17,261
2019-12-18,18,204
2019-12-18,19,166
2019-12-18,20,118
2019-12-18,21,95
2019-12-18,22,82
2019-12-18,23,55
2019-12-19,0,29
2019-12-19,1,12
2019-12-19,2,13
2019-12-19,3,12
2019-12-19,4,9
2019-12-19,5,18
2019-12-19,6,46
2019-12-19,7,121
2019-12-19,8,184
2019-12-19,9,170
2019-12-19,10,156
2019-12-19,11,196
2019-12-19,12,234
2019-12-19,13,183
2019-12-19,14,250
2019-12-19,15,255
2019-12-19,16,300
2019-12-19,17,270
2019-12-19,18,196
2019-12-19,19,175
2019-12-19,20,135
2019-12-19,21,105
2019-12-19,22,79
2019-12-19,23,70
2019-12-20,0,42
2019-12-20,1,30
2019-12-20,2,13
2019-12-20,3,14
2019-12-20,4,15
2019-12-20,5,17
2019-12-20,6,42
2019-12-20,7,97
2019-12-20,8,167
2019-12-20,9,167
2019-12-20,10,198
2019-12-20,11,211
2019-12-20,12,259
2019-12-20,13,191
2019-12-20,14,238
2019-12-20,15,250
2019-12-20,16,227
2019-12-20,17,206
2019-12-20,18,188
2019-12-20,19,136
2019-12-20,20,114
2019-12-20,21,90
2019-12-20,22,91
2019-12-20,23,78
2019-12-21,0,65
2019-12-21,1,50
2019-12-21,2,41
2019-12-21,3,25
2019-12-21,4,28
2019-12-21,5,13
2019-12-21,6,24
2019-12-21,7,51
2019-12-21,8,77
2019-12-21,9,87
2019-12-21,10,146
2019-12-21,11,150
2019-12-21,12,160
2019-12-21,13,199
2019-12-21,14,193
2019-12-21,15,168
2019-12-21,16,170
2019-12-21,17,188
2019-12-21,18,143
2019-12-21,19,133
2019-12-21,20,115
2019-12-21,21,103
2019-12-21,22,72
2019-12-21,23,81
2019-12-22,0,56
2019-12-22,1,52
2019-12-22,2,40
2019-12-22,3,28
2019-12-22,4,29
2019-12-22,5,13
2019-12-22,6,19
2019-12-22,7,44
2019-12-22,8,62
2019-12-22,9,58
2019-12-22,10,101
2019-12-22,11,151
2019-12-22,12,180
2019-12-22,13,185
2019-12-22,14,169
2019-12-22,15,202
2019-12-22,16,147
2019-12-22,17,158
2019-12-22,18,141
2019-12-22,19,109
2019-12-22,20,125
2019-12-22,21,72
2019-12-22,22,63
2019-12-22,23,47
2019-12-23,0,35
2019-12-23,1,27
2019-12-23,2,17
2019-12-23,3,15
2019-12-23,4,18
2019-12-23,5,12
2019-12-23,6,32
2019-12-23,7,90
2019-12-23,8,151
2019-12-23,9,177
2019-12-23,10,190
2019-12-23,11,279
2019-12-23,12,247
2019-12-23,13,321
2019-12-23,14,271
2019-12-23,15,306
2019-12-23,16,329
2019-12-23,17,281
2019-12-23,18,193
2019-12-23,19,168
2019-12-23,20,141
2019-12-23,21,84
2019-12-23,22,101
2019-12-23,23,59
2019-12-24,0,38
2019-12-24,1,24
2019-12-24,2,11
2019-12-24,3,17
2019-12-24,4,8
2019-12-24,5,21
2019-12-24,6,34
2019-12-24,7,99
2019-12-24,8,127
2019-12-24,9,148
2019-12-24,10,221
2019-12-24,11,200
2019-12-24,12,231
2019-12-24,13,250
2019-12-24,14,322
2019-12-24,15,274
2019-12-24,16,186
2019-12-24,17,221
2019-12-24,18,106
2019-12-24,19,163
2019-12-24,20,93
2019-12-24,21,86
2019-12-24,22,57
2019-12-24,23,37
2019-12-25,0,33
2019-12-25,1,23
2019-12-25,2,14
2019-12-25,3,10
2019-12-25,4,6
2019-12-25,5,8
2019-12-25,6,10
2019-12-25,7,32
2019-12-25,8,19
2019-12-25,9,21
2019-12-25,10,61
2019-12-25,11,122
2019-12-25,12,172
2019-12-25,13,211
2019-12-25,14,237
2019-12-25,15,121
2019-12-25,16,68
2019-12-25,17,54
2019-12-25,18,229
2019-12-25,19,77
2019-12-25,20,76
2019-12-25,21,72
2019-12-25,22,45
2019-12-25,23,36
2019-12-26,0,35
2019-12-26,1,24
2019-12-26,2,12
2019-12-26,3,11
2019-12-26,4,9
2019-12-26,5,9
2019-12-26,6,15
2019-12-26,7,35
2019-12-26,8,34
2019-12-26,9,50
2019-12-26,10,62
2019-12-26,11,91
2019-12-26,12,130
2019-12-26,13,149
2019-12-26,14,233
2019-12-26,15,173
2019-12-26,16,151
2019-12-26,17,88
2019-12-26,18,98
2019-12-26,19,93
2019-12-26,20,76
2019-12-26,21,65
2019-12-26,22,52
2019-12-26,23,37
2019-12-27,0,32
2019-12-27,1,13
2019-12-27,2,20
2019-12-27,3,12
2019-12-27,4,12
2019-12-27,5,14
2019-12-27,6,20
2019-12-27,7,77
2019-12-27,8,150
2019-12-27,9,200
2019-12-27,10,127
2019-12-27,11,177
2019-12-27,12,249
2019-12-27,13,146
2019-12-27,14,250
2019-12-27,15,271
2019-12-27,16,154
2019-12-27,17,225
2019-12-27,18,125
2019-12-27,19,183
2019-12-27,20,139
2019-12-27,21,74
2019-12-27,22,78
2019-12-27,23,58
2019-12-28,0,49
2019-12-28,1,30
2019-12-28,2,14
2019-12-28,3,24
2019-12-28,4,21
2019-12-28,5,5
2019-12-28,6,20
2019-12-28,7,40
2019-12-28,8,63
2019-12-28,9,198
2019-12-28,10,107
2019-12-28,11,114
2019-12-28,12,218
2019-12-28,13,183
2019-12-28,14,222
2019-12-28,15,140
2019-12-28,16,223
2019-12-28,17,166
2019-12-28,18,147
2019-12-28,19,105
2019-12-28,20,123
2019-12-28,21,95
2019-12-28,22,77
2019-12-28,23,49
2019-12-29,0,79
2019-12-29,1,31
2019-12-29,2,28
2019-12-29,3,13
2019-12-29,4,27
2019-12-29,5,12
2019-12-29,6,41
2019-12-29,7,45
2019-12-29,8,136
2019-12-29,9,54
2019-12-29,10,139
2019-12-29,11,119
2019-12-29,12,177
2019-12-29,13,147
2019-12-29,14,125
2019-12-29,15,168
2019-12-29,16,229
2019-12-29,17,153
2019-12-29,18,115
2019-12-29,19,82
2019-12-29,20,120
2019-12-29,21,77
2019-12-29,22,54
2019-12-29,23,42
2019-12-30,0,27
2019-12-30,1,26
2019-12-30,2,18
2019-12-30,3,18
2019-12-30,4,12
2019-12-30,5,13
2019-12-30,6,26
2019-12-30,7,71
2019-12-30,8,175
2019-12-30,9,163
2019-12-30,10,223
2019-12-30,11,193
2019-12-30,12,217
2019-12-30,13,216
2019-12-30,14,251
2019-12-30,15,168
2019-12-30,16,243
2019-12-30,17,237
2019-12-30,18,136
2019-12-30,19,138
2019-12-30,20,75
2019-12-30,21,88
2019-12-30,22,59
2019-12-30,23,52
2019-12-31,0,31
2019-12-31,1,15
2019-12-31,2,9
2019-12-31,3,10
2019-12-31,4,8
2019-12-31,5,15
2019-12-31,6,24
2019-12-31,7,123
2019-12-31,8,108
2019-12-31,9,104
2019-12-31,10,183
2019-12-31,11,278
2019-12-31,12,270
2019-12-31,13,250
2019-12-31,14,314
2019-12-31,15,221
2019-12-31,16,268
2019-12-31,17,215
2019-12-31,18,149
2019-12-31,19,136
2019-12-31,20,122
2019-12-31,21,88
2019-12-31,22,52
2019-12-31,23,53
2020-01-01,0,38
2020-01-01,1,62
2020-01-01,2,57
2020-01-01,3,46
2020-01-01,4,37
2020-01-01,5,21
2020-01-01,6,17
2020-01-01,7,36
2020-01-01,8,37
2020-01-01,9,31
2020-01-01,10,44
2020-01-01,11,65
2020-01-01,12,84
2020-01-01,13,137
2020-01-01,14,120
2020-01-01,15,129
2020-01-01,16,122
2020-01-01,17,258
2020-01-01,18,85
2020-01-01,19,120
2020-01-01,20,91
2020-01-01,21,53
2020-01-01,22,41
2020-01-01,23,26
2020-01-02,0,26
2020-01-02,1,17
2020-01-02,2,8
2020-01-02,3,6
2020-01-02,4,9
2020-01-02,5,8
2020-01-02,6,14
2020-01-02,7,82
2020-01-02,8,78
2020-01-02,9,47
2020-01-02,10,71
2020-01-02,11,185
2020-01-02,12,131
2020-01-02,13,163
2020-01-02,14,159
2020-01-02,15,181
2020-01-02,16,236
2020-01-02,17,172
2020-01-02,18,135
2020-01-02,19,132
2020-01-02,20,79
2020-01-02,21,147
2020-01-02,22,60
2020-01-02,23,32
2020-01-03,0,20
2020-01-03,1,15
2020-01-03,2,8
2020-01-03,3,9
2020-01-03,4,4
2020-01-03,5,13
2020-01-03,6,23
2020-01-03,7,60
2020-01-03,8,128
2020-01-03,9,119
2020-01-03,10,170
2020-01-03,11,167
2020-01-03,12,185
2020-01-03,13,233
2020-01-03,14,203
2020-01-03,15,234
2020-01-03,16,250
2020-01-03,17,295
2020-01-03,18,138
2020-01-03,19,178
2020-01-03,20,100
2020-01-03,21,125
2020-01-03,22,65
2020-01-03,23,53
2020-01-04,0,38
2020-01-04,1,26
2020-01-04,2,12
2020-01-04,3,15
2020-01-04,4,8
2020-01-04,5,13
2020-01-04,6,21
2020-01-04,7,46
2020-01-04,8,68
2020-01-04,9,87
2020-01-04,10,128
2020-01-04,11,131
2020-01-04,12,144
2020-01-04,13,161
2020-01-04,14,174
2020-01-04,15,165
2020-01-04,16,209
2020-01-04,17,166
2020-01-04,18,198
2020-01-04,19,117
2020-01-04,20,133
2020-01-04,21,86
2020-01-04,22,147
2020-01-04,23,51
2020-01-05,0,39
2020-01-05,1,26
2020-01-05,2,13
2020-01-05,3,13
2020-01-05,4,11
2020-01-05,5,7
2020-01-05,6,17
2020-01-05,7,42
2020-01-05,8,34
2020-01-05,9,44
2020-01-05,10,91
2020-01-05,11,106
2020-01-05,12,156
2020-01-05,13,131
2020-01-05,14,165
2020-01-05,15,167
2020-01-05,16,149
2020-01-05,17,145
2020-01-05,18,107
2020-01-05,19,148
2020-01-05,20,140
2020-01-05,21,77
2020-01-05,22,40
2020-01-05,23,30
2020-01-06,0,20
2020-01-06,1,14
2020-01-06,2,10
2020-01-06,3,10
2020-01-06,4,12
2020-01-06,5,12
2020-01-06,6,46
2020-01-06,7,105
2020-01-06,8,212
2020-01-06,9,275
2020-01-06,10,167
2020-01-06,11,305
2020-01-06,12,182
2020-01-06,13,190
2020-01-06,14,212
2020-01-06,15,427
2020-01-06,16,235
2020-01-06,17,237
2020-01-06,18,178
2020-01-06,19,157
2020-01-06,20,89
2020-01-06,21,81
2020-01-06,22,54
2020-01-06,23,72
2020-01-07,0,17
2020-01-07,1,13
2020-01-07,2,7
2020-01-07,3,8
2020-01-07,4,8
2020-01-07,5,20
2020-01-07,6,46
2020-01-07,7,110
2020-01-07,8,199
2020-01-07,9,216
2020-01-07,10,179
2020-01-07,11,155
2020-01-07,12,231
2020-01-07,13,189
2020-01-07,14,81
2020-01-07,15,97
2020-01-07,16,283
2020-01-07,17,400
2020-01-07,18,231
2020-01-07,19,288
2020-01-07,20,172
2020-01-07,21,83
2020-01-07,22,69
2020-01-07,23,34
2020-01-08,0,15
2020-01-08,1,8
2020-01-08,2,6
2020-01-08,3,6
2020-01-08,4,5
2020-01-08,5,14
2020-01-08,6,39
2020-01-08,7,174
2020-01-08,8,204
2020-01-08,9,204
2020-01-08,10,161
2020-01-08,11,191
2020-01-08,12,193
2020-01-08,13,187
2020-01-08,14,60
2020-01-08,15,60
2020-01-08,16,107
2020-01-08,17,149
2020-01-08,18,131
2020-01-08,19,299
2020-01-08,20,133
2020-01-08,21,100
2020-01-08,22,92
2020-01-08,23,36
2020-01-09,0,24
2020-01-09,1,7
2020-01-09,2,11
2020-01-09,3,6
2020-01-09,4,9
2020-01-09,5,15
2020-01-09,6,50
2020-01-09,7,100
2020-01-09,8,66
2020-01-09,9,113
2020-01-09,10,159
2020-01-09,11,180
2020-01-09,12,106
2020-01-09,13,68
2020-01-09,14,66
2020-01-09,15,99
2020-01-09,16,151
2020-01-09,17,210
2020-01-09,18,209
2020-01-09,19,183
2020-01-09,20,130
2020-01-09,21,100
2020-01-09,22,57
2020-01-09,23,34
2020-01-10,0,20
2020-01-10,1,15
2020-01-10,2,10
2020-01-10,3,9
2020-01-10,4,9
2020-01-10,5,12
2020-01-10,6,42
2020-01-10,7,137
2020-01-10,8,217
2020-01-10,9,196
2020-01-10,10,199
2020-01-10,11,190
2020-01-10,12,212
2020-01-10,13,205
2020-01-10,14,223
2020-01-10,15,198
2020-01-10,16,184
2020-01-10,17,213
2020-01-10,18,188
2020-01-10,19,177
2020-01-10,20,114
2020-01-10,21,74
2020-01-10,22,68
2020-01-10,23,50
2020-01-11,0,66
2020-01-11,1,17
2020-01-11,2,26
2020-01-11,3,15
2020-01-11,4,10
2020-01-11,5,11
2020-01-11,6,32
2020-01-11,7,59
2020-01-11,8,64
2020-01-11,9,99
2020-01-11,10,165
2020-01-11,11,147
2020-01-11,12,294
2020-01-11,13,311
2020-01-11,14,252
2020-01-11,15,260
2020-01-11,16,168
2020-01-11,17,170
2020-01-11,18,204
2020-01-11,19,170
2020-01-11,20,136
2020-01-11,21,160
2020-01-11,22,81
2020-01-11,23,37
2020-01-12,0,58
2020-01-12,1,34
2020-01-12,2,22
2020-01-12,3,24
2020-01-12,4,14
2020-01-12,5,10
2020-01-12,6,16
2020-01-12,7,51
2020-01-12,8,41
2020-01-12,9,59
2020-01-12,10,94
2020-01-12,11,169
2020-01-12,12,190
2020-01-12,13,282
2020-01-12,14,310
2020-01-12,15,196
2020-01-12,16,230
2020-01-12,17,149
2020-01-12,18,95
2020-01-12,19,188
2020-01-12,20,81
2020-01-12,21,83
2020-01-12,22,49
2020-01-12,23,34
2020-01-13,0,21
2020-01-13,1,11
2020-01-13,2,5
2020-01-13,3,10
2020-01-13,4,7
2020-01-13,5,14
2020-01-13,6,41
2020-01-13,7,127
2020-01-13,8,206
2020-01-13,9,179
2020-01-13,10,178
2020-01-13,11,133
2020-01-13,12,176
2020-01-13,13,206
2020-01-13,14,201
2020-01-13,15,233
2020-01-13,16,281
2020-01-13,17,239
2020-01-13,18,131
2020-01-13,19,71
2020-01-13,20,70
2020-01-13,21,66
2020-01-13,22,50
2020-01-13,23,37
2020-01-14,0,21
2020-01-14,1,16
2020-01-14,2,9
2020-01-14,3,8
2020-01-14,4,12
2020-01-14,5,16
2020-01-14,6,53
2020-01-14,7,120
2020-01-14,8,221
2020-01-14,9,206
2020-01-14,10,174
2020-01-14,11,175
2020-01-14,12,242
2020-01-14,13,193
2020-01-14,14,203
2020-01-14,15,199
2020-01-14,16,97
2020-01-14,17,191
2020-01-14,18,396
2020-01-14,19,311
2020-01-14,20,136
2020-01-14,21,108
2020-01-14,22,52
2020-01-14,23,40
2020-01-15,0,26
2020-01-15,1,15
2020-01-15,2,7
2020-01-15,3,8
2020-01-15,4,11
2020-01-15,5,15
2020-01-15,6,41
2020-01-15,7,178
2020-01-15,8,226
2020-01-15,9,207
2020-01-15,10,165
2020-01-15,11,207
2020-01-15,12,188
2020-01-15,13,189
2020-01-15,14,200
2020-01-15,15,224
2020-01-15,16,219
2020-01-15,17,278
2020-01-15,18,228
2020-01-15,19,138
2020-01-15,20,128
2020-01-15,21,96
2020-01-15,22,55
2020-01-15,23,43
2020-01-16,0,29
2020-01-16,1,19
2020-01-16,2,11
2020-01-16,3,9
2020-01-16,4,9
2020-01-16,5,20
2020-01-16,6,39
2020-01-16,7,140
2020-01-16,8,185
2020-01-16,9,176
2020-01-16,10,180
2020-01-16,11,176
2020-01-16,12,206
2020-01-16,13,124
2020-01-16,14,237
2020-01-16,15,214
2020-01-16,16,297
2020-01-16,17,295
2020-01-16,18,206
2020-01-16,19,158
2020-01-16,20,149
2020-01-16,21,101
2020-01-16,22,76
2020-01-16,23,51
2020-01-17,0,40
2020-01-17,1,14
2020-01-17,2,13
2020-01-17,3,15
2020-01-17,4,10
2020-01-17,5,16
2020-01-17,6,44
2020-01-17,7,125
2020-01-17,8,193
2020-01-17,9,209
2020-01-17,10,161
2020-01-17,11,199
2020-01-17,12,206
2020-01-17,13,223
2020-01-17,14,225
2020-01-17,15,278
2020-01-17,16,292
2020-01-17,17,316
2020-01-17,18,208
2020-01-17,19,165
2020-01-17,20,105
2020-01-17,21,92
2020-01-17,22,94
2020-01-17,23,76
2020-01-18,0,53
2020-01-18,1,39
2020-01-18,2,23
2020-01-18,3,24
2020-01-18,4,14
2020-01-18,5,14
2020-01-18,6,19
2020-01-18,7,57
2020-01-18,8,83
2020-01-18,9,101
2020-01-18,10,164
2020-01-18,11,176
2020-01-18,12,180
2020-01-18,13,179
2020-01-18,14,192
2020-01-18,15,211
2020-01-18,16,201
2020-01-18,17,175
2020-01-18,18,131
2020-01-18,19,130
2020-01-18,20,128
2020-01-18,21,95
2020-01-18,22,98
2020-01-18,23,77
2020-01-19,0,58
2020-01-19,1,42
2020-01-19,2,30
2020-01-19,3,25
2020-01-19,4,15
2020-01-19,5,15
2020-01-19,6,25
2020-01-19,7,46
2020-01-19,8,56
2020-01-19,9,71
2020-01-19,10,96
2020-01-19,11,136
2020-01-19,12,182
2020-01-19,13,189
2020-01-19,14,178
2020-01-19,15,184
2020-01-19,16,150
2020-01-19,17,151
2020-01-19,18,113
2020-01-19,19,106
2020-01-19,20,104
2020-01-19,21,75
2020-01-19,22,69
2020-01-19,23,39
2020-01-20,0,22
2020-01-20,1,9
2020-01-20,2,8
2020-01-20,3,10
2020-01-20,4,6
2020-01-20,5,13
2020-01-20,6,52
2020-01-20,7,121
2020-01-20,8,192
2020-01-20,9,182
2020-01-20,10,171
2020-01-20,11,183
2020-01-20,12,212
2020-01-20,13,179
2020-01-20,14,203
2020-01-20,15,243
2020-01-20,16,299
2020-01-20,17,269
2020-01-20,18,206
2020-01-20,19,161
2020-01-20,20,109
2020-01-20,21,97
2020-01-20,22,168
2020-01-20,23,37
2020-01-21,0,15
2020-01-21,1,19
2020-01-21,2,9
2020-01-21,3,6
2020-01-21,4,11
2020-01-21,5,19
2020-01-21,6,37
2020-01-21,7,124
2020-01-21,8,202
2020-01-21,9,198
2020-01-21,10,184
2020-01-21,11,177
2020-01-21,12,211
2020-01-21,13,162
2020-01-21,14,200
2020-01-21,15,228
2020-01-21,16,288
2020-01-21,17,270
2020-01-21,18,231
2020-01-21,19,148
2020-01-21,20,114
2020-01-21,21,99
2020-01-21,22,59
2020-01-21,23,46
2020-01-22,0,22
2020-01-22,1,9
2020-01-22,2,8
2020-01-22,3,9
2020-01-22,4,9
2020-01-22,5,17
2020-01-22,6,43
2020-01-22,7,139
2020-01-22,8,202
2020-01-22,9,177
2020-01-22,10,176
2020-01-22,11,194
2020-01-22,12,203
2020-01-22,13,196
2020-01-22,14,213
2020-01-22,15,273
2020-01-22,16,315
2020-01-22,17,279
2020-01-22,18,239
2020-01-22,19,157
2020-01-22,20,120
2020-01-22,21,102
2020-01-22,22,93
2020-01-22,23,51
2020-01-23,0,37
2020-01-23,1,12
2020-01-23,2,6
2020-01-23,3,15
2020-01-23,4,10
2020-01-23,5,13
2020-01-23,6,58
2020-01-23,7,124
2020-01-23,8,203
2020-01-23,9,191
2020-01-23,10,164
2020-01-23,11,167
2020-01-23,12,179
2020-01-23,13,171
2020-01-23,14,194
2020-01-23,15,254
2020-01-23,16,287
2020-01-23,17,283
2020-01-23,18,215
2020-01-23,19,195
2020-01-23,20,134
2020-01-23,21,106
2020-01-23,22,79
2020-01-23,23,45
2020-01-24,0,28
2020-01-24,1,14
2020-01-24,2,10
2020-01-24,3,6
2020-01-24,4,17
2020-01-24,5,20
2020-01-24,6,53
2020-01-24,7,142
2020-01-24,8,210
2020-01-24,9,185
2020-01-24,10,161
2020-01-24,11,200
2020-01-24,12,197
2020-01-24,13,211
2020-01-24,14,229
2020-01-24,15,243
2020-01-24,16,326
2020-01-24,17,270
2020-01-24,18,217
2020-01-24,19,155
2020-01-24,20,131
2020-01-24,21,96
2020-01-24,22,70
2020-01-24,23,85
2020-01-25,0,57
2020-01-25,1,35
2020-01-25,2,20
2020-01-25,3,29
2020-01-25,4,12
2020-01-25,5,18
2020-01-25,6,28
2020-01-25,7,49
2020-01-25,8,85
2020-01-25,9,118
2020-01-25,10,164
2020-01-25,11,172
2020-01-25,12,181
2020-01-25,13,207
2020-01-25,14,190
2020-01-25,15,182
2020-01-25,16,173
2020-01-25,17,164
2020-01-25,18,153
2020-01-25,19,137
2020-01-25,20,98
2020-01-25,21,74
2020-01-25,22,70
2020-01-25,23,63
2020-01-26,0,75
2020-01-26,1,67
2020-01-26,2,33
2020-01-26,3,30
2020-01-26,4,24
2020-01-26,5,13
2020-01-26,6,20
2020-01-26,7,46
2020-01-26,8,49
2020-01-26,9,61
2020-01-26,10,76
2020-01-26,11,150
2020-01-26,12,158
2020-01-26,13,173
2020-01-26,14,193
2020-01-26,15,129
2020-01-26,16,151
2020-01-26,17,141
2020-01-26,18,116
2020-01-26,19,122
2020-01-26,20,89
2020-01-26,21,71
2020-01-26,22,70
2020-01-26,23,57
2020-01-27,0,20
2020-01-27,1,12
2020-01-27,2,15
2020-01-27,3,8
2020-01-27,4,6
2020-01-27,5,11
2020-01-27,6,42
2020-01-27,7,124
2020-01-27,8,183
2020-01-27,9,171
2020-01-27,10,154
2020-01-27,11,164
2020-01-27,12,183
2020-01-27,13,165
2020-01-27,14,220
2020-01-27,15,200
2020-01-27,16,290
2020-01-27,17,252
2020-01-27,18,182
2020-01-27,19,157
2020-01-27,20,115
2020-01-27,21,82
2020-01-27,22,66
2020-01-27,23,41
2020-01-28,0,26
2020-01-28,1,16
2020-01-28,2,5
2020-01-28,3,6
2020-01-28,4,8
2020-01-28,5,13
2020-01-28,6,49
2020-01-28,7,120
2020-01-28,8,184
2020-01-28,9,187
2020-01-28,10,165
2020-01-28,11,157
2020-01-28,12,204
2020-01-28,13,175
2020-01-28,14,193
2020-01-28,15,219
2020-01-28,16,296
2020-01-28,17,269
2020-01-28,18,212
2020-01-28,19,149
2020-01-28,20,126
2020-01-28,21,93
2020-01-28,22,62
2020-01-28,23,55
2020-01-29,0,23
2020-01-29,1,10
2020-01-29,2,10
2020-01-29,3,9
2020-01-29,4,9
2020-01-29,5,15
2020-01-29,6,50
2020-01-29,7,113
2020-01-29,8,188
2020-01-29,9,185
2020-01-29,10,151
2020-01-29,11,177
2020-01-29,12,211
2020-01-29,13,189
2020-01-29,14,223
2020-01-29,15,210
2020-01-29,16,276
2020-01-29,17,254
2020-01-29,18,214
2020-01-29,19,182
2020-01-29,20,132
2020-01-29,21,94
2020-01-29,22,89
2020-01-29,23,54
2020-01-30,0,27
2020-01-30,1,14
2020-01-30,2,9
2020-01-30,3,15
2020-01-30,4,10
2020-01-30,5,17
2020-01-30,6,43
2020-01-30,7,132
2020-01-30,8,218
2020-01-30,9,191
2020-01-30,10,177
2020-01-30,11,193
2020-01-30,12,199
2020-01-30,13,207
2020-01-30,14,218
2020-01-30,15,247
2020-01-30,16,289
2020-01-30,17,276
2020-01-30,18,221
2020-01-30,19,189
2020-01-30,20,150
2020-01-30,21,114
2020-01-30,22,78
2020-01-30,23,47
2020-01-31,0,25
2020-01-31,1,18
2020-01-31,2,6
2020-01-31,3,13
2020-01-31,4,8
2020-01-31,5,24
2020-01-31,6,40
2020-01-31,7,122
2020-01-31,8,179
2020-01-31,9,179
2020-01-31,10,177
2020-01-31,11,170
2020-01-31,12,193
2020-01-31,13,200
2020-01-31,14,216
2020-01-31,15,264
2020-01-31,16,301
2020-01-31,17,270
2020-01-31,18,177
2020-01-31,19,155
2020-01-31,20,138
2020-01-31,21,107
2020-01-31,22,83
2020-01-31,23,80
2020-02-01,0,60
2020-02-01,1,54
2020-02-01,2,29
2020-02-01,3,24
2020-02-01,4,24
2020-02-01,5,13
2020-02-01,6,29
2020-02-01,7,50
2020-02-01,8,106
2020-02-01,9,125
2020-02-01,10,178
2020-02-01,11,155
2020-02-01,12,190
2020-02-01,13,201
2020-02-01,14,208
2020-02-01,15,170
2020-02-01,16,201
2020-02-01,17,159
2020-02-01,18,150
2020-02-01,19,128
2020-02-01,20,106
2020-02-01,21,89
2020-02-01,22,72
2020-02-01,23,99
2020-02-02,0,64
2020-02-02,1,56
2020-02-02,2,35
2020-02-02,3,37
2020-02-02,4,19
2020-02-02,5,18
2020-02-02,6,20
2020-02-02,7,45
2020-02-02,8,42
2020-02-02,9,69
2020-02-02,10,108
2020-02-02,11,129
2020-02-02,12,147
2020-02-02,13,176
2020-02-02,14,176
2020-02-02,15,158
2020-02-02,16,160
2020-02-02,17,153
2020-02-02,18,124
2020-02-02,19,123
2020-02-02,20,101
2020-02-02,21,70
2020-02-02,22,53
2020-02-02,23,39
2020-02-03,0,33
2020-02-03,1,13
2020-02-03,2,9
2020-02-03,3,10
2020-02-03,4,13
2020-02-03,5,18
2020-02-03,6,48
2020-02-03,7,120
2020-02-03,8,216
2020-02-03,9,179
2020-02-03,10,148
2020-02-03,11,160
2020-02-03,12,188
2020-02-03,13,163
2020-02-03,14,198
2020-02-03,15,249
2020-02-03,16,266
2020-02-03,17,263
2020-02-03,18,199
2020-02-03,19,153
2020-02-03,20,116
2020-02-03,21,77
2020-02-03,22,63
2020-02-03,23,41
2020-02-04,0,15
2020-02-04,1,6
2020-02-04,2,9
2020-02-04,3,16
2020-02-04,4,15
2020-02-04,5,17
2020-02-04,6,50
2020-02-04,7,125
2020-02-04,8,204
2020-02-04,9,194
2020-02-04,10,151
2020-02-04,11,169
2020-02-04,12,212
2020-02-04,13,197
2020-02-04,14,199
2020-02-04,15,207
2020-02-04,16,308
2020-02-04,17,269
2020-02-04,18,229
2020-02-04,19,171
2020-02-04,20,119
2020-02-04,21,114
2020-02-04,22,70
2020-02-04,23,52
2020-02-05,0,26
2020-02-05,1,8
2020-02-05,2,9
2020-02-05,3,7
2020-02-05,4,11
2020-02-05,5,16
2020-02-05,6,40
2020-02-05,7,118
2020-02-05,8,193
2020-02-05,9,168
2020-02-05,10,189
2020-02-05,11,186
2020-02-05,12,201
2020-02-05,13,179
2020-02-05,14,223
2020-02-05,15,244
2020-02-05,16,287
2020-02-05,17,249
2020-02-05,18,220
2020-02-05,19,175
2020-02-05,20,105
2020-02-05,21,99
2020-02-05,22,74
2020-02-05,23,51
2020-02-06,0,24
2020-02-06,1,11
2020-02-06,2,15
2020-02-06,3,9
2020-02-06,4,13
2020-02-06,5,21
2020-02-06,6,48
2020-02-06,7,129
2020-02-06,8,217
2020-02-06,9,178
2020-02-06,10,163
2020-02-06,11,183
2020-02-06,12,196
2020-02-06,13,185
2020-02-06,14,203
2020-02-06,15,232
2020-02-06,16,318
2020-02-06,17,273
2020-02-06,18,226
2020-02-06,19,179
2020-02-06,20,136
2020-02-06,21,127
2020-02-06,22,88
2020-02-06,23,56
2020-02-07,0,32
2020-02-07,1,14
2020-02-07,2,15
2020-02-07,3,13
2020-02-07,4,7
2020-02-07,5,20
2020-02-07,6,36
2020-02-07,7,109
2020-02-07,8,213
2020-02-07,9,162
2020-02-07,10,172
2020-02-07,11,178
2020-02-07,12,207
2020-02-07,13,222
2020-02-07,14,231
2020-02-07,15,222
2020-02-07,16,245
2020-02-07,17,219
2020-02-07,18,193
2020-02-07,19,169
2020-02-07,20,108
2020-02-07,21,93
2020-02-07,22,76
2020-02-07,23,65
2020-02-08,0,50
2020-02-08,1,35
2020-02-08,2,22
2020-02-08,3,25
2020-02-08,4,14
2020-02-08,5,14
2020-02-08,6,19
2020-02-08,7,49
2020-02-08,8,58
2020-02-08,9,112
2020-02-08,10,129
2020-02-08,11,165
2020-02-08,12,185
2020-02-08,13,165
2020-02-08,14,174
2020-02-08,15,183
2020-02-08,16,169
2020-02-08,17,140
2020-02-08,18,122
2020-02-08,19,124
2020-02-08,20,98
2020-02-08,21,69
2020-02-08,22,72
2020-02-08,23,54
2020-02-09,0,42
2020-02-09,1,40
2020-02-09,2,21
2020-02-09,3,26
2020-02-09,4,24
2020-02-09,5,11
2020-02-09,6,16
2020-02-09,7,48
2020-02-09,8,31
2020-02-09,9,51
2020-02-09,10,94
2020-02-09,11,120
2020-02-09,12,144
2020-02-09,13,168
2020-02-09,14,159
2020-02-09,15,149
2020-02-09,16,134
2020-02-09,17,122
2020-02-09,18,97
2020-02-09,19,112
2020-02-09,20,80
2020-02-09,21,73
2020-02-09,22,46
2020-02-09,23,32
2020-02-10,0,21
2020-02-10,1,12
2020-02-10,2,9
2020-02-10,3,12
2020-02-10,4,7
2020-02-10,5,17
2020-02-10,6,42
2020-02-10,7,112
2020-02-10,8,166
2020-02-10,9,147
2020-02-10,10,165
2020-02-10,11,177
2020-02-10,12,215
2020-02-10,13,165
2020-02-10,14,189
2020-02-10,15,184
2020-02-10,16,251
2020-02-10,17,223
2020-02-10,18,184
2020-02-10,19,148
2020-02-10,20,99
2020-02-10,21,68
2020-02-10,22,50
2020-02-10,23,39
2020-02-11,0,20
2020-02-11,1,9
2020-02-11,2,9
2020-02-11,3,8
2020-02-11,4,5
2020-02-11,5,18
2020-02-11,6,48
2020-02-11,7,133
2020-02-11,8,175
2020-02-11,9,168
2020-02-11,10,180
2020-02-11,11,176
2020-02-11,12,208
2020-02-11,13,203
2020-02-11,14,204
2020-02-11,15,201
2020-02-11,16,230
2020-02-11,17,256
2020-02-11,18,229
2020-02-11,19,145
2020-02-11,20,134
2020-02-11,21,84
2020-02-11,22,52
2020-02-11,23,47
2020-02-12,0,23
2020-02-12,1,12
2020-02-12,2,9
2020-02-12,3,6
2020-02-12,4,11
2020-02-12,5,14
2020-02-12,6,55
2020-02-12,7,117
2020-02-12,8,170
2020-02-12,9,164
2020-02-12,10,164
2020-02-12,11,175
2020-02-12,12,197
2020-02-12,13,176
2020-02-12,14,165
2020-02-12,15,216
2020-02-12,16,258
2020-02-12,17,263
2020-02-12,18,191
2020-02-12,19,182
2020-02-12,20,112
2020-02-12,21,86
2020-02-12,22,78
2020-02-12,23,33
2020-02-13,0,24
2020-02-13,1,11
2020-02-13,2,12
2020-02-13,3,7
2020-02-13,4,11
2020-02-13,5,13
2020-02-13,6,45
2020-02-13,7,147
2020-02-13,8,203
2020-02-13,9,190
2020-02-13,10,152
2020-02-13,11,173
2020-02-13,12,208
2020-02-13,13,194
2020-02-13,14,222
2020-02-13,15,241
2020-02-13,16,249
2020-02-13,17,275
2020-02-13,18,231
2020-02-13,19,157
2020-02-13,20,121
2020-02-13,21,120
2020-02-13,22,71
2020-02-13,23,48
2020-02-14,0,28
2020-02-14,1,15
2020-02-14,2,18
2020-02-14,3,12
2020-02-14,4,10
2020-02-14,5,14
2020-02-14,6,43
2020-02-14,7,131
2020-02-14,8,179
2020-02-14,9,174
2020-02-14,10,179
2020-02-14,11,190
2020-02-14,12,218
2020-02-14,13,206
2020-02-14,14,229
2020-02-14,15,271
2020-02-14,16,235
2020-02-14,17,219
2020-02-14,18,225
2020-02-14,19,160
2020-02-14,20,109
2020-02-14,21,78
2020-02-14,22,82
2020-02-14,23,55
2020-02-15,0,46
2020-02-15,1,31
2020-02-15,2,23
2020-02-15,3,16
2020-02-15,4,13
2020-02-15,5,13
2020-02-15,6,19
2020-02-15,7,48
2020-02-15,8,63
2020-02-15,9,107
2020-02-15,10,133
2020-02-15,11,146
2020-02-15,12,194
2020-02-15,13,206
2020-02-15,14,212
2020-02-15,15,182
2020-02-15,16,155
2020-02-15,17,141
2020-02-15,18,131
2020-02-15,19,138
2020-02-15,20,107
2020-02-15,21,80
2020-02-15,22,55
2020-02-15,23,70
2020-02-16,0,47
2020-02-16,1,39
2020-02-16,2,43
2020-02-16,3,23
2020-02-16,4,18
2020-02-16,5,15
2020-02-16,6,27
2020-02-16,7,51
2020-02-16,8,39
2020-02-16,9,68
2020-02-16,10,120
2020-02-16,11,127
2020-02-16,12,136
2020-02-16,13,195
2020-02-16,14,211
2020-02-16,15,169
2020-02-16,16,157
2020-02-16,17,126
2020-02-16,18,131
2020-02-16,19,107
2020-02-16,20,97
2020-02-16,21,66
2020-02-16,22,58
2020-02-16,23,35
2020-02-17,0,21
2020-02-17,1,17
2020-02-17,2,7
2020-02-17,3,7
2020-02-17,4,9
2020-02-17,5,16
2020-02-17,6,46
2020-02-17,7,134
2020-02-17,8,211
2020-02-17,9,184
2020-02-17,10,179
2020-02-17,11,194
2020-02-17,12,197
2020-02-17,13,227
2020-02-17,14,187
2020-02-17,15,229
2020-02-17,16,287
2020-02-17,17,314
2020-02-17,18,230
2020-02-17,19,151
2020-02-17,20,120
2020-02-17,21,71
2020-02-17,22,69
2020-02-17,23,35
2020-02-18,0,12
2020-02-18,1,10
2020-02-18,2,10
2020-02-18,3,8
2020-02-18,4,9
2020-02-18,5,19
2020-02-18,6,33
2020-02-18,7,115
2020-02-18,8,215
2020-02-18,9,191
2020-02-18,10,173
2020-02-18,11,173
2020-02-18,12,205
2020-02-18,13,201
2020-02-18,14,208
2020-02-18,15,257
2020-02-18,16,312
2020-02-18,17,276
2020-02-18,18,234
2020-02-18,19,183
2020-02-18,20,136
2020-02-18,21,118
2020-02-18,22,70
2020-02-18,23,41
2020-02-19,0,18
2020-02-19,1,12
2020-02-19,2,12
2020-02-19,3,5
2020-02-19,4,8
2020-02-19,5,15
2020-02-19,6,56
2020-02-19,7,122
2020-02-19,8,224
2020-02-19,9,225
2020-02-19,10,155
2020-02-19,11,202
2020-02-19,12,216
2020-02-19,13,206
2020-02-19,14,216
2020-02-19,15,244
2020-02-19,16,299
2020-02-19,17,279
2020-02-19,18,232
2020-02-19,19,180
2020-02-19,20,121
2020-02-19,21,100
2020-02-19,22,77
2020-02-19,23,38
2020-02-20,0,26
2020-02-20,1,11
2020-02-20,2,8
2020-02-20,3,6
2020-02-20,4,6
2020-02-20,5,15
2020-02-20,6,47
2020-02-20,7,123
2020-02-20,8,230
2020-02-20,9,187
2020-02-20,10,168
2020-02-20,11,174
2020-02-20,12,217
2020-02-20,13,197
2020-02-20,14,221
2020-02-20,15,224
2020-02-20,16,302
2020-02-20,17,288
2020-02-20,18,235
2020-02-20,19,157
2020-02-20,20,136
2020-02-20,21,111
2020-02-20,22,76
2020-02-20,23,50
2020-02-21,0,24
2020-02-21,1,10
2020-02-21,2,14
2020-02-21,3,11
2020-02-21,4,9
2020-02-21,5,20
2020-02-21,6,37
2020-02-21,7,136
2020-02-21,8,218
2020-02-21,9,214
2020-02-21,10,176
2020-02-21,11,210
2020-02-21,12,223
2020-02-21,13,205
2020-02-21,14,241
2020-02-21,15,218
2020-02-21,16,288
2020-02-21,17,258
2020-02-21,18,214
2020-02-21,19,162
2020-02-21,20,120
2020-02-21,21,98
2020-02-21,22,71
2020-02-21,23,69
2020-02-22,0,62
2020-02-22,1,28
2020-02-22,2,26
2020-02-22,3,20
2020-02-22,4,15
2020-02-22,5,11
2020-02-22,6,19
2020-02-22,7,37
2020-02-22,8,74
2020-02-22,9,106
2020-02-22,10,142
2020-02-22,11,152
2020-02-22,12,167
2020-02-22,13,184
2020-02-22,14,211
2020-02-22,15,160
2020-02-22,16,151
2020-02-22,17,156
2020-02-22,18,152
2020-02-22,19,129
2020-02-22,20,113
2020-02-22,21,83
2020-02-22,22,74
2020-02-22,23,58
2020-02-23,0,38
2020-02-23,1,46
2020-02-23,2,25
2020-02-23,3,14
2020-02-23,4,22
2020-02-23,5,7
2020-02-23,6,10
2020-02-23,7,50
2020-02-23,8,47
2020-02-23,9,69
2020-02-23,10,130
2020-02-23,11,139
2020-02-23,12,169
2020-02-23,13,202
2020-02-23,14,165
2020-02-23,15,175
2020-02-23,16,157
2020-02-23,17,173
2020-02-23,18,121
2020-02-23,19,119
2020-02-23,20,100
2020-02-23,21,64
2020-02-23,22,61
2020-02-23,23,32
2020-02-24,0,22
2020-02-24,1,12
2020-02-24,2,7
2020-02-24,3,5
2020-02-24,4,6
2020-02-24,5,14
2020-02-24,6,41
2020-02-24,7,130
2020-02-24,8,187
2020-02-24,9,168
2020-02-24,10,172
2020-02-24,11,170
2020-02-24,12,200
2020-02-24,13,153
2020-02-24,14,203
2020-02-24,15,236
2020-02-24,16,278
2020-02-24,17,280
2020-02-24,18,209
2020-02-24,19,169
2020-02-24,20,102
2020-02-24,21,79
2020-02-24,22,65
2020-02-24,23,29
2020-02-25,0,18
2020-02-25,1,15
2020-02-25,2,5
2020-02-25,3,6
2020-02-25,4,12
2020-02-25,5,13
2020-02-25,6,63
2020-02-25,7,139
2020-02-25,8,208
2020-02-25,9,211
2020-02-25,10,163
2020-02-25,11,168
2020-02-25,12,202
2020-02-25,13,177
2020-02-25,14,212
2020-02-25,15,229
2020-02-25,16,326
2020-02-25,17,319
2020-02-25,18,268
2020-02-25,19,158
2020-02-25,20,117
2020-02-25,21,117
2020-02-25,22,54
2020-02-25,23,39
2020-02-26,0,20
2020-02-26,1,7
2020-02-26,2,9
2020-02-26,3,8
2020-02-26,4,7
2020-02-26,5,18
2020-02-26,6,43
2020-02-26,7,125
2020-02-26,8,197
2020-02-26,9,199
2020-02-26,10,173
2020-02-26,11,163
2020-02-26,12,194
2020-02-26,13,180
2020-02-26,14,231
2020-02-26,15,236
2020-02-26,16,269
2020-02-26,17,276
2020-02-26,18,191
2020-02-26,19,139
2020-02-26,20,131
2020-02-26,21,100
2020-02-26,22,72
2020-02-26,23,44
2020-02-27,0,20
2020-02-27,1,12
2020-02-27,2,15
2020-02-27,3,5
2020-02-27,4,12
2020-02-27,5,13
2020-02-27,6,40
2020-02-27,7,116
2020-02-27,8,200
2020-02-27,9,200
2020-02-27,10,189
2020-02-27,11,186
2020-02-27,12,205
2020-02-27,13,199
2020-02-27,14,206
2020-02-27,15,236
2020-02-27,16,308
2020-02-27,17,267
2020-02-27,18,228
2020-02-27,19,173
2020-02-27,20,127
2020-02-27,21,105
2020-02-27,22,70
2020-02-27,23,59
2020-02-28,0,27
2020-02-28,1,17
2020-02-28,2,11
2020-02-28,3,7
2020-02-28,4,11
2020-02-28,5,14
2020-02-28,6,54
2020-02-28,7,121
2020-02-28,8,214
2020-02-28,9,206
2020-02-28,10,174
2020-02-28,11,203
2020-02-28,12,215
2020-02-28,13,225
2020-02-28,14,218
2020-02-28,15,231
2020-02-28,16,298
2020-02-28,17,266
2020-02-28,18,208
2020-02-28,19,152
2020-02-28,20,116
2020-02-28,21,94
2020-02-28,22,69
2020-02-28,23,58
2020-02-29,0,51
2020-02-29,1,45
2020-02-29,2,26
2020-02-29,3,19
2020-02-29,4,15
2020-02-29,5,18
2020-02-29,6,19
2020-02-29,7,57
2020-02-29,8,97
2020-02-29,9,94
2020-02-29,10,149
2020-02-29,11,159
2020-02-29,12,183
2020-02-29,13,183
2020-02-29,14,201
2020-02-29,15,175
2020-02-29,16,187
2020-02-29,17,164
2020-02-29,18,129
2020-02-29,19,119
2020-02-29,20,121
2020-02-29,21,92
2020-02-29,22,75
2020-02-29,23,62
2020-03-01,0,44
2020-03-01,1,52
2020-03-01,2,23
2020-03-01,3,22
2020-03-01,4,14
2020-03-01,5,13
2020-03-01,6,19
2020-03-01,7,44
2020-03-01,8,50
2020-03-01,9,64
2020-03-01,10,115
2020-03-01,11,147
2020-03-01,12,178
2020-03-01,13,241
2020-03-01,14,228
2020-03-01,15,187
2020-03-01,16,148
2020-03-01,17,149
2020-03-01,18,114
2020-03-01,19,126
2020-03-01,20,95
2020-03-01,21,71
2020-03-01,22,50
2020-03-01,23,33
2020-03-02,0,20
2020-03-02,1,9
2020-03-02,2,8
2020-03-02,3,6
2020-03-02,4,7
2020-03-02,5,15
2020-03-02,6,44
2020-03-02,7,114
2020-03-02,8,206
2020-03-02,9,203
2020-03-02,10,149
2020-03-02,11,158
2020-03-02,12,194
2020-03-02,13,188
2020-03-02,14,207
2020-03-02,15,242
2020-03-02,16,309
2020-03-02,17,273
2020-03-02,18,218
2020-03-02,19,171
2020-03-02,20,128
2020-03-02,21,66
2020-03-02,22,65
2020-03-02,23,33
2020-03-03,0,17
2020-03-03,1,10
2020-03-03,2,11
2020-03-03,3,6
2020-03-03,4,12
2020-03-03,5,7
2020-03-03,6,44
2020-03-03,7,146
2020-03-03,8,184
2020-03-03,9,159
2020-03-03,10,158
2020-03-03,11,180
2020-03-03,12,193
2020-03-03,13,181
2020-03-03,14,197
2020-03-03,15,205
2020-03-03,16,299
2020-03-03,17,247
2020-03-03,18,229
2020-03-03,19,177
2020-03-03,20,110
2020-03-03,21,90
2020-03-03,22,73
2020-03-03,23,47
2020-03-04,0,19
2020-03-04,1,9
2020-03-04,2,9
2020-03-04,3,4
2020-03-04,4,10
2020-03-04,5,16
2020-03-04,6,49
2020-03-04,7,134
2020-03-04,8,212
2020-03-04,9,189
2020-03-04,10,180
2020-03-04,11,171
2020-03-04,12,237
2020-03-04,13,188
2020-03-04,14,221
2020-03-04,15,223
2020-03-04,16,299
2020-03-04,17,370
2020-03-04,18,324
2020-03-04,19,163
2020-03-04,20,133
2020-03-04,21,215
2020-03-04,22,272
2020-03-04,23,44
2020-03-05,0,27
2020-03-05,1,16
2020-03-05,2,16
2020-03-05,3,7
2020-03-05,4,7
2020-03-05,5,17
2020-03-05,6,64
2020-03-05,7,132
2020-03-05,8,225
2020-03-05,9,209
2020-03-05,10,175
2020-03-05,11,187
2020-03-05,12,199
2020-03-05,13,207
2020-03-05,14,212
2020-03-05,15,239
2020-03-05,16,319
2020-03-05,17,252
2020-03-05,18,215
2020-03-05,19,196
2020-03-05,20,160
2020-03-05,21,88
2020-03-05,22,64
2020-03-05,23,39
2020-03-06,0,24
2020-03-06,1,17
2020-03-06,2,3
2020-03-06,3,15
2020-03-06,4,15
2020-03-06,5,14
2020-03-06,6,52
2020-03-06,7,123
2020-03-06,8,220
2020-03-06,9,206
2020-03-06,10,171
2020-03-06,11,206
2020-03-06,12,205
2020-03-06,13,226
2020-03-06,14,269
2020-03-06,15,254
2020-03-06,16,318
2020-03-06,17,248
2020-03-06,18,221
2020-03-06,19,170
2020-03-06,20,111
2020-03-06,21,89
2020-03-06,22,81
2020-03-06,23,46
2020-03-07,0,65
2020-03-07,1,29
2020-03-07,2,16
2020-03-07,3,19
2020-03-07,4,12
2020-03-07,5,15
2020-03-07,6,23
2020-03-07,7,60
2020-03-07,8,100
2020-03-07,9,145
2020-03-07,10,150
2020-03-07,11,179
2020-03-07,12,191
2020-03-07,13,195
2020-03-07,14,195
2020-03-07,15,150
2020-03-07,16,151
2020-03-07,17,143
2020-03-07,18,165
2020-03-07,19,137
2020-03-07,20,94
2020-03-07,21,77
2020-03-07,22,62
2020-03-07,23,49
2020-03-08,0,57
2020-03-08,1,42
2020-03-08,2,29
2020-03-08,3,26
2020-03-08,4,16
2020-03-08,5,18
2020-03-08,6,19
2020-03-08,7,48
2020-03-08,8,58
2020-03-08,9,76
2020-03-08,10,114
2020-03-08,11,135
2020-03-08,12,210
2020-03-08,13,218
2020-03-08,14,186
2020-03-08,15,169
2020-03-08,16,165
2020-03-08,17,154
2020-03-08,18,131
2020-03-08,19,103
2020-03-08,20,96
2020-03-08,21,62
2020-03-08,22,48
2020-03-08,23,42
2020-03-09,0,21
2020-03-09,1,12
2020-03-09,2,7
2020-03-09,3,7
2020-03-09,4,7
2020-03-09,5,12
2020-03-09,6,45
2020-03-09,7,110
2020-03-09,8,227
2020-03-09,9,198
2020-03-09,10,186
2020-03-09,11,169
2020-03-09,12,188
2020-03-09,13,192
2020-03-09,14,216
2020-03-09,15,202
2020-03-09,16,267
2020-03-09,17,263
2020-03-09,18,198
2020-03-09,19,162
2020-03-09,20,77
2020-03-09,21,72
2020-03-09,22,54
2020-03-09,23,40
2020-03-10,0,15
2020-03-10,1,12
2020-03-10,2,5
2020-03-10,3,2
2020-03-10,4,6
2020-03-10,5,11
2020-03-10,6,43
2020-03-10,7,141
2020-03-10,8,201
2020-03-10,9,201
2020-03-10,10,172
2020-03-10,11,169
2020-03-10,12,194
2020-03-10,13,194
2020-03-10,14,194
2020-03-10,15,241
2020-03-10,16,282
2020-03-10,17,262
2020-03-10,18,242
2020-03-10,19,152
2020-03-10,20,123
2020-03-10,21,94
2020-03-10,22,60
2020-03-10,23,42
2020-03-11,0,18
2020-03-11,1,13
2020-03-11,2,6
2020-03-11,3,10
2020-03-11,4,9
2020-03-11,5,19
2020-03-11,6,42
2020-03-11,7,124
2020-03-11,8,226
2020-03-11,9,204
2020-03-11,10,178
2020-03-11,11,175
2020-03-11,12,183
2020-03-11,13,191
2020-03-11,14,219
2020-03-11,15,274
2020-03-11,16,266
2020-03-11,17,288
2020-03-11,18,235
2020-03-11,19,165
2020-03-11,20,128
2020-03-11,21,99
2020-03-11,22,52
2020-03-11,23,46
2020-03-12,0,18
2020-03-12,1,17
2020-03-12,2,11
2020-03-12,3,8
2020-03-12,8,246
2020-03-12,9,191
2020-03-12,10,147
2020-03-12,11,193
2020-03-12,12,233
2020-03-12,13,182
2020-03-12,14,235
2020-03-12,15,219
2020-03-12,16,281
2020-03-12,17,268
2020-03-12,18,197
2020-03-12,19,175
2020-03-12,20,127
2020-03-12,21,92
2020-03-12,22,72
2020-03-12,23,47
2020-03-13,0,32
2020-03-13,1,19
2020-03-13,2,14
2020-03-13,3,12
2020-03-13,4,12
2020-03-13,5,11
2020-03-13,6,50
2020-03-13,7,139
2020-03-13,8,223
2020-03-13,9,201
2020-03-13,10,189
2020-03-13,11,209
2020-03-13,12,201
2020-03-13,13,221
2020-03-13,14,209
2020-03-13,15,256
2020-03-13,16,268
2020-03-13,17,223
2020-03-13,18,203
2020-03-13,19,138
2020-03-13,20,118
2020-03-13,21,88
2020-03-13,22,60
2020-03-13,23,57
2020-03-14,0,40
2020-03-14,1,22
2020-03-14,2,21
2020-03-14,3,16
2020-03-14,4,14
2020-03-14,5,12
2020-03-14,6,20
2020-03-14,7,52
2020-03-14,8,74
2020-03-14,9,109
2020-03-14,10,130
2020-03-14,11,170
2020-03-14,12,185
2020-03-14,13,201
2020-03-14,14,187
2020-03-14,15,175
2020-03-14,16,177
2020-03-14,17,144
2020-03-14,18,132
2020-03-14,19,112
2020-03-14,20,88
2020-03-14,21,78
2020-03-14,22,73
2020-03-14,23,44
2020-03-15,0,51
2020-03-15,1,31
2020-03-15,2,30
2020-03-15,3,21
2020-03-15,4,16
2020-03-15,5,15
2020-03-15,6,19
2020-03-15,7,45
2020-03-15,8,46
2020-03-15,9,80
2020-03-15,10,111
2020-03-15,11,141
2020-03-15,12,140
2020-03-15,13,175
2020-03-15,14,186
2020-03-15,15,162
2020-03-15,16,150
2020-03-15,17,128
2020-03-15,18,114
2020-03-15,19,125
2020-03-15,20,74
2020-03-15,21,61
2020-03-15,22,41
2020-03-15,23,27
2020-03-16,0,11
2020-03-16,1,13
2020-03-16,2,11
2020-03-16,3,14
2020-03-16,4,5
2020-03-16,5,14
2020-03-16,6,46
2020-03-16,7,130
2020-03-16,8,216
2020-03-16,9,236
2020-03-16,10,164
2020-03-16,11,182
2020-03-16,12,181
2020-03-16,13,177
2020-03-16,14,164
2020-03-16,15,259
2020-03-16,16,219
2020-03-16,17,242
2020-03-16,18,185
2020-03-16,19,155
2020-03-16,20,90
2020-03-16,21,55
2020-03-16,22,40
2020-03-16,23,25
2020-03-17,0,17
2020-03-17,1,12
2020-03-17,2,9
2020-03-17,3,6
2020-03-17,4,6
2020-03-17,5,15
2020-03-17,6,51
2020-03-17,7,119
2020-03-17,8,199
2020-03-17,9,196
2020-03-17,10,173
2020-03-17,11,182
2020-03-17,12,195
2020-03-17,13,190
2020-03-17,14,203
2020-03-17,15,223
2020-03-17,16,261
2020-03-17,17,228
2020-03-17,18,188
2020-03-17,19,125
2020-03-17,20,84
2020-03-17,21,51
2020-03-17,22,36
2020-03-17,23,26
2020-03-18,0,16
2020-03-18,1,9
2020-03-18,2,5
2020-03-18,3,10
2020-03-18,4,10
2020-03-18,5,10
2020-03-18,6,34
2020-03-18,7,125
2020-03-18,8,221
2020-03-18,9,176
2020-03-18,10,157
2020-03-18,11,145
2020-03-18,12,177
2020-03-18,13,150
2020-03-18,14,160
2020-03-18,15,191
2020-03-18,16,230
2020-03-18,17,215
2020-03-18,18,155
2020-03-18,19,116
2020-03-18,20,87
2020-03-18,21,60
2020-03-18,22,35
2020-03-18,23,23
2020-03-19,0,14
2020-03-19,1,10
2020-03-19,2,4
2020-03-19,3,3
2020-03-19,4,7
2020-03-19,5,10
2020-03-19,6,39
2020-03-19,7,129
2020-03-19,8,193
2020-03-19,9,171
2020-03-19,10,138
2020-03-19,11,172
2020-03-19,12,190
2020-03-19,13,158
2020-03-19,14,174
2020-03-19,15,196
2020-03-19,16,225
2020-03-19,17,192
2020-03-19,18,187
2020-03-19,19,153
2020-03-19,20,92
2020-03-19,21,71
2020-03-19,22,36
2020-03-19,23,19
2020-03-20,0,24
2020-03-20,1,13
2020-03-20,2,10
2020-03-20,3,7
2020-03-20,4,5
2020-03-20,5,19
2020-03-20,6,33
2020-03-20,7,113
2020-03-20,8,191
2020-03-20,9,163
2020-03-20,10,169
2020-03-20,11,161
2020-03-20,12,168
2020-03-20,13,178
2020-03-20,14,224
2020-03-20,15,209
2020-03-20,16,210
2020-03-20,17,181
2020-03-20,18,155
2020-03-20,19,118
2020-03-20,20,77
2020-03-20,21,52
2020-03-20,22,55
2020-03-20,23,22
2020-03-21,0,19
2020-03-21,1,11
2020-03-21,2,9
2020-03-21,3,12
2020-03-21,4,8
2020-03-21,5,6
2020-03-21,6,21
2020-03-21,7,57
2020-03-21,8,67
2020-03-21,9,86
2020-03-21,10,124
2020-03-21,11,135
2020-03-21,12,154
2020-03-21,13,142
2020-03-21,14,189
2020-03-21,15,144
2020-03-21,16,118
2020-03-21,17,104
2020-03-21,18,114
2020-03-21,19,100
2020-03-21,20,51
2020-03-21,21,50
2020-03-21,22,44
2020-03-21,23,26
2020-03-22,0,12
2020-03-22,1,15
2020-03-22,2,10
2020-03-22,3,6
2020-03-22,4,6
2020-03-22,5,6
2020-03-22,6,15
2020-03-22,7,35
2020-03-22,8,36
2020-03-22,9,61
2020-03-22,10,85
2020-03-22,11,125
2020-03-22,12,125
2020-03-22,13,146
2020-03-22,14,140
2020-03-22,15,122
2020-03-22,16,106
2020-03-22,17,93
2020-03-22,18,83
2020-03-22,19,63
2020-03-22,20,55
2020-03-22,21,37
2020-03-22,22,43
2020-03-22,23,17
2020-03-23,0,15
2020-03-23,1,3
2020-03-23,2,7
2020-03-23,3,10
2020-03-23,4,3
2020-03-23,5,9
2020-03-23,6,32
2020-03-23,7,113
2020-03-23,8,137
2020-03-23,9,105
2020-03-23,10,107
2020-03-23,11,128
2020-03-23,12,154
2020-03-23,13,142
2020-03-23,14,149
2020-03-23,15,149
2020-03-23,16,159
2020-03-23,17,196
2020-03-23,18,120
2020-03-23,19,91
2020-03-23,20,52
2020-03-23,21,38
2020-03-23,22,32
2020-03-23,23,20
2020-03-24,0,15
2020-03-24,1,6
2020-03-24,2,0
2020-03-24,3,4
2020-03-24,4,5
2020-03-24,5,8
2020-03-24,6,29
2020-03-24,7,87
2020-03-24,8,103
2020-03-24,9,112
2020-03-24,10,84
2020-03-24,11,98
2020-03-24,12,108
2020-03-24,13,97
2020-03-24,14,103
2020-03-24,15,110
2020-03-24,16,127
2020-03-24,17,109
2020-03-24,18,71
2020-03-24,19,78
2020-03-24,20,36
2020-03-24,21,35
2020-03-24,22,20
2020-03-24,23,18
2020-03-25,0,10
2020-03-25,1,1
2020-03-25,2,3
2020-03-25,3,1
2020-03-25,4,4
2020-03-25,5,7
2020-03-25,6,20
2020-03-25,7,82
2020-03-25,8,85
2020-03-25,9,76
2020-03-25,10,70
2020-03-25,11,90
2020-03-25,12,103
2020-03-25,13,93
2020-03-25,14,100
2020-03-25,15,100
2020-03-25,16,117
2020-03-25,17,110
2020-03-25,18,76
2020-03-25,19,64
2020-03-25,20,41
2020-03-25,21,15
2020-03-25,22,15
2020-03-25,23,16
2020-03-26,0,5
2020-03-26,1,3
2020-03-26,2,7
2020-03-26,3,4
2020-03-26,4,7
2020-03-26,5,9
2020-03-26,6,19
2020-03-26,7,74
2020-03-26,8,88
2020-03-26,9,79
2020-03-26,10,76
2020-03-26,11,69
2020-03-26,12,93
2020-03-26,13,99
2020-03-26,14,103
2020-03-26,15,117
2020-03-26,16,107
2020-03-26,17,102
2020-03-26,18,83
2020-03-26,19,86
2020-03-26,20,43
2020-03-26,21,33
2020-03-26,22,23
2020-03-26,23,16
2020-03-27,0,7
2020-03-27,1,9
2020-03-27,2,8
2020-03-27,3,4
2020-03-27,4,6
2020-03-27,5,10
2020-03-27,6,27
2020-03-27,7,83
2020-03-27,8,78
2020-03-27,9,69
2020-03-27,10,77
2020-03-27,11,86
2020-03-27,12,92
2020-03-27,13,100
2020-03-27,14,109
2020-03-27,15,109
2020-03-27,16,113
2020-03-27,17,103
2020-03-27,18,106
2020-03-27,19,66
2020-03-27,20,36
2020-03-27,21,30
2020-03-27,22,23
2020-03-27,23,10
2020-03-28,0,12
2020-03-28,1,7
2020-03-28,2,3
2020-03-28,3,3
2020-03-28,4,3
2020-03-28,5,4
2020-03-28,6,17
2020-03-28,7,47
2020-03-28,8,36
2020-03-28,9,40
2020-03-28,10,49
2020-03-28,11,64
2020-03-28,12,66
2020-03-28,13,74
2020-03-28,14,70
2020-03-28,15,64
2020-03-28,16,72
2020-03-28,17,71
2020-03-28,18,56
2020-03-28,19,67
2020-03-28,20,31
2020-03-28,21,30
2020-03-28,22,17
2020-03-28,23,12
2020-03-29,0,11
2020-03-29,1,6
2020-03-29,2,4
2020-03-29,3,5
2020-03-29,4,7
2020-03-29,5,13
2020-03-29,6,35
2020-03-29,7,26
2020-03-29,8,24
2020-03-29,9,32
2020-03-29,10,33
2020-03-29,11,48
2020-03-29,12,59
2020-03-29,13,87
2020-03-29,14,64
2020-03-29,15,51
2020-03-29,16,48
2020-03-29,17,57
2020-03-29,18,64
2020-03-29,19,23
2020-03-29,20,30
2020-03-29,21,17
2020-03-29,22,17
2020-03-29,23,7
2020-03-30,0,8
2020-03-30,1,1
2020-03-30,2,0
2020-03-30,3,3
2020-03-30,4,3
2020-03-30,5,26
2020-03-30,6,63
2020-03-30,7,83
2020-03-30,8,72
2020-03-30,9,69
2020-03-30,10,80
2020-03-30,11,95
2020-03-30,12,87
2020-03-30,13,108
2020-03-30,14,74
2020-03-30,15,109
2020-03-30,16,116
2020-03-30,17,73
2020-03-30,18,65
2020-03-30,19,37
2020-03-30,20,39
2020-03-30,21,19
2020-03-30,22,19
2020-03-30,23,7
2020-03-31,0,3
2020-03-31,1,5
2020-03-31,2,3
2020-03-31,3,4
2020-03-31,4,11
2020-03-31,5,22
2020-03-31,6,69
2020-03-31,7,72
2020-03-31,8,60
2020-03-31,9,57
2020-03-31,10,75
2020-03-31,11,88
2020-03-31,12,99
2020-03-31,13,104
2020-03-31,14,91
2020-03-31,15,115
2020-03-31,16,132
2020-03-31,17,68
2020-03-31,18,100
2020-03-31,19,35
2020-03-31,20,36
2020-03-31,21,18
2020-03-31,22,9
2020-03-31,23,8
2020-04-01,0,5
2020-04-01,1,0
2020-04-01,2,3
2020-04-01,3,4
2020-04-01,4,8
2020-04-01,5,27
2020-04-01,6,59
2020-04-01,7,72
2020-04-01,8,63
2020-04-01,9,76
2020-04-01,10,82
2020-04-01,11,84
2020-04-01,12,106
2020-04-01,13,101
2020-04-01,14,95
2020-04-01,15,104
2020-04-01,16,127
2020-04-01,17,70
2020-04-01,18,63
2020-04-01,19,48
2020-04-01,20,41
2020-04-01,21,11
2020-04-01,22,16
2020-04-01,23,6
2020-04-02,0,6
2020-04-02,1,6
2020-04-02,2,5
2020-04-02,3,4
2020-04-02,4,11
2020-04-02,5,18
2020-04-02,6,56
2020-04-02,7,78
2020-04-02,8,58
2020-04-02,9,76
2020-04-02,10,86
2020-04-02,11,87
2020-04-02,12,88
2020-04-02,13,91
2020-04-02,14,114
2020-04-02,15,123
2020-04-02,16,119
2020-04-02,17,92
2020-04-02,18,79
2020-04-02,19,42
2020-04-02,20,25
2020-04-02,21,15
2020-04-02,22,12
2020-04-02,23,12
2020-04-03,0,5
2020-04-03,1,3
2020-04-03,2,6
2020-04-03,3,8
2020-04-03,4,14
2020-04-03,5,27
2020-04-03,6,67
2020-04-03,7,83
2020-04-03,8,70
2020-04-03,9,74
2020-04-03,10,95
2020-04-03,11,116
2020-04-03,12,96
2020-04-03,13,100
2020-04-03,14,112
2020-04-03,15,119
2020-04-03,16,114
2020-04-03,17,90
2020-04-03,18,66
2020-04-03,19,44
2020-04-03,20,28
2020-04-03,21,21
2020-04-03,22,12
2020-04-03,23,7
2020-04-04,0,4
2020-04-04,1,5
2020-04-04,2,4
2020-04-04,3,5
2020-04-04,4,4
2020-04-04,5,11
2020-04-04,6,39
2020-04-04,7,45
2020-04-04,8,33
2020-04-04,9,52
2020-04-04,10,41
2020-04-04,11,66
2020-04-04,12,64
2020-04-04,13,76
2020-04-04,14,87
2020-04-04,15,65
2020-04-04,16,57
2020-04-04,17,57
2020-04-04,18,72
2020-04-04,19,40
2020-04-04,20,29
2020-04-04,21,23
2020-04-04,22,9
2020-04-04,23,4
2020-04-05,0,2
2020-04-05,1,5
2020-04-05,2,4
2020-04-05,3,1
2020-04-05,4,4
2020-04-05,5,10
2020-04-05,6,29
2020-04-05,7,36
2020-04-05,8,36
2020-04-05,9,38
2020-04-05,10,43
2020-04-05,11,63
2020-04-05,12,69
2020-04-05,13,67
2020-04-05,14,56
2020-04-05,15,51
2020-04-05,16,52
2020-04-05,17,52
2020-04-05,18,63
2020-04-05,19,34
2020-04-05,20,38
2020-04-05,21,15
2020-04-05,22,4
2020-04-05,23,5
2020-04-06,0,3
2020-04-06,1,5
2020-04-06,2,8
2020-04-06,3,1
2020-04-06,4,9
2020-04-06,5,16
2020-04-06,6,64
2020-04-06,7,81
2020-04-06,8,67
2020-04-06,9,74
2020-04-06,10,73
2020-04-06,11,80
2020-04-06,12,87
2020-04-06,13,101
2020-04-06,14,105
2020-04-06,15,113
2020-04-06,16,121
2020-04-06,17,65
2020-04-06,18,87
2020-04-06,19,42
2020-04-06,20,26
2020-04-06,21,22
2020-04-06,22,10
2020-04-06,23,5
2020-04-07,0,8
2020-04-07,1,4
2020-04-07,2,4
2020-04-07,3,2
2020-04-07,4,7
2020-04-07,5,21
2020-04-07,6,60
2020-04-07,7,87
2020-04-07,8,72
2020-04-07,9,75
2020-04-07,10,80
2020-04-07,11,92
2020-04-07,12,92
2020-04-07,13,87
2020-04-07,14,87
2020-04-07,15,114
2020-04-07,16,140
2020-04-07,17,82
2020-04-07,18,67
2020-04-07,19,53
2020-04-07,20,39
2020-04-07,21,18
2020-04-07,22,11
2020-04-07,23,5
2020-04-08,0,4
2020-04-08,1,1
2020-04-08,2,3
2020-04-08,3,4
2020-04-08,4,5
2020-04-08,5,21
2020-04-08,6,67
2020-04-08,7,88
2020-04-08,8,65
2020-04-08,9,69
2020-04-08,10,90
2020-04-08,11,92
2020-04-08,12,94
2020-04-08,13,99
2020-04-08,14,103
2020-04-08,15,120
2020-04-08,16,131
2020-04-08,17,92
2020-04-08,18,86
2020-04-08,19,46
2020-04-08,20,36
2020-04-08,21,23
2020-04-08,22,15
2020-04-08,23,7
2020-04-09,0,3
2020-04-09,1,6
2020-04-09,2,4
2020-04-09,3,6
2020-04-09,4,12
2020-04-09,5,22
2020-04-09,6,54
2020-04-09,7,89
2020-04-09,8,66
2020-04-09,9,87
2020-04-09,10,90
2020-04-09,11,105
2020-04-09,12,96
2020-04-09,13,107
2020-04-09,14,122
2020-04-09,15,129
2020-04-09,16,113
2020-04-09,17,96
2020-04-09,18,83
2020-04-09,19,42
2020-04-09,20,41
2020-04-09,21,13
2020-04-09,22,12
2020-04-09,23,7
2020-04-10,0,7
2020-04-10,1,0
2020-04-10,2,3
2020-04-10,3,4
2020-04-10,4,8
2020-04-10,5,21
2020-04-10,6,56
2020-04-10,7,73
2020-04-10,8,181
2020-04-10,9,172
2020-04-10,10,111
2020-04-10,11,85
2020-04-10,12,113
2020-04-10,13,84
2020-04-10,14,81
2020-04-10,15,106
2020-04-10,16,88
2020-04-10,17,81
2020-04-10,18,66
2020-04-10,19,39
2020-04-10,20,32
2020-04-10,21,20
2020-04-10,22,11
2020-04-10,23,11
2020-04-11,0,4
2020-04-11,1,2
2020-04-11,2,3
2020-04-11,3,4
2020-04-11,4,5
2020-04-11,5,12
2020-04-11,6,35
2020-04-11,7,49
2020-04-11,8,38
2020-04-11,9,45
2020-04-11,10,54
2020-04-11,11,55
2020-04-11,12,88
2020-04-11,13,90
2020-04-11,14,83
2020-04-11,15,78
2020-04-11,16,57
2020-04-11,17,65
2020-04-11,18,50
2020-04-11,19,42
2020-04-11,20,28
2020-04-11,21,19
2020-04-11,22,11
2020-04-11,23,8
2020-04-12,0,4
2020-04-12,1,5
2020-04-12,2,2
2020-04-12,3,0
2020-04-12,4,6
2020-04-12,5,10
2020-04-12,6,39
2020-04-12,7,29
2020-04-12,8,25
2020-04-12,9,43
2020-04-12,10,41
2020-04-12,11,58
2020-04-12,12,73
2020-04-12,13,65
2020-04-12,14,49
2020-04-12,15,55
2020-04-12,16,46
2020-04-12,17,60
2020-04-12,18,56
2020-04-12,19,30
2020-04-12,20,24
2020-04-12,21,10
2020-04-12,22,6
2020-04-12,23,6
2020-04-13,0,3
2020-04-13,1,2
2020-04-13,2,3
2020-04-13,3,3
2020-04-13,4,8
2020-04-13,5,17
2020-04-13,6,44
2020-04-13,7,48
2020-04-13,8,47
2020-04-13,9,53
2020-04-13,10,52
2020-04-13,11,65
2020-04-13,12,71
2020-04-13,13,76
2020-04-13,14,95
2020-04-13,15,77
2020-04-13,16,74
2020-04-13,17,63
2020-04-13,18,46
2020-04-13,19,32
2020-04-13,20,31
2020-04-13,21,24
2020-04-13,22,22
2020-04-13,23,6
2020-04-14,0,4
2020-04-14,1,1
2020-04-14,2,3
2020-04-14,3,2
2020-04-14,4,11
2020-04-14,5,19
2020-04-14,6,67
2020-04-14,7,78
2020-04-14,8,63
2020-04-14,9,92
2020-04-14,10,75
2020-04-14,11,103
2020-04-14,12,94
2020-04-14,13,104
2020-04-14,14,98
2020-04-14,15,115
2020-04-14,16,118
2020-04-14,17,75
2020-04-14,18,73
2020-04-14,19,36
2020-04-14,20,24
2020-04-14,21,33
2020-04-14,22,27
2020-04-14,23,10
2020-04-15,0,8
2020-04-15,1,2
2020-04-15,2,6
2020-04-15,3,2
2020-04-15,4,8
2020-04-15,5,17
2020-04-15,6,67
2020-04-15,7,86
2020-04-15,8,62
2020-04-15,9,60
2020-04-15,10,104
2020-04-15,11,83
2020-04-15,12,103
2020-04-15,13,108
2020-04-15,14,104
2020-04-15,15,131
2020-04-15,16,117
2020-04-15,17,87
2020-04-15,18,66
2020-04-15,19,52
2020-04-15,20,36
2020-04-15,21,23
2020-04-15,22,13
2020-04-15,23,9
2020-04-16,0,8
2020-04-16,1,6
2020-04-16,2,5
2020-04-16,3,4
2020-04-16,4,5
2020-04-16,5,27
2020-04-16,6,75
2020-04-16,7,85
2020-04-16,8,63
2020-04-16,9,74
2020-04-16,10,84
2020-04-16,11,91
2020-04-16,12,94
2020-04-16,13,92
2020-04-16,14,113
2020-04-16,15,116
2020-04-16,16,118
2020-04-16,17,79
2020-04-16,18,67
2020-04-16,19,48
2020-04-16,20,29
2020-04-16,21,16
2020-04-16,22,11
2020-04-16,23,13
2020-04-17,0,5
2020-04-17,1,3
2020-04-17,2,5
2020-04-17,3,6
2020-04-17,4,8
2020-04-17,5,23
2020-04-17,6,62
2020-04-17,7,84
2020-04-17,8,71
2020-04-17,9,80
2020-04-17,10,97
2020-04-17,11,95
2020-04-17,12,101
2020-04-17,13,116
2020-04-17,14,135
2020-04-17,15,120
2020-04-17,16,115
2020-04-17,17,90
2020-04-17,18,70
2020-04-17,19,43
2020-04-17,20,43
2020-04-17,21,25
2020-04-17,22,8
2020-04-17,23,16
2020-04-18,0,7
2020-04-18,1,1
2020-04-18,2,11
2020-04-18,3,2
2020-04-18,4,10
2020-04-18,5,12
2020-04-18,6,33
2020-04-18,7,33
2020-04-18,8,61
2020-04-18,9,68
2020-04-18,10,70
2020-04-18,11,81
2020-04-18,12,96
2020-04-18,13,96
2020-04-18,14,96
2020-04-18,15,76
2020-04-18,16,74
2020-04-18,17,68
2020-04-18,18,58
2020-04-18,19,50
2020-04-18,20,39
2020-04-18,21,22
2020-04-18,22,17
2020-04-18,23,12
2020-04-19,0,3
2020-04-19,1,3
2020-04-19,2,6
2020-04-19,3,4
2020-04-19,4,3
2020-04-19,5,14
2020-04-19,6,30
2020-04-19,7,30
2020-04-19,8,39
2020-04-19,9,49
2020-04-19,10,61
2020-04-19,11,79
2020-04-19,12,76
2020-04-19,13,81
2020-04-19,14,70
2020-04-19,15,71
2020-04-19,16,70
2020-04-19,17,42
2020-04-19,18,53
2020-04-19,19,39
2020-04-19,20,30
2020-04-19,21,16
2020-04-19,22,10
2020-04-19,23,8
2020-04-20,0,4
2020-04-20,1,4
2020-04-20,2,1
2020-04-20,3,1
2020-04-20,4,8
2020-04-20,5,17
2020-04-20,6,68
2020-04-20,7,81
2020-04-20,8,77
2020-04-20,9,76
2020-04-20,10,99
2020-04-20,11,99
2020-04-20,12,105
2020-04-20,13,114
2020-04-20,14,116
2020-04-20,15,115
2020-04-20,16,117
2020-04-20,17,80
2020-04-20,18,63
2020-04-20,19,50
2020-04-20,20,34
2020-04-20,21,24
2020-04-20,22,12
2020-04-20,23,6
2020-04-21,0,4
2020-04-21,1,6
2020-04-21,2,2
2020-04-21,3,6
2020-04-21,4,11
2020-04-21,5,26
2020-04-21,6,75
2020-04-21,7,80
2020-04-21,8,64
2020-04-21,9,78
2020-04-21,10,87
2020-04-21,11,114
2020-04-21,12,104
2020-04-21,13,91
2020-04-21,14,115
2020-04-21,15,129
2020-04-21,16,142
2020-04-21,17,93
2020-04-21,18,74
2020-04-21,19,41
2020-04-21,20,34
2020-04-21,21,17
2020-04-21,22,15
2020-04-21,23,6
2020-04-22,0,4
2020-04-22,1,2
2020-04-22,2,4
2020-04-22,3,5
2020-04-22,4,6
2020-04-22,5,22
2020-04-22,6,62
2020-04-22,7,76
2020-04-22,8,65
2020-04-22,9,76
2020-04-22,10,94
2020-04-22,11,115
2020-04-22,12,110
2020-04-22,13,111
2020-04-22,14,105
2020-04-22,15,111
2020-04-22,16,121
2020-04-22,17,96
2020-04-22,18,66
2020-04-22,19,37
2020-04-22,20,38
2020-04-22,21,17
2020-04-22,22,9
2020-04-22,23,7
2020-04-23,0,4
2020-04-23,1,2
2020-04-23,2,2
2020-04-23,3,1
2020-04-23,4,11
2020-04-23,5,23
2020-04-23,6,61
2020-04-23,7,82
2020-04-23,8,78
2020-04-23,9,84
2020-04-23,10,83
2020-04-23,11,92
2020-04-23,12,121
2020-04-23,13,120
2020-04-23,14,123
2020-04-23,15,133
2020-04-23,16,130
2020-04-23,17,100
2020-04-23,18,86
2020-04-23,19,49
2020-04-23,20,31
2020-04-23,21,18
2020-04-23,22,14
2020-04-23,23,3
2020-04-24,0,7
2020-04-24,1,5
2020-04-24,2,6
2020-04-24,3,6
2020-04-24,4,10
2020-04-24,5,29
2020-04-24,6,70
2020-04-24,7,79
2020-04-24,8,82
2020-04-24,9,107
2020-04-24,10,116
2020-04-24,11,116
2020-04-24,12,130
2020-04-24,13,129
2020-04-24,14,119
2020-04-24,15,120
2020-04-24,16,139
2020-04-24,17,74
2020-04-24,18,83
2020-04-24,19,38
2020-04-24,20,36
2020-04-24,21,25
2020-04-24,22,17
2020-04-24,23,4
2020-04-25,0,3
2020-04-25,1,5
2020-04-25,2,4
2020-04-25,3,6
2020-04-25,4,6
2020-04-25,5,12
2020-04-25,6,41
2020-04-25,7,51
2020-04-25,8,45
2020-04-25,9,66
2020-04-25,10,72
2020-04-25,11,89
2020-04-25,12,77
2020-04-25,13,107
2020-04-25,14,82
2020-04-25,15,80
2020-04-25,16,77
2020-04-25,17,69
2020-04-25,18,50
2020-04-25,19,43
2020-04-25,20,37
2020-04-25,21,24
2020-04-25,22,19
2020-04-25,23,6
2020-04-26,0,8
2020-04-26,1,8
2020-04-26,2,1
2020-04-26,3,2
2020-04-26,4,7
2020-04-26,5,12
2020-04-26,6,38
2020-04-26,7,34
2020-04-26,8,44
2020-04-26,9,39
2020-04-26,10,55
2020-04-26,11,63
2020-04-26,12,75
2020-04-26,13,93
2020-04-26,14,100
2020-04-26,15,81
2020-04-26,16,63
2020-04-26,17,64
2020-04-26,18,57
2020-04-26,19,38
2020-04-26,20,27
2020-04-26,21,14
2020-04-26,22,12
2020-04-26,23,9
2020-04-27,0,4
2020-04-27,1,6
2020-04-27,2,2
2020-04-27,3,9
2020-04-27,4,10
2020-04-27,5,28
2020-04-27,6,76
2020-04-27,7,82
2020-04-27,8,83
2020-04-27,9,75
2020-04-27,10,96
2020-04-27,11,90
2020-04-27,12,100
2020-04-27,13,123
2020-04-27,14,114
2020-04-27,15,123
2020-04-27,16,134
2020-04-27,17,103
2020-04-27,18,70
2020-04-27,19,49
2020-04-27,20,37
2020-04-27,21,22
2020-04-27,22,14
2020-04-27,23,7
2020-04-28,0,3
2020-04-28,1,3
2020-04-28,2,2
2020-04-28,3,5
2020-04-28,4,10
2020-04-28,5,31
2020-04-28,6,74
2020-04-28,7,82
2020-04-28,8,71
2020-04-28,9,90
2020-04-28,10,89
2020-04-28,11,113
2020-04-28,12,116
2020-04-28,13,139
2020-04-28,14,128
2020-04-28,15,134
2020-04-28,16,131
2020-04-28,17,78
2020-04-28,18,74
2020-04-28,19,54
2020-04-28,20,45
2020-04-28,21,13
2020-04-28,22,12
2020-04-28,23,13
2020-04-29,0,6
2020-04-29,1,3
2020-04-29,2,4
2020-04-29,3,4
2020-04-29,4,9
2020-04-29,5,28
2020-04-29,6,67
2020-04-29,7,83
2020-04-29,8,78
2020-04-29,9,71
2020-04-29,10,102
2020-04-29,11,124
2020-04-29,12,126
2020-04-29,13,113
2020-04-29,14,128
2020-04-29,15,130
2020-04-29,16,140
2020-04-29,17,101
2020-04-29,18,64
2020-04-29,19,44
2020-04-29,20,29
2020-04-29,21,21
2020-04-29,22,12
2020-04-29,23,9
2020-04-30,0,5
2020-04-30,1,5
2020-04-30,2,7
2020-04-30,3,2
2020-04-30,4,8
2020-04-30,5,26
2020-04-30,6,61
2020-04-30,7,74
2020-04-30,8,84
2020-04-30,9,81
2020-04-30,10,108
2020-04-30,11,97
2020-04-30,12,120
2020-04-30,13,115
2020-04-30,14,137
2020-04-30,15,148
2020-04-30,16,150
2020-04-30,17,92
2020-04-30,18,72
2020-04-30,19,52
2020-04-30,20,42
2020-04-30,21,25
2020-04-30,22,15
2020-04-30,23,10
2020-05-01,0,6
2020-05-01,1,6
2020-05-01,2,5
2020-05-01,3,4
2020-05-01,4,5
2020-05-01,5,23
2020-05-01,6,65
2020-05-01,7,81
2020-05-01,8,85
2020-05-01,9,95
2020-05-01,10,101
2020-05-01,11,126
2020-05-01,12,129
2020-05-01,13,141
2020-05-01,14,129
2020-05-01,15,126
2020-05-01,16,147
2020-05-01,17,106
2020-05-01,18,81
2020-05-01,19,57
2020-05-01,20,50
2020-05-01,21,27
2020-05-01,22,10
2020-05-01,23,5
2020-05-02,0,5
2020-05-02,1,7
2020-05-02,2,6
2020-05-02,3,3
2020-05-02,4,9
2020-05-02,5,16
2020-05-02,6,39
2020-05-02,7,57
2020-05-02,8,48
2020-05-02,9,73
2020-05-02,10,78
2020-05-02,11,97
2020-05-02,12,105
2020-05-02,13,99
2020-05-02,14,104
2020-05-02,15,102
2020-05-02,16,96
2020-05-02,17,83
2020-05-02,18,64
2020-05-02,19,64
2020-05-02,20,41
2020-05-02,21,31
2020-05-02,22,14
2020-05-02,23,12
2020-05-03,0,10
2020-05-03,1,2
2020-05-03,2,6
2020-05-03,3,7
2020-05-03,4,6
2020-05-03,5,17
2020-05-03,6,28
2020-05-03,7,30
2020-05-03,8,39
2020-05-03,9,48
2020-05-03,10,52
2020-05-03,11,73
2020-05-03,12,95
2020-05-03,13,114
2020-05-03,14,101
2020-05-03,15,88
2020-05-03,16,72
2020-05-03,17,67
2020-05-03,18,55
2020-05-03,19,37
2020-05-03,20,41
2020-05-03,21,20
2020-05-03,22,14
2020-05-03,23,8
2020-05-04,0,5
2020-05-04,1,5
2020-05-04,2,3
2020-05-04,3,5
2020-05-04,4,6
2020-05-04,5,23
2020-05-04,6,56
2020-05-04,7,61
2020-05-04,8,68
2020-05-04,9,63
2020-05-04,10,95
2020-05-04,11,109
2020-05-04,12,106
2020-05-04,13,99
2020-05-04,14,121
2020-05-04,15,97
2020-05-04,16,116
2020-05-04,17,98
2020-05-04,18,67
2020-05-04,19,55
2020-05-04,20,32
2020-05-04,21,23
2020-05-04,22,15
2020-05-04,23,10
2020-05-05,0,8
2020-05-05,1,4
2020-05-05,9,84
2020-05-05,10,97
2020-05-05,11,115
2020-05-05,12,131
2020-05-05,13,131
2020-05-05,14,133
2020-05-05,15,137
2020-05-05,16,143
2020-05-05,17,97
2020-05-05,18,89
2020-05-05,19,52
2020-05-05,20,35
2020-05-05,21,18
2020-05-05,22,13
2020-05-05,23,12
2020-05-06,0,3
2020-05-06,1,4
2020-05-06,2,6
2020-05-06,3,5
2020-05-06,4,9
2020-05-06,5,23
2020-05-06,6,78
2020-05-06,7,91
2020-05-06,8,84
2020-05-06,9,91
2020-05-06,10,98
2020-05-06,11,134
2020-05-06,12,123
2020-05-06,13,133
2020-05-06,14,128
2020-05-06,15,116
2020-05-06,16,136
2020-05-06,17,90
2020-05-06,18,93
2020-05-06,19,58
2020-05-06,20,36
2020-05-06,21,23
2020-05-06,22,17
2020-05-06,23,9
2020-05-07,0,11
2020-05-07,1,4
2020-05-07,2,3
2020-05-07,3,1
2020-05-07,4,7
2020-05-07,5,21
2020-05-07,6,58
2020-05-07,7,96
2020-05-07,8,76
2020-05-07,9,88
2020-05-07,10,106
2020-05-07,11,117
2020-05-07,12,136
2020-05-07,13,127
2020-05-07,14,135
2020-05-07,15,133
2020-05-07,16,127
2020-05-07,17,108
2020-05-07,18,78
2020-05-07,19,65
2020-05-07,20,43
2020-05-07,21,19
2020-05-07,22,15
2020-05-07,23,11
2020-05-08,0,5
2020-05-08,1,2
2020-05-08,2,5
2020-05-08,3,5
2020-05-08,4,11
2020-05-08,5,24
2020-05-08,6,54
2020-05-08,7,84
2020-05-08,8,77
2020-05-08,9,90
2020-05-08,10,116
2020-05-08,11,126
2020-05-08,12,113
2020-05-08,13,135
2020-05-08,14,126
2020-05-08,15,146
2020-05-08,16,148
2020-05-08,17,93
2020-05-08,18,74
2020-05-08,19,55
2020-05-08,20,40
2020-05-08,21,32
2020-05-08,22,15
2020-05-08,23,14
2020-05-09,0,5
2020-05-09,1,6
2020-05-09,2,6
2020-05-09,3,4
2020-05-09,4,8
2020-05-09,5,12
2020-05-09,6,43
2020-05-09,7,56
2020-05-09,8,54
2020-05-09,9,68
2020-05-09,10,74
2020-05-09,11,99
2020-05-09,12,92
2020-05-09,13,102
2020-05-09,14,99
2020-05-09,15,110
2020-05-09,16,94
2020-05-09,17,82
2020-05-09,18,76
2020-05-09,19,51
2020-05-09,20,46
2020-05-09,21,25
2020-05-09,22,13
2020-05-09,23,12
2020-05-10,0,4
2020-05-10,1,9
2020-05-10,2,2
2020-05-10,3,5
2020-05-10,4,8
2020-05-10,5,13
2020-05-10,6,30
2020-05-10,7,34
2020-05-10,8,35
2020-05-10,9,45
2020-05-10,10,56
2020-05-10,11,69
2020-05-10,12,77
2020-05-10,13,103
2020-05-10,14,90
2020-05-10,15,79
2020-05-10,16,65
2020-05-10,17,58
2020-05-10,18,49
2020-05-10,19,57
2020-05-10,20,33
2020-05-10,21,25
2020-05-10,22,17
2020-05-10,23,9
2020-05-11,0,5
2020-05-11,1,4
2020-05-11,2,2
2020-05-11,3,3
2020-05-11,4,5
2020-05-11,5,29
2020-05-11,6,76
2020-05-11,7,81
2020-05-11,8,78
2020-05-11,9,72
2020-05-11,10,97
2020-05-11,11,115
2020-05-11,12,108
2020-05-11,13,117
2020-05-11,14,120
2020-05-11,15,131
2020-05-11,16,135
2020-05-11,17,97
2020-05-11,18,85
2020-05-11,19,46
2020-05-11,20,45
2020-05-11,21,28
2020-05-11,22,22
2020-05-11,23,13
2020-05-12,0,6
2020-05-12,1,2
2020-05-12,2,3
2020-05-12,3,7
2020-05-12,4,5
2020-05-12,5,28
2020-05-12,6,68
2020-05-12,7,96
2020-05-12,8,66
2020-05-12,9,84
2020-05-12,10,90
2020-05-12,11,120
2020-05-12,12,109
2020-05-12,13,134
2020-05-12,14,127
2020-05-12,15,124
2020-05-12,16,140
2020-05-12,17,97
2020-05-12,18,88
2020-05-12,19,63
2020-05-12,20,31
2020-05-12,21,19
2020-05-12,22,11
2020-05-12,23,12
2020-05-13,0,6
2020-05-13,1,2
2020-05-13,2,3
2020-05-13,3,6
2020-05-13,4,10
2020-05-13,5,32
2020-05-13,6,68
2020-05-13,7,97
2020-05-13,8,83
2020-05-13,9,96
2020-05-13,10,106
2020-05-13,11,103
2020-05-13,12,116
2020-05-13,13,136
2020-05-13,14,133
2020-05-13,15,143
2020-05-13,16,150
2020-05-13,17,87
2020-05-13,18,79
2020-05-13,19,64
2020-05-13,20,37
2020-05-13,21,35
2020-05-13,22,15
2020-05-13,23,7
2020-05-14,0,5
2020-05-14,1,6
2020-05-14,2,2
2020-05-14,3,5
2020-05-14,4,11
2020-05-14,5,22
2020-05-14,6,71
2020-05-14,7,91
2020-05-14,8,86
2020-05-14,9,94
2020-05-14,10,108
2020-05-14,11,119
2020-05-14,12,109
2020-05-14,13,144
2020-05-14,14,110
2020-05-14,15,137
2020-05-14,16,127
2020-05-14,17,97
2020-05-14,18,95
2020-05-14,19,68
2020-05-14,20,44
2020-05-14,21,18
2020-05-14,22,16
2020-05-14,23,7
2020-05-15,0,4
2020-05-15,1,7
2020-05-15,2,4
2020-05-15,3,6
2020-05-15,4,7
2020-05-15,5,31
2020-05-15,6,66
2020-05-15,7,81
2020-05-15,8,90
2020-05-15,9,114
2020-05-15,10,114
2020-05-15,11,134
2020-05-15,12,126
2020-05-15,13,135
2020-05-15,14,145
2020-05-15,15,164
2020-05-15,16,134
2020-05-15,17,91
2020-05-15,18,75
2020-05-15,19,62
2020-05-15,20,47
2020-05-15,21,20
2020-05-15,22,19
2020-05-15,23,15
2020-05-16,0,7
2020-05-16,1,6
2020-05-16,2,5
2020-05-16,3,4
2020-05-16,4,8
2020-05-16,5,19
2020-05-16,6,34
2020-05-16,7,51
2020-05-16,8,51
2020-05-16,9,71
2020-05-16,10,72
2020-05-16,11,98
2020-05-16,12,111
2020-05-16,13,115
2020-05-16,14,122
2020-05-16,15,113
2020-05-16,16,101
2020-05-16,17,80
2020-05-16,18,75
2020-05-16,19,61
2020-05-16,20,46
2020-05-16,21,34
2020-05-16,22,19
2020-05-16,23,10
2020-05-17,0,10
2020-05-17,1,3
2020-05-17,2,0
2020-05-17,3,3
2020-05-17,4,5
2020-05-17,5,13
2020-05-17,6,45
2020-05-17,7,27
2020-05-17,8,33
2020-05-17,9,48
2020-05-17,10,56
2020-05-17,11,76
2020-05-17,12,84
2020-05-17,13,91
2020-05-17,14,91
2020-05-17,15,80
2020-05-17,16,63
2020-05-17,17,68
2020-05-17,18,75
2020-05-17,19,47
2020-05-17,20,37
2020-05-17,21,23
2020-05-17,22,12
2020-05-17,23,11
2020-05-18,0,5
2020-05-18,1,1
2020-05-18,2,4
2020-05-18,3,6
2020-05-18,4,3
2020-05-18,5,21
2020-05-18,6,61
2020-05-18,7,86
2020-05-18,8,74
2020-05-18,9,102
2020-05-18,10,100
2020-05-18,11,111
2020-05-18,12,123
2020-05-18,13,126
2020-05-18,14,127
2020-05-18,15,135
2020-05-18,16,139
2020-05-18,17,104
2020-05-18,18,75
2020-05-18,19,52
2020-05-18,20,45
2020-05-18,21,27
2020-05-18,22,15
2020-05-18,23,10
2020-05-19,0,10
2020-05-19,1,3
2020-05-19,2,4
2020-05-19,3,6
2020-05-19,4,7
2020-05-19,5,24
2020-05-19,6,71
2020-05-19,7,113
2020-05-19,8,85
2020-05-19,9,106
2020-05-19,10,114
2020-05-19,11,105
2020-05-19,12,125
2020-05-19,13,155
2020-05-19,14,138
2020-05-19,15,160
2020-05-19,16,155
2020-05-19,17,96
2020-05-19,18,80
2020-05-19,19,57
2020-05-19,20,52
2020-05-19,21,22
2020-05-19,22,14
2020-05-19,23,12
2020-05-20,0,6
2020-05-20,1,2
2020-05-20,2,4
2020-05-20,3,8
2020-05-20,4,8
2020-05-20,5,27
2020-05-20,6,73
2020-05-20,7,110
2020-05-20,8,84
2020-05-20,9,98
2020-05-20,10,106
2020-05-20,11,142
2020-05-20,12,132
2020-05-20,13,135
2020-05-20,14,132
2020-05-20,15,141
2020-05-20,16,142
2020-05-20,17,102
2020-05-20,18,94
2020-05-20,19,64
2020-05-20,20,43
2020-05-20,21,26
2020-05-20,22,25
2020-05-20,23,11
2020-05-21,0,10
2020-05-21,1,4
2020-05-21,2,6
2020-05-21,3,7
2020-05-21,4,11
2020-05-21,5,22
2020-05-21,6,79
2020-05-21,7,91
2020-05-21,8,92
2020-05-21,9,80
2020-05-21,11,92
2020-05-21,12,123
2020-05-21,13,131
2020-05-21,14,136
2020-05-21,15,169
2020-05-21,16,128
2020-05-21,17,108
2020-05-21,18,91
2020-05-21,19,76
2020-05-21,20,46
2020-05-21,21,27
2020-05-21,22,10
2020-05-21,23,14
2020-05-22,0,6
2020-05-22,1,4
2020-05-22,2,1
2020-05-22,3,3
2020-05-22,4,7
2020-05-22,5,25
2020-05-22,6,79
2020-05-22,7,99
2020-05-22,8,80
2020-05-22,9,106
2020-05-22,10,120
2020-05-22,11,124
2020-05-22,12,137
2020-05-22,13,134
2020-05-22,14,156
2020-05-22,15,168
2020-05-22,16,134
2020-05-22,17,100
2020-05-22,18,87
2020-05-22,19,73
2020-05-22,20,53
2020-05-22,21,23
2020-05-22,22,21
2020-05-22,23,13
2020-05-23,0,10
2020-05-23,1,4
2020-05-23,2,4
2020-05-23,3,7
2020-05-23,4,7
2020-05-23,5,14
2020-05-23,6,47
2020-05-23,7,38
2020-05-23,8,50
2020-05-23,9,68
2020-05-23,10,77
2020-05-23,11,94
2020-05-23,12,114
2020-05-23,13,114
2020-05-23,14,121
2020-05-23,15,104
2020-05-23,16,79
2020-05-23,17,95
2020-05-23,18,86
2020-05-23,19,62
2020-05-23,20,35
2020-05-23,21,21
2020-05-23,22,26
2020-05-23,23,10
2020-05-24,0,5
2020-05-24,1,6
2020-05-24,2,7
2020-05-24,3,8
2020-05-24,4,7
2020-05-24,5,9
2020-05-24,6,31
2020-05-24,7,23
2020-05-24,8,29
2020-05-24,9,40
2020-05-24,10,63
2020-05-24,11,63
2020-05-24,12,90
2020-05-24,13,97
2020-05-24,14,112
2020-05-24,15,75
2020-05-24,16,92
2020-05-24,17,64
2020-05-24,18,75
2020-05-24,19,52
2020-05-24,20,47
2020-05-24,21,26
2020-05-24,22,16
2020-05-24,23,14
2020-05-25,0,7
2020-05-25,1,2
2020-05-25,2,5
2020-05-25,3,3
2020-05-25,4,7
2020-05-25,5,23
2020-05-25,6,52
2020-05-25,7,72
2020-05-25,8,64
2020-05-25,9,64
2020-05-25,10,110
2020-05-25,11,109
2020-05-25,12,134
2020-05-25,13,126
2020-05-25,14,110
2020-05-25,15,133
2020-05-25,16,129
2020-05-25,17,91
2020-05-25,18,77
2020-05-25,19,59
2020-05-25,20,46
2020-05-25,21,25
2020-05-25,22,13
2020-05-25,23,8
2020-05-26,0,4
2020-05-26,1,9
2020-05-26,2,3
2020-05-26,3,3
2020-05-26,4,5
2020-05-26,5,27
2020-05-26,6,59
2020-05-26,7,88
2020-05-26,8,75
2020-05-26,9,86
2020-05-26,10,130
2020-05-26,11,102
2020-05-26,12,136
2020-05-26,13,159
2020-05-26,14,139
2020-05-26,15,136
2020-05-26,16,145
2020-05-26,17,98
2020-05-26,18,83
2020-05-26,19,70
2020-05-26,20,41
2020-05-26,21,37
2020-05-26,22,20
2020-05-26,23,4
2020-05-27,0,12
2020-05-27,1,5
2020-05-27,2,6
2020-05-27,3,3
2020-05-27,4,12
2020-05-27,5,30
2020-05-27,6,67
2020-05-27,7,102
2020-05-27,8,102
2020-05-27,9,82
2020-05-27,10,111
2020-05-27,11,113
2020-05-27,12,141
2020-05-27,13,133
2020-05-27,14,140
2020-05-27,15,167
2020-05-27,16,142
2020-05-27,17,124
2020-05-27,18,93
2020-05-27,19,55
2020-05-27,20,50
2020-05-27,21,33
2020-05-27,22,22
2020-05-27,23,12
2020-05-28,0,6
2020-05-28,1,3
2020-05-28,2,8
2020-05-28,3,3
2020-05-28,4,8
2020-05-28,5,28
2020-05-28,6,80
2020-05-28,7,91
2020-05-28,8,107
2020-05-28,9,94
2020-05-28,10,124
2020-05-28,11,126
2020-05-28,12,135
2020-05-28,13,138
2020-05-28,14,156
2020-05-28,15,149
2020-05-28,16,140
2020-05-28,17,121
2020-05-28,18,102
2020-05-28,19,67
2020-05-28,20,59
2020-05-28,21,35
2020-05-28,22,18
2020-05-28,23,10
2020-05-29,0,4
2020-05-29,1,7
2020-05-29,2,3
2020-05-29,3,5
2020-05-29,4,10
2020-05-29,5,24
2020-05-29,6,78
2020-05-29,7,106
2020-05-29,8,81
2020-05-29,9,117
2020-05-29,10,145
2020-05-29,11,156
2020-05-29,12,152
2020-05-29,13,156
2020-05-29,14,129
2020-05-29,15,162
2020-05-29,16,151
2020-05-29,17,114
2020-05-29,18,100
2020-05-29,19,61
2020-05-29,20,59
2020-05-29,21,49
2020-05-29,22,25
2020-05-29,23,18
2020-05-30,0,15
2020-05-30,1,8
2020-05-30,2,8
2020-05-30,3,6
2020-05-30,4,10
2020-05-30,5,14
2020-05-30,6,52
2020-05-30,7,54
2020-05-30,8,69
2020-05-30,9,107
2020-05-30,10,111
2020-05-30,11,132
2020-05-30,12,117
2020-05-30,13,127
2020-05-30,14,141
2020-05-30,15,111
2020-05-30,16,90
2020-05-30,17,75
2020-05-30,18,74
2020-05-30,19,68
2020-05-30,20,51
2020-05-30,21,38
2020-05-30,22,27
2020-05-30,23,12
2020-05-31,0,11
2020-05-31,1,7
2020-05-31,2,6
2020-05-31,3,4
2020-05-31,4,10
2020-05-31,5,16
2020-05-31,6,44
2020-05-31,7,39
2020-05-31,8,45
2020-05-31,9,74
2020-05-31,10,96
2020-05-31,11,113
2020-05-31,12,120
2020-05-31,13,128
2020-05-31,14,110
2020-05-31,15,98
2020-05-31,16,102
2020-05-31,17,79
2020-05-31,18,66
2020-05-31,19,65
2020-05-31,20,56
2020-05-31,21,36
2020-05-31,22,25
2020-05-31,23,14
2020-06-01,0,5
2020-06-01,1,3
2020-06-01,2,5
2020-06-01,3,1
2020-06-01,4,9
2020-06-01,5,25
2020-06-01,6,86
2020-06-01,7,108
2020-06-01,8,111
2020-06-01,9,125
2020-06-01,10,132
2020-06-01,11,137
2020-06-01,12,138
2020-06-01,13,136
2020-06-01,14,159
2020-06-01,15,141
2020-06-01,16,139
2020-06-01,17,115
2020-06-01,18,90
2020-06-01,19,76
2020-06-01,20,55
2020-06-01,21,32
2020-06-01,22,15
2020-06-01,23,16
2020-06-02,0,7
2020-06-02,1,4
2020-06-02,2,7
2020-06-02,3,7
2020-06-02,4,7
2020-06-02,5,26
2020-06-02,6,72
2020-06-02,7,109
2020-06-02,8,103
2020-06-02,9,94
2020-06-02,10,127
2020-06-02,11,144
2020-06-02,12,160
2020-06-02,13,148
2020-06-02,14,143
2020-06-02,15,148
2020-06-02,16,156
2020-06-02,17,123
2020-06-02,18,105
2020-06-02,19,56
2020-06-02,20,47
2020-06-02,21,27
2020-06-02,22,21
2020-06-02,23,8
2020-06-03,0,7
2020-06-03,1,5
2020-06-03,2,9
2020-06-03,3,5
2020-06-03,4,12
2020-06-03,5,27
2020-06-03,6,74
2020-06-03,7,115
2020-06-03,8,96
2020-06-03,9,92
2020-06-03,10,106
2020-06-03,11,133
2020-06-03,12,118
2020-06-03,13,166
2020-06-03,14,146
2020-06-03,15,167
2020-06-03,16,168
2020-06-03,17,116
2020-06-03,18,94
2020-06-03,19,69
2020-06-03,20,40
2020-06-03,21,32
2020-06-03,22,26
2020-06-03,23,14
2020-06-04,0,11
2020-06-04,1,5
2020-06-04,2,5
2020-06-04,3,5
2020-06-04,4,8
2020-06-04,5,34
2020-06-04,6,76
2020-06-04,7,106
2020-06-04,8,92
2020-06-04,9,110
2020-06-04,10,126
2020-06-04,11,143
2020-06-04,12,141
2020-06-04,13,132
2020-06-04,14,144
2020-06-04,15,157
2020-06-04,16,174
2020-06-04,17,117
2020-06-04,18,86
2020-06-04,19,71
2020-06-04,20,42
2020-06-04,21,32
2020-06-04,22,20
2020-06-04,23,17
2020-06-05,0,6
2020-06-05,1,6
2020-06-05,2,2
2020-06-05,3,5
2020-06-05,4,8
2020-06-05,5,36
2020-06-05,6,78
2020-06-05,7,101
2020-06-05,8,103
2020-06-05,9,112
2020-06-05,10,139
2020-06-05,11,138
2020-06-05,12,163
2020-06-05,13,169
2020-06-05,14,161
2020-06-05,15,163
2020-06-05,16,158
2020-06-05,17,130
2020-06-05,18,98
2020-06-05,19,70
2020-06-05,20,65
2020-06-05,21,40
2020-06-05,22,20
2020-06-05,23,10
2020-06-06,0,10
2020-06-06,1,8
2020-06-06,2,7
2020-06-06,3,5
2020-06-06,4,2
2020-06-06,5,24
2020-06-06,6,46
2020-06-06,7,53
2020-06-06,8,61
2020-06-06,9,84
2020-06-06,10,109
2020-06-06,11,136
2020-06-06,12,132
2020-06-06,13,129
2020-06-06,14,135
2020-06-06,15,126
2020-06-06,16,112
2020-06-06,17,115
2020-06-06,18,98
2020-06-06,19,72
2020-06-06,20,54
2020-06-06,21,45
2020-06-06,22,19
2020-06-06,23,23
2020-06-07,0,12
2020-06-07,1,13
2020-06-07,2,5
2020-06-07,3,4
2020-06-07,4,9
2020-06-07,5,15
2020-06-07,6,37
2020-06-07,7,38
2020-06-07,8,56
2020-06-07,9,70
2020-06-07,10,88
2020-06-07,11,104
2020-06-07,12,114
2020-06-07,13,134
2020-06-07,14,124
2020-06-07,15,135
2020-06-07,16,95
2020-06-07,17,90
2020-06-07,18,74
2020-06-07,19,65
2020-06-07,20,38
2020-06-07,21,20
2020-06-07,22,20
2020-06-07,23,15
2020-06-08,0,9
2020-06-08,1,5
2020-06-08,2,4
2020-06-08,3,4
2020-06-08,4,7
2020-06-08,5,30
2020-06-08,6,75
2020-06-08,7,87
2020-06-08,8,86
2020-06-08,9,104
2020-06-08,10,131
2020-06-08,11,135
2020-06-08,12,135
2020-06-08,13,147
2020-06-08,14,143
2020-06-08,15,159
2020-06-08,16,143
2020-06-08,17,113
2020-06-08,18,98
2020-06-08,19,63
2020-06-08,20,59
2020-06-08,21,41
2020-06-08,22,19
2020-06-08,23,14
2020-06-09,0,11
2020-06-09,1,6
2020-06-09,2,1
2020-06-09,3,4
2020-06-09,4,6
2020-06-09,5,31
2020-06-09,6,82
2020-06-09,7,102
2020-06-09,8,115
2020-06-09,9,119
2020-06-09,10,119
2020-06-09,11,127
2020-06-09,12,149
2020-06-09,13,152
2020-06-09,14,144
2020-06-09,15,188
2020-06-09,16,160
2020-06-09,17,129
2020-06-09,18,109
2020-06-09,19,62
2020-06-09,20,53
2020-06-09,21,24
2020-06-09,22,16
2020-06-09,23,14
2020-06-10,0,6
2020-06-10,1,7
2020-06-10,2,7
2020-06-10,3,8
2020-06-10,4,6
2020-06-10,5,27
2020-06-10,6,75
2020-06-10,7,94
2020-06-10,8,107
2020-06-10,9,111
2020-06-10,10,104
2020-06-10,11,135
2020-06-10,12,150
2020-06-10,13,147
2020-06-10,14,175
2020-06-10,15,154
2020-06-10,16,167
2020-06-10,17,127
2020-06-10,18,80
2020-06-10,19,66
2020-06-10,20,37
2020-06-10,21,36
2020-06-10,22,23
2020-06-10,23,12
2020-06-11,0,12
2020-06-11,1,11
2020-06-11,2,4
2020-06-11,3,4
2020-06-11,4,11
2020-06-11,5,30
2020-06-11,6,70
2020-06-11,7,99
2020-06-11,8,104
2020-06-11,9,94
2020-06-11,10,133
2020-06-11,11,129
2020-06-11,12,145
2020-06-11,13,186
2020-06-11,14,155
2020-06-11,15,153
2020-06-11,16,192
2020-06-11,17,132
2020-06-11,18,99
2020-06-11,19,74
2020-06-11,20,65
2020-06-11,21,39
2020-06-11,22,30
2020-06-11,23,20
2020-06-12,0,7
2020-06-12,1,9
2020-06-12,2,5
2020-06-12,3,5
2020-06-12,4,10
2020-06-12,5,31
2020-06-12,6,84
2020-06-12,7,99
2020-06-12,8,110
2020-06-12,9,116
2020-06-12,10,131
2020-06-12,11,170
2020-06-12,12,149
2020-06-12,13,167
2020-06-12,14,173
2020-06-12,15,184
2020-06-12,16,148
2020-06-12,17,110
2020-06-12,18,115
2020-06-12,19,73
2020-06-12,20,61
2020-06-12,21,38
2020-06-12,22,28
2020-06-12,23,11
2020-06-13,0,11
2020-06-13,1,13
2020-06-13,2,5
2020-06-13,3,7
2020-06-13,4,12
2020-06-13,5,14
2020-06-13,6,42
2020-06-13,7,47
2020-06-13,8,43
2020-06-13,9,72
2020-06-13,10,96
2020-06-13,11,109
2020-06-13,12,132
2020-06-13,13,176
2020-06-13,14,139
2020-06-13,15,147
2020-06-13,16,109
2020-06-13,17,111
2020-06-13,18,90
2020-06-13,19,66
2020-06-13,20,58
2020-06-13,21,42
2020-06-13,22,31
2020-06-13,23,10
2020-06-14,0,8
2020-06-14,1,9
2020-06-14,2,5
2020-06-14,3,7
2020-06-14,4,6
2020-06-14,5,14
2020-06-14,6,46
2020-06-14,7,40
2020-06-14,8,44
2020-06-14,9,60
2020-06-14,10,95
2020-06-14,11,108
2020-06-14,12,123
2020-06-14,13,139
2020-06-14,14,123
2020-06-14,15,128
2020-06-14,16,93
2020-06-14,17,101
2020-06-14,18,96
2020-06-14,19,60
2020-06-14,20,54
2020-06-14,21,41
2020-06-14,22,28
2020-06-14,23,18
2020-06-15,0,8
2020-06-15,1,9
2020-06-15,2,5
2020-06-15,3,5
2020-06-15,4,14
2020-06-15,5,20
2020-06-15,6,84
2020-06-15,7,107
2020-06-15,8,97
2020-06-15,9,112
2020-06-15,10,112
2020-06-15,11,136
2020-06-15,12,135
2020-06-15,13,163
2020-06-15,14,167
2020-06-15,15,175
2020-06-15,16,163
2020-06-15,17,115
2020-06-15,18,96
2020-06-15,19,70
2020-06-15,20,44
2020-06-15,21,33
2020-06-15,22,20
2020-06-15,23,14
2020-06-16,0,11
2020-06-16,1,6
2020-06-16,2,9
2020-06-16,3,5
2020-06-16,4,12
2020-06-16,5,23
2020-06-16,6,77
2020-06-16,7,121
2020-06-16,8,99
2020-06-16,9,104
2020-06-16,10,128
2020-06-16,11,151
2020-06-16,12,161
2020-06-16,13,152
2020-06-16,14,166
2020-06-16,15,180
2020-06-16,16,184
2020-06-16,17,116
2020-06-16,18,104
2020-06-16,19,74
2020-06-16,20,53
2020-06-16,21,32
2020-06-16,22,21
2020-06-16,23,13
2020-06-17,0,5
2020-06-17,1,7
2020-06-17,2,5
2020-06-17,3,3
2020-06-17,4,10
2020-06-17,5,37
2020-06-17,6,73
2020-06-17,7,120
2020-06-17,8,91
2020-06-17,9,124
2020-06-17,10,135
2020-06-17,11,143
2020-06-17,12,166
2020-06-17,13,139
2020-06-17,14,144
2020-06-17,15,156
2020-06-17,16,178
2020-06-17,17,131
2020-06-17,18,103
2020-06-17,19,70
2020-06-17,20,53
2020-06-17,21,38
2020-06-17,22,33
2020-06-17,23,17
2020-06-18,0,11
2020-06-18,1,2
2020-06-18,2,5
2020-06-18,3,4
2020-06-18,4,10
2020-06-18,5,33
2020-06-18,6,92
2020-06-18,7,110
2020-06-18,8,104
2020-06-18,9,115
2020-06-18,10,130
2020-06-18,11,150
2020-06-18,12,166
2020-06-18,13,161
2020-06-18,14,174
2020-06-18,15,186
2020-06-18,16,171
2020-06-18,17,129
2020-06-18,18,117
2020-06-18,19,72
2020-06-18,20,62
2020-06-18,21,43
2020-06-18,22,29
2020-06-18,23,20
2020-06-19,0,9
2020-06-19,1,7
2020-06-19,2,8
2020-06-19,3,4
2020-06-19,4,10
2020-06-19,5,27
2020-06-19,6,65
2020-06-19,7,117
2020-06-19,8,110
2020-06-19,9,98
2020-06-19,10,138
2020-06-19,11,158
2020-06-19,12,187
2020-06-19,13,166
2020-06-19,14,174
2020-06-19,15,218
2020-06-19,16,164
2020-06-19,17,129
2020-06-19,18,117
2020-06-19,19,73
2020-06-19,20,64
2020-06-19,21,43
2020-06-19,22,25
2020-06-19,23,17
2020-06-20,0,11
2020-06-20,1,10
2020-06-20,2,9
2020-06-20,3,3
2020-06-20,4,10
2020-06-20,5,15
2020-06-20,6,54
2020-06-20,7,68
2020-06-20,8,89
2020-06-20,9,86
2020-06-20,10,129
2020-06-20,11,165
2020-06-20,12,156
2020-06-20,13,158
2020-06-20,14,159
2020-06-20,15,143
2020-06-20,16,129
2020-06-20,17,95
2020-06-20,18,104
2020-06-20,19,84
2020-06-20,20,78
2020-06-20,21,49
2020-06-20,22,33
2020-06-20,23,18
2020-06-21,0,19
2020-06-21,1,9
2020-06-21,2,11
2020-06-21,3,4
2020-06-21,4,7
2020-06-21,5,7
2020-06-21,6,36
2020-06-21,7,38
2020-06-21,8,56
2020-06-21,9,65
2020-06-21,10,96
2020-06-21,11,127
2020-06-21,12,145
2020-06-21,13,144
2020-06-21,14,140
2020-06-21,15,133
2020-06-21,16,95
2020-06-21,17,102
2020-06-21,18,97
2020-06-21,19,52
2020-06-21,20,55
2020-06-21,21,40
2020-06-21,22,20
2020-06-21,23,13
2020-06-22,0,14
2020-06-22,1,2
2020-06-22,2,5
2020-06-22,3,5
2020-06-22,4,9
2020-06-22,5,37
2020-06-22,6,77
2020-06-22,7,109
2020-06-22,8,101
2020-06-22,9,124
2020-06-22,10,116
2020-06-22,11,150
2020-06-22,12,145
2020-06-22,13,140
2020-06-22,14,128
2020-06-22,15,191
2020-06-22,16,166
2020-06-22,17,117
2020-06-22,18,94
2020-06-22,19,68
2020-06-22,20,51
2020-06-22,21,31
2020-06-22,22,22
2020-06-22,23,16
2020-06-23,0,9
2020-06-23,1,11
2020-06-23,2,6
2020-06-23,3,2
2020-06-23,4,4
2020-06-23,5,40
2020-06-23,6,87
2020-06-23,7,118
2020-06-23,8,105
2020-06-23,9,94
2020-06-23,10,126
2020-06-23,11,135
2020-06-23,12,149
2020-06-23,13,155
2020-06-23,14,166
2020-06-23,15,164
2020-06-23,16,170
2020-06-23,17,123
2020-06-23,18,96
2020-06-23,19,68
2020-06-23,20,34
2020-06-23,21,40
2020-06-23,22,21
2020-06-23,23,11
2020-06-24,0,9
2020-06-24,1,7
2020-06-24,2,4
2020-06-24,3,6
2020-06-24,4,16
2020-06-24,5,29
2020-06-24,6,84
2020-06-24,7,107
2020-06-24,8,116
2020-06-24,9,128
2020-06-24,10,135
2020-06-24,11,144
2020-06-24,12,166
2020-06-24,13,155
2020-06-24,14,160
2020-06-24,15,166
2020-06-24,16,182
2020-06-24,17,133
2020-06-24,18,116
2020-06-24,19,87
2020-06-24,20,67
2020-06-24,21,52
2020-06-25,9,125
2020-06-25,10,150
2020-06-25,11,158
2020-06-25,12,159
2020-06-25,13,164
2020-06-25,14,153
2020-06-25,15,184
2020-06-25,16,184
2020-06-25,17,123
2020-06-25,18,103
2020-06-25,19,91
2020-06-25,20,66
2020-06-25,21,46
2020-06-25,22,25
2020-06-25,23,19
2020-06-26,0,12
2020-06-26,1,6
2020-06-26,2,7
2020-06-26,3,5
2020-06-26,4,8
2020-06-26,5,28
2020-06-26,6,87
2020-06-26,7,109
2020-06-26,8,100
2020-06-26,9,96
2020-06-26,10,134
2020-06-26,11,129
2020-06-26,12,165
2020-06-26,13,180
2020-06-26,14,161
2020-06-26,15,171
2020-06-26,16,181
2020-06-26,17,141
2020-06-26,18,114
2020-06-26,19,81
2020-06-26,20,66
2020-06-26,21,42
2020-06-26,22,27
2020-06-26,23,17
2020-06-27,0,7
2020-06-27,1,7
2020-06-27,2,6
2020-06-27,3,8
2020-06-27,4,10
2020-06-27,5,17
2020-06-27,6,56
2020-06-27,7,65
2020-06-27,8,74
2020-06-27,9,94
2020-06-27,10,118
2020-06-27,11,144
2020-06-27,12,136
2020-06-27,13,167
2020-06-27,14,145
2020-06-27,15,149
2020-06-27,16,137
2020-06-27,17,101
2020-06-27,18,94
2020-06-27,19,66
2020-06-27,20,53
2020-06-27,21,45
2020-06-27,22,26
2020-06-27,23,29
2020-06-28,0,18
2020-06-28,1,11
2020-06-28,2,4
2020-06-28,3,5
2020-06-28,4,9
2020-06-28,5,13
2020-06-28,6,39
2020-06-28,7,30
2020-06-28,8,48
2020-06-28,9,76
2020-06-28,10,88
2020-06-28,11,98
2020-06-28,12,121
2020-06-28,13,134
2020-06-28,14,134
2020-06-28,15,98
2020-06-28,16,108
2020-06-28,17,85
2020-06-28,18,68
2020-06-28,19,49
2020-06-28,20,38
2020-06-28,21,32
2020-06-28,22,23
2020-06-28,23,17
2020-06-29,0,6
2020-06-29,1,8
2020-06-29,2,4
2020-06-29,3,4
2020-06-29,4,4
2020-06-29,5,32
2020-06-29,6,82
2020-06-29,7,114
2020-06-29,8,111
2020-06-29,9,116
2020-06-29,10,134
2020-06-29,11,141
2020-06-29,12,166
2020-06-29,13,165
2020-06-29,14,167
2020-06-29,15,186
2020-06-29,16,176
2020-06-29,17,127
2020-06-29,18,102
2020-06-29,19,74
2020-06-29,20,40
2020-06-29,21,29
2020-06-29,22,20
2020-06-29,23,18
2020-06-30,0,10
2020-06-30,1,7
2020-06-30,2,6
2020-06-30,3,3
2020-06-30,4,7
2020-06-30,5,48
2020-06-30,6,98
2020-06-30,7,124
2020-06-30,8,94
2020-06-30,9,125
2020-06-30,10,144
2020-06-30,11,148
2020-06-30,12,153
2020-06-30,13,170
2020-06-30,14,170
2020-06-30,15,194
2020-06-30,16,183
2020-06-30,17,159
2020-06-30,18,111
2020-06-30,19,79
2020-06-30,20,56
2020-06-30,21,39
2020-06-30,22,28
2020-06-30,23,15
2020-07-01,0,5
2020-07-01,1,5
2020-07-01,2,4
2020-07-01,3,2
2020-07-01,4,13
2020-07-01,5,40
2020-07-01,6,79
2020-07-01,7,109
2020-07-01,8,114
2020-07-01,9,123
2020-07-01,10,135
2020-07-01,11,149
2020-07-01,12,151
2020-07-01,13,160
2020-07-01,14,180
2020-07-01,15,192
2020-07-01,16,201
2020-07-01,17,117
2020-07-01,18,106
2020-07-01,19,68
2020-07-01,20,48
2020-07-01,21,45
2020-07-01,22,30
2020-07-01,23,11
2020-07-02,0,9
2020-07-02,1,6
2020-07-02,2,6
2020-07-02,3,6
2020-07-02,4,14
2020-07-02,5,29
2020-07-02,6,97
2020-07-02,7,108
2020-07-02,8,120
2020-07-02,9,131
2020-07-02,10,143
2020-07-02,11,155
2020-07-02,12,162
2020-07-02,13,162
2020-07-02,14,178
2020-07-02,15,197
2020-07-02,16,198
2020-07-02,17,143
2020-07-02,18,106
2020-07-02,19,96
2020-07-02,20,82
2020-07-02,21,43
2020-07-02,22,24
2020-07-02,23,19
2020-07-03,0,9
2020-07-03,1,5
2020-07-03,2,7
2020-07-03,3,2
2020-07-03,4,14
2020-07-03,5,27
2020-07-03,6,88
2020-07-03,7,128
2020-07-03,8,113
2020-07-03,9,136
2020-07-03,10,165
2020-07-03,11,167
2020-07-03,12,162
2020-07-03,13,182
2020-07-03,14,197
2020-07-03,15,208
2020-07-03,16,177
2020-07-03,17,144
2020-07-03,18,127
2020-07-03,19,81
2020-07-03,20,54
2020-07-03,21,43
2020-07-03,22,31
2020-07-03,23,24
2020-07-04,0,18
2020-07-04,1,17
2020-07-04,2,4
2020-07-04,3,7
2020-07-04,4,13
2020-07-04,5,21
2020-07-04,6,46
2020-07-04,7,65
2020-07-04,8,77
2020-07-04,9,106
2020-07-04,10,129
2020-07-04,11,154
2020-07-04,12,158
2020-07-04,13,159
2020-07-04,14,149
2020-07-04,15,142
2020-07-04,16,141
2020-07-04,17,117
2020-07-04,18,102
2020-07-04,19,77
2020-07-04,20,61
2020-07-04,21,38
2020-07-04,22,38
2020-07-04,23,21
2020-07-05,0,17
2020-07-05,1,8
2020-07-05,2,10
2020-07-05,3,13
2020-07-05,4,7
2020-07-05,5,13
2020-07-05,6,44
2020-07-05,7,37
2020-07-05,8,50
2020-07-05,9,78
2020-07-05,10,96
2020-07-05,11,122
2020-07-05,12,132
2020-07-05,13,146
2020-07-05,14,131
2020-07-05,15,116
2020-07-05,16,110
2020-07-05,17,100
2020-07-05,18,72
2020-07-05,19,66
2020-07-05,20,51
2020-07-05,21,32
2020-07-05,22,25
2020-07-05,23,12
2020-07-06,0,9
2020-07-06,1,5
2020-07-06,2,5
2020-07-06,3,5
2020-07-06,4,8
2020-07-06,5,28
2020-07-06,6,96
2020-07-06,7,121
2020-07-06,8,107
2020-07-06,9,131
2020-07-06,10,145
2020-07-06,11,153
2020-07-06,12,164
2020-07-06,13,194
2020-07-06,14,167
2020-07-06,15,203
2020-07-06,16,180
2020-07-06,17,147
2020-07-06,18,105
2020-07-06,19,69
2020-07-06,20,54
2020-07-06,21,45
2020-07-06,22,31
2020-07-06,23,13
2020-07-07,0,10
2020-07-07,1,10
2020-07-07,2,7
2020-07-07,3,10
2020-07-07,4,9
2020-07-07,5,32
2020-07-07,6,87
2020-07-07,7,132
2020-07-07,8,119
2020-07-07,9,121
2020-07-07,10,148
2020-07-07,11,159
2020-07-07,12,185
2020-07-07,13,172
2020-07-07,14,179
2020-07-07,15,205
2020-07-07,16,175
2020-07-07,17,159
2020-07-07,18,115
2020-07-07,19,69
2020-07-07,20,62
2020-07-07,21,40
2020-07-07,22,25
2020-07-07,23,12
2020-07-08,0,12
2020-07-08,1,5
2020-07-08,2,5
2020-07-08,3,6
2020-07-08,4,13
2020-07-08,5,29
2020-07-08,6,91
2020-07-08,7,115
2020-07-08,8,125
2020-07-08,9,126
2020-07-08,10,166
2020-07-08,11,164
2020-07-08,12,156
2020-07-08,13,169
2020-07-08,14,185
2020-07-08,15,214
2020-07-08,16,209
2020-07-08,17,167
2020-07-08,18,108
2020-07-08,19,92
2020-07-08,20,74
2020-07-08,21,52
2020-07-08,22,18
2020-07-08,23,18
2020-07-09,0,7
2020-07-09,1,11
2020-07-09,2,6
2020-07-09,3,7
2020-07-09,4,9
2020-07-09,5,22
2020-07-09,6,91
2020-07-09,7,106
2020-07-09,8,117
2020-07-09,9,132
2020-07-09,10,145
2020-07-09,11,171
2020-07-09,12,161
2020-07-09,13,164
2020-07-09,14,171
2020-07-09,15,198
2020-07-09,16,206
2020-07-09,17,159
2020-07-09,18,116
2020-07-09,19,75
2020-07-09,20,58
2020-07-09,21,44
2020-07-09,22,27
2020-07-09,23,23
2020-07-10,0,5
2020-07-10,1,5
2020-07-10,2,6
2020-07-10,3,4
2020-07-10,4,16
2020-07-10,5,33
2020-07-10,6,89
2020-07-10,7,120
2020-07-10,8,134
2020-07-10,9,146
2020-07-10,10,147
2020-07-10,11,156
2020-07-10,12,190
2020-07-10,13,191
2020-07-10,14,219
2020-07-10,15,205
2020-07-10,16,213
2020-07-10,17,158
2020-07-10,18,123
2020-07-10,19,100
2020-07-10,20,80
2020-07-10,21,51
2020-07-10,22,31
2020-07-10,23,29
2020-07-11,0,22
2020-07-11,1,10
2020-07-11,2,8
2020-07-11,3,6
2020-07-11,4,9
2020-07-11,5,22
2020-07-11,6,54
2020-07-11,7,66
2020-07-11,8,78
2020-07-11,9,118
2020-07-11,10,132
2020-07-11,11,152
2020-07-11,12,157
2020-07-11,13,169
2020-07-11,14,149
2020-07-11,15,142
2020-07-11,16,150
2020-07-11,17,124
2020-07-11,18,92
2020-07-11,19,90
2020-07-11,20,60
2020-07-11,21,50
2020-07-11,22,41
2020-07-11,23,26
2020-07-12,0,20
2020-07-12,1,13
2020-07-12,2,8
2020-07-12,3,12
2020-07-12,4,15
2020-07-12,5,17
2020-07-12,6,42
2020-07-12,7,50
2020-07-12,8,58
2020-07-12,9,68
2020-07-12,10,112
2020-07-12,11,124
2020-07-12,12,129
2020-07-12,13,159
2020-07-12,14,151
2020-07-12,15,124
2020-07-12,16,112
2020-07-12,17,113
2020-07-12,18,96
2020-07-12,19,80
2020-07-12,20,74
2020-07-12,21,44
2020-07-12,22,14
2020-07-12,23,16
2020-07-13,0,7
2020-07-13,1,7
2020-07-13,2,9
2020-07-13,3,6
2020-07-13,4,11
2020-07-13,5,28
2020-07-13,6,83
2020-07-13,7,113
2020-07-13,8,99
2020-07-13,9,124
2020-07-13,10,138
2020-07-13,11,170
2020-07-13,12,168
2020-07-13,13,184
2020-07-13,14,183
2020-07-13,15,211
2020-07-13,16,197
2020-07-13,17,157
2020-07-13,18,124
2020-07-13,19,88
2020-07-13,20,57
2020-07-13,21,42
2020-07-13,22,35
2020-07-13,23,18
2020-07-14,0,17
2020-07-14,1,4
2020-07-14,2,8
2020-07-14,3,7
2020-07-14,4,10
2020-07-14,5,40
2020-07-14,6,99
2020-07-14,7,117
2020-07-14,8,136
2020-07-14,9,152
2020-07-14,10,169
2020-07-14,11,142
2020-07-14,12,181
2020-07-14,13,196
2020-07-14,14,181
2020-07-14,15,206
2020-07-14,16,205
2020-07-14,17,142
2020-07-14,18,124
2020-07-14,19,102
2020-07-14,20,65
2020-07-14,21,37
2020-07-14,22,26
2020-07-14,23,20
2020-07-15,0,7
2020-07-15,1,7
2020-07-15,2,4
2020-07-15,3,7
2020-07-15,4,8
2020-07-15,5,47
2020-07-15,6,100
2020-07-15,7,121
2020-07-15,8,131
2020-07-15,9,132
2020-07-15,10,153
2020-07-15,11,180
2020-07-15,12,187
2020-07-15,13,128
2020-07-15,14,209
2020-07-15,15,203
2020-07-15,16,220
2020-07-15,17,159
2020-07-15,18,129
2020-07-15,19,93
2020-07-15,20,58
2020-07-15,21,53
2020-07-15,22,31
2020-07-15,23,22
2020-07-16,0,8
2020-07-16,1,9
2020-07-16,2,8
2020-07-16,3,3
2020-07-16,4,16
2020-07-16,5,36
2020-07-16,6,93
2020-07-16,7,110
2020-07-16,8,110
2020-07-16,9,114
2020-07-16,10,132
2020-07-16,11,141
2020-07-16,12,156
2020-07-16,13,159
2020-07-16,14,160
2020-07-16,15,180
2020-07-16,16,189
2020-07-16,17,137
2020-07-16,18,110
2020-07-16,19,84
2020-07-16,20,72
2020-07-16,21,53
2020-07-16,22,40
2020-07-16,23,26
2020-07-17,0,16
2020-07-17,1,16
2020-07-17,2,4
2020-07-17,3,4
2020-07-17,4,16
2020-07-17,5,35
2020-07-17,6,84
2020-07-17,7,115
2020-07-17,8,106
2020-07-17,9,124
2020-07-17,10,136
2020-07-17,11,159
2020-07-17,12,164
2020-07-17,13,176
2020-07-17,14,180
2020-07-17,15,185
2020-07-17,16,176
2020-07-17,17,132
2020-07-17,18,114
2020-07-17,19,84
2020-07-17,20,72
2020-07-17,21,54
2020-07-17,22,52
2020-07-17,23,44
2020-07-18,0,31
2020-07-18,1,16
2020-07-18,2,16
2020-07-18,3,16
2020-07-18,4,12
2020-07-18,5,16
2020-07-18,6,53
2020-07-18,7,57
2020-07-18,8,76
2020-07-18,9,96
2020-07-18,10,120
2020-07-18,11,132
2020-07-18,12,132
2020-07-18,13,146
2020-07-18,14,141
2020-07-18,15,140
2020-07-18,16,120
2020-07-18,17,109
2020-07-18,18,88
2020-07-18,19,83
2020-07-18,20,62
2020-07-18,21,57
2020-07-18,22,48
2020-07-18,23,36
2020-07-19,0,36
2020-07-19,1,26
2020-07-19,2,16
2020-07-19,3,16
2020-07-19,4,16
2020-07-19,5,16
2020-07-19,6,40
2020-07-19,7,36
2020-07-19,8,52
2020-07-19,9,72
2020-07-19,10,92
2020-07-19,11,114
2020-07-19,12,123
2020-07-19,13,133
2020-07-19,14,132
2020-07-19,15,115
2020-07-19,16,100
2020-07-19,17,96
2020-07-19,18,92
2020-07-19,19,67
2020-07-19,20,57
2020-07-19,21,40
2020-07-19,22,36
2020-07-19,23,21
2020-07-20,0,16
2020-07-20,1,12
2020-07-20,2,8
2020-07-20,3,8
2020-07-20,4,12
2020-07-20,5,40
2020-07-20,6,83
2020-07-20,7,109
2020-07-20,8,96
2020-07-20,9,123
2020-07-20,10,132
2020-07-20,11,151
2020-07-20,12,155
2020-07-20,13,160
2020-07-20,14,160
2020-07-20,15,176
2020-07-20,16,164
2020-07-20,17,133
2020-07-20,18,105
2020-07-20,19,71
2020-07-20,20,57
2020-07-20,21,48
2020-07-20,22,31
2020-07-20,23,16
2020-07-21,0,16
2020-07-21,1,12
2020-07-21,2,0
2020-07-21,3,8
2020-07-21,4,16
2020-07-21,5,32
2020-07-21,6,84
2020-07-21,7,114
2020-07-21,8,109
2020-07-21,9,115
2020-07-21,10,141
2020-07-21,11,136
2020-07-21,12,150
2020-07-21,13,132
2020-07-21,14,164
2020-07-21,15,188
2020-07-21,16,185
2020-07-21,17,136
2020-07-21,18,109
2020-07-21,19,88
2020-07-21,20,62
2020-07-21,21,49
2020-07-21,22,36
2020-07-21,23,16
2020-07-22,0,16
2020-07-22,1,8
2020-07-22,2,0
2020-07-22,3,16
2020-07-22,4,16
2020-07-22,5,40
2020-07-22,6,84
2020-07-22,7,109
2020-07-22,8,114
2020-07-22,9,114
2020-07-22,10,140
2020-07-22,11,142
2020-07-22,12,156
2020-07-22,13,164
2020-07-22,14,164
2020-07-22,15,185
2020-07-22,16,185
2020-07-22,17,141
2020-07-22,18,110
2020-07-22,19,80
2020-07-22,20,58
2020-07-22,21,53
2020-07-22,22,36
2020-07-22,23,26
2020-07-23,0,16
2020-07-23,1,12
2020-07-23,2,8
2020-07-23,3,12
2020-07-23,4,16
2020-07-23,5,36
2020-07-23,6,93
2020-07-23,7,110
2020-07-23,8,110
2020-07-23,9,114
2020-07-23,10,132
2020-07-23,11,141
2020-07-23,12,156
2020-07-23,13,159
2020-07-23,14,160
2020-07-23,15,180
2020-07-23,16,189
2020-07-23,17,137
2020-07-23,18,110
2020-07-23,19,84
2020-07-23,20,71
2020-07-23,21,54
2020-07-23,22,40
2020-07-23,23,26
2020-07-24,0,16
2020-07-24,1,16
2020-07-24,2,4
2020-07-24,3,4
2020-07-24,4,16
2020-07-24,5,36
2020-07-24,6,84
2020-07-24,7,115
2020-07-24,8,106
2020-07-24,9,124
2020-07-24,10,136
2020-07-24,11,160
2020-07-24,12,164
2020-07-24,13,176
2020-07-24,14,180
2020-07-24,15,184
2020-07-24,16,176
2020-07-24,17,132
2020-07-24,18,114
2020-07-24,19,84
2020-07-24,20,72
2020-07-24,21,54
2020-07-24,22,52
2020-07-24,23,44
2020-07-25,0,31
2020-07-25,1,16
2020-07-25,2,16
2020-07-25,3,16
2020-07-25,4,12
2020-07-25,5,16
2020-07-25,6,53
2020-07-25,7,57
2020-07-25,8,76
2020-07-25,9,96
2020-07-25,10,120
2020-07-25,11,132
2020-07-25,12,132
2020-07-25,13,145
2020-07-25,14,141
2020-07-25,15,140
2020-07-25,16,120
2020-07-25,17,109
2020-07-25,18,88
2020-07-25,19,84
2020-07-25,20,62
2020-07-25,21,57
2020-07-25,22,48
2020-07-25,23,36
2020-07-26,0,36
2020-07-26,1,26
2020-07-26,2,16
2020-07-26,3,16
2020-07-26,4,16
2020-07-26,5,16
2020-07-26,6,40
2020-07-26,7,36
2020-07-26,8,52
2020-07-26,9,72
2020-07-26,10,92
2020-07-26,11,114
2020-07-26,12,124
2020-07-26,13,133
2020-07-26,14,132
2020-07-26,15,115
2020-07-26,16,100
2020-07-26,17,96
2020-07-26,18,92
2020-07-26,19,67
2020-07-26,20,57
2020-07-26,21,40
2020-07-26,22,36
2020-07-26,23,21
2020-07-27,0,16
2020-07-27,1,12
2020-07-27,2,8
2020-07-27,3,8
2020-07-27,4,12
2020-07-27,5,40
2020-07-27,6,83
2020-07-27,7,109
2020-07-27,8,96
2020-07-27,9,123
2020-07-27,10,132
2020-07-27,11,151
2020-07-27,12,155
2020-07-27,13,160
2020-07-27,14,160
2020-07-27,15,175
2020-07-27,16,164
2020-07-27,17,133
2020-07-27,18,105
2020-07-27,19,71
2020-07-27,20,56
2020-07-27,21,49
2020-07-27,22,31
2020-07-27,23,16
2020-07-28,0,16
2020-07-28,1,12
2020-07-28,2,0
2020-07-28,3,8
2020-07-28,4,16
2020-07-28,5,32
2020-07-28,6,84
2020-07-28,7,114
2020-07-28,8,109
2020-07-28,9,115
2020-07-28,10,141
2020-07-28,11,136
2020-07-28,12,155
2020-07-28,13,176
2020-07-28,14,164
2020-07-28,15,188
2020-07-28,16,185
2020-07-28,17,136
2020-07-28,18,109
2020-07-28,19,88
2020-07-28,20,63
2020-07-28,21,49
2020-07-28,22,36
2020-07-28,23,16
2020-07-29,0,16
2020-07-29,1,8
2020-07-29,2,0
2020-07-29,3,16
2020-07-29,4,16
2020-07-29,5,40
2020-07-29,6,84
2020-07-29,7,109
2020-07-29,8,114
2020-07-29,9,114
2020-07-29,10,140
2020-07-29,11,142
2020-07-29,12,155
2020-07-29,13,164
2020-07-29,14,164
2020-07-29,15,185
2020-07-29,16,185
2020-07-29,17,141
2020-07-29,18,110
2020-07-29,19,80
2020-07-29,20,59
2020-07-29,21,53
2020-07-29,22,36
2020-07-29,23,26
2020-07-30,0,16
2020-07-30,1,12
2020-07-30,2,8
2020-07-30,3,12
2020-07-30,4,16
2020-07-30,5,36
2020-07-30,6,93
2020-07-30,7,110
2020-07-30,8,110
2020-07-30,9,114
2020-07-30,10,132
2020-07-30,11,141
2020-07-30,12,156
2020-07-30,13,159
2020-07-30,14,160
2020-07-30,15,180
2020-07-30,16,189
2020-07-30,17,137
2020-07-30,18,110
2020-07-30,19,84
2020-07-30,20,72
2020-07-30,21,54
2020-07-30,22,40
2020-07-30,23,26
2020-07-31,0,16
2020-07-31,1,16
2020-07-31,2,4
2020-07-31,3,4
2020-07-31,4,16
2020-07-31,5,36
2020-07-31,6,84
2020-07-31,7,115
2020-07-31,8,106
2020-07-31,9,124
2020-07-31,10,136
2020-07-31,11,160
2020-07-31,12,164
2020-07-31,13,176
2020-07-31,14,180
2020-07-31,15,185
2020-07-31,16,176
2020-07-31,17,132
2020-07-31,18,114
2020-07-31,19,84
2020-07-31,20,72
2020-07-31,21,52
2020-07-31,22,53
2020-07-31,23,44
2020-08-01,0,31
2020-08-01,1,16
2020-08-01,2,16
2020-08-01,3,16
2020-08-01,4,12
2020-08-01,5,16
2020-08-01,6,53
2020-08-01,7,57
2020-08-01,8,76
2020-08-01,9,96
2020-08-01,10,120
2020-08-01,11,132
2020-08-01,12,132
2020-08-01,13,146
2020-08-01,14,141
2020-08-01,15,140
2020-08-01,16,120
2020-08-01,17,109
2020-08-01,18,88
2020-08-01,19,84
2020-08-01,20,62
2020-08-01,21,57
2020-08-01,22,48
2020-08-01,23,36
2020-08-02,0,36
2020-08-02,1,26
2020-08-02,2,16
2020-08-02,3,16
2020-08-02,4,16
2020-08-02,5,16
2020-08-02,6,40
2020-08-02,7,36
2020-08-02,8,52
2020-08-02,9,72
2020-08-02,10,92
2020-08-02,11,114
2020-08-02,12,124
2020-08-02,13,133
2020-08-02,14,132
2020-08-02,15,115
2020-08-02,16,100
2020-08-02,17,96
2020-08-02,18,92
2020-08-02,19,67
2020-08-02,20,57
2020-08-02,21,40
2020-08-02,22,36
2020-08-02,23,21
2020-08-03,0,16
2020-08-03,1,12
2020-08-03,2,8
2020-08-03,3,8
2020-08-03,4,12
2020-08-03,5,40
2020-08-03,6,83
2020-08-03,7,109
2020-08-03,8,96
2020-08-03,9,123
2020-08-03,10,132
2020-08-03,11,151
2020-08-03,12,155
2020-08-03,13,160
2020-08-03,14,160
2020-08-03,15,176
2020-08-03,16,164
2020-08-03,17,133
2020-08-03,18,105
2020-08-03,19,71
2020-08-03,20,57
2020-08-03,21,48
2020-08-03,22,31
2020-08-03,23,16
2020-08-04,0,16
2020-08-04,1,12
2020-08-04,2,0
2020-08-04,3,8
2020-08-04,4,16
2020-08-04,5,32
2020-08-04,6,84
2020-08-04,7,114
2020-08-04,8,109
2020-08-04,9,115
2020-08-04,10,141
2020-08-04,11,136
2020-08-04,12,155
2020-08-04,13,176
2020-08-04,14,164
2020-08-04,15,188
2020-08-04,16,185
2020-08-04,17,136
2020-08-04,18,109
2020-08-04,19,88
2020-08-04,20,62
2020-08-04,21,49
2020-08-04,22,36
2020-08-04,23,16
2020-08-05,0,16
2020-08-05,1,8
2020-08-05,2,0
2020-08-05,3,16
2020-08-05,4,16
2020-08-05,5,40
2020-08-05,6,84
2020-08-05,7,109
2020-08-05,8,114
2020-08-05,9,114
2020-08-05,10,140
2020-08-05,11,141
2020-08-05,12,76
2020-08-05,13,80
2020-08-05,14,164
2020-08-05,15,185
2020-08-05,16,184
2020-08-05,17,141
2020-08-05,18,110
2020-08-05,19,80
2020-08-05,20,58
2020-08-05,21,53
2020-08-05,22,36
2020-08-05,23,26
2020-08-06,0,16
2020-08-06,1,12
2020-08-06,2,8
2020-08-06,3,12
2020-08-06,4,16
2020-08-06,5,36
2020-08-06,6,93
2020-08-06,7,110
2020-08-06,8,110
2020-08-06,9,114
2020-08-06,10,132
2020-08-06,11,141
2020-08-06,12,155
2020-08-06,13,159
2020-08-06,14,159
2020-08-06,15,180
2020-08-06,16,189
2020-08-06,17,137
2020-08-06,18,110
2020-08-06,19,84
2020-08-06,20,71
2020-08-06,21,53
2020-08-06,22,40
2020-08-06,23,26
2020-08-07,0,16
2020-08-07,1,16
2020-08-07,2,4
2020-08-07,3,4
2020-08-07,4,16
2020-08-07,5,36
2020-08-07,6,84
2020-08-07,7,115
2020-08-07,8,106
2020-08-07,9,124
2020-08-07,10,136
2020-08-07,11,160
2020-08-07,12,164
2020-08-07,13,176
2020-08-07,14,180
2020-08-07,15,185
2020-08-07,16,176
2020-08-07,17,132
2020-08-07,18,114
2020-08-07,19,84
2020-08-07,20,72
2020-08-07,21,52
2020-08-07,22,53
2020-08-07,23,44
2020-08-08,0,31
2020-08-08,1,16
2020-08-08,2,16
2020-08-08,3,16
2020-08-08,4,12
2020-08-08,5,16
2020-08-08,6,53
2020-08-08,7,57
2020-08-08,8,76
2020-08-08,9,96
2020-08-08,10,120
2020-08-08,11,132
2020-08-08,12,132
2020-08-08,13,146
2020-08-08,14,141
2020-08-08,15,140
2020-08-08,16,120
2020-08-08,17,109
2020-08-08,18,88
2020-08-08,19,84
2020-08-08,20,62
2020-08-08,21,57
2020-08-08,22,48
2020-08-08,23,36
2020-08-09,0,36
2020-08-09,1,26
2020-08-09,2,16
2020-08-09,3,16
2020-08-09,4,16
2020-08-09,5,16
2020-08-09,6,40
2020-08-09,7,36
2020-08-09,8,52
2020-08-09,9,72
2020-08-09,10,92
2020-08-09,11,114
2020-08-09,12,124
2020-08-09,13,133
2020-08-09,14,132
2020-08-09,15,115
2020-08-09,16,100
2020-08-09,17,96
2020-08-09,18,92
2020-08-09,19,67
2020-08-09,20,57
2020-08-09,21,40
2020-08-09,22,36
2020-08-09,23,21
2020-08-10,0,16
2020-08-10,1,12
2020-08-10,2,8
2020-08-10,3,8
2020-08-10,4,12
2020-08-10,5,40
2020-08-10,6,83
2020-08-10,7,108
2020-08-10,8,96
2020-08-10,9,123
2020-08-10,10,132
2020-08-10,11,151
2020-08-10,12,155
2020-08-10,13,160
2020-08-10,14,160
2020-08-10,15,176
2020-08-10,16,164
2020-08-10,17,133
2020-08-10,18,105
2020-08-10,19,71
2020-08-10,20,57
2020-08-10,21,48
2020-08-10,22,31
2020-08-10,23,16
2020-08-11,0,16
2020-08-11,1,12
2020-08-11,2,0
2020-08-11,3,8
2020-08-11,4,16
2020-08-11,5,32
2020-08-11,6,84
2020-08-11,7,114
2020-08-11,8,109
2020-08-11,9,115
2020-08-11,10,141
2020-08-11,11,152
2020-08-11,12,165
2020-08-11,13,172
2020-08-11,14,181
2020-08-11,15,215
2020-08-11,16,224
2020-08-11,17,149
2020-08-11,18,142
2020-08-11,19,108
2020-08-11,20,65
2020-08-11,21,52
2020-08-11,22,42
2020-08-11,23,24
2020-08-12,0,16
2020-08-12,1,9
2020-08-12,2,7
2020-08-12,3,6
2020-08-12,4,8
2020-08-12,5,33
2020-08-12,6,93
2020-08-12,7,152
2020-08-12,8,139
2020-08-12,9,164
2020-08-12,10,146
2020-08-12,11,189
2020-08-12,12,173
2020-08-12,13,180
2020-08-12,14,219
2020-08-12,15,205
2020-08-12,16,211
2020-08-12,17,158
2020-08-12,18,123
2020-08-12,19,100
2020-08-12,20,86
2020-08-12,21,59
2020-08-12,22,39
2020-08-12,23,22
2020-08-13,0,12
2020-08-13,1,11
2020-08-13,2,6
2020-08-13,3,6
2020-08-13,4,10
2020-08-13,5,39
2020-08-13,6,112
2020-08-13,7,165
2020-08-13,8,151
2020-08-13,9,132
2020-08-13,10,155
2020-08-13,11,173
2020-08-13,12,169
2020-08-13,13,180
2020-08-13,14,199
2020-08-13,15,214
2020-08-13,16,189
2020-08-13,17,189
2020-08-13,18,140
2020-08-13,19,92
2020-08-13,20,72
2020-08-13,21,50
2020-08-13,22,42
2020-08-13,23,14
2020-08-14,0,16
2020-08-14,1,5
2020-08-14,2,7
2020-08-14,3,8
2020-08-14,4,11
2020-08-14,5,41
2020-08-14,6,105
2020-08-14,7,142
2020-08-14,8,163
2020-08-14,9,143
2020-08-14,10,171
2020-08-14,11,186
2020-08-14,12,196
2020-08-14,13,207
2020-08-14,14,223
2020-08-14,15,225
2020-08-14,16,208
2020-08-14,17,170
2020-08-14,18,140
2020-08-14,19,101
2020-08-14,20,73
2020-08-14,21,63
2020-08-14,22,39
2020-08-14,23,33
2020-08-15,0,18
2020-08-15,1,14
2020-08-15,2,16
2020-08-15,3,16
2020-08-15,4,12
2020-08-15,5,16
2020-08-15,6,52
2020-08-15,7,57
2020-08-15,8,75
2020-08-15,9,96
2020-08-15,10,120
2020-08-15,11,135
2020-08-15,12,171
2020-08-15,13,176
2020-08-15,14,174
2020-08-15,15,149
2020-08-15,16,138
2020-08-15,17,140
2020-08-15,18,112
2020-08-15,19,94
2020-08-15,20,61
2020-08-15,21,71
2020-08-15,22,64
2020-08-15,23,44
2020-08-16,0,26
2020-08-16,1,17
2020-08-16,2,7
2020-08-16,3,10
2020-08-16,4,6
2020-08-16,5,13
2020-08-16,6,47
2020-08-16,7,32
2020-08-16,8,52
2020-08-16,9,94
2020-08-16,10,115
2020-08-16,11,149
2020-08-16,12,143
2020-08-16,13,158
2020-08-16,14,136
2020-08-16,15,139
2020-08-16,16,121
2020-08-16,17,101
2020-08-16,18,99
2020-08-16,19,85
2020-08-16,20,58
2020-08-16,21,43
2020-08-16,22,28
2020-08-16,23,21
2020-08-17,0,13
2020-08-17,1,6
2020-08-17,2,9
2020-08-17,3,7
2020-08-17,4,14
2020-08-17,5,35
2020-08-17,6,112
2020-08-17,7,153
2020-08-17,8,161
2020-08-17,9,154
2020-08-17,10,158
2020-08-17,11,159
2020-08-17,12,159
2020-08-17,13,176
2020-08-17,14,196
2020-08-17,15,247
2020-08-17,16,194
2020-08-17,17,168
2020-08-17,18,130
2020-08-17,19,79
2020-08-17,20,59
2020-08-17,21,49
2020-08-17,22,26
2020-08-17,23,14
2020-08-18,0,11
2020-08-18,1,4
2020-08-18,2,5
2020-08-18,3,2
2020-08-18,4,14
2020-08-18,5,39
2020-08-18,6,114
2020-08-18,7,146
2020-08-18,8,171
2020-08-18,9,160
2020-08-18,10,168
2020-08-18,11,175
2020-08-18,12,168
2020-08-18,13,179
2020-08-18,14,195
2020-08-18,15,252
2020-08-18,16,237
2020-08-18,17,151
2020-08-18,18,127
2020-08-18,19,99
2020-08-18,20,64
2020-08-18,21,53
2020-08-18,22,33
2020-08-18,23,19
2020-08-19,0,9
2020-08-19,1,6
2020-08-19,2,11
2020-08-19,3,8
2020-08-19,4,8
2020-08-19,5,34
2020-08-19,6,125
2020-08-19,7,182
2020-08-19,8,155
2020-08-19,9,160
2020-08-19,10,139
2020-08-19,11,117
2020-08-19,12,169
2020-08-19,13,174
2020-08-19,14,191
2020-08-19,15,214
2020-08-19,16,210
2020-08-19,17,154
2020-08-19,18,146
2020-08-19,19,111
2020-08-19,20,84
2020-08-19,21,66
2020-08-19,22,34
2020-08-19,23,25
2020-08-20,0,13
2020-08-20,1,5
2020-08-20,2,4
2020-08-20,3,8
2020-08-20,4,12
2020-08-20,5,33
2020-08-20,6,128
2020-08-20,7,156
2020-08-20,8,165
2020-08-20,9,151
2020-08-20,10,148
2020-08-20,11,148
2020-08-20,12,174
2020-08-20,13,170
2020-08-20,14,218
2020-08-20,15,235
2020-08-20,16,216
2020-08-20,17,194
2020-08-20,18,134
2020-08-20,19,97
2020-08-20,20,78
2020-08-20,21,47
2020-08-20,22,36
2020-08-20,23,19
2020-08-21,0,12
2020-08-21,1,7
2020-08-21,2,9
2020-08-21,3,4
2020-08-21,4,16
2020-08-21,5,30
2020-08-21,6,111
2020-08-21,7,147
2020-08-21,8,167
2020-08-21,9,151
2020-08-21,10,170
2020-08-21,11,180
2020-08-21,12,198
2020-08-21,13,220
2020-08-21,14,247
2020-08-21,15,250
2020-08-21,16,186
2020-08-21,17,168
2020-08-21,18,126
2020-08-21,19,116
2020-08-21,20,70
2020-08-21,21,52
2020-08-21,22,39
2020-08-21,23,39
2020-08-22,0,27
2020-08-22,1,16
2020-08-22,2,7
2020-08-22,3,9
2020-08-22,4,9
2020-08-22,5,25
2020-08-22,6,54
2020-08-22,7,69
2020-08-22,8,100
2020-08-22,9,150
2020-08-22,10,138
2020-08-22,11,163
2020-08-22,12,171
2020-08-22,13,168
2020-08-22,14,183
2020-08-22,15,160
2020-08-22,16,159
2020-08-22,17,118
2020-08-22,18,94
2020-08-22,19,96
2020-08-22,20,71
2020-08-22,21,54
2020-08-22,22,49
2020-08-22,23,42
2020-08-23,0,31
2020-08-23,1,12
2020-08-23,2,8
2020-08-23,3,4
2020-08-23,4,9
2020-08-23,5,19
2020-08-23,6,41
2020-08-23,7,46
2020-08-23,8,72
2020-08-23,9,97
2020-08-23,10,132
2020-08-23,11,127
2020-08-23,12,137
2020-08-23,13,168
2020-08-23,14,155
2020-08-23,15,145
2020-08-23,16,122
2020-08-23,17,101
2020-08-23,18,95
2020-08-23,19,89
2020-08-23,20,64
2020-08-23,21,54
2020-08-23,22,26
2020-08-23,23,16
2020-08-24,0,13
2020-08-24,1,10
2020-08-24,2,1
2020-08-24,3,4
2020-08-24,4,6
2020-08-24,5,34
2020-08-24,6,104
2020-08-24,7,146
2020-08-24,8,132
2020-08-24,9,143
2020-08-24,10,162
2020-08-24,11,170
2020-08-24,12,194
2020-08-24,13,163
2020-08-24,14,221
2020-08-24,15,223
2020-08-24,16,220
2020-08-24,17,164
2020-08-24,18,132
2020-08-24,19,89
2020-08-24,20,77
2020-08-24,21,44
2020-08-24,22,22
2020-08-24,23,18
2020-08-25,0,11
2020-08-25,1,7
2020-08-25,2,1
2020-08-25,3,11
2020-08-25,4,16
2020-08-25,5,27
2020-08-25,6,97
2020-08-25,7,170
2020-08-25,8,142
2020-08-25,9,129
2020-08-25,10,145
2020-08-25,11,175
2020-08-25,12,179
2020-08-25,13,178
2020-08-25,14,212
2020-08-25,15,251
2020-08-25,16,201
2020-08-25,17,163
2020-08-25,18,119
2020-08-25,19,89
2020-08-25,20,73
2020-08-25,21,52
2020-08-25,22,29
2020-08-25,23,21
2020-08-26,0,10
2020-08-26,1,7
2020-08-26,2,6
2020-08-26,3,6
2020-08-26,4,7
2020-08-26,5,39
2020-08-26,6,111
2020-08-26,7,166
2020-08-26,8,165
2020-08-26,9,141
2020-08-26,10,156
2020-08-26,11,191
2020-08-26,12,188
2020-08-26,13,179
2020-08-26,14,183
2020-08-26,15,236
2020-08-26,16,214
2020-08-26,17,177
2020-08-26,18,146
2020-08-26,19,119
2020-08-26,20,73
2020-08-26,21,61
2020-08-26,22,29
2020-08-26,23,25
2020-08-27,0,13
2020-08-27,1,5
2020-08-27,2,8
2020-08-27,3,10
2020-08-27,4,9
2020-08-27,5,40
2020-08-27,6,111
2020-08-27,7,163
2020-08-27,8,171
2020-08-27,9,143
2020-08-27,10,157
2020-08-27,11,147
2020-08-27,12,176
2020-08-27,13,182
2020-08-27,14,343
2020-08-27,15,294
2020-08-27,16,342
2020-08-27,17,213
2020-08-27,18,167
2020-08-27,19,125
2020-08-27,20,79
2020-08-27,21,54
2020-08-27,22,31
2020-08-27,23,26
2020-08-28,0,7
2020-08-28,1,3
2020-08-28,2,5
2020-08-28,3,9
2020-08-28,4,18
2020-08-28,5,39
2020-08-28,6,99
2020-08-28,7,160
2020-08-28,8,168
2020-08-28,9,153
2020-08-28,10,176
2020-08-28,11,204
2020-08-28,12,181
2020-08-28,13,221
2020-08-28,14,262
2020-08-28,15,235
2020-08-28,16,205
2020-08-28,17,159
2020-08-28,18,141
2020-08-28,19,105
2020-08-28,20,82
2020-08-28,21,62
2020-08-28,22,46
2020-08-28,23,37
2020-08-29,0,26
2020-08-29,1,11
2020-08-29,2,11
2020-08-29,3,10
2020-08-29,4,14
2020-08-29,5,27
2020-08-29,6,49
2020-08-29,7,102
2020-08-29,8,113
2020-08-29,9,155
2020-08-29,10,147
2020-08-29,11,168
2020-08-29,12,181
2020-08-29,13,204
2020-08-29,14,162
2020-08-29,15,185
2020-08-29,16,132
2020-08-29,17,128
2020-08-29,18,111
2020-08-29,19,91
2020-08-29,20,90
2020-08-29,21,64
2020-08-29,22,54
2020-08-29,23,32
2020-08-30,0,28
2020-08-30,1,21
2020-08-30,2,14
2020-08-30,3,13
2020-08-30,4,8
2020-08-30,5,16
2020-08-30,6,42
2020-08-30,7,47
2020-08-30,8,73
2020-08-30,9,99
2020-08-30,10,122
2020-08-30,11,155
2020-08-30,12,171
2020-08-30,13,169
2020-08-30,14,155
2020-08-30,15,142
2020-08-30,16,103
2020-08-30,17,102
2020-08-30,18,105
2020-08-30,19,90
2020-08-30,20,63
2020-08-30,21,39
2020-08-30,22,20
2020-08-30,23,18
2020-08-31,0,15
2020-08-31,1,5
2020-08-31,2,6
2020-08-31,3,7
2020-08-31,4,18
2020-08-31,5,29
2020-08-31,6,87
2020-08-31,7,150
2020-08-31,8,159
2020-08-31,9,150
2020-08-31,10,183
2020-08-31,11,166
2020-08-31,12,182
2020-08-31,13,205
2020-08-31,14,228
2020-08-31,15,237
2020-08-31,16,227
2020-08-31,17,174
2020-08-31,18,134
2020-08-31,19,92
2020-08-31,20,69
2020-08-31,21,47
2020-08-31,22,29
2020-08-31,23,16
2020-09-01,0,13
2020-09-01,1,8
2020-09-01,2,14
2020-09-01,3,6
2020-09-01,4,15
2020-09-01,5,34
2020-09-01,6,112
2020-09-01,7,175
2020-09-01,8,153
2020-09-01,9,185
2020-09-01,10,163
2020-09-01,11,193
2020-09-01,12,162
2020-09-01,13,171
2020-09-01,14,193
2020-09-01,15,236
2020-09-01,16,224
2020-09-01,17,155
2020-09-01,18,142
2020-09-01,19,85
2020-09-01,20,59
2020-09-01,21,51
2020-09-01,22,28
2020-09-01,23,16
2020-09-02,0,9
2020-09-02,1,4
2020-09-02,2,4
2020-09-02,3,7
2020-09-02,4,14
2020-09-02,5,37
2020-09-02,6,111
2020-09-02,7,133
2020-09-02,8,160
2020-09-02,9,159
2020-09-02,10,144
2020-09-02,11,181
2020-09-02,12,191
2020-09-02,13,188
2020-09-02,14,198
2020-09-02,15,233
2020-09-02,16,264
2020-09-02,17,148
2020-09-02,18,103
2020-09-02,19,95
2020-09-02,20,62
2020-09-02,21,41
2020-09-02,22,29
2020-09-02,23,19
2020-09-03,0,9
2020-09-03,1,3
2020-09-03,2,5
2020-09-03,3,5
2020-09-03,4,18
2020-09-03,5,29
2020-09-03,6,112
2020-09-03,7,191
2020-09-03,8,158
2020-09-03,9,148
2020-09-03,10,144
2020-09-03,11,174
2020-09-03,12,156
2020-09-03,13,201
2020-09-03,14,210
2020-09-03,15,232
2020-09-03,16,206
2020-09-03,17,190
2020-09-03,18,144
2020-09-03,19,109
2020-09-03,20,71
2020-09-03,21,45
2020-09-03,22,35
2020-09-03,23,18
2020-09-04,0,11
2020-09-04,1,13
2020-09-04,2,6
2020-09-04,3,7
2020-09-04,4,15
2020-09-04,5,33
2020-09-04,6,105
2020-09-04,7,158
2020-09-04,8,164
2020-09-04,9,147
2020-09-04,10,176
2020-09-04,11,174
2020-09-04,12,191
2020-09-04,13,212
2020-09-04,14,217
2020-09-04,15,257
2020-09-04,16,231
2020-09-04,17,177
2020-09-04,18,121
2020-09-04,19,86
2020-09-04,20,67
2020-09-04,21,56
2020-09-04,22,37
2020-09-04,23,41
2020-09-05,0,26
2020-09-05,1,14
2020-09-05,2,9
2020-09-05,3,8
2020-09-05,4,14
2020-09-05,5,24
2020-09-05,6,45
2020-09-05,7,84
2020-09-05,8,106
2020-09-05,9,153
2020-09-05,10,131
2020-09-05,11,152
2020-09-05,12,165
2020-09-05,13,199
2020-09-05,14,147
2020-09-05,15,176
2020-09-05,16,109
2020-09-05,17,135
2020-09-05,18,110
2020-09-05,19,68
2020-09-05,20,58
2020-09-05,21,59
2020-09-05,22,42
2020-09-05,23,40
2020-09-06,0,29
2020-09-06,1,20
2020-09-06,2,7
2020-09-06,3,7
2020-09-06,4,7
2020-09-06,5,11
2020-09-06,6,37
2020-09-06,7,40
2020-09-06,8,65
2020-09-06,9,106
2020-09-06,10,130
2020-09-06,11,164
2020-09-06,12,178
2020-09-06,13,183
2020-09-06,14,143
2020-09-06,15,143
2020-09-06,16,117
2020-09-06,17,116
2020-09-06,18,89
2020-09-06,19,71
2020-09-06,20,57
2020-09-06,21,45
2020-09-06,22,19
2020-09-06,23,16
2020-09-07,0,11
2020-09-07,1,5
2020-09-07,2,5
2020-09-07,3,7
2020-09-07,4,10
2020-09-07,5,33
2020-09-07,6,92
2020-09-07,7,165
2020-09-07,8,177
2020-09-07,9,143
2020-09-07,10,151
2020-09-07,11,154
2020-09-07,12,164
2020-09-07,13,175
2020-09-07,14,178
2020-09-07,15,270
2020-09-07,16,219
2020-09-07,17,162
2020-09-07,18,132
2020-09-07,19,85
2020-09-07,20,48
2020-09-07,21,43
2020-09-07,22,33
2020-09-07,23,15
2020-09-08,0,11
2020-09-08,1,4
2020-09-08,2,5
2020-09-08,3,6
2020-09-08,4,13
2020-09-08,5,28
2020-09-08,6,105
2020-09-08,7,163
2020-09-08,8,168
2020-09-08,9,142
2020-09-08,10,159
2020-09-08,11,167
2020-09-08,12,187
2020-09-08,13,196
2020-09-08,14,181
2020-09-08,15,237
2020-09-08,16,223
2020-09-08,17,141
2020-09-08,18,118
2020-09-08,19,91
2020-09-08,20,67
2020-09-08,21,49
2020-09-08,22,26
2020-09-08,23,19
2020-09-09,0,6
2020-09-09,1,6
2020-09-09,2,6
2020-09-09,3,6
2020-09-09,4,8
2020-09-09,5,37
2020-09-09,6,110
2020-09-09,7,163
2020-09-09,8,165
2020-09-09,9,141
2020-09-09,10,152
2020-09-09,11,186
2020-09-09,12,165
2020-09-09,13,175
2020-09-09,14,208
2020-09-09,15,243
2020-09-09,16,231
2020-09-09,17,169
2020-09-09,18,158
2020-09-09,19,97
2020-09-09,20,68
2020-09-09,21,48
2020-09-09,22,29
2020-09-09,23,25
2020-09-10,0,10
2020-09-10,1,4
2020-09-10,2,3
2020-09-10,3,8
2020-09-10,4,10
2020-09-10,5,35
2020-09-10,6,90
2020-09-10,7,182
2020-09-10,8,152
2020-09-10,9,160
2020-09-10,10,163
2020-09-10,11,155
2020-09-10,12,171
2020-09-10,13,198
2020-09-10,14,205
2020-09-10,15,236
2020-09-10,16,218
2020-09-10,17,182
2020-09-10,18,125
2020-09-10,19,93
2020-09-10,20,73
2020-09-10,21,43
2020-09-10,22,29
2020-09-10,23,14
2020-09-11,0,15
2020-09-11,1,5
2020-09-11,2,3
2020-09-11,3,7
2020-09-11,4,11
2020-09-11,5,34
2020-09-11,6,95
2020-09-11,7,183
2020-09-11,8,159
2020-09-11,9,152
2020-09-11,10,171
2020-09-11,11,183
2020-09-11,12,161
2020-09-11,13,204
2020-09-11,14,223
2020-09-11,15,240
2020-09-11,16,218
2020-09-11,17,189
2020-09-11,18,134
2020-09-11,19,100
2020-09-11,20,81
2020-09-11,21,62
2020-09-11,22,46
2020-09-11,23,30
2020-09-12,0,24
2020-09-12,1,15
2020-09-12,2,6
2020-09-12,3,6
2020-09-12,4,10
2020-09-12,5,15
2020-09-12,6,58
2020-09-12,7,74
2020-09-12,8,112
2020-09-12,9,154
2020-09-12,10,159
2020-09-12,11,152
2020-09-12,12,148
2020-09-12,13,169
2020-09-12,14,168
2020-09-12,15,143
2020-09-12,16,144
2020-09-12,17,133
2020-09-12,18,126
2020-09-12,19,80
2020-09-12,20,82
2020-09-12,21,52
2020-09-12,22,48
2020-09-12,23,38
2020-09-13,0,21
2020-09-13,1,22
2020-09-13,2,7
2020-09-13,3,3
2020-09-13,4,14
2020-09-13,5,16
2020-09-13,6,50
2020-09-13,7,36
2020-09-13,8,62
2020-09-13,9,81
2020-09-13,10,106
2020-09-13,11,133
2020-09-13,12,165
2020-09-13,13,158
2020-09-13,14,143
2020-09-13,15,116
2020-09-13,16,121
2020-09-13,17,114
2020-09-13,18,99
2020-09-13,19,81
2020-09-13,20,52
2020-09-13,21,31
2020-09-13,22,24
2020-09-13,23,18
2020-09-14,0,7
2020-09-14,1,7
2020-09-14,2,7
2020-09-14,3,6
2020-09-14,4,8
2020-09-14,5,40
2020-09-14,6,110
2020-09-14,7,150
2020-09-14,8,143
2020-09-14,9,145
2020-09-14,10,162
2020-09-14,11,158
2020-09-14,12,166
2020-09-14,13,184
2020-09-14,14,211
2020-09-14,15,244
2020-09-14,16,236
2020-09-14,17,166
2020-09-14,18,127
2020-09-14,19,90
2020-09-14,20,59
2020-09-14,21,44
2020-09-14,22,21
2020-09-14,23,16
2020-09-15,0,8
2020-09-15,1,11
2020-09-15,2,7
2020-09-15,3,6
2020-09-15,4,8
2020-09-15,5,34
2020-09-15,6,102
2020-09-15,7,157
2020-09-15,8,168
2020-09-15,9,143
2020-09-15,10,176
2020-09-15,11,178
2020-09-15,12,163
2020-09-15,13,196
2020-09-15,14,194
2020-09-15,15,229
2020-09-15,16,210
2020-09-15,17,157
2020-09-15,18,132
2020-09-15,19,96
2020-09-15,20,82
2020-09-15,21,56
2020-09-15,22,23
2020-09-15,23,13
2020-09-16,0,10
2020-09-16,1,5
2020-09-16,2,6
2020-09-16,3,6
2020-09-16,4,10
2020-09-16,5,35
2020-09-16,6,110
2020-09-16,7,154
2020-09-16,8,152
2020-09-16,9,132
2020-09-16,10,161
2020-09-16,11,139
2020-09-16,12,170
2020-09-16,13,192
2020-09-16,14,189
2020-09-16,15,239
2020-09-16,16,229
2020-09-16,17,169
2020-09-16,18,148
2020-09-16,19,97
2020-09-16,20,64
2020-09-16,21,50
2020-09-16,22,31
2020-09-16,23,18
2020-09-17,0,11
2020-09-17,1,9
2020-09-17,2,5
2020-09-17,3,10
2020-09-17,4,20
2020-09-17,5,43
2020-09-17,6,120
2020-09-17,7,179
2020-09-17,8,190
2020-09-17,9,164
2020-09-17,10,159
2020-09-17,11,182
2020-09-17,12,177
2020-09-17,13,187
2020-09-17,14,207
2020-09-17,15,254
2020-09-17,16,237
2020-09-17,17,171
2020-09-17,18,133
2020-09-17,19,101
2020-09-17,20,90
2020-09-17,21,34
2020-09-17,22,34
2020-09-17,23,18
2020-09-18,0,12
2020-09-18,1,8
2020-09-18,2,5
2020-09-18,3,9
2020-09-18,4,14
2020-09-18,5,30
2020-09-18,6,121
2020-09-18,7,161
2020-09-18,8,176
2020-09-18,9,168
2020-09-18,10,161
2020-09-18,11,186
2020-09-18,12,194
2020-09-18,13,216
2020-09-18,14,244
2020-09-18,15,232
2020-09-18,16,203
2020-09-18,17,148
2020-09-18,18,146
2020-09-18,19,101
2020-09-18,20,75
2020-09-18,21,52
2020-09-18,22,47
2020-09-18,23,35
2020-09-19,0,14
2020-09-19,1,11
2020-09-19,2,11
2020-09-19,3,7
2020-09-19,4,16
2020-09-19,5,24
2020-09-19,6,69
2020-09-19,7,93
2020-09-19,8,120
2020-09-19,9,157
2020-09-19,10,172
2020-09-19,11,183
2020-09-19,12,173
2020-09-19,13,198
2020-09-19,14,160
2020-09-19,15,152
2020-09-19,16,151
2020-09-19,17,129
2020-09-19,18,114
2020-09-19,19,106
2020-09-19,20,64
2020-09-19,21,58
2020-09-19,22,47
2020-09-19,23,43
2020-09-20,0,32
2020-09-20,1,15
2020-09-20,2,9
2020-09-20,3,9
2020-09-20,4,10
2020-09-20,5,16
2020-09-20,6,33
2020-09-20,7,40
2020-09-20,8,73
2020-09-20,9,107
2020-09-20,10,149
2020-09-20,11,157
2020-09-20,12,155
2020-09-20,13,145
2020-09-20,14,145
2020-09-20,15,132
2020-09-20,16,113
2020-09-20,17,119
2020-09-20,18,86
2020-09-20,19,92
2020-09-20,20,54
2020-09-20,21,48
2020-09-20,22,22
2020-09-20,23,13
2020-09-21,0,8
2020-09-21,1,6
2020-09-21,2,5
2020-09-21,3,7
2020-09-21,4,9
2020-09-21,5,36
2020-09-21,6,112
2020-09-21,7,160
2020-09-21,8,172
2020-09-21,9,134
2020-09-21,10,172
2020-09-21,11,199
2020-09-21,12,173
2020-09-21,13,184
2020-09-21,14,201
2020-09-21,15,220
2020-09-21,16,207
2020-09-21,17,149
2020-09-21,18,127
2020-09-21,19,84
2020-09-21,20,70
2020-09-21,21,39
2020-09-21,22,24
2020-09-21,23,20
2020-09-22,0,13
2020-09-22,1,6
2020-09-22,2,2
2020-09-22,3,6
2020-09-22,4,15
2020-09-22,5,33
2020-09-22,6,108
2020-09-22,7,167
2020-09-22,8,180
2020-09-22,9,131
2020-09-22,10,156
2020-09-22,11,171
2020-09-22,12,172
2020-09-22,13,182
2020-09-22,14,193
2020-09-22,15,231
2020-09-22,16,218
2020-09-22,17,183
2020-09-22,18,125
2020-09-22,19,101
2020-09-22,20,55
2020-09-22,21,38
2020-09-22,22,28
2020-09-22,23,20
2020-09-23,0,11
2020-09-23,1,10
2020-09-23,2,6
2020-09-23,3,4
2020-09-23,4,17
2020-09-23,5,40
2020-09-23,6,106
2020-09-23,7,154
2020-09-23,8,164
2020-09-23,9,149
2020-09-23,10,186
2020-09-23,11,166
2020-09-23,12,188
2020-09-23,13,181
2020-09-23,14,210
2020-09-23,15,223
2020-09-23,16,241
2020-09-23,17,157
2020-09-23,18,144
2020-09-23,19,93
2020-09-23,20,70
2020-09-23,21,34
2020-09-23,22,31
2020-09-23,23,24
2020-09-24,0,5
2020-09-24,1,7
2020-09-24,2,5
2020-09-24,3,5
2020-09-24,4,13
2020-09-24,5,42
2020-09-24,6,111
2020-09-24,7,185
2020-09-24,8,161
2020-09-24,9,125
2020-09-24,10,177
2020-09-24,11,190
2020-09-24,12,167
2020-09-24,13,182
2020-09-24,14,204
2020-09-24,15,240
2020-09-24,16,251
2020-09-24,17,178
2020-09-24,18,105
2020-09-24,19,104
2020-09-24,20,68
2020-09-24,21,42
2020-09-24,22,31
2020-09-24,23,27
2020-09-25,0,13
2020-09-25,12,180
2020-09-25,13,195
2020-09-25,14,227
2020-09-25,15,183
2020-09-25,16,174
2020-09-25,17,134
2020-09-25,18,134
2020-09-25,19,102
2020-09-25,20,59
2020-09-25,21,67
2020-09-25,22,36
2020-09-25,23,36
2020-09-26,0,26
2020-09-26,1,16
2020-09-26,2,16
2020-09-26,3,16
2020-09-26,4,16
2020-09-26,5,21
2020-09-26,6,53
2020-09-26,7,76
2020-09-26,8,96
2020-09-26,9,132
2020-09-26,10,151
2020-09-26,11,150
2020-09-26,12,190
2020-09-26,13,272
2020-09-26,14,263
2020-09-26,15,264
2020-09-26,16,242
2020-09-26,17,248
2020-09-26,18,214
2020-09-26,19,158
2020-09-26,20,186
2020-09-26,21,193
2020-09-26,22,182
2020-09-26,23,190
2020-09-27,0,172
2020-09-27,1,120
2020-09-27,2,115
2020-09-27,3,103
2020-09-27,4,104
2020-09-27,5,111
2020-09-27,6,123
2020-09-27,7,115
2020-09-27,8,142
2020-09-27,9,159
2020-09-27,10,178
2020-09-27,11,236
2020-09-27,12,264
2020-09-27,13,260
2020-09-27,14,245
2020-09-27,15,228
2020-09-27,16,240
2020-09-27,17,262
2020-09-27,18,255
2020-09-27,19,258
2020-09-27,20,248
2020-09-27,21,233
2020-09-27,22,193
2020-09-27,23,14
2020-09-28,0,5
2020-09-28,1,5
2020-09-28,2,3
2020-09-28,3,8
2020-09-28,4,10
2020-09-28,5,25
2020-09-28,6,71
2020-09-28,7,90
2020-09-28,8,79
2020-09-28,9,114
2020-09-28,10,135
2020-09-28,11,152
2020-09-28,12,169
2020-09-28,13,174
2020-09-28,14,154
2020-09-28,15,149
2020-09-28,16,157
2020-09-28,17,113
2020-09-28,18,120
2020-09-28,19,83
2020-09-28,20,55
2020-09-28,21,51
2020-09-28,22,16
2020-09-28,23,9
2020-09-29,0,12
2020-09-29,1,7
2020-09-29,2,6
2020-09-29,3,7
2020-09-29,4,13
2020-09-29,5,32
2020-09-29,6,124
2020-09-29,7,182
2020-09-29,8,168
2020-09-29,9,158
2020-09-29,10,153
2020-09-29,11,149
2020-09-29,12,157
2020-09-29,13,174
2020-09-29,14,200
2020-09-29,15,270
2020-09-29,16,232
2020-09-29,17,151
2020-09-29,18,149
2020-09-29,19,78
2020-09-29,20,63
2020-09-29,21,35
2020-09-29,22,27
2020-09-29,23,13
2020-09-30,0,7
2020-09-30,1,5
2020-09-30,2,3
2020-09-30,3,3
2020-09-30,4,14
2020-09-30,5,40
2020-09-30,6,95
2020-09-30,7,174
2020-09-30,8,188
2020-09-30,9,176
2020-09-30,10,160
2020-09-30,11,157
2020-09-30,12,176
2020-09-30,13,211
2020-09-30,14,215
2020-09-30,15,265
2020-09-30,16,222
2020-09-30,17,175
2020-09-30,18,120
2020-09-30,19,98
2020-09-30,20,69
2020-09-30,21,47
2020-09-30,22,27
2020-09-30,23,13
2020-10-01,0,8
2020-10-01,1,9
2020-10-01,2,5
2020-10-01,3,3
2020-10-01,4,10
2020-10-01,5,36
2020-10-01,6,93
2020-10-01,7,154
2020-10-01,8,196
2020-10-01,9,166
2020-10-01,10,165
2020-10-01,11,186
2020-10-01,12,178
2020-10-01,13,217
2020-10-01,14,220
2020-10-01,15,263
2020-10-01,16,225
2020-10-01,17,186
2020-10-01,18,141
2020-10-01,19,105
2020-10-01,20,72
2020-10-01,21,45
2020-10-01,22,30
2020-10-01,23,16
2020-10-02,0,10
2020-10-02,1,8
2020-10-02,2,8
2020-10-02,3,4
2020-10-02,4,20
2020-10-02,5,33
2020-10-02,6,97
2020-10-02,7,178
2020-10-02,8,186
2020-10-02,9,155
2020-10-02,10,174
2020-10-02,11,221
2020-10-02,12,208
2020-10-02,13,208
2020-10-02,14,222
2020-10-02,15,258
2020-10-02,16,220
2020-10-02,17,176
2020-10-02,18,131
2020-10-02,19,101
2020-10-02,20,81
2020-10-02,21,79
2020-10-02,22,41
2020-10-02,23,20
2020-10-03,0,11
2020-10-03,1,8
2020-10-03,2,10
2020-10-03,3,6
2020-10-03,4,8
2020-10-03,5,21
2020-10-03,6,54
2020-10-03,7,81
2020-10-03,8,131
2020-10-03,9,140
2020-10-03,10,163
2020-10-03,11,164
2020-10-03,12,174
2020-10-03,13,186
2020-10-03,14,175
2020-10-03,15,166
2020-10-03,16,149
2020-10-03,17,121
2020-10-03,18,105
2020-10-03,19,95
2020-10-03,20,68
2020-10-03,21,69
2020-10-03,22,38
2020-10-03,23,20
2020-10-04,0,11
2020-10-04,1,10
2020-10-04,2,6
2020-10-04,3,6
2020-10-04,4,5
2020-10-04,5,17
2020-10-04,6,45
2020-10-04,7,38
2020-10-04,8,78
2020-10-04,9,88
2020-10-04,10,148
2020-10-04,11,162
2020-10-04,12,157
2020-10-04,13,187
2020-10-04,14,150
2020-10-04,15,122
2020-10-04,16,140
2020-10-04,17,91
2020-10-04,18,101
2020-10-04,19,66
2020-10-04,20,58
2020-10-04,21,46
2020-10-04,22,20
2020-10-04,23,17
2020-10-05,0,7
2020-10-05,1,6
2020-10-05,2,8
2020-10-05,3,8
2020-10-05,4,16
2020-10-05,5,35
2020-10-05,6,142
2020-10-05,7,339
2020-10-05,8,321
2020-10-05,9,295
2020-10-05,10,363
2020-10-05,11,408
2020-10-05,12,322
2020-10-05,13,398
2020-10-05,14,394
2020-10-05,15,377
2020-10-05,16,364
2020-10-05,17,251
2020-10-05,18,240
2020-10-05,19,240
2020-10-05,20,288
2020-10-05,21,275
2020-10-05,22,271
2020-10-05,23,275
2020-10-06,0,259
2020-10-06,1,157
2020-10-06,2,2
2020-10-06,3,6
2020-10-06,4,11
2020-10-06,5,38
2020-10-06,6,120
2020-10-06,7,162
2020-10-06,8,183
2020-10-06,9,134
2020-10-06,10,166
2020-10-06,11,187
2020-10-06,12,176
2020-10-06,13,185
2020-10-06,14,202
2020-10-06,15,273
2020-10-06,16,218
2020-10-06,17,169
2020-10-06,18,131
2020-10-06,19,103
2020-10-06,20,67
2020-10-06,21,42
2020-10-06,22,24
2020-10-06,23,14
2020-10-07,0,7
2020-10-07,1,7
2020-10-07,2,3
2020-10-07,3,4
2020-10-07,4,9
2020-10-07,5,31
2020-10-07,6,119
2020-10-07,7,177
2020-10-07,8,187
2020-10-07,9,146
2020-10-07,10,146
2020-10-07,11,180
2020-10-07,12,157
2020-10-07,13,193
2020-10-07,14,189
2020-10-07,15,232
2020-10-07,16,240
2020-10-07,17,167
2020-10-07,18,136
2020-10-07,19,116
2020-10-07,20,63
2020-10-07,21,48
2020-10-07,22,27
2020-10-07,23,21
2020-10-08,0,13
2020-10-08,1,4
2020-10-08,2,6
2020-10-08,3,5
2020-10-08,4,16
2020-10-08,5,34
2020-10-08,6,104
2020-10-08,7,159
2020-10-08,8,161
2020-10-08,9,161
2020-10-08,10,175
2020-10-08,11,197
2020-10-08,12,183
2020-10-08,13,216
2020-10-08,14,199
2020-10-08,15,260
2020-10-08,16,222
2020-10-08,17,166
2020-10-08,18,140
2020-10-08,19,121
2020-10-08,20,76
2020-10-08,21,55
2020-10-08,22,46
2020-10-08,23,12
2020-10-09,0,7
2020-10-09,1,11
2020-10-09,2,7
2020-10-09,3,5
2020-10-09,4,17
2020-10-09,5,35
2020-10-09,6,100
2020-10-09,7,145
2020-10-09,8,144
2020-10-09,9,156
2020-10-09,10,181
2020-10-09,11,174
2020-10-09,12,182
2020-10-09,13,188
2020-10-09,14,210
2020-10-09,15,219
2020-10-09,16,210
2020-10-09,17,173
2020-10-09,18,131
2020-10-09,19,90
2020-10-09,20,59
2020-10-09,21,46
2020-10-09,22,32
2020-10-09,23,13
2020-10-10,0,9
2020-10-10,1,5
2020-10-10,2,3
2020-10-10,3,4
2020-10-10,4,18
2020-10-10,5,21
2020-10-10,6,52
2020-10-10,7,63
2020-10-10,8,105
2020-10-10,9,151
2020-10-10,10,168
2020-10-10,11,187
2020-10-10,12,165
2020-10-10,13,176
2020-10-10,14,177
2020-10-10,15,171
2020-10-10,16,166
2020-10-10,17,120
2020-10-10,18,107
2020-10-10,19,69
2020-10-10,20,49
2020-10-10,21,48
2020-10-10,22,31
2020-10-10,23,13
2020-10-11,0,9
2020-10-11,1,10
2020-10-11,2,6
2020-10-11,3,3
2020-10-11,4,11
2020-10-11,5,14
2020-10-11,6,41
2020-10-11,7,48
2020-10-11,8,73
2020-10-11,9,105
2020-10-11,10,122
2020-10-11,11,160
2020-10-11,12,171
2020-10-11,13,150
2020-10-11,14,136
2020-10-11,15,111
2020-10-11,16,107
2020-10-11,17,108
2020-10-11,18,87
2020-10-11,19,72
2020-10-11,20,41
2020-10-11,21,31
2020-10-11,22,25
2020-10-11,23,11
2020-10-12,0,7
2020-10-12,1,6
2020-10-12,2,4
2020-10-12,3,6
2020-10-12,4,12
2020-10-12,5,21
2020-10-12,6,91
2020-10-12,7,125
2020-10-12,8,123
2020-10-12,9,143
2020-10-12,10,145
2020-10-12,11,162
2020-10-12,12,161
2020-10-12,13,165
2020-10-12,14,154
2020-10-12,15,222
2020-10-12,16,185
2020-10-12,17,159
2020-10-12,18,104
2020-10-12,19,69
2020-10-12,20,53
2020-10-12,21,31
2020-10-12,22,20
2020-10-12,23,11
2020-10-13,0,7
2020-10-13,1,0
2020-10-13,2,5
2020-10-13,3,7
2020-10-13,4,10
2020-10-13,5,33
2020-10-13,6,104
2020-10-13,7,136
2020-10-13,8,131
2020-10-13,9,150
2020-10-13,10,149
2020-10-13,11,185
2020-10-13,12,163
2020-10-13,13,170
2020-10-13,14,178
2020-10-13,15,210
2020-10-13,16,207
2020-10-13,17,155
2020-10-13,18,134
2020-10-13,19,99
2020-10-13,20,56
2020-10-13,21,46
2020-10-13,22,23
2020-10-13,23,13
2020-10-14,0,5
2020-10-14,1,4
2020-10-14,2,4
2020-10-14,3,6
2020-10-14,4,15
2020-10-14,5,33
2020-10-14,6,100
2020-10-14,7,141
2020-10-14,8,125
2020-10-14,9,90
2020-10-14,10,172
2020-10-14,11,168
2020-10-14,12,169
2020-10-14,13,199
2020-10-14,14,171
2020-10-14,15,237
2020-10-14,16,203
2020-10-14,17,169
2020-10-14,18,117
2020-10-14,19,83
2020-10-14,20,54
2020-10-14,21,33
2020-10-14,22,28
2020-10-14,23,16
2020-10-15,0,7
2020-10-15,1,7
2020-10-15,2,4
2020-10-15,3,8
2020-10-15,4,16
2020-10-15,5,32
2020-10-15,6,111
2020-10-15,7,131
2020-10-15,8,111
2020-10-15,9,129
2020-10-15,10,164
2020-10-15,11,159
2020-10-15,12,188
2020-10-15,13,188
2020-10-15,14,174
2020-10-15,15,220
2020-10-15,16,192
2020-10-15,17,169
2020-10-15,18,128
2020-10-15,19,87
2020-10-15,20,60
2020-10-15,21,33
2020-10-15,22,26
2020-10-15,23,12
2020-10-16,0,5
2020-10-16,1,5
2020-10-16,2,5
2020-10-16,3,3
2020-10-16,4,13
2020-10-16,5,38
2020-10-16,6,97
2020-10-16,7,140
2020-10-16,8,146
2020-10-16,9,156
2020-10-16,10,173
2020-10-16,11,195
2020-10-16,12,201
2020-10-16,13,169
2020-10-16,14,199
2020-10-16,15,219
2020-10-16,16,188
2020-10-16,17,164
2020-10-16,18,133
2020-10-16,19,71
2020-10-16,20,56
2020-10-16,21,33
2020-10-16,22,31
2020-10-16,23,16
2020-10-17,0,11
2020-10-17,1,13
2020-10-17,2,8
2020-10-17,3,4
2020-10-17,4,15
2020-10-17,5,22
2020-10-17,6,55
2020-10-17,7,58
2020-10-17,8,98
2020-10-17,9,140
2020-10-17,10,147
2020-10-17,11,154
2020-10-17,12,130
2020-10-17,13,156
2020-10-17,14,170
2020-10-17,15,158
2020-10-17,16,132
2020-10-17,17,105
2020-10-17,18,96
2020-10-17,19,53
2020-10-17,20,48
2020-10-17,21,41
2020-10-17,22,22
2020-10-17,23,16
2020-10-18,0,11
2020-10-18,1,7
2020-10-18,2,11
2020-10-18,3,8
2020-10-18,4,7
2020-10-18,5,15
2020-10-18,6,42
2020-10-18,7,34
2020-10-18,8,52
2020-10-18,9,83
2020-10-18,10,130
2020-10-18,11,122
2020-10-18,12,172
2020-10-18,13,180
2020-10-18,14,148
2020-10-18,15,135
2020-10-18,16,117
2020-10-18,17,97
2020-10-18,18,83
2020-10-18,19,55
2020-10-18,20,32
2020-10-18,21,31
2020-10-18,22,16
2020-10-18,23,14
2020-10-19,0,5
2020-10-19,1,3
2020-10-19,2,6
2020-10-19,3,7
2020-10-19,4,8
2020-10-19,5,32
2020-10-19,6,117
2020-10-19,7,147
2020-10-19,8,167
2020-10-19,9,153
2020-10-19,10,157
2020-10-19,11,150
2020-10-19,12,173
2020-10-19,13,176
2020-10-19,14,191
2020-10-19,15,232
2020-10-19,16,203
2020-10-19,17,128
2020-10-19,18,115
2020-10-19,19,90
2020-10-19,20,42
2020-10-19,21,30
2020-10-19,22,22
2020-10-19,23,13
2020-10-20,0,7
2020-10-20,1,6
2020-10-20,2,7
2020-10-20,3,5
2020-10-20,4,7
2020-10-20,5,33
2020-10-20,6,111
2020-10-20,7,189
2020-10-20,8,151
2020-10-20,9,155
2020-10-20,10,141
2020-10-20,11,164
2020-10-20,12,163
2020-10-20,13,177
2020-10-20,14,176
2020-10-20,15,230
2020-10-20,16,208
2020-10-20,17,153
2020-10-20,18,110
2020-10-20,19,73
2020-10-20,20,63
2020-10-20,21,38
2020-10-20,22,18
2020-10-20,23,11
2020-10-21,0,8
2020-10-21,1,7
2020-10-21,2,4
2020-10-21,3,7
2020-10-21,4,12
2020-10-21,5,27
2020-10-21,6,115
2020-10-21,7,170
2020-10-21,8,177
2020-10-21,9,119
2020-10-21,10,160
2020-10-21,11,163
2020-10-21,12,183
2020-10-21,13,171
2020-10-21,14,186
2020-10-21,15,210
2020-10-21,16,214
2020-10-21,17,170
2020-10-21,18,118
2020-10-21,19,84
2020-10-21,20,54
2020-10-21,21,37
2020-10-21,22,21
2020-10-21,23,11
2020-10-22,0,5
2020-10-22,1,5
2020-10-22,2,2
2020-10-22,3,9
2020-10-22,4,11
2020-10-22,5,37
2020-10-22,6,102
2020-10-22,7,167
2020-10-22,8,173
2020-10-22,9,171
2020-10-22,10,168
2020-10-22,11,169
2020-10-22,12,183
2020-10-22,13,192
2020-10-22,14,203
2020-10-22,15,272
2020-10-22,16,219
2020-10-22,17,155
2020-10-22,18,147
2020-10-22,19,78
2020-10-22,20,51
2020-10-22,21,45
2020-10-22,22,27
2020-10-22,23,21
2020-10-23,0,6
2020-10-23,1,6
2020-10-23,2,8
2020-10-23,3,4
2020-10-23,4,19
2020-10-23,5,35
2020-10-23,6,87
2020-10-23,7,175
2020-10-23,8,172
2020-10-23,9,162
2020-10-23,10,165
2020-10-23,11,180
2020-10-23,12,162
2020-10-23,13,181
2020-10-23,14,216
2020-10-23,15,210
2020-10-23,16,186
2020-10-23,17,143
2020-10-23,18,106
2020-10-23,19,90
2020-10-23,20,54
2020-10-23,21,61
2020-10-23,22,27
2020-10-23,23,19
2020-10-24,0,17
2020-10-24,1,8
2020-10-24,2,9
2020-10-24,3,5
2020-10-24,4,10
2020-10-24,5,19
2020-10-24,6,43
2020-10-24,7,58
2020-10-24,8,78
2020-10-24,9,128
2020-10-24,10,146
2020-10-24,11,171
2020-10-24,12,171
2020-10-24,13,175
2020-10-24,14,180
2020-10-24,15,184
2020-10-24,16,135
2020-10-24,17,112
2020-10-24,18,96
2020-10-24,19,64
2020-10-24,20,57
2020-10-24,21,46
2020-10-24,22,17
2020-10-24,23,26
2020-10-25,0,10
2020-10-25,1,8
2020-10-25,2,8
2020-10-25,3,5
2020-10-25,4,4
2020-10-25,5,9
2020-10-25,6,13
2020-10-25,7,48
2020-10-25,8,46
2020-10-25,9,69
2020-10-25,10,107
2020-10-25,11,141
2020-10-25,12,174
2020-10-25,13,147
2020-10-25,14,167
2020-10-25,15,166
2020-10-25,16,109
2020-10-25,17,112
2020-10-25,18,78
2020-10-25,19,83
2020-10-25,20,57
2020-10-25,21,49
2020-10-25,22,26
2020-10-25,23,19
2020-10-26,0,12
2020-10-26,1,11
2020-10-26,2,7
2020-10-26,3,4
2020-10-26,4,5
2020-10-26,5,10
2020-10-26,6,34
2020-10-26,7,99
2020-10-26,8,160
2020-10-26,9,179
2020-10-26,10,147
2020-10-26,11,167
2020-10-26,12,167
2020-10-26,13,151
2020-10-26,14,191
2020-10-26,15,212
2020-10-26,16,256
2020-10-26,17,220
2020-10-26,18,149
2020-10-26,19,109
2020-10-26,20,72
2020-10-26,21,51
2020-10-26,22,31
2020-10-26,23,21
2020-10-27,0,16
2020-10-27,1,7
2020-10-27,2,4
2020-10-27,3,7
2020-10-27,4,3
2020-10-27,5,11
2020-10-27,6,42
2020-10-27,7,110
2020-10-27,8,179
2020-10-27,9,178
2020-10-27,10,148
2020-10-27,11,145
2020-10-27,12,178
2020-10-27,13,169
2020-10-27,14,195
2020-10-27,15,204
2020-10-27,16,281
2020-10-27,17,246
2020-10-27,18,152
2020-10-27,19,136
2020-10-27,20,76
2020-10-27,21,55
2020-10-27,22,44
2020-10-27,23,23
2020-10-28,0,10
2020-10-28,1,12
2020-10-28,2,6
2020-10-28,3,8
2020-10-28,4,5
2020-10-28,5,10
2020-10-28,6,34
2020-10-28,7,118
2020-10-28,8,208
2020-10-28,9,181
2020-10-28,10,149
2020-10-28,11,163
2020-10-28,12,179
2020-10-28,13,173
2020-10-28,14,203
2020-10-28,15,208
2020-10-28,16,260
2020-10-28,17,240
2020-10-28,18,145
2020-10-28,19,126
2020-10-28,20,90
2020-10-28,21,60
2020-10-28,22,34
2020-10-28,23,25
2020-10-29,0,11
2020-10-29,1,11
2020-10-29,2,8
2020-10-29,3,7
2020-10-29,4,9
2020-10-29,5,8
2020-10-29,6,37
2020-10-29,7,117
2020-10-29,8,184
2020-10-29,9,176
2020-10-29,10,161
2020-10-29,11,172
2020-10-29,12,181
2020-10-29,13,215
2020-10-29,14,194
2020-10-29,15,204
2020-10-29,16,243
2020-10-29,17,234
2020-10-29,18,181
2020-10-29,19,128
2020-10-29,20,100
2020-10-29,21,72
2020-10-29,22,57
2020-10-29,23,32
2020-10-30,0,22
2020-10-30,1,16
2020-10-30,2,16
2020-10-30,3,8
2020-10-30,4,0
2020-10-30,5,16
2020-10-30,6,40
2020-10-30,7,97
2020-10-30,8,154
2020-10-30,9,160
2020-10-30,10,154
2020-10-30,11,164
2020-10-30,12,184
2020-10-30,13,185
2020-10-30,14,194
2020-10-30,15,220
2020-10-30,16,231
2020-10-30,21,71
2020-10-30,22,58
2020-10-30,23,40
2020-10-31,0,36
2020-10-31,1,26
2020-10-31,2,21
2020-10-31,3,16
2020-10-31,4,12
2020-10-31,5,12
2020-10-31,6,21
2020-10-31,7,53
2020-10-31,8,71
2020-10-31,9,100
2020-10-31,10,132
2020-10-31,11,150
2020-10-31,12,160
2020-10-31,13,176
2020-10-31,14,180
2020-10-31,15,164
2020-10-31,16,168
2020-10-31,17,147
2020-10-31,18,128
2020-10-31,19,100
2020-10-31,20,80
2020-10-31,21,62
2020-10-31,22,62
2020-10-31,23,40
2020-11-01,0,40
2020-11-01,1,19
2020-11-01,2,21
2020-11-01,3,16
2020-11-01,4,12
2020-11-01,5,17
2020-11-01,6,16
2020-11-01,7,44
2020-11-01,8,40
2020-11-01,9,69
2020-11-01,10,92
2020-11-01,11,132
2020-11-01,12,155
2020-11-01,13,155
2020-11-01,14,168
2020-11-01,15,146
2020-11-01,16,129
2020-11-01,17,111
2020-11-01,18,97
2020-11-01,19,100
2020-11-01,20,76
2020-11-01,21,57
2020-11-01,22,56
2020-11-01,23,27
2020-11-02,0,21
2020-11-02,1,16
2020-11-02,2,4
2020-11-02,3,4
2020-11-02,4,12
2020-11-02,5,16
2020-11-02,6,31
2020-11-02,7,96
2020-11-02,8,145
2020-11-02,9,142
2020-11-02,10,136
2020-11-02,11,159
2020-11-02,12,172
2020-11-02,13,168
2020-11-02,14,197
2020-11-02,15,185
2020-11-02,16,225
2020-11-02,17,202
2020-11-02,18,152
2020-11-02,19,119
2020-11-02,20,79
2020-11-02,21,79
2020-11-02,22,44
2020-11-02,23,36
2020-11-03,0,16
2020-11-03,1,9
2020-11-03,2,8
2020-11-03,3,4
2020-11-03,4,0
2020-11-03,5,16
2020-11-03,6,40
2020-11-03,7,101
2020-11-03,8,168
2020-11-03,9,158
2020-11-03,10,155
2020-11-03,11,156
2020-11-03,12,176
2020-11-03,13,164
2020-11-03,14,0
2020-11-03,15,0
2020-11-03,16,0
2020-11-03,17,0
2020-11-03,18,0
2020-11-03,19,0
2020-11-03,20,0
2020-11-03,21,0
2020-11-03,22,0
2020-11-03,23,0
2020-11-04,0,16
2020-11-04,1,12
2020-11-04,2,4
2020-11-04,3,8
2020-11-04,4,12
2020-11-04,5,12
2020-11-04,6,36
2020-11-04,7,110
2020-11-04,8,166
2020-11-04,9,168
2020-11-04,10,141
2020-11-04,11,155
2020-11-04,12,168
2020-11-04,13,172
2020-11-04,14,192
2020-11-04,15,189
2020-11-04,16,230
2020-11-04,17,225
2020-11-04,18,167
2020-11-04,19,132
2020-11-04,20,93
2020-11-04,21,67
2020-11-04,22,44
2020-11-04,23,31
2020-11-05,0,22
2020-11-05,1,16
2020-11-05,2,12
2020-11-05,3,4
2020-11-05,4,12
2020-11-05,5,16
2020-11-05,6,31
2020-11-05,7,101
2020-11-05,8,159
2020-11-05,9,159
2020-11-05,10,150
2020-11-05,11,160
2020-11-05,12,176
2020-11-05,13,184
2020-11-05,14,189
2020-11-05,15,201
2020-11-05,16,231
2020-11-05,17,221
2020-11-05,18,177
2020-11-05,19,132
2020-11-05,20,101
2020-11-05,21,72
2020-11-05,22,57
2020-11-05,23,36
2020-11-06,0,18
2020-11-06,1,21
2020-11-06,2,16
2020-11-06,3,4
2020-11-06,4,0
2020-11-06,5,16
2020-11-06,6,36
2020-11-06,7,96
2020-11-06,8,153
2020-11-06,9,159
2020-11-06,10,151
2020-11-06,11,168
2020-11-06,12,92
2020-11-06,13,146
2020-11-06,14,198
2020-11-06,15,216
2020-11-06,16,233
2020-11-06,17,207
2020-11-06,18,156
2020-11-06,19,129
2020-11-06,20,97
2020-11-06,21,72
2020-11-06,22,58
2020-11-06,23,44
2020-11-07,0,36
2020-11-07,1,27
2020-11-07,2,16
2020-11-07,3,16
2020-11-07,4,12
2020-11-07,5,16
2020-11-07,6,21
2020-11-07,7,53
2020-11-07,8,76
2020-11-07,9,100
2020-11-07,10,136
2020-11-07,11,155
2020-11-07,12,164
2020-11-07,13,168
2020-11-07,14,176
2020-11-07,15,164
2020-11-07,16,168
2020-11-07,17,147
2020-11-07,18,124
2020-11-07,19,101
2020-11-07,20,76
2020-11-07,21,71
2020-11-07,22,62
2020-11-07,23,40
2020-11-08,0,40
2020-11-08,1,22
2020-11-08,2,21
2020-11-08,3,16
2020-11-08,4,12
2020-11-08,5,17
2020-11-08,6,16
2020-11-08,7,44
2020-11-08,8,40
2020-11-08,9,71
2020-11-08,10,92
2020-11-08,11,132
2020-11-08,12,150
2020-11-08,13,150
2020-11-08,14,164
2020-11-08,15,147
2020-11-08,16,128
2020-11-08,17,111
2020-11-08,18,97
2020-11-08,19,96
2020-11-08,20,76
2020-11-08,21,52
2020-11-08,22,61
2020-11-08,23,27
2020-11-09,0,21
2020-11-09,1,16
2020-11-09,2,8
2020-11-09,3,8
2020-11-09,4,12
2020-11-09,5,16
2020-11-09,6,35
2020-11-09,7,96
2020-11-09,8,141
2020-11-09,9,146
2020-11-09,10,136
2020-11-09,11,155
2020-11-09,12,168
2020-11-09,13,164
2020-11-09,14,192
2020-11-09,15,181
2020-11-09,16,229
2020-11-09,17,202
2020-11-09,18,159
2020-11-09,19,119
2020-11-09,20,80
2020-11-09,21,80
2020-11-09,22,44
2020-11-09,23,36
2020-11-10,0,16
2020-11-10,1,9
2020-11-10,2,8
2020-11-10,3,0
2020-11-10,4,4
2020-11-10,5,16
2020-11-10,6,40
2020-11-10,7,101
2020-11-10,8,168
2020-11-10,9,159
2020-11-10,10,146
2020-11-10,11,152
2020-11-10,12,172
2020-11-10,13,164
2020-11-10,14,184
2020-11-10,15,188
2020-11-10,16,246
2020-11-10,17,216
2020-11-10,18,168
2020-11-10,19,124
2020-11-10,20,88
2020-11-10,21,63
2020-11-10,22,48
2020-11-10,23,31
2020-11-11,0,16
2020-11-11,1,12
2020-11-11,2,8
2020-11-11,3,4
2020-11-11,4,12
2020-11-11,5,12
2020-11-11,6,36
2020-11-11,7,111
2020-11-11,8,163
2020-11-11,9,163
2020-11-11,10,137
2020-11-11,11,155
2020-11-11,12,168
2020-11-11,13,180
2020-11-11,14,192
2020-11-11,15,198
2020-11-11,16,225
2020-11-11,17,221
2020-11-11,18,163
2020-11-11,19,124
2020-11-11,20,93
2020-11-11,21,67
2020-11-11,22,48
2020-11-11,23,31
2020-11-12,0,17
2020-11-12,1,16
2020-11-12,2,16
2020-11-12,3,4
2020-11-12,4,8
2020-11-12,5,16
2020-11-12,6,31
2020-11-12,7,101
2020-11-12,8,159
2020-11-12,9,163
2020-11-12,10,150
2020-11-12,11,160
2020-11-12,12,172
2020-11-12,13,184
2020-11-12,14,184
2020-11-12,15,202
2020-11-12,16,238
2020-11-12,17,212
2020-11-12,18,173
2020-11-12,19,133
2020-11-12,20,92
2020-11-12,21,72
2020-11-12,22,57
2020-11-12,23,32
2020-11-13,0,17
2020-11-13,1,16
2020-11-13,2,12
2020-11-13,3,12
2020-11-13,4,0
2020-11-13,5,16
2020-11-13,6,35
2020-11-13,7,97
2020-11-13,8,149
2020-11-13,9,150
2020-11-13,10,155
2020-11-13,11,168
2020-11-13,12,180
2020-11-13,13,180
2020-11-13,14,193
2020-11-13,15,216
2020-11-13,16,234
2020-11-13,17,199
2020-11-13,18,151
2020-11-13,19,124
2020-11-13,20,88
2020-11-13,21,67
2020-11-13,22,53
2020-11-13,23,44
2020-11-14,0,36
2020-11-14,1,26
2020-11-14,2,16
2020-11-14,3,16
2020-11-14,4,12
2020-11-14,5,12
2020-11-14,6,21
2020-11-14,7,53
2020-11-14,8,71
2020-11-14,9,100
2020-11-14,10,136
2020-11-14,11,150
2020-11-14,12,160
2020-11-14,13,172
2020-11-14,14,180
2020-11-14,15,164
2020-11-14,16,168
2020-11-14,17,147
2020-11-14,18,128
2020-11-14,19,105
2020-11-14,20,76
2020-11-14,21,71
2020-11-14,22,62
2020-11-14,23,36
2020-11-15,0,40
2020-11-15,1,22
2020-11-15,2,21
2020-11-15,3,16
2020-11-15,4,12
2020-11-15,5,8
2020-11-15,6,16
2020-11-15,7,44
2020-11-15,8,40
2020-11-15,9,66
2020-11-15,10,92
2020-11-15,11,132
2020-11-15,12,151
2020-11-15,13,150
2020-11-15,14,163
2020-11-15,15,145
2020-11-15,16,132
2020-11-15,17,111
2020-11-15,18,101
2020-11-15,19,96
2020-11-15,20,76
2020-11-15,21,52
2020-11-15,22,60
2020-11-15,23,27
2020-11-16,0,21
2020-11-16,1,16
2020-11-16,2,12
2020-11-16,3,0
2020-11-16,4,8
2020-11-16,5,12
2020-11-16,6,25
2020-11-16,7,92
2020-11-16,8,145
2020-11-16,9,145
2020-11-16,10,136
2020-11-16,11,159
2020-11-16,12,168
2020-11-16,13,164
2020-11-16,14,192
2020-11-16,15,185
2020-11-16,16,222
2020-11-16,17,202
2020-11-16,18,150
2020-11-16,19,119
2020-11-16,20,75
2020-11-16,21,75
2020-11-16,22,44
2020-11-16,23,36
2020-11-17,0,16
2020-11-17,1,13
2020-11-17,2,4
2020-11-17,3,0
2020-11-17,12,176
2020-11-17,13,160
2020-11-17,14,188
2020-11-17,15,188
2020-11-17,16,242
2020-11-17,17,220
2020-11-17,18,163
2020-11-17,19,120
2020-11-17,20,88
2020-11-17,21,57
2020-11-17,22,49
2020-11-17,23,26
2020-11-18,0,16
2020-11-18,1,16
2020-11-18,2,4
2020-11-18,3,4
2020-11-18,4,8
2020-11-18,5,12
2020-11-18,6,36
2020-11-18,7,110
2020-11-18,8,163
2020-11-18,9,163
2020-11-18,10,141
2020-11-18,11,164
2020-11-18,12,172
2020-11-18,13,180
2020-11-18,14,197
2020-11-18,15,192
2020-11-18,16,227
2020-11-18,17,217
2020-11-18,18,167
2020-11-18,19,125
2020-11-18,20,93
2020-11-18,21,63
2020-11-18,22,44
2020-11-18,23,31
2020-11-19,0,21
2020-11-19,1,16
2020-11-19,2,12
2020-11-19,3,4
2020-11-19,4,12
2020-11-19,5,16
2020-11-19,6,31
2020-11-19,7,101
2020-11-19,8,159
2020-11-19,9,167
2020-11-19,10,155
2020-11-19,11,164
2020-11-19,12,172
2020-11-19,13,192
2020-11-19,14,189
2020-11-19,15,202
2020-11-19,16,251
2020-11-19,17,231
2020-11-19,18,177
2020-11-19,19,132
2020-11-19,20,92
2020-11-19,21,72
2020-11-19,22,57
2020-11-19,23,32
2020-11-20,0,18
2020-11-20,1,16
2020-11-20,2,12
2020-11-20,3,4
2020-11-20,4,0
2020-11-20,5,16
2020-11-20,6,36
2020-11-20,7,97
2020-11-20,8,149
2020-11-20,9,155
2020-11-20,10,156
2020-11-20,11,172
2020-11-20,12,184
2020-11-20,13,185
2020-11-20,14,194
2020-11-20,15,216
2020-11-20,16,239
2020-11-20,17,211
2020-11-20,18,156
2020-11-20,19,124
2020-11-20,20,88
2020-11-20,21,67
2020-11-20,22,54
2020-11-20,23,44
2020-11-21,0,36
2020-11-21,1,31
2020-11-21,2,16
2020-11-21,3,16
2020-11-21,4,12
2020-11-21,5,12
2020-11-21,6,21
2020-11-21,7,49
2020-11-21,8,71
2020-11-21,9,96
2020-11-21,10,132
2020-11-21,11,142
2020-11-21,12,155
2020-11-21,13,164
2020-11-21,14,180
2020-11-21,15,164
2020-11-21,16,159
2020-11-21,17,142
2020-11-21,18,120
2020-11-21,19,96
2020-11-21,20,72
2020-11-21,21,67
2020-11-21,22,61
2020-11-21,23,36
2020-11-22,0,40
2020-11-22,1,26
2020-11-22,2,21
2020-11-22,3,16
2020-11-22,4,12
2020-11-22,5,17
2020-11-22,6,16
2020-11-22,7,48
2020-11-22,8,40
2020-11-22,9,57
2020-11-22,10,92
2020-11-22,11,132
2020-11-22,12,150
2020-11-22,13,150
2020-11-22,14,159
2020-11-22,15,142
2020-11-22,16,120
2020-11-22,17,111
2020-11-22,18,101
2020-11-22,19,92
2020-11-22,20,71
2020-11-22,21,48
2020-11-22,22,56
2020-11-22,23,32
2020-11-23,0,16
2020-11-23,1,16
2020-11-23,2,8
2020-11-23,3,0
2020-11-23,4,8
2020-11-23,5,12
2020-11-23,6,36
2020-11-23,7,88
2020-11-23,8,145
2020-11-23,9,150
2020-11-23,10,136
2020-11-23,11,150
2020-11-23,12,160
2020-11-23,13,164
2020-11-23,14,192
2020-11-23,15,180
2020-11-23,16,221
2020-11-23,17,202
2020-11-23,18,147
2020-11-23,19,119
2020-11-23,20,79
2020-11-23,21,74
2020-11-23,22,44
2020-11-23,23,36
2020-11-24,0,16
2020-11-24,1,9
2020-11-24,2,8
2020-11-24,3,0
2020-11-24,4,4
2020-11-24,5,12
2020-11-24,6,40
2020-11-24,7,101
2020-11-24,8,164
2020-11-24,9,159
2020-11-24,10,146
2020-11-24,11,152
2020-11-24,12,172
2020-11-24,13,164
2020-11-24,14,184
2020-11-24,15,198
2020-11-24,16,246
2020-11-24,17,207
2020-11-24,18,163
2020-11-24,19,120
2020-11-24,20,88
2020-11-24,21,55
2020-11-24,22,44
2020-11-24,23,31
2020-11-25,0,16
2020-11-25,1,12
2020-11-25,2,4
2020-11-25,3,4
2020-11-25,4,4
2020-11-25,5,12
2020-11-25,6,36
2020-11-25,7,109
2020-11-25,8,163
2020-11-25,9,168
2020-11-25,10,136
2020-11-25,11,154
2020-11-25,12,168
2020-11-25,13,180
2020-11-25,14,184
2020-11-25,15,184
2020-11-25,16,226
2020-11-25,17,217
2020-11-25,18,159
2020-11-25,19,123
2020-11-25,20,93
2020-11-25,21,62
2020-11-25,22,44
2020-11-25,23,31
2020-11-26,0,23
2020-11-26,1,16
2020-11-26,2,12
2020-11-26,3,4
2020-11-26,4,12
2020-11-26,5,16
2020-11-26,6,32
2020-11-26,7,97
2020-11-26,8,169
2020-11-26,9,157
2020-11-26,10,141
2020-11-26,11,151
2020-11-26,12,149
2020-11-26,13,189
2020-11-26,14,203
2020-11-26,15,226
2020-11-26,16,256
2020-11-26,17,209
2020-11-26,18,147
2020-11-26,19,102
2020-11-26,20,81
2020-11-26,21,54
2020-11-26,22,29
2020-11-26,23,29
2020-11-27,0,13
2020-11-27,1,11
2020-11-27,2,6
2020-11-27,3,8
2020-11-27,4,7
2020-11-27,5,15
2020-11-27,6,36
2020-11-27,7,104
2020-11-27,8,146
2020-11-27,9,169
2020-11-27,10,172
2020-11-27,11,166
2020-11-27,12,184
2020-11-27,13,211
2020-11-27,14,209
2020-11-27,15,252
2020-11-27,16,221
2020-11-27,17,197
2020-11-27,18,172
2020-11-27,19,111
2020-11-27,20,91
2020-11-27,21,53
2020-11-27,22,38
2020-11-27,23,19
2020-11-28,0,23
2020-11-28,1,12
2020-11-28,2,4
2020-11-28,3,12
2020-11-28,4,10
2020-11-28,5,11
2020-11-28,6,18
2020-11-28,7,57
2020-11-28,8,70
2020-11-28,9,88
2020-11-28,10,128
2020-11-28,11,143
2020-11-28,12,165
2020-11-28,13,180
2020-11-28,14,212
2020-11-28,15,187
2020-11-28,16,168
2020-11-28,17,127
2020-11-28,18,115
2020-11-28,19,101
2020-11-28,20,55
2020-11-28,21,49
2020-11-28,22,43
2020-11-28,23,36
2020-11-29,0,24
2020-11-29,1,13
2020-11-29,2,7
2020-11-29,3,5
2020-11-29,4,6
2020-11-29,5,13
2020-11-29,6,11
2020-11-29,7,34
2020-11-29,8,38
2020-11-29,9,60
2020-11-29,10,94
2020-11-29,11,133
2020-11-29,12,136
2020-11-29,13,147
2020-11-29,14,183
2020-11-29,15,141
2020-11-29,16,138
2020-11-29,17,105
2020-11-29,18,80
2020-11-29,19,85
2020-11-29,20,56
2020-11-29,21,51
2020-11-29,22,30
2020-11-29,23,12
2020-11-30,0,14
2020-11-30,1,8
2020-11-30,2,7
2020-11-30,3,3
2020-11-30,4,4
2020-11-30,5,10
2020-11-30,6,37
2020-11-30,7,110
2020-11-30,8,183
2020-11-30,9,171
2020-11-30,10,139
2020-11-30,11,153
2020-11-30,12,168
2020-11-30,13,167
2020-11-30,14,161
2020-11-30,15,208
2020-11-30,16,211
2020-11-30,17,205
2020-11-30,18,143
2020-11-30,19,125
2020-11-30,20,63
2020-11-30,21,53
2020-11-30,22,28
2020-11-30,23,18
2020-12-01,0,12
2020-12-01,1,9
2020-12-01,2,6
2020-12-01,3,6
2020-12-01,4,8
2020-12-01,5,16
2020-12-01,6,31
2020-12-01,7,124
2020-12-01,8,182
2020-12-01,9,187
2020-12-01,10,134
2020-12-01,11,144
2020-12-01,12,165
2020-12-01,13,130
2020-12-01,14,200
2020-12-01,15,193
2020-12-01,16,242
2020-12-01,17,212
2020-12-01,18,167
2020-12-01,19,120
2020-12-01,20,88
2020-12-01,21,53
2020-12-01,22,49
2020-12-01,23,27
2020-12-02,0,16
2020-12-02,1,12
2020-12-02,2,4
2020-12-02,3,8
2020-12-02,4,12
2020-12-02,5,12
2020-12-02,6,35
2020-12-02,7,105
2020-12-02,8,172
2020-12-02,9,170
2020-12-02,10,141
2020-12-02,11,164
2020-12-02,12,168
2020-12-02,13,172
2020-12-02,14,193
2020-12-02,15,189
2020-12-02,16,226
2020-12-02,17,217
2020-12-02,18,167
2020-12-02,19,124
2020-12-02,20,89
2020-12-02,21,60
2020-12-02,22,44
2020-12-02,23,31
2020-12-03,0,22
2020-12-03,1,16
2020-12-03,2,16
2020-12-03,3,4
2020-12-03,4,12
2020-12-03,5,16
2020-12-03,6,35
2020-12-03,7,102
2020-12-03,8,159
2020-12-03,9,168
2020-12-03,10,146
2020-12-03,11,164
2020-12-03,12,172
2020-12-03,13,188
2020-12-03,14,188
2020-12-03,15,206
2020-12-03,16,252
2020-12-03,17,212
2020-12-03,18,161
2020-12-03,19,96
2020-12-03,20,80
2020-12-03,21,50
2020-12-03,22,41
2020-12-03,23,30
2020-12-04,0,23
2020-12-04,1,7
2020-12-04,2,8
2020-12-04,3,7
2020-12-04,4,5
2020-12-04,5,15
2020-12-04,6,31
2020-12-04,7,105
2020-12-04,8,188
2020-12-04,9,202
2020-12-04,10,154
2020-12-04,11,158
2020-12-04,12,172
2020-12-04,13,229
2020-12-04,14,218
2020-12-04,15,238
2020-12-04,16,283
2020-12-04,17,216
2020-12-04,18,153
2020-12-04,19,126
2020-12-04,20,87
2020-12-04,21,65
2020-12-04,22,44
2020-12-04,23,30
2020-12-05,0,23
2020-12-05,1,16
2020-12-05,2,15
2020-12-05,3,7
2020-12-05,4,4
2020-12-05,5,8
2020-12-05,6,17
2020-12-05,7,53
2020-12-05,8,60
2020-12-05,9,104
2020-12-05,11,144
2020-12-05,12,177
2020-12-05,13,160
2020-12-05,14,190
2020-12-05,15,144
2020-12-05,16,176
2020-12-05,17,149
2020-12-05,18,111
2020-12-05,19,101
2020-12-05,20,66
2020-12-05,21,67
2020-12-05,22,42
2020-12-05,23,45
2020-12-06,0,22
2020-12-06,1,11
2020-12-06,2,7
2020-12-06,3,4
2020-12-06,4,8
2020-12-06,5,7
2020-12-06,6,13
2020-12-06,7,43
2020-12-06,8,42
2020-12-06,9,59
2020-12-06,10,93
2020-12-06,11,113
2020-12-06,12,115
2020-12-06,13,145
2020-12-06,14,166
2020-12-06,15,153
2020-12-06,16,111
2020-12-06,17,105
2020-12-06,18,95
2020-12-06,19,73
2020-12-06,20,60
2020-12-06,21,44
2020-12-06,22,29
2020-12-06,23,28
2020-12-07,0,11
2020-12-07,1,9
2020-12-07,2,5
2020-12-07,3,6
2020-12-07,4,6
2020-12-07,5,14
2020-12-07,6,29
2020-12-07,7,103
2020-12-07,8,150
2020-12-07,9,199
2020-12-07,10,153
2020-12-07,11,156
2020-12-07,12,166
2020-12-07,13,182
2020-12-07,14,171
2020-12-07,15,221
2020-12-07,16,249
2020-12-07,17,185
2020-12-07,18,145
2020-12-07,19,101
2020-12-07,20,64
2020-12-07,21,67
2020-12-07,22,32
2020-12-07,23,18
2020-12-08,0,15
2020-12-08,1,12
2020-12-08,2,5
2020-12-08,3,5
2020-12-08,4,6
2020-12-08,5,15
2020-12-08,6,34
2020-12-08,7,101
2020-12-08,8,187
2020-12-08,9,177
2020-12-08,10,143
2020-12-08,11,140
2020-12-08,12,164
2020-12-08,13,177
2020-12-08,14,173
2020-12-08,15,221
2020-12-08,16,261
2020-12-08,17,199
2020-12-08,18,153
2020-12-08,19,120
2020-12-08,20,73
2020-12-08,21,51
2020-12-08,22,28
2020-12-08,23,19
2020-12-09,0,8
2020-12-09,1,6
2020-12-09,2,3
2020-12-09,3,4
2020-12-09,4,5
2020-12-09,5,10
2020-12-09,6,44
2020-12-09,7,99
2020-12-09,8,178
2020-12-09,9,175
2020-12-09,10,144
2020-12-09,11,144
2020-12-09,12,180
2020-12-09,13,163
2020-12-09,14,181
2020-12-09,15,194
2020-12-09,16,222
2020-12-09,17,210
2020-12-09,18,144
2020-12-09,19,99
2020-12-09,20,82
2020-12-09,21,52
2020-12-09,22,24
2020-12-09,23,23
2020-12-10,0,10
2020-12-10,1,6
2020-12-10,2,5
2020-12-10,3,4
2020-12-10,4,6
2020-12-10,5,14
2020-12-10,6,34
2020-12-10,7,113
2020-12-10,8,183
2020-12-10,9,176
2020-12-10,10,130
2020-12-10,11,159
2020-12-10,12,181
2020-12-10,13,172
2020-12-10,14,195
2020-12-10,15,195
2020-12-10,16,248
2020-12-10,17,215
2020-12-10,18,172
2020-12-10,19,109
2020-12-10,20,86
2020-12-10,21,53
2020-12-10,22,30
2020-12-10,23,24
2020-12-11,0,12
2020-12-11,1,8
2020-12-11,2,7
2020-12-11,3,4
2020-12-11,4,0
2020-12-11,5,16
2020-12-11,6,35
2020-12-11,7,92
2020-12-11,8,159
2020-12-11,9,163
2020-12-11,10,160
2020-12-11,11,164
2020-12-11,12,181
2020-12-11,13,202
2020-12-11,14,203
2020-12-11,15,220
2020-12-11,16,230
2020-12-11,17,203
2020-12-11,18,155
2020-12-11,19,120
2020-12-11,20,96
2020-12-11,21,72
2020-12-11,22,58
2020-12-11,23,44
2020-12-12,0,36
2020-12-12,1,31
2020-12-12,2,16
2020-12-12,3,16
2020-12-12,4,12
2020-12-12,5,12
2020-12-12,6,21
2020-12-12,7,53
2020-12-12,8,71
2020-12-12,9,96
2020-12-12,10,136
2020-12-12,11,147
2020-12-12,12,160
2020-12-12,13,176
2020-12-12,14,184
2020-12-12,15,164
2020-12-12,16,172
2020-12-12,17,142
2020-12-12,18,120
2020-12-12,19,106
2020-12-12,20,72
2020-12-12,21,66
2020-12-12,22,62
2020-12-12,23,44
2020-12-13,0,40
2020-12-13,1,28
2020-12-13,2,21
2020-12-13,3,16
2020-12-13,4,16
2020-12-13,5,13
2020-12-13,6,16
2020-12-13,7,44
2020-12-13,8,40
2020-12-13,9,65
2020-12-13,10,92
2020-12-13,11,128
2020-12-13,12,145
2020-12-13,13,145
2020-12-13,14,168
2020-12-13,15,145
2020-12-13,16,128
2020-12-13,17,106
2020-12-13,18,92
2020-12-13,19,92
2020-12-13,20,76
2020-12-13,21,52
2020-12-13,22,56
2020-12-13,23,27
2020-12-14,0,21
2020-12-14,1,16
2020-12-14,2,12
2020-12-14,3,4
2020-12-14,4,8
2020-12-14,5,16
2020-12-14,6,36
2020-12-14,7,96
2020-12-14,8,150
2020-12-14,9,154
2020-12-14,10,145
2020-12-14,11,155
2020-12-14,12,168
2020-12-14,13,164
2020-12-14,14,184
2020-12-14,15,198
2020-12-14,16,225
2020-12-14,17,199
2020-12-14,18,150
2020-12-14,19,119
2020-12-14,20,71
2020-12-14,21,70
2020-12-14,22,44
2020-12-14,23,36
2020-12-15,0,16
2020-12-15,1,9
2020-12-15,2,12
2020-12-15,3,0
2020-12-15,4,0
2020-12-15,5,16
2020-12-15,6,35
2020-12-15,7,101
2020-12-15,8,172
2020-12-15,9,163
2020-12-15,10,142
2020-12-15,11,147
2020-12-15,12,172
2020-12-15,13,168
2020-12-15,14,185
2020-12-15,15,198
2020-12-15,16,252
2020-12-15,17,212
2020-12-15,18,164
2020-12-15,19,120
2020-12-15,20,88
2020-12-15,21,53
2020-12-15,22,49
2020-12-15,23,31
2020-12-16,0,16
2020-12-16,1,16
2020-12-16,2,4
2020-12-16,3,8
2020-12-16,4,12
2020-12-16,5,12
2020-12-16,6,36
2020-12-16,7,106
2020-12-16,8,167
2020-12-16,9,163
2020-12-16,10,145
2020-12-16,11,155
2020-12-16,12,176
2020-12-16,13,172
2020-12-16,14,188
2020-12-16,15,189
2020-12-16,16,227
2020-12-16,17,216
2020-12-16,18,159
2020-12-16,19,123
2020-12-16,20,93
2020-12-16,21,62
2020-12-16,22,44
2020-12-16,23,31
2020-12-17,0,22
2020-12-17,1,16
2020-12-17,2,16
2020-12-17,3,4
2020-12-17,4,12
2020-12-17,5,16
2020-12-17,6,36
2020-12-17,7,101
2020-12-17,8,163
2020-12-17,9,163
2020-12-17,10,141
2020-12-17,11,164
2020-12-17,12,48
2020-12-17,13,0
2020-12-17,14,0
2020-12-17,15,206
2020-12-17,16,238
2020-12-17,17,210
2020-12-17,18,172
2020-12-17,19,119
2020-12-17,20,92
2020-12-17,21,67
2020-12-17,22,48
2020-12-17,23,36
2020-12-18,0,21
2020-12-18,1,16
2020-12-18,2,16
2020-12-18,3,4
2020-12-18,4,0
2020-12-18,5,16
2020-12-18,6,35
2020-12-18,7,92
2020-12-18,8,159
2020-12-18,9,163
2020-12-18,10,159
2020-12-18,11,164
2020-12-18,12,180
2020-12-18,13,201
2020-12-18,14,202
2020-12-18,15,220
2020-12-18,16,230
2020-12-18,17,200
2020-12-18,18,155
2020-12-18,19,120
2020-12-18,20,96
2020-12-18,21,72
2020-12-18,22,58
2020-12-18,23,44
2020-12-19,0,36
2020-12-19,1,31
2020-12-19,2,16
2020-12-19,3,16
2020-12-19,4,12
2020-12-19,5,12
2020-12-19,6,21
2020-12-19,7,53
2020-12-19,8,71
2020-12-19,9,96
2020-12-19,10,136
2020-12-19,11,145
2020-12-19,12,160
2020-12-19,13,176
2020-12-19,14,184
2020-12-19,15,164
2020-12-19,16,172
2020-12-19,17,142
2020-12-19,18,120
2020-12-19,19,106
2020-12-19,20,72
2020-12-19,21,66
2020-12-19,22,60
2020-12-19,23,45
2020-12-20,0,40
2020-12-20,1,28
2020-12-20,2,21
2020-12-20,3,16
2020-12-20,4,16
2020-12-20,5,13
2020-12-20,6,16
2020-12-20,7,44
2020-12-20,8,40
2020-12-20,9,65
2020-12-20,10,92
2020-12-20,11,128
2020-12-20,12,145
2020-12-20,13,146
2020-12-20,14,168
2020-12-20,15,145
2020-12-20,16,128
2020-12-20,17,106
2020-12-20,18,92
2020-12-20,19,92
2020-12-20,20,76
2020-12-20,21,52
2020-12-20,22,56
2020-12-20,23,27
2020-12-21,0,21
2020-12-21,1,16
2020-12-21,2,12
2020-12-21,3,4
2020-12-21,4,8
2020-12-21,5,16
2020-12-21,6,36
2020-12-21,7,96
2020-12-21,8,150
2020-12-21,9,154
2020-12-21,10,145
2020-12-21,11,155
2020-12-21,12,168
2020-12-21,13,164
2020-12-21,14,184
2020-12-21,15,198
2020-12-21,16,225
2020-12-21,17,198
2020-12-21,18,151
2020-12-21,19,119
2020-12-21,20,72
2020-12-21,21,70
2020-12-21,22,44
2020-12-21,23,36
2020-12-22,0,16
2020-12-22,1,9
2020-12-22,2,12
2020-12-22,3,0
2020-12-22,4,0
2020-12-22,5,16
2020-12-22,6,35
2020-12-22,7,102
2020-12-22,8,172
2020-12-22,9,162
2020-12-22,10,142
2020-12-22,11,146
2020-12-22,12,172
2020-12-22,13,168
2020-12-22,14,184
2020-12-22,15,197
2020-12-22,16,252
2020-12-22,17,212
2020-12-22,18,163
2020-12-22,19,120
2020-12-22,20,88
2020-12-22,21,52
2020-12-22,22,49
2020-12-22,23,31
2020-12-23,0,16
2020-12-23,1,16
2020-12-23,2,4
2020-12-23,3,8
2020-12-23,4,12
2020-12-23,5,12
2020-12-23,6,36
2020-12-23,7,106
2020-12-23,8,167
2020-12-23,9,163
2020-12-23,10,146
2020-12-23,11,154
2020-12-23,12,176
2020-12-23,13,172
2020-12-23,14,188
2020-12-23,15,189
2020-12-23,16,239
2020-12-23,17,216
2020-12-23,18,159
2020-12-23,19,123
2020-12-23,20,93
2020-12-23,21,64
2020-12-23,22,44
2020-12-23,23,31
2020-12-24,0,22
2020-12-24,1,16
2020-12-24,2,16
2020-12-24,3,4
2020-12-24,4,12
2020-12-24,5,16
2020-12-24,6,36
2020-12-24,7,101
2020-12-24,8,163
2020-12-24,9,163
2020-12-24,10,141
2020-12-24,11,164
2020-12-24,12,172
2020-12-24,13,180
2020-12-24,14,189
2020-12-24,15,206
2020-12-24,16,238
2020-12-24,17,210
2020-12-24,18,172
2020-12-24,19,119
2020-12-24,20,92
2020-12-24,21,67
2020-12-24,22,48
2020-12-24,23,36
2020-12-25,0,22
2020-12-25,1,16
2020-12-25,2,16
2020-12-25,3,4
2020-12-25,4,0
2020-12-25,5,16
2020-12-25,6,35
2020-12-25,7,92
2020-12-25,8,158
2020-12-25,9,163
2020-12-25,10,159
2020-12-25,11,164
2020-12-25,12,180
2020-12-25,13,202
2020-12-25,14,202
2020-12-25,15,220
2020-12-25,16,230
2020-12-25,17,203
2020-12-25,18,155
2020-12-25,19,120
2020-12-25,20,96
2020-12-25,21,72
2020-12-25,22,58
2020-12-25,23,44
2020-12-26,0,36
2020-12-26,1,31
2020-12-26,2,16
2020-12-26,3,16
2020-12-26,4,12
2020-12-26,5,12
2020-12-26,6,21
2020-12-26,7,53
2020-12-26,8,71
2020-12-26,9,96
2020-12-26,10,136
2020-12-26,11,145
2020-12-26,12,159
2020-12-26,13,176
2020-12-26,14,184
2020-12-26,15,164
2020-12-26,16,172
2020-12-26,17,142
2020-12-26,18,120
2020-12-26,19,106
2020-12-26,20,72
2020-12-26,21,66
2020-12-26,22,62
2020-12-26,23,44
2020-12-27,0,40
2020-12-27,1,28
2020-12-27,2,21
2020-12-27,3,16
2020-12-27,4,16
2020-12-27,5,13
2020-12-27,6,16
2020-12-27,7,44
2020-12-27,8,40
2020-12-27,9,66
2020-12-27,10,92
2020-12-27,11,128
2020-12-27,12,146
2020-12-27,13,147
2020-12-27,14,168
2020-12-27,15,145
2020-12-27,16,128
2020-12-27,17,106
2020-12-27,18,92
2020-12-27,19,92
2020-12-27,20,76
2020-12-27,21,52
2020-12-27,22,56
2020-12-27,23,27
2020-12-28,0,21
2020-12-28,1,16
2020-12-28,2,12
2020-12-28,3,4
2020-12-28,4,8
2020-12-28,5,16
2020-12-28,6,36
2020-12-28,7,96
2020-12-28,8,150
2020-12-28,9,154
2020-12-28,10,145
2020-12-28,11,155
2020-12-28,12,168
2020-12-28,13,164
2020-12-28,14,184
2020-12-28,15,198
2020-12-28,16,225
2020-12-28,17,198
2020-12-28,18,151
2020-12-28,19,119
2020-12-28,20,71
2020-12-28,21,70
2020-12-28,22,44
2020-12-28,23,35
2020-12-29,0,16
2020-12-29,1,9
2020-12-29,2,12
2020-12-29,3,0
2020-12-29,4,0
2020-12-29,5,16
2020-12-29,6,36
2020-12-29,7,101
2020-12-29,8,172
2020-12-29,9,162
2020-12-29,10,141
2020-12-29,11,146
2020-12-29,12,172
2020-12-29,13,168
2020-12-29,14,184
2020-12-29,15,198
2020-12-29,16,252
2020-12-29,17,212
2020-12-29,18,164
2020-12-29,19,120
2020-12-29,20,88
2020-12-29,21,52
2020-12-29,22,49
2020-12-29,23,31
2020-12-30,0,16
2020-12-30,1,16
2020-12-30,2,4
2020-12-30,3,8
2020-12-30,4,12
2020-12-30,5,12
2020-12-30,6,35
2020-12-30,7,106
2020-12-30,8,168
2020-12-30,9,163
2020-12-30,10,145
2020-12-30,11,155
2020-12-30,12,176
2020-12-30,13,172
2020-12-30,14,189
2020-12-30,15,189
2020-12-30,16,226
2020-12-30,17,216
2020-12-30,18,159
2020-12-30,19,123
2020-12-30,20,93
2020-12-30,21,62
2020-12-30,22,44
2020-12-30,23,31
2020-12-31,0,22
2020-12-31,1,16
2020-12-31,2,16
2020-12-31,3,4
2020-12-31,4,12
2020-12-31,5,16
2020-12-31,6,36
2020-12-31,7,102
2020-12-31,8,163
2020-12-31,9,163
2020-12-31,10,140
2020-12-31,11,164
2020-12-31,12,172
2020-12-31,13,180
2020-12-31,14,189
2020-12-31,15,206
2020-12-31,16,238
2020-12-31,17,210
2020-12-31,18,172
2020-12-31,19,119
2020-12-31,20,92
2020-12-31,21,66
2020-12-31,22,48
2020-12-31,23,36
2021-01-01,0,22
2021-01-01,1,16
2021-01-01,2,16
2021-01-01,3,4
2021-01-01,4,0
2021-01-01,5,16
2021-01-01,6,35
2021-01-01,7,92
2021-01-01,8,159
2021-01-01,9,163
2021-01-01,10,159
2021-01-01,11,164
2021-01-01,12,180
2021-01-01,13,202
2021-01-01,14,202
2021-01-01,15,220
2021-01-01,16,230
2021-01-01,17,203
2021-01-01,18,155
2021-01-01,19,120
2021-01-01,20,96
2021-01-01,21,71
2021-01-01,22,58
2021-01-01,23,44
2021-01-02,0,36
2021-01-02,1,31
2021-01-02,2,16
2021-01-02,3,16
2021-01-02,4,12
2021-01-02,5,12
2021-01-02,6,21
2021-01-02,7,53
2021-01-02,8,71
2021-01-02,9,96
2021-01-02,10,136
2021-01-02,11,147
2021-01-02,12,160
2021-01-02,13,176
2021-01-02,14,184
2021-01-02,15,164
2021-01-02,16,172
2021-01-02,17,142
2021-01-02,18,120
2021-01-02,19,106
2021-01-02,20,72
2021-01-02,21,66
2021-01-02,22,62
2021-01-02,23,44
2021-01-03,0,40
2021-01-03,1,28
2021-01-03,2,21
2021-01-03,3,16
2021-01-03,4,16
2021-01-03,5,13
2021-01-03,6,16
2021-01-03,7,44
2021-01-03,8,40
2021-01-03,9,66
2021-01-03,10,92
2021-01-03,11,128
2021-01-03,12,145
2021-01-03,13,147
2021-01-03,14,168
2021-01-03,15,145
2021-01-03,16,128
2021-01-03,17,106
2021-01-03,18,92
2021-01-03,19,92
2021-01-03,20,76
2021-01-03,21,53
2021-01-03,22,56
2021-01-03,23,27
2021-01-04,0,21
2021-01-04,1,16
2021-01-04,2,12
2021-01-04,3,4
2021-01-04,4,8
2021-01-04,5,16
2021-01-04,6,36
2021-01-04,7,96
2021-01-04,8,150
2021-01-04,9,154
2021-01-04,10,145
2021-01-04,11,155
2021-01-04,12,168
2021-01-04,13,164
2021-01-04,14,184
2021-01-04,15,198
2021-01-04,16,225
2021-01-04,17,198
2021-01-04,18,150
2021-01-04,19,119
2021-01-04,20,72
2021-01-04,21,70
2021-01-04,22,44
2021-01-04,23,36
2021-01-05,0,16
2021-01-05,1,9
2021-01-05,2,12
2021-01-05,3,0
2021-01-05,4,0
2021-01-05,5,16
2021-01-05,6,36
2021-01-05,7,101
2021-01-05,8,172
2021-01-05,9,163
2021-01-05,10,142
2021-01-05,11,147
2021-01-05,12,172
2021-01-05,13,168
2021-01-05,14,185
2021-01-05,15,198
2021-01-05,16,252
2021-01-05,17,207
2021-01-05,18,163
2021-01-05,19,120
2021-01-05,20,88
2021-01-05,21,52
2021-01-05,22,48
2021-01-05,23,31
2021-01-06,0,16
2021-01-06,1,16
2021-01-06,2,4
2021-01-06,3,8
2021-01-06,4,12
2021-01-06,5,12
2021-01-06,6,36
2021-01-06,7,106
2021-01-06,8,168
2021-01-06,9,163
2021-01-06,10,145
2021-01-06,11,150
2021-01-06,12,176
2021-01-06,13,173
2021-01-06,14,188
2021-01-06,15,189
2021-01-06,16,227
2021-01-06,17,217
2021-01-06,18,159
2021-01-06,19,123
2021-01-06,20,93
2021-01-06,21,59
2021-01-06,22,44
2021-01-06,23,31
2021-01-07,0,22
2021-01-07,1,16
2021-01-07,2,16
2021-01-07,3,4
2021-01-07,4,12
2021-01-07,5,16
2021-01-07,6,36
2021-01-07,7,102
2021-01-07,8,163
2021-01-07,9,163
2021-01-07,10,107
2021-01-07,11,130
2021-01-07,12,110
2021-01-07,13,127
2021-01-07,14,146
2021-01-07,15,153
2021-01-07,16,161
2021-01-07,17,163
2021-01-07,18,117
2021-01-07,19,84
2021-01-07,20,51
2021-01-07,21,39
2021-01-07,22,26
2021-01-07,23,24
2021-01-08,0,15
2021-01-08,1,6
2021-01-08,2,11
2021-01-08,3,4
2021-01-08,4,10
2021-01-08,5,6
2021-01-08,6,22
2021-01-08,7,72
2021-01-08,8,127
2021-01-08,9,105
2021-01-08,10,125
2021-01-08,11,137
2021-01-08,12,140
2021-01-08,13,161
2021-01-08,14,163
2021-01-08,15,182
2021-01-08,16,190
2021-01-08,17,184
2021-01-08,18,118
2021-01-08,19,103
2021-01-08,20,71
2021-01-08,21,39
2021-01-08,22,39
2021-01-08,23,12
2021-01-09,0,10
2021-01-09,1,17
2021-01-09,2,16
2021-01-09,3,16
2021-01-09,4,12
2021-01-09,5,12
2021-01-09,6,21
2021-01-09,7,53
2021-01-09,8,71
2021-01-09,9,96
2021-01-09,10,136
2021-01-09,11,145
2021-01-09,12,160
2021-01-09,13,176
2021-01-09,14,184
2021-01-09,15,164
2021-01-09,16,172
2021-01-09,17,142
2021-01-09,18,120
2021-01-09,19,106
2021-01-09,20,72
2021-01-09,21,66
2021-01-09,22,60
2021-01-09,23,45
2021-01-10,0,40
2021-01-10,1,28
2021-01-10,2,21
2021-01-10,3,16
2021-01-10,4,16
2021-01-10,5,13
2021-01-10,6,16
2021-01-10,7,44
2021-01-10,8,40
2021-01-10,9,66
2021-01-10,10,92
2021-01-10,11,128
2021-01-10,12,146
2021-01-10,13,147
2021-01-10,14,168
2021-01-10,15,145
2021-01-10,16,128
2021-01-10,17,106
2021-01-10,18,92
2021-01-10,19,92
2021-01-10,20,76
2021-01-10,21,52
2021-01-10,22,56
2021-01-10,23,27
2021-01-11,0,21
2021-01-11,1,16
2021-01-11,2,12
2021-01-11,3,4
2021-01-11,4,8
2021-01-11,5,16
2021-01-11,6,31
2021-01-11,7,96
2021-01-11,8,150
2021-01-11,9,154
2021-01-11,10,145
2021-01-11,11,155
2021-01-11,12,168
2021-01-11,13,164
2021-01-11,14,184
2021-01-11,15,198
2021-01-11,16,225
2021-01-11,17,198
2021-01-11,18,150
2021-01-11,19,119
2021-01-11,20,72
2021-01-11,21,70
2021-01-11,22,44
2021-01-11,23,36
2021-01-12,0,16
2021-01-12,1,9
2021-01-12,2,12
2021-01-12,3,0
2021-01-12,4,0
2021-01-12,5,16
2021-01-12,6,35
2021-01-12,7,101
2021-01-12,8,172
2021-01-12,9,163
2021-01-12,10,141
2021-01-12,11,147
2021-01-12,12,172
2021-01-12,13,168
2021-01-12,14,185
2021-01-12,15,198
2021-01-12,16,252
2021-01-12,17,212
2021-01-12,18,164
2021-01-12,19,120
2021-01-12,20,88
2021-01-12,21,52
2021-01-12,22,49
2021-01-12,23,31
2021-01-13,0,16
2021-01-13,1,16
2021-01-13,2,4
2021-01-13,3,8
2021-01-13,4,12
2021-01-13,5,12
2021-01-13,6,36
2021-01-13,7,106
2021-01-13,8,168
2021-01-13,9,163
2021-01-13,10,146
2021-01-13,11,155
2021-01-13,12,176
2021-01-13,13,172
2021-01-13,14,188
2021-01-13,15,189
2021-01-13,16,227
2021-01-13,17,216
2021-01-13,18,159
2021-01-13,19,123
2021-01-13,20,93
2021-01-13,21,62
2021-01-13,22,44
2021-01-13,23,31
2021-01-14,0,22
2021-01-14,1,16
2021-01-14,2,16
2021-01-14,3,4
2021-01-14,4,12
2021-01-14,5,16
2021-01-14,6,36
2021-01-14,7,101
2021-01-14,8,163
2021-01-14,9,163
2021-01-14,10,137
2021-01-14,11,115
2021-01-14,12,164
2021-01-14,13,176
2021-01-14,14,188
2021-01-14,15,197
2021-01-14,16,174
2021-01-14,17,147
2021-01-14,18,129
2021-01-14,19,75
2021-01-14,20,51
2021-01-14,21,39
2021-01-14,22,38
2021-01-14,23,22
2021-01-15,0,13
2021-01-15,1,5
2021-01-15,2,3
2021-01-15,3,4
2021-01-15,4,5
2021-01-15,5,13
2021-01-15,6,28
2021-01-15,7,85
2021-01-15,8,119
2021-01-15,9,109
2021-01-15,10,134
2021-01-15,11,128
2021-01-15,12,135
2021-01-15,13,157
2021-01-15,14,190
2021-01-15,15,159
2021-01-15,16,171
2021-01-15,17,168
2021-01-15,18,130
2021-01-15,19,97
2021-01-15,20,70
2021-01-15,21,54
2021-01-15,22,35
2021-01-15,23,23
2021-01-16,0,12
2021-01-16,1,10
2021-01-16,2,7
2021-01-16,3,9
2021-01-16,4,7
2021-01-16,5,8
2021-01-16,6,18
2021-01-16,7,40
2021-01-16,8,41
2021-01-16,9,62
2021-01-16,10,89
2021-01-16,11,108
2021-01-16,12,123
2021-01-16,13,134
2021-01-16,14,141
2021-01-16,15,129
2021-01-16,16,118
2021-01-16,17,107
2021-01-16,18,86
2021-01-16,19,80
2021-01-16,20,61
2021-01-16,21,43
2021-01-16,22,27
2021-01-16,23,16
2021-01-17,0,17
2021-01-17,1,24
2021-01-17,2,21
2021-01-17,3,16
2021-01-17,4,16
2021-01-17,5,13
2021-01-17,6,16
2021-01-17,7,44
2021-01-17,8,40
2021-01-17,9,65
2021-01-17,10,92
2021-01-17,11,128
2021-01-17,12,146
2021-01-17,13,147
2021-01-17,14,168
2021-01-17,15,145
2021-01-17,16,128
2021-01-17,17,106
2021-01-17,18,92
2021-01-17,19,92
2021-01-17,20,76
2021-01-17,21,52
2021-01-17,22,56
2021-01-17,23,27
2021-01-18,0,21
2021-01-18,1,16
2021-01-18,2,12
2021-01-18,3,4
2021-01-18,4,8
2021-01-18,5,16
2021-01-18,6,36
2021-01-18,7,96
2021-01-18,8,150
2021-01-18,9,154
2021-01-18,10,145
2021-01-18,11,155
2021-01-18,12,168
2021-01-18,13,164
2021-01-18,14,184
2021-01-18,15,198
2021-01-18,16,225
2021-01-18,17,199
2021-01-18,18,151
2021-01-18,19,119
2021-01-18,20,71
2021-01-18,21,70
2021-01-18,22,44
2021-01-18,23,36
2021-01-19,0,16
2021-01-19,1,9
2021-01-19,2,12
2021-01-19,3,0
2021-01-19,4,0
2021-01-19,5,16
2021-01-19,6,35
2021-01-19,7,101
2021-01-19,8,172
2021-01-19,9,163
2021-01-19,10,142
2021-01-19,11,146
2021-01-19,12,172
2021-01-19,13,168
2021-01-19,14,185
2021-01-19,15,198
2021-01-19,16,252
2021-01-19,17,212
2021-01-19,18,164
2021-01-19,19,120
2021-01-19,20,88
2021-01-19,21,52
2021-01-19,22,49
2021-01-19,23,31
2021-01-20,0,16
2021-01-20,1,16
2021-01-20,2,4
2021-01-20,3,8
2021-01-20,4,12
2021-01-20,5,14
2021-01-20,6,36
2021-01-20,7,106
2021-01-20,8,168
2021-01-20,9,163
2021-01-20,10,145
2021-01-20,11,154
2021-01-20,12,176
2021-01-20,13,172
2021-01-20,14,188
2021-01-20,15,189
2021-01-20,16,226
2021-01-20,17,216
2021-01-20,18,163
2021-01-20,19,123
2021-01-20,20,93
2021-01-20,21,64
2021-01-20,22,44
2021-01-20,23,31
2021-01-21,0,21
2021-01-21,1,16
2021-01-21,2,16
2021-01-21,3,4
2021-01-21,4,12
2021-01-21,5,16
2021-01-21,6,36
2021-01-21,7,101
2021-01-21,8,163
2021-01-21,9,163
2021-01-21,10,137
2021-01-21,11,155
2021-01-21,12,164
2021-01-21,13,164
2021-01-21,14,172
2021-01-21,15,196
2021-01-21,16,203
2021-01-21,17,198
2021-01-21,18,156
2021-01-21,19,100
2021-01-21,20,80
2021-01-21,21,62
2021-01-21,22,48
2021-01-21,23,36
2021-01-22,0,18
2021-01-22,1,16
2021-01-22,2,16
2021-01-22,3,4
2021-01-22,4,0
2021-01-22,5,16
2021-01-22,6,31
2021-01-22,7,84
2021-01-22,8,145
2021-01-22,9,141
2021-01-22,10,137
2021-01-22,11,150
2021-01-22,12,160
2021-01-22,13,180
2021-01-22,14,189
2021-01-22,15,199
2021-01-22,16,211
2021-01-22,17,187
2021-01-22,18,142
2021-01-22,19,111
2021-01-22,20,80
2021-01-22,21,72
2021-01-22,22,49
2021-01-22,23,40
2021-01-23,0,32
2021-01-23,1,26
2021-01-23,2,16
2021-01-23,3,16
2021-01-23,4,12
2021-01-23,5,12
2021-01-23,6,21
2021-01-23,7,49
2021-01-23,8,57
2021-01-23,9,84
2021-01-23,10,119
2021-01-23,11,136
2021-01-23,12,150
2021-01-23,13,164
2021-01-23,14,176
2021-01-23,15,159
2021-01-23,16,159
2021-01-23,17,128
2021-01-23,18,106
2021-01-23,19,92
2021-01-23,20,64
2021-01-23,21,67
2021-01-23,22,53
2021-01-23,23,36
2021-01-24,0,40
2021-01-24,1,28
2021-01-24,2,21
2021-01-24,3,16
2021-01-24,4,12
2021-01-24,5,13
2021-01-24,6,16
2021-01-24,7,40
2021-01-24,8,40
2021-01-24,9,66
2021-01-24,10,92
2021-01-24,11,128
2021-01-24,12,141
2021-01-24,13,145
2021-01-24,14,160
2021-01-24,15,145
2021-01-24,16,128
2021-01-24,17,106
2021-01-24,18,92
2021-01-24,19,92
2021-01-24,20,72
2021-01-24,21,53
2021-01-24,22,56
2021-01-24,23,27
2021-01-25,0,21
2021-01-25,1,16
2021-01-25,2,8
2021-01-25,3,0
2021-01-25,4,8
2021-01-25,5,16
2021-01-25,6,30
2021-01-25,7,92
2021-01-25,8,150
2021-01-25,9,154
2021-01-25,10,136
2021-01-25,11,150
2021-01-25,12,164
2021-01-25,13,164
2021-01-25,14,180
2021-01-25,15,189
2021-01-25,16,221
2021-01-25,17,198
2021-01-25,18,143
2021-01-25,19,124
2021-01-25,20,71
2021-01-25,21,70
2021-01-25,22,44
2021-01-25,23,40
2021-01-26,0,16
2021-01-26,1,9
2021-01-26,2,8
2021-01-26,3,0
2021-01-26,4,0
2021-01-26,5,16
2021-01-26,6,36
2021-01-26,7,102
2021-01-26,8,172
2021-01-26,9,163
2021-01-26,10,138
2021-01-26,11,148
2021-01-26,12,172
2021-01-26,13,163
2021-01-26,14,176
2021-01-26,15,189
2021-01-26,16,233
2021-01-26,17,207
2021-01-26,18,159
2021-01-26,19,120
2021-01-26,20,84
2021-01-26,21,52
2021-01-26,22,44
2021-01-26,23,26
2021-01-27,0,16
2021-01-27,1,12
2021-01-27,2,4
2021-01-27,3,4
2021-01-27,4,12
2021-01-27,5,12
2021-01-27,6,35
2021-01-27,7,106
2021-01-27,8,163
2021-01-27,9,163
2021-01-27,10,132
2021-01-27,11,154
2021-01-27,12,172
2021-01-27,13,172
2021-01-27,14,188
2021-01-27,15,183
2021-01-27,16,221
2021-01-27,17,217
2021-01-27,18,151
2021-01-27,19,123
2021-01-27,20,89
2021-01-27,21,57
2021-01-27,22,44
2021-01-27,23,31
2021-01-28,0,22
2021-01-28,1,16
2021-01-28,2,12
2021-01-28,3,4
2021-01-28,4,12
2021-01-28,5,16
2021-01-28,6,32
2021-01-28,7,100
2021-01-28,8,163
2021-01-28,9,150
2021-01-28,10,141
2021-01-28,11,136
2021-01-28,12,160
2021-01-28,13,168
2021-01-28,14,176
2021-01-28,15,193
2021-01-28,16,208
2021-01-28,17,194
2021-01-28,18,151
2021-01-28,19,100
2021-01-28,20,88
2021-01-28,21,62
2021-01-28,22,48
2021-01-28,23,31
2021-01-29,0,18
2021-01-29,1,16
2021-01-29,2,16
2021-01-29,3,8
2021-01-29,4,0
2021-01-29,5,16
2021-01-29,6,31
2021-01-29,7,89
2021-01-29,8,145
2021-01-29,9,141
2021-01-29,10,142
2021-01-29,11,150
2021-01-29,12,164
2021-01-29,13,176
2021-01-29,14,197
2021-01-29,15,199
2021-01-29,16,207
2021-01-29,17,191
2021-01-29,18,146
2021-01-29,19,119
2021-01-29,20,80
2021-01-29,21,72
2021-01-29,22,48
2021-01-29,23,40
2021-01-30,0,36
2021-01-30,1,26
2021-01-30,2,16
2021-01-30,3,16
2021-01-30,4,12
2021-01-30,5,12
2021-01-30,6,21
2021-01-30,7,49
2021-01-30,8,62
2021-01-30,9,84
2021-01-30,10,124
2021-01-30,11,137
2021-01-30,12,152
2021-01-30,13,164
2021-01-30,14,176
2021-01-30,15,160
2021-01-30,16,155
2021-01-30,17,137
2021-01-30,18,116
2021-01-30,19,92
2021-01-30,20,67
2021-01-30,21,66
2021-01-30,22,53
2021-01-30,23,40
2021-01-31,0,40
2021-01-31,1,28
2021-01-31,2,21
2021-01-31,3,16
2021-01-31,4,16
2021-01-31,5,13
2021-01-31,6,16
2021-01-31,7,44
2021-01-31,8,36
2021-01-31,9,62
2021-01-31,10,92
2021-01-31,11,128
2021-01-31,12,146
2021-01-31,13,147
2021-01-31,14,160
2021-01-31,15,145
2021-01-31,16,128
2021-01-31,17,105
2021-01-31,18,92
2021-01-31,19,88
2021-01-31,20,71
2021-01-31,21,52
2021-01-31,22,56
2021-01-31,23,27
2021-02-01,0,21
2021-02-01,1,16
2021-02-01,2,12
2021-02-01,3,0
2021-02-01,4,8
2021-02-01,5,12
2021-02-01,6,31
2021-02-01,7,96
2021-02-01,8,150
2021-02-01,9,154
2021-02-01,10,136
2021-02-01,11,155
2021-02-01,12,164
2021-02-01,13,160
2021-02-01,14,184
2021-02-01,15,193
2021-02-01,16,217
2021-02-01,17,190
2021-02-01,18,143
2021-02-01,19,119
2021-02-01,20,71
2021-02-01,21,70
2021-02-01,22,44
2021-02-01,23,36
2021-02-02,0,16
2021-02-02,1,9
2021-02-02,2,12
2021-02-02,3,0
2021-02-02,4,0
2021-02-02,5,16
2021-02-02,6,36
2021-02-02,7,101
2021-02-02,8,172
2021-02-02,9,163
2021-02-02,10,142
2021-02-02,11,145
2021-02-02,12,172
2021-02-02,13,168
2021-02-02,14,140
2021-02-02,15,150
2021-02-02,16,252
2021-02-02,17,212
2021-02-02,18,164
2021-02-02,19,120
2021-02-02,20,88
2021-02-02,21,52
2021-02-02,22,49
2021-02-02,23,31
2021-02-03,0,16
2021-02-03,1,16
2021-02-03,2,4
2021-02-03,3,8
2021-02-03,4,12
2021-02-03,5,12
2021-02-03,6,36
2021-02-03,7,106
2021-02-03,8,168
2021-02-03,9,163
2021-02-03,10,145
2021-02-03,11,155
2021-02-03,12,168
2021-02-03,13,168
2021-02-03,14,188
2021-02-03,15,184
2021-02-03,16,223
2021-02-03,17,211
2021-02-03,18,163
2021-02-03,19,119
2021-02-03,20,85
2021-02-03,21,57
2021-02-03,22,44
2021-02-03,23,36
2021-02-04,0,26
2021-02-04,1,16
2021-02-04,2,12
2021-02-04,3,4
2021-02-04,4,8
2021-02-04,5,16
2021-02-04,6,32
2021-02-04,7,101
2021-02-04,8,167
2021-02-04,9,158
2021-02-04,10,132
2021-02-04,11,150
2021-02-04,12,164
2021-02-04,13,164
2021-02-04,14,172
2021-02-04,15,197
2021-02-04,16,212
2021-02-04,17,202
2021-02-04,18,150
2021-02-04,19,104
2021-02-04,20,84
2021-02-04,21,57
2021-02-04,22,48
2021-02-04,23,32
2021-02-05,0,18
2021-02-05,1,16
2021-02-05,2,16
2021-02-05,3,4
2021-02-05,4,0
2021-02-05,5,16
2021-02-05,6,30
2021-02-05,7,89
2021-02-05,8,145
2021-02-05,9,141
2021-02-05,10,152
2021-02-05,11,150
2021-02-05,12,168
2021-02-05,13,185
2021-02-05,14,193
2021-02-05,15,203
2021-02-05,16,211
2021-02-05,17,191
2021-02-05,18,150
2021-02-05,19,119
2021-02-05,20,80
2021-02-05,21,68
2021-02-05,22,48
2021-02-05,23,40
2021-02-06,0,36
2021-02-06,1,26
2021-02-06,2,16
2021-02-06,3,16
2021-02-06,4,12
2021-02-06,5,12
2021-02-06,6,21
2021-02-06,7,49
2021-02-06,8,56
2021-02-06,9,88
2021-02-06,10,124
2021-02-06,11,136
2021-02-06,12,150
2021-02-06,13,168
2021-02-06,14,176
2021-02-06,15,159
2021-02-06,16,159
2021-02-06,17,128
2021-02-06,18,111
2021-02-06,19,92
2021-02-06,20,67
2021-02-06,21,66
2021-02-06,22,53
2021-02-06,23,40
2021-02-07,0,40
2021-02-07,1,28
2021-02-07,2,21
2021-02-07,3,16
2021-02-07,4,16
2021-02-07,5,13
2021-02-07,6,16
2021-02-07,7,44
2021-02-07,8,40
2021-02-07,9,66
2021-02-07,10,88
2021-02-07,11,124
2021-02-07,12,146
2021-02-07,13,145
2021-02-07,14,160
2021-02-07,15,145
2021-02-07,16,128
2021-02-07,17,105
2021-02-07,18,92
2021-02-07,19,88
2021-02-07,20,66
2021-02-07,21,52
2021-02-07,22,56
2021-02-07,23,27
2021-02-08,0,21
2021-02-08,1,16
2021-02-08,2,12
2021-02-08,3,0
2021-02-08,4,8
2021-02-08,5,12
2021-02-08,6,31
2021-02-08,7,96
2021-02-08,8,150
2021-02-08,9,149
2021-02-08,10,140
2021-02-08,11,155
2021-02-08,12,164
2021-02-08,13,160
2021-02-08,14,180
2021-02-08,15,193
2021-02-08,16,225
2021-02-08,17,194
2021-02-08,18,150
2021-02-08,19,119
2021-02-08,20,84
2021-02-08,21,75
2021-02-08,22,44
2021-02-08,23,40
2021-02-09,0,16
2021-02-09,1,9
2021-02-09,2,8
2021-02-09,3,0
2021-02-09,4,0
2021-02-09,5,16
2021-02-09,6,32
2021-02-09,7,115
2021-02-09,8,180
2021-02-09,9,162
2021-02-09,10,146
2021-02-09,11,147
2021-02-09,12,168
2021-02-09,13,160
2021-02-09,14,180
2021-02-09,15,189
2021-02-09,16,242
2021-02-09,17,207
2021-02-09,18,159
2021-02-09,19,120
2021-02-09,20,88
2021-02-09,21,57
2021-02-09,22,44
2021-02-09,23,31
2021-02-10,0,16
2021-02-10,1,16
2021-02-10,2,4
2021-02-10,3,4
2021-02-10,4,8
2021-02-10,5,12
2021-02-10,6,36
2021-02-10,7,106
2021-02-10,8,172
2021-02-10,9,164
2021-02-10,10,142
2021-02-10,11,151
2021-02-10,12,172
2021-02-10,13,168
2021-02-10,14,188
2021-02-10,15,189
2021-02-10,16,222
2021-02-10,17,217
2021-02-10,18,159
2021-02-10,19,123
2021-02-10,20,97
2021-02-10,21,57
2021-02-10,22,44
2021-02-10,23,31
2021-02-11,0,17
2021-02-11,1,16
2021-02-11,2,16
2021-02-11,3,4
2021-02-11,4,8
2021-02-11,5,16
2021-02-11,6,35
2021-02-11,7,101
2021-02-11,8,163
2021-02-11,9,158
2021-02-11,10,137
2021-02-11,11,155
2021-02-11,12,160
2021-02-11,13,172
2021-02-11,14,176
2021-02-11,15,197
2021-02-11,16,208
2021-02-11,17,194
2021-02-11,18,155
2021-02-11,19,109
2021-02-11,20,93
2021-02-11,21,62
2021-02-11,22,48
2021-02-11,23,36
2021-02-12,0,18
2021-02-12,1,16
2021-02-12,2,12
2021-02-12,3,4
2021-02-12,4,0
2021-02-12,5,16
2021-02-12,6,30
2021-02-12,7,89
2021-02-12,8,145
2021-02-12,9,145
2021-02-12,10,150
2021-02-12,11,150
2021-02-12,12,160
2021-02-12,13,184
2021-02-12,14,197
2021-02-12,15,204
2021-02-12,16,211
2021-02-12,17,191
2021-02-12,18,150
2021-02-12,19,119
2021-02-12,20,84
2021-02-12,21,72
2021-02-12,22,48
2021-02-12,23,44
2021-02-13,0,36
2021-02-13,1,31
2021-02-13,2,16
2021-02-13,3,16
2021-02-13,4,12
2021-02-13,5,12
2021-02-13,6,21
2021-02-13,7,53
2021-02-13,8,62
2021-02-13,9,88
2021-02-13,10,124
2021-02-13,11,141
2021-02-13,12,151
2021-02-13,13,168
2021-02-13,14,172
2021-02-13,15,156
2021-02-13,16,155
2021-02-13,17,132
2021-02-13,18,110
2021-02-13,19,96
2021-02-13,20,67
2021-02-13,21,66
2021-02-13,22,53
2021-02-13,23,44
2021-02-14,0,40
2021-02-14,1,28
2021-02-14,2,21
2021-02-14,3,16
2021-02-14,4,16
2021-02-14,5,13
2021-02-14,6,16
2021-02-14,7,44
2021-02-14,8,40
2021-02-14,9,66
2021-02-14,10,92
2021-02-14,11,128
2021-02-14,12,147
2021-02-14,13,147
2021-02-14,14,164
2021-02-14,15,145
2021-02-14,16,128
2021-02-14,17,107
2021-02-14,18,87
2021-02-14,19,93
2021-02-14,20,76
2021-02-14,21,52
2021-02-14,22,56
2021-02-14,23,32
2021-02-15,0,21
2021-02-15,1,16
2021-02-15,2,12
2021-02-15,3,8
2021-02-15,4,8
2021-02-15,5,8
2021-02-15,6,31
2021-02-15,7,96
2021-02-15,8,150
2021-02-15,9,159
2021-02-15,10,105
2021-02-15,11,0
2021-02-15,12,0
2021-02-15,13,0
2021-02-15,14,0
2021-02-15,15,0
2021-02-15,16,0
2021-02-15,17,0
2021-02-15,18,0
2021-02-15,19,0
2021-02-15,20,0
2021-02-15,21,71
2021-02-15,22,44
2021-02-15,23,36
2021-02-16,0,16
2021-02-16,1,5
2021-02-16,2,12
2021-02-16,3,0
2021-02-16,4,0
2021-02-16,5,16
2021-02-16,6,32
2021-02-16,7,101
2021-02-16,8,168
2021-02-16,9,162
2021-02-16,10,137
2021-02-16,11,145
2021-02-16,12,168
2021-02-16,13,168
2021-02-16,14,185
2021-02-16,15,193
2021-02-16,16,242
2021-02-16,17,215
2021-02-16,18,163
2021-02-16,19,124
2021-02-16,20,88
2021-02-16,21,57
2021-02-16,22,44
2021-02-16,23,31
2021-02-17,0,16
2021-02-17,1,16
2021-02-17,2,4
2021-02-17,3,0
2021-02-17,4,12
2021-02-17,5,12
2021-02-17,6,36
2021-02-17,7,105
2021-02-17,8,159
2021-02-17,9,159
2021-02-17,10,142
2021-02-17,11,150
2021-02-17,12,172
2021-02-17,13,172
2021-02-17,14,184
2021-02-17,15,188
2021-02-17,16,227
2021-02-17,17,215
2021-02-17,18,163
2021-02-17,19,123
2021-02-17,20,92
2021-02-17,21,62
2021-02-17,22,44
2021-02-17,23,31
2021-02-18,0,22
2021-02-18,1,16
2021-02-18,2,12
2021-02-18,3,4
2021-02-18,4,12
2021-02-18,5,16
2021-02-18,6,32
2021-02-18,7,101
2021-02-18,8,163
2021-02-18,9,163
2021-02-18,10,132
2021-02-18,11,155
2021-02-18,12,164
2021-02-18,13,168
2021-02-18,14,180
2021-02-18,15,193
2021-02-18,16,208
2021-02-18,17,203
2021-02-18,18,150
2021-02-18,19,104
2021-02-18,20,88
2021-02-18,21,62
2021-02-18,22,52
2021-02-18,23,32
2021-02-19,0,17
2021-02-19,1,16
2021-02-19,2,16
2021-02-19,3,8
2021-02-19,4,0
2021-02-19,5,16
2021-02-19,6,30
2021-02-19,7,84
2021-02-19,8,145
2021-02-19,9,145
2021-02-19,10,137
2021-02-19,11,150
2021-02-19,12,164
2021-02-19,13,180
2021-02-19,14,189
2021-02-19,15,208
2021-02-19,16,211
2021-02-19,17,191
2021-02-19,18,142
2021-02-19,19,115
2021-02-19,20,80
2021-02-19,21,72
2021-02-19,22,53
2021-02-19,23,44
2021-02-20,0,36
2021-02-20,1,26
2021-02-20,2,16
2021-02-20,3,16
2021-02-20,4,12
2021-02-20,5,12
2021-02-20,6,21
2021-02-20,7,53
2021-02-20,8,57
2021-02-20,9,88
2021-02-20,10,124
2021-02-20,11,140
2021-02-20,12,151
2021-02-20,13,160
2021-02-20,14,180
2021-02-20,15,156
2021-02-20,16,159
2021-02-20,17,136
2021-02-20,18,111
2021-02-20,19,92
2021-02-20,20,68
2021-02-20,21,68
2021-02-20,22,53
2021-02-20,23,44
2021-02-21,0,40
2021-02-21,1,22
2021-02-21,2,21
2021-02-21,3,16
2021-02-21,4,16
2021-02-21,5,8
2021-02-21,6,16
2021-02-21,7,44
2021-02-21,8,40
2021-02-21,9,61
2021-02-21,10,92
2021-02-21,11,128
2021-02-21,12,151
2021-02-21,13,147
2021-02-21,14,168
2021-02-21,15,146
2021-02-21,16,128
2021-02-21,17,106
2021-02-21,18,92
2021-02-21,19,92
2021-02-21,20,72
2021-02-21,21,52
2021-02-21,22,56
2021-02-21,23,28
2021-02-22,0,21
2021-02-22,1,16
2021-02-22,2,12
2021-02-22,3,0
2021-02-22,4,8
2021-02-22,5,8
2021-02-22,6,35
2021-02-22,7,100
2021-02-22,8,150
2021-02-22,9,154
2021-02-22,10,145
2021-02-22,11,155
2021-02-22,12,168
2021-02-22,13,164
2021-02-22,14,180
2021-02-22,15,202
2021-02-22,16,225
2021-02-22,17,198
2021-02-22,18,147
2021-02-22,19,115
2021-02-22,20,71
2021-02-22,21,70
2021-02-22,22,44
2021-02-22,23,36
2021-02-23,0,16
2021-02-23,1,9
2021-02-23,2,12
2021-02-23,3,0
2021-02-23,4,0
2021-02-23,5,11
2021-02-23,8,171
2021-02-23,9,163
2021-02-23,10,141
2021-02-23,11,147
2021-02-23,12,172
2021-02-23,13,163
2021-02-23,14,180
2021-02-23,15,193
2021-02-23,16,242
2021-02-23,17,216
2021-02-23,18,163
2021-02-23,19,120
2021-02-23,20,88
2021-02-23,21,52
2021-02-23,22,44
2021-02-23,23,27
2021-02-24,0,16
2021-02-24,1,16
2021-02-24,2,4
2021-02-24,3,8
2021-02-24,4,12
2021-02-24,5,12
2021-02-24,6,36
2021-02-24,7,105
2021-02-24,8,168
2021-02-24,9,168
2021-02-24,10,138
2021-02-24,11,154
2021-02-24,12,172
2021-02-24,13,172
2021-02-24,14,192
2021-02-24,15,188
2021-02-24,16,227
2021-02-24,17,220
2021-02-24,18,163
2021-02-24,19,123
2021-02-24,20,93
2021-02-24,21,62
2021-02-24,22,44
2021-02-24,23,31
2021-02-25,0,16
2021-02-25,1,16
2021-02-25,2,12
2021-02-25,3,4
2021-02-25,4,12
2021-02-25,5,16
2021-02-25,6,31
2021-02-25,7,102
2021-02-25,8,163
2021-02-25,9,163
2021-02-25,10,135
2021-02-25,11,155
2021-02-25,12,160
2021-02-25,13,172
2021-02-25,14,184
2021-02-25,15,197
2021-02-25,16,208
2021-02-25,17,194
2021-02-25,18,155
2021-02-25,19,109
2021-02-25,20,88
2021-02-25,21,62
2021-02-25,22,48
2021-02-25,23,32
2021-02-26,0,18
2021-02-26,1,16
2021-02-26,2,16
2021-02-26,3,4
2021-02-26,4,0
2021-02-26,5,16
2021-02-26,6,30
2021-02-26,7,93
2021-02-26,8,145
2021-02-26,9,145
2021-02-26,10,143
2021-02-26,11,146
2021-02-26,12,164
2021-02-26,13,184
2021-02-26,14,193
2021-02-26,15,203
2021-02-26,16,207
2021-02-26,17,191
2021-02-26,18,150
2021-02-26,19,115
2021-02-26,20,84
2021-02-26,21,72
2021-02-26,22,52
2021-02-26,23,44
2021-02-27,0,36
2021-02-27,1,26
2021-02-27,2,16
2021-02-27,3,16
2021-02-27,4,12
2021-02-27,5,12
2021-02-27,6,21
2021-02-27,7,49
2021-02-27,8,57
2021-02-27,9,88
2021-02-27,10,124
2021-02-27,11,141
2021-02-27,12,152
2021-02-27,13,164
2021-02-27,14,172
2021-02-27,15,164
2021-02-27,16,155
2021-02-27,17,140
2021-02-27,18,116
2021-02-27,19,97
2021-02-27,20,68
2021-02-27,21,67
2021-02-27,22,53
2021-02-27,23,40
2021-02-28,0,40
2021-02-28,1,22
2021-02-28,2,21
2021-02-28,3,16
2021-02-28,4,16
2021-02-28,5,13
2021-02-28,6,16
2021-02-28,7,44
2021-02-28,8,40
2021-02-28,9,66
2021-02-28,10,92
2021-02-28,11,128
2021-02-28,12,145
2021-02-28,13,147
2021-02-28,14,168
2021-02-28,15,146
2021-02-28,16,128
2021-02-28,17,107
2021-02-28,18,92
2021-02-28,19,92
2021-02-28,20,68
2021-02-28,21,53
2021-02-28,22,57
2021-02-28,23,27
2021-03-01,0,21
2021-03-01,1,16
2021-03-01,2,12
2021-03-01,3,4
2021-03-01,4,8
2021-03-01,5,8
2021-03-01,6,35
2021-03-01,7,101
2021-03-01,8,155
2021-03-01,9,158
2021-03-01,10,145
2021-03-01,11,155
2021-03-01,12,164
2021-03-01,13,164
2021-03-01,14,184
2021-03-01,15,199
2021-03-01,16,228
2021-03-01,17,207
2021-03-01,18,155
2021-03-01,19,119
2021-03-01,20,71
2021-03-01,21,70
2021-03-01,22,44
2021-03-01,23,36
2021-03-02,0,16
2021-03-02,1,13
2021-03-02,2,8
2021-03-02,3,0
2021-03-02,4,0
2021-03-02,5,16
2021-03-02,6,36
2021-03-02,7,101
2021-03-02,8,176
2021-03-02,9,163
2021-03-02,10,146
2021-03-02,11,147
2021-03-02,12,172
2021-03-02,13,160
2021-03-02,14,185
2021-03-02,15,198
2021-03-02,16,252
2021-03-02,17,207
2021-03-02,18,164
2021-03-02,19,120
2021-03-02,20,88
2021-03-02,21,55
2021-03-02,22,48
2021-03-02,23,31
2021-03-03,0,16
2021-03-03,1,16
2021-03-03,2,4
2021-03-03,3,8
2021-03-03,4,12
2021-03-03,5,12
2021-03-03,6,36
2021-03-03,7,105
2021-03-03,8,168
2021-03-03,9,164
2021-03-03,10,141
2021-03-03,11,151
2021-03-03,12,172
2021-03-03,13,172
2021-03-03,14,192
2021-03-03,15,189
2021-03-03,16,231
2021-03-03,17,216
2021-03-03,18,163
2021-03-03,19,123
2021-03-03,20,93
2021-03-03,21,63
2021-03-03,22,44
2021-03-03,23,35
2021-03-04,0,22
2021-03-04,1,16
2021-03-04,2,12
2021-03-04,3,4
2021-03-04,4,12
2021-03-04,5,16
2021-03-04,6,31
2021-03-04,7,101
2021-03-04,8,163
2021-03-04,9,163
2021-03-04,10,137
2021-03-04,11,155
2021-03-04,12,164
2021-03-04,13,176
2021-03-04,14,184
2021-03-04,15,193
2021-03-04,16,208
2021-03-04,17,198
2021-03-04,18,151
2021-03-04,19,100
2021-03-04,20,92
2021-03-04,21,62
2021-03-04,22,48
2021-03-04,23,35
2021-03-05,0,22
2021-03-05,1,16
2021-03-05,2,16
2021-03-05,3,8
2021-03-05,4,0
2021-03-05,5,16
2021-03-05,6,30
2021-03-05,7,93
2021-03-05,8,149
2021-03-05,9,145
2021-03-05,10,147
2021-03-05,11,150
2021-03-05,12,168
2021-03-05,13,184
2021-03-05,14,193
2021-03-05,15,207
2021-03-05,16,212
2021-03-05,17,191
2021-03-05,18,146
2021-03-05,19,119
2021-03-05,20,84
2021-03-05,21,72
2021-03-05,22,53
2021-03-05,23,44
2021-03-06,0,36
2021-03-06,1,26
2021-03-06,2,16
2021-03-06,3,16
2021-03-06,4,16
2021-03-06,5,12
2021-03-06,6,21
2021-03-06,7,49
2021-03-06,8,62
2021-03-06,9,88
2021-03-06,10,124
2021-03-06,11,136
2021-03-06,12,156
2021-03-06,13,164
2021-03-06,14,180
2021-03-06,15,160
2021-03-06,16,155
2021-03-06,17,136
2021-03-06,18,111
2021-03-06,19,96
2021-03-06,20,63
2021-03-06,21,66
2021-03-06,22,53
2021-03-06,23,40
2021-03-07,0,40
2021-03-07,1,24
2021-03-07,2,21
2021-03-07,3,16
2021-03-07,4,16
2021-03-07,5,17
2021-03-07,6,16
2021-03-07,7,44
2021-03-07,8,40
2021-03-07,9,66
2021-03-07,10,92
2021-03-07,11,128
2021-03-07,12,146
2021-03-07,13,147
2021-03-07,14,164
2021-03-07,15,146
2021-03-07,16,128
2021-03-07,17,107
2021-03-07,18,92
2021-03-07,19,92
2021-03-07,20,76
2021-03-07,21,52
2021-03-07,22,56
2021-03-07,23,27
2021-03-08,0,21
2021-03-08,1,16
2021-03-08,2,12
2021-03-08,3,8
2021-03-08,4,8
2021-03-08,5,12
2021-03-08,6,36
2021-03-08,7,96
2021-03-08,8,150
2021-03-08,9,155
2021-03-08,10,140
2021-03-08,11,155
2021-03-08,12,172
2021-03-08,13,164
2021-03-08,14,184
2021-03-08,15,101
2021-03-08,16,0
2021-03-08,17,0
2021-03-08,18,0
2021-03-08,19,0
2021-03-08,20,0
2021-03-08,21,0
2021-03-08,22,0
2021-03-08,23,0
2021-03-09,0,0
2021-03-09,1,0
2021-03-09,2,0
2021-03-09,3,0
2021-03-09,4,0
2021-03-09,5,0
2021-03-09,6,0
2021-03-09,7,66
2021-03-09,8,172
2021-03-09,9,163
2021-03-09,10,146
2021-03-09,11,148
2021-03-09,12,172
2021-03-09,13,168
2021-03-09,14,189
2021-03-09,15,189
2021-03-09,16,247
2021-03-09,17,221
2021-03-09,18,163
2021-03-09,19,120
2021-03-09,20,88
2021-03-09,21,58
2021-03-09,22,50
2021-03-09,23,27
2021-03-10,0,16
2021-03-10,1,12
2021-03-10,2,4
2021-03-10,3,8
2021-03-10,4,12
2021-03-10,5,12
2021-03-10,6,36
2021-03-10,7,105
2021-03-10,8,164
2021-03-10,9,164
2021-03-10,10,142
2021-03-10,11,159
2021-03-10,12,176
2021-03-10,13,164
2021-03-10,14,44
2021-03-10,15,92
2021-03-10,16,231
2021-03-10,17,225
2021-03-10,18,164
2021-03-10,19,124
2021-03-10,20,97
2021-03-10,21,60
2021-03-10,22,44
2021-03-10,23,31
2021-03-11,0,22
2021-03-11,1,16
2021-03-11,2,12
2021-03-11,3,4
2021-03-11,4,12
2021-03-11,5,16
2021-03-11,6,36
2021-03-11,7,107
2021-03-11,8,164
2021-03-11,9,164
2021-03-11,10,137
2021-03-11,11,159
2021-03-11,12,164
2021-03-11,13,168
2021-03-11,14,188
2021-03-11,15,193
2021-03-11,16,216
2021-03-11,17,198
2021-03-11,18,155
2021-03-11,19,109
2021-03-11,20,92
2021-03-11,21,67
2021-03-11,22,48
2021-03-11,23,36
2021-03-12,0,18
2021-03-12,1,16
2021-03-12,2,12
2021-03-12,3,4
2021-03-12,4,0
2021-03-12,5,16
2021-03-12,6,30
2021-03-12,7,88
2021-03-12,8,149
2021-03-12,9,145
2021-03-12,10,147
2021-03-12,11,150
2021-03-12,12,164
2021-03-12,13,181
2021-03-12,14,193
2021-03-12,15,212
2021-03-12,16,216
2021-03-12,17,191
2021-03-12,18,150
2021-03-12,19,119
2021-03-12,20,88
2021-03-12,21,72
2021-03-12,22,49
2021-03-12,23,44
2021-03-13,0,36
2021-03-13,1,26
2021-03-13,2,16
2021-03-13,3,16
2021-03-13,4,12
2021-03-13,5,12
2021-03-13,6,21
2021-03-13,7,53
2021-03-13,8,58
2021-03-13,9,92
2021-03-13,10,119
2021-03-13,11,141
2021-03-13,12,160
2021-03-13,13,168
2021-03-13,14,180
2021-03-13,15,164
2021-03-13,16,159
2021-03-13,17,137
2021-03-13,18,116
2021-03-13,19,92
2021-03-13,20,72
2021-03-13,21,67
2021-03-13,22,52
2021-03-13,23,41
2021-03-14,0,40
2021-03-14,1,28
2021-03-14,2,21
2021-03-14,3,16
2021-03-14,4,16
2021-03-14,5,17
2021-03-14,6,16
2021-03-14,7,44
2021-03-14,8,40
2021-03-14,9,66
2021-03-14,10,92
2021-03-14,11,128
2021-03-14,12,147
2021-03-14,13,155
2021-03-14,14,168
2021-03-14,15,150
2021-03-14,16,128
2021-03-14,17,105
2021-03-14,18,92
2021-03-14,19,92
2021-03-14,20,71
2021-03-14,21,52
2021-03-14,22,56
2021-03-14,23,27
2021-03-15,0,21
2021-03-15,1,16
2021-03-15,2,8
2021-03-15,3,8
2021-03-15,4,8
2021-03-15,5,8
2021-03-15,6,30
2021-03-15,7,96
2021-03-15,8,150
2021-03-15,9,159
2021-03-15,10,145
2021-03-15,11,155
2021-03-15,12,168
2021-03-15,13,168
2021-03-15,14,184
2021-03-15,15,194
2021-03-15,16,238
2021-03-15,17,198
2021-03-15,18,143
2021-03-15,19,119
2021-03-15,20,71
2021-03-15,21,70
2021-03-15,22,44
2021-03-15,23,36
2021-03-16,0,16
2021-03-16,1,9
2021-03-16,2,8
2021-03-16,3,0
2021-03-16,4,0
2021-03-16,5,16
2021-03-16,6,36
2021-03-16,7,101
2021-03-16,8,172
2021-03-16,9,163
2021-03-16,10,146
2021-03-16,11,148
2021-03-16,12,172
2021-03-16,13,168
2021-03-16,14,180
2021-03-16,15,203
2021-03-16,16,193
2021-03-16,17,178
2021-03-16,18,151
2021-03-16,19,115
2021-03-16,20,78
2021-03-16,21,49
2021-03-16,22,36
2021-03-16,23,18
2021-03-17,0,9
2021-03-17,1,10
2021-03-17,2,5
2021-03-17,3,4
2021-03-17,4,7
2021-03-17,5,12
2021-03-17,6,40
2021-03-17,7,106
2021-03-17,8,168
2021-03-17,9,167
2021-03-17,10,142
2021-03-17,11,156
2021-03-17,12,172
2021-03-17,13,172
2021-03-17,14,140
2021-03-17,15,0
2021-03-17,16,225
2021-03-17,17,212
2021-03-17,18,159
2021-03-17,19,123
2021-03-17,20,89
2021-03-17,21,57
2021-03-17,22,44
2021-03-17,23,31
2021-03-18,0,22
2021-03-18,1,16
2021-03-18,2,12
2021-03-18,3,4
2021-03-18,4,8
2021-03-18,5,16
2021-03-18,6,40
2021-03-18,7,101
2021-03-18,8,163
2021-03-18,9,164
2021-03-18,10,137
2021-03-18,11,159
2021-03-18,12,160
2021-03-18,13,172
2021-03-18,14,176
2021-03-18,15,196
2021-03-18,16,212
2021-03-18,17,198
2021-03-18,18,159
2021-03-18,19,104
2021-03-18,20,93
2021-03-18,21,62
2021-03-18,22,48
2021-03-18,23,36
2021-03-19,0,18
2021-03-19,1,16
2021-03-19,2,12
2021-03-19,3,4
2021-03-19,4,0
2021-03-19,5,16
2021-03-19,6,30
2021-03-19,7,84
2021-03-19,8,145
2021-03-19,9,145
2021-03-19,10,152
2021-03-19,11,150
2021-03-19,12,164
2021-03-19,13,189
2021-03-19,14,189
2021-03-19,15,199
2021-03-19,16,207
2021-03-19,17,191
2021-03-19,18,146
2021-03-19,19,111
2021-03-19,20,80
2021-03-19,21,72
2021-03-19,22,53
2021-03-19,23,44
2021-03-20,0,36
2021-03-20,1,26
2021-03-20,2,16
2021-03-20,3,16
2021-03-20,4,12
2021-03-20,5,12
2021-03-20,6,21
2021-03-20,7,53
2021-03-20,8,57
2021-03-20,9,88
2021-03-20,10,124
2021-03-20,11,142
2021-03-20,12,152
2021-03-20,13,168
2021-03-20,14,172
2021-03-20,15,160
2021-03-20,16,155
2021-03-20,17,132
2021-03-20,18,110
2021-03-20,19,92
2021-03-20,20,63
2021-03-20,21,71
2021-03-20,22,53
2021-03-20,23,45
2021-03-21,0,44
2021-03-21,1,28
2021-03-21,2,21
2021-03-21,3,16
2021-03-21,4,16
2021-03-21,5,8
2021-03-21,6,16
2021-03-21,7,40
2021-03-21,8,40
2021-03-21,9,71
2021-03-21,10,92
2021-03-21,11,128
2021-03-21,12,146
2021-03-21,13,147
2021-03-21,14,164
2021-03-21,15,141
2021-03-21,16,129
2021-03-21,17,106
2021-03-21,18,92
2021-03-21,19,92
2021-03-21,20,71
2021-03-21,21,52
2021-03-21,22,56
2021-03-21,23,27
2021-03-22,0,21
2021-03-22,1,16
2021-03-22,2,12
2021-03-22,3,4
2021-03-22,4,8
2021-03-22,5,12
2021-03-22,6,36
2021-03-22,7,96
2021-03-22,8,150
2021-03-22,9,159
2021-03-22,10,141
2021-03-22,11,155
2021-03-22,12,168
2021-03-22,13,164
2021-03-22,14,180
2021-03-22,15,193
2021-03-22,16,229
2021-03-22,17,194
2021-03-22,18,142
2021-03-22,19,115
2021-03-22,20,75
2021-03-22,21,70
2021-03-22,22,40
2021-03-22,23,36
2021-03-23,0,16
2021-03-23,1,5
2021-03-23,2,12
2021-03-23,3,0
2021-03-23,4,0
2021-03-23,5,16
2021-03-23,6,31
2021-03-23,7,101
2021-03-23,8,172
2021-03-23,9,163
2021-03-23,10,143
2021-03-23,11,145
2021-03-23,12,168
2021-03-23,13,168
2021-03-23,14,189
2021-03-23,15,193
2021-03-23,16,237
2021-03-23,17,215
2021-03-23,18,155
2021-03-23,19,124
2021-03-23,20,88
2021-03-23,21,55
2021-03-23,22,49
2021-03-23,23,31
2021-03-24,0,16
2021-03-24,1,16
2021-03-24,2,4
2021-03-24,3,4
2021-03-24,4,12
2021-03-24,5,12
2021-03-24,6,35
2021-03-24,7,105
2021-03-24,8,163
2021-03-24,9,173
2021-03-24,10,141
2021-03-24,11,155
2021-03-24,12,172
2021-03-24,13,172
2021-03-24,14,192
2021-03-24,15,189
2021-03-24,16,231
2021-03-24,17,220
2021-03-24,18,155
2021-03-24,19,124
2021-03-24,20,97
2021-03-24,21,67
2021-03-24,22,44
2021-03-24,23,31
2021-03-25,0,22
2021-03-25,1,16
2021-03-25,2,16
2021-03-25,3,4
2021-03-25,4,12
2021-03-25,5,16
2021-03-25,6,31
2021-03-25,7,100
2021-03-25,8,163
2021-03-25,9,163
2021-03-25,10,145
2021-03-25,11,155
2021-03-25,12,0
2021-03-25,13,0
2021-03-25,14,0
2021-03-25,15,0
2021-03-25,16,110
2021-03-25,17,198
2021-03-25,18,155
2021-03-25,19,104
2021-03-25,20,92
2021-03-25,21,62
2021-03-25,22,52
2021-03-25,23,31
2021-03-26,0,17
2021-03-26,1,16
2021-03-26,2,16
2021-03-26,3,8
2021-03-26,4,0
2021-03-26,5,16
2021-03-26,6,30
2021-03-26,7,89
2021-03-26,8,145
2021-03-26,9,145
2021-03-26,10,140
2021-03-26,11,148
2021-03-26,12,164
2021-03-26,13,189
2021-03-26,14,185
2021-03-26,15,212
2021-03-26,16,207
2021-03-26,17,191
2021-03-26,18,146
2021-03-26,19,115
2021-03-26,20,84
2021-03-26,21,72
2021-03-26,22,50
2021-03-26,23,40
2021-03-27,0,36
2021-03-27,1,26
2021-03-27,2,16
2021-03-27,3,16
2021-03-27,4,12
2021-03-27,5,12
2021-03-27,6,21
2021-03-27,7,48
2021-03-27,8,62
2021-03-27,9,88
2021-03-27,10,124
2021-03-27,11,141
2021-03-27,12,150
2021-03-27,13,164
2021-03-27,14,172
2021-03-27,15,156
2021-03-27,16,159
2021-03-27,17,132
2021-03-27,18,110
2021-03-27,19,92
2021-03-27,20,63
2021-03-27,21,71
2021-03-27,22,53
2021-03-27,23,44
2021-03-28,0,40
2021-03-28,1,22
2021-03-28,2,21
2021-03-28,3,16
2021-03-28,4,13
2021-03-28,5,16
2021-03-28,6,40
2021-03-28,7,40
2021-03-28,8,66
2021-03-28,9,92
2021-03-28,10,128
2021-03-28,11,147
2021-03-28,12,146
2021-03-28,13,160
2021-03-28,14,145
2021-03-28,15,128
2021-03-28,16,107
2021-03-28,17,92
2021-03-28,18,88
2021-03-28,19,76
2021-03-28,20,52
2021-03-28,21,56
2021-03-28,22,27
2021-03-28,23,21
2021-03-29,0,16
2021-03-29,1,12
2021-03-29,2,0
2021-03-29,3,8
2021-03-29,4,16
2021-03-29,5,36
2021-03-29,6,101
2021-03-29,7,150
2021-03-29,8,155
2021-03-29,9,145
2021-03-29,10,159
2021-03-29,11,168
2021-03-29,12,164
2021-03-29,13,180
2021-03-29,14,202
2021-03-29,15,229
2021-03-29,16,199
2021-03-29,17,146
2021-03-29,18,115
2021-03-29,19,71
2021-03-29,20,75
2021-03-29,21,44
2021-03-29,22,36
2021-03-29,23,16
2021-03-30,0,9
2021-03-30,1,8
2021-03-30,2,0
2021-03-30,3,4
2021-03-30,4,16
2021-03-30,5,36
2021-03-30,6,101
2021-03-30,7,172
2021-03-30,8,167
2021-03-30,9,140
2021-03-30,10,151
2021-03-30,11,0
2021-03-30,12,30
2021-03-30,13,185
2021-03-30,14,228
2021-03-30,15,254
2021-03-30,16,245
2021-03-30,17,143
2021-03-30,18,103
2021-03-30,19,105
2021-03-30,20,65
2021-03-30,21,39
2021-03-30,22,29
2021-03-30,23,16
2021-03-31,0,16
2021-03-31,1,4
2021-03-31,2,8
2021-03-31,3,12
2021-03-31,4,12
2021-03-31,5,36
2021-03-31,6,105
2021-03-31,7,168
2021-03-31,8,168
2021-03-31,9,140
2021-03-31,10,155
2021-03-31,11,172
2021-03-31,12,176
2021-03-31,13,192
2021-03-31,14,194
2021-03-31,15,231
2021-03-31,16,216
2021-03-31,17,160
2021-03-31,18,123
2021-03-31,19,97
2021-03-31,20,63
2021-03-31,21,44
2021-03-31,22,31
2021-03-31,23,26
2021-04-01,0,16
2021-04-01,1,12
2021-04-01,2,8
2021-04-01,3,12
2021-04-01,4,16
2021-04-01,5,32
2021-04-01,6,101
2021-04-01,7,163
2021-04-01,8,163
2021-04-01,9,137
2021-04-01,10,155
2021-04-01,11,164
2021-04-01,12,172
2021-04-01,13,180
2021-04-01,14,201
2021-04-01,15,221
2021-04-01,16,198
2021-04-01,17,155
2021-04-01,18,110
2021-04-01,19,96
2021-04-01,20,68
2021-04-01,21,48
2021-04-01,22,32
2021-04-01,23,18
2021-04-02,0,16
2021-04-02,1,12
2021-04-02,2,4
2021-04-02,3,0
2021-04-02,4,16
2021-04-02,5,31
2021-04-02,6,89
2021-04-02,7,145
2021-04-02,8,141
2021-04-02,9,142
2021-04-02,10,150
2021-04-02,11,164
2021-04-02,12,185
2021-04-02,13,189
2021-04-02,14,207
2021-04-02,15,207
2021-04-02,16,180
2021-04-02,17,138
2021-04-02,18,115
2021-04-02,19,84
2021-04-02,20,72
2021-04-02,21,58
2021-04-02,22,44
2021-04-02,23,36
2021-04-03,0,26
2021-04-03,1,16
2021-04-03,2,16
2021-04-03,3,12
2021-04-03,4,12
2021-04-03,5,21
2021-04-03,6,53
2021-04-03,7,62
2021-04-03,8,88
2021-04-03,9,124
2021-04-03,10,140
2021-04-03,11,151
2021-04-03,12,164
2021-04-03,13,180
2021-04-03,14,155
2021-04-03,15,159
2021-04-03,16,132
2021-04-03,17,115
2021-04-03,18,97
2021-04-03,19,64
2021-04-03,20,67
2021-04-03,21,53
2021-04-03,22,44
2021-04-03,23,40
2021-04-04,0,28
2021-04-04,1,21
2021-04-04,2,21
2021-04-04,3,16
2021-04-04,4,13
2021-04-04,5,16
2021-04-04,6,44
2021-04-04,7,40
2021-04-04,8,66
2021-04-04,9,92
2021-04-04,10,128
2021-04-04,11,146
2021-04-04,12,147
2021-04-04,13,160
2021-04-04,14,145
2021-04-04,15,128
2021-04-04,16,105
2021-04-04,17,97
2021-04-04,18,92
2021-04-04,19,76
2021-04-04,20,52
2021-04-04,21,56
2021-04-04,22,27
2021-04-04,23,21
2021-04-05,0,16
2021-04-05,1,8
2021-04-05,2,0
2021-04-05,3,8
2021-04-05,4,8
2021-04-05,5,31
2021-04-05,6,96
2021-04-05,7,146
2021-04-05,8,149
2021-04-05,9,141
2021-04-05,10,155
2021-04-05,11,168
2021-04-05,12,164
2021-04-05,13,184
2021-04-05,14,194
2021-04-05,15,230
2021-04-05,16,189
2021-04-05,17,143
2021-04-05,18,115
2021-04-05,19,72
2021-04-05,20,70
2021-04-05,21,44
2021-04-05,22,35
2021-04-05,23,16
2021-04-06,0,5
2021-04-06,1,8
2021-04-06,2,0
2021-04-06,3,0
2021-04-06,4,16
2021-04-06,5,36
2021-04-06,6,106
2021-04-06,7,168
2021-04-06,8,162
2021-04-06,9,138
2021-04-06,10,151
2021-04-06,11,84
2021-04-06,12,0
2021-04-06,13,0
2021-04-06,14,0
2021-04-06,15,0
2021-04-06,16,134
2021-04-06,17,155
2021-04-06,18,119
2021-04-06,19,88
2021-04-06,20,67
2021-04-06,21,44
2021-04-06,22,31
2021-04-06,23,16
2021-04-07,0,12
2021-04-07,1,4
2021-04-07,2,4
2021-04-07,3,12
2021-04-07,4,12
2021-04-07,5,36
2021-04-07,6,106
2021-04-07,7,163
2021-04-07,8,159
2021-04-07,9,141
2021-04-07,10,155
2021-04-07,11,172
2021-04-07,12,172
2021-04-07,13,184
2021-04-07,14,188
2021-04-07,15,226
2021-04-07,16,216
2021-04-07,17,159
2021-04-07,18,123
2021-04-07,19,93
2021-04-07,20,57
2021-04-07,21,44
2021-04-07,22,31
2021-04-07,23,21
2021-04-08,0,16
2021-04-08,1,12
2021-04-08,2,4
2021-04-08,3,12
2021-04-08,4,16
2021-04-08,5,35
2021-04-08,6,101
2021-04-08,7,159
2021-04-08,8,154
2021-04-08,9,152
2021-04-08,10,115
2021-04-08,11,204
2021-04-08,12,190
2021-04-08,13,205
2021-04-08,14,194
2021-04-08,15,307
2021-04-08,16,305
2021-04-08,17,160
2021-04-08,18,125
2021-04-08,19,72
2021-04-08,20,70
2021-04-08,21,43
2021-04-08,22,23
2021-04-08,23,11
2021-04-09,0,12
2021-04-09,1,4
2021-04-09,2,6
2021-04-09,3,5
2021-04-09,4,10
2021-04-09,5,31
2021-04-09,6,76
2021-04-09,7,137
2021-04-09,8,148
2021-04-09,9,168
2021-04-09,10,175
2021-04-09,11,219
2021-04-09,12,218
2021-04-09,13,341
2021-04-09,14,306
2021-04-09,15,261
2021-04-09,16,241
2021-04-09,17,201
2021-04-09,18,139
2021-04-09,19,101
2021-04-09,20,81
2021-04-09,21,56
2021-04-09,22,36
2021-04-09,23,36
2021-04-10,0,26
2021-04-10,1,16
2021-04-10,2,16
2021-04-10,3,12
2021-04-10,4,12
2021-04-10,5,21
2021-04-10,6,49
2021-04-10,7,63
2021-04-10,8,92
2021-04-10,9,124
2021-04-10,10,141
2021-04-10,11,152
2021-04-10,12,164
2021-04-10,13,176
2021-04-10,14,160
2021-04-10,15,159
2021-04-10,16,136
2021-04-10,17,115
2021-04-10,18,97
2021-04-10,19,68
2021-04-10,20,71
2021-04-10,21,56
2021-04-10,22,40
2021-04-10,23,40
2021-04-11,0,28
2021-04-11,1,21
2021-04-11,2,16
2021-04-11,3,16
2021-04-11,4,13
2021-04-11,5,16
2021-04-11,6,40
2021-04-11,7,40
2021-04-11,8,65
2021-04-11,9,92
2021-04-11,10,128
2021-04-11,11,151
2021-04-11,12,146
2021-04-11,13,164
2021-04-11,14,145
2021-04-11,15,128
2021-04-11,16,106
2021-04-11,17,92
2021-04-11,18,88
2021-04-11,19,72
2021-04-11,20,52
2021-04-11,21,56
2021-04-11,22,27
2021-04-11,23,21
2021-04-12,0,16
2021-04-12,1,12
2021-04-12,2,4
2021-04-12,3,8
2021-04-12,4,16
2021-04-12,5,31
2021-04-12,6,96
2021-04-12,7,150
2021-04-12,8,154
2021-04-12,9,145
2021-04-12,10,35
2021-04-12,11,0
2021-04-12,12,0
2021-04-12,13,0
2021-04-12,14,0
2021-04-12,15,0
2021-04-12,16,88
2021-04-12,17,155
2021-04-12,18,115
2021-04-12,19,75
2021-04-12,20,75
2021-04-12,21,44
2021-04-12,22,36
2021-04-12,23,16
2021-04-13,0,9
2021-04-13,1,12
2021-04-13,2,0
2021-04-13,3,0
2021-04-13,4,16
2021-04-13,5,36
2021-04-13,6,106
2021-04-13,7,172
2021-04-13,8,168
2021-04-13,9,142
2021-04-13,10,151
2021-04-13,11,172
2021-04-13,12,164
2021-04-13,13,184
2021-04-13,14,203
2021-04-13,15,243
2021-04-13,16,211
2021-04-13,17,155
2021-04-13,18,118
2021-04-13,19,92
2021-04-13,20,67
2021-04-13,21,44
2021-04-13,22,27
2021-04-13,23,16
2021-04-14,0,16
2021-04-14,1,4
2021-04-14,2,4
2021-04-14,3,8
2021-04-14,4,12
2021-04-14,5,40
2021-04-14,6,106
2021-04-14,7,164
2021-04-14,8,164
2021-04-14,9,142
2021-04-14,10,154
2021-04-14,11,168
2021-04-14,12,172
2021-04-14,13,188
2021-04-14,14,188
2021-04-14,15,226
2021-04-14,16,216
2021-04-14,17,159
2021-04-14,18,123
2021-04-14,19,97
2021-04-14,20,67
2021-04-14,21,44
2021-04-14,22,31
2021-04-14,23,22
2021-04-15,0,16
2021-04-15,1,16
2021-04-15,2,4
2021-04-15,3,12
2021-04-15,4,16
2021-04-15,5,32
2021-04-15,6,106
2021-04-15,7,163
2021-04-15,8,158
2021-04-15,9,140
2021-04-15,10,151
2021-04-15,11,168
2021-04-15,12,176
2021-04-15,13,181
2021-04-15,14,199
2021-04-15,15,224
2021-04-15,16,211
2021-04-15,17,155
2021-04-15,18,110
2021-04-15,19,88
2021-04-15,20,62
2021-04-15,21,48
2021-04-15,22,36
2021-04-15,23,16
2021-04-16,0,16
2021-04-16,1,16
2021-04-16,2,4
2021-04-16,3,0
2021-04-16,4,16
2021-04-16,5,40
2021-04-16,6,89
2021-04-16,7,145
2021-04-16,8,145
2021-04-16,9,152
2021-04-16,10,156
2021-04-16,11,172
2021-04-16,12,198
2021-04-16,13,216
2021-04-16,14,220
2021-04-16,15,225
2021-04-16,16,199
2021-04-16,17,155
2021-04-16,18,120
2021-04-16,19,92
2021-04-16,20,72
2021-04-16,21,53
2021-04-16,22,44
2021-04-16,23,36
2021-04-17,0,26
2021-04-17,1,16
2021-04-17,2,16
2021-04-17,3,12
2021-04-17,4,12
2021-04-17,5,21
2021-04-17,6,53
2021-04-17,7,62
2021-04-17,8,92
2021-04-17,9,124
2021-04-17,10,145
2021-04-17,11,152
2021-04-17,12,168
2021-04-17,13,180
2021-04-17,14,156
2021-04-17,15,155
2021-04-17,16,132
2021-04-17,17,111
2021-04-17,18,96
2021-04-17,19,67
2021-04-17,20,71
2021-04-17,21,57
2021-04-17,22,44
2021-04-17,23,40
2021-04-18,0,28
2021-04-18,1,21
2021-04-18,2,16
2021-04-18,3,16
2021-04-18,4,13
2021-04-18,5,16
2021-04-18,6,44
2021-04-18,7,40
2021-04-18,8,62
2021-04-18,9,92
2021-04-18,10,128
2021-04-18,11,146
2021-04-18,12,145
2021-04-18,13,164
2021-04-18,14,145
2021-04-18,15,128
2021-04-18,16,106
2021-04-18,17,92
2021-04-18,18,92
2021-04-18,19,76
2021-04-18,20,52
2021-04-18,21,61
2021-04-18,22,27
2021-04-18,23,21
2021-04-19,0,16
2021-04-19,1,12
2021-04-19,2,4
2021-04-19,3,8
2021-04-19,4,12
2021-04-19,5,36
2021-04-19,6,101
2021-04-19,7,150
2021-04-19,8,163
2021-04-19,9,145
2021-04-19,10,150
2021-04-19,11,168
2021-04-19,12,164
2021-04-19,13,184
2021-04-19,14,195
2021-04-19,15,225
2021-04-19,16,199
2021-04-19,17,151
2021-04-19,18,119
2021-04-19,19,76
2021-04-19,20,71
2021-04-19,21,44
2021-04-19,22,36
2021-04-19,23,16
2021-04-20,0,9
2021-04-20,1,8
2021-04-20,2,0
2021-04-20,3,4
2021-04-20,4,16
2021-04-20,5,40
2021-04-20,6,101
2021-04-20,7,168
2021-04-20,8,167
2021-04-20,9,159
2021-04-20,10,154
2021-04-20,11,159
2021-04-20,12,138
2021-04-20,13,166
2021-04-20,14,187
2021-04-20,15,224
2021-04-20,16,240
2021-04-20,17,163
2021-04-20,18,121
2021-04-20,19,84
2021-04-20,20,57
2021-04-20,21,36
2021-04-20,22,23
2021-04-20,23,13
2021-04-21,0,9
2021-04-21,1,8
2021-04-21,2,2
2021-04-21,3,4
2021-04-21,4,7
2021-04-21,5,29
2021-04-21,6,101
2021-04-21,7,147
2021-04-21,8,177
2021-04-21,9,144
2021-04-21,10,151
2021-04-21,11,162
2021-04-21,12,176
2021-04-21,13,178
2021-04-21,14,205
2021-04-21,15,232
2021-04-21,16,225
2021-04-21,17,159
2021-04-21,18,134
2021-04-21,19,80
2021-04-21,20,59
2021-04-21,21,40
2021-04-21,22,33
2021-04-21,23,16
2021-04-22,0,5
2021-04-22,1,2
2021-04-22,2,9
2021-04-22,3,7
2021-04-22,4,9
2021-04-22,5,34
2021-04-22,6,105
2021-04-22,7,175
2021-04-22,8,170
2021-04-22,9,150
2021-04-22,10,171
2021-04-22,11,168
2021-04-22,12,175
2021-04-22,13,167
2021-04-22,14,212
2021-04-22,15,245
2021-04-22,16,234
2021-04-22,17,173
2021-04-22,18,138
2021-04-22,19,91
2021-04-22,20,66
2021-04-22,21,52
2021-04-22,22,26
2021-04-22,23,11
2021-04-23,0,5
2021-04-23,1,5
2021-04-23,2,6
2021-04-23,3,4
2021-04-23,4,11
2021-04-23,5,31
2021-04-23,6,113
2021-04-23,7,163
2021-04-23,8,192
2021-04-23,9,162
2021-04-23,10,183
2021-04-23,11,193
2021-04-23,12,171
2021-04-23,13,218
2021-04-23,14,220
2021-04-23,15,270
2021-04-23,16,222
2021-04-23,17,178
2021-04-23,18,131
2021-04-23,19,87
2021-04-23,20,61
2021-04-23,21,42
2021-04-23,22,23
2021-04-23,23,19
2021-04-24,0,27
2021-04-24,1,10
2021-04-24,2,13
2021-04-24,3,6
2021-04-24,4,5
2021-04-24,5,27
2021-04-24,6,57
2021-04-24,7,82
2021-04-24,8,120
2021-04-24,9,154
2021-04-24,10,141
2021-04-24,11,178
2021-04-24,12,175
2021-04-24,13,174
2021-04-24,14,143
2021-04-24,15,137
2021-04-24,16,116
2021-04-24,17,117
2021-04-24,18,106
2021-04-24,19,84
2021-04-24,20,66
2021-04-24,21,42
2021-04-24,22,25
2021-04-24,23,17
2021-04-25,0,14
2021-04-25,1,14
2021-04-25,2,3
2021-04-25,3,9
2021-04-25,4,6
2021-04-25,5,14
2021-04-25,6,51
2021-04-25,7,40
2021-04-25,8,71
2021-04-25,9,102
2021-04-25,10,134
2021-04-25,11,170
2021-04-25,12,147
2021-04-25,13,180
2021-04-25,14,132
2021-04-25,15,117
2021-04-25,16,127
2021-04-25,17,94
2021-04-25,18,93
2021-04-25,19,75
2021-04-25,20,52
2021-04-25,21,43
2021-04-25,22,29
2021-04-25,23,10
2021-04-26,0,10
2021-04-26,1,5
2021-04-26,2,2
2021-04-26,3,6
2021-04-26,4,11
2021-04-26,5,27
2021-04-26,6,89
2021-04-26,7,158
2021-04-26,8,170
2021-04-26,9,137
2021-04-26,10,196
2021-04-26,11,177
2021-04-26,12,170
2021-04-26,13,181
2021-04-26,14,244
2021-04-26,15,231
2021-04-26,16,227
2021-04-26,17,161
2021-04-26,18,111
2021-04-26,19,101
2021-04-26,20,60
2021-04-26,21,35
2021-04-26,22,36
2021-04-26,23,17
2021-04-27,0,13
2021-04-27,1,5
2021-04-27,2,4
2021-04-27,3,9
2021-04-27,4,16
2021-04-27,5,35
2021-04-27,6,102
2021-04-27,7,179
2021-04-27,8,189
2021-04-27,9,166
2021-04-27,10,144
2021-04-27,11,163
2021-04-27,12,187
2021-04-27,13,179
2021-04-27,14,225
2021-04-27,15,240
2021-04-27,16,232
2021-04-27,17,184
2021-04-27,18,112
2021-04-27,19,96
2021-04-27,20,69
2021-04-27,21,56
2021-04-27,22,39
2021-04-27,23,19
2021-04-28,0,13
2021-04-28,1,4
2021-04-28,2,8
2021-04-28,3,7
2021-04-28,4,12
2021-04-28,5,32
2021-04-28,6,101
2021-04-28,7,168
2021-04-28,8,180
2021-04-28,9,172
2021-04-28,10,172
2021-04-28,11,186
2021-04-28,12,194
2021-04-28,13,176
2021-04-28,14,201
2021-04-28,15,250
2021-04-28,16,219
2021-04-28,17,191
2021-04-28,18,138
2021-04-28,19,99
2021-04-28,20,65
2021-04-28,21,55
2021-04-28,22,46
2021-04-28,23,16
2021-04-29,0,8
2021-04-29,1,3
2021-04-29,2,7
2021-04-29,3,7
2021-04-29,4,15
2021-04-29,5,40
2021-04-29,6,102
2021-04-29,7,183
2021-04-29,8,192
2021-04-29,9,139
2021-04-29,10,160
2021-04-29,11,193
2021-04-29,12,171
2021-04-29,13,181
2021-04-29,14,228
2021-04-29,15,236
2021-04-29,16,231
2021-04-29,17,181
2021-04-29,18,139
2021-04-29,19,122
2021-04-29,20,76
2021-04-29,21,73
2021-04-29,22,38
2021-04-29,23,13
2021-04-30,0,11
2021-04-30,1,5
2021-04-30,2,9
2021-04-30,3,9
2021-04-30,4,5
2021-04-30,5,34
2021-04-30,6,93
2021-04-30,7,169
2021-04-30,8,169
2021-04-30,9,170
2021-04-30,10,202
2021-04-30,11,209
2021-04-30,12,206
2021-04-30,13,230
2021-04-30,14,232
2021-04-30,15,264
2021-04-30,16,244
2021-04-30,17,178
2021-04-30,18,144
2021-04-30,19,102
2021-04-30,20,80
2021-04-30,21,62
2021-04-30,22,32
2021-04-30,23,25
2021-05-01,0,18
2021-05-01,1,9
2021-05-01,2,6
2021-05-01,3,6
2021-05-01,4,10
2021-05-01,5,18
2021-05-01,6,42
2021-05-01,7,74
2021-05-01,8,107
2021-05-01,9,144
2021-05-01,10,155
2021-05-01,11,186
2021-05-01,12,173
2021-05-01,13,185
2021-05-01,14,172
2021-05-01,15,148
2021-05-01,16,150
2021-05-01,17,128
2021-05-01,18,122
2021-05-01,19,107
2021-05-01,20,58
2021-05-01,21,54
2021-05-01,22,45
2021-05-01,23,21
2021-05-02,0,15
2021-05-02,1,7
2021-05-02,2,4
2021-05-02,3,7
2021-05-02,4,2
2021-05-02,5,16
2021-05-02,6,33
2021-05-02,7,36
2021-05-02,8,84
2021-05-02,9,111
2021-05-02,10,116
2021-05-02,11,143
2021-05-02,12,123
2021-05-02,13,142
2021-05-02,14,146
2021-05-02,15,138
2021-05-02,16,119
2021-05-02,17,102
2021-05-02,18,100
2021-05-02,19,76
2021-05-02,20,65
2021-05-02,21,47
2021-05-02,22,30
2021-05-02,23,18
2021-05-03,0,14
2021-05-03,1,9
2021-05-03,2,6
2021-05-03,3,5
2021-05-03,4,9
2021-05-03,5,27
2021-05-03,6,51
2021-05-03,7,70
2021-05-03,8,88
2021-05-03,9,117
2021-05-03,10,135
2021-05-03,11,163
2021-05-03,12,154
2021-05-03,13,161
2021-05-03,14,155
2021-05-03,15,169
2021-05-03,16,163
2021-05-03,17,120
2021-05-03,18,100
2021-05-03,19,66
2021-05-03,20,49
2021-05-03,21,30
2021-05-03,22,21
2021-05-03,23,5
2021-05-04,0,7
2021-05-04,1,5
2021-05-04,2,4
2021-05-04,3,5
2021-05-04,4,7
2021-05-04,5,32
2021-05-04,6,95
2021-05-04,7,186
2021-05-04,8,163
2021-05-04,9,166
2021-05-04,10,164
2021-05-04,11,167
2021-05-04,12,188
2021-05-04,13,170
2021-05-04,14,221
2021-05-04,15,261
2021-05-04,16,230
2021-05-04,17,158
2021-05-04,18,144
2021-05-04,19,99
2021-05-04,20,59
2021-05-04,21,41
2021-05-04,22,26
2021-05-04,23,15
2021-05-05,0,9
2021-05-05,1,4
2021-05-05,2,4
2021-05-05,3,6
2021-05-05,4,6
2021-05-05,5,25
2021-05-05,6,94
2021-05-05,7,177
2021-05-05,8,168
2021-05-05,9,164
2021-05-05,10,148
2021-05-05,11,195
2021-05-05,12,180
2021-05-05,13,200
2021-05-05,14,207
2021-05-05,15,252
2021-05-05,16,220
2021-05-05,17,185
2021-05-05,18,121
2021-05-05,19,93
2021-05-05,20,75
2021-05-05,21,44
2021-05-05,22,32
2021-05-05,23,19
2021-05-06,0,10
2021-05-06,1,6
2021-05-06,2,4
2021-05-06,3,6
2021-05-06,4,13
2021-05-06,5,25
2021-05-06,6,102
2021-05-06,7,165
2021-05-06,8,139
2021-05-06,9,148
2021-05-06,10,183
2021-05-06,11,192
2021-05-06,12,205
2021-05-06,13,186
2021-05-06,14,199
2021-05-06,15,239
2021-05-06,16,249
2021-05-06,17,177
2021-05-06,18,144
2021-05-06,19,112
2021-05-06,20,68
2021-05-06,21,48
2021-05-06,22,26
2021-05-06,23,14
2021-05-07,0,8
2021-05-07,1,7
2021-05-07,2,7
2021-05-07,3,5
2021-05-07,4,10
2021-05-07,5,36
2021-05-07,6,107
2021-05-07,7,178
2021-05-07,8,182
2021-05-07,9,195
2021-05-07,10,179
2021-05-07,11,204
2021-05-07,12,182
2021-05-07,13,202
2021-05-07,14,229
2021-05-07,15,254
2021-05-07,16,204
2021-05-07,17,179
2021-05-07,18,163
2021-05-07,19,117
2021-05-07,20,73
2021-05-07,21,64
2021-05-07,22,75
2021-05-07,23,26
2021-05-08,0,16
2021-05-08,1,7
2021-05-08,2,6
2021-05-08,3,6
2021-05-08,4,7
2021-05-08,5,14
2021-05-08,6,47
2021-05-08,7,68
2021-05-08,8,114
2021-05-08,9,115
2021-05-08,10,156
2021-05-08,11,204
2021-05-08,12,175
2021-05-08,13,188
2021-05-08,14,177
2021-05-08,15,171
2021-05-08,16,149
2021-05-08,17,139
2021-05-08,18,112
2021-05-08,19,84
2021-05-08,20,59
2021-05-08,21,65
2021-05-08,22,43
2021-05-08,23,29
2021-05-09,0,16
2021-05-09,1,8
2021-05-09,2,11
2021-05-09,3,7
2021-05-09,4,8
2021-05-09,5,14
2021-05-09,6,41
2021-05-09,7,33
2021-05-09,8,64
2021-05-09,9,102
2021-05-09,10,140
2021-05-09,11,146
2021-05-09,12,153
2021-05-09,13,180
2021-05-09,14,147
2021-05-09,15,141
2021-05-09,16,134
2021-05-09,17,131
2021-05-09,18,99
2021-05-09,19,82
2021-05-09,20,59
2021-05-09,21,40
2021-05-09,22,22
2021-05-09,23,14
2021-05-10,0,6
2021-05-10,1,10
2021-05-10,2,2
2021-05-10,3,6
2021-05-10,4,4
2021-05-10,5,36
2021-05-10,6,115
2021-05-10,7,149
2021-05-10,8,194
2021-05-10,9,155
2021-05-10,10,156
2021-05-10,11,164
2021-05-10,12,197
2021-05-10,13,162
2021-05-10,14,205
2021-05-10,15,244
2021-05-10,16,225
2021-05-10,17,184
2021-05-10,18,133
2021-05-10,19,92
2021-05-10,20,53
2021-05-10,21,45
2021-05-10,22,20
2021-05-10,23,10
2021-05-11,0,8
2021-05-11,1,5
2021-05-11,2,1
2021-05-11,3,10
2021-05-11,4,6
2021-05-11,5,37
2021-05-11,6,104
2021-05-11,7,178
2021-05-11,8,169
2021-05-11,9,173
2021-05-11,10,157
2021-05-11,11,160
2021-05-11,12,212
2021-05-11,13,174
2021-05-11,14,198
2021-05-11,15,246
2021-05-11,16,247
2021-05-11,17,192
2021-05-11,18,120
2021-05-11,19,109
2021-05-11,20,80
2021-05-11,21,44
2021-05-11,22,22
2021-05-11,23,13
2021-05-12,0,17
2021-05-12,1,7
2021-05-12,2,4
2021-05-12,3,4
2021-05-12,4,14
2021-05-12,5,30
2021-05-12,6,104
2021-05-12,7,165
2021-05-12,8,187
2021-05-12,9,169
2021-05-12,10,172
2021-05-12,11,156
2021-05-12,12,172
2021-05-12,13,192
2021-05-12,14,240
2021-05-12,15,304
2021-05-12,16,261
2021-05-12,17,189
2021-05-12,18,146
2021-05-12,19,111
2021-05-12,20,71
2021-05-12,21,53
2021-05-12,22,29
2021-05-12,23,19
2021-05-13,0,6
2021-05-13,1,5
2021-05-13,2,9
2021-05-13,3,7
2021-05-13,4,11
2021-05-13,5,35
2021-05-13,6,100
2021-05-13,7,170
2021-05-13,8,189
2021-05-13,9,155
2021-05-13,10,164
2021-05-13,11,183
2021-05-13,12,177
2021-05-13,13,207
2021-05-13,14,243
2021-05-13,15,263
2021-05-13,16,225
2021-05-13,17,181
2021-05-13,18,153
2021-05-13,19,122
2021-05-13,20,82
2021-05-13,21,49
2021-05-13,22,38
2021-05-13,23,17
2021-05-14,0,12
2021-05-14,1,9
2021-05-14,2,6
2021-05-14,3,6
2021-05-14,4,14
2021-05-14,5,33
2021-05-14,6,97
2021-05-14,7,157
2021-05-14,8,186
2021-05-14,9,166
2021-05-14,10,173
2021-05-14,11,198
2021-05-14,12,189
2021-05-14,13,219
2021-05-14,14,223
2021-05-14,15,259
2021-05-14,16,197
2021-05-14,17,185
2021-05-14,18,149
2021-05-14,19,118
2021-05-14,20,73
2021-05-14,21,55
2021-05-14,22,43
2021-05-14,23,38
2021-05-15,0,15
2021-05-15,1,12
2021-05-15,2,6
2021-05-15,3,7
2021-05-15,4,9
2021-05-15,5,20
2021-05-15,6,51
2021-05-15,7,80
2021-05-15,8,122
2021-05-15,9,139
2021-05-15,10,156
2021-05-15,11,160
2021-05-15,12,157
2021-05-15,13,165
2021-05-15,14,162
2021-05-15,15,132
2021-05-15,16,135
2021-05-15,17,117
2021-05-15,18,115
2021-05-15,19,95
2021-05-15,20,79
2021-05-15,21,50
2021-05-15,22,41
2021-05-15,23,31
2021-05-16,0,17
2021-05-16,1,15
2021-05-16,2,8
2021-05-16,3,8
2021-05-16,4,10
2021-05-16,5,12
2021-05-16,6,56
2021-05-16,7,51
2021-05-16,8,68
2021-05-16,9,99
2021-05-16,10,128
2021-05-16,11,122
2021-05-16,12,148
2021-05-16,13,161
2021-05-16,14,151
2021-05-16,15,135
2021-05-16,16,118
2021-05-16,17,99
2021-05-16,18,117
2021-05-16,19,75
2021-05-16,20,66
2021-05-16,21,44
2021-05-16,22,25
2021-05-16,23,19
2021-05-17,0,7
2021-05-17,1,3
2021-05-17,2,7
2021-05-17,3,2
2021-05-17,4,10
2021-05-17,5,32
2021-05-17,6,104
2021-05-17,7,175
2021-05-17,8,212
2021-05-17,9,136
2021-05-17,10,157
2021-05-17,11,182
2021-05-17,12,192
2021-05-17,13,180
2021-05-17,14,237
2021-05-17,15,232
2021-05-17,16,232
2021-05-17,17,143
2021-05-17,18,149
2021-05-17,19,91
2021-05-17,20,63
2021-05-17,21,42
2021-05-17,22,24
2021-05-17,23,19
2021-05-18,0,7
2021-05-18,1,4
2021-05-18,2,3
2021-05-18,3,8
2021-05-18,4,8
2021-05-18,5,39
2021-05-18,6,108
2021-05-18,7,165
2021-05-18,8,198
2021-05-18,9,149
2021-05-18,10,144
2021-05-18,11,178
2021-05-18,12,165
2021-05-18,13,184
2021-05-18,14,223
2021-05-19,15,243
2021-05-19,16,214
2021-05-19,17,172
2021-05-19,18,126
2021-05-19,19,100
2021-05-19,20,81
2021-05-19,21,43
2021-05-19,22,25
2021-05-19,23,24
2021-05-20,0,10
2021-05-20,1,8
2021-05-20,2,3
2021-05-20,3,7
2021-05-20,4,8
2021-05-20,5,33
2021-05-20,6,111
2021-05-20,7,170
2021-05-20,8,155
2021-05-20,9,161
2021-05-20,10,162
2021-05-20,11,181
2021-05-20,12,196
2021-05-20,13,208
2021-05-20,14,238
2021-05-20,15,285
2021-05-20,16,236
2021-05-20,17,202
2021-05-20,18,134
2021-05-20,19,102
2021-05-20,20,66
2021-05-20,21,55
2021-05-20,22,28
2021-05-20,23,15
2021-05-21,0,11
2021-05-21,1,11
2021-05-21,2,5
2021-05-21,3,9
2021-05-21,4,9
2021-05-21,5,37
2021-05-21,6,90
2021-05-21,7,159
2021-05-21,8,179
2021-05-21,9,171
2021-05-21,10,183
2021-05-21,11,192
2021-05-21,12,191
2021-05-21,13,247
2021-05-21,14,221
2021-05-21,15,259
2021-05-21,16,203
2021-05-21,17,170
2021-05-21,18,124
2021-05-21,19,120
2021-05-21,20,78
2021-05-21,21,51
2021-05-21,22,38
2021-05-21,23,16
2021-05-22,0,15
2021-05-22,1,10
2021-05-22,2,7
2021-05-22,3,11
2021-05-22,4,9
2021-05-22,5,20
2021-05-22,6,41
2021-05-22,7,63
2021-05-22,8,135
2021-05-22,9,141
2021-05-22,10,141
2021-05-22,11,273
2021-05-22,12,179
2021-05-22,13,166
2021-05-22,14,189
2021-05-22,15,159
2021-05-22,16,212
2021-05-22,17,137
2021-05-22,18,116
2021-05-22,19,73
2021-05-22,20,74
2021-05-22,21,64
2021-05-22,22,39
2021-05-22,23,34
2021-05-23,0,21
2021-05-23,1,12
2021-05-23,2,9
2021-05-23,3,7
2021-05-23,4,5
2021-05-23,5,14
2021-05-23,6,43
2021-05-23,7,60
2021-05-23,8,54
2021-05-23,9,84
2021-05-23,10,124
2021-05-23,11,145
2021-05-23,12,185
2021-05-23,13,169
2021-05-23,14,156
2021-05-23,15,147
2021-05-23,16,138
2021-05-23,17,112
2021-05-23,18,100
2021-05-23,19,69
2021-05-23,20,56
2021-05-23,21,46
2021-05-23,22,20
2021-05-23,23,17
2021-05-24,0,9
2021-05-24,1,8
2021-05-24,2,8
2021-05-24,3,3
2021-05-24,4,13
2021-05-24,5,38
2021-05-24,6,91
2021-05-24,7,174
2021-05-24,8,154
2021-05-24,9,145
2021-05-24,10,148
2021-05-24,11,143
2021-05-24,12,158
2021-05-24,13,170
2021-05-24,14,228
2021-05-24,15,172
2021-05-24,16,283
2021-05-24,17,190
2021-05-24,18,124
2021-05-24,19,79
2021-05-24,20,77
2021-05-24,21,42
2021-05-24,22,31
2021-05-24,23,9
2021-05-25,0,9
2021-05-25,1,1
2021-05-25,2,5
2021-05-25,3,5
2021-05-25,4,18
2021-05-25,5,35
2021-05-25,6,96
2021-05-25,7,195
2021-05-25,8,184
2021-05-25,9,148
2021-05-25,10,171
2021-05-25,11,185
2021-05-25,12,211
2021-05-25,13,206
2021-05-25,14,210
2021-05-25,15,252
2021-05-25,16,258
2021-05-25,17,137
2021-05-25,18,140
2021-05-25,19,98
2021-05-25,20,88
2021-05-25,21,41
2021-05-25,22,37
2021-05-25,23,11
2021-05-26,0,12
2021-05-26,1,5
2021-05-26,2,3
2021-05-26,3,7
2021-05-26,4,15
2021-05-26,5,40
2021-05-26,6,119
2021-05-26,7,130
2021-05-26,8,187
2021-05-26,9,145
2021-05-26,10,177
2021-05-26,11,171
2021-05-26,12,205
2021-05-26,13,184
2021-05-26,14,241
2021-05-26,15,256
2021-05-26,16,239
2021-05-26,17,172
2021-05-26,18,148
2021-05-26,19,114
2021-05-26,20,82
2021-05-26,21,48
2021-05-26,22,33
2021-05-26,23,17
2021-05-27,0,11
2021-05-27,1,3
2021-05-27,2,8
2021-05-27,3,14
2021-05-27,4,11
2021-05-27,5,38
2021-05-27,6,97
2021-05-27,7,179
2021-05-27,8,176
2021-05-27,9,160
2021-05-27,10,156
2021-05-27,11,202
2021-05-27,12,185
2021-05-27,13,222
2021-05-27,14,242
2021-05-27,15,270
2021-05-27,16,253
2021-05-27,17,190
2021-05-27,18,152
2021-05-27,19,126
2021-05-27,20,66
2021-05-27,21,59
2021-05-27,22,32
2021-05-27,23,21
2021-05-28,0,12
2021-05-28,1,10
2021-05-28,2,7
2021-05-28,3,4
2021-05-28,4,16
2021-05-28,5,34
2021-05-28,6,88
2021-05-28,7,119
2021-05-28,8,123
2021-05-28,9,171
2021-05-28,10,185
2021-05-28,11,220
2021-05-28,12,221
2021-05-28,13,194
2021-05-28,14,196
2021-05-28,15,221
2021-05-28,16,206
2021-05-28,17,183
2021-05-28,18,125
2021-05-28,19,104
2021-05-28,20,73
2021-05-28,21,67
2021-05-28,22,39
2021-05-28,23,21
2021-05-29,0,14
2021-05-29,1,5
2021-05-29,2,7
2021-05-29,3,5
2021-05-29,4,10
2021-05-29,5,20
2021-05-29,6,60
2021-05-29,7,64
2021-05-29,8,86
2021-05-29,9,155
2021-05-29,10,160
2021-05-29,11,174
2021-05-29,12,201
2021-05-29,13,164
2021-05-29,14,178
2021-05-29,15,139
2021-05-29,16,144
2021-05-29,17,123
2021-05-29,18,119
2021-05-29,19,83
2021-05-29,20,65
2021-05-29,21,58
2021-05-29,22,46
2021-05-29,23,24
2021-05-30,0,19
2021-05-30,1,17
2021-05-30,2,11
2021-05-30,3,9
2021-05-30,4,6
2021-05-30,5,13
2021-05-30,6,35
2021-05-30,7,52
2021-05-30,8,77
2021-05-30,9,120
2021-05-30,10,141
2021-05-30,11,159
2021-05-30,12,191
2021-05-30,13,163
2021-05-30,14,149
2021-05-30,15,139
2021-05-30,16,121
2021-05-30,17,112
2021-05-30,18,95
2021-05-30,19,146
2021-05-30,20,70
2021-05-30,21,46
2021-05-30,22,38
2021-05-30,23,17
2021-05-31,0,16
2021-05-31,1,8
2021-05-31,2,9
2021-05-31,3,10
2021-05-31,4,6
2021-05-31,5,29
2021-05-31,6,67
2021-05-31,7,78
2021-05-31,8,127
2021-05-31,9,179
2021-05-31,10,146
2021-05-31,11,161
2021-05-31,12,179
2021-05-31,13,188
2021-05-31,14,189
2021-05-31,15,165
2021-05-31,16,200
2021-05-31,17,171
2021-05-31,18,118
2021-05-31,19,91
2021-05-31,20,80
2021-05-31,21,52
2021-05-31,22,31
2021-05-31,23,18
2021-06-01,0,18
2021-06-01,1,8
2021-06-01,2,8
2021-06-01,3,2
2021-06-01,4,10
2021-06-01,5,41
2021-06-01,6,105
2021-06-01,7,149
2021-06-01,8,161
2021-06-01,9,158
2021-06-01,10,156
2021-06-01,11,190
2021-06-01,12,201
2021-06-01,13,197
2021-06-01,14,269
2021-06-01,15,243
2021-06-01,16,226
2021-06-01,17,229
2021-06-01,18,141
2021-06-01,19,102
2021-06-01,20,90
2021-06-01,21,55
2021-06-01,22,25
2021-06-01,23,23
2021-06-02,0,8
2021-06-02,1,6
2021-06-02,2,8
2021-06-02,3,5
2021-06-02,4,12
2021-06-02,5,43
2021-06-02,6,105
2021-06-02,7,172
2021-06-02,8,174
2021-06-02,9,144
2021-06-02,10,233
2021-06-02,11,178
2021-06-02,12,199
2021-06-02,13,203
2021-06-02,14,257
2021-06-02,15,298
2021-06-02,16,214
2021-06-02,17,167
2021-06-02,18,145
2021-06-02,19,107
2021-06-02,20,83
2021-06-02,21,48
2021-06-02,22,32
2021-06-02,23,30
2021-06-03,0,7
2021-06-03,1,11
2021-06-03,2,6
2021-06-03,3,4
2021-06-03,4,12
2021-06-03,5,35
2021-06-03,6,94
2021-06-03,7,179
2021-06-03,8,154
2021-06-03,9,138
2021-06-03,10,167
2021-06-03,11,196
2021-06-03,12,196
2021-06-03,13,161
2021-06-03,14,214
2021-06-03,15,252
2021-06-03,16,229
2021-06-03,17,221
2021-06-03,18,190
2021-06-03,19,132
2021-06-03,20,66
2021-06-03,21,45
2021-06-03,22,24
2021-06-03,23,20
2021-06-04,0,10
2021-06-04,1,8
2021-06-04,2,10
2021-06-04,3,8
2021-06-04,4,11
2021-06-04,5,34
2021-06-04,6,112
2021-06-04,7,184
2021-06-04,8,174
2021-06-04,9,166
2021-06-04,10,174
2021-06-04,11,214
2021-06-04,12,209
2021-06-04,13,289
2021-06-04,14,248
2021-06-04,15,252
2021-06-04,16,212
2021-06-04,17,182
2021-06-04,18,177
2021-06-04,19,126
2021-06-04,20,103
2021-06-04,21,95
2021-06-04,22,59
2021-06-04,23,33
2021-06-05,0,23
2021-06-05,1,18
2021-06-05,2,7
2021-06-05,3,8
2021-06-05,4,7
2021-06-05,5,17
2021-06-05,6,54
2021-06-05,7,86
2021-06-05,8,102
2021-06-05,9,161
2021-06-05,10,228
2021-06-05,11,153
2021-06-05,12,170
2021-06-05,13,182
2021-06-05,14,153
2021-06-05,15,171
2021-06-05,16,150
2021-06-05,17,140
2021-06-05,18,138
2021-06-05,19,101
2021-06-05,20,73
2021-06-05,21,51
2021-06-05,22,54
2021-06-05,23,39
2021-06-06,0,19
2021-06-06,1,19
2021-06-06,2,12
2021-06-06,3,10
2021-06-06,4,8
2021-06-06,5,17
2021-06-06,6,36
2021-06-06,7,47
2021-06-06,8,81
2021-06-06,9,110
2021-06-06,10,114
2021-06-06,11,167
2021-06-06,12,165
2021-06-06,13,196
2021-06-06,14,166
2021-06-06,15,114
2021-06-06,16,121
2021-06-06,17,98
2021-06-06,18,98
2021-06-06,19,81
2021-06-06,20,72
2021-06-06,21,61
2021-06-06,22,48
2021-06-06,23,21
2021-06-07,0,15
2021-06-07,1,10
2021-06-07,2,4
2021-06-07,3,6
2021-06-07,4,16
2021-06-07,5,34
2021-06-07,6,96
2021-06-07,7,166
2021-06-07,8,163
2021-06-07,9,155
2021-06-07,10,167
2021-06-07,11,189
2021-06-07,12,236
2021-06-07,13,185
2021-06-07,14,244
2021-06-07,15,342
2021-06-07,16,253
2021-06-07,17,154
2021-06-07,18,163
2021-06-07,19,93
2021-06-07,20,74
2021-06-07,21,43
2021-06-07,22,41
2021-06-07,23,18
2021-06-08,0,10
2021-06-08,1,6
2021-06-08,2,5
2021-06-08,3,6
2021-06-08,4,11
2021-06-08,5,32
2021-06-08,6,91
2021-06-08,7,154
2021-06-08,8,175
2021-06-08,9,150
2021-06-08,10,182
2021-06-08,11,177
2021-06-08,12,177
2021-06-08,13,192
2021-06-08,14,217
2021-06-08,15,300
2021-06-08,16,245
2021-06-08,17,241
2021-06-08,18,316
2021-06-08,19,95
2021-06-08,20,97
2021-06-08,21,55
2021-06-08,22,32
2021-06-08,23,19
2021-06-09,0,11
2021-06-09,1,5
2021-06-09,2,3
2021-06-09,3,5
2021-06-09,4,12
2021-06-09,5,31
2021-06-09,6,90
2021-06-09,7,205
2021-06-09,8,231
2021-06-09,9,178
2021-06-09,10,185
2021-06-09,11,191
2021-06-09,12,171
2021-06-09,13,185
2021-06-09,14,214
2021-06-09,15,335
2021-06-09,16,203
2021-06-09,17,219
2021-06-09,18,174
2021-06-09,19,108
2021-06-09,20,93
2021-06-09,21,75
2021-06-09,22,29
2021-06-09,23,17
2021-06-10,0,9
2021-06-10,1,7
2021-06-10,2,13
2021-06-10,3,5
2021-06-10,4,14
2021-06-10,5,39
2021-06-10,6,100
2021-06-10,7,158
2021-06-10,8,126
2021-06-10,9,151
2021-06-10,10,194
2021-06-10,11,177
2021-06-10,12,198
2021-06-10,13,247
2021-06-10,14,226
2021-06-10,15,211
2021-06-10,16,296
2021-06-10,17,187
2021-06-10,18,140
2021-06-10,19,110
2021-06-10,20,81
2021-06-10,21,61
2021-06-10,22,38
2021-06-10,23,17
2021-06-11,0,8
2021-06-11,1,10
2021-06-11,2,6
2021-06-11,3,2
2021-06-11,4,15
2021-06-11,5,42
2021-06-11,6,96
2021-06-11,7,182
2021-06-11,8,173
2021-06-11,9,170
2021-06-11,10,209
2021-06-11,11,211
2021-06-11,12,199
2021-06-11,13,204
2021-06-11,14,271
2021-06-11,15,254
2021-06-11,16,218
2021-06-11,17,188
2021-06-11,18,140
2021-06-11,19,113
2021-06-11,20,89
2021-06-11,21,72
2021-06-11,22,50
2021-06-11,23,25
2021-06-12,0,14
2021-06-12,1,10
2021-06-12,2,1
2021-06-12,3,5
2021-06-12,4,7
2021-06-12,5,22
2021-06-12,6,57
2021-06-12,7,83
2021-06-12,8,120
2021-06-12,9,148
2021-06-12,10,199
2021-06-12,11,170
2021-06-12,12,180
2021-06-12,13,207
2021-06-12,14,191
2021-06-12,15,132
2021-06-12,16,133
2021-06-12,17,129
2021-06-12,18,124
2021-06-12,19,93
2021-06-12,20,80
2021-06-12,21,65
2021-06-12,22,61
2021-06-12,23,33
2021-06-13,0,14
2021-06-13,1,14
2021-06-13,2,12
2021-06-13,3,7
2021-06-13,4,9
2021-06-13,5,12
2021-06-13,6,44
2021-06-13,7,57
2021-06-13,8,84
2021-06-13,9,130
2021-06-13,10,139
2021-06-13,11,172
2021-06-13,12,215
2021-06-13,13,201
2021-06-13,14,148
2021-06-13,15,139
2021-06-13,16,107
2021-06-13,17,98
2021-06-13,18,114
2021-06-13,19,87
2021-06-13,20,79
2021-06-13,21,70
2021-06-13,22,34
2021-06-13,23,12
2021-06-14,0,13
2021-06-14,1,7
2021-06-14,2,10
2021-06-14,3,7
2021-06-14,4,7
2021-06-14,5,39
2021-06-14,6,98
2021-06-14,7,170
2021-06-14,8,185
2021-06-14,9,162
2021-06-14,10,169
2021-06-14,11,212
2021-06-14,12,201
2021-06-14,13,169
2021-06-14,14,160
2021-06-14,15,288
2021-06-14,16,214
2021-06-14,17,164
2021-06-14,18,122
2021-06-14,19,85
2021-06-14,20,55
2021-06-14,21,49
2021-06-14,22,27
2021-06-14,23,21
2021-06-15,0,8
2021-06-15,1,8
2021-06-15,2,8
2021-06-15,3,8
2021-06-15,4,11
2021-06-15,5,32
2021-06-15,6,125
2021-06-15,7,154
2021-06-15,8,183
2021-06-15,9,134
2021-06-15,10,161
2021-06-15,11,172
2021-06-15,12,178
2021-06-15,13,233
2021-06-15,14,230
2021-06-15,15,244
2021-06-15,16,226
2021-06-15,17,193
2021-06-15,18,160
2021-06-15,19,81
2021-06-15,20,67
2021-06-15,21,28
2021-06-15,22,20
2021-06-15,23,9
2021-06-16,0,9
2021-06-16,1,8
2021-06-16,2,3
2021-06-16,3,10
2021-06-16,4,6
2021-06-16,5,33
2021-06-16,6,103
2021-06-16,7,164
2021-06-16,8,171
2021-06-16,9,164
2021-06-16,10,205
2021-06-16,11,223
2021-06-16,12,251
2021-06-16,13,196
2021-06-16,14,232
2021-06-16,15,216
2021-06-16,16,251
2021-06-16,17,202
2021-06-16,18,161
2021-06-16,19,121
2021-06-16,20,112
2021-06-16,21,54
2021-06-16,22,34
2021-06-16,23,17
2021-06-17,0,14
2021-06-17,1,5
2021-06-17,2,9
2021-06-17,3,3
2021-06-17,4,10
2021-06-17,5,29
2021-06-17,6,93
2021-06-17,7,155
2021-06-17,8,167
2021-06-17,9,197
2021-06-17,10,178
2021-06-17,11,213
2021-06-17,12,178
2021-06-17,13,189
2021-06-17,14,215
2021-06-17,15,276
2021-06-17,16,213
2021-06-17,17,182
2021-06-17,18,167
2021-06-17,19,108
2021-06-17,20,87
2021-06-17,21,69
2021-06-17,22,35
2021-06-17,23,25
2021-06-18,0,9
2021-06-18,1,6
2021-06-18,2,9
2021-06-18,3,6
2021-06-18,4,19
2021-06-18,5,46
2021-06-18,6,87
2021-06-18,7,164
2021-06-18,8,194
2021-06-18,9,151
2021-06-18,10,218
2021-06-18,11,250
2021-06-18,12,158
2021-06-18,13,253
2021-06-18,14,245
2021-06-18,15,393
2021-06-18,16,204
2021-06-18,17,143
2021-06-18,18,144
2021-06-18,19,95
2021-06-18,20,51
2021-06-18,21,65
2021-06-18,22,62
2021-06-18,23,41
2021-06-19,0,29
2021-06-19,1,14
2021-06-19,2,13
2021-06-19,3,8
2021-06-19,4,10
2021-06-19,5,19
2021-06-19,6,46
2021-06-19,7,68
2021-06-19,8,102
2021-06-19,9,141
2021-06-19,10,121
2021-06-19,11,173
2021-06-19,12,183
2021-06-19,13,175
2021-06-19,14,166
2021-06-19,15,191
2021-06-19,16,164
2021-06-19,17,176
2021-06-19,18,105
2021-06-19,19,111
2021-06-19,20,65
2021-06-19,21,82
2021-06-19,22,122
2021-06-19,23,34
2021-06-20,0,21
2021-06-20,1,15
2021-06-20,2,11
2021-06-20,3,9
2021-06-20,4,8
2021-06-20,5,13
2021-06-20,6,32
2021-06-20,7,42
2021-06-20,8,66
2021-06-20,9,93
2021-06-20,10,138
2021-06-20,11,196
2021-06-20,12,168
2021-06-20,13,176
2021-06-20,14,127
2021-06-20,15,159
2021-06-20,16,149
2021-06-20,17,217
2021-06-20,18,118
2021-06-20,19,94
2021-06-20,20,126
2021-06-20,21,42
2021-06-20,22,29
2021-06-20,23,17
2021-06-21,0,9
2021-06-21,1,4
2021-06-21,2,4
2021-06-21,3,5
2021-06-21,4,12
2021-06-21,5,28
2021-06-21,6,104
2021-06-21,7,172
2021-06-21,8,180
2021-06-21,9,170
2021-06-21,10,170
2021-06-21,11,164
2021-06-21,12,147
2021-06-21,13,167
2021-06-21,14,250
2021-06-21,15,231
2021-06-21,16,197
2021-06-21,17,175
2021-06-21,18,135
2021-06-21,19,175
2021-06-21,20,73
2021-06-21,21,38
2021-06-21,22,25
2021-06-21,23,8
2021-06-22,0,12
2021-06-22,1,6
2021-06-22,2,6
2021-06-22,3,5
2021-06-22,4,10
2021-06-22,5,38
2021-06-22,6,113
2021-06-22,7,180
2021-06-22,8,197
2021-06-22,9,175
2021-06-22,10,188
2021-06-22,11,184
2021-06-22,12,176
2021-06-22,13,358
2021-06-22,14,188
2021-06-22,15,251
2021-06-22,16,189
2021-06-22,17,207
2021-06-22,18,159
2021-06-22,19,89
2021-06-22,20,41
2021-06-22,21,72
2021-06-22,22,46
2021-06-22,23,24
2021-06-23,0,9
2021-06-23,1,7
2021-06-23,2,4
2021-06-23,3,4
2021-06-23,4,11
2021-06-23,5,40
2021-06-23,6,98
2021-06-23,7,178
2021-06-23,8,167
2021-06-23,9,114
2021-06-23,10,181
2021-06-23,11,172
2021-06-23,12,160
2021-06-23,13,180
2021-06-23,14,233
2021-06-23,15,291
2021-06-23,16,220
2021-06-23,17,202
2021-06-23,18,174
2021-06-23,19,104
2021-06-23,20,91
2021-06-23,21,58
2021-06-23,22,32
2021-06-23,23,17
2021-06-24,0,26
2021-06-24,1,5
2021-06-24,2,2
2021-06-24,3,5
2021-06-24,4,11
2021-06-24,5,29
2021-06-24,6,86
2021-06-24,7,158
2021-06-24,8,180
2021-06-24,9,145
2021-06-24,10,150
2021-06-24,11,239
2021-06-24,12,233
2021-06-24,13,192
2021-06-24,14,210
2021-06-24,15,230
2021-06-24,16,247
2021-06-24,17,175
2021-06-24,18,136
2021-06-24,19,134
2021-06-24,20,77
2021-06-24,21,60
2021-06-24,22,43
2021-06-24,23,19
2021-06-25,0,10
2021-06-25,1,11
2021-06-25,2,6
2021-06-25,3,9
2021-06-25,4,10
2021-06-25,5,36
2021-06-25,6,90
2021-06-25,7,154
2021-06-25,8,159
2021-06-25,9,272
2021-06-25,10,203
2021-06-25,11,229
2021-06-25,12,203
2021-06-25,13,199
2021-06-25,14,244
2021-06-25,15,233
2021-06-25,16,244
2021-06-25,17,175
2021-06-25,18,143
2021-06-25,19,112
2021-06-25,20,87
2021-06-25,21,75
2021-06-25,22,49
2021-06-25,23,36
2021-06-26,0,25
2021-06-26,1,5
2021-06-26,2,9
2021-06-26,3,8
2021-06-26,4,5
2021-06-26,5,18
2021-06-26,6,40
2021-06-26,7,74
2021-06-26,8,109
2021-06-26,9,133
2021-06-26,10,164
2021-06-26,11,183
2021-06-26,12,281
2021-06-26,13,188
2021-06-26,14,167
2021-06-26,15,163
2021-06-26,16,147
2021-06-26,17,137
2021-06-26,18,121
2021-06-26,19,151
2021-06-26,20,83
2021-06-26,21,52
2021-06-26,22,62
2021-06-26,23,34
2021-06-27,0,15
2021-06-27,1,13
2021-06-27,2,8
2021-06-27,3,8
2021-06-27,4,8
2021-06-27,5,17
2021-06-27,6,38
2021-06-27,7,42
2021-06-27,8,70
2021-06-27,9,110
2021-06-27,10,112
2021-06-27,11,163
2021-06-27,12,164
2021-06-27,13,149
2021-06-27,14,157
2021-06-27,15,120
2021-06-27,16,198
2021-06-27,17,99
2021-06-27,18,97
2021-06-27,19,77
2021-06-27,20,69
2021-06-27,21,43
2021-06-27,22,29
2021-06-27,23,17
2021-06-28,0,6
2021-06-28,1,6
2021-06-28,2,4
2021-06-28,3,4
2021-06-28,4,5
2021-06-28,5,38
2021-06-28,6,99
2021-06-28,7,116
2021-06-28,8,155
2021-06-28,9,161
2021-06-28,10,159
2021-06-28,11,161
2021-06-28,12,186
2021-06-28,13,190
2021-06-28,14,172
2021-06-28,15,191
2021-06-28,16,127
2021-06-28,17,219
2021-06-28,18,127
2021-06-28,19,101
2021-06-28,20,89
2021-06-28,21,47
2021-06-28,22,32
2021-06-28,23,31
2021-06-29,0,7
2021-06-29,1,9
2021-06-29,2,6
2021-06-29,3,3
2021-06-29,4,11
2021-06-29,5,37
2021-06-29,6,95
2021-06-29,7,161
2021-06-29,8,153
2021-06-29,9,155
2021-06-29,10,154
2021-06-29,11,182
2021-06-29,12,129
2021-06-29,13,222
2021-06-29,14,169
2021-06-29,15,287
2021-06-29,16,200
2021-06-29,17,157
2021-06-29,18,136
2021-06-29,19,109
2021-06-29,20,64
2021-06-29,21,52
2021-06-29,22,40
2021-06-29,23,16
2021-06-30,0,9
2021-06-30,1,9
2021-06-30,2,5
2021-06-30,3,3
2021-06-30,4,12
2021-06-30,5,34
2021-06-30,6,99
2021-06-30,7,134
2021-06-30,8,147
2021-06-30,9,154
2021-06-30,10,178
2021-06-30,11,199
2021-06-30,12,189
2021-06-30,13,202
2021-06-30,14,188
2021-06-30,15,236
2021-06-30,16,236
2021-06-30,17,215
2021-06-30,18,133
2021-06-30,19,97
2021-06-30,20,81
2021-06-30,21,75
2021-06-30,22,34
2021-06-30,23,20
2021-07-01,0,13
2021-07-01,1,4
2021-07-01,2,4
2021-07-01,3,8
2021-07-01,4,7
2021-07-01,5,27
2021-07-01,6,93
2021-07-01,7,146
2021-07-01,8,140
2021-07-01,9,183
2021-07-01,10,160
2021-07-01,11,192
2021-07-01,12,184
2021-07-01,13,187
2021-07-01,14,205
2021-07-01,15,227
2021-07-01,16,219
2021-07-01,17,158
2021-07-01,18,156
2021-07-01,19,114
2021-07-01,20,79
2021-07-01,21,60
2021-07-01,22,39
2021-07-01,23,22
2021-07-02,0,10
2021-07-02,1,3
2021-07-02,2,4
2021-07-02,3,5
2021-07-02,4,10
2021-07-02,5,37
2021-07-02,6,105
2021-07-02,7,127
2021-07-02,8,143
2021-07-02,9,160
2021-07-02,10,146
2021-07-02,11,204
2021-07-02,12,186
2021-07-02,13,212
2021-07-02,14,192
2021-07-02,15,221
2021-07-02,16,187
2021-07-02,17,180
2021-07-02,18,170
2021-07-02,19,97
2021-07-02,20,82
2021-07-02,21,73
2021-07-02,22,33
2021-07-02,23,24
2021-07-03,0,26
2021-07-03,1,11
2021-07-03,2,4
2021-07-03,3,7
2021-07-03,4,9
2021-07-03,5,27
2021-07-03,6,44
2021-07-03,7,62
2021-07-03,8,99
2021-07-03,9,118
2021-07-03,10,140
2021-07-03,11,169
2021-07-03,12,168
2021-07-03,13,166
2021-07-03,14,164
2021-07-03,15,149
2021-07-03,16,136
2021-07-03,17,128
2021-07-03,18,117
2021-07-03,19,80
2021-07-03,20,60
2021-07-03,21,68
2021-07-03,22,53
2021-07-03,23,28
2021-07-04,0,20
2021-07-04,1,11
2021-07-04,2,10
2021-07-04,3,5
2021-07-04,4,9
2021-07-04,5,17
2021-07-04,6,52
2021-07-04,7,37
2021-07-04,8,64
2021-07-04,9,88
2021-07-04,10,123
2021-07-04,11,160
2021-07-04,12,163
2021-07-04,13,166
2021-07-04,14,164
2021-07-04,15,138
2021-07-04,16,117
2021-07-04,17,123
2021-07-04,18,110
2021-07-04,19,82
2021-07-04,20,67
2021-07-04,21,35
2021-07-04,22,31
2021-07-04,23,17
2021-07-05,0,4
2021-07-05,1,4
2021-07-05,2,1
2021-07-05,3,3
2021-07-05,4,5
2021-07-05,5,32
2021-07-05,6,99
2021-07-05,7,111
2021-07-05,8,156
2021-07-05,9,126
2021-07-05,10,162
2021-07-05,11,192
2021-07-05,12,156
2021-07-05,13,192
2021-07-05,14,209
2021-07-05,15,219
2021-07-05,16,286
2021-07-05,17,162
2021-07-05,18,128
2021-07-05,19,115
2021-07-05,20,76
2021-07-05,21,49
2021-07-05,22,39
2021-07-05,23,9
2021-07-06,0,5
2021-07-06,1,4
2021-07-06,2,0
2021-07-06,3,4
2021-07-06,4,12
2021-07-06,5,30
2021-07-06,6,134
2021-07-06,7,128
2021-07-06,8,115
2021-07-06,9,134
2021-07-06,10,173
2021-07-06,11,183
2021-07-06,12,177
2021-07-06,13,172
2021-07-06,14,186
2021-07-06,15,196
2021-07-06,16,217
2021-07-06,17,200
2021-07-06,18,163
2021-07-06,19,125
2021-07-06,20,62
2021-07-06,21,60
2021-07-06,22,40
2021-07-06,23,16
2021-07-07,0,5
2021-07-07,1,3
2021-07-07,2,8
2021-07-07,3,4
2021-07-07,4,14
2021-07-07,5,37
2021-07-07,6,106
2021-07-07,7,132
2021-07-07,8,163
2021-07-07,9,165
2021-07-07,10,174
2021-07-07,11,184
2021-07-07,12,169
2021-07-07,13,167
2021-07-07,14,189
2021-07-07,15,213
2021-07-07,16,228
2021-07-07,17,184
2021-07-07,18,170
2021-07-07,19,57
2021-07-07,20,61
2021-07-07,21,55
2021-07-07,22,54
2021-07-07,23,23
2021-07-08,0,13
2021-07-08,1,12
2021-07-08,2,4
2021-07-08,3,7
2021-07-08,4,14
2021-07-08,5,47
2021-07-08,6,105
2021-07-08,7,140
2021-07-08,8,136
2021-07-08,9,171
2021-07-08,10,201
2021-07-08,11,222
2021-07-08,12,372
2021-07-08,13,181
2021-07-08,14,209
2021-07-08,15,251
2021-07-08,16,232
2021-07-08,17,141
2021-07-08,18,139
2021-07-08,19,86
2021-07-08,20,92
2021-07-08,21,64
2021-07-08,22,35
2021-07-08,23,15
2021-07-09,0,10
2021-07-09,1,7
2021-07-09,2,6
2021-07-09,3,6
2021-07-09,4,16
2021-07-09,5,31
2021-07-09,6,86
2021-07-09,7,141
2021-07-09,8,169
2021-07-09,9,149
2021-07-09,10,191
2021-07-09,11,192
2021-07-09,12,189
2021-07-09,13,190
2021-07-09,14,199
2021-07-09,15,211
2021-07-09,16,234
2021-07-09,17,142
2021-07-09,18,175
2021-07-09,19,108
2021-07-09,20,98
2021-07-09,21,77
2021-07-09,22,65
2021-07-09,23,24
2021-07-10,0,47
2021-07-10,1,11
2021-07-10,2,12
2021-07-10,3,7
2021-07-10,4,9
2021-07-10,5,17
2021-07-10,6,48
2021-07-10,7,119
2021-07-10,8,114
2021-07-10,9,135
2021-07-10,10,177
2021-07-10,11,157
2021-07-10,12,172
2021-07-10,13,142
2021-07-10,14,148
2021-07-10,15,133
2021-07-10,16,107
2021-07-10,17,138
2021-07-10,18,114
2021-07-10,19,79
2021-07-10,20,70
2021-07-10,21,57
2021-07-10,22,60
2021-07-10,23,36
2021-07-11,0,22
2021-07-11,1,9
2021-07-11,2,7
2021-07-11,3,13
2021-07-11,4,3
2021-07-11,5,20
2021-07-11,6,47
2021-07-11,7,41
2021-07-11,8,74
2021-07-11,9,105
2021-07-11,10,118
2021-07-11,11,165
2021-07-11,12,156
2021-07-11,13,164
2021-07-11,14,130
2021-07-11,15,153
2021-07-11,16,123
2021-07-11,17,155
2021-07-11,18,115
2021-07-11,19,76
2021-07-11,20,56
2021-07-11,21,43
2021-07-11,22,54
2021-07-11,23,40
2021-07-12,0,14
2021-07-12,1,7
2021-07-12,2,9
2021-07-12,3,2
2021-07-12,4,8
2021-07-12,5,38
2021-07-12,6,79
2021-07-12,7,101
2021-07-12,8,130
2021-07-12,9,150
2021-07-12,10,175
2021-07-12,11,163
2021-07-12,12,176
2021-07-12,13,170
2021-07-12,14,177
2021-07-12,15,234
2021-07-12,16,216
2021-07-12,17,154
2021-07-12,18,123
2021-07-12,19,101
2021-07-12,20,81
2021-07-12,21,41
2021-07-12,22,33
2021-07-12,23,18
2021-07-13,0,11
2021-07-13,1,4
2021-07-13,2,3
2021-07-13,3,3
2021-07-13,4,14
2021-07-13,5,37
2021-07-13,6,89
2021-07-13,7,155
2021-07-13,8,139
2021-07-13,9,141
2021-07-13,10,191
2021-07-13,11,174
2021-07-13,12,187
2021-07-13,13,195
2021-07-13,14,247
2021-07-13,15,228
2021-07-13,16,205
2021-07-13,17,197
2021-07-13,18,175
2021-07-13,19,106
2021-07-13,20,88
2021-07-13,21,54
2021-07-13,22,41
2021-07-13,23,14
2021-07-14,0,3
2021-07-14,1,6
2021-07-14,2,9
2021-07-14,3,7
2021-07-14,4,13
2021-07-14,5,24
2021-07-14,6,96
2021-07-14,7,140
2021-07-14,8,152
2021-07-14,9,187
2021-07-14,10,165
2021-07-14,11,212
2021-07-14,12,180
2021-07-14,13,183
2021-07-14,14,184
2021-07-14,15,202
2021-07-14,16,260
2021-07-14,17,311
2021-07-14,18,137
2021-07-14,19,113
2021-07-14,20,87
2021-07-14,21,73
2021-07-14,22,47
2021-07-14,23,17
2021-07-15,0,10
2021-07-15,1,6
2021-07-15,2,5
2021-07-15,3,9
2021-07-15,4,11
2021-07-15,5,34
2021-07-15,6,97
2021-07-15,7,140
2021-07-15,8,165
2021-07-15,9,140
2021-07-15,10,173
2021-07-15,11,207
2021-07-15,12,204
2021-07-15,13,205
2021-07-15,14,123
2021-07-15,15,255
2021-07-15,16,244
2021-07-15,17,197
2021-07-15,18,128
2021-07-15,19,121
2021-07-15,20,83
2021-07-15,21,109
2021-07-15,22,70
2021-07-15,23,21
2021-07-16,0,8
2021-07-16,1,14
2021-07-16,2,6
2021-07-16,3,9
2021-07-16,4,10
2021-07-16,5,37
2021-07-16,6,89
2021-07-16,7,135
2021-07-16,8,173
2021-07-16,9,163
2021-07-16,10,180
2021-07-16,11,197
2021-07-16,12,183
2021-07-16,13,212
2021-07-16,14,177
2021-07-16,15,223
2021-07-16,16,204
2021-07-16,17,159
2021-07-16,18,161
2021-07-16,19,143
2021-07-16,20,89
2021-07-16,21,77
2021-07-16,22,61
2021-07-16,23,25
2021-07-17,0,18
2021-07-17,1,12
2021-07-17,2,11
2021-07-17,3,7
2021-07-17,4,6
2021-07-17,5,22
2021-07-17,6,40
2021-07-17,7,67
2021-07-17,8,90
2021-07-17,9,134
2021-07-17,10,148
2021-07-17,11,171
2021-07-17,12,200
2021-07-17,13,189
2021-07-17,14,128
2021-07-17,15,178
2021-07-17,16,126
2021-07-17,17,118
2021-07-17,18,119
2021-07-17,19,92
2021-07-17,20,75
2021-07-17,21,82
2021-07-17,22,68
2021-07-17,23,39
2021-07-18,0,35
2021-07-18,1,19
2021-07-18,2,14
2021-07-18,3,10
2021-07-18,4,6
2021-07-18,5,11
2021-07-18,6,52
2021-07-18,7,43
2021-07-18,8,64
2021-07-18,9,106
2021-07-18,10,124
2021-07-18,11,171
2021-07-18,12,180
2021-07-18,13,138
2021-07-18,14,130
2021-07-18,15,131
2021-07-18,16,114
2021-07-18,17,102
2021-07-18,18,119
2021-07-18,19,94
2021-07-18,20,83
2021-07-18,21,57
2021-07-18,22,54
2021-07-18,23,23
2021-07-19,0,17
2021-07-19,1,4
2021-07-19,2,5
2021-07-19,3,13
2021-07-19,4,13
2021-07-19,5,32
2021-07-19,6,72
2021-07-19,7,102
2021-07-19,8,125
2021-07-19,9,155
2021-07-19,10,168
2021-07-19,11,158
2021-07-19,12,187
2021-07-19,13,167
2021-07-19,14,162
2021-07-19,15,195
2021-07-19,16,188
2021-07-19,17,128
2021-07-19,18,145
2021-07-19,19,116
2021-07-19,20,71
2021-07-19,21,57
2021-07-19,22,50
2021-07-19,23,28
2021-07-20,0,13
2021-07-20,1,3
2021-07-20,2,5
2021-07-20,3,3
2021-07-20,4,17
2021-07-20,5,35
2021-07-20,6,93
2021-07-20,7,135
2021-07-20,8,160
2021-07-20,9,145
2021-07-20,10,190
2021-07-20,11,177
2021-07-20,12,166
2021-07-20,13,113
2021-07-20,14,243
2021-07-20,15,236
2021-07-20,16,229
2021-07-20,17,146
2021-07-20,18,135
2021-07-20,19,101
2021-07-20,20,79
2021-07-20,21,67
2021-07-20,22,37
2021-07-20,23,26
2021-07-21,0,14
2021-07-21,1,7
2021-07-21,2,6
2021-07-21,3,4
2021-07-21,4,9
2021-07-21,5,32
2021-07-21,6,83
2021-07-21,7,141
2021-07-21,8,147
2021-07-21,9,155
2021-07-21,10,180
2021-07-21,11,201
2021-07-21,12,173
2021-07-21,13,218
2021-07-21,14,163
2021-07-21,15,212
2021-07-21,16,211
2021-07-21,17,147
2021-07-21,18,149
2021-07-21,19,100
2021-07-21,20,89
2021-07-21,21,55
2021-07-21,22,43
2021-07-21,23,14
2021-07-22,0,21
2021-07-22,1,3
2021-07-22,2,11
2021-07-22,3,5
2021-07-22,4,12
2021-07-22,5,36
2021-07-22,6,95
2021-07-22,7,142
2021-07-22,8,144
2021-07-22,9,162
2021-07-22,10,150
2021-07-22,11,191
2021-07-22,12,178
2021-07-22,13,175
2021-07-22,14,171
2021-07-22,15,272
2021-07-22,16,233
2021-07-22,17,181
2021-07-22,18,127
2021-07-22,19,101
2021-07-22,20,87
2021-07-22,21,74
2021-07-22,22,44
2021-07-22,23,23
2021-07-23,0,17
2021-07-23,1,10
2021-07-23,2,14
2021-07-23,3,6
2021-07-23,4,14
2021-07-23,5,36
2021-07-23,6,81
2021-07-23,7,123
2021-07-23,8,146
2021-07-23,9,160
2021-07-23,10,144
2021-07-23,11,159
2021-07-23,12,165
2021-07-23,13,205
2021-07-23,14,203
2021-07-23,15,221
2021-07-23,16,171
2021-07-23,17,161
2021-07-23,18,140
2021-07-23,19,139
2021-07-23,20,80
2021-07-23,21,80
2021-07-23,22,54
2021-07-23,23,37
2021-07-24,0,20
2021-07-24,1,14
2021-07-24,2,9
2021-07-24,3,5
2021-07-24,4,11
2021-07-24,5,25
2021-07-24,6,51
2021-07-24,7,67
2021-07-24,8,83
2021-07-24,9,160
2021-07-24,10,134
2021-07-24,11,145
2021-07-24,12,157
2021-07-24,13,244
2021-07-24,14,141
2021-07-24,15,151
2021-07-24,16,114
2021-07-24,17,98
2021-07-24,18,99
2021-07-24,19,94
2021-07-24,20,76
2021-07-24,21,123
2021-07-24,22,47
2021-07-24,23,47
2021-07-25,0,33
2021-07-25,1,13
2021-07-25,2,10
2021-07-25,3,8
2021-07-25,4,9
2021-07-25,5,15
2021-07-25,6,49
2021-07-25,7,41
2021-07-25,8,74
2021-07-25,9,87
2021-07-25,10,127
2021-07-25,11,159
2021-07-25,12,152
2021-07-25,13,142
2021-07-25,14,145
2021-07-25,15,142
2021-07-25,16,122
2021-07-25,17,138
2021-07-25,18,106
2021-07-25,19,87
2021-07-25,20,94
2021-07-25,21,57
2021-07-25,22,36
2021-07-25,23,25
2021-07-26,0,13
2021-07-26,1,7
2021-07-26,2,8
2021-07-26,3,9
2021-07-26,4,11
2021-07-26,5,36
2021-07-26,6,81
2021-07-26,7,120
2021-07-26,8,148
2021-07-26,9,146
2021-07-26,10,172
2021-07-26,11,183
2021-07-26,12,170
2021-07-26,13,178
2021-07-26,14,187
2021-07-26,15,200
2021-07-26,16,197
2021-07-26,17,144
2021-07-26,18,111
2021-07-26,19,82
2021-07-26,20,72
2021-07-26,21,50
2021-07-26,22,29
2021-07-26,23,26
2021-07-27,0,9
2021-07-27,1,7
2021-07-27,2,4
2021-07-27,3,10
2021-07-27,4,7
2021-07-27,5,35
2021-07-27,6,81
2021-07-27,7,164
2021-07-27,8,106
2021-07-27,9,154
2021-07-27,10,156
2021-07-27,11,131
2021-07-27,12,163
2021-07-27,13,167
2021-07-27,14,193
2021-07-27,15,251
2021-07-27,16,218
2021-07-27,17,212
2021-07-27,18,162
2021-07-27,19,120
2021-07-27,20,59
2021-07-27,21,38
2021-07-27,22,35
2021-07-27,23,21
2021-07-28,0,13
2021-07-28,1,7
2021-07-28,2,8
2021-07-28,3,7
2021-07-28,4,13
2021-07-28,5,34
2021-07-28,6,91
2021-07-28,7,144
2021-07-28,8,142
2021-07-28,9,161
2021-07-28,10,217
2021-07-28,11,156
2021-07-28,12,170
2021-07-28,13,249
2021-07-28,14,169
2021-07-28,15,221
2021-07-28,16,234
2021-07-28,17,165
2021-07-28,18,156
2021-07-28,19,95
2021-07-28,20,80
2021-07-28,21,49
2021-07-28,22,32
2021-07-28,23,23
2021-07-29,0,13
2021-07-29,1,8
2021-07-29,2,5
2021-07-29,3,4
2021-07-29,4,15
2021-07-29,5,41
2021-07-29,6,94
2021-07-29,7,134
2021-07-29,8,134
2021-07-29,9,150
2021-07-29,10,187
2021-07-29,11,210
2021-07-29,12,178
2021-07-29,13,269
2021-07-29,14,159
2021-07-29,15,217
2021-07-29,16,201
2021-07-29,17,171
2021-07-29,18,139
2021-07-29,19,150
2021-07-29,20,78
2021-07-29,21,62
2021-07-29,22,34
2021-07-29,23,23
2021-07-30,0,14
2021-07-30,1,13
2021-07-30,2,10
2021-07-30,3,9
2021-07-30,4,19
2021-07-30,5,36
2021-07-30,6,95
2021-07-30,7,137
2021-07-30,8,147
2021-07-30,9,175
2021-07-30,10,153
2021-07-30,11,207
2021-07-30,12,187
2021-07-30,13,196
2021-07-30,14,236
2021-07-30,15,215
2021-07-30,16,216
2021-07-30,17,168
2021-07-30,18,128
2021-07-30,19,111
2021-07-30,20,77
2021-07-30,21,63
2021-07-30,22,53
2021-07-30,23,38
2021-07-31,0,22
2021-07-31,1,14
2021-07-31,2,6
2021-07-31,3,8
2021-07-31,4,13
2021-07-31,5,28
2021-07-31,6,54
2021-07-31,7,75
2021-07-31,8,101
2021-07-31,9,126
2021-07-31,10,142
2021-07-31,11,153
2021-07-31,12,154
2021-07-31,13,172
2021-07-31,14,137
2021-07-31,15,169
2021-07-31,16,167
2021-07-31,17,124
2021-07-31,18,114
2021-07-31,19,100
2021-07-31,20,67
2021-07-31,21,59
2021-07-31,22,55
2021-07-31,23,42
2021-08-01,0,32
2021-08-01,1,23
2021-08-01,2,15
2021-08-01,3,7
2021-08-01,4,11
2021-08-01,5,10
2021-08-01,6,50
2021-08-01,7,35
2021-08-01,8,67
2021-08-01,9,100
2021-08-01,10,106
2021-08-01,11,135
2021-08-01,12,133
2021-08-01,13,135
2021-08-01,14,135
2021-08-01,15,151
2021-08-01,16,126
2021-08-01,17,115
2021-08-01,18,97
2021-08-01,19,84
2021-08-01,20,68
2021-08-01,21,39
2021-08-01,22,38
2021-08-01,23,25
2021-08-02,0,14
2021-08-02,1,5
2021-08-02,2,6
2021-08-02,3,5
2021-08-02,4,7
2021-08-02,5,36
2021-08-02,6,78
2021-08-02,7,117
2021-08-02,8,165
2021-08-02,9,148
2021-08-02,10,144
2021-08-02,11,172
2021-08-02,12,146
2021-08-02,13,193
2021-08-02,14,195
2021-08-02,15,211
2021-08-02,16,201
2021-08-02,17,142
2021-08-02,18,125
2021-08-02,19,82
2021-08-02,20,73
2021-08-02,21,64
2021-08-02,22,43
2021-08-02,23,20
2021-08-03,0,13
2021-08-03,1,8
2021-08-03,2,9
2021-08-03,3,5
2021-08-03,4,13
2021-08-03,5,34
2021-08-03,6,95
2021-08-03,7,122
2021-08-03,8,137
2021-08-03,9,158
2021-08-03,10,167
2021-08-03,11,176
2021-08-03,12,174
2021-08-03,13,177
2021-08-03,14,182
2021-08-03,15,221
2021-08-03,16,262
2021-08-03,17,173
2021-08-03,18,112
2021-08-03,19,99
2021-08-03,20,65
2021-08-03,21,57
2021-08-03,22,25
2021-08-03,23,19
2021-08-04,0,12
2021-08-04,1,6
2021-08-04,2,3
2021-08-04,3,7
2021-08-04,4,10
2021-08-04,5,44
2021-08-04,6,91
2021-08-04,7,139
2021-08-04,8,143
2021-08-04,9,158
2021-08-04,10,168
2021-08-04,11,182
2021-08-04,12,185
2021-08-04,13,186
2021-08-04,14,170
2021-08-04,15,212
2021-08-04,16,213
2021-08-04,17,175
2021-08-04,18,133
2021-08-04,19,100
2021-08-04,20,88
2021-08-04,21,53
2021-08-04,22,42
2021-08-04,23,30
2021-08-05,0,11
2021-08-05,1,8
2021-08-05,2,7
2021-08-05,3,8
2021-08-05,4,11
2021-08-05,5,40
2021-08-05,6,86
2021-08-05,7,121
2021-08-05,8,165
2021-08-05,9,155
2021-08-05,10,176
2021-08-05,11,169
2021-08-05,12,183
2021-08-05,13,191
2021-08-05,14,170
2021-08-05,15,233
2021-08-05,16,197
2021-08-05,17,172
2021-08-05,18,150
2021-08-05,19,114
2021-08-05,20,90
2021-08-05,21,49
2021-08-05,22,40
2021-08-05,23,30
2021-08-06,0,14
2021-08-06,1,12
2021-08-06,2,9
2021-08-06,3,10
2021-08-06,4,12
2021-08-06,5,32
2021-08-06,6,80
2021-08-06,7,131
2021-08-06,8,153
2021-08-06,9,161
2021-08-06,10,171
2021-08-06,11,176
2021-08-06,12,212
2021-08-06,13,204
2021-08-06,14,196
2021-08-06,15,203
2021-08-06,16,201
2021-08-06,17,158
2021-08-06,18,147
2021-08-06,19,107
2021-08-06,20,71
2021-08-06,21,76
2021-08-06,22,54
2021-08-06,23,31
2021-08-07,0,27
2021-08-07,1,13
2021-08-07,2,8
2021-08-07,3,12
2021-08-07,4,5
2021-08-07,5,17
2021-08-07,6,41
2021-08-07,7,74
2021-08-07,8,104
2021-08-07,9,132
2021-08-07,10,157
2021-08-07,11,157
2021-08-07,12,162
2021-08-07,13,159
2021-08-07,14,155
2021-08-07,15,145
2021-08-07,16,149
2021-08-07,17,124
2021-08-07,18,128
2021-08-07,19,103
2021-08-07,20,80
2021-08-07,21,75
2021-08-07,22,69
2021-08-07,23,37
2021-08-08,0,28
2021-08-08,1,21
2021-08-08,2,8
2021-08-08,3,2
2021-08-08,4,6
2021-08-08,5,11
2021-08-08,6,42
2021-08-08,7,40
2021-08-08,8,70
2021-08-08,9,94
2021-08-08,10,135
2021-08-08,11,159
2021-08-08,12,149
2021-08-08,13,155
2021-08-08,14,127
2021-08-08,15,137
2021-08-08,16,116
2021-08-08,17,111
2021-08-08,18,109
2021-08-08,19,98
2021-08-08,20,61
2021-08-08,21,60
2021-08-08,22,35
2021-08-08,23,20
2021-08-09,0,8
2021-08-09,1,7
2021-08-09,2,7
2021-08-09,3,5
2021-08-09,4,16
2021-08-09,5,34
2021-08-09,6,80
2021-08-09,7,138
2021-08-09,8,137
2021-08-09,9,145
2021-08-09,10,148
2021-08-09,11,172
2021-08-09,12,180
2021-08-09,13,204
2021-08-09,14,186
2021-08-09,15,220
2021-08-09,16,192
2021-08-09,17,163
2021-08-09,18,130
2021-08-09,19,111
2021-08-09,20,68
2021-08-09,21,49
2021-08-09,22,41
2021-08-09,23,21
2021-08-10,0,12
2021-08-10,1,7
2021-08-10,2,3
2021-08-10,3,5
2021-08-10,4,12
2021-08-10,5,34
2021-08-10,6,91
2021-08-10,7,151
2021-08-10,8,155
2021-08-10,9,175
2021-08-10,10,174
2021-08-10,11,182
2021-08-10,12,194
2021-08-10,13,138
2021-08-10,14,229
2021-08-10,15,230
2021-08-10,16,232
2021-08-10,17,181
2021-08-10,18,163
2021-08-10,19,99
2021-08-10,20,83
2021-08-10,21,76
2021-08-10,22,49
2021-08-10,23,16
2021-08-11,0,17
2021-08-11,1,14
2021-08-11,2,10
2021-08-11,3,8
2021-08-11,4,10
2021-08-11,5,40
2021-08-11,6,93
2021-08-11,7,133
2021-08-11,8,145
2021-08-11,9,151
2021-08-11,10,172
2021-08-11,11,187
2021-08-11,12,169
2021-08-11,13,198
2021-08-11,14,177
2021-08-11,15,234
2021-08-11,16,227
2021-08-11,17,166
2021-08-11,18,158
2021-08-11,19,107
2021-08-11,20,86
2021-08-11,21,58
2021-08-11,22,39
2021-08-11,23,18
2021-08-12,0,16
2021-08-12,1,8
2021-08-12,2,4
2021-08-12,3,4
2021-08-12,4,23
2021-08-12,5,43
2021-08-12,6,97
2021-08-12,7,142
2021-08-12,8,153
2021-08-12,9,151
2021-08-12,10,173
2021-08-12,11,172
2021-08-12,12,192
2021-08-12,13,181
2021-08-12,14,196
2021-08-12,15,221
2021-08-12,16,207
2021-08-12,17,175
2021-08-12,18,135
2021-08-12,19,112
2021-08-12,20,70
2021-08-12,21,66
2021-08-12,22,47
2021-08-12,23,30
2021-08-13,0,18
2021-08-13,1,13
2021-08-13,2,6
2021-08-13,3,6
2021-08-13,4,13
2021-08-13,5,28
2021-08-13,6,97
2021-08-13,7,149
2021-08-13,8,176
2021-08-13,9,156
2021-08-13,10,160
2021-08-13,11,183
2021-08-13,12,196
2021-08-13,13,201
2021-08-13,14,213
2021-08-13,15,260
2021-08-13,16,201
2021-08-13,17,188
2021-08-13,18,141
2021-08-13,19,133
2021-08-13,20,72
2021-08-13,21,84
2021-08-13,22,55
2021-08-13,23,44
2021-08-14,0,27
2021-08-14,1,11
2021-08-14,2,12
2021-08-14,3,11
2021-08-14,4,8
2021-08-14,5,20
2021-08-14,6,49
2021-08-14,7,75
2021-08-14,8,114
2021-08-14,9,125
2021-08-14,10,153
2021-08-14,11,160
2021-08-14,12,155
2021-08-14,13,157
2021-08-14,14,163
2021-08-14,15,152
2021-08-14,16,146
2021-08-14,17,133
2021-08-14,18,116
2021-08-14,19,87
2021-08-14,20,82
2021-08-14,21,64
2021-08-14,22,49
2021-08-14,23,43
2021-08-15,0,27
2021-08-15,1,21
2021-08-15,2,21
2021-08-15,3,13
2021-08-15,4,10
2021-08-15,5,11
2021-08-15,6,39
2021-08-15,7,43
2021-08-15,8,61
2021-08-15,9,109
2021-08-15,10,127
2021-08-15,11,143
2021-08-15,12,172
2021-08-15,13,158
2021-08-15,14,149
2021-08-15,15,151
2021-08-15,16,149
2021-08-15,17,121
2021-08-15,18,104
2021-08-15,19,87
2021-08-15,20,64
2021-08-15,21,49
2021-08-15,22,29
2021-08-15,23,33
2021-08-16,0,8
2021-08-16,1,8
2021-08-16,2,8
2021-08-16,3,10
2021-08-16,4,10
2021-08-16,5,32
2021-08-16,6,89
2021-08-16,7,139
2021-08-16,8,165
2021-08-16,9,142
2021-08-16,10,145
2021-08-16,11,183
2021-08-16,12,196
2021-08-16,13,189
2021-08-16,14,193
2021-08-16,15,234
2021-08-16,16,229
2021-08-16,17,156
2021-08-16,18,131
2021-08-16,19,102
2021-08-16,20,72
2021-08-16,21,49
2021-08-16,22,28
2021-08-16,23,20
2021-08-17,0,27
2021-08-17,1,6
2021-08-17,2,3
2021-08-17,3,10
2021-08-17,4,14
2021-08-17,5,30
2021-08-17,6,96
2021-08-17,7,167
2021-08-17,8,166
2021-08-17,9,159
2021-08-17,10,184
2021-08-17,11,199
2021-08-17,12,187
2021-08-17,13,171
2021-08-17,14,243
2021-08-17,15,253
2021-08-17,16,223
2021-08-17,17,184
2021-08-17,18,144
2021-08-17,19,105
2021-08-17,20,96
2021-08-17,21,59
2021-08-17,22,44
2021-08-17,23,14
2021-08-18,0,9
2021-08-18,1,13
2021-08-18,2,5
2021-08-18,3,8
2021-08-18,4,11
2021-08-18,5,38
2021-08-18,6,115
2021-08-18,7,159
2021-08-18,8,171
2021-08-18,9,163
2021-08-18,10,163
2021-08-18,11,190
2021-08-18,12,172
2021-08-18,13,221
2021-08-18,14,227
2021-08-18,15,240
2021-08-18,16,226
2021-08-18,17,157
2021-08-18,18,135
2021-08-18,19,102
2021-08-18,20,79
2021-08-18,21,51
2021-08-18,22,41
2021-08-18,23,94
2021-08-19,0,52
2021-08-19,1,13
2021-08-19,2,11
2021-08-19,3,7
2021-08-19,4,10
2021-08-19,5,32
2021-08-19,6,106
2021-08-19,7,157
2021-08-19,8,161
2021-08-19,9,156
2021-08-19,10,161
2021-08-19,11,165
2021-08-19,12,181
2021-08-19,13,184
2021-08-19,14,223
2021-08-19,15,225
2021-08-19,16,223
2021-08-19,17,188
2021-08-19,18,156
2021-08-19,19,114
2021-08-19,20,90
2021-08-19,21,54
2021-08-19,22,41
2021-08-19,23,24
2021-08-20,0,17
2021-08-20,1,10
2021-08-20,2,9
2021-08-20,3,10
2021-08-20,4,14
2021-08-20,5,25
2021-08-20,6,89
2021-08-20,7,180
2021-08-20,8,184
2021-08-20,9,178
2021-08-20,10,164
2021-08-20,11,181
2021-08-20,12,197
2021-08-20,13,231
2021-08-20,14,259
2021-08-20,15,263
2021-08-20,16,200
2021-08-20,17,185
2021-08-20,18,151
2021-08-20,19,110
2021-08-20,20,77
2021-08-20,21,61
2021-08-20,22,56
2021-08-20,23,45
2021-08-21,0,28
2021-08-21,1,16
2021-08-21,2,12
2021-08-21,3,8
2021-08-21,4,14
2021-08-21,5,25
2021-08-21,6,46
2021-08-21,7,75
2021-08-21,8,126
2021-08-21,9,125
2021-08-21,10,155
2021-08-21,11,159
2021-08-21,12,167
2021-08-21,13,175
2021-08-21,14,183
2021-08-21,15,160
2021-08-21,16,125
2021-08-21,17,144
2021-08-21,18,113
2021-08-21,19,91
2021-08-21,20,71
2021-08-21,21,90
2021-08-21,22,62
2021-08-21,23,40
2021-08-22,0,53
2021-08-22,1,27
2021-08-22,2,32
2021-08-22,3,21
2021-08-22,4,8
2021-08-22,5,15
2021-08-22,6,44
2021-08-22,7,53
2021-08-22,8,76
2021-08-22,9,111
2021-08-22,10,136
2021-08-22,11,140
2021-08-22,12,144
2021-08-22,13,167
2021-08-22,14,153
2021-08-22,15,160
2021-08-22,16,160
2021-08-22,17,116
2021-08-22,18,103
2021-08-22,19,79
2021-08-22,20,86
2021-08-22,21,58
2021-08-22,22,36
2021-08-22,23,24
2021-08-23,0,11
2021-08-23,1,8
2021-08-23,2,7
2021-08-23,3,8
2021-08-23,4,10
2021-08-23,5,35
2021-08-23,6,100
2021-08-23,7,161
2021-08-23,8,191
2021-08-23,9,154
2021-08-23,10,152
2021-08-23,11,173
2021-08-23,12,182
2021-08-23,13,191
2021-08-23,14,209
2021-08-23,15,236
2021-08-23,16,239
2021-08-23,17,146
2021-08-23,18,143
2021-08-23,19,104
2021-08-23,20,77
2021-08-23,21,59
2021-08-23,22,40
2021-08-23,23,15
2021-08-24,0,11
2021-08-24,1,15
2021-08-24,2,8
2021-08-24,3,4
2021-08-24,4,13
2021-08-24,5,22
2021-08-24,6,105
2021-08-24,7,182
2021-08-24,8,196
2021-08-24,9,144
2021-08-24,10,165
2021-08-24,11,172
2021-08-24,12,177
2021-08-24,13,177
2021-08-24,14,193
2021-08-24,15,269
2021-08-24,16,228
2021-08-24,17,181
2021-08-24,18,140
2021-08-24,19,114
2021-08-24,20,92
2021-08-24,21,49
2021-08-24,22,34
2021-08-24,23,9
2021-08-25,0,8
2021-08-25,1,4
2021-08-25,2,10
2021-08-25,3,8
2021-08-25,4,10
2021-08-25,5,39
2021-08-25,6,104
2021-08-25,7,169
2021-08-25,8,195
2021-08-25,9,163
2021-08-25,10,170
2021-08-25,11,201
2021-08-25,12,174
2021-08-25,13,184
2021-08-25,14,193
2021-08-25,15,239
2021-08-25,16,241
2021-08-25,17,168
2021-08-25,18,143
2021-08-25,19,120
2021-08-25,20,110
2021-08-25,21,59
2021-08-25,22,24
2021-08-25,23,18
2021-08-26,0,16
2021-08-26,1,7
2021-08-26,2,8
2021-08-26,3,6
2021-08-26,4,13
2021-08-26,5,32
2021-08-26,6,111
2021-08-26,7,190
2021-08-26,8,188
2021-08-26,9,149
2021-08-26,10,159
2021-08-26,11,177
2021-08-26,12,177
2021-08-26,13,200
2021-08-26,14,220
2021-08-26,15,223
2021-08-26,16,221
2021-08-26,17,192
2021-08-26,18,145
2021-08-26,19,114
2021-08-26,20,84
2021-08-26,21,63
2021-08-26,22,33
2021-08-26,23,20
2021-08-27,0,15
2021-08-27,1,12
2021-08-27,2,6
2021-08-27,3,7
2021-08-27,4,13
2021-08-27,5,31
2021-08-27,6,75
2021-08-27,7,160
2021-08-27,8,182
2021-08-27,9,160
2021-08-27,10,160
2021-08-27,11,175
2021-08-27,12,172
2021-08-27,13,171
2021-08-27,14,208
2021-08-27,15,271
2021-08-27,16,205
2021-08-27,17,181
2021-08-27,18,149
2021-08-27,19,120
2021-08-27,20,80
2021-08-27,21,72
2021-08-27,22,49
2021-08-27,23,42
2021-08-28,0,19
2021-08-28,1,16
2021-08-28,2,9
2021-08-28,3,13
2021-08-28,4,8
2021-08-28,5,28
2021-08-28,6,62
2021-08-28,7,88
2021-08-28,8,119
2021-08-28,9,155
2021-08-28,10,161
2021-08-28,11,186
2021-08-28,12,174
2021-08-28,13,187
2021-08-28,14,167
2021-08-28,15,150
2021-08-28,16,126
2021-08-28,17,107
2021-08-28,18,133
2021-08-28,19,94
2021-08-28,20,74
2021-08-28,21,58
2021-08-28,22,50
2021-08-28,23,33
2021-08-29,0,33
2021-08-29,1,23
2021-08-29,2,16
2021-08-29,3,11
2021-08-29,4,9
2021-08-29,5,13
2021-08-29,6,41
2021-08-29,7,45
2021-08-29,8,75
2021-08-29,9,117
2021-08-29,10,138
2021-08-29,11,159
2021-08-29,12,128
2021-08-29,13,131
2021-08-29,14,153
2021-08-29,15,141
2021-08-29,16,106
2021-08-29,17,109
2021-08-29,18,100
2021-08-29,19,101
2021-08-29,20,74
2021-08-29,21,51
2021-08-29,22,36
2021-08-29,23,22
2021-08-30,0,13
2021-08-30,1,8
2021-08-30,2,9
2021-08-30,3,11
2021-08-30,4,13
2021-08-30,5,31
2021-08-30,6,101
2021-08-30,7,160
2021-08-30,8,166
2021-08-30,9,144
2021-08-30,10,173
2021-08-30,11,184
2021-08-30,12,156
2021-08-30,13,176
2021-08-30,14,211
2021-08-30,15,270
2021-08-30,16,200
2021-08-30,17,184
2021-08-30,18,117
2021-08-30,19,91
2021-08-30,20,77
2021-08-30,21,46
2021-08-30,22,24
2021-08-30,23,27
2021-08-31,0,8
2021-08-31,1,11
2021-08-31,2,7
2021-08-31,3,11
2021-08-31,4,9
2021-08-31,5,19
2021-08-31,6,94
2021-08-31,7,184
2021-08-31,8,184
2021-08-31,9,135
2021-08-31,10,167
2021-08-31,11,178
2021-08-31,12,181
2021-08-31,13,193
2021-08-31,14,221
2021-08-31,15,306
2021-08-31,16,256
2021-08-31,17,181
2021-08-31,18,120
2021-08-31,19,113
2021-08-31,20,83
2021-08-31,21,51
2021-08-31,22,35
2021-08-31,23,20
2021-09-01,0,11
2021-09-01,1,11
2021-09-01,2,8
2021-09-01,3,8
2021-09-01,4,11
2021-09-01,5,30
2021-09-01,6,125
2021-09-01,7,180
2021-09-01,8,203
2021-09-01,9,146
2021-09-01,10,136
2021-09-01,11,177
2021-09-01,12,171
2021-09-01,13,221
2021-09-01,14,209
2021-09-01,15,250
2021-09-01,16,227
2021-09-01,17,208
2021-09-01,18,120
2021-09-01,19,111
2021-09-01,20,83
2021-09-01,21,49
2021-09-01,22,35
2021-09-01,23,13
2021-09-02,0,10
2021-09-02,1,5
2021-09-02,2,9
2021-09-02,3,5
2021-09-02,4,10
2021-09-02,5,33
2021-09-02,6,112
2021-09-02,7,217
2021-09-02,8,190
2021-09-02,9,154
2021-09-02,10,174
2021-09-02,11,185
2021-09-02,12,200
2021-09-02,13,196
2021-09-02,14,226
2021-09-02,15,242
2021-09-02,16,224
2021-09-02,17,178
2021-09-02,18,163
2021-09-02,19,103
2021-09-02,20,86
2021-09-02,21,60
2021-09-02,22,35
2021-09-02,23,34
2021-09-03,0,15
2021-09-03,1,6
2021-09-03,2,15
2021-09-03,3,12
2021-09-03,4,13
2021-09-03,5,30
2021-09-03,6,86
2021-09-03,7,184
2021-09-03,8,204
2021-09-03,9,156
2021-09-03,10,190
2021-09-03,11,202
2021-09-03,12,203
2021-09-03,13,229
2021-09-03,14,225
2021-09-03,15,235
2021-09-03,16,232
2021-09-03,17,183
2021-09-03,18,135
2021-09-03,19,116
2021-09-03,20,85
2021-09-03,21,53
2021-09-03,22,51
2021-09-03,23,24
2021-09-04,0,31
2021-09-04,1,20
2021-09-04,2,13
2021-09-04,3,12
2021-09-04,4,11
2021-09-04,5,12
2021-09-04,6,54
2021-09-04,7,79
2021-09-04,8,116
2021-09-04,9,135
2021-09-04,10,161
2021-09-04,11,167
2021-09-04,12,168
2021-09-04,13,171
2021-09-04,14,152
2021-09-04,15,155
2021-09-04,16,139
2021-09-04,17,124
2021-09-04,18,118
2021-09-04,19,90
2021-09-04,20,70
2021-09-04,21,72
2021-09-04,22,48
2021-09-04,23,33
2021-09-05,0,31
2021-09-05,1,21
2021-09-05,2,22
2021-09-05,3,19
2021-09-05,4,10
2021-09-05,5,11
2021-09-05,6,34
2021-09-05,7,48
2021-09-05,8,69
2021-09-05,9,102
2021-09-05,10,119
2021-09-05,11,228
2021-09-05,12,145
2021-09-05,13,164
2021-09-05,14,154
2021-09-05,15,144
2021-09-05,16,125
2021-09-05,17,122
2021-09-05,18,104
2021-09-05,19,84
2021-09-05,20,61
2021-09-05,21,50
2021-09-05,22,40
2021-09-05,23,17
2021-09-06,0,11
2021-09-06,1,7
2021-09-06,2,8
2021-09-06,3,7
2021-09-06,4,15
2021-09-06,5,26
2021-09-06,6,106
2021-09-06,7,172
2021-09-06,8,169
2021-09-06,9,163
2021-09-06,10,151
2021-09-06,11,169
2021-09-06,12,189
2021-09-06,13,178
2021-09-06,14,224
2021-09-06,15,238
2021-09-06,16,223
2021-09-06,17,167
2021-09-06,18,135
2021-09-06,19,96
2021-09-06,20,67
2021-09-06,21,55
2021-09-06,22,30
2021-09-06,23,20
2021-09-07,0,9
2021-09-07,1,7
2021-09-07,2,7
2021-09-07,3,10
2021-09-07,4,12
2021-09-07,5,26
2021-09-07,6,95
2021-09-07,7,172
2021-09-07,8,165
2021-09-07,9,141
2021-09-07,10,150
2021-09-07,11,149
2021-09-07,12,191
2021-09-07,13,174
2021-09-07,14,224
2021-09-07,15,242
2021-09-07,16,234
2021-09-07,17,173
2021-09-07,18,126
2021-09-07,19,106
2021-09-07,20,88
2021-09-07,21,53
2021-09-07,22,35
2021-09-07,23,19
2021-09-08,0,16
2021-09-08,1,9
2021-09-08,2,10
2021-09-08,3,12
2021-09-08,4,15
2021-09-08,5,42
2021-09-08,6,93
2021-09-08,7,173
2021-09-08,8,177
2021-09-08,9,146
2021-09-08,10,172
2021-09-08,11,179
2021-09-08,12,182
2021-09-08,13,195
2021-09-08,14,222
2021-09-08,15,258
2021-09-08,16,234
2021-09-08,17,178
2021-09-08,18,145
2021-09-08,19,97
2021-09-08,20,89
2021-09-08,21,52
2021-09-08,22,42
2021-09-08,23,24
2021-09-09,0,11
2021-09-09,1,7
2021-09-09,2,12
2021-09-09,3,12
2021-09-09,4,15
2021-09-09,5,31
2021-09-09,6,105
2021-09-09,7,170
2021-09-09,8,172
2021-09-09,9,162
2021-09-09,10,159
2021-09-09,11,186
2021-09-09,12,177
2021-09-09,13,192
2021-09-09,14,215
2021-09-09,15,259
2021-09-09,16,246
2021-09-09,17,167
2021-09-09,18,137
2021-09-09,19,118
2021-09-09,20,76
2021-09-09,21,62
2021-09-09,22,38
2021-09-09,23,30
2021-09-10,0,13
2021-09-10,1,11
2021-09-10,2,10
2021-09-10,3,1
2021-09-10,4,12
2021-09-10,5,32
2021-09-10,6,101
2021-09-10,7,165
2021-09-10,8,184
2021-09-10,9,160
2021-09-10,10,142
2021-09-10,11,178
2021-09-10,12,184
2021-09-10,13,191
2021-09-10,14,274
2021-09-10,15,242
2021-09-10,16,209
2021-09-10,17,198
2021-09-10,18,149
2021-09-10,19,114
2021-09-10,20,73
2021-09-10,21,52
2021-09-10,22,49
2021-09-10,23,45
2021-09-11,0,30
2021-09-11,1,21
2021-09-11,2,14
2021-09-11,3,10
2021-09-11,4,19
2021-09-11,5,19
2021-09-11,6,49
2021-09-11,7,106
2021-09-11,8,112
2021-09-11,9,150
2021-09-11,10,159
2021-09-11,11,182
2021-09-11,12,153
2021-09-11,13,163
2021-09-11,14,165
2021-09-11,15,142
2021-09-11,16,136
2021-09-11,17,152
2021-09-11,18,133
2021-09-11,19,105
2021-09-11,20,93
2021-09-11,21,73
2021-09-11,22,56
2021-09-11,23,54
2021-09-12,0,30
2021-09-12,1,19
2021-09-12,2,21
2021-09-12,3,17
2021-09-12,4,14
2021-09-12,5,17
2021-09-12,6,44
2021-09-12,7,46
2021-09-12,8,77
2021-09-12,9,99
2021-09-12,10,129
2021-09-12,11,166
2021-09-12,12,166
2021-09-12,13,135
2021-09-12,14,142
2021-09-12,15,155
2021-09-12,16,108
2021-09-12,17,114
2021-09-12,18,106
2021-09-12,19,107
2021-09-12,20,81
2021-09-12,21,66
2021-09-12,22,46
2021-09-12,23,24
2021-09-13,0,22
2021-09-13,1,11
2021-09-13,2,5
2021-09-13,3,7
2021-09-13,4,13
2021-09-13,5,30
2021-09-13,6,98
2021-09-13,7,178
2021-09-13,8,180
2021-09-13,9,135
2021-09-13,10,136
2021-09-13,11,183
2021-09-13,12,189
2021-09-13,13,175
2021-09-13,14,215
2021-09-13,15,274
2021-09-13,16,197
2021-09-13,17,153
2021-09-13,18,114
2021-09-13,19,97
2021-09-13,20,60
2021-09-13,21,43
2021-09-13,22,31
2021-09-13,23,17
2021-09-14,0,6
2021-09-14,1,11
2021-09-14,2,5
2021-09-14,3,8
2021-09-14,4,11
2021-09-14,5,30
2021-09-14,6,97
2021-09-14,7,164
2021-09-14,8,192
2021-09-14,9,166
2021-09-14,10,141
2021-09-14,11,147
2021-09-14,12,168
2021-09-14,13,184
2021-09-14,14,178
2021-09-14,15,280
2021-09-14,16,244
2021-09-14,17,204
2021-09-14,18,137
2021-09-14,19,95
2021-09-14,20,76
2021-09-14,21,47
2021-09-14,22,21
2021-09-14,23,19
2021-09-15,0,12
2021-09-15,1,10
2021-09-15,2,6
2021-09-15,3,8
2021-09-15,4,14
2021-09-15,5,28
2021-09-15,6,104
2021-09-15,7,184
2021-09-15,8,210
2021-09-15,9,160
2021-09-15,10,162
2021-09-15,11,171
2021-09-15,12,179
2021-09-15,13,181
2021-09-15,14,197
2021-09-15,15,252
2021-09-15,16,216
2021-09-15,17,200
2021-09-15,18,149
2021-09-15,19,98
2021-09-15,20,89
2021-09-15,21,54
2021-09-15,22,40
2021-09-15,23,29
2021-09-16,0,11
2021-09-16,1,11
2021-09-16,2,5
2021-09-16,3,12
2021-09-16,4,13
2021-09-16,5,31
2021-09-16,6,96
2021-09-16,7,196
2021-09-16,8,185
2021-09-16,9,154
2021-09-16,10,172
2021-09-16,11,152
2021-09-16,12,172
2021-09-16,13,207
2021-09-16,14,225
2021-09-16,15,259
2021-09-16,16,234
2021-09-16,17,169
2021-09-16,18,149
2021-09-16,19,108
2021-09-16,20,68
2021-09-16,21,67
2021-09-16,22,37
2021-09-16,23,22
2021-09-17,0,18
2021-09-17,1,10
2021-09-17,2,9
2021-09-17,3,12
2021-09-17,4,10
2021-09-17,5,28
2021-09-17,6,103
2021-09-17,7,178
2021-09-17,8,176
2021-09-17,9,148
2021-09-17,10,155
2021-09-17,11,182
2021-09-17,12,165
2021-09-17,13,195
2021-09-17,14,260
2021-09-17,15,246
2021-09-17,16,237
2021-09-17,17,186
2021-09-17,18,133
2021-09-17,19,115
2021-09-17,20,78
2021-09-17,21,48
2021-09-17,22,43
2021-09-17,23,35
2021-09-18,0,27
2021-09-18,1,23
2021-09-18,2,21
2021-09-18,3,12
2021-09-18,4,15
2021-09-18,5,19
2021-09-18,6,53
2021-09-18,7,98
2021-09-18,8,97
2021-09-18,9,130
2021-09-18,10,174
2021-09-18,11,193
2021-09-18,12,185
2021-09-18,13,159
2021-09-18,14,160
2021-09-18,15,170
2021-09-18,16,164
2021-09-18,17,117
2021-09-18,18,135
2021-09-18,19,91
2021-09-18,20,77
2021-09-18,21,60
2021-09-18,22,63
2021-09-18,23,44
2021-09-19,0,33
2021-09-19,1,19
2021-09-19,2,19
2021-09-19,3,16
2021-09-19,4,8
2021-09-19,5,16
2021-09-19,6,49
2021-09-19,7,50
2021-09-19,8,86
2021-09-19,9,82
2021-09-19,10,127
2021-09-19,11,145
2021-09-19,12,173
2021-09-19,13,181
2021-09-19,14,169
2021-09-19,15,178
2021-09-19,16,149
2021-09-19,17,136
2021-09-19,18,129
2021-09-19,19,97
2021-09-19,20,97
2021-09-19,21,57
2021-09-19,22,36
2021-09-19,23,24
2021-09-20,0,8
2021-09-20,1,7
2021-09-20,2,2
2021-09-20,3,9
2021-09-20,4,9
2021-09-20,5,43
2021-09-20,6,109
2021-09-20,7,166
2021-09-20,8,169
2021-09-20,9,158
2021-09-20,10,142
2021-09-20,11,183
2021-09-20,12,161
2021-09-20,13,192
2021-09-20,14,225
2021-09-20,15,234
2021-09-20,16,249
2021-09-20,17,176
2021-09-20,18,117
2021-09-20,19,97
2021-09-20,20,76
2021-09-20,21,39
2021-09-20,22,20
2021-09-20,23,12
2021-09-21,0,11
2021-09-21,1,10
2021-09-21,2,5
2021-09-21,3,5
2021-09-21,4,10
2021-09-21,5,27
2021-09-21,6,108
2021-09-21,7,156
2021-09-21,8,185
2021-09-21,9,161
2021-09-21,10,158
2021-09-21,11,167
2021-09-21,12,181
2021-09-21,13,176
2021-09-21,14,190
2021-09-21,15,272
2021-09-21,16,223
2021-09-21,17,185
2021-09-21,18,137
2021-09-21,19,109
2021-09-21,20,81
2021-09-21,21,49
2021-09-21,22,31
2021-09-21,23,13
2021-09-22,0,10
2021-09-22,1,9
2021-09-22,2,8
2021-09-22,3,9
2021-09-22,4,15
2021-09-22,5,29
2021-09-22,6,103
2021-09-22,7,154
2021-09-22,8,163
2021-09-22,9,167
2021-09-22,10,179
2021-09-22,11,174
2021-09-22,12,164
2021-09-22,13,194
2021-09-22,14,252
2021-09-22,15,289
2021-09-22,16,236
2021-09-22,17,202
2021-09-22,18,148
2021-09-22,19,91
2021-09-22,20,89
2021-09-22,21,59
2021-09-22,22,32
2021-09-22,23,19
2021-09-23,0,14
2021-09-23,1,7
2021-09-23,2,7
2021-09-23,3,6
2021-09-23,4,11
2021-09-23,5,43
2021-09-23,6,106
2021-09-23,7,186
2021-09-23,8,195
2021-09-23,9,160
2021-09-23,10,222
2021-09-23,11,162
2021-09-23,12,186
2021-09-23,13,193
2021-09-23,14,230
2021-09-23,15,274
2021-09-23,16,239
2021-09-23,17,188
2021-09-23,18,140
2021-09-23,19,106
2021-09-23,20,74
2021-09-23,21,58
2021-09-23,22,33
2021-09-23,23,21
2021-09-24,0,17
2021-09-24,1,10
2021-09-24,2,9
2021-09-24,3,11
2021-09-24,4,20
2021-09-24,5,25
2021-09-24,6,76
2021-09-24,7,117
2021-09-24,8,120
2021-09-24,9,159
2021-09-24,10,171
2021-09-24,11,198
2021-09-24,12,185
2021-09-24,13,179
2021-09-24,14,208
2021-09-24,15,196
2021-09-24,16,180
2021-09-24,17,144
2021-09-24,18,141
2021-09-24,19,103
2021-09-24,20,89
2021-09-24,21,52
2021-09-24,22,55
2021-09-24,23,32
2021-09-25,0,30
2021-09-25,1,17
2021-09-25,2,15
2021-09-25,3,15
2021-09-25,4,10
2021-09-25,5,20
2021-09-25,6,44
2021-09-25,7,74
2021-09-25,8,116
2021-09-25,9,136
2021-09-25,10,140
2021-09-25,11,174
2021-09-25,12,160
2021-09-25,13,161
2021-09-25,14,145
2021-09-25,15,156
2021-09-25,16,151
2021-09-25,17,111
2021-09-25,18,127
2021-09-25,19,99
2021-09-25,20,54
2021-09-25,21,68
2021-09-25,22,58
2021-09-25,23,42
2021-09-26,0,33
2021-09-26,1,24
2021-09-26,2,20
2021-09-26,3,15
2021-09-26,4,9
2021-09-26,5,13
2021-09-26,6,28
2021-09-26,7,54
2021-09-26,8,78
2021-09-26,9,89
2021-09-26,10,121
2021-09-26,11,132
2021-09-26,12,157
2021-09-26,13,161
2021-09-26,14,130
2021-09-26,15,122
2021-09-26,16,127
2021-09-26,17,127
2021-09-26,18,131
2021-09-26,19,82
2021-09-26,20,53
2021-09-26,21,61
2021-09-26,22,40
2021-09-26,23,22
2021-09-27,0,25
2021-09-27,1,9
2021-09-27,2,10
2021-09-27,3,4
2021-09-27,4,12
2021-09-27,5,29
2021-09-27,6,69
2021-09-27,7,68
2021-09-27,8,98
2021-09-27,9,135
2021-09-27,10,143
2021-09-27,11,148
2021-09-27,12,165
2021-09-27,13,162
2021-09-27,14,154
2021-09-27,15,152
2021-09-27,16,169
2021-09-27,17,121
2021-09-27,18,131
2021-09-27,19,108
2021-09-27,20,71
2021-09-27,21,47
2021-09-27,22,32
2021-09-27,23,16
2021-09-28,0,14
2021-09-28,1,11
2021-09-28,2,3
2021-09-28,3,3
2021-09-28,4,14
2021-09-28,5,29
2021-09-28,6,97
2021-09-28,7,187
2021-09-28,8,189
2021-09-28,9,171
2021-09-28,10,175
2021-09-28,11,191
2021-09-28,12,183
2021-09-28,13,181
2021-09-28,14,230
2021-09-28,15,255
2021-09-28,16,221
2021-09-28,17,195
2021-09-28,18,175
2021-09-28,19,107
2021-09-28,20,84
2021-09-28,21,50
2021-09-28,22,33
2021-09-28,23,18
2021-09-29,0,15
2021-09-29,1,7
2021-09-29,2,8
2021-09-29,3,7
2021-09-29,4,10
2021-09-29,5,35
2021-09-29,6,125
2021-09-29,7,194
2021-09-29,8,136
2021-09-29,9,122
2021-09-29,10,168
2021-09-29,11,206
2021-09-29,12,184
2021-09-29,13,185
2021-09-29,14,226
2021-09-29,15,241
2021-09-29,16,271
2021-09-29,17,225
2021-09-29,18,159
2021-09-29,19,116
2021-09-29,20,92
2021-09-29,21,59
2021-09-29,22,38
2021-09-29,23,31
2021-09-30,0,15
2021-09-30,1,13
2021-09-30,2,14
2021-09-30,3,9
2021-09-30,4,10
2021-09-30,5,35
2021-09-30,6,113
2021-09-30,7,170
2021-09-30,8,197
2021-09-30,9,193
2021-09-30,10,157
2021-09-30,11,205
2021-09-30,12,177
2021-09-30,13,217
2021-09-30,14,245
2021-09-30,15,289
2021-09-30,16,244
2021-09-30,17,190
2021-09-30,18,128
2021-09-30,19,96
2021-09-30,20,90
2021-09-30,21,71
2021-09-30,22,56
2021-09-30,23,25
2021-10-01,0,23
2021-10-01,1,13
2021-10-01,2,11
2021-10-01,3,11
2021-10-01,4,9
2021-10-01,5,36
2021-10-01,6,86
2021-10-01,7,189
2021-10-01,8,193
2021-10-01,9,134
2021-10-01,10,177
2021-10-01,11,227
2021-10-01,12,188
2021-10-01,13,191
2021-10-01,14,253
2021-10-01,15,239
2021-10-01,16,233
2021-10-01,17,166
2021-10-01,18,150
2021-10-01,19,118
2021-10-01,20,91
2021-10-01,21,83
2021-10-01,22,69
2021-10-01,23,42
2021-10-02,0,38
2021-10-02,1,20
2021-10-02,2,15
2021-10-02,3,10
2021-10-02,4,11
2021-10-02,5,19
2021-10-02,6,46
2021-10-02,7,83
2021-10-02,8,132
2021-10-02,9,151
2021-10-02,10,173
2021-10-02,11,167
2021-10-02,12,175
2021-10-02,13,194
2021-10-02,14,181
2021-10-02,15,168
2021-10-02,16,150
2021-10-02,17,143
2021-10-02,18,105
2021-10-02,19,88
2021-10-02,20,68
2021-10-02,21,63
2021-10-02,22,56
2021-10-02,23,44
2021-10-03,0,22
2021-10-03,1,21
2021-10-03,2,15
2021-10-03,3,22
2021-10-03,4,17
2021-10-03,5,17
2021-10-03,6,43
2021-10-03,7,37
2021-10-03,8,68
2021-10-03,9,113
2021-10-03,10,136
2021-10-03,11,179
2021-10-03,12,183
2021-10-03,13,152
2021-10-03,14,111
2021-10-03,15,148
2021-10-03,16,124
2021-10-03,17,123
2021-10-03,18,123
2021-10-03,19,89
2021-10-03,20,66
2021-10-03,21,46
2021-10-03,22,42
2021-10-03,23,20
2021-10-04,0,16
2021-10-04,1,7
2021-10-04,2,7
2021-10-04,3,8
2021-10-04,4,13
2021-10-04,5,43
2021-10-04,6,104
2021-10-04,7,147
2021-10-04,8,162
2021-10-04,9,140
2021-10-04,10,147
2021-10-04,11,183
2021-10-04,12,195
2021-10-04,13,171
2021-10-04,14,236
2021-10-04,15,244
2021-10-04,16,251
2021-10-04,17,188
2021-10-04,18,140
2021-10-04,19,84
2021-10-04,20,76
2021-10-04,21,49
2021-10-04,22,37
2021-10-04,23,19
2021-10-05,0,18
2021-10-05,1,7
2021-10-05,2,7
2021-10-05,3,10
2021-10-05,4,16
2021-10-05,5,39
2021-10-05,6,112
2021-10-05,7,160
2021-10-05,8,209
2021-10-05,9,163
2021-10-05,10,194
2021-10-05,11,169
2021-10-05,12,173
2021-10-05,13,159
2021-10-05,14,205
2021-10-05,15,295
2021-10-05,16,260
2021-10-05,17,177
2021-10-05,18,148
2021-10-05,19,120
2021-10-05,20,79
2021-10-05,21,58
2021-10-05,22,39
2021-10-05,23,15
2021-10-06,0,7
2021-10-06,1,8
2021-10-06,2,8
2021-10-06,3,5
2021-10-06,4,11
2021-10-06,5,34
2021-10-06,6,116
2021-10-06,7,175
2021-10-06,8,187
2021-10-06,9,155
2021-10-06,10,151
2021-10-06,11,162
2021-10-06,12,176
2021-10-06,13,188
2021-10-06,14,225
2021-10-06,15,265
2021-10-06,16,234
2021-10-06,17,171
2021-10-06,18,152
2021-10-06,19,110
2021-10-06,20,73
2021-10-06,21,45
2021-10-06,22,40
2021-10-06,23,19
2021-10-07,0,15
2021-10-07,1,9
2021-10-07,2,7
2021-10-07,3,9
2021-10-07,4,8
2021-10-07,5,36
2021-10-07,6,115
2021-10-07,7,189
2021-10-07,8,187
2021-10-07,9,194
2021-10-07,10,195
2021-10-07,11,188
2021-10-07,12,185
2021-10-07,13,200
2021-10-07,14,189
2021-10-07,15,260
2021-10-07,16,297
2021-10-07,17,188
2021-10-07,18,156
2021-10-07,19,130
2021-10-07,20,78
2021-10-07,21,70
2021-10-07,22,37
2021-10-07,23,26
2021-10-08,0,11
2021-10-08,1,9
2021-10-08,2,6
2021-10-08,3,8
2021-10-08,4,12
2021-10-08,5,38
2021-10-08,6,99
2021-10-08,7,167
2021-10-08,8,147
2021-10-08,9,164
2021-10-08,10,164
2021-10-08,11,201
2021-10-08,12,189
2021-10-08,13,201
2021-10-08,14,202
2021-10-08,15,219
2021-10-08,16,212
2021-10-08,17,228
2021-10-08,18,164
2021-10-08,19,109
2021-10-08,20,80
2021-10-08,21,71
2021-10-08,22,47
2021-10-08,23,41
2021-10-09,0,27
2021-10-09,1,22
2021-10-09,2,16
2021-10-09,3,18
2021-10-09,4,13
2021-10-09,5,16
2021-10-09,6,39
2021-10-09,7,73
2021-10-09,8,106
2021-10-09,9,124
2021-10-09,10,125
2021-10-09,11,131
2021-10-09,12,141
2021-10-09,13,152
2021-10-09,14,140
2021-10-09,15,129
2021-10-09,16,156
2021-10-09,17,114
2021-10-09,18,95
2021-10-09,19,90
2021-10-09,20,71
2021-10-09,21,71
2021-10-09,22,59
2021-10-09,23,41
2021-10-10,0,29
2021-10-10,1,18
2021-10-10,2,11
2021-10-10,3,14
2021-10-10,4,9
2021-10-10,5,20
2021-10-10,6,31
2021-10-10,7,46
2021-10-10,8,66
2021-10-10,9,82
2021-10-10,10,114
2021-10-10,11,132
2021-10-10,12,143
2021-10-10,13,126
2021-10-10,14,99
2021-10-10,15,115
2021-10-10,16,127
2021-10-10,17,113
2021-10-10,18,125
2021-10-10,19,88
2021-10-10,20,69
2021-10-10,21,52
2021-10-10,22,44
2021-10-10,23,22
2021-10-11,0,19
2021-10-11,1,8
2021-10-11,2,7
2021-10-11,3,10
2021-10-11,4,14
2021-10-11,5,32
2021-10-11,6,86
2021-10-11,7,109
2021-10-11,8,114
2021-10-11,9,144
2021-10-11,10,167
2021-10-11,11,178
2021-10-11,12,174
2021-10-11,13,166
2021-10-11,14,171
2021-10-11,15,231
2021-10-11,16,270
2021-10-11,17,191
2021-10-11,18,108
2021-10-11,19,96
2021-10-11,20,69
2021-10-11,21,49
2021-10-11,22,25
2021-10-11,23,18
2021-10-12,0,16
2021-10-12,1,9
2021-10-12,2,3
2021-10-12,3,6
2021-10-12,4,10
2021-10-12,5,34
2021-10-12,6,79
2021-10-12,7,131
2021-10-12,8,147
2021-10-12,9,126
2021-10-12,10,162
2021-10-12,11,150
2021-10-12,12,203
2021-10-12,13,181
2021-10-12,14,163
2021-10-12,15,227
2021-10-12,16,198
2021-10-12,17,171
2021-10-12,18,179
2021-10-12,19,107
2021-10-12,20,65
2021-10-12,21,54
2021-10-12,22,35
2021-10-12,23,30
2021-10-13,0,11
2021-10-13,1,6
2021-10-13,2,8
2021-10-13,3,9
2021-10-13,4,11
2021-10-13,5,39
2021-10-13,15,210
2021-10-13,16,244
2021-10-13,17,148
2021-10-13,18,142
2021-10-13,19,90
2021-10-13,20,70
2021-10-13,21,62
2021-10-13,22,33
2021-10-13,23,22
2021-10-14,0,18
2021-10-14,1,10
2021-10-14,2,6
2021-10-14,3,9
2021-10-14,4,16
2021-10-14,5,35
2021-10-14,6,116
2021-10-14,7,144
2021-10-14,8,124
2021-10-14,9,124
2021-10-14,10,131
2021-10-14,11,143
2021-10-14,12,212
2021-10-14,13,185
2021-10-14,14,192
2021-10-14,15,191
2021-10-14,16,196
2021-10-14,17,176
2021-10-14,18,166
2021-10-14,19,94
2021-10-14,20,57
2021-10-14,21,44
2021-10-14,22,40
2021-10-14,23,22
2021-10-15,0,19
2021-10-15,1,12
2021-10-15,2,6
2021-10-15,3,7
2021-10-15,4,15
2021-10-15,5,35
2021-10-15,6,81
2021-10-15,7,141
2021-10-15,8,126
2021-10-15,9,172
2021-10-15,10,162
2021-10-15,11,199
2021-10-15,12,217
2021-10-15,13,205
2021-10-15,14,234
2021-10-15,15,212
2021-10-15,16,191
2021-10-15,17,169
2021-10-15,18,128
2021-10-15,19,112
2021-10-15,20,79
2021-10-15,21,80
2021-10-15,22,53
2021-10-15,23,51
2021-10-16,0,41
2021-10-16,1,11
2021-10-16,2,12
2021-10-16,3,18
2021-10-16,4,13
2021-10-16,5,17
2021-10-16,6,41
2021-10-16,7,65
2021-10-16,8,99
2021-10-16,9,124
2021-10-16,10,154
2021-10-16,11,158
2021-10-16,12,163
2021-10-16,13,153
2021-10-16,14,291
2021-10-16,15,179
2021-10-16,16,150
2021-10-16,17,124
2021-10-16,18,120
2021-10-16,19,93
2021-10-16,20,72
2021-10-16,21,72
2021-10-16,22,62
2021-10-16,23,46
2021-10-17,0,44
2021-10-17,1,22
2021-10-17,2,16
2021-10-17,3,16
2021-10-17,4,30
2021-10-17,5,16
2021-10-17,6,40
2021-10-17,7,48
2021-10-17,8,71
2021-10-17,9,119
2021-10-17,10,128
2021-10-17,11,237
2021-10-17,12,166
2021-10-17,13,202
2021-10-17,14,145
2021-10-17,15,151
2021-10-17,16,140
2021-10-17,17,136
2021-10-17,18,116
2021-10-17,19,77
2021-10-17,20,60
2021-10-17,21,39
2021-10-17,22,28
2021-10-17,23,18
2021-10-18,0,7
2021-10-18,1,10
2021-10-18,2,7
2021-10-18,3,9
2021-10-18,4,12
2021-10-18,5,31
2021-10-18,6,103
2021-10-18,7,182
2021-10-18,8,184
2021-10-18,9,159
2021-10-18,10,151
2021-10-18,11,169
2021-10-18,12,183
2021-10-18,13,180
2021-10-18,14,214
2021-10-18,15,232
2021-10-18,16,227
2021-10-18,17,192
2021-10-18,18,135
2021-10-18,19,178
2021-10-18,20,72
2021-10-18,21,53
2021-10-18,22,40
2021-10-18,23,23
2021-10-19,0,9
2021-10-19,1,12
2021-10-19,2,0
2021-10-19,3,8
2021-10-19,4,16
2021-10-19,5,44
2021-10-19,6,110
2021-10-19,7,172
2021-10-19,8,173
2021-10-19,9,179
2021-10-19,10,176
2021-10-19,11,186
2021-10-19,12,152
2021-10-19,13,185
2021-10-19,14,193
2021-10-19,15,258
2021-10-19,16,225
2021-10-19,17,189
2021-10-19,18,147
2021-10-19,19,108
2021-10-19,20,88
2021-10-19,21,64
2021-10-19,22,44
2021-10-19,23,15
2021-10-20,0,16
2021-10-20,1,10
2021-10-20,2,11
2021-10-20,3,10
2021-10-20,4,17
2021-10-20,5,36
2021-10-20,6,91
2021-10-20,7,179
2021-10-20,8,196
2021-10-20,9,124
2021-10-20,10,167
2021-10-20,11,191
2021-10-20,12,190
2021-10-20,13,193
2021-10-20,14,181
2021-10-20,15,316
2021-10-20,16,281
2021-10-20,17,157
2021-10-20,18,152
2021-10-20,19,91
2021-10-20,20,87
2021-10-20,21,76
2021-10-20,22,36
2021-10-20,23,23
2021-10-21,0,26
2021-10-21,1,9
2021-10-21,2,11
2021-10-21,3,9
2021-10-21,4,8
2021-10-21,5,65
2021-10-21,6,103
2021-10-21,7,126
2021-10-21,8,173
2021-10-21,9,147
2021-10-21,10,111
2021-10-21,11,169
2021-10-21,12,186
2021-10-21,13,170
2021-10-21,14,246
2021-10-21,15,251
2021-10-21,16,260
2021-10-21,17,194
2021-10-21,18,177
2021-10-21,19,129
2021-10-21,20,101
2021-10-21,21,74
2021-10-21,22,42
2021-10-21,23,23
2021-10-22,0,19
2021-10-22,1,11
2021-10-22,2,9
2021-10-22,3,9
2021-10-22,4,12
2021-10-22,5,40
2021-10-22,6,106
2021-10-22,7,158
2021-10-22,8,224
2021-10-22,9,214
2021-10-22,10,196
2021-10-22,11,184
2021-10-22,12,214
2021-10-22,13,211
2021-10-22,14,231
2021-10-22,15,247
2021-10-22,16,205
2021-10-22,17,190
2021-10-22,18,142
2021-10-22,19,102
2021-10-22,20,80
2021-10-22,21,67
2021-10-22,22,57
2021-10-22,23,36
2021-10-23,0,31
2021-10-23,1,17
2021-10-23,2,16
2021-10-23,3,12
2021-10-23,4,16
2021-10-23,5,22
2021-10-23,6,46
2021-10-23,7,89
2021-10-23,8,124
2021-10-23,9,162
2021-10-23,10,161
2021-10-23,11,175
2021-10-23,12,186
2021-10-23,13,196
2021-10-23,14,161
2021-10-23,15,157
2021-10-23,16,169
2021-10-23,17,163
2021-10-23,18,133
2021-10-23,19,88
2021-10-23,20,90
2021-10-23,21,96
2021-10-23,22,72
2021-10-23,23,65
2021-10-24,0,56
2021-10-24,1,85
2021-10-24,2,21
2021-10-24,3,23
2021-10-24,4,17
2021-10-24,5,20
2021-10-24,6,36
2021-10-24,7,56
2021-10-24,8,96
2021-10-24,9,110
2021-10-24,10,166
2021-10-24,11,169
2021-10-24,12,195
2021-10-24,13,183
2021-10-24,14,176
2021-10-24,15,184
2021-10-24,16,140
2021-10-24,17,137
2021-10-24,18,143
2021-10-24,19,93
2021-10-24,20,85
2021-10-24,21,63
2021-10-24,22,54
2021-10-24,23,27
2021-10-25,0,15
2021-10-25,1,12
2021-10-25,2,9
2021-10-25,3,6
2021-10-25,4,16
2021-10-25,5,49
2021-10-25,6,137
2021-10-25,7,186
2021-10-25,8,204
2021-10-25,9,139
2021-10-25,10,181
2021-10-25,11,221
2021-10-25,12,210
2021-10-25,13,193
2021-10-25,14,243
2021-10-25,15,297
2021-10-25,16,253
2021-10-25,17,211
2021-10-25,18,140
2021-10-25,19,133
2021-10-25,20,81
2021-10-25,21,66
2021-10-25,22,41
2021-10-25,23,24
2021-10-26,0,17
2021-10-26,1,12
2021-10-26,2,9
2021-10-26,3,13
2021-10-26,4,18
2021-10-26,5,49
2021-10-26,6,121
2021-10-26,7,184
2021-10-26,8,210
2021-10-26,9,175
2021-10-26,10,188
2021-10-26,11,204
2021-10-26,12,215
2021-10-26,13,216
2021-10-26,14,227
2021-10-26,15,288
2021-10-26,16,267
2021-10-26,17,206
2021-10-26,18,168
2021-10-26,19,128
2021-10-26,20,104
2021-10-26,21,60
2021-10-26,22,51
2021-10-26,23,39
2021-10-27,0,24
2021-10-27,1,15
2021-10-27,2,3
2021-10-27,3,8
2021-10-27,4,16
2021-10-27,5,50
2021-10-27,6,135
2021-10-27,7,194
2021-10-27,8,196
2021-10-27,9,190
2021-10-27,10,175
2021-10-27,11,182
2021-10-27,12,201
2021-10-27,13,220
2021-10-27,14,214
2021-10-27,15,270
2021-10-27,16,258
2021-10-27,17,276
2021-10-27,18,234
2021-10-27,19,161
2021-10-27,20,139
2021-10-27,21,83
2021-10-27,22,51
2021-10-27,23,50
2021-10-28,0,23
2021-10-28,1,11
2021-10-28,2,16
2021-10-28,3,13
2021-10-28,4,16
2021-10-28,5,108
2021-10-28,6,138
2021-10-28,7,198
2021-10-28,8,186
2021-10-28,9,171
2021-10-28,10,160
2021-10-28,11,194
2021-10-28,12,237
2021-10-28,13,210
2021-10-28,14,238
2021-10-28,15,267
2021-10-28,16,236
2021-10-28,17,229
2021-10-28,18,177
2021-10-28,19,144
2021-10-28,20,111
2021-10-28,21,91
2021-10-28,22,59
2021-10-28,23,37
2021-10-29,0,25
2021-10-29,1,12
2021-10-29,2,18
2021-10-29,3,13
2021-10-29,4,26
2021-10-29,5,40
2021-10-29,6,124
2021-10-29,7,184
2021-10-29,8,223
2021-10-29,9,170
2021-10-29,10,222
2021-10-29,11,228
2021-10-29,12,214
2021-10-29,13,238
2021-10-29,14,290
2021-10-29,15,301
2021-10-29,16,213
2021-10-29,17,191
2021-10-29,18,166
2021-10-29,19,156
2021-10-29,20,103
2021-10-29,21,98
2021-10-29,22,85
2021-10-29,23,56
2021-10-30,0,114
2021-10-30,1,35
2021-10-30,2,26
2021-10-30,3,17
2021-10-30,4,16
2021-10-30,5,33
2021-10-30,6,62
2021-10-30,7,116
2021-10-30,8,97
2021-10-30,9,172
2021-10-30,10,184
2021-10-30,11,220
2021-10-30,12,172
2021-10-30,13,164
2021-10-30,14,175
2021-10-30,15,179
2021-10-30,16,179
2021-10-30,17,171
2021-10-30,18,165
2021-10-30,19,116
2021-10-30,20,108
2021-10-30,21,90
2021-10-30,22,92
2021-10-30,23,61
2021-10-31,0,76
2021-10-31,1,44
2021-10-31,2,39
2021-10-31,3,21
2021-10-31,4,20
2021-10-31,5,21
2021-10-31,6,28
2021-10-31,7,47
2021-10-31,8,62
2021-10-31,9,92
2021-10-31,10,119
2021-10-31,11,144
2021-10-31,12,165
2021-10-31,13,156
2021-10-31,14,170
2021-10-31,15,174
2021-10-31,16,170
2021-10-31,17,130
2021-10-31,18,150
2021-10-31,19,143
2021-10-31,20,114
2021-10-31,21,91
2021-10-31,22,64
2021-10-31,23,43
2021-11-01,0,31
2021-11-01,1,19
2021-11-01,2,18
2021-11-01,3,16
2021-11-01,4,15
2021-11-01,5,26
2021-11-01,6,57
2021-11-01,7,118
2021-11-01,8,197
2021-11-01,9,168
2021-11-01,10,141
2021-11-01,11,149
2021-11-01,12,172
2021-11-01,13,198
2021-11-01,14,196
2021-11-01,15,265
2021-11-01,16,252
2021-11-01,17,227
2021-11-01,18,176
2021-11-01,19,129
2021-11-01,20,102
2021-11-01,21,76
2021-11-01,22,57
2021-11-01,23,40
2021-11-02,0,23
2021-11-02,1,9
2021-11-02,2,12
2021-11-02,3,0
2021-11-02,4,0
2021-11-02,5,16
2021-11-02,6,36
2021-11-02,7,131
2021-11-02,8,190
2021-11-02,9,203
2021-11-02,10,152
2021-11-02,11,151
2021-11-02,12,155
2021-11-02,13,194
2021-11-02,14,181
2021-11-02,15,247
2021-11-02,16,259
2021-11-02,17,258
2021-11-02,18,188
2021-11-02,19,157
2021-11-02,20,110
2021-11-02,21,86
2021-11-02,22,64
2021-11-02,23,33
2021-11-03,0,24
2021-11-03,1,15
2021-11-03,2,11
2021-11-03,3,6
2021-11-03,4,10
2021-11-03,5,14
2021-11-03,6,47
2021-11-03,7,133
2021-11-03,8,197
2021-11-03,9,201
2021-11-03,10,156
2021-11-03,11,172
2021-11-03,12,198
2021-11-03,13,158
2021-11-03,14,245
2021-11-03,15,233
2021-11-03,16,293
2021-11-03,17,240
2021-11-03,18,206
2021-11-03,19,162
2021-11-03,20,129
2021-11-03,21,109
2021-11-03,22,82
2021-11-03,23,37
2021-11-04,0,29
2021-11-04,1,18
2021-11-04,2,15
2021-11-04,3,12
2021-11-04,4,10
2021-11-04,5,8
2021-11-04,6,39
2021-11-04,7,119
2021-11-04,8,174
2021-11-04,9,206
2021-11-04,10,193
2021-11-04,11,156
2021-11-04,12,178
2021-11-04,13,164
2021-11-04,14,202
2021-11-04,15,218
2021-11-04,16,267
2021-11-04,17,251
2021-11-04,18,209
2021-11-04,19,148
2021-11-04,20,129
2021-11-04,21,88
2021-11-04,22,81
2021-11-04,23,53
2021-11-05,0,36
2021-11-05,1,16
2021-11-05,2,10
2021-11-05,3,15
2021-11-05,4,16
2021-11-05,5,21
2021-11-05,6,46
2021-11-05,7,114
2021-11-05,8,209
2021-11-05,9,208
2021-11-05,10,152
2021-11-05,11,176
2021-11-05,12,200
2021-11-05,13,224
2021-11-05,14,226
2021-11-05,15,263
2021-11-05,16,263
2021-11-05,17,215
2021-11-05,18,211
2021-11-05,19,160
2021-11-05,20,152
2021-11-05,21,98
2021-11-05,22,71
2021-11-05,23,60
2021-11-06,0,46
2021-11-06,1,37
2021-11-06,2,26
2021-11-06,3,26
2021-11-06,4,12
2021-11-06,5,16
2021-11-06,6,31
2021-11-06,7,58
2021-11-06,8,68
2021-11-06,9,110
2021-11-06,10,140
2021-11-06,11,164
2021-11-06,12,176
2021-11-06,13,167
2021-11-06,14,159
2021-11-06,15,161
2021-11-06,16,173
2021-11-06,17,144
2021-11-06,18,134
2021-11-06,19,150
2021-11-06,20,100
2021-11-06,21,86
2021-11-06,22,85
2021-11-06,23,60
2021-11-07,0,52
2021-11-07,1,49
2021-11-07,2,43
2021-11-07,3,32
2021-11-07,4,26
2021-11-07,5,16
2021-11-07,6,18
2021-11-07,7,47
2021-11-07,8,48
2021-11-07,9,74
2021-11-07,10,114
2021-11-07,11,141
2021-11-07,12,162
2021-11-07,13,174
2021-11-07,14,178
2021-11-07,15,163
2021-11-07,16,138
2021-11-07,17,155
2021-11-07,18,126
2021-11-07,19,140
2021-11-07,20,101
2021-11-07,21,96
2021-11-07,22,72
2021-11-07,23,41
2021-11-08,0,35
2021-11-08,1,17
2021-11-08,2,10
2021-11-08,3,8
2021-11-08,4,11
2021-11-08,5,19
2021-11-08,6,44
2021-11-08,7,132
2021-11-08,8,202
2021-11-08,9,169
2021-11-08,10,160
2021-11-08,11,163
2021-11-08,12,186
2021-11-08,13,185
2021-11-08,14,188
2021-11-08,15,216
2021-11-08,16,274
2021-11-08,17,223
2021-11-08,18,195
2021-11-08,19,157
2021-11-08,20,137
2021-11-08,21,95
2021-11-08,22,61
2021-11-08,23,40
2021-11-09,0,22
2021-11-09,1,17
2021-11-09,2,8
2021-11-09,3,11
2021-11-09,4,5
2021-11-09,5,17
2021-11-09,6,49
2021-11-09,7,113
2021-11-09,8,187
2021-11-09,9,209
2021-11-09,10,155
2021-11-09,11,168
2021-11-09,12,185
2021-11-09,13,164
2021-11-09,14,201
2021-11-09,15,257
2021-11-09,16,294
2021-11-09,17,229
2021-11-09,18,196
2021-11-09,19,163
2021-11-09,20,132
2021-11-09,21,92
2021-11-09,22,63
2021-11-09,23,58
2021-11-10,0,21
2021-11-10,1,18
2021-11-10,2,7
2021-11-10,3,14
2021-11-10,4,5
2021-11-10,5,17
2021-11-10,6,46
2021-11-10,7,123
2021-11-10,8,188
2021-11-10,9,172
2021-11-10,10,180
2021-11-10,11,174
2021-11-10,12,202
2021-11-10,13,191
2021-11-10,14,182
2021-11-10,15,232
2021-11-10,16,300
2021-11-10,17,297
2021-11-10,18,222
2021-11-10,19,159
2021-11-10,20,141
2021-11-10,21,103
2021-11-10,22,61
2021-11-10,23,33
2021-11-11,0,37
2021-11-11,1,17
2021-11-11,2,12
2021-11-11,3,17
2021-11-11,4,15
2021-11-11,5,16
2021-11-11,6,43
2021-11-11,7,130
2021-11-11,8,207
2021-11-11,9,208
2021-11-11,10,165
2021-11-11,11,153
2021-11-11,12,174
2021-11-11,13,213
2021-11-11,14,172
2021-11-11,15,218
2021-11-11,16,266
2021-11-11,17,263
2021-11-11,18,203
2021-11-11,19,152
2021-11-11,20,137
2021-11-11,21,115
2021-11-11,22,91
2021-11-11,23,57
2021-11-12,0,24
2021-11-12,1,22
2021-11-12,2,22
2021-11-12,3,17
2021-11-12,4,19
2021-11-12,5,18
2021-11-12,6,45
2021-11-12,7,125
2021-11-12,8,187
2021-11-12,9,175
2021-11-12,10,189
2021-11-12,11,199
2021-11-12,12,197
2021-11-12,13,226
2021-11-12,14,214
2021-11-12,15,307
2021-11-12,16,302
2021-11-12,17,249
2021-11-12,18,198
2021-11-12,19,165
2021-11-12,20,115
2021-11-12,21,95
2021-11-12,22,88
2021-11-12,23,59
2021-11-13,0,52
2021-11-13,1,37
2021-11-13,2,36
2021-11-13,3,24
2021-11-13,4,23
2021-11-13,5,16
2021-11-13,6,20
2021-11-13,7,66
2021-11-13,8,82
2021-11-13,9,139
2021-11-13,10,163
2021-11-13,11,178
2021-11-13,12,201
2021-11-13,13,195
2021-11-13,14,180
2021-11-13,15,188
2021-11-13,16,171
2021-11-13,17,163
2021-11-13,18,156
2021-11-13,19,144
2021-11-13,20,129
2021-11-13,21,103
2021-11-13,22,80
2021-11-13,23,82
2021-11-14,0,56
2021-11-14,1,34
2021-11-14,2,29
2021-11-14,3,29
2021-11-14,4,22
2021-11-14,5,19
2021-11-14,6,17
2021-11-14,7,54
2021-11-14,8,62
2021-11-14,9,89
2021-11-14,10,107
2021-11-14,11,133
2021-11-14,12,168
2021-11-14,13,171
2021-11-14,14,197
2021-11-14,15,154
2021-11-14,16,176
2021-11-14,17,142
2021-11-14,18,131
2021-11-14,19,104
2021-11-14,20,104
2021-11-14,21,84
2021-11-14,22,52
2021-11-14,23,32
2021-11-15,0,25
2021-11-15,1,10
2021-11-15,2,13
2021-11-15,3,7
2021-11-15,4,8
2021-11-15,5,15
2021-11-15,6,35
2021-11-15,7,121
2021-11-15,8,176
2021-11-15,9,185
2021-11-15,10,174
2021-11-15,11,171
2021-11-15,12,183
2021-11-15,13,177
2021-11-15,14,198
2021-11-15,15,206
2021-11-15,16,221
2021-11-15,17,241
2021-11-15,18,144
2021-11-15,19,130
2021-11-15,20,89
2021-11-15,21,62
2021-11-15,22,51
2021-11-15,23,53
2021-11-16,0,22
2021-11-16,1,23
2021-11-16,2,11
2021-11-16,3,8
2021-11-16,4,13
2021-11-16,5,11
2021-11-16,6,43
2021-11-16,7,111
2021-11-16,8,195
2021-11-16,9,190
2021-11-16,10,151
2021-11-16,11,170
2021-11-16,12,195
2021-11-16,13,175
2021-11-16,14,185
2021-11-16,15,221
2021-11-16,16,311
2021-11-16,17,229
2021-11-16,18,183
2021-11-16,19,141
2021-11-16,20,111
2021-11-16,21,60
2021-11-16,22,50
2021-11-16,23,27
2021-11-17,0,17
2021-11-17,1,9
2021-11-17,2,12
2021-11-17,3,8
2021-11-17,4,9
2021-11-17,5,14
2021-11-17,6,38
2021-11-17,7,106
2021-11-17,8,166
2021-11-17,9,234
2021-11-17,10,139
2021-11-17,11,169
2021-11-17,12,162
2021-11-17,13,175
2021-11-17,14,174
2021-11-17,15,212
2021-11-17,16,258
2021-11-17,17,215
2021-11-17,18,159
2021-11-17,19,149
2021-11-17,20,117
2021-11-17,21,97
2021-11-17,22,67
2021-11-17,23,55
2021-11-18,0,18
2021-11-18,1,15
2021-11-18,2,7
2021-11-18,3,7
2021-11-18,4,7
2021-11-18,5,15
2021-11-18,6,31
2021-11-18,7,128
2021-11-18,8,172
2021-11-18,9,173
2021-11-18,10,161
2021-11-18,11,136
2021-11-18,12,187
2021-11-18,13,208
2021-11-18,14,202
2021-11-18,15,207
2021-11-18,16,238
2021-11-18,17,237
2021-11-18,18,206
2021-11-18,19,159
2021-11-18,20,129
2021-11-18,21,88
2021-11-18,22,55
2021-11-18,23,28
2021-11-19,0,19
2021-11-19,1,19
2021-11-19,2,17
2021-11-19,3,14
2021-11-19,4,6
2021-11-19,5,13
2021-11-19,6,33
2021-11-19,7,97
2021-11-19,8,152
2021-11-19,9,242
2021-11-19,10,192
2021-11-19,11,231
2021-11-19,12,277
2021-11-19,13,186
2021-11-19,14,177
2021-11-19,15,242
2021-11-19,16,259
2021-11-19,17,210
2021-11-19,18,184
2021-11-19,19,126
2021-11-19,20,111
2021-11-19,21,67
2021-11-19,22,70
2021-11-19,23,47
2021-11-20,0,45
2021-11-20,1,32
2021-11-20,2,16
2021-11-20,3,13
2021-11-20,4,8
2021-11-20,5,13
2021-11-20,6,19
2021-11-20,7,56
2021-11-20,8,91
2021-11-20,9,133
2021-11-20,10,137
2021-11-20,11,158
2021-11-20,12,188
2021-11-20,13,137
2021-11-20,14,175
2021-11-20,15,167
2021-11-20,16,163
2021-11-20,17,137
2021-11-20,18,143
2021-11-20,19,113
2021-11-20,20,90
2021-11-20,21,68
2021-11-20,22,63
2021-11-20,23,55
2021-11-21,0,52
2021-11-21,1,45
2021-11-21,2,17
2021-11-21,3,26
2021-11-21,4,28
2021-11-21,5,14
2021-11-21,6,22
2021-11-21,7,48
2021-11-21,8,46
2021-11-21,9,74
2021-11-21,10,126
2021-11-21,11,143
2021-11-21,12,170
2021-11-21,13,173
2021-11-21,14,154
2021-11-21,15,182
2021-11-21,16,154
2021-11-21,17,118
2021-11-21,18,99
2021-11-21,19,111
2021-11-21,20,84
2021-11-21,21,64
2021-11-21,22,45
2021-11-21,23,26
2021-11-22,0,23
2021-11-22,1,16
2021-11-22,2,19
2021-11-22,3,12
2021-11-22,4,9
2021-11-22,5,14
2021-11-22,6,39
2021-11-22,7,36
2021-11-22,8,164
2021-11-22,9,183
2021-11-22,10,170
2021-11-22,11,158
2021-11-22,12,173
2021-11-22,13,139
2021-11-22,14,211
2021-11-22,15,237
2021-11-22,16,251
2021-11-22,17,231
2021-11-22,18,166
2021-11-22,19,147
2021-11-22,20,121
2021-11-22,21,86
2021-11-22,22,53
2021-11-22,23,28
2021-11-23,0,21
2021-11-23,1,13
2021-11-23,2,10
2021-11-23,3,14
2021-11-23,4,9
2021-11-23,5,14
2021-11-23,6,33
2021-11-23,7,111
2021-11-23,8,176
2021-11-23,9,197
2021-11-23,10,157
2021-11-23,11,143
2021-11-23,12,177
2021-11-23,13,174
2021-11-23,14,184
2021-11-23,15,232
2021-11-23,16,295
2021-11-23,17,234
2021-11-23,18,186
2021-11-23,19,155
2021-11-23,20,107
2021-11-23,21,96
2021-11-23,22,62
2021-11-23,23,29
2021-11-24,0,20
2021-11-24,1,14
2021-11-24,2,6
2021-11-24,3,6
2021-11-24,4,9
2021-11-24,5,14
2021-11-24,6,34
2021-11-24,7,113
2021-11-24,8,178
2021-11-24,9,203
2021-11-24,10,143
2021-11-24,11,164
2021-11-24,12,215
2021-11-24,13,179
2021-11-24,14,190
2021-11-24,15,218
2021-11-24,16,281
2021-11-24,17,228
2021-11-24,18,192
2021-11-24,19,142
2021-11-24,20,91
2021-11-24,21,84
2021-11-24,22,66
2021-11-24,23,41
2021-11-25,0,29
2021-11-25,1,10
2021-11-25,2,9
2021-11-25,3,2
2021-11-25,4,10
2021-11-25,5,8
2021-11-25,6,35
2021-11-25,7,101
2021-11-25,8,184
2021-11-25,9,176
2021-11-25,10,152
2021-11-25,11,148
2021-11-25,12,204
2021-11-25,13,173
2021-11-25,14,206
2021-11-25,15,227
2021-11-25,16,263
2021-11-25,17,223
2021-11-25,18,184
2021-11-25,19,166
2021-11-25,20,111
2021-11-25,21,82
2021-11-25,22,83
2021-11-25,23,70
2021-11-26,0,28
2021-11-26,1,17
2021-11-26,2,9
2021-11-26,3,9
2021-11-26,4,9
2021-11-26,5,13
2021-11-26,6,46
2021-11-26,7,111
2021-11-26,8,163
2021-11-26,9,206
2021-11-26,10,179
2021-11-26,11,176
2021-11-26,12,201
2021-11-26,13,194
2021-11-26,14,216
2021-11-26,15,262
2021-11-26,16,237
2021-11-26,17,237
2021-11-26,18,178
2021-11-26,19,134
2021-11-26,20,104
2021-11-26,21,91
2021-11-26,22,103
2021-11-26,23,73
2021-11-27,0,42
2021-11-27,1,40
2021-11-27,2,20
2021-11-27,3,19
2021-11-27,4,18
2021-11-27,5,10
2021-11-27,6,21
2021-11-27,7,47
2021-11-27,8,63
2021-11-27,9,133
2021-11-27,10,193
2021-11-27,11,166
2021-11-27,12,206
2021-11-27,13,180
2021-11-27,14,194
2021-11-27,15,218
2021-11-27,16,167
2021-11-27,17,147
2021-11-27,18,128
2021-11-27,19,128
2021-11-27,20,109
2021-11-27,21,93
2021-11-27,22,71
2021-11-27,23,72
2021-11-28,0,65
2021-11-28,1,43
2021-11-28,2,32
2021-11-28,3,20
2021-11-28,4,19
2021-11-28,5,13
2021-11-28,6,15
2021-11-28,7,35
2021-11-28,8,38
2021-11-28,9,86
2021-11-28,10,97
2021-11-28,11,151
2021-11-28,12,167
2021-11-28,13,171
2021-11-28,14,171
2021-11-28,15,147
2021-11-28,16,146
2021-11-28,17,130
2021-11-28,18,121
2021-11-28,19,90
2021-11-28,20,78
2021-11-28,21,63
2021-11-28,22,59
2021-11-28,23,38
2021-11-29,0,28
2021-11-29,1,23
2021-11-29,2,10
2021-11-29,3,8
2021-11-29,4,12
2021-11-29,5,16
2021-11-29,6,31
2021-11-29,7,113
2021-11-29,8,155
2021-11-29,9,155
2021-11-29,10,144
2021-11-29,11,172
2021-11-29,12,174
2021-11-29,13,169
2021-11-29,14,188
2021-11-29,15,235
2021-11-29,16,247
2021-11-29,17,231
2021-11-29,18,205
2021-11-29,19,193
2021-11-29,20,125
2021-11-29,21,92
2021-11-29,22,62
2021-11-29,23,53
2021-11-30,0,14
2021-11-30,1,16
2021-11-30,2,6
2021-11-30,3,6
2021-11-30,4,8
2021-11-30,5,16
2021-11-30,6,37
2021-11-30,7,114
2021-11-30,8,173
2021-11-30,9,184
2021-11-30,10,183
2021-11-30,11,197
2021-11-30,12,188
2021-11-30,13,177
2021-11-30,14,181
2021-11-30,15,267
2021-11-30,16,276
2021-11-30,17,255
2021-11-30,18,175
2021-11-30,19,145
2021-11-30,20,115
2021-11-30,21,102
2021-11-30,22,66
2021-11-30,23,47
2021-12-01,0,23
2021-12-01,1,13
2021-12-01,2,11
2021-12-01,3,11
2021-12-01,4,7
2021-12-01,5,14
2021-12-01,6,35
2021-12-01,7,121
2021-12-01,8,202
2021-12-01,9,168
2021-12-01,10,159
2021-12-01,11,178
2021-12-01,12,179
2021-12-01,13,191
2021-12-01,14,212
2021-12-01,15,252
2021-12-01,16,278
2021-12-01,17,219
2021-12-01,18,188
2021-12-01,19,140
2021-12-01,20,103
2021-12-01,21,91
2021-12-01,22,86
2021-12-01,23,32
2021-12-02,0,26
2021-12-02,1,17
2021-12-02,2,6
2021-12-02,3,6
2021-12-02,4,13
2021-12-02,5,7
2021-12-02,6,39
2021-12-02,7,109
2021-12-02,8,205
2021-12-02,9,187
2021-12-02,10,160
2021-12-02,11,163
2021-12-02,12,198
2021-12-02,13,172
2021-12-02,14,203
2021-12-02,15,213
2021-12-02,16,295
2021-12-02,17,228
2021-12-02,18,191
2021-12-02,19,146
2021-12-02,20,106
2021-12-02,21,94
2021-12-02,22,78
2021-12-02,23,50
2021-12-03,0,23
2021-12-03,1,20
2021-12-03,2,8
2021-12-03,3,11
2021-12-03,4,5
2021-12-03,5,13
2021-12-03,6,35
2021-12-03,7,104
2021-12-03,8,195
2021-12-03,9,202
2021-12-03,10,173
2021-12-03,11,186
2021-12-03,12,222
2021-12-03,13,203
2021-12-03,14,223
2021-12-03,15,254
2021-12-03,16,275
2021-12-03,17,213
2021-12-03,18,189
2021-12-03,19,158
2021-12-03,20,119
2021-12-03,21,73
2021-12-03,22,88
2021-12-03,23,88
2021-12-04,0,58
2021-12-04,1,36
2021-12-04,2,21
2021-12-04,3,17
2021-12-04,4,20
2021-12-04,5,7
2021-12-04,6,20
2021-12-04,7,43
2021-12-04,8,95
2021-12-04,9,124
2021-12-04,10,175
2021-12-04,11,178
2021-12-04,12,196
2021-12-04,13,194
2021-12-04,14,173
2021-12-04,15,164
2021-12-04,16,165
2021-12-04,17,163
2021-12-04,18,127
2021-12-04,19,121
2021-12-04,20,90
2021-12-04,21,83
2021-12-04,22,76
2021-12-04,23,66
2021-12-05,0,46
2021-12-05,1,42
2021-12-05,2,27
2021-12-05,3,27
2021-12-05,4,20
2021-12-05,5,9
2021-12-05,6,16
2021-12-05,7,39
2021-12-05,8,44
2021-12-05,9,63
2021-12-05,10,102
2021-12-05,11,127
2021-12-05,12,170
2021-12-05,13,156
2021-12-05,14,157
2021-12-05,15,152
2021-12-05,16,163
2021-12-05,17,113
2021-12-05,18,114
2021-12-05,19,109
2021-12-05,20,85
2021-12-05,21,73
2021-12-05,22,47
2021-12-05,23,36
2021-12-06,0,24
2021-12-06,1,10
2021-12-06,2,9
2021-12-06,3,6
2021-12-06,4,6
2021-12-06,5,12
2021-12-06,6,36
2021-12-06,7,105
2021-12-06,8,168
2021-12-06,9,186
2021-12-06,10,153
2021-12-06,11,165
2021-12-06,12,170
2021-12-06,13,170
2021-12-06,14,196
2021-12-06,15,237
2021-12-06,16,282
2021-12-06,17,234
2021-12-06,18,146
2021-12-06,19,137
2021-12-06,20,96
2021-12-06,21,60
2021-12-06,22,48
2021-12-06,23,86
2021-12-07,0,20
2021-12-07,1,2
2021-12-07,2,4
2021-12-07,3,6
2021-12-07,4,8
2021-12-07,5,18
2021-12-07,6,39
2021-12-07,7,114
2021-12-07,8,192
2021-12-07,9,192
2021-12-07,10,149
2021-12-07,11,166
2021-12-07,12,193
2021-12-07,13,164
2021-12-07,14,174
2021-12-07,15,235
2021-12-07,16,259
2021-12-07,17,200
2021-12-07,18,173
2021-12-07,19,139
2021-12-07,20,115
2021-12-07,21,72
2021-12-07,22,55
2021-12-07,23,35
2021-12-08,0,19
2021-12-08,1,14
2021-12-08,2,11
2021-12-08,3,5
2021-12-08,4,7
2021-12-08,5,15
2021-12-08,6,38
2021-12-08,7,113
2021-12-08,8,195
2021-12-08,9,190
2021-12-08,10,159
2021-12-08,11,177
2021-12-08,12,175
2021-12-08,13,188
2021-12-08,14,206
2021-12-08,15,226
2021-12-08,16,276
2021-12-08,17,217
2021-12-08,18,175
2021-12-08,19,129
2021-12-08,20,110
2021-12-08,21,73
2021-12-08,22,64
2021-12-08,23,39
2021-12-09,0,21
2021-12-09,1,17
2021-12-09,2,9
2021-12-09,3,9
2021-12-09,4,9
2021-12-09,5,8
2021-12-09,6,36
2021-12-09,7,99
2021-12-09,8,181
2021-12-09,9,208
2021-12-09,10,148
2021-12-09,11,150
2021-12-09,12,169
2021-12-09,13,190
2021-12-09,14,182
2021-12-09,15,215
2021-12-09,16,288
2021-12-09,17,212
2021-12-09,18,170
2021-12-09,19,125
2021-12-09,20,111
2021-12-09,21,80
2021-12-09,22,75
2021-12-09,23,59
2021-12-10,0,27
2021-12-10,1,20
2021-12-10,2,12
2021-12-10,3,9
2021-12-10,4,17
2021-12-10,5,13
2021-12-10,6,36
2021-12-10,7,109
2021-12-10,8,157
2021-12-10,9,211
2021-12-10,10,183
2021-12-10,11,197
2021-12-10,12,200
2021-12-10,13,180
2021-12-10,14,214
2021-12-10,15,255
2021-12-10,16,260
2021-12-10,17,210
2021-12-10,18,206
2021-12-10,19,162
2021-12-10,20,104
2021-12-10,21,89
2021-12-10,22,84
2021-12-10,23,66
2021-12-11,0,46
2021-12-11,1,37
2021-12-11,2,23
2021-12-11,3,17
2021-12-11,4,13
2021-12-11,5,17
2021-12-11,6,18
2021-12-11,7,59
2021-12-11,8,58
2021-12-11,9,111
2021-12-11,10,143
2021-12-11,11,150
2021-12-11,12,163
2021-12-11,13,172
2021-12-11,14,185
2021-12-11,15,159
2021-12-11,16,151
2021-12-11,17,140
2021-12-11,18,128
2021-12-11,19,125
2021-12-11,20,88
2021-12-11,21,95
2021-12-11,22,73
2021-12-11,23,54
2021-12-12,0,59
2021-12-12,1,49
2021-12-12,2,27
2021-12-12,3,25
2021-12-12,4,27
2021-12-12,5,17
2021-12-12,6,19
2021-12-12,7,49
2021-12-12,8,40
2021-12-12,9,56
2021-12-12,10,97
2021-12-12,11,109
2021-12-12,12,159
2021-12-12,13,150
2021-12-12,14,157
2021-12-12,15,160
2021-12-12,16,124
2021-12-12,17,137
2021-12-12,18,113
2021-12-12,19,100
2021-12-12,20,90
2021-12-12,21,69
2021-12-12,22,42
2021-12-12,23,33
2021-12-13,0,21
2021-12-13,1,14
2021-12-13,2,5
2021-12-13,3,8
2021-12-13,4,12
2021-12-13,5,13
2021-12-13,6,35
2021-12-13,7,84
2021-12-13,8,164
2021-12-13,9,163
2021-12-13,10,143
2021-12-13,11,176
2021-12-13,12,170
2021-12-13,13,171
2021-12-13,14,177
2021-12-13,15,212
2021-12-13,16,226
2021-12-13,17,222
2021-12-13,18,157
2021-12-13,19,142
2021-12-13,20,105
2021-12-13,21,81
2021-12-13,22,50
2021-12-13,23,37
2021-12-14,0,23
2021-12-14,1,13
2021-12-14,2,10
2021-12-14,3,10
2021-12-14,4,9
2021-12-14,5,10
2021-12-14,6,34
2021-12-14,7,110
2021-12-14,8,182
2021-12-14,9,197
2021-12-14,10,147
2021-12-14,11,160
2021-12-14,12,166
2021-12-14,13,172
2021-12-14,14,175
2021-12-14,15,208
2021-12-14,16,314
2021-12-14,17,219
2021-12-14,18,158
2021-12-14,19,144
2021-12-14,20,101
2021-12-14,21,70
2021-12-14,22,44
2021-12-14,23,48
2021-12-15,0,21
2021-12-15,1,15
2021-12-15,2,7
2021-12-15,3,7
2021-12-15,4,9
2021-12-15,5,15
2021-12-15,6,34
2021-12-15,7,104
2021-12-15,8,189
2021-12-15,9,204
2021-12-15,10,156
2021-12-15,11,175
2021-12-15,12,195
2021-12-15,13,196
2021-12-15,14,195
2021-12-15,15,244
2021-12-15,16,251
2021-12-15,17,217
2021-12-15,18,172
2021-12-15,19,147
2021-12-15,20,95
2021-12-15,21,85
2021-12-15,22,54
2021-12-15,23,40
2021-12-16,0,22
2021-12-16,1,18
2021-12-16,2,15
2021-12-16,3,10
2021-12-16,4,13
2021-12-16,5,13
2021-12-16,6,25
2021-12-16,7,104
2021-12-16,8,181
2021-12-16,9,175
2021-12-16,10,145
2021-12-16,11,174
2021-12-16,12,181
2021-12-16,13,185
2021-12-16,14,191
2021-12-16,15,233
2021-12-16,16,257
2021-12-16,17,281
2021-12-16,18,194
2021-12-16,19,131
2021-12-16,20,109
2021-12-16,21,85
2021-12-16,22,68
2021-12-16,23,43
2021-12-17,0,14
2021-12-17,1,16
2021-12-17,2,13
2021-12-17,3,14
2021-12-17,4,7
2021-12-17,5,13
2021-12-17,6,32
2021-12-17,7,88
2021-12-17,8,175
2021-12-17,9,174
2021-12-17,10,176
2021-12-17,11,195
2021-12-17,12,181
2021-12-17,13,217
2021-12-17,14,221
2021-12-17,15,201
2021-12-17,16,263
2021-12-17,17,203
2021-12-17,18,198
2021-12-17,19,145
2021-12-17,20,120
2021-12-17,21,77
2021-12-17,22,71
2021-12-17,23,40
2021-12-18,0,44
2021-12-18,1,26
2021-12-18,2,26
2021-12-18,3,20
2021-12-18,4,17
2021-12-18,5,15
2021-12-18,6,25
2021-12-18,7,58
2021-12-18,8,84
2021-12-18,9,113
2021-12-18,10,134
2021-12-18,11,178
2021-12-18,12,151
2021-12-18,13,176
2021-12-18,14,174
2021-12-18,15,150
2021-12-18,16,134
2021-12-18,17,162
2021-12-18,18,130
2021-12-18,19,126
2021-12-18,20,88
2021-12-18,21,73
2021-12-18,22,60
2021-12-18,23,53
2021-12-19,0,41
2021-12-19,1,32
2021-12-19,2,24
2021-12-19,3,23
2021-12-19,4,22
2021-12-19,5,11
2021-12-19,6,15
2021-12-19,7,40
2021-12-19,8,49
2021-12-19,9,82
2021-12-19,10,92
2021-12-19,11,132
2021-12-19,12,148
2021-12-19,13,162
2021-12-19,14,146
2021-12-19,15,143
2021-12-19,16,126
2021-12-19,17,129
2021-12-19,18,105
2021-12-19,19,91
2021-12-19,20,79
2021-12-19,21,61
2021-12-19,22,42
2021-12-19,23,35
2021-12-20,0,16
2021-12-20,1,12
2021-12-20,2,7
2021-12-20,3,3
2021-12-20,4,10
2021-12-20,5,10
2021-12-20,6,33
2021-12-20,7,92
2021-12-20,8,148
2021-12-20,9,166
2021-12-20,10,148
2021-12-20,11,167
2021-12-20,12,188
2021-12-20,13,176
2021-12-20,14,183
2021-12-20,15,254
2021-12-20,16,236
2021-12-20,17,241
2021-12-20,18,151
2021-12-20,19,112
2021-12-20,20,99
2021-12-20,21,83
2021-12-20,22,49
2021-12-20,23,25
2021-12-21,0,19
2021-12-21,1,14
2021-12-21,2,7
2021-12-21,3,9
2021-12-21,4,8
2021-12-21,10,135
2021-12-21,11,170
2021-12-21,12,185
2021-12-21,13,193
2021-12-21,14,194
2021-12-21,15,210
2021-12-21,16,264
2021-12-21,17,214
2021-12-21,18,165
2021-12-21,19,139
2021-12-21,20,98
2021-12-21,21,64
2021-12-21,22,53
2021-12-21,23,31
2021-12-22,0,23
2021-12-22,1,12
2021-12-22,2,16
2021-12-22,3,8
2021-12-22,4,12
2021-12-22,5,13
2021-12-22,6,27
2021-12-22,7,95
2021-12-22,8,157
2021-12-22,9,130
2021-12-22,10,152
2021-12-22,11,184
2021-12-22,12,218
2021-12-22,13,205
2021-12-22,14,240
2021-12-22,15,246
2021-12-22,16,226
2021-12-22,17,238
2021-12-22,18,168
2021-12-22,19,170
2021-12-22,20,99
2021-12-22,21,72
2021-12-22,22,52
2021-12-22,23,45
2021-12-23,0,27
2021-12-23,1,15
2021-12-23,2,5
2021-12-23,3,8
2021-12-23,4,10
2021-12-23,5,12
2021-12-23,6,31
2021-12-23,7,94
2021-12-23,8,120
2021-12-23,9,154
2021-12-23,10,164
2021-12-23,11,189
2021-12-23,12,233
2021-12-23,13,179
2021-12-23,14,227
2021-12-23,15,208
2021-12-23,16,220
2021-12-23,17,195
2021-12-23,18,160
2021-12-23,19,138
2021-12-23,20,104
2021-12-23,21,74
2021-12-23,22,83
2021-12-23,23,38
2021-12-24,0,29
2021-12-24,1,13
2021-12-24,2,11
2021-12-24,3,13
2021-12-24,4,11
2021-12-24,5,10
2021-12-24,6,32
2021-12-24,7,78
2021-12-24,8,122
2021-12-24,9,108
2021-12-24,10,155
2021-12-24,11,167
2021-12-24,12,207
2021-12-24,13,231
2021-12-24,14,197
2021-12-24,15,219
2021-12-24,16,190
2021-12-24,17,151
2021-12-24,18,122
2021-12-24,19,122
2021-12-24,20,71
2021-12-24,21,80
2021-12-24,22,44
2021-12-24,23,36
2021-12-25,0,18
2021-12-25,1,18
2021-12-25,2,8
2021-12-25,3,9
2021-12-25,4,8
2021-12-25,5,10
2021-12-25,6,10
2021-12-25,7,31
2021-12-25,8,24
2021-12-25,9,38
2021-12-25,10,52
2021-12-25,11,73
2021-12-25,12,111
2021-12-25,13,116
2021-12-25,14,122
2021-12-25,15,105
2021-12-25,16,69
2021-12-25,17,66
2021-12-25,18,64
2021-12-25,19,57
2021-12-25,20,66
2021-12-25,21,59
2021-12-25,22,46
2021-12-25,23,29
2021-12-26,0,26
2021-12-26,1,17
2021-12-26,2,13
2021-12-26,3,12
2021-12-26,4,16
2021-12-26,5,6
2021-12-26,6,11
2021-12-26,7,29
2021-12-26,8,28
2021-12-26,9,25
2021-12-26,10,48
2021-12-26,11,61
2021-12-26,12,97
2021-12-26,13,104
2021-12-26,14,121
2021-12-26,15,91
2021-12-26,16,88
2021-12-26,17,84
2021-12-26,18,87
2021-12-26,19,59
2021-12-26,20,56
2021-12-26,21,62
2021-12-26,22,38
2021-12-26,23,39
2021-12-27,0,25
2021-12-27,1,26
2021-12-27,2,13
2021-12-27,3,19
2021-12-27,4,18
2021-12-27,5,24
2021-12-27,6,30
2021-12-27,7,40
2021-12-27,8,48
2021-12-27,9,59
2021-12-27,10,84
2021-12-27,11,116
2021-12-27,12,120
2021-12-27,13,133
2021-12-27,14,129
2021-12-27,15,139
2021-12-27,16,138
2021-12-27,17,101
2021-12-27,18,106
2021-12-27,19,76
2021-12-27,20,70
2021-12-27,21,65
2021-12-27,22,54
2021-12-27,23,35
2021-12-28,0,31
2021-12-28,1,28
2021-12-28,2,28
2021-12-28,3,9
2021-12-28,4,18
2021-12-28,5,18
2021-12-28,6,22
2021-12-28,7,42
2021-12-28,8,53
2021-12-28,9,73
2021-12-28,10,102
2021-12-28,11,146
2021-12-28,12,156
2021-12-28,13,142
2021-12-28,14,164
2021-12-28,15,159
2021-12-28,16,154
2021-12-28,17,123
2021-12-28,18,109
2021-12-28,19,119
2021-12-28,20,75
2021-12-28,21,60
2021-12-28,22,50
2021-12-28,23,30
2021-12-29,0,28
2021-12-29,1,26
2021-12-29,2,19
2021-12-29,3,17
2021-12-29,4,10
2021-12-29,5,14
2021-12-29,6,30
2021-12-29,7,61
2021-12-29,8,75
2021-12-29,9,89
2021-12-29,10,117
2021-12-29,11,147
2021-12-29,12,152
2021-12-29,13,166
2021-12-29,14,150
2021-12-29,15,178
2021-12-29,16,182
2021-12-29,17,148
2021-12-29,18,127
2021-12-29,19,88
2021-12-29,20,79
2021-12-29,21,49
2021-12-29,22,45
2021-12-29,23,47
2021-12-30,0,29
2021-12-30,1,33
2021-12-30,2,20
2021-12-30,3,21
2021-12-30,4,19
2021-12-30,5,23
2021-12-30,6,22
2021-12-30,7,58
2021-12-30,8,85
2021-12-30,9,89
2021-12-30,10,128
2021-12-30,11,157
2021-12-30,12,167
2021-12-30,13,165
2021-12-30,14,180
2021-12-30,15,170
2021-12-30,16,179
2021-12-30,17,183
2021-12-30,18,135
2021-12-30,19,119
2021-12-30,20,73
2021-12-30,21,62
2021-12-30,22,59
2021-12-30,23,44
2021-12-31,0,35
2021-12-31,1,27
2021-12-31,2,32
2021-12-31,3,18
2021-12-31,4,13
2021-12-31,5,21
2021-12-31,6,41
2021-12-31,7,58
2021-12-31,8,77
2021-12-31,9,90
2021-12-31,10,133
2021-12-31,11,162
2021-12-31,12,157
2021-12-31,13,156
2021-12-31,14,195
2021-12-31,15,155
2021-12-31,16,182
2021-12-31,17,134
2021-12-31,18,112
2021-12-31,19,106
2021-12-31,20,93
2021-12-31,21,73
2021-12-31,22,76
2021-12-31,23,47
2022-01-01,0,55
2022-01-01,1,37
2022-01-01,2,45
2022-01-01,3,38
2022-01-01,4,30
2022-01-01,5,28
2022-01-01,6,28
2022-01-01,7,33
2022-01-01,8,43
2022-01-01,9,44
2022-01-01,10,52
2022-01-01,11,64
2022-01-01,12,95
2022-01-01,13,88
2022-01-01,14,100
2022-01-01,15,94
2022-01-01,16,81
2022-01-01,17,79
2022-01-01,18,71
2022-01-01,19,68
2022-01-01,20,67
2022-01-01,21,77
2022-01-01,22,41
2022-01-01,23,35
2022-01-02,0,42
2022-01-02,1,36
2022-01-02,2,20
2022-01-02,3,31
2022-01-02,4,26
2022-01-02,5,42
2022-01-02,6,35
2022-01-02,7,55
2022-01-02,8,40
2022-01-02,9,50
2022-01-02,10,81
2022-01-02,11,86
2022-01-02,12,101
2022-01-02,13,133
2022-01-02,14,146
2022-01-02,15,116
2022-01-02,16,101
2022-01-02,17,89
2022-01-02,18,88
2022-01-02,19,91
2022-01-02,20,59
2022-01-02,21,62
2022-01-02,22,50
2022-01-02,23,52
2022-01-03,0,43
2022-01-03,1,43
2022-01-03,2,35
2022-01-03,3,32
2022-01-03,4,32
2022-01-03,5,43
2022-01-03,6,55
2022-01-03,7,48
2022-01-03,8,46
2022-01-03,9,69
2022-01-03,10,94
2022-01-03,11,133
2022-01-03,12,135
2022-01-03,13,131
2022-01-03,14,156
2022-01-03,15,144
2022-01-03,16,137
2022-01-03,17,110
2022-01-03,18,91
2022-01-03,19,94
2022-01-03,20,74
2022-01-03,21,66
2022-01-03,22,45
2022-01-03,23,47
2022-01-04,0,28
2022-01-04,1,42
2022-01-04,2,36
2022-01-04,3,29
2022-01-04,4,36
2022-01-04,5,32
2022-01-04,6,35
2022-01-04,7,57
2022-01-04,8,65
2022-01-04,9,89
2022-01-04,10,115
2022-01-04,11,122
2022-01-04,12,139
2022-01-04,13,167
2022-01-04,14,165
2022-01-04,15,137
2022-01-04,16,164
2022-01-04,17,129
2022-01-04,18,101
2022-01-04,19,115
2022-01-04,20,82
2022-01-04,21,61
2022-01-04,22,51
2022-01-04,23,40
2022-01-05,0,48
2022-01-05,1,25
2022-01-05,2,21
2022-01-05,3,23
2022-01-05,4,23
2022-01-05,5,33
2022-01-05,6,41
2022-01-05,7,80
2022-01-05,8,140
2022-01-05,9,127
2022-01-05,10,116
2022-01-05,11,140
2022-01-05,12,170
2022-01-05,13,166
2022-01-05,14,154
2022-01-05,15,231
2022-01-05,16,191
2022-01-05,17,175
2022-01-05,18,126
2022-01-05,19,129
2022-01-05,20,81
2022-01-05,21,56
2022-01-05,22,55
2022-01-05,23,51
2022-01-06,0,43
2022-01-06,1,34
2022-01-06,2,34
2022-01-06,3,27
2022-01-06,4,44
2022-01-06,5,42
2022-01-06,6,49
2022-01-06,7,110
2022-01-06,8,144
2022-01-06,9,136
2022-01-06,10,143
2022-01-06,11,139
2022-01-06,12,173
2022-01-06,13,176
2022-01-06,14,153
2022-01-06,15,180
2022-01-06,16,222
2022-01-06,17,194
2022-01-06,18,161
2022-01-06,19,131
2022-01-06,20,92
2022-01-06,21,67
2022-01-06,22,67
2022-01-06,23,51
2022-01-07,0,31
2022-01-07,1,39
2022-01-07,2,29
2022-01-07,3,28
2022-01-07,4,27
2022-01-07,5,35
2022-01-07,6,51
2022-01-07,7,124
2022-01-07,8,157
2022-01-07,9,154
2022-01-07,10,153
2022-01-07,11,136
2022-01-07,12,160
2022-01-07,13,170
2022-01-07,14,182
2022-01-07,15,182
2022-01-07,16,175
2022-01-07,17,168
2022-01-07,18,125
2022-01-07,19,120
2022-01-07,20,89
2022-01-07,21,71
2022-01-07,22,54
2022-01-07,23,50
2022-01-08,0,51
2022-01-08,1,47
2022-01-08,2,25
2022-01-08,3,43
2022-01-08,4,37
2022-01-08,5,30
2022-01-08,6,44
2022-01-08,7,63
2022-01-08,8,67
2022-01-08,9,83
2022-01-08,10,105
2022-01-08,11,132
2022-01-08,12,147
2022-01-08,13,171
2022-01-08,14,181
2022-01-08,15,171
2022-01-08,16,152
2022-01-08,17,134
2022-01-08,18,122
2022-01-08,19,102
2022-01-08,20,92
2022-01-08,21,88
2022-01-08,22,61
2022-01-08,23,50
2022-01-09,0,46
2022-01-09,1,32
2022-01-09,2,40
2022-01-09,3,36
2022-01-09,4,36
2022-01-09,5,27
2022-01-09,6,37
2022-01-09,7,54
2022-01-09,8,44
2022-01-09,9,62
2022-01-09,10,96
2022-01-09,11,111
2022-01-09,12,139
2022-01-09,13,147
2022-01-09,14,148
2022-01-09,15,158
2022-01-09,16,137
2022-01-09,17,115
2022-01-09,18,123
2022-01-09,19,86
2022-01-09,20,88
2022-01-09,21,60
2022-01-09,22,60
2022-01-09,23,34
2022-01-10,0,37
2022-01-10,1,31
2022-01-10,2,28
2022-01-10,3,28
2022-01-10,4,37
2022-01-10,5,32
2022-01-10,6,49
2022-01-10,7,106
2022-01-10,8,157
2022-01-10,9,176
2022-01-10,10,151
2022-01-10,11,136
2022-01-10,12,161
2022-01-10,13,149
2022-01-10,14,177
2022-01-10,15,194
2022-01-10,16,259
2022-01-10,17,230
2022-01-10,18,160
2022-01-10,19,105
2022-01-10,20,93
2022-01-10,21,66
2022-01-10,22,47
2022-01-10,23,51
2022-01-11,0,36
2022-01-11,9,162
2022-01-11,10,125
2022-01-11,11,181
2022-01-11,12,165
2022-01-11,13,160
2022-01-11,14,161
2022-01-11,15,212
2022-01-11,16,254
2022-01-11,17,191
2022-01-11,18,183
2022-01-11,19,143
2022-01-11,20,98
2022-01-11,21,77
2022-01-11,22,71
2022-01-11,23,42
2022-01-12,0,27
2022-01-12,1,21
2022-01-12,2,29
2022-01-12,3,51
2022-01-12,4,30
2022-01-12,5,43
2022-01-12,6,44
2022-01-12,7,82
2022-01-12,8,151
2022-01-12,9,172
2022-01-12,10,148
2022-01-12,11,150
2022-01-12,12,198
2022-01-12,13,169
2022-01-12,14,138
2022-01-12,15,226
2022-01-12,16,199
2022-01-12,17,203
2022-01-12,18,162
2022-01-12,19,132
2022-01-12,20,99
2022-01-12,21,83
2022-01-12,22,61
2022-01-12,23,48
2022-01-13,0,26
2022-01-13,1,23
2022-01-13,2,22
2022-01-13,3,30
2022-01-13,4,29
2022-01-13,5,39
2022-01-13,6,51
2022-01-13,7,93
2022-01-13,8,141
2022-01-13,9,173
2022-01-13,10,136
2022-01-13,11,112
2022-01-13,12,187
2022-01-13,13,155
2022-01-13,14,185
2022-01-13,15,185
2022-01-13,16,245
2022-01-13,17,224
2022-01-13,18,168
2022-01-13,19,149
2022-01-13,20,95
2022-01-13,21,82
2022-01-13,22,76
2022-01-13,23,51
2022-01-14,0,48
2022-01-14,1,38
2022-01-14,2,26
2022-01-14,3,30
2022-01-14,4,24
2022-01-14,5,28
2022-01-14,6,41
2022-01-14,7,97
2022-01-14,8,148
2022-01-14,9,193
2022-01-14,10,157
2022-01-14,11,138
2022-01-14,12,186
2022-01-14,13,163
2022-01-14,14,191
2022-01-14,15,224
2022-01-14,16,280
2022-01-14,17,195
2022-01-14,18,162
2022-01-14,19,140
2022-01-14,20,94
2022-01-14,21,116
2022-01-14,22,78
2022-01-14,23,49
2022-01-15,0,59
2022-01-15,1,52
2022-01-15,2,30
2022-01-15,3,36
2022-01-15,4,48
2022-01-15,5,38
2022-01-15,6,42
2022-01-15,7,50
2022-01-15,8,78
2022-01-15,9,110
2022-01-15,10,142
2022-01-15,11,150
2022-01-15,12,170
2022-01-15,13,185
2022-01-15,14,187
2022-01-15,15,176
2022-01-15,16,149
2022-01-15,17,146
2022-01-15,18,123
2022-01-15,19,117
2022-01-15,20,91
2022-01-15,21,82
2022-01-15,22,69
2022-01-15,23,62
2022-01-16,0,57
2022-01-16,1,44
2022-01-16,2,31
2022-01-16,3,47
2022-01-16,4,29
2022-01-16,5,33
2022-01-16,6,27
2022-01-16,7,64
2022-01-16,8,39
2022-01-16,9,87
2022-01-16,10,124
2022-01-16,11,134
2022-01-16,12,155
2022-01-16,13,179
2022-01-16,14,162
2022-01-16,15,142
2022-01-16,16,151
2022-01-16,17,111
2022-01-16,18,102
2022-01-16,19,97
2022-01-16,20,94
2022-01-16,21,52
2022-01-16,22,57
2022-01-16,23,52
2022-01-17,0,48
2022-01-17,1,50
2022-01-17,2,32
2022-01-17,3,41
2022-01-17,4,30
2022-01-17,5,45
2022-01-17,6,46
2022-01-17,7,101
2022-01-17,8,162
2022-01-17,9,171
2022-01-17,10,147
2022-01-17,11,137
2022-01-17,12,147
2022-01-17,13,169
2022-01-17,14,170
2022-01-17,15,187
2022-01-17,16,229
2022-01-17,17,230
2022-01-17,18,146
2022-01-17,19,123
2022-01-17,20,94
2022-01-17,21,81
2022-01-17,22,82
2022-01-17,23,53
2022-01-18,0,42
2022-01-18,1,34
2022-01-18,2,28
2022-01-18,3,22
2022-01-18,4,22
2022-01-18,5,26
2022-01-18,6,48
2022-01-18,7,115
2022-01-18,8,181
2022-01-18,9,175
2022-01-18,10,131
2022-01-18,11,149
2022-01-18,12,159
2022-01-18,13,165
2022-01-18,14,194
2022-01-18,15,208
2022-01-18,16,293
2022-01-18,17,213
2022-01-18,18,187
2022-01-18,19,119
2022-01-18,20,119
2022-01-18,21,96
2022-01-18,22,70
2022-01-18,23,38
2022-01-19,0,42
2022-01-19,1,37
2022-01-19,2,35
2022-01-19,3,39
2022-01-19,4,107
2022-01-19,5,30
2022-01-19,6,52
2022-01-19,7,95
2022-01-19,8,174
2022-01-19,9,167
2022-01-19,10,138
2022-01-19,11,155
2022-01-19,12,150
2022-01-19,13,200
2022-01-19,14,172
2022-01-19,15,209
2022-01-19,16,225
2022-01-19,17,198
2022-01-19,18,183
2022-01-19,19,123
2022-01-19,20,103
2022-01-19,21,106
2022-01-19,22,53
2022-01-19,23,42
2022-01-20,0,31
2022-01-20,1,29
2022-01-20,2,19
2022-01-20,3,33
2022-01-20,4,22
2022-01-20,5,23
2022-01-20,6,44
2022-01-20,7,91
2022-01-20,8,175
2022-01-20,9,161
2022-01-20,10,146
2022-01-20,11,156
2022-01-20,12,181
2022-01-20,13,185
2022-01-20,14,176
2022-01-20,15,186
2022-01-20,16,250
2022-01-20,17,222
2022-01-20,18,175
2022-01-20,19,129
2022-01-20,20,119
2022-01-20,21,98
2022-01-20,22,68
2022-01-20,23,46
2022-01-21,0,38
2022-01-21,1,28
2022-01-21,2,26
2022-01-21,3,32
2022-01-21,4,32
2022-01-21,5,34
2022-01-21,6,53
2022-01-21,7,88
2022-01-21,8,158
2022-01-21,9,183
2022-01-21,10,138
2022-01-21,11,162
2022-01-21,12,195
2022-01-21,13,183
2022-01-21,14,205
2022-01-21,15,205
2022-01-21,16,239
2022-01-21,17,245
2022-01-21,18,187
2022-01-21,19,128
2022-01-21,20,99
2022-01-21,21,78
2022-01-21,22,72
2022-01-21,23,62
2022-01-22,0,50
2022-01-22,1,39
2022-01-22,2,39
2022-01-22,3,32
2022-01-22,4,25
2022-01-22,5,23
2022-01-22,6,50
2022-01-22,7,64
2022-01-22,8,100
2022-01-22,9,122
2022-01-22,10,136
2022-01-22,11,170
2022-01-22,12,176
2022-01-22,13,171
2022-01-22,14,167
2022-01-22,15,157
2022-01-22,16,191
2022-01-22,17,214
2022-01-22,18,129
2022-01-22,19,129
2022-01-22,20,108
2022-01-22,21,75
2022-01-22,22,84
2022-01-22,23,52
2022-01-23,0,74
2022-01-23,1,58
2022-01-23,2,48
2022-01-23,3,32
2022-01-23,4,37
2022-01-23,5,28
2022-01-23,6,25
2022-01-23,7,56
2022-01-23,8,48
2022-01-23,9,75
2022-01-23,10,104
2022-01-23,11,106
2022-01-23,12,171
2022-01-23,13,159
2022-01-23,14,162
2022-01-23,15,147
2022-01-23,16,126
2022-01-23,17,110
2022-01-23,18,100
2022-01-23,19,99
2022-01-23,20,76
2022-01-23,21,61
2022-01-23,22,59
2022-01-23,23,46
2022-01-24,0,32
2022-01-24,1,33
2022-01-24,2,24
2022-01-24,3,26
2022-01-24,4,26
2022-01-24,5,43
2022-01-24,6,73
2022-01-24,7,124
2022-01-24,8,120
2022-01-24,9,166
2022-01-24,10,160
2022-01-24,11,143
2022-01-24,12,152
2022-01-24,13,153
2022-01-24,14,170
2022-01-24,15,238
2022-01-24,16,220
2022-01-24,17,208
2022-01-24,18,164
2022-01-24,19,106
2022-01-24,20,99
2022-01-24,21,69
2022-01-24,22,70
2022-01-24,23,36
2022-01-25,0,37
2022-01-25,1,33
2022-01-25,2,21
2022-01-25,3,36
2022-01-25,4,30
2022-01-25,5,25
2022-01-25,6,44
2022-01-25,7,96
2022-01-25,8,198
2022-01-25,9,156
2022-01-25,10,162
2022-01-25,11,175
2022-01-25,12,174
2022-01-25,13,173
2022-01-25,14,159
2022-01-25,15,215
2022-01-25,16,279
2022-01-25,17,271
2022-01-25,18,184
2022-01-25,19,149
2022-01-25,20,130
2022-01-25,21,78
2022-01-25,22,85
2022-01-25,23,57
2022-01-26,0,28
2022-01-26,1,33
2022-01-26,2,23
2022-01-26,3,28
2022-01-26,4,23
2022-01-26,5,25
2022-01-26,6,37
2022-01-26,7,93
2022-01-26,8,146
2022-01-26,9,145
2022-01-26,10,147
2022-01-26,11,183
2022-01-26,12,170
2022-01-26,13,161
2022-01-26,14,171
2022-01-26,15,215
2022-01-26,16,216
2022-01-26,17,202
2022-01-26,18,167
2022-01-26,19,159
2022-01-26,20,102
2022-01-26,21,94
2022-01-26,22,67
2022-01-26,23,57
2022-01-27,0,43
2022-01-27,1,30
2022-01-27,2,34
2022-01-27,3,26
2022-01-27,4,27
2022-01-27,5,41
2022-01-27,6,53
2022-01-27,7,84
2022-01-27,8,158
2022-01-27,9,150
2022-01-27,10,143
2022-01-27,11,189
2022-01-27,12,197
2022-01-27,13,176
2022-01-27,14,160
2022-01-27,15,172
2022-01-27,16,240
2022-01-27,17,216
2022-01-27,18,162
2022-01-27,19,149
2022-01-27,20,133
2022-01-27,21,102
2022-01-27,22,93
2022-01-27,23,71
2022-01-28,0,40
2022-01-28,1,26
2022-01-28,2,27
2022-01-28,3,23
2022-01-28,4,30
2022-01-28,5,28
2022-01-28,6,45
2022-01-28,7,101
2022-01-28,8,189
2022-01-28,9,196
2022-01-28,10,150
2022-01-28,11,194
2022-01-28,12,170
2022-01-28,13,172
2022-01-28,14,217
2022-01-28,15,217
2022-01-28,16,226
2022-01-28,17,222
2022-01-28,18,182
2022-01-28,19,122
2022-01-28,20,96
2022-01-28,21,90
2022-01-28,22,68
2022-01-28,23,54
2022-01-29,0,75
2022-01-29,1,40
2022-01-29,2,25
2022-01-29,3,21
2022-01-29,4,36
2022-01-29,5,30
2022-01-29,6,33
2022-01-29,7,55
2022-01-29,8,82
2022-01-29,9,124
2022-01-29,10,146
2022-01-29,11,180
2022-01-29,12,177
2022-01-29,13,202
2022-01-29,14,170
2022-01-29,15,177
2022-01-29,16,175
2022-01-29,17,130
2022-01-29,18,141
2022-01-29,19,121
2022-01-29,20,96
2022-01-29,21,69
2022-01-29,22,69
2022-01-29,23,77
2022-01-30,0,61
2022-01-30,1,42
2022-01-30,2,55
2022-01-30,3,41
2022-01-30,4,33
2022-01-30,5,41
2022-01-30,6,33
2022-01-30,7,53
2022-01-30,8,53
2022-01-30,9,68
2022-01-30,10,127
2022-01-30,11,122
2022-01-30,12,208
2022-01-30,13,164
2022-01-30,14,173
2022-01-30,15,204
2022-01-30,16,149
2022-01-30,17,153
2022-01-30,18,135
2022-01-30,19,115
2022-01-30,20,77
2022-01-30,21,74
2022-01-30,22,53
2022-01-30,23,43
2022-01-31,0,47
2022-01-31,1,25
2022-01-31,2,33
2022-01-31,3,33
2022-01-31,4,31
2022-01-31,5,36
2022-01-31,6,44
2022-01-31,7,107
2022-01-31,8,168
2022-01-31,9,176
2022-01-31,10,128
2022-01-31,11,138
2022-01-31,12,188
2022-01-31,13,162
2022-01-31,14,193
2022-01-31,15,223
2022-01-31,16,207
2022-01-31,17,230
2022-01-31,18,279
2022-01-31,19,203
2022-01-31,20,100
2022-01-31,21,88
2022-01-31,22,64
2022-01-31,23,43
2022-02-01,0,43
2022-02-01,1,32
2022-02-01,2,27
2022-02-01,3,23
2022-02-01,4,23
2022-02-01,5,28
2022-02-01,6,49
2022-02-01,7,98
2022-02-01,8,211
2022-02-01,9,170
2022-02-01,10,124
2022-02-01,11,145
2022-02-01,12,162
2022-02-01,13,169
2022-02-01,14,171
2022-02-01,15,215
2022-02-01,16,272
2022-02-01,17,254
2022-02-01,18,175
2022-02-01,19,142
2022-02-01,20,102
2022-02-01,21,97
2022-02-01,22,92
2022-02-01,23,45
2022-02-02,0,41
2022-02-02,1,29
2022-02-02,2,25
2022-02-02,3,27
2022-02-02,4,28
2022-02-02,5,26
2022-02-02,6,54
2022-02-02,7,96
2022-02-02,8,180
2022-02-02,9,173
2022-02-02,10,145
2022-02-02,11,141
2022-02-02,12,195
2022-02-02,13,196
2022-02-02,14,185
2022-02-02,15,189
2022-02-02,16,216
2022-02-02,17,220
2022-02-02,18,194
2022-02-02,19,271
2022-02-02,20,87
2022-02-02,21,88
2022-02-02,22,77
2022-02-02,23,55
2022-02-03,0,35
2022-02-03,1,39
2022-02-03,2,31
2022-02-03,3,26
2022-02-03,4,31
2022-02-03,5,33
2022-02-03,6,35
2022-02-03,7,97
2022-02-03,8,201
2022-02-03,9,198
2022-02-03,10,153
2022-02-03,11,173
2022-02-03,12,182
2022-02-03,13,180
2022-02-03,14,156
2022-02-03,15,218
2022-02-03,16,247
2022-02-03,17,255
2022-02-03,18,185
2022-02-03,19,157
2022-02-03,20,122
2022-02-03,21,102
2022-02-03,22,83
2022-02-03,23,52
2022-02-04,0,39
2022-02-04,1,30
2022-02-04,2,32
2022-02-04,3,34
2022-02-04,4,49
2022-02-04,5,36
2022-02-04,6,41
2022-02-04,7,108
2022-02-04,8,156
2022-02-04,9,180
2022-02-04,10,169
2022-02-04,11,158
2022-02-04,12,180
2022-02-04,13,195
2022-02-04,14,207
2022-02-04,15,248
2022-02-04,16,266
2022-02-04,17,188
2022-02-04,18,177
2022-02-04,19,152
2022-02-04,20,102
2022-02-04,21,90
2022-02-04,22,69
2022-02-04,23,68
2022-02-05,0,50
2022-02-05,1,40
2022-02-05,2,34
2022-02-05,3,34
2022-02-05,4,31
2022-02-05,5,36
2022-02-05,6,50
2022-02-05,7,64
2022-02-05,8,80
2022-02-05,9,115
2022-02-05,10,126
2022-02-05,11,159
2022-02-05,12,172
2022-02-05,13,182
2022-02-05,14,164
2022-02-05,15,177
2022-02-05,16,200
2022-02-05,17,152
2022-02-05,18,114
2022-02-05,19,161
2022-02-05,20,98
2022-02-05,21,87
2022-02-05,22,67
2022-02-05,23,56
2022-02-06,0,41
2022-02-06,1,52
2022-02-06,2,46
2022-02-06,3,42
2022-02-06,4,30
2022-02-06,5,29
2022-02-06,6,34
2022-02-06,7,52
2022-02-06,8,52
2022-02-06,9,75
2022-02-06,10,106
2022-02-06,11,132
2022-02-06,12,158
2022-02-06,13,192
2022-02-06,14,164
2022-02-06,15,188
2022-02-06,16,144
2022-02-06,17,155
2022-02-06,18,115
2022-02-06,19,118
2022-02-06,20,81
2022-02-06,21,69
2022-02-06,22,63
2022-02-06,23,41
2022-02-07,0,40
2022-02-07,1,26
2022-02-07,2,20
2022-02-07,3,33
2022-02-07,4,14
2022-02-07,5,34
2022-02-07,6,107
2022-02-07,7,109
2022-02-07,8,166
2022-02-07,9,200
2022-02-07,10,181
2022-02-07,11,149
2022-02-07,12,172
2022-02-07,13,180
2022-02-07,14,209
2022-02-07,15,223
2022-02-07,16,252
2022-02-07,17,237
2022-02-07,18,171
2022-02-07,19,116
2022-02-07,20,92
2022-02-07,21,92
2022-02-07,22,53
2022-02-07,23,44
2022-02-08,0,45
2022-02-08,1,33
2022-02-08,2,29
2022-02-08,3,27
2022-02-08,4,46
2022-02-08,5,38
2022-02-08,6,65
2022-02-08,7,120
2022-02-08,8,138
2022-02-08,9,161
2022-02-08,10,139
2022-02-08,11,164
2022-02-08,12,189
2022-02-08,13,191
2022-02-08,14,180
2022-02-08,15,227
2022-02-08,16,266
2022-02-08,17,199
2022-02-08,18,179
2022-02-08,19,135
2022-02-08,20,122
2022-02-08,21,97
2022-02-08,22,55
2022-02-08,23,38
2022-02-09,0,31
2022-02-09,1,24
2022-02-09,2,21
2022-02-09,3,22
2022-02-09,4,26
2022-02-09,5,29
2022-02-09,6,52
2022-02-09,7,161
2022-02-09,8,184
2022-02-09,9,159
2022-02-09,10,157
2022-02-09,11,168
2022-02-09,12,220
2022-02-09,13,184
2022-02-09,14,187
2022-02-09,15,213
2022-02-09,16,250
2022-02-09,17,230
2022-02-09,18,141
2022-02-09,19,162
2022-02-09,20,89
2022-02-09,21,80
2022-02-09,22,76
2022-02-09,23,33
2022-02-10,0,42
2022-02-10,1,9
2022-02-10,2,9
2022-02-10,3,26
2022-02-10,4,9
2022-02-10,5,13
2022-02-10,6,34
2022-02-10,7,95
2022-02-10,8,145
2022-02-10,9,195
2022-02-10,10,153
2022-02-10,11,178
2022-02-10,12,164
2022-02-10,13,185
2022-02-10,14,171
2022-02-10,15,192
2022-02-10,16,285
2022-02-10,17,214
2022-02-10,18,153
2022-02-10,19,158
2022-02-10,20,139
2022-02-10,21,90
2022-02-10,22,64
2022-02-10,23,36
2022-02-11,0,23
2022-02-11,1,7
2022-02-11,2,12
2022-02-11,3,6
2022-02-11,4,11
2022-02-11,5,19
2022-02-11,6,31
2022-02-11,7,90
2022-02-11,8,180
2022-02-11,9,190
2022-02-11,10,160
2022-02-11,11,182
2022-02-11,12,208
2022-02-11,13,198
2022-02-11,14,197
2022-02-11,15,286
2022-02-11,16,237
2022-02-11,17,216
2022-02-11,18,188
2022-02-11,19,159
2022-02-11,20,110
2022-02-11,21,74
2022-02-11,22,55
2022-02-11,23,41
2022-02-12,0,38
2022-02-12,1,29
2022-02-12,2,19
2022-02-12,3,23
2022-02-12,4,20
2022-02-12,5,12
2022-02-12,6,20
2022-02-12,7,51
2022-02-12,8,76
2022-02-12,9,142
2022-02-12,10,134
2022-02-12,11,183
2022-02-12,12,200
2022-02-12,13,206
2022-02-12,14,183
2022-02-12,15,156
2022-02-12,16,270
2022-02-12,17,138
2022-02-12,18,151
2022-02-12,19,167
2022-02-12,20,102
2022-02-12,21,70
2022-02-12,22,61
2022-02-12,23,54
2022-02-13,0,41
2022-02-13,1,33
2022-02-13,2,23
2022-02-13,3,16
2022-02-13,4,17
2022-02-13,5,14
2022-02-13,6,13
2022-02-13,7,45
2022-02-13,8,46
2022-02-13,9,67
2022-02-13,10,95
2022-02-13,11,165
2022-02-13,12,163
2022-02-13,13,165
2022-02-13,14,188
2022-02-13,15,174
2022-02-13,16,147
2022-02-13,17,143
2022-02-13,18,175
2022-02-13,19,173
2022-02-13,20,72
2022-02-13,21,71
2022-02-13,22,52
2022-02-13,23,35
2022-02-14,0,17
2022-02-14,1,17
2022-02-14,2,9
2022-02-14,3,6
2022-02-14,4,9
2022-02-14,5,8
2022-02-14,6,32
2022-02-14,7,96
2022-02-14,8,152
2022-02-14,9,129
2022-02-14,10,166
2022-02-14,11,174
2022-02-14,12,204
2022-02-14,13,207
2022-02-14,14,253
2022-02-14,15,196
2022-02-14,16,213
2022-02-14,17,217
2022-02-14,18,173
2022-02-14,19,142
2022-02-14,20,90
2022-02-14,21,86
2022-02-14,22,60
2022-02-14,23,34
2022-02-15,0,20
2022-02-15,1,14
2022-02-15,2,9
2022-02-15,3,13
2022-02-15,4,8
2022-02-15,5,13
2022-02-15,6,42
2022-02-15,7,95
2022-02-15,8,173
2022-02-15,9,169
2022-02-15,10,177
2022-02-15,11,208
2022-02-15,12,187
2022-02-15,13,200
2022-02-15,14,193
2022-02-15,15,236
2022-02-15,16,253
2022-02-15,17,236
2022-02-15,18,185
2022-02-15,19,145
2022-02-15,20,131
2022-02-15,21,169
2022-02-15,22,67
2022-02-15,23,102
2022-02-16,0,14
2022-02-16,1,14
2022-02-16,2,11
2022-02-16,3,12
2022-02-16,4,15
2022-02-16,5,13
2022-02-16,6,33
2022-02-16,7,115
2022-02-16,8,178
2022-02-16,9,177
2022-02-16,10,156
2022-02-16,11,165
2022-02-16,12,210
2022-02-16,13,135
2022-02-16,14,133
2022-02-16,15,218
2022-02-16,16,204
2022-02-16,17,194
2022-02-16,18,121
2022-02-16,19,144
2022-02-16,20,124
2022-02-16,21,58
2022-02-16,22,80
2022-02-16,23,21
2022-02-17,0,20
2022-02-17,1,7
2022-02-17,2,6
2022-02-17,3,5
2022-02-17,4,10
2022-02-17,5,16
2022-02-17,6,37
2022-02-17,7,128
2022-02-17,8,188
2022-02-17,9,184
2022-02-17,10,179
2022-02-17,11,146
2022-02-17,12,127
2022-02-17,13,177
2022-02-17,14,194
2022-02-17,15,252
2022-02-17,16,248
2022-02-17,17,225
2022-02-17,18,191
2022-02-17,19,146
2022-02-17,20,87
2022-02-17,21,94
2022-02-17,22,85
2022-02-17,23,58
2022-02-18,0,24
2022-02-18,1,20
2022-02-18,2,7
2022-02-18,3,9
2022-02-18,4,9
2022-02-18,5,18
2022-02-18,6,37
2022-02-18,7,88
2022-02-18,8,161
2022-02-18,9,144
2022-02-18,10,114
2022-02-18,11,168
2022-02-18,12,174
2022-02-18,13,177
2022-02-18,14,193
2022-02-18,15,198
2022-02-18,16,184
2022-02-18,17,171
2022-02-18,18,137
2022-02-18,19,148
2022-02-18,20,99
2022-02-18,21,64
2022-02-18,22,49
2022-02-18,23,40
2022-02-19,0,50
2022-02-19,1,31
2022-02-19,2,19
2022-02-19,3,16
2022-02-19,4,11
2022-02-19,5,12
2022-02-19,6,21
2022-02-19,7,41
2022-02-19,8,56
2022-02-19,9,111
2022-02-19,10,123
2022-02-19,11,159
2022-02-19,12,182
2022-02-19,13,192
2022-02-19,14,158
2022-02-19,15,139
2022-02-19,16,163
2022-02-19,17,147
2022-02-19,18,169
2022-02-19,19,142
2022-02-19,20,80
2022-02-19,21,54
2022-02-19,22,45
2022-02-19,23,43
2022-02-20,0,46
2022-02-20,1,33
2022-02-20,2,19
2022-02-20,3,50
2022-02-20,4,16
2022-02-20,5,9
2022-02-20,6,12
2022-02-20,7,36
2022-02-20,8,39
2022-02-20,9,71
2022-02-20,10,89
2022-02-20,11,137
2022-02-20,12,148
2022-02-20,13,209
2022-02-20,14,151
2022-02-20,15,163
2022-02-20,16,134
2022-02-20,17,163
2022-02-20,18,123
2022-02-20,19,100
2022-02-20,20,87
2022-02-20,21,63
2022-02-20,22,41
2022-02-20,23,26
2022-02-21,0,18
2022-02-21,1,16
2022-02-21,2,9
2022-02-21,3,7
2022-02-21,4,3
2022-02-21,5,9
2022-02-21,6,30
2022-02-21,7,118
2022-02-21,8,144
2022-02-21,9,181
2022-02-21,10,153
2022-02-21,11,159
2022-02-21,12,205
2022-02-21,13,194
2022-02-21,14,176
2022-02-21,15,216
2022-02-21,16,213
2022-02-21,17,242
2022-02-21,18,170
2022-02-21,19,249
2022-02-21,20,125
2022-02-21,21,135
2022-02-21,22,45
2022-02-21,23,28
2022-02-22,0,15
2022-02-22,1,17
2022-02-22,2,8
2022-02-22,3,6
2022-02-22,4,7
2022-02-22,5,14
2022-02-22,6,38
2022-02-22,7,110
2022-02-22,8,185
2022-02-22,9,200
2022-02-22,10,135
2022-02-22,11,141
2022-02-22,12,180
2022-02-22,13,163
2022-02-22,14,164
2022-02-22,15,231
2022-02-22,16,282
2022-02-22,17,244
2022-02-22,18,208
2022-02-22,19,140
2022-02-22,20,131
2022-02-22,21,88
2022-02-22,22,122
2022-02-22,23,40
2022-02-23,0,15
2022-02-23,1,11
2022-02-23,2,8
2022-02-23,3,4
2022-02-23,4,7
2022-02-23,5,8
2022-02-23,6,30
2022-02-23,7,172
2022-02-23,8,176
2022-02-23,9,170
2022-02-23,10,141
2022-02-23,11,157
2022-02-23,12,163
2022-02-23,13,191
2022-02-23,14,200
2022-02-23,15,201
2022-02-23,16,280
2022-02-23,17,216
2022-02-23,18,166
2022-02-23,19,146
2022-02-23,20,101
2022-02-23,21,94
2022-02-23,22,63
2022-02-23,23,27
2022-02-24,0,19
2022-02-24,1,14
2022-02-24,2,11
2022-02-24,3,14
2022-02-24,4,5
2022-02-24,5,16
2022-02-24,6,47
2022-02-24,7,103
2022-02-24,8,161
2022-02-24,9,200
2022-02-24,10,143
2022-02-24,11,122
2022-02-24,12,171
2022-02-24,13,181
2022-02-24,14,153
2022-02-24,15,211
2022-02-24,16,244
2022-02-24,17,180
2022-02-24,18,151
2022-02-24,19,130
2022-02-24,20,96
2022-02-24,21,65
2022-02-24,22,61
2022-02-24,23,35
2022-02-25,0,24
2022-02-25,1,12
2022-02-25,2,10
2022-02-25,3,10
2022-02-25,4,8
2022-02-25,5,18
2022-02-25,6,31
2022-02-25,7,106
2022-02-25,8,211
2022-02-25,9,201
2022-02-25,10,167
2022-02-25,11,187
2022-02-25,12,185
2022-02-25,13,194
2022-02-25,14,228
2022-02-25,15,253
2022-02-25,16,295
2022-02-25,17,224
2022-02-25,18,177
2022-02-25,19,136
2022-02-25,20,141
2022-02-25,21,120
2022-02-25,22,61
2022-02-25,23,52
2022-02-26,0,40
2022-02-26,1,37
2022-02-26,2,21
2022-02-26,3,13
2022-02-26,4,14
2022-02-26,5,10
2022-02-26,6,15
2022-02-26,7,43
2022-02-26,8,83
2022-02-26,9,115
2022-02-26,10,149
2022-02-26,11,172
2022-02-26,12,257
2022-02-26,13,169
2022-02-26,14,208
2022-02-26,15,137
2022-02-26,16,180
2022-02-26,17,139
2022-02-26,18,166
2022-02-26,19,111
2022-02-26,20,93
2022-02-26,21,75
2022-02-26,22,51
2022-02-26,23,132
2022-02-27,0,39
2022-02-27,1,49
2022-02-27,2,27
2022-02-27,3,15
2022-02-27,4,13
2022-02-27,5,13
2022-02-27,6,18
2022-02-27,7,45
2022-02-27,8,52
2022-02-27,9,63
2022-02-27,10,113
2022-02-27,11,149
2022-02-27,12,151
2022-02-27,13,189
2022-02-27,14,224
2022-02-27,15,161
2022-02-27,16,152
2022-02-27,17,157
2022-02-27,18,127
2022-02-27,19,80
2022-02-27,20,90
2022-02-27,21,73
2022-02-27,22,37
2022-02-27,23,35
2022-02-28,0,6
2022-02-28,1,8
2022-02-28,2,15
2022-02-28,3,11
2022-02-28,4,10
2022-02-28,5,12
2022-02-28,6,25
2022-02-28,7,114
2022-02-28,8,149
2022-02-28,9,177
2022-02-28,10,134
2022-02-28,11,162
2022-02-28,12,184
2022-02-28,13,162
2022-02-28,14,166
2022-02-28,15,203
2022-02-28,16,217
2022-02-28,17,217
2022-02-28,18,152
2022-02-28,19,128
2022-02-28,20,104
2022-02-28,21,73
2022-02-28,22,53
2022-02-28,23,25
2022-03-01,0,16
2022-03-01,1,9
2022-03-01,2,7
2022-03-01,3,10
2022-03-01,4,7
2022-03-01,5,15
2022-03-01,6,42
2022-03-01,7,98
2022-03-01,8,182
2022-03-01,9,190
2022-03-01,10,179
2022-03-01,11,164
2022-03-01,12,167
2022-03-01,13,140
2022-03-01,14,180
2022-03-01,15,188
2022-03-01,16,254
2022-03-01,17,167
2022-03-01,18,180
2022-03-01,19,146
2022-03-01,20,114
2022-03-01,21,108
2022-03-01,22,50
2022-03-01,23,33
2022-03-02,0,14
2022-03-02,1,13
2022-03-02,2,8
2022-03-02,3,4
2022-03-02,4,6
2022-03-02,5,15
2022-03-02,6,38
2022-03-02,7,77
2022-03-02,8,181
2022-03-02,9,193
2022-03-02,10,136
2022-03-02,11,159
2022-03-02,12,202
2022-03-02,13,288
2022-03-02,14,175
2022-03-02,15,204
2022-03-02,16,246
2022-03-02,17,217
2022-03-02,18,157
2022-03-02,19,141
2022-03-02,20,90
2022-03-02,21,95
2022-03-02,22,74
2022-03-02,23,44
2022-03-03,0,9
2022-03-03,1,12
2022-03-03,2,13
2022-03-03,3,10
2022-03-03,4,4
2022-03-03,5,13
2022-03-03,6,23
2022-03-03,7,155
2022-03-03,8,178
2022-03-03,9,224
2022-03-03,10,151
2022-03-03,11,160
2022-03-03,12,162
2022-03-03,13,163
2022-03-03,14,159
2022-03-03,15,271
2022-03-03,16,241
2022-03-03,17,239
2022-03-03,18,168
2022-03-03,19,123
2022-03-03,20,102
2022-03-03,21,86
2022-03-03,22,65
2022-03-03,23,57
2022-03-04,0,26
2022-03-04,1,16
2022-03-04,2,16
2022-03-04,3,10
2022-03-04,4,8
2022-03-04,5,15
2022-03-04,6,35
2022-03-04,7,109
2022-03-04,8,179
2022-03-04,9,191
2022-03-04,10,141
2022-03-04,11,209
2022-03-04,12,226
2022-03-04,13,194
2022-03-04,14,237
2022-03-04,15,224
2022-03-04,16,264
2022-03-04,17,208
2022-03-04,18,166
2022-03-04,19,125
2022-03-04,20,134
2022-03-04,21,91
2022-03-04,22,78
2022-03-04,23,56
2022-03-05,0,38
2022-03-05,1,33
2022-03-05,2,18
2022-03-05,3,16
2022-03-05,4,17
2022-03-05,5,12
2022-03-05,6,25
2022-03-05,7,46
2022-03-05,8,79
2022-03-05,9,129
2022-03-05,10,205
2022-03-05,11,168
2022-03-05,12,216
2022-03-05,13,211
2022-03-05,14,156
2022-03-05,15,158
2022-03-05,16,148
2022-03-05,17,165
2022-03-05,18,164
2022-03-05,19,147
2022-03-05,20,84
2022-03-05,21,75
2022-03-05,22,62
2022-03-05,23,58
2022-03-06,0,42
2022-03-06,1,41
2022-03-06,2,34
2022-03-06,3,11
2022-03-06,4,16
2022-03-06,5,17
2022-03-06,6,24
2022-03-06,7,48
2022-03-06,8,54
2022-03-06,9,82
2022-03-06,10,126
2022-03-06,11,166
2022-03-06,12,148
2022-03-06,13,146
2022-03-06,14,162
2022-03-06,15,99
2022-03-06,16,135
2022-03-06,17,118
2022-03-06,18,115
2022-03-06,19,128
2022-03-06,20,80
2022-03-06,21,50
2022-03-06,22,40
2022-03-06,23,46
2022-03-07,0,19
2022-03-07,1,23
2022-03-07,2,6
2022-03-07,3,10
2022-03-07,4,10
2022-03-07,5,13
2022-03-07,6,34
2022-03-07,7,92
2022-03-07,8,147
2022-03-07,9,173
2022-03-07,10,136
2022-03-07,11,156
2022-03-07,12,167
2022-03-07,13,181
2022-03-07,14,192
2022-03-07,15,221
2022-03-07,16,269
2022-03-07,17,245
2022-03-07,18,145
2022-03-07,19,127
2022-03-07,20,93
2022-03-07,21,94
2022-03-07,22,50
2022-03-07,23,55
2022-03-08,0,36
2022-03-08,1,22
2022-03-08,2,5
2022-03-08,3,7
2022-03-08,4,8
2022-03-08,5,22
2022-03-08,6,43
2022-03-08,7,98
2022-03-08,8,177
2022-03-08,9,147
2022-03-08,10,118
2022-03-08,11,180
2022-03-08,12,159
2022-03-08,13,170
2022-03-08,14,180
2022-03-08,15,223
2022-03-08,16,256
2022-03-08,17,228
2022-03-08,18,173
2022-03-08,19,144
2022-03-08,20,97
2022-03-08,21,82
2022-03-08,22,71
2022-03-08,23,30
2022-03-09,0,17
2022-03-09,1,10
2022-03-09,2,9
2022-03-09,3,4
2022-03-09,4,6
2022-03-09,5,17
2022-03-09,6,37
2022-03-09,7,108
2022-03-09,8,196
2022-03-09,9,170
2022-03-09,10,174
2022-03-09,11,200
2022-03-09,12,218
2022-03-09,13,182
2022-03-09,14,189
2022-03-09,15,204
2022-03-09,16,234
2022-03-09,17,258
2022-03-09,18,202
2022-03-09,19,140
2022-03-09,20,88
2022-03-09,21,100
2022-03-09,22,74
2022-03-09,23,34
2022-03-10,0,20
2022-03-10,1,10
2022-03-10,2,9
2022-03-10,3,8
2022-03-10,4,10
2022-03-10,5,13
2022-03-10,6,33
2022-03-10,7,123
2022-03-10,8,146
2022-03-10,9,186
2022-03-10,10,139
2022-03-10,11,132
2022-03-10,12,180
2022-03-10,13,186
2022-03-10,14,187
2022-03-10,15,249
2022-03-10,16,259
2022-03-10,17,229
2022-03-10,18,165
2022-03-10,19,151
2022-03-10,20,107
2022-03-10,21,83
2022-03-10,22,71
2022-03-10,23,45
2022-03-11,0,22
2022-03-11,1,21
2022-03-11,2,11
2022-03-11,3,6
2022-03-11,4,7
2022-03-11,5,25
2022-03-11,6,38
2022-03-11,7,113
2022-03-11,8,145
2022-03-11,9,190
2022-03-11,10,166
2022-03-11,11,173
2022-03-11,12,204
2022-03-11,13,192
2022-03-11,14,227
2022-03-11,15,243
2022-03-11,16,234
2022-03-11,17,218
2022-03-11,18,151
2022-03-11,19,144
2022-03-11,20,112
2022-03-11,21,71
2022-03-11,22,74
2022-03-11,23,43
2022-03-12,0,34
2022-03-12,1,34
2022-03-12,2,17
2022-03-12,3,11
2022-03-12,4,10
2022-03-12,5,12
2022-03-12,6,24
2022-03-12,7,78
2022-03-12,8,80
2022-03-12,9,110
2022-03-12,10,152
2022-03-12,11,162
2022-03-12,12,170
2022-03-12,13,165
2022-03-12,14,168
2022-03-12,15,156
2022-03-12,16,166
2022-03-12,17,135
2022-03-12,18,108
2022-03-12,19,116
2022-03-12,20,55
2022-03-12,21,79
2022-03-12,22,53
2022-03-12,23,30
2022-03-13,0,34
2022-03-13,1,42
2022-03-13,2,23
2022-03-13,3,15
2022-03-13,4,14
2022-03-13,5,15
2022-03-13,6,17
2022-03-13,7,44
2022-03-13,8,46
2022-03-13,9,81
2022-03-13,10,96
2022-03-13,11,118
2022-03-13,12,166
2022-03-13,13,142
2022-03-13,14,171
2022-03-13,15,139
2022-03-13,16,130
2022-03-13,17,113
2022-03-13,18,128
2022-03-13,19,111
2022-03-13,20,100
2022-03-13,21,53
2022-03-13,22,44
2022-03-13,23,34
2022-03-14,0,17
2022-03-14,1,14
2022-03-14,2,11
2022-03-14,3,6
2022-03-14,4,8
2022-03-14,5,10
2022-03-14,6,34
2022-03-14,7,104
2022-03-14,8,152
2022-03-14,9,173
2022-03-14,10,139
2022-03-14,11,146
2022-03-14,12,167
2022-03-14,13,159
2022-03-14,14,171
2022-03-14,15,243
2022-03-14,16,257
2022-03-14,17,228
2022-03-14,18,165
2022-03-14,19,129
2022-03-14,20,109
2022-03-14,21,77
2022-03-14,22,60
2022-03-14,23,33
2022-03-15,0,14
2022-03-15,1,15
2022-03-15,2,5
2022-03-15,3,11
2022-03-15,4,8
2022-03-15,5,16
2022-03-15,6,39
2022-03-15,7,98
2022-03-15,8,173
2022-03-15,9,184
2022-03-15,10,150
2022-03-15,11,151
2022-03-15,12,191
2022-03-15,13,144
2022-03-15,14,149
2022-03-15,15,221
2022-03-15,16,255
2022-03-15,17,194
2022-03-15,18,174
2022-03-15,19,153
2022-03-15,20,113
2022-03-15,21,89
2022-03-15,22,63
2022-03-15,23,33
2022-03-16,0,17
2022-03-16,1,12
2022-03-16,2,7
2022-03-16,3,6
2022-03-16,4,14
2022-03-16,5,18
2022-03-16,6,40
2022-03-16,7,109
2022-03-16,8,156
2022-03-16,9,185
2022-03-16,10,130
2022-03-16,11,155
2022-03-16,12,187
2022-03-16,13,200
2022-03-16,14,165
2022-03-16,15,208
2022-03-16,16,255
2022-03-16,17,228
2022-03-16,18,177
2022-03-16,19,152
2022-03-16,20,106
2022-03-16,21,93
2022-03-16,22,57
2022-03-16,23,36
2022-03-17,0,18
2022-03-17,1,15
2022-03-17,2,12
2022-03-17,3,4
2022-03-17,4,5
2022-03-17,5,12
2022-03-17,6,42
2022-03-17,7,111
2022-03-17,8,157
2022-03-17,9,192
2022-03-17,10,156
2022-03-17,11,171
2022-03-17,12,173
2022-03-17,13,174
2022-03-17,14,195
2022-03-17,15,220
2022-03-17,16,264
2022-03-17,17,242
2022-03-17,18,184
2022-03-17,19,144
2022-03-17,20,144
2022-03-17,21,100
2022-03-17,22,92
2022-03-17,23,42
2022-03-18,0,18
2022-03-18,1,24
2022-03-18,2,17
2022-03-18,3,22
2022-03-18,4,17
2022-03-18,5,16
2022-03-18,6,36
2022-03-18,7,89
2022-03-18,8,157
2022-03-18,9,183
2022-03-18,10,164
2022-03-18,11,179
2022-03-18,12,193
2022-03-18,13,186
2022-03-18,14,187
2022-03-18,15,242
2022-03-18,16,242
2022-03-18,17,196
2022-03-18,18,162
2022-03-18,19,163
2022-03-18,20,117
2022-03-18,21,78
2022-03-18,22,69
2022-03-18,23,57
2022-03-19,0,51
2022-03-19,1,27
2022-03-19,2,20
2022-03-19,3,22
2022-03-19,4,19
2022-03-19,5,9
2022-03-19,6,27
2022-03-19,7,56
2022-03-19,8,68
2022-03-19,9,150
2022-03-19,10,131
2022-03-19,11,207
2022-03-19,12,187
2022-03-19,13,197
2022-03-19,14,147
2022-03-19,15,150
2022-03-19,16,157
2022-03-19,17,159
2022-03-19,18,140
2022-03-19,19,142
2022-03-19,20,94
2022-03-19,21,79
2022-03-19,22,91
2022-03-19,23,40
2022-03-20,0,55
2022-03-20,1,40
2022-03-20,2,31
2022-03-20,3,21
2022-03-20,4,15
2022-03-20,5,8
2022-03-20,6,19
2022-03-20,7,38
2022-03-20,8,65
2022-03-20,9,67
2022-03-20,10,114
2022-03-20,11,125
2022-03-20,12,153
2022-03-20,13,184
2022-03-20,14,164
2022-03-20,15,160
2022-03-20,16,157
2022-03-20,17,120
2022-03-20,18,123
2022-03-20,19,116
2022-03-20,20,84
2022-03-20,21,67
2022-03-20,22,48
2022-03-20,23,28
2022-03-21,0,19
2022-03-21,1,15
2022-03-21,2,6
2022-03-21,3,6
2022-03-21,4,6
2022-03-21,5,12
2022-03-21,6,29
2022-03-21,7,101
2022-03-21,8,164
2022-03-21,9,185
2022-03-21,10,129
2022-03-21,11,139
2022-03-21,12,178
2022-03-21,13,169
2022-03-21,14,159
2022-03-21,15,186
2022-03-21,16,240
2022-03-21,17,228
2022-03-21,18,142
2022-03-21,19,120
2022-03-21,20,88
2022-03-21,21,73
2022-03-21,22,42
2022-03-21,23,33
2022-03-22,0,17
2022-03-22,1,7
2022-03-22,2,4
2022-03-22,3,11
2022-03-22,4,9
2022-03-22,5,17
2022-03-22,6,36
2022-03-22,7,121
2022-03-22,8,167
2022-03-22,9,189
2022-03-22,10,140
2022-03-22,11,152
2022-03-22,12,175
2022-03-22,13,166
2022-03-22,14,201
2022-03-22,15,240
2022-03-22,16,344
2022-03-22,17,348
2022-03-22,18,299
2022-03-22,19,163
2022-03-22,20,105
2022-03-22,21,94
2022-03-22,22,45
2022-03-22,23,34
2022-03-23,0,10
2022-03-23,1,8
2022-03-23,2,10
2022-03-23,3,5
2022-03-23,4,9
2022-03-23,5,10
2022-03-23,6,33
2022-03-23,7,86
2022-03-23,8,261
2022-03-23,9,242
2022-03-23,10,157
2022-03-23,11,211
2022-03-23,12,245
2022-03-23,13,247
2022-03-23,14,267
2022-03-23,15,287
2022-03-23,16,342
2022-03-23,17,336
2022-03-23,18,246
2022-03-23,19,180
2022-03-23,20,100
2022-03-23,21,84
2022-03-23,22,67
2022-03-23,23,32
2022-03-24,0,24
2022-03-24,1,19
2022-03-24,2,11
2022-03-24,3,7
2022-03-24,4,8
2022-03-24,5,12
2022-03-24,6,45
2022-03-24,7,99
2022-03-24,8,241
2022-03-24,9,234
2022-03-24,10,179
2022-03-24,11,158
2022-03-24,12,232
2022-03-24,13,199
2022-03-24,14,257
2022-03-24,15,301
2022-03-24,16,321
2022-03-24,17,312
2022-03-24,18,234
2022-03-24,19,162
2022-03-24,20,104
2022-03-24,21,101
2022-03-24,22,64
2022-03-24,23,45
2022-03-25,0,18
2022-03-25,1,20
2022-03-25,2,10
2022-03-25,3,6
2022-03-25,4,8
2022-03-25,5,18
2022-03-25,6,35
2022-03-25,7,98
2022-03-25,8,227
2022-03-25,9,262
2022-03-25,10,196
2022-03-25,11,243
2022-03-25,12,316
2022-03-25,13,210
2022-03-25,14,195
2022-03-25,15,215
2022-03-25,16,249
2022-03-25,17,190
2022-03-25,18,151
2022-03-25,19,176
2022-03-25,20,101
2022-03-25,21,83
2022-03-25,22,76
2022-03-25,23,46
2022-03-26,0,46
2022-03-26,1,32
2022-03-26,2,23
2022-03-26,3,15
2022-03-26,4,16
2022-03-26,5,6
2022-03-26,6,23
2022-03-26,7,50
2022-03-26,8,86
2022-03-26,9,112
2022-03-26,10,191
2022-03-26,11,167
2022-03-26,12,271
2022-03-26,13,256
2022-03-26,14,220
2022-03-26,15,230
2022-03-26,16,133
2022-03-26,17,162
2022-03-26,18,131
2022-03-26,19,115
2022-03-26,20,106
2022-03-26,21,67
2022-03-26,22,56
2022-03-26,23,56
2022-03-27,0,59
2022-03-27,1,27
2022-03-27,2,28
2022-03-27,3,15
2022-03-27,4,13
2022-03-27,5,14
2022-03-27,6,39
2022-03-27,7,53
2022-03-27,8,76
2022-03-27,9,108
2022-03-27,10,127
2022-03-27,11,239
2022-03-27,12,186
2022-03-27,13,208
2022-03-27,14,183
2022-03-27,15,165
2022-03-27,16,142
2022-03-27,17,131
2022-03-27,18,130
2022-03-27,19,99
2022-03-27,20,73
2022-03-27,21,60
2022-03-27,22,36
2022-03-27,23,39
2022-03-28,0,16
2022-03-28,1,6
2022-03-28,2,8
2022-03-28,3,7
2022-03-28,4,14
2022-03-28,5,37
2022-03-28,6,84
2022-03-28,7,192
2022-03-28,8,210
2022-03-28,9,142
2022-03-28,10,168
2022-03-28,11,173
2022-03-28,12,209
2022-03-28,13,242
2022-03-28,14,259
2022-03-28,15,291
2022-03-28,16,299
2022-03-28,17,175
2022-03-28,18,129
2022-03-28,19,100
2022-03-28,20,74
2022-03-28,21,49
2022-03-28,22,28
2022-03-28,23,100
2022-03-29,0,171
2022-03-29,1,6
2022-03-29,2,4
2022-03-29,3,6
2022-03-29,4,9
2022-03-29,5,26
2022-03-29,6,88
2022-03-29,7,178
2022-03-29,8,166
2022-03-29,9,147
2022-03-29,10,162
2022-03-29,11,205
2022-03-29,12,153
2022-03-29,13,210
2022-03-29,14,272
2022-03-29,15,284
2022-03-29,16,312
2022-03-29,17,230
2022-03-29,18,164
2022-03-29,19,103
2022-03-29,20,84
2022-03-29,21,54
2022-03-29,22,44
2022-03-29,23,21
2022-03-30,0,8
2022-03-30,1,15
2022-03-30,2,8
2022-03-30,3,3
2022-03-30,4,8
2022-03-30,5,33
2022-03-30,6,110
2022-03-30,7,150
2022-03-30,8,154
2022-03-30,9,114
2022-03-30,10,179
2022-03-30,11,184
2022-03-30,12,207
2022-03-30,13,184
2022-03-30,14,224
2022-03-30,15,231
2022-03-30,16,221
2022-03-30,17,177
2022-03-30,18,121
2022-03-30,19,116
2022-03-30,20,107
2022-03-30,21,70
2022-03-30,22,33
2022-03-30,23,14
2022-03-31,0,12
2022-03-31,1,12
2022-03-31,2,13
2022-03-31,3,5
2022-03-31,4,10
2022-03-31,5,35
2022-03-31,6,86
2022-03-31,7,130
2022-03-31,8,176
2022-03-31,9,147
2022-03-31,10,155
2022-03-31,11,178
2022-03-31,12,178
2022-03-31,13,181
2022-03-31,14,217
2022-03-31,15,233
2022-03-31,16,213
2022-03-31,17,200
2022-03-31,18,153
2022-03-31,19,120
2022-03-31,20,97
2022-03-31,21,79
2022-03-31,22,39
2022-03-31,23,28
2022-04-01,0,16
2022-04-01,1,12
2022-04-01,2,4
2022-04-01,3,0
2022-04-01,4,17
2022-04-01,5,30
2022-04-01,6,112
2022-04-01,7,266
2022-04-01,8,247
2022-04-01,9,164
2022-04-01,10,226
2022-04-01,11,265
2022-04-01,12,196
2022-04-01,13,247
2022-04-01,14,203
2022-04-01,15,257
2022-04-01,16,211
2022-04-01,17,244
2022-04-01,18,233
2022-04-01,19,98
2022-04-01,20,90
2022-04-01,21,75
2022-04-01,22,56
2022-04-01,23,46
2022-04-02,0,36
2022-04-02,1,17
2022-04-02,2,16
2022-04-02,3,4
2022-04-02,4,16
2022-04-02,5,21
2022-04-02,6,182
2022-04-02,7,111
2022-04-02,8,247
2022-04-02,9,149
2022-04-02,10,150
2022-04-02,11,144
2022-04-02,12,225
2022-04-02,13,165
2022-04-02,14,149
2022-04-02,15,149
2022-04-02,16,156
2022-04-02,17,140
2022-04-02,18,206
2022-04-02,19,98
2022-04-02,20,61
2022-04-02,21,63
2022-04-02,22,61
2022-04-02,23,40
2022-04-03,0,34
2022-04-03,1,21
2022-04-03,2,19
2022-04-03,3,16
2022-04-03,4,10
2022-04-03,5,16
2022-04-03,6,38
2022-04-03,7,47
2022-04-03,8,77
2022-04-03,9,104
2022-04-03,10,122
2022-04-03,11,125
2022-04-03,12,128
2022-04-03,13,136
2022-04-03,14,141
2022-04-03,15,126
2022-04-03,16,120
2022-04-03,17,97
2022-04-03,18,97
2022-04-03,19,77
2022-04-03,20,45
2022-04-03,21,44
2022-04-03,22,31
2022-04-03,23,18
2022-04-04,0,20
2022-04-04,1,11
2022-04-04,2,9
2022-04-04,3,8
2022-04-04,4,12
2022-04-04,5,31
2022-04-04,6,79
2022-04-04,7,109
2022-04-04,8,120
2022-04-04,9,154
2022-04-04,10,174
2022-04-04,11,167
2022-04-04,12,158
2022-04-04,13,166
2022-04-04,14,171
2022-04-04,15,201
2022-04-04,16,207
2022-04-04,17,157
2022-04-04,18,133
2022-04-04,19,89
2022-04-04,20,65
2022-04-04,21,46
2022-04-04,22,27
2022-04-04,23,16
2022-04-05,0,14
2022-04-05,1,11
2022-04-05,2,3
2022-04-05,3,6
2022-04-05,4,11
2022-04-05,5,35
2022-04-05,6,90
2022-04-05,7,157
2022-04-05,8,121
2022-04-05,9,160
2022-04-05,10,142
2022-04-05,11,157
2022-04-05,12,158
2022-04-05,13,183
2022-04-05,14,192
2022-04-05,15,210
2022-04-05,16,202
2022-04-05,17,153
2022-04-05,18,135
2022-04-05,19,79
2022-04-05,20,70
2022-04-05,21,59
2022-04-05,22,32
2022-04-05,23,17
2022-04-06,0,13
2022-04-06,1,13
2022-04-06,2,7
2022-04-06,3,8
2022-04-06,4,15
2022-04-06,5,39
2022-04-06,6,91
2022-04-06,7,116
2022-04-06,8,109
2022-04-06,9,138
2022-04-06,10,196
2022-04-06,11,162
2022-04-06,12,152
2022-04-06,13,152
2022-04-06,14,198
2022-04-06,15,233
2022-04-06,16,199
2022-04-06,17,154
2022-04-06,18,128
2022-04-06,19,83
2022-04-06,20,80
2022-04-06,21,62
2022-04-06,22,34
2022-04-06,23,17
2022-04-07,0,15
2022-04-07,1,6
2022-04-07,2,10
2022-04-07,3,7
2022-04-07,4,18
2022-04-07,5,38
2022-04-07,6,94
2022-04-07,7,137
2022-04-07,8,142
2022-04-07,9,157
2022-04-07,10,160
2022-04-07,11,157
2022-04-07,12,181
2022-04-07,13,166
2022-04-07,14,166
2022-04-07,15,218
2022-04-07,16,194
2022-04-07,17,161
2022-04-07,18,144
2022-04-07,19,99
2022-04-07,20,76
2022-04-07,21,68
2022-04-07,22,38
2022-04-07,23,12
2022-04-08,0,16
2022-04-08,1,12
2022-04-08,2,6
2022-04-08,3,8
2022-04-08,4,14
2022-04-08,5,33
2022-04-08,6,95
2022-04-08,7,137
2022-04-08,8,124
2022-04-08,9,144
2022-04-08,10,172
2022-04-08,11,178
2022-04-08,12,172
2022-04-08,13,194
2022-04-08,14,208
2022-04-11,7,120
2022-04-11,8,97
2022-04-11,9,136
2022-04-11,10,165
2022-04-11,11,151
2022-04-11,12,161
2022-04-11,13,166
2022-04-11,14,176
2022-04-11,15,223
2022-04-11,16,192
2022-04-11,17,140
2022-04-11,18,124
2022-04-11,19,91
2022-04-11,20,70
2022-04-11,21,45
2022-04-11,22,39
2022-04-11,23,17
2022-04-12,0,13
2022-04-12,1,7
2022-04-12,2,7
2022-04-12,3,8
2022-04-12,4,11
2022-04-12,5,35
2022-04-12,6,100
2022-04-12,7,135
2022-04-12,8,159
2022-04-12,9,157
2022-04-12,10,175
2022-04-12,11,180
2022-04-12,12,197
2022-04-12,13,157
2022-04-12,14,182
2022-04-12,15,211
2022-04-12,16,236
2022-04-12,17,191
2022-04-12,18,149
2022-04-12,19,112
2022-04-12,20,78
2022-04-12,21,44
2022-04-12,22,30
2022-04-12,23,25
2022-04-13,0,8
2022-04-13,1,8
2022-04-13,2,6
2022-04-13,3,7
2022-04-13,4,20
2022-04-13,5,37
2022-04-13,6,90
2022-04-13,7,128
2022-04-13,8,116
2022-04-13,9,146
2022-04-13,10,160
2022-04-13,11,178
2022-04-13,12,189
2022-04-13,13,172
2022-04-13,14,203
2022-04-13,15,247
2022-04-13,16,213
2022-04-13,17,181
2022-04-13,18,137
2022-04-13,19,100
2022-04-13,20,78
2022-04-13,21,79
2022-04-13,22,49
2022-04-13,23,30
2022-04-14,0,10
2022-04-14,1,7
2022-04-14,2,5
2022-04-14,3,5
2022-04-14,4,13
2022-04-14,5,31
2022-04-14,6,93
2022-04-14,7,138
2022-04-14,8,148
2022-04-14,9,189
2022-04-14,10,202
2022-04-14,11,183
2022-04-14,12,182
2022-04-14,13,181
2022-04-14,14,182
2022-04-14,15,228
2022-04-14,16,202
2022-04-14,17,199
2022-04-14,18,172
2022-04-14,19,109
2022-04-14,20,80
2022-04-14,21,58
2022-04-14,22,66
2022-04-14,23,42
2022-04-15,0,23
2022-04-15,1,14
2022-04-15,2,10
2022-04-15,3,15
2022-04-15,4,12
2022-04-15,5,32
2022-04-15,6,69
2022-04-15,7,81
2022-04-15,8,135
2022-04-15,9,123
2022-04-15,10,158
2022-04-15,11,177
2022-04-15,12,183
2022-04-15,13,177
2022-04-15,14,198
2022-04-15,15,193
2022-04-15,16,164
2022-04-15,17,154
2022-04-15,18,118
2022-04-15,19,114
2022-04-15,20,88
2022-04-15,21,81
2022-04-15,22,61
2022-04-15,23,49
2022-04-16,0,24
2022-04-16,1,10
2022-04-16,2,17
2022-04-16,3,12
2022-04-16,4,10
2022-04-16,5,21
2022-04-16,6,46
2022-04-16,7,61
2022-04-16,8,118
2022-04-16,9,139
2022-04-16,10,141
2022-04-16,11,134
2022-04-16,12,159
2022-04-16,13,152
2022-04-16,14,158
2022-04-16,15,152
2022-04-16,16,127
2022-04-16,17,135
2022-04-16,18,120
2022-04-16,19,108
2022-04-16,20,79
2022-04-16,21,74
2022-04-16,22,43
2022-04-16,23,42
2022-04-17,0,38
2022-04-17,1,22
2022-04-17,2,16
2022-04-17,3,11
2022-04-17,4,16
2022-04-17,5,16
2022-04-17,6,27
2022-04-17,7,31
2022-04-17,8,54
2022-04-17,9,93
2022-04-17,10,116
2022-04-17,11,161
2022-04-17,12,177
2022-04-17,13,112
2022-04-17,14,126
2022-04-17,15,116
2022-04-17,16,126
2022-04-17,17,101
2022-04-17,18,90
2022-04-17,19,77
2022-04-17,20,63
2022-04-17,21,49
2022-04-17,22,41
2022-04-17,23,33
2022-04-18,0,25
2022-04-18,1,14
2022-04-18,2,10
2022-04-18,3,14
2022-04-18,4,15
2022-04-18,5,19
2022-04-18,6,56
2022-04-18,7,56
2022-04-18,8,68
2022-04-18,9,109
2022-04-18,10,116
2022-04-18,11,123
2022-04-18,12,138
2022-04-18,13,140
2022-04-18,14,151
2022-04-18,15,157
2022-04-18,16,148
2022-04-18,17,159
2022-04-18,18,97
2022-04-18,19,100
2022-04-18,20,62
2022-04-18,21,58
2022-04-18,22,31
2022-04-18,23,24
2022-04-19,0,14
2022-04-19,1,9
2022-04-19,2,10
2022-04-19,3,6
2022-04-19,4,13
2022-04-19,5,40
2022-04-19,6,99
2022-04-19,7,204
2022-04-19,8,187
2022-04-19,9,133
2022-04-19,10,198
2022-04-19,11,268
2022-04-19,12,254
2022-04-19,13,256
2022-04-19,14,256
2022-04-19,15,260
2022-04-19,16,216
2022-04-19,17,236
2022-04-19,18,146
2022-04-19,19,104
2022-04-19,20,81
2022-04-19,21,55
2022-04-19,22,32
2022-04-19,23,21
2022-04-20,0,13
2022-04-20,1,3
2022-04-20,2,4
2022-04-20,3,7
2022-04-20,4,16
2022-04-20,5,34
2022-04-20,6,106
2022-04-20,7,196
2022-04-20,8,201
2022-04-20,9,208
2022-04-20,10,160
2022-04-20,11,163
2022-04-20,12,180
2022-04-20,13,215
2022-04-20,14,222
2022-04-20,15,234
2022-04-20,16,240
2022-04-20,17,247
2022-04-20,18,144
2022-04-20,19,107
2022-04-20,20,93
2022-04-20,21,62
2022-04-20,22,43
2022-04-20,23,21
2022-04-21,0,15
2022-04-21,1,10
2022-04-21,2,7
2022-04-21,3,11
2022-04-21,4,11
2022-04-21,5,36
2022-04-21,6,96
2022-04-21,7,172
2022-04-21,8,190
2022-04-21,9,164
2022-04-21,10,164
2022-04-21,11,199
2022-04-21,12,184
2022-04-21,13,190
2022-04-21,14,212
2022-04-21,15,242
2022-04-21,16,213
2022-04-21,17,250
2022-04-21,18,204
2022-04-21,19,182
2022-04-21,20,98
2022-04-21,21,75
2022-04-21,22,42
2022-04-21,23,27
2022-04-22,0,12
2022-04-22,1,12
2022-04-22,2,4
2022-04-22,3,0
2022-04-22,4,16
2022-04-22,5,35
2022-04-22,6,101
2022-04-22,7,180
2022-04-22,8,292
2022-04-22,9,136
2022-04-22,10,221
2022-04-22,11,166
2022-04-22,12,184
2022-04-22,13,192
2022-04-22,14,233
2022-04-22,15,221
2022-04-22,16,211
2022-04-22,17,179
2022-04-22,18,161
2022-04-22,19,125
2022-04-22,20,77
2022-04-22,21,102
2022-04-22,22,72
2022-04-22,23,60
2022-04-23,0,43
2022-04-23,1,24
2022-04-23,2,17
2022-04-23,3,11
2022-04-23,4,14
2022-04-23,5,14
2022-04-23,6,52
2022-04-23,7,69
2022-04-23,8,120
2022-04-23,9,151
2022-04-23,10,157
2022-04-23,11,175
2022-04-23,12,189
2022-04-23,13,142
2022-04-23,14,151
2022-04-23,15,143
2022-04-23,16,152
2022-04-23,17,149
2022-04-23,18,125
2022-04-23,19,105
2022-04-23,20,72
2022-04-23,21,80
2022-04-23,22,65
2022-04-23,23,46
2022-04-24,0,38
2022-04-24,1,23
2022-04-24,2,13
2022-04-24,3,8
2022-04-24,4,14
2022-04-24,5,20
2022-04-24,6,36
2022-04-24,7,60
2022-04-24,8,71
2022-04-24,9,109
2022-04-24,10,112
2022-04-24,11,157
2022-04-24,12,151
2022-04-24,13,156
2022-04-24,14,138
2022-04-24,15,136
2022-04-24,16,120
2022-04-24,17,118
2022-04-24,18,97
2022-04-24,19,90
2022-04-24,20,57
2022-04-24,21,48
2022-04-24,22,28
2022-04-24,23,33
2022-04-25,0,15
2022-04-25,1,4
2022-04-25,2,8
2022-04-25,3,7
2022-04-25,4,15
2022-04-25,5,35
2022-04-25,6,102
2022-04-25,7,136
2022-04-25,8,164
2022-04-25,9,138
2022-04-25,10,148
2022-04-25,11,194
2022-04-25,12,163
2022-04-25,13,177
2022-04-25,14,203
2022-04-25,15,255
2022-04-25,16,240
2022-04-25,17,204
2022-04-25,18,140
2022-04-25,19,103
2022-04-25,20,93
2022-04-25,21,46
2022-04-25,22,37
2022-04-25,23,25
2022-04-26,0,19
2022-04-26,1,3
2022-04-26,2,4
2022-04-26,3,9
2022-04-26,4,9
2022-04-26,5,38
2022-04-26,6,101
2022-04-26,7,151
2022-04-26,8,154
2022-04-26,9,143
2022-04-26,10,111
2022-04-26,11,150
2022-04-26,12,152
2022-04-26,13,129
2022-04-26,14,200
2022-04-26,15,194
2022-04-26,16,237
2022-04-26,17,212
2022-04-26,18,153
2022-04-26,19,117
2022-04-26,20,86
2022-04-26,21,63
2022-04-26,22,41
2022-04-26,23,25
2022-04-27,0,19
2022-04-27,1,8
2022-04-27,2,6
2022-04-27,3,11
2022-04-27,4,12
2022-04-27,5,33
2022-04-27,6,96
2022-04-27,7,168
2022-04-27,8,155
2022-04-27,9,124
2022-04-27,10,145
2022-04-27,11,175
2022-04-27,12,159
2022-04-27,13,154
2022-04-27,14,197
2022-04-27,15,221
2022-04-27,16,231
2022-04-27,17,208
2022-04-27,18,144
2022-04-27,19,120
2022-04-27,20,72
2022-04-27,21,79
2022-04-27,22,52
2022-04-27,23,20
2022-04-28,0,13
2022-04-28,1,10
2022-04-28,2,5
2022-04-28,3,8
2022-04-28,4,14
2022-04-28,5,37
2022-04-28,6,110
2022-04-28,7,192
2022-04-28,8,213
2022-04-28,9,144
2022-04-28,10,156
2022-04-28,11,166
2022-04-28,12,151
2022-04-28,13,179
2022-04-28,14,186
2022-04-28,15,257
2022-04-28,16,259
2022-04-28,17,199
2022-04-28,18,147
2022-04-28,19,114
2022-04-28,20,83
2022-04-28,21,63
2022-04-28,22,57
2022-04-28,23,31
2022-04-29,0,17
2022-04-29,1,14
2022-04-29,2,7
2022-04-29,3,9
2022-04-29,4,13
2022-04-29,5,33
2022-04-29,6,107
2022-04-29,7,148
2022-04-29,8,191
2022-04-29,9,142
2022-04-29,10,182
2022-04-29,11,216
2022-04-29,12,192
2022-04-29,13,196
2022-04-29,14,235
2022-04-29,15,245
2022-04-29,16,245
2022-04-29,17,172
2022-04-29,18,146
2022-04-29,19,93
2022-04-29,20,92
2022-04-29,21,67
2022-04-29,22,61
2022-04-29,23,51
2022-04-30,0,40
2022-04-30,1,27
2022-04-30,2,14
2022-04-30,3,14
2022-04-30,4,14
2022-04-30,5,24
2022-04-30,6,52
2022-04-30,7,70
2022-04-30,8,88
2022-04-30,9,145
2022-04-30,10,165
2022-04-30,11,167
2022-04-30,12,156
2022-04-30,13,175
2022-04-30,14,155
2022-04-30,15,175
2022-04-30,16,148
2022-04-30,17,119
2022-04-30,18,114
2022-04-30,19,99
2022-04-30,20,72
2022-04-30,21,54
2022-04-30,22,59
2022-04-30,23,51
2022-05-01,0,37
2022-05-01,1,25
2022-05-01,2,18
2022-05-01,3,15
2022-05-01,4,8
2022-05-01,5,15
2022-05-01,6,36
2022-05-01,7,38
2022-05-01,8,78
2022-05-01,9,115
2022-05-01,10,116
2022-05-01,11,127
2022-05-01,12,146
2022-05-01,13,132
2022-05-01,14,163
2022-05-01,15,148
2022-05-01,16,120
2022-05-01,17,104
2022-05-01,18,108
2022-05-01,19,73
2022-05-01,20,50
2022-05-01,21,58
2022-05-01,22,34
2022-05-01,23,31
2022-05-02,0,19
2022-05-02,1,14
2022-05-02,2,13
2022-05-02,3,14
2022-05-02,4,14
2022-05-02,5,24
2022-05-02,6,59
2022-05-02,7,72
2022-05-02,8,88
2022-05-02,9,133
2022-05-02,10,119
2022-05-02,11,165
2022-05-02,12,144
2022-05-02,13,156
2022-05-02,14,161
2022-05-02,15,164
2022-05-02,16,131
2022-05-02,17,98
2022-05-02,18,115
2022-05-02,19,92
2022-05-02,20,89
2022-05-02,21,52
2022-05-02,22,36
2022-05-02,23,20
2022-05-03,0,6
2022-05-03,1,7
2022-05-03,2,7
2022-05-03,3,9
2022-05-03,4,12
2022-05-03,5,36
2022-05-03,6,96
2022-05-03,7,187
2022-05-03,8,182
2022-05-03,9,147
2022-05-03,10,148
2022-05-03,11,216
2022-05-03,12,146
2022-05-03,13,172
2022-05-03,14,191
2022-05-03,15,296
2022-05-03,16,209
2022-05-03,17,189
2022-05-03,18,138
2022-05-03,19,118
2022-05-03,20,94
2022-05-03,21,58
2022-05-03,22,28
2022-05-03,23,19
2022-05-04,0,10
2022-05-04,1,5
2022-05-04,2,7
2022-05-04,3,11
2022-05-04,4,13
2022-05-04,5,36
2022-05-04,6,114
2022-05-04,7,162
2022-05-04,8,194
2022-05-04,9,120
2022-05-04,10,149
2022-05-04,11,181
2022-05-04,12,168
2022-05-04,13,173
2022-05-04,14,191
2022-05-04,15,251
2022-05-04,16,247
2022-05-04,17,192
2022-05-04,18,149
2022-05-04,19,108
2022-05-04,20,105
2022-05-04,21,79
2022-05-04,22,43
2022-05-04,23,22
2022-05-05,0,11
2022-05-05,1,7
2022-05-05,2,12
2022-05-05,3,7
2022-05-05,4,16
2022-05-05,5,40
2022-05-05,6,97
2022-05-05,7,155
2022-05-05,8,161
2022-05-05,9,148
2022-05-05,10,158
2022-05-05,11,178
2022-05-05,12,149
2022-05-05,13,163
2022-05-05,14,227
2022-05-05,15,287
2022-05-05,16,254
2022-05-05,17,238
2022-05-05,18,145
2022-05-05,19,108
2022-05-05,20,84
2022-05-05,21,69
2022-05-05,22,54
2022-05-05,23,25
2022-05-06,0,18
2022-05-06,1,13
2022-05-06,2,14
2022-05-06,3,18
2022-05-06,4,18
2022-05-06,5,29
2022-05-06,6,93
2022-05-06,7,151
2022-05-06,8,209
2022-05-06,9,141
2022-05-06,10,161
2022-05-06,11,260
2022-05-06,12,225
2022-05-06,13,253
2022-05-06,14,271
2022-05-06,15,257
2022-05-06,16,245
2022-05-06,17,173
2022-05-06,18,148
2022-05-06,19,120
2022-05-06,20,91
2022-05-06,21,69
2022-05-06,22,43
2022-05-06,23,62
2022-05-07,0,33
2022-05-07,1,28
2022-05-07,2,21
2022-05-07,3,10
2022-05-07,4,9
2022-05-07,5,23
2022-05-07,6,48
2022-05-07,7,72
2022-05-07,8,103
2022-05-07,9,161
2022-05-07,10,153
2022-05-07,11,178
2022-05-07,12,181
2022-05-07,13,171
2022-05-07,14,158
2022-05-07,15,171
2022-05-07,16,149
2022-05-07,17,115
2022-05-07,18,117
2022-05-07,19,111
2022-05-07,20,76
2022-05-07,21,67
2022-05-07,22,65
2022-05-07,23,51
2022-05-08,0,46
2022-05-08,1,31
2022-05-08,2,17
2022-05-08,3,22
2022-05-08,4,16
2022-05-08,5,13
2022-05-08,6,46
2022-05-08,7,56
2022-05-08,8,74
2022-05-08,9,114
2022-05-08,10,135
2022-05-08,11,160
2022-05-08,12,203
2022-05-08,13,200
2022-05-08,14,149
2022-05-08,15,146
2022-05-08,16,145
2022-05-08,17,128
2022-05-08,18,98
2022-05-08,19,77
2022-05-08,20,68
2022-05-08,21,59
2022-05-08,22,29
2022-05-08,23,17
2022-05-09,0,20
2022-05-09,1,16
2022-05-09,2,5
2022-05-09,3,8
2022-05-09,4,11
2022-05-09,5,37
2022-05-09,6,97
2022-05-09,7,191
2022-05-09,8,210
2022-05-09,9,150
2022-05-09,10,232
2022-05-09,11,239
2022-05-09,12,227
2022-05-09,13,181
2022-05-09,14,221
2022-05-09,15,264
2022-05-09,16,227
2022-05-09,17,156
2022-05-09,18,143
2022-05-09,19,91
2022-05-09,20,79
2022-05-09,21,49
2022-05-09,22,39
2022-05-09,23,19
2022-05-10,0,17
2022-05-10,1,13
2022-05-10,2,5
2022-05-10,3,6
2022-05-10,4,14
2022-05-10,5,27
2022-05-10,6,85
2022-05-10,7,165
2022-05-10,8,185
2022-05-10,9,128
2022-05-10,10,156
2022-05-10,11,184
2022-05-10,12,172
2022-05-10,13,193
2022-05-10,14,205
2022-05-10,15,238
2022-05-10,16,275
2022-05-10,17,193
2022-05-10,18,125
2022-05-10,19,107
2022-05-10,20,98
2022-05-10,21,49
2022-05-10,22,32
2022-05-10,23,25
2022-05-11,0,19
2022-05-11,1,4
2022-05-11,2,8
2022-05-11,3,4
2022-05-11,4,16
2022-05-11,5,33
2022-05-11,6,110
2022-05-11,7,161
2022-05-11,8,172
2022-05-11,9,132
2022-05-11,10,157
2022-05-11,11,176
2022-05-11,12,168
2022-05-11,13,170
2022-05-11,14,223
2022-05-11,15,235
2022-05-11,16,230
2022-05-11,17,201
2022-05-11,18,145
2022-05-11,19,100
2022-05-11,20,99
2022-05-11,21,78
2022-05-11,22,36
2022-05-11,23,38
2022-05-12,0,15
2022-05-12,1,7
2022-05-12,2,5
2022-05-12,3,11
2022-05-12,4,14
2022-05-12,5,30
2022-05-12,6,113
2022-05-12,7,185
2022-05-12,8,184
2022-05-12,9,165
2022-05-12,10,159
2022-05-12,11,174
2022-05-12,12,155
2022-05-12,13,182
2022-05-12,14,204
2022-05-12,15,227
2022-05-12,16,221
2022-05-12,17,179
2022-05-12,18,161
2022-05-12,19,106
2022-05-12,20,96
2022-05-12,21,77
2022-05-12,22,44
2022-05-12,23,33
2022-05-13,0,23
2022-05-13,1,9
2022-05-13,2,11
2022-05-13,3,11
2022-05-13,4,13
2022-05-13,5,41
2022-05-13,6,81
2022-05-13,7,169
2022-05-13,8,169
2022-05-13,9,157
2022-05-13,10,172
2022-05-13,11,200
2022-05-13,12,182
2022-05-13,13,196
2022-05-13,14,246
2022-05-13,15,231
2022-05-13,16,232
2022-05-13,17,180
2022-05-13,18,159
2022-05-13,19,99
2022-05-13,20,76
2022-05-13,21,65
2022-05-13,22,68
2022-05-13,23,50
2022-05-14,0,32
2022-05-14,1,23
2022-05-14,2,19
2022-05-14,3,14
2022-05-14,4,13
2022-05-14,5,20
2022-05-14,6,52
2022-05-14,7,73
2022-05-14,8,118
2022-05-14,9,153
2022-05-14,10,148
2022-05-14,11,165
2022-05-14,12,151
2022-05-14,13,162
2022-05-14,14,151
2022-05-14,15,140
2022-05-14,16,116
2022-05-14,17,139
2022-05-14,18,124
2022-05-14,19,90
2022-05-14,20,78
2022-05-14,21,61
2022-05-14,22,64
2022-05-14,23,55
2022-05-15,0,38
2022-05-15,1,28
2022-05-15,2,18
2022-05-15,3,15
2022-05-15,4,9
2022-05-15,5,17
2022-05-15,6,31
2022-05-15,7,47
2022-05-15,8,85
2022-05-15,9,110
2022-05-15,10,123
2022-05-15,11,138
2022-05-15,12,151
2022-05-15,13,147
2022-05-15,14,136
2022-05-15,15,139
2022-05-15,16,111
2022-05-15,17,126
2022-05-15,18,92
2022-05-15,19,86
2022-05-15,20,72
2022-05-15,21,47
2022-05-15,22,35
2022-05-15,23,18
2022-05-16,0,17
2022-05-16,1,11
2022-05-16,2,3
2022-05-16,3,13
2022-05-16,4,16
2022-05-16,5,34
2022-05-16,6,105
2022-05-16,7,160
2022-05-16,8,193
2022-05-16,9,130
2022-05-16,10,164
2022-05-16,11,166
2022-05-16,12,159
2022-05-16,13,172
2022-05-16,14,217
2022-05-16,15,237
2022-05-16,16,236
2022-05-16,17,164
2022-05-16,18,129
2022-05-16,19,112
2022-05-16,20,66
2022-05-16,21,43
2022-05-16,22,27
2022-05-16,23,24
2022-05-17,0,8
2022-05-17,1,10
2022-05-17,2,7
2022-05-17,3,7
2022-05-17,4,21
2022-05-17,5,41
2022-05-17,6,94
2022-05-17,7,168
2022-05-17,8,179
2022-05-17,9,125
2022-05-17,10,136
2022-05-17,11,164
2022-05-17,12,153
2022-05-17,13,165
2022-05-17,14,181
2022-05-17,15,233
2022-05-17,16,251
2022-05-17,17,179
2022-05-17,18,137
2022-05-17,19,97
2022-05-17,20,84
2022-05-17,21,51
2022-05-17,22,33
2022-05-17,23,25
2022-05-18,0,17
2022-05-18,1,9
2022-05-18,2,6
2022-05-18,3,13
2022-05-18,4,12
2022-05-18,5,33
2022-05-18,6,97
2022-05-18,7,166
2022-05-18,8,182
2022-05-18,9,139
2022-05-18,10,165
2022-05-18,11,174
2022-05-18,12,172
2022-05-18,13,183
2022-05-18,14,181
2022-05-18,15,231
2022-05-18,16,236
2022-05-18,17,166
2022-05-18,18,150
2022-05-18,19,95
2022-05-18,20,55
2022-05-18,21,66
2022-05-18,22,71
2022-05-18,23,28
2022-05-19,0,29
2022-05-19,1,11
2022-05-19,2,12
2022-05-19,3,11
2022-05-19,4,13
2022-05-19,5,33
2022-05-19,6,101
2022-05-19,7,160
2022-05-19,8,215
2022-05-19,9,153
2022-05-19,10,194
2022-05-19,11,179
2022-05-19,12,144
2022-05-19,13,154
2022-05-19,14,178
2022-05-19,15,228
2022-05-19,16,244
2022-05-19,17,183
2022-05-19,18,158
2022-05-19,19,122
2022-05-19,20,111
2022-05-19,21,75
2022-05-19,22,32
2022-05-19,23,20
2022-05-20,0,13
2022-05-20,1,16
2022-05-20,2,13
2022-05-20,3,13
2022-05-20,4,16
2022-05-20,5,31
2022-05-20,6,86
2022-05-20,7,133
2022-05-20,8,184
2022-05-20,9,161
2022-05-20,10,168
2022-05-20,11,169
2022-05-20,12,167
2022-05-20,13,191
2022-05-20,14,213
2022-05-20,15,236
2022-05-20,16,232
2022-05-20,17,202
2022-05-20,18,143
2022-05-20,19,97
2022-05-20,20,74
2022-05-20,21,65
2022-05-20,22,58
2022-05-20,23,44
2022-05-21,0,36
2022-05-21,1,28
2022-05-21,2,11
2022-05-21,3,10
2022-05-21,4,10
2022-05-21,5,21
2022-05-21,6,49
2022-05-21,7,80
2022-05-21,8,119
2022-05-21,9,146
2022-05-21,10,164
2022-05-21,11,168
2022-05-21,12,169
2022-05-21,13,173
2022-05-21,14,148
2022-05-21,15,142
2022-05-21,16,127
2022-05-21,17,142
2022-05-21,18,117
2022-05-21,19,100
2022-05-21,20,84
2022-05-21,21,67
2022-05-21,22,55
2022-05-21,23,63
2022-05-22,0,29
2022-05-22,1,18
2022-05-22,2,17
2022-05-22,3,17
2022-05-22,4,12
2022-05-22,5,12
2022-05-22,6,40
2022-05-22,7,53
2022-05-22,8,77
2022-05-22,9,91
2022-05-22,10,127
2022-05-22,11,160
2022-05-22,12,160
2022-05-22,13,170
2022-05-22,14,143
2022-05-22,15,156
2022-05-22,16,137
2022-05-22,17,122
2022-05-22,18,104
2022-05-22,19,91
2022-05-22,20,69
2022-05-22,21,48
2022-05-22,22,28
2022-05-22,23,29
2022-05-23,0,14
2022-05-23,1,15
2022-05-23,2,10
2022-05-23,3,7
2022-05-23,4,17
2022-05-23,5,26
2022-05-23,6,97
2022-05-23,7,144
2022-05-23,8,166
2022-05-23,9,139
2022-05-23,10,139
2022-05-23,11,186
2022-05-23,12,162
2022-05-23,13,169
2022-05-23,14,195
2022-05-23,15,240
2022-05-23,16,246
2022-05-23,17,150
2022-05-23,18,128
2022-05-23,19,79
2022-05-23,20,84
2022-05-23,21,45
2022-05-23,22,39
2022-05-23,23,30
2022-05-24,0,10
2022-05-24,1,9
2022-05-24,13,185
2022-05-24,14,224
2022-05-24,15,241
2022-05-24,16,239
2022-05-24,17,186
2022-05-24,18,137
2022-05-24,19,112
2022-05-24,20,85
2022-05-24,21,62
2022-05-24,22,42
2022-05-24,23,33
2022-05-25,0,14
2022-05-25,1,10
2022-05-25,2,5
2022-05-25,3,9
2022-05-25,4,18
2022-05-25,5,42
2022-05-25,6,107
2022-05-25,7,154
2022-05-25,8,158
2022-05-25,9,145
2022-05-25,10,169
2022-05-25,11,185
2022-05-25,12,177
2022-05-25,13,177
2022-05-25,14,207
2022-05-25,15,238
2022-05-25,16,242
2022-05-25,17,189
2022-05-25,18,133
2022-05-25,19,105
2022-05-25,20,87
2022-05-25,21,61
2022-05-25,22,49
2022-05-25,23,25
2022-05-26,0,18
2022-05-26,1,7
2022-05-26,2,4
2022-05-26,3,7
2022-05-26,4,12
2022-05-26,5,30
2022-05-26,6,102
2022-05-26,7,170
2022-05-26,8,171
2022-05-26,9,141
2022-05-26,10,145
2022-05-26,11,177
2022-05-26,12,170
2022-05-26,13,176
2022-05-26,14,191
2022-05-26,15,261
2022-05-26,16,243
2022-05-26,17,200
2022-05-26,18,152
2022-05-26,19,121
2022-05-26,20,89
2022-05-26,21,77
2022-05-26,22,49
2022-05-26,23,25
2022-05-27,0,17
2022-05-27,1,9
2022-05-27,2,12
2022-05-27,3,14
2022-05-27,4,18
2022-05-27,5,38
2022-05-27,6,89
2022-05-27,7,148
2022-05-27,8,149
2022-05-27,9,159
2022-05-27,10,190
2022-05-27,11,210
2022-05-27,12,208
2022-05-27,13,193
2022-05-27,14,233
2022-05-27,15,232
2022-05-27,16,230
2022-05-27,17,198
2022-05-27,18,170
2022-05-27,19,105
2022-05-27,20,90
2022-05-27,21,79
2022-05-27,22,53
2022-05-27,23,60
2022-05-28,0,32
2022-05-28,1,19
2022-05-28,2,14
2022-05-28,3,14
2022-05-28,4,13
2022-05-28,5,22
2022-05-28,6,67
2022-05-28,7,87
2022-05-28,8,116
2022-05-28,9,158
2022-05-28,10,176
2022-05-28,11,162
2022-05-28,12,175
2022-05-28,13,181
2022-05-28,14,182
2022-05-28,15,142
2022-05-28,16,133
2022-05-28,17,145
2022-05-28,18,123
2022-05-28,19,81
2022-05-28,20,59
2022-05-28,21,75
2022-05-28,22,57
2022-05-28,23,67
2022-05-29,0,53
2022-05-29,1,23
2022-05-29,2,23
2022-05-29,3,25
2022-05-29,4,10
2022-05-29,5,19
2022-05-29,6,43
2022-05-29,7,53
2022-05-29,8,78
2022-05-29,9,106
2022-05-29,10,124
2022-05-29,11,150
2022-05-29,12,164
2022-05-29,13,178
2022-05-29,14,155
2022-05-29,15,126
2022-05-29,16,150
2022-05-29,17,125
2022-05-29,18,118
2022-05-29,19,88
2022-05-29,20,50
2022-05-29,21,58
2022-05-29,22,32
2022-05-29,23,25
2022-05-30,0,13
2022-05-30,1,12
2022-05-30,2,11
2022-05-30,3,6
2022-05-30,4,16
2022-05-30,5,40
2022-05-30,6,105
2022-05-30,7,161
2022-05-30,8,164
2022-05-30,9,151
2022-05-30,10,147
2022-05-30,11,176
2022-05-30,12,171
2022-05-30,13,112
2022-05-30,14,190
2022-05-30,15,208
2022-05-30,16,252
2022-05-30,17,160
2022-05-30,18,130
2022-05-30,19,103
2022-05-30,20,86
2022-05-30,21,52
2022-05-30,22,35
2022-05-30,23,22
2022-05-31,0,11
2022-05-31,1,7
2022-05-31,2,8
2022-05-31,3,10
2022-05-31,4,16
2022-05-31,5,39
2022-05-31,6,84
2022-05-31,7,163
2022-05-31,8,161
2022-05-31,9,163
2022-05-31,10,158
2022-05-31,11,173
2022-05-31,12,172
2022-05-31,13,197
2022-05-31,14,243
2022-05-31,15,242
2022-05-31,16,254
2022-05-31,17,190
2022-05-31,18,140
2022-05-31,19,111
2022-05-31,20,75
2022-05-31,21,59
2022-05-31,22,39
2022-05-31,23,23
2022-06-01,0,16
2022-06-01,1,8
2022-06-01,2,13
2022-06-01,3,7
2022-06-01,4,14
2022-06-01,5,32
2022-06-01,6,93
2022-06-01,7,177
2022-06-01,8,174
2022-06-01,9,155
2022-06-01,10,149
2022-06-01,11,188
2022-06-01,12,193
2022-06-01,13,176
2022-06-01,14,226
2022-06-01,15,253
2022-06-01,16,246
2022-06-01,17,214
2022-06-01,18,162
2022-06-01,19,99
2022-06-01,20,90
2022-06-01,21,77
2022-06-01,22,55
2022-06-01,23,27
2022-06-02,0,38
2022-06-02,1,15
2022-06-02,2,10
2022-06-02,3,16
2022-06-02,4,17
2022-06-02,5,29
2022-06-02,6,80
2022-06-02,7,131
2022-06-02,8,123
2022-06-02,9,150
2022-06-02,10,170
2022-06-02,11,195
2022-06-02,12,200
2022-06-02,13,176
2022-06-02,14,208
2022-06-02,15,201
2022-06-02,16,221
2022-06-02,17,151
2022-06-02,18,145
2022-06-02,19,105
2022-06-02,20,84
2022-06-02,21,64
2022-06-02,22,56
2022-06-02,23,51
2022-06-03,0,21
2022-06-03,1,16
2022-06-03,2,16
2022-06-03,3,15
2022-06-03,4,13
2022-06-03,5,29
2022-06-03,6,61
2022-06-03,7,95
2022-06-03,8,96
2022-06-03,9,137
2022-06-03,10,155
2022-06-03,11,176
2022-06-03,12,177
2022-06-03,13,167
2022-06-03,14,182
2022-06-03,15,157
2022-06-03,16,169
2022-06-03,17,124
2022-06-03,18,133
2022-06-03,19,116
2022-06-03,20,67
2022-06-03,21,67
2022-06-03,22,56
2022-06-03,23,59
2022-06-04,0,38
2022-06-04,1,23
2022-06-04,2,15
2022-06-04,3,15
2022-06-04,4,9
2022-06-04,5,18
2022-06-04,6,41
2022-06-04,7,67
2022-06-04,8,90
2022-06-04,9,131
2022-06-04,10,166
2022-06-04,11,170
2022-06-04,12,176
2022-06-04,13,161
2022-06-04,14,134
2022-06-04,15,117
2022-06-04,16,115
2022-06-04,17,111
2022-06-04,18,124
2022-06-04,19,77
2022-06-04,20,74
2022-06-04,21,74
2022-06-04,22,64
2022-06-04,23,41
2022-06-05,0,43
2022-06-05,1,16
2022-06-05,2,21
2022-06-05,3,12
2022-06-05,4,15
2022-06-05,5,18
2022-06-05,6,42
2022-06-05,7,40
2022-06-05,8,61
2022-06-05,9,94
2022-06-05,10,116
2022-06-05,11,157
2022-06-05,12,146
2022-06-05,13,160
2022-06-05,14,131
2022-06-05,15,112
2022-06-05,16,120
2022-06-05,17,111
2022-06-05,18,122
2022-06-05,19,82
2022-06-05,20,75
2022-06-05,21,52
2022-06-05,22,35
2022-06-05,23,23
2022-06-06,0,12
2022-06-06,1,7
2022-06-06,2,7
2022-06-06,3,6
2022-06-06,4,18
2022-06-06,5,43
2022-06-06,6,96
2022-06-06,7,165
2022-06-06,8,172
2022-06-06,9,141
2022-06-06,10,123
2022-06-06,11,159
2022-06-06,12,280
2022-06-06,13,162
2022-06-06,14,196
2022-06-06,15,247
2022-06-06,16,212
2022-06-06,17,158
2022-06-06,18,148
2022-06-06,19,87
2022-06-06,20,76
2022-06-06,21,45
2022-06-06,22,34
2022-06-06,23,17
2022-06-07,0,17
2022-06-07,1,7
2022-06-07,2,7
2022-06-07,3,6
2022-06-07,4,16
2022-06-07,5,38
2022-06-07,6,119
2022-06-07,7,183
2022-06-07,8,178
2022-06-07,9,143
2022-06-07,10,135
2022-06-07,11,167
2022-06-07,12,159
2022-06-07,13,199
2022-06-07,14,196
2022-06-07,15,259
2022-06-07,16,220
2022-06-07,17,172
2022-06-07,18,157
2022-06-07,19,90
2022-06-07,20,83
2022-06-07,21,64
2022-06-07,22,37
2022-06-07,23,25
2022-06-08,0,12
2022-06-08,1,11
2022-06-08,2,11
2022-06-08,3,9
2022-06-08,4,13
2022-06-08,5,38
2022-06-08,6,108
2022-06-08,7,165
2022-06-08,8,184
2022-06-08,9,150
2022-06-08,10,148
2022-06-08,11,161
2022-06-08,12,163
2022-06-08,13,201
2022-06-08,14,241
2022-06-08,15,280
2022-06-08,16,268
2022-06-08,17,179
2022-06-08,18,162
2022-06-08,19,106
2022-06-08,20,86
2022-06-08,21,60
2022-06-08,22,31
2022-06-08,23,12
2022-06-09,0,11
2022-06-09,1,7
2022-06-09,2,13
2022-06-09,3,11
2022-06-09,4,18
2022-06-09,5,38
2022-06-09,6,95
2022-06-09,7,175
2022-06-09,8,190
2022-06-09,9,153
2022-06-09,10,154
2022-06-09,11,184
2022-06-09,12,150
2022-06-09,13,186
2022-06-09,14,207
2022-06-09,15,253
2022-06-09,16,245
2022-06-09,17,211
2022-06-09,18,160
2022-06-09,19,111
2022-06-09,20,99
2022-06-09,21,71
2022-06-09,22,49
2022-06-09,23,36
2022-06-10,0,20
2022-06-10,1,13
2022-06-10,2,9
2022-06-10,3,13
2022-06-10,4,14
2022-06-10,5,51
2022-06-10,6,92
2022-06-10,7,161
2022-06-10,8,211
2022-06-10,9,168
2022-06-10,10,162
2022-06-10,11,176
2022-06-10,12,188
2022-06-10,13,196
2022-06-10,14,242
2022-06-10,15,255
2022-06-10,16,210
2022-06-10,17,192
2022-06-10,18,151
2022-06-10,19,122
2022-06-10,20,96
2022-06-10,21,82
2022-06-10,22,69
2022-06-10,23,48
2022-06-11,0,35
2022-06-11,1,21
2022-06-11,2,19
2022-06-11,3,12
2022-06-11,4,11
2022-06-11,5,20
2022-06-11,6,40
2022-06-11,7,56
2022-06-11,8,102
2022-06-11,9,142
2022-06-11,10,145
2022-06-11,11,152
2022-06-11,12,178
2022-06-11,13,181
2022-06-11,14,162
2022-06-11,15,169
2022-06-11,16,146
2022-06-11,17,118
2022-06-11,18,120
2022-06-11,19,93
2022-06-11,20,62
2022-06-11,21,70
2022-06-11,22,74
2022-06-11,23,69
2022-06-12,0,51
2022-06-12,1,20
2022-06-12,2,19
2022-06-12,3,18
2022-06-12,4,11
2022-06-12,5,8
2022-06-12,6,42
2022-06-12,7,47
2022-06-12,8,70
2022-06-12,9,110
2022-06-12,10,117
2022-06-12,11,139
2022-06-12,12,165
2022-06-12,13,149
2022-06-12,14,154
2022-06-12,15,148
2022-06-12,16,117
2022-06-12,17,123
2022-06-12,18,96
2022-06-12,19,92
2022-06-12,20,53
2022-06-12,21,57
2022-06-12,22,31
2022-06-12,23,47
2022-06-13,0,21
2022-06-13,1,10
2022-06-13,2,6
2022-06-13,3,7
2022-06-13,4,12
2022-06-13,5,32
2022-06-13,6,104
2022-06-13,7,160
2022-06-13,8,163
2022-06-13,9,134
2022-06-13,10,151
2022-06-13,11,155
2022-06-13,12,158
2022-06-13,13,167
2022-06-13,14,226
2022-06-13,15,239
2022-06-13,16,225
2022-06-13,17,160
2022-06-13,18,134
2022-06-13,19,88
2022-06-13,20,66
2022-06-13,21,55
2022-06-13,22,38
2022-06-13,23,13
2022-06-14,0,23
2022-06-14,1,5
2022-06-14,2,8
2022-06-14,3,7
2022-06-14,4,17
2022-06-14,5,34
2022-06-14,6,100
2022-06-14,7,161
2022-06-14,8,169
2022-06-14,9,143
2022-06-14,10,152
2022-06-14,11,164
2022-06-14,12,147
2022-06-14,13,180
2022-06-14,14,203
2022-06-14,15,242
2022-06-14,16,228
2022-06-14,17,177
2022-06-14,18,154
2022-06-14,19,108
2022-06-14,20,99
2022-06-14,21,77
2022-06-14,22,40
2022-06-14,23,32
2022-06-15,0,14
2022-06-15,1,6
2022-06-15,2,5
2022-06-15,3,10
2022-06-15,4,11
2022-06-15,5,34
2022-06-15,6,94
2022-06-15,7,167
2022-06-15,8,160
2022-06-15,9,133
2022-06-15,10,143
2022-06-15,11,175
2022-06-15,12,155
2022-06-15,13,183
2022-06-15,14,213
2022-06-15,15,224
2022-06-15,16,213
2022-06-15,17,199
2022-06-15,18,159
2022-06-15,19,106
2022-06-15,20,81
2022-06-15,21,70
2022-06-15,22,43
2022-06-15,23,28
2022-06-16,0,23
2022-06-16,1,3
2022-06-16,2,8
2022-06-16,3,4
2022-06-16,4,15
2022-06-16,5,22
2022-06-16,6,99
2022-06-16,7,167
2022-06-16,8,167
2022-06-16,9,159
2022-06-16,10,154
2022-06-16,11,173
2022-06-16,12,161
2022-06-16,13,187
2022-06-16,14,213
2022-06-16,15,263
2022-06-16,16,233
2022-06-16,17,224
2022-06-16,18,155
2022-06-16,19,119
2022-06-16,20,93
2022-06-16,21,76
2022-06-16,22,45
2022-06-16,23,33
2022-06-17,0,22
2022-06-17,1,8
2022-06-17,2,12
2022-06-17,3,11
2022-06-17,4,18
2022-06-17,5,36
2022-06-17,6,84
2022-06-17,7,182
2022-06-17,8,180
2022-06-17,9,146
2022-06-17,10,163
2022-06-17,11,179
2022-06-17,12,175
2022-06-17,13,206
2022-06-17,14,236
2022-06-17,15,206
2022-06-17,16,236
2022-06-17,17,161
2022-06-17,18,139
2022-06-17,19,105
2022-06-17,20,72
2022-06-17,21,69
2022-06-17,22,57
2022-06-17,23,57
2022-06-18,0,28
2022-06-18,1,21
2022-06-18,2,13
2022-06-18,3,10
2022-06-18,4,13
2022-06-18,5,26
2022-06-18,6,52
2022-06-18,7,67
2022-06-18,8,118
2022-06-18,9,128
2022-06-18,10,152
2022-06-18,11,177
2022-06-18,12,145
2022-06-18,13,180
2022-06-18,14,145
2022-06-18,15,142
2022-06-18,16,147
2022-06-18,17,119
2022-06-18,18,111
2022-06-18,19,101
2022-06-18,20,79
2022-06-18,21,62
2022-06-18,22,74
2022-06-18,23,50
2022-06-19,0,36
2022-06-19,1,23
2022-06-19,2,22
2022-06-19,3,14
2022-06-19,4,5
2022-06-19,5,19
2022-06-19,6,46
2022-06-19,7,53
2022-06-19,8,71
2022-06-19,9,101
2022-06-19,10,138
2022-06-19,11,154
2022-06-19,12,184
2022-06-19,13,156
2022-06-19,14,164
2022-06-19,15,132
2022-06-19,16,143
2022-06-19,17,120
2022-06-19,18,120
2022-06-19,19,70
2022-06-19,20,64
2022-06-19,21,56
2022-06-19,22,34
2022-06-19,23,28
2022-06-20,0,21
2022-06-20,1,9
2022-06-20,2,7
2022-06-20,3,6
2022-06-20,4,12
2022-06-20,5,31
2022-06-20,6,124
2022-06-20,7,145
2022-06-20,8,192
2022-06-20,9,139
2022-06-20,10,175
2022-06-20,11,176
2022-06-20,12,177
2022-06-20,13,229
2022-06-20,14,205
2022-06-20,15,250
2022-06-20,16,252
2022-06-20,17,156
2022-06-20,18,138
2022-06-20,19,94
2022-06-20,20,89
2022-06-20,21,48
2022-06-20,22,31
2022-06-20,23,28
2022-06-21,0,13
2022-06-21,1,12
2022-06-21,2,10
2022-06-21,3,9
2022-06-21,4,25
2022-06-21,5,31
2022-06-21,6,115
2022-06-21,7,183
2022-06-21,8,193
2022-06-21,9,128
2022-06-21,10,168
2022-06-21,11,160
2022-06-21,12,162
2022-06-21,13,182
2022-06-21,14,191
2022-06-21,15,220
2022-06-21,16,252
2022-06-21,17,180
2022-06-21,18,158
2022-06-21,19,127
2022-06-21,20,88
2022-06-21,21,76
2022-06-21,22,49
2022-06-21,23,15
2022-06-22,0,13
2022-06-22,1,5
2022-06-22,2,2
2022-06-22,3,9
2022-06-22,4,16
2022-06-22,5,36
2022-06-22,6,116
2022-06-22,7,183
2022-06-22,8,163
2022-06-22,9,147
2022-06-22,10,153
2022-06-22,11,183
2022-06-22,12,171
2022-06-22,13,176
2022-06-22,14,201
2022-06-22,15,207
2022-06-22,16,233
2022-06-22,17,178
2022-06-22,18,153
2022-06-22,19,102
2022-06-22,20,103
2022-06-22,21,61
2022-06-22,22,34
2022-06-22,23,21
2022-06-23,0,23
2022-06-23,1,12
2022-06-23,2,8
2022-06-23,3,8
2022-06-23,4,12
2022-06-23,5,37
2022-06-23,6,103
2022-06-23,7,189
2022-06-23,8,192
2022-06-23,9,163
2022-06-23,10,142
2022-06-23,11,188
2022-06-23,12,171
2022-06-23,13,186
2022-06-23,14,208
2022-06-23,15,221
2022-06-23,16,245
2022-06-23,17,177
2022-06-23,18,138
2022-06-23,19,121
2022-06-23,20,93
2022-06-23,21,88
2022-06-23,22,63
2022-06-23,23,35
2022-06-24,0,15
2022-06-24,1,10
2022-06-24,2,10
2022-06-24,3,8
2022-06-24,4,21
2022-06-24,5,33
2022-06-24,6,94
2022-06-24,7,181
2022-06-24,8,161
2022-06-24,9,164
2022-06-24,10,165
2022-06-24,11,210
2022-06-24,12,205
2022-06-24,13,201
2022-06-24,14,227
2022-06-24,15,221
2022-06-24,16,194
2022-06-24,17,141
2022-06-24,18,147
2022-06-24,19,97
2022-06-24,20,85
2022-06-24,21,80
2022-06-24,22,77
2022-06-24,23,40
2022-06-25,0,23
2022-06-25,1,17
2022-06-25,2,13
2022-06-25,3,17
2022-06-25,4,15
2022-06-25,5,29
2022-06-25,6,43
2022-06-25,7,64
2022-06-25,8,109
2022-06-25,9,125
2022-06-25,10,144
2022-06-25,11,145
2022-06-25,12,169
2022-06-25,13,168
2022-06-25,14,186
2022-06-25,15,154
2022-06-25,16,136
2022-06-25,17,128
2022-06-25,18,128
2022-06-25,19,95
2022-06-25,20,87
2022-06-25,21,80
2022-06-25,22,64
2022-06-25,23,43
2022-06-26,0,55
2022-06-26,1,21
2022-06-26,2,17
2022-06-26,3,13
2022-06-26,4,9
2022-06-26,5,16
2022-06-26,6,42
2022-06-26,7,42
2022-06-26,8,60
2022-06-26,9,95
2022-06-26,10,104
2022-06-26,11,142
2022-06-26,12,142
2022-06-26,13,163
2022-06-26,14,110
2022-06-26,15,127
2022-06-26,16,117
2022-06-26,17,105
2022-06-26,18,101
2022-06-26,19,81
2022-06-26,20,74
2022-06-26,21,43
2022-06-26,22,34
2022-06-26,23,31
2022-06-27,0,23
2022-06-27,1,9
2022-06-27,2,11
2022-06-27,3,8
2022-06-27,4,18
2022-06-27,5,33
2022-06-27,6,79
2022-06-27,7,123
2022-06-27,8,122
2022-06-27,9,136
2022-06-27,10,129
2022-06-27,11,150
2022-06-27,12,151
2022-06-27,13,169
2022-06-27,14,175
2022-06-27,15,211
2022-06-27,16,223
2022-06-27,17,152
2022-06-27,18,155
2022-06-27,19,84
2022-06-27,20,78
2022-06-27,21,50
2022-06-27,22,42
2022-06-27,23,34
2022-06-28,0,22
2022-06-28,1,12
2022-06-28,2,7
2022-06-28,3,8
2022-06-28,4,11
2022-06-28,5,25
2022-06-28,6,78
2022-06-28,7,129
2022-06-28,8,133
2022-06-28,9,156
2022-06-28,10,137
2022-06-28,11,156
2022-06-28,12,167
2022-06-28,13,163
2022-06-28,14,190
2022-06-28,15,230
2022-06-28,16,217
2022-06-28,17,171
2022-06-28,18,123
2022-06-28,19,99
2022-06-28,20,74
2022-06-28,21,48
2022-06-28,22,36
2022-06-28,23,27
2022-06-29,0,15
2022-06-29,1,8
2022-06-29,2,2
2022-06-29,3,12
2022-06-29,4,22
2022-06-29,5,27
2022-06-29,6,87
2022-06-29,7,117
2022-06-29,8,105
2022-06-29,9,134
2022-06-29,10,152
2022-06-29,11,163
2022-06-29,12,178
2022-06-29,13,162
2022-06-29,14,173
2022-06-29,15,231
2022-06-29,16,218
2022-06-29,17,162
2022-06-29,18,139
2022-06-29,19,107
2022-06-29,20,61
2022-06-29,21,51
2022-06-29,22,38
2022-06-29,23,37
2022-06-30,0,21
2022-06-30,1,7
2022-06-30,2,6
2022-06-30,3,7
2022-06-30,4,15
2022-06-30,5,30
2022-06-30,6,77
2022-06-30,7,126
2022-06-30,8,121
2022-06-30,9,124
2022-06-30,10,143
2022-06-30,11,171
2022-06-30,12,147
2022-06-30,13,164
2022-06-30,14,192
2022-06-30,15,215
2022-06-30,16,245
2022-06-30,17,165
2022-06-30,18,143
2022-06-30,19,113
2022-06-30,20,76
2022-06-30,21,67
2022-06-30,22,46
2022-06-30,23,31
2022-07-01,0,22
2022-07-01,1,9
2022-07-01,2,15
2022-07-01,3,11
2022-07-01,4,15
2022-07-01,5,23
2022-07-01,6,81
2022-07-01,7,129
2022-07-01,8,138
2022-07-01,9,149
2022-07-01,10,143
2022-07-01,11,190
2022-07-01,12,188
2022-07-01,13,170
2022-07-01,14,208
2022-07-01,15,209
2022-07-01,16,201
2022-07-01,17,156
2022-07-01,18,144
2022-07-01,19,104
2022-07-01,20,74
2022-07-01,21,59
2022-07-01,22,48
2022-07-01,23,34
2022-07-02,0,29
2022-07-02,1,16
2022-07-02,2,20
2022-07-02,3,11
2022-07-02,4,13
2022-07-02,5,26
2022-07-02,6,48
2022-07-02,7,74
2022-07-02,8,91
2022-07-02,9,115
2022-07-02,10,148
2022-07-02,11,135
2022-07-02,12,158
2022-07-02,13,145
2022-07-02,14,154
2022-07-02,15,167
2022-07-02,16,113
2022-07-02,17,100
2022-07-02,18,103
2022-07-02,19,90
2022-07-02,20,75
2022-07-02,21,47
2022-07-02,22,70
2022-07-02,23,39
2022-07-03,0,33
2022-07-03,1,35
2022-07-03,2,16
2022-07-03,3,18
2022-07-03,4,10
2022-07-03,5,20
2022-07-03,6,31
2022-07-03,7,46
2022-07-03,8,62
2022-07-03,9,93
2022-07-03,10,101
2022-07-03,11,141
2022-07-03,12,129
2022-07-03,13,128
2022-07-03,14,125
2022-07-03,15,122
2022-07-03,16,107
2022-07-03,17,106
2022-07-03,18,92
2022-07-03,19,78
2022-07-03,20,64
2022-07-03,21,51
2022-07-03,22,46
2022-07-03,23,25
2022-07-04,0,18
2022-07-04,1,10
2022-07-04,2,13
2022-07-04,3,8
2022-07-04,4,17
2022-07-04,5,22
2022-07-04,6,73
2022-07-04,7,117
2022-07-04,8,133
2022-07-04,9,131
2022-07-04,10,145
2022-07-04,11,153
2022-07-04,12,161
2022-07-04,13,150
2022-07-04,14,171
2022-07-04,15,199
2022-07-04,16,213
2022-07-04,17,157
2022-07-04,18,127
2022-07-04,19,82
2022-07-04,20,74
2022-07-04,21,52
2022-07-04,22,28
2022-07-04,23,19
2022-07-05,0,9
2022-07-05,1,7
2022-07-05,2,5
2022-07-05,3,6
2022-07-05,4,14
2022-07-05,5,30
2022-07-05,6,78
2022-07-05,7,127
2022-07-05,8,120
2022-07-05,9,139
2022-07-05,10,144
2022-07-05,11,148
2022-07-05,12,151
2022-07-05,13,153
2022-07-05,14,172
2022-07-05,15,200
2022-07-05,16,204
2022-07-05,17,153
2022-07-05,18,132
2022-07-05,19,97
2022-07-05,20,64
2022-07-05,21,49
2022-07-05,22,31
2022-07-05,23,16
2022-07-06,0,20
2022-07-06,1,8
2022-07-06,2,5
2022-07-06,3,7
2022-07-06,4,18
2022-07-06,5,35
2022-07-06,6,79
2022-07-06,7,128
2022-07-06,8,122
2022-07-06,9,127
2022-07-06,10,134
2022-07-06,11,155
2022-07-06,12,172
2022-07-06,13,162
2022-07-06,14,189
2022-07-06,15,203
2022-07-06,16,213
2022-07-06,17,181
2022-07-06,18,127
2022-07-06,19,97
2022-07-06,20,54
2022-07-06,21,62
2022-07-06,22,36
2022-07-06,23,18
2022-07-07,0,17
2022-07-07,1,9
2022-07-07,2,8
2022-07-07,3,4
2022-07-07,4,19
2022-07-07,5,37
2022-07-07,6,75
2022-07-07,7,127
2022-07-07,8,132
2022-07-07,9,150
2022-07-07,10,135
2022-07-07,11,172
2022-07-07,12,170
2022-07-07,13,171
2022-07-07,14,185
2022-07-07,15,212
2022-07-07,16,211
2022-07-07,17,153
2022-07-07,18,132
2022-07-07,19,106
2022-07-07,20,56
2022-07-07,21,64
2022-07-07,22,40
2022-07-07,23,31
2022-07-08,0,17
2022-07-08,1,14
2022-07-08,2,10
2022-07-08,3,11
2022-07-08,4,12
2022-07-08,5,33
2022-07-08,6,91
2022-07-08,7,127
2022-07-08,8,132
2022-07-08,9,146
2022-07-08,10,162
2022-07-08,11,147
2022-07-08,12,167
2022-07-08,13,176
2022-07-08,14,187
2022-07-08,15,191
2022-07-08,16,208
2022-07-08,17,160
2022-07-08,18,107
2022-07-08,19,99
2022-07-08,20,63
2022-07-08,21,68
2022-07-08,22,48
2022-07-08,23,38
2022-07-09,0,32
2022-07-09,1,21
2022-07-09,2,14
2022-07-09,3,16
2022-07-09,4,6
2022-07-09,5,19
2022-07-09,6,46
2022-07-09,7,65
2022-07-09,8,105
2022-07-09,9,118
2022-07-09,10,140
2022-07-09,11,145
2022-07-09,12,134
2022-07-09,13,153
2022-07-09,14,152
2022-07-09,15,138
2022-07-09,16,138
2022-07-09,17,115
2022-07-09,18,109
2022-07-09,19,79
2022-07-09,20,71
2022-07-09,21,66
2022-07-09,22,54
2022-07-09,23,47
2022-07-10,0,26
2022-07-10,1,26
2022-07-10,2,19
2022-07-10,3,18
2022-07-10,4,14
2022-07-10,5,10
2022-07-10,6,36
2022-07-10,7,45
2022-07-10,8,101
2022-07-10,9,201
2022-07-10,10,229
2022-07-10,11,197
2022-07-10,12,214
2022-07-10,13,237
2022-07-10,14,196
2022-07-10,15,184
2022-07-10,16,162
2022-07-10,17,103
2022-07-10,18,106
2022-07-10,19,87
2022-07-10,20,81
2022-07-10,21,43
2022-07-10,22,38
2022-07-10,23,30
2022-07-11,0,25
2022-07-11,1,3
2022-07-11,2,8
2022-07-11,3,8
2022-07-11,4,23
2022-07-11,5,22
2022-07-11,6,93
2022-07-11,7,145
2022-07-11,8,178
2022-07-11,9,222
2022-07-11,10,243
2022-07-11,11,276
2022-07-11,12,237
2022-07-11,13,227
2022-07-11,14,239
2022-07-11,15,332
2022-07-11,16,232
2022-07-11,17,154
2022-07-11,18,155
2022-07-11,19,96
2022-07-11,20,70
2022-07-11,21,49
2022-07-11,22,31
2022-07-11,23,19
2022-07-12,0,11
2022-07-12,1,8
2022-07-12,2,6
2022-07-12,3,16
2022-07-12,4,17
2022-07-12,5,37
2022-07-12,6,102
2022-07-12,7,177
2022-07-12,8,179
2022-07-12,9,250
2022-07-12,10,252
2022-07-12,11,283
2022-07-12,12,234
2022-07-12,13,269
2022-07-12,14,276
2022-07-12,15,325
2022-07-12,16,232
2022-07-12,17,176
2022-07-12,18,143
2022-07-12,19,123
2022-07-12,20,66
2022-07-12,21,56
2022-07-12,22,35
2022-07-12,23,17
2022-07-13,0,12
2022-07-13,1,8
2022-07-13,2,5
2022-07-13,3,13
2022-07-13,4,9
2022-07-13,5,32
2022-07-13,6,104
2022-07-13,7,149
2022-07-13,8,187
2022-07-13,9,241
2022-07-13,10,237
2022-07-13,11,273
2022-07-13,12,287
2022-07-13,13,273
2022-07-13,14,285
2022-07-13,15,287
2022-07-13,16,217
2022-07-13,17,167
2022-07-13,18,130
2022-07-13,19,104
2022-07-13,20,94
2022-07-13,21,57
2022-07-13,22,42
2022-07-13,23,27
2022-07-14,0,15
2022-07-14,1,7
2022-07-14,2,8
2022-07-14,3,13
2022-07-14,4,19
2022-07-14,5,37
2022-07-14,6,99
2022-07-14,7,148
2022-07-14,8,155
2022-07-14,9,264
2022-07-14,10,235
2022-07-14,11,301
2022-07-14,12,268
2022-07-14,13,261
2022-07-14,14,243
2022-07-14,15,229
2022-07-14,16,209
2022-07-14,17,178
2022-07-14,18,128
2022-07-14,19,116
2022-07-14,20,74
2022-07-14,21,67
2022-07-14,22,41
2022-07-14,23,23
2022-07-15,0,20
2022-07-15,1,14
2022-07-15,2,11
2022-07-15,3,6
2022-07-15,4,17
2022-07-15,5,35
2022-07-15,6,85
2022-07-15,7,133
2022-07-15,8,142
2022-07-15,9,280
2022-07-15,10,280
2022-07-15,11,283
2022-07-15,12,262
2022-07-15,13,229
2022-07-15,14,262
2022-07-15,15,233
2022-07-15,16,232
2022-07-15,17,142
2022-07-15,18,131
2022-07-15,19,112
2022-07-15,20,88
2022-07-15,21,66
2022-07-15,22,64
2022-07-15,23,46
2022-07-16,0,20
2022-07-16,1,17
2022-07-16,2,14
2022-07-16,3,7
2022-07-16,4,11
2022-07-16,5,19
2022-07-16,6,47
2022-07-16,7,65
2022-07-16,8,93
2022-07-16,9,136
2022-07-16,10,118
2022-07-16,11,144
2022-07-16,12,148
2022-07-16,13,168
2022-07-16,14,150
2022-07-16,15,124
2022-07-16,16,128
2022-07-16,17,113
2022-07-16,18,107
2022-07-16,19,79
2022-07-16,20,81
2022-07-16,21,58
2022-07-16,22,55
2022-07-16,23,47
2022-07-17,0,33
2022-07-17,1,18
2022-07-17,2,15
2022-07-17,3,16
2022-07-17,4,12
2022-07-17,5,13
2022-07-17,6,42
2022-07-17,7,45
2022-07-17,8,69
2022-07-17,9,89
2022-07-17,10,122
2022-07-17,11,130
2022-07-17,12,163
2022-07-17,13,160
2022-07-17,14,140
2022-07-17,15,128
2022-07-17,16,116
2022-07-17,17,123
2022-07-17,18,96
2022-07-17,19,89
2022-07-17,20,75
2022-07-17,21,62
2022-07-17,22,29
2022-07-17,23,22
2022-07-18,0,17
2022-07-18,1,15
2022-07-18,2,11
2022-07-18,3,5
2022-07-18,4,12
2022-07-18,5,25
2022-07-18,6,90
2022-07-18,7,100
2022-07-18,8,131
2022-07-18,9,151
2022-07-18,10,142
2022-07-18,11,192
2022-07-18,12,180
2022-07-18,13,170
2022-07-18,14,178
2022-07-18,15,188
2022-07-18,16,196
2022-07-18,17,137
2022-07-18,18,119
2022-07-18,19,106
2022-07-18,20,76
2022-07-18,21,52
2022-07-18,22,36
2022-07-18,23,19
2022-07-19,0,10
2022-07-19,1,17
2022-07-19,2,6
2022-07-19,3,9
2022-07-19,4,17
2022-07-19,5,41
2022-07-19,6,100
2022-07-19,7,156
2022-07-19,8,123
2022-07-19,9,162
2022-07-19,10,154
2022-07-19,11,163
2022-07-19,12,152
2022-07-19,13,166
2022-07-19,14,168
2022-07-19,15,200
2022-07-19,16,204
2022-07-19,17,164
2022-07-19,18,127
2022-07-19,19,78
2022-07-19,20,81
2022-07-19,21,67
2022-07-19,22,42
2022-07-19,23,24
2022-07-20,0,11
2022-07-20,1,7
2022-07-20,2,6
2022-07-20,3,11
2022-07-20,4,19
2022-07-20,5,33
2022-07-20,6,83
2022-07-20,7,158
2022-07-20,8,132
2022-07-20,9,138
2022-07-20,10,165
2022-07-20,11,176
2022-07-20,12,170
2022-07-20,13,158
2022-07-20,14,199
2022-07-20,15,242
2022-07-20,16,226
2022-07-20,17,183
2022-07-20,18,134
2022-07-20,19,117
2022-07-20,20,81
2022-07-20,21,68
2022-07-20,22,28
2022-07-20,23,21
2022-07-21,0,14
2022-07-21,1,9
2022-07-21,2,8
2022-07-21,3,8
2022-07-21,4,13
2022-07-21,5,29
2022-07-21,6,95
2022-07-21,7,129
2022-07-21,8,111
2022-07-21,9,147
2022-07-21,10,156
2022-07-21,11,179
2022-07-21,12,163
2022-07-21,13,178
2022-07-21,14,197
2022-07-21,15,239
2022-07-21,16,235
2022-07-21,17,159
2022-07-21,18,138
2022-07-21,19,99
2022-07-21,20,88
2022-07-21,21,63
2022-07-21,22,41
2022-07-21,23,24
2022-07-22,0,17
2022-07-22,1,8
2022-07-22,2,10
2022-07-22,3,11
2022-07-22,4,11
2022-07-22,5,30
2022-07-22,6,84
2022-07-22,7,107
2022-07-22,8,127
2022-07-22,9,147
2022-07-22,10,162
2022-07-22,11,173
2022-07-22,12,193
2022-07-22,13,189
2022-07-22,14,189
2022-07-22,15,229
2022-07-22,16,206
2022-07-22,17,173
2022-07-22,18,139
2022-07-22,19,104
2022-07-22,20,79
2022-07-22,21,65
2022-07-22,22,45
2022-07-22,23,48
2022-07-23,0,22
2022-07-23,1,17
2022-07-23,2,13
2022-07-23,3,15
2022-07-23,4,13
2022-07-23,5,19
2022-07-23,6,43
2022-07-23,7,61
2022-07-23,8,94
2022-07-23,9,133
2022-07-23,10,132
2022-07-23,11,165
2022-07-23,12,170
2022-07-23,13,157
2022-07-23,14,154
2022-07-23,15,155
2022-07-23,16,146
2022-07-23,17,134
2022-07-23,18,133
2022-07-23,19,72
2022-07-23,20,56
2022-07-23,21,57
2022-07-23,22,53
2022-07-23,23,36
2022-07-24,0,35
2022-07-24,1,22
2022-07-24,2,12
2022-07-24,3,10
2022-07-24,4,11
2022-07-24,5,21
2022-07-24,6,33
2022-07-24,7,45
2022-07-24,8,49
2022-07-24,9,76
2022-07-24,10,103
2022-07-24,11,137
2022-07-24,12,160
2022-07-24,13,147
2022-07-24,14,166
2022-07-24,15,159
2022-07-24,16,133
2022-07-24,17,119
2022-07-24,18,100
2022-07-24,19,92
2022-07-24,20,71
2022-07-24,21,48
2022-07-24,22,40
2022-07-24,23,16
2022-07-25,0,19
2022-07-25,1,13
2022-07-25,2,6
2022-07-25,3,13
2022-07-25,4,11
2022-07-25,5,34
2022-07-25,6,84
2022-07-25,7,143
2022-07-25,8,126
2022-07-25,9,120
2022-07-25,10,172
2022-07-25,11,163
2022-07-25,12,147
2022-07-25,13,162
2022-07-25,14,196
2022-07-25,15,220
2022-07-25,16,188
2022-07-25,17,150
2022-07-25,18,142
2022-07-25,19,78
2022-07-25,20,71
2022-07-25,21,49
2022-07-25,22,33
2022-07-25,23,19
2022-07-26,0,10
2022-07-26,1,14
2022-07-26,2,10
2022-07-26,3,8
2022-07-26,4,15
2022-07-26,5,29
2022-07-26,6,90
2022-07-26,7,129
2022-07-26,8,147
2022-07-26,9,134
2022-07-26,10,149
2022-07-26,11,178
2022-07-26,12,162
2022-07-26,13,168
2022-07-26,14,173
2022-07-26,15,235
2022-07-26,16,218
2022-07-26,17,162
2022-07-26,18,123
2022-07-26,19,125
2022-07-26,20,79
2022-07-26,21,62
2022-07-26,22,38
2022-07-26,23,16
2022-07-27,0,11
2022-07-27,1,7
2022-07-27,2,9
2022-07-27,3,13
2022-07-27,4,13
2022-07-27,5,35
2022-07-27,6,102
2022-07-27,7,142
2022-07-27,8,150
2022-07-27,9,161
2022-07-27,10,156
2022-07-27,11,159
2022-07-27,12,156
2022-07-27,13,179
2022-07-27,14,189
2022-07-27,15,227
2022-07-27,16,220
2022-07-27,17,165
2022-07-27,18,152
2022-07-27,19,113
2022-07-27,20,83
2022-07-27,21,73
2022-07-27,22,38
2022-07-27,23,33
2022-07-28,0,10
2022-07-28,1,5
2022-07-28,2,7
2022-07-28,3,12
2022-07-28,4,14
2022-07-28,5,37
2022-07-28,6,93
2022-07-28,7,143
2022-07-28,8,134
2022-07-28,9,163
2022-07-28,10,160
2022-07-28,11,178
2022-07-28,12,200
2022-07-28,13,182
2022-07-28,14,175
2022-07-28,15,189
2022-07-28,16,209
2022-07-28,17,199
2022-07-28,18,131
2022-07-28,19,99
2022-07-28,20,75
2022-07-28,21,60
2022-07-28,22,56
2022-07-28,23,23
2022-07-29,0,18
2022-07-29,1,7
2022-07-29,2,9
2022-07-29,3,11
2022-07-29,4,12
2022-07-29,5,21
2022-07-29,6,73
2022-07-29,7,127
2022-07-29,8,153
2022-07-29,9,156
2022-07-29,10,155
2022-07-29,11,171
2022-07-29,12,176
2022-07-29,13,196
2022-07-29,14,221
2022-07-29,15,199
2022-07-29,16,193
2022-07-29,17,170
2022-07-29,18,153
2022-07-29,19,126
2022-07-29,20,85
2022-07-29,21,58
2022-07-29,22,57
2022-07-29,23,36
2022-07-30,0,35
2022-07-30,1,14
2022-07-30,2,18
2022-07-30,3,15
2022-07-30,4,10
2022-07-30,5,18
2022-07-30,6,53
2022-07-30,7,66
2022-07-30,8,110
2022-07-30,9,139
2022-07-30,10,145
2022-07-30,11,158
2022-07-30,12,147
2022-07-30,13,158
2022-07-30,14,144
2022-07-30,15,125
2022-07-30,16,141
2022-07-30,17,120
2022-07-30,18,124
2022-07-30,19,98
2022-07-30,20,67
2022-07-30,21,60
2022-07-30,22,62
2022-07-30,23,44
2022-07-31,0,33
2022-07-31,1,29
2022-07-31,2,15
2022-07-31,3,18
2022-07-31,4,10
2022-07-31,5,17
2022-07-31,6,42
2022-07-31,7,45
2022-07-31,8,84
2022-07-31,9,92
2022-07-31,10,120
2022-07-31,11,152
2022-07-31,12,152
2022-07-31,13,148
2022-07-31,14,147
2022-07-31,15,137
2022-07-31,16,131
2022-07-31,17,113
2022-07-31,18,111
2022-07-31,19,96
2022-07-31,20,73
2022-07-31,21,52
2022-07-31,22,33
2022-07-31,23,24
2022-08-01,0,16
2022-08-01,1,10
2022-08-01,2,3
2022-08-01,3,15
2022-08-01,4,12
2022-08-01,5,28
2022-08-01,6,75
2022-08-01,7,123
2022-08-01,8,127
2022-08-01,9,146
2022-08-01,10,177
2022-08-01,11,163
2022-08-01,12,168
2022-08-01,13,174
2022-08-01,14,166
2022-08-01,15,208
2022-08-01,16,222
2022-08-01,17,178
2022-08-01,18,142
2022-08-01,19,95
2022-08-01,20,51
2022-08-01,21,54
2022-08-01,22,27
2022-08-01,23,19
2022-08-02,0,8
2022-08-02,1,3
2022-08-02,2,6
2022-08-02,3,6
2022-08-02,4,22
2022-08-02,5,25
2022-08-02,6,93
2022-08-02,7,128
2022-08-02,8,142
2022-08-02,9,131
2022-08-02,10,144
2022-08-02,11,158
2022-08-02,12,175
2022-08-02,13,186
2022-08-02,14,188
2022-08-02,15,235
2022-08-02,16,232
2022-08-02,17,152
2022-08-02,18,147
2022-08-02,19,107
2022-08-02,20,83
2022-08-02,21,57
2022-08-02,22,41
2022-08-02,23,14
2022-08-03,0,11
2022-08-03,1,9
2022-08-03,2,6
2022-08-03,3,18
2022-08-03,4,14
2022-08-03,5,34
2022-08-03,6,95
2022-08-03,7,126
2022-08-03,8,138
2022-08-03,9,158
2022-08-03,10,144
2022-08-03,11,169
2022-08-03,12,181
2022-08-03,13,174
2022-08-03,14,182
2022-08-03,15,240
2022-08-03,16,223
2022-08-03,17,180
2022-08-03,18,136
2022-08-03,19,110
2022-08-03,20,88
2022-08-03,21,73
2022-08-03,22,43
2022-08-03,23,22
2022-08-04,0,17
2022-08-04,1,11
2022-08-04,2,9
2022-08-04,3,12
2022-08-04,4,12
2022-08-04,5,47
2022-08-04,6,105
2022-08-04,7,144
2022-08-04,8,131
2022-08-04,9,146
2022-08-04,10,166
2022-08-04,11,159
2022-08-04,12,158
2022-08-04,13,198
2022-08-04,14,180
2022-08-04,15,216
2022-08-04,16,228
2022-08-04,17,179
2022-08-04,18,147
2022-08-04,19,125
2022-08-04,20,92
2022-08-04,21,61
2022-08-04,22,59
2022-08-04,23,27
2022-08-05,0,11
2022-08-05,1,10
2022-08-05,2,8
2022-08-05,3,10
2022-08-05,4,21
2022-08-05,5,28
2022-08-05,6,77
2022-08-05,7,124
2022-08-05,8,133
2022-08-05,9,130
2022-08-05,10,166
2022-08-05,11,169
2022-08-05,12,194
2022-08-05,13,193
2022-08-05,14,201
2022-08-05,15,215
2022-08-05,16,200
2022-08-05,17,168
2022-08-05,18,140
2022-08-05,19,114
2022-08-05,20,69
2022-08-05,21,76
2022-08-05,22,59
2022-08-05,23,37
2022-08-06,0,22
2022-08-06,1,17
2022-08-06,2,19
2022-08-06,3,14
2022-08-06,4,22
2022-08-06,5,20
2022-08-06,6,51
2022-08-06,7,69
2022-08-06,8,87
2022-08-06,9,122
2022-08-06,10,139
2022-08-06,11,156
2022-08-06,12,151
2022-08-06,13,157
2022-08-06,14,142
2022-08-06,15,125
2022-08-06,16,168
2022-08-06,17,135
2022-08-06,18,108
2022-08-06,19,94
2022-08-06,20,79
2022-08-06,21,59
2022-08-06,22,62
2022-08-06,23,44
2022-08-07,0,28
2022-08-07,1,20
2022-08-07,2,23
2022-08-07,3,15
2022-08-07,4,7
2022-08-07,5,17
2022-08-07,6,51
2022-08-07,7,41
2022-08-07,8,75
2022-08-07,9,102
2022-08-07,10,97
2022-08-07,11,134
2022-08-07,12,139
2022-08-07,13,164
2022-08-07,14,138
2022-08-07,15,120
2022-08-07,16,127
2022-08-07,17,102
2022-08-07,18,105
2022-08-07,19,74
2022-08-07,20,61
2022-08-07,21,57
2022-08-07,22,34
2022-08-07,23,12
2022-08-08,0,12
2022-08-08,1,11
2022-08-08,2,9
2022-08-08,3,8
2022-08-08,4,19
2022-08-08,5,29
2022-08-08,6,87
2022-08-08,7,132
2022-08-08,8,126
2022-08-08,9,134
2022-08-08,10,154
2022-08-08,11,160
2022-08-08,12,169
2022-08-08,13,149
2022-08-08,14,180
2022-08-08,15,216
2022-08-08,16,207
2022-08-08,17,161
2022-08-08,18,124
2022-08-08,19,110
2022-08-08,20,76
2022-08-08,21,50
2022-08-08,22,31
2022-08-08,23,24
2022-08-09,0,20
2022-08-09,1,9
2022-08-09,2,4
2022-08-09,3,7
2022-08-09,4,17
2022-08-09,5,35
2022-08-09,6,82
2022-08-09,7,162
2022-08-09,8,223
2022-08-09,9,183
2022-08-09,10,165
2022-08-09,11,193
2022-08-09,12,182
2022-08-09,13,185
2022-08-09,14,204
2022-08-09,15,230
2022-08-09,16,211
2022-08-09,17,194
2022-08-09,18,150
2022-08-09,19,105
2022-08-09,20,83
2022-08-09,21,66
2022-08-09,22,41
2022-08-09,23,21
2022-08-10,0,13
2022-08-10,1,5
2022-08-10,2,10
2022-08-10,3,10
2022-08-10,4,15
2022-08-10,5,30
2022-08-10,6,100
2022-08-10,7,148
2022-08-10,8,164
2022-08-10,9,158
2022-08-10,10,157
2022-08-10,11,198
2022-08-10,12,160
2022-08-10,13,180
2022-08-10,14,186
2022-08-10,15,208
2022-08-10,16,262
2022-08-10,17,189
2022-08-10,18,147
2022-08-10,19,109
2022-08-10,20,99
2022-08-10,21,65
2022-08-10,22,58
2022-08-10,23,28
2022-08-11,0,9
2022-08-11,1,17
2022-08-11,2,8
2022-08-11,3,8
2022-08-11,4,17
2022-08-11,5,31
2022-08-11,6,92
2022-08-11,7,164
2022-08-11,8,152
2022-08-11,9,153
2022-08-11,10,168
2022-08-11,11,190
2022-08-11,12,187
2022-08-11,13,188
2022-08-11,14,196
2022-08-11,15,234
2022-08-11,16,215
2022-08-11,17,179
2022-08-11,18,147
2022-08-11,19,104
2022-08-11,20,98
2022-08-11,21,70
2022-08-11,22,60
2022-08-11,23,27
2022-08-12,0,14
2022-08-12,1,14
2022-08-12,2,13
2022-08-12,3,9
2022-08-12,4,19
2022-08-12,5,30
2022-08-12,6,104
2022-08-12,7,150
2022-08-12,8,153
2022-08-12,9,173
2022-08-12,10,171
2022-08-12,11,193
2022-08-12,12,199
2022-08-12,13,187
2022-08-12,14,208
2022-08-12,15,205
2022-08-12,16,189
2022-08-12,17,122
2022-08-12,18,120
2022-08-12,19,97
2022-08-12,20,97
2022-08-12,21,80
2022-08-12,22,63
2022-08-12,23,45
2022-08-13,0,29
2022-08-13,1,23
2022-08-13,2,17
2022-08-13,3,10
2022-08-13,4,12
2022-08-13,5,20
2022-08-13,6,52
2022-08-13,7,58
2022-08-13,8,101
2022-08-13,9,129
2022-08-13,10,153
2022-08-13,11,152
2022-08-13,12,179
2022-08-13,13,175
2022-08-13,14,155
2022-08-13,15,133
2022-08-13,16,136
2022-08-13,17,118
2022-08-13,18,115
2022-08-13,19,95
2022-08-13,20,67
2022-08-13,21,86
2022-08-13,22,54
2022-08-13,23,42
2022-08-14,0,47
2022-08-14,1,27
2022-08-14,2,17
2022-08-14,3,21
2022-08-14,4,12
2022-08-14,5,20
2022-08-14,6,48
2022-08-14,7,40
2022-08-14,8,66
2022-08-14,9,97
2022-08-14,10,118
2022-08-14,11,122
2022-08-14,12,145
2022-08-14,13,133
2022-08-14,14,122
2022-08-14,15,127
2022-08-14,16,111
2022-08-14,17,102
2022-08-14,18,101
2022-08-14,19,103
2022-08-14,20,73
2022-08-14,21,45
2022-08-14,22,42
2022-08-14,23,22
2022-08-15,0,16
2022-08-15,1,8
2022-08-15,2,5
2022-08-15,3,8
2022-08-15,4,16
2022-08-15,5,31
2022-08-15,6,97
2022-08-15,7,141
2022-08-15,8,130
2022-08-15,9,148
2022-08-15,10,156
2022-08-15,11,189
2022-08-15,12,184
2022-08-15,13,170
2022-08-15,14,186
2022-08-15,15,243
2022-08-15,16,230
2022-08-15,17,185
2022-08-15,18,130
2022-08-15,19,117
2022-08-15,20,88
2022-08-15,21,47
2022-08-15,22,34
2022-08-15,23,16
2022-08-16,0,10
2022-08-16,1,9
2022-08-16,2,4
2022-08-16,3,6
2022-08-16,4,18
2022-08-16,5,33
2022-08-16,6,106
2022-08-16,7,161
2022-08-16,8,134
2022-08-16,9,147
2022-08-16,10,159
2022-08-16,11,166
2022-08-16,12,174
2022-08-16,13,179
2022-08-16,14,198
2022-08-16,15,225
2022-08-16,16,233
2022-08-16,17,190
2022-08-16,18,147
2022-08-16,19,96
2022-08-16,20,60
2022-08-16,21,64
2022-08-16,22,46
2022-08-16,23,18
2022-08-17,0,12
2022-08-17,1,7
2022-08-17,2,8
2022-08-17,3,6
2022-08-17,4,14
2022-08-17,5,34
2022-08-17,6,110
2022-08-17,7,153
2022-08-17,8,144
2022-08-17,9,156
2022-08-17,10,184
2022-08-17,11,186
2022-08-17,12,181
2022-08-17,13,193
2022-08-17,14,207
2022-08-17,15,255
2022-08-17,16,225
2022-08-17,17,203
2022-08-17,18,136
2022-08-17,19,103
2022-08-17,20,94
2022-08-17,21,70
2022-08-17,22,39
2022-08-17,23,25
2022-08-18,0,14
2022-08-18,1,9
2022-08-18,2,9
2022-08-18,3,9
2022-08-18,4,17
2022-08-18,5,30
2022-08-18,6,113
2022-08-18,7,163
2022-08-18,8,191
2022-08-18,9,172
2022-08-18,10,174
2022-08-18,11,173
2022-08-18,12,187
2022-08-18,13,181
2022-08-18,14,243
2022-08-18,15,279
2022-08-18,16,286
2022-08-18,17,220
2022-08-18,18,135
2022-08-18,19,118
2022-08-18,20,108
2022-08-18,21,67
2022-08-18,22,49
2022-08-18,23,23
2022-08-19,0,11
2022-08-19,1,9
2022-08-19,2,12
2022-08-19,3,5
2022-08-19,4,16
2022-08-19,5,36
2022-08-19,6,107
2022-08-19,7,193
2022-08-19,8,178
2022-08-19,9,164
2022-08-19,10,159
2022-08-19,11,206
2022-08-19,12,192
2022-08-19,13,222
2022-08-19,14,223
2022-08-19,15,226
2022-08-19,16,241
2022-08-19,17,194
2022-08-19,18,156
2022-08-19,19,121
2022-08-19,20,85
2022-08-19,21,89
2022-08-19,22,50
2022-08-19,23,46
2022-08-20,0,25
2022-08-20,1,21
2022-08-20,2,16
2022-08-20,3,12
2022-08-20,4,11
2022-08-20,5,17
2022-08-20,6,56
2022-08-20,7,84
2022-08-20,8,126
2022-08-20,9,138
2022-08-20,10,140
2022-08-20,11,165
2022-08-20,12,184
2022-08-20,13,181
2022-08-20,14,172
2022-08-20,15,166
2022-08-20,16,161
2022-08-20,17,147
2022-08-20,18,110
2022-08-20,19,118
2022-08-20,20,95
2022-08-20,21,78
2022-08-20,22,55
2022-08-20,23,39
2022-08-21,0,37
2022-08-21,1,22
2022-08-21,2,23
2022-08-21,3,10
2022-08-21,4,16
2022-08-21,5,16
2022-08-21,6,37
2022-08-21,7,55
2022-08-21,8,73
2022-08-21,9,99
2022-08-21,10,120
2022-08-21,11,152
2022-08-21,12,155
2022-08-21,13,171
2022-08-21,14,156
2022-08-21,15,154
2022-08-21,16,141
2022-08-21,17,128
2022-08-21,18,110
2022-08-21,19,90
2022-08-21,20,72
2022-08-21,21,46
2022-08-21,22,38
2022-08-21,23,25
2022-08-22,0,12
2022-08-22,1,9
2022-08-22,2,8
2022-08-22,3,6
2022-08-22,4,13
2022-08-22,5,28
2022-08-22,6,104
2022-08-22,7,173
2022-08-22,8,206
2022-08-22,9,148
2022-08-22,10,140
2022-08-22,11,176
2022-08-22,12,167
2022-08-22,13,187
2022-08-22,14,225
2022-08-22,15,287
2022-08-22,16,250
2022-08-22,17,200
2022-08-22,18,146
2022-08-22,19,92
2022-08-22,20,80
2022-08-22,21,49
2022-08-22,22,40
2022-08-22,23,14
2022-08-23,0,10
2022-08-23,1,7
2022-08-23,2,10
2022-08-23,3,8
2022-08-23,4,15
2022-08-23,5,27
2022-08-23,6,103
2022-08-23,7,181
2022-08-23,8,214
2022-08-23,9,181
2022-08-23,10,163
2022-08-23,11,171
2022-08-23,12,178
2022-08-23,13,181
2022-08-23,14,202
2022-08-23,15,298
2022-08-23,16,289
2022-08-23,17,196
2022-08-23,18,143
2022-08-23,19,126
2022-08-23,20,86
2022-08-23,21,56
2022-08-23,22,36
2022-08-23,23,29
2022-08-24,0,17
2022-08-24,1,16
2022-08-24,2,11
2022-08-24,3,4
2022-08-24,4,17
2022-08-24,5,40
2022-08-24,6,111
2022-08-24,7,177
2022-08-24,8,182
2022-08-24,9,161
2022-08-24,10,156
2022-08-24,11,200
2022-08-24,12,188
2022-08-24,13,188
2022-08-24,14,242
2022-08-24,15,305
2022-08-24,16,243
2022-08-24,17,223
2022-08-24,18,148
2022-08-24,19,87
2022-08-24,20,76
2022-08-24,21,63
2022-08-24,22,46
2022-08-24,23,29
2022-08-25,0,18
2022-08-25,1,12
2022-08-25,2,12
2022-08-25,3,11
2022-08-25,4,15
2022-08-25,5,41
2022-08-25,6,114
2022-08-25,7,180
2022-08-25,8,182
2022-08-25,9,160
2022-08-25,10,173
2022-08-25,11,164
2022-08-25,12,183
2022-08-25,13,198
2022-08-25,14,197
2022-08-25,15,278
2022-08-25,16,260
2022-08-25,17,206
2022-08-25,18,169
2022-08-25,19,137
2022-08-25,20,112
2022-08-25,21,66
2022-08-25,22,31
2022-08-25,23,31
2022-08-26,0,15
2022-08-26,1,9
2022-08-26,2,15
2022-08-26,3,16
2022-08-26,4,16
2022-08-26,5,33
2022-08-26,6,97
2022-08-26,7,158
2022-08-26,8,206
2022-08-26,9,152
2022-08-26,10,178
2022-08-26,11,204
2022-08-26,12,206
2022-08-26,13,212
2022-08-26,14,237
2022-08-26,15,292
2022-08-26,16,241
2022-08-26,17,173
2022-08-26,18,166
2022-08-26,19,116
2022-08-26,20,73
2022-08-26,21,83
2022-08-26,22,48
2022-08-26,23,50
2022-08-27,0,30
2022-08-27,1,20
2022-08-27,2,11
2022-08-27,3,11
2022-08-27,4,8
2022-08-27,5,20
2022-08-27,6,62
2022-08-27,7,104
2022-08-27,8,130
2022-08-27,9,171
2022-08-27,10,173
2022-08-27,11,163
2022-08-27,12,183
2022-08-27,13,182
2022-08-27,14,141
2022-08-27,15,160
2022-08-27,16,172
2022-08-27,17,140
2022-08-27,18,123
2022-08-27,19,112
2022-08-27,20,87
2022-08-27,21,66
2022-08-27,22,50
2022-08-27,23,44
2022-08-28,0,40
2022-08-28,1,26
2022-08-28,2,28
2022-08-28,3,18
2022-08-28,4,9
2022-08-28,5,16
2022-08-28,6,46
2022-08-28,7,53
2022-08-28,8,79
2022-08-28,9,115
2022-08-28,10,124
2022-08-28,11,153
2022-08-28,12,170
2022-08-28,13,166
2022-08-28,14,156
2022-08-28,15,141
2022-08-28,16,159
2022-08-28,17,108
2022-08-28,18,118
2022-08-28,19,78
2022-08-28,20,70
2022-08-28,21,45
2022-08-28,22,48
2022-08-28,23,22
2022-08-29,0,15
2022-08-29,1,12
2022-08-29,2,13
2022-08-29,3,7
2022-08-29,4,12
2022-08-29,5,30
2022-08-29,6,80
2022-08-29,7,166
2022-08-29,8,179
2022-08-29,9,143
2022-08-29,10,147
2022-08-29,11,167
2022-08-29,12,170
2022-08-29,13,192
2022-08-29,14,230
2022-08-29,15,295
2022-08-29,16,230
2022-08-29,17,174
2022-08-29,18,146
2022-08-29,19,112
2022-08-29,20,78
2022-08-29,21,58
2022-08-29,22,44
2022-08-29,23,21
2022-08-30,0,14
2022-08-30,1,4
2022-08-30,2,9
2022-08-30,3,14
2022-08-30,4,15
2022-08-30,5,36
2022-08-30,6,111
2022-08-30,7,174
2022-08-30,8,193
2022-08-30,9,157
2022-08-30,10,174
2022-08-30,11,181
2022-08-30,12,162
2022-08-30,13,171
2022-08-30,14,211
2022-08-30,15,267
2022-08-30,16,232
2022-08-30,17,226
2022-08-30,18,133
2022-08-30,19,124
2022-08-30,20,83
2022-08-30,21,69
2022-08-30,22,34
2022-08-30,23,23
2022-08-31,0,14
2022-08-31,1,6
2022-08-31,2,10
2022-08-31,3,8
2022-08-31,4,13
2022-08-31,5,44
2022-08-31,6,103
2022-08-31,7,177
2022-08-31,8,200
2022-08-31,9,157
2022-08-31,10,156
2022-08-31,11,182
2022-08-31,12,165
2022-08-31,13,215
2022-08-31,14,184
2022-08-31,15,279
2022-08-31,16,258
2022-08-31,17,197
2022-08-31,18,157
2022-08-31,19,120
2022-08-31,20,109
2022-08-31,21,62
2022-08-31,22,34
2022-08-31,23,21
2022-09-01,0,15
2022-09-01,1,12
2022-09-01,2,8
2022-09-01,3,8
2022-09-01,4,17
2022-09-01,5,34
2022-09-01,6,109
2022-09-01,7,188
2022-09-01,8,201
2022-09-01,9,148
2022-09-01,10,156
2022-09-01,11,193
2022-09-01,12,182
2022-09-01,13,196
2022-09-01,14,214
2022-09-01,15,169
2022-09-01,16,246
2022-09-01,17,218
2022-09-01,18,168
2022-09-01,19,141
2022-09-01,20,92
2022-09-01,21,75
2022-09-01,22,38
2022-09-01,23,16
2022-09-02,0,13
2022-09-02,1,11
2022-09-02,2,6
2022-09-02,3,9
2022-09-02,4,15
2022-09-02,5,33
2022-09-02,6,85
2022-09-02,7,187
2022-09-02,8,185
2022-09-02,9,158
2022-09-02,10,165
2022-09-02,11,222
2022-09-02,12,167
2022-09-02,13,229
2022-09-02,14,208
2022-09-02,15,225
2022-09-02,16,193
2022-09-02,17,181
2022-09-02,18,146
2022-09-02,19,129
2022-09-02,20,77
2022-09-02,21,68
2022-09-02,22,62
2022-09-02,23,32
2022-09-03,0,24
2022-09-03,1,12
2022-09-03,2,11
2022-09-03,3,12
2022-09-03,4,8
2022-09-03,5,19
2022-09-03,6,43
2022-09-03,7,73
2022-09-03,8,107
2022-09-03,9,146
2022-09-03,10,154
2022-09-03,11,155
2022-09-03,12,162
2022-09-03,13,149
2022-09-03,14,154
2022-09-03,15,166
2022-09-03,16,126
2022-09-03,17,128
2022-09-03,18,120
2022-09-03,19,91
2022-09-03,20,77
2022-09-03,21,71
2022-09-03,22,54
2022-09-03,23,39
2022-09-04,0,30
2022-09-04,1,29
2022-09-04,2,20
2022-09-04,3,17
2022-09-04,4,8
2022-09-04,5,13
2022-09-04,6,33
2022-09-04,7,40
2022-09-04,8,62
2022-09-04,9,98
2022-09-04,10,114
2022-09-04,11,128
2022-09-04,12,172
2022-09-04,13,168
2022-09-04,14,138
2022-09-04,15,150
2022-09-04,16,155
2022-09-04,17,108
2022-09-04,18,113
2022-09-04,19,85
2022-09-04,20,75
2022-09-04,21,51
2022-09-04,22,34
2022-09-04,23,22
2022-09-05,0,12
2022-09-05,1,10
2022-09-05,2,10
2022-09-05,3,7
2022-09-05,4,11
2022-09-05,5,30
2022-09-05,6,103
2022-09-05,7,166
2022-09-05,8,190
2022-09-05,9,129
2022-09-05,10,139
2022-09-05,11,149
2022-09-05,12,156
2022-09-05,13,182
2022-09-05,14,212
2022-09-05,15,244
2022-09-05,16,240
2022-09-05,17,188
2022-09-05,18,137
2022-09-05,19,115
2022-09-05,20,98
2022-09-05,21,48
2022-09-05,22,31
2022-09-05,23,20
2022-09-06,0,11
2022-09-06,1,8
2022-09-06,2,10
2022-09-06,3,7
2022-09-06,4,15
2022-09-06,5,44
2022-09-06,6,90
2022-09-06,7,185
2022-09-06,8,167
2022-09-06,9,140
2022-09-06,10,166
2022-09-06,11,179
2022-09-06,12,183
2022-09-06,13,197
2022-09-06,14,236
2022-09-06,15,237
2022-09-06,16,245
2022-09-06,17,186
2022-09-06,18,130
2022-09-06,19,91
2022-09-06,20,87
2022-09-06,21,64
2022-09-06,22,50
2022-09-06,23,21
2022-09-07,0,14
2022-09-07,1,11
2022-09-07,2,8
2022-09-07,3,9
2022-09-07,4,11
2022-09-07,5,33
2022-09-07,6,97
2022-09-07,7,170
2022-09-07,8,188
2022-09-07,9,169
2022-09-07,10,164
2022-09-07,11,232
2022-09-07,12,164
2022-09-07,13,206
2022-09-07,14,220
2022-09-07,15,253
2022-09-07,16,242
2022-09-07,17,206
2022-09-07,18,121
2022-09-07,19,96
2022-09-07,20,90
2022-09-07,21,66
2022-09-07,22,48
2022-09-07,23,27
2022-09-08,0,13
2022-09-08,1,9
2022-09-08,2,11
2022-09-08,3,10
2022-09-08,4,15
2022-09-08,5,39
2022-09-08,6,118
2022-09-08,7,184
2022-09-08,8,185
2022-09-08,9,169
2022-09-08,10,175
2022-09-08,11,180
2022-09-08,12,188
2022-09-08,13,181
2022-09-08,14,207
2022-09-08,15,259
2022-09-08,16,234
2022-09-08,17,205
2022-09-08,18,160
2022-09-08,19,153
2022-09-08,20,87
2022-09-08,21,52
2022-09-08,22,42
2022-09-08,23,34
2022-09-09,0,13
2022-09-09,1,13
2022-09-09,2,5
2022-09-09,3,9
2022-09-09,4,17
2022-09-09,5,37
2022-09-09,6,100
2022-09-09,7,162
2022-09-09,8,166
2022-09-09,9,161
2022-09-09,10,175
2022-09-09,11,197
2022-09-09,12,196
2022-09-09,13,191
2022-09-09,14,223
2022-09-09,15,284
2022-09-09,16,217
2022-09-09,17,172
2022-09-09,18,139
2022-09-09,19,133
2022-09-09,20,83
2022-09-09,21,66
2022-09-09,22,63
2022-09-09,23,40
2022-09-10,0,28
2022-09-10,1,13
2022-09-10,2,16
2022-09-10,3,20
2022-09-10,4,8
2022-09-10,5,16
2022-09-10,6,48
2022-09-10,7,80
2022-09-10,8,89
2022-09-10,9,128
2022-09-10,10,150
2022-09-10,11,170
2022-09-10,12,171
2022-09-10,13,172
2022-09-10,14,149
2022-09-10,15,155
2022-09-10,16,148
2022-09-10,17,143
2022-09-10,18,113
2022-09-10,19,107
2022-09-10,20,76
2022-09-10,21,67
2022-09-10,22,52
2022-09-10,23,39
2022-09-11,0,37
2022-09-11,1,24
2022-09-11,2,25
2022-09-11,3,12
2022-09-11,4,7
2022-09-11,5,13
2022-09-11,6,32
2022-09-11,7,33
2022-09-11,8,72
2022-09-11,9,114
2022-09-11,10,105
2022-09-11,11,153
2022-09-11,12,171
2022-09-11,13,149
2022-09-11,14,137
2022-09-11,15,146
2022-09-11,16,115
2022-09-11,17,99
2022-09-11,18,104
2022-09-11,19,89
2022-09-11,20,57
2022-09-11,21,47
2022-09-11,22,41
2022-09-11,23,17
2022-09-12,0,13
2022-09-12,1,7
2022-09-12,2,9
2022-09-12,3,7
2022-09-12,4,9
2022-09-12,5,37
2022-09-12,6,96
2022-09-12,7,154
2022-09-12,8,181
2022-09-12,9,144
2022-09-12,10,145
2022-09-12,11,192
2022-09-12,12,173
2022-09-12,13,167
2022-09-12,14,200
2022-09-12,15,247
2022-09-12,16,254
2022-09-12,17,186
2022-09-12,18,138
2022-09-12,19,104
2022-09-12,20,77
2022-09-12,21,54
2022-09-12,22,31
2022-09-12,23,16
2022-09-13,0,17
2022-09-13,1,10
2022-09-13,2,7
2022-09-13,3,9
2022-09-13,4,14
2022-09-13,5,38
2022-09-13,6,98
2022-09-13,7,184
2022-09-13,8,160
2022-09-13,9,143
2022-09-13,10,154
2022-09-13,11,196
2022-09-13,12,174
2022-09-13,13,189
2022-09-13,14,189
2022-09-13,15,234
2022-09-13,16,292
2022-09-13,17,178
2022-09-13,18,158
2022-09-13,19,132
2022-09-13,20,88
2022-09-13,21,51
2022-09-13,22,28
2022-09-13,23,27
2022-09-14,0,14
2022-09-14,1,6
2022-09-14,2,5
2022-09-14,3,11
2022-09-14,4,18
2022-09-14,5,27
2022-09-14,6,95
2022-09-14,7,166
2022-09-14,8,201
2022-09-14,9,143
2022-09-14,10,156
2022-09-14,11,203
2022-09-14,12,188
2022-09-14,13,173
2022-09-14,14,175
2022-09-14,15,240
2022-09-14,16,257
2022-09-14,17,182
2022-09-14,18,159
2022-09-14,19,128
2022-09-14,20,72
2022-09-14,21,65
2022-09-14,22,40
2022-09-14,23,20
2022-09-15,0,12
2022-09-15,1,12
2022-09-15,2,18
2022-09-15,3,13
2022-09-15,4,7
2022-09-15,5,40
2022-09-15,6,100
2022-09-15,7,179
2022-09-15,8,205
2022-09-15,9,149
2022-09-15,10,168
2022-09-15,11,181
2022-09-15,12,164
2022-09-15,13,189
2022-09-15,14,215
2022-09-15,15,257
2022-09-15,16,224
2022-09-15,17,176
2022-09-15,18,158
2022-09-15,19,116
2022-09-15,20,104
2022-09-15,21,69
2022-09-15,22,40
2022-09-15,23,21
2022-09-16,0,16
2022-09-16,1,19
2022-09-16,2,17
2022-09-16,3,12
2022-09-16,4,18
2022-09-16,5,30
2022-09-16,6,98
2022-09-16,7,171
2022-09-16,8,166
2022-09-16,9,137
2022-09-16,10,171
2022-09-16,11,212
2022-09-16,12,159
2022-09-16,13,218
2022-09-16,14,233
2022-09-16,15,222
2022-09-16,16,227
2022-09-16,17,170
2022-09-16,18,132
2022-09-16,19,111
2022-09-16,20,95
2022-09-16,21,61
2022-09-16,22,58
2022-09-16,23,39
2022-09-17,0,31
2022-09-17,1,18
2022-09-17,2,21
2022-09-17,3,12
2022-09-17,4,8
2022-09-17,5,22
2022-09-17,6,56
2022-09-17,7,98
2022-09-17,8,124
2022-09-17,9,147
2022-09-17,10,160
2022-09-17,11,187
2022-09-17,12,171
2022-09-17,13,175
2022-09-17,14,150
2022-09-17,15,160
2022-09-17,16,141
2022-09-17,17,138
2022-09-17,18,112
2022-09-17,19,92
2022-09-17,20,72
2022-09-17,21,55
2022-09-17,22,46
2022-09-17,23,42
2022-09-18,0,25
2022-09-18,1,21
2022-09-18,2,17
2022-09-18,3,16
2022-09-18,4,13
2022-09-18,5,15
2022-09-18,6,46
2022-09-18,7,36
2022-09-18,8,66
2022-09-18,9,110
2022-09-18,10,140
2022-09-18,11,169
2022-09-18,12,142
2022-09-18,13,165
2022-09-18,14,157
2022-09-18,15,157
2022-09-18,16,146
2022-09-18,17,134
2022-09-18,18,107
2022-09-18,19,103
2022-09-18,20,70
2022-09-18,21,56
2022-09-18,22,46
2022-09-18,23,27
2022-09-19,0,14
2022-09-19,1,11
2022-09-19,2,14
2022-09-19,3,8
2022-09-19,4,9
2022-09-19,5,22
2022-09-19,6,59
2022-09-19,7,72
2022-09-19,8,72
2022-09-19,9,94
2022-09-19,10,107
2022-09-19,11,111
2022-09-19,12,120
2022-09-19,13,134
2022-09-19,14,146
2022-09-19,15,135
2022-09-19,16,175
2022-09-19,17,97
2022-09-19,18,113
2022-09-19,19,92
2022-09-19,20,64
2022-09-19,21,37
2022-09-19,22,20
2022-09-19,23,15
2022-09-20,0,10
2022-09-20,1,9
2022-09-20,2,4
2022-09-20,3,6
2022-09-20,4,11
2022-09-20,5,29
2022-09-20,6,96
2022-09-20,7,174
2022-09-20,8,187
2022-09-20,9,135
2022-09-20,10,145
2022-09-20,11,172
2022-09-20,12,175
2022-09-20,13,203
2022-09-20,14,204
2022-09-20,15,308
2022-09-20,16,285
2022-09-20,17,202
2022-09-20,18,176
2022-09-20,19,125
2022-09-20,20,96
2022-09-20,21,48
2022-09-20,22,36
2022-09-20,23,13
2022-09-21,0,11
2022-09-21,1,11
2022-09-21,2,9
2022-09-21,3,6
2022-09-21,4,16
2022-09-21,5,44
2022-09-21,6,93
2022-09-21,7,158
2022-09-21,8,186
2022-09-21,9,154
2022-09-21,10,157
2022-09-21,11,188
2022-09-21,12,185
2022-09-21,13,188
2022-09-21,14,196
2022-09-21,15,278
2022-09-21,16,271
2022-09-21,17,194
2022-09-21,18,160
2022-09-21,19,106
2022-09-21,20,88
2022-09-21,21,62
2022-09-21,22,35
2022-09-21,23,23
2022-09-22,0,10
2022-09-22,1,13
2022-09-22,2,8
2022-09-22,3,10
2022-09-22,4,9
2022-09-22,5,35
2022-09-22,6,102
2022-09-22,7,170
2022-09-22,8,191
2022-09-22,9,149
2022-09-22,10,179
2022-09-22,11,176
2022-09-22,12,165
2022-09-22,13,195
2022-09-22,14,235
2022-09-22,15,272
2022-09-22,16,245
2022-09-22,17,202
2022-09-22,18,146
2022-09-22,19,128
2022-09-22,20,111
2022-09-22,21,68
2022-09-22,22,45
2022-09-22,23,29
2022-09-23,0,23
2022-09-23,1,10
2022-09-23,2,9
2022-09-23,3,8
2022-09-23,4,13
2022-09-23,5,30
2022-09-23,6,73
2022-09-23,7,130
2022-09-23,8,121
2022-09-23,9,142
2022-09-23,10,182
2022-09-23,11,179
2022-09-23,12,199
2022-09-23,13,177
2022-09-23,14,194
2022-09-23,15,237
2022-09-23,16,197
2022-09-23,17,164
2022-09-23,18,150
2022-09-23,19,112
2022-09-23,20,65
2022-09-23,21,65
2022-09-23,22,52
2022-09-23,23,38
2022-09-24,0,26
2022-09-24,1,18
2022-09-24,2,14
2022-09-24,3,15
2022-09-24,4,9
2022-09-24,5,11
2022-09-24,6,39
2022-09-24,7,65
2022-09-24,8,89
2022-09-24,9,191
2022-09-24,10,146
2022-09-24,11,126
2022-09-24,12,162
2022-09-24,13,157
2022-09-24,14,143
2022-09-24,15,149
2022-09-24,16,145
2022-09-24,17,119
2022-09-24,18,100
2022-09-24,19,100
2022-09-24,20,69
2022-09-24,21,63
2022-09-24,22,57
2022-09-24,23,44
2022-09-25,0,40
2022-09-25,1,22
2022-09-25,2,21
2022-09-25,3,10
2022-09-25,4,15
2022-09-25,5,13
2022-09-25,6,38
2022-09-25,7,30
2022-09-25,8,66
2022-09-25,9,100
2022-09-25,10,115
2022-09-25,11,144
2022-09-25,12,148
2022-09-25,13,136
2022-09-25,14,157
2022-09-25,15,132
2022-09-25,16,134
2022-09-25,17,111
2022-09-25,18,100
2022-09-25,19,82
2022-09-25,20,59
2022-09-25,21,53
2022-09-25,22,31
2022-09-25,23,20
2022-09-26,0,11
2022-09-26,1,9
2022-09-26,2,15
2022-09-26,3,7
2022-09-26,4,15
2022-09-26,5,33
2022-09-26,6,58
2022-09-26,7,93
2022-09-26,8,98
2022-09-26,9,123
2022-09-26,10,141
2022-09-26,11,147
2022-09-26,12,145
2022-09-26,13,152
2022-09-26,14,146
2022-09-26,15,170
2022-09-26,16,160
2022-09-26,17,171
2022-09-26,18,137
2022-09-26,19,91
2022-09-26,20,76
2022-09-26,21,46
2022-09-26,22,23
2022-09-26,23,17
2022-09-27,0,7
2022-09-27,1,9
2022-09-27,2,8
2022-09-27,3,6
2022-09-27,4,14
2022-09-27,5,30
2022-09-27,6,103
2022-09-27,7,189
2022-09-27,8,215
2022-09-27,9,153
2022-09-27,10,184
2022-09-27,11,185
2022-09-27,12,163
2022-09-27,13,172
2022-09-27,14,215
2022-09-27,15,249
2022-09-27,16,237
2022-09-27,17,210
2022-09-27,18,160
2022-09-27,19,125
2022-09-27,20,83
2022-09-27,21,51
2022-09-27,22,22
2022-09-27,23,16
2022-09-28,0,12
2022-09-28,1,12
2022-09-28,2,10
2022-09-28,3,8
2022-09-28,4,16
2022-09-28,5,40
2022-09-28,6,94
2022-09-28,7,163
2022-09-28,8,172
2022-09-28,9,155
2022-09-28,10,160
2022-09-28,11,181
2022-09-28,12,152
2022-09-28,13,181
2022-09-28,14,210
2022-09-28,15,237
2022-09-28,16,236
2022-09-28,17,196
2022-09-28,18,150
2022-09-28,19,100
2022-09-28,20,100
2022-09-28,21,62
2022-09-28,22,27
2022-09-28,23,16
2022-09-29,0,16
2022-09-29,1,8
2022-09-29,2,10
2022-09-29,3,9
2022-09-29,4,13
2022-09-29,5,37
2022-09-29,6,94
2022-09-29,7,151
2022-09-29,8,189
2022-09-29,9,165
2022-09-29,10,185
2022-09-29,11,178
2022-09-29,12,180
2022-09-29,13,194
2022-09-29,14,201
2022-09-29,15,254
2022-09-29,16,232
2022-09-29,17,208
2022-09-29,18,168
2022-09-29,19,137
2022-09-29,20,105
2022-09-29,21,54
2022-09-29,22,51
2022-09-29,23,19
2022-09-30,0,16
2022-09-30,1,10
2022-09-30,2,9
2022-09-30,3,9
2022-09-30,4,12
2022-09-30,5,33
2022-09-30,6,89
2022-09-30,7,180
2022-09-30,8,200
2022-09-30,9,151
2022-09-30,10,189
2022-09-30,11,232
2022-09-30,12,194
2022-09-30,13,194
2022-09-30,14,209
2022-09-30,15,248
2022-09-30,16,251
2022-09-30,17,230
2022-09-30,18,170
2022-09-30,19,110
2022-09-30,20,73
2022-09-30,21,62
2022-09-30,22,55
2022-09-30,23,43
2022-10-01,0,33
2022-10-01,1,21
2022-10-01,2,20
2022-10-01,3,16
2022-10-01,4,15
2022-10-01,5,17
2022-10-01,6,59
2022-10-01,7,84
2022-10-01,8,120
2022-10-01,9,168
2022-10-01,10,172
2022-10-01,11,184
2022-10-01,12,201
2022-10-01,13,181
2022-10-01,14,168
2022-10-01,15,169
2022-10-01,16,172
2022-10-01,17,155
2022-10-01,18,144
2022-10-01,19,94
2022-10-01,20,85
2022-10-01,21,69
2022-10-01,22,64
2022-10-01,23,47
2022-10-02,0,30
2022-10-02,1,30
2022-10-02,2,17
2022-10-02,3,16
2022-10-02,4,11
2022-10-02,5,10
2022-10-02,6,45
2022-10-02,7,41
2022-10-02,8,83
2022-10-02,9,136
2022-10-02,10,122
2022-10-02,11,184
2022-10-02,12,176
2022-10-02,13,186
2022-10-02,14,178
2022-10-02,15,149
2022-10-02,16,134
2022-10-02,17,133
2022-10-02,18,120
2022-10-02,19,104
2022-10-02,20,76
2022-10-02,21,57
2022-10-02,22,37
2022-10-02,23,21
2022-10-03,0,13
2022-10-03,1,9
2022-10-03,2,8
2022-10-03,3,6
2022-10-03,4,11
2022-10-03,5,36
2022-10-03,6,93
2022-10-03,7,142
2022-10-03,8,182
2022-10-03,9,140
2022-10-03,10,159
2022-10-03,11,187
2022-10-03,12,196
2022-10-03,13,198
2022-10-03,14,218
2022-10-03,15,249
2022-10-03,16,221
2022-10-03,17,165
2022-10-03,18,148
2022-10-03,19,104
2022-10-03,20,80
2022-10-03,21,41
2022-10-03,22,35
2022-10-03,23,18
2022-10-04,0,11
2022-10-04,1,17
2022-10-04,2,7
2022-10-04,3,7
2022-10-04,4,9
2022-10-04,5,45
2022-10-04,6,106
2022-10-04,7,158
2022-10-04,8,155
2022-10-04,9,143
2022-10-04,10,156
2022-10-04,11,183
2022-10-04,12,169
2022-10-04,13,180
2022-10-04,14,197
2022-10-04,15,253
2022-10-04,16,237
2022-10-04,17,196
2022-10-04,18,150
2022-10-04,19,108
2022-10-04,20,85
2022-10-04,21,69
2022-10-04,22,19
2022-10-04,23,19
2022-10-05,0,18
2022-10-05,1,5
2022-10-05,2,7
2022-10-05,3,6
2022-10-05,4,12
2022-10-05,5,35
2022-10-05,6,86
2022-10-05,7,153
2022-10-05,8,170
2022-10-05,9,156
2022-10-05,10,143
2022-10-05,11,181
2022-10-05,12,182
2022-10-05,13,218
2022-10-05,14,202
2022-10-05,15,256
2022-10-05,16,274
2022-10-05,17,209
2022-10-05,18,153
2022-10-05,19,100
2022-10-05,20,87
2022-10-05,21,60
2022-10-05,22,41
2022-10-05,23,23
2022-10-06,0,14
2022-10-06,1,7
2022-10-06,2,10
2022-10-06,3,6
2022-10-06,4,10
2022-10-06,5,39
2022-10-06,6,109
2022-10-06,7,175
2022-10-06,8,184
2022-10-06,9,159
2022-10-06,10,169
2022-10-06,11,165
2022-10-06,12,171
2022-10-06,13,184
2022-10-06,14,205
2022-10-06,15,261
2022-10-06,16,243
2022-10-06,17,193
2022-10-06,18,161
2022-10-06,19,130
2022-10-06,20,96
2022-10-06,21,66
2022-10-06,22,43
2022-10-06,23,28
2022-10-07,0,17
2022-10-07,1,13
2022-10-07,2,10
2022-10-07,3,9
2022-10-07,4,28
2022-10-07,5,36
2022-10-07,6,120
2022-10-07,7,153
2022-10-07,8,199
2022-10-07,9,190
2022-10-07,10,214
2022-10-07,11,231
2022-10-07,12,240
2022-10-07,13,177
2022-10-07,14,230
2022-10-07,15,279
2022-10-07,16,255
2022-10-07,17,212
2022-10-07,18,161
2022-10-07,19,125
2022-10-07,20,80
2022-10-07,21,75
2022-10-07,22,49
2022-10-07,23,44
2022-10-08,0,24
2022-10-08,1,13
2022-10-08,2,16
2022-10-08,3,20
2022-10-08,4,11
2022-10-08,5,15
2022-10-08,6,54
2022-10-08,7,88
2022-10-08,8,110
2022-10-08,9,148
2022-10-08,10,156
2022-10-08,11,171
2022-10-08,12,181
2022-10-08,13,199
2022-10-08,14,202
2022-10-08,15,146
2022-10-08,16,140
2022-10-08,17,127
2022-10-08,18,147
2022-10-08,19,95
2022-10-08,20,92
2022-10-08,21,87
2022-10-08,22,67
2022-10-08,23,45
2022-10-09,0,32
2022-10-09,1,24
2022-10-09,2,19
2022-10-09,3,19
2022-10-09,4,12
2022-10-09,5,14
2022-10-09,6,45
2022-10-09,7,50
2022-10-09,8,62
2022-10-09,9,103
2022-10-09,10,127
2022-10-09,11,162
2022-10-09,12,172
2022-10-09,13,170
2022-10-09,14,135
2022-10-09,15,149
2022-10-09,16,131
2022-10-09,17,104
2022-10-09,18,118
2022-10-09,19,85
2022-10-09,20,72
2022-10-09,21,48
2022-10-09,22,42
2022-10-09,23,16
2022-10-10,0,10
2022-10-10,1,12
2022-10-10,2,7
2022-10-10,3,6
2022-10-10,4,13
2022-10-10,5,39
2022-10-10,6,80
2022-10-10,7,177
2022-10-10,8,183
2022-10-10,9,110
2022-10-10,10,170
2022-10-10,11,180
2022-10-10,12,174
2022-10-10,13,186
2022-10-10,14,202
2022-10-10,15,271
2022-10-10,16,271
2022-10-10,17,192
2022-10-10,18,160
2022-10-10,19,101
2022-10-10,20,98
2022-10-10,21,52
2022-10-10,22,35
2022-10-10,23,16
2022-10-11,0,12
2022-10-11,1,11
2022-10-11,2,8
2022-10-11,3,11
2022-10-11,4,16
2022-10-11,5,28
2022-10-11,6,78
2022-10-11,7,176
2022-10-11,8,150
2022-10-11,9,145
2022-10-11,10,147
2022-10-11,11,175
2022-10-11,12,165
2022-10-11,13,190
2022-10-11,14,193
2022-10-11,15,259
2022-10-11,16,233
2022-10-11,17,196
2022-10-11,18,137
2022-10-11,19,94
2022-10-11,20,87
2022-10-11,21,62
2022-10-11,22,45
2022-10-11,23,18
2022-10-12,0,7
2022-10-12,1,8
2022-10-12,2,7
2022-10-12,3,5
2022-10-12,4,10
2022-10-12,5,30
2022-10-12,6,110
2022-10-12,7,155
2022-10-12,8,167
2022-10-12,9,159
2022-10-12,10,146
2022-10-12,11,188
2022-10-12,12,184
2022-10-12,13,195
2022-10-12,14,254
2022-10-12,15,264
2022-10-12,16,252
2022-10-12,17,175
2022-10-12,18,141
2022-10-12,19,122
2022-10-12,20,101
2022-10-12,21,75
2022-10-12,22,38
2022-10-12,23,25
2022-10-13,0,12
2022-10-13,1,10
2022-10-13,2,5
2022-10-13,3,12
2022-10-13,4,13
2022-10-13,5,34
2022-10-13,6,98
2022-10-13,7,155
2022-10-13,8,157
2022-10-13,9,142
2022-10-13,10,146
2022-10-13,11,168
2022-10-13,12,163
2022-10-13,13,182
2022-10-13,14,197
2022-10-13,15,251
2022-10-13,16,234
2022-10-13,17,202
2022-10-13,18,153
2022-10-13,19,128
2022-10-13,20,95
2022-10-13,21,80
2022-10-13,22,33
2022-10-13,23,28
2022-10-14,0,9
2022-10-14,1,12
2022-10-14,2,6
2022-10-14,3,10
2022-10-14,4,11
2022-10-14,5,31
2022-10-14,6,75
2022-10-14,7,157
2022-10-14,8,220
2022-10-14,9,157
2022-10-14,10,167
2022-10-14,11,186
2022-10-14,12,186
2022-10-14,13,209
2022-10-14,14,207
2022-10-14,15,243
2022-10-14,16,228
2022-10-14,17,184
2022-10-14,18,135
2022-10-14,19,109
2022-10-14,20,77
2022-10-14,21,71
2022-10-14,22,53
2022-10-14,23,59
2022-10-15,0,36
2022-10-15,1,27
2022-10-15,2,11
2022-10-15,3,9
2022-10-15,4,17
2022-10-15,5,14
2022-10-15,6,42
2022-10-15,7,72
2022-10-15,8,97
2022-10-15,9,122
2022-10-15,10,157
2022-10-15,11,178
2022-10-15,12,171
2022-10-15,13,173
2022-10-15,14,129
2022-10-15,15,145
2022-10-15,16,155
2022-10-15,17,127
2022-10-15,18,112
2022-10-15,19,77
2022-10-15,20,85
2022-10-15,21,75
2022-10-15,22,58
2022-10-15,23,40
2022-10-16,0,30
2022-10-16,1,28
2022-10-16,2,26
2022-10-16,3,21
2022-10-16,4,5
2022-10-16,5,14
2022-10-16,6,49
2022-10-16,7,36
2022-10-16,8,52
2022-10-16,9,91
2022-10-16,10,120
2022-10-16,11,141
2022-10-16,12,145
2022-10-16,13,167
2022-10-16,14,152
2022-10-16,15,152
2022-10-16,16,120
2022-10-16,17,100
2022-10-16,18,127
2022-10-16,19,62
2022-10-16,20,57
2022-10-16,21,51
2022-10-16,22,39
2022-10-16,23,20
2022-10-17,0,9
2022-10-17,1,14
2022-10-17,2,10
2022-10-17,3,8
2022-10-17,4,12
2022-10-17,5,34
2022-10-17,6,75
2022-10-17,7,125
2022-10-17,8,123
2022-10-17,9,155
2022-10-17,10,164
2022-10-17,11,147
2022-10-17,12,154
2022-10-17,13,177
2022-10-17,14,200
2022-10-17,15,210
2022-10-17,16,199
2022-10-17,17,146
2022-10-17,18,122
2022-10-17,19,84
2022-10-17,20,68
2022-10-17,21,68
2022-10-17,22,27
2022-10-17,23,19
2022-10-18,0,18
2022-10-18,1,11
2022-10-18,2,7
2022-10-18,3,10
2022-10-18,4,21
2022-10-18,5,36
2022-10-18,6,99
2022-10-18,7,138
2022-10-18,8,126
2022-10-18,9,134
2022-10-18,10,149
2022-10-18,11,157
2022-10-18,12,169
2022-10-18,13,178
2022-10-18,14,205
2022-10-18,15,207
2022-10-18,16,236
2022-10-18,17,162
2022-10-18,18,131
2022-10-18,19,100
2022-10-18,20,76
2022-10-18,21,61
2022-10-18,22,27
2022-10-18,23,20
2022-10-19,0,14
2022-10-19,1,10
2022-10-19,2,10
2022-10-19,3,8
2022-10-19,4,13
2022-10-19,5,22
2022-10-19,6,73
2022-10-19,7,177
2022-10-19,8,160
2022-10-19,9,128
2022-10-19,10,183
2022-10-19,11,176
2022-10-19,12,172
2022-10-19,13,179
2022-10-19,14,191
2022-10-19,15,203
2022-10-19,16,201
2022-10-19,17,151
2022-10-19,18,133
2022-10-19,19,100
2022-10-19,20,73
2022-10-19,21,61
2022-10-19,22,32
2022-10-19,23,23
2022-10-20,0,16
2022-10-20,1,5
2022-10-20,2,4
2022-10-20,3,12
2022-10-20,4,16
2022-10-20,5,33
2022-10-20,6,76
2022-10-20,7,105
2022-10-20,8,131
2022-10-20,9,186
2022-10-20,10,178
2022-10-20,11,166
2022-10-20,12,155
2022-10-20,13,168
2022-10-20,14,181
2022-10-20,15,203
2022-10-20,16,212
2022-10-20,17,173
2022-10-20,18,134
2022-10-20,19,110
2022-10-20,20,83
2022-10-20,21,71
2022-10-20,22,52
2022-10-20,23,25
2022-10-21,0,17
2022-10-21,1,16
2022-10-21,2,11
2022-10-21,3,10
2022-10-21,4,13
2022-10-21,5,31
2022-10-21,6,83
2022-10-21,7,113
2022-10-21,8,139
2022-10-21,9,134
2022-10-21,10,162
2022-10-21,11,183
2022-10-21,12,176
2022-10-21,13,152
2022-10-21,14,175
2022-10-21,15,221
2022-10-21,16,186
2022-10-21,17,148
2022-10-21,18,132
2022-10-21,19,109
2022-10-21,20,70
2022-10-21,21,72
2022-10-21,22,78
2022-10-21,23,50
2022-10-22,0,36
2022-10-22,1,22
2022-10-22,2,16
2022-10-22,3,16
2022-10-22,4,16
2022-10-22,5,16
2022-10-22,6,49
2022-10-22,7,76
2022-10-22,8,109
2022-10-22,9,128
2022-10-22,10,156
2022-10-22,11,168
2022-10-22,12,172
2022-10-22,13,197
2022-10-22,14,264
2022-10-22,15,172
2022-10-22,16,188
2022-10-22,17,126
2022-10-22,18,106
2022-10-22,19,94
2022-10-22,20,75
2022-10-22,21,77
2022-10-22,22,80
2022-10-22,23,56
2022-10-23,0,23
2022-10-23,1,27
2022-10-23,2,20
2022-10-23,3,23
2022-10-23,4,10
2022-10-23,5,10
2022-10-23,6,36
2022-10-23,7,32
2022-10-23,8,54
2022-10-23,9,92
2022-10-23,10,108
2022-10-23,11,147
2022-10-23,12,163
2022-10-23,13,175
2022-10-23,14,127
2022-10-23,15,144
2022-10-23,16,135
2022-10-23,17,127
2022-10-23,18,109
2022-10-23,19,80
2022-10-23,20,73
2022-10-23,21,65
2022-10-23,22,37
2022-10-23,23,26
2022-10-24,0,11
2022-10-24,1,13
2022-10-24,2,8
2022-10-24,3,5
2022-10-24,4,22
2022-10-24,5,40
2022-10-24,6,94
2022-10-24,7,142
2022-10-24,8,153
2022-10-24,9,189
2022-10-24,10,139
2022-10-24,11,187
2022-10-24,12,131
2022-10-24,13,173
2022-10-24,14,220
2022-10-24,15,243
2022-10-24,16,234
2022-10-24,17,186
2022-10-24,18,148
2022-10-24,19,96
2022-10-24,20,84
2022-10-24,21,37
2022-10-24,22,31
2022-10-24,23,18
2022-10-25,0,11
2022-10-25,1,6
2022-10-25,2,11
2022-10-25,3,4
2022-10-25,4,14
2022-10-25,5,34
2022-10-25,6,93
2022-10-25,7,176
2022-10-25,8,171
2022-10-25,9,154
2022-10-25,10,132
2022-10-25,11,175
2022-10-25,12,181
2022-10-25,13,174
2022-10-25,14,205
2022-10-25,15,252
2022-10-25,16,253
2022-10-25,17,185
2022-10-25,18,145
2022-10-25,19,114
2022-10-25,20,87
2022-10-25,21,60
2022-10-25,22,44
2022-10-25,23,25
2022-10-26,0,11
2022-10-26,1,11
2022-10-26,2,11
2022-10-26,3,4
2022-10-26,4,19
2022-10-26,5,36
2022-10-26,6,104
2022-10-26,7,173
2022-10-26,8,197
2022-10-26,9,161
2022-10-26,10,143
2022-10-26,11,176
2022-10-26,12,192
2022-10-26,13,210
2022-10-26,14,198
2022-10-26,15,292
2022-10-26,16,268
2022-10-26,17,187
2022-10-26,18,143
2022-10-26,19,133
2022-10-26,20,89
2022-10-26,21,75
2022-10-26,22,43
2022-10-26,23,30
2022-10-27,0,16
2022-10-27,1,6
2022-10-27,2,9
2022-10-27,3,8
2022-10-27,4,13
2022-10-27,5,37
2022-10-27,6,97
2022-10-27,7,193
2022-10-27,8,179
2022-10-27,9,148
2022-10-27,10,161
2022-10-27,11,180
2022-10-27,12,173
2022-10-27,13,250
2022-10-27,14,185
2022-10-27,15,263
2022-10-27,16,270
2022-10-27,17,236
2022-10-27,18,148
2022-10-27,19,143
2022-10-27,20,103
2022-10-27,21,79
2022-10-27,22,41
2022-10-27,23,28
2022-10-28,0,19
2022-10-28,1,15
2022-10-28,2,9
2022-10-28,3,6
2022-10-28,4,14
2022-10-28,5,49
2022-10-28,6,102
2022-10-28,7,148
2022-10-28,8,179
2022-10-28,9,172
2022-10-28,10,183
2022-10-28,11,219
2022-10-28,12,194
2022-10-28,13,179
2022-10-28,14,239
2022-10-28,15,240
2022-10-28,16,232
2022-10-28,17,201
2022-10-28,18,181
2022-10-28,19,100
2022-10-28,20,104
2022-10-28,21,86
2022-10-28,22,65
2022-10-28,23,41
2022-10-29,0,42
2022-10-29,1,19
2022-10-29,2,21
2022-10-29,3,21
2022-10-29,4,11
2022-10-29,5,19
2022-10-29,6,58
2022-10-29,7,84
2022-10-29,8,117
2022-10-29,9,145
2022-10-29,10,159
2022-10-29,11,184
2022-10-29,12,195
2022-10-29,13,188
2022-10-29,14,160
2022-10-29,15,159
2022-10-29,16,156
2022-10-29,17,128
2022-10-29,18,141
2022-10-29,19,107
2022-10-29,20,98
2022-10-29,21,87
2022-10-29,22,59
2022-10-29,23,54
2022-10-30,0,30
2022-10-30,1,36
2022-10-30,2,21
2022-10-30,3,19
2022-10-30,4,15
2022-10-30,5,9
2022-10-30,6,20
2022-10-30,7,34
2022-10-30,8,38
2022-10-30,9,101
2022-10-30,10,145
2022-10-30,11,137
2022-10-30,12,172
2022-10-30,13,194
2022-10-30,14,173
2022-10-30,15,170
2022-10-30,16,169
2022-10-30,17,135
2022-10-30,18,159
2022-10-30,19,142
2022-10-30,20,104
2022-10-30,21,69
2022-10-30,22,64
2022-10-30,23,32
2022-10-31,0,17
2022-10-31,1,11
2022-10-31,2,14
2022-10-31,3,9
2022-10-31,4,7
2022-10-31,5,13
2022-10-31,6,44
2022-10-31,7,103
2022-10-31,8,147
2022-10-31,9,179
2022-10-31,10,168
2022-10-31,11,154
2022-10-31,12,148
2022-10-31,13,175
2022-10-31,14,180
2022-10-31,15,215
2022-10-31,16,246
2022-10-31,17,243
2022-10-31,18,176
2022-10-31,19,138
2022-10-31,20,114
2022-10-31,21,95
2022-10-31,22,65
2022-10-31,23,31
2022-11-01,0,17
2022-11-01,1,13
2022-11-01,2,9
2022-11-01,3,13
2022-11-01,4,8
2022-11-01,5,16
2022-11-01,6,39
2022-11-01,7,108
2022-11-01,8,198
2022-11-01,9,186
2022-11-01,10,171
2022-11-01,11,161
2022-11-01,12,208
2022-11-01,13,183
2022-11-01,14,188
2022-11-01,15,215
2022-11-01,16,242
2022-11-01,17,280
2022-11-01,18,201
2022-11-01,19,191
2022-11-01,20,121
2022-11-01,21,115
2022-11-01,22,78
2022-11-01,23,29
2022-11-02,0,16
2022-11-02,1,18
2022-11-02,2,10
2022-11-02,3,7
2022-11-02,4,9
2022-11-02,5,12
2022-11-02,6,35
2022-11-02,7,97
2022-11-02,8,176
2022-11-02,9,163
2022-11-02,10,147
2022-11-02,11,153
2022-11-02,12,195
2022-11-02,13,179
2022-11-02,14,152
2022-11-02,15,225
2022-11-02,16,262
2022-11-02,17,254
2022-11-02,18,169
2022-11-02,19,159
2022-11-02,20,133
2022-11-02,21,96
2022-11-02,22,79
2022-11-02,23,32
2022-11-03,0,25
2022-11-03,1,18
2022-11-03,2,12
2022-11-03,3,9
2022-11-03,4,9
2022-11-03,5,10
2022-11-03,9,174
2022-11-03,10,165
2022-11-03,11,148
2022-11-03,12,158
2022-11-03,13,177
2022-11-03,14,181
2022-11-03,15,197
2022-11-03,16,240
2022-11-03,17,212
2022-11-03,18,193
2022-11-03,19,147
2022-11-03,20,137
2022-11-03,21,106
2022-11-03,22,69
2022-11-03,23,47
2022-11-04,0,27
2022-11-04,1,17
2022-11-04,2,14
2022-11-04,3,11
2022-11-04,4,10
2022-11-04,5,12
2022-11-04,6,41
2022-11-04,7,90
2022-11-04,8,170
2022-11-04,9,183
2022-11-04,10,135
2022-11-04,11,193
2022-11-04,12,193
2022-11-04,13,197
2022-11-04,14,226
2022-11-04,15,246
2022-11-04,16,278
2022-11-04,17,222
2022-11-04,18,177
2022-11-04,19,131
2022-11-04,20,100
2022-11-04,21,83
2022-11-04,22,86
2022-11-04,23,60
2022-11-05,0,43
2022-11-05,1,36
2022-11-05,2,21
2022-11-05,3,18
2022-11-05,4,12
2022-11-05,5,12
2022-11-05,6,12
2022-11-05,7,57
2022-11-05,8,97
2022-11-05,9,110
2022-11-05,10,136
2022-11-05,11,163
2022-11-05,12,162
2022-11-05,13,185
2022-11-05,14,171
2022-11-05,15,182
2022-11-05,16,153
2022-11-05,17,185
2022-11-05,18,160
2022-11-05,19,129
2022-11-05,20,77
2022-11-05,21,76
2022-11-05,22,73
2022-11-05,23,86
2022-11-06,0,55
2022-11-06,1,26
2022-11-06,2,23
2022-11-06,3,22
2022-11-06,4,16
2022-11-06,5,7
2022-11-06,6,14
2022-11-06,7,30
2022-11-06,8,50
2022-11-06,9,74
2022-11-06,10,104
2022-11-06,11,116
2022-11-06,12,156
2022-11-06,13,151
2022-11-06,14,151
2022-11-06,15,140
2022-11-06,16,167
2022-11-06,17,127
2022-11-06,18,111
2022-11-06,19,122
2022-11-06,20,87
2022-11-06,21,78
2022-11-06,22,50
2022-11-06,23,38
2022-11-07,0,15
2022-11-07,1,16
2022-11-07,2,10
2022-11-07,3,8
2022-11-07,4,2
2022-11-07,5,12
2022-11-07,6,43
2022-11-07,7,94
2022-11-07,8,157
2022-11-07,9,148
2022-11-07,10,148
2022-11-07,11,164
2022-11-07,12,160
2022-11-07,13,161
2022-11-07,14,170
2022-11-07,15,215
2022-11-07,16,260
2022-11-07,17,211
2022-11-07,18,170
2022-11-07,19,143
2022-11-07,20,101
2022-11-07,21,82
2022-11-07,22,67
2022-11-07,23,42
2022-11-08,0,23
2022-11-08,1,15
2022-11-08,2,4
2022-11-08,3,8
2022-11-08,4,10
2022-11-08,5,11
2022-11-08,6,35
2022-11-08,7,135
2022-11-08,8,155
2022-11-08,9,178
2022-11-08,10,156
2022-11-08,11,152
2022-11-08,12,178
2022-11-08,13,175
2022-11-08,14,189
2022-11-08,15,189
2022-11-08,16,268
2022-11-08,17,198
2022-11-08,18,174
2022-11-08,19,152
2022-11-08,20,121
2022-11-08,21,72
2022-11-08,22,47
2022-11-08,23,33
2022-11-09,0,24
2022-11-09,1,12
2022-11-09,2,14
2022-11-09,3,9
2022-11-09,4,10
2022-11-09,5,11
2022-11-09,6,39
2022-11-09,7,85
2022-11-09,8,180
2022-11-09,9,191
2022-11-09,10,143
2022-11-09,11,192
2022-11-09,12,193
2022-11-09,13,149
2022-11-09,14,194
2022-11-09,15,190
2022-11-09,16,274
2022-11-09,17,232
2022-11-09,18,172
2022-11-09,19,157
2022-11-09,20,109
2022-11-09,21,98
2022-11-09,22,54
2022-11-09,23,38
2022-11-10,0,23
2022-11-10,1,12
2022-11-10,2,9
2022-11-10,3,0
2022-11-10,4,3
2022-11-10,5,11
2022-11-10,6,42
2022-11-10,7,102
2022-11-10,8,193
2022-11-10,9,187
2022-11-10,10,141
2022-11-10,11,165
2022-11-10,12,189
2022-11-10,13,227
2022-11-10,14,181
2022-11-10,15,204
2022-11-10,16,255
2022-11-10,17,233
2022-11-10,18,197
2022-11-10,19,143
2022-11-10,20,120
2022-11-10,21,93
2022-11-10,22,57
2022-11-10,23,45
2022-11-11,0,26
2022-11-11,1,18
2022-11-11,2,8
2022-11-11,3,8
2022-11-11,4,7
2022-11-11,5,16
2022-11-11,6,31
2022-11-11,7,97
2022-11-11,8,167
2022-11-11,9,214
2022-11-11,10,164
2022-11-11,11,150
2022-11-11,12,173
2022-11-11,13,176
2022-11-11,14,196
2022-11-11,15,213
2022-11-11,16,252
2022-11-11,17,221
2022-11-11,18,180
2022-11-11,19,141
2022-11-11,20,118
2022-11-11,21,97
2022-11-11,22,88
2022-11-11,23,77
2022-11-12,0,47
2022-11-12,1,37
2022-11-12,2,22
2022-11-12,3,23
2022-11-12,4,14
2022-11-12,5,10
2022-11-12,6,13
2022-11-12,7,45
2022-11-12,8,84
2022-11-12,9,103
2022-11-12,10,141
2022-11-12,11,149
2022-11-12,12,159
2022-11-12,13,148
2022-11-12,14,166
2022-11-12,15,134
2022-11-12,16,136
2022-11-12,17,125
2022-11-12,18,133
2022-11-12,19,120
2022-11-12,20,94
2022-11-12,21,126
2022-11-12,22,83
2022-11-12,23,74
2022-11-13,0,67
2022-11-13,1,34
2022-11-13,2,23
2022-11-13,3,20
2022-11-13,4,21
2022-11-13,5,15
2022-11-13,6,11
2022-11-13,7,48
2022-11-13,8,46
2022-11-13,9,78
2022-11-13,10,116
2022-11-13,11,129
2022-11-13,12,136
2022-11-13,13,156
2022-11-13,14,158
2022-11-13,15,154
2022-11-13,16,139
2022-11-13,17,137
2022-11-13,18,121
2022-11-13,19,108
2022-11-13,20,78
2022-11-13,21,63
2022-11-13,22,54
2022-11-13,23,42
2022-11-14,0,22
2022-11-14,1,13
2022-11-14,2,13
2022-11-14,3,9
2022-11-14,4,7
2022-11-14,5,12
2022-11-14,6,42
2022-11-14,7,89
2022-11-14,8,150
2022-11-14,9,175
2022-11-14,10,163
2022-11-14,11,151
2022-11-14,12,162
2022-11-14,13,156
2022-11-14,14,149
2022-11-14,15,264
2022-11-14,16,210
2022-11-14,17,206
2022-11-14,18,169
2022-11-14,19,128
2022-11-14,20,107
2022-11-14,21,83
2022-11-14,22,65
2022-11-14,23,27
2022-11-15,0,22
2022-11-15,1,7
2022-11-15,2,11
2022-11-15,3,5
2022-11-15,4,6
2022-11-15,5,19
2022-11-15,6,38
2022-11-15,7,101
2022-11-15,8,186
2022-11-15,9,206
2022-11-15,10,160
2022-11-15,11,154
2022-11-15,12,170
2022-11-15,13,156
2022-11-15,14,182
2022-11-15,15,178
2022-11-15,16,222
2022-11-15,17,236
2022-11-15,18,200
2022-11-15,19,130
2022-11-15,20,105
2022-11-15,21,82
2022-11-15,22,62
2022-11-15,23,34
2022-11-16,0,12
2022-11-16,1,9
2022-11-16,2,12
2022-11-16,3,13
2022-11-16,4,13
2022-11-16,5,16
2022-11-16,6,44
2022-11-16,7,89
2022-11-16,8,164
2022-11-16,9,151
2022-11-16,10,151
2022-11-16,11,172
2022-11-16,12,181
2022-11-16,13,149
2022-11-16,14,180
2022-11-16,15,194
2022-11-16,16,219
2022-11-16,17,189
2022-11-16,18,167
2022-11-16,19,145
2022-11-16,20,106
2022-11-16,21,92
2022-11-16,22,79
2022-11-16,23,36
2022-11-17,0,26
2022-11-17,1,18
2022-11-17,2,7
2022-11-17,3,11
2022-11-17,4,10
2022-11-17,5,9
2022-11-17,6,39
2022-11-17,7,81
2022-11-17,8,159
2022-11-17,9,128
2022-11-17,10,151
2022-11-17,11,158
2022-11-17,12,173
2022-11-17,13,166
2022-11-17,14,193
2022-11-17,15,212
2022-11-17,16,248
2022-11-17,17,211
2022-11-17,18,207
2022-11-17,19,152
2022-11-17,20,123
2022-11-17,21,104
2022-11-17,22,70
2022-11-17,23,39
2022-11-18,0,18
2022-11-18,1,18
2022-11-18,2,12
2022-11-18,3,14
2022-11-18,4,10
2022-11-18,5,10
2022-11-18,6,36
2022-11-18,7,93
2022-11-18,8,172
2022-11-18,9,181
2022-11-18,10,158
2022-11-18,11,170
2022-11-18,12,189
2022-11-18,13,176
2022-11-18,14,186
2022-11-18,15,193
2022-11-18,16,250
2022-11-18,17,237
2022-11-18,18,171
2022-11-18,19,158
2022-11-18,20,106
2022-11-18,21,74
2022-11-18,22,70
2022-11-18,23,70
2022-11-19,0,48
2022-11-19,1,32
2022-11-19,2,22
2022-11-19,3,18
2022-11-19,4,13
2022-11-19,5,15
2022-11-19,6,19
2022-11-19,7,46
2022-11-19,8,100
2022-11-19,9,116
2022-11-19,10,145
2022-11-19,11,140
2022-11-19,12,145
2022-11-19,13,159
2022-11-19,14,169
2022-11-19,15,160
2022-11-19,16,144
2022-11-19,17,142
2022-11-19,18,137
2022-11-19,19,101
2022-11-19,20,83
2022-11-19,21,79
2022-11-19,22,81
2022-11-19,23,67
2022-11-20,0,53
2022-11-20,1,44
2022-11-20,2,27
2022-11-20,3,17
2022-11-20,4,13
2022-11-20,5,14
2022-11-20,6,15
2022-11-20,7,37
2022-11-20,8,39
2022-11-20,9,58
2022-11-20,10,109
2022-11-20,11,116
2022-11-20,12,129
2022-11-20,13,166
2022-11-20,14,157
2022-11-20,15,130
2022-11-20,16,126
2022-11-20,17,130
2022-11-20,18,111
2022-11-20,19,106
2022-11-20,20,125
2022-11-20,21,58
2022-11-20,22,33
2022-11-20,23,31
2022-11-21,0,23
2022-11-21,1,12
2022-11-21,2,15
2022-11-21,3,11
2022-11-21,4,8
2022-11-21,5,15
2022-11-21,6,40
2022-11-21,7,94
2022-11-21,8,137
2022-11-21,9,151
2022-11-21,10,130
2022-11-21,11,156
2022-11-21,12,157
2022-11-21,13,151
2022-11-21,14,143
2022-11-21,15,213
2022-11-21,16,234
2022-11-21,17,191
2022-11-21,18,154
2022-11-21,19,145
2022-11-21,20,102
2022-11-21,21,77
2022-11-21,22,53
2022-11-21,23,25
2022-11-22,0,19
2022-11-22,1,34
2022-11-22,2,10
2022-11-22,3,9
2022-11-22,4,7
2022-11-22,5,12
2022-11-22,6,38
2022-11-22,7,152
2022-11-22,8,157
2022-11-22,9,147
2022-11-22,10,132
2022-11-22,11,150
2022-11-22,12,149
2022-11-22,13,162
2022-11-22,14,176
2022-11-22,15,193
2022-11-22,16,225
2022-11-22,17,224
2022-11-22,18,161
2022-11-22,19,123
2022-11-22,20,114
2022-11-22,21,92
2022-11-22,22,57
2022-11-22,23,35
2022-11-23,0,16
2022-11-23,1,11
2022-11-23,2,7
2022-11-23,3,10
2022-11-23,4,9
2022-11-23,5,17
2022-11-23,6,45
2022-11-23,7,74
2022-11-23,8,148
2022-11-23,9,171
2022-11-23,10,165
2022-11-23,11,160
2022-11-23,12,180
2022-11-23,13,169
2022-11-23,14,190
2022-11-23,15,186
2022-11-23,16,237
2022-11-23,17,217
2022-11-23,18,168
2022-11-23,19,165
2022-11-23,20,107
2022-11-23,21,92
2022-11-23,22,63
2022-11-23,23,48
2022-11-24,0,26
2022-11-24,1,20
2022-11-24,2,11
2022-11-24,3,7
2022-11-24,4,10
2022-11-24,5,14
2022-11-24,6,38
2022-11-24,7,95
2022-11-24,8,131
2022-11-24,9,137
2022-11-24,10,155
2022-11-24,11,158
2022-11-24,12,188
2022-11-24,13,156
2022-11-24,14,170
2022-11-24,15,203
2022-11-24,16,217
2022-11-24,17,228
2022-11-24,18,187
2022-11-24,19,156
2022-11-24,20,103
2022-11-24,21,85
2022-11-24,22,60
2022-11-24,23,45
2022-11-25,0,29
2022-11-25,1,17
2022-11-25,2,11
2022-11-25,3,9
2022-11-25,4,2
2022-11-25,5,11
2022-11-25,6,35
2022-11-25,7,100
2022-11-25,8,163
2022-11-25,9,189
2022-11-25,10,213
2022-11-25,11,228
2022-11-25,12,250
2022-11-25,13,180
2022-11-25,14,177
2022-11-25,15,225
2022-11-25,16,211
2022-11-25,17,205
2022-11-25,18,170
2022-11-25,19,131
2022-11-25,20,93
2022-11-25,21,72
2022-11-25,22,77
2022-11-25,23,58
2022-11-26,0,49
2022-11-26,1,28
2022-11-26,2,24
2022-11-26,3,9
2022-11-26,4,12
2022-11-26,5,14
2022-11-26,6,24
2022-11-26,7,51
2022-11-26,8,69
2022-11-26,9,105
2022-11-26,10,119
2022-11-26,11,133
2022-11-26,12,172
2022-11-26,13,160
2022-11-26,14,179
2022-11-26,15,159
2022-11-26,16,146
2022-11-26,17,137
2022-11-26,18,124
2022-11-26,19,107
2022-11-26,20,86
2022-11-26,21,70
2022-11-26,22,71
2022-11-26,23,48
2022-11-27,0,33
2022-11-27,1,36
2022-11-27,2,29
2022-11-27,3,17
2022-11-27,4,17
2022-11-27,5,13
2022-11-27,6,16
2022-11-27,7,34
2022-11-27,8,41
2022-11-27,9,81
2022-11-27,10,99
2022-11-27,11,125
2022-11-27,12,148
2022-11-27,13,139
2022-11-27,14,177
2022-11-27,15,155
2022-11-27,16,136
2022-11-27,17,112
2022-11-27,18,124
2022-11-27,19,107
2022-11-27,20,76
2022-11-27,21,45
2022-11-27,22,101
2022-11-27,23,34
2022-11-28,0,25
2022-11-28,1,11
2022-11-28,2,8
2022-11-28,3,9
2022-11-28,4,7
2022-11-28,5,9
2022-11-28,6,36
2022-11-28,7,90
2022-11-28,8,143
2022-11-28,9,162
2022-11-28,10,137
2022-11-28,11,161
2022-11-28,12,169
2022-11-28,13,163
2022-11-28,14,172
2022-11-28,15,221
2022-11-28,16,229
2022-11-28,17,195
2022-11-28,18,187
2022-11-28,19,128
2022-11-28,20,76
2022-11-28,21,81
2022-11-28,22,50
2022-11-28,23,132
2022-11-29,0,21
2022-11-29,1,11
2022-11-29,2,10
2022-11-29,3,4
2022-11-29,4,4
2022-11-29,5,14
2022-11-29,6,51
2022-11-29,7,104
2022-11-29,8,179
2022-11-29,9,177
2022-11-29,10,142
2022-11-29,11,163
2022-11-29,12,171
2022-11-29,13,154
2022-11-29,14,157
2022-11-29,15,219
2022-11-29,16,261
2022-11-29,17,215
2022-11-29,18,191
2022-11-29,19,135
2022-11-29,20,100
2022-11-29,21,87
2022-11-29,22,64
2022-11-29,23,37
2022-11-30,0,25
2022-11-30,1,8
2022-11-30,2,12
2022-11-30,3,7
2022-11-30,4,11
2022-11-30,5,11
2022-11-30,6,38
2022-11-30,7,92
2022-11-30,8,170
2022-11-30,9,163
2022-11-30,10,151
2022-11-30,11,176
2022-11-30,12,174
2022-11-30,13,157
2022-11-30,14,210
2022-11-30,15,224
2022-11-30,16,228
2022-11-30,17,216
2022-11-30,18,190
2022-11-30,19,147
2022-11-30,20,111
2022-11-30,21,88
2022-11-30,22,47
2022-11-30,23,39
2022-12-01,0,19
2022-12-01,1,19
2022-12-01,2,8
2022-12-01,3,4
2022-12-01,4,13
2022-12-01,5,17
2022-12-01,6,32
2022-12-01,7,145
2022-12-01,8,176
2022-12-01,9,158
2022-12-01,10,150
2022-12-01,11,156
2022-12-01,12,174
2022-12-01,13,165
2022-12-01,14,176
2022-12-01,15,246
2022-12-01,16,241
2022-12-01,17,223
2022-12-01,18,197
2022-12-01,19,163
2022-12-01,20,110
2022-12-01,21,105
2022-12-01,22,81
2022-12-01,23,48
2022-12-02,0,22
2022-12-02,1,22
2022-12-02,2,11
2022-12-02,3,13
2022-12-02,4,9
2022-12-02,5,16
2022-12-02,6,39
2022-12-02,7,83
2022-12-02,8,176
2022-12-02,9,165
2022-12-02,10,156
2022-12-02,11,164
2022-12-02,12,179
2022-12-02,13,180
2022-12-02,14,213
2022-12-02,15,217
2022-12-02,16,265
2022-12-02,17,288
2022-12-02,18,163
2022-12-02,19,122
2022-12-02,20,83
2022-12-02,21,91
2022-12-02,22,85
2022-12-02,23,88
2022-12-03,0,50
2022-12-03,1,45
2022-12-03,2,27
2022-12-03,3,24
2022-12-03,4,16
2022-12-03,5,11
2022-12-03,6,13
2022-12-03,7,48
2022-12-03,8,76
2022-12-03,9,117
2022-12-03,10,157
2022-12-03,11,125
2022-12-03,12,167
2022-12-03,13,153
2022-12-03,14,164
2022-12-03,15,153
2022-12-03,16,164
2022-12-03,17,150
2022-12-03,18,97
2022-12-03,19,113
2022-12-03,20,80
2022-12-03,21,61
2022-12-03,22,84
2022-12-03,23,117
2022-12-04,0,77
2022-12-04,1,40
2022-12-04,2,23
2022-12-04,3,22
2022-12-04,4,16
2022-12-04,5,12
2022-12-04,6,12
2022-12-04,7,40
2022-12-04,8,40
2022-12-04,9,75
2022-12-04,10,110
2022-12-04,11,120
2022-12-04,12,146
2022-12-04,13,154
2022-12-04,14,177
2022-12-04,15,135
2022-12-04,16,124
2022-12-04,17,124
2022-12-04,18,92
2022-12-04,19,80
2022-12-04,20,73
2022-12-04,21,77
2022-12-04,22,40
2022-12-04,23,28
2022-12-05,0,14
2022-12-05,1,15
2022-12-05,2,11
2022-12-05,3,6
2022-12-05,4,9
2022-12-05,5,14
2022-12-05,6,31
2022-12-05,7,98
2022-12-05,8,159
2022-12-05,9,148
2022-12-05,10,117
2022-12-05,11,149
2022-12-05,12,159
2022-12-05,13,167
2022-12-05,14,190
2022-12-05,15,167
2022-12-05,16,229
2022-12-05,17,266
2022-12-05,18,163
2022-12-05,19,122
2022-12-05,20,98
2022-12-05,21,69
2022-12-05,22,54
2022-12-05,23,24
2022-12-06,0,14
2022-12-06,1,18
2022-12-06,2,7
2022-12-06,3,3
2022-12-06,4,6
2022-12-06,5,11
2022-12-06,6,42
2022-12-06,7,105
2022-12-06,8,183
2022-12-06,9,170
2022-12-06,10,145
2022-12-06,11,146
2022-12-06,12,171
2022-12-06,13,146
2022-12-06,14,188
2022-12-06,15,194
2022-12-06,16,251
2022-12-06,17,185
2022-12-06,18,154
2022-12-06,19,148
2022-12-06,20,85
2022-12-06,21,84
2022-12-06,22,70
2022-12-06,23,34
2022-12-07,0,16
2022-12-07,1,18
2022-12-07,2,11
2022-12-07,3,9
2022-12-07,4,9
2022-12-07,5,13
2022-12-07,6,25
2022-12-07,7,93
2022-12-07,8,141
2022-12-07,9,137
2022-12-07,10,131
2022-12-07,11,156
2022-12-07,12,172
2022-12-07,13,180
2022-12-07,14,187
2022-12-07,15,193
2022-12-07,16,243
2022-12-07,17,247
2022-12-07,18,175
2022-12-07,19,151
2022-12-07,20,119
2022-12-07,21,86
2022-12-07,22,82
2022-12-07,23,41
2022-12-08,0,23
2022-12-08,1,16
2022-12-08,2,13
2022-12-08,3,7
2022-12-08,4,9
2022-12-08,5,14
2022-12-08,6,34
2022-12-08,7,95
2022-12-08,8,179
2022-12-08,9,174
2022-12-08,10,149
2022-12-08,11,170
2022-12-08,12,177
2022-12-08,13,173
2022-12-08,14,155
2022-12-08,15,190
2022-12-08,16,243
2022-12-08,17,239
2022-12-08,18,178
2022-12-08,19,128
2022-12-08,20,125
2022-12-08,21,96
2022-12-08,22,115
2022-12-08,23,72
2022-12-09,0,28
2022-12-09,1,18
2022-12-09,2,16
2022-12-09,3,7
2022-12-09,4,8
2022-12-09,5,12
2022-12-09,6,30
2022-12-09,7,94
2022-12-09,8,163
2022-12-09,9,148
2022-12-09,10,150
2022-12-09,11,142
2022-12-09,12,180
2022-12-09,13,168
2022-12-09,14,177
2022-12-09,15,294
2022-12-09,16,215
2022-12-09,17,204
2022-12-09,18,175
2022-12-09,19,147
2022-12-09,20,100
2022-12-09,21,65
2022-12-09,22,93
2022-12-09,23,71
2022-12-10,0,52
2022-12-10,1,28
2022-12-10,2,32
2022-12-10,3,22
2022-12-10,4,16
2022-12-10,5,10
2022-12-10,6,18
2022-12-10,7,55
2022-12-10,8,59
2022-12-10,9,85
2022-12-10,10,109
2022-12-10,11,155
2022-12-10,12,182
2022-12-10,13,167
2022-12-10,14,161
2022-12-10,15,150
2022-12-10,16,157
2022-12-10,17,166
2022-12-10,18,124
2022-12-10,19,80
2022-12-10,20,73
2022-12-10,21,74
2022-12-10,22,94
2022-12-10,23,65
2022-12-11,0,42
2022-12-11,1,41
2022-12-11,2,30
2022-12-11,3,26
2022-12-11,4,20
2022-12-11,5,11
2022-12-11,6,15
2022-12-11,7,41
2022-12-11,8,36
2022-12-11,9,54
2022-12-11,10,110
2022-12-11,11,119
2022-12-11,12,121
2022-12-11,13,133
2022-12-11,14,154
2022-12-11,15,151
2022-12-11,16,141
2022-12-11,17,125
2022-12-11,18,109
2022-12-11,19,89
2022-12-11,20,83
2022-12-11,21,78
2022-12-11,22,56
2022-12-11,23,39
2022-12-12,0,26
2022-12-12,1,10
2022-12-12,2,8
2022-12-12,3,9
2022-12-12,4,7
2022-12-12,5,13
2022-12-12,6,23
2022-12-12,7,79
2022-12-12,8,174
2022-12-12,9,206
2022-12-12,10,128
2022-12-12,11,164
2022-12-12,12,173
2022-12-12,13,173
2022-12-12,14,187
2022-12-12,15,214
2022-12-12,16,248
2022-12-12,17,212
2022-12-12,18,166
2022-12-12,19,119
2022-12-12,20,85
2022-12-12,21,77
2022-12-12,22,51
2022-12-12,23,29
2022-12-13,0,16
2022-12-13,1,10
2022-12-13,2,12
2022-12-13,3,8
2022-12-13,4,8
2022-12-13,5,12
2022-12-13,6,30
2022-12-13,7,92
2022-12-13,8,167
2022-12-13,9,191
2022-12-13,10,138
2022-12-13,11,160
2022-12-13,12,150
2022-12-13,13,181
2022-12-13,14,179
2022-12-13,15,191
2022-12-13,16,234
2022-12-13,17,272
2022-12-13,18,174
2022-12-13,19,137
2022-12-13,20,103
2022-12-13,21,91
2022-12-13,22,58
2022-12-13,23,47
2022-12-14,0,26
2022-12-14,1,11
2022-12-14,2,4
2022-12-14,3,11
2022-12-14,4,6
2022-12-14,5,16
2022-12-14,6,30
2022-12-14,7,80
2022-12-14,8,178
2022-12-14,9,185
2022-12-14,10,161
2022-12-14,11,160
2022-12-14,12,167
2022-12-14,13,168
2022-12-14,14,207
2022-12-14,15,254
2022-12-14,16,321
2022-12-14,17,295
2022-12-14,18,207
2022-12-14,19,133
2022-12-14,20,108
2022-12-14,21,91
2022-12-14,22,73
2022-12-14,23,57
2022-12-15,0,31
2022-12-15,1,17
2022-12-15,2,10
2022-12-15,3,9
2022-12-15,4,12
2022-12-15,5,8
2022-12-15,6,32
2022-12-15,7,110
2022-12-15,8,207
2022-12-15,9,185
2022-12-15,10,145
2022-12-15,11,223
2022-12-15,12,194
2022-12-15,13,174
2022-12-15,14,205
2022-12-15,15,234
2022-12-15,16,282
2022-12-15,17,241
2022-12-15,18,223
2022-12-15,19,159
2022-12-15,20,108
2022-12-15,21,93
2022-12-15,22,97
2022-12-15,23,66
2022-12-16,0,37
2022-12-16,1,22
2022-12-16,2,13
2022-12-16,3,9
2022-12-16,4,12
2022-12-16,5,16
2022-12-16,6,36
2022-12-16,7,80
2022-12-16,8,149
2022-12-16,9,200
2022-12-16,10,152
2022-12-16,11,148
2022-12-16,12,171
2022-12-16,13,188
2022-12-16,14,205
2022-12-16,15,212
2022-12-16,16,231
2022-12-16,17,219
2022-12-16,18,147
2022-12-16,19,149
2022-12-16,20,112
2022-12-16,21,84
2022-12-16,22,85
2022-12-16,23,62
2022-12-17,0,60
2022-12-17,1,47
2022-12-17,2,24
2022-12-17,3,15
2022-12-17,4,12
2022-12-17,5,11
2022-12-17,6,16
2022-12-17,7,66
2022-12-17,8,67
2022-12-17,9,96
2022-12-17,10,122
2022-12-17,11,138
2022-12-17,12,162
2022-12-17,13,169
2022-12-17,14,171
2022-12-17,15,174
2022-12-17,16,158
2022-12-17,17,174
2022-12-17,18,120
2022-12-17,19,120
2022-12-17,20,83
2022-12-17,21,76
2022-12-17,22,89
2022-12-17,23,79
2022-12-18,0,60
2022-12-18,1,37
2022-12-18,2,35
2022-12-18,3,22
2022-12-18,4,23
2022-12-18,5,14
2022-12-18,6,20
2022-12-18,7,40
2022-12-18,8,46
2022-12-18,9,61
2022-12-18,10,104
2022-12-18,11,126
2022-12-18,12,154
2022-12-18,13,174
2022-12-18,14,148
2022-12-18,15,150
2022-12-18,16,112
2022-12-18,17,106
2022-12-18,18,94
2022-12-18,19,127
2022-12-18,20,92
2022-12-18,21,64
2022-12-18,22,62
2022-12-18,23,29
2022-12-19,0,18
2022-12-19,14,221
2022-12-19,15,238
2022-12-19,16,267
2022-12-19,17,244
2022-12-19,18,175
2022-12-19,19,121
2022-12-19,20,96
2022-12-19,21,77
2022-12-19,22,58
2022-12-19,23,40
2022-12-20,0,19
2022-12-20,1,14
2022-12-20,2,6
2022-12-20,3,6
2022-12-20,4,4
2022-12-20,5,14
2022-12-20,6,33
2022-12-20,7,75
2022-12-20,8,163
2022-12-20,9,165
2022-12-20,10,162
2022-12-20,11,182
2022-12-20,12,196
2022-12-20,13,183
2022-12-20,14,204
2022-12-20,15,223
2022-12-20,16,274
2022-12-20,17,257
2022-12-20,18,190
2022-12-20,19,159
2022-12-20,20,112
2022-12-20,21,72
2022-12-20,22,76
2022-12-20,23,45
2022-12-21,0,27
2022-12-21,1,22
2022-12-21,2,9
2022-12-21,3,13
2022-12-21,4,9
2022-12-21,5,15
2022-12-21,6,32
2022-12-21,7,97
2022-12-21,8,164
2022-12-21,9,161
2022-12-21,10,165
2022-12-21,11,177
2022-12-21,12,213
2022-12-21,13,186
2022-12-21,14,202
2022-12-21,15,240
2022-12-21,16,233
2022-12-21,17,243
2022-12-21,18,161
2022-12-21,19,139
2022-12-21,20,101
2022-12-21,21,62
2022-12-21,22,83
2022-12-21,23,46
2022-12-22,0,28
2022-12-22,1,21
2022-12-22,2,10
2022-12-22,3,4
2022-12-22,4,9
2022-12-22,5,20
2022-12-22,6,23
2022-12-22,7,85
2022-12-22,8,150
2022-12-22,9,143
2022-12-22,10,163
2022-12-22,11,190
2022-12-22,12,208
2022-12-22,13,203
2022-12-22,14,231
2022-12-22,15,207
2022-12-22,16,228
2022-12-22,17,247
2022-12-22,18,169
2022-12-22,19,148
2022-12-22,20,118
2022-12-22,21,111
2022-12-22,22,82
2022-12-22,23,44
2022-12-23,0,36
2022-12-23,1,23
2022-12-23,2,22
2022-12-23,3,7
2022-12-23,4,12
2022-12-23,5,10
2022-12-23,6,32
2022-12-23,7,83
2022-12-23,8,117
2022-12-23,9,111
2022-12-23,10,159
2022-12-23,11,226
2022-12-23,12,207
2022-12-23,13,205
2022-12-23,14,198
2022-12-23,15,238
2022-12-23,16,180
2022-12-23,17,175
2022-12-23,18,146
2022-12-23,19,124
2022-12-23,20,112
2022-12-23,21,80
2022-12-23,22,81
2022-12-23,23,48
2022-12-24,0,49
2022-12-24,1,31
2022-12-24,2,23
2022-12-24,3,16
2022-12-24,4,12
2022-12-24,5,16
2022-12-24,6,14
2022-12-24,7,52
2022-12-24,8,66
2022-12-24,9,85
2022-12-24,10,174
2022-12-24,11,151
2022-12-24,12,177
2022-12-24,13,150
2022-12-24,14,163
2022-12-24,15,165
2022-12-24,16,158
2022-12-24,17,145
2022-12-24,18,102
2022-12-24,19,98
2022-12-24,20,72
2022-12-24,21,63
2022-12-24,22,67
2022-12-24,23,33
2022-12-25,0,35
2022-12-25,1,9
2022-12-25,2,9
2022-12-25,3,6
2022-12-25,4,3
2022-12-25,5,5
2022-12-25,6,10
2022-12-25,7,19
2022-12-25,8,17
2022-12-25,9,26
2022-12-25,10,60
2022-12-25,11,81
2022-12-25,12,89
2022-12-25,13,113
2022-12-25,14,123
2022-12-25,15,110
2022-12-25,16,66
2022-12-25,17,44
2022-12-25,18,60
2022-12-25,19,65
2022-12-25,20,64
2022-12-25,21,55
2022-12-25,22,45
2022-12-25,23,43
2022-12-26,0,25
2022-12-26,1,17
2022-12-26,2,12
2022-12-26,3,2
2022-12-26,4,10
2022-12-26,5,10
2022-12-26,6,15
2022-12-26,7,20
2022-12-26,8,26
2022-12-26,9,28
2022-12-26,10,48
2022-12-26,11,64
2022-12-26,12,107
2022-12-26,13,108
2022-12-26,14,112
2022-12-26,15,102
2022-12-26,16,105
2022-12-26,17,78
2022-12-26,18,77
2022-12-26,19,77
2022-12-26,20,72
2022-12-26,21,46
2022-12-26,22,47
2022-12-26,23,34
2022-12-27,0,24
2022-12-27,1,18
2022-12-27,2,11
2022-12-27,3,12
2022-12-27,4,6
2022-12-27,5,8
2022-12-27,6,8
2022-12-27,7,40
2022-12-27,8,41
2022-12-27,9,62
2022-12-27,10,76
2022-12-27,11,122
2022-12-27,12,110
2022-12-27,13,126
2022-12-27,14,149
2022-12-27,15,137
2022-12-27,16,140
2022-12-27,17,118
2022-12-27,18,113
2022-12-27,19,101
2022-12-27,20,63
2022-12-27,21,56
2022-12-27,22,43
2022-12-27,23,32
2022-12-28,0,30
2022-12-28,1,18
2022-12-28,2,7
2022-12-28,3,13
2022-12-28,4,11
2022-12-28,5,12
2022-12-28,6,13
2022-12-28,7,55
2022-12-28,8,91
2022-12-28,9,85
2022-12-28,10,121
2022-12-28,11,148
2022-12-28,12,172
2022-12-28,13,149
2022-12-28,14,174
2022-12-28,15,164
2022-12-28,16,175
2022-12-28,17,174
2022-12-28,18,119
2022-12-28,19,121
2022-12-28,20,79
2022-12-28,21,70
2022-12-28,22,79
2022-12-28,23,37
2022-12-29,0,26
2022-12-29,1,21
2022-12-29,2,19
2022-12-29,3,9
2022-12-29,4,6
2022-12-29,5,12
2022-12-29,6,15
2022-12-29,7,55
2022-12-29,8,76
2022-12-29,9,91
2022-12-29,10,121
2022-12-29,11,137
2022-12-29,12,161
2022-12-29,13,172
2022-12-29,14,197
2022-12-29,15,206
2022-12-29,16,162
2022-12-29,17,179
2022-12-29,18,138
2022-12-29,19,125
2022-12-29,20,97
2022-12-29,21,70
2022-12-29,22,60
2022-12-29,23,53
2022-12-30,0,39
2022-12-30,1,16
2022-12-30,2,11
2022-12-30,3,16
2022-12-30,4,13
2022-12-30,5,12
2022-12-30,6,19
2022-12-30,7,63
2022-12-30,8,81
2022-12-30,9,101
2022-12-30,10,130
2022-12-30,11,153
2022-12-30,12,159
2022-12-30,13,187
2022-12-30,14,188
2022-12-30,15,180
2022-12-30,16,193
2022-12-30,17,159
2022-12-30,18,129
2022-12-30,19,121
2022-12-30,20,91
2022-12-30,21,64
2022-12-30,22,82
2022-12-30,23,43
2022-12-31,0,41
2022-12-31,1,22
2022-12-31,2,18
2022-12-31,3,15
2022-12-31,4,16
2022-12-31,5,5
2022-12-31,6,12
2022-12-31,7,48
2022-12-31,8,48
2022-12-31,9,74
2022-12-31,10,97
2022-12-31,11,113
2022-12-31,12,178
2022-12-31,13,139
2022-12-31,14,156
2022-12-31,15,130
2022-12-31,16,120
2022-12-31,17,99
2022-12-31,18,106
2022-12-31,19,105
2022-12-31,20,92
2022-12-31,21,68
2022-12-31,22,56
2022-12-31,23,36
2023-01-01,0,35
2023-01-01,1,51
2023-01-01,2,42
2023-01-01,3,29
2023-01-01,4,24
2023-01-01,5,19
2023-01-01,6,19
2023-01-01,7,31
2023-01-01,8,23
2023-01-01,9,29
2023-01-01,10,44
2023-01-01,11,62
2023-01-01,12,77
2023-01-01,13,84
2023-01-01,14,110
2023-01-01,15,91
2023-01-01,16,94
2023-01-01,17,66
2023-01-01,18,68
2023-01-01,19,67
2023-01-01,20,52
2023-01-01,21,55
2023-01-01,22,43
2023-01-01,23,25
2023-01-02,0,15
2023-01-02,1,12
2023-01-02,2,8
2023-01-02,3,7
2023-01-02,4,8
2023-01-02,5,7
2023-01-02,6,12
2023-01-02,7,30
2023-01-02,8,33
2023-01-02,9,65
2023-01-02,10,72
2023-01-02,11,122
2023-01-02,12,116
2023-01-02,13,88
2023-01-02,14,111
2023-01-02,15,114
2023-01-02,16,101
2023-01-02,17,102
2023-01-02,18,89
2023-01-02,19,88
2023-01-02,20,56
2023-01-02,21,52
2023-01-02,22,43
2023-01-02,23,32
2023-01-03,0,21
2023-01-03,1,15
2023-01-03,2,5
2023-01-03,3,8
2023-01-03,4,7
2023-01-03,5,13
2023-01-03,6,13
2023-01-03,7,59
2023-01-03,8,36
2023-01-03,9,49
2023-01-03,10,101
2023-01-03,11,112
2023-01-03,12,120
2023-01-03,13,145
2023-01-03,14,177
2023-01-03,15,149
2023-01-03,16,147
2023-01-03,17,120
2023-01-03,18,112
2023-01-03,19,119
2023-01-03,20,68
2023-01-03,21,53
2023-01-03,22,42
2023-01-03,23,33
2023-01-04,0,24
2023-01-04,1,11
2023-01-04,2,10
2023-01-04,3,5
2023-01-04,4,8
2023-01-04,5,7
2023-01-04,6,27
2023-01-04,7,80
2023-01-04,8,126
2023-01-04,9,138
2023-01-04,10,119
2023-01-04,11,135
2023-01-04,12,159
2023-01-04,13,146
2023-01-04,14,163
2023-01-04,15,227
2023-01-04,16,186
2023-01-04,17,206
2023-01-04,18,145
2023-01-04,19,116
2023-01-04,20,78
2023-01-04,21,55
2023-01-04,22,42
2023-01-04,23,27
2023-01-05,0,17
2023-01-05,1,9
2023-01-05,2,8
2023-01-05,3,10
2023-01-05,4,11
2023-01-05,5,13
2023-01-05,6,30
2023-01-05,7,88
2023-01-05,8,138
2023-01-05,9,144
2023-01-05,10,92
2023-01-05,11,146
2023-01-05,12,172
2023-01-05,13,192
2023-01-05,14,185
2023-01-05,15,210
2023-01-05,16,205
2023-01-05,17,236
2023-01-05,18,150
2023-01-05,19,129
2023-01-05,20,89
2023-01-05,21,81
2023-01-05,22,51
2023-01-05,23,26
2023-01-06,0,16
2023-01-06,1,17
2023-01-06,2,8
2023-01-06,3,11
2023-01-06,4,7
2023-01-06,5,10
2023-01-06,6,21
2023-01-06,7,81
2023-01-06,8,148
2023-01-06,9,150
2023-01-06,10,132
2023-01-06,11,181
2023-01-06,12,151
2023-01-06,13,183
2023-01-06,14,197
2023-01-06,15,223
2023-01-06,16,228
2023-01-06,17,194
2023-01-06,18,184
2023-01-06,19,131
2023-01-06,20,87
2023-01-06,21,61
2023-01-06,22,75
2023-01-06,23,48
2023-01-07,0,32
2023-01-07,1,21
2023-01-07,2,15
2023-01-07,3,14
2023-01-07,4,7
2023-01-07,5,5
2023-01-07,6,18
2023-01-07,7,45
2023-01-07,8,57
2023-01-07,9,91
2023-01-07,10,130
2023-01-07,11,141
2023-01-07,12,159
2023-01-07,13,180
2023-01-07,14,196
2023-01-07,15,156
2023-01-07,16,164
2023-01-07,17,162
2023-01-07,18,127
2023-01-07,19,102
2023-01-07,20,96
2023-01-07,21,76
2023-01-07,22,60
2023-01-07,23,47
2023-01-08,0,36
2023-01-08,1,26
2023-01-08,2,16
2023-01-08,3,11
2023-01-08,4,12
2023-01-08,5,10
2023-01-08,6,6
2023-01-08,7,31
2023-01-08,8,40
2023-01-08,9,45
2023-01-08,10,99
2023-01-08,11,109
2023-01-08,12,158
2023-01-08,13,170
2023-01-08,14,161
2023-01-08,15,156
2023-01-08,16,152
2023-01-08,17,113
2023-01-08,18,96
2023-01-08,19,91
2023-01-08,20,70
2023-01-08,21,56
2023-01-08,22,38
2023-01-08,23,20
2023-01-09,0,11
2023-01-09,1,8
2023-01-09,2,7
2023-01-09,3,8
2023-01-09,4,9
2023-01-09,5,9
2023-01-09,6,43
2023-01-09,7,97
2023-01-09,8,169
2023-01-09,9,182
2023-01-09,10,141
2023-01-09,11,139
2023-01-09,12,161
2023-01-09,13,159
2023-01-09,14,177
2023-01-09,15,220
2023-01-09,16,284
2023-01-09,17,240
2023-01-09,18,171
2023-01-09,19,131
2023-01-09,20,88
2023-01-09,21,71
2023-01-09,22,52
2023-01-09,23,28
2023-01-10,0,14
2023-01-10,1,17
2023-01-10,2,6
2023-01-10,3,9
2023-01-10,4,9
2023-01-10,5,9
2023-01-10,6,38
2023-01-10,7,112
2023-01-10,8,140
2023-01-10,9,154
2023-01-10,10,172
2023-01-10,11,161
2023-01-10,12,159
2023-01-10,13,146
2023-01-10,14,180
2023-01-10,15,208
2023-01-10,16,237
2023-01-10,17,238
2023-01-10,18,188
2023-01-10,19,136
2023-01-10,20,94
2023-01-10,21,71
2023-01-10,22,40
2023-01-10,23,27
2023-01-11,0,24
2023-01-11,1,16
2023-01-11,2,9
2023-01-11,3,8
2023-01-11,4,10
2023-01-11,5,12
2023-01-11,6,38
2023-01-11,7,102
2023-01-11,8,170
2023-01-11,9,164
2023-01-11,10,148
2023-01-11,11,143
2023-01-11,12,184
2023-01-11,13,168
2023-01-11,14,162
2023-01-11,15,201
2023-01-11,16,214
2023-01-11,17,225
2023-01-11,18,181
2023-01-11,19,131
2023-01-11,20,107
2023-01-11,21,77
2023-01-11,22,46
2023-01-11,23,22
2023-01-12,0,20
2023-01-12,1,14
2023-01-12,2,7
2023-01-12,3,8
2023-01-12,4,12
2023-01-12,5,10
2023-01-12,6,26
2023-01-12,7,92
2023-01-12,8,181
2023-01-12,9,160
2023-01-12,10,135
2023-01-12,11,150
2023-01-12,12,160
2023-01-12,13,145
2023-01-12,14,155
2023-01-12,15,178
2023-01-12,16,223
2023-01-12,17,213
2023-01-12,18,186
2023-01-12,19,145
2023-01-12,20,90
2023-01-12,21,76
2023-01-12,22,51
2023-01-12,23,35
2023-01-13,0,22
2023-01-13,1,13
2023-01-13,2,17
2023-01-13,3,11
2023-01-13,4,6
2023-01-13,5,14
2023-01-13,6,34
2023-01-13,7,95
2023-01-13,8,173
2023-01-13,9,180
2023-01-13,10,170
2023-01-13,11,176
2023-01-13,12,204
2023-01-13,13,211
2023-01-13,14,228
2023-01-13,15,174
2023-01-13,16,228
2023-01-13,17,223
2023-01-13,18,184
2023-01-13,19,110
2023-01-13,20,107
2023-01-13,21,70
2023-01-13,22,62
2023-01-13,23,58
2023-01-14,0,46
2023-01-14,1,19
2023-01-14,2,21
2023-01-14,3,15
2023-01-14,4,15
2023-01-14,5,5
2023-01-14,6,18
2023-01-14,7,51
2023-01-14,8,60
2023-01-14,9,101
2023-01-14,10,125
2023-01-14,11,144
2023-01-14,12,156
2023-01-14,13,145
2023-01-14,14,159
2023-01-14,15,160
2023-01-14,16,130
2023-01-14,17,106
2023-01-14,18,107
2023-01-14,19,118
2023-01-14,20,81
2023-01-14,21,74
2023-01-14,22,66
2023-01-14,23,39
2023-01-15,0,46
2023-01-15,1,34
2023-01-15,2,22
2023-01-15,3,17
2023-01-15,4,13
2023-01-15,5,11
2023-01-15,6,17
2023-01-15,7,40
2023-01-15,8,40
2023-01-15,9,66
2023-01-15,10,98
2023-01-15,11,116
2023-01-15,12,143
2023-01-15,13,160
2023-01-15,14,146
2023-01-15,15,141
2023-01-15,16,129
2023-01-15,17,113
2023-01-15,18,85
2023-01-15,19,81
2023-01-15,20,75
2023-01-15,21,56
2023-01-15,22,45
2023-01-15,23,23
2023-01-16,0,19
2023-01-16,1,16
2023-01-16,2,9
2023-01-16,3,6
2023-01-16,4,4
2023-01-16,5,7
2023-01-16,6,29
2023-01-16,7,89
2023-01-16,8,167
2023-01-16,9,138
2023-01-16,10,152
2023-01-16,11,152
2023-01-16,12,154
2023-01-16,13,171
2023-01-16,14,178
2023-01-16,15,214
2023-01-16,16,233
2023-01-16,17,220
2023-01-16,18,165
2023-01-16,19,105
2023-01-16,20,91
2023-01-16,21,66
2023-01-16,22,60
2023-01-16,23,26
2023-01-17,0,16
2023-01-17,1,21
2023-01-17,2,6
2023-01-17,3,5
2023-01-17,4,32
2023-01-17,5,13
2023-01-17,6,35
2023-01-17,7,98
2023-01-17,8,193
2023-01-17,9,159
2023-01-17,10,138
2023-01-17,11,161
2023-01-17,12,171
2023-01-17,13,144
2023-01-17,14,176
2023-01-17,15,199
2023-01-17,16,225
2023-01-17,17,255
2023-01-17,18,183
2023-01-17,19,155
2023-01-17,20,98
2023-01-17,21,104
2023-01-17,22,51
2023-01-17,23,38
2023-01-18,0,27
2023-01-18,1,8
2023-01-18,2,15
2023-01-18,3,0
2023-01-18,4,15
2023-01-18,5,12
2023-01-18,6,31
2023-01-18,7,107
2023-01-18,8,164
2023-01-18,9,164
2023-01-18,10,141
2023-01-18,11,150
2023-01-18,12,191
2023-01-18,13,144
2023-01-18,14,206
2023-01-18,15,232
2023-01-18,16,245
2023-01-18,17,247
2023-01-18,18,196
2023-01-18,19,138
2023-01-18,20,91
2023-01-18,21,80
2023-01-18,22,54
2023-01-18,23,37
2023-01-19,0,21
2023-01-19,1,14
2023-01-19,2,13
2023-01-19,3,7
2023-01-19,4,10
2023-01-19,5,8
2023-01-19,6,35
2023-01-19,7,73
2023-01-19,8,180
2023-01-19,9,190
2023-01-19,10,155
2023-01-19,11,170
2023-01-19,12,182
2023-01-19,13,170
2023-01-19,14,165
2023-01-19,15,210
2023-01-19,16,216
2023-01-19,17,233
2023-01-19,18,180
2023-01-19,19,163
2023-01-19,20,110
2023-01-19,21,90
2023-01-19,22,57
2023-01-19,23,43
2023-01-20,0,19
2023-01-20,1,14
2023-01-20,2,21
2023-01-20,3,6
2023-01-20,4,9
2023-01-20,5,14
2023-01-20,6,38
2023-01-20,7,101
2023-01-20,8,160
2023-01-20,9,143
2023-01-20,10,139
2023-01-20,11,166
2023-01-20,12,172
2023-01-20,13,197
2023-01-20,14,198
2023-01-20,15,189
2023-01-20,16,289
2023-01-20,17,236
2023-01-20,18,174
2023-01-20,19,142
2023-01-20,20,98
2023-01-20,21,80
2023-01-20,22,55
2023-01-20,23,46
2023-01-21,0,51
2023-01-21,1,30
2023-01-21,2,17
2023-01-21,3,12
2023-01-21,4,9
2023-01-21,5,16
2023-01-21,6,17
2023-01-21,7,48
2023-01-21,8,72
2023-01-21,9,92
2023-01-21,10,133
2023-01-21,11,139
2023-01-21,12,147
2023-01-21,13,156
2023-01-21,14,167
2023-01-21,15,164
2023-01-21,16,147
2023-01-21,17,122
2023-01-21,18,140
2023-01-21,19,102
2023-01-21,20,82
2023-01-21,21,70
2023-01-21,22,54
2023-01-21,23,60
2023-01-22,0,41
2023-01-22,1,29
2023-01-22,2,20
2023-01-22,3,14
2023-01-22,4,11
2023-01-22,5,8
2023-01-22,6,13
2023-01-22,7,43
2023-01-22,8,44
2023-01-22,9,55
2023-01-22,10,105
2023-01-22,11,130
2023-01-22,12,139
2023-01-22,13,150
2023-01-22,14,165
2023-01-22,15,138
2023-01-22,16,119
2023-01-22,17,127
2023-01-22,18,105
2023-01-22,19,109
2023-01-22,20,71
2023-01-22,21,47
2023-01-22,22,35
2023-01-22,23,36
2023-01-23,0,24
2023-01-23,1,12
2023-01-23,2,11
2023-01-23,3,7
2023-01-23,4,5
2023-01-23,5,16
2023-01-23,6,21
2023-01-23,7,93
2023-01-23,8,156
2023-01-23,9,150
2023-01-23,10,142
2023-01-23,11,169
2023-01-23,12,191
2023-01-23,13,160
2023-01-23,14,170
2023-01-23,15,203
2023-01-23,16,206
2023-01-23,17,258
2023-01-23,18,170
2023-01-23,19,141
2023-01-23,20,91
2023-01-23,21,71
2023-01-23,22,57
2023-01-23,23,38
2023-01-24,0,21
2023-01-24,1,14
2023-01-24,2,11
2023-01-24,3,8
2023-01-24,4,11
2023-01-24,5,18
2023-01-24,6,31
2023-01-24,7,91
2023-01-24,8,181
2023-01-24,9,189
2023-01-24,10,136
2023-01-24,11,135
2023-01-24,12,162
2023-01-24,13,185
2023-01-24,14,187
2023-01-24,15,208
2023-01-24,16,226
2023-01-24,17,261
2023-01-24,18,187
2023-01-24,19,136
2023-01-24,20,118
2023-01-24,21,72
2023-01-24,22,56
2023-01-24,23,38
2023-01-25,0,21
2023-01-25,1,14
2023-01-25,2,11
2023-01-25,3,12
2023-01-25,4,7
2023-01-25,5,11
2023-01-25,6,34
2023-01-25,7,48
2023-01-25,8,161
2023-01-25,9,177
2023-01-25,10,151
2023-01-25,11,156
2023-01-25,12,193
2023-01-25,13,171
2023-01-25,14,193
2023-01-25,15,155
2023-01-25,16,277
2023-01-25,17,268
2023-01-25,18,179
2023-01-25,19,169
2023-01-25,20,100
2023-01-25,21,86
2023-01-25,22,69
2023-01-25,23,42
2023-01-26,0,25
2023-01-26,1,15
2023-01-26,2,6
2023-01-26,3,7
2023-01-26,4,9
2023-01-26,5,13
2023-01-26,6,40
2023-01-26,7,87
2023-01-26,8,163
2023-01-26,9,186
2023-01-26,10,148
2023-01-26,11,168
2023-01-26,12,179
2023-01-26,13,173
2023-01-26,14,179
2023-01-26,15,209
2023-01-26,16,255
2023-01-26,17,240
2023-01-26,18,198
2023-01-26,19,137
2023-01-26,20,101
2023-01-26,21,84
2023-01-26,22,60
2023-01-26,23,55
2023-01-27,0,24
2023-01-27,1,12
2023-01-27,2,8
2023-01-27,3,10
2023-01-27,4,11
2023-01-27,5,13
2023-01-27,6,46
2023-01-27,7,95
2023-01-27,8,165
2023-01-27,9,172
2023-01-27,10,153
2023-01-27,11,185
2023-01-27,12,189
2023-01-27,13,187
2023-01-27,14,181
2023-01-27,15,245
2023-01-27,16,235
2023-01-27,17,217
2023-01-27,18,163
2023-01-27,19,136
2023-01-27,20,113
2023-01-27,21,73
2023-01-27,22,71
2023-01-27,23,62
2023-01-28,0,39
2023-01-28,1,21
2023-01-28,2,20
2023-01-28,3,14
2023-01-28,4,9
2023-01-28,5,16
2023-01-28,6,16
2023-01-28,7,55
2023-01-28,8,75
2023-01-28,9,109
2023-01-28,10,171
2023-01-28,11,180
2023-01-28,12,171
2023-01-28,13,195
2023-01-28,14,160
2023-01-28,15,155
2023-01-28,16,155
2023-01-28,17,163
2023-01-28,18,140
2023-01-28,19,114
2023-01-28,20,85
2023-01-28,21,84
2023-01-28,22,62
2023-01-28,23,51
2023-01-29,0,43
2023-01-29,1,33
2023-01-29,2,18
2023-01-29,3,13
2023-01-29,4,20
2023-01-29,5,10
2023-01-29,6,13
2023-01-29,7,37
2023-01-29,8,40
2023-01-29,9,67
2023-01-29,10,109
2023-01-29,11,114
2023-01-29,12,152
2023-01-29,13,167
2023-01-29,14,175
2023-01-29,15,174
2023-01-29,16,144
2023-01-29,17,120
2023-01-29,18,109
2023-01-29,19,106
2023-01-29,20,88
2023-01-29,21,64
2023-01-29,22,36
2023-01-29,23,36
2023-01-30,0,11
2023-01-30,1,14
2023-01-30,2,6
2023-01-30,3,9
2023-01-30,4,7
2023-01-30,5,10
2023-01-30,6,32
2023-01-30,7,90
2023-01-30,8,160
2023-01-30,9,179
2023-01-30,10,120
2023-01-30,11,167
2023-01-30,12,170
2023-01-30,13,170
2023-01-30,14,161
2023-01-30,15,205
2023-01-30,16,236
2023-01-30,17,236
2023-01-30,18,203
2023-01-30,19,144
2023-01-30,20,110
2023-01-30,21,81
2023-01-30,22,41
2023-01-30,23,28
2023-01-31,0,25
2023-01-31,1,10
2023-01-31,2,6
2023-01-31,3,8
2023-01-31,4,5
2023-01-31,5,12
2023-01-31,6,40
2023-01-31,7,109
2023-01-31,8,189
2023-01-31,9,158
2023-01-31,10,148
2023-01-31,11,142
2023-01-31,12,177
2023-01-31,13,168
2023-01-31,14,192
2023-01-31,15,203
2023-01-31,16,281
2023-01-31,17,251
2023-01-31,18,183
2023-01-31,19,127
2023-01-31,20,114
2023-01-31,21,74
2023-01-31,22,44
2023-01-31,23,37
2023-02-01,0,27
2023-02-01,1,6
2023-02-01,2,8
2023-02-01,3,8
2023-02-01,4,9
2023-02-01,5,18
2023-02-01,6,37
2023-02-01,7,103
2023-02-01,8,169
2023-02-01,9,195
2023-02-01,10,160
2023-02-01,11,149
2023-02-01,12,157
2023-02-01,13,193
2023-02-01,14,184
2023-02-01,15,229
2023-02-01,16,259
2023-02-01,17,256
2023-02-01,18,174
2023-02-01,19,139
2023-02-01,20,120
2023-02-01,21,91
2023-02-01,22,82
2023-02-01,23,46
2023-02-02,0,22
2023-02-02,1,13
2023-02-02,2,8
2023-02-02,3,8
2023-02-02,4,7
2023-02-02,5,10
2023-02-02,6,35
2023-02-02,7,101
2023-02-02,8,163
2023-02-02,9,182
2023-02-02,10,130
2023-02-02,11,142
2023-02-02,12,173
2023-02-02,13,158
2023-02-02,14,221
2023-02-02,15,208
2023-02-02,16,245
2023-02-02,17,216
2023-02-02,18,193
2023-02-02,19,144
2023-02-02,20,100
2023-02-02,21,102
2023-02-02,22,66
2023-02-02,23,45
2023-02-03,0,16
2023-02-03,1,12
2023-02-03,2,14
2023-02-03,3,9
2023-02-03,4,8
2023-02-03,5,14
2023-02-03,6,32
2023-02-03,7,99
2023-02-03,8,166
2023-02-03,9,162
2023-02-03,10,169
2023-02-03,11,171
2023-02-03,12,184
2023-02-03,13,182
2023-02-03,14,181
2023-02-03,15,254
2023-02-03,16,252
2023-02-03,17,215
2023-02-03,18,189
2023-02-03,19,147
2023-02-03,20,116
2023-02-03,21,87
2023-02-03,22,67
2023-02-03,23,72
2023-02-04,0,44
2023-02-04,1,28
2023-02-04,2,14
2023-02-04,3,14
2023-02-04,4,12
2023-02-04,5,9
2023-02-04,6,16
2023-02-04,7,46
2023-02-04,8,60
2023-02-04,9,119
2023-02-04,10,143
2023-02-04,11,141
2023-02-04,12,146
2023-02-04,13,174
2023-02-04,14,182
2023-02-04,15,161
2023-02-04,16,159
2023-02-04,17,150
2023-02-04,18,159
2023-02-04,19,132
2023-02-04,20,101
2023-02-04,21,64
2023-02-04,22,75
2023-02-04,23,64
2023-02-05,0,57
2023-02-05,1,36
2023-02-05,2,22
2023-02-05,3,20
2023-02-05,4,17
2023-02-05,5,17
2023-02-05,6,15
2023-02-05,7,38
2023-02-05,8,36
2023-02-05,9,49
2023-02-05,10,94
2023-02-05,11,118
2023-02-05,12,143
2023-02-05,13,193
2023-02-05,14,173
2023-02-05,15,160
2023-02-05,16,155
2023-02-05,17,125
2023-02-05,18,120
2023-02-05,19,116
2023-02-05,20,86
2023-02-05,21,59
2023-02-05,22,49
2023-02-05,23,28
2023-02-06,0,14
2023-02-06,1,8
2023-02-06,2,7
2023-02-06,3,9
2023-02-06,4,5
2023-02-06,5,15
2023-02-06,6,32
2023-02-06,7,105
2023-02-06,8,151
2023-02-06,9,174
2023-02-06,10,138
2023-02-06,11,153
2023-02-06,12,164
2023-02-06,13,152
2023-02-06,14,163
2023-02-06,15,218
2023-02-06,16,254
2023-02-06,17,222
2023-02-06,18,164
2023-02-06,19,150
2023-02-06,20,87
2023-02-06,21,77
2023-02-06,22,54
2023-02-06,23,18
2023-02-07,0,12
2023-02-07,1,11
2023-02-07,2,9
2023-02-07,3,4
2023-02-07,4,6
2023-02-07,5,19
2023-02-07,6,30
2023-02-07,7,94
2023-02-07,8,192
2023-02-07,9,165
2023-02-07,10,140
2023-02-07,11,140
2023-02-07,12,154
2023-02-07,13,172
2023-02-07,14,162
2023-02-07,15,217
2023-02-07,16,265
2023-02-07,17,260
2023-02-07,18,180
2023-02-07,19,149
2023-02-07,20,104
2023-02-07,21,87
2023-02-07,22,48
2023-02-07,23,28
2023-02-08,0,16
2023-02-08,1,15
2023-02-08,2,4
2023-02-08,3,5
2023-02-08,4,8
2023-02-08,5,10
2023-02-08,6,29
2023-02-08,7,100
2023-02-08,8,179
2023-02-08,9,154
2023-02-08,10,146
2023-02-08,11,173
2023-02-08,12,173
2023-02-08,13,185
2023-02-08,14,181
2023-02-08,15,195
2023-02-08,16,209
2023-02-08,17,217
2023-02-08,18,185
2023-02-08,19,146
2023-02-08,20,104
2023-02-08,21,88
2023-02-08,22,66
2023-02-08,23,34
2023-02-09,0,23
2023-02-09,1,16
2023-02-09,2,9
2023-02-09,3,11
2023-02-09,4,9
2023-02-09,5,16
2023-02-09,6,32
2023-02-09,7,78
2023-02-09,8,159
2023-02-09,9,166
2023-02-09,10,176
2023-02-09,11,173
2023-02-09,12,185
2023-02-09,13,194
2023-02-09,14,182
2023-02-09,15,198
2023-02-09,16,254
2023-02-09,17,262
2023-02-09,18,216
2023-02-09,19,144
2023-02-09,20,128
2023-02-09,21,72
2023-02-09,22,75
2023-02-09,23,40
2023-02-10,0,23
2023-02-10,1,16
2023-02-10,2,10
2023-02-10,3,8
2023-02-10,4,9
2023-02-10,5,16
2023-02-10,6,32
2023-02-10,7,99
2023-02-10,8,165
2023-02-10,9,162
2023-02-10,10,142
2023-02-10,11,166
2023-02-10,12,178
2023-02-10,13,192
2023-02-10,14,196
2023-02-10,15,269
2023-02-10,16,272
2023-02-10,17,212
2023-02-10,18,161
2023-02-10,19,164
2023-02-10,20,101
2023-02-10,21,91
2023-02-10,22,81
2023-02-10,23,57
2023-02-11,0,27
2023-02-11,1,23
2023-02-11,2,16
2023-02-11,3,17
2023-02-11,4,8
2023-02-11,5,14
2023-02-11,6,22
2023-02-11,7,51
2023-02-11,8,73
2023-02-11,9,103
2023-02-11,10,132
2023-02-11,11,147
2023-02-11,12,160
2023-02-11,13,169
2023-02-11,14,190
2023-02-11,15,168
2023-02-11,16,147
2023-02-11,17,160
2023-02-11,18,111
2023-02-11,19,108
2023-02-11,20,104
2023-02-11,21,66
2023-02-11,22,87
2023-02-11,23,63
2023-02-12,0,37
2023-02-12,1,29
2023-02-12,2,21
2023-02-12,3,16
2023-02-12,4,16
2023-02-12,5,16
2023-02-12,6,18
2023-02-12,7,41
2023-02-12,8,45
2023-02-12,9,70
2023-02-12,10,119
2023-02-12,11,122
2023-02-12,12,150
2023-02-12,13,153
2023-02-12,14,159
2023-02-12,15,166
2023-02-12,16,151
2023-02-12,17,123
2023-02-12,18,106
2023-02-12,19,104
2023-02-12,20,93
2023-02-12,21,58
2023-02-12,22,43
2023-02-12,23,23
2023-02-13,0,20
2023-02-13,1,15
2023-02-13,2,9
2023-02-13,3,7
2023-02-13,4,9
2023-02-13,5,11
2023-02-13,6,47
2023-02-13,7,82
2023-02-13,8,121
2023-02-13,9,121
2023-02-13,10,130
2023-02-13,11,152
2023-02-13,12,165
2023-02-13,13,166
2023-02-13,14,173
2023-02-13,15,190
2023-02-13,16,216
2023-02-13,17,183
2023-02-13,18,162
2023-02-13,19,129
2023-02-13,20,95
2023-02-13,21,73
2023-02-13,22,60
2023-02-13,23,35
2023-02-14,0,12
2023-02-14,1,6
2023-02-14,2,8
2023-02-14,3,10
2023-02-14,4,11
2023-02-14,5,17
2023-02-14,6,37
2023-02-14,7,93
2023-02-14,8,128
2023-02-14,9,142
2023-02-14,10,146
2023-02-14,11,156
2023-02-14,12,169
2023-02-14,13,171
2023-02-14,14,197
2023-02-14,15,190
2023-02-14,16,228
2023-02-14,17,242
2023-02-14,18,191
2023-02-14,19,158
2023-02-14,20,106
2023-02-14,21,92
2023-02-14,22,53
2023-02-14,23,48
2023-02-15,0,20
2023-02-15,1,9
2023-02-15,2,8
2023-02-15,3,4
2023-02-15,4,7
2023-02-15,5,13
2023-02-15,6,34
2023-02-15,7,83
2023-02-15,8,187
2023-02-15,9,133
2023-02-15,10,182
2023-02-15,11,154
2023-02-15,12,183
2023-02-15,13,191
2023-02-15,14,197
2023-02-15,15,208
2023-02-15,16,234
2023-02-15,17,215
2023-02-15,18,167
2023-02-15,19,155
2023-02-15,20,111
2023-02-15,21,88
2023-02-15,22,64
2023-02-15,23,29
2023-02-16,0,19
2023-02-16,1,18
2023-02-16,2,10
2023-02-16,3,10
2023-02-16,4,10
2023-02-16,5,16
2023-02-16,6,40
2023-02-16,7,96
2023-02-16,8,164
2023-02-16,9,152
2023-02-16,10,118
2023-02-16,11,144
2023-02-16,12,204
2023-02-16,13,189
2023-02-16,14,187
2023-02-16,15,212
2023-02-16,16,247
2023-02-16,17,231
2023-02-16,18,183
2023-02-16,19,145
2023-02-16,20,104
2023-02-16,21,72
2023-02-16,22,66
2023-02-16,23,43
2023-02-17,0,23
2023-02-17,1,8
2023-02-17,2,12
2023-02-17,3,12
2023-02-17,4,15
2023-02-17,5,13
2023-02-17,6,31
2023-02-17,7,110
2023-02-17,8,170
2023-02-17,9,165
2023-02-17,10,154
2023-02-17,11,170
2023-02-17,12,189
2023-02-17,13,206
2023-02-17,14,191
2023-02-17,15,250
2023-02-17,16,205
2023-02-17,17,221
2023-02-17,18,169
2023-02-17,19,132
2023-02-17,20,109
2023-02-17,21,79
2023-02-17,22,86
2023-02-17,23,44
2023-02-18,0,39
2023-02-18,1,27
2023-02-18,2,17
2023-02-18,3,14
2023-02-18,4,14
2023-02-18,5,6
2023-02-18,6,21
2023-02-18,7,51
2023-02-18,8,66
2023-02-18,9,123
2023-02-18,10,136
2023-02-18,11,158
2023-02-18,12,172
2023-02-18,13,189
2023-02-18,14,174
2023-02-18,15,155
2023-02-18,16,163
2023-02-18,17,130
2023-02-18,18,140
2023-02-18,19,120
2023-02-18,20,97
2023-02-18,21,76
2023-02-18,22,79
2023-02-18,23,55
2023-02-19,0,54
2023-02-19,1,40
2023-02-19,2,29
2023-02-19,3,22
2023-02-19,4,23
2023-02-19,5,8
2023-02-19,6,21
2023-02-19,7,31
2023-02-19,8,47
2023-02-19,9,62
2023-02-19,10,105
2023-02-19,11,140
2023-02-19,12,165
2023-02-19,13,167
2023-02-19,14,204
2023-02-19,15,179
2023-02-19,16,170
2023-02-19,17,127
2023-02-19,18,109
2023-02-19,19,114
2023-02-19,20,88
2023-02-19,21,61
2023-02-19,22,57
2023-02-19,23,34
2023-02-20,0,17
2023-02-20,1,11
2023-02-20,2,6
2023-02-20,3,7
2023-02-20,4,7
2023-02-20,5,14
2023-02-20,6,33
2023-02-20,7,104
2023-02-20,8,155
2023-02-20,9,177
2023-02-20,10,152
2023-02-20,11,142
2023-02-20,12,164
2023-02-20,13,157
2023-02-20,14,177
2023-02-20,15,235
2023-02-20,16,239
2023-02-20,17,250
2023-02-20,18,176
2023-02-20,19,142
2023-02-20,20,100
2023-02-20,21,72
2023-02-20,22,46
2023-02-20,23,26
2023-02-21,0,15
2023-02-21,1,12
2023-02-21,2,7
2023-02-21,3,12
2023-02-21,4,9
2023-02-21,5,15
2023-02-21,6,33
2023-02-21,7,110
2023-02-21,8,180
2023-02-21,9,161
2023-02-21,10,145
2023-02-21,11,176
2023-02-21,12,171
2023-02-21,13,154
2023-02-21,14,171
2023-02-21,15,209
2023-02-21,16,255
2023-02-21,17,237
2023-02-21,18,171
2023-02-21,19,145
2023-02-21,20,112
2023-02-21,21,85
2023-02-21,22,67
2023-02-21,23,39
2023-02-22,0,16
2023-02-22,1,16
2023-02-22,2,3
2023-02-22,3,4
2023-02-22,4,11
2023-02-22,5,12
2023-02-22,6,44
2023-02-22,7,101
2023-02-22,8,196
2023-02-22,9,174
2023-02-22,10,143
2023-02-22,11,165
2023-02-22,12,183
2023-02-22,13,168
2023-02-22,14,179
2023-02-22,15,218
2023-02-22,16,234
2023-02-22,17,244
2023-02-22,18,204
2023-02-22,19,147
2023-02-22,20,104
2023-02-22,21,110
2023-02-22,22,61
2023-02-22,23,29
2023-02-23,0,18
2023-02-23,1,11
2023-02-23,2,6
2023-02-23,3,9
2023-02-23,4,8
2023-02-23,5,12
2023-02-23,6,38
2023-02-23,7,98
2023-02-23,8,188
2023-02-23,9,198
2023-02-23,10,166
2023-02-23,11,137
2023-02-23,12,175
2023-02-23,13,179
2023-02-23,14,184
2023-02-23,15,206
2023-02-23,16,227
2023-02-23,17,234
2023-02-23,18,213
2023-02-23,19,152
2023-02-23,20,116
2023-02-23,21,76
2023-02-23,22,60
2023-02-23,23,41
2023-02-24,0,19
2023-02-24,1,15
2023-02-24,2,11
2023-02-24,3,6
2023-02-24,4,10
2023-02-24,5,10
2023-02-24,6,37
2023-02-24,7,94
2023-02-24,8,181
2023-02-24,9,192
2023-02-24,10,136
2023-02-24,11,180
2023-02-24,12,201
2023-02-24,13,175
2023-02-24,14,202
2023-02-24,15,254
2023-02-24,16,262
2023-02-24,17,217
2023-02-24,18,183
2023-02-24,19,131
2023-02-24,20,121
2023-02-24,21,86
2023-02-24,22,78
2023-02-24,23,60
2023-02-25,0,49
2023-02-25,1,23
2023-02-25,2,26
2023-02-25,3,15
2023-02-25,4,10
2023-02-25,5,14
2023-02-25,6,13
2023-02-25,7,55
2023-02-25,8,107
2023-02-25,9,136
2023-02-25,10,153
2023-02-25,11,156
2023-02-25,12,146
2023-02-25,13,182
2023-02-25,14,179
2023-02-25,15,159
2023-02-25,16,151
2023-02-25,17,164
2023-02-25,18,139
2023-02-25,19,131
2023-02-25,20,86
2023-02-25,21,59
2023-02-25,22,77
2023-02-25,23,50
2023-02-26,0,40
2023-02-26,1,28
2023-02-26,2,36
2023-02-26,3,13
2023-02-26,4,10
2023-02-26,5,10
2023-02-26,6,14
2023-02-26,7,42
2023-02-26,8,44
2023-02-26,9,77
2023-02-26,10,115
2023-02-26,11,134
2023-02-26,12,170
2023-02-26,13,173
2023-02-26,14,171
2023-02-26,15,110
2023-02-26,16,125
2023-02-26,17,103
2023-02-26,18,142
2023-02-26,19,112
2023-02-26,20,79
2023-02-26,21,55
2023-02-26,22,48
2023-02-26,23,32
2023-02-27,0,27
2023-02-27,1,20
2023-02-27,2,7
2023-02-27,3,11
2023-02-27,4,9
2023-02-27,5,10
2023-02-27,6,37
2023-02-27,7,91
2023-02-27,8,157
2023-02-27,9,175
2023-02-27,10,144
2023-02-27,11,141
2023-02-27,12,157
2023-02-27,13,166
2023-02-27,14,169
2023-02-27,15,198
2023-02-27,16,252
2023-02-27,17,209
2023-02-27,18,164
2023-02-27,19,145
2023-02-27,20,125
2023-02-27,21,101
2023-02-27,22,60
2023-02-27,23,41
2023-02-28,0,19
2023-02-28,1,13
2023-02-28,2,9
2023-02-28,3,16
2023-02-28,4,9
2023-02-28,5,19
2023-02-28,6,33
2023-02-28,7,98
2023-02-28,8,172
2023-02-28,9,156
2023-02-28,10,151
2023-02-28,11,178
2023-02-28,12,167
2023-02-28,13,184
2023-02-28,14,176
2023-02-28,15,191
2023-02-28,16,215
2023-02-28,17,239
2023-02-28,18,205
2023-02-28,19,151
2023-02-28,20,115
2023-02-28,21,104
2023-02-28,22,65
2023-02-28,23,74
2023-03-01,0,31
2023-03-01,1,16
2023-03-01,2,9
2023-03-01,3,11
2023-03-01,4,7
2023-03-01,5,17
2023-03-01,6,39
2023-03-01,7,119
2023-03-01,8,171
2023-03-01,9,132
2023-03-01,10,167
2023-03-01,11,141
2023-03-01,12,183
2023-03-01,13,192
2023-03-01,14,182
2023-03-01,15,207
2023-03-01,16,255
2023-03-01,17,238
2023-03-01,18,186
2023-03-01,19,165
2023-03-01,20,103
2023-03-01,21,98
2023-03-01,22,65
2023-03-01,23,34
2023-03-02,0,15
2023-03-02,1,15
2023-03-02,2,9
2023-03-02,3,5
2023-03-02,4,6
2023-03-02,5,21
2023-03-02,6,37
2023-03-02,7,112
2023-03-02,8,199
2023-03-02,9,196
2023-03-02,10,151
2023-03-02,11,167
2023-03-02,12,180
2023-03-02,13,171
2023-03-02,14,194
2023-03-02,15,211
2023-03-02,16,254
2023-03-02,17,289
2023-03-02,18,213
2023-03-02,19,155
2023-03-02,20,102
2023-03-02,21,84
2023-03-02,22,68
2023-03-02,23,38
2023-03-03,0,26
2023-03-03,1,12
2023-03-03,2,11
2023-03-03,3,8
2023-03-03,4,9
2023-03-03,5,14
2023-03-03,6,33
2023-03-03,7,90
2023-03-03,8,173
2023-03-03,9,176
2023-03-03,10,137
2023-03-03,11,154
2023-03-03,12,200
2023-03-03,13,208
2023-03-03,14,208
2023-03-03,15,260
2023-03-03,16,275
2023-03-03,17,200
2023-03-03,18,203
2023-03-03,19,161
2023-03-03,20,86
2023-03-03,21,89
2023-03-03,22,65
2023-03-03,23,51
2023-03-04,0,34
2023-03-04,1,45
2023-03-04,2,14
2023-03-04,3,12
2023-03-04,4,9
2023-03-04,5,8
2023-03-04,6,23
2023-03-04,7,51
2023-03-04,8,76
2023-03-04,9,130
2023-03-04,10,140
2023-03-04,11,146
2023-03-04,12,168
2023-03-04,13,213
2023-03-04,14,227
2023-03-04,15,157
2023-03-04,16,170
2023-03-04,17,174
2023-03-04,18,133
2023-03-04,19,110
2023-03-04,20,85
2023-03-04,21,75
2023-03-04,22,65
2023-03-04,23,40
2023-03-05,0,37
2023-03-05,1,84
2023-03-05,2,24
2023-03-05,3,16
2023-03-05,4,15
2023-03-05,5,11
2023-03-05,6,13
2023-03-05,7,38
2023-03-05,8,50
2023-03-05,9,63
2023-03-05,10,104
2023-03-05,11,151
2023-03-05,12,152
2023-03-05,13,175
2023-03-05,14,168
2023-03-05,15,135
2023-03-05,16,149
2023-03-05,17,125
2023-03-05,18,110
2023-03-05,19,92
2023-03-05,20,66
2023-03-05,21,67
2023-03-05,22,36
2023-03-05,23,25
2023-03-06,0,24
2023-03-06,1,10
2023-03-06,2,7
2023-03-06,3,6
2023-03-06,4,9
2023-03-06,5,10
2023-03-06,6,31
2023-03-06,7,93
2023-03-06,8,215
2023-03-06,9,170
2023-03-06,10,143
2023-03-06,11,154
2023-03-06,12,158
2023-03-06,13,158
2023-03-06,14,178
2023-03-06,15,208
2023-03-06,16,276
2023-03-06,17,231
2023-03-06,18,161
2023-03-06,19,144
2023-03-06,20,99
2023-03-06,21,81
2023-03-06,22,40
2023-03-06,23,22
2023-03-07,0,19
2023-03-07,1,10
2023-03-07,2,11
2023-03-07,3,6
2023-03-07,4,10
2023-03-07,5,10
2023-03-07,6,29
2023-03-07,7,101
2023-03-07,8,179
2023-03-07,9,177
2023-03-07,10,146
2023-03-07,11,151
2023-03-07,12,201
2023-03-07,13,116
2023-03-07,14,178
2023-03-07,15,218
2023-03-07,16,273
2023-03-07,17,272
2023-03-07,18,197
2023-03-07,19,152
2023-03-07,20,105
2023-03-07,21,87
2023-03-07,22,43
2023-03-07,23,27
2023-03-08,0,17
2023-03-08,1,10
2023-03-08,2,12
2023-03-08,3,5
2023-03-08,4,7
2023-03-08,5,11
2023-03-08,6,25
2023-03-08,7,99
2023-03-08,8,185
2023-03-08,9,209
2023-03-08,10,150
2023-03-08,11,181
2023-03-08,12,169
2023-03-08,13,172
2023-03-08,14,215
2023-03-08,15,215
2023-03-08,16,250
2023-03-08,17,231
2023-03-08,18,181
2023-03-08,19,131
2023-03-08,20,100
2023-03-08,21,88
2023-03-08,22,69
2023-03-08,23,39
2023-03-09,0,27
2023-03-09,1,13
2023-03-09,2,15
2023-03-09,3,7
2023-03-09,4,8
2023-03-09,5,11
2023-03-09,6,35
2023-03-09,7,85
2023-03-09,8,205
2023-03-09,9,186
2023-03-09,10,179
2023-03-09,11,183
2023-03-09,12,164
2023-03-09,13,173
2023-03-09,14,195
2023-03-09,15,214
2023-03-09,16,262
2023-03-09,17,235
2023-03-09,18,194
2023-03-09,19,139
2023-03-09,20,107
2023-03-09,21,74
2023-03-09,22,57
2023-03-09,23,36
2023-03-10,0,14
2023-03-10,1,16
2023-03-10,2,4
2023-03-10,3,9
2023-03-10,4,6
2023-03-10,5,15
2023-03-10,6,31
2023-03-10,7,93
2023-03-10,8,184
2023-03-10,9,188
2023-03-10,10,162
2023-03-10,11,160
2023-03-10,12,182
2023-03-10,13,202
2023-03-10,14,210
2023-03-10,15,231
2023-03-10,16,261
2023-03-10,17,231
2023-03-10,18,161
2023-03-10,19,149
2023-03-10,20,111
2023-03-10,21,73
2023-03-10,22,65
2023-03-10,23,52
2023-03-11,0,35
2023-03-11,1,25
2023-03-11,2,17
2023-03-11,3,7
2023-03-11,4,19
2023-03-11,5,13
2023-03-11,6,27
2023-03-11,7,40
2023-03-11,8,66
2023-03-11,9,103
2023-03-11,10,147
2023-03-11,11,148
2023-03-11,12,169
2023-03-11,13,186
2023-03-11,14,173
2023-03-11,15,150
2023-03-11,16,174
2023-03-11,17,131
2023-03-11,18,113
2023-03-11,19,130
2023-03-11,20,99
2023-03-11,21,66
2023-03-11,22,67
2023-03-11,23,47
2023-03-12,0,49
2023-03-12,1,30
2023-03-12,2,17
2023-03-12,3,16
2023-03-12,4,16
2023-03-12,5,12
2023-03-12,6,17
2023-03-12,7,39
2023-03-12,8,38
2023-03-12,9,77
2023-03-12,10,125
2023-03-12,11,136
2023-03-12,12,146
2023-03-12,13,152
2023-03-12,14,163
2023-03-12,15,133
2023-03-12,16,107
2023-03-12,17,113
2023-03-12,18,119
2023-03-12,19,106
2023-03-12,20,78
2023-03-12,21,54
2023-03-12,22,54
2023-03-12,23,31
2023-03-13,0,15
2023-03-13,1,14
2023-03-13,2,9
2023-03-13,3,8
2023-03-13,4,8
2023-03-13,5,15
2023-03-13,6,35
2023-03-13,7,99
2023-03-13,8,172
2023-03-13,9,177
2023-03-13,10,157
2023-03-13,11,162
2023-03-13,12,161
2023-03-13,13,166
2023-03-13,14,166
2023-03-13,15,204
2023-03-13,16,240
2023-03-13,17,220
2023-03-13,18,172
2023-03-13,19,142
2023-03-13,20,93
2023-03-13,21,72
2023-03-13,22,55
2023-03-13,23,30
2023-03-14,0,14
2023-03-14,1,10
2023-03-14,2,6
2023-03-14,3,8
2023-03-14,4,11
2023-03-14,5,22
2023-03-14,6,34
2023-03-14,7,101
2023-03-14,8,183
2023-03-14,9,144
2023-03-14,10,129
2023-03-14,11,129
2023-03-14,12,167
2023-03-14,13,158
2023-03-14,14,170
2023-03-14,15,200
2023-03-14,16,249
2023-03-14,17,236
2023-03-14,18,176
2023-03-14,19,141
2023-03-14,20,92
2023-03-14,21,79
2023-03-14,22,33
2023-03-14,23,23
2023-03-15,0,23
2023-03-15,1,11
2023-03-15,2,8
2023-03-15,3,7
2023-03-15,4,6
2023-03-15,5,21
2023-03-15,6,35
2023-03-15,7,97
2023-03-15,8,169
2023-03-15,9,177
2023-03-15,10,141
2023-03-15,11,150
2023-03-15,12,192
2023-03-15,13,171
2023-03-15,14,164
2023-03-15,15,205
2023-03-15,16,252
2023-03-15,17,240
2023-03-15,18,192
2023-03-15,19,141
2023-03-15,20,109
2023-03-15,21,96
2023-03-15,22,61
2023-03-15,23,37
2023-03-16,0,12
2023-03-16,1,11
2023-03-16,2,5
2023-03-16,3,3
2023-03-16,4,7
2023-03-16,5,16
2023-03-16,6,30
2023-03-16,7,101
2023-03-16,8,176
2023-03-16,9,174
2023-03-16,10,165
2023-03-16,11,150
2023-03-16,12,146
2023-03-16,13,175
2023-03-16,14,174
2023-03-16,15,185
2023-03-16,16,240
2023-03-16,17,237
2023-03-16,18,171
2023-03-16,19,130
2023-03-16,20,113
2023-03-16,21,88
2023-03-16,22,52
2023-03-16,23,39
2023-03-17,0,27
2023-03-17,1,8
2023-03-17,2,15
2023-03-17,3,10
2023-03-17,4,8
2023-03-17,5,15
2023-03-17,6,22
2023-03-17,7,89
2023-03-17,8,162
2023-03-17,9,176
2023-03-17,10,145
2023-03-17,11,161
2023-03-17,12,160
2023-03-17,13,189
2023-03-17,14,174
2023-03-17,15,222
2023-03-17,16,225
2023-03-17,17,202
2023-03-17,18,169
2023-03-17,19,144
2023-03-17,20,105
2023-03-17,21,83
2023-03-17,22,72
2023-03-17,23,51
2023-03-18,0,43
2023-03-18,1,32
2023-03-18,2,20
2023-03-18,3,13
2023-03-18,4,14
2023-03-18,5,9
2023-03-18,6,13
2023-03-18,7,47
2023-03-18,8,84
2023-03-18,9,92
2023-03-18,10,138
2023-03-18,11,143
2023-03-18,12,175
2023-03-18,13,166
2023-03-18,14,155
2023-03-18,15,140
2023-03-18,16,137
2023-03-18,17,146
2023-03-18,18,151
2023-03-18,19,114
2023-03-18,20,94
2023-03-18,21,73
2023-03-18,22,71
2023-03-18,23,71
2023-03-19,0,43
2023-03-19,1,34
2023-03-19,2,26
2023-03-19,3,16
2023-03-19,4,12
2023-03-19,5,14
2023-03-19,6,18
2023-03-19,7,45
2023-03-19,8,47
2023-03-19,9,90
2023-03-19,10,121
2023-03-19,11,133
2023-03-19,12,138
2023-03-19,13,154
2023-03-19,14,154
2023-03-19,15,172
2023-03-19,16,173
2023-03-19,17,130
2023-03-19,18,118
2023-03-19,19,118
2023-03-19,20,94
2023-03-19,21,71
2023-03-19,22,51
2023-03-19,23,23
2023-03-20,0,15
2023-03-20,1,14
2023-03-20,2,7
2023-03-20,3,4
2023-03-20,4,5
2023-03-20,5,14
2023-03-20,6,41
2023-03-20,7,91
2023-03-20,8,136
2023-03-20,9,182
2023-03-20,10,116
2023-03-20,11,160
2023-03-20,12,136
2023-03-20,13,184
2023-03-20,14,172
2023-03-20,15,205
2023-03-20,16,219
2023-03-20,17,209
2023-03-20,18,176
2023-03-20,19,126
2023-03-20,20,98
2023-03-20,21,74
2023-03-20,22,46
2023-03-20,23,28
2023-03-21,0,15
2023-03-21,1,14
2023-03-21,2,9
2023-03-21,3,4
2023-03-21,4,9
2023-03-21,5,22
2023-03-21,6,31
2023-03-21,7,101
2023-03-21,8,148
2023-03-21,9,167
2023-03-21,10,134
2023-03-21,11,168
2023-03-21,12,159
2023-03-21,13,156
2023-03-21,14,194
2023-03-21,15,194
2023-03-21,16,218
2023-03-21,17,246
2023-03-21,18,179
2023-03-21,19,142
2023-03-21,20,106
2023-03-21,21,101
2023-03-21,22,56
2023-03-21,23,42
2023-03-22,0,21
2023-03-22,1,9
2023-03-22,2,10
2023-03-22,3,8
2023-03-22,4,6
2023-03-22,5,12
2023-03-22,6,29
2023-03-22,7,105
2023-03-22,8,154
2023-03-22,9,170
2023-03-22,10,129
2023-03-22,11,161
2023-03-22,12,173
2023-03-22,13,180
2023-03-22,14,190
2023-03-22,15,200
2023-03-22,16,239
2023-03-22,17,237
2023-03-22,18,176
2023-03-22,19,160
2023-03-22,20,110
2023-03-22,21,98
2023-03-22,22,87
2023-03-22,23,41
2023-03-23,0,18
2023-03-23,1,9
2023-03-23,2,10
2023-03-23,3,7
2023-03-23,4,12
2023-03-23,5,18
2023-03-23,6,37
2023-03-23,7,112
2023-03-23,8,197
2023-03-23,9,181
2023-03-23,10,168
2023-03-23,11,172
2023-03-23,12,165
2023-03-23,13,168
2023-03-23,14,207
2023-03-23,15,228
2023-03-23,16,228
2023-03-23,17,264
2023-03-23,18,189
2023-03-23,19,117
2023-03-23,20,104
2023-03-23,21,88
2023-03-23,22,78
2023-03-23,23,49
2023-03-24,0,18
2023-03-24,1,17
2023-03-24,2,9
2023-03-24,3,9
2023-03-24,4,5
2023-03-24,5,17
2023-03-24,6,43
2023-03-24,7,98
2023-03-24,8,176
2023-03-24,9,160
2023-03-24,10,156
2023-03-24,11,162
2023-03-24,12,182
2023-03-24,13,204
2023-03-24,14,221
2023-03-24,15,219
2023-03-24,16,256
2023-03-24,17,220
2023-03-24,18,174
2023-03-24,19,148
2023-03-24,20,87
2023-03-24,21,82
2023-03-24,22,64
2023-03-24,23,50
2023-03-25,0,39
2023-03-25,1,21
2023-03-25,2,18
2023-03-25,3,9
2023-03-25,4,12
2023-03-25,5,15
2023-03-25,6,16
2023-03-25,7,49
2023-03-25,8,77
2023-03-25,9,124
2023-03-25,10,151
2023-03-25,11,156
2023-03-25,12,157
2023-03-25,13,196
2023-03-25,14,185
2023-03-25,15,172
2023-03-25,16,149
2023-03-25,17,145
2023-03-25,18,127
2023-03-25,19,115
2023-03-25,20,88
2023-03-25,21,84
2023-03-25,22,70
2023-03-25,23,51
2023-03-26,0,42
2023-03-26,1,30
2023-03-26,2,22
2023-03-26,3,22
2023-03-26,4,23
2023-03-26,5,14
2023-03-26,6,41
2023-03-26,7,44
2023-03-26,8,81
2023-03-26,9,103
2023-03-26,10,124
2023-03-26,11,154
2023-03-26,12,157
2023-03-26,13,165
2023-03-26,14,163
2023-03-26,15,161
2023-03-26,16,119
2023-03-26,17,114
2023-03-26,18,108
2023-03-26,19,87
2023-03-26,20,72
2023-03-26,21,62
2023-03-26,22,28
2023-03-26,23,16
2023-03-27,0,12
2023-03-27,1,8
2023-03-27,2,9
2023-03-27,3,5
2023-03-27,4,19
2023-03-27,5,41
2023-03-27,6,85
2023-03-27,7,157
2023-03-27,8,147
2023-03-27,9,202
2023-03-27,10,148
2023-03-27,11,145
2023-03-27,12,168
2023-03-27,13,191
2023-03-27,14,233
2023-03-27,15,241
2023-03-27,16,222
2023-03-27,17,184
2023-03-27,18,147
2023-03-27,19,127
2023-03-27,20,86
2023-03-27,21,62
2023-03-27,22,33
2023-03-27,23,18
2023-03-28,0,7
2023-03-28,1,12
2023-03-28,2,1
2023-03-28,3,8
2023-03-28,4,18
2023-03-28,5,37
2023-03-28,6,90
2023-03-28,7,152
2023-03-28,8,168
2023-03-28,9,141
2023-03-28,10,144
2023-03-28,11,167
2023-03-28,12,157
2023-03-28,13,153
2023-03-28,14,202
2023-03-28,15,241
2023-03-28,16,214
2023-03-28,17,182
2023-03-28,18,139
2023-03-28,19,120
2023-03-28,20,100
2023-03-28,21,62
2023-03-28,22,47
2023-03-28,23,18
2023-03-29,0,11
2023-03-29,1,6
2023-03-29,2,9
2023-03-29,3,7
2023-03-29,4,20
2023-03-29,5,32
2023-03-29,6,108
2023-03-29,7,169
2023-03-29,8,172
2023-03-29,9,129
2023-03-29,10,142
2023-03-29,11,164
2023-03-29,12,148
2023-03-29,13,168
2023-03-29,14,199
2023-03-29,15,258
2023-03-29,16,228
2023-03-29,17,173
2023-03-29,18,164
2023-03-29,19,107
2023-03-29,20,90
2023-03-29,21,78
2023-03-29,22,44
2023-03-29,23,26
2023-03-30,0,11
2023-03-30,1,7
2023-03-30,2,7
2023-03-30,3,10
2023-03-30,4,18
2023-03-30,5,21
2023-03-30,6,99
2023-03-30,7,171
2023-03-30,8,171
2023-03-30,9,142
2023-03-30,10,167
2023-03-30,11,161
2023-03-30,12,158
2023-03-30,13,157
2023-03-30,14,208
2023-03-30,15,262
2023-03-30,16,247
2023-03-30,17,168
2023-03-30,18,146
2023-03-30,19,112
2023-03-30,20,95
2023-03-30,21,68
2023-03-30,22,54
2023-03-30,23,28
2023-03-31,0,18
2023-03-31,1,11
2023-03-31,2,20
2023-03-31,3,31
2023-03-31,4,18
2023-03-31,5,39
2023-03-31,6,88
2023-03-31,7,171
2023-03-31,8,156
2023-03-31,9,140
2023-03-31,10,167
2023-03-31,11,205
2023-03-31,12,190
2023-03-31,13,178
2023-03-31,14,201
2023-03-31,15,220
2023-03-31,16,209
2023-03-31,17,169
2023-03-31,18,139
2023-03-31,19,89
2023-03-31,20,80
2023-03-31,21,79
2023-03-31,22,58
2023-03-31,23,55
2023-04-01,0,19
2023-04-01,1,20
2023-04-01,2,13
2023-04-01,3,13
2023-04-01,4,13
2023-04-01,5,20
2023-04-01,6,51
2023-04-01,7,62
2023-04-01,8,96
2023-04-01,9,144
2023-04-01,10,149
2023-04-01,11,143
2023-04-01,12,163
2023-04-01,13,170
2023-04-01,14,165
2023-04-01,15,163
2023-04-01,16,132
2023-04-01,17,132
2023-04-01,18,119
2023-04-01,19,90
2023-04-01,20,81
2023-04-01,21,83
2023-04-01,22,61
2023-04-01,23,58
2023-04-02,0,32
2023-04-02,1,26
2023-04-02,2,14
2023-04-02,3,12
2023-04-02,4,12
2023-04-02,5,17
2023-04-02,6,45
2023-04-02,7,32
2023-04-02,8,67
2023-04-02,9,119
2023-04-02,10,120
2023-04-02,11,137
2023-04-02,12,133
2023-04-02,13,141
2023-04-02,14,159
2023-04-02,15,138
2023-04-02,16,129
2023-04-02,17,109
2023-04-02,18,113
2023-04-02,19,73
2023-04-02,20,64
2023-04-02,21,53
2023-04-02,22,29
2023-04-02,23,18
2023-04-03,0,11
2023-04-03,1,10
2023-04-03,2,8
2023-04-03,3,6
2023-04-03,4,12
2023-04-03,5,38
2023-04-03,6,95
2023-04-03,7,130
2023-04-03,8,120
2023-04-03,9,128
2023-04-03,10,161
2023-04-03,11,164
2023-04-03,12,157
2023-04-03,13,169
2023-04-03,14,163
2023-04-03,15,180
2023-04-03,16,209
2023-04-03,17,141
2023-04-03,18,142
2023-04-03,19,95
2023-04-03,20,64
2023-04-03,21,49
2023-04-03,22,37
2023-04-03,23,16
2023-04-04,0,10
2023-04-04,1,9
2023-04-04,2,7
2023-04-04,3,7
2023-04-04,4,17
2023-04-04,5,29
2023-04-04,6,104
2023-04-04,7,129
2023-04-04,8,134
2023-04-04,9,134
2023-04-04,10,146
2023-04-04,11,183
2023-04-04,12,148
2023-04-04,13,161
2023-04-04,14,191
2023-04-04,15,216
2023-04-04,16,228
2023-04-04,17,179
2023-04-04,18,138
2023-04-04,19,109
2023-04-04,20,73
2023-04-04,21,70
2023-04-04,22,34
2023-04-04,23,20
2023-04-05,0,6
2023-04-05,1,12
2023-04-05,2,6
2023-04-05,3,8
2023-04-05,4,18
2023-04-05,5,37
2023-04-05,6,85
2023-04-05,7,123
2023-04-05,8,114
2023-04-05,9,125
2023-04-05,10,156
2023-04-05,11,196
2023-04-05,12,172
2023-04-05,13,179
2023-04-05,14,192
2023-04-05,15,214
2023-04-05,16,222
2023-04-05,17,177
2023-04-05,18,115
2023-04-05,19,107
2023-04-05,20,76
2023-04-05,21,66
2023-04-05,22,43
2023-04-05,23,25
2023-04-06,0,11
2023-04-06,1,9
2023-04-06,2,5
2023-04-06,3,7
2023-04-06,4,15
2023-04-06,5,37
2023-04-06,6,88
2023-04-06,7,141
2023-04-06,8,129
2023-04-06,9,145
2023-04-06,10,200
2023-04-06,11,205
2023-04-06,12,188
2023-04-06,13,206
2023-04-06,14,191
2023-04-06,15,238
2023-04-06,16,215
2023-04-06,17,174
2023-04-06,18,159
2023-04-06,19,130
2023-04-06,20,91
2023-04-06,21,64
2023-04-06,22,54
2023-04-06,23,26
2023-04-07,0,22
2023-04-07,1,9
2023-04-07,2,14
2023-04-07,3,11
2023-04-07,4,13
2023-04-07,5,22
2023-04-07,6,72
2023-04-07,7,90
2023-04-07,8,109
2023-04-07,9,137
2023-04-07,10,169
2023-04-07,11,188
2023-04-07,12,172
2023-04-07,13,165
2023-04-07,14,186
2023-04-07,15,165
2023-04-07,16,159
2023-04-07,17,146
2023-04-07,18,134
2023-04-07,19,85
2023-04-07,20,85
2023-04-07,21,98
2023-04-07,22,47
2023-04-07,23,37
2023-04-08,0,29
2023-04-08,1,12
2023-04-08,2,8
2023-04-08,3,10
2023-04-08,4,7
2023-04-08,5,21
2023-04-08,6,62
2023-04-08,7,70
2023-04-08,8,83
2023-04-08,9,125
2023-04-08,10,130
2023-04-08,11,138
2023-04-08,12,116
2023-04-08,13,136
2023-04-08,14,153
2023-04-08,15,154
2023-04-08,16,124
2023-04-08,17,104
2023-04-08,18,106
2023-04-08,19,84
2023-04-08,20,64
2023-04-08,21,63
2023-04-08,22,49
2023-04-08,23,42
2023-04-09,0,37
2023-04-09,1,15
2023-04-09,2,18
2023-04-09,3,10
2023-04-09,4,6
2023-04-09,5,13
2023-04-09,6,37
2023-04-09,7,43
2023-04-09,8,44
2023-04-09,9,98
2023-04-09,10,125
2023-04-09,11,147
2023-04-09,12,138
2023-04-09,13,144
2023-04-09,14,121
2023-04-09,15,134
2023-04-09,16,124
2023-04-09,17,114
2023-04-09,18,105
2023-04-09,19,83
2023-04-09,20,66
2023-04-09,21,51
2023-04-09,22,25
2023-04-09,23,34
2023-04-10,0,19
2023-04-10,1,11
2023-04-10,2,10
2023-04-10,3,6
2023-04-10,4,10
2023-04-10,5,20
2023-04-10,6,53
2023-04-10,7,63
2023-04-10,8,65
2023-04-10,9,114
2023-04-10,10,134
2023-04-10,11,139
2023-04-10,12,144
2023-04-10,13,156
2023-04-10,14,139
2023-04-10,15,146
2023-04-10,16,133
2023-04-10,17,116
2023-04-10,18,105
2023-04-10,19,80
2023-04-10,20,61
2023-04-10,21,43
2023-04-10,22,30
2023-04-10,23,17
2023-04-11,0,14
2023-04-11,1,12
2023-04-11,2,4
2023-04-11,3,3
2023-04-11,4,13
2023-04-11,5,30
2023-04-11,6,98
2023-04-11,7,145
2023-04-11,8,133
2023-04-11,9,182
2023-04-11,10,148
2023-04-11,11,172
2023-04-11,12,155
2023-04-11,13,175
2023-04-11,14,193
2023-04-11,15,207
2023-04-11,16,212
2023-04-11,17,182
2023-04-11,18,140
2023-04-11,19,89
2023-04-11,20,72
2023-04-11,21,57
2023-04-11,22,30
2023-04-11,23,15
2023-04-12,0,13
2023-04-12,1,6
2023-04-12,2,6
2023-04-12,3,6
2023-04-12,4,14
2023-04-12,5,28
2023-04-12,6,88
2023-04-12,7,135
2023-04-12,8,120
2023-04-12,9,138
2023-04-12,10,154
2023-04-12,11,163
2023-04-12,12,165
2023-04-12,13,192
2023-04-12,14,186
2023-04-12,15,212
2023-04-12,16,191
2023-04-12,17,169
2023-04-12,18,118
2023-04-12,19,87
2023-04-12,20,80
2023-04-12,21,68
2023-04-12,22,47
2023-04-12,23,31
2023-04-13,0,13
2023-04-13,1,11
2023-04-13,2,13
2023-04-13,3,13
2023-04-13,4,19
2023-04-13,5,38
2023-04-13,6,97
2023-04-13,7,134
2023-04-13,8,141
2023-04-13,9,134
2023-04-13,10,146
2023-04-13,11,175
2023-04-13,12,150
2023-04-13,13,188
2023-04-13,14,190
2023-04-13,15,224
2023-04-13,16,193
2023-04-13,17,148
2023-04-13,18,124
2023-04-13,19,108
2023-04-13,20,81
2023-04-13,21,67
2023-04-13,22,48
2023-04-13,23,20
2023-04-14,0,8
2023-04-14,1,7
2023-04-14,2,7
2023-04-14,3,11
2023-04-14,4,17
2023-04-14,5,27
2023-04-14,6,88
2023-04-14,7,137
2023-04-14,8,132
2023-04-14,9,152
2023-04-14,10,176
2023-04-14,11,172
2023-04-14,12,191
2023-04-14,13,191
2023-04-14,14,199
2023-04-14,15,215
2023-04-14,16,228
2023-04-14,17,170
2023-04-14,18,172
2023-04-14,19,115
2023-04-14,20,80
2023-04-14,21,78
2023-04-14,22,43
2023-04-14,23,37
2023-04-15,0,23
2023-04-15,1,11
2023-04-15,2,11
2023-04-15,3,14
2023-04-15,4,21
2023-04-15,5,20
2023-04-15,6,60
2023-04-15,7,75
2023-04-15,8,99
2023-04-15,9,135
2023-04-15,10,146
2023-04-15,11,169
2023-04-15,12,170
2023-04-15,13,164
2023-04-15,14,161
2023-04-15,15,148
2023-04-15,16,152
2023-04-15,17,137
2023-04-15,18,134
2023-04-15,19,86
2023-04-15,20,77
2023-04-15,21,63
2023-04-15,22,53
2023-04-15,23,54
2023-04-16,0,30
2023-04-16,1,28
2023-04-16,2,22
2023-04-16,3,14
2023-04-16,4,13
2023-04-16,5,10
2023-04-16,6,53
2023-04-16,7,51
2023-04-16,8,78
2023-04-16,9,115
2023-04-16,10,136
2023-04-16,11,127
2023-04-16,12,142
2023-04-16,13,159
2023-04-16,14,127
2023-04-16,15,157
2023-04-16,16,131
2023-04-16,17,119
2023-04-16,18,96
2023-04-16,19,86
2023-04-16,20,66
2023-04-16,21,39
2023-04-16,22,40
2023-04-16,23,15
2023-04-17,0,11
2023-04-17,1,9
2023-04-17,2,8
2023-04-17,3,3
2023-04-17,4,15
2023-04-17,5,35
2023-04-17,6,93
2023-04-17,7,185
2023-04-17,8,169
2023-04-17,9,146
2023-04-17,10,170
2023-04-17,11,173
2023-04-17,12,214
2023-04-17,13,193
2023-04-17,14,294
2023-04-17,15,247
2023-04-17,16,241
2023-04-17,17,174
2023-04-17,18,118
2023-04-17,19,109
2023-04-17,20,81
2023-04-17,21,57
2023-04-17,22,28
2023-04-17,23,26
2023-04-18,0,13
2023-04-18,1,10
2023-04-18,2,4
2023-04-18,3,8
2023-04-18,4,17
2023-04-18,5,42
2023-04-18,6,104
2023-04-18,7,234
2023-04-18,8,171
2023-04-18,9,146
2023-04-18,10,141
2023-04-18,11,156
2023-04-18,12,159
2023-04-18,13,163
2023-04-18,14,199
2023-04-18,15,226
2023-04-18,16,189
2023-04-18,17,186
2023-04-18,18,130
2023-04-18,19,117
2023-04-18,20,82
2023-04-18,21,53
2023-04-18,22,33
2023-04-18,23,18
2023-04-19,0,14
2023-04-19,1,6
2023-04-19,2,4
2023-04-19,3,5
2023-04-19,4,14
2023-04-19,5,31
2023-04-19,6,96
2023-04-19,7,159
2023-04-19,8,168
2023-04-19,9,133
2023-04-19,10,141
2023-04-19,11,146
2023-04-19,12,195
2023-04-19,13,151
2023-04-19,14,190
2023-04-19,15,256
2023-04-19,16,260
2023-04-19,17,235
2023-04-19,18,135
2023-04-19,19,95
2023-04-19,20,106
2023-04-19,21,69
2023-04-19,22,38
2023-04-19,23,17
2023-04-20,0,21
2023-04-20,1,12
2023-04-20,2,7
2023-04-20,3,10
2023-04-20,4,20
2023-04-20,5,24
2023-04-20,6,95
2023-04-20,7,160
2023-04-20,8,157
2023-04-20,9,158
2023-04-20,10,147
2023-04-20,11,175
2023-04-20,12,137
2023-04-20,13,155
2023-04-20,14,184
2023-04-20,15,242
2023-04-20,16,268
2023-04-20,17,201
2023-04-20,18,154
2023-04-20,19,127
2023-04-20,20,80
2023-04-20,21,86
2023-04-20,22,46
2023-04-20,23,32
2023-04-21,0,17
2023-04-21,1,14
2023-04-21,2,5
2023-04-21,3,7
2023-04-21,4,14
2023-04-21,5,25
2023-04-21,6,74
2023-04-21,7,129
2023-04-21,8,145
2023-04-21,9,135
2023-04-21,10,179
2023-04-21,11,155
2023-04-21,12,195
2023-04-21,13,131
2023-04-21,14,202
2023-04-21,15,280
2023-04-21,16,190
2023-04-21,17,154
2023-04-21,18,143
2023-04-21,19,94
2023-04-21,20,80
2023-04-21,21,76
2023-04-21,22,55
2023-04-21,23,54
2023-04-22,0,35
2023-04-22,1,25
2023-04-22,2,17
2023-04-22,3,12
2023-04-22,4,8
2023-04-22,5,19
2023-04-22,6,48
2023-04-22,7,74
2023-04-22,8,98
2023-04-22,9,161
2023-04-22,10,143
2023-04-22,11,145
2023-04-22,12,167
2023-04-22,13,166
2023-04-22,14,136
2023-04-22,15,135
2023-04-22,16,151
2023-04-22,17,116
2023-04-22,18,111
2023-04-22,19,72
2023-04-22,20,64
2023-04-22,21,68
2023-04-24,9,137
2023-04-24,10,162
2023-04-24,11,151
2023-04-24,12,162
2023-04-24,13,189
2023-04-24,14,209
2023-04-24,15,267
2023-04-24,16,227
2023-04-24,17,182
2023-04-24,18,153
2023-04-24,19,96
2023-04-24,20,68
2023-04-24,21,48
2023-04-24,22,28
2023-04-24,23,16
2023-04-25,0,11
2023-04-25,1,4
2023-04-25,2,1
2023-04-25,3,6
2023-04-25,4,23
2023-04-25,5,29
2023-04-25,6,99
2023-04-25,7,138
2023-04-25,8,192
2023-04-25,9,151
2023-04-25,10,169
2023-04-25,11,184
2023-04-25,12,171
2023-04-25,13,174
2023-04-25,14,245
2023-04-25,15,278
2023-04-25,16,254
2023-04-25,17,195
2023-04-25,18,128
2023-04-25,19,116
2023-04-25,20,94
2023-04-25,21,68
2023-04-25,22,35
2023-04-25,23,16
2023-04-26,0,16
2023-04-26,1,8
2023-04-26,2,1
2023-04-26,3,8
2023-04-26,4,12
2023-04-26,5,41
2023-04-26,6,100
2023-04-26,7,171
2023-04-26,8,171
2023-04-26,9,140
2023-04-26,10,147
2023-04-26,11,199
2023-04-26,12,166
2023-04-26,13,156
2023-04-26,14,186
2023-04-26,15,278
2023-04-26,16,232
2023-04-26,17,187
2023-04-26,18,141
2023-04-26,19,102
2023-04-26,20,99
2023-04-26,21,86
2023-04-26,22,31
2023-04-26,23,21
2023-04-27,0,13
2023-04-27,1,15
2023-04-27,2,9
2023-04-27,3,11
2023-04-27,4,18
2023-04-27,5,29
2023-04-27,6,100
2023-04-27,7,180
2023-04-27,8,200
2023-04-27,9,139
2023-04-27,10,173
2023-04-27,11,185
2023-04-27,12,166
2023-04-27,13,199
2023-04-27,14,227
2023-04-27,15,289
2023-04-27,16,235
2023-04-27,17,216
2023-04-27,18,177
2023-04-27,19,127
2023-04-27,20,103
2023-04-27,21,73
2023-04-27,22,40
2023-04-27,23,29
2023-04-28,0,10
2023-04-28,1,8
2023-04-28,2,4
2023-04-28,3,7
2023-04-28,4,17
2023-04-28,5,22
2023-04-28,6,113
2023-04-28,7,164
2023-04-28,8,164
2023-04-28,9,165
2023-04-28,10,174
2023-04-28,11,209
2023-04-28,12,203
2023-04-28,13,198
2023-04-28,14,251
2023-04-28,15,195
2023-04-28,16,200
2023-04-28,17,167
2023-04-28,18,129
2023-04-28,19,102
2023-04-28,20,72
2023-04-28,21,86
2023-04-28,22,55
2023-04-28,23,41
2023-04-29,0,22
2023-04-29,1,16
2023-04-29,2,15
2023-04-29,3,11
2023-04-29,4,7
2023-04-29,5,18
2023-04-29,6,49
2023-04-29,7,67
2023-04-29,8,107
2023-04-29,9,145
2023-04-29,10,132
2023-04-29,11,146
2023-04-29,12,158
2023-04-29,13,170
2023-04-29,14,163
2023-04-29,15,141
2023-04-29,16,170
2023-04-29,17,120
2023-04-29,18,113
2023-04-29,19,87
2023-04-29,20,82
2023-04-29,21,79
2023-04-29,22,71
2023-04-29,23,47
2023-04-30,0,33
2023-04-30,1,24
2023-04-30,2,14
2023-04-30,3,5
2023-04-30,4,15
2023-04-30,5,17
2023-04-30,6,40
2023-04-30,7,52
2023-04-30,8,55
2023-04-30,9,107
2023-04-30,10,130
2023-04-30,11,140
2023-04-30,12,140
2023-04-30,13,131
2023-04-30,14,132
2023-04-30,15,123
2023-04-30,16,135
2023-04-30,17,108
2023-04-30,18,108
2023-04-30,19,72
2023-04-30,20,67
2023-04-30,21,52
2023-04-30,22,48
2023-04-30,23,24
2023-05-01,0,25
2023-05-01,1,14
2023-05-01,2,13
2023-05-01,3,11
2023-05-01,4,9
2023-05-01,5,23
2023-05-01,6,49
2023-05-01,7,80
2023-05-01,8,99
2023-05-01,9,118
2023-05-01,10,137
2023-05-01,11,151
2023-05-01,12,164
2023-05-01,13,173
2023-05-01,14,172
2023-05-01,15,152
2023-05-01,16,158
2023-05-01,17,144
2023-05-01,18,131
2023-05-01,19,85
2023-05-01,20,66
2023-05-01,21,42
2023-05-01,22,35
2023-05-01,23,16
2023-05-02,0,10
2023-05-02,1,7
2023-05-02,2,4
2023-05-02,3,2
2023-05-02,4,6
2023-05-02,5,40
2023-05-02,6,99
2023-05-02,7,178
2023-05-02,8,192
2023-05-02,9,151
2023-05-02,10,158
2023-05-02,11,178
2023-05-02,12,182
2023-05-02,13,201
2023-05-02,14,242
2023-05-02,15,296
2023-05-02,16,276
2023-05-02,17,187
2023-05-02,18,160
2023-05-02,19,95
2023-05-02,20,97
2023-05-02,21,62
2023-05-02,22,26
2023-05-02,23,22
2023-05-03,0,10
2023-05-03,1,9
2023-05-03,2,9
2023-05-03,3,7
2023-05-03,4,10
2023-05-03,5,39
2023-05-03,6,115
2023-05-03,7,201
2023-05-03,8,181
2023-05-03,9,170
2023-05-03,10,168
2023-05-03,11,191
2023-05-03,12,185
2023-05-03,13,180
2023-05-03,14,234
2023-05-03,15,278
2023-05-03,16,262
2023-05-03,17,181
2023-05-03,18,146
2023-05-03,19,100
2023-05-03,20,100
2023-05-03,21,65
2023-05-03,22,41
2023-05-03,23,25
2023-05-04,0,11
2023-05-04,1,10
2023-05-04,2,5
2023-05-04,3,11
2023-05-04,4,11
2023-05-04,5,35
2023-05-04,6,109
2023-05-04,7,181
2023-05-04,8,178
2023-05-04,9,163
2023-05-04,10,162
2023-05-04,11,183
2023-05-04,12,178
2023-05-04,13,220
2023-05-04,14,201
2023-05-04,15,254
2023-05-04,16,235
2023-05-04,17,217
2023-05-04,18,145
2023-05-04,19,123
2023-05-04,20,98
2023-05-04,21,80
2023-05-04,22,45
2023-05-04,23,18
2023-05-05,0,18
2023-05-05,1,17
2023-05-05,2,11
2023-05-05,3,23
2023-05-05,4,16
2023-05-05,5,34
2023-05-05,6,116
2023-05-05,7,175
2023-05-05,8,207
2023-05-05,9,141
2023-05-05,10,176
2023-05-05,11,166
2023-05-05,12,202
2023-05-05,13,193
2023-05-05,14,232
2023-05-05,15,240
2023-05-05,16,277
2023-05-05,17,185
2023-05-05,18,139
2023-05-05,19,107
2023-05-05,20,75
2023-05-05,21,76
2023-05-05,22,62
2023-05-05,23,51
2023-05-06,0,22
2023-05-06,1,22
2023-05-06,2,17
2023-05-06,3,11
2023-05-06,4,15
2023-05-06,5,14
2023-05-06,6,55
2023-05-06,7,74
2023-05-06,8,112
2023-05-06,9,141
2023-05-06,10,141
2023-05-06,11,138
2023-05-06,12,134
2023-05-06,13,178
2023-05-06,14,150
2023-05-06,15,153
2023-05-06,16,158
2023-05-06,17,244
2023-05-06,18,136
2023-05-06,19,89
2023-05-06,20,63
2023-05-06,21,70
2023-05-06,22,76
2023-05-06,23,35
2023-05-07,0,30
2023-05-07,1,37
2023-05-07,2,22
2023-05-07,3,11
2023-05-07,4,9
2023-05-07,5,11
2023-05-07,6,40
2023-05-07,7,38
2023-05-07,8,67
2023-05-07,9,101
2023-05-07,10,117
2023-05-07,11,165
2023-05-07,12,161
2023-05-07,13,162
2023-05-07,14,119
2023-05-07,15,156
2023-05-07,16,119
2023-05-07,17,111
2023-05-07,18,111
2023-05-07,19,76
2023-05-07,20,79
2023-05-07,21,58
2023-05-07,22,38
2023-05-07,23,28
2023-05-08,0,20
2023-05-08,1,13
2023-05-08,2,9
2023-05-08,3,7
2023-05-08,4,12
2023-05-08,5,32
2023-05-08,6,89
2023-05-08,7,60
2023-05-08,8,77
2023-05-08,9,114
2023-05-08,10,140
2023-05-08,11,143
2023-05-08,12,174
2023-05-08,13,188
2023-05-08,14,165
2023-05-08,15,158
2023-05-08,16,148
2023-05-08,17,137
2023-05-08,18,127
2023-05-08,19,91
2023-05-08,20,76
2023-05-08,21,44
2023-05-08,22,29
2023-05-08,23,15
2023-05-09,0,15
2023-05-09,1,7
2023-05-09,2,7
2023-05-09,3,5
2023-05-09,4,21
2023-05-09,5,40
2023-05-09,6,117
2023-05-09,7,192
2023-05-09,8,187
2023-05-09,9,145
2023-05-09,10,150
2023-05-09,11,165
2023-05-09,12,181
2023-05-09,13,182
2023-05-09,14,208
2023-05-09,15,275
2023-05-09,16,285
2023-05-09,17,177
2023-05-09,18,143
2023-05-09,19,106
2023-05-09,20,86
2023-05-09,21,87
2023-05-09,22,34
2023-05-09,23,23
2023-05-10,0,10
2023-05-10,1,10
2023-05-10,2,8
2023-05-10,3,4
2023-05-10,4,11
2023-05-10,5,40
2023-05-10,6,106
2023-05-10,7,209
2023-05-10,8,192
2023-05-10,9,153
2023-05-10,10,162
2023-05-10,11,162
2023-05-10,12,239
2023-05-10,13,191
2023-05-10,14,188
2023-05-10,15,252
2023-05-10,16,232
2023-05-10,17,228
2023-05-10,18,179
2023-05-10,19,148
2023-05-10,20,96
2023-05-10,21,70
2023-05-10,22,44
2023-05-10,23,30
2023-05-11,0,16
2023-05-11,1,4
2023-05-11,2,8
2023-05-11,3,12
2023-05-11,4,12
2023-05-11,5,36
2023-05-11,6,102
2023-05-11,7,172
2023-05-11,8,189
2023-05-11,9,168
2023-05-11,10,181
2023-05-11,11,178
2023-05-11,12,181
2023-05-11,13,192
2023-05-11,14,195
2023-05-11,15,256
2023-05-11,16,258
2023-05-11,17,184
2023-05-11,18,165
2023-05-11,19,131
2023-05-11,20,95
2023-05-11,21,70
2023-05-11,22,43
2023-05-11,23,25
2023-05-12,0,16
2023-05-12,1,11
2023-05-12,2,11
2023-05-12,3,9
2023-05-12,4,12
2023-05-12,5,36
2023-05-12,6,92
2023-05-12,7,179
2023-05-12,8,173
2023-05-12,9,146
2023-05-12,10,164
2023-05-12,11,184
2023-05-12,12,230
2023-05-12,13,197
2023-05-12,14,247
2023-05-12,15,254
2023-05-12,16,244
2023-05-12,17,284
2023-05-12,18,124
2023-05-12,19,117
2023-05-12,20,95
2023-05-12,21,83
2023-05-12,22,55
2023-05-12,23,39
2023-05-13,0,18
2023-05-13,1,22
2023-05-13,2,18
2023-05-13,3,13
2023-05-13,4,11
2023-05-13,5,19
2023-05-13,6,63
2023-05-13,7,75
2023-05-13,8,132
2023-05-13,9,153
2023-05-13,10,168
2023-05-13,11,168
2023-05-13,12,153
2023-05-13,13,151
2023-05-13,14,159
2023-05-13,15,143
2023-05-13,16,119
2023-05-13,17,116
2023-05-13,18,99
2023-05-13,19,105
2023-05-13,20,74
2023-05-13,21,66
2023-05-13,22,56
2023-05-13,23,36
2023-05-14,0,40
2023-05-14,1,24
2023-05-14,2,22
2023-05-14,3,11
2023-05-14,4,8
2023-05-14,5,13
2023-05-14,6,37
2023-05-14,7,38
2023-05-14,8,44
2023-05-14,9,118
2023-05-14,10,166
2023-05-14,11,145
2023-05-14,12,141
2023-05-14,13,152
2023-05-14,14,241
2023-05-14,15,141
2023-05-14,16,128
2023-05-14,17,146
2023-05-14,18,110
2023-05-14,19,102
2023-05-15,8,178
2023-05-15,9,147
2023-05-15,10,170
2023-05-15,11,188
2023-05-15,12,187
2023-05-15,13,174
2023-05-15,14,260
2023-05-15,15,273
2023-05-15,16,247
2023-05-15,17,185
2023-05-15,18,149
2023-05-15,19,110
2023-05-15,20,89
2023-05-15,21,64
2023-05-15,22,41
2023-05-15,23,44
2023-05-16,0,11
2023-05-16,1,5
2023-05-16,2,5
2023-05-16,3,7
2023-05-16,4,16
2023-05-16,5,36
2023-05-16,6,114
2023-05-16,7,190
2023-05-16,8,185
2023-05-16,9,151
2023-05-16,10,163
2023-05-16,11,181
2023-05-16,12,171
2023-05-16,13,182
2023-05-16,14,234
2023-05-16,15,296
2023-05-16,16,237
2023-05-16,17,167
2023-05-16,18,145
2023-05-16,19,133
2023-05-16,20,130
2023-05-16,21,62
2023-05-16,22,52
2023-05-16,23,26
2023-05-17,0,16
2023-05-17,1,30
2023-05-17,2,8
2023-05-17,3,26
2023-05-17,4,8
2023-05-17,5,35
2023-05-17,6,110
2023-05-17,7,186
2023-05-17,8,172
2023-05-17,9,145
2023-05-17,10,153
2023-05-17,11,196
2023-05-17,12,182
2023-05-17,13,192
2023-05-17,14,231
2023-05-17,15,241
2023-05-17,16,238
2023-05-17,17,205
2023-05-17,18,147
2023-05-17,19,110
2023-05-17,20,97
2023-05-17,21,62
2023-05-17,22,29
2023-05-17,23,20
2023-05-18,0,12
2023-05-18,1,9
2023-05-18,2,7
2023-05-18,3,13
2023-05-18,4,15
2023-05-18,5,26
2023-05-18,6,101
2023-05-18,7,180
2023-05-18,8,176
2023-05-18,9,161
2023-05-18,10,161
2023-05-18,11,167
2023-05-18,12,166
2023-05-18,13,196
2023-05-18,14,259
2023-05-18,15,317
2023-05-18,16,256
2023-05-18,17,195
2023-05-18,18,210
2023-05-18,19,127
2023-05-18,20,99
2023-05-18,21,62
2023-05-18,22,50
2023-05-18,23,35
2023-05-19,0,16
2023-05-19,1,12
2023-05-19,2,9
2023-05-19,3,12
2023-05-19,4,11
2023-05-19,5,25
2023-05-19,6,123
2023-05-19,7,159
2023-05-19,8,165
2023-05-19,9,153
2023-05-19,10,156
2023-05-19,11,207
2023-05-19,12,199
2023-05-19,13,222
2023-05-19,14,236
2023-05-19,15,250
2023-05-19,16,240
2023-05-19,17,188
2023-05-19,18,157
2023-05-19,19,114
2023-05-19,20,100
2023-05-19,21,89
2023-05-19,22,58
2023-05-19,23,59
2023-05-20,0,23
2023-05-20,1,24
2023-05-20,2,16
2023-05-20,3,14
2023-05-20,4,13
2023-05-20,5,17
2023-05-20,6,48
2023-05-20,7,78
2023-05-20,8,128
2023-05-20,9,142
2023-05-20,10,162
2023-05-20,11,200
2023-05-20,12,165
2023-05-20,13,189
2023-05-20,14,157
2023-05-20,15,144
2023-05-20,16,136
2023-05-20,17,136
2023-05-20,18,110
2023-05-20,19,81
2023-05-20,20,75
2023-05-20,21,67
2023-05-20,22,47
2023-05-20,23,48
2023-05-21,0,40
2023-05-21,1,26
2023-05-21,2,18
2023-05-21,3,17
2023-05-21,4,8
2023-05-21,5,15
2023-05-21,6,46
2023-05-21,7,41
2023-05-21,8,91
2023-05-21,9,111
2023-05-21,10,127
2023-05-21,11,160
2023-05-21,12,164
2023-05-21,13,162
2023-05-21,14,171
2023-05-21,15,137
2023-05-21,16,114
2023-05-21,17,119
2023-05-21,18,107
2023-05-21,19,75
2023-05-21,20,64
2023-05-21,21,43
2023-05-21,22,26
2023-05-21,23,23
2023-05-22,0,18
2023-05-22,1,7
2023-05-22,2,4
2023-05-22,3,7
2023-05-22,4,18
2023-05-22,5,32
2023-05-22,6,104
2023-05-22,7,172
2023-05-22,8,209
2023-05-22,9,145
2023-05-22,10,154
2023-05-22,11,176
2023-05-22,12,191
2023-05-22,13,246
2023-05-22,14,252
2023-05-22,15,265
2023-05-22,16,214
2023-05-22,17,161
2023-05-22,18,136
2023-05-22,19,93
2023-05-22,20,87
2023-05-22,21,46
2023-05-22,22,39
2023-05-22,23,22
2023-05-23,0,15
2023-05-23,1,7
2023-05-23,2,8
2023-05-23,3,8
2023-05-23,4,18
2023-05-23,5,38
2023-05-23,6,105
2023-05-23,7,173
2023-05-23,8,204
2023-05-23,9,162
2023-05-23,10,147
2023-05-23,11,171
2023-05-23,12,143
2023-05-23,13,173
2023-05-23,14,191
2023-05-23,15,238
2023-05-23,16,256
2023-05-23,17,169
2023-05-23,18,136
2023-05-23,19,99
2023-05-23,20,74
2023-05-23,21,58
2023-05-23,22,36
2023-05-23,23,15
2023-05-24,0,15
2023-05-24,1,11
2023-05-24,2,8
2023-05-24,3,3
2023-05-24,4,12
2023-05-24,5,32
2023-05-24,6,114
2023-05-24,7,155
2023-05-24,8,163
2023-05-24,9,136
2023-05-24,10,142
2023-05-24,11,173
2023-05-24,12,163
2023-05-24,13,172
2023-05-24,14,229
2023-05-24,15,242
2023-05-24,16,236
2023-05-24,17,252
2023-05-24,18,129
2023-05-24,19,117
2023-05-24,20,89
2023-05-24,21,63
2023-05-24,22,33
2023-05-24,23,23
2023-05-25,0,16
2023-05-25,1,9
2023-05-25,2,9
2023-05-25,3,9
2023-05-25,4,12
2023-05-25,5,37
2023-05-25,6,116
2023-05-25,7,171
2023-05-25,8,139
2023-05-25,9,138
2023-05-25,10,165
2023-05-25,11,182
2023-05-25,12,164
2023-05-25,13,195
2023-05-25,14,226
2023-05-25,15,239
2023-05-25,16,218
2023-05-25,17,200
2023-05-25,18,152
2023-05-25,19,117
2023-05-25,20,108
2023-05-25,21,73
2023-05-25,22,98
2023-05-25,23,50
2023-05-26,0,78
2023-05-26,1,30
2023-05-26,2,21
2023-05-26,3,8
2023-05-26,4,12
2023-05-26,5,25
2023-05-26,6,99
2023-05-26,7,117
2023-05-26,8,133
2023-05-26,9,157
2023-05-26,10,160
2023-05-26,11,157
2023-05-26,12,186
2023-05-26,13,186
2023-05-26,14,204
2023-05-26,15,203
2023-05-26,16,181
2023-05-26,17,151
2023-05-26,18,126
2023-05-26,19,102
2023-05-26,20,72
2023-05-26,21,78
2023-05-26,22,68
2023-05-26,23,61
2023-05-27,0,50
2023-05-27,1,21
2023-05-27,2,10
2023-05-27,3,14
2023-05-27,4,11
2023-05-27,5,24
2023-05-27,6,56
2023-05-27,7,74
2023-05-27,8,106
2023-05-27,9,127
2023-05-27,10,159
2023-05-27,11,162
2023-05-27,12,153
2023-05-27,13,158
2023-05-27,14,146
2023-05-27,15,130
2023-05-27,16,129
2023-05-27,17,116
2023-05-27,18,119
2023-05-27,19,85
2023-05-27,20,84
2023-05-27,21,77
2023-05-27,22,62
2023-05-27,23,51
2023-05-28,0,49
2023-05-28,1,31
2023-05-28,2,20
2023-05-28,3,19
2023-05-28,4,12
2023-05-28,5,13
2023-05-28,6,37
2023-05-28,7,50
2023-05-28,8,75
2023-05-28,9,104
2023-05-28,10,121
2023-05-28,11,149
2023-05-28,12,134
2023-05-28,13,132
2023-05-28,14,117
2023-05-28,15,179
2023-05-28,16,116
2023-05-28,17,111
2023-05-28,18,88
2023-05-28,19,89
2023-05-28,20,75
2023-05-28,21,54
2023-05-28,22,35
2023-05-28,23,22
2023-05-29,0,16
2023-05-29,1,12
2023-05-29,2,12
2023-05-29,3,4
2023-05-29,4,12
2023-05-29,5,30
2023-05-29,6,94
2023-05-29,7,105
2023-05-29,8,109
2023-05-29,9,144
2023-05-29,10,185
2023-05-29,11,177
2023-05-29,12,178
2023-05-29,13,212
2023-05-29,14,164
2023-05-29,15,186
2023-05-29,16,194
2023-05-29,17,131
2023-05-29,18,120
2023-05-29,19,89
2023-05-29,20,71
2023-05-29,21,49
2023-05-29,22,37
2023-05-29,23,24
2023-05-30,0,14
2023-05-30,1,9
2023-05-30,2,3
2023-05-30,3,9
2023-05-30,4,14
2023-05-30,5,45
2023-05-30,6,95
2023-05-30,7,164
2023-05-30,8,195
2023-05-30,9,178
2023-05-30,10,164
2023-05-30,11,176
2023-05-30,12,166
2023-05-30,13,174
2023-05-30,14,191
2023-05-30,15,246
2023-05-30,16,232
2023-05-30,17,153
2023-05-30,18,148
2023-05-30,19,112
2023-05-30,20,87
2023-05-30,21,70
2023-05-30,22,38
2023-05-30,23,19
2023-05-31,0,14
2023-05-31,1,9
2023-05-31,2,7
2023-05-31,3,2
2023-05-31,4,16
2023-05-31,5,44
2023-05-31,6,109
2023-05-31,7,183
2023-05-31,8,169
2023-05-31,9,152
2023-05-31,10,159
2023-05-31,11,209
2023-05-31,12,163
2023-05-31,13,177
2023-05-31,14,216
2023-05-31,15,221
2023-05-31,16,192
2023-05-31,17,183
2023-05-31,18,142
2023-05-31,19,109
2023-05-31,20,90
2023-05-31,21,66
2023-05-31,22,42
2023-05-31,23,28
2023-06-01,0,15
2023-06-01,1,13
2023-06-01,2,11
2023-06-01,3,9
2023-06-01,4,24
2023-06-01,5,31
2023-06-01,6,108
2023-06-01,7,159
2023-06-01,8,204
2023-06-01,9,169
2023-06-01,10,169
2023-06-01,11,166
2023-06-01,12,178
2023-06-01,13,185
2023-06-01,14,218
2023-06-01,15,255
2023-06-01,16,221
2023-06-01,17,168
2023-06-01,18,155
2023-06-01,19,104
2023-06-01,20,90
2023-06-01,21,99
2023-06-01,22,58
2023-06-01,23,20
2023-06-02,0,18
2023-06-02,1,13
2023-06-02,2,7
2023-06-02,3,6
2023-06-02,4,12
2023-06-02,5,37
2023-06-02,6,86
2023-06-02,7,153
2023-06-02,8,164
2023-06-02,9,153
2023-06-02,10,180
2023-06-02,11,195
2023-06-02,12,177
2023-06-02,13,182
2023-06-02,14,236
2023-06-02,15,243
2023-06-02,16,199
2023-06-02,17,180
2023-06-02,18,154
2023-06-02,19,116
2023-06-02,20,102
2023-06-02,21,67
2023-06-02,22,77
2023-06-02,23,45
2023-06-03,0,34
2023-06-03,1,26
2023-06-03,2,21
2023-06-03,3,13
2023-06-03,4,11
2023-06-03,5,20
2023-06-03,6,61
2023-06-03,7,76
2023-06-03,8,126
2023-06-03,9,152
2023-06-03,10,172
2023-06-03,11,170
2023-06-03,12,164
2023-06-03,13,165
2023-06-03,14,154
2023-06-03,15,130
2023-06-03,16,124
2023-06-03,17,121
2023-06-03,18,98
2023-06-03,19,111
2023-06-03,20,92
2023-06-03,21,58
2023-06-03,22,69
2023-06-03,23,44
2023-06-04,0,38
2023-06-04,1,27
2023-06-04,2,11
2023-06-04,3,17
2023-06-04,4,14
2023-06-04,5,17
2023-06-04,6,40
2023-06-04,7,52
2023-06-04,8,76
2023-06-04,9,112
2023-06-04,10,128
2023-06-04,11,152
2023-06-04,12,160
2023-06-04,13,142
2023-06-04,14,128
2023-06-04,15,149
2023-06-04,16,121
2023-06-04,17,116
2023-06-04,18,98
2023-06-04,19,84
2023-06-04,20,74
2023-06-04,21,54
2023-06-04,22,35
2023-06-04,23,24
2023-06-05,0,11
2023-06-05,1,6
2023-06-05,2,6
2023-06-05,3,6
2023-06-05,4,20
2023-06-05,5,29
2023-06-05,6,79
2023-06-05,7,154
2023-06-05,8,156
2023-06-05,9,165
2023-06-05,10,159
2023-06-05,11,170
2023-06-05,12,158
2023-06-05,13,180
2023-06-05,14,216
2023-06-05,15,236
2023-06-05,16,218
2023-06-05,17,187
2023-06-05,18,153
2023-06-05,19,124
2023-06-05,20,86
2023-06-05,21,57
2023-06-05,22,26
2023-06-05,23,25
2023-06-06,0,12
2023-06-06,1,10
2023-06-06,2,9
2023-06-06,3,6
2023-06-06,4,16
2023-06-06,5,34
2023-06-06,6,97
2023-06-06,7,167
2023-06-06,8,186
2023-06-06,9,150
2023-06-06,10,167
2023-06-06,11,185
2023-06-06,12,166
2023-06-06,13,183
2023-06-06,14,212
2023-06-06,15,275
2023-06-06,16,243
2023-06-06,17,177
2023-06-06,18,147
2023-06-06,19,110
2023-06-06,20,115
2023-06-06,21,59
2023-06-06,22,36
2023-06-06,23,23
2023-06-07,0,13
2023-06-07,1,13
2023-06-07,2,6
2023-06-07,3,8
2023-06-07,4,17
2023-06-07,5,36
2023-06-07,6,105
2023-06-07,7,176
2023-06-07,8,174
2023-06-07,9,159
2023-06-07,10,165
2023-06-07,11,199
2023-06-07,12,175
2023-06-07,13,169
2023-06-07,14,224
2023-06-07,15,229
2023-06-07,16,203
2023-06-07,17,181
2023-06-07,18,143
2023-06-07,19,90
2023-06-07,20,97
2023-06-07,21,56
2023-06-07,22,41
2023-06-07,23,17
2023-06-08,0,13
2023-06-08,1,9
2023-06-08,2,8
2023-06-08,3,7
2023-06-08,4,18
2023-06-08,5,39
2023-06-08,6,101
2023-06-08,7,177
2023-06-08,8,175
2023-06-08,9,124
2023-06-08,10,133
2023-06-08,11,176
2023-06-08,12,160
2023-06-08,13,202
2023-06-08,14,219
2023-06-08,15,235
2023-06-08,16,215
2023-06-08,17,175
2023-06-08,18,163
2023-06-08,19,119
2023-06-08,20,98
2023-06-08,21,61
2023-06-08,22,23
2023-06-08,23,20
2023-06-09,0,12
2023-06-09,1,7
2023-06-09,2,10
2023-06-09,3,9
2023-06-09,4,17
2023-06-09,5,35
2023-06-09,6,90
2023-06-09,7,160
2023-06-09,8,153
2023-06-09,9,159
2023-06-09,10,178
2023-06-09,11,204
2023-06-09,12,183
2023-06-09,13,168
2023-06-09,14,298
2023-06-09,15,229
2023-06-09,16,183
2023-06-09,17,184
2023-06-09,18,165
2023-06-09,19,112
2023-06-09,20,80
2023-06-09,21,65
2023-06-09,22,45
2023-06-09,23,38
2023-06-10,0,19
2023-06-10,1,15
2023-06-10,2,11
2023-06-10,3,12
2023-06-10,4,5
2023-06-10,5,30
2023-06-10,6,51
2023-06-10,7,73
2023-06-10,8,122
2023-06-10,9,137
2023-06-10,10,139
2023-06-10,11,172
2023-06-10,12,173
2023-06-10,13,243
2023-06-10,14,144
2023-06-10,15,132
2023-06-10,16,139
2023-06-10,17,112
2023-06-10,18,105
2023-06-10,19,83
2023-06-10,20,68
2023-06-10,21,71
2023-06-10,22,55
2023-06-10,23,47
2023-06-11,0,32
2023-06-11,1,29
2023-06-11,2,18
2023-06-11,3,16
2023-06-11,4,9
2023-06-11,5,11
2023-06-11,6,43
2023-06-11,7,48
2023-06-11,8,73
2023-06-11,9,123
2023-06-11,10,136
2023-06-11,11,151
2023-06-11,12,159
2023-06-11,13,171
2023-06-11,14,136
2023-06-11,15,151
2023-06-11,16,130
2023-06-11,17,129
2023-06-11,18,113
2023-06-11,19,92
2023-06-11,20,63
2023-06-11,21,67
2023-06-11,22,38
2023-06-11,23,22
2023-06-12,0,15
2023-06-12,1,12
2023-06-12,2,7
2023-06-12,3,12
2023-06-12,4,17
2023-06-12,5,40
2023-06-12,6,101
2023-06-12,7,175
2023-06-12,8,169
2023-06-12,9,159
2023-06-12,10,150
2023-06-12,11,174
2023-06-12,12,168
2023-06-12,13,170
2023-06-12,14,204
2023-06-12,15,246
2023-06-12,16,222
2023-06-12,17,166
2023-06-12,18,139
2023-06-12,19,103
2023-06-12,20,84
2023-06-12,21,54
2023-06-12,22,39
2023-06-12,23,33
2023-06-13,0,15
2023-06-13,1,9
2023-06-13,2,6
2023-06-13,3,8
2023-06-13,4,17
2023-06-13,5,43
2023-06-13,6,102
2023-06-13,7,163
2023-06-13,8,178
2023-06-13,9,156
2023-06-13,10,176
2023-06-13,11,196
2023-06-13,12,158
2023-06-13,13,182
2023-06-13,14,235
2023-06-13,15,269
2023-06-13,16,261
2023-06-13,17,198
2023-06-13,18,151
2023-06-13,19,113
2023-06-13,20,100
2023-06-13,21,71
2023-06-13,22,41
2023-06-13,23,30
2023-06-14,0,23
2023-06-14,1,12
2023-06-14,2,11
2023-06-14,3,9
2023-06-14,4,12
2023-06-14,5,31
2023-06-14,6,117
2023-06-14,7,187
2023-06-14,8,170
2023-06-14,9,153
2023-06-14,10,168
2023-06-14,11,213
2023-06-14,12,162
2023-06-14,13,190
2023-06-14,14,220
2023-06-14,15,284
2023-06-14,16,266
2023-06-14,17,207
2023-06-14,18,156
2023-06-14,19,102
2023-06-14,20,106
2023-06-14,21,81
2023-06-14,22,44
2023-06-14,23,25
2023-06-15,0,14
2023-06-15,1,13
2023-06-15,2,7
2023-06-15,3,5
2023-06-15,4,16
2023-06-15,5,47
2023-06-15,6,103
2023-06-15,7,165
2023-06-15,8,169
2023-06-15,9,143
2023-06-15,10,177
2023-06-15,11,203
2023-06-15,12,170
2023-06-15,13,174
2023-06-15,14,204
2023-06-15,15,267
2023-06-15,16,273
2023-06-15,17,200
2023-06-15,18,175
2023-06-15,19,133
2023-06-15,20,106
2023-06-15,21,89
2023-06-15,22,45
2023-06-15,23,33
2023-06-16,0,24
2023-06-16,1,8
2023-06-16,2,11
2023-06-16,3,11
2023-06-16,4,13
2023-06-16,5,32
2023-06-16,6,101
2023-06-16,7,170
2023-06-16,8,164
2023-06-16,9,165
2023-06-16,10,171
2023-06-16,11,210
2023-06-16,12,205
2023-06-16,13,197
2023-06-16,14,246
2023-06-16,15,244
2023-06-16,16,279
2023-06-16,17,191
2023-06-16,18,169
2023-06-16,19,104
2023-06-16,20,113
2023-06-16,21,94
2023-06-16,22,62
2023-06-16,23,45
2023-06-17,0,26
2023-06-17,1,22
2023-06-17,2,11
2023-06-17,3,10
2023-06-17,4,11
2023-06-17,5,24
2023-06-17,6,52
2023-06-17,7,82
2023-06-17,8,119
2023-06-17,9,133
2023-06-17,10,139
2023-06-17,11,181
2023-06-17,12,189
2023-06-17,13,198
2023-06-17,14,177
2023-06-17,15,151
2023-06-17,16,138
2023-06-17,17,148
2023-06-17,18,127
2023-06-17,19,96
2023-06-17,20,88
2023-06-17,21,77
2023-06-17,22,71
2023-06-17,23,59
2023-06-18,0,33
2023-06-18,1,22
2023-06-18,2,14
2023-06-18,3,11
2023-06-18,4,10
2023-06-18,5,19
2023-06-18,6,44
2023-06-18,7,37
2023-06-18,8,74
2023-06-18,9,102
2023-06-18,10,144
2023-06-18,11,150
2023-06-18,12,189
2023-06-18,13,185
2023-06-18,14,166
2023-06-18,15,157
2023-06-18,16,138
2023-06-19,7,172
2023-06-19,8,152
2023-06-19,9,152
2023-06-19,10,156
2023-06-19,11,171
2023-06-19,12,177
2023-06-19,13,172
2023-06-19,14,243
2023-06-19,15,248
2023-06-19,16,232
2023-06-19,17,185
2023-06-19,18,133
2023-06-19,19,105
2023-06-19,20,85
2023-06-19,21,58
2023-06-19,22,39
2023-06-19,23,73
2023-06-20,0,10
2023-06-20,1,10
2023-06-20,2,6
2023-06-20,3,6
2023-06-20,4,25
2023-06-20,5,43
2023-06-20,6,126
2023-06-20,7,158
2023-06-20,8,183
2023-06-20,9,146
2023-06-20,10,155
2023-06-20,11,164
2023-06-20,12,152
2023-06-20,13,181
2023-06-20,14,195
2023-06-20,15,245
2023-06-20,16,233
2023-06-20,17,159
2023-06-20,18,145
2023-06-20,19,110
2023-06-20,20,96
2023-06-20,21,52
2023-06-20,22,53
2023-06-20,23,30
2023-06-21,0,12
2023-06-21,1,10
2023-06-21,2,3
2023-06-21,3,21
2023-06-21,4,11
2023-06-21,5,37
2023-06-21,6,95
2023-06-21,7,177
2023-06-21,8,162
2023-06-21,9,150
2023-06-21,10,174
2023-06-21,11,206
2023-06-21,12,179
2023-06-21,13,217
2023-06-21,14,215
2023-06-21,15,248
2023-06-21,16,227
2023-06-21,17,189
2023-06-21,18,155
2023-06-21,19,114
2023-06-21,20,113
2023-06-21,21,76
2023-06-21,22,41
2023-06-21,23,21
2023-06-22,0,12
2023-06-22,1,12
2023-06-22,2,7
2023-06-22,3,9
2023-06-22,4,23
2023-06-22,5,37
2023-06-22,6,90
2023-06-22,7,171
2023-06-22,8,164
2023-06-22,9,149
2023-06-22,10,183
2023-06-22,11,191
2023-06-22,12,169
2023-06-22,13,186
2023-06-22,14,235
2023-06-22,15,253
2023-06-22,16,228
2023-06-22,17,200
2023-06-22,18,143
2023-06-22,19,119
2023-06-22,20,86
2023-06-22,21,66
2023-06-22,22,48
2023-06-22,23,32
2023-06-23,0,18
2023-06-23,1,17
2023-06-23,2,15
2023-06-23,3,7
2023-06-23,4,17
2023-06-23,5,37
2023-06-23,6,104
2023-06-23,7,164
2023-06-23,8,159
2023-06-23,9,158
2023-06-23,10,172
2023-06-23,11,192
2023-06-23,12,227
2023-06-23,13,193
2023-06-23,14,221
2023-06-23,15,238
2023-06-23,16,207
2023-06-23,17,157
2023-06-23,18,131
2023-06-23,19,97
2023-06-23,20,81
2023-06-23,21,72
2023-06-23,22,54
2023-06-23,23,46
2023-06-24,0,29
2023-06-24,1,19
2023-06-24,2,13
2023-06-24,3,8
2023-06-24,4,11
2023-06-24,5,35
2023-06-24,6,53
2023-06-24,7,85
2023-06-24,8,95
2023-06-24,9,137
2023-06-24,10,137
2023-06-24,11,162
2023-06-24,12,165
2023-06-24,13,144
2023-06-24,14,148
2023-06-24,15,154
2023-06-24,16,151
2023-06-24,17,126
2023-06-24,18,94
2023-06-24,19,100
2023-06-24,20,85
2023-06-24,21,67
2023-06-24,22,47
2023-06-24,23,43
2023-06-25,0,24
2023-06-25,1,22
2023-06-25,2,21
2023-06-25,3,17
2023-06-25,4,11
2023-06-25,5,18
2023-06-25,6,44
2023-06-25,7,34
2023-06-25,8,68
2023-06-25,9,99
2023-06-25,10,131
2023-06-25,11,142
2023-06-25,12,159
2023-06-25,13,170
2023-06-25,14,153
2023-06-25,15,137
2023-06-25,16,121
2023-06-25,17,136
2023-06-25,18,107
2023-06-25,19,85
2023-06-25,20,81
2023-06-25,21,52
2023-06-25,22,35
2023-06-25,23,28
2023-06-26,0,17
2023-06-26,1,11
2023-06-26,2,9
2023-06-26,3,10
2023-06-26,4,14
2023-06-26,5,35
2023-06-26,6,97
2023-06-26,7,85
2023-06-26,8,152
2023-06-26,9,140
2023-06-26,10,147
2023-06-26,11,151
2023-06-26,12,98
2023-06-26,13,157
2023-06-26,14,189
2023-06-26,15,216
2023-06-26,16,212
2023-06-26,17,182
2023-06-26,18,128
2023-06-26,19,91
2023-06-26,20,71
2023-06-26,21,42
2023-06-26,22,37
2023-06-26,23,20
2023-06-27,0,12
2023-06-27,1,5
2023-06-27,2,10
2023-06-27,3,5
2023-06-27,4,13
2023-06-27,5,36
2023-06-27,6,104
2023-06-27,7,134
2023-06-27,8,144
2023-06-27,9,133
2023-06-27,10,157
2023-06-27,11,147
2023-06-27,12,144
2023-06-27,13,187
2023-06-27,14,160
2023-06-27,15,233
2023-06-27,16,210
2023-06-27,17,190
2023-06-27,18,120
2023-06-27,19,104
2023-06-27,20,74
2023-06-27,21,59
2023-06-27,22,34
2023-06-27,23,29
2023-06-28,0,16
2023-06-28,1,7
2023-06-28,2,10
2023-06-28,3,6
2023-06-28,4,13
2023-06-28,5,36
2023-06-28,6,88
2023-06-28,7,129
2023-06-28,8,131
2023-06-28,9,134
2023-06-28,10,160
2023-06-28,11,158
2023-06-28,12,183
2023-06-28,13,173
2023-06-28,14,193
2023-06-28,15,226
2023-06-28,16,229
2023-06-28,17,182
2023-06-28,18,144
2023-06-28,19,132
2023-06-28,20,81
2023-06-28,21,62
2023-06-28,22,39
2023-06-28,23,27
2023-06-29,0,11
2023-06-29,1,9
2023-06-29,2,8
2023-06-29,3,4
2023-06-29,4,16
2023-06-29,5,41
2023-06-29,6,94
2023-06-29,7,109
2023-06-29,8,145
2023-06-29,9,148
2023-06-29,10,165
2023-06-29,11,174
2023-06-29,12,194
2023-06-29,13,211
2023-06-29,14,173
2023-06-29,15,227
2023-06-29,16,225
2023-06-29,17,186
2023-06-29,18,147
2023-06-29,19,97
2023-06-29,20,82
2023-06-29,21,84
2023-06-29,22,52
2023-06-29,23,23
2023-06-30,0,23
2023-06-30,1,12
2023-06-30,2,10
2023-06-30,3,16
2023-06-30,4,9
2023-06-30,5,39
2023-06-30,6,95
2023-06-30,7,127
2023-06-30,8,137
2023-06-30,9,157
2023-06-30,10,181
2023-06-30,11,216
2023-06-30,12,193
2023-06-30,13,220
2023-06-30,14,267
2023-06-30,15,259
2023-06-30,16,241
2023-06-30,17,193
2023-06-30,18,156
2023-06-30,19,98
2023-06-30,20,85
2023-06-30,21,69
2023-06-30,22,47
2023-06-30,23,42
2023-07-01,0,29
2023-07-01,1,15
2023-07-01,2,11
2023-07-01,3,11
2023-07-01,4,12
2023-07-01,5,20
2023-07-01,6,46
2023-07-01,7,72
2023-07-01,8,92
2023-07-01,9,131
2023-07-01,10,144
2023-07-01,11,157
2023-07-01,12,156
2023-07-01,13,182
2023-07-01,14,153
2023-07-01,15,168
2023-07-01,16,136
2023-07-01,17,120
2023-07-01,18,120
2023-07-01,19,87
2023-07-01,20,82
2023-07-01,21,52
2023-07-01,22,48
2023-07-01,23,43
2023-07-02,0,32
2023-07-02,1,30
2023-07-02,2,18
2023-07-02,3,15
2023-07-02,4,12
2023-07-02,5,15
2023-07-02,6,39
2023-07-02,7,33
2023-07-02,8,67
2023-07-02,9,97
2023-07-02,10,119
2023-07-02,11,140
2023-07-02,12,151
2023-07-02,13,179
2023-07-02,14,146
2023-07-02,15,143
2023-07-02,16,115
2023-07-02,17,114
2023-07-02,18,96
2023-07-02,19,99
2023-07-02,20,66
2023-07-02,21,60
2023-07-02,22,39
2023-07-02,23,16
2023-07-03,0,14
2023-07-03,1,15
2023-07-03,2,4
2023-07-03,3,7
2023-07-03,4,12
2023-07-03,5,30
2023-07-03,6,92
2023-07-03,7,108
2023-07-03,8,135
2023-07-03,9,133
2023-07-03,10,140
2023-07-03,11,149
2023-07-03,12,160
2023-07-03,13,165
2023-07-03,14,164
2023-07-03,15,220
2023-07-03,16,222
2023-07-03,17,172
2023-07-03,18,128
2023-07-03,19,90
2023-07-03,20,57
2023-07-03,21,43
2023-07-03,22,31
2023-07-03,23,27
2023-07-04,0,6
2023-07-04,1,10
2023-07-04,2,5
2023-07-04,3,5
2023-07-04,4,15
2023-07-04,5,37
2023-07-04,6,96
2023-07-04,7,143
2023-07-04,8,147
2023-07-04,9,151
2023-07-04,10,147
2023-07-04,11,159
2023-07-04,12,149
2023-07-04,13,167
2023-07-04,14,186
2023-07-04,15,221
2023-07-04,16,229
2023-07-04,17,168
2023-07-04,18,136
2023-07-04,19,103
2023-07-04,20,94
2023-07-04,21,53
2023-07-04,22,37
2023-07-04,23,17
2023-07-05,0,13
2023-07-05,1,9
2023-07-05,2,10
2023-07-05,3,5
2023-07-05,4,16
2023-07-05,5,31
2023-07-05,6,100
2023-07-05,7,141
2023-07-05,8,140
2023-07-05,9,138
2023-07-05,10,155
2023-07-05,11,169
2023-07-05,12,141
2023-07-05,13,175
2023-07-05,14,169
2023-07-05,15,227
2023-07-05,16,266
2023-07-05,17,179
2023-07-05,18,137
2023-07-05,19,119
2023-07-05,20,83
2023-07-05,21,62
2023-07-05,22,37
2023-07-05,23,19
2023-07-06,0,10
2023-07-06,1,12
2023-07-06,2,8
2023-07-06,3,17
2023-07-06,4,18
2023-07-06,5,32
2023-07-06,6,84
2023-07-06,7,128
2023-07-06,8,116
2023-07-06,9,151
2023-07-06,10,138
2023-07-06,11,191
2023-07-06,12,146
2023-07-06,13,166
2023-07-06,14,186
2023-07-06,15,217
2023-07-06,16,264
2023-07-06,17,179
2023-07-06,18,137
2023-07-06,19,109
2023-07-06,20,78
2023-07-06,21,63
2023-07-06,22,50
2023-07-06,23,24
2023-07-07,0,11
2023-07-07,1,9
2023-07-07,2,10
2023-07-07,3,7
2023-07-07,4,14
2023-07-07,5,34
2023-07-07,6,96
2023-07-07,7,124
2023-07-07,8,129
2023-07-07,9,136
2023-07-07,10,182
2023-07-07,11,180
2023-07-07,12,185
2023-07-07,13,183
2023-07-07,14,185
2023-07-07,15,213
2023-07-07,16,210
2023-07-07,17,155
2023-07-07,18,130
2023-07-07,19,107
2023-07-07,20,81
2023-07-07,21,52
2023-07-07,22,51
2023-07-07,23,39
2023-07-08,0,29
2023-07-08,1,22
2023-07-08,2,13
2023-07-08,3,11
2023-07-08,4,8
2023-07-08,5,19
2023-07-08,6,49
2023-07-08,7,72
2023-07-08,8,90
2023-07-08,9,132
2023-07-08,10,124
2023-07-08,11,156
2023-07-08,12,167
2023-07-08,13,153
2023-07-08,14,145
2023-07-08,15,143
2023-07-08,16,149
2023-07-08,17,137
2023-07-08,18,101
2023-07-08,19,82
2023-07-08,20,81
2023-07-08,21,58
2023-07-08,22,59
2023-07-08,23,56
2023-07-09,0,25
2023-07-09,1,30
2023-07-09,2,17
2023-07-09,3,8
2023-07-09,4,4
2023-07-09,5,16
2023-07-09,6,37
2023-07-09,7,39
2023-07-09,8,67
2023-07-09,9,110
2023-07-09,10,130
2023-07-09,11,134
2023-07-09,12,170
2023-07-09,13,150
2023-07-09,14,162
2023-07-09,15,120
2023-07-09,16,109
2023-07-09,17,109
2023-07-09,18,109
2023-07-09,19,88
2023-07-09,20,67
2023-07-09,21,49
2023-07-09,22,42
2023-07-09,23,23
2023-07-10,0,14
2023-07-10,1,17
2023-07-10,2,11
2023-07-10,3,6
2023-07-10,4,16
2023-07-10,5,30
2023-07-10,6,81
2023-07-10,7,128
2023-07-10,8,134
2023-07-10,9,132
2023-07-10,10,169
2023-07-10,11,158
2023-07-10,12,172
2023-07-10,13,181
2023-07-10,14,194
2023-07-10,15,231
2023-07-10,16,242
2023-07-10,17,160
2023-07-10,18,103
2023-07-10,19,84
2023-07-10,20,48
2023-07-10,21,52
2023-07-10,22,26
2023-07-10,23,15
2023-07-11,0,16
2023-07-11,1,9
2023-07-11,2,10
2023-07-11,3,4
2023-07-11,4,10
2023-07-11,5,34
2023-07-11,6,97
2023-07-11,7,130
2023-07-11,8,159
2023-07-11,9,144
2023-07-11,10,148
2023-07-11,11,160
2023-07-11,12,157
2023-07-11,13,166
2023-07-11,14,193
2023-07-11,15,218
2023-07-11,16,252
2023-07-11,17,148
2023-07-11,18,130
2023-07-11,19,97
2023-07-11,20,73
2023-07-11,21,46
2023-07-11,22,35
2023-07-11,23,20
2023-07-12,0,12
2023-07-12,1,12
2023-07-12,2,7
2023-07-12,3,6
2023-07-12,4,11
2023-07-12,5,31
2023-07-12,6,89
2023-07-12,7,133
2023-07-12,8,147
2023-07-12,9,154
2023-07-12,10,164
2023-07-12,11,169
2023-07-12,12,164
2023-07-26,10,181
2023-07-26,11,183
2023-07-26,12,165
2023-07-26,13,155
2023-07-26,14,163
2023-07-26,15,215
2023-07-26,16,218
2023-07-26,17,203
2023-07-26,18,141
2023-07-26,19,117
2023-07-26,20,76
2023-07-26,21,63
2023-07-26,22,45
2023-07-26,23,22
2023-07-27,0,12
2023-07-27,1,13
2023-07-27,2,7
2023-07-27,3,9
2023-07-27,4,13
2023-07-27,5,36
2023-07-27,6,94
2023-07-27,7,118
2023-07-27,8,148
2023-07-27,9,159
2023-07-27,10,167
2023-07-27,11,189
2023-07-27,12,190
2023-07-27,13,180
2023-07-27,14,172
2023-07-27,15,260
2023-07-27,16,236
2023-07-27,17,182
2023-07-27,18,144
2023-07-27,19,114
2023-07-27,20,103
2023-07-27,21,76
2023-07-27,22,58
2023-07-27,23,33
2023-07-28,0,28
2023-07-28,1,19
2023-07-28,2,15
2023-07-28,3,13
2023-07-28,4,21
2023-07-28,5,31
2023-07-28,6,83
2023-07-28,7,140
2023-07-28,8,137
2023-07-28,9,145
2023-07-28,10,195
2023-07-28,11,185
2023-07-28,12,195
2023-07-28,13,187
2023-07-28,14,197
2023-07-28,15,216
2023-07-28,16,224
2023-07-28,17,168
2023-07-28,18,139
2023-07-28,19,96
2023-07-28,20,102
2023-07-28,21,76
2023-07-28,22,66
2023-07-28,23,54
2023-07-29,0,37
2023-07-29,1,28
2023-07-29,2,19
2023-07-29,3,18
2023-07-29,4,11
2023-07-29,5,18
2023-07-29,6,52
2023-07-29,7,74
2023-07-29,8,109
2023-07-29,9,136
2023-07-29,10,126
2023-07-29,11,166
2023-07-29,12,174
2023-07-29,13,168
2023-07-29,14,141
2023-07-29,15,146
2023-07-29,16,148
2023-07-29,17,146
2023-07-29,18,117
2023-07-29,19,96
2023-07-29,20,68
2023-07-29,21,69
2023-07-29,22,53
2023-07-29,23,61
2023-07-30,0,28
2023-07-30,1,39
2023-07-30,2,28
2023-07-30,3,18
2023-07-30,4,13
2023-07-30,5,16
2023-07-30,6,43
2023-07-30,7,46
2023-07-30,8,74
2023-07-30,9,92
2023-07-30,10,125
2023-07-30,11,140
2023-07-30,12,152
2023-07-30,13,178
2023-07-30,14,143
2023-07-30,15,152
2023-07-30,16,125
2023-07-30,17,123
2023-07-30,18,99
2023-07-30,19,73
2023-07-30,20,82
2023-07-30,21,47
2023-07-30,22,44
2023-07-30,23,28
2023-07-31,0,13
2023-07-31,1,6
2023-07-31,2,11
2023-07-31,3,3
2023-07-31,4,11
2023-07-31,5,33
2023-07-31,6,89
2023-07-31,7,127
2023-07-31,8,149
2023-07-31,9,146
2023-07-31,10,155
2023-07-31,11,189
2023-07-31,12,179
2023-07-31,13,151
2023-07-31,14,177
2023-07-31,15,224
2023-07-31,16,232
2023-07-31,17,151
2023-07-31,18,136
2023-07-31,19,94
2023-07-31,20,71
2023-07-31,21,42
2023-07-31,22,33
2023-07-31,23,19
2023-08-01,0,23
2023-08-01,1,7
2023-08-01,2,6
2023-08-01,3,5
2023-08-01,4,13
2023-08-01,5,43
2023-08-01,6,97
2023-08-01,7,119
2023-08-01,8,122
2023-08-01,9,145
2023-08-01,10,157
2023-08-01,11,177
2023-08-01,12,161
2023-08-01,13,149
2023-08-01,14,180
2023-08-01,15,242
2023-08-01,16,210
2023-08-01,17,202
2023-08-01,18,141
2023-08-01,19,115
2023-08-01,20,75
2023-08-01,21,61
2023-08-01,22,34
2023-08-01,23,26
2023-08-02,0,14
2023-08-02,1,9
2023-08-02,2,10
2023-08-02,3,4
2023-08-02,4,14
2023-08-02,5,39
2023-08-02,6,96
2023-08-02,7,132
2023-08-02,8,128
2023-08-02,9,159
2023-08-02,10,152
2023-08-02,11,189
2023-08-02,12,165
2023-08-02,13,195
2023-08-02,14,192
2023-08-02,15,214
2023-08-02,16,238
2023-08-02,17,144
2023-08-02,18,127
2023-08-02,19,114
2023-08-02,20,81
2023-08-02,21,61
2023-08-02,22,58
2023-08-02,23,26
2023-08-03,0,20
2023-08-03,1,15
2023-08-03,2,5
2023-08-03,3,11
2023-08-03,4,19
2023-08-03,5,39
2023-08-03,6,91
2023-08-03,7,119
2023-08-03,8,123
2023-08-03,9,153
2023-08-03,10,160
2023-08-03,11,164
2023-08-03,12,167
2023-08-03,13,177
2023-08-03,14,173
2023-08-03,15,209
2023-08-03,16,205
2023-08-03,17,168
2023-08-03,18,133
2023-08-03,19,107
2023-08-03,20,77
2023-08-03,21,56
2023-08-03,22,49
2023-08-03,23,30
2023-08-04,0,19
2023-08-04,1,12
2023-08-04,2,11
2023-08-04,3,16
2023-08-04,4,16
2023-08-04,5,41
2023-08-04,6,125
2023-08-04,7,154
2023-08-04,8,155
2023-08-04,9,159
2023-08-04,10,175
2023-08-04,11,202
2023-08-04,12,216
2023-08-04,13,209
2023-08-04,14,186
2023-08-04,15,230
2023-08-04,16,194
2023-08-04,17,167
2023-08-04,18,119
2023-08-04,19,91
2023-08-04,20,76
2023-08-04,21,70
2023-08-04,22,56
2023-08-04,23,38
2023-08-05,0,28
2023-08-05,1,21
2023-08-05,2,15
2023-08-05,3,9
2023-08-05,4,16
2023-08-05,5,26
2023-08-05,6,44
2023-08-05,7,76
2023-08-05,8,102
2023-08-05,9,131
2023-08-05,10,137
2023-08-05,11,136
2023-08-05,12,126
2023-08-05,13,145
2023-08-05,14,157
2023-08-05,15,139
2023-08-05,16,146
2023-08-05,17,117
2023-08-05,18,104
2023-08-05,19,91
2023-08-05,20,85
2023-08-05,21,66
2023-08-05,22,66
2023-08-05,23,39
2023-08-06,0,35
2023-08-06,1,31
2023-08-06,2,21
2023-08-06,3,18
2023-08-06,4,18
2023-08-06,5,24
2023-08-06,6,50
2023-08-06,7,44
2023-08-06,8,66
2023-08-06,9,93
2023-08-06,10,75
2023-08-06,11,104
2023-08-06,12,110
2023-08-06,13,115
2023-08-06,14,104
2023-08-06,15,118
2023-08-06,16,130
2023-08-06,17,110
2023-08-06,18,109
2023-08-06,19,70
2023-08-06,20,72
2023-08-06,21,46
2023-08-06,22,32
2023-08-06,23,23
2023-08-07,0,18
2023-08-07,1,9
2023-08-07,2,7
2023-08-07,3,8
2023-08-07,4,17
2023-08-07,5,33
2023-08-07,6,97
2023-08-07,7,136
2023-08-07,8,142
2023-08-07,9,167
2023-08-07,10,156
2023-08-07,11,162
2023-08-07,12,164
2023-08-07,13,171
2023-08-07,14,182
2023-08-07,15,222
2023-08-07,16,180
2023-08-07,17,147
2023-08-07,18,132
2023-08-07,19,85
2023-08-07,20,72
2023-08-07,21,43
2023-08-07,22,36
2023-08-07,23,17
2023-08-08,0,15
2023-08-08,1,9
2023-08-08,2,5
2023-08-08,3,5
2023-08-08,4,15
2023-08-08,5,35
2023-08-08,6,98
2023-08-08,7,155
2023-08-08,8,156
2023-08-08,9,191
2023-08-08,10,157
2023-08-08,11,172
2023-08-08,12,172
2023-08-08,13,193
2023-08-08,14,185
2023-08-08,15,197
2023-08-08,16,203
2023-08-08,17,173
2023-08-08,18,127
2023-08-08,19,109
2023-08-08,20,80
2023-08-08,21,59
2023-08-08,22,45
2023-08-08,23,23
2023-08-09,0,12
2023-08-09,1,12
2023-08-09,2,3
2023-08-09,3,9
2023-08-09,4,15
2023-08-09,5,36
2023-08-09,6,101
2023-08-09,7,143
2023-08-09,8,146
2023-08-09,9,152
2023-08-09,10,154
2023-08-09,11,161
2023-08-09,12,155
2023-08-09,13,169
2023-08-09,14,177
2023-08-09,15,219
2023-08-09,16,192
2023-08-09,17,179
2023-08-09,18,141
2023-08-09,19,96
2023-08-09,20,68
2023-08-09,21,58
2023-08-09,22,44
2023-08-09,23,25
2023-08-10,0,9
2023-08-10,1,9
2023-08-10,2,9
2023-08-10,3,11
2023-08-10,4,15
2023-08-10,5,38
2023-08-10,6,80
2023-08-10,7,134
2023-08-10,8,159
2023-08-10,9,142
2023-08-10,10,147
2023-08-10,11,153
2023-08-10,12,162
2023-08-10,13,178
2023-08-10,14,185
2023-08-10,15,195
2023-08-10,16,218
2023-08-10,17,162
2023-08-10,18,139
2023-08-10,19,98
2023-08-10,20,70
2023-08-10,21,46
2023-08-10,22,38
2023-08-10,23,21
2023-08-11,0,12
2023-08-11,1,9
2023-08-11,2,2
2023-08-11,3,5
2023-08-11,4,10
2023-08-11,5,30
2023-08-11,6,94
2023-08-11,7,110
2023-08-11,8,138
2023-08-11,9,165
2023-08-11,10,148
2023-08-11,11,182
2023-08-11,12,195
2023-08-11,13,175
2023-08-11,14,182
2023-08-11,15,186
2023-08-11,16,198
2023-08-11,17,155
2023-08-11,18,138
2023-08-11,19,104
2023-08-11,20,65
2023-08-11,21,62
2023-08-11,22,52
2023-08-11,23,33
2023-08-12,0,29
2023-08-12,1,22
2023-08-12,2,14
2023-08-12,3,11
2023-08-12,4,6
2023-08-12,5,11
2023-08-12,6,40
2023-08-12,7,62
2023-08-12,8,93
2023-08-12,9,124
2023-08-12,10,134
2023-08-12,11,138
2023-08-12,12,169
2023-08-12,13,171
2023-08-12,14,130
2023-08-12,15,138
2023-08-12,16,120
2023-08-12,17,102
2023-08-12,18,122
2023-08-12,19,89
2023-08-12,20,80
2023-08-12,21,52
2023-08-13,4,11
2023-08-13,5,15
2023-08-13,6,40
2023-08-13,7,43
2023-08-13,8,84
2023-08-13,9,100
2023-08-13,10,114
2023-08-13,11,116
2023-08-13,12,109
2023-08-13,13,129
2023-08-13,14,130
2023-08-13,15,120
2023-08-13,16,124
2023-08-13,17,124
2023-08-13,18,100
2023-08-13,19,76
2023-08-13,20,58
2023-08-13,21,45
2023-08-13,22,41
2023-08-13,23,20
2023-08-14,0,6
2023-08-14,1,12
2023-08-14,2,6
2023-08-14,3,10
2023-08-14,4,13
2023-08-14,5,37
2023-08-14,6,86
2023-08-14,7,159
2023-08-14,8,132
2023-08-14,9,142
2023-08-14,10,141
2023-08-14,11,138
2023-08-14,12,156
2023-08-14,13,168
2023-08-14,14,190
2023-08-14,15,194
2023-08-14,16,234
2023-08-14,17,180
2023-08-14,18,151
2023-08-14,19,102
2023-08-14,20,72
2023-08-14,21,62
2023-08-14,22,31
2023-08-14,23,15
2023-08-15,0,10
2023-08-15,1,6
2023-08-15,2,8
2023-08-15,3,3
2023-08-15,5,36
2023-08-15,6,100
2023-08-15,8,137
2023-08-15,9,175
2023-08-15,10,170
2023-08-15,11,177
2023-08-15,12,157
2023-08-15,13,162
2023-08-15,14,210
2023-08-15,15,230
2023-08-15,16,222
2023-08-15,17,198
2023-08-15,18,134
2023-08-15,19,90
2023-08-15,20,76
2023-08-15,21,43
2023-08-15,22,36
2023-08-15,23,14
2023-08-16,0,13
2023-08-16,1,4
2023-08-16,2,9
2023-08-16,3,7
2023-08-16,4,14
2023-08-16,5,33
2023-08-16,6,89
2023-08-16,7,173
2023-08-16,8,157
2023-08-16,9,162
2023-08-16,10,155
2023-08-16,11,176
2023-08-16,12,188
2023-08-16,13,176
2023-08-16,14,208
2023-08-16,15,232
2023-08-16,16,237
2023-08-16,17,181
2023-08-16,18,122
2023-08-16,19,106
2023-08-16,20,82
2023-08-16,21,53
2023-08-16,22,50
2023-08-16,23,25
2023-08-17,0,11
2023-08-17,1,6
2023-08-17,2,6
2023-08-17,3,8
2023-08-17,4,14
2023-08-17,5,34
2023-08-17,6,100
2023-08-17,7,173
2023-08-17,8,185
2023-08-17,9,162
2023-08-17,10,192
2023-08-17,11,167
2023-08-17,12,162
2023-08-17,13,199
2023-08-17,14,190
2023-08-17,15,250
2023-08-17,16,218
2023-08-17,17,236
2023-08-17,18,131
2023-08-17,19,103
2023-08-17,20,87
2023-08-17,21,64
2023-08-17,22,43
2023-08-17,23,25
2023-08-18,0,14
2023-08-18,1,16
2023-08-18,2,8
2023-08-18,3,8
2023-08-18,4,13
2023-08-18,5,43
2023-08-18,6,94
2023-08-18,7,168
2023-08-18,8,171
2023-08-18,9,152
2023-08-18,10,185
2023-08-18,11,190
2023-08-18,12,184
2023-08-18,13,187
2023-08-18,14,272
2023-08-18,15,237
2023-08-18,16,235
2023-08-18,17,160
2023-08-18,18,137
2023-08-18,19,114
2023-08-18,20,90
2023-08-18,21,85
2023-08-18,22,89
2023-08-18,23,137
2023-08-19,0,21
2023-08-19,1,18
2023-08-19,2,16
2023-08-19,3,11
2023-08-19,4,12
2023-08-19,5,16
2023-08-19,6,49
2023-08-19,7,74
2023-08-19,8,117
2023-08-19,9,125
2023-08-19,10,181
2023-08-19,11,172
2023-08-19,12,165
2023-08-19,13,169
2023-08-19,14,170
2023-08-19,15,167
2023-08-19,16,134
2023-08-19,17,110
2023-08-19,18,113
2023-08-19,19,107
2023-08-19,20,84
2023-08-19,21,60
2023-08-19,22,70
2023-08-19,23,44
2023-08-20,0,37
2023-08-20,1,24
2023-08-20,2,18
2023-08-20,3,13
2023-08-20,4,8
2023-08-20,5,10
2023-08-20,6,33
2023-08-20,7,51
2023-08-20,8,78
2023-08-20,9,112
2023-08-20,10,183
2023-08-20,11,221
2023-08-20,12,182
2023-08-20,13,178
2023-08-20,14,170
2023-08-20,15,147
2023-08-20,16,128
2023-08-20,17,132
2023-08-20,18,141
2023-08-20,19,84
2023-08-20,20,63
2023-08-20,21,45
2023-08-20,22,27
2023-08-20,23,24
2023-08-21,0,21
2023-08-21,1,12
2023-08-21,2,25
2023-08-21,3,8
2023-08-21,4,12
2023-08-21,5,42
2023-08-21,6,89
2023-08-21,7,164
2023-08-21,8,165
2023-08-21,9,155
2023-08-21,10,168
2023-08-21,11,161
2023-08-21,12,212
2023-08-21,13,216
2023-08-21,14,264
2023-08-21,15,215
2023-08-21,16,250
2023-08-21,17,169
2023-08-21,18,147
2023-08-21,19,87
2023-08-21,20,70
2023-08-21,21,50
2023-08-21,22,66
2023-08-21,23,65
2023-08-22,0,15
2023-08-22,1,22
2023-08-22,2,4
2023-08-22,3,2
2023-08-22,4,12
2023-08-22,5,43
2023-08-22,6,89
2023-08-22,7,166
2023-08-22,8,156
2023-08-22,9,179
2023-08-22,10,177
2023-08-22,11,183
2023-08-22,12,172
2023-08-22,13,194
2023-08-22,14,215
2023-08-22,15,275
2023-08-22,16,250
2023-08-22,17,198
2023-08-22,18,168
2023-08-22,19,98
2023-08-22,20,78
2023-08-22,21,67
2023-08-22,22,21
2023-08-22,23,21
2023-08-23,0,10
2023-08-23,1,6
2023-08-23,2,10
2023-08-23,3,25
2023-08-23,4,13
2023-08-23,5,37
2023-08-23,6,97
2023-08-23,7,224
2023-08-23,8,234
2023-08-23,9,163
2023-08-23,10,167
2023-08-23,11,186
2023-08-23,12,231
2023-08-23,13,170
2023-08-23,14,201
2023-08-23,15,346
2023-08-23,16,267
2023-08-23,17,220
2023-08-23,18,170
2023-08-23,19,102
2023-08-23,20,105
2023-08-23,21,44
2023-08-23,22,34
2023-08-23,23,26
2023-08-24,0,13
2023-08-24,1,7
2023-08-24,2,7
2023-08-24,3,4
2023-08-24,4,14
2023-08-24,5,32
2023-08-24,6,94
2023-08-24,7,169
2023-08-24,8,171
2023-08-24,9,177
2023-08-24,10,166
2023-08-24,11,195
2023-08-24,12,189
2023-08-24,13,195
2023-08-24,14,219
2023-08-24,15,272
2023-08-24,16,262
2023-08-24,17,216
2023-08-24,18,159
2023-08-24,19,112
2023-08-24,20,96
2023-08-24,21,70
2023-08-24,22,41
2023-08-24,23,24
2023-08-25,0,14
2023-08-25,1,10
2023-08-25,2,10
2023-08-25,3,9
2023-08-25,4,13
2023-08-25,5,36
2023-08-25,6,93
2023-08-25,7,148
2023-08-25,8,179
2023-08-25,9,176
2023-08-25,10,157
2023-08-25,11,205
2023-08-25,12,194
2023-08-25,13,235
2023-08-25,14,229
2023-08-25,15,253
2023-08-25,16,268
2023-08-25,17,192
2023-08-25,18,129
2023-08-25,19,105
2023-08-25,20,85
2023-08-25,21,71
2023-08-25,22,83
2023-08-25,23,47
2023-08-26,0,33
2023-08-26,1,24
2023-08-26,2,9
2023-08-26,3,11
2023-08-26,4,10
2023-08-26,5,15
2023-08-26,6,42
2023-08-26,7,100
2023-08-26,8,120
2023-08-26,9,140
2023-08-26,10,142
2023-08-26,11,180
2023-08-26,12,177
2023-08-26,13,184
2023-08-26,14,140
2023-08-26,15,137
2023-08-26,16,135
2023-08-26,17,154
2023-08-26,18,132
2023-08-26,19,84
2023-08-26,20,58
2023-08-26,21,80
2023-08-26,22,45
2023-08-26,23,51
2023-08-27,0,37
2023-08-27,1,25
2023-08-27,2,23
2023-08-27,3,14
2023-08-27,4,8
2023-08-27,5,13
2023-08-27,6,52
2023-08-27,7,41
2023-08-27,8,71
2023-08-27,9,106
2023-08-27,10,134
2023-08-27,11,159
2023-08-27,12,187
2023-08-27,13,164
2023-08-27,14,164
2023-08-27,15,158
2023-08-27,16,133
2023-08-27,17,121
2023-08-27,18,123
2023-08-27,19,83
2023-08-27,20,75
2023-08-27,21,44
2023-08-27,22,29
2023-08-27,23,22
2023-08-28,0,17
2023-08-28,1,6
2023-08-28,2,5
2023-08-28,3,7
2023-08-28,4,10
2023-08-28,5,31
2023-08-28,6,101
2023-08-28,7,155
2023-08-28,8,175
2023-08-28,9,156
2023-08-28,10,176
2023-08-28,11,187
2023-08-28,12,165
2023-08-28,13,197
2023-08-28,14,227
2023-08-28,15,245
2023-08-28,16,236
2023-08-28,17,178
2023-08-28,18,143
2023-08-28,19,80
2023-08-28,20,85
2023-08-28,21,61
2023-08-28,22,27
2023-08-28,23,21
2023-08-29,0,16
2023-08-29,1,8
2023-08-29,2,7
2023-08-29,3,8
2023-08-29,4,18
2023-08-29,5,33
2023-08-29,6,119
2023-08-29,7,181
2023-08-29,8,186
2023-08-29,9,148
2023-08-29,10,164
2023-08-29,11,165
2023-08-29,12,187
2023-08-29,13,194
2023-08-29,14,202
2023-08-29,15,248
2023-08-29,16,252
2023-08-29,17,187
2023-08-29,18,155
2023-08-29,19,115
2023-08-29,20,98
2023-08-29,21,61
2023-08-29,22,19
2023-08-29,23,27
2023-08-30,0,17
2023-08-30,1,12
2023-08-30,2,5
2023-08-30,3,7
2023-08-30,4,14
2023-08-30,5,36
2023-08-30,6,117
2023-08-30,7,188
2023-08-30,8,183
2023-08-30,9,156
2023-08-30,10,207
2023-08-30,11,212
2023-08-30,12,172
2023-08-30,13,181
2023-08-30,14,233
2023-08-30,15,232
2023-08-30,16,248
2023-08-30,17,207
2023-08-30,18,164
2023-08-30,20,91
2023-08-30,21,68
2023-08-30,22,31
2023-08-30,23,22
2023-08-31,0,14
2023-08-31,1,8
2023-08-31,2,36
2023-08-31,3,12
2023-08-31,4,17
2023-08-31,5,30
2023-08-31,6,115
2023-08-31,7,188
2023-08-31,8,210
2023-08-31,9,162
2023-08-31,10,159
2023-08-31,11,167
2023-08-31,12,169
2023-08-31,13,203
2023-08-31,14,222
2023-08-31,15,261
2023-08-31,16,189
2023-08-31,17,198
2023-08-31,18,163
2023-08-31,19,123
2023-08-31,20,80
2023-08-31,21,62
2023-08-31,22,36
2023-08-31,23,27
2023-09-01,0,16
2023-09-01,1,12
2023-09-01,2,12
2023-09-01,3,4
2023-09-01,4,18
2023-09-01,5,35
2023-09-01,6,95
2023-09-01,7,151
2023-09-01,8,164
2023-09-01,9,160
2023-09-01,10,164
2023-09-01,11,139
2023-09-01,12,67
2023-09-01,13,64
2023-09-01,14,126
2023-09-01,15,142
2023-09-01,16,215
2023-09-01,17,166
2023-09-01,18,145
2023-09-01,19,136
2023-09-01,20,86
2023-09-01,21,83
2023-09-01,22,65
2023-09-01,23,32
2023-09-02,0,28
2023-09-02,1,26
2023-09-02,2,60
2023-09-02,3,11
2023-09-02,4,7
2023-09-02,5,24
2023-09-02,6,56
2023-09-02,7,109
2023-09-02,8,129
2023-09-02,9,147
2023-09-02,10,169
2023-09-02,11,170
2023-09-02,12,196
2023-09-02,13,178
2023-09-02,14,149
2023-09-02,15,164
2023-09-02,16,152
2023-09-02,17,154
2023-09-02,18,107
2023-09-02,19,93
2023-09-02,20,87
2023-09-02,21,76
2023-09-02,22,40
2023-09-02,23,45
2023-09-03,0,28
2023-09-03,1,24
2023-09-03,2,21
2023-09-03,3,19
2023-09-03,4,11
2023-09-03,5,11
2023-09-03,6,39
2023-09-03,7,37
2023-09-03,8,80
2023-09-03,9,115
2023-09-03,10,137
2023-09-03,11,154
2023-09-03,12,155
2023-09-03,13,151
2023-09-03,14,149
2023-09-03,15,146
2023-09-03,16,119
2023-09-03,17,113
2023-09-03,18,111
2023-09-03,19,81
2023-09-03,20,61
2023-09-03,21,43
2023-09-03,22,37
2023-09-03,23,18
2023-09-04,0,8
2023-09-04,1,14
2023-09-04,2,4
2023-09-04,3,8
2023-09-04,4,21
2023-09-04,5,34
2023-09-04,6,93
2023-09-04,7,230
2023-09-04,8,158
2023-09-04,9,148
2023-09-04,10,142
2023-09-04,11,167
2023-09-04,12,162
2023-09-04,13,167
2023-09-04,14,207
2023-09-04,15,246
2023-09-04,16,196
2023-09-04,17,158
2023-09-04,18,146
2023-09-04,19,94
2023-09-04,20,86
2023-09-04,21,52
2023-09-04,22,25
2023-09-04,23,22
2023-09-05,0,19
2023-09-05,1,7
2023-09-05,2,3
2023-09-05,3,6
2023-09-05,4,20
2023-09-05,5,31
2023-09-05,6,97
2023-09-05,7,169
2023-09-05,8,189
2023-09-05,9,149
2023-09-05,10,156
2023-09-05,11,194
2023-09-05,12,204
2023-09-05,13,180
2023-09-05,14,228
2023-09-05,15,247
2023-09-05,16,224
2023-09-05,17,186
2023-09-05,18,129
2023-09-05,19,111
2023-09-05,20,87
2023-09-05,21,73
2023-09-05,22,34
2023-09-05,23,17
2023-09-06,0,6
2023-09-06,1,11
2023-09-06,2,7
2023-09-06,3,11
2023-09-06,4,11
2023-09-06,5,38
2023-09-06,6,116
2023-09-06,7,194
2023-09-06,8,163
2023-09-06,9,158
2023-09-06,10,175
2023-09-06,11,200
2023-09-06,12,253
2023-09-06,13,176
2023-09-06,14,251
2023-09-06,15,276
2023-09-06,16,290
2023-09-06,17,194
2023-09-06,18,172
2023-09-06,19,125
2023-09-06,20,95
2023-09-06,21,63
2023-09-06,22,38
2023-09-06,23,17
2023-09-07,0,11
2023-09-07,1,9
2023-09-07,2,4
2023-09-07,3,7
2023-09-07,4,14
2023-09-07,5,31
2023-09-07,6,103
2023-09-07,7,178
2023-09-07,8,164
2023-09-07,9,157
2023-09-07,10,173
2023-09-07,11,184
2023-09-07,12,185
2023-09-07,13,216
2023-09-07,14,234
2023-09-07,15,244
2023-09-07,16,294
2023-09-07,17,196
2023-09-07,18,147
2023-09-07,19,125
2023-09-07,20,89
2023-09-07,21,73
2023-09-07,22,35
2023-09-07,23,16
2023-09-08,0,15
2023-09-08,1,9
2023-09-08,2,9
2023-09-08,3,9
2023-09-08,4,15
2023-09-08,5,37
2023-09-08,6,98
2023-09-08,7,157
2023-09-08,8,181
2023-09-08,9,160
2023-09-08,10,173
2023-09-08,11,207
2023-09-08,12,193
2023-09-08,13,201
2023-09-08,14,248
2023-09-08,15,258
2023-09-08,16,207
2023-09-08,17,161
2023-09-08,18,154
2023-09-08,19,119
2023-09-08,20,81
2023-09-08,21,86
2023-09-08,22,44
2023-09-08,23,29
2023-09-09,0,26
2023-09-09,1,25
2023-09-09,2,20
2023-09-09,3,11
2023-09-09,4,8
2023-09-09,5,19
2023-09-09,6,44
2023-09-09,7,106
2023-09-09,8,133
2023-09-09,9,164
2023-09-09,10,168
2023-09-09,11,237
2023-09-09,12,177
2023-09-09,13,149
2023-09-09,14,183
2023-09-09,15,151
2023-09-09,16,140
2023-09-09,17,115
2023-09-09,18,122
2023-09-09,19,85
2023-09-09,20,74
2023-09-09,21,68
2023-09-09,22,56
2023-09-09,23,38
2023-09-10,0,34
2023-09-10,1,22
2023-09-10,2,18
2023-09-10,3,13
2023-09-10,4,13
2023-09-10,5,16
2023-09-10,6,46
2023-09-10,7,46
2023-09-10,8,80
2023-09-10,9,96
2023-09-10,10,115
2023-09-10,11,159
2023-09-10,12,158
2023-09-10,13,178
2023-09-10,14,165
2023-09-10,15,147
2023-09-10,16,134
2023-09-10,17,120
2023-09-10,18,121
2023-09-10,19,86
2023-09-10,20,55
2023-09-10,21,51
2023-09-10,22,36
2023-09-10,23,17
2023-09-11,0,14
2023-09-11,1,7
2023-09-11,2,2
2023-09-11,3,9
2023-09-11,4,15
2023-09-11,5,28
2023-09-11,6,95
2023-09-11,7,164
2023-09-11,8,159
2023-09-11,9,131
2023-09-11,10,162
2023-09-11,11,188
2023-09-11,12,165
2023-09-11,13,186
2023-09-11,14,210
2023-09-11,15,271
2023-09-11,16,246
2023-09-11,17,189
2023-09-11,18,151
2023-09-11,19,97
2023-09-11,20,71
2023-09-11,21,55
2023-09-11,22,32
2023-09-11,23,21
2023-09-12,0,16
2023-09-12,1,6
2023-09-12,2,11
2023-09-12,3,6
2023-09-12,4,11
2023-09-12,5,32
2023-09-12,6,104
2023-09-12,7,177
2023-09-12,8,169
2023-09-12,9,135
2023-09-12,10,146
2023-09-12,11,170
2023-09-12,12,168
2023-09-12,13,179
2023-09-12,14,190
2023-09-12,15,237
2023-09-12,16,235
2023-09-12,17,189
2023-09-12,18,151
2023-09-12,19,101
2023-09-12,20,89
2023-09-12,21,78
2023-09-12,22,39
2023-09-12,23,28
2023-09-13,0,17
2023-09-13,1,11
2023-09-13,2,11
2023-09-13,3,16
2023-09-13,4,9
2023-09-13,5,23
2023-09-13,6,96
2023-09-13,7,187
2023-09-13,8,167
2023-09-13,9,144
2023-09-13,10,175
2023-09-13,11,195
2023-09-13,12,176
2023-09-13,13,178
2023-09-13,14,252
2023-09-13,15,311
2023-09-13,16,261
2023-09-13,17,187
2023-09-13,18,174
2023-09-13,19,110
2023-09-13,20,99
2023-09-13,21,63
2023-09-13,22,21
2023-09-13,23,15
2023-09-14,0,13
2023-09-14,1,6
2023-09-14,2,8
2023-09-14,3,7
2023-09-14,4,21
2023-09-14,5,34
2023-09-14,6,86
2023-09-14,7,183
2023-09-14,8,178
2023-09-14,9,158
2023-09-14,10,169
2023-09-14,11,213
2023-09-14,12,211
2023-09-14,13,217
2023-09-14,14,198
2023-09-14,15,235
2023-09-14,16,244
2023-09-14,17,216
2023-09-14,18,163
2023-09-14,19,132
2023-09-14,20,109
2023-09-14,21,58
2023-09-14,22,38
2023-09-14,23,14
2023-09-15,0,13
2023-09-15,1,16
2023-09-15,2,14
2023-09-15,3,5
2023-09-15,4,19
2023-09-15,5,27
2023-09-15,6,106
2023-09-15,7,162
2023-09-15,8,186
2023-09-15,9,215
2023-09-15,10,157
2023-09-15,11,205
2023-09-15,12,214
2023-09-15,13,207
2023-09-15,14,318
2023-09-15,15,311
2023-09-15,16,288
2023-09-15,17,200
2023-09-15,18,144
2023-09-15,19,106
2023-09-15,20,75
2023-09-15,21,77
2023-09-15,22,46
2023-09-15,23,43
2023-09-16,0,23
2023-09-16,1,12
2023-09-16,2,13
2023-09-16,3,13
2023-09-16,4,13
2023-09-16,5,20
2023-09-16,6,49
2023-09-16,7,93
2023-09-16,8,134
2023-09-16,9,139
2023-09-16,10,165
2023-09-16,11,181
2023-09-16,12,238
2023-09-16,13,153
2023-09-16,14,173
2023-09-16,15,156
2023-09-16,16,168
2023-09-16,17,153
2023-09-16,18,122
2023-09-16,19,103
2023-09-16,20,83
2023-09-16,21,62
2023-09-16,22,44
2023-09-16,23,38
2023-09-17,0,21
2023-09-17,1,22
2023-09-17,2,18
2023-09-17,3,19
2023-09-17,4,10
2023-09-17,5,21
2023-09-17,6,42
2023-09-17,7,32
2023-09-17,8,80
2023-09-17,9,93
2023-09-17,10,116
2023-09-17,11,154
2023-09-17,12,166
2023-09-17,13,168
2023-09-17,14,155
2023-09-17,15,152
2023-09-17,16,139
2023-09-17,17,119
2023-09-17,18,92
2023-09-17,19,80
2023-09-17,20,53
2023-09-17,21,45
2023-09-17,22,23
2023-09-17,23,12
2023-09-18,0,14
2023-09-18,1,9
2023-09-18,2,7
2023-09-18,3,10
2023-09-18,4,11
2023-09-18,5,41
2023-09-18,6,93
2023-09-18,7,180
2023-09-18,8,185
2023-09-18,9,134
2023-09-18,10,156
2023-09-18,11,182
2023-09-18,12,171
2023-09-18,13,173
2023-09-18,14,181
2023-09-18,15,257
2023-09-18,16,261
2023-09-18,17,203
2023-09-18,18,134
2023-09-18,19,110
2023-09-18,20,80
2023-09-18,21,52
2023-09-18,22,22
2023-09-18,23,11
2023-09-19,0,12
2023-09-19,1,5
2023-09-19,2,5
2023-09-19,3,4
2023-09-19,4,14
2023-09-19,5,46
2023-09-19,6,101
2023-09-19,7,181
2023-09-19,8,169
2023-09-19,9,156
2023-09-19,10,171
2023-09-19,11,201
2023-09-19,12,167
2023-09-19,13,187
2023-09-19,14,256
2023-09-19,15,301
2023-09-19,16,258
2023-09-19,17,199
2023-09-19,18,117
2023-09-19,19,112
2023-09-19,20,78
2023-09-19,21,66
2023-09-19,22,22
2023-09-19,23,164
2023-09-20,0,14
2023-09-20,1,10
2023-09-20,2,4
2023-09-20,3,6
2023-09-20,4,15
2023-09-20,5,30
2023-09-20,6,92
2023-09-20,7,190
2023-09-20,8,189
2023-09-20,9,139
2023-09-20,10,134
2023-09-20,11,185
2023-09-20,12,214
2023-09-20,13,167
2023-09-20,14,232
2023-09-20,15,284
2023-09-20,16,279
2023-09-20,17,189
2023-09-20,18,145
2023-09-20,19,92
2023-09-20,20,171
2023-09-20,21,52
2023-09-20,22,27
2023-09-20,23,20
2023-09-21,0,14
2023-09-21,1,10
2023-09-21,2,4
2023-09-21,3,5
2023-09-21,4,12
2023-09-21,5,32
2023-09-21,6,97
2023-09-21,7,213
2023-09-21,8,165
2023-09-21,9,185
2023-09-21,10,173
2023-09-21,11,172
2023-09-21,12,211
2023-09-21,13,212
2023-09-21,14,209
2023-09-21,15,227
2023-09-21,16,286
2023-09-21,17,192
2023-09-21,18,147
2023-09-21,19,120
2023-09-21,20,99
2023-09-21,21,67
2023-09-21,22,37
2023-09-21,23,23
2023-09-22,0,11
2023-09-22,1,11
2023-09-22,2,6
2023-09-22,3,5
2023-09-22,4,14
2023-09-22,5,35
2023-09-22,6,92
2023-09-22,7,106
2023-09-22,8,115
2023-09-22,9,182
2023-09-22,10,162
2023-09-22,11,189
2023-09-22,12,193
2023-09-22,13,159
2023-09-22,14,201
2023-09-22,15,220
2023-09-22,16,195
2023-09-22,17,165
2023-09-22,18,158
2023-09-22,19,106
2023-09-22,20,62
2023-09-22,21,71
2023-09-22,22,59
2023-09-22,23,43
2023-09-23,0,22
2023-09-23,1,21
2023-09-23,2,8
2023-09-23,3,10
2023-09-23,4,8
2023-09-23,5,21
2023-09-23,6,31
2023-09-23,7,70
2023-09-23,8,91
2023-09-23,9,117
2023-09-23,10,143
2023-09-23,11,161
2023-09-23,12,155
2023-09-23,13,153
2023-09-23,14,145
2023-09-23,15,148
2023-09-23,16,135
2023-09-23,17,118
2023-09-23,18,106
2023-09-23,19,84
2023-09-23,20,73
2023-09-23,21,70
2023-09-23,22,48
2023-09-23,23,39
2023-09-24,0,62
2023-09-24,1,22
2023-09-24,2,14
2023-09-24,3,19
2023-09-24,4,13
2023-09-24,5,17
2023-09-24,6,27
2023-09-24,7,42
2023-09-24,8,54
2023-09-24,9,87
2023-09-24,10,127
2023-09-24,11,135
2023-09-24,12,159
2023-09-24,13,149
2023-09-24,14,132
2023-09-24,15,126
2023-09-24,16,128
2023-09-24,17,119
2023-09-24,18,92
2023-09-24,19,72
2023-09-24,20,54
2023-09-24,21,60
2023-09-24,22,39
2023-09-24,23,28
2023-09-25,0,21
2023-09-25,1,11
2023-09-25,2,11
2023-09-25,3,14
2023-09-25,4,13
2023-09-25,5,20
2023-09-25,6,64
2023-09-25,7,80
2023-09-25,8,92
2023-09-25,9,114
2023-09-25,10,135
2023-09-25,11,143
2023-09-25,12,159
2023-09-25,13,140
2023-09-25,14,160
2023-09-25,15,175
2023-09-25,16,152
2023-09-25,17,148
2023-09-25,18,108
2023-09-25,19,87
2023-09-25,20,70
2023-09-25,21,38
2023-09-25,22,19
2023-09-25,23,16
2023-09-26,0,8
2023-09-26,1,8
2023-09-26,2,96
2023-09-26,3,4
2023-09-26,4,8
2023-09-26,5,32
2023-09-26,6,121
2023-09-26,7,196
2023-09-26,8,207
2023-09-26,9,153
2023-09-26,10,154
2023-09-26,11,178
2023-09-26,12,187
2023-09-26,13,183
2023-09-26,14,193
2023-09-26,15,283
2023-09-26,16,297
2023-09-26,17,194
2023-09-26,18,143
2023-09-26,19,102
2023-09-26,20,89
2023-09-26,21,53
2023-09-26,22,39
2023-09-26,23,18
2023-09-27,0,19
2023-09-27,1,12
2023-09-27,2,13
2023-09-27,3,9
2023-09-27,4,13
2023-09-27,5,35
2023-09-27,6,106
2023-09-27,7,171
2023-09-27,8,182
2023-09-27,9,182
2023-09-27,10,166
2023-09-27,11,192
2023-09-27,12,177
2023-09-27,13,254
2023-09-27,14,251
2023-09-27,15,365
2023-09-27,16,233
2023-09-27,17,180
2023-09-27,18,144
2023-09-27,19,92
2023-09-27,20,90
2023-09-27,21,70
2023-09-27,22,27
2023-09-27,23,17
2023-09-28,0,13
2023-09-28,1,11
2023-09-28,2,4
2023-09-28,3,8
2023-09-28,4,13
2023-09-28,5,32
2023-09-28,6,99
2023-09-28,7,187
2023-09-28,8,147
2023-09-28,9,137
2023-09-28,10,165
2023-09-28,11,168
2023-09-28,12,180
2023-09-28,13,172
2023-09-28,14,215
2023-09-28,15,317
2023-09-28,16,266
2023-09-28,17,225
2023-09-28,18,118
2023-09-28,19,110
2023-09-28,20,93
2023-09-28,21,60
2023-09-28,22,38
2023-09-28,23,20
2023-09-29,0,19
2023-09-29,1,10
2023-09-29,2,8
2023-09-29,3,14
2023-09-29,4,10
2023-09-29,5,24
2023-09-29,6,87
2023-09-29,7,159
2023-09-29,8,181
2023-09-29,9,154
2023-09-29,10,173
2023-09-29,11,262
2023-09-29,12,208
2023-09-29,13,200
2023-09-29,14,237
2023-09-29,15,261
2023-09-29,16,336
2023-09-29,17,180
2023-09-29,18,128
2023-09-29,19,118
2023-09-29,20,88
2023-09-29,21,71
2023-09-29,22,53
2023-09-29,23,36
2023-09-30,0,36
2023-09-30,1,17
2023-09-30,2,16
2023-09-30,3,8
2023-09-30,4,12
2023-09-30,5,16
2023-09-30,6,40
2023-09-30,7,84
2023-09-30,8,110
2023-09-30,9,132
2023-09-30,10,168
2023-09-30,11,176
2023-09-30,12,168
2023-09-30,13,172
2023-09-30,14,157
2023-09-30,15,174
2023-09-30,16,178
2023-09-30,17,135
2023-09-30,18,132
2023-09-30,19,101
2023-09-30,20,69
2023-09-30,21,73
2023-09-30,22,48
2023-09-30,23,51
