date,time,flow
2019-10-01,0,11
2019-10-01,1,11
2019-10-01,2,4
2019-10-01,3,9
2019-10-01,4,7
2019-10-01,5,34
2019-10-01,6,49
2019-10-01,7,85
2019-10-01,8,126
2019-10-01,9,134
2019-10-01,10,163
2019-10-01,11,166
2019-10-01,12,165
2019-10-01,13,161
2019-10-01,14,182
2019-10-01,15,178
2019-10-01,16,187
2019-10-01,17,129
2019-10-01,18,94
2019-10-01,19,81
2019-10-01,20,74
2019-10-01,21,45
2019-10-01,22,21
2019-10-01,23,19
2019-10-02,0,29
2019-10-02,1,5
2019-10-02,2,4
2019-10-02,3,6
2019-10-02,4,7
2019-10-02,5,29
2019-10-02,6,56
2019-10-02,7,85
2019-10-02,8,132
2019-10-02,9,150
2019-10-02,10,147
2019-10-02,11,176
2019-10-02,12,159
2019-10-02,13,166
2019-10-02,14,197
2019-10-02,15,209
2019-10-02,16,194
2019-10-02,17,145
2019-10-02,18,88
2019-10-02,19,73
2019-10-02,20,67
2019-10-02,21,40
2019-10-02,22,35
2019-10-02,23,21
2019-10-03,0,24
2019-10-03,1,7
2019-10-03,2,8
2019-10-03,3,7
2019-10-03,4,7
2019-10-03,5,24
2019-10-03,6,69
2019-10-03,7,90
2019-10-03,8,147
2019-10-03,9,145
2019-10-03,10,167
2019-10-03,11,211
2019-10-03,12,227
2019-10-03,13,186
2019-10-03,14,168
2019-10-03,15,224
2019-10-03,16,193
2019-10-03,17,215
2019-10-03,18,96
2019-10-03,19,77
2019-10-03,20,76
2019-10-03,21,82
2019-10-03,22,50
2019-10-03,23,26
2019-10-04,0,14
2019-10-04,1,9
2019-10-04,2,7
2019-10-04,3,11
2019-10-04,4,9
2019-10-04,5,33
2019-10-04,6,72
2019-10-04,7,77
2019-10-04,8,132
2019-10-04,9,180
2019-10-04,10,163
2019-10-04,11,252
2019-10-04,12,233
2019-10-04,13,237
2019-10-04,14,222
2019-10-04,15,233
2019-10-04,16,171
2019-10-04,17,149
2019-10-04,18,125
2019-10-04,19,103
2019-10-04,20,79
2019-10-04,21,52
2019-10-04,22,51
2019-10-04,23,33
2019-10-05,0,38
2019-10-05,1,16
2019-10-05,2,12
2019-10-05,3,8
2019-10-05,4,6
2019-10-05,5,20
2019-10-05,6,22
2019-10-05,7,59
2019-10-05,8,110
2019-10-05,9,132
2019-10-05,10,167
2019-10-05,11,198
2019-10-05,12,223
2019-10-05,13,220
2019-10-05,14,193
2019-10-05,15,181
2019-10-05,16,133
2019-10-05,17,123
2019-10-05,18,103
2019-10-05,19,78
2019-10-05,20,69
2019-10-05,21,59
2019-10-05,22,41
2019-10-05,23,37
2019-10-06,0,34
2019-10-06,1,31
2019-10-06,2,20
2019-10-06,3,13
2019-10-06,4,8
2019-10-06,5,11
2019-10-06,6,10
2019-10-06,7,20
2019-10-06,8,35
2019-10-06,9,111
2019-10-06,10,127
2019-10-06,11,163
2019-10-06,12,168
2019-10-06,13,156
2019-10-06,14,141
2019-10-06,15,127
2019-10-06,16,108
2019-10-06,17,133
2019-10-06,18,85
2019-10-06,19,66
2019-10-06,20,48
2019-10-06,21,50
2019-10-06,22,22
2019-10-06,23,20
2019-10-07,0,6
2019-10-07,1,4
2019-10-07,2,11
2019-10-07,3,7
2019-10-07,4,7
2019-10-07,5,21
2019-10-07,6,62
2019-10-07,7,71
2019-10-07,8,118
2019-10-07,9,128
2019-10-07,10,104
2019-10-07,11,164
2019-10-07,12,161
2019-10-07,13,151
2019-10-07,14,174
2019-10-07,15,191
2019-10-07,16,171
2019-10-07,17,125
2019-10-07,18,92
2019-10-07,19,72
2019-10-07,20,64
2019-10-07,21,41
2019-10-07,22,20
2019-10-07,23,16
2019-10-08,0,11
2019-10-08,1,7
2019-10-08,2,4
2019-10-08,3,12
2019-10-08,4,14
2019-10-08,5,32
2019-10-08,6,62
2019-10-08,7,73
2019-10-08,8,125
2019-10-08,9,132
2019-10-08,10,151
2019-10-08,11,153
2019-10-08,12,148
2019-10-08,13,148
2019-10-08,14,170
2019-10-08,15,191
2019-10-08,16,185
2019-10-08,17,189
2019-10-08,18,113
2019-10-08,19,60
2019-10-08,20,59
2019-10-08,21,38
2019-10-08,22,30
2019-10-08,23,20
2019-10-09,0,10
2019-10-09,1,4
2019-10-09,2,6
2019-10-09,3,7
2019-10-09,4,12
2019-10-09,5,33
2019-10-09,6,58
2019-10-09,7,79
2019-10-09,8,124
2019-10-09,9,157
2019-10-09,10,142
2019-10-09,11,145
2019-10-09,12,153
2019-10-09,13,156
2019-10-09,14,196
2019-10-09,15,181
2019-10-09,16,212
2019-10-09,17,144
2019-10-09,18,114
2019-10-09,19,78
2019-10-09,20,64
2019-10-09,21,27
2019-10-09,22,27
2019-10-09,23,8
2019-10-10,0,10
2019-10-10,1,9
2019-10-10,2,8
2019-10-10,3,6
2019-10-10,4,13
2019-10-10,5,24
2019-10-10,6,70
2019-10-10,7,102
2019-10-10,8,136
2019-10-10,9,143
2019-10-10,10,166
2019-10-10,11,193
2019-10-10,12,208
2019-10-10,13,195
2019-10-10,14,190
2019-10-10,15,207
2019-10-10,16,192
2019-10-10,17,167
2019-10-10,18,119
2019-10-10,19,72
2019-10-10,20,61
2019-10-10,21,40
2019-10-10,22,29
2019-10-10,23,20
2019-10-11,0,24
2019-10-11,1,10
2019-10-11,2,6
2019-10-11,3,6
2019-10-11,4,11
2019-10-11,5,30
2019-10-11,6,61
2019-10-11,7,93
2019-10-11,8,149
2019-10-11,9,155
2019-10-11,10,199
2019-10-11,11,196
2019-10-11,12,226
2019-10-11,13,236
2019-10-11,14,240
2019-10-11,15,229
2019-10-11,16,152
2019-10-11,17,155
2019-10-11,18,121
2019-10-11,19,79
2019-10-11,20,73
2019-10-11,21,56
2019-10-11,22,33
2019-10-11,23,22
2019-10-12,0,28
2019-10-12,1,4
2019-10-12,2,18
2019-10-12,3,16
2019-10-12,4,8
2019-10-12,5,15
2019-10-12,6,31
2019-10-12,7,59
2019-10-12,8,103
2019-10-12,9,122
2019-10-12,10,192
2019-10-12,11,184
2019-10-12,12,220
2019-10-12,13,185
2019-10-12,14,164
2019-10-12,15,169
2019-10-12,16,133
2019-10-12,17,125
2019-10-12,18,105
2019-10-12,19,77
2019-10-12,20,58
2019-10-12,21,49
2019-10-12,22,39
2019-10-12,23,41
2019-10-13,0,36
2019-10-13,1,26
2019-10-13,2,24
2019-10-13,3,18
2019-10-13,4,18
2019-10-13,5,15
2019-10-13,6,16
2019-10-13,7,19
2019-10-13,8,53
2019-10-13,9,79
2019-10-13,10,136
2019-10-13,11,184
2019-10-13,12,203
2019-10-13,13,171
2019-10-13,14,178
2019-10-13,15,135
2019-10-13,16,128
2019-10-13,17,127
2019-10-13,18,101
2019-10-13,19,59
2019-10-13,20,47
2019-10-13,21,42
2019-10-13,22,33
2019-10-13,23,20
2019-10-14,0,9
2019-10-14,1,0
2019-10-14,2,0
2019-10-14,3,4
2019-10-14,4,8
2019-10-14,5,21
2019-10-14,6,48
2019-10-14,7,62
2019-10-14,8,105
2019-10-14,9,124
2019-10-14,10,128
2019-10-14,11,151
2019-10-14,12,150
2019-10-14,13,159
2019-10-14,14,156
2019-10-14,15,158
2019-10-14,16,138
2019-10-14,17,129
2019-10-14,18,79
2019-10-14,19,73
2019-10-14,20,59
2019-10-14,21,29
2019-10-14,22,24
2019-10-14,23,17
2019-10-15,0,15
2019-10-15,1,7
2019-10-15,2,5
2019-10-15,3,7
2019-10-15,4,17
2019-10-15,5,28
2019-10-15,6,48
2019-10-15,7,78
2019-10-15,8,102
2019-10-15,9,110
2019-10-15,10,143
2019-10-15,11,155
2019-10-15,12,165
2019-10-15,13,172
2019-10-15,14,155
2019-10-15,15,143
2019-10-15,16,170
2019-10-15,17,133
2019-10-15,18,93
2019-10-15,19,69
2019-10-15,20,51
2019-10-15,21,34
2019-10-15,22,35
2019-10-15,23,24
2019-10-16,0,10
2019-10-16,1,9
2019-10-16,2,15
2019-10-16,3,8
2019-10-16,4,18
2019-10-16,5,31
2019-10-16,6,65
2019-10-16,7,65
2019-10-16,8,112
2019-10-16,9,135
2019-10-16,10,146
2019-10-16,11,158
2019-10-16,12,143
2019-10-16,13,164
2019-10-16,14,165
2019-10-16,15,169
2019-10-16,16,172
2019-10-16,17,152
2019-10-16,18,97
2019-10-16,19,78
2019-11-20,12,188
2019-11-20,13,185
2019-11-20,14,167
2019-11-20,15,193
2019-11-20,16,199
2019-11-20,17,191
2019-11-20,18,157
2019-11-20,19,117
2019-11-20,20,82
2019-11-20,21,54
2019-11-20,22,36
2019-11-20,23,31
2019-11-21,0,17
2019-11-21,1,8
2019-11-21,2,8
2019-11-21,3,6
2019-11-21,4,13
2019-11-21,5,18
2019-11-21,6,32
2019-11-21,7,63
2019-11-21,8,87
2019-11-21,9,167
2019-11-21,10,144
2019-11-21,11,197
2019-11-21,12,201
2019-11-21,13,201
2019-11-21,14,179
2019-11-21,15,157
2019-11-21,16,218
2019-11-21,17,201
2019-11-21,18,145
2019-11-21,19,113
2019-11-21,20,84
2019-11-21,21,64
2019-11-21,22,38
2019-11-21,23,32
2019-11-22,0,20
2019-11-22,1,16
2019-11-22,2,6
2019-11-22,3,6
2019-11-22,4,10
2019-11-22,5,8
2019-11-22,6,34
2019-11-22,7,62
2019-11-22,8,90
2019-11-22,9,176
2019-11-22,10,166
2019-11-22,11,182
2019-11-22,12,214
2019-11-22,13,223
2019-11-22,14,198
2019-11-22,15,217
2019-11-22,16,258
2019-11-22,17,170
2019-11-22,18,170
2019-11-22,19,98
2019-11-22,20,81
2019-11-22,21,63
2019-11-22,22,50
2019-11-22,23,43
2019-11-23,0,35
2019-11-23,1,20
2019-11-23,2,15
2019-11-23,3,14
2019-11-23,4,15
2019-11-23,5,9
2019-11-23,6,17
2019-11-23,7,19
2019-11-23,8,66
2019-11-23,9,124
2019-11-23,10,153
2019-11-23,11,156
2019-11-23,12,195
2019-11-23,13,213
2019-11-23,14,162
2019-11-23,15,220
2019-11-23,16,144
2019-11-23,17,120
2019-11-23,18,130
2019-11-23,19,88
2019-11-23,20,70
2019-11-23,21,59
2019-11-23,22,52
2019-11-23,23,51
2019-11-24,0,38
2019-11-24,1,22
2019-11-24,2,17
2019-11-24,3,30
2019-11-24,4,16
2019-11-24,5,12
2019-11-24,6,19
2019-11-24,7,21
2019-11-24,8,24
2019-11-24,9,54
2019-11-24,10,80
2019-11-24,11,122
2019-11-24,12,149
2019-11-24,13,179
2019-11-24,14,172
2019-11-24,15,130
2019-11-24,16,140
2019-11-24,17,107
2019-11-24,18,124
2019-11-24,19,73
2019-11-24,20,56
2019-11-24,21,44
2019-11-24,22,35
2019-11-24,23,32
2019-11-25,0,22
2019-11-25,1,17
2019-11-25,2,5
2019-11-25,3,6
2019-11-25,4,11
2019-11-25,5,17
2019-11-25,6,29
2019-11-25,7,64
2019-11-25,8,71
2019-11-25,9,126
2019-11-25,10,115
2019-11-25,11,143
2019-11-25,12,152
2019-11-25,13,150
2019-11-25,14,164
2019-11-25,15,183
2019-11-25,16,167
2019-11-25,17,167
2019-11-25,18,132
2019-11-25,19,103
2019-11-25,20,57
2019-11-25,21,42
2019-11-25,22,28
2019-11-25,23,22
2019-11-26,0,13
2019-11-26,1,7
2019-11-26,2,5
2019-11-26,3,6
2019-11-26,4,10
2019-11-26,5,10
2019-11-26,6,32
2019-11-26,7,65
2019-11-26,8,79
2019-11-26,9,102
2019-11-26,10,135
2019-11-26,11,138
2019-11-26,12,168
2019-11-26,13,150
2019-11-26,14,160
2019-11-26,15,172
2019-11-26,16,181
2019-11-26,17,179
2019-11-26,18,137
2019-11-26,19,103
2019-11-26,20,78
2019-11-26,21,63
2019-11-26,22,27
2019-11-26,23,30
2019-11-27,0,22
2019-11-27,1,13
2019-11-27,2,9
2019-11-27,3,7
2019-11-27,4,7
2019-11-27,5,14
2019-11-27,6,34
2019-11-27,7,54
2019-11-27,8,91
2019-11-27,9,124
2019-11-27,10,123
2019-11-27,11,134
2019-11-27,12,181
2019-11-27,13,155
2019-11-27,14,180
2019-11-27,15,180
2019-11-27,16,192
2019-11-27,17,167
2019-11-27,18,145
2019-11-27,19,102
2019-11-27,20,58
2019-11-27,21,57
2019-11-27,22,45
2019-11-27,23,27
2019-11-28,0,23
2019-11-28,1,16
2019-11-28,2,9
2019-11-28,3,9
2019-11-28,4,9
2019-11-28,5,6
2019-11-28,6,36
2019-11-28,7,59
2019-11-28,8,90
2019-11-28,9,174
2019-11-28,10,142
2019-11-28,11,188
2019-11-28,12,202
2019-11-28,13,188
2019-11-28,14,171
2019-11-28,15,190
2019-11-28,16,202
2019-11-28,17,204
2019-11-28,18,147
2019-11-28,19,88
2019-11-28,20,86
2019-11-28,21,61
2019-11-28,22,166
2019-11-28,23,33
2019-11-29,0,28
2019-11-29,1,10
2019-11-29,2,7
2019-11-29,3,10
2019-11-29,4,9
2019-11-29,5,5
2019-11-29,6,32
2019-11-29,7,68
2019-11-29,8,91
2019-11-29,9,152
2019-11-29,10,162
2019-11-29,11,153
2019-11-29,12,191
2019-11-29,13,229
2019-11-29,14,243
2019-11-29,15,211
2019-11-29,16,237
2019-11-29,17,176
2019-11-29,18,146
2019-11-29,19,122
2019-11-29,20,82
2019-11-29,21,71
2019-11-29,22,59
2019-11-29,23,48
2019-11-30,0,37
2019-11-30,1,30
2019-11-30,2,14
2019-11-30,3,20
2019-11-30,4,19
2019-11-30,5,12
2019-11-30,6,22
2019-11-30,7,32
2019-11-30,8,59
2019-11-30,9,101
2019-11-30,10,128
2019-11-30,11,180
2019-11-30,12,183
2019-11-30,13,240
2019-11-30,14,228
2019-11-30,15,213
2019-11-30,16,160
2019-11-30,17,152
2019-11-30,18,118
2019-11-30,19,99
2019-11-30,20,79
2019-11-30,21,57
2019-11-30,22,62
2019-11-30,23,40
2019-12-01,0,45
2019-12-01,1,38
2019-12-01,2,14
2019-12-01,3,19
2019-12-01,4,23
2019-12-01,5,18
2019-12-01,6,14
2019-12-01,7,22
2019-12-01,8,32
2019-12-01,9,39
2019-12-01,10,83
2019-12-01,11,122
2019-12-01,12,121
2019-12-01,13,156
2019-12-01,14,145
2019-12-01,15,146
2019-12-01,16,121
2019-12-01,17,103
2019-12-01,18,125
2019-12-01,19,88
2019-12-01,20,64
2019-12-01,21,48
2019-12-01,22,36
2019-12-01,23,32
2019-12-02,0,25
2019-12-02,1,10
2019-12-02,2,12
2019-12-02,3,7
2019-12-02,4,7
2019-12-02,5,8
2019-12-02,6,35
2019-12-02,7,67
2019-12-02,8,77
2019-12-02,9,129
2019-12-02,10,97
2019-12-02,11,163
2019-12-02,12,146
2019-12-02,13,171
2019-12-02,14,177
2019-12-02,15,163
2019-12-02,16,190
2019-12-02,17,168
2019-12-02,18,134
2019-12-02,19,103
2019-12-02,20,77
2019-12-02,21,43
2019-12-02,22,36
2019-12-02,23,27
2019-12-03,0,24
2019-12-03,1,11
2019-12-03,2,5
2019-12-03,3,4
2019-12-03,4,8
2019-12-03,5,16
2019-12-03,6,27
2019-12-03,7,61
2019-12-03,8,87
2019-12-03,9,124
2019-12-03,10,130
2019-12-03,11,156
2019-12-03,12,159
2019-12-03,13,164
2019-12-03,14,147
2019-12-03,15,188
2019-12-03,16,189
2019-12-03,17,164
2019-12-03,18,139
2019-12-03,19,84
2019-12-03,20,69
2019-12-03,21,72
2019-12-03,22,46
2019-12-03,23,33
2019-12-04,0,19
2019-12-04,1,6
2019-12-04,2,10
2019-12-04,3,9
2019-12-04,4,11
2019-12-04,5,14
2019-12-04,6,27
2019-12-04,7,75
2019-12-04,8,88
2019-12-04,9,117
2019-12-04,10,127
2019-12-04,11,180
2019-12-04,12,176
2019-12-04,13,167
2019-12-04,14,149
2019-12-04,15,207
2019-12-04,16,198
2019-12-04,17,186
2019-12-04,18,165
2019-12-04,19,116
2019-12-04,20,67
2019-12-04,21,83
2019-12-04,22,67
2019-12-04,23,33
2019-12-05,0,17
2019-12-05,1,9
2019-12-05,2,12
2019-12-05,3,5
2019-12-05,4,14
2019-12-05,5,10
2019-12-05,6,37
2019-12-05,7,62
2019-12-05,8,76
2019-12-05,9,161
2019-12-05,10,149
2019-12-05,11,180
2019-12-05,12,201
2019-12-05,13,204
2019-12-05,14,214
2019-12-05,15,191
2019-12-05,16,189
2019-12-05,17,167
2019-12-05,18,144
2019-12-05,19,114
2019-12-05,20,65
2019-12-05,21,70
2019-12-05,22,49
2019-12-05,23,35
2019-12-06,0,23
2019-12-06,1,14
2019-12-06,2,9
2019-12-06,3,8
2019-12-06,4,8
2019-12-06,5,20
2019-12-06,6,29
2019-12-06,7,64
2019-12-06,8,77
2019-12-06,9,162
2019-12-06,10,167
2019-12-06,11,210
2019-12-06,12,239
2019-12-06,13,227
2019-12-06,14,213
2019-12-06,15,227
2019-12-06,16,223
2019-12-06,17,184
2019-12-06,18,150
2019-12-06,19,119
2019-12-06,20,74
2019-12-06,21,72
2019-12-06,22,58
2019-12-06,23,54
2019-12-07,0,26
2019-12-07,1,30
2019-12-07,2,16
2019-12-07,3,12
2019-12-07,4,16
2019-12-07,5,12
2019-12-07,6,14
2019-12-07,7,23
2019-12-07,8,46
2019-12-07,9,103
2019-12-07,10,136
2019-12-07,11,159
2019-12-07,12,189
2019-12-07,13,194
2019-12-07,14,231
2019-12-07,15,175
2019-12-07,16,189
2019-12-07,17,143
2019-12-07,18,139
2019-12-07,19,114
2019-12-07,20,82
2019-12-07,21,54
2019-12-07,22,63
2019-12-07,23,52
2019-12-08,0,47
2019-12-08,1,30
2019-12-08,2,33
2019-12-08,3,22
2019-12-08,4,18
2019-12-08,5,10
2019-12-08,6,12
2019-12-08,7,14
2019-12-08,8,19
2019-12-08,9,54
2019-12-08,10,112
2019-12-08,11,115
2019-12-08,12,160
2019-12-08,13,174
2019-12-08,14,134
2019-12-08,15,95
2019-12-08,16,87
2019-12-08,17,93
2019-12-08,18,99
2019-12-08,19,101
2019-12-08,20,71
2019-12-08,21,82
2019-12-08,22,48
2019-12-08,23,28
2019-12-09,0,32
2019-12-09,1,13
2019-12-09,2,14
2019-12-09,3,10
2019-12-09,4,16
2019-12-09,5,13
2019-12-09,6,31
2019-12-09,7,52
2019-12-09,8,89
2019-12-09,9,145
2019-12-09,10,142
2019-12-09,11,137
2019-12-09,12,149
2019-12-09,13,151
2019-12-09,14,191
2019-12-09,15,180
2019-12-09,16,184
2019-12-09,17,168
2019-12-09,18,137
2019-12-09,19,93
2019-12-09,20,85
2019-12-09,21,53
2019-12-09,22,43
2019-12-09,23,30
2019-12-10,0,18
2019-12-10,1,8
2019-12-10,2,6
2019-12-10,3,11
2019-12-10,4,11
2019-12-10,5,15
2019-12-10,6,38
2019-12-10,7,60
2019-12-10,8,93
2019-12-10,9,99
2019-12-10,10,144
2019-12-10,11,147
2019-12-10,12,156
2019-12-10,13,171
2019-12-10,14,183
2019-12-10,15,180
2019-12-10,16,202
2019-12-10,17,170
2019-12-10,18,151
2019-12-10,19,100
2019-12-10,20,80
2019-12-10,21,78
2019-12-10,22,64
2019-12-10,23,32
2019-12-11,0,17
2019-12-11,1,11
2019-12-11,2,10
2019-12-11,3,8
2019-12-11,4,8
2019-12-11,5,12
2019-12-11,6,38
2019-12-11,7,57
2019-12-11,8,95
2019-12-11,9,135
2019-12-11,10,167
2019-12-11,11,157
2019-12-11,12,182
2019-12-11,13,193
2019-12-11,14,154
2019-12-11,15,185
2019-12-11,16,209
2019-12-11,17,170
2019-12-11,18,150
2019-12-11,19,114
2019-12-11,20,81
2019-12-11,21,71
2019-12-11,22,42
2019-12-11,23,25
2019-12-12,0,16
2019-12-12,1,12
2019-12-12,2,7
2019-12-12,3,5
2019-12-12,4,12
2019-12-12,5,10
2019-12-12,6,41
2019-12-12,7,58
2019-12-12,8,92
2019-12-12,9,117
2019-12-12,10,155
2019-12-12,11,175
2019-12-12,12,205
2019-12-12,13,207
2019-12-12,14,197
2019-12-12,15,209
2019-12-12,16,223
2019-12-12,17,186
2019-12-12,18,131
2019-12-12,19,113
2019-12-12,20,76
2019-12-12,21,67
2019-12-12,22,70
2019-12-12,23,46
2019-12-13,0,23
2019-12-13,1,15
2019-12-13,2,11
2019-12-13,3,9
2019-12-13,4,10
2019-12-13,5,13
2019-12-13,6,29
2019-12-13,7,62
2019-12-13,8,100
2019-12-13,9,152
2019-12-13,10,197
2019-12-13,11,194
2019-12-13,12,234
2019-12-13,13,237
2019-12-13,14,244
2019-12-13,15,235
2019-12-13,16,217
2019-12-13,17,188
2019-12-13,18,150
2019-12-13,19,116
2019-12-13,20,77
2019-12-13,21,64
2019-12-13,22,68
2019-12-13,23,39
2019-12-14,0,48
2019-12-14,1,22
2019-12-14,2,18
2019-12-14,3,18
2019-12-14,4,22
2019-12-14,5,8
2019-12-14,6,21
2019-12-14,7,30
2019-12-14,8,54
2019-12-14,9,108
2019-12-14,10,152
2019-12-14,11,184
2019-12-14,12,252
2019-12-14,13,251
2019-12-14,14,193
2019-12-14,15,200
2019-12-14,16,161
2019-12-14,17,123
2019-12-14,18,137
2019-12-14,19,93
2019-12-14,20,80
2019-12-14,21,54
2019-12-14,22,69
2019-12-14,23,60
2019-12-15,0,54
2019-12-15,1,39
2019-12-15,2,29
2019-12-15,3,22
2019-12-15,4,15
2019-12-15,5,16
2019-12-15,6,11
2019-12-15,7,14
2019-12-15,8,38
2019-12-15,9,51
2019-12-15,10,93
2019-12-15,11,155
2019-12-15,12,169
2019-12-15,13,149
2019-12-15,14,158
2019-12-15,15,157
2019-12-15,16,153
2019-12-15,17,115
2019-12-15,18,165
2019-12-15,19,103
2019-12-15,20,66
2019-12-15,21,44
2019-12-15,22,44
2019-12-15,23,31
2019-12-16,0,22
2019-12-16,1,15
2019-12-16,2,10
2019-12-16,3,10
2019-12-16,4,10
2019-12-16,5,5
2019-12-16,6,28
2019-12-16,7,58
2019-12-16,8,82
2019-12-16,9,114
2019-12-16,10,147
2019-12-16,11,140
2019-12-16,12,180
2019-12-16,13,183
2019-12-16,14,176
2019-12-16,15,177
2019-12-16,16,208
2019-12-16,17,181
2019-12-16,18,153
2019-12-16,19,99
2019-12-16,20,66
2019-12-16,21,58
2019-12-16,22,47
2019-12-16,23,20
2019-12-17,0,16
2019-12-17,1,10
2019-12-17,2,8
2019-12-17,3,9
2019-12-17,4,12
2019-12-17,5,18
2019-12-17,6,45
2019-12-17,7,50
2019-12-17,8,88
2019-12-17,9,121
2019-12-17,10,125
2019-12-17,11,153
2019-12-17,12,149
2019-12-17,13,184
2019-12-17,14,199
2019-12-17,15,209
2019-12-17,16,227
2019-12-17,17,172
2019-12-17,18,166
2019-12-17,19,85
2019-12-17,20,81
2019-12-17,21,78
2019-12-17,22,47
2019-12-17,23,29
2019-12-18,0,17
2019-12-18,1,10
2019-12-18,2,8
2019-12-18,3,10
2019-12-18,4,14
2019-12-18,5,14
2019-12-18,6,27
2019-12-18,7,65
2019-12-18,8,76
2019-12-18,9,188
2019-12-18,10,141
2019-12-18,11,157
2019-12-18,12,187
2019-12-18,13,211
2019-12-18,14,237
2019-12-18,15,220
2019-12-18,16,175
2019-12-18,17,178
2019-12-18,18,140
2019-12-18,19,111
2019-12-18,20,63
2019-12-18,21,69
2019-12-18,22,72
2019-12-18,23,30
2019-12-19,0,22
2019-12-19,1,16
2019-12-19,2,9
2019-12-19,3,13
2019-12-19,4,12
2019-12-19,5,15
2019-12-19,6,35
2019-12-19,7,73
2019-12-19,8,74
2019-12-19,9,147
2019-12-19,10,184
2019-12-19,11,201
2019-12-19,12,197
2019-12-19,13,162
2019-12-19,14,206
2019-12-19,15,245
2019-12-19,16,201
2019-12-19,17,162
2019-12-19,18,152
2019-12-19,19,123
2019-12-19,20,100
2019-12-19,21,69
2019-12-19,22,62
2019-12-19,23,45
2019-12-20,0,30
2019-12-20,1,13
2019-12-20,2,19
2019-12-20,3,10
2019-12-20,4,19
2019-12-20,5,14
2019-12-20,6,29
2019-12-20,7,68
2019-12-20,8,96
2019-12-20,9,134
2019-12-20,10,224
2019-12-20,11,220
2019-12-20,12,240
2019-12-20,13,227
2019-12-20,14,194
2019-12-20,15,273
2019-12-20,16,203
2019-12-20,17,164
2019-12-20,18,167
2019-12-20,19,105
2019-12-20,20,82
2019-12-20,21,71
2019-12-20,22,65
2019-12-20,23,61
2019-12-21,0,44
2019-12-21,1,25
2019-12-21,2,21
2019-12-21,3,15
2019-12-21,4,15
2019-12-21,5,11
2019-12-21,6,18
2019-12-21,7,27
2019-12-21,8,53
2019-12-21,9,92
2019-12-21,10,165
2019-12-21,11,209
2019-12-21,12,200
2019-12-21,13,227
2019-12-21,14,140
2019-12-21,15,203
2019-12-21,16,188
2019-12-21,17,104
2019-12-21,18,140
2019-12-21,19,115
2019-12-21,20,74
2019-12-21,21,73
2019-12-21,22,56
2019-12-21,23,62
2019-12-22,0,46
2019-12-22,1,29
2019-12-22,2,23
2019-12-22,3,23
2019-12-22,4,14
2019-12-22,5,13
2019-12-22,6,15
2019-12-22,7,16
2019-12-22,8,28
2019-12-22,9,70
2019-12-22,10,134
2019-12-22,11,172
2019-12-22,12,214
2019-12-22,13,226
2019-12-22,14,222
2019-12-22,15,182
2019-12-22,16,148
2019-12-22,17,113
2019-12-22,18,134
2019-12-22,19,99
2019-12-22,20,83
2019-12-22,21,53
2019-12-22,22,46
2019-12-22,23,33
2019-12-23,0,26
2019-12-23,1,19
2019-12-23,2,15
2019-12-23,3,12
2019-12-23,4,10
2019-12-23,5,19
2019-12-23,6,20
2019-12-23,7,49
2019-12-23,8,94
2019-12-23,9,123
2019-12-23,10,199
2019-12-23,11,206
2019-12-23,12,211
2019-12-23,13,221
2019-12-23,14,235
2019-12-23,15,230
2019-12-23,16,237
2019-12-23,17,159
2019-12-23,18,129
2019-12-23,19,106
2019-12-23,20,90
2019-12-23,21,75
2019-12-23,22,42
2019-12-23,23,38
2019-12-24,0,34
2019-12-24,1,11
2019-12-24,2,12
2019-12-24,3,9
2019-12-24,4,13
2019-12-24,5,13
2019-12-24,6,23
2019-12-24,7,21
2019-12-24,8,69
2019-12-24,9,139
2019-12-24,10,184
2019-12-24,11,171
2019-12-24,12,195
2019-12-24,13,237
2019-12-24,14,213
2019-12-24,15,216
2019-12-24,16,170
2019-12-24,17,145
2019-12-24,18,111
2019-12-24,19,104
2019-12-24,20,73
2019-12-24,21,58
2019-12-24,22,41
2019-12-24,23,31
2019-12-25,0,20
2019-12-25,1,10
2019-12-25,2,10
2019-12-25,3,7
2019-12-25,4,5
2019-12-25,5,4
2019-12-25,6,3
2019-12-25,7,63
2019-12-25,8,84
2019-12-25,9,133
2019-12-25,10,101
2019-12-25,11,40
2019-12-25,12,51
2019-12-25,13,150
2019-12-25,14,67
2019-12-25,15,53
2019-12-25,16,47
2019-12-25,17,51
2019-12-25,18,36
2019-12-25,19,53
2019-12-25,20,51
2019-12-25,21,37
2019-12-25,22,32
2019-12-25,23,22
2019-12-26,0,19
2019-12-26,1,18
2019-12-26,2,11
2019-12-26,3,8
2019-12-26,4,5
2019-12-26,5,4
2019-12-26,6,10
2019-12-26,7,10
2019-12-26,8,19
2019-12-26,9,33
2019-12-26,10,34
2019-12-26,11,72
2019-12-26,12,80
2019-12-26,13,84
2019-12-26,14,81
2019-12-26,15,86
2019-12-26,16,68
2019-12-26,17,82
2019-12-26,18,79
2019-12-26,19,73
2019-12-26,20,47
2019-12-26,21,47
2019-12-26,22,43
2019-12-26,23,31
2019-12-27,0,13
2019-12-27,1,10
2019-12-27,2,7
2019-12-27,3,11
2019-12-27,4,9
2019-12-27,5,14
2019-12-27,6,24
2019-12-27,7,23
2019-12-27,8,51
2019-12-27,9,78
2019-12-27,10,97
2019-12-27,11,109
2019-12-27,12,156
2019-12-27,13,181
2019-12-27,14,158
2019-12-27,15,131
2019-12-27,16,157
2019-12-27,17,127
2019-12-27,18,94
2019-12-27,19,89
2019-12-27,20,66
2019-12-27,21,61
2019-12-27,22,51
2019-12-27,23,45
2019-12-28,0,27
2019-12-28,1,23
2019-12-28,2,19
2019-12-28,3,20
2019-12-28,4,10
2019-12-28,5,10
2019-12-28,6,12
2019-12-28,7,16
2019-12-28,8,36
2019-12-28,9,67
2019-12-28,10,94
2019-12-28,11,124
2019-12-28,12,154
2019-12-28,13,170
2019-12-28,14,155
2019-12-28,15,156
2019-12-28,16,150
2019-12-28,17,103
2019-12-28,18,102
2019-12-28,19,91
2019-12-28,20,66
2019-12-28,21,59
2019-12-28,22,47
2019-12-28,23,43
2019-12-29,0,38
2019-12-29,1,24
2019-12-29,2,13
2019-12-29,3,11
2019-12-29,4,16
2019-12-29,5,16
2019-12-29,6,18
2019-12-29,7,12
2019-12-29,8,29
2019-12-29,9,49
2019-12-29,10,111
2019-12-29,11,116
2019-12-29,12,101
2019-12-29,13,85
2019-12-29,14,81
2019-12-29,15,93
2019-12-29,16,100
2019-12-29,17,90
2019-12-29,18,110
2019-12-29,19,75
2019-12-29,20,51
2019-12-29,21,59
2019-12-29,22,36
2019-12-29,23,28
2019-12-30,0,24
2019-12-30,1,18
2019-12-30,2,14
2019-12-30,3,14
2019-12-30,4,10
2019-12-30,5,21
2019-12-30,6,10
2019-12-30,7,30
2019-12-30,8,53
2019-12-30,9,70
2019-12-30,10,87
2019-12-30,11,129
2019-12-30,12,144
2019-12-30,13,133
2019-12-30,14,190
2019-12-30,15,173
2019-12-30,16,163
2019-12-30,17,132
2019-12-30,18,129
2019-12-30,19,97
2019-12-30,20,78
2019-12-30,21,54
2019-12-30,22,52
2019-12-30,23,25
2019-12-31,0,18
2019-12-31,1,11
2019-12-31,2,9
2019-12-31,3,12
2019-12-31,4,7
2019-12-31,5,12
2019-12-31,6,22
2019-12-31,7,28
2019-12-31,8,66
2019-12-31,9,84
2019-12-31,10,107
2019-12-31,11,148
2019-12-31,12,153
2019-12-31,13,190
2019-12-31,14,182
2019-12-31,15,184
2019-12-31,16,140
2019-12-31,17,104
2019-12-31,18,98
2019-12-31,19,94
2019-12-31,20,66
2019-12-31,21,59
2019-12-31,22,50
2019-12-31,23,32
2020-01-01,0,22
2020-01-01,1,34
2020-01-01,2,24
2020-01-01,3,30
2020-01-01,4,29
2020-01-01,5,20
2020-01-01,6,14
2020-01-01,7,13
2020-01-01,8,10
2020-01-01,9,12
2020-01-01,10,13
2020-01-01,11,23
2020-01-01,12,38
2020-01-01,13,47
2020-01-01,14,62
2020-01-01,15,48
2020-01-01,16,66
2020-01-01,17,64
2020-01-01,18,50
2020-01-01,19,46
2020-01-01,20,41
2020-01-01,21,29
2020-01-01,22,27
2020-01-01,23,21
2020-01-02,0,17
2020-01-02,1,18
2020-01-02,2,6
2020-01-02,3,7
2020-01-02,4,8
2020-01-02,5,3
2020-01-02,6,14
2020-01-02,7,14
2020-01-02,8,19
2020-01-02,9,25
2020-01-02,10,48
2020-01-02,11,62
2020-01-02,12,105
2020-01-02,13,117
2020-01-02,14,134
2020-01-02,15,132
2020-01-02,16,94
2020-01-02,17,81
2020-01-02,18,78
2020-01-02,19,78
2020-01-02,20,53
2020-01-02,21,48
2020-01-02,22,35
2020-01-02,23,16
2020-01-03,0,15
2020-01-03,1,10
2020-01-03,2,10
2020-01-03,3,6
2020-01-03,4,5
2020-01-03,5,11
2020-01-03,6,17
2020-01-03,7,34
2020-01-03,8,60
2020-01-03,9,82
2020-01-03,10,88
2020-01-03,11,115
2020-01-03,12,195
2020-01-03,13,172
2020-01-03,14,189
2020-01-03,15,187
2020-01-03,16,180
2020-01-03,17,117
2020-01-03,18,131
2020-01-03,19,87
2020-01-03,20,64
2020-01-03,21,57
2020-01-03,22,38
2020-01-03,23,67
2020-01-04,0,24
2020-01-04,1,30
2020-01-04,2,9
2020-01-04,3,12
2020-01-04,4,12
2020-01-04,5,6
2020-01-04,6,15
2020-01-04,7,25
2020-01-04,8,35
2020-01-04,9,54
2020-01-04,10,108
2020-01-04,11,146
2020-01-04,12,173
2020-01-04,13,201
2020-01-04,14,205
2020-01-04,15,185
2020-01-04,16,153
2020-01-04,17,118
2020-01-04,18,101
2020-01-04,19,84
2020-01-04,20,66
2020-01-04,21,53
2020-01-04,22,36
2020-01-04,23,42
2020-01-05,0,33
2020-01-05,1,18
2020-01-05,2,25
2020-01-05,3,6
2020-01-05,4,14
2020-01-05,5,6
2020-01-05,6,11
2020-01-05,7,16
2020-01-05,8,36
2020-01-05,9,33
2020-01-05,10,51
2020-01-05,11,93
2020-01-05,12,105
2020-01-05,13,157
2020-01-05,14,152
2020-01-05,15,144
2020-01-05,16,134
2020-01-05,17,92
2020-01-05,18,119
2020-01-05,19,55
2020-01-05,20,46
2020-01-05,21,57
2020-01-05,22,29
2020-01-05,23,22
2020-01-06,0,20
2020-01-06,1,10
2020-01-06,2,9
2020-01-06,3,9
2020-01-06,4,5
2020-01-06,5,12
2020-01-06,6,32
2020-01-06,7,58
2020-01-06,8,71
2020-01-06,9,149
2020-01-06,10,115
2020-01-06,11,133
2020-01-06,12,148
2020-01-06,13,156
2020-01-06,14,157
2020-01-06,15,152
2020-01-06,16,190
2020-01-06,17,137
2020-01-06,18,122
2020-01-06,19,62
2020-01-06,20,63
2020-01-06,21,57
2020-01-06,22,38
2020-01-06,23,14
2020-01-07,0,14
2020-01-07,1,8
2020-01-07,2,7
2020-01-07,3,2
2020-01-07,4,5
2020-01-07,5,10
2020-01-07,6,35
2020-01-07,7,54
2020-01-07,8,64
2020-01-07,9,118
2020-01-07,10,107
2020-01-07,11,130
2020-01-07,12,139
2020-01-07,13,144
2020-01-07,14,171
2020-01-07,15,172
2020-01-07,16,198
2020-01-07,17,178
2020-01-07,18,142
2020-01-07,19,78
2020-01-07,20,67
2020-01-07,21,48
2020-01-07,22,31
2020-01-07,23,22
2020-01-08,0,14
2020-01-08,1,14
2020-01-08,2,9
2020-01-08,3,2
2020-01-08,4,8
2020-01-08,5,13
2020-01-08,6,22
2020-01-08,7,64
2020-01-08,8,89
2020-01-08,9,131
2020-01-08,10,130
2020-01-08,11,153
2020-01-08,12,161
2020-01-08,13,164
2020-01-08,14,139
2020-01-08,15,202
2020-01-08,16,182
2020-01-08,17,151
2020-01-08,18,144
2020-01-08,19,76
2020-01-08,20,79
2020-01-08,21,46
2020-01-08,22,41
2020-01-08,23,22
2020-01-09,0,19
2020-01-09,1,11
2020-01-09,2,1
2020-01-09,3,6
2020-01-09,4,5
2020-01-09,5,12
2020-01-09,6,31
2020-01-09,7,57
2020-01-09,8,92
2020-01-09,9,130
2020-01-09,10,142
2020-01-09,11,162
2020-01-09,12,173
2020-01-09,13,130
2020-01-09,14,170
2020-01-09,15,180
2020-01-09,16,172
2020-01-09,17,167
2020-01-09,18,111
2020-01-09,19,111
2020-01-09,20,73
2020-01-09,21,59
2020-01-09,22,33
2020-01-09,23,32
2020-01-10,0,15
2020-01-10,1,15
2020-01-10,2,9
2020-01-10,3,7
2020-01-10,4,9
2020-01-10,5,8
2020-01-10,6,39
2020-01-10,7,55
2020-01-10,8,90
2020-01-10,9,157
2020-01-10,10,119
2020-01-10,11,169
2020-01-10,12,182
2020-01-10,13,198
2020-01-10,14,223
2020-01-10,15,239
2020-01-10,16,185
2020-01-10,17,168
2020-01-10,18,148
2020-01-10,19,99
2020-01-10,20,71
2020-01-10,21,65
2020-01-10,22,52
2020-01-10,23,31
2020-01-11,0,38
2020-01-11,1,19
2020-01-11,2,16
2020-01-11,3,17
2020-01-11,4,11
2020-01-11,5,10
2020-01-11,6,21
2020-01-11,7,29
2020-01-11,8,46
2020-01-11,9,91
2020-01-11,10,96
2020-01-11,11,138
2020-01-11,12,152
2020-01-11,13,173
2020-01-11,14,180
2020-01-11,15,165
2020-01-11,16,142
2020-01-11,17,149
2020-01-11,18,105
2020-01-11,19,71
2020-01-11,20,74
2020-01-11,21,63
2020-01-11,22,45
2020-01-11,23,46
2020-01-12,0,27
2020-01-12,1,26
2020-01-12,2,19
2020-01-12,3,12
2020-01-12,4,6
2020-01-12,5,13
2020-01-12,6,13
2020-01-12,7,14
2020-01-12,8,21
2020-01-12,9,35
2020-01-12,10,75
2020-01-12,11,103
2020-01-12,12,133
2020-01-12,13,182
2020-01-12,14,176
2020-01-12,15,148
2020-01-12,16,115
2020-01-12,17,109
2020-01-12,18,110
2020-01-12,19,86
2020-01-12,20,58
2020-01-12,21,53
2020-01-12,22,40
2020-01-12,23,23
2020-01-13,0,21
2020-01-13,1,10
2020-01-13,2,8
2020-01-13,3,6
2020-01-13,4,7
2020-01-13,5,8
2020-01-13,6,22
2020-01-13,7,81
2020-01-13,8,56
2020-01-13,9,137
2020-01-13,10,119
2020-01-13,11,162
2020-01-13,12,130
2020-01-13,13,170
2020-01-13,14,152
2020-01-13,15,175
2020-01-13,16,189
2020-01-13,17,145
2020-01-13,18,117
2020-01-13,19,83
2020-01-13,20,55
2020-01-13,21,53
2020-01-13,22,32
2020-01-13,23,15
2020-01-14,0,17
2020-01-14,1,9
2020-01-14,2,5
2020-01-14,3,6
2020-01-14,4,11
2020-01-14,5,15
2020-01-14,6,24
2020-01-14,7,62
2020-01-14,8,81
2020-01-14,9,95
2020-01-14,10,119
2020-01-14,11,175
2020-01-14,12,169
2020-01-14,13,156
2020-01-14,14,164
2020-01-14,15,176
2020-01-14,16,160
2020-01-14,17,194
2020-01-14,18,133
2020-01-14,19,99
2020-01-14,20,68
2020-01-14,21,68
2020-01-14,22,43
2020-01-14,23,20
2020-01-15,0,14
2020-01-15,1,14
2020-01-15,2,5
2020-01-15,3,7
2020-01-15,4,9
2020-01-15,5,3
2020-01-15,6,42
2020-01-15,7,61
2020-01-15,8,89
2020-01-15,9,114
2020-01-15,10,114
2020-01-15,11,131
2020-01-15,12,154
2020-01-15,13,151
2020-01-15,14,165
2020-01-15,15,182
2020-01-15,16,204
2020-01-15,17,197
2020-01-15,18,100
2020-01-15,19,93
2020-01-15,20,70
2020-01-15,21,61
2020-01-15,22,23
2020-01-15,23,24
2020-01-16,0,12
2020-01-16,1,8
2020-01-16,2,8
2020-01-16,3,5
2020-01-16,4,9
2020-01-16,5,12
2020-01-16,6,18
2020-01-16,7,76
2020-01-16,8,86
2020-01-16,9,134
2020-01-16,10,157
2020-01-16,11,144
2020-01-16,12,184
2020-01-16,13,144
2020-01-16,14,185
2020-01-16,15,193
2020-01-16,16,175
2020-01-16,17,154
2020-01-16,18,135
2020-01-16,19,126
2020-01-16,20,76
2020-01-16,21,49
2020-01-16,22,41
2020-01-16,23,24
2020-01-17,0,21
2020-01-17,1,12
2020-01-17,2,8
2020-01-17,3,11
2020-01-17,4,8
2020-01-17,5,12
2020-01-17,6,25
2020-01-17,7,63
2020-01-17,8,76
2020-01-17,9,130
2020-01-17,10,166
2020-01-17,11,189
2020-01-17,12,164
2020-01-17,13,217
2020-01-17,14,230
2020-01-17,15,239
2020-01-17,16,222
2020-01-17,17,199
2020-01-17,18,125
2020-01-17,19,90
2020-01-17,20,85
2020-01-17,21,65
2020-01-17,22,54
2020-01-17,23,31
2020-01-18,0,36
2020-01-18,1,21
2020-01-18,2,17
2020-01-18,3,12
2020-01-18,4,15
2020-01-18,5,9
2020-01-18,6,13
2020-01-18,7,30
2020-01-18,8,56
2020-01-18,9,82
2020-01-18,10,118
2020-01-18,11,126
2020-01-18,12,197
2020-01-18,13,249
2020-01-18,14,219
2020-01-18,15,157
2020-01-18,16,149
2020-01-18,17,128
2020-01-18,18,113
2020-01-18,19,82
2020-01-18,20,70
2020-01-18,21,60
2020-01-18,22,51
2020-01-18,23,31
2020-01-19,0,39
2020-01-19,1,34
2020-01-19,2,15
2020-01-19,3,16
2020-01-19,4,20
2020-01-19,5,8
2020-01-19,6,13
2020-01-19,7,26
2020-01-19,8,20
2020-01-19,9,40
2020-01-19,10,72
2020-01-19,11,117
2020-01-19,12,168
2020-01-19,13,151
2020-01-19,14,148
2020-01-19,15,146
2020-01-19,16,153
2020-01-19,17,93
2020-01-19,18,120
2020-01-19,19,65
2020-01-19,20,55
2020-01-19,21,45
2020-01-19,22,31
2020-01-19,23,22
2020-01-20,0,16
2020-01-20,1,14
2020-01-20,2,7
2020-01-20,3,9
2020-01-20,4,11
2020-01-20,5,13
2020-01-20,6,29
2020-01-20,7,65
2020-01-20,8,77
2020-01-20,9,120
2020-01-20,10,127
2020-01-20,11,118
2020-01-20,12,153
2020-01-20,13,167
2020-01-20,14,156
2020-01-20,15,182
2020-01-20,16,199
2020-01-20,17,172
2020-01-20,18,129
2020-01-20,19,86
2020-01-20,20,52
2020-01-20,21,53
2020-01-20,22,37
2020-01-20,23,27
2020-01-21,0,11
2020-01-21,1,14
2020-01-21,2,3
2020-01-21,3,5
2020-01-21,4,5
2020-01-21,5,9
2020-01-21,6,27
2020-01-21,7,60
2020-01-21,8,72
2020-01-21,9,110
2020-01-21,10,115
2020-01-21,11,149
2020-01-21,12,161
2020-01-21,13,143
2020-01-21,14,167
2020-01-21,15,162
2020-01-21,16,205
2020-01-21,17,189
2020-01-21,18,147
2020-01-21,19,94
2020-01-21,20,73
2020-01-21,21,52
2020-01-21,22,41
2020-01-21,23,23
2020-01-22,0,17
2020-01-22,1,14
2020-01-22,2,4
2020-01-22,3,5
2020-01-22,4,10
2020-01-22,5,13
2020-01-22,6,25
2020-01-22,7,60
2020-01-22,8,88
2020-01-22,9,113
2020-01-22,10,120
2020-01-22,11,134
2020-01-22,12,151
2020-01-22,13,131
2020-01-22,14,152
2020-01-22,15,169
2020-01-22,16,176
2020-01-22,17,200
2020-01-22,18,145
2020-01-22,19,94
2020-01-22,20,70
2020-01-22,21,58
2020-01-22,22,40
2020-01-22,23,31
2020-01-23,0,13
2020-01-23,1,9
2020-01-23,2,6
2020-01-23,3,7
2020-01-23,4,7
2020-01-23,5,9
2020-01-23,6,28
2020-01-23,7,69
2020-01-23,8,89
2020-01-23,9,137
2020-01-23,10,136
2020-01-23,11,156
2020-01-23,12,176
2020-01-23,13,186
2020-01-23,14,187
2020-01-23,15,177
2020-01-23,16,168
2020-01-23,17,172
2020-01-23,18,150
2020-01-23,19,113
2020-01-23,20,90
2020-01-23,21,60
2020-01-23,22,39
2020-01-23,23,30
2020-01-24,0,17
2020-01-24,1,11
2020-01-24,2,9
2020-01-24,3,10
2020-01-24,4,6
2020-01-24,5,6
2020-01-24,6,37
2020-01-24,7,61
2020-01-24,8,81
2020-01-24,9,166
2020-01-24,10,161
2020-01-24,11,175
2020-01-24,12,188
2020-01-24,13,200
2020-01-24,14,240
2020-01-24,15,200
2020-01-24,16,200
2020-01-24,17,189
2020-01-24,18,170
2020-01-24,19,110
2020-01-24,20,94
2020-01-24,21,70
2020-01-24,22,50
2020-01-24,23,31
2020-01-25,0,31
2020-01-25,1,19
2020-01-25,2,17
2020-01-25,3,15
2020-01-25,4,17
2020-01-25,5,12
2020-01-25,6,14
2020-01-25,7,37
2020-01-25,8,34
2020-01-25,9,91
2020-01-25,10,131
2020-01-25,11,162
2020-01-25,12,218
2020-01-25,13,205
2020-01-25,14,165
2020-01-25,15,189
2020-01-25,16,148
2020-01-25,17,116
2020-01-25,18,120
2020-01-25,19,86
2020-01-25,20,80
2020-01-25,21,72
2020-01-25,22,50
2020-01-25,23,37
2020-01-26,0,32
2020-01-26,1,22
2020-01-26,2,29
2020-01-26,3,19
2020-01-26,4,18
2020-01-26,5,9
2020-01-26,6,8
2020-01-26,7,8
2020-01-26,8,28
2020-01-26,9,57
2020-01-26,10,85
2020-01-26,11,109
2020-01-26,12,137
2020-01-26,13,149
2020-01-26,14,145
2020-01-26,15,131
2020-01-26,16,117
2020-01-26,17,89
2020-01-26,18,130
2020-01-26,19,82
2020-01-26,20,59
2020-01-26,21,44
2020-01-26,22,36
2020-01-26,23,18
2020-01-27,0,18
2020-01-27,1,14
2020-01-27,2,6
2020-01-27,3,7
2020-01-27,4,6
2020-01-27,5,14
2020-01-27,6,35
2020-01-27,7,73
2020-01-27,8,80
2020-01-27,9,124
2020-01-27,10,124
2020-01-27,11,136
2020-01-27,12,162
2020-01-27,13,148
2020-01-27,14,162
2020-01-27,15,169
2020-01-27,16,167
2020-01-27,17,168
2020-01-27,18,139
2020-01-27,19,99
2020-01-27,20,85
2020-01-27,21,49
2020-01-27,22,38
2020-01-27,23,14
2020-01-28,0,10
2020-01-28,1,14
2020-01-28,2,7
2020-01-28,3,8
2020-01-28,4,9
2020-01-28,5,13
2020-01-28,6,33
2020-01-28,7,49
2020-01-28,8,81
2020-01-28,9,101
2020-01-28,10,136
2020-01-28,11,143
2020-01-28,12,130
2020-01-28,13,181
2020-01-28,14,242
2020-01-28,15,157
2020-01-28,16,173
2020-01-28,17,152
2020-01-28,18,132
2020-01-28,19,93
2020-01-28,20,67
2020-01-28,21,58
2020-01-28,22,36
2020-01-28,23,25
2020-01-29,0,12
2020-01-29,1,13
2020-01-29,2,7
2020-01-29,3,6
2020-01-29,4,9
2020-01-29,5,16
2020-01-29,6,26
2020-01-29,7,58
2020-01-29,8,82
2020-01-29,9,102
2020-01-29,10,127
2020-01-29,11,146
2020-01-29,12,140
2020-01-29,13,182
2020-01-29,14,161
2020-01-29,15,181
2020-01-29,16,159
2020-01-29,17,180
2020-01-29,18,130
2020-01-29,19,95
2020-01-29,20,70
2020-01-29,21,54
2020-01-29,22,46
2020-01-29,23,24
2020-01-30,0,18
2020-01-30,1,8
2020-01-30,2,7
2020-01-30,3,8
2020-01-30,4,7
2020-01-30,5,10
2020-01-30,6,30
2020-01-30,7,60
2020-01-30,8,76
2020-01-30,9,116
2020-01-30,10,142
2020-01-30,11,153
2020-01-30,12,152
2020-01-30,13,179
2020-01-30,14,212
2020-01-30,15,151
2020-01-30,16,177
2020-01-30,17,152
2020-01-30,18,139
2020-01-30,19,96
2020-01-30,20,76
2020-01-30,21,66
2020-01-30,22,40
2020-01-30,23,29
2020-01-31,0,19
2020-01-31,1,12
2020-01-31,2,12
2020-01-31,3,6
2020-01-31,4,12
2020-01-31,5,18
2020-01-31,6,31
2020-01-31,7,60
2020-01-31,8,96
2020-01-31,9,116
2020-01-31,10,155
2020-01-31,11,163
2020-01-31,12,157
2020-01-31,13,166
2020-01-31,14,217
2020-01-31,15,201
2020-01-31,16,195
2020-01-31,17,161
2020-01-31,18,160
2020-01-31,19,133
2020-01-31,20,89
2020-01-31,21,60
2020-01-31,22,57
2020-01-31,23,45
2020-02-01,0,32
2020-02-01,1,23
2020-02-01,2,19
2020-02-01,3,13
2020-02-01,4,16
2020-02-01,5,11
2020-02-01,6,15
2020-02-01,7,30
2020-02-01,8,62
2020-02-01,9,77
2020-02-01,10,124
2020-02-01,11,147
2020-02-01,12,196
2020-02-01,13,197
2020-02-01,14,208
2020-02-01,15,153
2020-02-01,16,161
2020-02-01,17,128
2020-02-01,18,103
2020-02-01,19,82
2020-02-01,20,78
2020-02-01,21,55
2020-02-01,22,53
2020-02-01,23,46
2020-02-02,0,32
2020-02-02,1,24
2020-02-02,2,26
2020-02-02,3,25
2020-02-02,4,20
2020-02-02,5,10
2020-02-02,6,14
2020-02-02,7,16
2020-02-02,8,32
2020-02-02,9,46
2020-02-02,10,68
2020-02-02,11,105
2020-02-02,12,145
2020-02-02,13,167
2020-02-02,14,141
2020-02-02,15,134
2020-02-02,16,126
2020-02-02,17,100
2020-02-02,18,120
2020-02-02,19,66
2020-02-02,20,55
2020-02-02,21,53
2020-02-02,22,32
2020-02-02,23,28
2020-02-03,0,17
2020-02-03,1,10
2020-02-03,2,13
2020-02-03,3,7
2020-02-03,4,9
2020-02-03,5,9
2020-02-03,6,34
2020-02-03,7,68
2020-02-03,8,61
2020-02-03,9,122
2020-02-03,10,131
2020-02-03,11,117
2020-02-03,12,143
2020-02-03,13,153
2020-02-03,14,131
2020-02-03,15,157
2020-02-03,16,166
2020-02-03,17,169
2020-02-03,18,141
2020-02-03,19,96
2020-02-03,20,67
2020-02-03,21,73
2020-02-03,22,38
2020-02-03,23,20
2020-02-04,0,18
2020-02-04,1,12
2020-02-04,2,9
2020-02-04,3,3
2020-02-04,4,6
2020-02-04,5,11
2020-02-04,6,24
2020-02-04,7,46
2020-02-04,8,77
2020-02-04,9,107
2020-02-04,10,138
2020-02-04,11,120
2020-02-04,12,136
2020-02-04,13,153
2020-02-04,14,166
2020-02-04,15,169
2020-02-04,16,183
2020-02-04,17,167
2020-02-04,18,144
2020-02-04,19,78
2020-02-04,20,77
2020-02-04,21,44
2020-02-04,22,30
2020-02-04,23,15
2020-02-05,0,15
2020-02-05,1,7
2020-02-05,2,3
2020-02-05,3,7
2020-02-05,4,8
2020-02-05,5,16
2020-02-05,6,27
2020-02-05,7,69
2020-02-05,8,77
2020-02-05,9,121
2020-02-05,10,124
2020-02-05,11,143
2020-02-05,12,154
2020-02-05,13,175
2020-02-05,14,147
2020-02-05,15,178
2020-02-05,16,182
2020-02-05,17,163
2020-02-05,18,161
2020-02-05,19,88
2020-02-05,20,66
2020-02-05,21,56
2020-02-05,22,47
2020-02-05,23,31
2020-02-06,0,12
2020-02-06,1,11
2020-02-06,2,5
2020-02-06,3,9
2020-02-06,4,10
2020-02-06,5,15
2020-02-06,6,29
2020-02-06,7,63
2020-02-06,8,90
2020-02-06,9,135
2020-02-06,10,116
2020-02-06,11,163
2020-02-06,12,165
2020-02-06,13,206
2020-02-06,14,163
2020-02-06,15,177
2020-02-06,16,181
2020-02-06,17,170
2020-02-06,18,129
2020-02-06,19,109
2020-02-06,20,87
2020-02-06,21,69
2020-02-06,22,48
2020-02-06,23,28
2020-02-07,0,19
2020-02-07,1,11
2020-02-07,2,12
2020-02-07,3,7
2020-02-07,4,9
2020-02-07,5,6
2020-02-07,6,31
2020-02-07,7,66
2020-02-07,8,99
2020-02-07,9,113
2020-02-07,10,132
2020-02-07,11,165
2020-02-07,12,181
2020-02-07,13,218
2020-02-07,14,190
2020-02-07,15,232
2020-02-07,16,199
2020-02-07,17,165
2020-02-07,18,137
2020-02-07,19,120
2020-02-07,20,83
2020-02-07,21,81
2020-02-07,22,54
2020-02-07,23,42
2020-02-08,0,33
2020-02-08,1,26
2020-02-08,2,18
2020-02-08,3,14
2020-02-08,4,13
2020-02-08,5,13
2020-02-08,6,17
2020-02-08,7,25
2020-02-08,8,47
2020-02-08,9,75
2020-02-08,10,118
2020-02-08,11,152
2020-02-08,12,212
2020-02-08,13,173
2020-02-08,14,184
2020-02-08,15,181
2020-02-08,16,145
2020-02-08,17,125
2020-02-08,18,120
2020-02-08,19,84
2020-02-08,20,73
2020-02-08,21,43
2020-02-08,22,52
2020-02-08,23,29
2020-02-09,0,36
2020-02-09,1,20
2020-02-09,2,24
2020-02-09,3,20
2020-02-09,4,19
2020-02-09,5,8
2020-02-09,6,16
2020-02-09,7,10
2020-02-09,8,24
2020-02-09,9,43
2020-02-09,10,68
2020-02-09,11,120
2020-02-09,12,129
2020-02-09,13,112
2020-02-09,14,118
2020-02-09,15,120
2020-02-09,16,131
2020-02-09,17,87
2020-02-09,18,92
2020-02-09,19,76
2020-02-09,20,69
2020-02-09,21,30
2020-02-09,22,39
2020-02-09,23,28
2020-02-10,0,19
2020-02-10,1,6
2020-02-10,2,7
2020-02-10,3,9
2020-02-10,4,8
2020-02-10,5,13
2020-02-10,6,20
2020-02-10,7,58
2020-02-10,8,83
2020-02-10,9,105
2020-02-10,10,103
2020-02-10,11,154
2020-02-10,12,130
2020-02-10,13,142
2020-02-10,14,149
2020-02-10,15,168
2020-02-10,16,182
2020-02-10,17,163
2020-02-10,18,117
2020-02-10,19,89
2020-02-10,20,73
2020-02-10,21,56
2020-02-10,22,27
2020-02-10,23,31
2020-02-11,0,14
2020-02-11,1,18
2020-02-11,2,5
2020-02-11,3,8
2020-02-11,4,11
2020-02-11,5,16
2020-02-11,6,26
2020-02-11,7,60
2020-02-11,8,77
2020-02-11,9,88
2020-02-11,10,110
2020-02-11,11,124
2020-02-11,12,133
2020-02-11,13,150
2020-02-11,14,179
2020-02-11,15,156
2020-02-11,16,163
2020-02-11,17,190
2020-02-11,18,155
2020-02-11,19,97
2020-02-11,20,83
2020-02-11,21,50
2020-02-11,22,28
2020-02-11,23,26
2020-02-12,0,17
2020-02-12,1,5
2020-02-12,2,6
2020-02-12,3,7
2020-02-12,4,7
2020-02-12,5,16
2020-02-12,6,35
2020-02-12,7,56
2020-02-12,8,78
2020-02-12,9,112
2020-02-12,10,105
2020-02-12,11,137
2020-02-12,12,130
2020-02-12,13,185
2020-02-12,14,149
2020-02-12,15,181
2020-02-12,16,201
2020-02-12,17,200
2020-02-12,18,129
2020-02-12,19,94
2020-02-12,20,71
2020-02-12,21,65
2020-02-12,22,90
2020-02-12,23,40
2020-02-13,0,21
2020-02-13,1,19
2020-02-13,2,6
2020-02-13,3,6
2020-02-13,4,10
2020-02-13,5,13
2020-02-13,6,29
2020-02-13,7,70
2020-02-13,8,58
2020-02-13,9,137
2020-02-13,10,163
2020-02-13,11,168
2020-02-13,12,175
2020-02-13,13,180
2020-02-13,14,188
2020-02-13,15,176
2020-02-13,16,227
2020-02-13,17,154
2020-02-13,18,163
2020-02-13,19,147
2020-02-13,20,83
2020-02-13,21,65
2020-02-13,22,29
2020-02-13,23,23
2020-02-14,0,25
2020-02-14,1,11
2020-02-14,2,4
2020-02-14,3,8
2020-02-14,4,13
2020-02-14,5,13
2020-02-14,6,31
2020-02-14,7,61
2020-02-14,8,85
2020-02-14,9,125
2020-02-14,10,202
2020-02-14,11,162
2020-02-14,12,175
2020-02-14,13,226
2020-02-14,14,188
2020-02-14,15,220
2020-02-14,16,222
2020-02-14,17,184
2020-02-14,18,134
2020-02-14,19,101
2020-02-14,20,82
2020-02-14,21,72
2020-02-14,22,45
2020-02-14,23,37
2020-02-15,0,27
2020-02-15,1,20
2020-02-15,2,12
2020-02-15,3,7
2020-02-15,4,15
2020-02-15,5,11
2020-02-15,6,20
2020-02-15,7,18
2020-02-15,8,50
2020-02-15,9,84
2020-02-15,10,127
2020-02-15,11,176
2020-02-15,12,200
2020-02-15,13,206
2020-02-15,14,161
2020-02-15,15,147
2020-02-15,16,164
2020-02-15,17,119
2020-02-15,18,115
2020-02-15,19,83
2020-02-15,20,80
2020-02-15,21,64
2020-02-15,22,41
2020-02-15,23,49
2020-02-16,0,43
2020-02-16,1,30
2020-02-16,2,22
2020-02-16,3,23
2020-02-16,4,16
2020-02-16,5,14
2020-02-16,6,20
2020-02-16,7,20
2020-02-16,8,33
2020-02-16,9,37
2020-02-16,10,85
2020-02-16,11,101
2020-02-16,12,124
2020-02-16,13,134
2020-02-16,14,143
2020-02-16,15,138
2020-02-16,16,130
2020-02-16,17,90
2020-02-16,18,106
2020-02-16,19,63
2020-02-16,20,56
2020-02-16,21,63
2020-02-16,22,28
2020-02-16,23,32
2020-02-17,0,21
2020-02-17,1,9
2020-02-17,2,8
2020-02-17,3,7
2020-02-17,4,12
2020-02-17,5,16
2020-02-17,6,39
2020-02-17,7,65
2020-02-17,8,78
2020-02-17,9,129
2020-02-17,10,138
2020-02-17,11,136
2020-02-17,12,135
2020-02-17,13,142
2020-02-17,14,155
2020-02-17,15,167
2020-02-17,16,164
2020-02-17,17,171
2020-02-17,18,128
2020-02-17,19,117
2020-02-17,20,83
2020-02-17,21,48
2020-02-17,22,27
2020-02-17,23,20
2020-02-18,0,20
2020-02-18,1,14
2020-02-18,2,6
2020-02-18,3,6
2020-02-18,4,4
2020-02-18,5,14
2020-02-18,6,25
2020-02-18,7,73
2020-02-18,8,93
2020-02-18,9,117
2020-02-18,10,123
2020-02-18,11,140
2020-02-18,12,142
2020-02-18,13,140
2020-02-18,14,180
2020-02-18,15,159
2020-02-18,16,192
2020-02-18,17,171
2020-02-18,18,131
2020-02-18,19,108
2020-02-18,20,73
2020-02-18,21,55
2020-02-18,22,36
2020-02-18,23,23
2020-02-19,0,11
2020-02-19,1,8
2020-02-19,2,6
2020-02-19,3,5
2020-02-19,4,8
2020-02-19,5,14
2020-02-19,6,21
2020-02-19,7,62
2020-02-19,8,72
2020-02-19,9,108
2020-02-19,10,135
2020-02-19,11,142
2020-02-19,12,153
2020-02-19,13,161
2020-02-19,14,163
2020-02-19,15,150
2020-02-19,16,205
2020-02-19,17,202
2020-02-19,18,136
2020-02-19,19,105
2020-02-19,20,77
2020-02-19,21,59
2020-02-19,22,43
2020-02-19,23,34
2020-02-20,0,14
2020-02-20,1,14
2020-02-20,2,4
2020-02-20,3,6
2020-02-20,4,6
2020-02-20,5,15
2020-02-20,6,31
2020-02-20,7,55
2020-02-20,8,75
2020-02-20,9,129
2020-02-20,10,128
2020-02-20,11,158
2020-02-20,12,175
2020-02-20,13,147
2020-02-20,14,150
2020-02-20,15,152
2020-02-20,16,173
2020-02-20,17,182
2020-02-20,18,137
2020-02-20,19,87
2020-02-20,20,79
2020-02-20,21,54
2020-02-20,22,42
2020-02-20,23,34
2020-02-21,0,19
2020-02-21,1,17
2020-02-21,2,8
2020-02-21,3,8
2020-02-21,4,4
2020-02-21,5,10
2020-02-21,6,28
2020-02-21,7,66
2020-02-21,8,88
2020-02-21,9,144
2020-02-21,10,150
2020-02-21,11,192
2020-02-21,12,217
2020-02-21,13,191
2020-02-21,14,200
2020-02-21,15,192
2020-02-21,16,231
2020-02-21,17,124
2020-02-21,18,126
2020-02-21,19,118
2020-02-21,20,69
2020-02-21,21,77
2020-02-21,22,55
2020-02-21,23,40
2020-02-22,0,28
2020-02-22,1,18
2020-02-22,2,11
2020-02-22,3,18
2020-02-22,4,10
2020-02-22,5,9
2020-02-22,6,13
2020-02-22,7,28
2020-02-22,8,55
2020-02-22,9,109
2020-02-22,10,143
2020-02-22,11,162
2020-02-22,12,203
2020-02-22,13,207
2020-02-22,14,171
2020-02-22,15,158
2020-02-22,16,157
2020-02-22,17,126
2020-02-22,18,134
2020-02-22,19,92
2020-02-22,20,71
2020-02-22,21,61
2020-02-22,22,54
2020-02-22,23,32
2020-02-23,0,44
2020-02-23,1,22
2020-02-23,2,26
2020-02-23,3,14
2020-02-23,4,21
2020-02-23,5,14
2020-02-23,6,21
2020-02-23,7,15
2020-02-23,8,26
2020-02-23,9,40
2020-02-23,10,78
2020-02-23,11,131
2020-02-23,12,132
2020-02-23,13,184
2020-02-23,14,134
2020-02-23,15,129
2020-02-23,16,125
2020-02-23,17,109
2020-02-23,18,165
2020-02-23,19,102
2020-02-23,20,67
2020-02-23,21,54
2020-02-23,22,32
2020-02-23,23,31
2020-02-24,0,23
2020-02-24,1,10
2020-02-24,2,7
2020-02-24,3,6
2020-02-24,4,14
2020-02-24,5,8
2020-02-24,6,28
2020-02-24,7,51
2020-02-24,8,77
2020-02-24,9,121
2020-02-24,10,132
2020-02-24,11,145
2020-02-24,12,141
2020-02-24,13,139
2020-02-24,14,157
2020-02-24,15,172
2020-02-24,16,171
2020-02-24,17,176
2020-02-24,18,128
2020-02-24,19,110
2020-02-24,20,74
2020-02-24,21,45
2020-02-24,22,28
2020-02-24,23,17
2020-02-25,0,16
2020-02-25,1,10
2020-02-25,2,5
2020-02-25,3,3
2020-02-25,4,13
2020-02-25,5,17
2020-02-25,6,32
2020-02-25,7,64
2020-02-25,8,70
2020-02-25,9,112
2020-02-25,10,131
2020-02-25,11,129
2020-02-25,12,154
2020-02-25,13,146
2020-02-25,14,164
2020-02-25,15,169
2020-02-25,16,179
2020-02-25,17,157
2020-02-25,18,143
2020-02-25,19,95
2020-02-25,20,84
2020-02-25,21,74
2020-02-25,22,46
2020-02-25,23,19
2020-02-26,0,11
2020-02-26,1,12
2020-02-26,2,11
2020-02-26,3,6
2020-02-26,4,5
2020-02-26,5,10
2020-02-26,6,44
2020-02-26,7,57
2020-02-26,8,84
2020-02-26,9,105
2020-02-26,10,129
2020-02-26,11,133
2020-02-26,12,127
2020-02-26,13,132
2020-02-26,14,142
2020-02-26,15,171
2020-02-26,16,177
2020-02-26,17,147
2020-02-26,18,108
2020-02-26,19,90
2020-02-26,20,64
2020-02-26,21,79
2020-02-26,22,46
2020-02-26,23,20
2020-02-27,0,20
2020-02-27,1,11
2020-02-27,2,8
2020-02-27,3,11
2020-02-27,4,8
2020-02-27,5,15
2020-02-27,6,39
2020-02-27,7,68
2020-02-27,8,87
2020-02-27,9,150
2020-02-27,10,141
2020-02-27,11,211
2020-02-27,12,165
2020-02-27,13,157
2020-02-27,14,201
2020-02-27,15,159
2020-02-27,16,186
2020-02-27,17,200
2020-02-27,18,132
2020-02-27,19,100
2020-02-27,20,81
2020-02-27,21,64
2020-02-27,22,95
2020-02-27,23,58
2020-02-28,0,25
2020-02-28,1,18
2020-02-28,2,13
2020-02-28,3,8
2020-02-28,4,9
2020-02-28,5,16
2020-02-28,6,27
2020-02-28,7,85
2020-02-28,8,88
2020-02-28,9,152
2020-02-28,10,144
2020-02-28,11,181
2020-02-28,12,182
2020-02-28,13,223
2020-02-28,14,203
2020-02-28,15,187
2020-02-28,16,180
2020-02-28,17,172
2020-02-28,18,168
2020-02-28,19,135
2020-02-28,20,95
2020-02-28,21,68
2020-02-28,22,57
2020-02-28,23,43
2020-02-29,0,33
2020-02-29,1,30
2020-02-29,2,16
2020-02-29,3,18
2020-02-29,4,17
2020-02-29,5,18
2020-02-29,6,18
2020-02-29,7,35
2020-02-29,8,44
2020-02-29,9,79
2020-02-29,10,112
2020-02-29,11,195
2020-02-29,12,210
2020-02-29,13,210
2020-02-29,14,183
2020-02-29,15,174
2020-02-29,16,166
2020-02-29,17,138
2020-02-29,18,105
2020-02-29,19,88
2020-02-29,20,84
2020-02-29,21,82
2020-02-29,22,59
2020-02-29,23,53
2020-03-01,0,44
2020-03-01,1,25
2020-03-01,2,30
2020-03-01,3,21
2020-03-01,4,17
2020-03-01,5,19
2020-03-01,6,9
2020-03-01,7,13
2020-03-01,8,30
2020-03-01,9,51
2020-03-01,10,97
2020-03-01,11,122
2020-03-01,12,117
2020-03-01,13,176
2020-03-01,14,136
2020-03-01,15,133
2020-03-01,16,107
2020-03-01,17,89
2020-03-01,18,111
2020-03-01,19,79
2020-03-01,20,46
2020-03-01,21,59
2020-03-01,22,34
2020-03-01,23,26
2020-03-02,0,13
2020-03-02,1,7
2020-03-02,2,13
2020-03-02,3,9
2020-03-02,4,11
2020-03-02,5,8
2020-03-02,6,28
2020-03-02,7,63
2020-03-02,8,82
2020-03-02,9,114
2020-03-02,10,100
2020-03-02,11,139
2020-03-02,12,141
2020-03-02,13,134
2020-03-02,14,150
2020-03-02,15,184
2020-03-02,16,176
2020-03-02,17,163
2020-03-02,18,129
2020-03-02,19,94
2020-03-02,20,85
2020-03-02,21,59
2020-03-02,22,40
2020-03-02,23,19
2020-03-03,0,13
2020-03-03,1,6
2020-03-03,2,6
2020-03-03,3,9
2020-03-03,4,6
2020-03-03,5,9
2020-03-03,6,28
2020-03-03,7,61
2020-03-03,8,77
2020-03-03,9,132
2020-03-03,10,128
2020-03-03,11,126
2020-03-03,12,151
2020-03-03,13,149
2020-03-03,14,154
2020-03-03,15,160
2020-03-03,16,219
2020-03-03,17,190
2020-03-03,18,123
2020-03-03,19,120
2020-03-03,20,64
2020-03-03,21,59
2020-03-03,22,37
2020-03-03,23,28
2020-03-04,0,18
2020-03-04,1,5
2020-03-04,2,2
2020-03-04,3,7
2020-03-04,4,11
2020-03-04,5,12
2020-03-04,6,27
2020-03-04,7,60
2020-03-04,8,70
2020-03-04,9,119
2020-03-04,10,115
2020-03-04,11,129
2020-03-04,12,169
2020-03-04,13,134
2020-03-04,14,160
2020-03-04,15,167
2020-03-04,16,176
2020-03-04,17,160
2020-03-04,18,124
2020-03-04,19,99
2020-03-04,20,79
2020-03-04,21,69
2020-03-04,22,63
2020-03-04,23,33
2020-03-05,0,17
2020-03-05,1,7
2020-03-05,2,12
2020-03-05,3,8
2020-03-05,4,7
2020-03-05,5,11
2020-03-05,6,35
2020-03-05,7,60
2020-03-05,8,83
2020-03-05,9,126
2020-03-05,10,132
2020-03-05,11,187
2020-03-05,12,185
2020-03-05,13,159
2020-03-05,14,165
2020-03-05,15,222
2020-03-05,16,172
2020-03-05,17,261
2020-03-05,18,117
2020-03-05,19,122
2020-03-05,20,77
2020-03-05,21,69
2020-03-05,22,50
2020-03-05,23,32
2020-03-06,0,14
2020-03-06,1,14
2020-03-06,2,8
2020-03-06,3,7
2020-03-06,4,11
2020-03-06,5,10
2020-03-06,6,33
2020-03-06,7,63
2020-03-06,8,106
2020-03-06,9,116
2020-03-06,10,179
2020-03-06,11,181
2020-03-06,12,209
2020-03-06,13,208
2020-03-06,14,176
2020-03-06,15,206
2020-03-06,16,209
2020-03-06,17,164
2020-03-06,18,141
2020-03-06,19,99
2020-03-06,20,78
2020-03-06,21,71
2020-03-06,22,48
2020-03-06,23,52
2020-03-07,0,37
2020-03-07,1,32
2020-03-07,2,19
2020-03-07,3,20
2020-03-07,4,12
2020-03-07,5,8
2020-03-07,6,15
2020-03-07,7,36
2020-03-07,8,56
2020-03-07,9,103
2020-03-07,10,143
2020-03-07,11,146
2020-03-07,12,214
2020-03-07,13,214
2020-03-07,14,152
2020-03-07,15,194
2020-03-07,16,147
2020-03-07,17,132
2020-03-07,18,135
2020-03-07,19,104
2020-03-07,20,92
2020-03-07,21,54
2020-03-07,22,48
2020-03-07,23,40
2020-03-08,0,35
2020-03-08,1,29
2020-03-08,2,23
2020-03-08,3,20
2020-03-08,4,12
2020-03-08,5,15
2020-03-08,6,15
2020-03-08,7,16
2020-03-08,8,30
2020-03-08,9,42
2020-03-08,10,99
2020-03-08,11,115
2020-03-08,12,164
2020-03-08,13,177
2020-03-08,14,161
2020-03-08,15,136
2020-03-08,16,118
2020-03-08,17,83
2020-03-08,18,108
2020-03-08,19,74
2020-03-08,20,73
2020-03-08,21,67
2020-03-08,22,29
2020-03-08,23,23
2020-03-09,0,30
2020-03-09,1,9
2020-03-09,2,5
2020-03-09,3,6
2020-03-09,4,10
2020-03-09,5,9
2020-03-09,6,34
2020-03-09,7,60
2020-03-09,8,72
2020-03-09,9,132
2020-03-09,10,114
2020-03-09,11,151
2020-03-09,12,158
2020-03-09,13,159
2020-03-09,14,157
2020-03-09,15,110
2020-03-09,16,192
2020-03-09,17,161
2020-03-09,18,130
2020-03-09,19,81
2020-03-09,20,59
2020-03-09,21,57
2020-03-09,22,36
2020-03-09,23,24
2020-03-10,0,7
2020-03-10,1,14
2020-03-10,2,5
2020-03-10,3,5
2020-03-10,4,10
2020-03-10,5,10
2020-03-10,6,27
2020-03-10,7,70
2020-03-10,8,80
2020-03-10,9,140
2020-03-10,10,125
2020-03-10,11,135
2020-03-10,12,165
2020-03-10,13,161
2020-03-10,14,156
2020-03-10,15,171
2020-03-10,16,169
2020-03-10,17,179
2020-03-10,18,138
2020-03-10,19,89
2020-03-10,20,85
2020-03-10,21,72
2020-03-10,22,40
2020-03-10,23,32
2020-03-11,0,16
2020-03-11,1,13
2020-03-11,2,2
2020-03-11,3,4
2020-03-11,4,8
2020-03-11,5,9
2020-03-11,6,34
2020-03-11,7,55
2020-03-11,8,81
2020-03-11,9,116
2020-03-11,10,123
2020-03-11,11,118
2020-03-11,12,139
2020-03-11,13,140
2020-03-11,14,156
2020-03-11,15,134
2020-03-11,16,163
2020-03-11,17,171
2020-03-11,18,159
2020-03-11,19,103
2020-03-11,20,86
2020-03-11,21,60
2020-03-11,22,39
2020-03-11,23,38
2020-03-12,0,9
2020-03-12,1,15
2020-03-12,2,11
2020-03-12,3,4
2020-03-12,8,74
2020-03-12,9,129
2020-03-12,10,104
2020-03-12,11,152
2020-03-12,12,151
2020-03-12,13,164
2020-03-12,14,170
2020-03-12,15,169
2020-03-12,16,168
2020-03-12,17,152
2020-03-12,18,131
2020-03-12,19,114
2020-03-12,20,85
2020-03-12,21,60
2020-03-12,22,40
2020-03-12,23,41
2020-03-13,0,23
2020-03-13,1,15
2020-03-13,2,8
2020-03-13,3,7
2020-03-13,4,9
2020-03-13,5,12
2020-03-13,6,23
2020-03-13,7,69
2020-03-13,8,94
2020-03-13,9,123
2020-03-13,10,152
2020-03-13,11,153
2020-03-13,12,169
2020-03-13,13,194
2020-03-13,14,204
2020-03-13,15,180
2020-03-13,16,221
2020-03-13,17,151
2020-03-13,18,144
2020-03-13,19,98
2020-03-13,20,83
2020-03-13,21,63
2020-03-13,22,41
2020-03-13,23,42
2020-03-14,0,30
2020-03-14,1,23
2020-03-14,2,10
2020-03-14,3,14
2020-03-14,4,16
2020-03-14,5,11
2020-03-14,6,15
2020-03-14,7,29
2020-03-14,8,49
2020-03-14,9,104
2020-03-14,10,135
2020-03-14,11,164
2020-03-14,12,156
2020-03-14,13,178
2020-03-14,14,180
2020-03-14,15,153
2020-03-14,16,164
2020-03-14,17,123
2020-03-14,18,122
2020-03-14,19,105
2020-03-14,20,67
2020-03-14,21,97
2020-03-14,22,45
2020-03-14,23,28
2020-03-15,0,30
2020-03-15,1,16
2020-03-15,2,23
2020-03-15,3,10
2020-03-15,4,22
2020-03-15,5,15
2020-03-15,6,13
2020-03-15,7,12
2020-03-15,8,24
2020-03-15,9,37
2020-03-15,10,65
2020-03-15,11,117
2020-03-15,12,131
2020-03-15,13,151
2020-03-15,14,133
2020-03-15,15,128
2020-03-15,16,89
2020-03-15,17,72
2020-03-15,18,97
2020-03-15,19,68
2020-03-15,20,51
2020-03-15,21,59
2020-03-15,22,45
2020-03-15,23,18
2020-03-16,0,18
2020-03-16,1,5
2020-03-16,2,7
2020-03-16,3,7
2020-03-16,4,5
2020-03-16,5,9
2020-03-16,6,22
2020-03-16,7,58
2020-03-16,8,79
2020-03-16,9,149
2020-03-16,10,108
2020-03-16,11,134
2020-03-16,12,154
2020-03-16,13,143
2020-03-16,14,143
2020-03-16,15,143
2020-03-16,16,157
2020-03-16,17,170
2020-03-16,18,131
2020-03-16,19,92
2020-03-16,20,47
2020-03-16,21,36
2020-03-16,22,21
2020-03-16,23,17
2020-03-17,0,7
2020-03-17,1,10
2020-03-17,2,3
2020-03-17,3,3
2020-03-17,4,8
2020-03-17,5,14
2020-03-17,6,25
2020-03-17,7,48
2020-03-17,8,94
2020-03-17,9,114
2020-03-17,10,127
2020-03-17,11,144
2020-03-17,12,139
2020-03-17,13,117
2020-03-17,14,151
2020-03-17,15,176
2020-03-17,16,146
2020-03-17,17,159
2020-03-17,18,113
2020-03-17,19,75
2020-03-17,20,59
2020-03-17,21,37
2020-03-17,22,39
2020-03-17,23,17
2020-03-18,0,11
2020-03-18,1,13
2020-03-18,2,5
2020-03-18,3,7
2020-03-18,4,8
2020-03-18,5,11
2020-03-18,6,30
2020-03-18,7,63
2020-03-18,8,91
2020-03-18,9,101
2020-03-18,10,119
2020-03-18,11,158
2020-03-18,12,126
2020-03-18,13,145
2020-03-18,14,139
2020-03-18,15,153
2020-03-18,16,141
2020-03-18,17,157
2020-03-18,18,119
2020-03-18,19,90
2020-03-18,20,74
2020-03-18,21,58
2020-03-18,22,34
2020-03-18,23,16
2020-03-19,0,18
2020-03-19,1,9
2020-03-19,2,6
2020-03-19,3,3
2020-03-19,4,6
2020-03-19,5,17
2020-03-19,6,25
2020-03-19,7,58
2020-03-19,8,81
2020-03-19,9,140
2020-03-19,10,141
2020-03-19,11,160
2020-03-19,12,141
2020-03-19,13,141
2020-03-19,14,176
2020-03-19,15,182
2020-03-19,16,182
2020-03-19,17,147
2020-03-19,18,99
2020-03-19,19,72
2020-03-19,20,63
2020-03-19,21,47
2020-03-19,22,29
2020-03-19,23,19
2020-03-20,0,21
2020-03-20,1,5
2020-03-20,2,9
2020-03-20,3,4
2020-03-20,4,12
2020-03-20,5,7
2020-03-20,6,23
2020-03-20,7,55
2020-03-20,8,92
2020-03-20,9,144
2020-03-20,10,138
2020-03-20,11,155
2020-03-20,12,152
2020-03-20,13,177
2020-03-20,14,163
2020-03-20,15,183
2020-03-20,16,176
2020-03-20,17,169
2020-03-20,18,119
2020-03-20,19,95
2020-03-20,20,65
2020-03-20,21,52
2020-03-20,22,39
2020-03-20,23,26
2020-03-21,0,22
2020-03-21,1,14
2020-03-21,2,10
2020-03-21,3,6
2020-03-21,4,10
2020-03-21,5,6
2020-03-21,6,10
2020-03-21,7,45
2020-03-21,8,61
2020-03-21,9,92
2020-03-21,10,115
2020-03-21,11,128
2020-03-21,12,137
2020-03-21,13,150
2020-03-21,14,114
2020-03-21,15,139
2020-03-21,16,134
2020-03-21,17,86
2020-03-21,18,76
2020-03-21,19,58
2020-03-21,20,63
2020-03-21,21,33
2020-03-21,22,28
2020-03-21,23,13
2020-03-22,0,17
2020-03-22,1,12
2020-03-22,2,3
2020-03-22,3,3
2020-03-22,4,3
2020-03-22,5,7
2020-03-22,6,6
2020-03-22,7,12
2020-03-22,8,16
2020-03-22,9,51
2020-03-22,10,63
2020-03-22,11,81
2020-03-22,12,96
2020-03-22,13,110
2020-03-22,14,91
2020-03-22,15,88
2020-03-22,16,75
2020-03-22,17,71
2020-03-22,18,58
2020-03-22,19,49
2020-03-22,20,45
2020-03-22,21,95
2020-03-22,22,26
2020-03-22,23,17
2020-03-23,0,8
2020-03-23,1,7
2020-03-23,2,8
2020-03-23,3,9
2020-03-23,4,11
2020-03-23,5,6
2020-03-23,6,22
2020-03-23,7,60
2020-03-23,8,91
2020-03-23,9,83
2020-03-23,10,91
2020-03-23,11,120
2020-03-23,12,134
2020-03-23,13,125
2020-03-23,14,140
2020-03-23,15,116
2020-03-23,16,109
2020-03-23,17,118
2020-03-23,18,76
2020-03-23,19,51
2020-03-23,20,47
2020-03-23,21,31
2020-03-23,22,28
2020-03-23,23,14
2020-03-24,0,7
2020-03-24,1,5
2020-03-24,2,2
2020-03-24,3,4
2020-03-24,4,5
2020-03-24,5,10
2020-03-24,6,19
2020-03-24,7,29
2020-03-24,8,63
2020-03-24,9,80
2020-03-24,10,75
2020-03-24,11,89
2020-03-24,12,84
2020-03-24,13,92
2020-03-24,14,73
2020-03-24,15,66
2020-03-24,16,84
2020-03-24,17,65
2020-03-24,18,55
2020-03-24,19,39
2020-03-24,20,29
2020-03-24,21,20
2020-03-24,22,11
2020-03-24,23,11
2020-03-25,0,8
2020-03-25,1,4
2020-03-25,2,2
2020-03-25,3,7
2020-03-25,4,6
2020-03-25,5,9
2020-03-25,6,15
2020-03-25,7,22
2020-03-25,8,57
2020-03-25,9,55
2020-03-25,10,68
2020-03-25,11,93
2020-03-25,12,103
2020-03-25,13,95
2020-03-25,14,86
2020-03-25,15,77
2020-03-25,16,69
2020-03-25,17,75
2020-03-25,18,44
2020-03-25,19,32
2020-03-25,20,39
2020-03-25,21,40
2020-03-25,22,26
2020-03-25,23,16
2020-03-26,0,6
2020-03-26,1,5
2020-03-26,2,1
2020-03-26,3,3
2020-03-26,4,4
2020-03-26,5,0
2020-03-26,6,15
2020-03-26,7,32
2020-03-26,8,58
2020-03-26,9,47
2020-03-26,10,71
2020-03-26,11,74
2020-03-26,12,105
2020-03-26,13,66
2020-03-26,14,70
2020-03-26,15,90
2020-03-26,16,64
2020-03-26,17,68
2020-03-26,18,46
2020-03-26,19,35
2020-03-26,20,32
2020-03-26,21,20
2020-03-26,22,15
2020-03-26,23,13
2020-03-27,0,5
2020-03-27,1,3
2020-03-27,2,5
2020-03-27,3,2
2020-03-27,4,4
2020-03-27,5,6
2020-03-27,6,8
2020-03-27,7,28
2020-03-27,8,42
2020-03-27,9,57
2020-03-27,10,58
2020-03-27,11,88
2020-03-27,12,82
2020-03-27,13,89
2020-03-27,14,91
2020-03-27,15,101
2020-03-27,16,86
2020-03-27,17,66
2020-03-27,18,39
2020-03-27,19,52
2020-03-27,20,23
2020-03-27,21,25
2020-03-27,22,12
2020-03-27,23,15
2020-03-28,0,10
2020-03-28,1,8
2020-03-28,2,4
2020-03-28,3,4
2020-03-28,4,4
2020-03-28,5,0
2020-03-28,6,15
2020-03-28,7,31
2020-03-28,8,48
2020-03-28,9,53
2020-03-28,10,47
2020-03-28,11,61
2020-03-28,12,60
2020-03-28,13,56
2020-03-28,14,42
2020-03-28,15,71
2020-03-28,16,51
2020-03-28,17,41
2020-03-28,18,59
2020-03-28,19,39
2020-03-28,20,29
2020-03-28,21,18
2020-03-28,22,12
2020-03-28,23,15
2020-03-29,0,10
2020-03-29,1,5
2020-03-29,2,9
2020-03-29,3,4
2020-03-29,4,1
2020-03-29,5,6
2020-03-29,6,12
2020-03-29,7,21
2020-03-29,8,44
2020-03-29,9,45
2020-03-29,10,28
2020-03-29,11,32
2020-03-29,12,49
2020-03-29,13,38
2020-03-29,14,42
2020-03-29,15,50
2020-03-29,16,41
2020-03-29,17,40
2020-03-29,18,32
2020-03-29,19,19
2020-03-29,20,21
2020-03-29,21,14
2020-03-29,22,5
2020-03-29,23,15
2020-03-30,0,5
2020-03-30,1,3
2020-03-30,2,3
2020-03-30,3,6
2020-03-30,4,6
2020-03-30,5,15
2020-03-30,6,21
2020-03-30,7,42
2020-03-30,8,49
2020-03-30,9,66
2020-03-30,10,73
2020-03-30,11,91
2020-03-30,12,86
2020-03-30,13,72
2020-03-30,14,84
2020-03-30,15,66
2020-03-30,16,77
2020-03-30,17,59
2020-03-30,18,38
2020-03-30,19,31
2020-03-30,20,23
2020-03-30,21,23
2020-03-30,22,9
2020-03-30,23,8
2020-03-31,0,2
2020-03-31,1,7
2020-03-31,2,4
2020-03-31,3,7
2020-03-31,4,8
2020-03-31,5,18
2020-03-31,6,29
2020-03-31,7,40
2020-03-31,8,54
2020-03-31,9,70
2020-03-31,10,83
2020-03-31,11,85
2020-03-31,12,94
2020-03-31,13,85
2020-03-31,14,82
2020-03-31,15,73
2020-03-31,16,75
2020-03-31,17,57
2020-03-31,18,38
2020-03-31,19,29
2020-03-31,20,24
2020-03-31,21,17
2020-03-31,22,9
2020-03-31,23,12
2020-04-01,0,5
2020-04-01,1,5
2020-04-01,2,5
2020-04-01,3,2
2020-04-01,4,6
2020-04-01,5,12
2020-04-01,6,31
2020-04-01,7,34
2020-04-01,8,38
2020-04-01,9,59
2020-04-01,10,80
2020-04-01,11,81
2020-04-01,12,84
2020-04-01,13,73
2020-04-01,14,80
2020-04-01,15,72
2020-04-01,16,66
2020-04-01,17,57
2020-04-01,18,39
2020-04-01,19,27
2020-04-01,20,25
2020-04-01,21,15
2020-04-01,22,9
2020-04-01,23,5
2020-04-02,0,5
2020-04-02,1,5
2020-04-02,2,4
2020-04-02,3,9
2020-04-02,4,9
2020-04-02,5,20
2020-04-02,6,34
2020-04-02,7,44
2020-04-02,8,37
2020-04-02,9,49
2020-04-02,10,65
2020-04-02,11,72
2020-04-02,12,84
2020-04-02,13,76
2020-04-02,14,72
2020-04-02,15,71
2020-04-02,16,68
2020-04-02,17,47
2020-04-02,18,52
2020-04-02,19,36
2020-04-02,20,25
2020-04-02,21,15
2020-04-02,22,17
2020-04-02,23,6
2020-04-03,0,8
2020-04-03,1,8
2020-04-03,2,6
2020-04-03,3,5
2020-04-03,4,6
2020-04-03,5,16
2020-04-03,6,17
2020-04-03,7,35
2020-04-03,8,52
2020-04-03,9,53
2020-04-03,10,70
2020-04-03,11,96
2020-04-03,12,104
2020-04-03,13,79
2020-04-03,14,95
2020-04-03,15,71
2020-04-03,16,79
2020-04-03,17,64
2020-04-03,18,48
2020-04-03,19,31
2020-04-03,20,24
2020-04-03,21,12
2020-04-03,22,14
2020-04-03,23,5
2020-04-04,0,9
2020-04-04,1,0
2020-04-04,2,3
2020-04-04,3,4
2020-04-04,4,6
2020-04-04,5,10
2020-04-04,6,10
2020-04-04,7,26
2020-04-04,8,35
2020-04-04,9,41
2020-04-04,10,64
2020-04-04,11,62
2020-04-04,12,54
2020-04-04,13,73
2020-04-04,14,75
2020-04-04,15,64
2020-04-04,16,49
2020-04-04,17,48
2020-04-04,18,40
2020-04-04,19,26
2020-04-04,20,24
2020-04-04,21,13
2020-04-04,22,21
2020-04-04,23,10
2020-04-05,0,8
2020-04-05,1,3
2020-04-05,2,1
2020-04-05,3,0
2020-04-05,4,7
2020-04-05,5,9
2020-04-05,6,12
2020-04-05,7,16
2020-04-05,8,36
2020-04-05,9,39
2020-04-05,10,50
2020-04-05,11,45
2020-04-05,12,49
2020-04-05,13,51
2020-04-05,14,56
2020-04-05,15,53
2020-04-05,16,48
2020-04-05,17,41
2020-04-05,18,26
2020-04-05,19,23
2020-04-05,20,20
2020-04-05,21,17
2020-04-05,22,7
2020-04-05,23,5
2020-04-06,0,6
2020-04-06,1,0
2020-04-06,2,0
2020-04-06,3,2
2020-04-06,4,4
2020-04-06,5,15
2020-04-06,6,15
2020-04-06,7,44
2020-04-06,8,36
2020-04-06,9,47
2020-04-06,10,83
2020-04-06,11,86
2020-04-06,12,81
2020-04-06,13,79
2020-04-06,14,62
2020-04-06,15,57
2020-04-06,16,76
2020-04-06,17,45
2020-04-06,18,32
2020-04-06,19,22
2020-04-06,20,16
2020-04-06,21,13
2020-04-06,22,6
2020-04-06,23,4
2020-04-07,0,2
2020-04-07,1,4
2020-04-07,2,3
2020-04-07,3,3
2020-04-07,4,10
2020-04-07,5,15
2020-04-07,6,25
2020-04-07,7,42
2020-04-07,8,42
2020-04-07,9,48
2020-04-07,10,58
2020-04-07,11,87
2020-04-07,12,92
2020-04-07,13,71
2020-04-07,14,89
2020-04-07,15,79
2020-04-07,16,46
2020-04-07,17,39
2020-04-07,18,35
2020-04-07,19,25
2020-04-07,20,18
2020-04-07,21,15
2020-04-07,22,7
2020-04-07,23,4
2020-04-08,0,4
2020-04-08,1,3
2020-04-08,2,1
2020-04-08,3,3
2020-04-08,4,5
2020-04-08,5,16
2020-04-08,6,24
2020-04-08,7,42
2020-04-08,8,41
2020-04-08,9,52
2020-04-08,10,69
2020-04-08,11,79
2020-04-08,12,64
2020-04-08,13,81
2020-04-08,14,84
2020-04-08,15,65
2020-04-08,16,69
2020-04-08,17,62
2020-04-08,18,39
2020-04-08,19,35
2020-04-08,20,26
2020-04-08,21,17
2020-04-08,22,11
2020-04-08,23,8
2020-04-09,0,5
2020-04-09,1,5
2020-04-09,2,2
2020-04-09,3,1
2020-04-09,4,9
2020-04-09,5,14
2020-04-09,6,29
2020-04-09,7,36
2020-04-09,8,47
2020-04-09,9,72
2020-04-09,10,84
2020-04-09,11,93
2020-04-09,12,98
2020-04-09,13,100
2020-04-09,14,99
2020-04-09,15,92
2020-04-09,16,79
2020-04-09,17,61
2020-04-09,18,50
2020-04-09,19,35
2020-04-09,20,29
2020-04-09,21,12
2020-04-09,22,13
2020-04-09,23,6
2020-04-10,0,5
2020-04-10,1,4
2020-04-10,2,2
2020-04-10,3,2
2020-04-10,4,6
2020-04-10,5,12
2020-04-10,6,23
2020-04-10,7,40
2020-04-10,8,56
2020-04-10,9,89
2020-04-10,10,92
2020-04-10,11,136
2020-04-10,12,81
2020-04-10,13,85
2020-04-10,14,77
2020-04-10,15,83
2020-04-10,16,69
2020-04-10,17,69
2020-04-10,18,44
2020-04-10,19,45
2020-04-10,20,25
2020-04-10,21,17
2020-04-10,22,6
2020-04-10,23,10
2020-04-11,0,8
2020-04-11,1,6
2020-04-11,2,3
2020-04-11,3,7
2020-04-11,4,2
2020-04-11,5,12
2020-04-11,6,18
2020-04-11,7,26
2020-04-11,8,38
2020-04-11,9,46
2020-04-11,10,57
2020-04-11,11,80
2020-04-11,12,75
2020-04-11,13,86
2020-04-11,14,75
2020-04-11,15,70
2020-04-11,16,60
2020-04-11,17,56
2020-04-11,18,56
2020-04-11,19,39
2020-04-11,20,22
2020-04-11,21,36
2020-04-11,22,16
2020-04-11,23,7
2020-04-12,0,7
2020-04-12,1,1
2020-04-12,2,3
2020-04-12,3,2
2020-04-12,4,3
2020-04-12,5,10
2020-04-12,6,11
2020-04-12,7,16
2020-04-12,8,31
2020-04-12,9,48
2020-04-12,10,30
2020-04-12,11,42
2020-04-12,12,52
2020-04-12,13,47
2020-04-12,14,44
2020-04-12,15,47
2020-04-12,16,38
2020-04-12,17,46
2020-04-12,18,28
2020-04-12,19,18
2020-04-12,20,28
2020-04-12,21,16
2020-04-12,22,10
2020-04-12,23,7
2020-04-13,0,5
2020-04-13,1,5
2020-04-13,2,2
2020-04-13,3,0
2020-04-13,4,3
2020-04-13,5,15
2020-04-13,6,27
2020-04-13,7,66
2020-04-13,8,43
2020-04-13,9,42
2020-04-13,10,37
2020-04-13,11,51
2020-04-13,12,58
2020-04-13,13,58
2020-04-13,14,55
2020-04-13,15,67
2020-04-13,16,44
2020-04-13,17,39
2020-04-13,18,27
2020-04-13,19,24
2020-04-13,20,44
2020-04-13,21,26
2020-04-13,22,15
2020-04-13,23,5
2020-04-14,0,4
2020-04-14,1,5
2020-04-14,2,2
2020-04-14,3,2
2020-04-14,4,5
2020-04-14,5,15
2020-04-14,6,12
2020-04-14,7,29
2020-04-14,8,53
2020-04-14,9,46
2020-04-14,10,74
2020-04-14,11,83
2020-04-14,12,95
2020-04-14,13,93
2020-04-14,14,98
2020-04-14,15,69
2020-04-14,16,68
2020-04-14,17,50
2020-04-14,18,37
2020-04-14,19,37
2020-04-14,20,27
2020-04-14,21,17
2020-04-14,22,12
2020-04-14,23,5
2020-04-15,0,5
2020-04-15,1,2
2020-04-15,2,1
2020-04-15,3,4
2020-04-15,4,5
2020-04-15,5,15
2020-04-15,6,25
2020-04-15,7,36
2020-04-15,8,43
2020-04-15,9,65
2020-04-15,10,79
2020-04-15,11,74
2020-04-15,12,60
2020-04-15,13,78
2020-04-15,14,96
2020-04-15,15,79
2020-04-15,16,76
2020-04-15,17,46
2020-04-15,18,46
2020-04-15,19,30
2020-04-15,20,26
2020-04-15,21,16
2020-04-15,22,13
2020-04-15,23,4
2020-04-16,0,5
2020-04-16,1,6
2020-04-16,2,2
2020-04-16,3,5
2020-04-16,4,5
2020-04-16,5,20
2020-04-16,6,26
2020-04-16,7,38
2020-04-16,8,51
2020-04-16,9,66
2020-04-16,10,59
2020-04-16,11,88
2020-04-16,12,94
2020-04-16,13,89
2020-04-16,14,96
2020-04-16,15,93
2020-04-16,16,85
2020-04-16,17,58
2020-04-16,18,52
2020-04-16,19,37
2020-04-16,20,42
2020-04-16,21,21
2020-04-16,22,7
2020-04-16,23,8
2020-04-17,0,7
2020-04-17,1,1
2020-04-17,2,1
2020-04-17,3,6
2020-04-17,4,10
2020-04-17,5,15
2020-04-17,6,21
2020-04-17,7,30
2020-04-17,8,61
2020-04-17,9,90
2020-04-17,10,98
2020-04-17,11,84
2020-04-17,12,104
2020-04-17,13,84
2020-04-17,14,105
2020-04-17,15,85
2020-04-17,16,75
2020-04-17,17,85
2020-04-17,18,36
2020-04-17,19,45
2020-04-17,20,27
2020-04-17,21,19
2020-04-17,22,20
2020-04-17,23,13
2020-04-18,0,8
2020-04-18,1,7
2020-04-18,2,3
2020-04-18,3,3
2020-04-18,4,2
2020-04-18,5,11
2020-04-18,6,16
2020-04-18,7,31
2020-04-18,8,42
2020-04-18,9,45
2020-04-18,10,62
2020-04-18,11,74
2020-04-18,12,107
2020-04-18,13,67
2020-04-18,14,89
2020-04-18,15,89
2020-04-18,16,59
2020-04-18,17,62
2020-04-18,18,45
2020-04-18,19,29
2020-04-18,20,22
2020-04-18,21,13
2020-04-18,22,12
2020-04-18,23,6
2020-04-19,0,3
2020-04-19,1,6
2020-04-19,2,6
2020-04-19,3,2
2020-04-19,4,3
2020-04-19,5,10
2020-04-19,6,19
2020-04-19,7,26
2020-04-19,8,32
2020-04-19,9,53
2020-04-19,10,34
2020-04-19,11,49
2020-04-19,12,55
2020-04-19,13,66
2020-04-19,14,64
2020-04-19,15,61
2020-04-19,16,50
2020-04-19,17,50
2020-04-19,18,41
2020-04-19,19,26
2020-04-19,20,40
2020-04-19,21,21
2020-04-19,22,13
2020-04-19,23,5
2020-04-20,0,3
2020-04-20,1,3
2020-04-20,2,3
2020-04-20,3,7
2020-04-20,4,2
2020-04-20,5,10
2020-04-20,6,19
2020-04-20,7,46
2020-04-20,8,51
2020-04-20,9,60
2020-04-20,10,84
2020-04-20,11,79
2020-04-20,12,77
2020-04-20,13,89
2020-04-20,14,102
2020-04-20,15,80
2020-04-20,16,81
2020-04-20,17,53
2020-04-20,18,35
2020-04-20,19,39
2020-04-20,20,27
2020-04-20,21,19
2020-04-20,22,14
2020-04-20,23,9
2020-04-21,0,7
2020-04-21,1,7
2020-04-21,2,0
2020-04-21,3,5
2020-04-21,4,2
2020-04-21,5,14
2020-04-21,6,28
2020-04-21,7,41
2020-04-21,8,50
2020-04-21,9,83
2020-04-21,10,78
2020-04-21,11,73
2020-04-21,12,108
2020-04-21,13,98
2020-04-21,14,76
2020-04-21,15,74
2020-04-21,16,68
2020-04-21,17,62
2020-04-21,18,40
2020-04-21,19,39
2020-04-21,20,20
2020-04-21,21,23
2020-04-21,22,12
2020-04-21,23,10
2020-04-22,0,5
2020-04-22,1,7
2020-04-22,2,1
2020-04-22,3,5
2020-04-22,4,2
2020-04-22,5,22
2020-04-22,6,22
2020-04-22,7,40
2020-04-22,8,61
2020-04-22,9,49
2020-04-22,10,78
2020-04-22,11,94
2020-04-22,12,118
2020-04-22,13,102
2020-04-22,14,98
2020-04-22,15,60
2020-04-22,16,81
2020-04-22,17,65
2020-04-22,18,36
2020-04-22,19,35
2020-04-22,20,30
2020-04-22,21,16
2020-04-22,22,8
2020-04-22,23,6
2020-04-23,0,6
2020-04-23,1,3
2020-04-23,2,2
2020-04-23,3,4
2020-04-23,4,4
2020-04-23,5,20
2020-04-23,6,22
2020-04-23,7,42
2020-04-23,8,58
2020-04-23,9,66
2020-04-23,10,83
2020-04-23,11,68
2020-04-23,12,99
2020-04-23,13,68
2020-04-23,14,85
2020-04-23,15,88
2020-04-23,16,81
2020-04-23,17,58
2020-04-23,18,51
2020-04-23,19,33
2020-04-23,20,27
2020-04-23,21,19
2020-04-23,22,12
2020-04-23,23,10
2020-04-24,0,6
2020-04-24,1,0
2020-04-24,2,3
2020-04-24,3,4
2020-04-24,4,5
2020-04-24,5,20
2020-04-24,6,26
2020-04-24,7,44
2020-04-24,8,74
2020-04-24,9,99
2020-04-24,10,100
2020-04-24,11,105
2020-04-24,12,109
2020-04-24,13,108
2020-04-24,14,96
2020-04-24,15,91
2020-04-24,16,84
2020-04-24,17,69
2020-04-24,18,57
2020-04-24,19,34
2020-04-24,20,22
2020-04-24,21,23
2020-04-24,22,17
2020-04-24,23,12
2020-04-25,0,2
2020-04-25,1,6
2020-04-25,2,3
2020-04-25,3,3
2020-04-25,4,5
2020-04-25,5,6
2020-04-25,6,16
2020-04-25,7,32
2020-04-25,8,38
2020-04-25,9,65
2020-04-25,10,70
2020-04-25,11,80
2020-04-25,12,87
2020-04-25,13,97
2020-04-25,14,75
2020-04-25,15,68
2020-04-25,16,59
2020-04-25,17,57
2020-04-25,18,60
2020-04-25,19,31
2020-04-25,20,22
2020-04-25,21,25
2020-04-25,22,20
2020-04-25,23,8
2020-04-26,0,4
2020-04-26,1,1
2020-04-26,2,4
2020-04-26,3,2
2020-04-26,4,5
2020-04-26,5,10
2020-04-26,6,9
2020-04-26,7,14
2020-04-26,8,21
2020-04-26,9,34
2020-04-26,10,47
2020-04-26,11,64
2020-04-26,12,61
2020-04-26,13,67
2020-04-26,14,71
2020-04-26,15,60
2020-04-26,16,60
2020-04-26,17,35
2020-04-26,18,38
2020-04-26,19,33
2020-04-26,20,26
2020-04-26,21,15
2020-04-26,22,14
2020-04-26,23,7
2020-04-27,0,2
2020-04-27,1,2
2020-04-27,2,3
2020-04-27,3,5
2020-04-27,4,7
2020-04-27,5,17
2020-04-27,6,18
2020-04-27,7,42
2020-04-27,8,68
2020-04-27,9,82
2020-04-27,10,80
2020-04-27,11,109
2020-04-27,12,95
2020-04-27,13,113
2020-04-27,14,99
2020-04-27,15,85
2020-04-27,16,79
2020-04-27,17,57
2020-04-27,18,49
2020-04-27,19,39
2020-04-27,20,26
2020-04-27,21,23
2020-04-27,22,11
2020-04-27,23,4
2020-04-28,0,6
2020-04-28,1,4
2020-04-28,2,6
2020-04-28,3,4
2020-04-28,4,3
2020-04-28,5,20
2020-04-28,6,19
2020-04-28,7,26
2020-04-28,8,53
2020-04-28,9,69
2020-04-28,10,80
2020-04-28,11,96
2020-04-28,12,101
2020-04-28,13,89
2020-04-28,14,96
2020-04-28,15,85
2020-04-28,16,79
2020-04-28,17,57
2020-04-28,18,41
2020-04-28,19,31
2020-04-28,20,25
2020-04-28,21,17
2020-04-28,22,13
2020-04-28,23,10
2020-04-29,0,8
2020-04-29,1,1
2020-04-29,2,3
2020-04-29,3,5
2020-04-29,4,3
2020-04-29,5,18
2020-04-29,6,26
2020-04-29,7,35
2020-04-29,8,44
2020-04-29,9,73
2020-04-29,10,84
2020-04-29,11,97
2020-04-29,12,97
2020-04-29,13,103
2020-04-29,14,76
2020-04-29,15,93
2020-04-29,16,68
2020-04-29,17,60
2020-04-29,18,46
2020-04-29,19,38
2020-04-29,20,35
2020-04-29,21,18
2020-04-29,22,13
2020-04-29,23,11
2020-04-30,0,6
2020-04-30,1,2
2020-04-30,2,3
2020-04-30,3,12
2020-04-30,4,3
2020-04-30,5,26
2020-04-30,6,25
2020-04-30,7,41
2020-04-30,8,49
2020-04-30,9,80
2020-04-30,10,81
2020-04-30,11,105
2020-04-30,12,109
2020-04-30,13,93
2020-04-30,14,94
2020-04-30,15,88
2020-04-30,16,96
2020-04-30,17,62
2020-04-30,18,53
2020-04-30,19,40
2020-04-30,20,37
2020-04-30,21,21
2020-04-30,22,18
2020-04-30,23,8
2020-05-01,0,3
2020-05-01,1,4
2020-05-01,2,3
2020-05-01,3,7
2020-05-01,4,6
2020-05-01,5,22
2020-05-01,6,21
2020-05-01,7,39
2020-05-01,8,67
2020-05-01,9,89
2020-05-01,10,87
2020-05-01,11,110
2020-05-01,12,119
2020-05-01,13,132
2020-05-01,14,114
2020-05-01,15,110
2020-05-01,16,87
2020-05-01,17,77
2020-05-01,18,61
2020-05-01,19,43
2020-05-01,20,31
2020-05-01,21,30
2020-05-01,22,18
2020-05-01,23,7
2020-05-02,0,11
2020-05-02,1,8
2020-05-02,2,4
2020-05-02,3,4
2020-05-02,4,7
2020-05-02,5,10
2020-05-02,6,12
2020-05-02,7,33
2020-05-02,8,50
2020-05-02,9,74
2020-05-02,10,73
2020-05-02,11,78
2020-05-02,12,91
2020-05-02,13,104
2020-05-02,14,87
2020-05-02,15,74
2020-05-02,16,71
2020-05-02,17,77
2020-05-02,18,56
2020-05-02,19,47
2020-05-02,20,34
2020-05-02,21,21
2020-05-02,22,26
2020-05-02,23,11
2020-05-03,0,9
2020-05-03,1,6
2020-05-03,2,6
2020-05-03,3,5
2020-05-03,4,4
2020-05-03,5,9
2020-05-03,6,11
2020-05-03,7,11
2020-05-03,8,22
2020-05-03,9,43
2020-05-03,10,58
2020-05-03,11,52
2020-05-03,12,86
2020-05-03,13,75
2020-05-03,14,56
2020-05-03,15,61
2020-05-03,16,46
2020-05-03,17,51
2020-05-03,18,37
2020-05-03,19,37
2020-05-03,20,29
2020-05-03,21,22
2020-05-03,22,15
2020-05-03,23,3
2020-05-04,0,1
2020-05-04,1,2
2020-05-04,2,1
2020-05-04,3,4
2020-05-04,4,6
2020-05-04,5,21
2020-05-04,6,35
2020-05-04,7,27
2020-05-04,8,62
2020-05-04,9,61
2020-05-04,10,86
2020-05-04,11,89
2020-05-04,12,126
2020-05-04,13,96
2020-05-04,14,122
2020-05-04,15,80
2020-05-04,16,78
2020-05-04,17,69
2020-05-04,18,47
2020-05-04,19,36
2020-05-04,20,31
2020-05-04,21,26
2020-05-04,22,14
2020-05-04,23,14
2020-05-05,0,6
2020-05-05,1,7
2020-05-05,9,77
2020-05-05,10,86
2020-05-05,11,91
2020-05-05,12,91
2020-05-05,13,96
2020-05-05,14,88
2020-05-05,15,109
2020-05-05,16,89
2020-05-05,17,61
2020-05-05,18,53
2020-05-05,19,48
2020-05-05,20,31
2020-05-05,21,29
2020-05-05,22,16
2020-05-05,23,10
2020-05-06,0,10
2020-05-06,1,4
2020-05-06,2,3
2020-05-06,3,3
2020-05-06,4,7
2020-05-06,5,16
2020-05-06,6,31
2020-05-06,7,42
2020-05-06,8,53
2020-05-06,9,65
2020-05-06,10,83
2020-05-06,11,94
2020-05-06,12,103
2020-05-06,13,84
2020-05-06,14,94
2020-05-06,15,86
2020-05-06,16,74
2020-05-06,17,66
2020-05-06,18,57
2020-05-06,19,41
2020-05-06,20,29
2020-05-06,21,19
2020-05-06,22,15
2020-05-06,23,9
2020-05-07,0,4
2020-05-07,1,0
2020-05-07,2,3
2020-05-07,3,5
2020-05-07,4,9
2020-05-07,5,17
2020-05-07,6,26
2020-05-07,7,55
2020-05-07,8,49
2020-05-07,9,92
2020-05-07,10,74
2020-05-07,11,107
2020-05-07,12,128
2020-05-07,13,104
2020-05-07,14,110
2020-05-07,15,98
2020-05-07,16,90
2020-05-07,17,65
2020-05-07,18,43
2020-05-07,19,35
2020-05-07,20,35
2020-05-07,21,24
2020-05-07,22,17
2020-05-07,23,8
2020-05-08,0,2
2020-05-08,1,4
2020-05-08,2,5
2020-05-08,3,5
2020-05-08,4,6
2020-05-08,5,19
2020-05-08,6,26
2020-05-08,7,45
2020-05-08,8,55
2020-05-08,9,66
2020-05-08,10,89
2020-05-08,11,111
2020-05-08,12,121
2020-05-08,13,113
2020-05-08,14,127
2020-05-08,15,94
2020-05-08,16,88
2020-05-08,17,89
2020-05-08,18,52
2020-05-08,19,47
2020-05-08,20,40
2020-05-08,21,25
2020-05-08,22,21
2020-05-08,23,14
2020-05-09,0,6
2020-05-09,1,7
2020-05-09,2,4
2020-05-09,3,5
2020-05-09,4,6
2020-05-09,5,11
2020-05-09,6,20
2020-05-09,7,26
2020-05-09,8,42
2020-05-09,9,66
2020-05-09,10,74
2020-05-09,11,85
2020-05-09,12,84
2020-05-09,13,88
2020-05-09,14,105
2020-05-09,15,97
2020-05-09,16,77
2020-05-09,17,77
2020-05-09,18,57
2020-05-09,19,35
2020-05-09,20,26
2020-05-09,21,26
2020-05-09,22,15
2020-05-09,23,10
2020-05-10,0,3
2020-05-10,1,9
2020-05-10,2,2
2020-05-10,3,5
2020-05-10,4,3
2020-05-10,5,6
2020-05-10,6,15
2020-05-10,7,18
2020-05-10,8,26
2020-05-10,9,35
2020-05-10,10,53
2020-05-10,11,76
2020-05-10,12,76
2020-05-10,13,74
2020-05-10,14,85
2020-05-10,15,79
2020-05-10,16,56
2020-05-10,17,66
2020-05-10,18,39
2020-05-10,19,33
2020-05-10,20,25
2020-05-10,21,16
2020-05-10,22,11
2020-05-10,23,14
2020-05-11,0,4
2020-05-11,1,2
2020-05-11,2,1
2020-05-11,3,4
2020-05-11,4,8
2020-05-11,5,16
2020-05-11,6,36
2020-05-11,7,39
2020-05-11,8,52
2020-05-11,9,73
2020-05-11,10,74
2020-05-11,11,124
2020-05-11,12,95
2020-05-11,13,95
2020-05-11,14,97
2020-05-11,15,106
2020-05-11,16,81
2020-05-11,17,73
2020-05-11,18,43
2020-05-11,19,36
2020-05-11,20,25
2020-05-11,21,28
2020-05-11,22,17
2020-05-11,23,10
2020-05-12,0,6
2020-05-12,1,1
2020-05-12,2,1
2020-05-12,3,1
2020-05-12,4,3
2020-05-12,5,23
2020-05-12,6,23
2020-05-12,7,33
2020-05-12,8,50
2020-05-12,9,68
2020-05-12,10,100
2020-05-12,11,101
2020-05-12,12,120
2020-05-12,13,107
2020-05-12,14,100
2020-05-12,15,101
2020-05-12,16,84
2020-05-12,17,73
2020-05-12,18,65
2020-05-12,19,44
2020-05-12,20,24
2020-05-12,21,23
2020-05-12,22,13
2020-05-12,23,8
2020-05-13,0,6
2020-05-13,1,4
2020-05-13,2,7
2020-05-13,3,9
2020-05-13,4,6
2020-05-13,5,26
2020-05-13,6,27
2020-05-13,7,44
2020-05-13,8,54
2020-05-13,9,61
2020-05-13,10,90
2020-05-13,11,110
2020-05-13,12,97
2020-05-13,13,111
2020-05-13,14,119
2020-05-13,15,100
2020-05-13,16,97
2020-05-13,17,72
2020-05-13,18,64
2020-05-13,19,40
2020-05-13,20,31
2020-05-13,21,31
2020-05-13,22,18
2020-05-13,23,9
2020-05-14,0,7
2020-05-14,1,1
2020-05-14,2,4
2020-05-14,3,6
2020-05-14,4,6
2020-05-14,5,21
2020-05-14,6,28
2020-05-14,7,41
2020-05-14,8,57
2020-05-14,9,72
2020-05-14,10,106
2020-05-14,11,107
2020-05-14,12,117
2020-05-14,13,110
2020-05-14,14,112
2020-05-14,15,82
2020-05-14,16,99
2020-05-14,17,83
2020-05-14,18,69
2020-05-14,19,44
2020-05-14,20,33
2020-05-14,21,30
2020-05-14,22,15
2020-05-14,23,16
2020-05-15,0,9
2020-05-15,1,1
2020-05-15,2,4
2020-05-15,3,6
2020-05-15,4,6
2020-05-15,5,17
2020-05-15,6,31
2020-05-15,7,40
2020-05-15,8,75
2020-05-15,9,76
2020-05-15,10,109
2020-05-15,11,110
2020-05-15,12,130
2020-05-15,13,123
2020-05-15,14,132
2020-05-15,15,117
2020-05-15,16,91
2020-05-15,17,84
2020-05-15,18,56
2020-05-15,19,58
2020-05-15,20,42
2020-05-15,21,32
2020-05-15,22,22
2020-05-15,23,14
2020-05-16,0,9
2020-05-16,1,7
2020-05-16,2,3
2020-05-16,3,11
2020-05-16,4,5
2020-05-16,5,9
2020-05-16,6,23
2020-05-16,7,25
2020-05-16,8,48
2020-05-16,9,71
2020-05-16,10,89
2020-05-16,11,70
2020-05-16,12,99
2020-05-16,13,116
2020-05-16,14,98
2020-05-16,15,90
2020-05-16,16,90
2020-05-16,17,59
2020-05-16,18,68
2020-05-16,19,56
2020-05-16,20,32
2020-05-16,21,19
2020-05-16,22,20
2020-05-16,23,17
2020-05-17,0,10
2020-05-17,1,6
2020-05-17,2,1
2020-05-17,3,4
2020-05-17,4,5
2020-05-17,5,14
2020-05-17,6,14
2020-05-17,7,18
2020-05-17,8,26
2020-05-17,9,36
2020-05-17,10,50
2020-05-17,11,73
2020-05-17,12,77
2020-05-17,13,114
2020-05-17,14,63
2020-05-17,15,76
2020-05-17,16,60
2020-05-17,17,46
2020-05-17,18,42
2020-05-17,19,34
2020-05-17,20,23
2020-05-17,21,21
2020-05-17,22,10
2020-05-17,23,11
2020-05-18,0,5
2020-05-18,1,4
2020-05-18,2,6
2020-05-18,3,5
2020-05-18,4,7
2020-05-18,5,14
2020-05-18,6,28
2020-05-18,7,50
2020-05-18,8,67
2020-05-18,9,74
2020-05-18,10,73
2020-05-18,11,110
2020-05-18,12,118
2020-05-18,13,120
2020-05-18,14,99
2020-05-18,15,103
2020-05-18,16,103
2020-05-18,17,71
2020-05-18,18,61
2020-05-18,19,52
2020-05-18,20,31
2020-05-18,21,16
2020-05-18,22,17
2020-05-18,23,18
2020-05-19,0,7
2020-05-19,1,4
2020-05-19,2,3
2020-05-19,3,0
2020-05-19,4,4
2020-05-19,5,16
2020-05-19,6,35
2020-05-19,7,44
2020-05-19,8,56
2020-05-19,9,62
2020-05-19,10,97
2020-05-19,11,100
2020-05-19,12,95
2020-05-19,13,98
2020-05-19,14,97
2020-05-19,15,98
2020-05-19,16,78
2020-05-19,17,74
2020-05-19,18,55
2020-05-19,19,48
2020-05-19,20,34
2020-05-19,21,29
2020-05-19,22,10
2020-05-19,23,9
2020-05-20,0,7
2020-05-20,1,7
2020-05-20,2,3
2020-05-20,3,3
2020-05-20,4,6
2020-05-20,5,22
2020-05-20,6,27
2020-05-20,7,37
2020-05-20,8,61
2020-05-20,9,74
2020-05-20,10,92
2020-05-20,11,117
2020-05-20,12,104
2020-05-20,13,108
2020-05-20,14,98
2020-05-20,15,99
2020-05-20,16,74
2020-05-20,17,86
2020-05-20,18,57
2020-05-20,19,55
2020-05-20,20,44
2020-05-20,21,30
2020-05-20,22,18
2020-05-20,23,10
2020-05-21,0,10
2020-05-21,1,3
2020-05-21,2,0
2020-05-21,3,5
2020-05-21,4,7
2020-05-21,5,22
2020-05-21,6,34
2020-05-21,7,32
2020-05-21,8,77
2020-05-21,9,84
2020-05-21,11,117
2020-05-21,12,126
2020-05-21,13,134
2020-05-21,14,116
2020-05-21,15,103
2020-05-21,16,102
2020-05-21,17,81
2020-05-21,18,78
2020-05-21,19,61
2020-05-21,20,41
2020-05-21,21,32
2020-05-21,22,12
2020-05-21,23,16
2020-05-22,0,7
2020-05-22,1,4
2020-05-22,2,3
2020-05-22,3,7
2020-05-22,4,4
2020-05-22,5,42
2020-05-22,6,29
2020-05-22,7,40
2020-05-22,8,65
2020-05-22,9,90
2020-05-22,10,131
2020-05-22,11,118
2020-05-22,12,128
2020-05-22,13,122
2020-05-22,14,143
2020-05-22,15,101
2020-05-22,16,89
2020-05-22,17,84
2020-05-22,18,58
2020-05-22,19,37
2020-05-22,20,42
2020-05-22,21,23
2020-05-22,22,21
2020-05-22,23,9
2020-05-23,0,5
2020-05-23,1,7
2020-05-23,2,1
2020-05-23,3,7
2020-05-23,4,3
2020-05-23,5,11
2020-05-23,6,19
2020-05-23,7,33
2020-05-23,8,51
2020-05-23,9,67
2020-05-23,10,88
2020-05-23,11,85
2020-05-23,12,87
2020-05-23,13,95
2020-05-23,14,87
2020-05-23,15,105
2020-05-23,16,65
2020-05-23,17,85
2020-05-23,18,55
2020-05-23,19,41
2020-05-23,20,37
2020-05-23,21,23
2020-05-23,22,23
2020-05-23,23,18
2020-05-24,0,6
2020-05-24,1,6
2020-05-24,2,2
2020-05-24,3,5
2020-05-24,4,6
2020-05-24,5,7
2020-05-24,6,12
2020-05-24,7,16
2020-05-24,8,26
2020-05-24,9,38
2020-05-24,10,52
2020-05-24,11,77
2020-05-24,12,71
2020-05-24,13,95
2020-05-24,14,77
2020-05-24,15,94
2020-05-24,16,55
2020-05-24,17,71
2020-05-24,18,46
2020-05-24,19,33
2020-05-24,20,38
2020-05-24,21,31
2020-05-24,22,18
2020-05-24,23,7
2020-05-25,0,6
2020-05-25,1,6
2020-05-25,2,6
2020-05-25,3,4
2020-05-25,4,5
2020-05-25,5,15
2020-05-25,6,31
2020-05-25,7,40
2020-05-25,8,56
2020-05-25,9,73
2020-05-25,10,71
2020-05-25,11,96
2020-05-25,12,107
2020-05-25,13,90
2020-05-25,14,93
2020-05-25,15,79
2020-05-25,16,80
2020-05-25,17,87
2020-05-25,18,67
2020-05-25,19,39
2020-05-25,20,33
2020-05-25,21,24
2020-05-25,22,16
2020-05-25,23,9
2020-05-26,0,7
2020-05-26,1,4
2020-05-26,2,3
2020-05-26,3,4
2020-05-26,4,5
2020-05-26,5,22
2020-05-26,6,31
2020-05-26,7,56
2020-05-26,8,70
2020-05-26,9,78
2020-05-26,10,114
2020-05-26,11,131
2020-05-26,12,139
2020-05-26,13,97
2020-05-26,14,107
2020-05-26,15,100
2020-05-26,16,79
2020-05-26,17,78
2020-05-26,18,56
2020-05-26,19,53
2020-05-26,20,43
2020-05-26,21,25
2020-05-26,22,25
2020-05-26,23,6
2020-05-27,0,7
2020-05-27,1,6
2020-05-27,2,7
2020-05-27,3,2
2020-05-27,4,6
2020-05-27,5,19
2020-05-27,6,40
2020-05-27,7,35
2020-05-27,8,56
2020-05-27,9,95
2020-05-27,10,84
2020-05-27,11,115
2020-05-27,12,113
2020-05-27,13,120
2020-05-27,14,97
2020-05-27,15,103
2020-05-27,16,93
2020-05-27,17,79
2020-05-27,18,81
2020-05-27,19,44
2020-05-27,20,39
2020-05-27,21,22
2020-05-27,22,20
2020-05-27,23,12
2020-05-28,0,11
2020-05-28,1,2
2020-05-28,2,2
2020-05-28,3,4
2020-05-28,4,4
2020-05-28,5,19
2020-05-28,6,33
2020-05-28,7,54
2020-05-28,8,67
2020-05-28,9,91
2020-05-28,10,112
2020-05-28,11,111
2020-05-28,12,104
2020-05-28,13,117
2020-05-28,14,127
2020-05-28,15,96
2020-05-28,16,97
2020-05-28,17,89
2020-05-28,18,84
2020-05-28,19,51
2020-05-28,20,46
2020-05-28,21,32
2020-05-28,22,21
2020-05-28,23,10
2020-05-29,0,6
2020-05-29,1,2
2020-05-29,2,5
2020-05-29,3,3
2020-05-29,4,10
2020-05-29,5,26
2020-05-29,6,33
2020-05-29,7,50
2020-05-29,8,95
2020-05-29,9,127
2020-05-29,10,126
2020-05-29,11,146
2020-05-29,12,122
2020-05-29,13,112
2020-05-29,14,137
2020-05-29,15,114
2020-05-29,16,87
2020-05-29,17,95
2020-05-29,18,68
2020-05-29,19,50
2020-05-29,20,38
2020-05-29,21,44
2020-05-29,22,21
2020-05-29,23,21
2020-05-30,0,10
2020-05-30,1,16
2020-05-30,2,4
2020-05-30,3,3
2020-05-30,4,5
2020-05-30,5,13
2020-05-30,6,29
2020-05-30,7,35
2020-05-30,8,49
2020-05-30,9,86
2020-05-30,10,83
2020-05-30,11,108
2020-05-30,12,127
2020-05-30,13,93
2020-05-30,14,83
2020-05-30,15,83
2020-05-30,16,84
2020-05-30,17,81
2020-05-30,18,66
2020-05-30,19,47
2020-05-30,20,37
2020-05-30,21,27
2020-05-30,22,20
2020-05-30,23,20
2020-05-31,0,11
2020-05-31,1,9
2020-05-31,2,8
2020-05-31,3,5
2020-05-31,4,4
2020-05-31,5,9
2020-05-31,6,13
2020-05-31,7,21
2020-05-31,8,30
2020-05-31,9,48
2020-05-31,10,63
2020-05-31,11,85
2020-05-31,12,82
2020-05-31,13,74
2020-05-31,14,71
2020-05-31,15,58
2020-05-31,16,83
2020-05-31,17,53
2020-05-31,18,78
2020-05-31,19,56
2020-05-31,20,46
2020-05-31,21,32
2020-05-31,22,22
2020-05-31,23,17
2020-06-01,0,7
2020-06-01,1,8
2020-06-01,2,5
2020-06-01,3,12
2020-06-01,4,3
2020-06-01,5,20
2020-06-01,6,35
2020-06-01,7,49
2020-06-01,8,78
2020-06-01,9,85
2020-06-01,10,107
2020-06-01,11,110
2020-06-01,12,132
2020-06-01,13,101
2020-06-01,14,92
2020-06-01,15,109
2020-06-01,16,100
2020-06-01,17,86
2020-06-01,18,65
2020-06-01,19,54
2020-06-01,20,50
2020-06-01,21,38
2020-06-01,22,13
2020-06-01,23,17
2020-06-02,0,9
2020-06-02,1,2
2020-06-02,2,6
2020-06-02,3,5
2020-06-02,4,4
2020-06-02,5,17
2020-06-02,6,27
2020-06-02,7,41
2020-06-02,8,84
2020-06-02,9,108
2020-06-02,10,110
2020-06-02,11,105
2020-06-02,12,120
2020-06-02,13,134
2020-06-02,14,111
2020-06-02,15,132
2020-06-02,16,92
2020-06-02,17,97
2020-06-02,18,88
2020-06-02,19,50
2020-06-02,20,42
2020-06-02,21,39
2020-06-02,22,19
2020-06-02,23,10
2020-06-03,0,2
2020-06-03,1,3
2020-06-03,2,4
2020-06-03,3,3
2020-06-03,4,7
2020-06-03,5,20
2020-06-03,6,35
2020-06-03,7,57
2020-06-03,8,78
2020-06-03,9,86
2020-06-03,10,102
2020-06-03,11,96
2020-06-03,12,118
2020-06-03,13,122
2020-06-03,14,156
2020-06-03,15,103
2020-06-03,16,114
2020-06-03,17,108
2020-06-03,18,75
2020-06-03,19,50
2020-06-03,20,38
2020-06-03,21,39
2020-06-03,22,21
2020-06-03,23,10
2020-06-04,0,11
2020-06-04,1,4
2020-06-04,2,6
2020-06-04,3,6
2020-06-04,4,3
2020-06-04,5,21
2020-06-04,6,28
2020-06-04,7,52
2020-06-04,8,68
2020-06-04,9,103
2020-06-04,10,116
2020-06-04,11,124
2020-06-04,12,134
2020-06-04,13,120
2020-06-04,14,98
2020-06-04,15,116
2020-06-04,16,108
2020-06-04,17,98
2020-06-04,18,72
2020-06-04,19,43
2020-06-04,20,33
2020-06-04,21,24
2020-06-04,22,16
2020-06-04,23,18
2020-06-05,0,5
2020-06-05,1,4
2020-06-05,2,6
2020-06-05,3,4
2020-06-05,4,7
2020-06-05,5,21
2020-06-05,6,30
2020-06-05,7,31
2020-06-05,8,74
2020-06-05,9,92
2020-06-05,10,110
2020-06-05,11,110
2020-06-05,12,140
2020-06-05,13,123
2020-06-05,14,147
2020-06-05,15,128
2020-06-05,16,115
2020-06-05,17,120
2020-06-05,18,89
2020-06-05,19,63
2020-06-05,20,44
2020-06-05,21,31
2020-06-05,22,26
2020-06-05,23,15
2020-06-06,0,8
2020-06-06,1,11
2020-06-06,2,6
2020-06-06,3,4
2020-06-06,4,8
2020-06-06,5,13
2020-06-06,6,29
2020-06-06,7,30
2020-06-06,8,44
2020-06-06,9,76
2020-06-06,10,77
2020-06-06,11,98
2020-06-06,12,126
2020-06-06,13,121
2020-06-06,14,137
2020-06-06,15,101
2020-06-06,16,99
2020-06-06,17,88
2020-06-06,18,66
2020-06-06,19,68
2020-06-06,20,48
2020-06-06,21,37
2020-06-06,22,15
2020-06-06,23,12
2020-06-07,0,11
2020-06-07,1,7
2020-06-07,2,9
2020-06-07,3,8
2020-06-07,4,8
2020-06-07,5,12
2020-06-07,6,15
2020-06-07,7,14
2020-06-07,8,34
2020-06-07,9,37
2020-06-07,10,54
2020-06-07,11,70
2020-06-07,12,104
2020-06-07,13,98
2020-06-07,14,101
2020-06-07,15,92
2020-06-07,16,76
2020-06-07,17,80
2020-06-07,18,52
2020-06-07,19,43
2020-06-07,20,40
2020-06-07,21,29
2020-06-07,22,16
2020-06-07,23,10
2020-06-08,0,8
2020-06-08,1,1
2020-06-08,2,5
2020-06-08,3,7
2020-06-08,4,9
2020-06-08,5,19
2020-06-08,6,36
2020-06-08,7,44
2020-06-08,8,71
2020-06-08,9,70
2020-06-08,10,124
2020-06-08,11,100
2020-06-08,12,132
2020-06-08,13,134
2020-06-08,14,109
2020-06-08,15,105
2020-06-08,16,106
2020-06-08,17,93
2020-06-08,18,54
2020-06-08,19,56
2020-06-08,20,36
2020-06-08,21,25
2020-06-08,22,14
2020-06-08,23,3
2020-06-09,0,7
2020-06-09,1,7
2020-06-09,2,4
2020-06-09,3,6
2020-06-09,4,3
2020-06-09,5,23
2020-06-09,6,34
2020-06-09,7,39
2020-06-09,8,73
2020-06-09,9,89
2020-06-09,10,92
2020-06-09,11,105
2020-06-09,12,97
2020-06-09,13,140
2020-06-09,14,120
2020-06-09,15,110
2020-06-09,16,114
2020-06-09,17,97
2020-06-09,18,58
2020-06-09,19,69
2020-06-09,20,40
2020-06-09,21,23
2020-06-09,22,19
2020-06-09,23,12
2020-06-10,0,4
2020-06-10,1,6
2020-06-10,2,4
2020-06-10,3,10
2020-06-10,4,7
2020-06-10,5,28
2020-06-10,6,32
2020-06-10,7,44
2020-06-10,8,61
2020-06-10,9,95
2020-06-10,10,91
2020-06-10,11,114
2020-06-10,12,124
2020-06-10,13,119
2020-06-10,14,145
2020-06-10,15,102
2020-06-10,16,97
2020-06-10,17,64
2020-06-10,18,65
2020-06-10,19,51
2020-06-10,20,36
2020-06-10,21,24
2020-06-10,22,24
2020-06-10,23,11
2020-06-11,0,8
2020-06-11,1,4
2020-06-11,2,6
2020-06-11,3,5
2020-06-11,4,10
2020-06-11,5,25
2020-06-11,6,43
2020-06-11,7,45
2020-06-11,8,78
2020-06-11,9,84
2020-06-11,10,86
2020-06-11,11,113
2020-06-11,12,112
2020-06-11,13,113
2020-06-11,14,121
2020-06-11,15,114
2020-06-11,16,122
2020-06-11,17,108
2020-06-11,18,78
2020-06-11,19,55
2020-06-11,20,44
2020-06-11,21,45
2020-06-11,22,29
2020-06-11,23,9
2020-06-12,0,9
2020-06-12,1,7
2020-06-12,2,6
2020-06-12,3,4
2020-06-12,4,6
2020-06-12,5,25
2020-06-12,6,44
2020-06-12,7,47
2020-06-12,8,93
2020-06-12,9,81
2020-06-12,10,118
2020-06-12,11,123
2020-06-12,12,120
2020-06-12,13,140
2020-06-12,14,154
2020-06-12,15,134
2020-06-12,16,138
2020-06-12,17,109
2020-06-12,18,76
2020-06-12,19,61
2020-06-12,20,54
2020-06-12,21,30
2020-06-12,22,24
2020-06-12,23,14
2020-06-13,0,6
2020-06-13,1,7
2020-06-13,2,5
2020-06-13,3,12
2020-06-13,4,6
2020-06-13,5,12
2020-06-13,6,23
2020-06-13,7,22
2020-06-13,8,59
2020-06-13,9,68
2020-06-13,10,89
2020-06-13,11,124
2020-06-13,12,117
2020-06-13,13,117
2020-06-13,14,125
2020-06-13,15,104
2020-06-13,16,104
2020-06-13,17,86
2020-06-13,18,70
2020-06-13,19,59
2020-06-13,20,43
2020-06-13,21,31
2020-06-13,22,21
2020-06-13,23,18
2020-06-14,0,8
2020-06-14,1,4
2020-06-14,2,6
2020-06-14,3,8
2020-06-14,4,6
2020-06-14,5,8
2020-06-14,6,12
2020-06-14,7,16
2020-06-14,8,37
2020-06-14,9,46
2020-06-14,10,57
2020-06-14,11,58
2020-06-14,12,97
2020-06-14,13,100
2020-06-14,14,78
2020-06-14,15,79
2020-06-14,16,69
2020-06-14,17,63
2020-06-14,18,56
2020-06-14,19,51
2020-06-14,20,46
2020-06-14,21,39
2020-06-14,22,21
2020-06-14,23,15
2020-06-15,0,10
2020-06-15,1,6
2020-06-15,2,5
2020-06-15,3,7
2020-06-15,4,9
2020-06-15,5,28
2020-06-15,6,33
2020-06-15,7,42
2020-06-15,8,62
2020-06-15,9,83
2020-06-15,10,98
2020-06-15,11,97
2020-06-15,12,115
2020-06-15,13,122
2020-06-15,14,136
2020-06-15,15,115
2020-06-15,16,125
2020-06-15,17,76
2020-06-15,18,59
2020-06-15,19,48
2020-06-15,20,37
2020-06-15,21,30
2020-06-15,22,17
2020-06-15,23,11
2020-06-16,0,6
2020-06-16,1,7
2020-06-16,2,4
2020-06-16,3,8
2020-06-16,4,7
2020-06-16,5,23
2020-06-16,6,33
2020-06-16,7,51
2020-06-16,8,62
2020-06-16,9,83
2020-06-16,10,93
2020-06-16,11,127
2020-06-16,12,163
2020-06-16,13,116
2020-06-16,14,113
2020-06-16,15,112
2020-06-16,16,110
2020-06-16,17,87
2020-06-16,18,80
2020-06-16,19,58
2020-06-16,20,37
2020-06-16,21,17
2020-06-16,22,19
2020-06-16,23,10
2020-06-17,0,7
2020-06-17,1,5
2020-06-17,2,6
2020-06-17,3,3
2020-06-17,4,8
2020-06-17,5,19
2020-06-17,6,47
2020-06-17,7,54
2020-06-17,8,68
2020-06-17,9,77
2020-06-17,10,90
2020-06-17,11,120
2020-06-17,12,141
2020-06-17,13,119
2020-06-17,14,166
2020-06-17,15,133
2020-06-17,16,116
2020-06-17,17,83
2020-06-17,18,78
2020-06-17,19,53
2020-06-17,20,48
2020-06-17,21,34
2020-06-17,22,22
2020-06-17,23,15
2020-06-18,0,11
2020-06-18,1,6
2020-06-18,2,5
2020-06-18,3,7
2020-06-18,4,9
2020-06-18,5,18
2020-06-18,6,43
2020-06-18,7,69
2020-06-18,8,66
2020-06-18,9,101
2020-06-18,10,112
2020-06-18,11,135
2020-06-18,12,125
2020-06-18,13,119
2020-06-18,14,132
2020-06-18,15,118
2020-06-18,16,142
2020-06-18,17,99
2020-06-18,18,87
2020-06-18,19,59
2020-06-18,20,206
2020-06-18,21,116
2020-06-18,22,5
2020-06-18,23,2
2020-06-19,0,0
2020-06-19,1,0
2020-06-19,2,0
2020-06-19,3,2
2020-06-19,4,1
2020-06-19,5,3
2020-06-19,6,26
2020-06-19,7,40
2020-06-19,8,67
2020-06-19,9,84
2020-06-19,10,101
2020-06-19,11,123
2020-06-19,12,137
2020-06-19,13,132
2020-06-19,14,132
2020-06-19,15,110
2020-06-19,16,92
2020-06-19,17,92
2020-06-19,18,61
2020-06-19,19,40
2020-06-19,20,31
2020-06-19,21,21
2020-06-19,22,16
2020-06-19,23,4
2020-06-20,0,0
2020-06-20,1,0
2020-06-20,2,0
2020-06-20,3,0
2020-06-20,4,0
2020-06-20,5,8
2020-06-20,6,16
2020-06-20,7,36
2020-06-20,8,57
2020-06-20,9,58
2020-06-20,10,93
2020-06-20,11,104
2020-06-20,12,132
2020-06-20,13,128
2020-06-20,14,136
2020-06-20,15,104
2020-06-20,16,93
2020-06-20,17,89
2020-06-20,18,74
2020-06-20,19,65
2020-06-20,20,44
2020-06-20,21,28
2020-06-20,22,21
2020-06-20,23,13
2020-06-21,0,17
2020-06-21,1,14
2020-06-21,2,9
2020-06-21,3,5
2020-06-21,4,12
2020-06-21,5,14
2020-06-21,6,12
2020-06-21,7,16
2020-06-21,8,26
2020-06-21,9,56
2020-06-21,10,62
2020-06-21,11,91
2020-06-21,12,81
2020-06-21,13,115
2020-06-21,14,110
2020-06-21,15,73
2020-06-21,16,79
2020-06-21,17,67
2020-06-21,18,66
2020-06-21,19,52
2020-06-21,20,37
2020-06-21,21,37
2020-06-21,22,18
2020-06-21,23,9
2020-06-22,0,10
2020-06-22,1,4
2020-06-22,2,9
2020-06-22,3,5
2020-06-22,4,8
2020-06-22,5,23
2020-06-22,6,39
2020-06-22,7,57
2020-06-22,8,64
2020-06-22,9,89
2020-06-22,10,110
2020-06-22,11,139
2020-06-22,12,119
2020-06-22,13,130
2020-06-22,14,108
2020-06-22,15,137
2020-06-22,16,118
2020-06-22,17,93
2020-06-22,18,65
2020-06-22,19,49
2020-06-22,20,41
2020-06-22,21,32
2020-06-22,22,25
2020-06-22,23,12
2020-06-23,0,10
2020-06-23,1,4
2020-06-23,2,3
2020-06-23,3,5
2020-06-23,4,7
2020-06-23,5,28
2020-06-23,6,31
2020-06-23,7,61
2020-06-23,8,65
2020-06-23,9,87
2020-06-23,10,99
2020-06-23,11,123
2020-06-23,12,142
2020-06-23,13,124
2020-06-23,14,127
2020-06-23,15,115
2020-06-23,16,105
2020-06-23,17,89
2020-06-23,18,77
2020-06-23,19,58
2020-06-23,20,36
2020-06-23,21,26
2020-06-23,22,24
2020-06-23,23,11
2020-06-24,0,14
2020-06-24,1,7
2020-06-24,2,2
2020-06-24,3,5
2020-06-24,4,4
2020-06-24,5,12
2020-06-24,6,39
2020-06-24,7,62
2020-06-24,8,87
2020-06-24,9,77
2020-06-24,10,105
2020-06-24,11,139
2020-06-24,12,141
2020-06-24,13,118
2020-06-24,14,112
2020-06-24,15,120
2020-06-24,16,110
2020-06-24,17,80
2020-06-24,18,72
2020-06-24,19,65
2020-06-24,20,33
2020-06-24,21,46
2020-06-25,9,108
2020-06-25,10,136
2020-06-25,11,131
2020-06-25,12,145
2020-06-25,13,138
2020-06-25,14,120
2020-06-25,15,118
2020-06-25,16,108
2020-06-25,17,79
2020-06-25,18,65
2020-06-25,19,80
2020-06-25,20,52
2020-06-25,21,40
2020-06-25,22,26
2020-06-25,23,21
2020-06-26,0,12
2020-06-26,1,8
2020-06-26,2,4
2020-06-26,3,8
2020-06-26,4,11
2020-06-26,5,20
2020-06-26,6,47
2020-06-26,7,51
2020-06-26,8,76
2020-06-26,9,110
2020-06-26,10,126
2020-06-26,11,157
2020-06-26,12,163
2020-06-26,13,163
2020-06-26,14,150
2020-06-26,15,136
2020-06-26,16,113
2020-06-26,17,112
2020-06-26,18,88
2020-06-26,19,74
2020-06-26,20,56
2020-06-26,21,40
2020-06-26,22,28
2020-06-26,23,18
2020-06-27,0,5
2020-06-27,1,7
2020-06-27,2,4
2020-06-27,3,8
2020-06-27,4,2
2020-06-27,5,16
2020-06-27,6,25
2020-06-27,7,35
2020-06-27,8,44
2020-06-27,9,77
2020-06-27,10,94
2020-06-27,11,112
2020-06-27,12,106
2020-06-27,13,116
2020-06-27,14,116
2020-06-27,15,104
2020-06-27,16,99
2020-06-27,17,88
2020-06-27,18,78
2020-06-27,19,50
2020-06-27,20,54
2020-06-27,21,32
2020-06-27,22,32
2020-06-27,23,14
2020-06-28,0,13
2020-06-28,1,10
2020-06-28,2,7
2020-06-28,3,9
2020-06-28,4,7
2020-06-28,5,11
2020-06-28,6,13
2020-06-28,7,19
2020-06-28,8,26
2020-06-28,9,36
2020-06-28,10,51
2020-06-28,11,81
2020-06-28,12,114
2020-06-28,13,86
2020-06-28,14,90
2020-06-28,15,72
2020-06-28,16,92
2020-06-28,17,62
2020-06-28,18,64
2020-06-28,19,35
2020-06-28,20,31
2020-06-28,21,21
2020-06-28,22,17
2020-06-28,23,10
2020-06-29,0,10
2020-06-29,1,3
2020-06-29,2,3
2020-06-29,3,5
2020-06-29,4,9
2020-06-29,5,26
2020-06-29,6,50
2020-06-29,7,56
2020-06-29,8,82
2020-06-29,9,114
2020-06-29,10,93
2020-06-29,11,140
2020-06-29,12,169
2020-06-29,13,144
2020-06-29,14,142
2020-06-29,15,157
2020-06-29,16,138
2020-06-29,17,102
2020-06-29,18,45
2020-06-29,19,50
2020-06-29,20,37
2020-06-29,21,27
2020-06-29,22,22
2020-06-29,23,17
2020-06-30,0,7
2020-06-30,1,5
2020-06-30,2,4
2020-06-30,3,4
2020-06-30,4,6
2020-06-30,5,16
2020-06-30,6,52
2020-06-30,7,61
2020-06-30,8,82
2020-06-30,9,100
2020-06-30,10,102
2020-06-30,11,148
2020-06-30,12,148
2020-06-30,13,162
2020-06-30,14,176
2020-06-30,15,158
2020-06-30,16,131
2020-06-30,17,111
2020-06-30,18,66
2020-06-30,19,67
2020-06-30,20,57
2020-06-30,21,33
2020-06-30,22,24
2020-06-30,23,16
2020-07-01,0,8
2020-07-01,1,9
2020-07-01,2,4
2020-07-01,3,0
2020-07-01,4,5
2020-07-01,5,25
2020-07-01,6,43
2020-07-01,7,72
2020-07-01,8,86
2020-07-01,9,99
2020-07-01,10,108
2020-07-01,11,148
2020-07-01,12,143
2020-07-01,13,175
2020-07-01,14,184
2020-07-01,15,164
2020-07-01,16,146
2020-07-01,17,118
2020-07-01,18,82
2020-07-01,19,67
2020-07-01,20,38
2020-07-01,21,31
2020-07-01,22,23
2020-07-01,23,17
2020-07-02,0,4
2020-07-02,1,5
2020-07-02,2,4
2020-07-02,3,4
2020-07-02,4,7
2020-07-02,5,22
2020-07-02,6,47
2020-07-02,7,56
2020-07-02,8,99
2020-07-02,9,102
2020-07-02,10,129
2020-07-02,11,128
2020-07-02,12,177
2020-07-02,13,160
2020-07-02,14,146
2020-07-02,15,131
2020-07-02,16,125
2020-07-02,17,87
2020-07-02,18,94
2020-07-02,19,63
2020-07-02,20,45
2020-07-02,21,43
2020-07-02,22,22
2020-07-02,23,14
2020-07-03,0,5
2020-07-03,1,2
2020-07-03,2,2
2020-07-03,3,9
2020-07-03,4,9
2020-07-03,5,24
2020-07-03,6,53
2020-07-03,7,69
2020-07-03,8,92
2020-07-03,9,116
2020-07-03,10,117
2020-07-03,11,156
2020-07-03,12,175
2020-07-03,13,151
2020-07-03,14,184
2020-07-03,15,156
2020-07-03,16,131
2020-07-03,17,109
2020-07-03,18,83
2020-07-03,19,54
2020-07-03,20,57
2020-07-03,21,32
2020-07-03,22,29
2020-07-03,23,18
2020-07-04,0,8
2020-07-04,1,11
2020-07-04,2,9
2020-07-04,3,6
2020-07-04,4,7
2020-07-04,5,18
2020-07-04,6,24
2020-07-04,7,40
2020-07-04,8,59
2020-07-04,9,92
2020-07-04,10,129
2020-07-04,11,135
2020-07-04,12,161
2020-07-04,13,151
2020-07-04,14,172
2020-07-04,15,146
2020-07-04,16,133
2020-07-04,17,110
2020-07-04,18,79
2020-07-04,19,69
2020-07-04,20,51
2020-07-04,21,44
2020-07-04,22,26
2020-07-04,23,19
2020-07-05,0,10
2020-07-05,1,3
2020-07-05,2,8
2020-07-05,3,12
2020-07-05,4,8
2020-07-05,5,8
2020-07-05,6,16
2020-07-05,7,15
2020-07-05,8,43
2020-07-05,9,47
2020-07-05,10,78
2020-07-05,11,87
2020-07-05,12,86
2020-07-05,13,117
2020-07-05,14,103
2020-07-05,15,104
2020-07-05,16,65
2020-07-05,17,51
2020-07-05,18,53
2020-07-05,19,56
2020-07-05,20,43
2020-07-05,21,43
2020-07-05,22,25
2020-07-05,23,14
2020-07-06,0,5
2020-07-06,1,4
2020-07-06,2,3
2020-07-06,3,5
2020-07-06,4,7
2020-07-06,5,30
2020-07-06,6,55
2020-07-06,7,66
2020-07-06,8,108
2020-07-06,9,106
2020-07-06,10,117
2020-07-06,11,137
2020-07-06,12,160
2020-07-06,13,180
2020-07-06,14,165
2020-07-06,15,161
2020-07-06,16,145
2020-07-06,17,100
2020-07-06,18,66
2020-07-06,19,62
2020-07-06,20,46
2020-07-06,21,39
2020-07-06,22,21
2020-07-06,23,13
2020-07-07,0,5
2020-07-07,1,5
2020-07-07,2,6
2020-07-07,3,9
2020-07-07,4,11
2020-07-07,5,22
2020-07-07,6,39
2020-07-07,7,50
2020-07-07,8,70
2020-07-07,9,111
2020-07-07,10,127
2020-07-07,11,141
2020-07-07,12,153
2020-07-07,13,144
2020-07-07,14,147
2020-07-07,15,156
2020-07-07,16,108
2020-07-07,17,94
2020-07-07,18,82
2020-07-07,19,68
2020-07-07,20,39
2020-07-07,21,26
2020-07-07,22,17
2020-07-07,23,12
2020-07-08,0,10
2020-07-08,1,1
2020-07-08,2,6
2020-07-08,3,8
2020-07-08,4,7
2020-07-08,5,15
2020-07-08,6,56
2020-07-08,7,49
2020-07-08,8,81
2020-07-08,9,96
2020-07-08,10,108
2020-07-08,11,143
2020-07-08,12,160
2020-07-08,13,175
2020-07-08,14,159
2020-07-08,15,140
2020-07-08,16,132
2020-07-08,17,88
2020-07-08,18,77
2020-07-08,19,71
2020-07-08,20,47
2020-07-08,21,35
2020-07-08,22,24
2020-07-08,23,11
2020-07-09,0,6
2020-07-09,1,5
2020-07-09,2,5
2020-07-09,3,8
2020-07-09,4,7
2020-07-09,5,21
2020-07-09,6,50
2020-07-09,7,68
2020-07-09,8,76
2020-07-09,9,110
2020-07-09,10,136
2020-07-09,11,143
2020-07-09,12,145
2020-07-09,13,143
2020-07-09,14,164
2020-07-09,15,150
2020-07-09,16,158
2020-07-09,17,89
2020-07-09,18,73
2020-07-09,19,63
2020-07-09,20,46
2020-07-09,21,39
2020-07-09,22,25
2020-07-09,23,11
2020-07-10,0,9
2020-07-10,1,2
2020-07-10,2,5
2020-07-10,3,4
2020-07-10,4,0
2020-07-10,5,26
2020-07-10,6,39
2020-07-10,7,56
2020-07-10,8,92
2020-07-10,9,112
2020-07-10,10,166
2020-07-10,11,163
2020-07-10,12,180
2020-07-10,13,178
2020-07-10,14,158
2020-07-10,15,158
2020-07-10,16,130
2020-07-10,17,116
2020-07-10,18,82
2020-07-10,19,71
2020-07-10,20,70
2020-07-10,21,39
2020-07-10,22,24
2020-07-10,23,17
2020-07-11,0,7
2020-07-11,1,14
2020-07-11,2,6
2020-07-11,3,9
2020-07-11,4,3
2020-07-11,5,15
2020-07-11,6,35
2020-07-11,7,43
2020-07-11,8,69
2020-07-11,9,88
2020-07-11,10,130
2020-07-11,11,121
2020-07-11,12,163
2020-07-11,13,131
2020-07-11,14,135
2020-07-11,15,118
2020-07-11,16,102
2020-07-11,17,101
2020-07-11,18,87
2020-07-11,19,58
2020-07-11,20,50
2020-07-11,21,40
2020-07-11,22,26
2020-07-11,23,21
2020-07-12,0,16
2020-07-12,1,12
2020-07-12,2,16
2020-07-12,3,7
2020-07-12,4,9
2020-07-12,5,15
2020-07-12,6,21
2020-07-12,7,17
2020-07-12,8,25
2020-07-12,9,45
2020-07-12,10,80
2020-07-12,11,99
2020-07-12,12,120
2020-07-12,13,129
2020-07-12,14,103
2020-07-12,15,98
2020-07-12,16,79
2020-07-12,17,73
2020-07-12,18,65
2020-07-12,19,54
2020-07-12,20,44
2020-07-12,21,34
2020-07-12,22,23
2020-07-12,23,13
2020-07-13,0,6
2020-07-13,1,4
2020-07-13,2,6
2020-07-13,3,3
2020-07-13,4,11
2020-07-13,5,17
2020-07-13,6,51
2020-07-13,7,44
2020-07-13,8,83
2020-07-13,9,100
2020-07-13,10,118
2020-07-13,11,133
2020-07-13,12,149
2020-07-13,13,175
2020-07-13,14,175
2020-07-13,15,142
2020-07-13,16,130
2020-07-13,17,106
2020-07-13,18,75
2020-07-13,19,60
2020-07-13,20,52
2020-07-13,21,38
2020-07-13,22,23
2020-07-13,23,12
2020-07-14,0,5
2020-07-14,1,7
2020-07-14,2,4
2020-07-14,3,6
2020-07-14,4,5
2020-07-14,5,18
2020-07-14,6,44
2020-07-14,7,61
2020-07-14,8,84
2020-07-14,9,99
2020-07-14,10,140
2020-07-14,11,195
2020-07-14,12,165
2020-07-14,13,162
2020-07-14,14,177
2020-07-14,15,162
2020-07-14,16,149
2020-07-14,17,143
2020-07-14,18,82
2020-07-14,19,58
2020-07-14,20,41
2020-07-14,21,42
2020-07-14,22,16
2020-07-14,23,14
2020-07-15,0,8
2020-07-15,1,9
2020-07-15,2,6
2020-07-15,3,7
2020-07-15,4,6
2020-07-15,5,19
2020-07-15,6,48
2020-07-15,7,77
2020-07-15,8,109
2020-07-15,9,113
2020-07-15,10,120
2020-07-15,11,172
2020-07-15,12,177
2020-07-15,13,138
2020-07-15,14,165
2020-07-15,15,154
2020-07-15,16,146
2020-07-15,17,107
2020-07-15,18,97
2020-07-15,19,61
2020-07-15,20,53
2020-07-15,21,29
2020-07-15,22,32
2020-07-15,23,16
2020-07-16,0,5
2020-07-16,1,2
2020-07-16,2,7
2020-07-16,3,8
2020-07-16,4,8
2020-07-16,5,18
2020-07-16,6,47
2020-07-16,7,87
2020-07-16,8,126
2020-07-16,9,118
2020-07-16,10,141
2020-07-16,11,200
2020-07-16,12,202
2020-07-16,13,204
2020-07-16,14,181
2020-07-16,15,156
2020-07-16,16,131
2020-07-16,17,115
2020-07-16,18,97
2020-07-16,19,63
2020-07-16,20,55
2020-07-16,21,36
2020-07-16,22,21
2020-07-16,23,21
2020-07-17,0,8
2020-07-17,1,9
2020-07-17,2,8
2020-07-17,3,7
2020-07-17,4,10
2020-07-17,5,26
2020-07-17,6,51
2020-07-17,7,79
2020-07-17,8,104
2020-07-17,9,143
2020-07-17,10,158
2020-07-17,11,185
2020-07-17,12,224
2020-07-17,13,218
2020-07-17,14,216
2020-07-17,15,185
2020-07-17,16,156
2020-07-17,17,122
2020-07-17,18,96
2020-07-17,19,78
2020-07-17,20,57
2020-07-17,21,50
2020-07-17,22,31
2020-07-17,23,32
2020-07-18,0,19
2020-07-18,1,10
2020-07-18,2,4
2020-07-18,3,5
2020-07-18,4,5
2020-07-18,5,17
2020-07-18,6,31
2020-07-18,7,58
2020-07-18,8,70
2020-07-18,9,118
2020-07-18,10,160
2020-07-18,11,168
2020-07-18,12,166
2020-07-18,13,173
2020-07-18,14,170
2020-07-18,15,132
2020-07-18,16,113
2020-07-18,17,91
2020-07-18,18,73
2020-07-18,19,63
2020-07-18,20,40
2020-07-18,21,51
2020-07-18,22,36
2020-07-18,23,30
2020-07-19,0,22
2020-07-19,1,19
2020-07-19,2,8
2020-07-19,3,2
2020-07-19,4,10
2020-07-19,5,10
2020-07-19,6,20
2020-07-19,7,16
2020-07-19,8,43
2020-07-19,9,75
2020-07-19,10,100
2020-07-19,11,161
2020-07-19,12,155
2020-07-19,13,162
2020-07-19,14,128
2020-07-19,15,95
2020-07-19,16,104
2020-07-19,17,79
2020-07-19,18,56
2020-07-19,19,51
2020-07-19,20,33
2020-07-19,21,36
2020-07-19,22,28
2020-07-19,23,17
2020-07-20,0,8
2020-07-20,1,5
2020-07-20,2,4
2020-07-20,3,6
2020-07-20,4,9
2020-07-20,5,22
2020-07-20,6,36
2020-07-20,7,58
2020-07-20,8,88
2020-07-20,9,100
2020-07-20,10,117
2020-07-20,11,141
2020-07-20,12,179
2020-07-20,13,169
2020-07-20,14,162
2020-07-20,15,133
2020-07-20,16,136
2020-07-20,17,94
2020-07-20,18,67
2020-07-20,19,69
2020-07-20,20,62
2020-07-20,21,34
2020-07-20,22,21
2020-07-20,23,17
2020-07-21,0,10
2020-07-21,1,0
2020-07-21,2,5
2020-07-21,3,8
2020-07-21,4,6
2020-07-21,5,25
2020-07-21,6,51
2020-07-21,7,73
2020-07-21,8,105
2020-07-21,9,114
2020-07-21,10,117
2020-07-21,11,174
2020-07-21,12,136
2020-07-21,13,163
2020-07-21,14,166
2020-07-21,15,156
2020-07-21,16,161
2020-07-21,17,110
2020-07-21,18,72
2020-07-21,19,69
2020-07-21,20,55
2020-07-21,21,39
2020-07-21,22,28
2020-07-21,23,18
2020-07-22,0,11
2020-07-22,1,5
2020-07-22,2,2
2020-07-22,3,8
2020-07-22,4,7
2020-07-22,5,24
2020-07-22,6,51
2020-07-22,7,66
2020-07-22,8,93
2020-07-22,9,107
2020-07-22,10,134
2020-07-22,11,180
2020-07-22,12,157
2020-07-22,13,165
2020-07-22,14,151
2020-07-22,15,154
2020-07-22,16,159
2020-07-22,17,102
2020-07-22,18,76
2020-07-22,19,65
2020-07-22,20,48
2020-07-22,21,48
2020-07-22,22,35
2020-07-22,23,10
2020-07-23,0,12
2020-07-23,1,4
2020-07-23,2,6
2020-07-23,3,9
2020-07-23,4,12
2020-07-23,5,28
2020-07-23,6,51
2020-07-23,7,83
2020-07-23,8,97
2020-07-23,9,143
2020-07-23,10,158
2020-07-23,11,182
2020-07-23,12,226
2020-07-23,13,200
2020-07-23,14,190
2020-07-23,15,142
2020-07-23,16,149
2020-07-23,17,124
2020-07-23,18,81
2020-07-23,19,74
2020-07-23,20,54
2020-07-23,21,47
2020-07-23,22,21
2020-07-23,23,18
2020-07-24,0,11
2020-07-24,1,4
2020-07-24,2,7
2020-07-24,3,7
2020-07-24,4,10
2020-07-24,5,30
2020-07-24,6,43
2020-07-24,7,74
2020-07-24,8,104
2020-07-24,9,148
2020-07-24,10,179
2020-07-24,11,208
2020-07-24,12,210
2020-07-24,13,246
2020-07-24,14,226
2020-07-24,15,218
2020-07-24,16,151
2020-07-24,17,132
2020-07-24,18,93
2020-07-24,19,83
2020-07-24,20,56
2020-07-24,21,44
2020-07-24,22,41
2020-07-24,23,17
2020-07-25,0,23
2020-07-25,1,4
2020-07-25,2,9
2020-07-25,3,8
2020-07-25,4,10
2020-07-25,5,18
2020-07-25,6,21
2020-07-25,7,53
2020-07-25,8,85
2020-07-25,9,126
2020-07-25,10,148
2020-07-25,11,180
2020-07-25,12,199
2020-07-25,13,208
2020-07-25,14,189
2020-07-25,15,147
2020-07-25,16,115
2020-07-25,17,108
2020-07-25,18,82
2020-07-25,19,65
2020-07-25,20,66
2020-07-25,21,38
2020-07-25,22,33
2020-07-25,23,22
2020-07-26,0,25
2020-07-26,1,23
2020-07-26,2,11
2020-07-26,3,7
2020-07-26,4,12
2020-07-26,5,12
2020-07-26,6,12
2020-07-26,7,16
2020-07-26,8,32
2020-07-26,9,65
2020-07-26,10,123
2020-07-26,11,151
2020-07-26,12,171
2020-07-26,13,174
2020-07-26,14,134
2020-07-26,15,118
2020-07-26,16,87
2020-07-26,17,91
2020-07-26,18,67
2020-07-26,19,50
2020-07-26,20,42
2020-07-26,21,28
2020-07-26,22,22
2020-07-26,23,18
2020-07-27,0,11
2020-07-27,1,3
2020-07-27,2,7
2020-07-27,3,12
2020-07-27,4,11
2020-07-27,5,28
2020-07-27,6,39
2020-07-27,7,71
2020-07-27,8,86
2020-07-27,9,104
2020-07-27,10,140
2020-07-27,11,164
2020-07-27,12,146
2020-07-27,13,141
2020-07-27,14,166
2020-07-27,15,148
2020-07-27,16,140
2020-07-27,17,97
2020-07-27,18,75
2020-07-27,19,57
2020-07-27,20,45
2020-07-27,21,28
2020-07-27,22,19
2020-07-27,23,20
2020-07-28,0,4
2020-07-28,1,8
2020-07-28,2,5
2020-07-28,3,7
2020-07-28,4,7
2020-07-28,5,25
2020-07-28,6,48
2020-07-28,7,81
2020-07-28,8,109
2020-07-28,9,112
2020-07-28,10,153
2020-07-28,11,158
2020-07-28,12,135
2020-07-28,13,162
2020-07-28,14,172
2020-07-28,15,162
2020-07-28,16,176
2020-07-28,17,129
2020-07-28,18,83
2020-07-28,19,59
2020-07-28,20,55
2020-07-28,21,32
2020-07-28,22,24
2020-07-28,23,12
2020-07-29,0,6
2020-07-29,1,7
2020-07-29,2,5
2020-07-29,3,8
2020-07-29,4,11
2020-07-29,5,29
2020-07-29,6,41
2020-07-29,7,74
2020-07-29,8,108
2020-07-29,9,119
2020-07-29,10,149
2020-07-29,11,129
2020-07-29,12,138
2020-07-29,13,147
2020-07-29,14,160
2020-07-29,15,166
2020-07-29,16,124
2020-07-29,17,107
2020-07-29,18,73
2020-07-29,19,60
2020-07-29,20,51
2020-07-29,21,36
2020-07-29,22,17
2020-07-29,23,19
2020-07-30,0,6
2020-07-30,1,2
2020-07-30,2,5
2020-07-30,3,4
2020-07-30,4,7
2020-07-30,5,29
2020-07-30,6,48
2020-07-30,7,56
2020-07-30,8,109
2020-07-30,9,106
2020-07-30,10,143
2020-07-30,11,169
2020-07-30,12,160
2020-07-30,13,176
2020-07-30,14,193
2020-07-30,15,171
2020-07-30,16,157
2020-07-30,17,132
2020-07-30,18,86
2020-07-30,19,61
2020-07-30,20,42
2020-07-30,21,51
2020-07-30,22,28
2020-07-30,23,17
2020-07-31,0,9
2020-07-31,1,6
2020-07-31,2,3
2020-07-31,3,9
2020-07-31,4,9
2020-07-31,5,24
2020-07-31,6,62
2020-07-31,7,74
2020-07-31,8,97
2020-07-31,9,149
2020-07-31,10,142
2020-07-31,11,162
2020-07-31,12,177
2020-07-31,13,174
2020-07-31,14,175
2020-07-31,15,131
2020-07-31,16,143
2020-07-31,17,115
2020-07-31,18,103
2020-07-31,19,74
2020-07-31,20,63
2020-07-31,21,38
2020-07-31,22,30
2020-07-31,23,21
2020-08-01,0,16
2020-08-01,1,11
2020-08-01,2,9
2020-08-01,3,9
2020-08-01,4,7
2020-08-01,5,11
2020-08-01,6,25
2020-08-01,7,50
2020-08-01,8,82
2020-08-01,9,139
2020-08-01,10,121
2020-08-01,11,169
2020-08-01,12,155
2020-08-01,13,137
2020-08-01,14,142
2020-08-01,15,128
2020-08-01,16,129
2020-08-01,17,103
2020-08-01,18,65
2020-08-01,19,68
2020-08-01,20,41
2020-08-01,21,49
2020-08-01,22,43
2020-08-01,23,29
2020-08-02,0,25
2020-08-02,1,21
2020-08-02,2,12
2020-08-02,3,5
2020-08-02,4,9
2020-08-02,5,12
2020-08-02,6,17
2020-08-02,7,15
2020-08-02,8,37
2020-08-02,9,65
2020-08-02,10,103
2020-08-02,11,139
2020-08-02,12,145
2020-08-02,13,154
2020-08-02,14,129
2020-08-02,15,101
2020-08-02,16,86
2020-08-02,17,89
2020-08-02,18,67
2020-08-02,19,56
2020-08-02,20,43
2020-08-02,21,34
2020-08-02,22,26
2020-08-02,23,11
2020-08-03,0,11
2020-08-03,1,7
2020-08-03,2,4
2020-08-03,3,12
2020-08-03,4,8
2020-08-03,5,18
2020-08-03,6,44
2020-08-03,7,61
2020-08-03,8,100
2020-08-03,9,97
2020-08-03,10,124
2020-08-03,11,127
2020-08-03,12,160
2020-08-03,13,140
2020-08-03,14,171
2020-08-03,15,140
2020-08-03,16,145
2020-08-03,17,103
2020-08-03,18,72
2020-08-03,19,65
2020-08-03,20,44
2020-08-03,21,37
2020-08-03,22,22
2020-08-03,23,17
2020-08-04,0,8
2020-08-04,1,5
2020-08-04,2,10
2020-08-04,3,1
2020-08-04,4,5
2020-08-04,5,26
2020-08-04,6,50
2020-08-04,7,58
2020-08-04,8,92
2020-08-04,9,104
2020-08-04,10,103
2020-08-04,11,120
2020-08-04,12,146
2020-08-04,13,140
2020-08-04,14,134
2020-08-04,15,141
2020-08-04,16,122
2020-08-04,17,102
2020-08-04,18,146
2020-08-04,19,48
2020-08-04,20,58
2020-08-04,21,39
2020-08-04,22,15
2020-08-04,23,9
2020-08-05,0,10
2020-08-05,1,1
2020-08-05,2,2
2020-08-05,3,5
2020-08-05,4,7
2020-08-05,5,22
2020-08-05,6,53
2020-08-05,7,52
2020-08-05,8,92
2020-08-05,9,94
2020-08-05,10,104
2020-08-05,11,106
2020-08-05,12,143
2020-08-05,13,158
2020-08-05,14,153
2020-08-05,15,169
2020-08-05,16,148
2020-08-05,17,104
2020-08-05,18,82
2020-08-05,19,66
2020-08-05,20,35
2020-08-05,21,26
2020-08-05,22,21
2020-08-05,23,24
2020-08-06,0,4
2020-08-06,1,4
2020-08-06,2,4
2020-08-06,3,2
2020-08-06,4,5
2020-08-06,5,20
2020-08-06,6,42
2020-08-06,7,63
2020-08-06,8,84
2020-08-06,9,122
2020-08-06,10,143
2020-08-06,11,142
2020-08-06,12,157
2020-08-06,13,185
2020-08-06,14,178
2020-08-06,15,175
2020-08-06,16,155
2020-08-06,17,131
2020-08-06,18,62
2020-08-06,19,74
2020-08-06,20,57
2020-08-06,21,42
2020-08-06,22,26
2020-08-06,23,20
2020-08-07,0,11
2020-08-07,1,7
2020-08-07,2,5
2020-08-07,3,3
2020-08-07,4,11
2020-08-07,5,22
2020-08-07,6,47
2020-08-07,7,78
2020-08-07,8,132
2020-08-07,9,149
2020-08-07,10,162
2020-08-07,11,174
2020-08-07,12,218
2020-08-07,13,220
2020-08-07,14,241
2020-08-07,15,175
2020-08-07,16,185
2020-08-07,17,120
2020-08-07,18,89
2020-08-07,19,62
2020-08-07,20,53
2020-08-07,21,37
2020-08-07,22,40
2020-08-07,23,36
2020-08-08,0,27
2020-08-08,1,7
2020-08-08,2,6
2020-08-08,3,6
2020-08-08,4,11
2020-08-08,5,7
2020-08-08,6,37
2020-08-08,7,44
2020-08-08,8,91
2020-08-08,9,117
2020-08-08,10,134
2020-08-08,11,189
2020-08-08,12,163
2020-08-08,13,188
2020-08-08,14,147
2020-08-08,15,134
2020-08-08,16,123
2020-08-08,17,89
2020-08-08,18,80
2020-08-08,19,69
2020-08-08,20,59
2020-08-08,21,48
2020-08-08,22,36
2020-08-08,23,39
2020-08-09,0,20
2020-08-09,1,19
2020-08-09,2,9
2020-08-09,3,3
2020-08-09,4,8
2020-08-09,5,13
2020-08-09,6,16
2020-08-09,7,20
2020-08-09,8,44
2020-08-09,9,90
2020-08-09,10,107
2020-08-09,11,119
2020-08-09,12,158
2020-08-09,13,120
2020-08-09,14,130
2020-08-09,15,91
2020-08-09,16,79
2020-08-09,17,75
2020-08-09,18,69
2020-08-09,19,65
2020-08-09,20,39
2020-08-09,21,39
2020-08-09,22,18
2020-08-09,23,20
2020-08-10,0,5
2020-08-10,1,7
2020-08-10,2,3
2020-08-10,3,11
2020-08-10,4,8
2020-08-10,5,29
2020-08-10,6,58
2020-08-10,7,72
2020-08-10,8,97
2020-08-10,9,101
2020-08-10,10,133
2020-08-10,11,123
2020-08-10,12,167
2020-08-10,13,151
2020-08-10,14,181
2020-08-10,15,171
2020-08-10,16,150
2020-08-10,17,120
2020-08-10,18,90
2020-08-10,19,55
2020-08-10,20,43
2020-08-10,21,33
2020-08-10,22,17
2020-08-10,23,19
2020-08-11,0,7
2020-08-11,1,5
2020-08-11,2,4
2020-08-11,3,9
2020-08-11,4,13
2020-08-11,5,22
2020-08-11,6,63
2020-08-11,7,77
2020-08-11,8,95
2020-08-11,9,101
2020-08-11,10,126
2020-08-11,11,132
2020-08-11,12,161
2020-08-11,13,185
2020-08-11,14,169
2020-08-11,15,186
2020-08-11,16,146
2020-08-11,17,136
2020-08-11,18,106
2020-08-11,19,71
2020-08-11,20,58
2020-08-11,21,43
2020-08-11,22,22
2020-08-11,23,16
2020-08-12,0,11
2020-08-12,1,1
2020-08-12,2,1
2020-08-12,3,4
2020-08-12,4,13
2020-08-12,5,25
2020-08-12,6,49
2020-08-12,7,80
2020-08-12,8,104
2020-08-12,9,117
2020-08-12,10,158
2020-08-12,11,143
2020-08-12,12,157
2020-08-12,13,156
2020-08-12,14,163
2020-08-12,15,158
2020-08-12,16,161
2020-08-12,17,129
2020-08-12,18,86
2020-08-12,19,79
2020-08-12,20,57
2020-08-12,21,42
2020-08-12,22,33
2020-08-12,23,14
2020-08-13,0,11
2020-08-13,1,4
2020-08-13,2,6
2020-08-13,3,9
2020-08-13,4,7
2020-08-13,5,34
2020-08-13,6,55
2020-08-13,7,89
2020-08-13,8,127
2020-08-13,9,149
2020-08-13,10,154
2020-08-13,11,155
2020-08-13,12,205
2020-08-13,13,185
2020-08-13,14,158
2020-08-13,15,194
2020-08-13,16,137
2020-08-13,17,139
2020-08-13,18,76
2020-08-13,19,66
2020-08-13,20,52
2020-08-13,21,48
2020-08-13,22,27
2020-08-13,23,16
2020-08-14,0,5
2020-08-14,1,5
2020-08-14,2,3
2020-08-14,3,8
2020-08-14,4,8
2020-08-14,5,27
2020-08-14,6,62
2020-08-14,7,94
2020-08-14,8,117
2020-08-14,9,177
2020-08-14,10,201
2020-08-14,11,199
2020-08-14,12,188
2020-08-14,13,206
2020-08-14,14,195
2020-08-14,15,171
2020-08-14,16,168
2020-08-14,17,127
2020-08-14,18,102
2020-08-14,19,72
2020-08-14,20,60
2020-08-14,21,42
2020-08-14,22,34
2020-08-14,23,22
2020-08-15,0,17
2020-08-15,1,10
2020-08-15,2,9
2020-08-15,3,7
2020-08-15,4,8
2020-08-15,5,15
2020-08-15,6,24
2020-08-15,7,42
2020-08-15,8,94
2020-08-15,9,128
2020-08-15,10,186
2020-08-15,11,155
2020-08-15,12,184
2020-08-15,13,186
2020-08-15,14,153
2020-08-15,15,143
2020-08-15,16,129
2020-08-15,17,99
2020-08-15,18,81
2020-08-15,19,71
2020-08-15,20,51
2020-08-15,21,40
2020-08-15,22,31
2020-08-15,23,30
2020-08-16,0,26
2020-08-16,1,17
2020-08-16,2,9
2020-08-16,3,9
2020-08-16,4,8
2020-08-16,5,9
2020-08-16,6,15
2020-08-16,7,21
2020-08-16,8,35
2020-08-16,9,63
2020-08-16,10,127
2020-08-16,11,154
2020-08-16,12,167
2020-08-16,13,162
2020-08-16,14,117
2020-08-16,15,127
2020-08-16,16,100
2020-08-16,17,86
2020-08-16,18,78
2020-08-16,19,60
2020-08-16,20,47
2020-08-16,21,39
2020-08-16,22,19
2020-08-16,23,16
2020-08-17,0,13
2020-08-17,1,7
2020-08-17,2,5
2020-08-17,3,4
2020-08-17,4,7
2020-08-17,5,32
2020-08-17,6,48
2020-08-17,7,81
2020-08-17,8,136
2020-08-17,9,118
2020-08-17,10,155
2020-08-17,11,150
2020-08-17,12,147
2020-08-17,13,147
2020-08-17,14,155
2020-08-17,15,166
2020-08-17,16,144
2020-08-17,17,104
2020-08-17,18,71
2020-08-17,19,48
2020-08-17,20,42
2020-08-17,21,33
2020-08-17,22,14
2020-08-17,23,13
2020-08-18,0,8
2020-08-18,1,2
2020-08-18,2,7
2020-08-18,3,4
2020-08-18,4,9
2020-08-18,5,30
2020-08-18,6,60
2020-08-18,7,92
2020-08-18,8,113
2020-08-18,9,156
2020-08-18,10,132
2020-08-18,11,150
2020-08-18,12,133
2020-08-18,13,157
2020-08-18,14,173
2020-08-18,15,173
2020-08-18,16,133
2020-08-18,17,126
2020-08-18,18,81
2020-08-18,19,57
2020-08-18,20,57
2020-08-18,21,47
2020-08-18,22,19
2020-08-18,23,17
2020-08-19,0,10
2020-08-19,1,5
2020-08-19,2,9
2020-08-19,3,9
2020-08-19,4,11
2020-08-19,5,26
2020-08-19,6,72
2020-08-19,7,91
2020-08-19,8,113
2020-08-19,9,126
2020-08-19,10,143
2020-08-19,11,117
2020-08-19,12,141
2020-08-19,13,131
2020-08-19,14,162
2020-08-19,15,140
2020-08-19,16,131
2020-08-19,17,109
2020-08-19,18,74
2020-08-19,19,67
2020-08-19,20,54
2020-08-19,21,36
2020-08-19,22,20
2020-08-19,23,17
2020-08-20,0,7
2020-08-20,1,4
2020-08-20,2,5
2020-08-20,3,8
2020-08-20,4,11
2020-08-20,5,40
2020-08-20,6,62
2020-08-20,7,90
2020-08-20,8,131
2020-08-20,9,172
2020-08-20,10,151
2020-08-20,11,151
2020-08-20,12,177
2020-08-20,13,180
2020-08-20,14,168
2020-08-20,15,192
2020-08-20,16,161
2020-08-20,17,131
2020-08-20,18,83
2020-08-20,19,58
2020-08-20,20,60
2020-08-20,21,32
2020-08-20,22,32
2020-08-20,23,12
2020-08-21,0,11
2020-08-21,1,9
2020-08-21,2,4
2020-08-21,3,14
2020-08-21,4,7
2020-08-21,5,28
2020-08-21,6,51
2020-08-21,7,83
2020-08-21,8,142
2020-08-21,9,183
2020-08-21,10,181
2020-08-21,11,192
2020-08-21,12,196
2020-08-21,13,178
2020-08-21,14,177
2020-08-21,15,168
2020-08-21,16,150
2020-08-21,17,128
2020-08-21,18,103
2020-08-21,19,85
2020-08-21,20,61
2020-08-21,21,44
2020-08-21,22,31
2020-08-21,23,29
2020-08-22,0,14
2020-08-22,1,10
2020-08-22,2,10
2020-08-22,3,4
2020-08-22,4,10
2020-08-22,5,14
2020-08-22,6,24
2020-08-22,7,48
2020-08-22,8,89
2020-08-22,9,132
2020-08-22,10,170
2020-08-22,11,199
2020-08-22,12,197
2020-08-22,13,182
2020-08-22,14,155
2020-08-22,15,171
2020-08-22,16,136
2020-08-22,17,106
2020-08-22,18,76
2020-08-22,19,79
2020-08-22,20,52
2020-08-22,21,52
2020-08-22,22,43
2020-08-22,23,28
2020-08-23,0,12
2020-08-23,1,19
2020-08-23,2,7
2020-08-23,3,6
2020-08-23,4,9
2020-08-23,5,10
2020-08-23,6,21
2020-08-23,7,23
2020-08-23,8,33
2020-08-23,9,87
2020-08-23,10,130
2020-08-23,11,154
2020-08-23,12,152
2020-08-23,13,168
2020-08-23,14,118
2020-08-23,15,118
2020-08-23,16,96
2020-08-23,17,94
2020-08-23,18,69
2020-08-23,19,68
2020-08-23,20,48
2020-08-23,21,26
2020-08-23,22,27
2020-08-23,23,12
2020-08-24,0,6
2020-08-24,1,0
2020-08-24,2,4
2020-08-24,3,11
2020-08-24,4,12
2020-08-24,5,23
2020-08-24,6,51
2020-08-24,7,96
2020-08-24,8,122
2020-08-24,9,104
2020-08-24,10,132
2020-08-24,11,169
2020-08-24,12,124
2020-08-24,13,150
2020-08-24,14,151
2020-08-24,15,176
2020-08-24,16,174
2020-08-24,17,126
2020-08-24,18,76
2020-08-24,19,76
2020-08-24,20,60
2020-08-24,21,35
2020-08-24,22,20
2020-08-24,23,16
2020-08-25,0,6
2020-08-25,1,8
2020-08-25,2,3
2020-08-25,3,8
2020-08-25,4,12
2020-08-25,5,32
2020-08-25,6,64
2020-08-25,7,74
2020-08-25,8,108
2020-08-25,9,130
2020-08-25,10,124
2020-08-25,11,143
2020-08-25,12,149
2020-08-25,13,136
2020-08-25,14,132
2020-08-25,15,201
2020-08-25,16,148
2020-08-25,17,123
2020-08-25,18,77
2020-08-25,19,76
2020-08-25,20,46
2020-08-25,21,33
2020-08-25,22,19
2020-08-25,23,15
2020-08-26,0,12
2020-08-26,1,4
2020-08-26,2,4
2020-08-26,3,7
2020-08-26,4,11
2020-08-26,5,28
2020-08-26,6,49
2020-08-26,7,72
2020-08-26,8,108
2020-08-26,9,110
2020-08-26,10,125
2020-08-26,11,172
2020-08-26,12,173
2020-08-26,13,145
2020-08-26,14,156
2020-08-26,15,172
2020-08-26,16,133
2020-08-26,17,133
2020-08-26,18,87
2020-08-26,19,61
2020-08-26,20,53
2020-08-26,21,44
2020-08-26,22,18
2020-08-26,23,11
2020-08-27,0,10
2020-08-27,1,1
2020-08-27,2,6
2020-08-27,3,4
2020-08-27,4,10
2020-08-27,5,22
2020-08-27,6,51
2020-08-27,7,89
2020-08-27,8,122
2020-08-27,9,138
2020-08-27,10,160
2020-08-27,11,172
2020-08-27,12,158
2020-08-27,13,206
2020-08-27,14,212
2020-08-27,15,184
2020-08-27,16,193
2020-08-27,17,126
2020-08-27,18,96
2020-08-27,19,73
2020-08-27,20,55
2020-08-27,21,35
2020-08-27,22,27
2020-08-27,23,25
2020-08-28,0,6
2020-08-28,1,4
2020-08-28,2,8
2020-08-28,3,15
2020-08-28,4,13
2020-08-28,5,28
2020-08-28,6,54
2020-08-28,7,84
2020-08-28,8,159
2020-08-28,9,189
2020-08-28,10,227
2020-08-28,11,201
2020-08-28,12,258
2020-08-28,13,215
2020-08-28,14,208
2020-08-28,15,210
2020-08-28,16,153
2020-08-28,17,166
2020-08-28,18,130
2020-08-28,19,79
2020-08-28,20,63
2020-08-28,21,50
2020-08-28,22,26
2020-08-28,23,25
2020-08-29,0,17
2020-08-29,1,12
2020-08-29,2,6
2020-08-29,3,9
2020-08-29,4,7
2020-08-29,5,19
2020-08-29,6,22
2020-08-29,7,62
2020-08-29,8,83
2020-08-29,9,145
2020-08-29,10,158
2020-08-29,11,205
2020-08-29,12,170
2020-08-29,13,200
2020-08-29,14,162
2020-08-29,15,178
2020-08-29,16,133
2020-08-29,17,118
2020-08-29,18,75
2020-08-29,19,72
2020-08-29,20,59
2020-08-29,21,58
2020-08-29,22,43
2020-08-29,23,22
2020-08-30,0,31
2020-08-30,1,12
2020-08-30,2,9
2020-08-30,3,6
2020-08-30,4,10
2020-08-30,5,9
2020-08-30,6,17
2020-08-30,7,24
2020-08-30,8,37
2020-08-30,9,80
2020-08-30,10,126
2020-08-30,11,118
2020-08-30,12,185
2020-08-30,13,193
2020-08-30,14,145
2020-08-30,15,113
2020-08-30,16,96
2020-08-30,17,97
2020-08-30,18,84
2020-08-30,19,51
2020-08-30,20,75
2020-08-30,21,33
2020-08-30,22,25
2020-08-30,23,18
2020-08-31,0,7
2020-08-31,1,4
2020-08-31,2,5
2020-08-31,3,6
2020-08-31,4,13
2020-08-31,5,41
2020-08-31,6,41
2020-08-31,7,89
2020-08-31,8,114
2020-08-31,9,118
2020-08-31,10,136
2020-08-31,11,145
2020-08-31,12,158
2020-08-31,13,159
2020-08-31,14,162
2020-08-31,15,173
2020-08-31,16,161
2020-08-31,17,129
2020-08-31,18,81
2020-08-31,19,53
2020-08-31,20,69
2020-08-31,21,38
2020-08-31,22,21
2020-08-31,23,9
2020-09-01,0,6
2020-09-01,1,4
2020-09-01,2,10
2020-09-01,3,8
2020-09-01,4,10
2020-09-01,5,21
2020-09-01,6,49
2020-09-01,7,92
2020-09-01,8,109
2020-09-01,9,166
2020-09-01,10,123
2020-09-01,11,136
2020-09-01,12,188
2020-09-01,13,152
2020-09-01,14,152
2020-09-01,15,198
2020-09-01,16,187
2020-09-01,17,114
2020-09-01,18,70
2020-09-01,19,79
2020-09-01,20,57
2020-09-01,21,32
2020-09-01,22,23
2020-09-01,23,19
2020-09-02,0,5
2020-09-02,1,8
2020-09-02,2,2
2020-09-02,3,3
2020-09-02,4,4
2020-09-02,5,33
2020-09-02,6,59
2020-09-02,7,92
2020-09-02,8,128
2020-09-02,9,129
2020-09-02,10,149
2020-09-02,11,155
2020-09-02,12,156
2020-09-02,13,184
2020-09-02,14,218
2020-09-02,15,169
2020-09-02,16,160
2020-09-02,17,137
2020-09-02,18,71
2020-09-02,19,58
2020-09-02,20,45
2020-09-02,21,31
2020-09-02,22,26
2020-09-02,23,16
2020-09-03,0,11
2020-09-03,1,3
2020-09-03,2,7
2020-09-03,3,5
2020-09-03,4,9
2020-09-03,5,28
2020-09-03,6,71
2020-09-03,7,90
2020-09-03,8,118
2020-09-03,9,145
2020-09-03,10,178
2020-09-03,11,190
2020-09-03,12,184
2020-09-03,13,181
2020-09-03,14,198
2020-09-03,15,164
2020-09-03,16,170
2020-09-03,17,110
2020-09-03,18,82
2020-09-03,19,74
2020-09-03,20,47
2020-09-03,21,33
2020-09-03,22,28
2020-09-03,23,11
2020-09-04,0,12
2020-09-04,1,7
2020-09-04,2,6
2020-09-04,3,6
2020-09-04,4,11
2020-09-04,5,22
2020-09-04,6,40
2020-09-04,7,102
2020-09-04,8,137
2020-09-04,9,180
2020-09-04,10,166
2020-09-04,11,198
2020-09-04,12,199
2020-09-04,13,222
2020-09-04,14,202
2020-09-04,15,192
2020-09-04,16,157
2020-09-04,17,137
2020-09-04,18,104
2020-09-04,19,85
2020-09-04,20,49
2020-09-04,21,51
2020-09-04,22,27
2020-09-04,23,20
2020-09-05,0,14
2020-09-05,1,11
2020-09-05,2,6
2020-09-05,3,4
2020-09-05,4,12
2020-09-05,5,18
2020-09-05,6,26
2020-09-05,7,59
2020-09-05,8,80
2020-09-05,9,126
2020-09-05,10,182
2020-09-05,11,156
2020-09-05,12,198
2020-09-05,13,186
2020-09-05,14,204
2020-09-05,15,161
2020-09-05,16,156
2020-09-05,17,123
2020-09-05,18,78
2020-09-05,19,56
2020-09-05,20,58
2020-09-05,21,41
2020-09-05,22,35
2020-09-05,23,26
2020-09-06,0,21
2020-09-06,1,15
2020-09-06,2,10
2020-09-06,3,5
2020-09-06,4,11
2020-09-06,5,14
2020-09-06,6,14
2020-09-06,7,26
2020-09-06,8,39
2020-09-06,9,80
2020-09-06,10,150
2020-09-06,11,161
2020-09-06,12,180
2020-09-06,13,178
2020-09-06,14,149
2020-09-06,15,107
2020-09-06,16,108
2020-09-06,17,99
2020-09-06,18,81
2020-09-06,19,58
2020-09-06,20,44
2020-09-06,21,30
2020-09-06,22,17
2020-09-06,23,14
2020-09-07,0,6
2020-09-07,1,7
2020-09-07,2,6
2020-09-07,3,4
2020-09-07,4,8
2020-09-07,5,29
2020-09-07,6,66
2020-09-07,7,70
2020-09-07,8,108
2020-09-07,9,118
2020-09-07,10,141
2020-09-07,11,145
2020-09-07,12,144
2020-09-07,13,181
2020-09-07,14,178
2020-09-07,15,149
2020-09-07,16,155
2020-09-07,17,103
2020-09-07,18,82
2020-09-07,19,56
2020-09-07,20,44
2020-09-07,21,32
2020-09-07,22,14
2020-09-07,23,12
2020-09-08,0,4
2020-09-08,1,5
2020-09-08,2,6
2020-09-08,3,10
2020-09-08,4,7
2020-09-08,5,17
2020-09-08,6,58
2020-09-08,7,93
2020-09-08,8,140
2020-09-08,9,120
2020-09-08,10,138
2020-09-08,11,137
2020-09-08,12,148
2020-09-08,13,168
2020-09-08,14,166
2020-09-08,15,156
2020-09-08,16,140
2020-09-08,17,104
2020-09-08,18,89
2020-09-08,19,71
2020-09-08,20,55
2020-09-08,21,27
2020-09-08,22,16
2020-09-08,23,9
2020-09-09,0,7
2020-09-09,1,7
2020-09-09,2,4
2020-09-09,3,12
2020-09-09,4,13
2020-09-09,5,24
2020-09-09,6,54
2020-09-09,7,80
2020-09-09,8,133
2020-09-09,9,102
2020-09-09,10,131
2020-09-09,11,153
2020-09-09,12,155
2020-09-09,13,168
2020-09-09,14,138
2020-09-09,15,157
2020-09-09,16,170
2020-09-09,17,122
2020-09-09,18,100
2020-09-09,19,65
2020-09-09,20,55
2020-09-09,21,33
2020-09-09,22,22
2020-09-09,23,20
2020-09-10,0,11
2020-09-10,1,2
2020-09-10,2,8
2020-09-10,3,9
2020-09-10,4,14
2020-09-10,5,17
2020-09-10,6,71
2020-09-10,7,93
2020-09-10,8,121
2020-09-10,9,139
2020-09-10,10,193
2020-09-10,11,170
2020-09-10,12,171
2020-09-10,13,176
2020-09-10,14,169
2020-09-10,15,194
2020-09-10,16,166
2020-09-10,17,120
2020-09-10,18,98
2020-09-10,19,63
2020-09-10,20,40
2020-09-10,21,38
2020-09-10,22,24
2020-09-10,23,17
2020-09-11,0,9
2020-09-11,1,3
2020-09-11,2,3
2020-09-11,3,12
2020-09-11,4,5
2020-09-11,5,26
2020-09-11,6,51
2020-09-11,7,79
2020-09-11,8,150
2020-09-11,9,162
2020-09-11,10,154
2020-09-11,11,185
2020-09-11,12,178
2020-09-11,13,189
2020-09-11,14,220
2020-09-11,15,166
2020-09-11,16,138
2020-09-11,17,133
2020-09-11,18,84
2020-09-11,19,73
2020-09-11,20,48
2020-09-11,21,41
2020-09-11,22,28
2020-09-11,23,31
2020-09-12,0,23
2020-09-12,1,13
2020-09-12,2,4
2020-09-12,3,6
2020-09-12,4,10
2020-09-12,5,18
2020-09-12,6,23
2020-09-12,7,70
2020-09-12,8,98
2020-09-12,9,146
2020-09-12,10,170
2020-09-12,11,219
2020-09-12,12,194
2020-09-12,13,174
2020-09-12,14,151
2020-09-12,15,139
2020-09-12,16,154
2020-09-12,17,140
2020-09-12,18,95
2020-09-12,19,61
2020-09-12,20,66
2020-09-12,21,40
2020-09-12,22,32
2020-09-12,23,23
2020-09-13,0,16
2020-09-13,1,18
2020-09-13,2,8
2020-09-13,3,7
2020-09-13,4,9
2020-09-13,5,14
2020-09-13,6,15
2020-09-13,7,22
2020-09-13,8,37
2020-09-13,9,74
2020-09-13,10,117
2020-09-13,11,155
2020-09-13,12,175
2020-09-13,13,135
2020-09-13,14,113
2020-09-13,15,108
2020-09-13,16,105
2020-09-13,17,110
2020-09-13,18,75
2020-09-13,19,52
2020-09-13,20,32
2020-09-13,21,34
2020-09-13,22,18
2020-09-13,23,15
2020-09-14,0,7
2020-09-14,1,8
2020-09-14,2,9
2020-09-14,3,8
2020-09-14,4,14
2020-09-14,5,34
2020-09-14,6,54
2020-09-14,7,95
2020-09-14,8,118
2020-09-14,9,114
2020-09-14,10,144
2020-09-14,11,130
2020-09-14,12,150
2020-09-14,13,162
2020-09-14,14,155
2020-09-14,15,151
2020-09-14,16,157
2020-09-14,17,105
2020-09-14,18,74
2020-09-14,19,72
2020-09-14,20,46
2020-09-14,21,34
2020-09-14,22,20
2020-09-14,23,15
2020-09-15,0,14
2020-09-15,1,6
2020-09-15,2,6
2020-09-15,3,8
2020-09-15,4,13
2020-09-15,5,21
2020-09-15,6,61
2020-09-15,7,116
2020-09-15,8,134
2020-09-15,9,114
2020-09-15,10,107
2020-09-15,11,147
2020-09-15,12,146
2020-09-15,13,147
2020-09-15,14,148
2020-09-15,15,142
2020-09-15,16,150
2020-09-15,17,115
2020-09-15,18,76
2020-09-15,19,78
2020-09-15,20,60
2020-09-15,21,41
2020-09-15,22,17
2020-09-15,23,14
2020-09-16,0,12
2020-09-16,1,7
2020-09-16,2,4
2020-09-16,3,8
2020-09-16,4,6
2020-09-16,5,29
2020-09-16,6,53
2020-09-16,7,86
2020-09-16,8,119
2020-09-16,9,123
2020-09-16,10,144
2020-09-16,11,152
2020-09-16,12,149
2020-09-16,13,169
2020-09-16,14,146
2020-09-16,15,164
2020-09-16,16,154
2020-09-16,17,127
2020-09-16,18,97
2020-09-16,19,72
2020-09-16,20,44
2020-09-16,21,35
2020-09-16,22,22
2020-09-16,23,17
2020-09-17,0,8
2020-09-17,1,3
2020-09-17,2,4
2020-09-17,3,6
2020-09-17,4,17
2020-09-17,5,27
2020-09-17,6,53
2020-09-17,7,93
2020-09-17,8,149
2020-09-17,9,142
2020-09-17,10,156
2020-09-17,11,164
2020-09-17,12,160
2020-09-17,13,177
2020-09-17,14,173
2020-09-17,15,165
2020-09-17,16,160
2020-09-17,17,121
2020-09-17,18,108
2020-09-17,19,73
2020-09-17,20,67
2020-09-17,21,49
2020-09-17,22,23
2020-09-17,23,11
2020-09-18,0,10
2020-09-18,1,6
2020-09-18,2,5
2020-09-18,3,14
2020-09-18,4,12
2020-09-18,5,27
2020-09-18,6,62
2020-09-18,7,83
2020-09-18,8,135
2020-09-18,9,148
2020-09-18,10,179
2020-09-18,11,188
2020-09-18,12,227
2020-09-18,13,203
2020-09-18,14,195
2020-09-18,15,214
2020-09-18,16,161
2020-09-18,17,146
2020-09-18,18,96
2020-09-18,19,80
2020-09-18,20,57
2020-09-18,21,50
2020-09-18,22,35
2020-09-18,23,25
2020-09-19,0,15
2020-09-19,1,10
2020-09-19,2,5
2020-09-19,3,11
2020-09-19,4,13
2020-09-19,5,13
2020-09-19,6,17
2020-09-19,7,50
2020-09-19,8,96
2020-09-19,9,157
2020-09-19,10,153
2020-09-19,11,182
2020-09-19,12,169
2020-09-19,13,215
2020-09-19,14,144
2020-09-19,15,147
2020-09-19,16,129
2020-09-19,17,118
2020-09-19,18,91
2020-09-19,19,66
2020-09-19,20,48
2020-09-19,21,42
2020-09-19,22,29
2020-09-19,23,23
2020-09-20,0,19
2020-09-20,1,10
2020-09-20,2,10
2020-09-20,3,8
2020-09-20,4,11
2020-09-20,5,9
2020-09-20,6,15
2020-09-20,7,16
2020-09-20,8,41
2020-09-20,9,86
2020-09-20,10,116
2020-09-20,11,137
2020-09-20,12,137
2020-09-20,13,133
2020-09-20,14,134
2020-09-20,15,105
2020-09-20,16,93
2020-09-20,17,103
2020-09-20,18,68
2020-09-20,19,64
2020-09-20,20,44
2020-09-20,21,31
2020-09-20,22,23
2020-09-20,23,16
2020-09-21,0,9
2020-09-21,1,3
2020-09-21,2,4
2020-09-21,3,6
2020-09-21,4,17
2020-09-21,5,35
2020-09-21,6,60
2020-09-21,7,89
2020-09-21,8,110
2020-09-21,9,141
2020-09-21,10,142
2020-09-21,11,165
2020-09-21,12,142
2020-09-21,13,114
2020-09-21,14,163
2020-09-21,15,155
2020-09-21,16,138
2020-09-21,17,107
2020-09-21,18,78
2020-09-21,19,62
2020-09-21,20,46
2020-09-21,21,28
2020-09-21,22,19
2020-09-21,23,17
2020-09-22,0,9
2020-09-22,1,2
2020-09-22,2,7
2020-09-22,3,10
2020-09-22,4,16
2020-09-22,5,21
2020-09-22,6,70
2020-09-22,7,80
2020-09-22,8,154
2020-09-22,9,135
2020-09-22,10,139
2020-09-22,11,160
2020-09-22,12,147
2020-09-22,13,155
2020-09-22,14,148
2020-09-22,15,192
2020-09-22,16,156
2020-09-22,17,102
2020-09-22,18,80
2020-09-22,19,72
2020-09-22,20,50
2020-09-22,21,31
2020-09-22,22,26
2020-09-22,23,8
2020-09-23,0,12
2020-09-23,1,5
2020-09-23,2,7
2020-09-23,3,8
2020-09-23,4,12
2020-09-23,5,20
2020-09-23,6,48
2020-09-23,7,94
2020-09-23,8,119
2020-09-23,9,107
2020-09-23,10,149
2020-09-23,11,133
2020-09-23,12,153
2020-09-23,13,158
2020-09-23,14,149
2020-09-23,15,186
2020-09-23,16,182
2020-09-23,17,123
2020-09-23,18,81
2020-09-23,19,63
2020-09-23,20,73
2020-09-23,21,35
2020-09-23,22,21
2020-09-23,23,14
2020-09-24,0,8
2020-09-24,1,3
2020-09-24,2,2
2020-09-24,3,5
2020-09-24,4,13
2020-09-24,5,26
2020-09-24,6,57
2020-09-24,7,84
2020-09-24,8,128
2020-09-24,9,136
2020-09-24,10,187
2020-09-24,11,220
2020-09-24,12,198
2020-09-24,13,200
2020-09-24,14,189
2020-09-24,15,181
2020-09-24,16,169
2020-09-24,17,107
2020-09-24,18,86
2020-09-24,19,80
2020-09-24,20,58
2020-09-24,21,35
2020-09-24,22,21
2020-09-24,23,25
2020-09-25,0,16
2020-09-25,12,230
2020-09-25,13,184
2020-09-25,14,189
2020-09-25,15,179
2020-09-25,16,147
2020-09-25,17,132
2020-09-25,18,103
2020-09-25,19,91
2020-09-25,20,61
2020-09-25,21,67
2020-09-25,22,38
2020-09-25,23,20
2020-09-26,0,16
2020-09-26,1,11
2020-09-26,2,5
2020-09-26,3,3
2020-09-26,4,10
2020-09-26,5,14
2020-09-26,6,15
2020-09-26,7,52
2020-09-26,8,92
2020-09-26,9,108
2020-09-26,10,185
2020-09-26,11,192
2020-09-26,12,178
2020-09-26,13,188
2020-09-26,14,198
2020-09-26,15,140
2020-09-26,16,100
2020-09-26,17,112
2020-09-26,18,80
2020-09-26,19,71
2020-09-26,20,64
2020-09-26,21,51
2020-09-26,22,25
2020-09-26,23,22
2020-09-27,0,12
2020-09-27,1,10
2020-09-27,2,1
2020-09-27,3,4
2020-09-27,4,8
2020-09-27,5,5
2020-09-27,6,14
2020-09-27,7,21
2020-09-27,8,46
2020-09-27,9,90
2020-09-27,10,128
2020-09-27,11,151
2020-09-27,12,124
2020-09-27,13,146
2020-09-27,14,136
2020-09-27,15,102
2020-09-27,16,97
2020-09-27,17,93
2020-09-27,18,70
2020-09-27,19,51
2020-09-27,20,41
2020-09-27,21,50
2020-09-27,22,30
2020-09-27,23,12
2020-09-28,0,8
2020-09-28,1,7
2020-09-28,2,4
2020-09-28,3,4
2020-09-28,4,8
2020-09-28,5,15
2020-09-28,6,28
2020-09-28,7,46
2020-09-28,8,69
2020-09-28,9,94
2020-09-28,10,106
2020-09-28,11,134
2020-09-28,12,151
2020-09-28,13,149
2020-09-28,14,162
2020-09-28,15,129
2020-09-28,16,134
2020-09-28,17,103
2020-09-28,18,84
2020-09-28,19,56
2020-09-28,20,41
2020-09-28,21,31
2020-09-28,22,18
2020-09-28,23,13
2020-09-29,0,7
2020-09-29,1,1
2020-09-29,2,3
2020-09-29,3,4
2020-09-29,4,12
2020-09-29,5,21
2020-09-29,6,66
2020-09-29,7,79
2020-09-29,8,106
2020-09-29,9,124
2020-09-29,10,122
2020-09-29,11,174
2020-09-29,12,139
2020-09-29,13,149
2020-09-29,14,147
2020-09-29,15,157
2020-09-29,16,136
2020-09-29,17,121
2020-09-29,18,80
2020-09-29,19,64
2020-09-29,20,54
2020-09-29,21,43
2020-09-29,22,23
2020-09-29,23,14
2020-09-30,0,9
2020-09-30,1,4
2020-09-30,2,4
2020-09-30,3,5
2020-09-30,4,14
2020-09-30,5,26
2020-09-30,6,62
2020-09-30,7,76
2020-09-30,8,133
2020-09-30,9,128
2020-09-30,10,136
2020-09-30,11,156
2020-09-30,12,186
2020-09-30,13,157
2020-09-30,14,172
2020-09-30,15,166
2020-09-30,16,132
2020-09-30,17,117
2020-09-30,18,83
2020-09-30,19,73
2020-09-30,20,59
2020-09-30,21,33
2020-09-30,22,23
2020-09-30,23,12
2020-10-01,0,9
2020-10-01,1,4
2020-10-01,2,4
2020-10-01,3,9
2020-10-01,4,17
2020-10-01,5,25
2020-10-01,6,63
2020-10-01,7,88
2020-10-01,8,142
2020-10-01,9,140
2020-10-01,10,165
2020-10-01,11,172
2020-10-01,12,208
2020-10-01,13,163
2020-10-01,14,165
2020-10-01,15,180
2020-10-01,16,162
2020-10-01,17,138
2020-10-01,18,85
2020-10-01,19,71
2020-10-01,20,52
2020-10-01,21,45
2020-10-01,22,31
2020-10-01,23,11
2020-10-02,0,11
2020-10-02,1,3
2020-10-02,2,5
2020-10-02,3,7
2020-10-02,4,7
2020-10-02,5,25
2020-10-02,6,67
2020-10-02,7,75
2020-10-02,8,137
2020-10-02,9,152
2020-10-02,10,167
2020-10-02,11,209
2020-10-02,12,209
2020-10-02,13,242
2020-10-02,14,210
2020-10-02,15,221
2020-10-02,16,172
2020-10-02,17,135
2020-10-02,18,110
2020-10-02,19,68
2020-10-02,20,57
2020-10-02,21,58
2020-10-02,22,40
2020-10-02,23,23
2020-10-03,0,11
2020-10-03,1,6
2020-10-03,2,7
2020-10-03,3,8
2020-10-03,4,11
2020-10-03,5,13
2020-10-03,6,32
2020-10-03,7,61
2020-10-03,8,93
2020-10-03,9,120
2020-10-03,10,144
2020-10-03,11,205
2020-10-03,12,222
2020-10-03,13,175
2020-10-03,14,160
2020-10-03,15,163
2020-10-03,16,142
2020-10-03,17,121
2020-10-03,18,85
2020-10-03,19,71
2020-10-03,20,67
2020-10-03,21,37
2020-10-03,22,36
2020-10-03,23,10
2020-10-04,0,11
2020-10-04,1,5
2020-10-04,2,6
2020-10-04,3,4
2020-10-04,4,6
2020-10-04,5,14
2020-10-04,6,16
2020-10-04,7,21
2020-10-04,8,33
2020-10-04,9,74
2020-10-04,10,117
2020-10-04,11,146
2020-10-04,12,147
2020-10-04,13,174
2020-10-04,14,134
2020-10-04,15,141
2020-10-04,16,84
2020-10-04,17,149
2020-10-04,18,88
2020-10-04,19,44
2020-10-04,20,44
2020-10-04,21,35
2020-10-04,22,17
2020-10-04,23,15
2020-10-05,0,6
2020-10-05,1,5
2020-10-05,2,6
2020-10-05,3,7
2020-10-05,4,16
2020-10-05,5,24
2020-10-05,6,72
2020-10-05,7,91
2020-10-05,8,125
2020-10-05,9,128
2020-10-05,10,131
2020-10-05,11,157
2020-10-05,12,148
2020-10-05,13,142
2020-10-05,14,173
2020-10-05,15,166
2020-10-05,16,166
2020-10-05,17,125
2020-10-05,18,81
2020-10-05,19,71
2020-10-05,20,55
2020-10-05,21,41
2020-10-05,22,18
2020-10-05,23,9
2020-10-06,0,2
2020-10-06,1,4
2020-10-06,2,4
2020-10-06,3,5
2020-10-06,4,9
2020-10-06,5,22
2020-10-06,6,48
2020-10-06,7,83
2020-10-06,8,141
2020-10-06,9,105
2020-10-06,10,129
2020-10-06,11,146
2020-10-06,12,148
2020-10-06,13,153
2020-10-06,14,160
2020-10-06,15,186
2020-10-06,16,155
2020-10-06,17,119
2020-10-06,18,83
2020-10-06,19,57
2020-10-06,20,40
2020-10-06,21,35
2020-10-06,22,21
2020-10-06,23,21
2020-10-07,0,10
2020-10-07,1,3
2020-10-07,2,6
2020-10-07,3,3
2020-10-07,4,16
2020-10-07,5,27
2020-10-07,6,65
2020-10-07,7,108
2020-10-07,8,130
2020-10-07,9,124
2020-10-07,10,135
2020-10-07,11,116
2020-10-07,12,137
2020-10-07,13,149
2020-10-07,14,160
2020-10-07,15,181
2020-10-07,16,156
2020-10-07,17,136
2020-10-07,18,91
2020-10-07,19,56
2020-10-07,20,44
2020-10-07,21,39
2020-10-07,22,25
2020-10-07,23,12
2020-10-08,0,11
2020-10-08,1,5
2020-10-08,2,5
2020-10-08,3,6
2020-10-08,4,15
2020-10-08,5,24
2020-10-08,6,63
2020-10-08,7,83
2020-10-08,8,128
2020-10-08,9,138
2020-10-08,10,154
2020-10-08,11,177
2020-10-08,12,175
2020-10-08,13,183
2020-10-08,14,161
2020-10-08,15,183
2020-10-08,16,167
2020-10-08,17,117
2020-10-08,18,89
2020-10-08,19,60
2020-10-08,20,38
2020-10-08,21,39
2020-10-08,22,24
2020-10-08,23,12
2020-10-09,0,6
2020-10-09,1,6
2020-10-09,2,8
2020-10-09,3,6
2020-10-09,4,11
2020-10-09,5,22
2020-10-09,6,58
2020-10-09,7,90
2020-10-09,8,111
2020-10-09,9,146
2020-10-09,10,153
2020-10-09,11,212
2020-10-09,12,204
2020-10-09,13,179
2020-10-09,14,199
2020-10-09,15,155
2020-10-09,16,190
2020-10-09,17,150
2020-10-09,18,90
2020-10-09,19,56
2020-10-09,20,50
2020-10-09,21,39
2020-10-09,22,19
2020-10-09,23,21
2020-10-10,0,8
2020-10-10,1,7
2020-10-10,2,8
2020-10-10,3,2
2020-10-10,4,7
2020-10-10,5,19
2020-10-10,6,30
2020-10-10,7,56
2020-10-10,8,78
2020-10-10,9,133
2020-10-10,10,162
2020-10-10,11,213
2020-10-10,12,206
2020-10-10,13,193
2020-10-10,14,150
2020-10-10,15,147
2020-10-10,16,131
2020-10-10,17,115
2020-10-10,18,80
2020-10-10,19,68
2020-10-10,20,46
2020-10-10,21,30
2020-10-10,22,23
2020-10-10,23,15
2020-10-11,0,9
2020-10-11,1,7
2020-10-11,2,9
2020-10-11,3,2
2020-10-11,4,7
2020-10-11,5,10
2020-10-11,6,14
2020-10-11,7,35
2020-10-11,8,42
2020-10-11,9,61
2020-10-11,10,120
2020-10-11,11,152
2020-10-11,12,189
2020-10-11,13,181
2020-10-11,14,142
2020-10-11,15,99
2020-10-11,16,91
2020-10-11,17,90
2020-10-11,18,62
2020-10-11,19,41
2020-10-11,20,37
2020-10-11,21,30
2020-10-11,22,19
2020-10-11,23,11
2020-10-12,0,6
2020-10-12,1,5
2020-10-12,2,10
2020-10-12,3,2
2020-10-12,4,10
2020-10-12,5,29
2020-10-12,6,56
2020-10-12,7,71
2020-10-12,8,91
2020-10-12,9,100
2020-10-12,10,122
2020-10-12,11,142
2020-10-12,12,175
2020-10-12,13,161
2020-10-12,14,173
2020-10-12,15,177
2020-10-12,16,157
2020-10-12,17,122
2020-10-12,18,88
2020-10-12,19,43
2020-10-12,20,44
2020-10-12,21,31
2020-10-12,22,19
2020-10-12,23,16
2020-10-13,0,6
2020-10-13,1,4
2020-10-13,2,6
2020-10-13,3,5
2020-10-13,4,9
2020-10-13,5,20
2020-10-13,6,56
2020-10-13,7,75
2020-10-13,8,94
2020-10-13,9,116
2020-10-13,10,122
2020-10-13,11,130
2020-10-13,12,160
2020-10-13,13,121
2020-10-13,14,150
2020-10-13,15,155
2020-10-13,16,125
2020-10-13,17,109
2020-10-13,18,87
2020-10-13,19,51
2020-10-13,20,52
2020-10-13,21,25
2020-10-13,22,13
2020-10-13,23,9
2020-10-14,0,6
2020-10-14,1,4
2020-10-14,2,0
2020-10-14,3,4
2020-10-14,4,12
2020-10-14,5,21
2020-10-14,6,58
2020-10-14,7,76
2020-10-14,8,90
2020-10-14,9,78
2020-10-14,10,104
2020-10-14,11,113
2020-10-14,12,166
2020-10-14,13,162
2020-10-14,14,196
2020-10-14,15,170
2020-10-14,16,156
2020-10-14,17,124
2020-10-14,18,103
2020-10-14,19,54
2020-10-14,20,45
2020-10-14,21,34
2020-10-14,22,21
2020-10-14,23,10
2020-10-15,0,8
2020-10-15,1,5
2020-10-15,2,2
2020-10-15,3,5
2020-10-15,4,13
2020-10-15,5,22
2020-10-15,6,68
2020-10-15,7,89
2020-10-15,8,110
2020-10-15,9,152
2020-10-15,10,172
2020-10-15,11,190
2020-10-15,12,189
2020-10-15,13,183
2020-10-15,14,193
2020-10-15,15,189
2020-10-15,16,137
2020-10-15,17,150
2020-10-15,18,94
2020-10-15,19,69
2020-10-15,20,48
2020-10-15,21,44
2020-10-15,22,24
2020-10-15,23,16
2020-10-16,0,5
2020-10-16,1,1
2020-10-16,2,5
2020-10-16,3,8
2020-10-16,4,13
2020-10-16,5,50
2020-10-16,6,59
2020-10-16,7,76
2020-10-16,8,136
2020-10-16,9,138
2020-10-16,10,157
2020-10-16,11,229
2020-10-16,12,200
2020-10-16,13,217
2020-10-16,14,206
2020-10-16,15,200
2020-10-16,16,169
2020-10-16,17,140
2020-10-16,18,102
2020-10-16,19,70
2020-10-16,20,44
2020-10-16,21,37
2020-10-16,22,33
2020-10-16,23,14
2020-10-17,0,16
2020-10-17,1,6
2020-10-17,2,10
2020-10-17,3,7
2020-10-17,4,7
2020-10-17,5,19
2020-10-17,6,24
2020-10-17,7,46
2020-10-17,8,73
2020-10-17,9,112
2020-10-17,10,154
2020-10-17,11,159
2020-10-17,12,132
2020-10-17,13,131
2020-10-17,14,151
2020-10-17,15,150
2020-10-17,16,112
2020-10-17,17,113
2020-10-17,18,82
2020-10-17,19,55
2020-10-17,20,52
2020-10-17,21,37
2020-10-17,22,32
2020-10-17,23,21
2020-10-18,0,15
2020-10-18,1,12
2020-10-18,2,4
2020-10-18,3,9
2020-10-18,4,7
2020-10-18,5,11
2020-10-18,6,26
2020-10-18,7,22
2020-10-18,8,41
2020-10-18,9,97
2020-10-18,10,101
2020-10-18,11,176
2020-10-18,12,214
2020-10-18,13,184
2020-10-18,14,175
2020-10-18,15,115
2020-10-18,16,126
2020-10-18,17,99
2020-10-18,18,69
2020-10-18,19,42
2020-10-18,20,36
2020-10-18,21,25
2020-10-18,22,26
2020-10-18,23,10
2020-10-19,0,7
2020-10-19,1,1
2020-10-19,2,2
2020-10-19,3,4
2020-10-19,4,11
2020-10-19,5,33
2020-10-19,6,52
2020-10-19,7,99
2020-10-19,8,107
2020-10-19,9,110
2020-10-19,10,121
2020-10-19,11,148
2020-10-19,12,142
2020-10-19,13,157
2020-10-19,14,176
2020-10-19,15,146
2020-10-19,16,141
2020-10-19,17,135
2020-10-19,18,83
2020-10-19,19,65
2020-10-19,20,35
2020-10-19,21,33
2020-10-19,22,16
2020-10-19,23,15
2020-10-20,0,12
2020-10-20,1,5
2020-10-20,2,9
2020-10-20,3,2
2020-10-20,4,11
2020-10-20,5,17
2020-10-20,6,69
2020-10-20,7,82
2020-10-20,8,126
2020-10-20,9,123
2020-10-20,10,140
2020-10-20,11,136
2020-10-20,12,147
2020-10-20,13,177
2020-10-20,14,152
2020-10-20,15,162
2020-10-20,16,150
2020-10-20,17,104
2020-10-20,18,86
2020-10-20,19,52
2020-10-20,20,46
2020-10-20,21,26
2020-10-20,22,15
2020-10-20,23,8
2020-10-21,0,11
2020-10-21,1,5
2020-10-21,2,6
2020-10-21,3,9
2020-10-21,4,5
2020-10-21,5,36
2020-10-21,6,66
2020-10-21,7,100
2020-10-21,8,128
2020-10-21,9,118
2020-10-21,10,134
2020-10-21,11,175
2020-10-21,12,196
2020-10-21,13,146
2020-10-21,14,186
2020-10-21,15,169
2020-10-21,16,177
2020-10-21,17,113
2020-10-21,18,85
2020-10-21,19,60
2020-10-21,20,47
2020-10-21,21,32
2020-10-21,22,18
2020-10-21,23,11
2020-10-22,0,6
2020-10-22,1,5
2020-10-22,2,3
2020-10-22,3,8
2020-10-22,4,10
2020-10-22,5,29
2020-10-22,6,67
2020-10-22,7,99
2020-10-22,8,133
2020-10-22,9,155
2020-10-22,10,181
2020-10-22,11,152
2020-10-22,12,195
2020-10-22,13,175
2020-10-22,14,164
2020-10-22,15,174
2020-10-22,16,174
2020-10-22,17,113
2020-10-22,18,73
2020-10-22,19,74
2020-10-22,20,44
2020-10-22,21,28
2020-10-22,22,22
2020-10-22,23,8
2020-10-23,0,9
2020-10-23,1,4
2020-10-23,2,4
2020-10-23,3,6
2020-10-23,4,10
2020-10-23,5,25
2020-10-23,6,71
2020-10-23,7,87
2020-10-23,8,140
2020-10-23,9,173
2020-10-23,10,146
2020-10-23,11,183
2020-10-23,12,217
2020-10-23,13,204
2020-10-23,14,218
2020-10-23,15,219
2020-10-23,16,181
2020-10-23,17,153
2020-10-23,18,126
2020-10-23,19,83
2020-10-23,20,59
2020-10-23,21,31
2020-10-23,22,27
2020-10-23,23,13
2020-10-24,0,11
2020-10-24,1,7
2020-10-24,2,5
2020-10-24,3,5
2020-10-24,4,7
2020-10-24,5,16
2020-10-24,6,24
2020-10-24,7,56
2020-10-24,8,96
2020-10-24,9,120
2020-10-24,10,163
2020-10-24,11,197
2020-10-24,12,261
2020-10-24,13,194
2020-10-24,14,202
2020-10-24,15,181
2020-10-24,16,175
2020-10-24,17,127
2020-10-24,18,83
2020-10-24,19,54
2020-10-24,20,47
2020-10-24,21,34
2020-10-24,22,25
2020-10-24,23,17
2020-10-25,0,11
2020-10-25,1,0
2020-10-25,2,5
2020-10-25,3,8
2020-10-25,4,7
2020-10-25,5,5
2020-10-25,6,9
2020-10-25,7,16
2020-10-25,8,31
2020-10-25,9,50
2020-10-25,10,134
2020-10-25,11,168
2020-10-25,12,162
2020-10-25,13,144
2020-10-25,14,158
2020-10-25,15,171
2020-10-25,16,116
2020-10-25,17,115
2020-10-25,18,77
2020-10-25,19,52
2020-10-25,20,53
2020-10-25,21,37
2020-10-25,22,24
2020-10-25,23,15
2020-10-26,0,7
2020-10-26,1,7
2020-10-26,2,1
2020-10-26,3,5
2020-10-26,4,6
2020-10-26,5,13
2020-10-26,6,31
2020-10-26,7,71
2020-10-26,8,106
2020-10-26,9,134
2020-10-26,10,120
2020-10-26,11,159
2020-10-26,12,147
2020-10-26,13,178
2020-10-26,14,137
2020-10-26,15,197
2020-10-26,16,176
2020-10-26,17,176
2020-10-26,18,115
2020-10-26,19,68
2020-10-26,20,48
2020-10-26,21,25
2020-10-26,22,26
2020-10-26,23,21
2020-10-27,0,9
2020-10-27,1,2
2020-10-27,2,4
2020-10-27,3,6
2020-10-27,4,7
2020-10-27,5,11
2020-10-27,6,23
2020-10-27,7,62
2020-10-27,8,85
2020-10-27,9,126
2020-10-27,10,140
2020-10-27,11,179
2020-10-27,12,167
2020-10-27,13,147
2020-10-27,14,181
2020-10-27,15,176
2020-10-27,16,170
2020-10-27,17,193
2020-10-27,18,115
2020-10-27,19,81
2020-10-27,20,54
2020-10-27,21,53
2020-10-27,22,28
2020-10-27,23,15
2020-10-28,0,13
2020-10-28,1,6
2020-10-28,2,5
2020-10-28,3,3
2020-10-28,4,6
2020-10-28,5,11
2020-10-28,6,27
2020-10-28,7,62
2020-10-28,8,106
2020-10-28,9,136
2020-10-28,10,135
2020-10-28,11,141
2020-10-28,12,181
2020-10-28,13,152
2020-10-28,14,174
2020-10-28,15,181
2020-10-28,16,219
2020-10-28,17,166
2020-10-28,18,133
2020-10-28,19,78
2020-10-28,20,64
2020-10-28,21,34
2020-10-28,22,31
2020-10-28,23,17
2020-10-29,0,14
2020-10-29,1,9
2020-10-29,2,1
2020-10-29,3,4
2020-10-29,4,7
2020-10-29,5,9
2020-10-29,6,28
2020-10-29,7,60
2020-10-29,8,114
2020-10-29,9,147
2020-10-29,10,169
2020-10-29,11,207
2020-10-29,12,183
2020-10-29,13,191
2020-10-29,14,170
2020-10-29,15,211
2020-10-29,16,195
2020-10-29,17,171
2020-10-29,18,144
2020-10-29,19,85
2020-10-29,20,59
2020-10-29,21,38
2020-10-29,22,24
2020-10-29,23,21
2020-10-30,0,12
2020-10-30,1,9
2020-10-30,2,5
2020-10-30,3,3
2020-10-30,4,9
2020-10-30,5,13
2020-10-30,6,32
2020-10-30,7,44
2020-10-30,8,116
2020-10-30,9,148
2020-10-30,10,195
2020-10-30,11,204
2020-10-30,12,220
2020-10-30,13,234
2020-10-30,14,204
2020-10-30,15,200
2020-10-30,16,232
2020-10-30,21,63
2020-10-30,22,39
2020-10-30,23,13
2020-10-31,0,17
2020-10-31,1,13
2020-10-31,2,5
2020-10-31,3,6
2020-10-31,4,8
2020-10-31,5,9
2020-10-31,6,12
2020-10-31,7,22
2020-10-31,8,53
2020-10-31,9,108
2020-10-31,10,145
2020-10-31,11,229
2020-10-31,12,227
2020-10-31,13,218
2020-10-31,14,212
2020-10-31,15,188
2020-10-31,16,155
2020-10-31,17,115
2020-10-31,18,137
2020-10-31,19,81
2020-10-31,20,39
2020-10-31,21,47
2020-10-31,22,31
2020-10-31,23,27
2020-11-01,0,20
2020-11-01,1,13
2020-11-01,2,10
2020-11-01,3,46
2020-11-01,4,7
2020-11-01,5,5
2020-11-01,6,19
2020-11-01,7,15
2020-11-01,8,27
2020-11-01,9,55
2020-11-01,10,124
2020-11-01,11,139
2020-11-01,12,159
2020-11-01,13,193
2020-11-01,14,173
2020-11-01,15,119
2020-11-01,16,124
2020-11-01,17,94
2020-11-01,18,76
2020-11-01,19,61
2020-11-01,20,55
2020-11-01,21,47
2020-11-01,22,22
2020-11-01,23,20
2020-11-02,0,18
2020-11-02,1,6
2020-11-02,2,4
2020-11-02,3,5
2020-11-02,4,9
2020-11-02,5,11
2020-11-02,6,24
2020-11-02,7,68
2020-11-02,8,85
2020-11-02,9,136
2020-11-02,10,117
2020-11-02,11,135
2020-11-02,12,181
2020-11-02,13,172
2020-11-02,14,149
2020-11-02,15,208
2020-11-02,16,152
2020-11-02,17,143
2020-11-02,18,134
2020-11-02,19,88
2020-11-02,20,55
2020-11-02,21,36
2020-11-02,22,34
2020-11-02,23,26
2020-11-03,0,12
2020-11-03,1,6
2020-11-03,2,4
2020-11-03,3,1
2020-11-03,4,5
2020-11-03,5,19
2020-11-03,6,30
2020-11-03,7,67
2020-11-03,8,119
2020-11-03,9,131
2020-11-03,10,125
2020-11-03,11,134
2020-11-03,12,175
2020-11-03,13,130
2020-11-03,14,149
2020-11-03,15,173
2020-11-03,16,209
2020-11-03,17,151
2020-11-03,18,110
2020-11-03,19,87
2020-11-03,20,56
2020-11-03,21,39
2020-11-03,22,43
2020-11-03,23,18
2020-11-04,0,6
2020-11-04,1,11
2020-11-04,2,3
2020-11-04,3,4
2020-11-04,4,5
2020-11-04,5,7
2020-11-04,6,34
2020-11-04,7,62
2020-11-04,8,99
2020-11-04,9,109
2020-11-04,10,119
2020-11-04,11,126
2020-11-04,12,145
2020-11-04,13,149
2020-11-04,14,136
2020-11-04,15,192
2020-11-04,16,147
2020-11-04,17,168
2020-11-04,18,119
2020-11-04,19,72
2020-11-04,20,61
2020-11-04,21,44
2020-11-04,22,28
2020-11-04,23,24
2020-11-05,0,9
2020-11-05,1,5
2020-11-05,2,9
2020-11-05,3,5
2020-11-05,4,4
2020-11-05,5,16
2020-11-05,6,35
2020-11-05,7,50
2020-11-05,8,100
2020-11-05,9,160
2020-11-05,10,147
2020-11-05,11,185
2020-11-05,12,180
2020-11-05,13,207
2020-11-05,14,172
2020-11-05,15,181
2020-11-05,16,187
2020-11-05,17,157
2020-11-05,18,135
2020-11-05,19,89
2020-11-05,20,59
2020-11-05,21,50
2020-11-05,22,39
2020-11-05,23,20
2020-11-06,0,18
2020-11-06,1,8
2020-11-06,2,3
2020-11-06,3,3
2020-11-06,4,5
2020-11-06,5,11
2020-11-06,6,33
2020-11-06,7,72
2020-11-06,8,110
2020-11-06,9,139
2020-11-06,10,184
2020-11-06,11,193
2020-11-06,12,168
2020-11-06,13,192
2020-11-06,14,222
2020-11-06,15,211
2020-11-06,16,219
2020-11-06,17,211
2020-11-06,18,210
2020-11-06,19,78
2020-11-06,20,84
2020-11-06,21,48
2020-11-06,22,49
2020-11-06,23,17
2020-11-07,0,22
2020-11-07,1,10
2020-11-07,2,4
2020-11-07,3,5
2020-11-07,4,9
2020-11-07,5,9
2020-11-07,6,17
2020-11-07,7,26
2020-11-07,8,60
2020-11-07,9,96
2020-11-07,10,153
2020-11-07,11,181
2020-11-07,12,184
2020-11-07,13,235
2020-11-07,14,169
2020-11-07,15,201
2020-11-07,16,182
2020-11-07,17,134
2020-11-07,18,133
2020-11-07,19,90
2020-11-07,20,64
2020-11-07,21,44
2020-11-07,22,39
2020-11-07,23,19
2020-11-08,0,19
2020-11-08,1,11
2020-11-08,2,8
2020-11-08,3,4
2020-11-08,4,8
2020-11-08,5,9
2020-11-08,6,15
2020-11-08,7,15
2020-11-08,8,31
2020-11-08,9,42
2020-11-08,10,114
2020-11-08,11,132
2020-11-08,12,146
2020-11-08,13,177
2020-11-08,14,151
2020-11-08,15,168
2020-11-08,16,128
2020-11-08,17,100
2020-11-08,18,85
2020-11-08,19,72
2020-11-08,20,60
2020-11-08,21,43
2020-11-08,22,24
2020-11-08,23,17
2020-11-09,0,7
2020-11-09,1,3
2020-11-09,2,8
2020-11-09,3,9
2020-11-09,4,6
2020-11-09,5,12
2020-11-09,6,24
2020-11-09,7,68
2020-11-09,8,88
2020-11-09,9,121
2020-11-09,10,121
2020-11-09,11,151
2020-11-09,12,187
2020-11-09,13,164
2020-11-09,14,150
2020-11-09,15,178
2020-11-09,16,154
2020-11-09,17,154
2020-11-09,18,101
2020-11-09,19,79
2020-11-09,20,64
2020-11-09,21,36
2020-11-09,22,35
2020-11-09,23,14
2020-11-10,0,14
2020-11-10,1,3
2020-11-10,2,4
2020-11-10,3,5
2020-11-10,4,4
2020-11-10,5,18
2020-11-10,6,33
2020-11-10,7,63
2020-11-10,8,77
2020-11-10,9,99
2020-11-10,10,129
2020-11-10,11,114
2020-11-10,12,150
2020-11-10,13,166
2020-11-10,14,157
2020-11-10,15,177
2020-11-10,16,182
2020-11-10,17,156
2020-11-10,18,146
2020-11-10,19,79
2020-11-10,20,68
2020-11-10,21,47
2020-11-10,22,32
2020-11-10,23,18
2020-11-11,0,15
2020-11-11,1,11
2020-11-11,2,1
2020-11-11,3,2
2020-11-11,4,8
2020-11-11,5,11
2020-11-11,6,34
2020-11-11,7,70
2020-11-11,8,100
2020-11-11,9,118
2020-11-11,10,119
2020-11-11,11,146
2020-11-11,12,154
2020-11-11,13,172
2020-11-11,14,136
2020-11-11,15,155
2020-11-11,16,168
2020-11-11,17,151
2020-11-11,18,130
2020-11-11,19,81
2020-11-11,20,50
2020-11-11,21,43
2020-11-11,22,29
2020-11-11,23,16
2020-11-12,0,13
2020-11-12,1,9
2020-11-12,2,5
2020-11-12,3,8
2020-11-12,4,5
2020-11-12,5,11
2020-11-12,6,36
2020-11-12,7,63
2020-11-12,8,91
2020-11-12,9,143
2020-11-12,10,174
2020-11-12,11,175
2020-11-12,12,194
2020-11-12,13,200
2020-11-12,14,205
2020-11-12,15,177
2020-11-12,16,201
2020-11-12,17,168
2020-11-12,18,126
2020-11-12,19,71
2020-11-12,20,55
2020-11-12,21,41
2020-11-12,22,36
2020-11-12,23,13
2020-11-13,0,12
2020-11-13,1,7
2020-11-13,2,6
2020-11-13,3,3
2020-11-13,4,5
2020-11-13,5,8
2020-11-13,6,31
2020-11-13,7,74
2020-11-13,8,117
2020-11-13,9,151
2020-11-13,10,158
2020-11-13,11,203
2020-11-13,12,205
2020-11-13,13,197
2020-11-13,14,218
2020-11-13,15,228
2020-11-13,16,213
2020-11-13,17,209
2020-11-13,18,146
2020-11-13,19,99
2020-11-13,20,77
2020-11-13,21,62
2020-11-13,22,36
2020-11-13,23,24
2020-11-14,0,20
2020-11-14,1,7
2020-11-14,2,3
2020-11-14,3,13
2020-11-14,4,4
2020-11-14,5,4
2020-11-14,6,20
2020-11-14,7,41
2020-11-14,8,57
2020-11-14,9,91
2020-11-14,10,157
2020-11-14,11,199
2020-11-14,12,184
2020-11-14,13,204
2020-11-14,14,197
2020-11-14,15,236
2020-11-14,16,156
2020-11-14,17,131
2020-11-14,18,115
2020-11-14,19,89
2020-11-14,20,64
2020-11-14,21,47
2020-11-14,22,37
2020-11-14,23,15
2020-11-15,0,21
2020-11-15,1,10
2020-11-15,2,5
2020-11-15,3,7
2020-11-15,4,6
2020-11-15,5,7
2020-11-15,6,12
2020-11-15,7,17
2020-11-15,8,26
2020-11-15,9,44
2020-11-15,10,106
2020-11-15,11,170
2020-11-15,12,161
2020-11-15,13,196
2020-11-15,14,225
2020-11-15,15,149
2020-11-15,16,146
2020-11-15,17,108
2020-11-15,18,68
2020-11-15,19,58
2020-11-15,20,48
2020-11-15,21,32
2020-11-15,22,31
2020-11-15,23,11
2020-11-16,0,18
2020-11-16,1,7
2020-11-16,2,5
2020-11-16,3,4
2020-11-16,4,6
2020-11-16,5,16
2020-11-16,6,28
2020-11-16,7,61
2020-11-16,8,87
2020-11-16,9,134
2020-11-16,10,136
2020-11-16,11,161
2020-11-16,12,170
2020-11-16,13,146
2020-11-16,14,168
2020-11-16,15,156
2020-11-16,16,176
2020-11-16,17,154
2020-11-16,18,122
2020-11-16,19,78
2020-11-16,20,61
2020-11-16,21,48
2020-11-16,22,31
2020-11-16,23,9
2020-11-17,0,13
2020-11-17,1,7
2020-11-17,2,4
2020-11-17,3,6
2020-11-17,12,150
2020-11-17,13,168
2020-11-17,14,176
2020-11-17,15,160
2020-11-17,16,191
2020-11-17,17,176
2020-11-17,18,140
2020-11-17,19,104
2020-11-17,20,79
2020-11-17,21,44
2020-11-17,22,26
2020-11-17,23,27
2020-11-18,0,13
2020-11-18,1,6
2020-11-18,2,1
2020-11-18,3,7
2020-11-18,4,9
2020-11-18,5,9
2020-11-18,6,36
2020-11-18,7,81
2020-11-18,8,95
2020-11-18,9,142
2020-11-18,10,140
2020-11-18,11,160
2020-11-18,12,170
2020-11-18,13,182
2020-11-18,14,204
2020-11-18,15,207
2020-11-18,16,180
2020-11-18,17,207
2020-11-18,18,155
2020-11-18,19,100
2020-11-18,20,75
2020-11-18,21,47
2020-11-18,22,25
2020-11-18,23,15
2020-11-19,0,16
2020-11-19,1,6
2020-11-19,2,4
2020-11-19,3,4
2020-11-19,4,5
2020-11-19,5,10
2020-11-19,6,33
2020-11-19,7,65
2020-11-19,8,92
2020-11-19,9,174
2020-11-19,10,182
2020-11-19,11,188
2020-11-19,12,202
2020-11-19,13,221
2020-11-19,14,196
2020-11-19,15,205
2020-11-19,16,239
2020-11-19,17,117
2020-11-19,18,131
2020-11-19,19,84
2020-11-19,20,62
2020-11-19,21,44
2020-11-19,22,36
2020-11-19,23,16
2020-11-20,0,16
2020-11-20,1,0
2020-11-20,2,0
2020-11-20,3,0
2020-11-20,4,0
2020-11-20,5,12
2020-11-20,6,30
2020-11-20,7,62
2020-11-20,8,97
2020-11-20,9,142
2020-11-20,10,168
2020-11-20,11,176
2020-11-20,12,203
2020-11-20,13,216
2020-11-20,14,204
2020-11-20,15,211
2020-11-20,16,212
2020-11-20,17,176
2020-11-20,18,159
2020-11-20,19,101
2020-11-20,20,76
2020-11-20,21,57
2020-11-20,22,44
2020-11-20,23,31
2020-11-21,0,16
2020-11-21,1,16
2020-11-21,2,0
2020-11-21,3,0
2020-11-21,4,4
2020-11-21,5,12
2020-11-21,6,16
2020-11-21,7,26
2020-11-21,8,52
2020-11-21,9,80
2020-11-21,10,131
2020-11-21,11,172
2020-11-21,12,189
2020-11-21,13,202
2020-11-21,14,190
2020-11-21,15,180
2020-11-21,16,164
2020-11-21,17,132
2020-11-21,18,123
2020-11-21,19,80
2020-11-21,20,57
2020-11-21,21,52
2020-11-21,22,36
2020-11-21,23,21
2020-11-22,0,16
2020-11-22,1,12
2020-11-22,2,8
2020-11-22,3,0
2020-11-22,4,4
2020-11-22,5,0
2020-11-22,6,16
2020-11-22,7,16
2020-11-22,8,26
2020-11-22,9,36
2020-11-22,10,105
2020-11-22,11,137
2020-11-22,12,154
2020-11-22,13,172
2020-11-22,14,172
2020-11-22,15,146
2020-11-22,16,119
2020-11-22,17,100
2020-11-22,18,84
2020-11-22,19,62
2020-11-22,20,52
2020-11-22,21,40
2020-11-22,22,26
2020-11-22,23,16
2020-11-23,0,16
2020-11-23,1,0
2020-11-23,2,0
2020-11-23,3,0
2020-11-23,4,0
2020-11-23,5,16
2020-11-23,6,26
2020-11-23,7,62
2020-11-23,8,80
2020-11-23,9,119
2020-11-23,10,119
2020-11-23,11,128
2020-11-23,12,159
2020-11-23,13,159
2020-11-23,14,150
2020-11-23,15,177
2020-11-23,16,168
2020-11-23,17,155
2020-11-23,18,114
2020-11-23,19,80
2020-11-23,20,52
2020-11-23,21,40
2020-11-23,22,35
2020-11-23,23,16
2020-11-24,0,12
2020-11-24,1,0
2020-11-24,2,0
2020-11-24,3,0
2020-11-24,4,0
2020-11-24,5,12
2020-11-24,6,21
2020-11-24,7,58
2020-11-24,8,84
2020-11-24,9,118
2020-11-24,10,114
2020-11-24,11,141
2020-11-24,12,141
2020-11-24,13,155
2020-11-24,14,160
2020-11-24,15,160
2020-11-24,16,176
2020-11-24,17,159
2020-11-24,18,118
2020-11-24,19,84
2020-11-24,20,62
2020-11-24,21,52
2020-11-24,22,31
2020-11-24,23,16
2020-11-25,0,12
2020-11-25,1,12
2020-11-25,2,0
2020-11-25,3,0
2020-11-25,4,4
2020-11-25,5,12
2020-11-25,6,26
2020-11-25,7,61
2020-11-25,8,88
2020-11-25,9,115
2020-11-25,10,123
2020-11-25,11,133
2020-11-25,12,150
2020-11-25,13,167
2020-11-25,14,164
2020-11-25,15,181
2020-11-25,16,172
2020-11-25,17,167
2020-11-25,18,136
2020-11-25,19,88
2020-11-25,20,52
2020-11-25,21,48
2020-11-25,22,31
2020-11-25,23,16
2020-11-26,0,11
2020-11-26,1,4
2020-11-26,2,0
2020-11-26,3,4
2020-11-26,4,4
2020-11-26,5,12
2020-11-26,6,31
2020-11-26,7,62
2020-11-26,8,84
2020-11-26,9,141
2020-11-26,10,154
2020-11-26,11,176
2020-11-26,12,180
2020-11-26,13,202
2020-11-26,14,185
2020-11-26,15,180
2020-11-26,16,211
2020-11-26,17,158
2020-11-26,18,123
2020-11-26,19,84
2020-11-26,20,62
2020-11-26,21,44
2020-11-26,22,36
2020-11-26,23,16
2020-11-27,0,16
2020-11-27,1,8
2020-11-27,2,0
2020-11-27,3,0
2020-11-27,4,4
2020-11-27,5,12
2020-11-27,6,30
2020-11-27,7,62
2020-11-27,8,92
2020-11-27,9,127
2020-11-27,10,163
2020-11-27,11,172
2020-11-27,12,193
2020-11-27,13,207
2020-11-27,14,203
2020-11-27,15,203
2020-11-27,16,208
2020-11-27,17,180
2020-11-27,18,159
2020-11-27,19,105
2020-11-27,20,76
2020-11-27,21,52
2020-11-27,22,44
2020-11-27,23,31
2020-11-28,0,16
2020-11-28,1,16
2020-11-28,2,0
2020-11-28,3,0
2020-11-28,4,0
2020-11-28,5,8
2020-11-28,6,16
2020-11-28,7,31
2020-11-28,8,52
2020-11-28,9,88
2020-11-28,10,131
2020-11-28,11,176
2020-11-28,12,194
2020-11-28,13,203
2020-11-28,14,190
2020-11-28,15,188
2020-11-28,16,164
2020-11-28,17,137
2020-11-28,18,119
2020-11-28,19,84
2020-11-28,20,62
2020-11-28,21,52
2020-11-28,22,36
2020-11-28,23,21
2020-11-29,0,21
2020-11-29,1,12
2020-11-29,2,8
2020-11-29,3,0
2020-11-29,4,4
2020-11-29,5,0
2020-11-29,6,16
2020-11-29,7,16
2020-11-29,8,26
2020-11-29,9,44
2020-11-29,10,105
2020-11-29,11,142
2020-11-29,12,158
2020-11-29,13,180
2020-11-29,14,172
2020-11-29,15,146
2020-11-29,16,119
2020-11-29,17,96
2020-11-29,18,84
2020-11-29,19,62
2020-11-29,20,52
2020-11-29,21,40
2020-11-29,22,31
2020-11-29,23,16
2020-11-30,0,16
2020-11-30,1,0
2020-11-30,2,0
2020-11-30,3,0
2020-11-30,4,0
2020-11-30,5,16
2020-11-30,6,21
2020-11-30,7,57
2020-11-30,8,80
2020-11-30,9,123
2020-11-30,10,119
2020-11-30,11,136
2020-11-30,12,155
2020-11-30,13,155
2020-11-30,14,155
2020-11-30,15,177
2020-11-30,16,164
2020-11-30,17,155
2020-11-30,18,114
2020-11-30,19,80
2020-11-30,20,58
2020-11-30,21,40
2020-11-30,22,35
2020-11-30,23,16
2020-12-01,0,12
2020-12-01,1,0
2020-12-01,2,0
2020-12-01,3,4
2020-12-01,4,0
2020-12-01,5,8
2020-12-01,6,21
2020-12-01,7,62
2020-12-01,8,80
2020-12-01,9,118
2020-12-01,10,114
2020-12-01,11,137
2020-12-01,12,141
2020-12-01,13,120
2020-12-01,14,138
2020-12-01,15,184
2020-12-01,16,200
2020-12-01,17,149
2020-12-01,18,110
2020-12-01,19,60
2020-12-01,20,66
2020-12-01,21,37
2020-12-01,22,21
2020-12-01,23,16
2020-12-02,0,12
2020-12-02,1,5
2020-12-02,2,7
2020-12-02,3,6
2020-12-02,4,7
2020-12-02,5,7
2020-12-02,6,30
2020-12-02,7,59
2020-12-02,8,91
2020-12-02,9,98
2020-12-02,10,105
2020-12-02,11,114
2020-12-02,12,126
2020-12-02,13,168
2020-12-02,14,145
2020-12-02,15,194
2020-12-02,16,182
2020-12-02,17,130
2020-12-02,18,91
2020-12-02,19,94
2020-12-02,20,67
2020-12-02,21,39
2020-12-02,22,34
2020-12-02,23,21
2020-12-03,0,8
2020-12-03,1,5
2020-12-03,2,4
2020-12-03,3,1
2020-12-03,4,6
2020-12-03,5,15
2020-12-03,6,36
2020-12-03,7,80
2020-12-03,8,88
2020-12-03,9,120
2020-12-03,10,132
2020-12-03,11,127
2020-12-03,12,135
2020-12-03,13,152
2020-12-03,14,173
2020-12-03,15,174
2020-12-03,16,169
2020-12-03,17,127
2020-12-03,18,107
2020-12-03,19,83
2020-12-03,20,57
2020-12-03,21,27
2020-12-03,22,40
2020-12-03,23,23
2020-12-04,0,14
2020-12-04,1,6
2020-12-04,2,7
2020-12-04,3,5
2020-12-04,4,11
2020-12-04,5,16
2020-12-04,6,42
2020-12-04,7,80
2020-12-04,8,96
2020-12-04,9,130
2020-12-04,10,126
2020-12-04,11,137
2020-12-04,12,188
2020-12-04,13,219
2020-12-04,14,217
2020-12-04,15,242
2020-12-04,16,151
2020-12-04,17,129
2020-12-04,18,130
2020-12-04,19,95
2020-12-04,20,83
2020-12-04,21,42
2020-12-04,22,37
2020-12-04,23,20
2020-12-05,0,12
2020-12-05,1,15
2020-12-05,2,5
2020-12-05,3,4
2020-12-05,4,4
2020-12-05,5,3
2020-12-05,6,13
2020-12-05,7,22
2020-12-05,8,57
2020-12-05,9,72
2020-12-05,11,132
2020-12-05,12,165
2020-12-05,13,159
2020-12-05,14,145
2020-12-05,15,171
2020-12-05,16,116
2020-12-05,17,109
2020-12-05,18,124
2020-12-05,19,106
2020-12-05,20,60
2020-12-05,21,55
2020-12-05,22,48
2020-12-05,23,27
2020-12-06,0,20
2020-12-06,1,7
2020-12-06,2,10
2020-12-06,3,10
2020-12-06,4,9
2020-12-06,5,16
2020-12-06,6,7
2020-12-06,7,9
2020-12-06,8,24
2020-12-06,9,39
2020-12-06,10,55
2020-12-06,11,77
2020-12-06,12,101
2020-12-06,13,103
2020-12-06,14,117
2020-12-06,15,113
2020-12-06,16,104
2020-12-06,17,101
2020-12-06,18,98
2020-12-06,19,66
2020-12-06,20,60
2020-12-06,21,42
2020-12-06,22,29
2020-12-06,23,20
2020-12-07,0,17
2020-12-07,1,8
2020-12-07,2,6
2020-12-07,3,5
2020-12-07,4,6
2020-12-07,5,11
2020-12-07,6,39
2020-12-07,7,58
2020-12-07,8,85
2020-12-07,9,104
2020-12-07,10,103
2020-12-07,11,128
2020-12-07,12,134
2020-12-07,13,160
2020-12-07,14,144
2020-12-07,15,171
2020-12-07,16,166
2020-12-07,17,158
2020-12-07,18,117
2020-12-07,19,84
2020-12-07,20,59
2020-12-07,21,38
2020-12-07,22,19
2020-12-07,23,18
2020-12-08,0,14
2020-12-08,1,9
2020-12-08,2,8
2020-12-08,3,1
2020-12-08,4,5
2020-12-08,5,9
2020-12-08,6,32
2020-12-08,7,43
2020-12-08,8,90
2020-12-08,9,117
2020-12-08,10,115
2020-12-08,11,131
2020-12-08,12,148
2020-12-08,13,150
2020-12-08,14,153
2020-12-08,15,174
2020-12-08,16,168
2020-12-08,17,134
2020-12-08,18,108
2020-12-08,19,82
2020-12-08,20,44
2020-12-08,21,36
2020-12-08,22,27
2020-12-08,23,18
2020-12-09,0,9
2020-12-09,1,7
2020-12-09,2,5
2020-12-09,3,2
2020-12-09,4,6
2020-12-09,5,10
2020-12-09,6,36
2020-12-09,7,56
2020-12-09,8,85
2020-12-09,9,120
2020-12-09,10,96
2020-12-09,11,109
2020-12-09,12,144
2020-12-09,13,170
2020-12-09,14,163
2020-12-09,15,177
2020-12-09,16,168
2020-12-09,17,181
2020-12-09,18,114
2020-12-09,19,95
2020-12-09,20,62
2020-12-09,21,31
2020-12-09,22,36
2020-12-09,23,16
2020-12-10,0,12
2020-12-10,1,7
2020-12-10,2,4
2020-12-10,3,4
2020-12-10,4,10
2020-12-10,5,12
2020-12-10,6,39
2020-12-10,7,60
2020-12-10,8,79
2020-12-10,9,137
2020-12-10,10,121
2020-12-10,11,139
2020-12-10,12,130
2020-12-10,13,140
2020-12-10,14,153
2020-12-10,15,162
2020-12-10,16,152
2020-12-10,17,146
2020-12-10,18,126
2020-12-10,19,72
2020-12-10,20,61
2020-12-10,21,39
2020-12-10,22,34
2020-12-10,23,32
2020-12-11,0,13
2020-12-11,1,9
2020-12-11,2,7
2020-12-11,3,4
2020-12-11,4,8
2020-12-11,5,9
2020-12-11,6,44
2020-12-11,7,78
2020-12-11,8,111
2020-12-11,9,165
2020-12-11,10,183
2020-12-11,11,179
2020-12-11,12,200
2020-12-11,13,185
2020-12-11,14,203
2020-12-11,15,212
2020-12-11,16,204
2020-12-11,17,158
2020-12-11,18,140
2020-12-11,19,104
2020-12-11,20,80
2020-12-11,21,53
2020-12-11,22,37
2020-12-11,23,29
2020-12-12,0,22
2020-12-12,1,12
2020-12-12,2,8
2020-12-12,3,2
2020-12-12,4,6
2020-12-12,5,8
2020-12-12,6,20
2020-12-12,7,33
2020-12-12,8,74
2020-12-12,9,106
2020-12-12,10,139
2020-12-12,11,184
2020-12-12,12,245
2020-12-12,13,199
2020-12-12,14,214
2020-12-12,15,215
2020-12-12,16,195
2020-12-12,17,120
2020-12-12,18,140
2020-12-12,19,95
2020-12-12,20,90
2020-12-12,21,29
2020-12-12,22,37
2020-12-12,23,21
2020-12-13,0,25
2020-12-13,1,18
2020-12-13,2,6
2020-12-13,3,6
2020-12-13,4,9
2020-12-13,5,4
2020-12-13,6,10
2020-12-13,7,22
2020-12-13,8,28
2020-12-13,9,59
2020-12-13,10,129
2020-12-13,11,153
2020-12-13,12,226
2020-12-13,13,196
2020-12-13,14,183
2020-12-13,15,166
2020-12-13,16,137
2020-12-13,17,93
2020-12-13,18,95
2020-12-13,19,61
2020-12-13,20,53
2020-12-13,21,38
2020-12-13,22,20
2020-12-13,23,21
2020-12-14,0,13
2020-12-14,1,9
2020-12-14,2,4
2020-12-14,3,3
2020-12-14,4,9
2020-12-14,5,13
2020-12-14,6,21
2020-12-14,7,67
2020-12-14,8,97
2020-12-14,9,133
2020-12-14,10,129
2020-12-14,11,169
2020-12-14,12,168
2020-12-14,13,167
2020-12-14,14,160
2020-12-14,15,223
2020-12-14,16,168
2020-12-14,17,181
2020-12-14,18,132
2020-12-14,19,71
2020-12-14,20,61
2020-12-14,21,42
2020-12-14,22,37
2020-12-14,23,19
2020-12-15,0,12
2020-12-15,1,10
2020-12-15,2,6
2020-12-15,3,6
2020-12-15,4,4
2020-12-15,5,9
2020-12-15,6,24
2020-12-15,7,94
2020-12-15,8,107
2020-12-15,9,141
2020-12-15,10,151
2020-12-15,11,161
2020-12-15,12,195
2020-12-15,13,193
2020-12-15,14,182
2020-12-15,15,179
2020-12-15,16,199
2020-12-15,17,171
2020-12-15,18,141
2020-12-15,19,99
2020-12-15,20,78
2020-12-15,21,46
2020-12-15,22,42
2020-12-15,23,21
2020-12-16,0,14
2020-12-16,1,4
2020-12-16,2,7
2020-12-16,3,6
2020-12-16,4,10
2020-12-16,5,11
2020-12-16,6,45
2020-12-16,7,55
2020-12-16,8,90
2020-12-16,9,126
2020-12-16,10,174
2020-12-16,11,139
2020-12-16,12,187
2020-12-16,13,166
2020-12-16,14,223
2020-12-16,15,189
2020-12-16,16,199
2020-12-16,17,181
2020-12-16,18,129
2020-12-16,19,99
2020-12-16,20,73
2020-12-16,21,42
2020-12-16,22,30
2020-12-16,23,21
2020-12-17,0,14
2020-12-17,1,12
2020-12-17,2,2
2020-12-17,3,3
2020-12-17,4,8
2020-12-17,5,12
2020-12-17,6,31
2020-12-17,7,56
2020-12-17,8,83
2020-12-17,9,150
2020-12-17,10,220
2020-12-17,11,184
2020-12-17,12,187
2020-12-17,13,212
2020-12-17,14,207
2020-12-17,15,189
2020-12-17,16,210
2020-12-17,17,197
2020-12-17,18,128
2020-12-17,19,87
2020-12-17,20,92
2020-12-17,21,52
2020-12-17,22,44
2020-12-17,23,21
2020-12-18,0,17
2020-12-18,1,15
2020-12-18,2,5
2020-12-18,3,3
2020-12-18,4,8
2020-12-18,5,6
2020-12-18,6,34
2020-12-18,7,56
2020-12-18,8,103
2020-12-18,9,181
2020-12-18,10,198
2020-12-18,11,214
2020-12-18,12,205
2020-12-18,13,219
2020-12-18,14,213
2020-12-18,15,235
2020-12-18,16,217
2020-12-18,17,162
2020-12-18,18,174
2020-12-18,19,116
2020-12-18,20,84
2020-12-18,21,57
2020-12-18,22,48
2020-12-18,23,34
2020-12-19,0,18
2020-12-19,1,6
2020-12-19,2,10
2020-12-19,3,7
2020-12-19,4,2
2020-12-19,5,6
2020-12-19,6,19
2020-12-19,7,28
2020-12-19,8,47
2020-12-19,9,139
2020-12-19,10,135
2020-12-19,11,202
2020-12-19,12,210
2020-12-19,13,227
2020-12-19,14,202
2020-12-19,15,211
2020-12-19,16,225
2020-12-19,17,203
2020-12-19,18,142
2020-12-19,19,110
2020-12-19,20,61
2020-12-19,21,48
2020-12-19,22,37
2020-12-19,23,31
2020-12-20,0,20
2020-12-20,1,13
2020-12-20,2,11
2020-12-20,3,6
2020-12-20,4,7
2020-12-20,5,8
2020-12-20,6,21
2020-12-20,7,22
2020-12-20,8,24
2020-12-20,9,56
2020-12-20,10,111
2020-12-20,11,185
2020-12-20,12,161
2020-12-20,13,192
2020-12-20,14,176
2020-12-20,15,165
2020-12-20,16,117
2020-12-20,17,109
2020-12-20,18,124
2020-12-20,19,82
2020-12-20,20,71
2020-12-20,21,42
2020-12-20,22,26
2020-12-20,23,22
2020-12-21,0,9
2020-12-21,1,6
2020-12-21,2,6
2020-12-21,3,8
2020-12-21,4,11
2020-12-21,5,11
2020-12-21,6,38
2020-12-21,7,44
2020-12-21,8,93
2020-12-21,9,173
2020-12-21,10,187
2020-12-21,11,215
2020-12-21,12,195
2020-12-21,13,237
2020-12-21,14,226
2020-12-21,15,217
2020-12-21,16,214
2020-12-21,17,189
2020-12-21,18,148
2020-12-21,19,91
2020-12-21,20,81
2020-12-21,21,53
2020-12-21,22,35
2020-12-21,23,16
2020-12-22,0,16
2020-12-22,1,4
2020-12-22,2,0
2020-12-22,3,0
2020-12-22,4,0
2020-12-22,5,12
2020-12-22,6,26
2020-12-22,7,62
2020-12-22,8,88
2020-12-22,9,148
2020-12-22,10,197
2020-12-22,11,231
2020-12-22,12,199
2020-12-22,13,219
2020-12-22,14,204
2020-12-22,15,227
2020-12-22,16,212
2020-12-22,17,196
2020-12-22,18,155
2020-12-22,19,124
2020-12-22,20,73
2020-12-22,21,58
2020-12-22,22,51
2020-12-22,23,18
2020-12-23,0,19
2020-12-23,1,11
2020-12-23,2,2
2020-12-23,3,4
2020-12-23,4,7
2020-12-23,5,9
2020-12-23,6,25
2020-12-23,7,43
2020-12-23,8,83
2020-12-23,9,134
2020-12-23,10,187
2020-12-23,11,232
2020-12-23,12,208
2020-12-23,13,229
2020-12-23,14,220
2020-12-23,15,206
2020-12-23,16,216
2020-12-23,17,204
2020-12-23,18,172
2020-12-23,19,104
2020-12-23,20,103
2020-12-23,21,92
2020-12-23,22,45
2020-12-23,23,29
2020-12-24,0,16
2020-12-24,1,14
2020-12-24,2,5
2020-12-24,3,5
2020-12-24,4,11
2020-12-24,5,14
2020-12-24,6,15
2020-12-24,7,91
2020-12-24,8,89
2020-12-24,9,159
2020-12-24,10,209
2020-12-24,11,196
2020-12-24,12,243
2020-12-24,13,247
2020-12-24,14,209
2020-12-24,15,195
2020-12-24,16,188
2020-12-24,17,152
2020-12-24,18,125
2020-12-24,19,109
2020-12-24,20,68
2020-12-24,21,56
2020-12-24,22,31
2020-12-24,23,29
2020-12-25,0,7
2020-12-25,1,10
2020-12-25,2,6
2020-12-25,3,2
2020-12-25,4,1
2020-12-25,5,6
2020-12-25,6,23
2020-12-25,7,62
2020-12-25,8,100
2020-12-25,9,146
2020-12-25,10,131
2020-12-25,11,37
2020-12-25,12,54
2020-12-25,13,51
2020-12-25,14,68
2020-12-25,15,57
2020-12-25,16,39
2020-12-25,17,34
2020-12-25,18,40
2020-12-25,19,40
2020-12-25,20,48
2020-12-25,21,36
2020-12-25,22,29
2020-12-25,23,16
2020-12-26,0,12
2020-12-26,1,10
2020-12-26,2,9
2020-12-26,3,6
2020-12-26,4,4
2020-12-26,5,5
2020-12-26,6,7
2020-12-26,7,26
2020-12-26,8,44
2020-12-26,9,80
2020-12-26,10,60
2020-12-26,11,52
2020-12-26,12,59
2020-12-26,13,42
2020-12-26,14,45
2020-12-26,15,56
2020-12-26,16,59
2020-12-26,17,57
2020-12-26,18,57
2020-12-26,19,50
2020-12-26,20,46
2020-12-26,21,42
2020-12-26,22,27
2020-12-26,23,17
2020-12-27,0,16
2020-12-27,1,6
2020-12-27,2,8
2020-12-27,3,8
2020-12-27,4,5
2020-12-27,5,4
2020-12-27,6,11
2020-12-27,7,16
2020-12-27,8,16
2020-12-27,9,40
2020-12-27,10,47
2020-12-27,11,49
2020-12-27,12,77
2020-12-27,13,62
2020-12-27,14,96
2020-12-27,15,83
2020-12-27,16,84
2020-12-27,17,81
2020-12-27,18,66
2020-12-27,19,47
2020-12-27,20,36
2020-12-27,21,46
2020-12-27,22,29
2020-12-27,23,17
2020-12-28,0,12
2020-12-28,1,7
2020-12-28,2,4
2020-12-28,3,2
2020-12-28,4,5
2020-12-28,5,11
2020-12-28,6,12
2020-12-28,7,26
2020-12-28,8,36
2020-12-28,9,46
2020-12-28,10,48
2020-12-28,11,80
2020-12-28,12,84
2020-12-28,13,102
2020-12-28,14,112
2020-12-28,15,127
2020-12-28,16,131
2020-12-28,17,68
2020-12-28,18,65
2020-12-28,19,59
2020-12-28,20,48
2020-12-28,21,33
2020-12-28,22,30
2020-12-28,23,12
2020-12-29,0,18
2020-12-29,1,10
2020-12-29,2,9
2020-12-29,3,1
2020-12-29,4,12
2020-12-29,5,7
2020-12-29,6,18
2020-12-29,7,19
2020-12-29,8,47
2020-12-29,9,75
2020-12-29,10,89
2020-12-29,11,104
2020-12-29,12,117
2020-12-29,13,143
2020-12-29,14,126
2020-12-29,15,122
2020-12-29,16,123
2020-12-29,17,107
2020-12-29,18,146
2020-12-29,19,57
2020-12-29,20,52
2020-12-29,21,41
2020-12-29,22,38
2020-12-29,23,18
2020-12-30,0,22
2020-12-30,1,6
2020-12-30,2,5
2020-12-30,3,6
2020-12-30,4,5
2020-12-30,5,9
2020-12-30,6,14
2020-12-30,7,26
2020-12-30,8,57
2020-12-30,9,81
2020-12-30,10,99
2020-12-30,11,117
2020-12-30,12,134
2020-12-30,13,160
2020-12-30,14,164
2020-12-30,15,131
2020-12-30,16,130
2020-12-30,17,114
2020-12-30,18,97
2020-12-30,19,71
2020-12-30,20,62
2020-12-30,21,46
2020-12-30,22,31
2020-12-30,23,20
2020-12-31,0,16
2020-12-31,1,7
2020-12-31,2,6
2020-12-31,3,5
2020-12-31,4,7
2020-12-31,5,10
2020-12-31,6,22
2020-12-31,7,35
2020-12-31,8,53
2020-12-31,9,69
2020-12-31,10,93
2020-12-31,11,143
2020-12-31,12,140
2020-12-31,13,190
2020-12-31,14,160
2020-12-31,15,168
2020-12-31,16,122
2020-12-31,17,91
2020-12-31,18,97
2020-12-31,19,73
2020-12-31,20,50
2020-12-31,21,51
2020-12-31,22,31
2020-12-31,23,19
2021-01-01,0,13
2021-01-01,1,15
2021-01-01,2,6
2021-01-01,3,11
2021-01-01,4,8
2021-01-01,5,8
2021-01-01,6,16
2021-01-01,7,11
2021-01-01,8,16
2021-01-01,9,78
2021-01-01,10,124
2021-01-01,11,124
2021-01-01,12,59
2021-01-01,13,47
2021-01-01,14,42
2021-01-01,15,62
2021-01-01,16,59
2021-01-01,17,47
2021-01-01,18,67
2021-01-01,19,52
2021-01-01,20,52
2021-01-01,21,42
2021-01-01,22,27
2021-01-01,23,19
2021-01-02,0,7
2021-01-02,1,9
2021-01-02,2,0
2021-01-02,3,1
2021-01-02,4,2
2021-01-02,5,4
2021-01-02,6,9
2021-01-02,7,26
2021-01-02,8,48
2021-01-02,9,59
2021-01-02,10,40
2021-01-02,11,50
2021-01-02,12,73
2021-01-02,13,64
2021-01-02,14,72
2021-01-02,15,101
2021-01-02,16,92
2021-01-02,17,76
2021-01-02,18,74
2021-01-02,19,61
2021-01-02,20,52
2021-01-02,21,43
2021-01-02,22,33
2021-01-02,23,23
2021-01-03,0,15
2021-01-03,1,8
2021-01-03,2,4
2021-01-03,3,7
2021-01-03,4,7
2021-01-03,5,9
2021-01-03,6,5
2021-01-03,7,12
2021-01-03,8,16
2021-01-03,9,15
2021-01-03,10,31
2021-01-03,11,59
2021-01-03,12,66
2021-01-03,13,91
2021-01-03,14,101
2021-01-03,15,92
2021-01-03,16,99
2021-01-03,17,71
2021-01-03,18,61
2021-01-03,19,51
2021-01-03,20,40
2021-01-03,21,35
2021-01-03,22,21
2021-01-03,23,16
2021-01-04,0,10
2021-01-04,1,7
2021-01-04,2,5
2021-01-04,3,5
2021-01-04,4,4
2021-01-04,5,8
2021-01-04,6,21
2021-01-04,7,37
2021-01-04,8,40
2021-01-04,9,53
2021-01-04,10,64
2021-01-04,11,94
2021-01-04,12,102
2021-01-04,13,157
2021-01-04,14,111
2021-01-04,15,98
2021-01-04,16,116
2021-01-04,17,100
2021-01-04,18,79
2021-01-04,19,65
2021-01-04,20,50
2021-01-04,21,32
2021-01-04,22,25
2021-01-04,23,16
2021-01-05,0,17
2021-01-05,1,8
2021-01-05,2,3
2021-01-05,3,3
2021-01-05,4,7
2021-01-05,5,12
2021-01-05,6,22
2021-01-05,7,48
2021-01-05,8,66
2021-01-05,9,60
2021-01-05,10,95
2021-01-05,11,112
2021-01-05,12,117
2021-01-05,13,134
2021-01-05,14,137
2021-01-05,15,121
2021-01-05,16,161
2021-01-05,17,121
2021-01-05,18,105
2021-01-05,19,68
2021-01-05,20,56
2021-01-05,21,33
2021-01-05,22,33
2021-01-05,23,11
2021-01-06,0,20
2021-01-06,1,0
2021-01-06,2,3
2021-01-06,3,5
2021-01-06,4,4
2021-01-06,5,6
2021-01-06,6,29
2021-01-06,7,48
2021-01-06,8,59
2021-01-06,9,83
2021-01-06,10,81
2021-01-06,11,92
2021-01-06,12,105
2021-01-06,13,128
2021-01-06,14,140
2021-01-06,15,120
2021-01-06,16,155
2021-01-06,17,115
2021-01-06,18,84
2021-01-06,19,64
2021-01-06,20,48
2021-01-06,21,37
2021-01-06,22,30
2021-01-06,23,18
2021-01-07,0,16
2021-01-07,1,6
2021-01-07,2,2
2021-01-07,3,2
2021-01-07,4,8
2021-01-07,5,14
2021-01-07,6,21
2021-01-07,7,60
2021-01-07,8,79
2021-01-07,9,59
2021-01-07,10,72
2021-01-07,11,97
2021-01-07,12,80
2021-01-07,13,127
2021-01-07,14,150
2021-01-07,15,145
2021-01-07,16,158
2021-01-07,17,113
2021-01-07,18,84
2021-01-07,19,63
2021-01-07,20,50
2021-01-07,21,33
2021-01-07,22,25
2021-01-07,23,22
2021-01-08,0,18
2021-01-08,1,4
2021-01-08,2,2
2021-01-08,3,2
2021-01-08,4,10
2021-01-08,5,10
2021-01-08,6,32
2021-01-08,7,90
2021-01-08,8,81
2021-01-08,9,76
2021-01-08,10,89
2021-01-08,11,106
2021-01-08,12,143
2021-01-08,13,147
2021-01-08,14,167
2021-01-08,15,180
2021-01-08,16,163
2021-01-08,17,145
2021-01-08,18,113
2021-01-08,19,65
2021-01-08,20,60
2021-01-08,21,47
2021-01-08,22,26
2021-01-08,23,22
2021-01-09,0,26
2021-01-09,1,8
2021-01-09,2,8
2021-01-09,3,6
2021-01-09,4,7
2021-01-09,5,7
2021-01-09,6,10
2021-01-09,7,21
2021-01-09,8,47
2021-01-09,9,44
2021-01-09,10,69
2021-01-09,11,80
2021-01-09,12,108
2021-01-09,13,113
2021-01-09,14,129
2021-01-09,15,123
2021-01-09,16,104
2021-01-09,17,118
2021-01-09,18,87
2021-01-09,19,73
2021-01-09,20,53
2021-01-09,21,39
2021-01-09,22,35
2021-01-09,23,20
2021-01-10,0,14
2021-01-10,1,15
2021-01-10,2,4
2021-01-10,3,5
2021-01-10,4,3
2021-01-10,5,4
2021-01-10,6,6
2021-01-10,7,15
2021-01-10,8,23
2021-01-10,9,24
2021-01-10,10,52
2021-01-10,11,57
2021-01-10,12,78
2021-01-10,13,123
2021-01-10,14,87
2021-01-10,15,150
2021-01-10,16,77
2021-01-10,17,72
2021-01-10,18,71
2021-01-10,19,42
2021-01-10,20,43
2021-01-10,21,38
2021-01-10,22,29
2021-01-10,23,14
2021-01-11,0,12
2021-01-11,1,3
2021-01-11,2,6
2021-01-11,3,7
2021-01-11,4,5
2021-01-11,5,5
2021-01-11,6,59
2021-01-11,7,66
2021-01-11,8,89
2021-01-11,9,77
2021-01-11,10,99
2021-01-11,11,121
2021-01-11,12,126
2021-01-11,13,133
2021-01-11,14,128
2021-01-11,15,160
2021-01-11,16,135
2021-01-11,17,117
2021-01-11,18,88
2021-01-11,19,70
2021-01-11,20,51
2021-01-11,21,26
2021-01-11,22,27
2021-01-11,23,15
2021-01-12,0,17
2021-01-12,1,3
2021-01-12,2,6
2021-01-12,3,2
2021-01-12,4,2
2021-01-12,5,20
2021-01-12,6,24
2021-01-12,7,57
2021-01-12,8,60
2021-01-12,9,95
2021-01-12,10,81
2021-01-12,11,98
2021-01-12,12,115
2021-01-12,13,131
2021-01-12,14,115
2021-01-12,15,141
2021-01-12,16,151
2021-01-12,17,142
2021-01-12,18,95
2021-01-12,19,51
2021-01-12,20,53
2021-01-12,21,32
2021-01-12,22,30
2021-01-12,23,23
2021-01-13,0,13
2021-01-13,1,5
2021-01-13,2,6
2021-01-13,3,3
2021-01-13,4,4
2021-01-13,5,7
2021-01-13,6,23
2021-01-13,7,44
2021-01-13,8,69
2021-01-13,9,72
2021-01-13,10,85
2021-01-13,11,119
2021-01-13,12,119
2021-01-13,13,137
2021-01-13,14,117
2021-01-13,15,135
2021-01-13,16,157
2021-01-13,17,126
2021-01-13,18,94
2021-01-13,19,76
2021-01-13,20,53
2021-01-13,21,31
2021-01-13,22,24
2021-01-13,23,20
2021-01-14,0,15
2021-01-14,1,7
2021-01-14,2,2
2021-01-14,3,4
2021-01-14,4,8
2021-01-14,5,10
2021-01-14,6,31
2021-01-14,7,44
2021-01-14,8,58
2021-01-14,9,83
2021-01-14,10,99
2021-01-14,11,103
2021-01-14,12,117
2021-01-14,13,134
2021-01-14,14,131
2021-01-14,15,132
2021-01-14,16,127
2021-01-14,17,111
2021-01-14,18,80
2021-01-14,19,59
2021-01-14,20,51
2021-01-14,21,29
2021-01-14,22,23
2021-01-14,23,14
2021-01-15,0,16
2021-01-15,1,4
2021-01-15,2,3
2021-01-15,3,4
2021-01-15,4,9
2021-01-15,5,4
2021-01-15,6,20
2021-01-15,7,53
2021-01-15,8,70
2021-01-15,9,80
2021-01-15,10,75
2021-01-15,11,141
2021-01-15,12,143
2021-01-15,13,167
2021-01-15,14,160
2021-01-15,15,179
2021-01-15,16,152
2021-01-15,17,133
2021-01-15,18,111
2021-01-15,19,92
2021-01-15,20,57
2021-01-15,21,49
2021-01-15,22,35
2021-01-15,23,23
2021-01-16,0,11
2021-01-16,1,11
2021-01-16,2,7
2021-01-16,3,4
2021-01-16,4,5
2021-01-16,5,8
2021-01-16,6,14
2021-01-16,7,24
2021-01-16,8,39
2021-01-16,9,51
2021-01-16,10,53
2021-01-16,11,84
2021-01-16,12,106
2021-01-16,13,103
2021-01-16,14,125
2021-01-16,15,119
2021-01-16,16,92
2021-01-16,17,91
2021-01-16,18,57
2021-01-16,19,61
2021-01-16,20,51
2021-01-16,21,48
2021-01-16,22,31
2021-01-16,23,21
2021-01-17,0,14
2021-01-17,1,8
2021-01-17,2,6
2021-01-17,3,3
2021-01-17,4,6
2021-01-17,5,5
2021-01-17,6,11
2021-01-17,7,18
2021-01-17,8,14
2021-01-17,9,25
2021-01-17,10,32
2021-01-17,11,49
2021-01-17,12,59
2021-01-17,13,79
2021-01-17,14,90
2021-01-17,15,105
2021-01-17,16,79
2021-01-17,17,75
2021-01-17,18,55
2021-01-17,19,37
2021-01-17,20,43
2021-01-17,21,28
2021-01-17,22,27
2021-01-17,23,18
2021-01-18,0,19
2021-01-18,1,7
2021-01-18,2,5
2021-01-18,3,4
2021-01-18,4,5
2021-01-18,5,9
2021-01-18,6,28
2021-01-18,7,52
2021-01-18,8,78
2021-01-18,9,87
2021-01-18,10,86
2021-01-18,11,116
2021-01-18,12,121
2021-01-18,13,143
2021-01-18,14,126
2021-01-18,15,126
2021-01-18,16,153
2021-01-18,17,132
2021-01-18,18,83
2021-01-18,19,69
2021-01-18,20,52
2021-01-18,21,34
2021-01-18,22,34
2021-01-18,23,13
2021-01-19,0,10
2021-01-19,1,6
2021-01-19,2,2
2021-01-19,3,4
2021-01-19,4,6
2021-01-19,5,3
2021-01-19,6,27
2021-01-19,7,49
2021-01-19,8,57
2021-01-19,9,118
2021-01-19,10,108
2021-01-19,11,125
2021-01-19,12,100
2021-01-19,13,136
2021-01-19,14,137
2021-01-19,15,151
2021-01-19,16,125
2021-01-19,17,118
2021-01-19,18,115
2021-01-19,19,74
2021-01-19,20,38
2021-01-19,21,30
2021-01-19,22,28
2021-01-19,23,19
2021-01-20,0,14
2021-01-20,1,5
2021-01-20,2,3
2021-01-20,3,6
2021-01-20,4,8
2021-01-20,5,12
2021-01-20,6,21
2021-01-20,7,60
2021-01-20,8,81
2021-01-20,9,87
2021-01-20,10,92
2021-01-20,11,106
2021-01-20,12,146
2021-01-20,13,126
2021-01-20,14,140
2021-01-20,15,121
2021-01-20,16,132
2021-01-20,17,141
2021-01-20,18,87
2021-01-20,19,65
2021-01-20,20,56
2021-01-20,21,39
2021-01-20,22,23
2021-01-20,23,18
2021-01-21,0,16
2021-01-21,1,4
2021-01-21,2,4
2021-01-21,3,2
2021-01-21,4,10
2021-01-21,5,7
2021-01-21,6,17
2021-01-21,7,52
2021-01-21,8,78
2021-01-21,9,66
2021-01-21,10,99
2021-01-21,11,104
2021-01-21,12,122
2021-01-21,13,114
2021-01-21,14,130
2021-01-21,15,132
2021-01-21,16,129
2021-01-21,17,125
2021-01-21,18,108
2021-01-21,19,79
2021-01-21,20,52
2021-01-21,21,35
2021-01-21,22,30
2021-01-21,23,24
2021-01-22,0,9
2021-01-22,1,5
2021-01-22,2,4
2021-01-22,3,5
2021-01-22,4,7
2021-01-22,5,5
2021-01-22,6,24
2021-01-22,7,54
2021-01-22,8,78
2021-01-22,9,70
2021-01-22,10,111
2021-01-22,11,136
2021-01-22,12,116
2021-01-22,13,156
2021-01-22,14,173
2021-01-22,15,162
2021-01-22,16,161
2021-01-22,17,130
2021-01-22,18,128
2021-01-22,19,69
2021-01-22,20,72
2021-01-22,21,43
2021-01-22,22,47
2021-01-22,23,24
2021-01-23,0,14
2021-01-23,1,13
2021-01-23,2,10
2021-01-23,3,3
2021-01-23,4,5
2021-01-23,5,11
2021-01-23,6,19
2021-01-23,7,26
2021-01-23,8,33
2021-01-23,9,52
2021-01-23,10,64
2021-01-23,11,105
2021-01-23,12,102
2021-01-23,13,109
2021-01-23,14,150
2021-01-23,15,113
2021-01-23,16,105
2021-01-23,17,115
2021-01-23,18,83
2021-01-23,19,79
2021-01-23,20,55
2021-01-23,21,51
2021-01-23,22,34
2021-01-23,23,21
2021-01-24,0,17
2021-01-24,1,15
2021-01-24,2,9
2021-01-24,3,6
2021-01-24,4,4
2021-01-24,5,4
2021-01-24,6,15
2021-01-24,7,15
2021-01-24,8,16
2021-01-24,9,36
2021-01-24,10,34
2021-01-24,11,69
2021-01-24,12,101
2021-01-24,13,110
2021-01-24,14,79
2021-01-24,15,101
2021-01-24,16,120
2021-01-24,17,97
2021-01-24,18,80
2021-01-24,19,69
2021-01-24,20,45
2021-01-24,21,42
2021-01-24,22,34
2021-01-24,23,16
2021-01-25,0,10
2021-01-25,1,6
2021-01-25,2,4
2021-01-25,3,4
2021-01-25,4,4
2021-01-25,5,18
2021-01-25,6,27
2021-01-25,7,52
2021-01-25,8,77
2021-01-25,9,86
2021-01-25,10,89
2021-01-25,11,126
2021-01-25,12,124
2021-01-25,13,159
2021-01-25,14,137
2021-01-25,15,127
2021-01-25,16,141
2021-01-25,17,147
2021-01-25,18,86
2021-01-25,19,142
2021-01-25,20,51
2021-01-25,21,44
2021-01-25,22,34
2021-01-25,23,16
2021-01-26,0,20
2021-01-26,1,13
2021-01-26,2,2
2021-01-26,3,5
2021-01-26,4,7
2021-01-26,5,12
2021-01-26,6,21
2021-01-26,7,55
2021-01-26,8,69
2021-01-26,9,70
2021-01-26,10,106
2021-01-26,11,141
2021-01-26,12,112
2021-01-26,13,124
2021-01-26,14,157
2021-01-26,15,144
2021-01-26,16,157
2021-01-26,17,126
2021-01-26,18,91
2021-01-26,19,57
2021-01-26,20,49
2021-01-26,21,42
2021-01-26,22,19
2021-01-26,23,17
2021-01-27,0,13
2021-01-27,1,5
2021-01-27,2,5
2021-01-27,3,6
2021-01-27,4,4
2021-01-27,5,10
2021-01-27,6,20
2021-01-27,7,67
2021-01-27,8,74
2021-01-27,9,103
2021-01-27,10,80
2021-01-27,11,108
2021-01-27,12,119
2021-01-27,13,140
2021-01-27,14,137
2021-01-27,15,143
2021-01-27,16,157
2021-01-27,17,137
2021-01-27,18,110
2021-01-27,19,80
2021-01-27,20,62
2021-01-27,21,25
2021-01-27,22,29
2021-01-27,23,22
2021-01-28,0,18
2021-01-28,1,10
2021-01-28,2,4
2021-01-28,3,4
2021-01-28,4,2
2021-01-28,5,7
2021-01-28,6,26
2021-01-28,7,67
2021-01-28,8,84
2021-01-28,9,88
2021-01-28,10,94
2021-01-28,11,121
2021-01-28,12,132
2021-01-28,13,130
2021-01-28,14,143
2021-01-28,15,158
2021-01-28,16,152
2021-01-28,17,122
2021-01-28,18,90
2021-01-28,19,69
2021-01-28,20,59
2021-01-28,21,33
2021-01-28,22,27
2021-01-28,23,21
2021-01-29,0,12
2021-01-29,1,4
2021-01-29,2,7
2021-01-29,3,2
2021-01-29,4,4
2021-01-29,5,10
2021-01-29,6,22
2021-01-29,7,75
2021-01-29,8,83
2021-01-29,9,80
2021-01-29,10,106
2021-01-29,11,121
2021-01-29,12,144
2021-01-29,13,180
2021-01-29,14,164
2021-01-29,15,181
2021-01-29,16,196
2021-01-29,17,154
2021-01-29,18,152
2021-01-29,19,67
2021-01-29,20,55
2021-01-29,21,42
2021-01-29,22,32
2021-01-29,23,20
2021-01-30,0,8
2021-01-30,1,13
2021-01-30,2,5
2021-01-30,3,6
2021-01-30,4,9
2021-01-30,5,7
2021-01-30,6,12
2021-01-30,7,24
2021-01-30,8,28
2021-01-30,9,67
2021-01-30,10,69
2021-01-30,11,87
2021-01-30,12,122
2021-01-30,13,125
2021-01-30,14,148
2021-01-30,15,163
2021-01-30,16,117
2021-01-30,17,113
2021-01-30,18,98
2021-01-30,19,83
2021-01-30,20,54
2021-01-30,21,43
2021-01-30,22,35
2021-01-30,23,23
2021-01-31,0,14
2021-01-31,1,6
2021-01-31,2,7
2021-01-31,3,3
2021-01-31,4,5
2021-01-31,5,8
2021-01-31,6,11
2021-01-31,7,12
2021-01-31,8,19
2021-01-31,9,28
2021-01-31,10,37
2021-01-31,11,47
2021-01-31,12,96
2021-01-31,13,93
2021-01-31,14,89
2021-01-31,15,118
2021-01-31,16,86
2021-01-31,17,85
2021-01-31,18,76
2021-01-31,19,59
2021-01-31,20,55
2021-01-31,21,41
2021-01-31,22,29
2021-01-31,23,18
2021-02-01,0,15
2021-02-01,1,6
2021-02-01,2,3
2021-02-01,3,3
2021-02-01,4,11
2021-02-01,5,11
2021-02-01,6,34
2021-02-01,7,49
2021-02-01,8,75
2021-02-01,9,78
2021-02-01,10,96
2021-02-01,11,112
2021-02-01,12,134
2021-02-01,13,132
2021-02-01,14,132
2021-02-01,15,117
2021-02-01,16,169
2021-02-01,17,130
2021-02-01,18,83
2021-02-01,19,73
2021-02-01,20,62
2021-02-01,21,33
2021-02-01,22,24
2021-02-01,23,16
2021-02-02,0,13
2021-02-02,1,5
2021-02-02,2,3
2021-02-02,3,6
2021-02-02,4,8
2021-02-02,5,6
2021-02-02,6,19
2021-02-02,7,50
2021-02-02,8,73
2021-02-02,9,74
2021-02-02,10,102
2021-02-02,11,102
2021-02-02,12,132
2021-02-02,13,127
2021-02-02,14,156
2021-02-02,15,118
2021-02-02,16,155
2021-02-02,17,119
2021-02-02,18,92
2021-02-02,19,78
2021-02-02,20,41
2021-02-02,21,27
2021-02-02,22,29
2021-02-02,23,16
2021-02-03,0,11
2021-02-03,1,6
2021-02-03,2,6
2021-02-03,3,3
2021-02-03,4,6
2021-02-03,5,6
2021-02-03,6,21
2021-02-03,7,66
2021-02-03,8,74
2021-02-03,9,77
2021-02-03,10,103
2021-02-03,11,91
2021-02-03,12,121
2021-02-03,13,145
2021-02-03,14,126
2021-02-03,15,141
2021-02-03,16,167
2021-02-03,17,159
2021-02-03,18,92
2021-02-03,19,73
2021-02-03,20,55
2021-02-03,21,32
2021-02-03,22,28
2021-02-03,23,20
2021-02-04,0,13
2021-02-04,1,6
2021-02-04,2,3
2021-02-04,3,2
2021-02-04,4,9
2021-02-04,5,8
2021-02-04,6,28
2021-02-04,7,51
2021-02-04,8,73
2021-02-04,9,85
2021-02-04,10,111
2021-02-04,11,114
2021-02-04,12,134
2021-02-04,13,127
2021-02-04,14,136
2021-02-04,15,166
2021-02-04,16,133
2021-02-04,17,165
2021-02-04,18,104
2021-02-04,19,80
2021-02-04,20,49
2021-02-04,21,37
2021-02-04,22,31
2021-02-04,23,20
2021-02-05,0,12
2021-02-05,1,5
2021-02-05,2,5
2021-02-05,3,5
2021-02-05,4,9
2021-02-05,5,9
2021-02-05,6,35
2021-02-05,7,55
2021-02-05,8,69
2021-02-05,9,89
2021-02-05,10,113
2021-02-05,11,114
2021-02-05,12,139
2021-02-05,13,193
2021-02-05,14,184
2021-02-05,15,169
2021-02-05,16,152
2021-02-05,17,145
2021-02-05,18,118
2021-02-05,19,86
2021-02-05,20,63
2021-02-05,21,42
2021-02-05,22,38
2021-02-05,23,21
2021-02-06,0,11
2021-02-06,1,9
2021-02-06,2,5
2021-02-06,3,6
2021-02-06,4,6
2021-02-06,5,5
2021-02-06,6,10
2021-02-06,7,24
2021-02-06,8,26
2021-02-06,9,45
2021-02-06,10,66
2021-02-06,11,112
2021-02-06,12,122
2021-02-06,13,127
2021-02-06,14,164
2021-02-06,15,156
2021-02-06,16,133
2021-02-06,17,95
2021-02-06,18,109
2021-02-06,19,69
2021-02-06,20,44
2021-02-06,21,47
2021-02-06,22,28
2021-02-06,23,21
2021-02-07,0,19
2021-02-07,1,9
2021-02-07,2,9
2021-02-07,3,11
2021-02-07,4,8
2021-02-07,5,8
2021-02-07,6,9
2021-02-07,7,18
2021-02-07,8,20
2021-02-07,9,28
2021-02-07,10,43
2021-02-07,11,73
2021-02-07,12,85
2021-02-07,13,97
2021-02-07,14,104
2021-02-07,15,100
2021-02-07,16,117
2021-02-07,17,82
2021-02-07,18,74
2021-02-07,19,58
2021-02-07,20,51
2021-02-07,21,20
2021-02-07,22,22
2021-02-07,23,21
2021-02-08,0,13
2021-02-08,1,3
2021-02-08,2,5
2021-02-08,3,4
2021-02-08,4,8
2021-02-08,5,10
2021-02-08,6,28
2021-02-08,7,68
2021-02-08,8,85
2021-02-08,9,84
2021-02-08,10,109
2021-02-08,11,112
2021-02-08,12,117
2021-02-08,13,157
2021-02-08,14,144
2021-02-08,15,140
2021-02-08,16,128
2021-02-08,17,131
2021-02-08,18,102
2021-02-08,19,87
2021-02-08,20,45
2021-02-08,21,35
2021-02-08,22,52
2021-02-08,23,22
2021-02-09,0,17
2021-02-09,1,7
2021-02-09,2,9
2021-02-09,3,4
2021-02-09,4,7
2021-02-09,5,13
2021-02-09,6,27
2021-02-09,7,70
2021-02-09,8,89
2021-02-09,9,89
2021-02-09,10,67
2021-02-09,11,72
2021-02-09,12,91
2021-02-09,13,85
2021-02-09,14,99
2021-02-09,15,85
2021-02-09,16,78
2021-02-09,17,91
2021-02-09,18,83
2021-02-09,19,61
2021-02-09,20,41
2021-02-09,21,36
2021-02-09,22,27
2021-02-09,23,24
2021-02-10,0,10
2021-02-10,1,4
2021-02-10,2,4
2021-02-10,3,4
2021-02-10,4,11
2021-02-10,5,9
2021-02-10,6,29
2021-02-10,7,50
2021-02-10,8,70
2021-02-10,9,56
2021-02-10,10,69
2021-02-10,11,88
2021-02-10,12,105
2021-02-10,13,110
2021-02-10,14,112
2021-02-10,15,119
2021-02-10,16,129
2021-02-10,17,133
2021-02-10,18,118
2021-02-10,19,74
2021-02-10,20,67
2021-02-10,21,35
2021-02-10,22,43
2021-02-10,23,15
2021-02-11,0,14
2021-02-11,1,5
2021-02-11,2,7
2021-02-11,3,5
2021-02-11,4,9
2021-02-11,5,13
2021-02-11,6,30
2021-02-11,7,53
2021-02-11,8,80
2021-02-11,9,87
2021-02-11,10,121
2021-02-11,11,107
2021-02-11,12,136
2021-02-11,13,148
2021-02-11,14,178
2021-02-11,15,149
2021-02-11,16,168
2021-02-11,17,152
2021-02-11,18,123
2021-02-11,19,85
2021-02-11,20,50
2021-02-11,21,42
2021-02-11,22,29
2021-02-11,23,26
2021-02-12,0,12
2021-02-12,1,12
2021-02-12,2,7
2021-02-12,3,5
2021-02-12,4,8
2021-02-12,5,7
2021-02-12,6,32
2021-02-12,7,50
2021-02-12,8,65
2021-02-12,9,88
2021-02-12,10,84
2021-02-12,11,131
2021-02-12,12,145
2021-02-12,13,161
2021-02-12,14,149
2021-02-12,15,192
2021-02-12,16,198
2021-02-12,17,167
2021-02-12,18,139
2021-02-12,19,115
2021-02-12,20,53
2021-02-12,21,45
2021-02-12,22,31
2021-02-12,23,29
2021-02-13,0,14
2021-02-13,1,14
2021-02-13,2,8
2021-02-13,3,7
2021-02-13,4,12
2021-02-13,5,9
2021-02-13,6,18
2021-02-13,7,26
2021-02-13,8,54
2021-02-13,9,63
2021-02-13,10,89
2021-02-13,11,104
2021-02-13,12,128
2021-02-13,13,133
2021-02-13,14,162
2021-02-13,15,154
2021-02-13,16,124
2021-02-13,17,127
2021-02-13,18,96
2021-02-13,19,84
2021-02-13,20,63
2021-02-13,21,53
2021-02-13,22,39
2021-02-13,23,28
2021-02-14,0,18
2021-02-14,1,10
2021-02-14,2,14
2021-02-14,3,2
2021-02-14,4,4
2021-02-14,5,11
2021-02-14,6,14
2021-02-14,7,22
2021-02-14,8,20
2021-02-14,9,34
2021-02-14,10,50
2021-02-14,11,67
2021-02-14,12,82
2021-02-14,13,86
2021-02-14,14,102
2021-02-14,15,140
2021-02-14,16,74
2021-02-14,17,73
2021-02-14,18,86
2021-02-14,19,64
2021-02-14,20,49
2021-02-14,21,32
2021-02-14,22,22
2021-02-14,23,23
2021-02-15,0,14
2021-02-15,1,6
2021-02-15,2,3
2021-02-15,3,4
2021-02-15,4,8
2021-02-15,5,13
2021-02-15,6,24
2021-02-15,7,61
2021-02-15,8,91
2021-02-15,9,94
2021-02-15,10,75
2021-02-15,11,115
2021-02-15,12,137
2021-02-15,13,109
2021-02-15,14,143
2021-02-15,15,162
2021-02-15,16,142
2021-02-15,17,151
2021-02-15,18,103
2021-02-15,19,79
2021-02-15,20,59
2021-02-15,21,35
2021-02-15,22,29
2021-02-15,23,20
2021-02-16,0,13
2021-02-16,1,3
2021-02-16,2,5
2021-02-16,3,5
2021-02-16,4,6
2021-02-16,5,9
2021-02-16,6,26
2021-02-16,7,55
2021-02-16,8,96
2021-02-16,9,92
2021-02-16,10,120
2021-02-16,11,101
2021-02-16,12,134
2021-02-16,13,131
2021-02-16,14,162
2021-02-16,15,140
2021-02-16,16,144
2021-02-16,17,131
2021-02-16,18,122
2021-02-16,19,83
2021-02-16,20,56
2021-02-16,21,35
2021-02-16,22,30
2021-02-16,23,18
2021-02-17,0,10
2021-02-17,1,6
2021-02-17,2,3
2021-02-17,3,2
2021-02-17,4,8
2021-02-17,5,11
2021-02-17,6,29
2021-02-17,7,55
2021-02-17,8,82
2021-02-17,9,88
2021-02-17,10,83
2021-02-17,11,107
2021-02-17,12,165
2021-02-17,13,127
2021-02-17,14,122
2021-02-17,15,160
2021-02-17,16,171
2021-02-17,17,135
2021-02-17,18,102
2021-02-17,19,72
2021-02-17,20,62
2021-02-17,21,39
2021-02-17,22,33
2021-02-17,23,26
2021-02-18,0,9
2021-02-18,1,9
2021-02-18,2,3
2021-02-18,3,2
2021-02-18,4,4
2021-02-18,5,11
2021-02-18,6,24
2021-02-18,7,58
2021-02-18,8,71
2021-02-18,9,79
2021-02-18,10,97
2021-02-18,11,117
2021-02-18,12,128
2021-02-18,13,138
2021-02-18,14,167
2021-02-18,15,147
2021-02-18,16,141
2021-02-18,17,134
2021-02-18,18,96
2021-02-18,19,87
2021-02-18,20,63
2021-02-18,21,46
2021-02-18,22,34
2021-02-18,23,22
2021-02-19,0,15
2021-02-19,1,5
2021-02-19,2,6
2021-02-19,3,6
2021-02-19,4,6
2021-02-19,5,11
2021-02-19,6,22
2021-02-19,7,55
2021-02-19,8,94
2021-02-19,9,110
2021-02-19,10,94
2021-02-19,11,146
2021-02-19,12,148
2021-02-19,13,151
2021-02-19,14,147
2021-02-19,15,163
2021-02-19,16,211
2021-02-19,17,161
2021-02-19,18,135
2021-02-19,19,78
2021-02-19,20,65
2021-02-19,21,55
2021-02-19,22,42
2021-02-19,23,34
2021-02-20,0,10
2021-02-20,1,8
2021-02-20,2,10
2021-02-20,3,5
2021-02-20,4,7
2021-02-20,5,6
2021-02-20,6,17
2021-02-20,7,19
2021-02-20,8,42
2021-02-20,9,59
2021-02-20,10,79
2021-02-20,11,117
2021-02-20,12,132
2021-02-20,13,140
2021-02-20,14,174
2021-02-20,15,120
2021-02-20,16,122
2021-02-20,17,125
2021-02-20,18,119
2021-02-20,19,65
2021-02-20,20,59
2021-02-20,21,60
2021-02-20,22,31
2021-02-20,23,23
2021-02-21,0,17
2021-02-21,1,7
2021-02-21,2,9
2021-02-21,3,6
2021-02-21,4,7
2021-02-21,5,4
2021-02-21,6,11
2021-02-21,7,22
2021-02-21,8,22
2021-02-21,9,32
2021-02-21,10,46
2021-02-21,11,74
2021-02-21,12,131
2021-02-21,13,105
2021-02-21,14,105
2021-02-21,15,103
2021-02-21,16,101
2021-02-21,17,102
2021-02-21,18,76
2021-02-21,19,65
2021-02-21,20,57
2021-02-21,21,34
2021-02-21,22,26
2021-02-21,23,17
2021-02-22,0,11
2021-02-22,1,4
2021-02-22,2,2
2021-02-22,3,6
2021-02-22,4,2
2021-02-22,5,7
2021-02-22,6,25
2021-02-22,7,72
2021-02-22,8,76
2021-02-22,9,112
2021-02-22,10,104
2021-02-22,11,125
2021-02-22,12,121
2021-02-22,13,142
2021-02-22,14,166
2021-02-22,15,143
2021-02-22,16,144
2021-02-22,17,119
2021-02-22,18,108
2021-02-22,19,76
2021-02-22,20,56
2021-02-22,21,43
2021-02-22,22,30
2021-02-22,23,16
2021-02-23,0,9
2021-02-23,1,3
2021-02-23,2,3
2021-02-23,3,5
2021-02-23,4,6
2021-02-23,5,13
2021-02-23,8,99
2021-02-23,9,104
2021-02-23,10,106
2021-02-23,11,117
2021-02-23,12,130
2021-02-23,13,137
2021-02-23,14,151
2021-02-23,15,155
2021-02-23,16,161
2021-02-23,17,149
2021-02-23,18,102
2021-02-23,19,85
2021-02-23,20,44
2021-02-23,21,30
2021-02-23,22,38
2021-02-23,23,20
2021-02-24,0,14
2021-02-24,1,4
2021-02-24,2,4
2021-02-24,3,2
2021-02-24,4,4
2021-02-24,5,15
2021-02-24,6,26
2021-02-24,7,61
2021-02-24,8,105
2021-02-24,9,123
2021-02-24,10,138
2021-02-24,11,116
2021-02-24,12,137
2021-02-24,13,177
2021-02-24,14,127
2021-02-24,15,125
2021-02-24,16,152
2021-02-24,17,138
2021-02-24,18,121
2021-02-24,19,80
2021-02-24,20,54
2021-02-24,21,41
2021-02-24,22,22
2021-02-24,23,18
2021-02-25,0,14
2021-02-25,1,7
2021-02-25,2,4
2021-02-25,3,3
2021-02-25,4,7
2021-02-25,5,6
2021-02-25,6,31
2021-02-25,7,64
2021-02-25,8,100
2021-02-25,9,97
2021-02-25,10,119
2021-02-25,11,111
2021-02-25,12,142
2021-02-25,13,152
2021-02-25,14,162
2021-02-25,15,151
2021-02-25,16,152
2021-02-25,17,137
2021-02-25,18,116
2021-02-25,19,72
2021-02-25,20,55
2021-02-25,21,52
2021-02-25,22,30
2021-02-25,23,36
2021-02-26,0,12
2021-02-26,1,6
2021-02-26,2,7
2021-02-26,3,4
2021-02-26,4,6
2021-02-26,5,14
2021-02-26,6,31
2021-02-26,7,61
2021-02-26,8,88
2021-02-26,9,112
2021-02-26,10,133
2021-02-26,11,137
2021-02-26,12,176
2021-02-26,13,197
2021-02-26,14,189
2021-02-26,15,162
2021-02-26,16,194
2021-02-26,17,197
2021-02-26,18,171
2021-02-26,19,126
2021-02-26,20,63
2021-02-26,21,51
2021-02-26,22,38
2021-02-26,23,26
2021-02-27,0,15
2021-02-27,1,8
2021-02-27,2,7
2021-02-27,3,8
2021-02-27,4,6
2021-02-27,5,10
2021-02-27,6,14
2021-02-27,7,22
2021-02-27,8,38
2021-02-27,9,66
2021-02-27,10,87
2021-02-27,11,92
2021-02-27,12,118
2021-02-27,13,153
2021-02-27,14,144
2021-02-27,15,137
2021-02-27,16,136
2021-02-27,17,130
2021-02-27,18,119
2021-02-27,19,90
2021-02-27,20,63
2021-02-27,21,57
2021-02-27,22,38
2021-02-27,23,28
2021-02-28,0,17
2021-02-28,1,11
2021-02-28,2,6
2021-02-28,3,6
2021-02-28,4,7
2021-02-28,5,12
2021-02-28,6,10
2021-02-28,7,21
2021-02-28,8,21
2021-02-28,9,36
2021-02-28,10,54
2021-02-28,11,80
2021-02-28,12,121
2021-02-28,13,105
2021-02-28,14,127
2021-02-28,15,97
2021-02-28,16,96
2021-02-28,17,95
2021-02-28,18,86
2021-02-28,19,67
2021-02-28,20,64
2021-02-28,21,39
2021-02-28,22,30
2021-02-28,23,11
2021-03-01,0,10
2021-03-01,1,6
2021-03-01,2,3
2021-03-01,3,5
2021-03-01,4,6
2021-03-01,5,9
2021-03-01,6,51
2021-03-01,7,60
2021-03-01,8,92
2021-03-01,9,158
2021-03-01,10,108
2021-03-01,11,134
2021-03-01,12,160
2021-03-01,13,144
2021-03-01,14,140
2021-03-01,15,173
2021-03-01,16,154
2021-03-01,17,157
2021-03-01,18,128
2021-03-01,19,80
2021-03-01,20,64
2021-03-01,21,50
2021-03-01,22,28
2021-03-01,23,19
2021-03-02,0,15
2021-03-02,1,2
2021-03-02,2,2
2021-03-02,3,2
2021-03-02,4,4
2021-03-02,5,10
2021-03-02,6,28
2021-03-02,7,59
2021-03-02,8,83
2021-03-02,9,119
2021-03-02,10,98
2021-03-02,11,119
2021-03-02,12,123
2021-03-02,13,132
2021-03-02,14,122
2021-03-02,15,168
2021-03-02,16,155
2021-03-02,17,162
2021-03-02,18,126
2021-03-02,19,85
2021-03-02,20,70
2021-03-02,21,48
2021-03-02,22,29
2021-03-02,23,17
2021-03-03,0,15
2021-03-03,1,8
2021-03-03,2,2
2021-03-03,3,4
2021-03-03,4,4
2021-03-03,5,12
2021-03-03,6,27
2021-03-03,7,67
2021-03-03,8,98
2021-03-03,9,117
2021-03-03,10,92
2021-03-03,11,128
2021-03-03,12,151
2021-03-03,13,171
2021-03-03,14,150
2021-03-03,15,158
2021-03-03,16,152
2021-03-03,17,137
2021-03-03,18,121
2021-03-03,19,69
2021-03-03,20,65
2021-03-03,21,49
2021-03-03,22,37
2021-03-03,23,23
2021-03-04,0,8
2021-03-04,1,7
2021-03-04,2,7
2021-03-04,3,4
2021-03-04,4,8
2021-03-04,5,8
2021-03-04,6,25
2021-03-04,7,67
2021-03-04,8,93
2021-03-04,9,81
2021-03-04,10,128
2021-03-04,11,123
2021-03-04,12,142
2021-03-04,13,169
2021-03-04,14,151
2021-03-04,15,162
2021-03-04,16,164
2021-03-04,17,140
2021-03-04,18,109
2021-03-04,19,73
2021-03-04,20,69
2021-03-04,21,45
2021-03-04,22,25
2021-03-04,23,25
2021-03-05,0,10
2021-03-05,1,11
2021-03-05,2,6
2021-03-05,3,3
2021-03-05,4,5
2021-03-05,5,3
2021-03-05,6,31
2021-03-05,7,53
2021-03-05,8,70
2021-03-05,9,111
2021-03-05,10,157
2021-03-05,11,128
2021-03-05,12,174
2021-03-05,13,191
2021-03-05,14,193
2021-03-05,15,180
2021-03-05,16,146
2021-03-05,17,137
2021-03-05,18,127
2021-03-05,19,92
2021-03-05,20,78
2021-03-05,21,46
2021-03-05,22,39
2021-03-05,23,28
2021-03-06,0,24
2021-03-06,1,6
2021-03-06,2,7
2021-03-06,3,8
2021-03-06,4,8
2021-03-06,5,9
2021-03-06,6,9
2021-03-06,7,23
2021-03-06,8,51
2021-03-06,9,59
2021-03-06,10,78
2021-03-06,11,107
2021-03-06,12,136
2021-03-06,13,142
2021-03-06,14,123
2021-03-06,15,148
2021-03-06,16,131
2021-03-06,17,94
2021-03-06,18,128
2021-03-06,19,87
2021-03-06,20,70
2021-03-06,21,38
2021-03-06,22,35
2021-03-06,23,24
2021-03-07,0,26
2021-03-07,1,11
2021-03-07,2,7
2021-03-07,3,10
2021-03-07,4,7
2021-03-07,5,9
2021-03-07,6,6
2021-03-07,7,13
2021-03-07,8,31
2021-03-07,9,50
2021-03-07,10,57
2021-03-07,11,73
2021-03-07,12,81
2021-03-07,13,106
2021-03-07,14,124
2021-03-07,15,127
2021-03-07,16,110
2021-03-07,17,108
2021-03-07,18,102
2021-03-07,19,72
2021-03-07,20,70
2021-03-07,21,44
2021-03-07,22,32
2021-03-07,23,28
2021-03-08,0,12
2021-03-08,1,8
2021-03-08,2,6
2021-03-08,3,9
2021-03-08,4,5
2021-03-08,5,12
2021-03-08,6,29
2021-03-08,7,70
2021-03-08,8,106
2021-03-08,9,127
2021-03-08,10,98
2021-03-08,11,113
2021-03-08,12,162
2021-03-08,13,152
2021-03-08,14,144
2021-03-08,15,143
2021-03-08,16,175
2021-03-08,17,137
2021-03-08,18,92
2021-03-08,19,77
2021-03-08,20,74
2021-03-08,21,27
2021-03-08,22,29
2021-03-08,23,10
2021-03-09,0,8
2021-03-09,1,4
2021-03-09,2,2
2021-03-09,3,0
2021-03-09,4,0
2021-03-09,5,9
2021-03-09,6,31
2021-03-09,7,55
2021-03-09,8,81
2021-03-09,9,123
2021-03-09,10,112
2021-03-09,11,155
2021-03-09,12,135
2021-03-09,13,182
2021-03-09,14,147
2021-03-09,15,149
2021-03-09,16,195
2021-03-09,17,144
2021-03-09,18,115
2021-03-09,19,77
2021-03-09,20,70
2021-03-09,21,35
2021-03-09,22,26
2021-03-09,23,16
2021-03-10,0,9
2021-03-10,1,0
2021-03-10,2,2
2021-03-10,3,4
2021-03-10,4,7
2021-03-10,5,11
2021-03-10,6,29
2021-03-10,7,73
2021-03-10,8,91
2021-03-10,9,110
2021-03-10,10,127
2021-03-10,11,131
2021-03-10,12,171
2021-03-10,13,154
2021-03-10,14,153
2021-03-10,15,148
2021-03-10,16,154
2021-03-10,17,144
2021-03-10,18,116
2021-03-10,19,146
2021-03-10,20,77
2021-03-10,21,41
2021-03-10,22,28
2021-03-10,23,8
2021-03-11,0,4
2021-03-11,1,3
2021-03-11,2,2
2021-03-11,3,2
2021-03-11,4,3
2021-03-11,5,10
2021-03-11,6,35
2021-03-11,7,80
2021-03-11,8,69
2021-03-11,9,85
2021-03-11,10,95
2021-03-11,11,117
2021-03-11,12,140
2021-03-11,13,136
2021-03-11,14,164
2021-03-11,15,158
2021-03-11,16,175
2021-03-11,17,140
2021-03-11,18,115
2021-03-11,19,76
2021-03-11,20,63
2021-03-11,21,42
2021-03-11,22,24
2021-03-11,23,10
2021-03-12,0,10
2021-03-12,1,3
2021-03-12,2,2
2021-03-12,3,3
2021-03-12,4,9
2021-03-12,5,7
2021-03-12,6,21
2021-03-12,7,63
2021-03-12,8,86
2021-03-12,9,116
2021-03-12,10,121
2021-03-12,11,158
2021-03-12,12,142
2021-03-12,13,187
2021-03-12,14,176
2021-03-12,15,196
2021-03-12,16,184
2021-03-12,17,161
2021-03-12,18,139
2021-03-12,19,91
2021-03-12,20,78
2021-03-12,21,51
2021-03-12,22,46
2021-03-12,23,19
2021-03-13,0,16
2021-03-13,1,7
2021-03-13,2,3
2021-03-13,3,3
2021-03-13,4,2
2021-03-13,5,9
2021-03-13,6,14
2021-03-13,7,37
2021-03-13,8,47
2021-03-13,9,59
2021-03-13,10,77
2021-03-13,11,105
2021-03-13,12,169
2021-03-13,13,154
2021-03-13,14,165
2021-03-13,15,139
2021-03-13,16,139
2021-03-13,17,141
2021-03-13,18,109
2021-03-13,19,93
2021-03-13,20,72
2021-03-13,21,40
2021-03-13,22,36
2021-03-13,23,25
2021-03-14,0,18
2021-03-14,1,14
2021-03-14,2,6
2021-03-14,3,2
2021-03-14,4,1
2021-03-14,5,11
2021-03-14,6,10
2021-03-14,7,20
2021-03-14,8,24
2021-03-14,9,37
2021-03-14,10,64
2021-03-14,11,92
2021-03-14,12,107
2021-03-14,13,124
2021-03-14,14,131
2021-03-14,15,140
2021-03-14,16,91
2021-03-14,17,99
2021-03-14,18,102
2021-03-14,19,65
2021-03-14,20,54
2021-03-14,21,42
2021-03-14,22,24
2021-03-14,23,29
2021-03-15,0,13
2021-03-15,1,6
2021-03-15,2,4
2021-03-15,3,5
2021-03-15,4,8
2021-03-15,5,12
2021-03-15,6,20
2021-03-15,7,63
2021-03-15,8,79
2021-03-15,9,119
2021-03-15,10,115
2021-03-15,11,120
2021-03-15,12,159
2021-03-15,13,158
2021-03-15,14,131
2021-03-15,15,155
2021-03-15,16,159
2021-03-15,17,140
2021-03-15,18,138
2021-03-15,19,79
2021-03-15,20,116
2021-03-15,21,37
2021-03-15,22,32
2021-03-15,23,21
2021-03-16,0,9
2021-03-16,1,3
2021-03-16,2,4
2021-03-16,3,1
2021-03-16,4,5
2021-03-16,5,7
2021-03-16,6,37
2021-03-16,7,62
2021-03-16,8,83
2021-03-16,9,109
2021-03-16,10,98
2021-03-16,11,121
2021-03-16,12,154
2021-03-16,13,126
2021-03-16,14,120
2021-03-16,15,142
2021-03-16,16,162
2021-03-16,17,146
2021-03-16,18,125
2021-03-16,19,88
2021-03-16,20,59
2021-03-16,21,35
2021-03-16,22,26
2021-03-16,23,21
2021-03-17,0,15
2021-03-17,1,9
2021-03-17,2,2
2021-03-17,3,1
2021-03-17,4,4
2021-03-17,5,14
2021-03-17,6,33
2021-03-17,7,63
2021-03-17,8,86
2021-03-17,9,100
2021-03-17,10,132
2021-03-17,11,140
2021-03-17,12,142
2021-03-17,13,163
2021-03-17,14,118
2021-03-17,15,127
2021-03-17,16,170
2021-03-17,17,143
2021-03-17,18,125
2021-03-17,19,73
2021-03-17,20,57
2021-03-17,21,43
2021-03-17,22,30
2021-03-17,23,17
2021-03-18,0,12
2021-03-18,1,6
2021-03-18,2,4
2021-03-18,3,2
2021-03-18,4,5
2021-03-18,5,6
2021-03-18,6,23
2021-03-18,7,63
2021-03-18,8,80
2021-03-18,9,109
2021-03-18,10,85
2021-03-18,11,133
2021-03-18,12,127
2021-03-18,13,150
2021-03-18,14,172
2021-03-18,15,128
2021-03-18,16,148
2021-03-18,17,134
2021-03-18,18,110
2021-03-18,19,101
2021-03-18,20,63
2021-03-18,21,39
2021-03-18,22,36
2021-03-18,23,25
2021-03-19,0,8
2021-03-19,1,4
2021-03-19,2,3
2021-03-19,3,4
2021-03-19,4,8
2021-03-19,5,11
2021-03-19,6,29
2021-03-19,7,56
2021-03-19,8,96
2021-03-19,9,98
2021-03-19,10,120
2021-03-19,11,144
2021-03-19,12,148
2021-03-19,13,154
2021-03-19,14,157
2021-03-19,15,198
2021-03-19,16,155
2021-03-19,17,158
2021-03-19,18,141
2021-03-19,19,136
2021-03-19,20,78
2021-03-19,21,58
2021-03-19,22,48
2021-03-19,23,28
2021-03-20,0,10
2021-03-20,1,13
2021-03-20,2,10
2021-03-20,3,8
2021-03-20,4,7
2021-03-20,5,8
2021-03-20,6,12
2021-03-20,7,37
2021-03-20,8,40
2021-03-20,9,70
2021-03-20,10,99
2021-03-20,11,132
2021-03-20,12,133
2021-03-20,13,124
2021-03-20,14,152
2021-03-20,15,137
2021-03-20,16,135
2021-03-20,17,125
2021-03-20,18,112
2021-03-20,19,95
2021-03-20,20,73
2021-03-20,21,43
2021-03-20,22,40
2021-03-20,23,31
2021-03-21,0,19
2021-03-21,1,13
2021-03-21,2,6
2021-03-21,3,7
2021-03-21,4,0
2021-03-21,5,8
2021-03-21,6,6
2021-03-21,7,19
2021-03-21,8,21
2021-03-21,9,38
2021-03-21,10,69
2021-03-21,11,91
2021-03-21,12,92
2021-03-21,13,84
2021-03-21,14,106
2021-03-21,15,111
2021-03-21,16,90
2021-03-21,17,70
2021-03-21,18,73
2021-03-21,19,64
2021-03-21,20,46
2021-03-21,21,33
2021-03-21,22,28
2021-03-21,23,23
2021-03-22,0,19
2021-03-22,1,8
2021-03-22,2,8
2021-03-22,3,4
2021-03-22,4,9
2021-03-22,5,8
2021-03-22,6,21
2021-03-22,7,46
2021-03-22,8,87
2021-03-22,9,117
2021-03-22,10,127
2021-03-22,11,124
2021-03-22,12,151
2021-03-22,13,159
2021-03-22,14,141
2021-03-22,15,140
2021-03-22,16,168
2021-03-22,17,143
2021-03-22,18,110
2021-03-22,19,73
2021-03-22,20,52
2021-03-22,21,40
2021-03-22,22,20
2021-03-22,23,20
2021-03-23,0,11
2021-03-23,1,4
2021-03-23,2,2
2021-03-23,3,1
2021-03-23,4,7
2021-03-23,5,9
2021-03-23,6,19
2021-03-23,7,54
2021-03-23,8,84
2021-03-23,9,97
2021-03-23,10,110
2021-03-23,11,115
2021-03-23,12,147
2021-03-23,13,136
2021-03-23,14,177
2021-03-23,15,145
2021-03-23,16,132
2021-03-23,17,154
2021-03-23,18,107
2021-03-23,19,88
2021-03-23,20,51
2021-03-23,21,31
2021-03-23,22,29
2021-03-23,23,12
2021-03-24,0,12
2021-03-24,1,9
2021-03-24,2,3
2021-03-24,3,2
2021-03-24,4,4
2021-03-24,5,10
2021-03-24,6,28
2021-03-24,7,61
2021-03-24,8,99
2021-03-24,9,111
2021-03-24,10,108
2021-03-24,11,137
2021-03-24,12,174
2021-03-24,13,155
2021-03-24,14,146
2021-03-24,15,166
2021-03-24,16,162
2021-03-24,17,150
2021-03-24,18,105
2021-03-24,19,72
2021-03-24,20,66
2021-03-24,21,46
2021-03-24,22,35
2021-03-24,23,19
2021-03-25,0,5
2021-03-25,1,3
2021-03-25,2,5
2021-03-25,3,3
2021-03-25,4,8
2021-03-25,5,13
2021-03-25,6,28
2021-03-25,7,55
2021-03-25,8,101
2021-03-25,9,110
2021-03-25,10,122
2021-03-25,11,138
2021-03-25,12,133
2021-03-25,13,167
2021-03-25,14,177
2021-03-25,15,174
2021-03-25,16,152
2021-03-25,17,160
2021-03-25,18,128
2021-03-25,19,100
2021-03-25,20,49
2021-03-25,21,38
2021-03-25,22,37
2021-03-25,23,24
2021-03-26,0,12
2021-03-26,1,4
2021-03-26,2,4
2021-03-26,3,5
2021-03-26,4,4
2021-03-26,5,9
2021-03-26,6,30
2021-03-26,7,51
2021-03-26,8,93
2021-03-26,9,122
2021-03-26,10,114
2021-03-26,11,161
2021-03-26,12,189
2021-03-26,13,199
2021-03-26,14,182
2021-03-26,15,193
2021-03-26,16,188
2021-03-26,17,135
2021-03-26,18,136
2021-03-26,19,104
2021-03-26,20,90
2021-03-26,21,44
2021-03-26,22,41
2021-03-26,23,31
2021-03-27,0,16
2021-03-27,1,6
2021-03-27,2,3
2021-03-27,3,5
2021-03-27,4,6
2021-03-27,5,5
2021-03-27,6,10
2021-03-27,7,31
2021-03-27,8,44
2021-03-27,9,79
2021-03-27,10,93
2021-03-27,11,126
2021-03-27,12,141
2021-03-27,13,136
2021-03-27,14,150
2021-03-27,15,133
2021-03-27,16,154
2021-03-27,17,119
2021-03-27,18,135
2021-03-27,19,105
2021-03-27,20,61
2021-03-27,21,46
2021-03-27,22,41
2021-03-27,23,25
2021-03-28,0,17
2021-03-28,1,8
2021-03-28,2,12
2021-03-28,3,8
2021-03-28,4,12
2021-03-28,5,11
2021-03-28,6,10
2021-03-28,7,20
2021-03-28,8,32
2021-03-28,9,36
2021-03-28,10,68
2021-03-28,11,103
2021-03-28,12,111
2021-03-28,13,121
2021-03-28,14,138
2021-03-28,15,97
2021-03-28,16,89
2021-03-28,17,74
2021-03-28,18,67
2021-03-28,19,43
2021-03-28,20,31
2021-03-28,21,36
2021-03-28,22,17
2021-03-28,23,19
2021-03-29,0,9
2021-03-29,1,5
2021-03-29,2,1
2021-03-29,3,11
2021-03-29,4,7
2021-03-29,5,34
2021-03-29,6,54
2021-03-29,7,88
2021-03-29,8,92
2021-03-29,9,102
2021-03-29,10,126
2021-03-29,11,134
2021-03-29,12,170
2021-03-29,13,140
2021-03-29,14,152
2021-03-29,15,175
2021-03-29,16,151
2021-03-29,17,115
2021-03-29,18,81
2021-03-29,19,65
2021-03-29,20,59
2021-03-29,21,38
2021-03-29,22,25
2021-03-29,23,11
2021-03-30,0,5
2021-03-30,1,2
2021-03-30,2,5
2021-03-30,3,10
2021-03-30,4,12
2021-03-30,5,21
2021-03-30,6,49
2021-03-30,7,93
2021-03-30,8,127
2021-03-30,9,89
2021-03-30,10,140
2021-03-30,11,0
2021-03-30,12,43
2021-03-30,13,145
2021-03-30,14,175
2021-03-30,15,159
2021-03-30,16,160
2021-03-30,17,112
2021-03-30,18,98
2021-03-30,19,80
2021-03-30,20,37
2021-03-30,21,30
2021-03-30,22,25
2021-03-30,23,11
2021-03-31,0,6
2021-03-31,1,3
2021-03-31,2,4
2021-03-31,3,4
2021-03-31,4,9
2021-03-31,5,33
2021-03-31,6,62
2021-03-31,7,87
2021-03-31,8,109
2021-03-31,9,102
2021-03-31,10,140
2021-03-31,11,156
2021-03-31,12,168
2021-03-31,13,162
2021-03-31,14,170
2021-03-31,15,170
2021-03-31,16,143
2021-03-31,17,101
2021-03-31,18,81
2021-03-31,19,69
2021-03-31,20,48
2021-03-31,21,36
2021-03-31,22,28
2021-03-31,23,13
2021-04-01,0,5
2021-04-01,1,5
2021-04-01,2,4
2021-04-01,3,6
2021-04-01,4,8
2021-04-01,5,24
2021-04-01,6,61
2021-04-01,7,97
2021-04-01,8,131
2021-04-01,9,121
2021-04-01,10,173
2021-04-01,11,162
2021-04-01,12,184
2021-04-01,13,183
2021-04-01,14,183
2021-04-01,15,155
2021-04-01,16,158
2021-04-01,17,133
2021-04-01,18,119
2021-04-01,19,94
2021-04-01,20,49
2021-04-01,21,30
2021-04-01,22,21
2021-04-01,23,14
2021-04-02,0,6
2021-04-02,1,6
2021-04-02,2,4
2021-04-02,3,4
2021-04-02,4,5
2021-04-02,5,24
2021-04-02,6,57
2021-04-02,7,68
2021-04-02,8,99
2021-04-02,9,103
2021-04-02,10,123
2021-04-02,11,173
2021-04-02,12,188
2021-04-02,13,164
2021-04-02,14,179
2021-04-02,15,202
2021-04-02,16,152
2021-04-02,17,106
2021-04-02,18,109
2021-04-02,19,62
2021-04-02,20,64
2021-04-02,21,46
2021-04-02,22,32
2021-04-02,23,18
2021-04-03,0,13
2021-04-03,1,10
2021-04-03,2,7
2021-04-03,3,3
2021-04-03,4,5
2021-04-03,5,17
2021-04-03,6,31
2021-04-03,7,42
2021-04-03,8,89
2021-04-03,9,103
2021-04-03,10,113
2021-04-03,11,138
2021-04-03,12,144
2021-04-03,13,132
2021-04-03,14,154
2021-04-03,15,120
2021-04-03,16,129
2021-04-03,17,123
2021-04-03,18,85
2021-04-03,19,70
2021-04-03,20,68
2021-04-03,21,42
2021-04-03,22,23
2021-04-03,23,20
2021-04-04,0,12
2021-04-04,1,10
2021-04-04,2,10
2021-04-04,3,7
2021-04-04,4,10
2021-04-04,5,9
2021-04-04,6,13
2021-04-04,7,28
2021-04-04,8,43
2021-04-04,9,50
2021-04-04,10,80
2021-04-04,11,103
2021-04-04,12,102
2021-04-04,13,112
2021-04-04,14,105
2021-04-04,15,104
2021-04-04,16,80
2021-04-04,17,92
2021-04-04,18,68
2021-04-04,19,61
2021-04-04,20,39
2021-04-04,21,42
2021-04-04,22,24
2021-04-04,23,18
2021-04-05,0,4
2021-04-05,1,9
2021-04-05,2,6
2021-04-05,3,9
2021-04-05,4,5
2021-04-05,5,20
2021-04-05,6,28
2021-04-05,7,43
2021-04-05,8,50
2021-04-05,9,69
2021-04-05,10,113
2021-04-05,11,109
2021-04-05,12,130
2021-04-05,13,164
2021-04-05,14,192
2021-04-05,15,141
2021-04-05,16,101
2021-04-05,17,145
2021-04-05,18,88
2021-04-05,19,61
2021-04-05,20,48
2021-04-05,21,24
2021-04-05,22,19
2021-04-05,23,12
2021-04-06,0,7
2021-04-06,1,3
2021-04-06,2,3
2021-04-06,3,6
2021-04-06,4,8
2021-04-06,5,23
2021-04-06,6,61
2021-04-06,7,89
2021-04-06,8,80
2021-04-06,9,132
2021-04-06,10,156
2021-04-06,11,154
2021-04-06,12,160
2021-04-06,13,164
2021-04-06,14,180
2021-04-06,15,183
2021-04-06,16,150
2021-04-06,17,125
2021-04-06,18,85
2021-04-06,19,72
2021-04-06,20,41
2021-04-06,21,33
2021-04-06,22,24
2021-04-06,23,13
2021-04-07,0,5
2021-04-07,1,6
2021-04-07,2,8
2021-04-07,3,7
2021-04-07,4,4
2021-04-07,5,26
2021-04-07,6,63
2021-04-07,7,90
2021-04-07,8,87
2021-04-07,9,122
2021-04-07,10,136
2021-04-07,11,173
2021-04-07,12,174
2021-04-07,13,148
2021-04-07,14,149
2021-04-07,15,189
2021-04-07,16,141
2021-04-07,17,114
2021-04-07,18,107
2021-04-07,19,62
2021-04-07,20,53
2021-04-07,21,35
2021-04-07,22,23
2021-04-07,23,9
2021-04-08,0,2
2021-04-08,1,6
2021-04-08,2,3
2021-04-08,3,10
2021-04-08,4,8
2021-04-08,5,22
2021-04-08,6,65
2021-04-08,7,86
2021-04-08,8,91
2021-04-08,9,97
2021-04-08,10,107
2021-04-08,11,150
2021-04-08,12,160
2021-04-08,13,157
2021-04-08,14,150
2021-04-08,15,138
2021-04-08,16,156
2021-04-08,17,119
2021-04-08,18,81
2021-04-08,19,57
2021-04-08,20,44
2021-04-08,21,32
2021-04-08,22,18
2021-04-08,23,13
2021-04-09,0,6
2021-04-09,1,4
2021-04-09,2,6
2021-04-09,3,12
2021-04-09,4,8
2021-04-09,5,30
2021-04-09,6,67
2021-04-09,7,87
2021-04-09,8,91
2021-04-09,9,144
2021-04-09,10,155
2021-04-09,11,165
2021-04-09,12,183
2021-04-09,13,180
2021-04-09,14,185
2021-04-09,15,173
2021-04-09,16,171
2021-04-09,17,141
2021-04-09,18,110
2021-04-09,19,90
2021-04-09,20,56
2021-04-09,21,36
2021-04-09,22,31
2021-04-09,23,23
2021-04-10,0,12
2021-04-10,1,8
2021-04-10,2,9
2021-04-10,3,4
2021-04-10,4,7
2021-04-10,5,19
2021-04-10,6,23
2021-04-10,7,51
2021-04-10,8,85
2021-04-10,9,105
2021-04-10,10,127
2021-04-10,11,151
2021-04-10,12,159
2021-04-10,13,136
2021-04-10,14,125
2021-04-10,15,135
2021-04-10,16,129
2021-04-10,17,107
2021-04-10,18,91
2021-04-10,19,71
2021-04-10,20,50
2021-04-10,21,31
2021-04-10,22,29
2021-04-10,23,21
2021-04-11,0,7
2021-04-11,1,10
2021-04-11,2,9
2021-04-11,3,9
2021-04-11,4,10
2021-04-11,5,15
2021-04-11,6,18
2021-04-11,7,21
2021-04-11,8,46
2021-04-11,9,61
2021-04-11,10,91
2021-04-11,11,123
2021-04-11,12,122
2021-04-11,13,119
2021-04-11,14,104
2021-04-11,15,98
2021-04-11,16,92
2021-04-11,17,86
2021-04-11,18,80
2021-04-11,19,47
2021-04-11,20,42
2021-04-11,21,37
2021-04-11,22,25
2021-04-11,23,17
2021-04-12,0,6
2021-04-12,1,6
2021-04-12,2,4
2021-04-12,3,4
2021-04-12,4,11
2021-04-12,5,27
2021-04-12,6,64
2021-04-12,7,88
2021-04-12,8,90
2021-04-12,9,110
2021-04-12,10,100
2021-04-12,11,164
2021-04-12,12,151
2021-04-12,13,139
2021-04-12,14,133
2021-04-12,15,165
2021-04-12,16,149
2021-04-12,17,126
2021-04-12,18,75
2021-04-12,19,64
2021-04-12,20,62
2021-04-12,21,35
2021-04-12,22,27
2021-04-12,23,13
2021-04-13,0,6
2021-04-13,1,4
2021-04-13,2,5
2021-04-13,3,3
2021-04-13,4,9
2021-04-13,5,38
2021-04-13,6,56
2021-04-13,7,84
2021-04-13,8,98
2021-04-13,9,103
2021-04-13,10,123
2021-04-13,11,140
2021-04-13,12,139
2021-04-13,13,175
2021-04-13,14,146
2021-04-13,15,182
2021-04-13,16,134
2021-04-13,17,135
2021-04-13,18,101
2021-04-13,19,65
2021-04-13,20,42
2021-04-13,21,31
2021-04-13,22,24
2021-04-13,23,19
2021-04-14,0,3
2021-04-14,1,4
2021-04-14,2,3
2021-04-14,3,5
2021-04-14,4,7
2021-04-14,5,23
2021-04-14,6,62
2021-04-14,7,74
2021-04-14,8,97
2021-04-14,9,108
2021-04-14,10,160
2021-04-14,11,128
2021-04-14,12,163
2021-04-14,13,191
2021-04-14,14,136
2021-04-14,15,155
2021-04-14,16,142
2021-04-14,17,152
2021-04-14,18,106
2021-04-14,19,67
2021-04-14,20,50
2021-04-14,21,46
2021-04-14,22,20
2021-04-14,23,15
2021-04-15,0,8
2021-04-15,1,6
2021-04-15,2,1
2021-04-15,3,4
2021-04-15,4,10
2021-04-15,5,28
2021-04-15,6,68
2021-04-15,7,85
2021-04-15,8,111
2021-04-15,9,123
2021-04-15,10,150
2021-04-15,11,150
2021-04-15,12,161
2021-04-15,13,153
2021-04-15,14,166
2021-04-15,15,175
2021-04-15,16,156
2021-04-15,17,118
2021-04-15,18,71
2021-04-15,19,84
2021-04-15,20,43
2021-04-15,21,32
2021-04-15,22,26
2021-04-15,23,12
2021-04-16,0,7
2021-04-16,1,6
2021-04-16,2,3
2021-04-16,3,3
2021-04-16,4,6
2021-04-16,5,28
2021-04-16,6,48
2021-04-16,7,88
2021-04-16,8,114
2021-04-16,9,114
2021-04-16,10,163
2021-04-16,11,144
2021-04-16,12,194
2021-04-16,13,203
2021-04-16,14,207
2021-04-16,15,197
2021-04-16,16,161
2021-04-16,17,152
2021-04-16,18,104
2021-04-16,19,101
2021-04-16,20,53
2021-04-16,21,55
2021-04-16,22,41
2021-04-16,23,25
2021-04-17,0,5
2021-04-17,1,9
2021-04-17,2,4
2021-04-17,3,5
2021-04-17,4,11
2021-04-17,5,21
2021-04-17,6,29
2021-04-17,7,56
2021-04-17,8,84
2021-04-17,9,112
2021-04-17,10,124
2021-04-17,11,141
2021-04-17,12,147
2021-04-17,13,169
2021-04-17,14,133
2021-04-17,15,125
2021-04-17,16,144
2021-04-17,17,174
2021-04-17,18,88
2021-04-17,19,83
2021-04-17,20,54
2021-04-17,21,40
2021-04-17,22,28
2021-04-17,23,21
2021-04-18,0,11
2021-04-18,1,6
2021-04-18,2,8
2021-04-18,3,7
2021-04-18,4,10
2021-04-18,5,9
2021-04-18,6,22
2021-04-18,7,19
2021-04-18,8,43
2021-04-18,9,64
2021-04-18,10,96
2021-04-18,11,106
2021-04-18,12,124
2021-04-18,13,111
2021-04-18,14,101
2021-04-18,15,84
2021-04-18,16,90
2021-04-18,17,78
2021-04-18,18,73
2021-04-18,19,59
2021-04-18,20,43
2021-04-18,21,32
2021-04-18,22,27
2021-04-18,23,14
2021-04-19,0,11
2021-04-19,1,4
2021-04-19,2,5
2021-04-19,3,5
2021-04-19,4,8
2021-04-19,5,26
2021-04-19,6,66
2021-04-19,7,86
2021-04-19,8,93
2021-04-19,9,101
2021-04-19,10,111
2021-04-19,11,149
2021-04-19,12,153
2021-04-19,13,125
2021-04-19,14,174
2021-04-19,15,179
2021-04-19,16,136
2021-04-19,17,111
2021-04-19,18,77
2021-04-19,19,67
2021-04-19,20,43
2021-04-19,21,35
2021-04-19,22,23
2021-04-19,23,14
2021-04-20,0,11
2021-04-20,1,3
2021-04-20,2,3
2021-04-20,3,7
2021-04-20,4,8
2021-04-20,5,40
2021-04-20,6,53
2021-04-20,7,88
2021-04-20,8,130
2021-04-20,9,114
2021-04-20,10,119
2021-04-20,11,159
2021-04-20,12,157
2021-04-20,13,139
2021-04-20,14,130
2021-04-20,15,173
2021-04-20,16,157
2021-04-20,17,116
2021-04-20,18,90
2021-04-20,19,65
2021-04-20,20,35
2021-04-20,21,36
2021-04-20,22,15
2021-04-20,23,9
2021-04-21,0,7
2021-04-21,1,9
2021-04-21,2,6
2021-04-21,3,7
2021-04-21,4,12
2021-04-21,5,34
2021-04-21,6,70
2021-04-21,7,101
2021-04-21,8,104
2021-04-21,9,121
2021-04-21,10,127
2021-04-21,11,146
2021-04-21,12,157
2021-04-21,13,145
2021-04-21,14,150
2021-04-21,15,153
2021-04-21,16,163
2021-04-21,17,135
2021-04-21,18,101
2021-04-21,19,64
2021-04-21,20,60
2021-04-21,21,42
2021-04-21,22,23
2021-04-21,23,8
2021-04-22,0,5
2021-04-22,1,2
2021-04-22,2,2
2021-04-22,3,12
2021-04-22,4,5
2021-04-22,5,36
2021-04-22,6,56
2021-04-22,7,106
2021-04-22,8,113
2021-04-22,9,124
2021-04-22,10,126
2021-04-22,11,142
2021-04-22,12,144
2021-04-22,13,159
2021-04-22,14,138
2021-04-22,15,165
2021-04-22,16,157
2021-04-22,17,128
2021-04-22,18,116
2021-04-22,19,85
2021-04-22,20,66
2021-04-22,21,40
2021-04-22,22,25
2021-04-22,23,13
2021-04-23,0,9
2021-04-23,1,1
2021-04-23,2,1
2021-04-23,3,3
2021-04-23,4,5
2021-04-23,5,37
2021-04-23,6,55
2021-04-23,7,98
2021-04-23,8,160
2021-04-23,9,135
2021-04-23,10,138
2021-04-23,11,186
2021-04-23,12,235
2021-04-23,13,174
2021-04-23,14,172
2021-04-23,15,186
2021-04-23,16,191
2021-04-23,17,118
2021-04-23,18,101
2021-04-23,19,83
2021-04-23,20,56
2021-04-23,21,44
2021-04-23,22,28
2021-04-23,23,20
2021-04-24,0,16
2021-04-24,1,5
2021-04-24,2,7
2021-04-24,3,3
2021-04-24,4,5
2021-04-24,5,11
2021-04-24,6,34
2021-04-24,7,47
2021-04-24,8,83
2021-04-24,9,99
2021-04-24,10,129
2021-04-24,11,176
2021-04-24,12,134
2021-04-24,13,133
2021-04-24,14,130
2021-04-24,15,129
2021-04-24,16,132
2021-04-24,17,122
2021-04-24,18,86
2021-04-24,19,63
2021-04-24,20,61
2021-04-24,21,43
2021-04-24,22,37
2021-04-24,23,30
2021-04-25,0,17
2021-04-25,1,11
2021-04-25,2,7
2021-04-25,3,4
2021-04-25,4,4
2021-04-25,5,4
2021-04-25,6,14
2021-04-25,7,24
2021-04-25,8,44
2021-04-25,9,57
2021-04-25,10,94
2021-04-25,11,112
2021-04-25,12,111
2021-04-25,13,132
2021-04-25,14,116
2021-04-25,15,86
2021-04-25,16,102
2021-04-25,17,85
2021-04-25,18,77
2021-04-25,19,59
2021-04-25,20,45
2021-04-25,21,47
2021-04-25,22,18
2021-04-25,23,20
2021-04-26,0,11
2021-04-26,1,5
2021-04-26,2,4
2021-04-26,3,2
2021-04-26,4,16
2021-04-26,5,33
2021-04-26,6,61
2021-04-26,7,106
2021-04-26,8,156
2021-04-26,9,134
2021-04-26,10,140
2021-04-26,11,157
2021-04-26,12,173
2021-04-26,13,138
2021-04-26,14,172
2021-04-26,15,155
2021-04-26,16,161
2021-04-26,17,132
2021-04-26,18,106
2021-04-26,19,94
2021-04-26,20,38
2021-04-26,21,41
2021-04-26,22,26
2021-04-26,23,12
2021-04-27,0,5
2021-04-27,1,3
2021-04-27,2,2
2021-04-27,3,3
2021-04-27,4,8
2021-04-27,5,26
2021-04-27,6,66
2021-04-27,7,89
2021-04-27,8,154
2021-04-27,9,114
2021-04-27,10,131
2021-04-27,11,164
2021-04-27,12,165
2021-04-27,13,164
2021-04-27,14,175
2021-04-27,15,165
2021-04-27,16,148
2021-04-27,17,154
2021-04-27,18,103
2021-04-27,19,75
2021-04-27,20,43
2021-04-27,21,40
2021-04-27,22,20
2021-04-27,23,16
2021-04-28,0,9
2021-04-28,1,5
2021-04-28,2,5
2021-04-28,3,1
2021-04-28,4,9
2021-04-28,5,33
2021-04-28,6,55
2021-04-28,7,86
2021-04-28,8,129
2021-04-28,9,121
2021-04-28,10,155
2021-04-28,11,147
2021-04-28,12,166
2021-04-28,13,174
2021-04-28,14,151
2021-04-28,15,170
2021-04-28,16,170
2021-04-28,17,149
2021-04-28,18,94
2021-04-28,19,72
2021-04-28,20,43
2021-04-28,21,43
2021-04-28,22,26
2021-04-28,23,17
2021-04-29,0,6
2021-04-29,1,3
2021-04-29,2,8
2021-04-29,3,6
2021-04-29,4,8
2021-04-29,5,30
2021-04-29,6,57
2021-04-29,7,85
2021-04-29,8,142
2021-04-29,9,186
2021-04-29,10,184
2021-04-29,11,211
2021-04-29,12,220
2021-04-29,13,182
2021-04-29,14,187
2021-04-29,15,201
2021-04-29,16,150
2021-04-29,17,158
2021-04-29,18,110
2021-04-29,19,88
2021-04-29,20,49
2021-04-29,21,42
2021-04-29,22,25
2021-04-29,23,17
2021-04-30,0,10
2021-04-30,1,5
2021-04-30,2,8
2021-04-30,3,2
2021-04-30,4,9
2021-04-30,5,35
2021-04-30,6,71
2021-04-30,7,89
2021-04-30,8,197
2021-04-30,9,187
2021-04-30,10,202
2021-04-30,11,220
2021-04-30,12,210
2021-04-30,13,201
2021-04-30,14,211
2021-04-30,15,210
2021-04-30,16,200
2021-04-30,17,163
2021-04-30,18,92
2021-04-30,19,78
2021-04-30,20,69
2021-04-30,21,62
2021-04-30,22,36
2021-04-30,23,23
2021-05-01,0,12
2021-05-01,1,8
2021-05-01,2,6
2021-05-01,3,6
2021-05-01,4,10
2021-05-01,5,8
2021-05-01,6,33
2021-05-01,7,67
2021-05-01,8,114
2021-05-01,9,140
2021-05-01,10,176
2021-05-01,11,211
2021-05-01,12,240
2021-05-01,13,194
2021-05-01,14,211
2021-05-01,15,162
2021-05-01,16,142
2021-05-01,17,144
2021-05-01,18,99
2021-05-01,19,79
2021-05-01,20,43
2021-05-01,21,59
2021-05-01,22,42
2021-05-01,23,30
2021-05-02,0,16
2021-05-02,1,10
2021-05-02,2,20
2021-05-02,3,9
2021-05-02,4,8
2021-05-02,5,10
2021-05-02,6,21
2021-05-02,7,23
2021-05-02,8,57
2021-05-02,9,120
2021-05-02,10,138
2021-05-02,11,144
2021-05-02,12,109
2021-05-02,13,142
2021-05-02,14,134
2021-05-02,15,128
2021-05-02,16,96
2021-05-02,17,86
2021-05-02,18,70
2021-05-02,19,68
2021-05-02,20,39
2021-05-02,21,40
2021-05-02,22,29
2021-05-02,23,17
2021-05-03,0,6
2021-05-03,1,11
2021-05-03,2,5
2021-05-03,3,7
2021-05-03,4,10
2021-05-03,5,16
2021-05-03,6,27
2021-05-03,7,43
2021-05-03,8,57
2021-05-03,9,89
2021-05-03,10,124
2021-05-03,11,133
2021-05-03,12,141
2021-05-03,13,147
2021-05-03,14,153
2021-05-03,15,119
2021-05-03,16,118
2021-05-03,17,112
2021-05-03,18,88
2021-05-03,19,63
2021-05-03,20,40
2021-05-03,21,27
2021-05-03,22,14
2021-05-03,23,14
2021-05-04,0,10
2021-05-04,1,10
2021-05-04,2,7
2021-05-04,3,4
2021-05-04,4,14
2021-05-04,5,31
2021-05-04,6,52
2021-05-04,7,119
2021-05-04,8,155
2021-05-04,9,126
2021-05-04,10,135
2021-05-04,11,172
2021-05-04,12,147
2021-05-04,13,184
2021-05-04,14,204
2021-05-04,15,169
2021-05-04,16,160
2021-05-04,17,129
2021-05-04,18,89
2021-05-04,19,80
2021-05-04,20,44
2021-05-04,21,45
2021-05-04,22,20
2021-05-04,23,13
2021-05-05,0,7
2021-05-05,1,3
2021-05-05,2,2
2021-05-05,3,5
2021-05-05,4,12
2021-05-05,5,37
2021-05-05,6,79
2021-05-05,7,112
2021-05-05,8,151
2021-05-05,9,125
2021-05-05,10,145
2021-05-05,11,149
2021-05-05,12,186
2021-05-05,13,192
2021-05-05,14,190
2021-05-05,15,213
2021-05-05,16,201
2021-05-05,17,141
2021-05-05,18,129
2021-05-05,19,75
2021-05-05,20,60
2021-05-05,21,39
2021-05-05,22,21
2021-05-05,23,15
2021-05-06,0,7
2021-05-06,1,4
2021-05-06,2,8
2021-05-06,3,7
2021-05-06,4,9
2021-05-06,5,21
2021-05-06,6,60
2021-05-06,7,81
2021-05-06,8,131
2021-05-06,9,147
2021-05-06,10,174
2021-05-06,11,173
2021-05-06,12,181
2021-05-06,13,196
2021-05-06,14,235
2021-05-06,15,169
2021-05-06,16,174
2021-05-06,17,156
2021-05-06,18,121
2021-05-06,19,82
2021-05-06,20,58
2021-05-06,21,40
2021-05-06,22,19
2021-05-06,23,10
2021-05-07,0,12
2021-05-07,1,6
2021-05-07,2,3
2021-05-07,3,12
2021-05-07,4,8
2021-05-07,5,22
2021-05-07,6,68
2021-05-07,7,115
2021-05-07,8,154
2021-05-07,9,163
2021-05-07,10,179
2021-05-07,11,191
2021-05-07,12,203
2021-05-07,13,212
2021-05-07,14,189
2021-05-07,15,198
2021-05-07,16,179
2021-05-07,17,146
2021-05-07,18,123
2021-05-07,19,108
2021-05-07,20,86
2021-05-07,21,52
2021-05-07,22,42
2021-05-07,23,18
2021-05-08,0,15
2021-05-08,1,9
2021-05-08,2,9
2021-05-08,3,6
2021-05-08,4,10
2021-05-08,5,17
2021-05-08,6,36
2021-05-08,7,59
2021-05-08,8,98
2021-05-08,9,160
2021-05-08,10,173
2021-05-08,11,211
2021-05-08,12,198
2021-05-08,13,186
2021-05-08,14,175
2021-05-08,15,138
2021-05-08,16,157
2021-05-08,17,115
2021-05-08,18,92
2021-05-08,19,93
2021-05-08,20,67
2021-05-08,21,50
2021-05-08,22,39
2021-05-08,23,24
2021-05-09,0,15
2021-05-09,1,13
2021-05-09,2,7
2021-05-09,3,7
2021-05-09,4,6
2021-05-09,5,11
2021-05-09,6,11
2021-05-09,7,28
2021-05-09,8,52
2021-05-09,9,92
2021-05-09,10,196
2021-05-09,11,157
2021-05-09,12,175
2021-05-09,13,159
2021-05-09,14,147
2021-05-09,15,143
2021-05-09,16,115
2021-05-09,17,81
2021-05-09,18,69
2021-05-09,19,64
2021-05-09,20,47
2021-05-09,21,46
2021-05-09,22,27
2021-05-09,23,15
2021-05-10,0,3
2021-05-10,1,5
2021-05-10,2,2
2021-05-10,3,3
2021-05-10,4,12
2021-05-10,5,25
2021-05-10,6,61
2021-05-10,7,97
2021-05-10,8,123
2021-05-10,9,111
2021-05-10,10,121
2021-05-10,11,150
2021-05-10,12,164
2021-05-10,13,173
2021-05-10,14,167
2021-05-10,15,164
2021-05-10,16,151
2021-05-10,17,109
2021-05-10,18,90
2021-05-10,19,89
2021-05-10,20,49
2021-05-10,21,38
2021-05-10,22,19
2021-05-10,23,10
2021-05-11,0,7
2021-05-11,1,3
2021-05-11,2,1
2021-05-11,3,5
2021-05-11,4,12
2021-05-11,5,36
2021-05-11,6,58
2021-05-11,7,100
2021-05-11,8,126
2021-05-11,9,132
2021-05-11,10,133
2021-05-11,11,150
2021-05-11,12,178
2021-05-11,13,152
2021-05-11,14,181
2021-05-11,15,198
2021-05-11,16,168
2021-05-11,17,136
2021-05-11,18,89
2021-05-11,19,103
2021-05-11,20,60
2021-05-11,21,51
2021-05-11,22,25
2021-05-11,23,13
2021-05-12,0,8
2021-05-12,1,5
2021-05-12,2,6
2021-05-12,3,3
2021-05-12,4,12
2021-05-12,5,39
2021-05-12,6,72
2021-05-12,7,88
2021-05-12,8,124
2021-05-12,9,102
2021-05-12,10,153
2021-05-12,11,122
2021-05-12,12,160
2021-05-12,13,177
2021-05-12,14,183
2021-05-12,15,178
2021-05-12,16,188
2021-05-12,17,172
2021-05-12,18,108
2021-05-12,19,74
2021-05-12,20,63
2021-05-12,21,45
2021-05-12,22,21
2021-05-12,23,22
2021-05-13,0,5
2021-05-13,1,8
2021-05-13,2,9
2021-05-13,3,5
2021-05-13,4,10
2021-05-13,5,25
2021-05-13,6,53
2021-05-13,7,96
2021-05-13,8,146
2021-05-13,9,160
2021-05-13,10,172
2021-05-13,11,213
2021-05-13,12,182
2021-05-13,13,175
2021-05-13,14,215
2021-05-13,15,186
2021-05-13,16,192
2021-05-13,17,161
2021-05-13,18,116
2021-05-13,19,89
2021-05-13,20,50
2021-05-13,21,40
2021-05-13,22,35
2021-05-13,23,9
2021-05-14,0,3
2021-05-14,1,6
2021-05-14,2,4
2021-05-14,3,4
2021-05-14,4,14
2021-05-14,5,27
2021-05-14,6,74
2021-05-14,7,137
2021-05-14,8,144
2021-05-14,9,151
2021-05-14,10,176
2021-05-14,11,191
2021-05-14,12,214
2021-05-14,13,185
2021-05-14,14,192
2021-05-14,15,198
2021-05-14,16,171
2021-05-14,17,146
2021-05-14,18,117
2021-05-14,19,94
2021-05-14,20,61
2021-05-14,21,50
2021-05-14,22,34
2021-05-14,23,25
2021-05-15,0,17
2021-05-15,1,11
2021-05-15,2,9
2021-05-15,3,4
2021-05-15,4,7
2021-05-15,5,21
2021-05-15,6,28
2021-05-15,7,60
2021-05-15,8,103
2021-05-15,9,150
2021-05-15,10,173
2021-05-15,11,185
2021-05-15,12,179
2021-05-15,13,158
2021-05-15,14,170
2021-05-15,15,143
2021-05-15,16,147
2021-05-15,17,106
2021-05-15,18,88
2021-05-15,19,95
2021-05-15,20,54
2021-05-15,21,52
2021-05-15,22,54
2021-05-15,23,25
2021-05-16,0,14
2021-05-16,1,12
2021-05-16,2,7
2021-05-16,3,9
2021-05-16,4,52
2021-05-16,5,8
2021-05-16,6,11
2021-05-16,7,27
2021-05-16,8,47
2021-05-16,9,88
2021-05-16,10,125
2021-05-16,11,163
2021-05-16,12,148
2021-05-16,13,169
2021-05-16,14,150
2021-05-16,15,112
2021-05-16,16,113
2021-05-16,17,90
2021-05-16,18,87
2021-05-16,19,62
2021-05-16,20,50
2021-05-16,21,37
2021-05-16,22,18
2021-05-16,23,15
2021-05-17,0,1
2021-05-17,1,4
2021-05-17,2,7
2021-05-17,3,9
2021-05-17,4,11
2021-05-17,5,28
2021-05-17,6,58
2021-05-17,7,83
2021-05-17,8,144
2021-05-17,9,123
2021-05-17,10,111
2021-05-17,11,153
2021-05-17,12,167
2021-05-17,13,147
2021-05-17,14,147
2021-05-17,15,162
2021-05-17,16,168
2021-05-17,17,112
2021-05-17,18,77
2021-05-17,19,81
2021-05-17,20,44
2021-05-17,21,34
2021-05-17,22,19
2021-05-17,23,11
2021-05-18,0,4
2021-05-18,1,2
2021-05-18,2,10
2021-05-18,3,4
2021-05-18,4,13
2021-05-18,5,44
2021-05-18,6,60
2021-05-18,7,75
2021-05-18,8,132
2021-05-18,9,111
2021-05-18,10,140
2021-05-18,11,138
2021-05-18,12,141
2021-05-18,13,146
2021-05-18,14,179
2021-05-19,15,152
2021-05-19,16,160
2021-05-19,17,130
2021-05-19,18,87
2021-05-19,19,58
2021-05-19,20,48
2021-05-19,21,38
2021-05-19,22,23
2021-05-19,23,14
2021-05-20,0,10
2021-05-20,1,5
2021-05-20,2,6
2021-05-20,3,9
2021-05-20,4,7
2021-05-20,5,28
2021-05-20,6,53
2021-05-20,7,104
2021-05-20,8,128
2021-05-20,9,167
2021-05-20,10,188
2021-05-20,11,166
2021-05-20,12,184
2021-05-20,13,169
2021-05-20,14,187
2021-05-20,15,210
2021-05-20,16,173
2021-05-20,17,145
2021-05-20,18,99
2021-05-20,19,101
2021-05-20,20,55
2021-05-20,21,36
2021-05-20,22,12
2021-05-20,23,9
2021-05-21,0,6
2021-05-21,1,4
2021-05-21,2,1
2021-05-21,3,3
2021-05-21,4,12
2021-05-21,5,127
2021-05-21,6,63
2021-05-21,7,89
2021-05-21,8,174
2021-05-21,9,153
2021-05-21,10,180
2021-05-21,11,182
2021-05-21,12,209
2021-05-21,13,196
2021-05-21,14,224
2021-05-21,15,206
2021-05-21,16,164
2021-05-21,17,140
2021-05-21,18,124
2021-05-21,19,83
2021-05-21,20,61
2021-05-21,21,48
2021-05-21,22,33
2021-05-21,23,15
2021-05-22,0,8
2021-05-22,1,12
2021-05-22,2,4
2021-05-22,3,3
2021-05-22,4,9
2021-05-22,5,23
2021-05-22,6,32
2021-05-22,7,68
2021-05-22,8,121
2021-05-22,9,127
2021-05-22,10,177
2021-05-22,11,186
2021-05-22,12,186
2021-05-22,13,213
2021-05-22,14,145
2021-05-22,15,139
2021-05-22,16,127
2021-05-22,17,129
2021-05-22,18,86
2021-05-22,19,80
2021-05-22,20,63
2021-05-22,21,55
2021-05-22,22,36
2021-05-22,23,19
2021-05-23,0,16
2021-05-23,1,10
2021-05-23,2,8
2021-05-23,3,10
2021-05-23,4,12
2021-05-23,5,11
2021-05-23,6,25
2021-05-23,7,29
2021-05-23,8,41
2021-05-23,9,87
2021-05-23,10,133
2021-05-23,11,145
2021-05-23,12,186
2021-05-23,13,157
2021-05-23,14,159
2021-05-23,15,111
2021-05-23,16,89
2021-05-23,17,97
2021-05-23,18,53
2021-05-23,19,62
2021-05-23,20,48
2021-05-23,21,38
2021-05-23,22,20
2021-05-23,23,20
2021-05-24,0,4
2021-05-24,1,7
2021-05-24,2,6
2021-05-24,3,5
2021-05-24,4,12
2021-05-24,5,36
2021-05-24,6,72
2021-05-24,7,101
2021-05-24,8,143
2021-05-24,9,117
2021-05-24,10,135
2021-05-24,11,164
2021-05-24,12,134
2021-05-24,13,145
2021-05-24,14,172
2021-05-24,15,175
2021-05-24,16,157
2021-05-24,17,127
2021-05-24,18,81
2021-05-24,19,67
2021-05-24,20,38
2021-05-24,21,39
2021-05-24,22,26
2021-05-24,23,17
2021-05-25,0,5
2021-05-25,1,5
2021-05-25,2,4
2021-05-25,3,10
2021-05-25,4,5
2021-05-25,5,29
2021-05-25,6,50
2021-05-25,7,113
2021-05-25,8,117
2021-05-25,9,134
2021-05-25,10,135
2021-05-25,11,135
2021-05-25,12,176
2021-05-25,13,165
2021-05-25,14,153
2021-05-25,15,193
2021-05-25,16,164
2021-05-25,17,107
2021-05-25,18,96
2021-05-25,19,63
2021-05-25,20,37
2021-05-25,21,41
2021-05-25,22,19
2021-05-25,23,15
2021-05-26,0,8
2021-05-26,1,5
2021-05-26,2,8
2021-05-26,3,5
2021-05-26,4,11
2021-05-26,5,30
2021-05-26,6,64
2021-05-26,7,94
2021-05-26,8,114
2021-05-26,9,111
2021-05-26,10,137
2021-05-26,11,160
2021-05-26,12,157
2021-05-26,13,159
2021-05-26,14,183
2021-05-26,15,162
2021-05-26,16,169
2021-05-26,17,107
2021-05-26,18,103
2021-05-26,19,68
2021-05-26,20,56
2021-05-26,21,30
2021-05-26,22,26
2021-05-26,23,15
2021-05-27,0,7
2021-05-27,1,10
2021-05-27,2,2
2021-05-27,3,7
2021-05-27,4,9
2021-05-27,5,26
2021-05-27,6,61
2021-05-27,7,93
2021-05-27,8,135
2021-05-27,9,154
2021-05-27,10,186
2021-05-27,11,177
2021-05-27,12,148
2021-05-27,13,195
2021-05-27,14,165
2021-05-27,15,176
2021-05-27,16,182
2021-05-27,17,151
2021-05-27,18,101
2021-05-27,19,72
2021-05-27,20,60
2021-05-27,21,48
2021-05-27,22,27
2021-05-27,23,12
2021-05-28,0,10
2021-05-28,1,5
2021-05-28,2,3
2021-05-28,3,1
2021-05-28,4,9
2021-05-28,5,40
2021-05-28,6,70
2021-05-28,7,87
2021-05-28,8,122
2021-05-28,9,153
2021-05-28,10,179
2021-05-28,11,220
2021-05-28,12,178
2021-05-28,13,178
2021-05-28,14,208
2021-05-28,15,220
2021-05-28,16,143
2021-05-28,17,132
2021-05-28,18,95
2021-05-28,19,99
2021-05-28,20,66
2021-05-28,21,54
2021-05-28,22,37
2021-05-28,23,26
2021-05-29,0,17
2021-05-29,1,8
2021-05-29,2,6
2021-05-29,3,6
2021-05-29,4,6
2021-05-29,5,22
2021-05-29,6,34
2021-05-29,7,63
2021-05-29,8,95
2021-05-29,9,140
2021-05-29,10,157
2021-05-29,11,190
2021-05-29,12,185
2021-05-29,13,212
2021-05-29,14,203
2021-05-29,15,116
2021-05-29,16,127
2021-05-29,17,108
2021-05-29,18,101
2021-05-29,19,70
2021-05-29,20,67
2021-05-29,21,42
2021-05-29,22,37
2021-05-29,23,24
2021-05-30,0,16
2021-05-30,1,8
2021-05-30,2,5
2021-05-30,3,6
2021-05-30,4,8
2021-05-30,5,12
2021-05-30,6,20
2021-05-30,7,31
2021-05-30,8,41
2021-05-30,9,86
2021-05-30,10,114
2021-05-30,11,119
2021-05-30,12,156
2021-05-30,13,140
2021-05-30,14,107
2021-05-30,15,103
2021-05-30,16,99
2021-05-30,17,79
2021-05-30,18,70
2021-05-30,19,66
2021-05-30,20,56
2021-05-30,21,43
2021-05-30,22,35
2021-05-30,23,16
2021-05-31,0,11
2021-05-31,1,6
2021-05-31,2,6
2021-05-31,3,3
2021-05-31,4,8
2021-05-31,5,16
2021-05-31,6,43
2021-05-31,7,70
2021-05-31,8,78
2021-05-31,9,101
2021-05-31,10,119
2021-05-31,11,132
2021-05-31,12,115
2021-05-31,13,143
2021-05-31,14,113
2021-05-31,15,129
2021-05-31,16,108
2021-05-31,17,95
2021-05-31,18,90
2021-05-31,19,68
2021-05-31,20,62
2021-05-31,21,43
2021-05-31,22,36
2021-05-31,23,15
2021-06-01,0,8
2021-06-01,1,3
2021-06-01,2,4
2021-06-01,3,3
2021-06-01,4,5
2021-06-01,5,24
2021-06-01,6,45
2021-06-01,7,104
2021-06-01,8,124
2021-06-01,9,136
2021-06-01,10,148
2021-06-01,11,158
2021-06-01,12,157
2021-06-01,13,157
2021-06-01,14,151
2021-06-01,15,164
2021-06-01,16,174
2021-06-01,17,139
2021-06-01,18,77
2021-06-01,19,83
2021-06-01,20,69
2021-06-01,21,31
2021-06-01,22,24
2021-06-01,23,17
2021-06-02,0,22
2021-06-02,1,7
2021-06-02,2,6
2021-06-02,3,4
2021-06-02,4,15
2021-06-02,5,27
2021-06-02,6,54
2021-06-02,7,108
2021-06-02,8,155
2021-06-02,9,125
2021-06-02,10,151
2021-06-02,11,143
2021-06-02,12,136
2021-06-02,13,164
2021-06-02,14,161
2021-06-02,15,158
2021-06-02,16,155
2021-06-02,17,113
2021-06-02,18,94
2021-06-02,19,78
2021-06-02,20,62
2021-06-02,21,54
2021-06-02,22,26
2021-06-02,23,20
2021-06-03,0,5
2021-06-03,1,7
2021-06-03,2,4
2021-06-03,3,5
2021-06-03,4,8
2021-06-03,5,31
2021-06-03,6,47
2021-06-03,7,125
2021-06-03,8,143
2021-06-03,9,167
2021-06-03,10,168
2021-06-03,11,183
2021-06-03,12,200
2021-06-03,13,149
2021-06-03,14,182
2021-06-03,15,207
2021-06-03,16,130
2021-06-03,17,127
2021-06-03,18,93
2021-06-03,19,86
2021-06-03,20,46
2021-06-03,21,40
2021-06-03,22,25
2021-06-03,23,14
2021-06-04,0,6
2021-06-04,1,3
2021-06-04,2,5
2021-06-04,3,3
2021-06-04,4,9
2021-06-04,5,35
2021-06-04,6,65
2021-06-04,7,104
2021-06-04,8,138
2021-06-04,9,152
2021-06-04,10,164
2021-06-04,11,197
2021-06-04,12,209
2021-06-04,13,236
2021-06-04,14,198
2021-06-04,15,175
2021-06-04,16,152
2021-06-04,17,147
2021-06-04,18,112
2021-06-04,19,100
2021-06-04,20,62
2021-06-04,21,58
2021-06-04,22,30
2021-06-04,23,26
2021-06-05,0,10
2021-06-05,1,16
2021-06-05,2,6
2021-06-05,3,6
2021-06-05,4,4
2021-06-05,5,19
2021-06-05,6,37
2021-06-05,7,53
2021-06-05,8,116
2021-06-05,9,148
2021-06-05,10,154
2021-06-05,11,211
2021-06-05,12,180
2021-06-05,13,182
2021-06-05,14,144
2021-06-05,15,152
2021-06-05,16,137
2021-06-05,17,132
2021-06-05,18,91
2021-06-05,19,52
2021-06-05,20,63
2021-06-05,21,49
2021-06-05,22,42
2021-06-05,23,28
2021-06-06,0,21
2021-06-06,1,11
2021-06-06,2,13
2021-06-06,3,11
2021-06-06,4,9
2021-06-06,5,10
2021-06-06,6,15
2021-06-06,7,33
2021-06-06,8,99
2021-06-06,9,84
2021-06-06,10,137
2021-06-06,11,181
2021-06-06,12,177
2021-06-06,13,199
2021-06-06,14,138
2021-06-06,15,108
2021-06-06,16,90
2021-06-06,17,85
2021-06-06,18,67
2021-06-06,19,61
2021-06-06,20,51
2021-06-06,21,46
2021-06-06,22,30
2021-06-06,23,22
2021-06-07,0,6
2021-06-07,1,6
2021-06-07,2,5
2021-06-07,3,6
2021-06-07,4,8
2021-06-07,5,27
2021-06-07,6,68
2021-06-07,7,98
2021-06-07,8,115
2021-06-07,9,123
2021-06-07,10,131
2021-06-07,11,159
2021-06-07,12,149
2021-06-07,13,145
2021-06-07,14,159
2021-06-07,15,189
2021-06-07,16,150
2021-06-07,17,119
2021-06-07,18,102
2021-06-07,19,74
2021-06-07,20,49
2021-06-07,21,44
2021-06-07,22,30
2021-06-07,23,9
2021-06-08,0,7
2021-06-08,1,5
2021-06-08,2,4
2021-06-08,3,7
2021-06-08,4,9
2021-06-08,5,40
2021-06-08,6,59
2021-06-08,7,63
2021-06-08,8,127
2021-06-08,9,134
2021-06-08,10,155
2021-06-08,11,124
2021-06-08,12,170
2021-06-08,13,149
2021-06-08,14,175
2021-06-08,15,165
2021-06-08,16,159
2021-06-08,17,124
2021-06-08,18,95
2021-06-08,19,63
2021-06-08,20,60
2021-06-08,21,47
2021-06-08,22,23
2021-06-08,23,15
2021-06-09,0,11
2021-06-09,1,4
2021-06-09,2,6
2021-06-09,3,9
2021-06-09,4,14
2021-06-09,5,33
2021-06-09,6,63
2021-06-09,7,108
2021-06-09,8,138
2021-06-09,9,122
2021-06-09,10,155
2021-06-09,11,144
2021-06-09,12,166
2021-06-09,13,154
2021-06-09,14,192
2021-06-09,15,172
2021-06-09,16,178
2021-06-09,17,145
2021-06-09,18,100
2021-06-09,19,79
2021-06-09,20,57
2021-06-09,21,43
2021-06-09,22,28
2021-06-09,23,14
2021-06-10,0,13
2021-06-10,1,2
2021-06-10,2,4
2021-06-10,3,5
2021-06-10,4,14
2021-06-10,5,33
2021-06-10,6,53
2021-06-10,7,86
2021-06-10,8,118
2021-06-10,9,146
2021-06-10,10,178
2021-06-10,11,177
2021-06-10,12,171
2021-06-10,13,194
2021-06-10,14,186
2021-06-10,15,201
2021-06-10,16,188
2021-06-10,17,149
2021-06-10,18,101
2021-06-10,19,91
2021-06-10,20,69
2021-06-10,21,40
2021-06-10,22,26
2021-06-10,23,18
2021-06-11,0,14
2021-06-11,1,8
2021-06-11,2,5
2021-06-11,3,7
2021-06-11,4,6
2021-06-11,5,20
2021-06-11,6,70
2021-06-11,7,111
2021-06-11,8,153
2021-06-11,9,162
2021-06-11,10,166
2021-06-11,11,164
2021-06-11,12,174
2021-06-11,13,188
2021-06-11,14,202
2021-06-11,15,236
2021-06-11,16,207
2021-06-11,17,131
2021-06-11,18,111
2021-06-11,19,72
2021-06-11,20,69
2021-06-11,21,68
2021-06-11,22,38
2021-06-11,23,28
2021-06-12,0,16
2021-06-12,1,7
2021-06-12,2,8
2021-06-12,3,8
2021-06-12,4,10
2021-06-12,5,19
2021-06-12,6,28
2021-06-12,7,51
2021-06-12,8,104
2021-06-12,9,135
2021-06-12,10,171
2021-06-12,11,198
2021-06-12,12,180
2021-06-12,13,155
2021-06-12,14,173
2021-06-12,15,150
2021-06-12,16,130
2021-06-12,17,110
2021-06-12,18,99
2021-06-12,19,64
2021-06-12,20,57
2021-06-12,21,41
2021-06-12,22,48
2021-06-12,23,43
2021-06-13,0,18
2021-06-13,1,11
2021-06-13,2,7
2021-06-13,3,7
2021-06-13,4,4
2021-06-13,5,22
2021-06-13,6,11
2021-06-13,7,33
2021-06-13,8,44
2021-06-13,9,97
2021-06-13,10,136
2021-06-13,11,163
2021-06-13,12,151
2021-06-13,13,102
2021-06-13,14,121
2021-06-13,15,115
2021-06-13,16,95
2021-06-13,17,116
2021-06-13,18,98
2021-06-13,19,69
2021-06-13,20,50
2021-06-13,21,41
2021-06-13,22,33
2021-06-13,23,16
2021-06-14,0,17
2021-06-14,1,10
2021-06-14,2,5
2021-06-14,3,7
2021-06-14,4,5
2021-06-14,5,33
2021-06-14,6,58
2021-06-14,7,90
2021-06-14,8,128
2021-06-14,9,107
2021-06-14,10,162
2021-06-14,11,160
2021-06-14,12,167
2021-06-14,13,157
2021-06-14,14,116
2021-06-14,15,151
2021-06-14,16,140
2021-06-14,17,108
2021-06-14,18,90
2021-06-14,19,65
2021-06-14,20,49
2021-06-14,21,33
2021-06-14,22,24
2021-06-14,23,12
2021-06-15,0,6
2021-06-15,1,3
2021-06-15,2,3
2021-06-15,3,9
2021-06-15,4,5
2021-06-15,5,28
2021-06-15,6,71
2021-06-15,7,96
2021-06-15,8,122
2021-06-15,9,134
2021-06-15,10,137
2021-06-15,11,168
2021-06-15,12,201
2021-06-15,13,169
2021-06-15,14,185
2021-06-15,15,173
2021-06-15,16,179
2021-06-15,17,125
2021-06-15,18,103
2021-06-15,19,73
2021-06-15,20,45
2021-06-15,21,44
2021-06-15,22,28
2021-06-15,23,18
2021-06-16,0,9
2021-06-16,1,8
2021-06-16,2,3
2021-06-16,3,5
2021-06-16,4,7
2021-06-16,5,30
2021-06-16,6,65
2021-06-16,7,89
2021-06-16,8,134
2021-06-16,9,87
2021-06-16,10,133
2021-06-16,11,166
2021-06-16,12,139
2021-06-16,13,178
2021-06-16,14,153
2021-06-16,15,208
2021-06-16,16,173
2021-06-16,17,128
2021-06-16,18,102
2021-06-16,19,79
2021-06-16,20,69
2021-06-16,21,34
2021-06-16,22,31
2021-06-16,23,18
2021-06-17,0,9
2021-06-17,1,6
2021-06-17,2,4
2021-06-17,3,6
2021-06-17,4,8
2021-06-17,5,26
2021-06-17,6,58
2021-06-17,7,95
2021-06-17,8,140
2021-06-17,9,149
2021-06-17,10,164
2021-06-17,11,173
2021-06-17,12,179
2021-06-17,13,171
2021-06-17,14,167
2021-06-17,15,202
2021-06-17,16,149
2021-06-17,17,152
2021-06-17,18,103
2021-06-17,19,91
2021-06-17,20,68
2021-06-17,21,51
2021-06-17,22,38
2021-06-17,23,19
2021-06-18,0,14
2021-06-18,1,7
2021-06-18,2,4
2021-06-18,3,6
2021-06-18,4,9
2021-06-18,5,34
2021-06-18,6,64
2021-06-18,7,94
2021-06-18,8,157
2021-06-18,9,200
2021-06-18,10,186
2021-06-18,11,227
2021-06-18,12,233
2021-06-18,13,198
2021-06-18,14,209
2021-06-18,15,229
2021-06-18,16,173
2021-06-18,17,178
2021-06-18,18,108
2021-06-18,19,59
2021-06-18,20,52
2021-06-18,21,56
2021-06-18,22,55
2021-06-18,23,31
2021-06-19,0,27
2021-06-19,1,9
2021-06-19,2,10
2021-06-19,3,10
2021-06-19,4,7
2021-06-19,5,10
2021-06-19,6,30
2021-06-19,7,59
2021-06-19,8,102
2021-06-19,9,160
2021-06-19,10,141
2021-06-19,11,204
2021-06-19,12,206
2021-06-19,13,185
2021-06-19,14,173
2021-06-19,15,163
2021-06-19,16,136
2021-06-19,17,115
2021-06-19,18,103
2021-06-19,19,80
2021-06-19,20,61
2021-06-19,21,53
2021-06-19,22,54
2021-06-19,23,28
2021-06-20,0,18
2021-06-20,1,10
2021-06-20,2,3
2021-06-20,3,7
2021-06-20,4,5
2021-06-20,5,13
2021-06-20,6,19
2021-06-20,7,31
2021-06-20,8,44
2021-06-20,9,91
2021-06-20,10,138
2021-06-20,11,136
2021-06-20,12,155
2021-06-20,13,149
2021-06-20,14,145
2021-06-20,15,124
2021-06-20,16,109
2021-06-20,17,106
2021-06-20,18,85
2021-06-20,19,100
2021-06-20,20,47
2021-06-20,21,39
2021-06-20,22,37
2021-06-20,23,18
2021-06-21,0,8
2021-06-21,1,4
2021-06-21,2,4
2021-06-21,3,3
2021-06-21,4,9
2021-06-21,5,25
2021-06-21,6,63
2021-06-21,7,82
2021-06-21,8,137
2021-06-21,9,109
2021-06-21,10,174
2021-06-21,11,165
2021-06-21,12,160
2021-06-21,13,155
2021-06-21,14,193
2021-06-21,15,158
2021-06-21,16,178
2021-06-21,17,113
2021-06-21,18,85
2021-06-21,19,67
2021-06-21,20,44
2021-06-21,21,36
2021-06-21,22,26
2021-06-21,23,16
2021-06-22,0,0
2021-06-22,1,0
2021-06-22,2,0
2021-06-22,3,0
2021-06-22,4,8
2021-06-22,5,26
2021-06-22,6,57
2021-06-22,7,96
2021-06-22,8,124
2021-06-22,9,128
2021-06-22,10,140
2021-06-22,11,150
2021-06-22,12,145
2021-06-22,13,165
2021-06-22,14,179
2021-06-22,15,167
2021-06-22,16,173
2021-06-22,17,129
2021-06-22,18,92
2021-06-22,19,67
2021-06-22,20,45
2021-06-22,21,44
2021-06-22,22,31
2021-06-22,23,9
2021-06-23,0,5
2021-06-23,1,7
2021-06-23,2,5
2021-06-23,3,5
2021-06-23,4,14
2021-06-23,5,34
2021-06-23,6,68
2021-06-23,7,102
2021-06-23,8,133
2021-06-23,9,126
2021-06-23,10,131
2021-06-23,11,128
2021-06-23,12,157
2021-06-23,13,187
2021-06-23,14,200
2021-06-23,15,163
2021-06-23,16,136
2021-06-23,17,115
2021-06-23,18,90
2021-06-23,19,78
2021-06-23,20,59
2021-06-23,21,42
2021-06-23,22,30
2021-06-23,23,15
2021-06-24,0,9
2021-06-24,1,4
2021-06-24,2,3
2021-06-24,3,11
2021-06-24,4,9
2021-06-24,5,39
2021-06-24,6,58
2021-06-24,7,88
2021-06-24,8,133
2021-06-24,9,143
2021-06-24,10,186
2021-06-24,11,179
2021-06-24,12,178
2021-06-24,13,202
2021-06-24,14,177
2021-06-24,15,166
2021-06-24,16,184
2021-06-24,17,139
2021-06-24,18,99
2021-06-24,19,99
2021-06-24,20,119
2021-06-24,21,50
2021-06-24,22,28
2021-06-24,23,12
2021-06-25,0,8
2021-06-25,1,9
2021-06-25,2,7
2021-06-25,3,6
2021-06-25,4,8
2021-06-25,5,36
2021-06-25,6,56
2021-06-25,7,78
2021-06-25,8,133
2021-06-25,9,155
2021-06-25,10,172
2021-06-25,11,193
2021-06-25,12,210
2021-06-25,13,226
2021-06-25,14,209
2021-06-25,15,211
2021-06-25,16,181
2021-06-25,17,168
2021-06-25,18,136
2021-06-25,19,102
2021-06-25,20,83
2021-06-25,21,68
2021-06-25,22,47
2021-06-25,23,19
2021-06-26,0,8
2021-06-26,1,7
2021-06-26,2,4
2021-06-26,3,6
2021-06-26,4,7
2021-06-26,5,18
2021-06-26,6,33
2021-06-26,7,52
2021-06-26,8,98
2021-06-26,9,132
2021-06-26,10,131
2021-06-26,11,193
2021-06-26,12,176
2021-06-26,13,168
2021-06-26,14,165
2021-06-26,15,161
2021-06-26,16,113
2021-06-26,17,115
2021-06-26,18,103
2021-06-26,19,77
2021-06-26,20,58
2021-06-26,21,56
2021-06-26,22,40
2021-06-26,23,37
2021-06-27,0,12
2021-06-27,1,8
2021-06-27,2,5
2021-06-27,3,11
2021-06-27,4,8
2021-06-27,5,6
2021-06-27,6,11
2021-06-27,7,31
2021-06-27,8,46
2021-06-27,9,79
2021-06-27,10,113
2021-06-27,11,125
2021-06-27,12,139
2021-06-27,13,148
2021-06-27,14,130
2021-06-27,15,124
2021-06-27,16,100
2021-06-27,17,108
2021-06-27,18,75
2021-06-27,19,70
2021-06-27,20,55
2021-06-27,21,41
2021-06-27,22,26
2021-06-27,23,22
2021-06-28,0,4
2021-06-28,1,8
2021-06-28,2,5
2021-06-28,3,6
2021-06-28,4,12
2021-06-28,5,29
2021-06-28,6,69
2021-06-28,7,81
2021-06-28,8,138
2021-06-28,9,88
2021-06-28,10,147
2021-06-28,11,162
2021-06-28,12,138
2021-06-28,13,147
2021-06-28,14,166
2021-06-28,15,143
2021-06-28,16,142
2021-06-28,17,131
2021-06-28,18,92
2021-06-28,19,75
2021-06-28,20,50
2021-06-28,21,30
2021-06-28,22,27
2021-06-28,23,12
2021-06-29,0,8
2021-06-29,1,6
2021-06-29,2,4
2021-06-29,3,4
2021-06-29,4,14
2021-06-29,5,24
2021-06-29,6,47
2021-06-29,7,86
2021-06-29,8,95
2021-06-29,9,100
2021-06-29,10,150
2021-06-29,11,160
2021-06-29,12,135
2021-06-29,13,149
2021-06-29,14,147
2021-06-29,15,154
2021-06-29,16,155
2021-06-29,17,102
2021-06-29,18,105
2021-06-29,19,65
2021-06-29,20,79
2021-06-29,21,45
2021-06-29,22,29
2021-06-29,23,18
2021-06-30,0,0
2021-06-30,1,3
2021-06-30,2,3
2021-06-30,3,7
2021-06-30,4,10
2021-06-30,5,25
2021-06-30,6,54
2021-06-30,7,76
2021-06-30,8,110
2021-06-30,9,100
2021-06-30,10,171
2021-06-30,11,163
2021-06-30,12,163
2021-06-30,13,150
2021-06-30,14,174
2021-06-30,15,174
2021-06-30,16,179
2021-06-30,17,115
2021-06-30,18,87
2021-06-30,19,86
2021-06-30,20,73
2021-06-30,21,48
2021-06-30,22,29
2021-06-30,23,23
2021-07-01,0,7
2021-07-01,1,5
2021-07-01,2,2
2021-07-01,3,9
2021-07-01,4,12
2021-07-01,5,25
2021-07-01,6,50
2021-07-01,7,129
2021-07-01,8,124
2021-07-01,9,142
2021-07-01,10,182
2021-07-01,11,209
2021-07-01,12,199
2021-07-01,13,189
2021-07-01,14,182
2021-07-01,15,203
2021-07-01,16,168
2021-07-01,17,144
2021-07-01,18,103
2021-07-01,19,110
2021-07-01,20,59
2021-07-01,21,46
2021-07-01,22,32
2021-07-01,23,17
2021-07-02,0,6
2021-07-02,1,4
2021-07-02,2,6
2021-07-02,3,6
2021-07-02,4,8
2021-07-02,5,32
2021-07-02,6,55
2021-07-02,7,99
2021-07-02,8,123
2021-07-02,9,158
2021-07-02,10,188
2021-07-02,11,204
2021-07-02,12,204
2021-07-02,13,192
2021-07-02,14,229
2021-07-02,15,182
2021-07-02,16,148
2021-07-02,17,138
2021-07-02,18,99
2021-07-02,19,87
2021-07-02,20,61
2021-07-02,21,83
2021-07-02,22,38
2021-07-02,23,18
2021-07-03,0,13
2021-07-03,1,8
2021-07-03,2,6
2021-07-03,3,12
2021-07-03,4,3
2021-07-03,5,16
2021-07-03,6,28
2021-07-03,7,49
2021-07-03,8,112
2021-07-03,9,155
2021-07-03,10,179
2021-07-03,11,149
2021-07-03,12,190
2021-07-03,13,169
2021-07-03,14,145
2021-07-03,15,149
2021-07-03,16,124
2021-07-03,17,112
2021-07-03,18,84
2021-07-03,19,68
2021-07-03,20,61
2021-07-03,21,87
2021-07-03,22,44
2021-07-03,23,29
2021-07-04,0,11
2021-07-04,1,10
2021-07-04,2,6
2021-07-04,3,5
2021-07-04,4,6
2021-07-04,5,7
2021-07-04,6,9
2021-07-04,7,36
2021-07-04,8,50
2021-07-04,9,80
2021-07-04,10,108
2021-07-04,11,175
2021-07-04,12,174
2021-07-04,13,153
2021-07-04,14,162
2021-07-04,15,132
2021-07-04,16,127
2021-07-04,17,111
2021-07-04,18,74
2021-07-04,19,67
2021-07-04,20,52
2021-07-04,21,44
2021-07-04,22,27
2021-07-04,23,37
2021-07-05,0,8
2021-07-05,1,9
2021-07-05,2,8
2021-07-05,3,2
2021-07-05,4,9
2021-07-05,5,28
2021-07-05,6,69
2021-07-05,7,85
2021-07-05,8,135
2021-07-05,9,167
2021-07-05,10,145
2021-07-05,11,197
2021-07-05,12,283
2021-07-05,13,202
2021-07-05,14,192
2021-07-05,15,170
2021-07-05,16,186
2021-07-05,17,98
2021-07-05,18,109
2021-07-05,19,63
2021-07-05,20,57
2021-07-05,21,44
2021-07-05,22,27
2021-07-05,23,12
2021-07-06,0,6
2021-07-06,1,5
2021-07-06,2,3
2021-07-06,3,3
2021-07-06,4,10
2021-07-06,5,38
2021-07-06,6,55
2021-07-06,7,91
2021-07-06,8,94
2021-07-06,9,152
2021-07-06,10,139
2021-07-06,11,176
2021-07-06,12,276
2021-07-06,13,190
2021-07-06,14,162
2021-07-06,15,163
2021-07-06,16,137
2021-07-06,17,165
2021-07-06,18,102
2021-07-06,19,78
2021-07-06,20,39
2021-07-06,21,39
2021-07-06,22,35
2021-07-06,23,13
2021-07-07,0,7
2021-07-07,1,7
2021-07-07,2,5
2021-07-07,3,4
2021-07-07,4,15
2021-07-07,5,25
2021-07-07,6,69
2021-07-07,7,77
2021-07-07,8,120
2021-07-07,9,123
2021-07-07,10,172
2021-07-07,11,183
2021-07-07,12,151
2021-07-07,13,155
2021-07-07,14,182
2021-07-07,15,166
2021-07-07,16,156
2021-07-07,17,135
2021-07-07,18,112
2021-07-07,19,55
2021-07-07,20,65
2021-07-07,21,39
2021-07-07,22,35
2021-07-07,23,24
2021-07-08,0,8
2021-07-08,1,2
2021-07-08,2,4
2021-07-08,3,6
2021-07-08,4,10
2021-07-08,5,41
2021-07-08,6,61
2021-07-08,7,87
2021-07-08,8,107
2021-07-08,9,176
2021-07-08,10,172
2021-07-08,11,285
2021-07-08,12,204
2021-07-08,13,235
2021-07-08,14,200
2021-07-08,15,179
2021-07-08,16,180
2021-07-08,17,144
2021-07-08,18,92
2021-07-08,19,76
2021-07-08,20,145
2021-07-08,21,49
2021-07-08,22,25
2021-07-08,23,8
2021-07-09,0,6
2021-07-09,1,7
2021-07-09,2,2
2021-07-09,3,5
2021-07-09,4,7
2021-07-09,5,26
2021-07-09,6,59
2021-07-09,7,81
2021-07-09,8,139
2021-07-09,9,187
2021-07-09,10,196
2021-07-09,11,237
2021-07-09,12,293
2021-07-09,13,260
2021-07-09,14,248
2021-07-09,15,198
2021-07-09,16,161
2021-07-09,17,139
2021-07-09,18,132
2021-07-09,19,86
2021-07-09,20,74
2021-07-09,21,62
2021-07-09,22,36
2021-07-09,23,14
2021-07-10,0,13
2021-07-10,1,11
2021-07-10,2,7
2021-07-10,3,11
2021-07-10,4,7
2021-07-10,5,15
2021-07-10,6,26
2021-07-10,7,53
2021-07-10,8,95
2021-07-10,9,128
2021-07-10,10,167
2021-07-10,11,140
2021-07-10,12,183
2021-07-10,13,171
2021-07-10,14,158
2021-07-10,15,152
2021-07-10,16,134
2021-07-10,17,126
2021-07-10,18,100
2021-07-10,19,73
2021-07-10,20,64
2021-07-10,21,52
2021-07-10,22,48
2021-07-10,23,39
2021-07-11,0,14
2021-07-11,1,12
2021-07-11,2,7
2021-07-11,3,5
2021-07-11,4,7
2021-07-11,5,12
2021-07-11,6,18
2021-07-11,7,25
2021-07-11,8,49
2021-07-11,9,63
2021-07-11,10,136
2021-07-11,11,149
2021-07-11,12,157
2021-07-11,13,137
2021-07-11,14,145
2021-07-11,15,121
2021-07-11,16,106
2021-07-11,17,97
2021-07-11,18,78
2021-07-11,19,42
2021-07-11,20,50
2021-07-11,21,34
2021-07-11,22,43
2021-07-11,23,23
2021-07-12,0,13
2021-07-12,1,10
2021-07-12,2,6
2021-07-12,3,6
2021-07-12,4,9
2021-07-12,5,26
2021-07-12,6,52
2021-07-12,7,72
2021-07-12,8,103
2021-07-12,9,103
2021-07-12,10,117
2021-07-12,11,116
2021-07-12,12,145
2021-07-12,13,170
2021-07-12,14,164
2021-07-12,15,144
2021-07-12,16,174
2021-07-12,17,133
2021-07-12,18,86
2021-07-12,19,81
2021-07-12,20,54
2021-07-12,21,43
2021-07-12,22,34
2021-07-12,23,6
2021-07-13,0,1
2021-07-13,1,4
2021-07-13,2,8
2021-07-13,3,7
2021-07-13,4,7
2021-07-13,5,20
2021-07-13,6,71
2021-07-13,7,70
2021-07-13,8,99
2021-07-13,9,111
2021-07-13,10,140
2021-07-13,11,155
2021-07-13,12,181
2021-07-13,13,159
2021-07-13,14,155
2021-07-13,15,172
2021-07-13,16,160
2021-07-13,17,129
2021-07-13,18,91
2021-07-13,19,64
2021-07-13,20,51
2021-07-13,21,38
2021-07-13,22,28
2021-07-13,23,12
2021-07-14,0,0
2021-07-14,1,5
2021-07-14,2,1
2021-07-14,3,11
2021-07-14,4,10
2021-07-14,5,30
2021-07-14,6,66
2021-07-14,7,81
2021-07-14,8,99
2021-07-14,9,105
2021-07-14,10,145
2021-07-14,11,159
2021-07-14,12,150
2021-07-14,13,152
2021-07-14,14,170
2021-07-14,15,178
2021-07-14,16,167
2021-07-14,17,156
2021-07-14,18,122
2021-07-14,19,87
2021-07-14,20,66
2021-07-14,21,52
2021-07-14,22,25
2021-07-14,23,14
2021-07-15,0,14
2021-07-15,1,5
2021-07-15,2,7
2021-07-15,3,7
2021-07-15,4,10
2021-07-15,5,36
2021-07-15,6,63
2021-07-15,7,89
2021-07-15,8,109
2021-07-15,9,174
2021-07-15,10,137
2021-07-15,11,152
2021-07-15,12,179
2021-07-15,13,151
2021-07-15,14,156
2021-07-15,15,172
2021-07-15,16,150
2021-07-15,17,127
2021-07-15,18,112
2021-07-15,19,94
2021-07-15,20,57
2021-07-15,21,56
2021-07-15,22,34
2021-07-15,23,19
2021-07-16,0,5
2021-07-16,1,4
2021-07-16,2,3
2021-07-16,3,7
2021-07-16,4,11
2021-07-16,5,26
2021-07-16,6,60
2021-07-16,7,74
2021-07-16,8,106
2021-07-16,9,155
2021-07-16,10,167
2021-07-16,11,192
2021-07-16,12,227
2021-07-16,13,217
2021-07-16,14,281
2021-07-16,15,232
2021-07-16,16,182
2021-07-16,17,140
2021-07-16,18,108
2021-07-16,19,81
2021-07-16,20,54
2021-07-16,21,61
2021-07-16,22,44
2021-07-16,23,22
2021-07-17,0,12
2021-07-17,1,8
2021-07-17,2,8
2021-07-17,3,9
2021-07-17,4,7
2021-07-17,5,19
2021-07-17,6,26
2021-07-17,7,69
2021-07-17,8,101
2021-07-17,9,138
2021-07-17,10,150
2021-07-17,11,161
2021-07-17,12,152
2021-07-17,13,160
2021-07-17,14,149
2021-07-17,15,155
2021-07-17,16,119
2021-07-17,17,110
2021-07-17,18,82
2021-07-17,19,75
2021-07-17,20,52
2021-07-17,21,45
2021-07-17,22,46
2021-07-17,23,17
2021-07-18,0,17
2021-07-18,1,15
2021-07-18,2,5
2021-07-18,3,3
2021-07-18,4,9
2021-07-18,5,7
2021-07-18,6,14
2021-07-18,7,37
2021-07-18,8,47
2021-07-18,9,80
2021-07-18,10,127
2021-07-18,11,161
2021-07-18,12,143
2021-07-18,13,115
2021-07-18,14,117
2021-07-18,15,99
2021-07-18,16,93
2021-07-18,17,100
2021-07-18,18,69
2021-07-18,19,67
2021-07-18,20,50
2021-07-18,21,40
2021-07-18,22,38
2021-07-18,23,20
2021-07-19,0,9
2021-07-19,1,7
2021-07-19,2,14
2021-07-19,3,5
2021-07-19,4,8
2021-07-19,5,15
2021-07-19,6,42
2021-07-19,7,80
2021-07-19,8,105
2021-07-19,9,119
2021-07-19,10,132
2021-07-19,11,157
2021-07-19,12,123
2021-07-19,13,148
2021-07-19,14,144
2021-07-19,15,162
2021-07-19,16,120
2021-07-19,17,124
2021-07-19,18,100
2021-07-19,19,70
2021-07-19,20,53
2021-07-19,21,42
2021-07-19,22,34
2021-07-19,23,23
2021-07-20,0,10
2021-07-20,1,3
2021-07-20,2,6
2021-07-20,3,6
2021-07-20,4,7
2021-07-20,5,31
2021-07-20,6,58
2021-07-20,7,89
2021-07-20,8,93
2021-07-20,9,118
2021-07-20,10,159
2021-07-20,11,154
2021-07-20,12,150
2021-07-20,13,95
2021-07-20,14,151
2021-07-20,15,170
2021-07-20,16,128
2021-07-20,17,150
2021-07-20,18,90
2021-07-20,19,65
2021-07-20,20,50
2021-07-20,21,54
2021-07-20,22,32
2021-07-20,23,16
2021-07-21,0,4
2021-07-21,1,1
2021-07-21,2,11
2021-07-21,3,5
2021-07-21,4,11
2021-07-21,5,24
2021-07-21,6,51
2021-07-21,7,78
2021-07-21,8,106
2021-07-21,9,117
2021-07-21,10,121
2021-07-21,11,130
2021-07-21,12,193
2021-07-21,13,152
2021-07-21,14,147
2021-07-21,15,146
2021-07-21,16,133
2021-07-21,17,108
2021-07-21,18,97
2021-07-21,19,80
2021-07-21,20,68
2021-07-21,21,42
2021-07-21,22,40
2021-07-21,23,22
2021-07-22,0,2
2021-07-22,1,3
2021-07-22,2,5
2021-07-22,3,5
2021-07-22,4,6
2021-07-22,5,23
2021-07-22,6,46
2021-07-22,7,90
2021-07-22,8,120
2021-07-22,9,161
2021-07-22,10,165
2021-07-22,11,175
2021-07-22,12,168
2021-07-22,13,186
2021-07-22,14,153
2021-07-22,15,181
2021-07-22,16,133
2021-07-22,17,143
2021-07-22,18,99
2021-07-22,19,88
2021-07-22,20,52
2021-07-22,21,56
2021-07-22,22,41
2021-07-22,23,17
2021-07-23,0,5
2021-07-23,1,6
2021-07-23,2,5
2021-07-23,3,7
2021-07-23,4,6
2021-07-23,5,36
2021-07-23,6,46
2021-07-23,7,86
2021-07-23,8,132
2021-07-23,9,172
2021-07-23,10,158
2021-07-23,11,184
2021-07-23,12,210
2021-07-23,13,199
2021-07-23,14,216
2021-07-23,15,148
2021-07-23,16,139
2021-07-23,17,144
2021-07-23,18,120
2021-07-23,19,74
2021-07-23,20,62
2021-07-23,21,53
2021-07-23,22,36
2021-07-23,23,26
2021-07-24,0,12
2021-07-24,1,13
2021-07-24,2,11
2021-07-24,3,7
2021-07-24,4,8
2021-07-24,5,8
2021-07-24,6,23
2021-07-24,7,48
2021-07-24,8,80
2021-07-24,9,141
2021-07-24,10,128
2021-07-24,11,189
2021-07-24,12,155
2021-07-24,13,159
2021-07-24,14,142
2021-07-24,15,109
2021-07-24,16,115
2021-07-24,17,100
2021-07-24,18,109
2021-07-24,19,80
2021-07-24,20,57
2021-07-24,21,54
2021-07-24,22,40
2021-07-24,23,27
2021-07-25,0,16
2021-07-25,1,10
2021-07-25,2,8
2021-07-25,3,6
2021-07-25,4,8
2021-07-25,5,9
2021-07-25,6,15
2021-07-25,7,20
2021-07-25,8,35
2021-07-25,9,61
2021-07-25,10,118
2021-07-25,11,123
2021-07-25,12,165
2021-07-25,13,127
2021-07-25,14,114
2021-07-25,15,107
2021-07-25,16,101
2021-07-25,17,80
2021-07-25,18,73
2021-07-25,19,79
2021-07-25,20,61
2021-07-25,21,43
2021-07-25,22,31
2021-07-25,23,19
2021-07-26,0,8
2021-07-26,1,6
2021-07-26,2,6
2021-07-26,3,3
2021-07-26,4,6
2021-07-26,5,28
2021-07-26,6,58
2021-07-26,7,79
2021-07-26,8,122
2021-07-26,9,110
2021-07-26,10,123
2021-07-26,11,150
2021-07-26,12,142
2021-07-26,13,159
2021-07-26,14,143
2021-07-26,15,157
2021-07-26,16,129
2021-07-26,17,127
2021-07-26,18,109
2021-07-26,19,67
2021-07-26,20,63
2021-07-26,21,36
2021-07-26,22,25
2021-07-26,23,19
2021-07-27,0,0
2021-07-27,1,5
2021-07-27,2,4
2021-07-27,3,8
2021-07-27,4,10
2021-07-27,5,26
2021-07-27,6,56
2021-07-27,7,71
2021-07-27,8,114
2021-07-27,9,135
2021-07-27,10,116
2021-07-27,11,130
2021-07-27,12,147
2021-07-27,13,164
2021-07-27,14,162
2021-07-27,15,176
2021-07-27,16,140
2021-07-27,17,133
2021-07-27,18,75
2021-07-27,19,62
2021-07-27,20,66
2021-07-27,21,47
2021-07-27,22,22
2021-07-27,23,12
2021-07-28,0,9
2021-07-28,1,8
2021-07-28,2,4
2021-07-28,3,10
2021-07-28,4,7
2021-07-28,5,31
2021-07-28,6,55
2021-07-28,7,98
2021-07-28,8,94
2021-07-28,9,126
2021-07-28,10,123
2021-07-28,11,154
2021-07-28,12,157
2021-07-28,13,169
2021-07-28,14,152
2021-07-28,15,163
2021-07-28,16,169
2021-07-28,17,142
2021-07-28,18,80
2021-07-28,19,76
2021-07-28,20,64
2021-07-28,21,50
2021-07-28,22,22
2021-07-28,23,20
2021-07-29,0,5
2021-07-29,1,6
2021-07-29,2,0
2021-07-29,3,7
2021-07-29,4,4
2021-07-29,5,27
2021-07-29,6,57
2021-07-29,7,89
2021-07-29,8,124
2021-07-29,9,139
2021-07-29,10,142
2021-07-29,11,205
2021-07-29,12,187
2021-07-29,13,202
2021-07-29,14,198
2021-07-29,15,213
2021-07-29,16,192
2021-07-29,17,159
2021-07-29,18,115
2021-07-29,19,77
2021-07-29,20,66
2021-07-29,21,53
2021-07-29,22,26
2021-07-29,23,22
2021-07-30,0,5
2021-07-30,1,10
2021-07-30,2,3
2021-07-30,3,5
2021-07-30,4,10
2021-07-30,5,26
2021-07-30,6,66
2021-07-30,7,83
2021-07-30,8,159
2021-07-30,9,175
2021-07-30,10,207
2021-07-30,11,181
2021-07-30,12,224
2021-07-30,13,226
2021-07-30,14,234
2021-07-30,15,194
2021-07-30,16,174
2021-07-30,17,125
2021-07-30,18,116
2021-07-30,19,81
2021-07-30,20,79
2021-07-30,21,65
2021-07-30,22,40
2021-07-30,23,20
2021-07-31,0,10
2021-07-31,1,15
2021-07-31,2,8
2021-07-31,3,5
2021-07-31,4,14
2021-07-31,5,16
2021-07-31,6,23
2021-07-31,7,70
2021-07-31,8,94
2021-07-31,9,165
2021-07-31,10,149
2021-07-31,11,212
2021-07-31,12,172
2021-07-31,13,195
2021-07-31,14,164
2021-07-31,15,162
2021-07-31,16,130
2021-07-31,17,132
2021-07-31,18,96
2021-07-31,19,65
2021-07-31,20,57
2021-07-31,21,75
2021-07-31,22,38
2021-07-31,23,35
2021-08-01,0,16
2021-08-01,1,19
2021-08-01,2,11
2021-08-01,3,6
2021-08-01,4,8
2021-08-01,5,8
2021-08-01,6,16
2021-08-01,7,24
2021-08-01,8,47
2021-08-01,9,93
2021-08-01,10,108
2021-08-01,11,174
2021-08-01,12,185
2021-08-01,13,155
2021-08-01,14,146
2021-08-01,15,131
2021-08-01,16,102
2021-08-01,17,135
2021-08-01,18,79
2021-08-01,19,59
2021-08-01,20,63
2021-08-01,21,60
2021-08-01,22,24
2021-08-01,23,22
2021-08-02,0,8
2021-08-02,1,5
2021-08-02,2,5
2021-08-02,3,6
2021-08-02,4,10
2021-08-02,5,21
2021-08-02,6,60
2021-08-02,7,74
2021-08-02,8,96
2021-08-02,9,114
2021-08-02,10,155
2021-08-02,11,152
2021-08-02,12,161
2021-08-02,13,141
2021-08-02,14,168
2021-08-02,15,181
2021-08-02,16,125
2021-08-02,17,137
2021-08-02,18,119
2021-08-02,19,63
2021-08-02,20,53
2021-08-02,21,34
2021-08-02,22,25
2021-08-02,23,15
2021-08-03,0,0
2021-08-03,1,8
2021-08-03,2,5
2021-08-03,3,3
2021-08-03,4,8
2021-08-03,5,33
2021-08-03,6,73
2021-08-03,7,81
2021-08-03,8,105
2021-08-03,9,154
2021-08-03,10,137
2021-08-03,11,153
2021-08-03,12,150
2021-08-03,13,137
2021-08-03,14,182
2021-08-03,15,176
2021-08-03,16,176
2021-08-03,17,134
2021-08-03,18,105
2021-08-03,19,70
2021-08-03,20,51
2021-08-03,21,47
2021-08-03,22,23
2021-08-03,23,20
2021-08-04,0,4
2021-08-04,1,4
2021-08-04,2,5
2021-08-04,3,6
2021-08-04,4,4
2021-08-04,5,21
2021-08-04,6,69
2021-08-04,7,91
2021-08-04,8,96
2021-08-04,9,102
2021-08-04,10,143
2021-08-04,11,173
2021-08-04,12,178
2021-08-04,13,148
2021-08-04,14,154
2021-08-04,15,188
2021-08-04,16,163
2021-08-04,17,144
2021-08-04,18,117
2021-08-04,19,71
2021-08-04,20,78
2021-08-04,21,47
2021-08-04,22,26
2021-08-04,23,20
2021-08-05,0,8
2021-08-05,1,5
2021-08-05,2,5
2021-08-05,3,6
2021-08-05,4,7
2021-08-05,5,26
2021-08-05,6,63
2021-08-05,7,95
2021-08-05,8,125
2021-08-05,9,174
2021-08-05,10,159
2021-08-05,11,179
2021-08-05,12,182
2021-08-05,13,227
2021-08-05,14,189
2021-08-05,15,250
2021-08-05,16,159
2021-08-05,17,142
2021-08-05,18,123
2021-08-05,19,79
2021-08-05,20,76
2021-08-05,21,46
2021-08-05,22,26
2021-08-05,23,23
2021-08-06,0,6
2021-08-06,1,8
2021-08-06,2,9
2021-08-06,3,3
2021-08-06,4,6
2021-08-06,5,38
2021-08-06,6,55
2021-08-06,7,89
2021-08-06,8,110
2021-08-06,9,160
2021-08-06,10,176
2021-08-06,11,196
2021-08-06,12,214
2021-08-06,13,254
2021-08-06,14,227
2021-08-06,15,222
2021-08-06,16,201
2021-08-06,17,181
2021-08-06,18,114
2021-08-06,19,81
2021-08-06,20,67
2021-08-06,21,45
2021-08-06,22,38
2021-08-06,23,26
2021-08-07,0,13
2021-08-07,1,6
2021-08-07,2,5
2021-08-07,3,6
2021-08-07,4,12
2021-08-07,5,17
2021-08-07,6,30
2021-08-07,7,62
2021-08-07,8,88
2021-08-07,9,144
2021-08-07,10,150
2021-08-07,11,187
2021-08-07,12,169
2021-08-07,13,171
2021-08-07,14,172
2021-08-07,15,154
2021-08-07,16,110
2021-08-07,17,128
2021-08-07,18,115
2021-08-07,19,66
2021-08-07,20,71
2021-08-07,21,36
2021-08-07,22,38
2021-08-07,23,19
2021-08-08,0,24
2021-08-08,1,11
2021-08-08,2,10
2021-08-08,3,4
2021-08-08,4,5
2021-08-08,5,15
2021-08-08,6,21
2021-08-08,7,29
2021-08-08,8,34
2021-08-08,9,77
2021-08-08,10,142
2021-08-08,11,152
2021-08-08,12,210
2021-08-08,13,178
2021-08-08,14,137
2021-08-08,15,128
2021-08-08,16,113
2021-08-08,17,144
2021-08-08,18,88
2021-08-08,19,69
2021-08-08,20,59
2021-08-08,21,42
2021-08-08,22,31
2021-08-08,23,20
2021-08-09,0,12
2021-08-09,1,5
2021-08-09,2,4
2021-08-09,3,10
2021-08-09,4,9
2021-08-09,5,25
2021-08-09,6,57
2021-08-09,7,73
2021-08-09,8,108
2021-08-09,9,99
2021-08-09,10,125
2021-08-09,11,173
2021-08-09,12,158
2021-08-09,13,166
2021-08-09,14,190
2021-08-09,15,193
2021-08-09,16,148
2021-08-09,17,132
2021-08-09,18,111
2021-08-09,19,71
2021-08-09,20,50
2021-08-09,21,31
2021-08-09,22,28
2021-08-09,23,18
2021-08-10,0,8
2021-08-10,1,11
2021-08-10,2,4
2021-08-10,3,8
2021-08-10,4,12
2021-08-10,5,36
2021-08-10,6,70
2021-08-10,7,89
2021-08-10,8,122
2021-08-10,9,149
2021-08-10,10,122
2021-08-10,11,130
2021-08-10,12,154
2021-08-10,13,131
2021-08-10,14,178
2021-08-10,15,158
2021-08-10,16,160
2021-08-10,17,124
2021-08-10,18,105
2021-08-10,19,88
2021-08-10,20,66
2021-08-10,21,52
2021-08-10,22,39
2021-08-10,23,22
2021-08-11,0,9
2021-08-11,1,4
2021-08-11,2,6
2021-08-11,3,5
2021-08-11,4,10
2021-08-11,5,28
2021-08-11,6,74
2021-08-11,7,79
2021-08-11,8,102
2021-08-11,9,105
2021-08-11,10,136
2021-08-11,11,143
2021-08-11,12,158
2021-08-11,13,168
2021-08-11,14,188
2021-08-11,15,167
2021-08-11,16,188
2021-08-11,17,157
2021-08-11,18,98
2021-08-11,19,86
2021-08-11,20,60
2021-08-11,21,40
2021-08-11,22,30
2021-08-11,23,13
2021-08-12,0,7
2021-08-12,1,8
2021-08-12,2,5
2021-08-12,3,9
2021-08-12,4,16
2021-08-12,5,31
2021-08-12,6,69
2021-08-12,7,84
2021-08-12,8,96
2021-08-12,9,153
2021-08-12,10,135
2021-08-12,11,192
2021-08-12,12,183
2021-08-12,13,166
2021-08-12,14,217
2021-08-12,15,196
2021-08-12,16,193
2021-08-12,17,145
2021-08-12,18,105
2021-08-12,19,71
2021-08-12,20,69
2021-08-12,21,125
2021-08-12,22,50
2021-08-12,23,32
2021-08-13,0,4
2021-08-13,1,5
2021-08-13,2,10
2021-08-13,3,8
2021-08-13,4,13
2021-08-13,5,29
2021-08-13,6,68
2021-08-13,7,101
2021-08-13,8,141
2021-08-13,9,119
2021-08-13,10,192
2021-08-13,11,199
2021-08-13,12,211
2021-08-13,13,188
2021-08-13,14,226
2021-08-13,15,212
2021-08-13,16,195
2021-08-13,17,139
2021-08-13,18,109
2021-08-13,19,70
2021-08-13,20,70
2021-08-13,21,60
2021-08-13,22,35
2021-08-13,23,28
2021-08-14,0,13
2021-08-14,1,14
2021-08-14,2,14
2021-08-14,3,10
2021-08-14,4,12
2021-08-14,5,20
2021-08-14,6,35
2021-08-14,7,57
2021-08-14,8,104
2021-08-14,9,128
2021-08-14,10,177
2021-08-14,11,182
2021-08-14,12,198
2021-08-14,13,191
2021-08-14,14,201
2021-08-14,15,131
2021-08-14,16,142
2021-08-14,17,128
2021-08-14,18,92
2021-08-14,19,72
2021-08-14,20,64
2021-08-14,21,45
2021-08-14,22,43
2021-08-14,23,49
2021-08-15,0,17
2021-08-15,1,22
2021-08-15,2,12
2021-08-15,3,14
2021-08-15,4,15
2021-08-15,5,9
2021-08-15,6,14
2021-08-15,7,22
2021-08-15,8,54
2021-08-15,9,77
2021-08-15,10,158
2021-08-15,11,162
2021-08-15,12,180
2021-08-15,13,171
2021-08-15,14,181
2021-08-15,15,125
2021-08-15,16,99
2021-08-15,17,127
2021-08-15,18,79
2021-08-15,19,68
2021-08-15,20,80
2021-08-15,21,47
2021-08-15,22,30
2021-08-15,23,15
2021-08-16,0,6
2021-08-16,1,7
2021-08-16,2,7
2021-08-16,3,9
2021-08-16,4,11
2021-08-16,5,37
2021-08-16,6,64
2021-08-16,7,90
2021-08-16,8,136
2021-08-16,9,127
2021-08-16,10,131
2021-08-16,11,148
2021-08-16,12,208
2021-08-16,13,160
2021-08-16,14,176
2021-08-16,15,154
2021-08-16,16,163
2021-08-16,17,137
2021-08-16,18,80
2021-08-16,19,59
2021-08-16,20,65
2021-08-16,21,42
2021-08-16,22,23
2021-08-16,23,12
2021-08-17,0,1
2021-08-17,1,6
2021-08-17,2,3
2021-08-17,3,4
2021-08-17,4,13
2021-08-17,5,28
2021-08-17,6,52
2021-08-17,7,130
2021-08-17,8,125
2021-08-17,9,133
2021-08-17,10,149
2021-08-17,11,144
2021-08-17,12,167
2021-08-17,13,177
2021-08-17,14,191
2021-08-17,15,185
2021-08-17,16,166
2021-08-17,17,143
2021-08-17,18,104
2021-08-17,19,95
2021-08-17,20,66
2021-08-17,21,42
2021-08-17,22,25
2021-08-17,23,7
2021-08-18,0,8
2021-08-18,1,5
2021-08-18,2,6
2021-08-18,3,8
2021-08-18,4,10
2021-08-18,5,33
2021-08-18,6,76
2021-08-18,7,98
2021-08-18,8,126
2021-08-18,9,141
2021-08-18,10,141
2021-08-18,11,157
2021-08-18,12,180
2021-08-18,13,159
2021-08-18,14,160
2021-08-18,15,179
2021-08-18,16,187
2021-08-18,17,173
2021-08-18,18,103
2021-08-18,19,67
2021-08-18,20,74
2021-08-18,21,125
2021-08-18,22,35
2021-08-18,23,16
2021-08-19,0,11
2021-08-19,1,6
2021-08-19,2,7
2021-08-19,3,10
2021-08-19,4,10
2021-08-19,5,31
2021-08-19,6,56
2021-08-19,7,103
2021-08-19,8,156
2021-08-19,9,156
2021-08-19,10,168
2021-08-19,11,190
2021-08-19,12,165
2021-08-19,13,213
2021-08-19,14,208
2021-08-19,15,189
2021-08-19,16,192
2021-08-19,17,120
2021-08-19,18,113
2021-08-19,19,77
2021-08-19,20,62
2021-08-19,21,49
2021-08-19,22,44
2021-08-19,23,19
2021-08-20,0,7
2021-08-20,1,6
2021-08-20,2,4
2021-08-20,3,6
2021-08-20,4,17
2021-08-20,5,29
2021-08-20,6,81
2021-08-20,7,114
2021-08-20,8,156
2021-08-20,9,158
2021-08-20,10,175
2021-08-20,11,174
2021-08-20,12,232
2021-08-20,13,207
2021-08-20,14,202
2021-08-20,15,208
2021-08-20,16,181
2021-08-20,17,167
2021-08-20,18,116
2021-08-20,19,85
2021-08-20,20,113
2021-08-20,21,63
2021-08-20,22,47
2021-08-20,23,33
2021-08-21,0,26
2021-08-21,1,16
2021-08-21,2,10
2021-08-21,3,11
2021-08-21,4,13
2021-08-21,5,19
2021-08-21,6,33
2021-08-21,7,55
2021-08-21,8,117
2021-08-21,9,137
2021-08-21,10,174
2021-08-21,11,231
2021-08-21,12,193
2021-08-21,13,145
2021-08-21,14,204
2021-08-21,15,131
2021-08-21,16,136
2021-08-21,17,125
2021-08-21,18,109
2021-08-21,19,83
2021-08-21,20,50
2021-08-21,21,73
2021-08-21,22,46
2021-08-21,23,26
2021-08-22,0,16
2021-08-22,1,12
2021-08-22,2,19
2021-08-22,3,15
2021-08-22,4,11
2021-08-22,5,22
2021-08-22,6,15
2021-08-22,7,30
2021-08-22,8,37
2021-08-22,9,141
2021-08-22,10,151
2021-08-22,11,172
2021-08-22,12,196
2021-08-22,13,192
2021-08-22,14,134
2021-08-22,15,111
2021-08-22,16,100
2021-08-22,17,99
2021-08-22,18,86
2021-08-22,19,67
2021-08-22,20,48
2021-08-22,21,48
2021-08-22,22,28
2021-08-22,23,34
2021-08-23,0,4
2021-08-23,1,4
2021-08-23,2,8
2021-08-23,3,2
2021-08-23,4,9
2021-08-23,5,30
2021-08-23,6,62
2021-08-23,7,93
2021-08-23,8,141
2021-08-23,9,116
2021-08-23,10,121
2021-08-23,11,169
2021-08-23,12,140
2021-08-23,13,148
2021-08-23,14,145
2021-08-23,15,167
2021-08-23,16,188
2021-08-23,17,128
2021-08-23,18,125
2021-08-23,19,77
2021-08-23,20,66
2021-08-23,21,45
2021-08-23,22,18
2021-08-23,23,21
2021-08-24,0,13
2021-08-24,1,4
2021-08-24,2,10
2021-08-24,3,5
2021-08-24,4,7
2021-08-24,5,20
2021-08-24,6,44
2021-08-24,7,96
2021-08-24,8,125
2021-08-24,9,111
2021-08-24,10,128
2021-08-24,11,153
2021-08-24,12,104
2021-08-24,13,158
2021-08-24,14,199
2021-08-24,15,170
2021-08-24,16,169
2021-08-24,17,132
2021-08-24,18,105
2021-08-24,19,98
2021-08-24,20,77
2021-08-24,21,35
2021-08-24,22,26
2021-08-24,23,19
2021-08-25,0,5
2021-08-25,1,7
2021-08-25,2,5
2021-08-25,3,6
2021-08-25,4,9
2021-08-25,5,30
2021-08-25,6,52
2021-08-25,7,104
2021-08-25,8,124
2021-08-25,9,135
2021-08-25,10,186
2021-08-25,11,160
2021-08-25,12,152
2021-08-25,13,161
2021-08-25,14,184
2021-08-25,15,188
2021-08-25,16,162
2021-08-25,17,140
2021-08-25,18,74
2021-08-25,19,71
2021-08-25,20,80
2021-08-25,21,47
2021-08-25,22,33
2021-08-25,23,9
2021-08-26,0,6
2021-08-26,1,9
2021-08-26,2,9
2021-08-26,3,8
2021-08-26,4,9
2021-08-26,5,29
2021-08-26,6,72
2021-08-26,7,106
2021-08-26,8,143
2021-08-26,9,194
2021-08-26,10,150
2021-08-26,11,182
2021-08-26,12,233
2021-08-26,13,179
2021-08-26,14,207
2021-08-26,15,221
2021-08-26,16,145
2021-08-26,17,133
2021-08-26,18,109
2021-08-26,19,83
2021-08-26,20,61
2021-08-26,21,51
2021-08-26,22,35
2021-08-26,23,8
2021-08-27,0,4
2021-08-27,1,10
2021-08-27,2,10
2021-08-27,3,8
2021-08-27,4,6
2021-08-27,5,34
2021-08-27,6,57
2021-08-27,7,95
2021-08-27,8,130
2021-08-27,9,194
2021-08-27,10,185
2021-08-27,11,200
2021-08-27,12,213
2021-08-27,13,216
2021-08-27,14,196
2021-08-27,15,191
2021-08-27,16,137
2021-08-27,17,118
2021-08-27,18,115
2021-08-27,19,87
2021-08-27,20,123
2021-08-27,21,64
2021-08-27,22,41
2021-08-27,23,44
2021-08-28,0,22
2021-08-28,1,16
2021-08-28,2,15
2021-08-28,3,10
2021-08-28,4,16
2021-08-28,5,11
2021-08-28,6,29
2021-08-28,7,58
2021-08-28,8,85
2021-08-28,9,156
2021-08-28,10,154
2021-08-28,11,166
2021-08-28,12,180
2021-08-28,13,185
2021-08-28,14,164
2021-08-28,15,152
2021-08-28,16,139
2021-08-28,17,126
2021-08-28,18,103
2021-08-28,19,68
2021-08-28,20,71
2021-08-28,21,53
2021-08-28,22,41
2021-08-28,23,30
2021-08-29,0,18
2021-08-29,1,20
2021-08-29,2,17
2021-08-29,3,13
2021-08-29,4,11
2021-08-29,5,12
2021-08-29,6,16
2021-08-29,7,31
2021-08-29,8,61
2021-08-29,9,94
2021-08-29,10,132
2021-08-29,11,112
2021-08-29,12,109
2021-08-29,13,121
2021-08-29,14,143
2021-08-29,15,110
2021-08-29,16,89
2021-08-29,17,93
2021-08-29,18,70
2021-08-29,19,60
2021-08-29,20,56
2021-08-29,21,34
2021-08-29,22,30
2021-08-29,23,24
2021-08-30,0,12
2021-08-30,1,5
2021-08-30,2,12
2021-08-30,3,13
2021-08-30,4,10
2021-08-30,5,26
2021-08-30,6,67
2021-08-30,7,87
2021-08-30,8,105
2021-08-30,9,129
2021-08-30,10,152
2021-08-30,11,150
2021-08-30,12,157
2021-08-30,13,187
2021-08-30,14,142
2021-08-30,15,154
2021-08-30,16,168
2021-08-30,17,99
2021-08-30,18,86
2021-08-30,19,80
2021-08-30,20,44
2021-08-30,21,26
2021-08-30,22,38
2021-08-30,23,10
2021-08-31,0,17
2021-08-31,1,4
2021-08-31,2,8
2021-08-31,3,8
2021-08-31,4,5
2021-08-31,5,26
2021-08-31,6,71
2021-08-31,7,96
2021-08-31,8,143
2021-08-31,9,133
2021-08-31,10,168
2021-08-31,11,130
2021-08-31,12,153
2021-08-31,13,169
2021-08-31,14,167
2021-08-31,15,203
2021-08-31,16,157
2021-08-31,17,139
2021-08-31,18,106
2021-08-31,19,54
2021-08-31,20,55
2021-08-31,21,44
2021-08-31,22,28
2021-08-31,23,11
2021-09-01,0,0
2021-09-01,1,5
2021-09-01,2,4
2021-09-01,3,7
2021-09-01,4,12
2021-09-01,5,23
2021-09-01,6,63
2021-09-01,7,89
2021-09-01,8,104
2021-09-01,9,126
2021-09-01,10,166
2021-09-01,11,152
2021-09-01,12,148
2021-09-01,13,149
2021-09-01,14,172
2021-09-01,15,174
2021-09-01,16,175
2021-09-01,17,124
2021-09-01,18,97
2021-09-01,19,78
2021-09-01,20,67
2021-09-01,21,51
2021-09-01,22,29
2021-09-01,23,35
2021-09-02,0,1
2021-09-02,1,3
2021-09-02,2,10
2021-09-02,3,6
2021-09-02,4,8
2021-09-02,5,24
2021-09-02,6,74
2021-09-02,7,108
2021-09-02,8,145
2021-09-02,9,174
2021-09-02,10,151
2021-09-02,11,174
2021-09-02,12,171
2021-09-02,13,195
2021-09-02,14,200
2021-09-02,15,188
2021-09-02,16,173
2021-09-02,17,128
2021-09-02,18,91
2021-09-02,19,89
2021-09-02,20,61
2021-09-02,21,59
2021-09-02,22,31
2021-09-02,23,21
2021-09-03,0,8
2021-09-03,1,9
2021-09-03,2,11
2021-09-03,3,6
2021-09-03,4,11
2021-09-03,5,22
2021-09-03,6,57
2021-09-03,7,95
2021-09-03,8,132
2021-09-03,9,162
2021-09-03,10,191
2021-09-03,11,191
2021-09-03,12,186
2021-09-03,13,191
2021-09-03,14,229
2021-09-03,15,180
2021-09-03,16,160
2021-09-03,17,150
2021-09-03,18,113
2021-09-03,19,88
2021-09-03,20,60
2021-09-03,21,43
2021-09-03,22,38
2021-09-03,23,15
2021-09-04,0,23
2021-09-04,1,11
2021-09-04,2,11
2021-09-04,3,12
2021-09-04,4,13
2021-09-04,5,13
2021-09-04,6,17
2021-09-04,7,43
2021-09-04,8,98
2021-09-04,9,147
2021-09-04,10,162
2021-09-04,11,184
2021-09-04,12,230
2021-09-04,13,186
2021-09-04,14,182
2021-09-04,15,136
2021-09-04,16,126
2021-09-04,17,147
2021-09-04,18,107
2021-09-04,19,74
2021-09-04,20,59
2021-09-04,21,45
2021-09-04,22,35
2021-09-04,23,29
2021-09-05,0,18
2021-09-05,1,13
2021-09-05,2,17
2021-09-05,3,13
2021-09-05,4,8
2021-09-05,5,7
2021-09-05,6,11
2021-09-05,7,27
2021-09-05,8,33
2021-09-05,9,103
2021-09-05,10,157
2021-09-05,11,190
2021-09-05,12,165
2021-09-05,13,169
2021-09-05,14,141
2021-09-05,15,133
2021-09-05,16,116
2021-09-05,17,129
2021-09-05,18,72
2021-09-05,19,67
2021-09-05,20,43
2021-09-05,21,38
2021-09-05,22,22
2021-09-05,23,23
2021-09-06,0,12
2021-09-06,1,8
2021-09-06,2,5
2021-09-06,3,9
2021-09-06,4,11
2021-09-06,5,24
2021-09-06,6,65
2021-09-06,7,74
2021-09-06,8,115
2021-09-06,9,121
2021-09-06,10,128
2021-09-06,11,152
2021-09-06,12,169
2021-09-06,13,171
2021-09-06,14,170
2021-09-06,15,174
2021-09-06,16,160
2021-09-06,17,113
2021-09-06,18,84
2021-09-06,19,79
2021-09-06,20,45
2021-09-06,21,39
2021-09-06,22,23
2021-09-06,23,16
2021-09-07,0,8
2021-09-07,1,5
2021-09-07,2,3
2021-09-07,3,7
2021-09-07,4,14
2021-09-07,5,33
2021-09-07,6,61
2021-09-07,7,88
2021-09-07,8,145
2021-09-07,9,141
2021-09-07,10,109
2021-09-07,11,136
2021-09-07,12,147
2021-09-07,13,182
2021-09-07,14,170
2021-09-07,15,166
2021-09-07,16,151
2021-09-07,17,137
2021-09-07,18,92
2021-09-07,19,88
2021-09-07,20,65
2021-09-07,21,31
2021-09-07,22,22
2021-09-07,23,15
2021-09-08,0,5
2021-09-08,1,6
2021-09-08,2,5
2021-09-08,3,3
2021-09-08,4,10
2021-09-08,5,23
2021-09-08,6,67
2021-09-08,7,86
2021-09-08,8,161
2021-09-08,9,119
2021-09-08,10,148
2021-09-08,11,158
2021-09-08,12,150
2021-09-08,13,128
2021-09-08,14,183
2021-09-08,15,179
2021-09-08,16,142
2021-09-08,17,122
2021-09-08,18,97
2021-09-08,19,78
2021-09-08,20,55
2021-09-08,21,38
2021-09-08,22,25
2021-09-08,23,32
2021-09-09,0,21
2021-09-09,1,6
2021-09-09,2,7
2021-09-09,3,5
2021-09-09,4,14
2021-09-09,5,27
2021-09-09,6,67
2021-09-09,7,81
2021-09-09,8,137
2021-09-09,9,179
2021-09-09,10,183
2021-09-09,11,211
2021-09-09,12,167
2021-09-09,13,159
2021-09-09,14,187
2021-09-09,15,205
2021-09-09,16,170
2021-09-09,17,142
2021-09-09,18,101
2021-09-09,19,87
2021-09-09,20,64
2021-09-09,21,51
2021-09-09,22,44
2021-09-09,23,26
2021-09-10,0,4
2021-09-10,1,8
2021-09-10,2,9
2021-09-10,3,10
2021-09-10,4,8
2021-09-10,5,24
2021-09-10,6,60
2021-09-10,7,104
2021-09-10,8,158
2021-09-10,9,153
2021-09-10,10,166
2021-09-10,11,196
2021-09-10,12,219
2021-09-10,13,177
2021-09-10,14,229
2021-09-10,15,199
2021-09-10,16,172
2021-09-10,17,155
2021-09-10,18,139
2021-09-10,19,92
2021-09-10,20,66
2021-09-10,21,59
2021-09-10,22,45
2021-09-10,23,52
2021-09-11,0,19
2021-09-11,1,19
2021-09-11,2,9
2021-09-11,3,10
2021-09-11,4,13
2021-09-11,5,12
2021-09-11,6,38
2021-09-11,7,61
2021-09-11,8,114
2021-09-11,9,168
2021-09-11,10,174
2021-09-11,11,216
2021-09-11,12,200
2021-09-11,13,133
2021-09-11,14,166
2021-09-11,15,171
2021-09-11,16,135
2021-09-11,17,167
2021-09-11,18,142
2021-09-11,19,80
2021-09-11,20,48
2021-09-11,21,121
2021-09-11,22,44
2021-09-11,23,47
2021-09-12,0,18
2021-09-12,1,22
2021-09-12,2,18
2021-09-12,3,13
2021-09-12,4,22
2021-09-12,5,7
2021-09-12,6,17
2021-09-12,7,27
2021-09-12,8,46
2021-09-12,9,72
2021-09-12,10,143
2021-09-12,11,170
2021-09-12,12,178
2021-09-12,13,163
2021-09-12,14,177
2021-09-12,15,143
2021-09-12,16,106
2021-09-12,17,115
2021-09-12,18,73
2021-09-12,19,71
2021-09-12,20,46
2021-09-12,21,35
2021-09-12,22,43
2021-09-12,23,19
2021-09-13,0,27
2021-09-13,1,11
2021-09-13,2,9
2021-09-13,3,7
2021-09-13,4,8
2021-09-13,5,29
2021-09-13,6,69
2021-09-13,7,72
2021-09-13,8,103
2021-09-13,9,103
2021-09-13,10,160
2021-09-13,11,124
2021-09-13,12,139
2021-09-13,13,166
2021-09-13,14,175
2021-09-13,15,169
2021-09-13,16,149
2021-09-13,17,147
2021-09-13,18,93
2021-09-13,19,84
2021-09-13,20,57
2021-09-13,21,41
2021-09-13,22,17
2021-09-13,23,20
2021-09-14,0,8
2021-09-14,1,11
2021-09-14,2,5
2021-09-14,3,7
2021-09-14,4,8
2021-09-14,5,26
2021-09-14,6,54
2021-09-14,7,92
2021-09-14,8,133
2021-09-14,9,112
2021-09-14,10,143
2021-09-14,11,142
2021-09-14,12,175
2021-09-14,13,129
2021-09-14,14,164
2021-09-14,15,165
2021-09-14,16,166
2021-09-14,17,163
2021-09-14,18,98
2021-09-14,19,73
2021-09-14,20,60
2021-09-14,21,36
2021-09-14,22,26
2021-09-14,23,20
2021-09-15,0,0
2021-09-15,1,6
2021-09-15,2,5
2021-09-15,3,10
2021-09-15,4,13
2021-09-15,5,37
2021-09-15,6,58
2021-09-15,7,105
2021-09-15,8,121
2021-09-15,9,129
2021-09-15,10,134
2021-09-15,11,176
2021-09-15,12,171
2021-09-15,13,144
2021-09-15,14,178
2021-09-15,15,140
2021-09-15,16,163
2021-09-15,17,133
2021-09-15,18,91
2021-09-15,19,77
2021-09-15,20,50
2021-09-15,21,46
2021-09-15,22,26
2021-09-15,23,27
2021-09-16,0,8
2021-09-16,1,7
2021-09-16,2,6
2021-09-16,3,7
2021-09-16,4,12
2021-09-16,5,27
2021-09-16,6,66
2021-09-16,7,91
2021-09-16,8,160
2021-09-16,9,139
2021-09-16,10,162
2021-09-16,11,202
2021-09-16,12,176
2021-09-16,13,169
2021-09-16,14,172
2021-09-16,15,206
2021-09-16,16,151
2021-09-16,17,136
2021-09-16,18,91
2021-09-16,19,101
2021-09-16,20,62
2021-09-16,21,56
2021-09-16,22,36
2021-09-16,23,16
2021-09-17,0,6
2021-09-17,1,6
2021-09-17,2,9
2021-09-17,3,10
2021-09-17,4,9
2021-09-17,5,22
2021-09-17,6,58
2021-09-17,7,102
2021-09-17,8,164
2021-09-17,9,187
2021-09-17,10,159
2021-09-17,11,180
2021-09-17,12,240
2021-09-17,13,219
2021-09-17,14,219
2021-09-17,15,230
2021-09-17,16,180
2021-09-17,17,163
2021-09-17,18,161
2021-09-17,19,100
2021-09-17,20,86
2021-09-17,21,52
2021-09-17,22,44
2021-09-17,23,23
2021-09-18,0,17
2021-09-18,1,17
2021-09-18,2,11
2021-09-18,3,13
2021-09-18,4,8
2021-09-18,5,16
2021-09-18,6,40
2021-09-18,7,70
2021-09-18,8,88
2021-09-18,9,141
2021-09-18,10,152
2021-09-18,11,191
2021-09-18,12,192
2021-09-18,13,198
2021-09-18,14,143
2021-09-18,15,166
2021-09-18,16,125
2021-09-18,17,137
2021-09-18,18,90
2021-09-18,19,74
2021-09-18,20,67
2021-09-18,21,58
2021-09-18,22,40
2021-09-18,23,37
2021-09-19,0,16
2021-09-19,1,13
2021-09-19,2,12
2021-09-19,3,11
2021-09-19,4,10
2021-09-19,5,9
2021-09-19,6,13
2021-09-19,7,30
2021-09-19,8,47
2021-09-19,9,102
2021-09-19,10,124
2021-09-19,11,173
2021-09-19,12,179
2021-09-19,13,149
2021-09-19,14,128
2021-09-19,15,99
2021-09-19,16,111
2021-09-19,17,158
2021-09-19,18,100
2021-09-19,19,73
2021-09-19,20,53
2021-09-19,21,44
2021-09-19,22,25
2021-09-19,23,22
2021-09-20,0,8
2021-09-20,1,7
2021-09-20,2,7
2021-09-20,3,5
2021-09-20,4,13
2021-09-20,5,26
2021-09-20,6,76
2021-09-20,7,89
2021-09-20,8,133
2021-09-20,9,132
2021-09-20,10,159
2021-09-20,11,163
2021-09-20,12,155
2021-09-20,13,160
2021-09-20,14,168
2021-09-20,15,195
2021-09-20,16,204
2021-09-20,17,110
2021-09-20,18,106
2021-09-20,19,69
2021-09-20,20,45
2021-09-20,21,42
2021-09-20,22,16
2021-09-20,23,19
2021-09-21,0,8
2021-09-21,1,9
2021-09-21,2,3
2021-09-21,3,8
2021-09-21,4,16
2021-09-21,5,24
2021-09-21,6,60
2021-09-21,7,115
2021-09-21,8,131
2021-09-21,9,146
2021-09-21,10,128
2021-09-21,11,139
2021-09-21,12,157
2021-09-21,13,166
2021-09-21,14,175
2021-09-21,15,196
2021-09-21,16,157
2021-09-21,17,148
2021-09-21,18,110
2021-09-21,19,74
2021-09-21,20,65
2021-09-21,21,40
2021-09-21,22,26
2021-09-21,23,28
2021-09-22,0,11
2021-09-22,1,5
2021-09-22,2,7
2021-09-22,3,6
2021-09-22,4,11
2021-09-22,5,28
2021-09-22,6,50
2021-09-22,7,82
2021-09-22,8,176
2021-09-22,9,149
2021-09-22,10,123
2021-09-22,11,133
2021-09-22,12,155
2021-09-22,13,159
2021-09-22,14,153
2021-09-22,15,195
2021-09-22,16,167
2021-09-22,17,155
2021-09-22,18,101
2021-09-22,19,95
2021-09-22,20,73
2021-09-22,21,43
2021-09-22,22,33
2021-09-22,23,23
2021-09-23,0,22
2021-09-23,1,8
2021-09-23,2,7
2021-09-23,3,9
2021-09-23,4,15
2021-09-23,5,25
2021-09-23,6,56
2021-09-23,7,114
2021-09-23,8,154
2021-09-23,9,168
2021-09-23,10,185
2021-09-23,11,177
2021-09-23,12,173
2021-09-23,13,184
2021-09-23,14,182
2021-09-23,15,196
2021-09-23,16,162
2021-09-23,17,155
2021-09-23,18,170
2021-09-23,19,86
2021-09-23,20,73
2021-09-23,21,77
2021-09-23,22,28
2021-09-23,23,17
2021-09-24,0,16
2021-09-24,1,12
2021-09-24,2,4
2021-09-24,3,10
2021-09-24,4,11
2021-09-24,5,15
2021-09-24,6,59
2021-09-24,7,82
2021-09-24,8,124
2021-09-24,9,136
2021-09-24,10,175
2021-09-24,11,163
2021-09-24,12,198
2021-09-24,13,222
2021-09-24,14,214
2021-09-24,15,174
2021-09-24,16,138
2021-09-24,17,130
2021-09-24,18,115
2021-09-24,19,86
2021-09-24,20,64
2021-09-24,21,55
2021-09-24,22,44
2021-09-24,23,33
2021-09-25,0,18
2021-09-25,1,15
2021-09-25,2,9
2021-09-25,3,16
2021-09-25,4,18
2021-09-25,5,19
2021-09-25,6,34
2021-09-25,7,56
2021-09-25,8,89
2021-09-25,9,128
2021-09-25,10,171
2021-09-25,11,161
2021-09-25,12,201
2021-09-25,13,168
2021-09-25,14,141
2021-09-25,15,140
2021-09-25,16,114
2021-09-25,17,126
2021-09-25,18,93
2021-09-25,19,76
2021-09-25,20,53
2021-09-25,21,47
2021-09-25,22,47
2021-09-25,23,38
2021-09-26,0,18
2021-09-26,1,11
2021-09-26,2,16
2021-09-26,3,12
2021-09-26,4,13
2021-09-26,5,15
2021-09-26,6,20
2021-09-26,7,24
2021-09-26,8,45
2021-09-26,9,103
2021-09-26,10,126
2021-09-26,11,154
2021-09-26,12,157
2021-09-26,13,134
2021-09-26,14,130
2021-09-26,15,135
2021-09-26,16,123
2021-09-26,17,134
2021-09-26,18,73
2021-09-26,19,83
2021-09-26,20,59
2021-09-26,21,36
2021-09-26,22,28
2021-09-26,23,28
2021-09-27,0,8
2021-09-27,1,11
2021-09-27,2,12
2021-09-27,3,8
2021-09-27,4,18
2021-09-27,5,16
2021-09-27,6,36
2021-09-27,7,52
2021-09-27,8,83
2021-09-27,9,76
2021-09-27,10,121
2021-09-27,11,143
2021-09-27,12,141
2021-09-27,13,151
2021-09-27,14,197
2021-09-27,15,131
2021-09-27,16,124
2021-09-27,17,113
2021-09-27,18,106
2021-09-27,19,66
2021-09-27,20,65
2021-09-27,21,44
2021-09-27,22,16
2021-09-27,23,10
2021-09-28,0,7
2021-09-28,1,8
2021-09-28,2,6
2021-09-28,3,6
2021-09-28,4,8
2021-09-28,5,21
2021-09-28,6,71
2021-09-28,7,103
2021-09-28,8,121
2021-09-28,9,161
2021-09-28,10,159
2021-09-28,11,153
2021-09-28,12,180
2021-09-28,13,178
2021-09-28,14,166
2021-09-28,15,184
2021-09-28,16,154
2021-09-28,17,152
2021-09-28,18,89
2021-09-28,19,71
2021-09-28,20,58
2021-09-28,21,39
2021-09-28,22,25
2021-09-28,23,13
2021-09-29,0,5
2021-09-29,1,5
2021-09-29,2,5
2021-09-29,3,7
2021-09-29,4,12
2021-09-29,5,34
2021-09-29,6,67
2021-09-29,7,118
2021-09-29,8,145
2021-09-29,9,121
2021-09-29,10,130
2021-09-29,11,126
2021-09-29,12,183
2021-09-29,13,166
2021-09-29,14,209
2021-09-29,15,162
2021-09-29,16,196
2021-09-29,17,152
2021-09-29,18,80
2021-09-29,19,85
2021-09-29,20,52
2021-09-29,21,38
2021-09-29,22,28
2021-09-29,23,100
2021-09-30,0,53
2021-09-30,1,5
2021-09-30,2,7
2021-09-30,3,9
2021-09-30,4,12
2021-09-30,5,25
2021-09-30,6,65
2021-09-30,7,94
2021-09-30,8,128
2021-09-30,9,171
2021-09-30,10,148
2021-09-30,11,178
2021-09-30,12,180
2021-09-30,13,176
2021-09-30,14,187
2021-09-30,15,198
2021-09-30,16,176
2021-09-30,17,161
2021-09-30,18,101
2021-09-30,19,88
2021-09-30,20,65
2021-09-30,21,148
2021-09-30,22,59
2021-09-30,23,29
2021-10-01,0,21
2021-10-01,1,10
2021-10-01,2,6
2021-10-01,3,8
2021-10-01,4,11
2021-10-01,5,30
2021-10-01,6,66
2021-10-01,7,90
2021-10-01,8,182
2021-10-01,9,183
2021-10-01,10,194
2021-10-01,11,181
2021-10-01,12,208
2021-10-01,13,204
2021-10-01,14,216
2021-10-01,15,191
2021-10-01,16,179
2021-10-01,17,150
2021-10-01,18,115
2021-10-01,19,102
2021-10-01,20,65
2021-10-01,21,63
2021-10-01,22,57
2021-10-01,23,30
2021-10-02,0,20
2021-10-02,1,18
2021-10-02,2,7
2021-10-02,3,19
2021-10-02,4,17
2021-10-02,5,14
2021-10-02,6,35
2021-10-02,7,54
2021-10-02,8,108
2021-10-02,9,143
2021-10-02,10,183
2021-10-02,11,235
2021-10-02,12,205
2021-10-02,13,212
2021-10-02,14,195
2021-10-02,15,150
2021-10-02,16,122
2021-10-02,17,148
2021-10-02,18,103
2021-10-02,19,90
2021-10-02,20,68
2021-10-02,21,48
2021-10-02,22,43
2021-10-02,23,50
2021-10-03,0,33
2021-10-03,1,20
2021-10-03,2,14
2021-10-03,3,10
2021-10-03,4,14
2021-10-03,5,10
2021-10-03,6,18
2021-10-03,7,27
2021-10-03,8,49
2021-10-03,9,118
2021-10-03,10,124
2021-10-03,11,166
2021-10-03,12,168
2021-10-03,13,152
2021-10-03,14,164
2021-10-03,15,114
2021-10-03,16,124
2021-10-03,17,168
2021-10-03,18,71
2021-10-03,19,64
2021-10-03,20,60
2021-10-03,21,37
2021-10-03,22,24
2021-10-03,23,12
2021-10-04,0,8
2021-10-04,1,12
2021-10-04,2,6
2021-10-04,3,10
2021-10-04,4,16
2021-10-04,5,24
2021-10-04,6,62
2021-10-04,7,98
2021-10-04,8,128
2021-10-04,9,138
2021-10-04,10,118
2021-10-04,11,169
2021-10-04,12,157
2021-10-04,13,170
2021-10-04,14,163
2021-10-04,15,147
2021-10-04,16,189
2021-10-04,17,135
2021-10-04,18,97
2021-10-04,19,77
2021-10-04,20,50
2021-10-04,21,37
2021-10-04,22,21
2021-10-04,23,16
2021-10-05,0,8
2021-10-05,1,9
2021-10-05,2,7
2021-10-05,3,10
2021-10-05,4,12
2021-10-05,5,36
2021-10-05,6,60
2021-10-05,7,90
2021-10-05,8,106
2021-10-05,9,134
2021-10-05,10,126
2021-10-05,11,133
2021-10-05,12,148
2021-10-05,13,177
2021-10-05,14,180
2021-10-05,15,193
2021-10-05,16,187
2021-10-05,17,135
2021-10-05,18,98
2021-10-05,19,81
2021-10-05,20,49
2021-10-05,21,47
2021-10-05,22,26
2021-10-05,23,54
2021-10-06,0,50
2021-10-06,1,8
2021-10-06,2,7
2021-10-06,3,6
2021-10-06,4,14
2021-10-06,5,28
2021-10-06,6,55
2021-10-06,7,85
2021-10-06,8,119
2021-10-06,9,110
2021-10-06,10,146
2021-10-06,11,167
2021-10-06,12,173
2021-10-06,13,181
2021-10-06,14,173
2021-10-06,15,192
2021-10-06,16,172
2021-10-06,17,124
2021-10-06,18,116
2021-10-06,19,77
2021-10-06,20,60
2021-10-06,21,42
2021-10-06,22,24
2021-10-06,23,28
2021-10-07,0,9
2021-10-07,1,3
2021-10-07,2,11
2021-10-07,3,11
2021-10-07,4,6
2021-10-07,5,29
2021-10-07,6,62
2021-10-07,7,99
2021-10-07,8,127
2021-10-07,9,172
2021-10-07,10,163
2021-10-07,11,195
2021-10-07,12,165
2021-10-07,13,194
2021-10-07,14,195
2021-10-07,15,180
2021-10-07,16,189
2021-10-07,17,140
2021-10-07,18,106
2021-10-07,19,86
2021-10-07,20,66
2021-10-07,21,52
2021-10-07,22,24
2021-10-07,23,16
2021-10-08,0,9
2021-10-08,1,12
2021-10-08,2,8
2021-10-08,3,10
2021-10-08,4,14
2021-10-08,5,37
2021-10-08,6,55
2021-10-08,7,92
2021-10-08,8,119
2021-10-08,9,136
2021-10-08,10,137
2021-10-08,11,197
2021-10-08,12,222
2021-10-08,13,192
2021-10-08,14,221
2021-10-08,15,204
2021-10-08,16,140
2021-10-08,17,142
2021-10-08,18,130
2021-10-08,19,85
2021-10-08,20,55
2021-10-08,21,45
2021-10-08,22,36
2021-10-08,23,38
2021-10-09,0,21
2021-10-09,1,15
2021-10-09,2,12
2021-10-09,3,12
2021-10-09,4,12
2021-10-09,5,13
2021-10-09,6,32
2021-10-09,7,56
2021-10-09,8,103
2021-10-09,9,120
2021-10-09,10,160
2021-10-09,11,168
2021-10-09,12,186
2021-10-09,13,188
2021-10-09,14,158
2021-10-09,15,141
2021-10-09,16,132
2021-10-09,17,124
2021-10-09,18,84
2021-10-09,19,68
2021-10-09,20,45
2021-10-09,21,60
2021-10-09,22,37
2021-10-09,23,40
2021-10-10,0,23
2021-10-10,1,18
2021-10-10,2,16
2021-10-10,3,12
2021-10-10,4,17
2021-10-10,5,12
2021-10-10,6,19
2021-10-10,7,34
2021-10-10,8,47
2021-10-10,9,96
2021-10-10,10,128
2021-10-10,11,148
2021-10-10,12,140
2021-10-10,13,168
2021-10-10,14,144
2021-10-10,15,136
2021-10-10,16,104
2021-10-10,17,118
2021-10-10,18,76
2021-10-10,19,71
2021-10-10,20,58
2021-10-10,21,36
2021-10-10,22,31
2021-10-10,23,18
2021-10-11,0,8
2021-10-11,1,3
2021-10-11,2,9
2021-10-11,3,6
2021-10-11,4,8
2021-10-11,5,15
2021-10-11,6,54
2021-10-11,7,86
2021-10-11,8,93
2021-10-11,9,91
2021-10-11,10,122
2021-10-11,11,156
2021-10-11,12,146
2021-10-11,13,159
2021-10-11,14,166
2021-10-11,15,183
2021-10-11,16,129
2021-10-11,17,96
2021-10-11,18,104
2021-10-11,19,74
2021-10-11,20,51
2021-10-11,21,47
2021-10-11,22,32
2021-10-11,23,34
2021-10-12,0,12
2021-10-12,1,12
2021-10-12,2,5
2021-10-12,3,7
2021-10-12,4,5
2021-10-12,5,28
2021-10-12,6,56
2021-10-12,7,106
2021-10-12,8,108
2021-10-12,9,117
2021-10-12,10,138
2021-10-12,11,128
2021-10-12,12,143
2021-10-12,13,146
2021-10-12,14,195
2021-10-12,15,183
2021-10-12,16,136
2021-10-12,17,134
2021-10-12,18,121
2021-10-12,19,74
2021-10-12,20,53
2021-10-12,21,53
2021-10-12,22,22
2021-10-12,23,22
2021-10-13,0,4
2021-10-13,1,10
2021-10-13,2,4
2021-10-13,3,9
2021-10-13,4,17
2021-10-13,5,17
2021-10-13,15,148
2021-10-13,16,140
2021-10-13,17,148
2021-10-13,18,105
2021-10-13,19,68
2021-10-13,20,55
2021-10-13,21,42
2021-10-13,22,29
2021-10-13,23,44
2021-10-14,0,8
2021-10-14,1,5
2021-10-14,2,6
2021-10-14,3,4
2021-10-14,4,15
2021-10-14,5,23
2021-10-14,6,63
2021-10-14,7,93
2021-10-14,8,127
2021-10-14,9,118
2021-10-14,10,193
2021-10-14,11,199
2021-10-14,12,236
2021-10-14,13,219
2021-10-14,14,216
2021-10-14,15,162
2021-10-14,16,174
2021-10-14,17,142
2021-10-14,18,94
2021-10-14,19,67
2021-10-14,20,47
2021-10-14,21,35
2021-10-14,22,29
2021-10-14,23,30
2021-10-15,0,16
2021-10-15,1,7
2021-10-15,2,8
2021-10-15,3,8
2021-10-15,4,6
2021-10-15,5,28
2021-10-15,6,61
2021-10-15,7,93
2021-10-15,8,121
2021-10-15,9,122
2021-10-15,10,165
2021-10-15,11,153
2021-10-15,12,178
2021-10-15,13,215
2021-10-15,14,241
2021-10-15,15,218
2021-10-15,16,161
2021-10-15,17,157
2021-10-15,18,114
2021-10-15,19,90
2021-10-15,20,53
2021-10-15,21,52
2021-10-15,22,33
2021-10-15,23,30
2021-10-16,0,17
2021-10-16,1,8
2021-10-16,2,10
2021-10-16,3,16
2021-10-16,4,12
2021-10-16,5,21
2021-10-16,6,29
2021-10-16,7,50
2021-10-16,8,101
2021-10-16,9,132
2021-10-16,10,178
2021-10-16,11,249
2021-10-16,12,203
2021-10-16,13,179
2021-10-16,14,161
2021-10-16,15,142
2021-10-16,16,136
2021-10-16,17,142
2021-10-16,18,87
2021-10-16,19,80
2021-10-16,20,59
2021-10-16,21,50
2021-10-16,22,45
2021-10-16,23,15
2021-10-17,0,30
2021-10-17,1,14
2021-10-17,2,12
2021-10-17,3,10
2021-10-17,4,13
2021-10-17,5,15
2021-10-17,6,16
2021-10-17,7,28
2021-10-17,8,41
2021-10-17,9,102
2021-10-17,10,150
2021-10-17,11,148
2021-10-17,12,167
2021-10-17,13,190
2021-10-17,14,195
2021-10-17,15,139
2021-10-17,16,121
2021-10-17,17,111
2021-10-17,18,73
2021-10-17,19,67
2021-10-17,20,59
2021-10-17,21,45
2021-10-17,22,36
2021-10-17,23,12
2021-10-18,0,7
2021-10-18,1,8
2021-10-18,2,4
2021-10-18,3,4
2021-10-18,4,8
2021-10-18,5,21
2021-10-18,6,72
2021-10-18,7,73
2021-10-18,8,114
2021-10-18,9,137
2021-10-18,10,145
2021-10-18,11,159
2021-10-18,12,159
2021-10-18,13,181
2021-10-18,14,177
2021-10-18,15,160
2021-10-18,16,160
2021-10-18,17,121
2021-10-18,18,94
2021-10-18,19,78
2021-10-18,20,53
2021-10-18,21,44
2021-10-18,22,28
2021-10-18,23,26
2021-10-19,0,8
2021-10-19,1,10
2021-10-19,2,2
2021-10-19,3,8
2021-10-19,4,18
2021-10-19,5,32
2021-10-19,6,66
2021-10-19,7,77
2021-10-19,8,106
2021-10-19,9,161
2021-10-19,10,140
2021-10-19,11,149
2021-10-19,12,179
2021-10-19,13,163
2021-10-19,14,163
2021-10-19,15,156
2021-10-19,16,156
2021-10-19,17,155
2021-10-19,18,139
2021-10-19,19,86
2021-10-19,20,69
2021-10-19,21,55
2021-10-19,22,20
2021-10-19,23,14
2021-10-20,0,3
2021-10-20,1,4
2021-10-20,2,5
2021-10-20,3,3
2021-10-20,4,13
2021-10-20,5,30
2021-10-20,6,68
2021-10-20,7,95
2021-10-20,8,131
2021-10-20,9,129
2021-10-20,10,122
2021-10-20,11,149
2021-10-20,12,139
2021-10-20,13,151
2021-10-20,14,173
2021-10-20,15,178
2021-10-20,16,165
2021-10-20,17,142
2021-10-20,18,121
2021-10-20,19,60
2021-10-20,20,67
2021-10-20,21,45
2021-10-20,22,36
2021-10-20,23,29
2021-10-21,0,3
2021-10-21,1,0
2021-10-21,2,13
2021-10-21,3,5
2021-10-21,4,6
2021-10-21,5,29
2021-10-21,6,65
2021-10-21,7,92
2021-10-21,8,155
2021-10-21,9,174
2021-10-21,10,138
2021-10-21,11,172
2021-10-21,12,174
2021-10-21,13,220
2021-10-21,14,175
2021-10-21,15,194
2021-10-21,16,166
2021-10-21,17,132
2021-10-21,18,107
2021-10-21,19,80
2021-10-21,20,67
2021-10-21,21,66
2021-10-21,22,36
2021-10-21,23,22
2021-10-22,0,68
2021-10-22,1,6
2021-10-22,2,8
2021-10-22,3,7
2021-10-22,4,12
2021-10-22,5,22
2021-10-22,6,66
2021-10-22,7,95
2021-10-22,8,132
2021-10-22,9,151
2021-10-22,10,227
2021-10-22,11,198
2021-10-22,12,173
2021-10-22,13,230
2021-10-22,14,234
2021-10-22,15,226
2021-10-22,16,180
2021-10-22,17,162
2021-10-22,18,122
2021-10-22,19,90
2021-10-22,20,75
2021-10-22,21,59
2021-10-22,22,38
2021-10-22,23,25
2021-10-23,0,22
2021-10-23,1,15
2021-10-23,2,16
2021-10-23,3,14
2021-10-23,4,12
2021-10-23,5,20
2021-10-23,6,26
2021-10-23,7,58
2021-10-23,8,79
2021-10-23,9,159
2021-10-23,10,177
2021-10-23,11,194
2021-10-23,12,203
2021-10-23,13,187
2021-10-23,14,178
2021-10-23,15,156
2021-10-23,16,159
2021-10-23,17,116
2021-10-23,18,108
2021-10-23,19,86
2021-10-23,20,54
2021-10-23,21,49
2021-10-23,22,32
2021-10-23,23,37
2021-10-24,0,26
2021-10-24,1,16
2021-10-24,2,18
2021-10-24,3,10
2021-10-24,4,7
2021-10-24,5,11
2021-10-24,6,12
2021-10-24,7,35
2021-10-24,8,57
2021-10-24,9,101
2021-10-24,10,144
2021-10-24,11,159
2021-10-24,12,183
2021-10-24,13,145
2021-10-24,14,164
2021-10-24,15,121
2021-10-24,16,105
2021-10-24,17,122
2021-10-24,18,101
2021-10-24,19,82
2021-10-24,20,50
2021-10-24,21,35
2021-10-24,22,20
2021-10-24,23,15
2021-10-25,0,8
2021-10-25,1,12
2021-10-25,2,6
2021-10-25,3,8
2021-10-25,4,13
2021-10-25,5,29
2021-10-25,6,59
2021-10-25,7,96
2021-10-25,8,146
2021-10-25,9,118
2021-10-25,10,139
2021-10-25,11,181
2021-10-25,12,152
2021-10-25,13,154
2021-10-25,14,170
2021-10-25,15,178
2021-10-25,16,167
2021-10-25,17,145
2021-10-25,18,103
2021-10-25,19,72
2021-10-25,20,61
2021-10-25,21,36
2021-10-25,22,28
2021-10-25,23,21
2021-10-26,0,8
2021-10-26,1,7
2021-10-26,2,4
2021-10-26,3,7
2021-10-26,4,12
2021-10-26,5,23
2021-10-26,6,67
2021-10-26,7,91
2021-10-26,8,124
2021-10-26,9,132
2021-10-26,10,130
2021-10-26,11,147
2021-10-26,12,167
2021-10-26,13,173
2021-10-26,14,174
2021-10-26,15,215
2021-10-26,16,142
2021-10-26,17,131
2021-10-26,18,91
2021-10-26,19,78
2021-10-26,20,56
2021-10-26,21,55
2021-10-26,22,26
2021-10-26,23,21
2021-10-27,0,5
2021-10-27,1,5
2021-10-27,2,5
2021-10-27,3,8
2021-10-27,4,11
2021-10-27,5,28
2021-10-27,6,84
2021-10-27,7,90
2021-10-27,8,133
2021-10-27,9,124
2021-10-27,10,136
2021-10-27,11,147
2021-10-27,12,193
2021-10-27,13,164
2021-10-27,14,228
2021-10-27,15,170
2021-10-27,16,167
2021-10-27,17,164
2021-10-27,18,84
2021-10-27,19,72
2021-10-27,20,59
2021-10-27,21,52
2021-10-27,22,41
2021-10-27,23,31
2021-10-28,0,21
2021-10-28,1,5
2021-10-28,2,5
2021-10-28,3,7
2021-10-28,4,7
2021-10-28,5,32
2021-10-28,6,62
2021-10-28,7,76
2021-10-28,8,166
2021-10-28,9,195
2021-10-28,10,209
2021-10-28,11,206
2021-10-28,12,214
2021-10-28,13,203
2021-10-28,14,214
2021-10-28,15,202
2021-10-28,16,191
2021-10-28,17,139
2021-10-28,18,90
2021-10-28,19,93
2021-10-28,20,62
2021-10-28,21,47
2021-10-28,22,32
2021-10-28,23,30
2021-10-29,0,8
2021-10-29,1,8
2021-10-29,2,8
2021-10-29,3,11
2021-10-29,4,10
2021-10-29,5,84
2021-10-29,6,65
2021-10-29,7,105
2021-10-29,8,126
2021-10-29,9,193
2021-10-29,10,203
2021-10-29,11,183
2021-10-29,12,202
2021-10-29,13,214
2021-10-29,14,200
2021-10-29,15,181
2021-10-29,16,178
2021-10-29,17,152
2021-10-29,18,120
2021-10-29,19,81
2021-10-29,20,62
2021-10-29,21,55
2021-10-29,22,53
2021-10-29,23,47
2021-10-30,0,17
2021-10-30,1,14
2021-10-30,2,15
2021-10-30,3,19
2021-10-30,4,12
2021-10-30,5,15
2021-10-30,6,30
2021-10-30,7,59
2021-10-30,8,106
2021-10-30,9,150
2021-10-30,10,199
2021-10-30,11,216
2021-10-30,12,172
2021-10-30,13,141
2021-10-30,14,193
2021-10-30,15,156
2021-10-30,16,126
2021-10-30,17,131
2021-10-30,18,104
2021-10-30,19,84
2021-10-30,20,60
2021-10-30,21,56
2021-10-30,22,41
2021-10-30,23,40
2021-10-31,0,23
2021-10-31,1,8
2021-10-31,2,23
2021-10-31,3,25
2021-10-31,4,26
2021-10-31,5,9
2021-10-31,6,13
2021-10-31,7,15
2021-10-31,8,31
2021-10-31,9,73
2021-10-31,10,91
2021-10-31,11,139
2021-10-31,12,169
2021-10-31,13,159
2021-10-31,14,162
2021-10-31,15,141
2021-10-31,16,124
2021-10-31,17,108
2021-10-31,18,125
2021-10-31,19,86
2021-10-31,20,65
2021-10-31,21,51
2021-10-31,22,35
2021-10-31,23,21
2021-11-01,0,20
2021-11-01,1,4
2021-11-01,2,5
2021-11-01,3,10
2021-11-01,4,9
2021-11-01,5,10
2021-11-01,6,32
2021-11-01,7,53
2021-11-01,8,79
2021-11-01,9,130
2021-11-01,10,138
2021-11-01,11,164
2021-11-01,12,136
2021-11-01,13,155
2021-11-01,14,153
2021-11-01,15,151
2021-11-01,16,188
2021-11-01,17,154
2021-11-01,18,146
2021-11-01,19,70
2021-11-01,20,72
2021-11-01,21,59
2021-11-01,22,47
2021-11-01,23,23
2021-11-02,0,16
2021-11-02,1,9
2021-11-02,2,7
2021-11-02,3,4
2021-11-02,4,8
2021-11-02,5,17
2021-11-02,6,36
2021-11-02,7,62
2021-11-02,8,93
2021-11-02,9,137
2021-11-02,10,147
2021-11-02,11,151
2021-11-02,12,234
2021-11-02,13,149
2021-11-02,14,143
2021-11-02,15,158
2021-11-02,16,166
2021-11-02,17,170
2021-11-02,18,126
2021-11-02,19,86
2021-11-02,20,72
2021-11-02,21,55
2021-11-02,22,58
2021-11-02,23,25
2021-11-03,0,16
2021-11-03,1,4
2021-11-03,2,4
2021-11-03,3,4
2021-11-03,4,6
2021-11-03,5,14
2021-11-03,6,24
2021-11-03,7,58
2021-11-03,8,86
2021-11-03,9,104
2021-11-03,10,127
2021-11-03,11,121
2021-11-03,12,150
2021-11-03,13,162
2021-11-03,14,161
2021-11-03,15,181
2021-11-03,16,166
2021-11-03,17,147
2021-11-03,18,146
2021-11-03,19,93
2021-11-03,20,72
2021-11-03,21,54
2021-11-03,22,52
2021-11-03,23,27
2021-11-04,0,14
2021-11-04,1,9
2021-11-04,2,9
2021-11-04,3,10
2021-11-04,4,13
2021-11-04,5,12
2021-11-04,6,31
2021-11-04,7,60
2021-11-04,8,84
2021-11-04,9,145
2021-11-04,10,152
2021-11-04,11,157
2021-11-04,12,159
2021-11-04,13,173
2021-11-04,14,208
2021-11-04,15,199
2021-11-04,16,188
2021-11-04,17,169
2021-11-04,18,138
2021-11-04,19,98
2021-11-04,20,64
2021-11-04,21,58
2021-11-04,22,51
2021-11-04,23,27
2021-11-05,0,33
2021-11-05,1,13
2021-11-05,2,9
2021-11-05,3,7
2021-11-05,4,10
2021-11-05,5,15
2021-11-05,6,37
2021-11-05,7,60
2021-11-05,8,107
2021-11-05,9,181
2021-11-05,10,135
2021-11-05,11,180
2021-11-05,12,207
2021-11-05,13,180
2021-11-05,14,196
2021-11-05,15,202
2021-11-05,16,208
2021-11-05,17,164
2021-11-05,18,182
2021-11-05,19,109
2021-11-05,20,75
2021-11-05,21,56
2021-11-05,22,60
2021-11-05,23,43
2021-11-06,0,29
2021-11-06,1,13
2021-11-06,2,12
2021-11-06,3,7
2021-11-06,4,12
2021-11-06,5,18
2021-11-06,6,26
2021-11-06,7,31
2021-11-06,8,52
2021-11-06,9,91
2021-11-06,10,135
2021-11-06,11,193
2021-11-06,12,182
2021-11-06,13,149
2021-11-06,14,165
2021-11-06,15,165
2021-11-06,16,152
2021-11-06,17,127
2021-11-06,18,156
2021-11-06,19,100
2021-11-06,20,63
2021-11-06,21,64
2021-11-06,22,52
2021-11-06,23,41
2021-11-07,0,40
2021-11-07,1,27
2021-11-07,2,25
2021-11-07,3,16
2021-11-07,4,18
2021-11-07,5,11
2021-11-07,6,16
2021-11-07,7,14
2021-11-07,8,40
2021-11-07,9,42
2021-11-07,10,116
2021-11-07,11,143
2021-11-07,12,153
2021-11-07,13,172
2021-11-07,14,184
2021-11-07,15,138
2021-11-07,16,111
2021-11-07,17,107
2021-11-07,18,190
2021-11-07,19,91
2021-11-07,20,67
2021-11-07,21,63
2021-11-07,22,33
2021-11-07,23,44
2021-11-08,0,21
2021-11-08,1,8
2021-11-08,2,8
2021-11-08,3,4
2021-11-08,4,12
2021-11-08,5,8
2021-11-08,6,16
2021-11-08,7,52
2021-11-08,8,107
2021-11-08,9,132
2021-11-08,10,137
2021-11-08,11,140
2021-11-08,12,181
2021-11-08,13,149
2021-11-08,14,133
2021-11-08,15,157
2021-11-08,16,166
2021-11-08,17,141
2021-11-08,18,112
2021-11-08,19,90
2021-11-08,20,115
2021-11-08,21,59
2021-11-08,22,51
2021-11-08,23,30
2021-11-09,0,14
2021-11-09,1,4
2021-11-09,2,6
2021-11-09,3,5
2021-11-09,4,7
2021-11-09,5,11
2021-11-09,6,27
2021-11-09,7,75
2021-11-09,8,102
2021-11-09,9,122
2021-11-09,10,128
2021-11-09,11,150
2021-11-09,12,135
2021-11-09,13,152
2021-11-09,14,170
2021-11-09,15,179
2021-11-09,16,187
2021-11-09,17,143
2021-11-09,18,143
2021-11-09,19,108
2021-11-09,20,74
2021-11-09,21,93
2021-11-09,22,52
2021-11-09,23,28
2021-11-10,0,14
2021-11-10,1,10
2021-11-10,2,9
2021-11-10,3,2
2021-11-10,4,7
2021-11-10,5,11
2021-11-10,6,27
2021-11-10,7,65
2021-11-10,8,82
2021-11-10,9,117
2021-11-10,10,102
2021-11-10,11,138
2021-11-10,12,145
2021-11-10,13,170
2021-11-10,14,172
2021-11-10,15,170
2021-11-10,16,178
2021-11-10,17,152
2021-11-10,18,113
2021-11-10,19,120
2021-11-10,20,82
2021-11-10,21,56
2021-11-10,22,41
2021-11-10,23,27
2021-11-11,0,14
2021-11-11,1,8
2021-11-11,2,9
2021-11-11,3,7
2021-11-11,4,14
2021-11-11,5,10
2021-11-11,6,61
2021-11-11,7,68
2021-11-11,8,130
2021-11-11,9,121
2021-11-11,10,191
2021-11-11,11,185
2021-11-11,12,187
2021-11-11,13,162
2021-11-11,14,158
2021-11-11,15,201
2021-11-11,16,185
2021-11-11,17,165
2021-11-11,18,147
2021-11-11,19,90
2021-11-11,20,83
2021-11-11,21,62
2021-11-11,22,40
2021-11-11,23,31
2021-11-12,0,24
2021-11-12,1,17
2021-11-12,2,8
2021-11-12,3,8
2021-11-12,4,9
2021-11-12,5,9
2021-11-12,6,37
2021-11-12,7,63
2021-11-12,8,84
2021-11-12,9,163
2021-11-12,10,192
2021-11-12,11,156
2021-11-12,12,214
2021-11-12,13,222
2021-11-12,14,266
2021-11-12,15,218
2021-11-12,16,195
2021-11-12,17,203
2021-11-12,18,151
2021-11-12,19,97
2021-11-12,20,86
2021-11-12,21,59
2021-11-12,22,49
2021-11-12,23,45
2021-11-13,0,27
2021-11-13,1,12
2021-11-13,2,13
2021-11-13,3,12
2021-11-13,4,11
2021-11-13,5,10
2021-11-13,6,15
2021-11-13,7,27
2021-11-13,8,72
2021-11-13,9,100
2021-11-13,10,150
2021-11-13,11,172
2021-11-13,12,167
2021-11-13,13,246
2021-11-13,14,190
2021-11-13,15,201
2021-11-13,16,143
2021-11-13,17,167
2021-11-13,18,128
2021-11-13,19,96
2021-11-13,20,67
2021-11-13,21,55
2021-11-13,22,47
2021-11-13,23,45
2021-11-14,0,30
2021-11-14,1,38
2021-11-14,2,14
2021-11-14,3,7
2021-11-14,4,12
2021-11-14,5,11
2021-11-14,6,10
2021-11-14,7,22
2021-11-14,8,28
2021-11-14,9,37
2021-11-14,10,98
2021-11-14,11,120
2021-11-14,12,186
2021-11-14,13,175
2021-11-14,14,193
2021-11-14,15,176
2021-11-14,16,171
2021-11-14,17,135
2021-11-14,18,114
2021-11-14,19,93
2021-11-14,20,61
2021-11-14,21,54
2021-11-14,22,39
2021-11-14,23,30
2021-11-15,0,18
2021-11-15,1,8
2021-11-15,2,3
2021-11-15,3,4
2021-11-15,4,8
2021-11-15,5,12
2021-11-15,6,26
2021-11-15,7,60
2021-11-15,8,104
2021-11-15,9,128
2021-11-15,10,127
2021-11-15,11,130
2021-11-15,12,133
2021-11-15,13,131
2021-11-15,14,148
2021-11-15,15,172
2021-11-15,16,151
2021-11-15,17,139
2021-11-15,18,126
2021-11-15,19,93
2021-11-15,20,70
2021-11-15,21,40
2021-11-15,22,51
2021-11-15,23,37
2021-11-16,0,19
2021-11-16,1,8
2021-11-16,2,9
2021-11-16,3,2
2021-11-16,4,6
2021-11-16,5,13
2021-11-16,6,29
2021-11-16,7,56
2021-11-16,8,89
2021-11-16,9,132
2021-11-16,10,163
2021-11-16,11,124
2021-11-16,12,152
2021-11-16,13,156
2021-11-16,14,170
2021-11-16,15,162
2021-11-16,16,187
2021-11-16,17,140
2021-11-16,18,126
2021-11-16,19,115
2021-11-16,20,76
2021-11-16,21,62
2021-11-16,22,39
2021-11-16,23,20
2021-11-17,0,14
2021-11-17,1,12
2021-11-17,2,6
2021-11-17,3,5
2021-11-17,4,6
2021-11-17,5,14
2021-11-17,6,32
2021-11-17,7,69
2021-11-17,8,84
2021-11-17,9,118
2021-11-17,10,123
2021-11-17,11,138
2021-11-17,12,168
2021-11-17,13,185
2021-11-17,14,178
2021-11-17,15,192
2021-11-17,16,189
2021-11-17,17,146
2021-11-17,18,142
2021-11-17,19,100
2021-11-17,20,85
2021-11-17,21,64
2021-11-17,22,45
2021-11-17,23,24
2021-11-18,0,9
2021-11-18,1,5
2021-11-18,2,6
2021-11-18,3,4
2021-11-18,4,5
2021-11-18,5,16
2021-11-18,6,26
2021-11-18,7,57
2021-11-18,8,84
2021-11-18,9,177
2021-11-18,10,151
2021-11-18,11,165
2021-11-18,12,181
2021-11-18,13,177
2021-11-18,14,203
2021-11-18,15,168
2021-11-18,16,248
2021-11-18,17,155
2021-11-18,18,129
2021-11-18,19,106
2021-11-18,20,85
2021-11-18,21,77
2021-11-18,22,55
2021-11-18,23,33
2021-11-19,0,20
2021-11-19,1,13
2021-11-19,2,9
2021-11-19,3,5
2021-11-19,4,6
2021-11-19,5,11
2021-11-19,6,36
2021-11-19,7,69
2021-11-19,8,96
2021-11-19,9,148
2021-11-19,10,186
2021-11-19,11,175
2021-11-19,12,216
2021-11-19,13,196
2021-11-19,14,223
2021-11-19,15,245
2021-11-19,16,182
2021-11-19,17,175
2021-11-19,18,182
2021-11-19,19,139
2021-11-19,20,85
2021-11-19,21,73
2021-11-19,22,58
2021-11-19,23,43
2021-11-20,0,27
2021-11-20,1,16
2021-11-20,2,10
2021-11-20,3,9
2021-11-20,4,11
2021-11-20,5,17
2021-11-20,6,18
2021-11-20,7,29
2021-11-20,8,59
2021-11-20,9,85
2021-11-20,10,130
2021-11-20,11,169
2021-11-20,12,213
2021-11-20,13,212
2021-11-20,14,196
2021-11-20,15,184
2021-11-20,16,135
2021-11-20,17,113
2021-11-20,18,133
2021-11-20,19,85
2021-11-20,20,79
2021-11-20,21,76
2021-11-20,22,44
2021-11-20,23,46
2021-11-21,0,31
2021-11-21,1,25
2021-11-21,2,23
2021-11-21,3,13
2021-11-21,4,16
2021-11-21,5,12
2021-11-21,6,13
2021-11-21,7,12
2021-11-21,8,35
2021-11-21,9,39
2021-11-21,10,82
2021-11-21,11,158
2021-11-21,12,171
2021-11-21,13,219
2021-11-21,14,162
2021-11-21,15,157
2021-11-21,16,131
2021-11-21,17,97
2021-11-21,18,129
2021-11-21,19,79
2021-11-21,20,73
2021-11-21,21,57
2021-11-21,22,38
2021-11-21,23,22
2021-11-22,0,17
2021-11-22,1,8
2021-11-22,2,4
2021-11-22,3,5
2021-11-22,4,9
2021-11-22,5,10
2021-11-22,6,23
2021-11-22,7,67
2021-11-22,8,70
2021-11-22,9,146
2021-11-22,10,143
2021-11-22,11,135
2021-11-22,12,144
2021-11-22,13,158
2021-11-22,14,179
2021-11-22,15,178
2021-11-22,16,188
2021-11-22,17,139
2021-11-22,18,106
2021-11-22,19,106
2021-11-22,20,81
2021-11-22,21,43
2021-11-22,22,33
2021-11-22,23,21
2021-11-23,0,14
2021-11-23,1,2
2021-11-23,2,5
2021-11-23,3,7
2021-11-23,4,8
2021-11-23,5,17
2021-11-23,6,29
2021-11-23,7,65
2021-11-23,8,96
2021-11-23,9,130
2021-11-23,10,117
2021-11-23,11,144
2021-11-23,12,125
2021-11-23,13,155
2021-11-23,14,184
2021-11-23,15,183
2021-11-23,16,185
2021-11-23,17,195
2021-11-23,18,122
2021-11-23,19,107
2021-11-23,20,85
2021-11-23,21,61
2021-11-23,22,43
2021-11-23,23,20
2021-11-24,0,13
2021-11-24,1,4
2021-11-24,2,7
2021-11-24,3,2
2021-11-24,4,8
2021-11-24,5,14
2021-11-24,6,22
2021-11-24,7,56
2021-11-24,8,86
2021-11-24,9,156
2021-11-24,10,143
2021-11-24,11,109
2021-11-24,12,156
2021-11-24,13,164
2021-11-24,14,177
2021-11-24,15,187
2021-11-24,16,176
2021-11-24,17,173
2021-11-24,18,145
2021-11-24,19,111
2021-11-24,20,80
2021-11-24,21,61
2021-11-24,22,35
2021-11-24,23,25
2021-11-25,0,13
2021-11-25,1,21
2021-11-25,2,8
2021-11-25,3,2
2021-11-25,4,11
2021-11-25,5,10
2021-11-25,6,32
2021-11-25,7,59
2021-11-25,8,104
2021-11-25,9,131
2021-11-25,10,165
2021-11-25,11,175
2021-11-25,12,181
2021-11-25,13,167
2021-11-25,14,162
2021-11-25,15,186
2021-11-25,16,203
2021-11-25,17,180
2021-11-25,18,128
2021-11-25,19,68
2021-11-25,20,73
2021-11-25,21,67
2021-11-25,22,61
2021-11-25,23,51
2021-11-26,0,51
2021-11-26,1,12
2021-11-26,2,9
2021-11-26,3,6
2021-11-26,4,7
2021-11-26,5,11
2021-11-26,6,24
2021-11-26,7,64
2021-11-26,8,78
2021-11-26,9,172
2021-11-26,10,145
2021-11-26,11,179
2021-11-26,12,190
2021-11-26,13,177
2021-11-26,14,215
2021-11-26,15,215
2021-11-26,16,203
2021-11-26,17,191
2021-11-26,18,135
2021-11-26,19,106
2021-11-26,20,88
2021-11-26,21,73
2021-11-26,22,86
2021-11-26,23,46
2021-11-27,0,28
2021-11-27,1,18
2021-11-27,2,8
2021-11-27,3,11
2021-11-27,4,7
2021-11-27,5,6
2021-11-27,6,20
2021-11-27,7,25
2021-11-27,8,64
2021-11-27,9,92
2021-11-27,10,137
2021-11-27,11,150
2021-11-27,12,220
2021-11-27,13,197
2021-11-27,14,211
2021-11-27,15,154
2021-11-27,16,136
2021-11-27,17,142
2021-11-27,18,118
2021-11-27,19,120
2021-11-27,20,83
2021-11-27,21,65
2021-11-27,22,51
2021-11-27,23,42
2021-11-28,0,40
2021-11-28,1,31
2021-11-28,2,18
2021-11-28,3,19
2021-11-28,4,16
2021-11-28,5,11
2021-11-28,6,18
2021-11-28,7,12
2021-11-28,8,36
2021-11-28,9,57
2021-11-28,10,100
2021-11-28,11,112
2021-11-28,12,168
2021-11-28,13,182
2021-11-28,14,130
2021-11-28,15,117
2021-11-28,16,125
2021-11-28,17,117
2021-11-28,18,129
2021-11-28,19,95
2021-11-28,20,77
2021-11-28,21,45
2021-11-28,22,44
2021-11-28,23,29
2021-11-29,0,18
2021-11-29,1,10
2021-11-29,2,9
2021-11-29,3,7
2021-11-29,4,7
2021-11-29,5,11
2021-11-29,6,24
2021-11-29,7,66
2021-11-29,8,102
2021-11-29,9,97
2021-11-29,10,120
2021-11-29,11,108
2021-11-29,12,189
2021-11-29,13,164
2021-11-29,14,183
2021-11-29,15,178
2021-11-29,16,153
2021-11-29,17,158
2021-11-29,18,138
2021-11-29,19,94
2021-11-29,20,87
2021-11-29,21,59
2021-11-29,22,52
2021-11-29,23,35
2021-11-30,0,21
2021-11-30,1,12
2021-11-30,2,8
2021-11-30,3,0
2021-11-30,4,12
2021-11-30,5,12
2021-11-30,6,31
2021-11-30,7,57
2021-11-30,8,88
2021-11-30,9,128
2021-11-30,10,132
2021-11-30,11,141
2021-11-30,12,154
2021-11-30,13,164
2021-11-30,14,168
2021-11-30,15,164
2021-11-30,16,202
2021-11-30,17,167
2021-11-30,18,128
2021-11-30,19,110
2021-11-30,20,85
2021-11-30,21,76
2021-11-30,22,49
2021-11-30,23,21
2021-12-01,0,12
2021-12-01,1,16
2021-12-01,2,4
2021-12-01,3,0
2021-12-01,4,0
2021-12-01,5,8
2021-12-01,6,21
2021-12-01,7,62
2021-12-01,8,80
2021-12-01,9,115
2021-12-01,10,136
2021-12-01,11,141
2021-12-01,12,155
2021-12-01,13,158
2021-12-01,14,172
2021-12-01,15,177
2021-12-01,16,185
2021-12-01,17,168
2021-12-01,18,123
2021-12-01,19,109
2021-12-01,20,72
2021-12-01,21,58
2021-12-01,22,44
2021-12-01,23,31
2021-12-02,0,16
2021-12-02,1,8
2021-12-02,2,0
2021-12-02,3,4
2021-12-02,4,4
2021-12-02,5,8
2021-12-02,6,30
2021-12-02,7,67
2021-12-02,8,110
2021-12-02,9,168
2021-12-02,10,180
2021-12-02,11,188
2021-12-02,12,173
2021-12-02,13,185
2021-12-02,14,206
2021-12-02,15,193
2021-12-02,16,212
2021-12-02,17,180
2021-12-02,18,146
2021-12-02,19,159
2021-12-02,20,80
2021-12-02,21,67
2021-12-02,22,101
2021-12-02,23,44
2021-12-03,0,21
2021-12-03,1,8
2021-12-03,2,4
2021-12-03,3,0
2021-12-03,4,4
2021-12-03,5,8
2021-12-03,6,34
2021-12-03,7,58
2021-12-03,8,92
2021-12-03,9,155
2021-12-03,10,167
2021-12-03,11,177
2021-12-03,12,189
2021-12-03,13,202
2021-12-03,14,224
2021-12-03,15,219
2021-12-03,16,208
2021-12-03,17,177
2021-12-03,18,167
2021-12-03,19,123
2021-12-03,20,84
2021-12-03,21,71
2021-12-03,22,57
2021-12-03,23,40
2021-12-04,0,35
2021-12-04,1,16
2021-12-04,2,12
2021-12-04,3,12
2021-12-04,4,12
2021-12-04,5,16
2021-12-04,6,16
2021-12-04,7,31
2021-12-04,8,57
2021-12-04,9,88
2021-12-04,10,159
2021-12-04,11,163
2021-12-04,12,203
2021-12-04,13,202
2021-12-04,14,199
2021-12-04,15,176
2021-12-04,16,150
2021-12-04,17,128
2021-12-04,18,128
2021-12-04,19,101
2021-12-04,20,71
2021-12-04,21,57
2021-12-04,22,52
2021-12-04,23,44
2021-12-05,0,36
2021-12-05,1,21
2021-12-05,2,16
2021-12-05,3,16
2021-12-05,4,16
2021-12-05,5,12
2021-12-05,6,12
2021-12-05,7,16
2021-12-05,8,40
2021-12-05,9,49
2021-12-05,10,92
2021-12-05,11,137
2021-12-05,12,155
2021-12-05,13,171
2021-12-05,14,141
2021-12-05,15,154
2021-12-05,16,128
2021-12-05,17,114
2021-12-05,18,132
2021-12-05,19,80
2021-12-05,20,67
2021-12-05,21,49
2021-12-05,22,40
2021-12-05,23,31
2021-12-06,0,16
2021-12-06,1,16
2021-12-06,2,4
2021-12-06,3,0
2021-12-06,4,8
2021-12-06,5,4
2021-12-06,6,26
2021-12-06,7,57
2021-12-06,8,96
2021-12-06,9,124
2021-12-06,10,119
2021-12-06,11,141
2021-12-06,12,144
2021-12-06,13,146
2021-12-06,14,172
2021-12-06,15,164
2021-12-06,16,180
2021-12-06,17,145
2021-12-06,18,119
2021-12-06,19,96
2021-12-06,20,96
2021-12-06,21,76
2021-12-06,22,52
2021-12-06,23,31
2021-12-07,0,21
2021-12-07,1,18
2021-12-07,2,4
2021-12-07,3,0
2021-12-07,4,4
2021-12-07,5,16
2021-12-07,6,36
2021-12-07,7,62
2021-12-07,8,84
2021-12-07,9,128
2021-12-07,10,145
2021-12-07,11,141
2021-12-07,12,140
2021-12-07,13,163
2021-12-07,14,155
2021-12-07,15,184
2021-12-07,16,167
2021-12-07,17,168
2021-12-07,18,132
2021-12-07,19,97
2021-12-07,20,71
2021-12-07,21,52
2021-12-07,22,48
2021-12-07,23,39
2021-12-08,0,8
2021-12-08,1,4
2021-12-08,2,4
2021-12-08,3,0
2021-12-08,4,4
2021-12-08,5,8
2021-12-08,6,21
2021-12-08,7,57
2021-12-08,8,80
2021-12-08,9,124
2021-12-08,10,132
2021-12-08,11,124
2021-12-08,12,153
2021-12-08,13,163
2021-12-08,14,176
2021-12-08,15,189
2021-12-08,16,182
2021-12-08,17,168
2021-12-08,18,133
2021-12-08,19,110
2021-12-08,20,80
2021-12-08,21,52
2021-12-08,22,44
2021-12-08,23,26
2021-12-09,0,21
2021-12-09,1,8
2021-12-09,2,4
2021-12-09,3,4
2021-12-09,4,8
2021-12-09,5,8
2021-12-09,6,30
2021-12-09,7,62
2021-12-09,8,110
2021-12-09,9,160
2021-12-09,10,181
2021-12-09,11,172
2021-12-09,12,188
2021-12-09,13,180
2021-12-09,14,208
2021-12-09,15,194
2021-12-09,16,225
2021-12-09,17,181
2021-12-09,18,145
2021-12-09,19,145
2021-12-09,20,75
2021-12-09,21,66
2021-12-09,22,62
2021-12-09,23,44
2021-12-10,0,21
2021-12-10,1,12
2021-12-10,2,4
2021-12-10,3,4
2021-12-10,4,4
2021-12-10,5,8
2021-12-10,6,39
2021-12-10,7,62
2021-12-10,8,92
2021-12-10,9,146
2021-12-10,10,172
2021-12-10,11,181
2021-12-10,12,198
2021-12-10,13,204
2021-12-10,14,230
2021-12-10,15,214
2021-12-10,16,202
2021-12-10,17,176
2021-12-10,18,168
2021-12-10,19,124
2021-12-10,20,85
2021-12-10,21,62
2021-12-10,22,57
2021-12-10,23,40
2021-12-11,0,40
2021-12-11,1,16
2021-12-11,2,16
2021-12-11,3,12
2021-12-11,4,12
2021-12-11,5,12
2021-12-11,6,16
2021-12-11,7,26
2021-12-11,8,67
2021-12-11,9,92
2021-12-11,10,136
2021-12-11,11,176
2021-12-11,12,223
2021-12-11,13,220
2021-12-11,14,202
2021-12-11,15,185
2021-12-11,16,154
2021-12-11,17,141
2021-12-11,18,119
2021-12-11,19,101
2021-12-11,20,79
2021-12-11,21,57
2021-12-11,22,53
2021-12-11,23,36
2021-12-12,0,30
2021-12-12,1,26
2021-12-12,2,21
2021-12-12,3,16
2021-12-12,4,16
2021-12-12,5,16
2021-12-12,6,16
2021-12-12,7,16
2021-12-12,8,40
2021-12-12,9,49
2021-12-12,10,97
2021-12-12,11,128
2021-12-12,12,164
2021-12-12,13,190
2021-12-12,14,172
2021-12-12,15,154
2021-12-12,16,136
2021-12-12,17,123
2021-12-12,18,150
2021-12-12,19,101
2021-12-12,20,71
2021-12-12,21,53
2021-12-12,22,35
2021-12-12,23,26
2021-12-13,0,16
2021-12-13,1,4
2021-12-13,2,4
2021-12-13,3,8
2021-12-13,4,4
2021-12-13,5,4
2021-12-13,6,26
2021-12-13,7,58
2021-12-13,8,84
2021-12-13,9,124
2021-12-13,10,137
2021-12-13,11,149
2021-12-13,12,162
2021-12-13,13,145
2021-12-13,14,172
2021-12-13,15,172
2021-12-13,16,176
2021-12-13,17,150
2021-12-13,18,109
2021-12-13,19,84
2021-12-13,20,72
2021-12-13,21,48
2021-12-13,22,36
2021-12-13,23,21
2021-12-14,0,12
2021-12-14,1,4
2021-12-14,2,4
2021-12-14,3,0
2021-12-14,4,8
2021-12-14,5,8
2021-12-14,6,26
2021-12-14,7,62
2021-12-14,8,80
2021-12-14,9,128
2021-12-14,10,145
2021-12-14,11,137
2021-12-14,12,146
2021-12-14,13,158
2021-12-14,14,145
2021-12-14,15,167
2021-12-14,16,180
2021-12-14,17,163
2021-12-14,18,141
2021-12-14,19,105
2021-12-14,20,72
2021-12-14,21,52
2021-12-14,22,57
2021-12-14,23,21
2021-12-15,0,21
2021-12-15,1,12
2021-12-15,2,0
2021-12-15,3,0
2021-12-15,4,17
2021-12-15,5,8
2021-12-15,6,21
2021-12-15,7,53
2021-12-15,8,75
2021-12-15,9,119
2021-12-15,10,133
2021-12-15,11,127
2021-12-15,12,162
2021-12-15,13,180
2021-12-15,14,172
2021-12-15,15,190
2021-12-15,16,198
2021-12-15,17,189
2021-12-15,18,150
2021-12-15,19,113
2021-12-15,20,76
2021-12-15,21,57
2021-12-15,22,57
2021-12-15,23,26
2021-12-16,0,16
2021-12-16,1,8
2021-12-16,2,4
2021-12-16,3,1
2021-12-16,4,12
2021-12-16,5,8
2021-12-16,6,35
2021-12-16,7,57
2021-12-16,8,101
2021-12-16,9,155
2021-12-16,10,158
2021-12-16,11,180
2021-12-16,12,203
2021-12-16,13,202
2021-12-16,14,206
2021-12-16,15,198
2021-12-16,16,207
2021-12-16,17,172
2021-12-16,18,127
2021-12-16,19,84
2021-12-16,20,84
2021-12-16,21,57
2021-12-16,22,44
2021-12-16,23,31
2021-12-17,0,26
2021-12-17,1,12
2021-12-17,2,4
2021-12-17,3,4
2021-12-17,4,8
2021-12-17,5,8
2021-12-17,6,39
2021-12-17,7,57
2021-12-17,8,84
2021-12-17,9,141
2021-12-17,10,151
2021-12-17,11,189
2021-12-17,12,206
2021-12-17,13,189
2021-12-17,14,223
2021-12-17,15,217
2021-12-17,16,207
2021-12-17,17,181
2021-12-17,18,162
2021-12-17,19,119
2021-12-17,20,96
2021-12-17,21,67
2021-12-17,22,62
2021-12-17,23,44
2021-12-18,0,44
2021-12-18,1,21
2021-12-18,2,12
2021-12-18,3,16
2021-12-18,4,12
2021-12-18,5,8
2021-12-18,6,12
2021-12-18,7,36
2021-12-18,8,61
2021-12-18,9,101
2021-12-18,10,163
2021-12-18,11,168
2021-12-18,12,198
2021-12-18,13,193
2021-12-18,14,181
2021-12-18,15,176
2021-12-18,16,150
2021-12-18,17,128
2021-12-18,18,128
2021-12-18,19,110
2021-12-18,20,76
2021-12-18,21,57
2021-12-18,22,57
2021-12-18,23,40
2021-12-19,0,35
2021-12-19,1,30
2021-12-19,2,16
2021-12-19,3,16
2021-12-19,4,16
2021-12-19,5,16
2021-12-19,6,16
2021-12-19,7,16
2021-12-19,8,40
2021-12-19,9,45
2021-12-19,10,100
2021-12-19,11,150
2021-12-19,12,172
2021-12-19,13,207
2021-12-19,14,162
2021-12-19,15,159
2021-12-19,16,119
2021-12-19,17,105
2021-12-19,18,127
2021-12-19,19,96
2021-12-19,20,71
2021-12-19,21,53
2021-12-19,22,36
2021-12-19,23,22
2021-12-20,0,16
2021-12-20,1,4
2021-12-20,2,8
2021-12-20,3,8
2021-12-20,4,12
2021-12-20,5,4
2021-12-20,6,21
2021-12-20,7,57
2021-12-20,8,76
2021-12-20,9,119
2021-12-20,10,141
2021-12-20,11,150
2021-12-20,12,172
2021-12-20,13,159
2021-12-20,14,190
2021-12-20,15,173
2021-12-20,16,189
2021-12-20,17,151
2021-12-20,18,118
2021-12-20,19,101
2021-12-20,20,75
2021-12-20,21,48
2021-12-20,22,36
2021-12-20,23,21
2021-12-21,0,16
2021-12-21,1,4
2021-12-21,2,4
2021-12-21,3,0
2021-12-21,4,0
2021-12-21,10,165
2021-12-21,11,158
2021-12-21,12,172
2021-12-21,13,190
2021-12-21,14,192
2021-12-21,15,193
2021-12-21,16,203
2021-12-21,17,177
2021-12-21,18,137
2021-12-21,19,123
2021-12-21,20,84
2021-12-21,21,57
2021-12-21,22,48
2021-12-21,23,30
2021-12-22,0,12
2021-12-22,1,8
2021-12-22,2,4
2021-12-22,3,4
2021-12-22,4,0
2021-12-22,5,16
2021-12-22,6,21
2021-12-22,7,53
2021-12-22,8,72
2021-12-22,9,133
2021-12-22,10,154
2021-12-22,11,150
2021-12-22,12,176
2021-12-22,13,190
2021-12-22,14,214
2021-12-22,15,203
2021-12-22,16,181
2021-12-22,17,163
2021-12-22,18,145
2021-12-22,19,106
2021-12-22,20,80
2021-12-22,21,62
2021-12-22,22,44
2021-12-22,23,26
2021-12-23,0,16
2021-12-23,1,8
2021-12-23,2,4
2021-12-23,3,8
2021-12-23,4,12
2021-12-23,5,8
2021-12-23,6,30
2021-12-23,7,53
2021-12-23,8,97
2021-12-23,9,150
2021-12-23,10,171
2021-12-23,11,216
2021-12-23,12,211
2021-12-23,13,216
2021-12-23,14,239
2021-12-23,15,223
2021-12-23,16,226
2021-12-23,17,172
2021-12-23,18,131
2021-12-23,19,101
2021-12-23,20,92
2021-12-23,21,72
2021-12-23,22,49
2021-12-23,23,40
2021-12-24,0,16
2021-12-24,1,12
2021-12-24,2,4
2021-12-24,3,8
2021-12-24,4,5
2021-12-24,5,12
2021-12-24,6,34
2021-12-24,7,48
2021-12-24,8,72
2021-12-24,9,142
2021-12-24,10,190
2021-12-24,11,199
2021-12-24,12,207
2021-12-24,13,208
2021-12-24,14,234
2021-12-24,15,212
2021-12-24,16,189
2021-12-24,17,141
2021-12-24,18,129
2021-12-24,19,105
2021-12-24,20,76
2021-12-24,21,52
2021-12-24,22,44
2021-12-24,23,39
2021-12-25,0,34
2021-12-25,1,16
2021-12-25,2,17
2021-12-25,3,4
2021-12-25,4,13
2021-12-25,5,8
2021-12-25,6,16
2021-12-25,7,31
2021-12-25,8,62
2021-12-25,9,97
2021-12-25,10,106
2021-12-25,11,101
2021-12-25,12,137
2021-12-25,13,128
2021-12-25,14,115
2021-12-25,15,106
2021-12-25,16,96
2021-12-25,17,88
2021-12-25,18,88
2021-12-25,19,76
2021-12-25,20,67
2021-12-25,21,48
2021-12-25,22,44
2021-12-25,23,40
2021-12-26,0,31
2021-12-26,1,34
2021-12-26,2,16
2021-12-26,3,16
2021-12-26,4,17
2021-12-26,5,9
2021-12-26,6,12
2021-12-26,7,12
2021-12-26,8,30
2021-12-26,9,44
2021-12-26,10,67
2021-12-26,11,92
2021-12-26,12,119
2021-12-26,13,124
2021-12-26,14,101
2021-12-26,15,111
2021-12-26,16,100
2021-12-26,17,92
2021-12-26,18,109
2021-12-26,19,77
2021-12-26,20,62
2021-12-26,21,44
2021-12-26,22,36
2021-12-26,23,31
2021-12-27,0,26
2021-12-27,1,14
2021-12-27,2,12
2021-12-27,3,12
2021-12-27,4,17
2021-12-27,5,9
2021-12-27,6,16
2021-12-27,7,44
2021-12-27,8,48
2021-12-27,9,80
2021-12-27,10,88
2021-12-27,11,101
2021-12-27,12,118
2021-12-27,13,124
2021-12-27,14,149
2021-12-27,15,136
2021-12-27,16,136
2021-12-27,17,119
2021-12-27,18,100
2021-12-27,19,88
2021-12-27,20,71
2021-12-27,21,44
2021-12-27,22,40
2021-12-27,23,21
2021-12-28,0,26
2021-12-28,1,16
2021-12-28,2,13
2021-12-28,3,12
2021-12-28,4,14
2021-12-28,5,17
2021-12-28,6,17
2021-12-28,7,40
2021-12-28,8,53
2021-12-28,9,75
2021-12-28,10,100
2021-12-28,11,110
2021-12-28,12,111
2021-12-28,13,136
2021-12-28,14,168
2021-12-28,15,142
2021-12-28,16,150
2021-12-28,17,137
2021-12-28,18,127
2021-12-28,19,101
2021-12-28,20,76
2021-12-28,21,61
2021-12-28,22,44
2021-12-28,23,36
2021-12-29,0,26
2021-12-29,1,21
2021-12-29,2,13
2021-12-29,3,13
2021-12-29,4,6
2021-12-29,5,17
2021-12-29,6,21
2021-12-29,7,44
2021-12-29,8,52
2021-12-29,9,88
2021-12-29,10,110
2021-12-29,11,108
2021-12-29,12,128
2021-12-29,13,149
2021-12-29,14,146
2021-12-29,15,162
2021-12-29,16,162
2021-12-29,17,132
2021-12-29,18,114
2021-12-29,19,106
2021-12-29,20,70
2021-12-29,21,57
2021-12-29,22,44
2021-12-29,23,31
2021-12-30,0,21
2021-12-30,1,11
2021-12-30,2,13
2021-12-30,3,10
2021-12-30,4,16
2021-12-30,5,10
2021-12-30,6,26
2021-12-30,7,44
2021-12-30,8,74
2021-12-30,9,109
2021-12-30,10,137
2021-12-30,11,141
2021-12-30,12,164
2021-12-30,13,165
2021-12-30,14,176
2021-12-30,15,172
2021-12-30,16,177
2021-12-30,17,132
2021-12-30,18,128
2021-12-30,19,80
2021-12-30,20,66
2021-12-30,21,58
2021-12-30,22,48
2021-12-30,23,44
2021-12-31,0,26
2021-12-31,1,12
2021-12-31,2,14
2021-12-31,3,10
2021-12-31,4,16
2021-12-31,5,16
2021-12-31,6,44
2021-12-31,7,57
2021-12-31,8,70
2021-12-31,9,105
2021-12-31,10,137
2021-12-31,11,160
2021-12-31,12,194
2021-12-31,13,181
2021-12-31,14,211
2021-12-31,15,193
2021-12-31,16,168
2021-12-31,17,146
2021-12-31,18,122
2021-12-31,19,106
2021-12-31,20,80
2021-12-31,21,65
2021-12-31,22,56
2021-12-31,23,57
2022-01-01,0,60
2022-01-01,1,21
2022-01-01,2,30
2022-01-01,3,40
2022-01-01,4,21
2022-01-01,5,16
2022-01-01,6,26
2022-01-01,7,31
2022-01-01,8,53
2022-01-01,9,61
2022-01-01,10,105
2022-01-01,11,118
2022-01-01,12,141
2022-01-01,13,148
2022-01-01,14,140
2022-01-01,15,132
2022-01-01,16,114
2022-01-01,17,100
2022-01-01,18,110
2022-01-01,19,92
2022-01-01,20,76
2022-01-01,21,52
2022-01-01,22,54
2022-01-01,23,53
2022-01-02,0,53
2022-01-02,1,35
2022-01-02,2,21
2022-01-02,3,57
2022-01-02,4,52
2022-01-02,5,31
2022-01-02,6,31
2022-01-02,7,21
2022-01-02,8,40
2022-01-02,9,44
2022-01-02,10,80
2022-01-02,11,109
2022-01-02,12,145
2022-01-02,13,157
2022-01-02,14,133
2022-01-02,15,136
2022-01-02,16,123
2022-01-02,17,97
2022-01-02,18,114
2022-01-02,19,88
2022-01-02,20,71
2022-01-02,21,48
2022-01-02,22,40
2022-01-02,23,48
2022-01-03,0,40
2022-01-03,1,21
2022-01-03,2,35
2022-01-03,3,27
2022-01-03,4,44
2022-01-03,5,27
2022-01-03,6,40
2022-01-03,7,52
2022-01-03,8,56
2022-01-03,9,92
2022-01-03,10,113
2022-01-03,11,114
2022-01-03,12,137
2022-01-03,13,145
2022-01-03,14,168
2022-01-03,15,158
2022-01-03,16,140
2022-01-03,17,122
2022-01-03,18,101
2022-01-03,19,101
2022-01-03,20,80
2022-01-03,21,53
2022-01-03,22,44
2022-01-03,23,26
2022-01-04,0,21
2022-01-04,1,18
2022-01-04,2,14
2022-01-04,3,21
2022-01-04,4,21
2022-01-04,5,22
2022-01-04,6,39
2022-01-04,7,53
2022-01-04,8,66
2022-01-04,9,92
2022-01-04,10,109
2022-01-04,11,113
2022-01-04,12,128
2022-01-04,13,158
2022-01-04,14,163
2022-01-04,15,157
2022-01-04,16,154
2022-01-04,17,158
2022-01-04,18,123
2022-01-04,19,104
2022-01-04,20,75
2022-01-04,21,56
2022-01-04,22,56
2022-01-04,23,35
2022-01-05,0,27
2022-01-05,1,26
2022-01-05,2,17
2022-01-05,3,13
2022-01-05,4,21
2022-01-05,5,16
2022-01-05,6,43
2022-01-05,7,61
2022-01-05,8,76
2022-01-05,9,110
2022-01-05,10,115
2022-01-05,11,109
2022-01-05,12,146
2022-01-05,13,172
2022-01-05,14,153
2022-01-05,15,178
2022-01-05,16,170
2022-01-05,17,158
2022-01-05,18,117
2022-01-05,19,105
2022-01-05,20,79
2022-01-05,21,66
2022-01-05,22,43
2022-01-05,23,40
2022-01-06,0,32
2022-01-06,1,32
2022-01-06,2,22
2022-01-06,3,21
2022-01-06,4,25
2022-01-06,5,21
2022-01-06,6,52
2022-01-06,7,66
2022-01-06,8,101
2022-01-06,9,140
2022-01-06,10,144
2022-01-06,11,161
2022-01-06,12,158
2022-01-06,13,158
2022-01-06,14,184
2022-01-06,15,184
2022-01-06,16,183
2022-01-06,17,144
2022-01-06,18,113
2022-01-06,19,84
2022-01-06,20,80
2022-01-06,21,71
2022-01-06,22,61
2022-01-06,23,40
2022-01-07,0,44
2022-01-07,1,16
2022-01-07,2,15
2022-01-07,3,26
2022-01-07,4,26
2022-01-07,5,21
2022-01-07,6,53
2022-01-07,7,71
2022-01-07,8,105
2022-01-07,9,141
2022-01-07,10,153
2022-01-07,11,150
2022-01-07,12,169
2022-01-07,13,163
2022-01-07,14,203
2022-01-07,15,213
2022-01-07,16,179
2022-01-07,17,167
2022-01-07,18,157
2022-01-07,19,118
2022-01-07,20,84
2022-01-07,21,72
2022-01-07,22,66
2022-01-07,23,53
2022-01-08,0,65
2022-01-08,1,35
2022-01-08,2,22
2022-01-08,3,17
2022-01-08,4,35
2022-01-08,5,27
2022-01-08,6,35
2022-01-08,7,31
2022-01-08,8,74
2022-01-08,9,88
2022-01-08,10,134
2022-01-08,11,167
2022-01-08,12,221
2022-01-08,13,235
2022-01-08,14,228
2022-01-08,15,218
2022-01-08,16,162
2022-01-08,17,140
2022-01-08,18,143
2022-01-08,19,109
2022-01-08,20,84
2022-01-08,21,65
2022-01-08,22,61
2022-01-08,23,48
2022-01-09,0,48
2022-01-09,1,43
2022-01-09,2,22
2022-01-09,3,36
2022-01-09,4,22
2022-01-09,5,25
2022-01-09,6,21
2022-01-09,7,31
2022-01-09,8,36
2022-01-09,9,53
2022-01-09,10,105
2022-01-09,11,131
2022-01-09,12,166
2022-01-09,13,196
2022-01-09,14,171
2022-01-09,15,160
2022-01-09,16,145
2022-01-09,17,118
2022-01-09,18,137
2022-01-09,19,98
2022-01-09,20,71
2022-01-09,21,53
2022-01-09,22,40
2022-01-09,23,44
2022-01-10,0,26
2022-01-10,1,21
2022-01-10,2,13
2022-01-10,3,16
2022-01-10,4,16
2022-01-10,5,14
2022-01-10,6,39
2022-01-10,7,70
2022-01-10,8,105
2022-01-10,9,140
2022-01-10,10,140
2022-01-10,11,127
2022-01-10,12,158
2022-01-10,13,133
2022-01-10,14,158
2022-01-10,15,181
2022-01-10,16,181
2022-01-10,17,159
2022-01-10,18,132
2022-01-10,19,114
2022-01-10,20,79
2022-01-10,21,53
2022-01-10,22,48
2022-01-10,23,32
2022-01-11,0,41
2022-01-11,9,142
2022-01-11,10,141
2022-01-11,11,140
2022-01-11,12,141
2022-01-11,13,162
2022-01-11,14,167
2022-01-11,15,157
2022-01-11,16,194
2022-01-11,17,171
2022-01-11,18,153
2022-01-11,19,122
2022-01-11,20,79
2022-01-11,21,62
2022-01-11,22,49
2022-01-11,23,26
2022-01-12,0,26
2022-01-12,1,22
2022-01-12,2,20
2022-01-12,3,16
2022-01-12,4,16
2022-01-12,5,21
2022-01-12,6,36
2022-01-12,7,66
2022-01-12,8,88
2022-01-12,9,132
2022-01-12,10,128
2022-01-12,11,132
2022-01-12,12,142
2022-01-12,13,176
2022-01-12,14,155
2022-01-12,15,189
2022-01-12,16,198
2022-01-12,17,169
2022-01-12,18,141
2022-01-12,19,114
2022-01-12,20,79
2022-01-12,21,67
2022-01-12,22,52
2022-01-12,23,36
2022-01-13,0,26
2022-01-13,1,22
2022-01-13,2,13
2022-01-13,3,16
2022-01-13,4,16
2022-01-13,5,19
2022-01-13,6,49
2022-01-13,7,74
2022-01-13,8,124
2022-01-13,9,162
2022-01-13,10,171
2022-01-13,11,171
2022-01-13,12,158
2022-01-13,13,169
2022-01-13,14,201
2022-01-13,15,195
2022-01-13,16,210
2022-01-13,17,191
2022-01-13,18,136
2022-01-13,19,97
2022-01-13,20,92
2022-01-13,21,70
2022-01-13,22,65
2022-01-13,23,48
2022-01-14,0,45
2022-01-14,1,17
2022-01-14,2,12
2022-01-14,3,12
2022-01-14,4,17
2022-01-14,5,12
2022-01-14,6,48
2022-01-14,7,75
2022-01-14,8,112
2022-01-14,9,150
2022-01-14,10,180
2022-01-14,11,193
2022-01-14,12,203
2022-01-14,13,198
2022-01-14,14,247
2022-01-14,15,224
2022-01-14,16,218
2022-01-14,17,176
2022-01-14,18,163
2022-01-14,19,123
2022-01-14,20,88
2022-01-14,21,70
2022-01-14,22,74
2022-01-14,23,57
2022-01-15,0,40
2022-01-15,1,36
2022-01-15,2,16
2022-01-15,3,17
2022-01-15,4,21
2022-01-15,5,21
2022-01-15,6,31
2022-01-15,7,40
2022-01-15,8,61
2022-01-15,9,94
2022-01-15,10,140
2022-01-15,11,192
2022-01-15,12,226
2022-01-15,13,223
2022-01-15,14,222
2022-01-15,15,199
2022-01-15,16,171
2022-01-15,17,136
2022-01-15,18,146
2022-01-15,19,118
2022-01-15,20,83
2022-01-15,21,71
2022-01-15,22,57
2022-01-15,23,52
2022-01-16,0,45
2022-01-16,1,43
2022-01-16,2,32
2022-01-16,3,27
2022-01-16,4,24
2022-01-16,5,21
2022-01-16,6,22
2022-01-16,7,16
2022-01-16,8,44
2022-01-16,9,48
2022-01-16,10,104
2022-01-16,11,145
2022-01-16,12,189
2022-01-16,13,222
2022-01-16,14,174
2022-01-16,15,163
2022-01-16,16,141
2022-01-16,17,122
2022-01-16,18,134
2022-01-16,19,100
2022-01-16,20,74
2022-01-16,21,61
2022-01-16,22,40
2022-01-16,23,35
2022-01-17,0,31
2022-01-17,1,25
2022-01-17,2,24
2022-01-17,3,14
2022-01-17,4,21
2022-01-17,5,16
2022-01-17,6,32
2022-01-17,7,79
2022-01-17,8,126
2022-01-17,9,142
2022-01-17,10,136
2022-01-17,11,154
2022-01-17,12,153
2022-01-17,13,150
2022-01-17,14,174
2022-01-17,15,188
2022-01-17,16,184
2022-01-17,17,172
2022-01-17,18,164
2022-01-17,19,171
2022-01-17,20,84
2022-01-17,21,71
2022-01-17,22,100
2022-01-17,23,36
2022-01-18,0,26
2022-01-18,1,9
2022-01-18,2,8
2022-01-18,3,6
2022-01-18,4,12
2022-01-18,5,16
2022-01-18,6,36
2022-01-18,7,79
2022-01-18,8,114
2022-01-18,9,140
2022-01-18,10,136
2022-01-18,11,145
2022-01-18,12,140
2022-01-18,13,150
2022-01-18,14,157
2022-01-18,15,171
2022-01-18,16,206
2022-01-18,17,176
2022-01-18,18,146
2022-01-18,19,121
2022-01-18,20,79
2022-01-18,21,66
2022-01-18,22,53
2022-01-18,23,35
2022-01-19,0,21
2022-01-19,1,34
2022-01-19,2,21
2022-01-19,3,6
2022-01-19,4,10
2022-01-19,5,12
2022-01-19,6,27
2022-01-19,7,80
2022-01-19,8,93
2022-01-19,9,136
2022-01-19,10,129
2022-01-19,11,130
2022-01-19,12,149
2022-01-19,13,158
2022-01-19,14,159
2022-01-19,15,175
2022-01-19,16,197
2022-01-19,17,172
2022-01-19,18,147
2022-01-19,19,126
2022-01-19,20,84
2022-01-19,21,71
2022-01-19,22,53
2022-01-19,23,44
2022-01-20,0,26
2022-01-20,1,25
2022-01-20,2,5
2022-01-20,3,8
2022-01-20,4,11
2022-01-20,5,10
2022-01-20,6,43
2022-01-20,7,75
2022-01-20,8,130
2022-01-20,9,174
2022-01-20,10,171
2022-01-20,11,196
2022-01-20,12,195
2022-01-20,13,194
2022-01-20,14,197
2022-01-20,15,204
2022-01-20,16,222
2022-01-20,17,189
2022-01-20,18,140
2022-01-20,19,93
2022-01-20,20,101
2022-01-20,21,71
2022-01-20,22,62
2022-01-20,23,40
2022-01-21,0,31
2022-01-21,1,12
2022-01-21,2,8
2022-01-21,3,14
2022-01-21,4,24
2022-01-21,5,13
2022-01-21,6,44
2022-01-21,7,75
2022-01-21,8,117
2022-01-21,9,171
2022-01-21,10,153
2022-01-21,11,189
2022-01-21,12,215
2022-01-21,13,207
2022-01-21,14,227
2022-01-21,15,242
2022-01-21,16,241
2022-01-21,17,213
2022-01-21,18,212
2022-01-21,19,168
2022-01-21,20,105
2022-01-21,21,75
2022-01-21,22,62
2022-01-21,23,62
2022-01-22,0,35
2022-01-22,1,21
2022-01-22,2,19
2022-01-22,3,21
2022-01-22,4,16
2022-01-22,5,16
2022-01-22,6,26
2022-01-22,7,40
2022-01-22,8,73
2022-01-22,9,96
2022-01-22,10,141
2022-01-22,11,185
2022-01-22,12,235
2022-01-22,13,224
2022-01-22,14,202
2022-01-22,15,204
2022-01-22,16,163
2022-01-22,17,155
2022-01-22,18,126
2022-01-22,19,117
2022-01-22,20,92
2022-01-22,21,74
2022-01-22,22,53
2022-01-22,23,52
2022-01-23,0,44
2022-01-23,1,39
2022-01-23,2,31
2022-01-23,3,22
2022-01-23,4,21
2022-01-23,5,26
2022-01-23,6,16
2022-01-23,7,21
2022-01-23,8,40
2022-01-23,9,56
2022-01-23,10,106
2022-01-23,11,145
2022-01-23,12,179
2022-01-23,13,206
2022-01-23,14,181
2022-01-23,15,160
2022-01-23,16,146
2022-01-23,17,115
2022-01-23,18,132
2022-01-23,19,96
2022-01-23,20,76
2022-01-23,21,57
2022-01-23,22,44
2022-01-23,23,32
2022-01-24,0,30
2022-01-24,1,13
2022-01-24,2,5
2022-01-24,3,8
2022-01-24,4,8
2022-01-24,5,16
2022-01-24,6,28
2022-01-24,7,75
2022-01-24,8,104
2022-01-24,9,144
2022-01-24,10,133
2022-01-24,11,146
2022-01-24,12,170
2022-01-24,13,159
2022-01-24,14,167
2022-01-24,15,171
2022-01-24,16,188
2022-01-24,17,182
2022-01-24,18,132
2022-01-24,19,88
2022-01-24,20,91
2022-01-24,21,58
2022-01-24,22,40
2022-01-24,23,25
2022-01-25,0,17
2022-01-25,1,14
2022-01-25,2,6
2022-01-25,3,7
2022-01-25,4,10
2022-01-25,5,16
2022-01-25,6,35
2022-01-25,7,71
2022-01-25,8,113
2022-01-25,9,135
2022-01-25,10,136
2022-01-25,11,141
2022-01-25,12,145
2022-01-25,13,166
2022-01-25,14,160
2022-01-25,15,203
2022-01-25,16,210
2022-01-25,17,182
2022-01-25,18,150
2022-01-25,19,119
2022-01-25,20,85
2022-01-25,21,71
2022-01-25,22,48
2022-01-25,23,36
2022-01-26,0,21
2022-01-26,1,22
2022-01-26,2,12
2022-01-26,3,0
2022-01-26,4,4
2022-01-26,5,16
2022-01-26,6,27
2022-01-26,7,66
2022-01-26,8,92
2022-01-26,9,137
2022-01-26,10,127
2022-01-26,11,125
2022-01-26,12,145
2022-01-26,13,167
2022-01-26,14,188
2022-01-26,15,196
2022-01-26,16,197
2022-01-26,17,180
2022-01-26,18,163
2022-01-26,19,118
2022-01-26,20,82
2022-01-26,21,57
2022-01-26,22,52
2022-01-26,23,41
2022-01-27,0,26
2022-01-27,1,9
2022-01-27,2,15
2022-01-27,3,14
2022-01-27,4,13
2022-01-27,5,11
2022-01-27,6,44
2022-01-27,7,79
2022-01-27,8,126
2022-01-27,9,181
2022-01-27,10,157
2022-01-27,11,175
2022-01-27,12,176
2022-01-27,13,183
2022-01-27,14,213
2022-01-27,15,209
2022-01-27,16,228
2022-01-27,17,187
2022-01-27,18,170
2022-01-27,19,114
2022-01-27,20,93
2022-01-27,21,75
2022-01-27,22,56
2022-01-27,23,40
2022-01-28,0,39
2022-01-28,1,14
2022-01-28,2,10
2022-01-28,3,11
2022-01-28,4,11
2022-01-28,5,16
2022-01-28,6,44
2022-01-28,7,80
2022-01-28,8,110
2022-01-28,9,163
2022-01-28,10,182
2022-01-28,11,193
2022-01-28,12,223
2022-01-28,13,206
2022-01-28,14,216
2022-01-28,15,225
2022-01-28,16,224
2022-01-28,17,198
2022-01-28,18,174
2022-01-28,19,134
2022-01-28,20,92
2022-01-28,21,75
2022-01-28,22,69
2022-01-28,23,48
2022-01-29,0,46
2022-01-29,1,17
2022-01-29,2,13
2022-01-29,3,16
2022-01-29,4,23
2022-01-29,5,16
2022-01-29,6,21
2022-01-29,7,40
2022-01-29,8,70
2022-01-29,9,94
2022-01-29,10,150
2022-01-29,11,196
2022-01-29,12,230
2022-01-29,13,211
2022-01-29,14,212
2022-01-29,15,182
2022-01-29,16,153
2022-01-29,17,168
2022-01-29,18,203
2022-01-29,19,131
2022-01-29,20,93
2022-01-29,21,71
2022-01-29,22,72
2022-01-29,23,52
2022-01-30,0,48
2022-01-30,1,30
2022-01-30,2,22
2022-01-30,3,23
2022-01-30,4,16
2022-01-30,5,20
2022-01-30,6,21
2022-01-30,7,17
2022-01-30,8,40
2022-01-30,9,53
2022-01-30,10,100
2022-01-30,11,160
2022-01-30,12,190
2022-01-30,13,217
2022-01-30,14,183
2022-01-30,15,197
2022-01-30,16,170
2022-01-30,17,129
2022-01-30,18,152
2022-01-30,19,94
2022-01-30,20,89
2022-01-30,21,61
2022-01-30,22,36
2022-01-30,23,36
2022-01-31,0,21
2022-01-31,1,8
2022-01-31,2,13
2022-01-31,3,13
2022-01-31,4,16
2022-01-31,5,16
2022-01-31,6,22
2022-01-31,7,71
2022-01-31,8,112
2022-01-31,9,161
2022-01-31,10,134
2022-01-31,11,172
2022-01-31,12,174
2022-01-31,13,178
2022-01-31,14,164
2022-01-31,15,183
2022-01-31,16,186
2022-01-31,17,175
2022-01-31,18,140
2022-01-31,19,104
2022-01-31,20,92
2022-01-31,21,58
2022-01-31,22,40
2022-01-31,23,31
2022-02-01,0,16
2022-02-01,1,13
2022-02-01,2,6
2022-02-01,3,8
2022-02-01,4,7
2022-02-01,5,16
2022-02-01,6,36
2022-02-01,7,71
2022-02-01,8,120
2022-02-01,9,148
2022-02-01,10,145
2022-02-01,11,170
2022-02-01,12,151
2022-02-01,13,176
2022-02-01,14,172
2022-02-01,15,189
2022-02-01,16,204
2022-02-01,17,192
2022-02-01,18,127
2022-02-01,19,131
2022-02-01,20,90
2022-02-01,21,67
2022-02-01,22,61
2022-02-01,23,26
2022-02-02,0,21
2022-02-02,1,17
2022-02-02,2,4
2022-02-02,3,3
2022-02-02,4,15
2022-02-02,5,16
2022-02-02,6,35
2022-02-02,7,75
2022-02-02,8,104
2022-02-02,9,164
2022-02-02,10,132
2022-02-02,11,127
2022-02-02,12,163
2022-02-02,13,180
2022-02-02,14,172
2022-02-02,15,196
2022-02-02,16,209
2022-02-02,17,206
2022-02-02,18,190
2022-02-02,19,141
2022-02-02,20,75
2022-02-02,21,62
2022-02-02,22,92
2022-02-02,23,40
2022-02-03,0,30
2022-02-03,1,16
2022-02-03,2,6
2022-02-03,3,13
2022-02-03,4,14
2022-02-03,5,15
2022-02-03,6,44
2022-02-03,7,66
2022-02-03,8,114
2022-02-03,9,158
2022-02-03,10,172
2022-02-03,11,175
2022-02-03,12,182
2022-02-03,13,197
2022-02-03,14,199
2022-02-03,15,191
2022-02-03,16,228
2022-02-03,17,199
2022-02-03,18,159
2022-02-03,19,101
2022-02-03,20,96
2022-02-03,21,109
2022-02-03,22,65
2022-02-03,23,48
2022-02-04,0,35
2022-02-04,1,13
2022-02-04,2,10
2022-02-04,3,11
2022-02-04,4,18
2022-02-04,5,12
2022-02-04,6,48
2022-02-04,7,80
2022-02-04,8,114
2022-02-04,9,154
2022-02-04,10,184
2022-02-04,11,217
2022-02-04,12,214
2022-02-04,13,196
2022-02-04,14,231
2022-02-04,15,226
2022-02-04,16,237
2022-02-04,17,182
2022-02-04,18,180
2022-02-04,19,131
2022-02-04,20,96
2022-02-04,21,79
2022-02-04,22,72
2022-02-04,23,53
2022-02-05,0,39
2022-02-05,1,20
2022-02-05,2,14
2022-02-05,3,16
2022-02-05,4,10
2022-02-05,5,13
2022-02-05,6,17
2022-02-05,7,36
2022-02-05,8,56
2022-02-05,9,108
2022-02-05,10,156
2022-02-05,11,220
2022-02-05,12,252
2022-02-05,13,242
2022-02-05,14,216
2022-02-05,15,190
2022-02-05,16,171
2022-02-05,17,154
2022-02-05,18,144
2022-02-05,19,119
2022-02-05,20,91
2022-02-05,21,73
2022-02-05,22,69
2022-02-05,23,54
2022-02-06,0,40
2022-02-06,1,34
2022-02-06,2,21
2022-02-06,3,21
2022-02-06,4,17
2022-02-06,5,12
2022-02-06,6,13
2022-02-06,7,21
2022-02-06,8,38
2022-02-06,9,58
2022-02-06,10,105
2022-02-06,11,148
2022-02-06,12,190
2022-02-06,13,184
2022-02-06,14,158
2022-02-06,15,163
2022-02-06,16,135
2022-02-06,17,119
2022-02-06,18,139
2022-02-06,19,101
2022-02-06,20,77
2022-02-06,21,68
2022-02-06,22,46
2022-02-06,23,29
2022-02-07,0,35
2022-02-07,1,12
2022-02-07,2,10
2022-02-07,3,9
2022-02-07,4,16
2022-02-07,5,10
2022-02-07,6,31
2022-02-07,7,60
2022-02-07,8,101
2022-02-07,9,159
2022-02-07,10,144
2022-02-07,11,156
2022-02-07,12,176
2022-02-07,13,166
2022-02-07,14,177
2022-02-07,15,190
2022-02-07,16,188
2022-02-07,17,163
2022-02-07,18,133
2022-02-07,19,113
2022-02-07,20,92
2022-02-07,21,56
2022-02-07,22,44
2022-02-07,23,32
2022-02-08,0,27
2022-02-08,1,9
2022-02-08,2,11
2022-02-08,3,5
2022-02-08,4,13
2022-02-08,5,13
2022-02-08,6,35
2022-02-08,7,73
2022-02-08,8,101
2022-02-08,9,161
2022-02-08,10,141
2022-02-08,11,163
2022-02-08,12,141
2022-02-08,13,169
2022-02-08,14,160
2022-02-08,15,176
2022-02-08,16,224
2022-02-08,17,188
2022-02-08,18,150
2022-02-08,19,128
2022-02-08,20,83
2022-02-08,21,77
2022-02-08,22,56
2022-02-08,23,30
2022-02-09,0,25
2022-02-09,1,13
2022-02-09,2,10
2022-02-09,3,7
2022-02-09,4,12
2022-02-09,5,17
2022-02-09,6,32
2022-02-09,7,64
2022-02-09,8,101
2022-02-09,9,124
2022-02-09,10,131
2022-02-09,11,133
2022-02-09,12,141
2022-02-09,13,180
2022-02-09,14,113
2022-02-09,15,185
2022-02-09,16,190
2022-02-09,17,178
2022-02-09,18,156
2022-02-09,19,110
2022-02-09,20,58
2022-02-09,21,64
2022-02-09,22,44
2022-02-09,23,43
2022-02-10,0,21
2022-02-10,1,6
2022-02-10,2,11
2022-02-10,3,7
2022-02-10,4,8
2022-02-10,5,9
2022-02-10,6,33
2022-02-10,7,60
2022-02-10,8,63
2022-02-10,9,144
2022-02-10,10,151
2022-02-10,11,139
2022-02-10,12,165
2022-02-10,13,195
2022-02-10,14,163
2022-02-10,15,184
2022-02-10,16,197
2022-02-10,17,211
2022-02-10,18,175
2022-02-10,19,118
2022-02-10,20,98
2022-02-10,21,62
2022-02-10,22,62
2022-02-10,23,26
2022-02-11,0,12
2022-02-11,1,6
2022-02-11,2,8
2022-02-11,3,8
2022-02-11,4,8
2022-02-11,5,14
2022-02-11,6,33
2022-02-11,7,54
2022-02-11,8,110
2022-02-11,9,144
2022-02-11,10,153
2022-02-11,11,184
2022-02-11,12,192
2022-02-11,13,217
2022-02-11,14,223
2022-02-11,15,193
2022-02-11,16,220
2022-02-11,17,163
2022-02-11,18,134
2022-02-11,19,109
2022-02-11,20,78
2022-02-11,21,59
2022-02-11,22,53
2022-02-11,23,41
2022-02-12,0,24
2022-02-12,1,18
2022-02-12,2,14
2022-02-12,3,15
2022-02-12,4,15
2022-02-12,5,14
2022-02-12,6,15
2022-02-12,7,32
2022-02-12,8,61
2022-02-12,9,95
2022-02-12,10,130
2022-02-12,11,160
2022-02-12,12,240
2022-02-12,13,205
2022-02-12,14,190
2022-02-12,15,169
2022-02-12,16,157
2022-02-12,17,123
2022-02-12,18,120
2022-02-12,19,75
2022-02-12,20,54
2022-02-12,21,57
2022-02-12,22,57
2022-02-12,23,41
2022-02-13,0,49
2022-02-13,1,18
2022-02-13,2,25
2022-02-13,3,16
2022-02-13,4,15
2022-02-13,5,18
2022-02-13,6,16
2022-02-13,7,17
2022-02-13,8,28
2022-02-13,9,48
2022-02-13,10,78
2022-02-13,11,153
2022-02-13,12,172
2022-02-13,13,186
2022-02-13,14,153
2022-02-13,15,147
2022-02-13,16,98
2022-02-13,17,108
2022-02-13,18,112
2022-02-13,19,79
2022-02-13,20,75
2022-02-13,21,50
2022-02-13,22,43
2022-02-13,23,28
2022-02-14,0,28
2022-02-14,1,4
2022-02-14,2,7
2022-02-14,3,7
2022-02-14,4,12
2022-02-14,5,13
2022-02-14,6,30
2022-02-14,7,53
2022-02-14,8,75
2022-02-14,9,108
2022-02-14,10,111
2022-02-14,11,142
2022-02-14,12,136
2022-02-14,13,159
2022-02-14,14,178
2022-02-14,15,157
2022-02-14,16,165
2022-02-14,17,134
2022-02-14,18,152
2022-02-14,19,88
2022-02-14,20,55
2022-02-14,21,62
2022-02-14,22,38
2022-02-14,23,33
2022-02-15,0,16
2022-02-15,1,11
2022-02-15,2,12
2022-02-15,3,9
2022-02-15,4,5
2022-02-15,5,13
2022-02-15,6,20
2022-02-15,7,68
2022-02-15,8,105
2022-02-15,9,110
2022-02-15,10,101
2022-02-15,11,125
2022-02-15,12,152
2022-02-15,13,153
2022-02-15,14,116
2022-02-15,15,135
2022-02-15,16,153
2022-02-15,17,137
2022-02-15,18,124
2022-02-15,19,97
2022-02-15,20,76
2022-02-15,21,64
2022-02-15,22,45
2022-02-15,23,27
2022-02-16,0,29
2022-02-16,1,3
2022-02-16,2,10
2022-02-16,3,2
2022-02-16,4,6
2022-02-16,5,10
2022-02-16,6,27
2022-02-16,7,55
2022-02-16,8,94
2022-02-16,9,105
2022-02-16,10,120
2022-02-16,11,136
2022-02-16,12,159
2022-02-16,13,164
2022-02-16,14,183
2022-02-16,15,154
2022-02-16,16,167
2022-02-16,17,153
2022-02-16,18,139
2022-02-16,19,81
2022-02-16,20,67
2022-02-16,21,50
2022-02-16,22,34
2022-02-16,23,22
2022-02-17,0,11
2022-02-17,1,3
2022-02-17,2,2
2022-02-17,3,4
2022-02-17,4,7
2022-02-17,5,13
2022-02-17,6,39
2022-02-17,7,68
2022-02-17,8,105
2022-02-17,9,166
2022-02-17,10,171
2022-02-17,11,183
2022-02-17,12,172
2022-02-17,13,166
2022-02-17,14,162
2022-02-17,15,190
2022-02-17,16,196
2022-02-17,17,187
2022-02-17,18,153
2022-02-17,19,96
2022-02-17,20,72
2022-02-17,21,64
2022-02-17,22,103
2022-02-17,23,46
2022-02-18,0,30
2022-02-18,1,15
2022-02-18,2,4
2022-02-18,3,7
2022-02-18,4,8
2022-02-18,5,15
2022-02-18,6,24
2022-02-18,7,47
2022-02-18,8,98
2022-02-18,9,141
2022-02-18,10,148
2022-02-18,11,159
2022-02-18,12,182
2022-02-18,13,170
2022-02-18,14,167
2022-02-18,15,204
2022-02-18,16,186
2022-02-18,17,163
2022-02-18,18,138
2022-02-18,19,91
2022-02-18,20,86
2022-02-18,21,68
2022-02-18,22,51
2022-02-18,23,36
2022-02-19,0,15
2022-02-19,1,12
2022-02-19,2,12
2022-02-19,3,10
2022-02-19,4,11
2022-02-19,5,10
2022-02-19,6,41
2022-02-19,7,39
2022-02-19,8,53
2022-02-19,9,83
2022-02-19,10,140
2022-02-19,11,171
2022-02-19,12,190
2022-02-19,13,192
2022-02-19,14,203
2022-02-19,15,135
2022-02-19,16,153
2022-02-19,17,133
2022-02-19,18,109
2022-02-19,19,79
2022-02-19,20,68
2022-02-19,21,45
2022-02-19,22,57
2022-02-19,23,39
2022-02-20,0,37
2022-02-20,1,108
2022-02-20,2,26
2022-02-20,3,14
2022-02-20,4,14
2022-02-20,5,13
2022-02-20,6,14
2022-02-20,7,21
2022-02-20,8,42
2022-02-20,9,47
2022-02-20,10,107
2022-02-20,11,113
2022-02-20,12,162
2022-02-20,13,187
2022-02-20,14,138
2022-02-20,15,136
2022-02-20,16,119
2022-02-20,17,94
2022-02-20,18,136
2022-02-20,19,70
2022-02-20,20,60
2022-02-20,21,40
2022-02-20,22,35
2022-02-20,23,28
2022-02-21,0,24
2022-02-21,1,4
2022-02-21,2,4
2022-02-21,3,8
2022-02-21,4,6
2022-02-21,5,9
2022-02-21,6,25
2022-02-21,7,53
2022-02-21,8,78
2022-02-21,9,130
2022-02-21,10,119
2022-02-21,11,127
2022-02-21,12,172
2022-02-21,13,160
2022-02-21,14,163
2022-02-21,15,184
2022-02-21,16,187
2022-02-21,17,175
2022-02-21,18,148
2022-02-21,19,79
2022-02-21,20,83
2022-02-21,21,44
2022-02-21,22,34
2022-02-21,23,19
2022-02-22,0,13
2022-02-22,1,5
2022-02-22,2,7
2022-02-22,3,2
2022-02-22,4,6
2022-02-22,5,9
2022-02-22,6,26
2022-02-22,7,63
2022-02-22,8,88
2022-02-22,9,123
2022-02-22,10,118
2022-02-22,11,149
2022-02-22,12,143
2022-02-22,13,142
2022-02-22,14,191
2022-02-22,15,174
2022-02-22,16,185
2022-02-22,17,171
2022-02-22,18,134
2022-02-22,19,118
2022-02-22,20,47
2022-02-22,21,60
2022-02-22,22,37
2022-02-22,23,22
2022-02-23,0,15
2022-02-23,1,0
2022-02-23,2,7
2022-02-23,3,6
2022-02-23,4,7
2022-02-23,5,9
2022-02-23,6,32
2022-02-23,7,60
2022-02-23,8,85
2022-02-23,9,127
2022-02-23,10,124
2022-02-23,11,156
2022-02-23,12,138
2022-02-23,13,164
2022-02-23,14,173
2022-02-23,15,169
2022-02-23,16,165
2022-02-23,17,165
2022-02-23,18,126
2022-02-23,19,92
2022-02-23,20,73
2022-02-23,21,55
2022-02-23,22,46
2022-02-23,23,20
2022-02-24,0,7
2022-02-24,1,8
2022-02-24,2,7
2022-02-24,3,5
2022-02-24,4,5
2022-02-24,5,12
2022-02-24,6,39
2022-02-24,7,71
2022-02-24,8,89
2022-02-24,9,142
2022-02-24,10,152
2022-02-24,11,166
2022-02-24,12,147
2022-02-24,13,124
2022-02-24,14,175
2022-02-24,15,155
2022-02-24,16,175
2022-02-24,17,158
2022-02-24,18,120
2022-02-24,19,108
2022-02-24,20,60
2022-02-24,21,46
2022-02-24,22,44
2022-02-24,23,37
2022-02-25,0,23
2022-02-25,1,12
2022-02-25,2,11
2022-02-25,3,6
2022-02-25,4,3
2022-02-25,5,10
2022-02-25,6,29
2022-02-25,7,51
2022-02-25,8,82
2022-02-25,9,157
2022-02-25,10,160
2022-02-25,11,180
2022-02-25,12,212
2022-02-25,13,204
2022-02-25,14,187
2022-02-25,15,196
2022-02-25,16,222
2022-02-25,17,182
2022-02-25,18,138
2022-02-25,19,99
2022-02-25,20,86
2022-02-25,21,82
2022-02-25,22,59
2022-02-25,23,43
2022-02-26,0,30
2022-02-26,1,19
2022-02-26,2,13
2022-02-26,3,11
2022-02-26,4,15
2022-02-26,5,17
2022-02-26,6,15
2022-02-26,7,35
2022-02-26,8,59
2022-02-26,9,116
2022-02-26,10,121
2022-02-26,11,165
2022-02-26,12,225
2022-02-26,13,205
2022-02-26,14,213
2022-02-26,15,173
2022-02-26,16,144
2022-02-26,17,134
2022-02-26,18,144
2022-02-26,19,97
2022-02-26,20,95
2022-02-26,21,89
2022-02-26,22,53
2022-02-26,23,89
2022-02-27,0,42
2022-02-27,1,21
2022-02-27,2,20
2022-02-27,3,13
2022-02-27,4,24
2022-02-27,5,15
2022-02-27,6,13
2022-02-27,7,17
2022-02-27,8,30
2022-02-27,9,58
2022-02-27,10,99
2022-02-27,11,163
2022-02-27,12,151
2022-02-27,13,114
2022-02-27,14,133
2022-02-27,15,120
2022-02-27,16,128
2022-02-27,17,120
2022-02-27,18,105
2022-02-27,19,99
2022-02-27,20,54
2022-02-27,21,58
2022-02-27,22,40
2022-02-27,23,24
2022-02-28,0,33
2022-02-28,1,0
2022-02-28,2,6
2022-02-28,3,6
2022-02-28,4,7
2022-02-28,5,12
2022-02-28,6,33
2022-02-28,7,58
2022-02-28,8,69
2022-02-28,9,130
2022-02-28,10,128
2022-02-28,11,146
2022-02-28,12,159
2022-02-28,13,142
2022-02-28,14,172
2022-02-28,15,209
2022-02-28,16,170
2022-02-28,17,208
2022-02-28,18,119
2022-02-28,19,87
2022-02-28,20,73
2022-02-28,21,67
2022-02-28,22,44
2022-02-28,23,27
2022-03-01,0,16
2022-03-01,1,9
2022-03-01,2,3
2022-03-01,3,3
2022-03-01,4,4
2022-03-01,5,11
2022-03-01,6,23
2022-03-01,7,56
2022-03-01,8,81
2022-03-01,9,127
2022-03-01,10,110
2022-03-01,11,102
2022-03-01,12,114
2022-03-01,13,131
2022-03-01,14,166
2022-03-01,15,176
2022-03-01,16,184
2022-03-01,17,187
2022-03-01,18,137
2022-03-01,19,103
2022-03-01,20,67
2022-03-01,21,70
2022-03-01,22,42
2022-03-01,23,23
2022-03-02,0,16
2022-03-02,1,8
2022-03-02,2,11
2022-03-02,3,3
2022-03-02,4,7
2022-03-02,5,7
2022-03-02,6,21
2022-03-02,7,61
2022-03-02,8,88
2022-03-02,9,139
2022-03-02,10,136
2022-03-02,11,139
2022-03-02,12,150
2022-03-02,13,157
2022-03-02,14,161
2022-03-02,15,209
2022-03-02,16,166
2022-03-02,17,192
2022-03-02,18,165
2022-03-02,19,98
2022-03-02,20,74
2022-03-02,21,51
2022-03-02,22,95
2022-03-02,23,32
2022-03-03,0,16
2022-03-03,1,4
2022-03-03,2,3
2022-03-03,3,8
2022-03-03,4,6
2022-03-03,5,13
2022-03-03,6,22
2022-03-03,7,49
2022-03-03,8,118
2022-03-03,9,143
2022-03-03,10,147
2022-03-03,11,145
2022-03-03,12,160
2022-03-03,13,197
2022-03-03,14,179
2022-03-03,15,173
2022-03-03,16,221
2022-03-03,17,212
2022-03-03,18,134
2022-03-03,19,110
2022-03-03,20,102
2022-03-03,21,56
2022-03-03,22,38
2022-03-03,23,32
2022-03-04,0,18
2022-03-04,1,7
2022-03-04,2,4
2022-03-04,3,5
2022-03-04,4,9
2022-03-04,5,13
2022-03-04,6,37
2022-03-04,7,55
2022-03-04,8,89
2022-03-04,9,148
2022-03-04,10,143
2022-03-04,11,171
2022-03-04,12,208
2022-03-04,13,199
2022-03-04,14,190
2022-03-04,15,207
2022-03-04,16,194
2022-03-04,17,160
2022-03-04,18,161
2022-03-04,19,108
2022-03-04,20,100
2022-03-04,21,71
2022-03-04,22,59
2022-03-04,23,27
2022-03-05,0,24
2022-03-05,1,45
2022-03-05,2,11
2022-03-05,3,15
2022-03-05,4,13
2022-03-05,5,12
2022-03-05,6,14
2022-03-05,7,31
2022-03-05,8,48
2022-03-05,9,103
2022-03-05,10,151
2022-03-05,11,166
2022-03-05,12,161
2022-03-05,13,195
2022-03-05,14,162
2022-03-05,15,144
2022-03-05,16,140
2022-03-05,17,146
2022-03-05,18,126
2022-03-05,19,104
2022-03-05,20,83
2022-03-05,21,59
2022-03-05,22,39
2022-03-05,23,67
2022-03-06,0,71
2022-03-06,1,24
2022-03-06,2,17
2022-03-06,3,17
2022-03-06,4,20
2022-03-06,5,9
2022-03-06,6,8
2022-03-06,7,22
2022-03-06,8,31
2022-03-06,9,52
2022-03-06,10,86
2022-03-06,11,154
2022-03-06,12,129
2022-03-06,13,137
2022-03-06,14,120
2022-03-06,15,120
2022-03-06,16,131
2022-03-06,17,110
2022-03-06,18,111
2022-03-06,19,100
2022-03-06,20,68
2022-03-06,21,48
2022-03-06,22,29
2022-03-06,23,31
2022-03-07,0,32
2022-03-07,1,4
2022-03-07,2,8
2022-03-07,3,7
2022-03-07,4,8
2022-03-07,5,7
2022-03-07,6,23
2022-03-07,7,51
2022-03-07,8,84
2022-03-07,9,133
2022-03-07,10,129
2022-03-07,11,128
2022-03-07,12,165
2022-03-07,13,141
2022-03-07,14,154
2022-03-07,15,161
2022-03-07,16,171
2022-03-07,17,166
2022-03-07,18,140
2022-03-07,19,89
2022-03-07,20,74
2022-03-07,21,55
2022-03-07,22,58
2022-03-07,23,21
2022-03-08,0,14
2022-03-08,1,8
2022-03-08,2,7
2022-03-08,3,7
2022-03-08,4,11
2022-03-08,5,8
2022-03-08,6,30
2022-03-08,7,72
2022-03-08,8,114
2022-03-08,9,234
2022-03-08,10,116
2022-03-08,11,143
2022-03-08,12,143
2022-03-08,13,163
2022-03-08,14,176
2022-03-08,15,176
2022-03-08,16,231
2022-03-08,17,159
2022-03-08,18,136
2022-03-08,19,94
2022-03-08,20,65
2022-03-08,21,73
2022-03-08,22,45
2022-03-08,23,16
2022-03-09,0,12
2022-03-09,1,2
2022-03-09,2,7
2022-03-09,3,6
2022-03-09,4,4
2022-03-09,5,10
2022-03-09,6,31
2022-03-09,7,64
2022-03-09,8,89
2022-03-09,9,135
2022-03-09,10,120
2022-03-09,11,140
2022-03-09,12,166
2022-03-09,13,155
2022-03-09,14,189
2022-03-09,15,217
2022-03-09,16,173
2022-03-09,17,154
2022-03-09,18,155
2022-03-09,19,128
2022-03-09,20,66
2022-03-09,21,75
2022-03-09,22,42
2022-03-09,23,21
2022-03-10,0,17
2022-03-10,1,5
2022-03-10,2,4
2022-03-10,3,7
2022-03-10,4,6
2022-03-10,5,10
2022-03-10,6,34
2022-03-10,7,59
2022-03-10,8,99
2022-03-10,9,140
2022-03-10,10,129
2022-03-10,11,212
2022-03-10,12,238
2022-03-10,13,187
2022-03-10,14,172
2022-03-10,15,168
2022-03-10,16,184
2022-03-10,17,184
2022-03-10,18,124
2022-03-10,19,94
2022-03-10,20,77
2022-03-10,21,44
2022-03-10,22,47
2022-03-10,23,36
2022-03-11,0,17
2022-03-11,1,113
2022-03-11,2,9
2022-03-11,3,6
2022-03-11,4,7
2022-03-11,5,11
2022-03-11,6,28
2022-03-11,7,40
2022-03-11,8,111
2022-03-11,9,154
2022-03-11,10,156
2022-03-11,11,159
2022-03-11,12,156
2022-03-11,13,189
2022-03-11,14,190
2022-03-11,15,190
2022-03-11,16,195
2022-03-11,17,184
2022-03-11,18,143
2022-03-11,19,121
2022-03-11,20,63
2022-03-11,21,53
2022-03-11,22,55
2022-03-11,23,33
2022-03-12,0,29
2022-03-12,1,26
2022-03-12,2,16
2022-03-12,3,14
2022-03-12,4,11
2022-03-12,5,10
2022-03-12,6,11
2022-03-12,7,26
2022-03-12,8,68
2022-03-12,9,92
2022-03-12,10,155
2022-03-12,11,196
2022-03-12,12,198
2022-03-12,13,204
2022-03-12,14,158
2022-03-12,15,163
2022-03-12,16,167
2022-03-12,17,140
2022-03-12,18,134
2022-03-12,19,80
2022-03-12,20,90
2022-03-12,21,63
2022-03-12,22,42
2022-03-12,23,43
2022-03-13,0,28
2022-03-13,1,27
2022-03-13,2,16
2022-03-13,3,12
2022-03-13,4,14
2022-03-13,5,13
2022-03-13,6,12
2022-03-13,7,18
2022-03-13,8,33
2022-03-13,9,52
2022-03-13,10,115
2022-03-13,11,134
2022-03-13,12,168
2022-03-13,13,166
2022-03-13,14,197
2022-03-13,15,127
2022-03-13,16,125
2022-03-13,17,116
2022-03-13,18,112
2022-03-13,19,78
2022-03-13,20,60
2022-03-13,21,40
2022-03-13,22,39
2022-03-13,23,41
2022-03-14,0,15
2022-03-14,1,6
2022-03-14,2,3
2022-03-14,3,8
2022-03-14,4,6
2022-03-14,5,9
2022-03-14,6,34
2022-03-14,7,72
2022-03-14,8,84
2022-03-14,9,125
2022-03-14,10,147
2022-03-14,11,145
2022-03-14,12,179
2022-03-14,13,167
2022-03-14,14,145
2022-03-14,15,202
2022-03-14,16,168
2022-03-14,17,164
2022-03-14,18,168
2022-03-14,19,93
2022-03-14,20,57
2022-03-14,21,43
2022-03-14,22,31
2022-03-14,23,23
2022-03-15,0,16
2022-03-15,1,4
2022-03-15,2,7
2022-03-15,3,3
2022-03-15,4,6
2022-03-15,5,13
2022-03-15,6,24
2022-03-15,7,70
2022-03-15,8,89
2022-03-15,9,117
2022-03-15,10,122
2022-03-15,11,158
2022-03-15,12,161
2022-03-15,13,128
2022-03-15,14,134
2022-03-15,15,140
2022-03-15,16,186
2022-03-15,17,159
2022-03-15,18,132
2022-03-15,19,106
2022-03-15,20,87
2022-03-15,21,62
2022-03-15,22,48
2022-03-15,23,17
2022-03-16,0,13
2022-03-16,1,4
2022-03-16,2,8
2022-03-16,3,7
2022-03-16,4,5
2022-03-16,5,9
2022-03-16,6,23
2022-03-16,7,56
2022-03-16,8,98
2022-03-16,9,127
2022-03-16,10,126
2022-03-16,11,147
2022-03-16,12,146
2022-03-16,13,165
2022-03-16,14,158
2022-03-16,15,153
2022-03-16,16,151
2022-03-16,17,160
2022-03-16,18,121
2022-03-16,19,113
2022-03-16,20,81
2022-03-16,21,67
2022-03-16,22,41
2022-03-16,23,31
2022-03-17,0,23
2022-03-17,1,4
2022-03-17,2,3
2022-03-17,3,4
2022-03-17,4,7
2022-03-17,5,9
2022-03-17,6,35
2022-03-17,7,55
2022-03-17,8,87
2022-03-17,9,156
2022-03-17,10,159
2022-03-17,11,126
2022-03-17,12,177
2022-03-17,13,185
2022-03-17,14,164
2022-03-17,15,171
2022-03-17,16,187
2022-03-17,17,170
2022-03-17,18,129
2022-03-17,19,101
2022-03-17,20,93
2022-03-17,21,70
2022-03-17,22,52
2022-03-17,23,44
2022-03-18,0,26
2022-03-18,1,9
2022-03-18,2,12
2022-03-18,3,6
2022-03-18,4,9
2022-03-18,5,17
2022-03-18,6,28
2022-03-18,7,61
2022-03-18,8,107
2022-03-18,9,151
2022-03-18,10,160
2022-03-18,11,166
2022-03-18,12,161
2022-03-18,13,186
2022-03-18,14,198
2022-03-18,15,205
2022-03-18,16,207
2022-03-18,17,168
2022-03-18,18,122
2022-03-18,19,124
2022-03-18,20,81
2022-03-18,21,70
2022-03-18,22,55
2022-03-18,23,44
2022-03-19,0,20
2022-03-19,1,14
2022-03-19,2,17
2022-03-19,3,11
2022-03-19,4,11
2022-03-19,5,16
2022-03-19,6,21
2022-03-19,7,31
2022-03-19,8,57
2022-03-19,9,92
2022-03-19,10,145
2022-03-19,11,172
2022-03-19,12,203
2022-03-19,13,207
2022-03-19,14,191
2022-03-19,15,159
2022-03-19,16,154
2022-03-19,17,163
2022-03-19,18,144
2022-03-19,19,110
2022-03-19,20,75
2022-03-19,21,57
2022-03-19,22,47
2022-03-19,23,32
2022-03-20,0,24
2022-03-20,1,31
2022-03-20,2,21
2022-03-20,3,23
2022-03-20,4,9
2022-03-20,5,13
2022-03-20,6,14
2022-03-20,7,21
2022-03-20,8,38
2022-03-20,9,59
2022-03-20,10,95
2022-03-20,11,151
2022-03-20,12,110
2022-03-20,13,144
2022-03-20,14,135
2022-03-20,15,122
2022-03-20,16,127
2022-03-20,17,86
2022-03-20,18,123
2022-03-20,19,156
2022-03-20,20,82
2022-03-20,21,52
2022-03-20,22,32
2022-03-20,23,23
2022-03-21,0,24
2022-03-21,1,8
2022-03-21,2,13
2022-03-21,3,7
2022-03-21,4,4
2022-03-21,5,11
2022-03-21,6,34
2022-03-21,7,72
2022-03-21,8,159
2022-03-21,9,141
2022-03-21,10,134
2022-03-21,11,136
2022-03-21,12,135
2022-03-21,13,150
2022-03-21,14,165
2022-03-21,15,157
2022-03-21,16,155
2022-03-21,17,150
2022-03-21,18,98
2022-03-21,19,73
2022-03-21,20,84
2022-03-21,21,65
2022-03-21,22,36
2022-03-21,23,74
2022-03-22,0,48
2022-03-22,1,12
2022-03-22,2,2
2022-03-22,3,4
2022-03-22,4,7
2022-03-22,5,10
2022-03-22,6,30
2022-03-22,7,53
2022-03-22,8,71
2022-03-22,9,107
2022-03-22,10,99
2022-03-22,11,132
2022-03-22,12,137
2022-03-22,13,142
2022-03-22,14,139
2022-03-22,15,167
2022-03-22,16,153
2022-03-22,17,158
2022-03-22,18,117
2022-03-22,19,83
2022-03-22,20,64
2022-03-22,21,67
2022-03-22,22,50
2022-03-22,23,30
2022-03-23,0,20
2022-03-23,1,24
2022-03-23,2,7
2022-03-23,3,3
2022-03-23,4,8
2022-03-23,5,5
2022-03-23,6,24
2022-03-23,7,45
2022-03-23,8,73
2022-03-23,9,124
2022-03-23,10,137
2022-03-23,11,137
2022-03-23,12,114
2022-03-23,13,157
2022-03-23,14,129
2022-03-23,15,150
2022-03-23,16,149
2022-03-23,17,160
2022-03-23,18,111
2022-03-23,19,89
2022-03-23,20,86
2022-03-23,21,53
2022-03-23,22,38
2022-03-23,23,31
2022-03-24,0,14
2022-03-24,1,10
2022-03-24,2,5
2022-03-24,3,5
2022-03-24,4,8
2022-03-24,5,9
2022-03-24,6,28
2022-03-24,7,58
2022-03-24,8,85
2022-03-24,9,148
2022-03-24,10,180
2022-03-24,11,173
2022-03-24,12,156
2022-03-24,13,175
2022-03-24,14,164
2022-03-24,15,193
2022-03-24,16,147
2022-03-24,17,153
2022-03-24,18,167
2022-03-24,19,87
2022-03-24,20,78
2022-03-24,21,63
2022-03-24,22,120
2022-03-24,23,26
2022-03-25,0,21
2022-03-25,1,4
2022-03-25,2,7
2022-03-25,3,5
2022-03-25,4,11
2022-03-25,5,15
2022-03-25,6,22
2022-03-25,7,54
2022-03-25,8,117
2022-03-25,9,154
2022-03-25,10,192
2022-03-25,11,172
2022-03-25,12,193
2022-03-25,13,193
2022-03-25,14,229
2022-03-25,15,204
2022-03-25,16,205
2022-03-25,17,152
2022-03-25,18,184
2022-03-25,19,120
2022-03-25,20,94
2022-03-25,21,62
2022-03-25,22,52
2022-03-25,23,36
2022-03-26,0,27
2022-03-26,1,21
2022-03-26,2,18
2022-03-26,3,10
2022-03-26,4,17
2022-03-26,5,16
2022-03-26,6,15
2022-03-26,7,24
2022-03-26,8,64
2022-03-26,9,118
2022-03-26,10,159
2022-03-26,11,170
2022-03-26,12,160
2022-03-26,13,205
2022-03-26,14,149
2022-03-26,15,155
2022-03-26,16,125
2022-03-26,17,154
2022-03-26,18,131
2022-03-26,19,100
2022-03-26,20,69
2022-03-26,21,45
2022-03-26,22,52
2022-03-26,23,42
2022-03-27,0,21
2022-03-27,1,31
2022-03-27,2,18
2022-03-27,3,13
2022-03-27,4,15
2022-03-27,5,25
2022-03-27,6,16
2022-03-27,7,22
2022-03-27,8,38
2022-03-27,9,70
2022-03-27,10,141
2022-03-27,11,161
2022-03-27,12,136
2022-03-27,13,123
2022-03-27,14,133
2022-03-27,15,124
2022-03-27,16,97
2022-03-27,17,115
2022-03-27,18,79
2022-03-27,19,55
2022-03-27,20,57
2022-03-27,21,42
2022-03-27,22,21
2022-03-27,23,17
2022-03-28,0,8
2022-03-28,1,5
2022-03-28,2,9
2022-03-28,3,2
2022-03-28,4,12
2022-03-28,5,29
2022-03-28,6,82
2022-03-28,7,89
2022-03-28,8,134
2022-03-28,9,117
2022-03-28,10,131
2022-03-28,11,141
2022-03-28,12,162
2022-03-28,13,160
2022-03-28,14,138
2022-03-28,15,166
2022-03-28,16,162
2022-03-28,17,132
2022-03-28,18,99
2022-03-28,19,76
2022-03-28,20,48
2022-03-28,21,38
2022-03-28,22,27
2022-03-28,23,25
2022-03-29,0,0
2022-03-29,1,3
2022-03-29,2,1
2022-03-29,3,11
2022-03-29,4,13
2022-03-29,5,30
2022-03-29,6,59
2022-03-29,7,142
2022-03-29,8,105
2022-03-29,9,122
2022-03-29,10,131
2022-03-29,11,129
2022-03-29,12,151
2022-03-29,13,128
2022-03-29,14,151
2022-03-29,15,154
2022-03-29,16,171
2022-03-29,17,115
2022-03-29,18,104
2022-03-29,19,76
2022-03-29,20,56
2022-03-29,21,36
2022-03-29,22,20
2022-03-29,23,18
2022-03-30,0,9
2022-03-30,1,6
2022-03-30,2,5
2022-03-30,3,9
2022-03-30,4,16
2022-03-30,5,24
2022-03-30,6,62
2022-03-30,7,85
2022-03-30,8,121
2022-03-30,9,112
2022-03-30,10,96
2022-03-30,11,144
2022-03-30,12,141
2022-03-30,13,180
2022-03-30,14,143
2022-03-30,15,162
2022-03-30,16,159
2022-03-30,17,164
2022-03-30,18,89
2022-03-30,19,75
2022-03-30,20,60
2022-03-30,21,25
2022-03-30,22,33
2022-03-30,23,19
2022-03-31,0,15
2022-03-31,1,0
2022-03-31,2,6
2022-03-31,3,6
2022-03-31,4,16
2022-03-31,5,27
2022-03-31,6,65
2022-03-31,7,89
2022-03-31,8,139
2022-03-31,9,174
2022-03-31,10,131
2022-03-31,11,160
2022-03-31,12,151
2022-03-31,13,191
2022-03-31,14,188
2022-03-31,15,200
2022-03-31,16,165
2022-03-31,17,146
2022-03-31,18,87
2022-03-31,19,108
2022-03-31,20,73
2022-03-31,21,45
2022-03-31,22,28
2022-03-31,23,9
2022-04-01,0,9
2022-04-01,1,6
2022-04-01,2,6
2022-04-01,3,8
2022-04-01,4,11
2022-04-01,5,26
2022-04-01,6,65
2022-04-01,7,90
2022-04-01,8,173
2022-04-01,9,162
2022-04-01,10,165
2022-04-01,11,223
2022-04-01,12,185
2022-04-01,13,219
2022-04-01,14,228
2022-04-01,15,192
2022-04-01,16,155
2022-04-01,17,136
2022-04-01,18,114
2022-04-01,19,86
2022-04-01,20,79
2022-04-01,21,63
2022-04-01,22,45
2022-04-01,23,26
2022-04-02,0,20
2022-04-02,1,9
2022-04-02,2,13
2022-04-02,3,14
2022-04-02,4,10
2022-04-02,5,16
2022-04-02,6,29
2022-04-02,7,47
2022-04-02,8,87
2022-04-02,9,131
2022-04-02,10,190
2022-04-02,11,188
2022-04-02,12,213
2022-04-02,13,178
2022-04-02,14,144
2022-04-02,15,159
2022-04-02,16,135
2022-04-02,17,118
2022-04-02,18,96
2022-04-02,19,87
2022-04-02,20,60
2022-04-02,21,46
2022-04-02,22,47
2022-04-02,23,41
2022-04-03,0,22
2022-04-03,1,10
2022-04-03,2,9
2022-04-03,3,8
2022-04-03,4,10
2022-04-03,5,17
2022-04-03,6,12
2022-04-03,7,31
2022-04-03,8,55
2022-04-03,9,116
2022-04-03,10,133
2022-04-03,11,106
2022-04-03,12,92
2022-04-03,13,104
2022-04-03,14,122
2022-04-03,15,108
2022-04-03,16,98
2022-04-03,17,107
2022-04-03,18,70
2022-04-03,19,66
2022-04-03,20,44
2022-04-03,21,44
2022-04-03,22,18
2022-04-03,23,26
2022-04-04,0,7
2022-04-04,1,6
2022-04-04,2,9
2022-04-04,3,10
2022-04-04,4,11
2022-04-04,5,26
2022-04-04,6,58
2022-04-04,7,87
2022-04-04,8,101
2022-04-04,9,136
2022-04-04,10,163
2022-04-04,11,152
2022-04-04,12,132
2022-04-04,13,147
2022-04-04,14,158
2022-04-04,15,184
2022-04-04,16,142
2022-04-04,17,133
2022-04-04,18,87
2022-04-04,19,76
2022-04-04,20,58
2022-04-04,21,40
2022-04-04,22,21
2022-04-04,23,32
2022-04-05,0,11
2022-04-05,1,4
2022-04-05,2,6
2022-04-05,3,6
2022-04-05,4,10
2022-04-05,5,25
2022-04-05,6,56
2022-04-05,7,80
2022-04-05,8,93
2022-04-05,9,127
2022-04-05,10,123
2022-04-05,11,142
2022-04-05,12,147
2022-04-05,13,154
2022-04-05,14,171
2022-04-05,15,164
2022-04-05,16,163
2022-04-05,17,139
2022-04-05,18,107
2022-04-05,19,72
2022-04-05,20,52
2022-04-05,21,30
2022-04-05,22,24
2022-04-05,23,36
2022-04-06,0,11
2022-04-06,1,7
2022-04-06,2,3
2022-04-06,3,9
2022-04-06,4,14
2022-04-06,5,28
2022-04-06,6,69
2022-04-06,7,98
2022-04-06,8,117
2022-04-06,9,128
2022-04-06,10,156
2022-04-06,11,163
2022-04-06,12,153
2022-04-06,13,178
2022-04-06,14,169
2022-04-06,15,205
2022-04-06,16,160
2022-04-06,17,139
2022-04-06,18,117
2022-04-06,19,75
2022-04-06,20,52
2022-04-06,21,51
2022-04-06,22,33
2022-04-06,23,22
2022-04-07,0,12
2022-04-07,1,6
2022-04-07,2,7
2022-04-07,3,5
2022-04-07,4,12
2022-04-07,5,25
2022-04-07,6,56
2022-04-07,7,104
2022-04-07,8,188
2022-04-07,9,144
2022-04-07,10,180
2022-04-07,11,200
2022-04-07,12,180
2022-04-07,13,187
2022-04-07,14,214
2022-04-07,15,178
2022-04-07,16,176
2022-04-07,17,127
2022-04-07,18,106
2022-04-07,19,79
2022-04-07,20,54
2022-04-07,21,43
2022-04-07,22,29
2022-04-07,23,26
2022-04-08,0,18
2022-04-08,1,6
2022-04-08,2,7
2022-04-08,3,6
2022-04-08,4,16
2022-04-08,5,22
2022-04-08,6,61
2022-04-08,7,89
2022-04-08,8,127
2022-04-08,9,164
2022-04-08,10,178
2022-04-08,11,187
2022-04-08,12,244
2022-04-08,13,171
2022-04-08,14,252
2022-04-11,7,78
2022-04-11,8,109
2022-04-11,9,103
2022-04-11,10,117
2022-04-11,11,179
2022-04-11,12,162
2022-04-11,13,136
2022-04-11,14,174
2022-04-11,15,189
2022-04-11,16,149
2022-04-11,17,139
2022-04-11,18,87
2022-04-11,19,78
2022-04-11,20,52
2022-04-11,21,34
2022-04-11,22,32
2022-04-11,23,14
2022-04-12,0,8
2022-04-12,1,1
2022-04-12,2,5
2022-04-12,3,4
2022-04-12,4,6
2022-04-12,5,26
2022-04-12,6,79
2022-04-12,7,92
2022-04-12,8,93
2022-04-12,9,105
2022-04-12,10,138
2022-04-12,11,165
2022-04-12,12,170
2022-04-12,13,177
2022-04-12,14,173
2022-04-12,15,149
2022-04-12,16,189
2022-04-12,17,180
2022-04-12,18,108
2022-04-12,19,75
2022-04-12,20,68
2022-04-12,21,45
2022-04-12,22,33
2022-04-12,23,15
2022-04-13,0,8
2022-04-13,1,10
2022-04-13,2,5
2022-04-13,3,4
2022-04-13,4,18
2022-04-13,5,27
2022-04-13,6,61
2022-04-13,7,90
2022-04-13,8,120
2022-04-13,9,134
2022-04-13,10,140
2022-04-13,11,153
2022-04-13,12,170
2022-04-13,13,195
2022-04-13,14,183
2022-04-13,15,159
2022-04-13,16,170
2022-04-13,17,174
2022-04-13,18,94
2022-04-13,19,73
2022-04-13,20,70
2022-04-13,21,47
2022-04-13,22,39
2022-04-13,23,17
2022-04-14,0,13
2022-04-14,1,6
2022-04-14,2,6
2022-04-14,3,7
2022-04-14,4,19
2022-04-14,5,29
2022-04-14,6,67
2022-04-14,7,99
2022-04-14,8,115
2022-04-14,9,154
2022-04-14,10,163
2022-04-14,11,217
2022-04-14,12,230
2022-04-14,13,220
2022-04-14,14,213
2022-04-14,15,215
2022-04-14,16,156
2022-04-14,17,128
2022-04-14,18,112
2022-04-14,19,69
2022-04-14,20,51
2022-04-14,21,38
2022-04-14,22,42
2022-04-14,23,14
2022-04-15,0,12
2022-04-15,1,15
2022-04-15,2,7
2022-04-15,3,9
2022-04-15,4,10
2022-04-15,5,20
2022-04-15,6,57
2022-04-15,7,70
2022-04-15,8,142
2022-04-15,9,143
2022-04-15,10,178
2022-04-15,11,157
2022-04-15,12,209
2022-04-15,13,225
2022-04-15,14,182
2022-04-15,15,205
2022-04-15,16,163
2022-04-15,17,144
2022-04-15,18,130
2022-04-15,19,117
2022-04-15,20,64
2022-04-15,21,52
2022-04-15,22,33
2022-04-15,23,23
2022-04-16,0,45
2022-04-16,1,23
2022-04-16,2,10
2022-04-16,3,8
2022-04-16,4,9
2022-04-16,5,21
2022-04-16,6,33
2022-04-16,7,51
2022-04-16,8,90
2022-04-16,9,136
2022-04-16,10,142
2022-04-16,11,210
2022-04-16,12,191
2022-04-16,13,165
2022-04-16,14,168
2022-04-16,15,167
2022-04-16,16,111
2022-04-16,17,142
2022-04-16,18,90
2022-04-16,19,78
2022-04-16,20,68
2022-04-16,21,48
2022-04-16,22,47
2022-04-16,23,17
2022-04-17,0,46
2022-04-17,1,21
2022-04-17,2,7
2022-04-17,3,10
2022-04-17,4,10
2022-04-17,5,9
2022-04-17,6,16
2022-04-17,7,27
2022-04-17,8,56
2022-04-17,9,87
2022-04-17,10,125
2022-04-17,11,106
2022-04-17,12,128
2022-04-17,13,92
2022-04-17,14,82
2022-04-17,15,70
2022-04-17,16,121
2022-04-17,17,126
2022-04-17,18,89
2022-04-17,19,82
2022-04-17,20,57
2022-04-17,21,50
2022-04-17,22,39
2022-04-17,23,22
2022-04-18,0,9
2022-04-18,1,12
2022-04-18,2,12
2022-04-18,3,17
2022-04-18,4,7
2022-04-18,5,19
2022-04-18,6,44
2022-04-18,7,36
2022-04-18,8,59
2022-04-18,9,63
2022-04-18,10,94
2022-04-18,11,117
2022-04-18,12,102
2022-04-18,13,110
2022-04-18,14,191
2022-04-18,15,108
2022-04-18,16,95
2022-04-18,17,109
2022-04-18,18,71
2022-04-18,19,64
2022-04-18,20,43
2022-04-18,21,43
2022-04-18,22,28
2022-04-18,23,16
2022-04-19,0,47
2022-04-19,1,13
2022-04-19,2,3
2022-04-19,3,7
2022-04-19,4,9
2022-04-19,5,28
2022-04-19,6,62
2022-04-19,7,86
2022-04-19,8,128
2022-04-19,9,131
2022-04-19,10,132
2022-04-19,11,152
2022-04-19,12,150
2022-04-19,13,138
2022-04-19,14,149
2022-04-19,15,167
2022-04-19,16,174
2022-04-19,17,142
2022-04-19,18,84
2022-04-19,19,82
2022-04-19,20,45
2022-04-19,21,44
2022-04-19,22,31
2022-04-19,23,13
2022-04-20,0,53
2022-04-20,1,5
2022-04-20,2,2
2022-04-20,3,8
2022-04-20,4,18
2022-04-20,5,31
2022-04-20,6,81
2022-04-20,7,102
2022-04-20,8,121
2022-04-20,9,115
2022-04-20,10,142
2022-04-20,11,141
2022-04-20,12,138
2022-04-20,13,157
2022-04-20,14,177
2022-04-20,15,180
2022-04-20,16,175
2022-04-20,17,128
2022-04-20,18,89
2022-04-20,19,82
2022-04-20,20,52
2022-04-20,21,50
2022-04-20,22,35
2022-04-20,23,40
2022-04-21,0,18
2022-04-21,1,8
2022-04-21,2,4
2022-04-21,3,11
2022-04-21,4,13
2022-04-21,5,37
2022-04-21,6,56
2022-04-21,7,97
2022-04-21,8,148
2022-04-21,9,154
2022-04-21,10,167
2022-04-21,11,201
2022-04-21,12,171
2022-04-21,13,187
2022-04-21,14,168
2022-04-21,15,207
2022-04-21,16,184
2022-04-21,17,122
2022-04-21,18,102
2022-04-21,19,80
2022-04-21,20,59
2022-04-21,21,50
2022-04-21,22,43
2022-04-21,23,15
2022-04-22,0,19
2022-04-22,1,11
2022-04-22,2,7
2022-04-22,3,7
2022-04-22,4,21
2022-04-22,5,35
2022-04-22,6,59
2022-04-22,7,101
2022-04-22,8,178
2022-04-22,9,190
2022-04-22,10,199
2022-04-22,11,181
2022-04-22,12,235
2022-04-22,13,215
2022-04-22,14,210
2022-04-22,15,198
2022-04-22,16,166
2022-04-22,17,144
2022-04-22,18,99
2022-04-22,19,96
2022-04-22,20,64
2022-04-22,21,45
2022-04-22,22,39
2022-04-22,23,19
2022-04-23,0,24
2022-04-23,1,15
2022-04-23,2,9
2022-04-23,3,16
2022-04-23,4,6
2022-04-23,5,19
2022-04-23,6,23
2022-04-23,7,50
2022-04-23,8,90
2022-04-23,9,153
2022-04-23,10,157
2022-04-23,11,175
2022-04-23,12,197
2022-04-23,13,154
2022-04-23,14,163
2022-04-23,15,125
2022-04-23,16,136
2022-04-23,17,128
2022-04-23,18,92
2022-04-23,19,81
2022-04-23,20,68
2022-04-23,21,54
2022-04-23,22,52
2022-04-23,23,34
2022-04-24,0,24
2022-04-24,1,25
2022-04-24,2,13
2022-04-24,3,10
2022-04-24,4,14
2022-04-24,5,9
2022-04-24,6,21
2022-04-24,7,29
2022-04-24,8,32
2022-04-24,9,102
2022-04-24,10,133
2022-04-24,11,172
2022-04-24,12,165
2022-04-24,13,147
2022-04-24,14,134
2022-04-24,15,99
2022-04-24,16,87
2022-04-24,17,113
2022-04-24,18,91
2022-04-24,19,73
2022-04-24,20,49
2022-04-24,21,39
2022-04-24,22,28
2022-04-24,23,38
2022-04-25,0,6
2022-04-25,1,5
2022-04-25,2,9
2022-04-25,3,9
2022-04-25,4,12
2022-04-25,5,29
2022-04-25,6,61
2022-04-25,7,79
2022-04-25,8,97
2022-04-25,9,128
2022-04-25,10,129
2022-04-25,11,146
2022-04-25,12,130
2022-04-25,13,177
2022-04-25,14,150
2022-04-25,15,186
2022-04-25,16,178
2022-04-25,17,120
2022-04-25,18,86
2022-04-25,19,86
2022-04-25,20,60
2022-04-25,21,49
2022-04-25,22,22
2022-04-25,23,21
2022-04-26,0,9
2022-04-26,1,6
2022-04-26,2,6
2022-04-26,3,9
2022-04-26,4,16
2022-04-26,5,31
2022-04-26,6,63
2022-04-26,7,88
2022-04-26,8,127
2022-04-26,9,137
2022-04-26,10,128
2022-04-26,11,179
2022-04-26,12,145
2022-04-26,13,163
2022-04-26,14,141
2022-04-26,15,142
2022-04-26,16,184
2022-04-26,17,154
2022-04-26,18,102
2022-04-26,19,67
2022-04-26,20,60
2022-04-26,21,53
2022-04-26,22,20
2022-04-26,23,10
2022-04-27,0,5
2022-04-27,1,3
2022-04-27,2,9
2022-04-27,3,9
2022-04-27,4,14
2022-04-27,5,38
2022-04-27,6,53
2022-04-27,7,154
2022-04-27,8,179
2022-04-27,9,128
2022-04-27,10,118
2022-04-27,11,167
2022-04-27,12,201
2022-04-27,13,144
2022-04-27,14,167
2022-04-27,15,167
2022-04-27,16,166
2022-04-27,17,146
2022-04-27,18,105
2022-04-27,19,93
2022-04-27,20,59
2022-04-27,21,55
2022-04-27,22,33
2022-04-27,23,21
2022-04-28,0,12
2022-04-28,1,0
2022-04-28,2,9
2022-04-28,3,4
2022-04-28,4,10
2022-04-28,5,26
2022-04-28,6,49
2022-04-28,7,94
2022-04-28,8,159
2022-04-28,9,155
2022-04-28,10,163
2022-04-28,11,193
2022-04-28,12,193
2022-04-28,13,187
2022-04-28,14,160
2022-04-28,15,207
2022-04-28,16,177
2022-04-28,17,132
2022-04-28,18,98
2022-04-28,19,86
2022-04-28,20,57
2022-04-28,21,57
2022-04-28,22,36
2022-04-28,23,21
2022-04-29,0,8
2022-04-29,1,4
2022-04-29,2,4
2022-04-29,3,0
2022-04-29,4,16
2022-04-29,5,21
2022-04-29,6,59
2022-04-29,7,96
2022-04-29,8,161
2022-04-29,9,156
2022-04-29,10,191
2022-04-29,11,207
2022-04-29,12,228
2022-04-29,13,197
2022-04-29,14,178
2022-04-29,15,206
2022-04-29,16,187
2022-04-29,17,174
2022-04-29,18,125
2022-04-29,19,95
2022-04-29,20,64
2022-04-29,21,61
2022-04-29,22,36
2022-04-29,23,28
2022-04-30,0,19
2022-04-30,1,13
2022-04-30,2,13
2022-04-30,3,17
2022-04-30,4,12
2022-04-30,5,11
2022-04-30,6,42
2022-04-30,7,42
2022-04-30,8,108
2022-04-30,9,132
2022-04-30,10,191
2022-04-30,11,227
2022-04-30,12,196
2022-04-30,13,198
2022-04-30,14,194
2022-04-30,15,143
2022-04-30,16,147
2022-04-30,17,123
2022-04-30,18,102
2022-04-30,19,67
2022-04-30,20,76
2022-04-30,21,61
2022-04-30,22,63
2022-04-30,23,35
2022-05-01,0,17
2022-05-01,1,26
2022-05-01,2,21
2022-05-01,3,12
2022-05-01,4,18
2022-05-01,5,8
2022-05-01,6,18
2022-05-01,7,45
2022-05-01,8,75
2022-05-01,9,152
2022-05-01,10,122
2022-05-01,11,94
2022-05-01,12,104
2022-05-01,13,132
2022-05-01,14,148
2022-05-01,15,117
2022-05-01,16,112
2022-05-01,17,104
2022-05-01,18,80
2022-05-01,19,81
2022-05-01,20,60
2022-05-01,21,39
2022-05-01,22,55
2022-05-01,23,22
2022-05-02,0,16
2022-05-02,1,13
2022-05-02,2,5
2022-05-02,3,12
2022-05-02,4,10
2022-05-02,5,15
2022-05-02,6,26
2022-05-02,7,45
2022-05-02,8,65
2022-05-02,9,80
2022-05-02,10,123
2022-05-02,11,131
2022-05-02,12,135
2022-05-02,13,141
2022-05-02,14,145
2022-05-02,15,126
2022-05-02,16,90
2022-05-02,17,96
2022-05-02,18,88
2022-05-02,19,71
2022-05-02,20,61
2022-05-02,21,34
2022-05-02,22,35
2022-05-02,23,13
2022-05-03,0,11
2022-05-03,1,3
2022-05-03,2,6
2022-05-03,3,4
2022-05-03,4,12
2022-05-03,5,30
2022-05-03,6,60
2022-05-03,7,92
2022-05-03,8,146
2022-05-03,9,145
2022-05-03,10,159
2022-05-03,11,130
2022-05-03,12,180
2022-05-03,13,156
2022-05-03,14,162
2022-05-03,15,172
2022-05-03,16,196
2022-05-03,17,152
2022-05-03,18,88
2022-05-03,19,76
2022-05-03,20,69
2022-05-03,21,50
2022-05-03,22,28
2022-05-03,23,19
2022-05-04,0,8
2022-05-04,1,2
2022-05-04,2,13
2022-05-04,3,8
2022-05-04,4,14
2022-05-04,5,28
2022-05-04,6,87
2022-05-04,7,80
2022-05-04,8,124
2022-05-04,9,148
2022-05-04,10,151
2022-05-04,11,157
2022-05-04,12,137
2022-05-04,13,199
2022-05-04,14,159
2022-05-04,15,167
2022-05-04,16,158
2022-05-04,17,115
2022-05-04,18,103
2022-05-04,19,104
2022-05-04,20,68
2022-05-04,21,47
2022-05-04,22,27
2022-05-04,23,16
2022-05-05,0,10
2022-05-05,1,5
2022-05-05,2,11
2022-05-05,3,12
2022-05-05,4,16
2022-05-05,5,28
2022-05-05,6,53
2022-05-05,7,85
2022-05-05,8,143
2022-05-05,9,154
2022-05-05,10,132
2022-05-05,11,147
2022-05-05,12,194
2022-05-05,13,167
2022-05-05,14,209
2022-05-05,15,195
2022-05-05,16,196
2022-05-05,17,117
2022-05-05,18,102
2022-05-05,19,69
2022-05-05,20,47
2022-05-05,21,47
2022-05-05,22,40
2022-05-05,23,19
2022-05-06,0,10
2022-05-06,1,9
2022-05-06,2,8
2022-05-06,3,13
2022-05-06,4,22
2022-05-06,5,17
2022-05-06,6,94
2022-05-06,7,85
2022-05-06,8,128
2022-05-06,9,200
2022-05-06,10,131
2022-05-06,11,171
2022-05-06,12,185
2022-05-06,13,208
2022-05-06,14,183
2022-05-06,15,171
2022-05-06,16,166
2022-05-06,17,159
2022-05-06,18,113
2022-05-06,19,86
2022-05-06,20,70
2022-05-06,21,73
2022-05-06,22,66
2022-05-06,23,34
2022-05-07,0,41
2022-05-07,1,19
2022-05-07,2,13
2022-05-07,3,15
2022-05-07,4,9
2022-05-07,5,18
2022-05-07,6,28
2022-05-07,7,70
2022-05-07,8,115
2022-05-07,9,162
2022-05-07,10,169
2022-05-07,11,203
2022-05-07,12,163
2022-05-07,13,162
2022-05-07,14,175
2022-05-07,15,171
2022-05-07,16,148
2022-05-07,17,128
2022-05-07,18,98
2022-05-07,19,82
2022-05-07,20,72
2022-05-07,21,52
2022-05-07,22,58
2022-05-07,23,24
2022-05-08,0,27
2022-05-08,1,17
2022-05-08,2,16
2022-05-08,3,10
2022-05-08,4,14
2022-05-08,5,12
2022-05-08,6,20
2022-05-08,7,28
2022-05-08,8,54
2022-05-08,9,113
2022-05-08,10,118
2022-05-08,11,211
2022-05-08,12,173
2022-05-08,13,181
2022-05-08,14,133
2022-05-08,15,121
2022-05-08,16,107
2022-05-08,17,134
2022-05-08,18,82
2022-05-08,19,72
2022-05-08,20,68
2022-05-08,21,35
2022-05-08,22,31
2022-05-08,23,16
2022-05-09,0,8
2022-05-09,1,8
2022-05-09,2,6
2022-05-09,3,7
2022-05-09,4,22
2022-05-09,5,19
2022-05-09,6,62
2022-05-09,7,69
2022-05-09,8,129
2022-05-09,9,131
2022-05-09,10,119
2022-05-09,11,159
2022-05-09,12,157
2022-05-09,13,146
2022-05-09,14,195
2022-05-09,15,182
2022-05-09,16,253
2022-05-09,17,140
2022-05-09,18,78
2022-05-09,19,65
2022-05-09,20,55
2022-05-09,21,47
2022-05-09,22,36
2022-05-09,23,18
2022-05-10,0,12
2022-05-10,1,3
2022-05-10,2,8
2022-05-10,3,7
2022-05-10,4,10
2022-05-10,5,28
2022-05-10,6,64
2022-05-10,7,92
2022-05-10,8,135
2022-05-10,9,135
2022-05-10,10,144
2022-05-10,11,163
2022-05-10,12,166
2022-05-10,13,182
2022-05-10,14,184
2022-05-10,15,155
2022-05-10,16,185
2022-05-10,17,163
2022-05-10,18,115
2022-05-10,19,86
2022-05-10,20,86
2022-05-10,21,42
2022-05-10,22,28
2022-05-10,23,36
2022-05-11,0,39
2022-05-11,1,3
2022-05-11,2,7
2022-05-11,3,3
2022-05-11,4,20
2022-05-11,5,38
2022-05-11,6,60
2022-05-11,7,91
2022-05-11,8,142
2022-05-11,9,137
2022-05-11,10,118
2022-05-11,11,178
2022-05-11,12,154
2022-05-11,13,161
2022-05-11,14,179
2022-05-11,15,188
2022-05-11,16,163
2022-05-11,17,134
2022-05-11,18,105
2022-05-11,19,72
2022-05-11,20,60
2022-05-11,21,46
2022-05-11,22,38
2022-05-11,23,28
2022-05-12,0,11
2022-05-12,1,9
2022-05-12,2,7
2022-05-12,3,6
2022-05-12,4,14
2022-05-12,5,36
2022-05-12,6,55
2022-05-12,7,116
2022-05-12,8,166
2022-05-12,9,186
2022-05-12,10,165
2022-05-12,11,168
2022-05-12,12,169
2022-05-12,13,217
2022-05-12,14,179
2022-05-12,15,205
2022-05-12,16,169
2022-05-12,17,132
2022-05-12,18,98
2022-05-12,19,78
2022-05-12,20,71
2022-05-12,21,50
2022-05-12,22,31
2022-05-12,23,21
2022-05-13,0,22
2022-05-13,1,12
2022-05-13,2,8
2022-05-13,3,6
2022-05-13,4,12
2022-05-13,5,32
2022-05-13,6,65
2022-05-13,7,82
2022-05-13,8,172
2022-05-13,9,166
2022-05-13,10,178
2022-05-13,11,195
2022-05-13,12,205
2022-05-13,13,199
2022-05-13,14,217
2022-05-13,15,229
2022-05-13,16,170
2022-05-13,17,144
2022-05-13,18,116
2022-05-13,19,90
2022-05-13,20,62
2022-05-13,21,58
2022-05-13,22,41
2022-05-13,23,63
2022-05-14,0,30
2022-05-14,1,15
2022-05-14,2,10
2022-05-14,3,13
2022-05-14,4,12
2022-05-14,5,16
2022-05-14,6,37
2022-05-14,7,56
2022-05-14,8,107
2022-05-14,9,153
2022-05-14,10,158
2022-05-14,11,171
2022-05-14,12,144
2022-05-14,13,125
2022-05-14,14,122
2022-05-14,15,133
2022-05-14,16,124
2022-05-14,17,135
2022-05-14,18,101
2022-05-14,19,77
2022-05-14,20,64
2022-05-14,21,51
2022-05-14,22,44
2022-05-14,23,43
2022-05-15,0,26
2022-05-15,1,17
2022-05-15,2,19
2022-05-15,3,24
2022-05-15,4,10
2022-05-15,5,11
2022-05-15,6,15
2022-05-15,7,33
2022-05-15,8,59
2022-05-15,9,104
2022-05-15,10,137
2022-05-15,11,171
2022-05-15,12,166
2022-05-15,13,173
2022-05-15,14,134
2022-05-15,15,121
2022-05-15,16,117
2022-05-15,17,120
2022-05-15,18,94
2022-05-15,19,63
2022-05-15,20,70
2022-05-15,21,42
2022-05-15,22,39
2022-05-15,23,27
2022-05-16,0,8
2022-05-16,1,4
2022-05-16,2,8
2022-05-16,3,13
2022-05-16,4,10
2022-05-16,5,23
2022-05-16,6,62
2022-05-16,7,101
2022-05-16,8,116
2022-05-16,9,129
2022-05-16,10,141
2022-05-16,11,141
2022-05-16,12,162
2022-05-16,13,178
2022-05-16,14,195
2022-05-16,15,205
2022-05-16,16,187
2022-05-16,17,106
2022-05-16,18,85
2022-05-16,19,73
2022-05-16,20,65
2022-05-16,21,29
2022-05-16,22,28
2022-05-16,23,21
2022-05-17,0,12
2022-05-17,1,9
2022-05-17,2,5
2022-05-17,3,9
2022-05-17,4,9
2022-05-17,5,31
2022-05-17,6,67
2022-05-17,7,86
2022-05-17,8,124
2022-05-17,9,154
2022-05-17,10,154
2022-05-17,11,146
2022-05-17,12,160
2022-05-17,13,168
2022-05-17,14,161
2022-05-17,15,163
2022-05-17,16,170
2022-05-17,17,141
2022-05-17,18,102
2022-05-17,19,70
2022-05-17,20,65
2022-05-17,21,35
2022-05-17,22,25
2022-05-17,23,22
2022-05-18,0,29
2022-05-18,1,1
2022-05-18,2,7
2022-05-18,3,6
2022-05-18,4,11
2022-05-18,5,37
2022-05-18,6,64
2022-05-18,7,78
2022-05-18,8,128
2022-05-18,9,121
2022-05-18,10,119
2022-05-18,11,181
2022-05-18,12,143
2022-05-18,13,165
2022-05-18,14,179
2022-05-18,15,175
2022-05-18,16,148
2022-05-18,17,124
2022-05-18,18,112
2022-05-18,19,70
2022-05-18,20,36
2022-05-18,21,33
2022-05-18,22,46
2022-05-18,23,16
2022-05-19,0,12
2022-05-19,1,11
2022-05-19,2,7
2022-05-19,3,5
2022-05-19,4,13
2022-05-19,5,27
2022-05-19,6,61
2022-05-19,7,92
2022-05-19,8,134
2022-05-19,9,139
2022-05-19,10,166
2022-05-19,11,168
2022-05-19,12,159
2022-05-19,13,156
2022-05-19,14,217
2022-05-19,15,161
2022-05-19,16,164
2022-05-19,17,136
2022-05-19,18,105
2022-05-19,19,89
2022-05-19,20,59
2022-05-19,21,57
2022-05-19,22,31
2022-05-19,23,19
2022-05-20,0,23
2022-05-20,1,7
2022-05-20,2,7
2022-05-20,3,8
2022-05-20,4,12
2022-05-20,5,30
2022-05-20,6,69
2022-05-20,7,80
2022-05-20,8,146
2022-05-20,9,162
2022-05-20,10,202
2022-05-20,11,176
2022-05-20,12,243
2022-05-20,13,188
2022-05-20,14,213
2022-05-20,15,225
2022-05-20,16,142
2022-05-20,17,165
2022-05-20,18,107
2022-05-20,19,71
2022-05-20,20,63
2022-05-20,21,66
2022-05-20,22,47
2022-05-20,23,30
2022-05-21,0,30
2022-05-21,1,19
2022-05-21,2,13
2022-05-21,3,11
2022-05-21,4,11
2022-05-21,5,21
2022-05-21,6,22
2022-05-21,7,56
2022-05-21,8,104
2022-05-21,9,142
2022-05-21,10,150
2022-05-21,11,195
2022-05-21,12,227
2022-05-21,13,242
2022-05-21,14,136
2022-05-21,15,120
2022-05-21,16,94
2022-05-21,17,122
2022-05-21,18,106
2022-05-21,19,81
2022-05-21,20,55
2022-05-21,21,59
2022-05-21,22,34
2022-05-21,23,39
2022-05-22,0,22
2022-05-22,1,21
2022-05-22,2,10
2022-05-22,3,10
2022-05-22,4,8
2022-05-22,5,11
2022-05-22,6,13
2022-05-22,7,31
2022-05-22,8,44
2022-05-22,9,91
2022-05-22,10,170
2022-05-22,11,179
2022-05-22,12,180
2022-05-22,13,156
2022-05-22,14,150
2022-05-22,15,113
2022-05-22,16,118
2022-05-22,17,115
2022-05-22,18,95
2022-05-22,19,65
2022-05-22,20,60
2022-05-22,21,45
2022-05-22,22,27
2022-05-22,23,12
2022-05-23,0,6
2022-05-23,1,10
2022-05-23,2,13
2022-05-23,3,4
2022-05-23,4,17
2022-05-23,5,30
2022-05-23,6,79
2022-05-23,7,98
2022-05-23,8,113
2022-05-23,9,141
2022-05-23,10,144
2022-05-23,11,130
2022-05-23,12,148
2022-05-23,13,168
2022-05-23,14,158
2022-05-23,15,182
2022-05-23,16,164
2022-05-23,17,164
2022-05-23,18,99
2022-05-23,19,74
2022-05-23,20,63
2022-05-23,21,59
2022-05-23,22,29
2022-05-23,23,22
2022-05-24,0,16
2022-05-24,1,9
2022-05-24,13,164
2022-05-24,14,174
2022-05-24,15,169
2022-05-24,16,151
2022-05-24,17,140
2022-05-24,18,101
2022-05-24,19,57
2022-05-24,20,82
2022-05-24,21,38
2022-05-24,22,22
2022-05-24,23,22
2022-05-25,0,21
2022-05-25,1,3
2022-05-25,2,8
2022-05-25,3,5
2022-05-25,4,10
2022-05-25,5,33
2022-05-25,6,76
2022-05-25,7,74
2022-05-25,8,136
2022-05-25,9,149
2022-05-25,10,124
2022-05-25,11,203
2022-05-25,12,167
2022-05-25,13,158
2022-05-25,14,171
2022-05-25,15,163
2022-05-25,16,167
2022-05-25,17,135
2022-05-25,18,100
2022-05-25,19,77
2022-05-25,20,95
2022-05-25,21,50
2022-05-25,22,28
2022-05-25,23,25
2022-05-26,0,12
2022-05-26,1,7
2022-05-26,2,8
2022-05-26,3,6
2022-05-26,4,14
2022-05-26,5,30
2022-05-26,6,70
2022-05-26,7,99
2022-05-26,8,197
2022-05-26,9,217
2022-05-26,10,191
2022-05-26,11,174
2022-05-26,12,199
2022-05-26,13,160
2022-05-26,14,213
2022-05-26,15,166
2022-05-26,16,198
2022-05-26,17,150
2022-05-26,18,128
2022-05-26,19,96
2022-05-26,20,81
2022-05-26,21,51
2022-05-26,22,35
2022-05-26,23,11
2022-05-27,0,17
2022-05-27,1,5
2022-05-27,2,9
2022-05-27,3,10
2022-05-27,4,15
2022-05-27,5,41
2022-05-27,6,68
2022-05-27,7,70
2022-05-27,8,101
2022-05-27,9,150
2022-05-27,10,187
2022-05-27,11,168
2022-05-27,12,203
2022-05-27,13,212
2022-05-27,14,220
2022-05-27,15,202
2022-05-27,16,186
2022-05-27,17,153
2022-05-27,18,116
2022-05-27,19,80
2022-05-27,20,86
2022-05-27,21,70
2022-05-27,22,51
2022-05-27,23,43
2022-05-28,0,20
2022-05-28,1,14
2022-05-28,2,11
2022-05-28,3,15
2022-05-28,4,13
2022-05-28,5,13
2022-05-28,6,29
2022-05-28,7,52
2022-05-28,8,91
2022-05-28,9,159
2022-05-28,10,164
2022-05-28,11,191
2022-05-28,12,182
2022-05-28,13,191
2022-05-28,14,166
2022-05-28,15,131
2022-05-28,16,128
2022-05-28,17,123
2022-05-28,18,86
2022-05-28,19,81
2022-05-28,20,55
2022-05-28,21,49
2022-05-28,22,52
2022-05-28,23,31
2022-05-29,0,25
2022-05-29,1,19
2022-05-29,2,13
2022-05-29,3,15
2022-05-29,4,11
2022-05-29,5,9
2022-05-29,6,22
2022-05-29,7,33
2022-05-29,8,58
2022-05-29,9,97
2022-05-29,10,112
2022-05-29,11,137
2022-05-29,12,157
2022-05-29,13,150
2022-05-29,14,139
2022-05-29,15,130
2022-05-29,16,105
2022-05-29,17,105
2022-05-29,18,82
2022-05-29,19,60
2022-05-29,20,63
2022-05-29,21,40
2022-05-29,22,31
2022-05-29,23,15
2022-05-30,0,4
2022-05-30,1,8
2022-05-30,2,5
2022-05-30,3,10
2022-05-30,4,14
2022-05-30,5,21
2022-05-30,6,44
2022-05-30,7,87
2022-05-30,8,123
2022-05-30,9,105
2022-05-30,10,163
2022-05-30,11,151
2022-05-30,12,139
2022-05-30,13,179
2022-05-30,14,170
2022-05-30,15,176
2022-05-30,16,160
2022-05-30,17,140
2022-05-30,18,95
2022-05-30,19,89
2022-05-30,20,62
2022-05-30,21,52
2022-05-30,22,30
2022-05-30,23,18
2022-05-31,0,20
2022-05-31,1,4
2022-05-31,2,10
2022-05-31,3,7
2022-05-31,4,13
2022-05-31,5,36
2022-05-31,6,48
2022-05-31,7,75
2022-05-31,8,126
2022-05-31,9,133
2022-05-31,10,153
2022-05-31,11,168
2022-05-31,12,172
2022-05-31,13,148
2022-05-31,14,185
2022-05-31,15,190
2022-05-31,16,196
2022-05-31,17,166
2022-05-31,18,100
2022-05-31,19,72
2022-05-31,20,79
2022-05-31,21,38
2022-05-31,22,32
2022-05-31,23,21
2022-06-01,0,22
2022-06-01,1,6
2022-06-01,2,8
2022-06-01,3,8
2022-06-01,4,10
2022-06-01,5,34
2022-06-01,6,61
2022-06-01,7,108
2022-06-01,8,128
2022-06-01,9,155
2022-06-01,10,174
2022-06-01,11,192
2022-06-01,12,181
2022-06-01,13,184
2022-06-01,14,154
2022-06-01,15,190
2022-06-01,16,183
2022-06-01,17,153
2022-06-01,18,111
2022-06-01,19,66
2022-06-01,20,73
2022-06-01,21,58
2022-06-01,22,41
2022-06-01,23,21
2022-06-02,0,16
2022-06-02,1,13
2022-06-02,2,6
2022-06-02,3,14
2022-06-02,4,14
2022-06-02,5,30
2022-06-02,6,44
2022-06-02,7,60
2022-06-02,8,104
2022-06-02,9,155
2022-06-02,10,186
2022-06-02,11,185
2022-06-02,12,185
2022-06-02,13,197
2022-06-02,14,231
2022-06-02,15,148
2022-06-02,16,137
2022-06-02,17,124
2022-06-02,18,111
2022-06-02,19,96
2022-06-02,20,75
2022-06-02,21,24
2022-06-02,22,35
2022-06-02,23,23
2022-06-03,0,9
2022-06-03,1,8
2022-06-03,2,7
2022-06-03,3,7
2022-06-03,4,11
2022-06-03,5,19
2022-06-03,6,25
2022-06-03,7,41
2022-06-03,8,94
2022-06-03,9,130
2022-06-03,10,125
2022-06-03,11,193
2022-06-03,12,172
2022-06-03,13,194
2022-06-03,14,184
2022-06-03,15,167
2022-06-03,16,131
2022-06-03,17,123
2022-06-03,18,96
2022-06-03,19,92
2022-06-03,20,57
2022-06-03,21,50
2022-06-03,22,44
2022-06-03,23,42
2022-06-04,0,38
2022-06-04,1,12
2022-06-04,2,11
2022-06-04,3,11
2022-06-04,4,7
2022-06-04,5,18
2022-06-04,6,28
2022-06-04,7,59
2022-06-04,8,85
2022-06-04,9,121
2022-06-04,10,136
2022-06-04,11,178
2022-06-04,12,135
2022-06-04,13,148
2022-06-04,14,133
2022-06-04,15,119
2022-06-04,16,103
2022-06-04,17,104
2022-06-04,18,102
2022-06-04,19,63
2022-06-04,20,58
2022-06-04,21,49
2022-06-04,22,37
2022-06-04,23,28
2022-06-05,0,27
2022-06-05,1,10
2022-06-05,2,11
2022-06-05,3,11
2022-06-05,4,9
2022-06-05,5,8
2022-06-05,6,18
2022-06-05,7,24
2022-06-05,8,46
2022-06-05,9,76
2022-06-05,10,104
2022-06-05,11,147
2022-06-05,12,146
2022-06-05,13,157
2022-06-05,14,87
2022-06-05,15,97
2022-06-05,16,97
2022-06-05,17,100
2022-06-05,18,87
2022-06-05,19,73
2022-06-05,20,66
2022-06-05,21,37
2022-06-05,22,28
2022-06-05,23,15
2022-06-06,0,20
2022-06-06,1,10
2022-06-06,2,6
2022-06-06,3,4
2022-06-06,4,15
2022-06-06,5,39
2022-06-06,6,67
2022-06-06,7,105
2022-06-06,8,112
2022-06-06,9,116
2022-06-06,10,145
2022-06-06,11,155
2022-06-06,12,157
2022-06-06,13,181
2022-06-06,14,170
2022-06-06,15,168
2022-06-06,16,166
2022-06-06,17,116
2022-06-06,18,85
2022-06-06,19,101
2022-06-06,20,58
2022-06-06,21,31
2022-06-06,22,29
2022-06-06,23,16
2022-06-07,0,11
2022-06-07,1,2
2022-06-07,2,4
2022-06-07,3,0
2022-06-07,4,8
2022-06-07,5,26
2022-06-07,6,63
2022-06-07,7,93
2022-06-07,8,136
2022-06-07,9,135
2022-06-07,10,131
2022-06-07,11,146
2022-06-07,12,141
2022-06-07,13,144
2022-06-07,14,151
2022-06-07,15,178
2022-06-07,16,153
2022-06-07,17,129
2022-06-07,18,92
2022-06-07,19,60
2022-06-07,20,59
2022-06-07,21,36
2022-06-07,22,31
2022-06-07,23,25
2022-06-08,0,21
2022-06-08,1,8
2022-06-08,2,6
2022-06-08,3,3
2022-06-08,4,3
2022-06-08,5,29
2022-06-08,6,62
2022-06-08,7,88
2022-06-08,8,120
2022-06-08,9,120
2022-06-08,10,170
2022-06-08,11,147
2022-06-08,12,177
2022-06-08,13,139
2022-06-08,14,173
2022-06-08,15,184
2022-06-08,16,170
2022-06-08,17,146
2022-06-08,18,93
2022-06-08,19,67
2022-06-08,20,60
2022-06-08,21,56
2022-06-08,22,36
2022-06-08,23,16
2022-06-09,0,7
2022-06-09,1,6
2022-06-09,2,6
2022-06-09,3,4
2022-06-09,4,14
2022-06-09,5,30
2022-06-09,6,50
2022-06-09,7,82
2022-06-09,8,153
2022-06-09,9,208
2022-06-09,10,162
2022-06-09,11,161
2022-06-09,12,158
2022-06-09,13,175
2022-06-09,14,188
2022-06-09,15,194
2022-06-09,16,175
2022-06-09,17,128
2022-06-09,18,103
2022-06-09,19,97
2022-06-09,20,76
2022-06-09,21,49
2022-06-09,22,32
2022-06-09,23,26
2022-06-10,0,36
2022-06-10,1,7
2022-06-10,2,7
2022-06-10,3,11
2022-06-10,4,15
2022-06-10,5,29
2022-06-10,6,83
2022-06-10,7,93
2022-06-10,8,139
2022-06-10,9,145
2022-06-10,10,155
2022-06-10,11,208
2022-06-10,12,225
2022-06-10,13,201
2022-06-10,14,197
2022-06-10,15,201
2022-06-10,16,174
2022-06-10,17,137
2022-06-10,18,119
2022-06-10,19,78
2022-06-10,20,76
2022-06-10,21,59
2022-06-10,22,53
2022-06-10,23,34
2022-06-11,0,22
2022-06-11,1,14
2022-06-11,2,11
2022-06-11,3,10
2022-06-11,4,9
2022-06-11,5,14
2022-06-11,6,37
2022-06-11,7,55
2022-06-11,8,85
2022-06-11,9,142
2022-06-11,10,143
2022-06-11,11,174
2022-06-11,12,202
2022-06-11,13,152
2022-06-11,14,151
2022-06-11,15,200
2022-06-11,16,108
2022-06-11,17,108
2022-06-11,18,95
2022-06-11,19,80
2022-06-11,20,56
2022-06-11,21,44
2022-06-11,22,38
2022-06-11,23,29
2022-06-12,0,31
2022-06-12,1,17
2022-06-12,2,25
2022-06-12,3,12
2022-06-12,4,9
2022-06-12,5,8
2022-06-12,6,17
2022-06-12,7,27
2022-06-12,8,51
2022-06-12,9,84
2022-06-12,10,128
2022-06-12,11,148
2022-06-12,12,158
2022-06-12,13,181
2022-06-12,14,131
2022-06-12,15,133
2022-06-12,16,110
2022-06-12,17,106
2022-06-12,18,91
2022-06-12,19,69
2022-06-12,20,40
2022-06-12,21,43
2022-06-12,22,27
2022-06-12,23,12
2022-06-13,0,8
2022-06-13,1,10
2022-06-13,2,6
2022-06-13,3,9
2022-06-13,4,11
2022-06-13,5,23
2022-06-13,6,77
2022-06-13,7,81
2022-06-13,8,132
2022-06-13,9,111
2022-06-13,10,128
2022-06-13,11,128
2022-06-13,12,144
2022-06-13,13,139
2022-06-13,14,168
2022-06-13,15,176
2022-06-13,16,163
2022-06-13,17,122
2022-06-13,18,101
2022-06-13,19,77
2022-06-13,20,59
2022-06-13,21,37
2022-06-13,22,23
2022-06-13,23,31
2022-06-14,0,7
2022-06-14,1,11
2022-06-14,2,9
2022-06-14,3,5
2022-06-14,4,13
2022-06-14,5,30
2022-06-14,6,64
2022-06-14,7,105
2022-06-14,8,116
2022-06-14,9,117
2022-06-14,10,121
2022-06-14,11,151
2022-06-14,12,156
2022-06-14,13,148
2022-06-14,14,169
2022-06-14,15,177
2022-06-14,16,146
2022-06-14,17,166
2022-06-14,18,98
2022-06-14,19,72
2022-06-14,20,72
2022-06-14,21,82
2022-06-14,22,24
2022-06-14,23,25
2022-06-15,0,26
2022-06-15,1,7
2022-06-15,2,9
2022-06-15,3,5
2022-06-15,4,10
2022-06-15,5,35
2022-06-15,6,51
2022-06-15,7,75
2022-06-15,8,136
2022-06-15,9,131
2022-06-15,10,148
2022-06-15,11,144
2022-06-15,12,171
2022-06-15,13,163
2022-06-15,14,173
2022-06-15,15,162
2022-06-15,16,160
2022-06-15,17,120
2022-06-15,18,107
2022-06-15,19,79
2022-06-15,20,63
2022-06-15,21,55
2022-06-15,22,36
2022-06-15,23,24
2022-06-16,0,35
2022-06-16,1,7
2022-06-16,2,6
2022-06-16,3,7
2022-06-16,4,13
2022-06-16,5,27
2022-06-16,6,45
2022-06-16,7,111
2022-06-16,8,143
2022-06-16,9,170
2022-06-16,10,163
2022-06-16,11,184
2022-06-16,12,181
2022-06-16,13,174
2022-06-16,14,186
2022-06-16,15,174
2022-06-16,16,167
2022-06-16,17,142
2022-06-16,18,109
2022-06-16,19,93
2022-06-16,20,56
2022-06-16,21,48
2022-06-16,22,36
2022-06-16,23,21
2022-06-17,0,12
2022-06-17,1,6
2022-06-17,2,8
2022-06-17,3,8
2022-06-17,4,7
2022-06-17,5,27
2022-06-17,6,59
2022-06-17,7,90
2022-06-17,8,163
2022-06-17,9,155
2022-06-17,10,216
2022-06-17,11,188
2022-06-17,12,196
2022-06-17,13,201
2022-06-17,14,219
2022-06-17,15,178
2022-06-17,16,163
2022-06-17,17,114
2022-06-17,18,113
2022-06-17,19,69
2022-06-17,20,58
2022-06-17,21,53
2022-06-17,22,45
2022-06-17,23,49
2022-06-18,0,39
2022-06-18,1,22
2022-06-18,2,12
2022-06-18,3,17
2022-06-18,4,12
2022-06-18,5,13
2022-06-18,6,41
2022-06-18,7,69
2022-06-18,8,107
2022-06-18,9,157
2022-06-18,10,190
2022-06-18,11,184
2022-06-18,12,175
2022-06-18,13,191
2022-06-18,14,139
2022-06-18,15,149
2022-06-18,16,122
2022-06-18,17,106
2022-06-18,18,82
2022-06-18,19,93
2022-06-18,20,59
2022-06-18,21,46
2022-06-18,22,39
2022-06-18,23,35
2022-06-19,0,42
2022-06-19,1,22
2022-06-19,2,10
2022-06-19,3,16
2022-06-19,4,8
2022-06-19,5,14
2022-06-19,6,22
2022-06-19,7,27
2022-06-19,8,62
2022-06-19,9,94
2022-06-19,10,148
2022-06-19,11,139
2022-06-19,12,156
2022-06-19,13,176
2022-06-19,14,133
2022-06-19,15,130
2022-06-19,16,83
2022-06-19,17,130
2022-06-19,18,86
2022-06-19,19,67
2022-06-19,20,60
2022-06-19,21,45
2022-06-19,22,28
2022-06-19,23,25
2022-06-20,0,16
2022-06-20,1,4
2022-06-20,2,7
2022-06-20,3,8
2022-06-20,4,15
2022-06-20,5,17
2022-06-20,6,61
2022-06-20,7,90
2022-06-20,8,126
2022-06-20,9,110
2022-06-20,10,145
2022-06-20,11,154
2022-06-20,12,145
2022-06-20,13,165
2022-06-20,14,162
2022-06-20,15,163
2022-06-20,16,150
2022-06-20,17,98
2022-06-20,18,81
2022-06-20,19,72
2022-06-20,20,63
2022-06-20,21,39
2022-06-20,22,26
2022-06-20,23,17
2022-06-21,0,7
2022-06-21,1,7
2022-06-21,2,7
2022-06-21,3,5
2022-06-21,4,10
2022-06-21,5,26
2022-06-21,6,64
2022-06-21,7,74
2022-06-21,8,126
2022-06-21,9,135
2022-06-21,10,116
2022-06-21,11,178
2022-06-21,12,152
2022-06-21,13,164
2022-06-21,14,156
2022-06-21,15,195
2022-06-21,16,162
2022-06-21,17,129
2022-06-21,18,84
2022-06-21,19,64
2022-06-21,20,69
2022-06-21,21,34
2022-06-21,22,23
2022-06-21,23,34
2022-06-22,0,6
2022-06-22,1,7
2022-06-22,2,4
2022-06-22,3,4
2022-06-22,4,11
2022-06-22,5,30
2022-06-22,6,65
2022-06-22,7,94
2022-06-22,8,137
2022-06-22,9,106
2022-06-22,10,158
2022-06-22,11,145
2022-06-22,12,182
2022-06-22,13,167
2022-06-22,14,168
2022-06-22,15,175
2022-06-22,16,132
2022-06-22,17,147
2022-06-22,18,101
2022-06-22,19,82
2022-06-22,20,64
2022-06-22,21,41
2022-06-22,22,33
2022-06-22,23,28
2022-06-23,0,25
2022-06-23,1,12
2022-06-23,2,6
2022-06-23,3,5
2022-06-23,4,12
2022-06-23,5,41
2022-06-23,6,49
2022-06-23,7,81
2022-06-23,8,134
2022-06-23,9,123
2022-06-23,10,168
2022-06-23,11,198
2022-06-23,12,141
2022-06-23,13,173
2022-06-23,14,172
2022-06-23,15,186
2022-06-23,16,167
2022-06-23,17,132
2022-06-23,18,89
2022-06-23,19,79
2022-06-23,20,58
2022-06-23,21,43
2022-06-23,22,72
2022-06-23,23,19
2022-06-24,0,12
2022-06-24,1,9
2022-06-24,2,7
2022-06-24,3,10
2022-06-24,4,14
2022-06-24,5,20
2022-06-24,6,61
2022-06-24,7,99
2022-06-24,8,146
2022-06-24,9,162
2022-06-24,10,141
2022-06-24,11,204
2022-06-24,12,204
2022-06-24,13,201
2022-06-24,14,230
2022-06-24,15,189
2022-06-24,16,128
2022-06-24,17,130
2022-06-24,18,104
2022-06-24,19,102
2022-06-24,20,59
2022-06-24,21,55
2022-06-24,22,49
2022-06-24,23,45
2022-06-25,0,24
2022-06-25,1,17
2022-06-25,2,14
2022-06-25,3,13
2022-06-25,4,12
2022-06-25,5,16
2022-06-25,6,29
2022-06-25,7,47
2022-06-25,8,93
2022-06-25,9,121
2022-06-25,10,145
2022-06-25,11,169
2022-06-25,12,178
2022-06-25,13,298
2022-06-25,14,181
2022-06-25,15,137
2022-06-25,16,133
2022-06-25,17,104
2022-06-25,18,97
2022-06-25,19,73
2022-06-25,20,68
2022-06-25,21,50
2022-06-25,22,38
2022-06-25,23,35
2022-06-26,0,146
2022-06-26,1,17
2022-06-26,2,13
2022-06-26,3,13
2022-06-26,4,11
2022-06-26,5,7
2022-06-26,6,18
2022-06-26,7,24
2022-06-26,8,32
2022-06-26,9,87
2022-06-26,10,105
2022-06-26,11,154
2022-06-26,12,166
2022-06-26,13,159
2022-06-26,14,120
2022-06-26,15,119
2022-06-26,16,106
2022-06-26,17,91
2022-06-26,18,76
2022-06-26,19,64
2022-06-26,20,54
2022-06-26,21,34
2022-06-26,22,27
2022-06-26,23,21
2022-06-27,0,34
2022-06-27,1,9
2022-06-27,2,8
2022-06-27,3,6
2022-06-27,4,12
2022-06-27,5,26
2022-06-27,6,61
2022-06-27,7,76
2022-06-27,8,108
2022-06-27,9,119
2022-06-27,10,147
2022-06-27,11,136
2022-06-27,12,152
2022-06-27,13,144
2022-06-27,14,153
2022-06-27,15,158
2022-06-27,16,169
2022-06-27,17,133
2022-06-27,18,87
2022-06-27,19,84
2022-06-27,20,48
2022-06-27,21,32
2022-06-27,22,24
2022-06-27,23,34
2022-06-28,0,12
2022-06-28,1,4
2022-06-28,2,7
2022-06-28,3,4
2022-06-28,4,10
2022-06-28,5,35
2022-06-28,6,52
2022-06-28,7,81
2022-06-28,8,101
2022-06-28,9,115
2022-06-28,10,151
2022-06-28,11,149
2022-06-28,12,172
2022-06-28,13,174
2022-06-28,14,179
2022-06-28,15,168
2022-06-28,16,173
2022-06-28,17,145
2022-06-28,18,90
2022-06-28,19,78
2022-06-28,20,58
2022-06-28,21,44
2022-06-28,22,40
2022-06-28,23,7
2022-06-29,0,9
2022-06-29,1,6
2022-06-29,2,11
2022-06-29,3,3
2022-06-29,4,16
2022-06-29,5,32
2022-06-29,6,55
2022-06-29,7,76
2022-06-29,8,118
2022-06-29,9,125
2022-06-29,10,131
2022-06-29,11,139
2022-06-29,12,155
2022-06-29,13,160
2022-06-29,14,154
2022-06-29,15,190
2022-06-29,16,143
2022-06-29,17,109
2022-06-29,18,85
2022-06-29,19,80
2022-06-29,20,61
2022-06-29,21,49
2022-06-29,22,30
2022-06-29,23,14
2022-06-30,0,21
2022-06-30,1,10
2022-06-30,2,7
2022-06-30,3,5
2022-06-30,4,21
2022-06-30,5,30
2022-06-30,6,58
2022-06-30,7,87
2022-06-30,8,118
2022-06-30,9,139
2022-06-30,10,194
2022-06-30,11,200
2022-06-30,12,189
2022-06-30,13,166
2022-06-30,14,206
2022-06-30,15,187
2022-06-30,16,157
2022-06-30,17,121
2022-06-30,18,104
2022-06-30,19,109
2022-06-30,20,63
2022-06-30,21,48
2022-06-30,22,36
2022-06-30,23,19
2022-07-01,0,12
2022-07-01,1,9
2022-07-01,2,4
2022-07-01,3,10
2022-07-01,4,7
2022-07-01,5,26
2022-07-01,6,64
2022-07-01,7,96
2022-07-01,8,132
2022-07-01,9,164
2022-07-01,10,170
2022-07-01,11,164
2022-07-01,12,193
2022-07-01,13,201
2022-07-01,14,203
2022-07-01,15,171
2022-07-01,16,151
2022-07-01,17,154
2022-07-01,18,134
2022-07-01,19,99
2022-07-01,20,70
2022-07-01,21,56
2022-07-01,22,40
2022-07-01,23,25
2022-07-02,0,23
2022-07-02,1,16
2022-07-02,2,16
2022-07-02,3,6
2022-07-02,4,8
2022-07-02,5,15
2022-07-02,6,51
2022-07-02,7,65
2022-07-02,8,90
2022-07-02,9,118
2022-07-02,10,132
2022-07-02,11,181
2022-07-02,12,159
2022-07-02,13,150
2022-07-02,14,154
2022-07-02,15,127
2022-07-02,16,138
2022-07-02,17,122
2022-07-02,18,94
2022-07-02,19,58
2022-07-02,20,60
2022-07-02,21,46
2022-07-02,22,38
2022-07-02,23,45
2022-07-03,0,30
2022-07-03,1,14
2022-07-03,2,11
2022-07-03,3,11
2022-07-03,4,18
2022-07-03,5,13
2022-07-03,6,15
2022-07-03,7,24
2022-07-03,8,45
2022-07-03,9,97
2022-07-03,10,136
2022-07-03,11,176
2022-07-03,12,161
2022-07-03,13,141
2022-07-03,14,159
2022-07-03,15,103
2022-07-03,16,152
2022-07-03,17,113
2022-07-03,18,78
2022-07-03,19,72
2022-07-03,20,63
2022-07-03,21,31
2022-07-03,22,29
2022-07-03,23,26
2022-07-04,0,12
2022-07-04,1,3
2022-07-04,2,6
2022-07-04,3,11
2022-07-04,4,9
2022-07-04,5,26
2022-07-04,6,67
2022-07-04,7,92
2022-07-04,8,107
2022-07-04,9,118
2022-07-04,10,135
2022-07-04,11,149
2022-07-04,12,166
2022-07-04,13,141
2022-07-04,14,176
2022-07-04,15,156
2022-07-04,16,146
2022-07-04,17,126
2022-07-04,18,102
2022-07-04,19,76
2022-07-04,20,51
2022-07-04,21,37
2022-07-04,22,36
2022-07-04,23,11
2022-07-05,0,11
2022-07-05,1,8
2022-07-05,2,8
2022-07-05,3,12
2022-07-05,4,8
2022-07-05,5,25
2022-07-05,6,69
2022-07-05,7,84
2022-07-05,8,120
2022-07-05,9,121
2022-07-05,10,116
2022-07-05,11,153
2022-07-05,12,146
2022-07-05,13,169
2022-07-05,14,143
2022-07-05,15,164
2022-07-05,16,168
2022-07-05,17,124
2022-07-05,18,90
2022-07-05,19,69
2022-07-05,20,60
2022-07-05,21,51
2022-07-05,22,29
2022-07-05,23,17
2022-07-06,0,12
2022-07-06,1,4
2022-07-06,2,11
2022-07-06,3,6
2022-07-06,4,6
2022-07-06,5,32
2022-07-06,6,70
2022-07-06,7,88
2022-07-06,8,127
2022-07-06,9,111
2022-07-06,10,131
2022-07-06,11,130
2022-07-06,12,185
2022-07-06,13,175
2022-07-06,14,163
2022-07-06,15,155
2022-07-06,16,161
2022-07-06,17,127
2022-07-06,18,86
2022-07-06,19,89
2022-07-06,20,71
2022-07-06,21,50
2022-07-06,22,24
2022-07-06,23,21
2022-07-07,0,10
2022-07-07,1,10
2022-07-07,2,6
2022-07-07,3,2
2022-07-07,4,11
2022-07-07,5,34
2022-07-07,6,66
2022-07-07,7,87
2022-07-07,8,108
2022-07-07,9,157
2022-07-07,10,148
2022-07-07,11,168
2022-07-07,12,188
2022-07-07,13,158
2022-07-07,14,160
2022-07-07,15,176
2022-07-07,16,149
2022-07-07,17,142
2022-07-07,18,109
2022-07-07,19,78
2022-07-07,20,72
2022-07-07,21,46
2022-07-07,22,32
2022-07-07,23,17
2022-07-08,0,15
2022-07-08,1,9
2022-07-08,2,11
2022-07-08,3,3
2022-07-08,4,16
2022-07-08,5,21
2022-07-08,6,59
2022-07-08,7,95
2022-07-08,8,104
2022-07-08,9,149
2022-07-08,10,159
2022-07-08,11,199
2022-07-08,12,212
2022-07-08,13,196
2022-07-08,14,222
2022-07-08,15,212
2022-07-08,16,154
2022-07-08,17,150
2022-07-08,18,108
2022-07-08,19,75
2022-07-08,20,78
2022-07-08,21,54
2022-07-08,22,60
2022-07-08,23,46
2022-07-09,0,26
2022-07-09,1,13
2022-07-09,2,12
2022-07-09,3,10
2022-07-09,4,11
2022-07-09,5,25
2022-07-09,6,21
2022-07-09,7,53
2022-07-09,8,105
2022-07-09,9,111
2022-07-09,10,148
2022-07-09,11,181
2022-07-09,12,149
2022-07-09,13,136
2022-07-09,14,132
2022-07-09,15,129
2022-07-09,16,104
2022-07-09,17,116
2022-07-09,18,86
2022-07-09,19,78
2022-07-09,20,77
2022-07-09,21,51
2022-07-09,22,66
2022-07-09,23,39
2022-07-10,0,25
2022-07-10,1,20
2022-07-10,2,14
2022-07-10,3,12
2022-07-10,4,6
2022-07-10,5,13
2022-07-10,6,14
2022-07-10,7,25
2022-07-10,8,49
2022-07-10,9,113
2022-07-10,10,119
2022-07-10,11,138
2022-07-10,12,214
2022-07-10,13,123
2022-07-10,14,95
2022-07-10,15,99
2022-07-10,16,79
2022-07-10,17,94
2022-07-10,18,59
2022-07-10,19,65
2022-07-10,20,59
2022-07-10,21,38
2022-07-10,22,53
2022-07-10,23,45
2022-07-11,0,16
2022-07-11,1,10
2022-07-11,2,16
2022-07-11,3,14
2022-07-11,4,10
2022-07-11,5,28
2022-07-11,6,56
2022-07-11,7,84
2022-07-11,8,96
2022-07-11,9,138
2022-07-11,10,125
2022-07-11,11,131
2022-07-11,12,168
2022-07-11,13,135
2022-07-11,14,161
2022-07-11,15,156
2022-07-11,16,143
2022-07-11,17,116
2022-07-11,18,84
2022-07-11,19,71
2022-07-11,20,55
2022-07-11,21,47
2022-07-11,22,32
2022-07-11,23,17
2022-07-12,0,8
2022-07-12,1,7
2022-07-12,2,4
2022-07-12,3,6
2022-07-12,4,7
2022-07-12,5,24
2022-07-12,6,65
2022-07-12,7,87
2022-07-12,8,89
2022-07-12,9,141
2022-07-12,10,128
2022-07-12,11,140
2022-07-12,12,163
2022-07-12,13,163
2022-07-12,14,154
2022-07-12,15,163
2022-07-12,16,183
2022-07-12,17,115
2022-07-12,18,79
2022-07-12,19,81
2022-07-12,20,64
2022-07-12,21,47
2022-07-12,22,29
2022-07-12,23,16
2022-07-13,0,6
2022-07-13,1,8
2022-07-13,2,8
2022-07-13,3,10
2022-07-13,4,8
2022-07-13,5,23
2022-07-13,6,65
2022-07-13,7,92
2022-07-13,8,103
2022-07-13,9,126
2022-07-13,10,161
2022-07-13,11,148
2022-07-13,12,155
2022-07-13,13,167
2022-07-13,14,144
2022-07-13,15,195
2022-07-13,16,155
2022-07-13,17,108
2022-07-13,18,74
2022-07-13,19,82
2022-07-13,20,55
2022-07-13,21,55
2022-07-13,22,37
2022-07-13,23,16
2022-07-14,0,11
2022-07-14,1,6
2022-07-14,2,4
2022-07-14,3,9
2022-07-14,4,9
2022-07-14,5,20
2022-07-14,6,63
2022-07-14,7,101
2022-07-14,8,116
2022-07-14,9,141
2022-07-14,10,159
2022-07-14,11,156
2022-07-14,12,174
2022-07-14,13,198
2022-07-14,14,195
2022-07-14,15,166
2022-07-14,16,176
2022-07-14,17,124
2022-07-14,18,106
2022-07-14,19,67
2022-07-14,20,69
2022-07-14,21,47
2022-07-14,22,29
2022-07-14,23,21
2022-07-15,0,10
2022-07-15,1,6
2022-07-15,2,5
2022-07-15,3,10
2022-07-15,4,8
2022-07-15,5,27
2022-07-15,6,111
2022-07-15,7,88
2022-07-15,8,110
2022-07-15,9,140
2022-07-15,10,151
2022-07-15,11,167
2022-07-15,12,211
2022-07-15,13,205
2022-07-15,14,189
2022-07-15,15,209
2022-07-15,16,184
2022-07-15,17,140
2022-07-15,18,91
2022-07-15,19,77
2022-07-15,20,120
2022-07-15,21,88
2022-07-15,22,37
2022-07-15,23,42
2022-07-16,0,15
2022-07-16,1,11
2022-07-16,2,12
2022-07-16,3,9
2022-07-16,4,12
2022-07-16,5,16
2022-07-16,6,32
2022-07-16,7,52
2022-07-16,8,87
2022-07-16,9,132
2022-07-16,10,140
2022-07-16,11,179
2022-07-16,12,170
2022-07-16,13,136
2022-07-16,14,169
2022-07-16,15,129
2022-07-16,16,128
2022-07-16,17,113
2022-07-16,18,90
2022-07-16,19,75
2022-07-16,20,71
2022-07-16,21,45
2022-07-16,22,78
2022-07-16,23,33
2022-07-17,0,30
2022-07-17,1,12
2022-07-17,2,10
2022-07-17,3,12
2022-07-17,4,15
2022-07-17,5,12
2022-07-17,6,21
2022-07-17,7,23
2022-07-17,8,37
2022-07-17,9,85
2022-07-17,10,145
2022-07-17,11,145
2022-07-17,12,125
2022-07-17,13,146
2022-07-17,14,162
2022-07-17,15,112
2022-07-17,16,99
2022-07-17,17,97
2022-07-17,18,94
2022-07-17,19,47
2022-07-17,20,64
2022-07-17,21,38
2022-07-17,22,36
2022-07-17,23,26
2022-07-18,0,18
2022-07-18,1,8
2022-07-18,2,8
2022-07-18,3,6
2022-07-18,4,10
2022-07-18,5,18
2022-07-18,6,33
2022-07-18,7,75
2022-07-18,8,84
2022-07-18,9,121
2022-07-18,10,172
2022-07-18,11,119
2022-07-18,12,125
2022-07-18,13,132
2022-07-18,14,126
2022-07-18,15,105
2022-07-18,16,120
2022-07-18,17,106
2022-07-18,18,74
2022-07-18,19,83
2022-07-18,20,47
2022-07-18,21,50
2022-07-18,22,42
2022-07-18,23,38
2022-07-19,0,14
2022-07-19,1,11
2022-07-19,2,13
2022-07-19,3,13
2022-07-19,4,12
2022-07-19,5,25
2022-07-19,6,63
2022-07-19,7,88
2022-07-19,8,109
2022-07-19,9,202
2022-07-19,10,127
2022-07-19,11,159
2022-07-19,12,133
2022-07-19,13,170
2022-07-19,14,147
2022-07-19,15,145
2022-07-19,16,125
2022-07-19,17,116
2022-07-19,18,92
2022-07-19,19,70
2022-07-19,20,62
2022-07-19,21,56
2022-07-19,22,52
2022-07-19,23,22
2022-07-20,0,17
2022-07-20,1,8
2022-07-20,2,14
2022-07-20,3,13
2022-07-20,4,22
2022-07-20,5,27
2022-07-20,6,59
2022-07-20,7,75
2022-07-20,8,83
2022-07-20,9,95
2022-07-20,10,152
2022-07-20,11,132
2022-07-20,12,191
2022-07-20,13,191
2022-07-20,14,174
2022-07-20,15,180
2022-07-20,16,139
2022-07-20,17,122
2022-07-20,18,98
2022-07-20,19,77
2022-07-20,20,67
2022-07-20,21,53
2022-07-20,22,35
2022-07-20,23,22
2022-07-21,0,3
2022-07-21,1,11
2022-07-21,2,5
2022-07-21,3,6
2022-07-21,4,13
2022-07-21,5,22
2022-07-21,6,46
2022-07-21,7,74
2022-07-21,8,116
2022-07-21,9,145
2022-07-21,10,150
2022-07-21,11,183
2022-07-21,12,172
2022-07-21,13,143
2022-07-21,14,164
2022-07-21,15,202
2022-07-21,16,159
2022-07-21,17,116
2022-07-21,18,89
2022-07-21,19,89
2022-07-21,20,65
2022-07-21,21,46
2022-07-21,22,36
2022-07-21,23,22
2022-07-22,0,13
2022-07-22,1,8
2022-07-22,2,6
2022-07-22,3,1
2022-07-22,4,8
2022-07-22,5,32
2022-07-22,6,47
2022-07-22,7,103
2022-07-22,8,130
2022-07-22,9,132
2022-07-22,10,141
2022-07-22,11,213
2022-07-22,12,239
2022-07-22,13,204
2022-07-22,14,216
2022-07-22,15,200
2022-07-22,16,159
2022-07-22,17,164
2022-07-22,18,91
2022-07-22,19,86
2022-07-22,20,57
2022-07-22,21,50
2022-07-22,22,42
2022-07-22,23,28
2022-07-23,0,18
2022-07-23,1,15
2022-07-23,2,8
2022-07-23,3,14
2022-07-23,4,8
2022-07-23,5,14
2022-07-23,6,25
2022-07-23,7,60
2022-07-23,8,90
2022-07-23,9,154
2022-07-23,10,155
2022-07-23,11,173
2022-07-23,12,162
2022-07-23,13,153
2022-07-23,14,136
2022-07-23,15,146
2022-07-23,16,162
2022-07-23,17,107
2022-07-23,18,97
2022-07-23,19,84
2022-07-23,20,53
2022-07-23,21,43
2022-07-23,22,36
2022-07-23,23,44
2022-07-24,0,26
2022-07-24,1,24
2022-07-24,2,8
2022-07-24,3,19
2022-07-24,4,6
2022-07-24,5,13
2022-07-24,6,18
2022-07-24,7,23
2022-07-24,8,39
2022-07-24,9,102
2022-07-24,10,144
2022-07-24,11,188
2022-07-24,12,177
2022-07-24,13,141
2022-07-24,14,146
2022-07-24,15,101
2022-07-24,16,95
2022-07-24,17,99
2022-07-24,18,67
2022-07-24,19,54
2022-07-24,20,40
2022-07-24,21,27
2022-07-24,22,25
2022-07-24,23,18
2022-07-25,0,10
2022-07-25,1,13
2022-07-25,2,4
2022-07-25,3,9
2022-07-25,4,13
2022-07-25,5,26
2022-07-25,6,66
2022-07-25,7,87
2022-07-25,8,108
2022-07-25,9,100
2022-07-25,10,139
2022-07-25,11,167
2022-07-25,12,137
2022-07-25,13,116
2022-07-25,14,180
2022-07-25,15,164
2022-07-25,16,182
2022-07-25,17,146
2022-07-25,18,84
2022-07-25,19,66
2022-07-25,20,59
2022-07-25,21,46
2022-07-25,22,71
2022-07-25,23,13
2022-07-26,0,10
2022-07-26,1,8
2022-07-26,2,9
2022-07-26,3,6
2022-07-26,4,13
2022-07-26,5,23
2022-07-26,6,65
2022-07-26,7,87
2022-07-26,8,100
2022-07-26,9,105
2022-07-26,10,114
2022-07-26,11,131
2022-07-26,12,142
2022-07-26,13,147
2022-07-26,14,164
2022-07-26,15,162
2022-07-26,16,138
2022-07-26,17,124
2022-07-26,18,153
2022-07-26,19,76
2022-07-26,20,71
2022-07-26,21,40
2022-07-26,22,36
2022-07-26,23,15
2022-07-27,0,9
2022-07-27,1,4
2022-07-27,2,4
2022-07-27,3,3
2022-07-27,4,8
2022-07-27,5,31
2022-07-27,6,45
2022-07-27,7,95
2022-07-27,8,103
2022-07-27,9,106
2022-07-27,10,130
2022-07-27,11,169
2022-07-27,12,141
2022-07-27,13,165
2022-07-27,14,164
2022-07-27,15,142
2022-07-27,16,157
2022-07-27,17,141
2022-07-27,18,95
2022-07-27,19,81
2022-07-27,20,69
2022-07-27,21,45
2022-07-27,22,49
2022-07-27,23,18
2022-07-28,0,14
2022-07-28,1,7
2022-07-28,2,10
2022-07-28,3,6
2022-07-28,4,5
2022-07-28,5,35
2022-07-28,6,69
2022-07-28,7,80
2022-07-28,8,125
2022-07-28,9,181
2022-07-28,10,155
2022-07-28,11,174
2022-07-28,12,191
2022-07-28,13,186
2022-07-28,14,192
2022-07-28,15,196
2022-07-28,16,173
2022-07-28,17,165
2022-07-28,18,121
2022-07-28,19,83
2022-07-28,20,60
2022-07-28,21,53
2022-07-28,22,39
2022-07-28,23,17
2022-07-29,0,16
2022-07-29,1,11
2022-07-29,2,8
2022-07-29,3,7
2022-07-29,4,14
2022-07-29,5,28
2022-07-29,6,60
2022-07-29,7,95
2022-07-29,8,122
2022-07-29,9,169
2022-07-29,10,189
2022-07-29,11,222
2022-07-29,12,192
2022-07-29,13,258
2022-07-29,14,187
2022-07-29,15,190
2022-07-29,16,149
2022-07-29,17,141
2022-07-29,18,130
2022-07-29,19,88
2022-07-29,20,73
2022-07-29,21,62
2022-07-29,22,39
2022-07-29,23,37
2022-07-30,0,18
2022-07-30,1,7
2022-07-30,2,13
2022-07-30,3,13
2022-07-30,4,18
2022-07-30,5,17
2022-07-30,6,26
2022-07-30,7,64
2022-07-30,8,117
2022-07-30,9,132
2022-07-30,10,165
2022-07-30,11,155
2022-07-30,12,146
2022-07-30,13,187
2022-07-30,14,175
2022-07-30,15,139
2022-07-30,16,131
2022-07-30,17,117
2022-07-30,18,104
2022-07-30,19,110
2022-07-30,20,65
2022-07-30,21,51
2022-07-30,22,55
2022-07-30,23,36
2022-07-31,0,21
2022-07-31,1,17
2022-07-31,2,21
2022-07-31,3,12
2022-07-31,4,8
2022-07-31,5,11
2022-07-31,6,19
2022-07-31,7,19
2022-07-31,8,57
2022-07-31,9,77
2022-07-31,10,144
2022-07-31,11,148
2022-07-31,12,190
2022-07-31,13,151
2022-07-31,14,137
2022-07-31,15,102
2022-07-31,16,83
2022-07-31,17,121
2022-07-31,18,147
2022-07-31,19,118
2022-07-31,20,73
2022-07-31,21,44
2022-07-31,22,34
2022-07-31,23,25
2022-08-01,0,8
2022-08-01,1,5
2022-08-01,2,10
2022-08-01,3,12
2022-08-01,4,8
2022-08-01,5,26
2022-08-01,6,42
2022-08-01,7,102
2022-08-01,8,108
2022-08-01,9,120
2022-08-01,10,133
2022-08-01,11,143
2022-08-01,12,135
2022-08-01,13,165
2022-08-01,14,181
2022-08-01,15,191
2022-08-01,16,149
2022-08-01,17,149
2022-08-01,18,114
2022-08-01,19,85
2022-08-01,20,113
2022-08-01,21,38
2022-08-01,22,23
2022-08-01,23,20
2022-08-02,0,5
2022-08-02,1,9
2022-08-02,2,5
2022-08-02,3,2
2022-08-02,4,11
2022-08-02,5,28
2022-08-02,6,53
2022-08-02,7,95
2022-08-02,8,108
2022-08-02,9,131
2022-08-02,10,130
2022-08-02,11,160
2022-08-02,12,154
2022-08-02,13,162
2022-08-02,14,185
2022-08-02,15,174
2022-08-02,16,153
2022-08-02,17,137
2022-08-02,18,96
2022-08-02,19,93
2022-08-02,20,57
2022-08-02,21,52
2022-08-02,22,29
2022-08-02,23,11
2022-08-03,0,9
2022-08-03,1,9
2022-08-03,2,9
2022-08-03,3,7
2022-08-03,4,9
2022-08-03,5,32
2022-08-03,6,60
2022-08-03,7,86
2022-08-03,8,108
2022-08-03,9,130
2022-08-03,10,155
2022-08-03,11,152
2022-08-03,12,147
2022-08-03,13,168
2022-08-03,14,178
2022-08-03,15,173
2022-08-03,16,222
2022-08-03,17,131
2022-08-03,18,101
2022-08-03,19,108
2022-08-03,20,67
2022-08-03,21,45
2022-08-03,22,30
2022-08-03,23,18
2022-08-04,0,11
2022-08-04,1,9
2022-08-04,2,4
2022-08-04,3,5
2022-08-04,4,19
2022-08-04,5,29
2022-08-04,6,60
2022-08-04,7,103
2022-08-04,8,126
2022-08-04,9,139
2022-08-04,10,167
2022-08-04,11,199
2022-08-04,12,202
2022-08-04,13,174
2022-08-04,14,166
2022-08-04,15,199
2022-08-04,16,143
2022-08-04,17,163
2022-08-04,18,171
2022-08-04,19,77
2022-08-04,20,70
2022-08-04,21,58
2022-08-04,22,33
2022-08-04,23,19
2022-08-05,0,13
2022-08-05,1,13
2022-08-05,2,12
2022-08-05,3,8
2022-08-05,4,13
2022-08-05,5,25
2022-08-05,6,58
2022-08-05,7,101
2022-08-05,8,160
2022-08-05,9,152
2022-08-05,10,157
2022-08-05,11,176
2022-08-05,12,228
2022-08-05,13,210
2022-08-05,14,196
2022-08-05,15,177
2022-08-05,16,161
2022-08-05,17,130
2022-08-05,18,104
2022-08-05,19,98
2022-08-05,20,68
2022-08-05,21,58
2022-08-05,22,51
2022-08-05,23,21
2022-08-06,0,20
2022-08-06,1,23
2022-08-06,2,16
2022-08-06,3,8
2022-08-06,4,16
2022-08-06,5,13
2022-08-06,6,31
2022-08-06,7,61
2022-08-06,8,88
2022-08-06,9,137
2022-08-06,10,149
2022-08-06,11,171
2022-08-06,12,201
2022-08-06,13,157
2022-08-06,14,173
2022-08-06,15,115
2022-08-06,16,125
2022-08-06,17,123
2022-08-06,18,96
2022-08-06,19,93
2022-08-06,20,68
2022-08-06,21,50
2022-08-06,22,40
2022-08-06,23,25
2022-08-07,0,21
2022-08-07,1,15
2022-08-07,2,23
2022-08-07,3,14
2022-08-07,4,9
2022-08-07,5,14
2022-08-07,6,19
2022-08-07,7,20
2022-08-07,8,41
2022-08-07,9,98
2022-08-07,10,138
2022-08-07,11,177
2022-08-07,12,156
2022-08-07,13,176
2022-08-07,14,128
2022-08-07,15,170
2022-08-07,16,112
2022-08-07,17,117
2022-08-07,18,97
2022-08-07,19,71
2022-08-07,20,72
2022-08-07,21,46
2022-08-07,22,24
2022-08-07,23,17
2022-08-08,0,10
2022-08-08,1,5
2022-08-08,2,7
2022-08-08,3,10
2022-08-08,4,9
2022-08-08,5,30
2022-08-08,6,64
2022-08-08,7,86
2022-08-08,8,109
2022-08-08,9,116
2022-08-08,10,154
2022-08-08,11,143
2022-08-08,12,146
2022-08-08,13,159
2022-08-08,14,167
2022-08-08,15,151
2022-08-08,16,139
2022-08-08,17,123
2022-08-08,18,99
2022-08-08,19,98
2022-08-08,20,86
2022-08-08,21,47
2022-08-08,22,29
2022-08-08,23,22
2022-08-09,0,10
2022-08-09,1,8
2022-08-09,2,5
2022-08-09,3,9
2022-08-09,4,11
2022-08-09,5,29
2022-08-09,6,55
2022-08-09,7,146
2022-08-09,8,108
2022-08-09,9,126
2022-08-09,10,142
2022-08-09,11,155
2022-08-09,12,194
2022-08-09,13,198
2022-08-09,14,161
2022-08-09,15,172
2022-08-09,16,160
2022-08-09,17,144
2022-08-09,18,99
2022-08-09,19,77
2022-08-09,20,73
2022-08-09,21,66
2022-08-09,22,31
2022-08-09,23,19
2022-08-10,0,11
2022-08-10,1,6
2022-08-10,2,5
2022-08-10,3,4
2022-08-10,4,9
2022-08-10,5,26
2022-08-10,6,55
2022-08-10,7,87
2022-08-10,8,122
2022-08-10,9,112
2022-08-10,10,151
2022-08-10,11,158
2022-08-10,12,186
2022-08-10,13,149
2022-08-10,14,160
2022-08-10,15,184
2022-08-10,16,189
2022-08-10,17,114
2022-08-10,18,100
2022-08-10,19,86
2022-08-10,20,76
2022-08-10,21,57
2022-08-10,22,35
2022-08-10,23,19
2022-08-11,0,10
2022-08-11,1,3
2022-08-11,2,5
2022-08-11,3,7
2022-08-11,4,10
2022-08-11,5,36
2022-08-11,6,69
2022-08-11,7,88
2022-08-11,8,139
2022-08-11,9,167
2022-08-11,10,144
2022-08-11,11,178
2022-08-11,12,177
2022-08-11,13,166
2022-08-11,14,171
2022-08-11,15,157
2022-08-11,16,152
2022-08-11,17,144
2022-08-11,18,120
2022-08-11,19,114
2022-08-11,20,91
2022-08-11,21,69
2022-08-11,22,57
2022-08-11,23,22
2022-08-12,0,12
2022-08-12,1,6
2022-08-12,2,8
2022-08-12,3,5
2022-08-12,4,14
2022-08-12,5,20
2022-08-12,6,69
2022-08-12,7,103
2022-08-12,8,111
2022-08-12,9,145
2022-08-12,10,169
2022-08-12,11,177
2022-08-12,12,206
2022-08-12,13,197
2022-08-12,14,183
2022-08-12,15,152
2022-08-12,16,167
2022-08-12,17,133
2022-08-12,18,105
2022-08-12,19,74
2022-08-12,20,78
2022-08-12,21,58
2022-08-12,22,47
2022-08-12,23,31
2022-08-13,0,25
2022-08-13,1,21
2022-08-13,2,17
2022-08-13,3,12
2022-08-13,4,10
2022-08-13,5,15
2022-08-13,6,22
2022-08-13,7,56
2022-08-13,8,88
2022-08-13,9,112
2022-08-13,10,145
2022-08-13,11,159
2022-08-13,12,125
2022-08-13,13,110
2022-08-13,14,110
2022-08-13,15,97
2022-08-13,16,94
2022-08-13,17,110
2022-08-13,18,105
2022-08-13,19,83
2022-08-13,20,70
2022-08-13,21,51
2022-08-13,22,38
2022-08-13,23,33
2022-08-14,0,24
2022-08-14,1,18
2022-08-14,2,11
2022-08-14,3,6
2022-08-14,4,9
2022-08-14,5,12
2022-08-14,6,16
2022-08-14,7,19
2022-08-14,8,59
2022-08-14,9,84
2022-08-14,10,113
2022-08-14,11,149
2022-08-14,12,153
2022-08-14,13,119
2022-08-14,14,141
2022-08-14,15,105
2022-08-14,16,124
2022-08-14,17,81
2022-08-14,18,76
2022-08-14,19,71
2022-08-14,20,64
2022-08-14,21,46
2022-08-14,22,23
2022-08-14,23,22
2022-08-15,0,11
2022-08-15,1,2
2022-08-15,2,5
2022-08-15,3,8
2022-08-15,4,13
2022-08-15,5,22
2022-08-15,6,73
2022-08-15,7,103
2022-08-15,8,100
2022-08-15,9,127
2022-08-15,10,156
2022-08-15,11,158
2022-08-15,12,234
2022-08-15,13,168
2022-08-15,14,160
2022-08-15,15,186
2022-08-15,16,195
2022-08-15,17,152
2022-08-15,18,97
2022-08-15,19,92
2022-08-15,20,61
2022-08-15,21,54
2022-08-15,22,39
2022-08-15,23,17
2022-08-16,0,13
2022-08-16,1,3
2022-08-16,2,7
2022-08-16,3,5
2022-08-16,4,12
2022-08-16,5,34
2022-08-16,6,64
2022-08-16,7,92
2022-08-16,8,102
2022-08-16,9,149
2022-08-16,10,149
2022-08-16,11,151
2022-08-16,12,176
2022-08-16,13,190
2022-08-16,14,160
2022-08-16,15,197
2022-08-16,16,197
2022-08-16,17,126
2022-08-16,18,103
2022-08-16,19,71
2022-08-16,20,42
2022-08-16,21,55
2022-08-16,22,40
2022-08-16,23,16
2022-08-17,0,13
2022-08-17,1,7
2022-08-17,2,7
2022-08-17,3,4
2022-08-17,4,8
2022-08-17,5,37
2022-08-17,6,81
2022-08-17,7,93
2022-08-17,8,145
2022-08-17,9,133
2022-08-17,10,158
2022-08-17,11,163
2022-08-17,12,189
2022-08-17,13,163
2022-08-17,14,166
2022-08-17,15,210
2022-08-17,16,203
2022-08-17,17,142
2022-08-17,18,109
2022-08-17,19,90
2022-08-17,20,56
2022-08-17,21,41
2022-08-17,22,38
2022-08-17,23,17
2022-08-18,0,11
2022-08-18,1,2
2022-08-18,2,9
2022-08-18,3,6
2022-08-18,4,12
2022-08-18,5,29
2022-08-18,6,73
2022-08-18,7,94
2022-08-18,8,161
2022-08-18,9,179
2022-08-18,10,159
2022-08-18,11,159
2022-08-18,12,188
2022-08-18,13,154
2022-08-18,14,208
2022-08-18,15,179
2022-08-18,16,176
2022-08-18,17,159
2022-08-18,18,95
2022-08-18,19,96
2022-08-18,20,55
2022-08-18,21,43
2022-08-18,22,23
2022-08-18,23,21
2022-08-19,0,8
2022-08-19,1,7
2022-08-19,2,15
2022-08-19,3,3
2022-08-19,4,15
2022-08-19,5,28
2022-08-19,6,78
2022-08-19,7,82
2022-08-19,8,149
2022-08-19,9,175
2022-08-19,10,178
2022-08-19,11,162
2022-08-19,12,199
2022-08-19,13,202
2022-08-19,14,192
2022-08-19,15,178
2022-08-19,16,175
2022-08-19,17,167
2022-08-19,18,121
2022-08-19,19,87
2022-08-19,20,62
2022-08-19,21,65
2022-08-19,22,42
2022-08-19,23,32
2022-08-20,0,19
2022-08-20,1,17
2022-08-20,2,12
2022-08-20,3,8
2022-08-20,4,12
2022-08-20,5,16
2022-08-20,6,31
2022-08-20,7,49
2022-08-20,8,81
2022-08-20,9,141
2022-08-20,10,170
2022-08-20,11,170
2022-08-20,12,213
2022-08-20,13,187
2022-08-20,14,155
2022-08-20,15,157
2022-08-20,16,139
2022-08-20,17,120
2022-08-20,18,94
2022-08-20,19,78
2022-08-20,20,68
2022-08-20,21,53
2022-08-20,22,45
2022-08-20,23,38
2022-08-21,0,33
2022-08-21,1,22
2022-08-21,2,22
2022-08-21,3,13
2022-08-21,4,6
2022-08-21,5,9
2022-08-21,6,17
2022-08-21,7,22
2022-08-21,8,62
2022-08-21,9,111
2022-08-21,10,129
2022-08-21,11,207
2022-08-21,12,187
2022-08-21,13,119
2022-08-21,14,119
2022-08-21,15,94
2022-08-21,16,160
2022-08-21,17,114
2022-08-21,18,86
2022-08-21,19,70
2022-08-21,20,56
2022-08-21,21,35
2022-08-21,22,29
2022-08-21,23,14
2022-08-22,0,14
2022-08-22,1,6
2022-08-22,2,5
2022-08-22,3,10
2022-08-22,4,10
2022-08-22,5,27
2022-08-22,6,69
2022-08-22,7,83
2022-08-22,8,131
2022-08-22,9,124
2022-08-22,10,151
2022-08-22,11,152
2022-08-22,12,167
2022-08-22,13,142
2022-08-22,14,182
2022-08-22,15,167
2022-08-22,16,168
2022-08-22,17,141
2022-08-22,18,82
2022-08-22,19,68
2022-08-22,20,56
2022-08-22,21,40
2022-08-22,22,21
2022-08-22,23,10
2022-08-23,0,6
2022-08-23,1,2
2022-08-23,2,6
2022-08-23,3,5
2022-08-23,4,13
2022-08-23,5,31
2022-08-23,6,63
2022-08-23,7,75
2022-08-23,8,117
2022-08-23,9,126
2022-08-23,10,146
2022-08-23,11,136
2022-08-23,12,167
2022-08-23,13,178
2022-08-23,14,130
2022-08-23,15,171
2022-08-23,16,168
2022-08-23,17,135
2022-08-23,18,104
2022-08-23,19,91
2022-08-23,20,64
2022-08-23,21,34
2022-08-23,22,27
2022-08-23,23,12
2022-08-24,0,9
2022-08-24,1,5
2022-08-24,2,4
2022-08-24,3,9
2022-08-24,4,8
2022-08-24,5,22
2022-08-24,6,62
2022-08-24,7,80
2022-08-24,8,143
2022-08-24,9,132
2022-08-24,10,144
2022-08-24,11,139
2022-08-24,12,130
2022-08-24,13,174
2022-08-24,14,172
2022-08-24,15,178
2022-08-24,16,159
2022-08-24,17,123
2022-08-24,18,89
2022-08-24,19,74
2022-08-24,20,59
2022-08-24,21,62
2022-08-24,22,26
2022-08-24,23,21
2022-08-25,0,12
2022-08-25,1,9
2022-08-25,2,7
2022-08-25,3,8
2022-08-25,4,18
2022-08-25,5,35
2022-08-25,6,46
2022-08-25,7,129
2022-08-25,8,150
2022-08-25,9,164
2022-08-25,10,177
2022-08-25,11,199
2022-08-25,12,164
2022-08-25,13,165
2022-08-25,14,182
2022-08-25,15,202
2022-08-25,16,190
2022-08-25,17,164
2022-08-25,18,99
2022-08-25,19,93
2022-08-25,20,70
2022-08-25,21,40
2022-08-25,22,34
2022-08-25,23,13
2022-08-26,0,10
2022-08-26,1,9
2022-08-26,2,5
2022-08-26,3,4
2022-08-26,4,14
2022-08-26,5,30
2022-08-26,6,53
2022-08-26,7,76
2022-08-26,8,161
2022-08-26,9,129
2022-08-26,10,189
2022-08-26,11,231
2022-08-26,12,203
2022-08-26,13,210
2022-08-26,14,190
2022-08-26,15,208
2022-08-26,16,174
2022-08-26,17,155
2022-08-26,18,116
2022-08-26,19,79
2022-08-26,20,59
2022-08-26,21,54
2022-08-26,22,51
2022-08-26,23,29
2022-08-27,0,22
2022-08-27,1,15
2022-08-27,2,15
2022-08-27,3,13
2022-08-27,4,3
2022-08-27,5,16
2022-08-27,6,33
2022-08-27,7,70
2022-08-27,8,96
2022-08-27,9,132
2022-08-27,10,163
2022-08-27,11,212
2022-08-27,12,195
2022-08-27,13,147
2022-08-27,14,144
2022-08-27,15,129
2022-08-27,16,123
2022-08-27,17,107
2022-08-27,18,96
2022-08-27,19,82
2022-08-27,20,68
2022-08-27,21,64
2022-08-27,22,45
2022-08-27,23,36
2022-08-28,0,19
2022-08-28,1,16
2022-08-28,2,14
2022-08-28,3,20
2022-08-28,4,12
2022-08-28,5,15
2022-08-28,6,20
2022-08-28,7,24
2022-08-28,8,55
2022-08-28,9,109
2022-08-28,10,155
2022-08-28,11,140
2022-08-28,12,144
2022-08-28,13,140
2022-08-28,14,118
2022-08-28,15,101
2022-08-28,16,114
2022-08-28,17,98
2022-08-28,18,72
2022-08-28,19,73
2022-08-28,20,55
2022-08-28,21,41
2022-08-28,22,19
2022-08-28,23,24
2022-08-29,0,11
2022-08-29,1,9
2022-08-29,2,6
2022-08-29,3,5
2022-08-29,4,14
2022-08-29,5,37
2022-08-29,6,64
2022-08-29,7,64
2022-08-29,8,128
2022-08-29,9,133
2022-08-29,10,133
2022-08-29,11,159
2022-08-29,12,153
2022-08-29,13,142
2022-08-29,14,167
2022-08-29,15,174
2022-08-29,16,171
2022-08-29,17,129
2022-08-29,18,84
2022-08-29,19,91
2022-08-29,20,58
2022-08-29,21,37
2022-08-29,22,24
2022-08-29,23,22
2022-08-30,0,11
2022-08-30,1,5
2022-08-30,2,5
2022-08-30,3,8
2022-08-30,4,10
2022-08-30,5,33
2022-08-30,6,68
2022-08-30,7,106
2022-08-30,8,168
2022-08-30,9,150
2022-08-30,10,154
2022-08-30,11,166
2022-08-30,12,191
2022-08-30,13,185
2022-08-30,14,174
2022-08-30,15,158
2022-08-30,16,143
2022-08-30,17,117
2022-08-30,18,99
2022-08-30,19,67
2022-08-30,20,58
2022-08-30,21,36
2022-08-30,22,28
2022-08-30,23,10
2022-08-31,0,8
2022-08-31,1,5
2022-08-31,2,6
2022-08-31,3,3
2022-08-31,4,18
2022-08-31,5,32
2022-08-31,6,53
2022-08-31,7,101
2022-08-31,8,121
2022-08-31,9,124
2022-08-31,10,141
2022-08-31,11,166
2022-08-31,12,144
2022-08-31,13,159
2022-08-31,14,165
2022-08-31,15,152
2022-08-31,16,155
2022-08-31,17,142
2022-08-31,18,108
2022-08-31,19,83
2022-08-31,20,70
2022-08-31,21,40
2022-08-31,22,28
2022-08-31,23,23
2022-09-01,0,9
2022-09-01,1,14
2022-09-01,2,4
2022-09-01,3,9
2022-09-01,4,18
2022-09-01,5,30
2022-09-01,6,52
2022-09-01,7,92
2022-09-01,8,160
2022-09-01,9,171
2022-09-01,10,179
2022-09-01,11,196
2022-09-01,12,153
2022-09-01,13,169
2022-09-01,14,174
2022-09-01,15,185
2022-09-01,16,177
2022-09-01,17,123
2022-09-01,18,83
2022-09-01,19,103
2022-09-01,20,60
2022-09-01,21,46
2022-09-01,22,41
2022-09-01,23,18
2022-09-02,0,9
2022-09-02,1,11
2022-09-02,2,5
2022-09-02,3,5
2022-09-02,4,12
2022-09-02,5,32
2022-09-02,6,67
2022-09-02,7,102
2022-09-02,8,155
2022-09-02,9,145
2022-09-02,10,169
2022-09-02,11,221
2022-09-02,12,207
2022-09-02,13,187
2022-09-02,14,217
2022-09-02,15,194
2022-09-02,16,157
2022-09-02,17,131
2022-09-02,18,109
2022-09-02,19,80
2022-09-02,20,64
2022-09-02,21,76
2022-09-02,22,41
2022-09-02,23,28
2022-09-03,0,18
2022-09-03,1,20
2022-09-03,2,13
2022-09-03,3,13
2022-09-03,4,11
2022-09-03,5,17
2022-09-03,6,39
2022-09-03,7,55
2022-09-03,8,123
2022-09-03,9,198
2022-09-03,10,158
2022-09-03,11,104
2022-09-03,12,112
2022-09-03,13,86
2022-09-03,14,127
2022-09-03,15,147
2022-09-03,16,126
2022-09-03,17,99
2022-09-03,18,85
2022-09-03,19,68
2022-09-03,20,52
2022-09-03,21,32
2022-09-03,22,49
2022-09-03,23,28
2022-09-04,0,19
2022-09-04,1,16
2022-09-04,2,20
2022-09-04,3,15
2022-09-04,4,13
2022-09-04,5,13
2022-09-04,6,17
2022-09-04,7,30
2022-09-04,8,49
2022-09-04,9,115
2022-09-04,10,171
2022-09-04,11,185
2022-09-04,12,177
2022-09-04,13,184
2022-09-04,14,138
2022-09-04,15,146
2022-09-04,16,88
2022-09-04,17,120
2022-09-04,18,83
2022-09-04,19,72
2022-09-04,20,68
2022-09-04,21,34
2022-09-04,22,12
2022-09-04,23,13
2022-09-05,0,10
2022-09-05,1,10
2022-09-05,2,6
2022-09-05,3,14
2022-09-05,4,10
2022-09-05,5,32
2022-09-05,6,48
2022-09-05,7,84
2022-09-05,8,122
2022-09-05,9,130
2022-09-05,10,135
2022-09-05,11,125
2022-09-05,12,133
2022-09-05,13,161
2022-09-05,14,142
2022-09-05,15,159
2022-09-05,16,144
2022-09-05,17,125
2022-09-05,18,83
2022-09-05,19,82
2022-09-05,20,58
2022-09-05,21,43
2022-09-05,22,22
2022-09-05,23,19
2022-09-06,0,8
2022-09-06,1,8
2022-09-06,2,5
2022-09-06,3,9
2022-09-06,4,11
2022-09-06,5,24
2022-09-06,6,75
2022-09-06,7,87
2022-09-06,8,121
2022-09-06,9,135
2022-09-06,10,146
2022-09-06,11,160
2022-09-06,12,132
2022-09-06,13,147
2022-09-06,14,156
2022-09-06,15,198
2022-09-06,16,183
2022-09-06,17,158
2022-09-06,18,94
2022-09-06,19,57
2022-09-06,20,45
2022-09-06,21,69
2022-09-06,22,54
2022-09-06,23,15
2022-09-07,0,11
2022-09-07,1,5
2022-09-07,2,5
2022-09-07,3,5
2022-09-07,4,11
2022-09-07,5,21
2022-09-07,6,62
2022-09-07,7,91
2022-09-07,8,133
2022-09-07,9,123
2022-09-07,10,145
2022-09-07,11,151
2022-09-07,12,158
2022-09-07,13,174
2022-09-07,14,174
2022-09-07,15,169
2022-09-07,16,154
2022-09-07,17,114
2022-09-07,18,92
2022-09-07,19,79
2022-09-07,20,53
2022-09-07,21,44
2022-09-07,22,24
2022-09-07,23,19
2022-09-08,0,5
2022-09-08,1,10
2022-09-08,2,9
2022-09-08,3,7
2022-09-08,4,20
2022-09-08,5,24
2022-09-08,6,56
2022-09-08,7,94
2022-09-08,8,151
2022-09-08,9,159
2022-09-08,10,143
2022-09-08,11,189
2022-09-08,12,164
2022-09-08,13,185
2022-09-08,14,177
2022-09-08,15,185
2022-09-08,16,192
2022-09-08,17,126
2022-09-08,18,113
2022-09-08,19,80
2022-09-08,20,67
2022-09-08,21,57
2022-09-08,22,32
2022-09-08,23,11
2022-09-09,0,13
2022-09-09,1,6
2022-09-09,2,10
2022-09-09,3,6
2022-09-09,4,10
2022-09-09,5,32
2022-09-09,6,54
2022-09-09,7,98
2022-09-09,8,148
2022-09-09,9,164
2022-09-09,10,210
2022-09-09,11,197
2022-09-09,12,172
2022-09-09,13,184
2022-09-09,14,209
2022-09-09,15,176
2022-09-09,16,178
2022-09-09,17,152
2022-09-09,18,95
2022-09-09,19,83
2022-09-09,20,76
2022-09-09,21,55
2022-09-09,22,41
2022-09-09,23,27
2022-09-10,0,15
2022-09-10,1,14
2022-09-10,2,16
2022-09-10,3,8
2022-09-10,4,14
2022-09-10,5,12
2022-09-10,6,28
2022-09-10,7,51
2022-09-10,8,89
2022-09-10,9,105
2022-09-10,10,153
2022-09-10,11,185
2022-09-10,12,243
2022-09-10,13,191
2022-09-10,14,139
2022-09-10,15,135
2022-09-10,16,128
2022-09-10,17,105
2022-09-10,18,97
2022-09-10,19,80
2022-09-10,20,61
2022-09-10,21,52
2022-09-10,22,38
2022-09-10,23,24
2022-09-11,0,20
2022-09-11,1,15
2022-09-11,2,19
2022-09-11,3,15
2022-09-11,4,4
2022-09-11,5,14
2022-09-11,6,15
2022-09-11,7,47
2022-09-11,8,50
2022-09-11,9,90
2022-09-11,10,111
2022-09-11,11,145
2022-09-11,12,137
2022-09-11,13,138
2022-09-11,14,144
2022-09-11,15,107
2022-09-11,16,98
2022-09-11,17,95
2022-09-11,18,70
2022-09-11,19,76
2022-09-11,20,46
2022-09-11,21,32
2022-09-11,22,24
2022-09-11,23,16
2022-09-12,0,12
2022-09-12,1,10
2022-09-12,2,4
2022-09-12,3,7
2022-09-12,4,14
2022-09-12,5,35
2022-09-12,6,60
2022-09-12,7,100
2022-09-12,8,121
2022-09-12,9,136
2022-09-12,10,155
2022-09-12,11,134
2022-09-12,12,166
2022-09-12,13,173
2022-09-12,14,175
2022-09-12,15,215
2022-09-12,16,121
2022-09-12,17,137
2022-09-12,18,113
2022-09-12,19,59
2022-09-12,20,50
2022-09-12,21,48
2022-09-12,22,29
2022-09-12,23,10
2022-09-13,0,8
2022-09-13,1,5
2022-09-13,2,9
2022-09-13,3,14
2022-09-13,4,14
2022-09-13,5,28
2022-09-13,6,59
2022-09-13,7,87
2022-09-13,8,109
2022-09-13,9,127
2022-09-13,10,154
2022-09-13,11,151
2022-09-13,12,142
2022-09-13,13,150
2022-09-13,14,172
2022-09-13,15,180
2022-09-13,16,161
2022-09-13,17,126
2022-09-13,18,94
2022-09-13,19,89
2022-09-13,20,48
2022-09-13,21,35
2022-09-13,22,25
2022-09-13,23,16
2022-09-14,0,4
2022-09-14,1,4
2022-09-14,2,7
2022-09-14,3,5
2022-09-14,4,10
2022-09-14,5,24
2022-09-14,6,51
2022-09-14,7,87
2022-09-14,8,152
2022-09-14,9,149
2022-09-14,10,151
2022-09-14,11,177
2022-09-14,12,135
2022-09-14,13,152
2022-09-14,14,181
2022-09-14,15,193
2022-09-14,16,159
2022-09-14,17,128
2022-09-14,18,73
2022-09-14,19,67
2022-09-14,20,59
2022-09-14,21,39
2022-09-14,22,45
2022-09-14,23,19
2022-09-15,0,9
2022-09-15,1,5
2022-09-15,2,6
2022-09-15,3,11
2022-09-15,4,12
2022-09-15,5,31
2022-09-15,6,61
2022-09-15,7,81
2022-09-15,8,142
2022-09-15,9,146
2022-09-15,10,135
2022-09-15,11,150
2022-09-15,12,195
2022-09-15,13,191
2022-09-15,14,189
2022-09-15,15,174
2022-09-15,16,172
2022-09-15,17,130
2022-09-15,18,108
2022-09-15,19,85
2022-09-15,20,61
2022-09-15,21,36
2022-09-15,22,29
2022-09-15,23,14
2022-09-16,0,6
2022-09-16,1,8
2022-09-16,2,9
2022-09-16,3,7
2022-09-16,4,13
2022-09-16,5,33
2022-09-16,6,66
2022-09-16,7,105
2022-09-16,8,160
2022-09-16,9,185
2022-09-16,10,186
2022-09-16,11,220
2022-09-16,12,212
2022-09-16,13,200
2022-09-16,14,241
2022-09-16,15,200
2022-09-16,16,167
2022-09-16,17,148
2022-09-16,18,113
2022-09-16,19,83
2022-09-16,20,58
2022-09-16,21,60
2022-09-16,22,41
2022-09-16,23,34
2022-09-17,0,19
2022-09-17,1,8
2022-09-17,2,11
2022-09-17,3,9
2022-09-17,4,9
2022-09-17,5,9
2022-09-17,6,28
2022-09-17,7,51
2022-09-17,8,97
2022-09-17,9,128
2022-09-17,10,178
2022-09-17,11,223
2022-09-17,12,193
2022-09-17,13,177
2022-09-17,14,136
2022-09-17,15,166
2022-09-17,16,116
2022-09-17,17,106
2022-09-17,18,97
2022-09-17,19,70
2022-09-17,20,54
2022-09-17,21,45
2022-09-17,22,42
2022-09-17,23,26
2022-09-18,0,24
2022-09-18,1,23
2022-09-18,2,16
2022-09-18,3,13
2022-09-18,4,12
2022-09-18,5,13
2022-09-18,6,18
2022-09-18,7,35
2022-09-18,8,48
2022-09-18,9,89
2022-09-18,10,124
2022-09-18,11,169
2022-09-18,12,155
2022-09-18,13,162
2022-09-18,14,157
2022-09-18,15,137
2022-09-18,16,112
2022-09-18,17,102
2022-09-18,18,88
2022-09-18,19,65
2022-09-18,20,63
2022-09-18,21,38
2022-09-18,22,32
2022-09-18,23,16
2022-09-19,0,14
2022-09-19,1,4
2022-09-19,2,7
2022-09-19,3,8
2022-09-19,4,11
2022-09-19,5,9
2022-09-19,6,17
2022-09-19,7,28
2022-09-19,8,40
2022-09-19,9,44
2022-09-19,10,55
2022-09-19,11,69
2022-09-19,12,77
2022-09-19,13,62
2022-09-19,14,80
2022-09-19,15,67
2022-09-19,16,108
2022-09-19,17,90
2022-09-19,18,95
2022-09-19,19,73
2022-09-19,20,37
2022-09-19,21,36
2022-09-19,22,19
2022-09-19,23,16
2022-09-20,0,5
2022-09-20,1,6
2022-09-20,2,7
2022-09-20,3,5
2022-09-20,4,13
2022-09-20,5,22
2022-09-20,6,55
2022-09-20,7,103
2022-09-20,8,148
2022-09-20,9,146
2022-09-20,10,145
2022-09-20,11,149
2022-09-20,12,164
2022-09-20,13,145
2022-09-20,14,133
2022-09-20,15,174
2022-09-20,16,157
2022-09-20,17,146
2022-09-20,18,96
2022-09-20,19,67
2022-09-20,20,53
2022-09-20,21,40
2022-09-20,22,24
2022-09-20,23,12
2022-09-21,0,11
2022-09-21,1,7
2022-09-21,2,7
2022-09-21,3,7
2022-09-21,4,10
2022-09-21,5,33
2022-09-21,6,57
2022-09-21,7,95
2022-09-21,8,117
2022-09-21,9,132
2022-09-21,10,155
2022-09-21,11,176
2022-09-21,12,161
2022-09-21,13,174
2022-09-21,14,183
2022-09-21,15,217
2022-09-21,16,192
2022-09-21,17,139
2022-09-21,18,122
2022-09-21,19,76
2022-09-21,20,62
2022-09-21,21,38
2022-09-21,22,31
2022-09-21,23,10
2022-09-22,0,10
2022-09-22,1,5
2022-09-22,2,10
2022-09-22,3,6
2022-09-22,4,11
2022-09-22,5,37
2022-09-22,6,65
2022-09-22,7,102
2022-09-22,8,127
2022-09-22,9,176
2022-09-22,10,165
2022-09-22,11,223
2022-09-22,12,212
2022-09-22,13,215
2022-09-22,14,176
2022-09-22,15,212
2022-09-22,16,174
2022-09-22,17,140
2022-09-22,18,112
2022-09-22,19,87
2022-09-22,20,58
2022-09-22,21,44
2022-09-22,22,29
2022-09-22,23,12
2022-09-23,0,19
2022-09-23,1,5
2022-09-23,2,5
2022-09-23,3,9
2022-09-23,4,11
2022-09-23,5,28
2022-09-23,6,48
2022-09-23,7,79
2022-09-23,8,120
2022-09-23,9,164
2022-09-23,10,199
2022-09-23,11,185
2022-09-23,12,245
2022-09-23,13,210
2022-09-23,14,181
2022-09-23,15,163
2022-09-23,16,184
2022-09-23,17,129
2022-09-23,18,91
2022-09-23,19,79
2022-09-23,20,75
2022-09-23,21,35
2022-09-23,22,34
2022-09-23,23,31
2022-09-24,0,18
2022-09-24,1,17
2022-09-24,2,17
2022-09-24,3,18
2022-09-24,4,11
2022-09-24,5,12
2022-09-24,6,27
2022-09-24,7,49
2022-09-24,8,81
2022-09-24,9,106
2022-09-24,10,163
2022-09-24,11,193
2022-09-24,12,189
2022-09-24,13,137
2022-09-24,14,172
2022-09-24,15,103
2022-09-24,16,98
2022-09-24,17,105
2022-09-24,18,102
2022-09-24,19,79
2022-09-24,20,47
2022-09-24,21,52
2022-09-24,22,40
2022-09-24,23,36
2022-09-25,0,26
2022-09-25,1,17
2022-09-25,2,13
2022-09-25,3,15
2022-09-25,4,11
2022-09-25,5,11
2022-09-25,6,10
2022-09-25,7,38
2022-09-25,8,44
2022-09-25,9,87
2022-09-25,10,111
2022-09-25,11,144
2022-09-25,12,156
2022-09-25,13,134
2022-09-25,14,135
2022-09-25,15,106
2022-09-25,16,87
2022-09-25,17,103
2022-09-25,18,55
2022-09-25,19,56
2022-09-25,20,45
2022-09-25,21,42
2022-09-25,22,21
2022-09-25,23,23
2022-09-26,0,11
2022-09-26,1,7
2022-09-26,2,11
2022-09-26,3,8
2022-09-26,4,10
2022-09-26,5,20
2022-09-26,6,27
2022-09-26,7,43
2022-09-26,8,56
2022-09-26,9,87
2022-09-26,10,113
2022-09-26,11,135
2022-09-26,12,128
2022-09-26,13,152
2022-09-26,14,133
2022-09-26,15,123
2022-09-26,16,127
2022-09-26,17,121
2022-09-26,18,98
2022-09-26,19,75
2022-09-26,20,50
2022-09-26,21,36
2022-09-26,22,23
2022-09-26,23,13
2022-09-27,0,10
2022-09-27,1,1
2022-09-27,2,3
2022-09-27,3,8
2022-09-27,4,16
2022-09-27,5,29
2022-09-27,6,55
2022-09-27,7,91
2022-09-27,8,114
2022-09-27,9,148
2022-09-27,10,153
2022-09-27,11,150
2022-09-27,12,155
2022-09-27,13,166
2022-09-27,14,179
2022-09-27,15,178
2022-09-27,16,166
2022-09-27,17,119
2022-09-27,18,104
2022-09-27,19,74
2022-09-27,20,53
2022-09-27,21,43
2022-09-27,22,31
2022-09-27,23,15
2022-09-28,0,7
2022-09-28,1,7
2022-09-28,2,5
2022-09-28,3,12
2022-09-28,4,14
2022-09-28,5,28
2022-09-28,6,60
2022-09-28,7,76
2022-09-28,8,138
2022-09-28,9,156
2022-09-28,10,153
2022-09-28,11,176
2022-09-28,12,170
2022-09-28,13,203
2022-09-28,14,191
2022-09-28,15,178
2022-09-28,16,185
2022-09-28,17,153
2022-09-28,18,72
2022-09-28,19,67
2022-09-28,20,77
2022-09-28,21,33
2022-09-28,22,22
2022-09-28,23,14
2022-09-29,0,10
2022-09-29,1,8
2022-09-29,2,5
2022-09-29,3,6
2022-09-29,4,8
2022-09-29,5,32
2022-09-29,6,70
2022-09-29,7,99
2022-09-29,8,139
2022-09-29,9,161
2022-09-29,10,174
2022-09-29,11,192
2022-09-29,12,155
2022-09-29,13,159
2022-09-29,14,165
2022-09-29,15,206
2022-09-29,16,151
2022-09-29,17,134
2022-09-29,18,117
2022-09-29,19,86
2022-09-29,20,68
2022-09-29,21,38
2022-09-29,22,23
2022-09-29,23,13
2022-09-30,0,14
2022-09-30,1,3
2022-09-30,2,6
2022-09-30,3,6
2022-09-30,4,11
2022-09-30,5,27
2022-09-30,6,72
2022-09-30,7,76
2022-09-30,8,145
2022-09-30,9,169
2022-09-30,10,187
2022-09-30,11,167
2022-09-30,12,205
2022-09-30,13,226
2022-09-30,14,201
2022-09-30,15,177
2022-09-30,16,160
2022-09-30,17,149
2022-09-30,18,106
2022-09-30,19,113
2022-09-30,20,74
2022-09-30,21,47
2022-09-30,22,41
2022-09-30,23,37
2022-10-01,0,18
2022-10-01,1,18
2022-10-01,2,14
2022-10-01,3,15
2022-10-01,4,12
2022-10-01,5,15
2022-10-01,6,29
2022-10-01,7,61
2022-10-01,8,94
2022-10-01,9,178
2022-10-01,10,161
2022-10-01,11,197
2022-10-01,12,171
2022-10-01,13,149
2022-10-01,14,230
2022-10-01,15,160
2022-10-01,16,166
2022-10-01,17,153
2022-10-01,18,129
2022-10-01,19,86
2022-10-01,20,63
2022-10-01,21,60
2022-10-01,22,34
2022-10-01,23,27
2022-10-02,0,15
2022-10-02,1,19
2022-10-02,2,17
2022-10-02,3,16
2022-10-02,4,10
2022-10-02,5,10
2022-10-02,6,19
2022-10-02,7,22
2022-10-02,8,52
2022-10-02,9,112
2022-10-02,10,169
2022-10-02,11,225
2022-10-02,12,217
2022-10-02,13,203
2022-10-02,14,142
2022-10-02,15,115
2022-10-02,16,123
2022-10-02,17,130
2022-10-02,18,72
2022-10-02,19,63
2022-10-02,20,65
2022-10-02,21,38
2022-10-02,22,25
2022-10-02,23,21
2022-10-03,0,13
2022-10-03,1,7
2022-10-03,2,5
2022-10-03,3,7
2022-10-03,4,13
2022-10-03,5,28
2022-10-03,6,51
2022-10-03,7,79
2022-10-03,8,130
2022-10-03,9,140
2022-10-03,10,145
2022-10-03,11,155
2022-10-03,12,168
2022-10-03,13,170
2022-10-03,14,174
2022-10-03,15,152
2022-10-03,16,174
2022-10-03,17,120
2022-10-03,18,98
2022-10-03,19,66
2022-10-03,20,52
2022-10-03,21,40
2022-10-03,22,16
2022-10-03,23,11
2022-10-04,0,7
2022-10-04,1,4
2022-10-04,2,5
2022-10-04,3,10
2022-10-04,4,9
2022-10-04,5,38
2022-10-04,6,63
2022-10-04,7,67
2022-10-04,8,110
2022-10-04,9,134
2022-10-04,10,136
2022-10-04,11,145
2022-10-04,12,143
2022-10-04,13,181
2022-10-04,14,165
2022-10-04,15,161
2022-10-04,16,200
2022-10-04,17,140
2022-10-04,18,108
2022-10-04,19,68
2022-10-04,20,55
2022-10-04,21,48
2022-10-04,22,33
2022-10-04,23,17
2022-10-05,0,11
2022-10-05,1,7
2022-10-05,2,8
2022-10-05,3,7
2022-10-05,4,10
2022-10-05,5,32
2022-10-05,6,58
2022-10-05,7,96
2022-10-05,8,150
2022-10-05,9,126
2022-10-05,10,142
2022-10-05,11,153
2022-10-05,12,178
2022-10-05,13,153
2022-10-05,14,161
2022-10-05,15,182
2022-10-05,16,169
2022-10-05,17,136
2022-10-05,18,98
2022-10-05,19,91
2022-10-05,20,57
2022-10-05,21,41
2022-10-05,22,32
2022-10-05,23,21
2022-10-06,0,9
2022-10-06,1,5
2022-10-06,2,4
2022-10-06,3,5
2022-10-06,4,12
2022-10-06,5,29
2022-10-06,6,69
2022-10-06,7,96
2022-10-06,8,135
2022-10-06,9,137
2022-10-06,10,184
2022-10-06,11,188
2022-10-06,12,160
2022-10-06,13,207
2022-10-06,14,182
2022-10-06,15,198
2022-10-06,16,158
2022-10-06,17,146
2022-10-06,18,125
2022-10-06,19,97
2022-10-06,20,56
2022-10-06,21,50
2022-10-06,22,42
2022-10-06,23,12
2022-10-07,0,7
2022-10-07,1,4
2022-10-07,2,1
2022-10-07,3,7
2022-10-07,4,17
2022-10-07,5,42
2022-10-07,6,51
2022-10-07,7,93
2022-10-07,8,188
2022-10-07,9,169
2022-10-07,10,189
2022-10-07,11,214
2022-10-07,12,204
2022-10-07,13,202
2022-10-07,14,219
2022-10-07,15,211
2022-10-07,16,150
2022-10-07,17,158
2022-10-07,18,109
2022-10-07,19,87
2022-10-07,20,70
2022-10-07,21,59
2022-10-07,22,42
2022-10-07,23,29
2022-10-08,0,15
2022-10-08,1,26
2022-10-08,2,16
2022-10-08,3,11
2022-10-08,4,17
2022-10-08,5,14
2022-10-08,6,33
2022-10-08,7,70
2022-10-08,8,103
2022-10-08,9,168
2022-10-08,10,159
2022-10-08,11,158
2022-10-08,12,174
2022-10-08,13,152
2022-10-08,14,165
2022-10-08,15,149
2022-10-08,16,149
2022-10-08,17,132
2022-10-08,18,110
2022-10-08,19,74
2022-10-08,20,76
2022-10-08,21,54
2022-10-08,22,42
2022-10-08,23,34
2022-10-09,0,18
2022-10-09,1,15
2022-10-09,2,14
2022-10-09,3,17
2022-10-09,4,9
2022-10-09,5,9
2022-10-09,6,16
2022-10-09,7,31
2022-10-09,8,58
2022-10-09,9,94
2022-10-09,10,133
2022-10-09,11,164
2022-10-09,12,185
2022-10-09,13,173
2022-10-09,14,130
2022-10-09,15,137
2022-10-09,16,142
2022-10-09,17,115
2022-10-09,18,86
2022-10-09,19,69
2022-10-09,20,53
2022-10-09,21,39
2022-10-09,22,18
2022-10-09,23,16
2022-10-10,0,12
2022-10-10,1,7
2022-10-10,2,4
2022-10-10,3,8
2022-10-10,4,14
2022-10-10,5,28
2022-10-10,6,55
2022-10-10,7,84
2022-10-10,8,128
2022-10-10,9,108
2022-10-10,10,157
2022-10-10,11,160
2022-10-10,12,176
2022-10-10,13,151
2022-10-10,14,178
2022-10-10,15,181
2022-10-10,16,172
2022-10-10,17,121
2022-10-10,18,95
2022-10-10,19,86
2022-10-10,20,59
2022-10-10,21,51
2022-10-10,22,24
2022-10-10,23,10
2022-10-11,0,8
2022-10-11,1,7
2022-10-11,2,4
2022-10-11,3,10
2022-10-11,4,13
2022-10-11,5,34
2022-10-11,6,70
2022-10-11,7,103
2022-10-11,8,103
2022-10-11,9,117
2022-10-11,10,136
2022-10-11,11,150
2022-10-11,12,163
2022-10-11,13,158
2022-10-11,14,182
2022-10-11,15,183
2022-10-11,16,208
2022-10-11,17,181
2022-10-11,18,91
2022-10-11,19,60
2022-10-11,20,68
2022-10-11,21,181
2022-10-11,22,69
2022-10-11,23,18
2022-10-12,0,17
2022-10-12,1,11
2022-10-12,2,6
2022-10-12,3,8
2022-10-12,4,8
2022-10-12,5,21
2022-10-12,6,71
2022-10-12,7,94
2022-10-12,8,106
2022-10-12,9,121
2022-10-12,10,149
2022-10-12,11,144
2022-10-12,12,204
2022-10-12,13,147
2022-10-12,14,169
2022-10-12,15,179
2022-10-12,16,148
2022-10-12,17,149
2022-10-12,18,85
2022-10-12,19,66
2022-10-12,20,53
2022-10-12,21,58
2022-10-12,22,33
2022-10-12,23,15
2022-10-13,0,14
2022-10-13,1,8
2022-10-13,2,11
2022-10-13,3,8
2022-10-13,4,11
2022-10-13,5,36
2022-10-13,6,71
2022-10-13,7,80
2022-10-13,8,137
2022-10-13,9,159
2022-10-13,10,173
2022-10-13,11,188
2022-10-13,12,180
2022-10-13,13,214
2022-10-13,14,168
2022-10-13,15,190
2022-10-13,16,141
2022-10-13,17,125
2022-10-13,18,103
2022-10-13,19,80
2022-10-13,20,67
2022-10-13,21,43
2022-10-13,22,35
2022-10-13,23,22
2022-10-14,0,11
2022-10-14,1,11
2022-10-14,2,8
2022-10-14,3,9
2022-10-14,4,16
2022-10-14,5,31
2022-10-14,6,59
2022-10-14,7,99
2022-10-14,8,122
2022-10-14,9,144
2022-10-14,10,171
2022-10-14,11,193
2022-10-14,12,197
2022-10-14,13,194
2022-10-14,14,220
2022-10-14,15,210
2022-10-14,16,180
2022-10-14,17,148
2022-10-14,18,130
2022-10-14,19,86
2022-10-14,20,67
2022-10-14,21,69
2022-10-14,22,44
2022-10-14,23,28
2022-10-15,0,17
2022-10-15,1,27
2022-10-15,2,16
2022-10-15,3,11
2022-10-15,4,9
2022-10-15,5,16
2022-10-15,6,31
2022-10-15,7,41
2022-10-15,8,116
2022-10-15,9,146
2022-10-15,10,177
2022-10-15,11,165
2022-10-15,12,196
2022-10-15,13,162
2022-10-15,14,167
2022-10-15,15,137
2022-10-15,16,208
2022-10-15,17,161
2022-10-15,18,103
2022-10-15,19,95
2022-10-15,20,53
2022-10-15,21,57
2022-10-15,22,38
2022-10-15,23,34
2022-10-16,0,21
2022-10-16,1,18
2022-10-16,2,10
2022-10-16,3,20
2022-10-16,4,10
2022-10-16,5,13
2022-10-16,6,19
2022-10-16,7,30
2022-10-16,8,40
2022-10-16,9,93
2022-10-16,10,138
2022-10-16,11,119
2022-10-16,12,168
2022-10-16,13,158
2022-10-16,14,173
2022-10-16,15,133
2022-10-16,16,117
2022-10-16,17,116
2022-10-16,18,71
2022-10-16,19,65
2022-10-16,20,66
2022-10-16,21,38
2022-10-16,22,26
2022-10-16,23,18
2022-10-17,0,14
2022-10-17,1,7
2022-10-17,2,4
2022-10-17,3,4
2022-10-17,4,17
2022-10-17,5,36
2022-10-17,6,56
2022-10-17,7,109
2022-10-17,8,101
2022-10-17,9,116
2022-10-17,10,144
2022-10-17,11,151
2022-10-17,12,157
2022-10-17,13,179
2022-10-17,14,165
2022-10-17,15,168
2022-10-17,16,136
2022-10-17,17,111
2022-10-17,18,66
2022-10-17,19,72
2022-10-17,20,52
2022-10-17,21,40
2022-10-17,22,20
2022-10-17,23,16
2022-10-18,0,9
2022-10-18,1,10
2022-10-18,2,9
2022-10-18,3,5
2022-10-18,4,19
2022-10-18,5,34
2022-10-18,6,56
2022-10-18,7,76
2022-10-18,8,96
2022-10-18,9,123
2022-10-18,10,123
2022-10-18,11,141
2022-10-18,12,143
2022-10-18,13,140
2022-10-18,14,157
2022-10-18,15,159
2022-10-18,16,166
2022-10-18,17,127
2022-10-18,18,123
2022-10-18,19,90
2022-10-18,20,52
2022-10-18,21,41
2022-10-18,22,30
2022-10-18,23,19
2022-10-19,0,14
2022-10-19,1,6
2022-10-19,2,2
2022-10-19,3,5
2022-10-19,4,18
2022-10-19,5,28
2022-10-19,6,61
2022-10-19,7,106
2022-10-19,8,94
2022-10-19,9,135
2022-10-19,10,129
2022-10-19,11,150
2022-10-19,12,133
2022-10-19,13,187
2022-10-19,14,184
2022-10-19,15,177
2022-10-19,16,154
2022-10-19,17,161
2022-10-19,18,71
2022-10-19,19,80
2022-10-19,20,55
2022-10-19,21,40
2022-10-19,22,45
2022-10-19,23,14
2022-10-20,0,14
2022-10-20,1,6
2022-10-20,2,3
2022-10-20,3,7
2022-10-20,4,8
2022-10-20,5,26
2022-10-20,6,71
2022-10-20,7,74
2022-10-20,8,131
2022-10-20,9,156
2022-10-20,10,158
2022-10-20,11,189
2022-10-20,12,165
2022-10-20,13,170
2022-10-20,14,194
2022-10-20,15,159
2022-10-20,16,170
2022-10-20,17,142
2022-10-20,18,110
2022-10-20,19,56
2022-10-20,20,52
2022-10-20,21,36
2022-10-20,22,30
2022-10-20,23,14
2022-10-21,0,13
2022-10-21,1,8
2022-10-21,2,5
2022-10-21,3,10
2022-10-21,4,12
2022-10-21,5,30
2022-10-21,6,69
2022-10-21,7,98
2022-10-21,8,107
2022-10-21,9,147
2022-10-21,10,164
2022-10-21,11,206
2022-10-21,12,213
2022-10-21,13,172
2022-10-21,14,213
2022-10-21,15,173
2022-10-21,16,140
2022-10-21,17,155
2022-10-21,18,122
2022-10-21,19,87
2022-10-21,20,79
2022-10-21,21,45
2022-10-21,22,33
2022-10-21,23,17
2022-10-22,0,8
2022-10-22,1,19
2022-10-22,2,10
2022-10-22,3,22
2022-10-22,4,16
2022-10-22,5,17
2022-10-22,6,41
2022-10-22,7,61
2022-10-22,8,96
2022-10-22,9,110
2022-10-22,10,151
2022-10-22,11,179
2022-10-22,12,174
2022-10-22,13,180
2022-10-22,14,153
2022-10-22,15,176
2022-10-22,16,139
2022-10-22,17,128
2022-10-22,18,103
2022-10-22,19,74
2022-10-22,20,63
2022-10-22,21,48
2022-10-22,22,45
2022-10-22,23,33
2022-10-23,0,28
2022-10-23,1,24
2022-10-23,2,12
2022-10-23,3,12
2022-10-23,4,12
2022-10-23,5,12
2022-10-23,6,17
2022-10-23,7,33
2022-10-23,8,42
2022-10-23,9,91
2022-10-23,10,142
2022-10-23,11,187
2022-10-23,12,168
2022-10-23,13,155
2022-10-23,14,177
2022-10-23,15,147
2022-10-23,16,128
2022-10-23,17,118
2022-10-23,18,78
2022-10-23,19,57
2022-10-23,20,57
2022-10-23,21,30
2022-10-23,22,26
2022-10-23,23,17
2022-10-24,0,11
2022-10-24,1,7
2022-10-24,2,6
2022-10-24,3,12
2022-10-24,4,13
2022-10-24,5,27
2022-10-24,6,52
2022-10-24,7,114
2022-10-24,8,108
2022-10-24,9,121
2022-10-24,10,179
2022-10-24,11,187
2022-10-24,12,171
2022-10-24,13,145
2022-10-24,14,183
2022-10-24,15,181
2022-10-24,16,160
2022-10-24,17,141
2022-10-24,18,86
2022-10-24,19,94
2022-10-24,20,59
2022-10-24,21,37
2022-10-24,22,22
2022-10-24,23,12
2022-10-25,0,12
2022-10-25,1,1
2022-10-25,2,7
2022-10-25,3,8
2022-10-25,4,8
2022-10-25,5,35
2022-10-25,6,62
2022-10-25,7,104
2022-10-25,8,116
2022-10-25,9,141
2022-10-25,10,164
2022-10-25,11,147
2022-10-25,12,140
2022-10-25,13,161
2022-10-25,14,247
2022-10-25,15,210
2022-10-25,16,219
2022-10-25,17,174
2022-10-25,18,135
2022-10-25,19,71
2022-10-25,20,55
2022-10-25,21,126
2022-10-25,22,50
2022-10-25,23,20
2022-10-26,0,19
2022-10-26,1,8
2022-10-26,2,3
2022-10-26,3,6
2022-10-26,4,13
2022-10-26,5,31
2022-10-26,6,61
2022-10-26,7,69
2022-10-26,8,80
2022-10-26,9,141
2022-10-26,10,158
2022-10-26,11,129
2022-10-26,12,174
2022-10-26,13,184
2022-10-26,14,167
2022-10-26,15,207
2022-10-26,16,177
2022-10-26,17,143
2022-10-26,18,137
2022-10-26,19,83
2022-10-26,20,62
2022-10-26,21,52
2022-10-26,22,37
2022-10-26,23,11
2022-10-27,0,11
2022-10-27,1,4
2022-10-27,2,9
2022-10-27,3,4
2022-10-27,4,14
2022-10-27,5,28
2022-10-27,6,69
2022-10-27,7,83
2022-10-27,8,124
2022-10-27,9,184
2022-10-27,10,180
2022-10-27,11,202
2022-10-27,12,193
2022-10-27,13,193
2022-10-27,14,192
2022-10-27,15,179
2022-10-27,16,194
2022-10-27,17,136
2022-10-27,18,103
2022-10-27,19,93
2022-10-27,20,70
2022-10-27,21,49
2022-10-27,22,33
2022-10-27,23,19
2022-10-28,0,17
2022-10-28,1,8
2022-10-28,2,11
2022-10-28,3,7
2022-10-28,4,9
2022-10-28,5,27
2022-10-28,6,64
2022-10-28,7,96
2022-10-28,8,199
2022-10-28,9,170
2022-10-28,10,213
2022-10-28,11,209
2022-10-28,12,255
2022-10-28,13,188
2022-10-28,14,198
2022-10-28,15,191
2022-10-28,16,176
2022-10-28,17,161
2022-10-28,18,115
2022-10-28,19,104
2022-10-28,20,71
2022-10-28,21,52
2022-10-28,22,45
2022-10-28,23,25
2022-10-29,0,23
2022-10-29,1,17
2022-10-29,2,11
2022-10-29,3,17
2022-10-29,4,11
2022-10-29,5,13
2022-10-29,6,27
2022-10-29,7,52
2022-10-29,8,113
2022-10-29,9,130
2022-10-29,10,186
2022-10-29,11,221
2022-10-29,12,182
2022-10-29,13,215
2022-10-29,14,160
2022-10-29,15,156
2022-10-29,16,112
2022-10-29,17,135
2022-10-29,18,90
2022-10-29,19,86
2022-10-29,20,54
2022-10-29,21,58
2022-10-29,22,53
2022-10-29,23,45
2022-10-30,0,27
2022-10-30,1,4
2022-10-30,2,17
2022-10-30,3,21
2022-10-30,4,17
2022-10-30,5,13
2022-10-30,6,18
2022-10-30,7,24
2022-10-30,8,38
2022-10-30,9,71
2022-10-30,10,108
2022-10-30,11,207
2022-10-30,12,152
2022-10-30,13,203
2022-10-30,14,183
2022-10-30,15,195
2022-10-30,16,129
2022-10-30,17,122
2022-10-30,18,112
2022-10-30,19,84
2022-10-30,20,62
2022-10-30,21,51
2022-10-30,22,36
2022-10-30,23,28
2022-10-31,0,20
2022-10-31,1,9
2022-10-31,2,4
2022-10-31,3,7
2022-10-31,4,5
2022-10-31,5,16
2022-10-31,6,28
2022-10-31,7,60
2022-10-31,8,93
2022-10-31,9,125
2022-10-31,10,154
2022-10-31,11,190
2022-10-31,12,182
2022-10-31,13,185
2022-10-31,14,190
2022-10-31,15,158
2022-10-31,16,196
2022-10-31,17,194
2022-10-31,18,100
2022-10-31,19,97
2022-10-31,20,75
2022-10-31,21,55
2022-10-31,22,41
2022-10-31,23,33
2022-11-01,0,14
2022-11-01,1,8
2022-11-01,2,10
2022-11-01,3,10
2022-11-01,4,9
2022-11-01,5,12
2022-11-01,6,30
2022-11-01,7,59
2022-11-01,8,91
2022-11-01,9,130
2022-11-01,10,173
2022-11-01,11,145
2022-11-01,12,156
2022-11-01,13,140
2022-11-01,14,139
2022-11-01,15,185
2022-11-01,16,171
2022-11-01,17,193
2022-11-01,18,183
2022-11-01,19,117
2022-11-01,20,55
2022-11-01,21,52
2022-11-01,22,53
2022-11-01,23,32
2022-11-02,0,10
2022-11-02,1,9
2022-11-02,2,9
2022-11-02,3,7
2022-11-02,4,4
2022-11-02,5,10
2022-11-02,6,34
2022-11-02,7,53
2022-11-02,8,108
2022-11-02,9,140
2022-11-02,10,167
2022-11-02,11,157
2022-11-02,12,168
2022-11-02,13,166
2022-11-02,14,107
2022-11-02,15,151
2022-11-02,16,191
2022-11-02,17,175
2022-11-02,18,157
2022-11-02,19,73
2022-11-02,20,89
2022-11-02,21,74
2022-11-02,22,40
2022-11-02,23,23
2022-11-03,0,17
2022-11-03,1,9
2022-11-03,2,6
2022-11-03,3,5
2022-11-03,4,7
2022-11-03,5,24
2022-11-03,9,184
2022-11-03,10,166
2022-11-03,11,172
2022-11-03,12,171
2022-11-03,13,167
2022-11-03,14,146
2022-11-03,15,178
2022-11-03,16,202
2022-11-03,17,202
2022-11-03,18,136
2022-11-03,19,103
2022-11-03,20,75
2022-11-03,21,60
2022-11-03,22,33
2022-11-03,23,32
2022-11-04,0,12
2022-11-04,1,12
2022-11-04,2,4
2022-11-04,3,8
2022-11-04,4,10
2022-11-04,5,16
2022-11-04,6,37
2022-11-04,7,58
2022-11-04,8,127
2022-11-04,9,150
2022-11-04,10,171
2022-11-04,11,224
2022-11-04,12,212
2022-11-04,13,198
2022-11-04,14,227
2022-11-04,15,194
2022-11-04,16,223
2022-11-04,17,172
2022-11-04,18,157
2022-11-04,19,101
2022-11-04,20,126
2022-11-04,21,77
2022-11-04,22,48
2022-11-04,23,44
2022-11-05,0,30
2022-11-05,1,13
2022-11-05,2,14
2022-11-05,3,15
2022-11-05,4,10
2022-11-05,5,10
2022-11-05,6,17
2022-11-05,7,30
2022-11-05,8,61
2022-11-05,9,108
2022-11-05,10,147
2022-11-05,11,188
2022-11-05,12,192
2022-11-05,13,199
2022-11-05,14,146
2022-11-05,15,174
2022-11-05,16,164
2022-11-05,17,139
2022-11-05,18,147
2022-11-05,19,86
2022-11-05,20,81
2022-11-05,21,157
2022-11-05,22,49
2022-11-05,23,54
2022-11-06,0,27
2022-11-06,1,13
2022-11-06,2,21
2022-11-06,3,17
2022-11-06,4,15
2022-11-06,5,9
2022-11-06,6,12
2022-11-06,7,19
2022-11-06,8,41
2022-11-06,9,52
2022-11-06,10,106
2022-11-06,11,144
2022-11-06,12,151
2022-11-06,13,148
2022-11-06,14,132
2022-11-06,15,162
2022-11-06,16,147
2022-11-06,17,124
2022-11-06,18,112
2022-11-06,19,78
2022-11-06,20,74
2022-11-06,21,54
2022-11-06,22,39
2022-11-06,23,24
2022-11-07,0,19
2022-11-07,1,5
2022-11-07,2,7
2022-11-07,3,8
2022-11-07,4,4
2022-11-07,5,13
2022-11-07,6,30
2022-11-07,7,49
2022-11-07,8,106
2022-11-07,9,110
2022-11-07,10,122
2022-11-07,11,140
2022-11-07,12,148
2022-11-07,13,154
2022-11-07,14,121
2022-11-07,15,177
2022-11-07,16,185
2022-11-07,17,141
2022-11-07,18,134
2022-11-07,19,88
2022-11-07,20,80
2022-11-07,21,54
2022-11-07,22,36
2022-11-07,23,25
2022-11-08,0,24
2022-11-08,1,11
2022-11-08,2,4
2022-11-08,3,7
2022-11-08,4,5
2022-11-08,5,16
2022-11-08,6,31
2022-11-08,7,70
2022-11-08,8,78
2022-11-08,9,117
2022-11-08,10,139
2022-11-08,11,179
2022-11-08,12,171
2022-11-08,13,177
2022-11-08,14,156
2022-11-08,15,196
2022-11-08,16,203
2022-11-08,17,176
2022-11-08,18,140
2022-11-08,19,99
2022-11-08,20,70
2022-11-08,21,51
2022-11-08,22,56
2022-11-08,23,32
2022-11-09,0,15
2022-11-09,1,13
2022-11-09,2,8
2022-11-09,3,12
2022-11-09,4,10
2022-11-09,5,10
2022-11-09,6,17
2022-11-09,7,51
2022-11-09,8,90
2022-11-09,9,104
2022-11-09,10,148
2022-11-09,11,140
2022-11-09,12,166
2022-11-09,13,158
2022-11-09,14,181
2022-11-09,15,198
2022-11-09,16,173
2022-11-09,17,140
2022-11-09,18,117
2022-11-09,19,127
2022-11-09,20,71
2022-11-09,21,41
2022-11-09,22,44
2022-11-09,23,33
2022-11-10,0,9
2022-11-10,1,9
2022-11-10,2,6
2022-11-10,3,8
2022-11-10,4,4
2022-11-10,5,15
2022-11-10,6,20
2022-11-10,7,71
2022-11-10,8,97
2022-11-10,9,142
2022-11-10,10,193
2022-11-10,11,165
2022-11-10,12,187
2022-11-10,13,176
2022-11-10,14,193
2022-11-10,15,184
2022-11-10,16,194
2022-11-10,17,186
2022-11-10,18,116
2022-11-10,19,102
2022-11-10,20,81
2022-11-10,21,58
2022-11-10,22,47
2022-11-10,23,31
2022-11-11,0,15
2022-11-11,1,13
2022-11-11,2,7
2022-11-11,3,8
2022-11-11,4,10
2022-11-11,5,12
2022-11-11,6,26
2022-11-11,7,71
2022-11-11,8,96
2022-11-11,9,167
2022-11-11,10,204
2022-11-11,11,187
2022-11-11,12,197
2022-11-11,13,186
2022-11-11,14,221
2022-11-11,15,254
2022-11-11,16,252
2022-11-11,17,200
2022-11-11,18,163
2022-11-11,19,121
2022-11-11,20,81
2022-11-11,21,86
2022-11-11,22,50
2022-11-11,23,86
2022-11-12,0,24
2022-11-12,1,15
2022-11-12,2,9
2022-11-12,3,17
2022-11-12,4,14
2022-11-12,5,13
2022-11-12,6,17
2022-11-12,7,37
2022-11-12,8,71
2022-11-12,9,87
2022-11-12,10,134
2022-11-12,11,188
2022-11-12,12,251
2022-11-12,13,157
2022-11-12,14,141
2022-11-12,15,185
2022-11-12,16,152
2022-11-12,17,149
2022-11-12,18,121
2022-11-12,19,121
2022-11-12,20,64
2022-11-12,21,67
2022-11-12,22,64
2022-11-12,23,45
2022-11-13,0,32
2022-11-13,1,19
2022-11-13,2,21
2022-11-13,3,11
2022-11-13,4,18
2022-11-13,5,9
2022-11-13,6,12
2022-11-13,7,13
2022-11-13,8,31
2022-11-13,9,48
2022-11-13,10,114
2022-11-13,11,157
2022-11-13,12,207
2022-11-13,13,184
2022-11-13,14,185
2022-11-13,15,172
2022-11-13,16,159
2022-11-13,17,119
2022-11-13,18,118
2022-11-13,19,85
2022-11-13,20,64
2022-11-13,21,56
2022-11-13,22,43
2022-11-13,23,27
2022-11-14,0,13
2022-11-14,1,6
2022-11-14,2,7
2022-11-14,3,5
2022-11-14,4,11
2022-11-14,5,14
2022-11-14,6,26
2022-11-14,7,55
2022-11-14,8,98
2022-11-14,9,118
2022-11-14,10,138
2022-11-14,11,146
2022-11-14,12,153
2022-11-14,13,169
2022-11-14,14,185
2022-11-14,15,167
2022-11-14,16,211
2022-11-14,17,154
2022-11-14,18,134
2022-11-14,19,91
2022-11-14,20,67
2022-11-14,21,38
2022-11-14,22,36
2022-11-14,23,32
2022-11-15,0,22
2022-11-15,1,9
2022-11-15,2,6
2022-11-15,3,4
2022-11-15,4,5
2022-11-15,5,11
2022-11-15,6,38
2022-11-15,7,51
2022-11-15,8,101
2022-11-15,9,123
2022-11-15,10,246
2022-11-15,11,339
2022-11-15,12,338
2022-11-15,13,296
2022-11-15,14,365
2022-11-15,15,273
2022-11-15,16,187
2022-11-15,17,173
2022-11-15,18,144
2022-11-15,19,109
2022-11-15,20,76
2022-11-15,21,56
2022-11-15,22,40
2022-11-15,23,27
2022-11-16,0,14
2022-11-16,1,10
2022-11-16,2,7
2022-11-16,3,7
2022-11-16,4,9
2022-11-16,5,12
2022-11-16,6,26
2022-11-16,7,68
2022-11-16,8,76
2022-11-16,9,179
2022-11-16,10,243
2022-11-16,11,274
2022-11-16,12,313
2022-11-16,13,283
2022-11-16,14,284
2022-11-16,15,280
2022-11-16,16,152
2022-11-16,17,164
2022-11-16,18,135
2022-11-16,19,96
2022-11-16,20,118
2022-11-16,21,61
2022-11-16,22,40
2022-11-16,23,20
2022-11-17,0,13
2022-11-17,1,5
2022-11-17,2,6
2022-11-17,3,6
2022-11-17,4,6
2022-11-17,5,15
2022-11-17,6,21
2022-11-17,7,57
2022-11-17,8,75
2022-11-17,9,238
2022-11-17,10,272
2022-11-17,11,286
2022-11-17,12,358
2022-11-17,13,309
2022-11-17,14,335
2022-11-17,15,322
2022-11-17,16,190
2022-11-17,17,187
2022-11-17,18,125
2022-11-17,19,121
2022-11-17,20,78
2022-11-17,21,62
2022-11-17,22,44
2022-11-17,23,33
2022-11-18,0,15
2022-11-18,1,10
2022-11-18,2,8
2022-11-18,3,7
2022-11-18,4,7
2022-11-18,5,13
2022-11-18,6,30
2022-11-18,7,58
2022-11-18,8,94
2022-11-18,9,141
2022-11-18,10,149
2022-11-18,11,189
2022-11-18,12,171
2022-11-18,13,196
2022-11-18,14,170
2022-11-18,15,224
2022-11-18,16,202
2022-11-18,17,188
2022-11-18,18,138
2022-11-18,19,98
2022-11-18,20,73
2022-11-18,21,55
2022-11-18,22,53
2022-11-18,23,49
2022-11-19,0,22
2022-11-19,1,20
2022-11-19,2,10
2022-11-19,3,16
2022-11-19,4,12
2022-11-19,5,11
2022-11-19,6,10
2022-11-19,7,39
2022-11-19,8,69
2022-11-19,9,76
2022-11-19,10,117
2022-11-19,11,166
2022-11-19,12,226
2022-11-19,13,222
2022-11-19,14,223
2022-11-19,15,195
2022-11-19,16,168
2022-11-19,17,127
2022-11-19,18,105
2022-11-19,19,83
2022-11-19,20,89
2022-11-19,21,60
2022-11-19,22,63
2022-11-19,23,47
2022-11-20,0,32
2022-11-20,1,15
2022-11-20,2,17
2022-11-20,3,17
2022-11-20,4,15
2022-11-20,5,8
2022-11-20,6,10
2022-11-20,7,22
2022-11-20,8,29
2022-11-20,9,46
2022-11-20,10,106
2022-11-20,11,145
2022-11-20,12,178
2022-11-20,13,169
2022-11-20,14,165
2022-11-20,15,182
2022-11-20,16,121
2022-11-20,17,121
2022-11-20,18,103
2022-11-20,19,79
2022-11-20,20,68
2022-11-20,21,51
2022-11-20,22,46
2022-11-20,23,27
2022-11-21,0,12
2022-11-21,1,13
2022-11-21,2,8
2022-11-21,3,9
2022-11-21,4,9
2022-11-21,5,15
2022-11-21,6,31
2022-11-21,7,56
2022-11-21,8,92
2022-11-21,9,114
2022-11-21,10,150
2022-11-21,11,144
2022-11-21,12,143
2022-11-21,13,130
2022-11-21,14,135
2022-11-21,15,136
2022-11-21,16,196
2022-11-21,17,142
2022-11-21,18,135
2022-11-21,19,72
2022-11-21,20,69
2022-11-21,21,58
2022-11-21,22,45
2022-11-21,23,24
2022-11-22,0,14
2022-11-22,1,7
2022-11-22,2,3
2022-11-22,3,4
2022-11-22,4,2
2022-11-22,5,17
2022-11-22,6,25
2022-11-22,7,53
2022-11-22,8,88
2022-11-22,9,106
2022-11-22,10,125
2022-11-22,11,113
2022-11-22,12,199
2022-11-22,13,165
2022-11-22,14,168
2022-11-22,15,163
2022-11-22,16,168
2022-11-22,17,210
2022-11-22,18,113
2022-11-22,19,93
2022-11-22,20,70
2022-11-22,21,45
2022-11-22,22,40
2022-11-22,23,22
2022-11-23,0,11
2022-11-23,1,6
2022-11-23,2,9
2022-11-23,3,6
2022-11-23,4,7
2022-11-23,5,12
2022-11-23,6,37
2022-11-23,7,53
2022-11-23,8,91
2022-11-23,9,126
2022-11-23,10,165
2022-11-23,11,135
2022-11-23,12,143
2022-11-23,13,156
2022-11-23,14,143
2022-11-23,15,203
2022-11-23,16,175
2022-11-23,17,169
2022-11-23,18,139
2022-11-23,19,103
2022-11-23,20,88
2022-11-23,21,63
2022-11-23,22,37
2022-11-23,23,20
2022-11-24,0,10
2022-11-24,1,9
2022-11-24,2,8
2022-11-24,3,8
2022-11-24,4,7
2022-11-24,5,14
2022-11-24,6,30
2022-11-24,7,59
2022-11-24,8,81
2022-11-24,9,123
2022-11-24,10,202
2022-11-24,11,226
2022-11-24,12,252
2022-11-24,13,241
2022-11-24,14,227
2022-11-24,15,201
2022-11-24,16,236
2022-11-24,17,165
2022-11-24,18,123
2022-11-24,19,166
2022-11-24,20,79
2022-11-24,21,92
2022-11-24,22,42
2022-11-24,23,36
2022-11-25,0,14
2022-11-25,1,13
2022-11-25,2,6
2022-11-25,3,4
2022-11-25,4,1
2022-11-25,5,12
2022-11-25,6,72
2022-11-25,7,61
2022-11-25,8,104
2022-11-25,9,155
2022-11-25,10,223
2022-11-25,11,171
2022-11-25,12,193
2022-11-25,13,182
2022-11-25,14,189
2022-11-25,15,222
2022-11-25,16,194
2022-11-25,17,241
2022-11-25,18,159
2022-11-25,19,85
2022-11-25,20,85
2022-11-25,21,65
2022-11-25,22,58
2022-11-25,23,50
2022-11-26,0,25
2022-11-26,1,22
2022-11-26,2,17
2022-11-26,3,16
2022-11-26,4,23
2022-11-26,5,14
2022-11-26,6,13
2022-11-26,7,40
2022-11-26,8,53
2022-11-26,9,126
2022-11-26,10,149
2022-11-26,11,157
2022-11-26,12,187
2022-11-26,13,229
2022-11-26,14,189
2022-11-26,15,188
2022-11-26,16,187
2022-11-26,17,129
2022-11-26,18,106
2022-11-26,19,95
2022-11-26,20,169
2022-11-26,21,91
2022-11-26,22,55
2022-11-26,23,46
2022-11-27,0,34
2022-11-27,1,34
2022-11-27,2,16
2022-11-27,3,15
2022-11-27,4,14
2022-11-27,5,9
2022-11-27,6,13
2022-11-27,7,83
2022-11-27,8,23
2022-11-27,9,57
2022-11-27,10,81
2022-11-27,11,151
2022-11-27,12,149
2022-11-27,13,204
2022-11-27,14,193
2022-11-27,15,170
2022-11-27,16,130
2022-11-27,17,150
2022-11-27,18,120
2022-11-27,19,80
2022-11-27,20,68
2022-11-27,21,54
2022-11-27,22,33
2022-11-27,23,27
2022-11-28,0,16
2022-11-28,1,11
2022-11-28,2,0
2022-11-28,3,2
2022-11-28,4,5
2022-11-28,5,9
2022-11-28,6,36
2022-11-28,7,56
2022-11-28,8,89
2022-11-28,9,193
2022-11-28,10,132
2022-11-28,11,138
2022-11-28,12,185
2022-11-28,13,184
2022-11-28,14,159
2022-11-28,15,167
2022-11-28,16,204
2022-11-28,17,201
2022-11-28,18,134
2022-11-28,19,82
2022-11-28,20,76
2022-11-28,21,54
2022-11-28,22,36
2022-11-28,23,28
2022-11-29,0,21
2022-11-29,1,13
2022-11-29,2,4
2022-11-29,3,7
2022-11-29,4,3
2022-11-29,5,10
2022-11-29,6,27
2022-11-29,7,60
2022-11-29,8,81
2022-11-29,9,97
2022-11-29,10,136
2022-11-29,11,177
2022-11-29,12,190
2022-11-29,13,161
2022-11-29,14,212
2022-11-29,15,180
2022-11-29,16,195
2022-11-29,17,208
2022-11-29,18,192
2022-11-29,19,98
2022-11-29,20,62
2022-11-29,21,56
2022-11-29,22,38
2022-11-29,23,25
2022-11-30,0,12
2022-11-30,1,10
2022-11-30,2,8
2022-11-30,3,2
2022-11-30,4,8
2022-11-30,5,5
2022-11-30,6,76
2022-11-30,7,59
2022-11-30,8,102
2022-11-30,9,181
2022-11-30,10,167
2022-11-30,11,176
2022-11-30,12,164
2022-11-30,13,230
2022-11-30,14,193
2022-11-30,15,214
2022-11-30,16,203
2022-11-30,17,176
2022-11-30,18,135
2022-11-30,19,111
2022-11-30,20,77
2022-11-30,21,66
2022-11-30,22,48
2022-11-30,23,24
2022-12-01,0,15
2022-12-01,1,10
2022-12-01,2,7
2022-12-01,3,8
2022-12-01,4,9
2022-12-01,5,20
2022-12-01,6,29
2022-12-01,7,63
2022-12-01,8,81
2022-12-01,9,151
2022-12-01,10,182
2022-12-01,11,171
2022-12-01,12,208
2022-12-01,13,193
2022-12-01,14,184
2022-12-01,15,181
2022-12-01,16,204
2022-12-01,17,197
2022-12-01,18,120
2022-12-01,19,181
2022-12-01,20,109
2022-12-01,21,102
2022-12-01,22,84
2022-12-01,23,32
2022-12-02,0,18
2022-12-02,1,8
2022-12-02,2,7
2022-12-02,3,8
2022-12-02,4,10
2022-12-02,5,15
2022-12-02,6,67
2022-12-02,7,49
2022-12-02,8,86
2022-12-02,9,183
2022-12-02,10,186
2022-12-02,11,181
2022-12-02,12,190
2022-12-02,13,182
2022-12-02,14,199
2022-12-02,15,193
2022-12-02,16,192
2022-12-02,17,179
2022-12-02,18,155
2022-12-02,19,228
2022-12-02,20,98
2022-12-02,21,58
2022-12-02,22,54
2022-12-02,23,52
2022-12-03,0,30
2022-12-03,1,17
2022-12-03,2,9
2022-12-03,3,13
2022-12-03,4,17
2022-12-03,5,16
2022-12-03,6,15
2022-12-03,7,22
2022-12-03,8,64
2022-12-03,9,75
2022-12-03,10,140
2022-12-03,11,187
2022-12-03,12,195
2022-12-03,13,182
2022-12-03,14,203
2022-12-03,15,181
2022-12-03,16,154
2022-12-03,17,136
2022-12-03,18,108
2022-12-03,19,107
2022-12-03,20,81
2022-12-03,21,143
2022-12-03,22,37
2022-12-03,23,49
2022-12-04,0,30
2022-12-04,1,21
2022-12-04,2,16
2022-12-04,3,16
2022-12-04,4,16
2022-12-04,5,12
2022-12-04,6,12
2022-12-04,7,16
2022-12-04,8,31
2022-12-04,9,53
2022-12-04,10,101
2022-12-04,11,155
2022-12-04,12,164
2022-12-04,13,134
2022-12-04,14,217
2022-12-04,15,221
2022-12-04,16,113
2022-12-04,17,134
2022-12-04,18,112
2022-12-04,19,58
2022-12-04,20,122
2022-12-04,21,54
2022-12-04,22,87
2022-12-04,23,30
2022-12-05,0,16
2022-12-05,1,7
2022-12-05,2,6
2022-12-05,3,7
2022-12-05,4,10
2022-12-05,5,16
2022-12-05,6,30
2022-12-05,7,64
2022-12-05,8,83
2022-12-05,9,138
2022-12-05,10,183
2022-12-05,11,123
2022-12-05,12,160
2022-12-05,13,166
2022-12-05,14,159
2022-12-05,15,160
2022-12-05,16,206
2022-12-05,17,198
2022-12-05,18,132
2022-12-05,19,85
2022-12-05,20,68
2022-12-05,21,75
2022-12-05,22,41
2022-12-05,23,23
2022-12-06,0,16
2022-12-06,1,9
2022-12-06,2,8
2022-12-06,3,8
2022-12-06,4,2
2022-12-06,5,13
2022-12-06,6,26
2022-12-06,7,57
2022-12-06,8,69
2022-12-06,9,131
2022-12-06,10,160
2022-12-06,11,170
2022-12-06,12,232
2022-12-06,13,183
2022-12-06,14,136
2022-12-06,15,152
2022-12-06,16,190
2022-12-06,17,200
2022-12-06,18,134
2022-12-06,19,102
2022-12-06,20,80
2022-12-06,21,68
2022-12-06,22,52
2022-12-06,23,28
2022-12-07,0,6
2022-12-07,1,8
2022-12-07,2,6
2022-12-07,3,10
2022-12-07,4,8
2022-12-07,5,11
2022-12-07,6,26
2022-12-07,7,63
2022-12-07,8,75
2022-12-07,9,125
2022-12-07,10,157
2022-12-07,11,142
2022-12-07,12,164
2022-12-07,13,195
2022-12-07,14,202
2022-12-07,15,194
2022-12-07,16,226
2022-12-07,17,190
2022-12-07,18,181
2022-12-07,19,92
2022-12-07,20,71
2022-12-07,21,57
2022-12-07,22,38
2022-12-07,23,20
2022-12-08,0,17
2022-12-08,1,7
2022-12-08,2,4
2022-12-08,3,11
2022-12-08,4,4
2022-12-08,5,12
2022-12-08,6,20
2022-12-08,7,65
2022-12-08,8,153
2022-12-08,9,151
2022-12-08,10,169
2022-12-08,11,175
2022-12-08,12,203
2022-12-08,13,210
2022-12-08,14,210
2022-12-08,15,188
2022-12-08,16,215
2022-12-08,17,204
2022-12-08,18,166
2022-12-08,19,162
2022-12-08,20,86
2022-12-08,21,75
2022-12-08,22,42
2022-12-08,23,34
2022-12-09,0,20
2022-12-09,1,14
2022-12-09,2,7
2022-12-09,3,8
2022-12-09,4,6
2022-12-09,5,16
2022-12-09,6,35
2022-12-09,7,65
2022-12-09,8,95
2022-12-09,9,164
2022-12-09,10,139
2022-12-09,11,169
2022-12-09,12,222
2022-12-09,13,192
2022-12-09,14,173
2022-12-09,15,195
2022-12-09,16,202
2022-12-09,17,183
2022-12-09,18,170
2022-12-09,19,96
2022-12-09,20,105
2022-12-09,21,73
2022-12-09,22,54
2022-12-09,23,105
2022-12-10,0,34
2022-12-10,1,22
2022-12-10,2,16
2022-12-10,3,17
2022-12-10,4,17
2022-12-10,5,10
2022-12-10,6,15
2022-12-10,7,21
2022-12-10,8,64
2022-12-10,9,92
2022-12-10,10,163
2022-12-10,11,171
2022-12-10,12,200
2022-12-10,13,162
2022-12-10,14,170
2022-12-10,15,172
2022-12-10,16,169
2022-12-10,17,160
2022-12-10,18,195
2022-12-10,19,119
2022-12-10,20,80
2022-12-10,21,83
2022-12-10,22,49
2022-12-10,23,56
2022-12-11,0,39
2022-12-11,1,24
2022-12-11,2,22
2022-12-11,3,22
2022-12-11,4,15
2022-12-11,5,14
2022-12-11,6,6
2022-12-11,7,24
2022-12-11,8,19
2022-12-11,9,56
2022-12-11,10,91
2022-12-11,11,124
2022-12-11,12,173
2022-12-11,13,162
2022-12-11,14,208
2022-12-11,15,191
2022-12-11,16,124
2022-12-11,17,141
2022-12-11,18,133
2022-12-11,19,74
2022-12-11,20,81
2022-12-11,21,54
2022-12-11,22,43
2022-12-11,23,112
2022-12-12,0,18
2022-12-12,1,12
2022-12-12,2,4
2022-12-12,3,4
2022-12-12,4,2
2022-12-12,5,12
2022-12-12,6,24
2022-12-12,7,70
2022-12-12,8,105
2022-12-12,9,128
2022-12-12,10,190
2022-12-12,11,182
2022-12-12,12,145
2022-12-12,13,215
2022-12-12,14,162
2022-12-12,15,166
2022-12-12,16,201
2022-12-12,17,168
2022-12-12,18,139
2022-12-12,19,107
2022-12-12,20,76
2022-12-12,21,57
2022-12-12,22,49
2022-12-12,23,21
2022-12-13,0,13
2022-12-13,1,12
2022-12-13,2,9
2022-12-13,3,9
2022-12-13,4,6
2022-12-13,5,15
2022-12-13,6,29
2022-12-13,7,62
2022-12-13,8,123
2022-12-13,9,118
2022-12-13,10,116
2022-12-13,11,157
2022-12-13,12,174
2022-12-13,13,246
2022-12-13,14,187
2022-12-13,15,220
2022-12-13,16,194
2022-12-13,17,208
2022-12-13,18,148
2022-12-13,19,98
2022-12-13,20,68
2022-12-13,21,57
2022-12-13,22,46
2022-12-13,23,92
2022-12-14,0,16
2022-12-14,1,7
2022-12-14,2,7
2022-12-14,3,4
2022-12-14,4,5
2022-12-14,5,14
2022-12-14,6,29
2022-12-14,7,56
2022-12-14,8,70
2022-12-14,9,134
2022-12-14,10,174
2022-12-14,11,168
2022-12-14,12,176
2022-12-14,13,203
2022-12-14,14,224
2022-12-14,15,200
2022-12-14,16,211
2022-12-14,17,211
2022-12-14,18,218
2022-12-14,19,101
2022-12-14,20,96
2022-12-14,21,61
2022-12-14,22,52
2022-12-14,23,43
2022-12-15,0,16
2022-12-15,1,12
2022-12-15,2,6
2022-12-15,3,5
2022-12-15,4,10
2022-12-15,5,13
2022-12-15,6,25
2022-12-15,7,55
2022-12-15,8,97
2022-12-15,9,131
2022-12-15,10,173
2022-12-15,11,176
2022-12-15,12,240
2022-12-15,13,230
2022-12-15,14,199
2022-12-15,15,224
2022-12-15,16,205
2022-12-15,17,185
2022-12-15,18,164
2022-12-15,19,114
2022-12-15,20,158
2022-12-15,21,108
2022-12-15,22,55
2022-12-15,23,39
2022-12-16,0,22
2022-12-16,1,20
2022-12-16,2,5
2022-12-16,3,9
2022-12-16,4,12
2022-12-16,5,15
2022-12-16,6,35
2022-12-16,7,60
2022-12-16,8,71
2022-12-16,9,135
2022-12-16,10,141
2022-12-16,11,170
2022-12-16,12,189
2022-12-16,13,186
2022-12-16,14,195
2022-12-16,15,262
2022-12-16,16,198
2022-12-16,17,176
2022-12-16,18,152
2022-12-16,19,146
2022-12-16,20,120
2022-12-16,21,100
2022-12-16,22,67
2022-12-16,23,57
2022-12-17,0,41
2022-12-17,1,23
2022-12-17,2,23
2022-12-17,3,13
2022-12-17,4,14
2022-12-17,5,18
2022-12-17,6,19
2022-12-17,7,81
2022-12-17,8,61
2022-12-17,9,110
2022-12-17,10,139
2022-12-17,11,194
2022-12-17,12,182
2022-12-17,13,202
2022-12-17,14,186
2022-12-17,15,188
2022-12-17,16,208
2022-12-17,17,192
2022-12-17,18,113
2022-12-17,19,98
2022-12-17,20,97
2022-12-17,21,70
2022-12-17,22,58
2022-12-17,23,47
2022-12-18,0,50
2022-12-18,1,27
2022-12-18,2,16
2022-12-18,3,17
2022-12-18,4,16
2022-12-18,5,12
2022-12-18,6,11
2022-12-18,7,26
2022-12-18,8,24
2022-12-18,9,67
2022-12-18,10,95
2022-12-18,11,157
2022-12-18,12,183
2022-12-18,13,176
2022-12-18,14,166
2022-12-18,15,188
2022-12-18,16,101
2022-12-18,17,97
2022-12-18,18,108
2022-12-18,19,100
2022-12-18,20,68
2022-12-18,21,115
2022-12-18,22,49
2022-12-18,23,31
2022-12-19,0,23
2022-12-19,14,180
2022-12-19,15,227
2022-12-19,16,183
2022-12-19,17,179
2022-12-19,18,159
2022-12-19,19,93
2022-12-19,20,78
2022-12-19,21,54
2022-12-19,22,36
2022-12-19,23,30
2022-12-20,0,20
2022-12-20,1,4
2022-12-20,2,8
2022-12-20,3,3
2022-12-20,4,7
2022-12-20,5,11
2022-12-20,6,22
2022-12-20,7,45
2022-12-20,8,99
2022-12-20,9,118
2022-12-20,10,218
2022-12-20,11,225
2022-12-20,12,216
2022-12-20,13,201
2022-12-20,14,210
2022-12-20,15,198
2022-12-20,16,211
2022-12-20,17,197
2022-12-20,18,178
2022-12-20,19,104
2022-12-20,20,67
2022-12-20,21,75
2022-12-20,22,49
2022-12-20,23,44
2022-12-21,0,16
2022-12-21,1,11
2022-12-21,2,11
2022-12-21,3,11
2022-12-21,4,6
2022-12-21,5,10
2022-12-21,6,44
2022-12-21,7,85
2022-12-21,8,96
2022-12-21,9,213
2022-12-21,10,167
2022-12-21,11,226
2022-12-21,12,201
2022-12-21,13,218
2022-12-21,14,218
2022-12-21,15,259
2022-12-21,16,182
2022-12-21,17,261
2022-12-21,18,153
2022-12-21,19,122
2022-12-21,20,94
2022-12-21,21,73
2022-12-21,22,116
2022-12-21,23,40
2022-12-22,0,27
2022-12-22,1,14
2022-12-22,2,12
2022-12-22,3,2
2022-12-22,4,6
2022-12-22,5,18
2022-12-22,6,18
2022-12-22,7,59
2022-12-22,8,86
2022-12-22,9,149
2022-12-22,10,205
2022-12-22,11,218
2022-12-22,12,208
2022-12-22,13,205
2022-12-22,14,210
2022-12-22,15,214
2022-12-22,16,209
2022-12-22,17,197
2022-12-22,18,177
2022-12-22,19,194
2022-12-22,20,113
2022-12-22,21,81
2022-12-22,22,54
2022-12-22,23,38
2022-12-23,0,24
2022-12-23,1,18
2022-12-23,2,9
2022-12-23,3,9
2022-12-23,4,12
2022-12-23,5,10
2022-12-23,6,21
2022-12-23,7,58
2022-12-23,8,89
2022-12-23,9,140
2022-12-23,10,140
2022-12-23,11,232
2022-12-23,12,217
2022-12-23,13,257
2022-12-23,14,252
2022-12-23,15,227
2022-12-23,16,194
2022-12-23,17,178
2022-12-23,18,178
2022-12-23,19,124
2022-12-23,20,103
2022-12-23,21,78
2022-12-23,22,63
2022-12-23,23,43
2022-12-24,0,25
2022-12-24,1,23
2022-12-24,2,15
2022-12-24,3,11
2022-12-24,4,9
2022-12-24,5,16
2022-12-24,6,16
2022-12-24,7,33
2022-12-24,8,73
2022-12-24,9,104
2022-12-24,10,173
2022-12-24,11,191
2022-12-24,12,202
2022-12-24,13,253
2022-12-24,14,167
2022-12-24,15,146
2022-12-24,16,194
2022-12-24,17,149
2022-12-24,18,154
2022-12-24,19,79
2022-12-24,20,115
2022-12-24,21,167
2022-12-24,22,39
2022-12-24,23,43
2022-12-25,0,22
2022-12-25,1,17
2022-12-25,2,8
2022-12-25,3,10
2022-12-25,4,5
2022-12-25,5,1
2022-12-25,6,10
2022-12-25,7,36
2022-12-25,8,23
2022-12-25,9,53
2022-12-25,10,78
2022-12-25,11,85
2022-12-25,12,44
2022-12-25,13,89
2022-12-25,14,73
2022-12-25,15,81
2022-12-25,16,84
2022-12-25,17,100
2022-12-25,18,128
2022-12-25,19,59
2022-12-25,20,55
2022-12-25,21,49
2022-12-25,22,61
2022-12-25,23,39
2022-12-26,0,12
2022-12-26,1,12
2022-12-26,2,9
2022-12-26,3,7
2022-12-26,4,3
2022-12-26,5,6
2022-12-26,6,2
2022-12-26,7,40
2022-12-26,8,97
2022-12-26,9,127
2022-12-26,10,24
2022-12-26,11,55
2022-12-26,12,116
2022-12-26,13,107
2022-12-26,14,87
2022-12-26,15,93
2022-12-26,16,88
2022-12-26,17,87
2022-12-26,18,94
2022-12-26,19,52
2022-12-26,20,73
2022-12-26,21,48
2022-12-26,22,36
2022-12-26,23,20
2022-12-27,0,21
2022-12-27,1,10
2022-12-27,2,6
2022-12-27,3,20
2022-12-27,4,7
2022-12-27,5,11
2022-12-27,6,19
2022-12-27,7,48
2022-12-27,8,73
2022-12-27,9,54
2022-12-27,10,98
2022-12-27,11,121
2022-12-27,12,161
2022-12-27,13,141
2022-12-27,14,191
2022-12-27,15,168
2022-12-27,16,134
2022-12-27,17,110
2022-12-27,18,142
2022-12-27,19,119
2022-12-27,20,104
2022-12-27,21,48
2022-12-27,22,44
2022-12-27,23,28
2022-12-28,0,11
2022-12-28,1,15
2022-12-28,2,9
2022-12-28,3,1
2022-12-28,4,8
2022-12-28,5,4
2022-12-28,6,20
2022-12-28,7,57
2022-12-28,8,57
2022-12-28,9,89
2022-12-28,10,90
2022-12-28,11,132
2022-12-28,12,189
2022-12-28,13,129
2022-12-28,14,176
2022-12-28,15,182
2022-12-28,16,140
2022-12-28,17,109
2022-12-28,18,128
2022-12-28,19,70
2022-12-28,20,54
2022-12-28,21,66
2022-12-28,22,39
2022-12-28,23,40
2022-12-29,0,17
2022-12-29,1,15
2022-12-29,2,9
2022-12-29,3,7
2022-12-29,4,1
2022-12-29,5,12
2022-12-29,6,19
2022-12-29,7,49
2022-12-29,8,72
2022-12-29,9,101
2022-12-29,10,149
2022-12-29,11,158
2022-12-29,12,182
2022-12-29,13,191
2022-12-29,14,174
2022-12-29,15,173
2022-12-29,16,158
2022-12-29,17,120
2022-12-29,18,177
2022-12-29,19,118
2022-12-29,20,51
2022-12-29,21,54
2022-12-29,22,50
2022-12-29,23,34
2022-12-30,0,26
2022-12-30,1,16
2022-12-30,2,4
2022-12-30,3,10
2022-12-30,4,8
2022-12-30,5,16
2022-12-30,6,15
2022-12-30,7,52
2022-12-30,8,72
2022-12-30,9,140
2022-12-30,10,175
2022-12-30,11,121
2022-12-30,12,171
2022-12-30,13,190
2022-12-30,14,200
2022-12-30,15,172
2022-12-30,16,166
2022-12-30,17,146
2022-12-30,18,169
2022-12-30,19,148
2022-12-30,20,92
2022-12-30,21,64
2022-12-30,22,53
2022-12-30,23,58
2022-12-31,0,27
2022-12-31,1,16
2022-12-31,2,10
2022-12-31,3,9
2022-12-31,4,10
2022-12-31,5,7
2022-12-31,6,7
2022-12-31,7,23
2022-12-31,8,45
2022-12-31,9,81
2022-12-31,10,115
2022-12-31,11,171
2022-12-31,12,196
2022-12-31,13,151
2022-12-31,14,139
2022-12-31,15,158
2022-12-31,16,129
2022-12-31,17,132
2022-12-31,18,100
2022-12-31,19,85
2022-12-31,20,120
2022-12-31,21,71
2022-12-31,22,45
2022-12-31,23,29
2023-01-01,0,30
2023-01-01,1,30
2023-01-01,2,30
2023-01-01,3,26
2023-01-01,4,13
2023-01-01,5,49
2023-01-01,6,14
2023-01-01,7,16
2023-01-01,8,16
2023-01-01,9,49
2023-01-01,10,92
2023-01-01,11,112
2023-01-01,12,97
2023-01-01,13,73
2023-01-01,14,58
2023-01-01,15,59
2023-01-01,16,72
2023-01-01,17,102
2023-01-01,18,66
2023-01-01,19,46
2023-01-01,20,61
2023-01-01,21,72
2023-01-01,22,54
2023-01-01,23,23
2023-01-02,0,55
2023-01-02,1,6
2023-01-02,2,6
2023-01-02,3,0
2023-01-02,4,5
2023-01-02,5,8
2023-01-02,6,14
2023-01-02,7,49
2023-01-02,8,58
2023-01-02,9,55
2023-01-02,10,75
2023-01-02,11,81
2023-01-02,12,134
2023-01-02,13,110
2023-01-02,14,87
2023-01-02,15,147
2023-01-02,16,187
2023-01-02,17,193
2023-01-02,18,98
2023-01-02,19,72
2023-01-02,20,61
2023-01-02,21,45
2023-01-02,22,41
2023-01-02,23,27
2023-01-03,0,27
2023-01-03,1,15
2023-01-03,2,7
2023-01-03,3,8
2023-01-03,4,0
2023-01-03,5,11
2023-01-03,6,12
2023-01-03,7,44
2023-01-03,8,49
2023-01-03,9,42
2023-01-03,10,112
2023-01-03,11,75
2023-01-03,12,129
2023-01-03,13,226
2023-01-03,14,224
2023-01-03,15,176
2023-01-03,16,130
2023-01-03,17,105
2023-01-03,18,113
2023-01-03,19,84
2023-01-03,20,61
2023-01-03,21,53
2023-01-03,22,93
2023-01-03,23,35
2023-01-04,0,13
2023-01-04,1,10
2023-01-04,2,8
2023-01-04,3,6
2023-01-04,4,4
2023-01-04,5,12
2023-01-04,6,22
2023-01-04,7,50
2023-01-04,8,71
2023-01-04,9,123
2023-01-04,10,135
2023-01-04,11,130
2023-01-04,12,159
2023-01-04,13,195
2023-01-04,14,184
2023-01-04,15,181
2023-01-04,16,144
2023-01-04,17,154
2023-01-04,18,127
2023-01-04,19,94
2023-01-04,20,67
2023-01-04,21,58
2023-01-04,22,53
2023-01-04,23,24
2023-01-05,0,12
2023-01-05,1,13
2023-01-05,2,2
2023-01-05,3,1
2023-01-05,4,4
2023-01-05,5,8
2023-01-05,6,21
2023-01-05,7,46
2023-01-05,8,90
2023-01-05,9,110
2023-01-05,10,139
2023-01-05,11,167
2023-01-05,12,228
2023-01-05,13,190
2023-01-05,14,164
2023-01-05,15,201
2023-01-05,16,190
2023-01-05,17,155
2023-01-05,18,140
2023-01-05,19,74
2023-01-05,20,82
2023-01-05,21,58
2023-01-05,22,41
2023-01-05,23,32
2023-01-06,0,18
2023-01-06,1,18
2023-01-06,2,9
2023-01-06,3,8
2023-01-06,4,4
2023-01-06,5,8
2023-01-06,6,25
2023-01-06,7,48
2023-01-06,8,72
2023-01-06,9,149
2023-01-06,10,243
2023-01-06,11,151
2023-01-06,12,249
2023-01-06,13,197
2023-01-06,14,241
2023-01-06,15,238
2023-01-06,16,247
2023-01-06,17,200
2023-01-06,18,151
2023-01-06,19,105
2023-01-06,20,78
2023-01-06,21,70
2023-01-06,22,38
2023-01-06,23,27
2023-01-07,0,25
2023-01-07,1,18
2023-01-07,2,12
2023-01-07,3,10
2023-01-07,4,14
2023-01-07,5,19
2023-01-07,6,15
2023-01-07,7,24
2023-01-07,8,58
2023-01-07,9,76
2023-01-07,10,106
2023-01-07,11,145
2023-01-07,12,192
2023-01-07,13,181
2023-01-07,14,127
2023-01-07,15,161
2023-01-07,16,132
2023-01-07,17,134
2023-01-07,18,130
2023-01-07,19,135
2023-01-07,20,90
2023-01-07,21,60
2023-01-07,22,51
2023-01-07,23,41
2023-01-08,0,33
2023-01-08,1,18
2023-01-08,2,9
2023-01-08,3,15
2023-01-08,4,8
2023-01-08,5,8
2023-01-08,6,15
2023-01-08,7,16
2023-01-08,8,21
2023-01-08,9,52
2023-01-08,10,78
2023-01-08,11,136
2023-01-08,12,202
2023-01-08,13,177
2023-01-08,14,165
2023-01-08,15,153
2023-01-08,16,137
2023-01-08,17,110
2023-01-08,18,91
2023-01-08,19,66
2023-01-08,20,46
2023-01-08,21,52
2023-01-08,22,59
2023-01-08,23,26
2023-01-09,0,7
2023-01-09,1,7
2023-01-09,2,5
2023-01-09,3,6
2023-01-09,4,13
2023-01-09,5,9
2023-01-09,6,28
2023-01-09,7,59
2023-01-09,8,113
2023-01-09,9,134
2023-01-09,10,103
2023-01-09,11,137
2023-01-09,12,164
2023-01-09,13,171
2023-01-09,14,165
2023-01-09,15,211
2023-01-09,16,187
2023-01-09,17,183
2023-01-09,18,112
2023-01-09,19,80
2023-01-09,20,64
2023-01-09,21,47
2023-01-09,22,44
2023-01-09,23,28
2023-01-10,0,15
2023-01-10,1,12
2023-01-10,2,8
2023-01-10,3,9
2023-01-10,4,5
2023-01-10,5,10
2023-01-10,6,22
2023-01-10,7,66
2023-01-10,8,92
2023-01-10,9,96
2023-01-10,10,107
2023-01-10,11,152
2023-01-10,12,186
2023-01-10,13,167
2023-01-10,14,134
2023-01-10,15,176
2023-01-10,16,242
2023-01-10,17,203
2023-01-10,18,210
2023-01-10,19,164
2023-01-10,20,83
2023-01-10,21,68
2023-01-10,22,46
2023-01-10,23,29
2023-01-11,0,16
2023-01-11,1,16
2023-01-11,2,10
2023-01-11,3,7
2023-01-11,4,4
2023-01-11,5,13
2023-01-11,6,31
2023-01-11,7,66
2023-01-11,8,92
2023-01-11,9,121
2023-01-11,10,127
2023-01-11,11,146
2023-01-11,12,161
2023-01-11,13,152
2023-01-11,14,172
2023-01-11,15,209
2023-01-11,16,212
2023-01-11,17,190
2023-01-11,18,183
2023-01-11,19,79
2023-01-11,20,71
2023-01-11,21,64
2023-01-11,22,50
2023-01-11,23,22
2023-01-12,0,14
2023-01-12,1,12
2023-01-12,2,4
2023-01-12,3,5
2023-01-12,4,5
2023-01-12,5,20
2023-01-12,6,21
2023-01-12,7,66
2023-01-12,8,77
2023-01-12,9,152
2023-01-12,10,145
2023-01-12,11,208
2023-01-12,12,177
2023-01-12,13,217
2023-01-12,14,176
2023-01-12,15,186
2023-01-12,16,190
2023-01-12,17,176
2023-01-12,18,143
2023-01-12,19,124
2023-01-12,20,97
2023-01-12,21,69
2023-01-12,22,38
2023-01-12,23,25
2023-01-13,0,14
2023-01-13,1,8
2023-01-13,2,4
2023-01-13,3,3
2023-01-13,4,4
2023-01-13,5,9
2023-01-13,6,22
2023-01-13,7,103
2023-01-13,8,92
2023-01-13,9,137
2023-01-13,10,179
2023-01-13,11,167
2023-01-13,12,202
2023-01-13,13,200
2023-01-13,14,162
2023-01-13,15,231
2023-01-13,16,184
2023-01-13,17,194
2023-01-13,18,166
2023-01-13,19,146
2023-01-13,20,89
2023-01-13,21,60
2023-01-13,22,55
2023-01-13,23,36
2023-01-14,0,25
2023-01-14,1,17
2023-01-14,2,17
2023-01-14,3,10
2023-01-14,4,9
2023-01-14,5,10
2023-01-14,6,14
2023-01-14,7,26
2023-01-14,8,49
2023-01-14,9,92
2023-01-14,10,115
2023-01-14,11,175
2023-01-14,12,182
2023-01-14,13,180
2023-01-14,14,176
2023-01-14,15,207
2023-01-14,16,147
2023-01-14,17,121
2023-01-14,18,100
2023-01-14,19,85
2023-01-14,20,84
2023-01-14,21,80
2023-01-14,22,67
2023-01-14,23,79
2023-01-15,0,39
2023-01-15,1,23
2023-01-15,2,16
2023-01-15,3,16
2023-01-15,4,17
2023-01-15,5,6
2023-01-15,6,8
2023-01-15,7,19
2023-01-15,8,31
2023-01-15,9,59
2023-01-15,10,80
2023-01-15,11,137
2023-01-15,12,147
2023-01-15,13,157
2023-01-15,14,130
2023-01-15,15,120
2023-01-15,16,113
2023-01-15,17,91
2023-01-15,18,100
2023-01-15,19,76
2023-01-15,20,68
2023-01-15,21,60
2023-01-15,22,37
2023-01-15,23,30
2023-01-16,0,17
2023-01-16,1,11
2023-01-16,2,11
2023-01-16,3,4
2023-01-16,4,14
2023-01-16,5,14
2023-01-16,6,23
2023-01-16,7,56
2023-01-16,8,84
2023-01-16,9,99
2023-01-16,10,106
2023-01-16,11,155
2023-01-16,12,167
2023-01-16,13,155
2023-01-16,14,140
2023-01-16,15,191
2023-01-16,16,195
2023-01-16,17,174
2023-01-16,18,133
2023-01-16,19,85
2023-01-16,20,136
2023-01-16,21,49
2023-01-16,22,38
2023-01-16,23,26
2023-01-17,0,16
2023-01-17,1,9
2023-01-17,2,7
2023-01-17,3,5
2023-01-17,4,4
2023-01-17,5,11
2023-01-17,6,23
2023-01-17,7,76
2023-01-17,8,73
2023-01-17,9,100
2023-01-17,10,127
2023-01-17,11,127
2023-01-17,12,157
2023-01-17,13,162
2023-01-17,14,170
2023-01-17,15,165
2023-01-17,16,158
2023-01-17,17,156
2023-01-17,18,133
2023-01-17,19,90
2023-01-17,20,96
2023-01-17,21,59
2023-01-17,22,40
2023-01-17,23,26
2023-01-18,0,19
2023-01-18,1,13
2023-01-18,2,5
2023-01-18,3,9
2023-01-18,4,9
2023-01-18,5,8
2023-01-18,6,24
2023-01-18,7,68
2023-01-18,8,64
2023-01-18,9,138
2023-01-18,10,133
2023-01-18,11,135
2023-01-18,12,164
2023-01-18,13,135
2023-01-18,14,190
2023-01-18,15,144
2023-01-18,16,192
2023-01-18,17,180
2023-01-18,18,163
2023-01-18,19,97
2023-01-18,20,78
2023-01-18,21,96
2023-01-18,22,91
2023-01-18,23,70
2023-01-19,0,18
2023-01-19,1,9
2023-01-19,2,1
2023-01-19,3,9
2023-01-19,4,4
2023-01-19,5,17
2023-01-19,6,16
2023-01-19,7,66
2023-01-19,8,107
2023-01-19,9,155
2023-01-19,10,137
2023-01-19,11,146
2023-01-19,12,185
2023-01-19,13,154
2023-01-19,14,160
2023-01-19,15,165
2023-01-19,16,185
2023-01-19,17,282
2023-01-19,18,154
2023-01-19,19,171
2023-01-19,20,114
2023-01-19,21,51
2023-01-19,22,43
2023-01-19,23,27
2023-01-20,0,15
2023-01-20,1,12
2023-01-20,2,5
2023-01-20,3,9
2023-01-20,4,12
2023-01-20,5,17
2023-01-20,6,29
2023-01-20,7,63
2023-01-20,8,94
2023-01-20,9,150
2023-01-20,10,153
2023-01-20,11,155
2023-01-20,12,196
2023-01-20,13,186
2023-01-20,14,222
2023-01-20,15,186
2023-01-20,16,203
2023-01-20,17,185
2023-01-20,18,208
2023-01-20,19,140
2023-01-20,20,97
2023-01-20,21,66
2023-01-20,22,51
2023-01-20,23,105
2023-01-21,0,25
2023-01-21,1,13
2023-01-21,2,14
2023-01-21,3,9
2023-01-21,4,15
2023-01-21,5,13
2023-01-21,6,13
2023-01-21,7,29
2023-01-21,8,64
2023-01-21,9,78
2023-01-21,10,148
2023-01-21,11,179
2023-01-21,12,159
2023-01-21,13,201
2023-01-21,14,132
2023-01-21,15,168
2023-01-21,16,155
2023-01-21,17,144
2023-01-21,18,110
2023-01-21,19,94
2023-01-21,20,74
2023-01-21,21,105
2023-01-21,22,40
2023-01-21,23,66
2023-01-22,0,26
2023-01-22,1,21
2023-01-22,2,51
2023-01-22,3,20
2023-01-22,4,15
2023-01-22,5,14
2023-01-22,6,11
2023-01-22,7,19
2023-01-22,8,26
2023-01-22,9,47
2023-01-22,10,85
2023-01-22,11,112
2023-01-22,12,166
2023-01-22,13,188
2023-01-22,14,165
2023-01-22,15,169
2023-01-22,16,149
2023-01-22,17,101
2023-01-22,18,100
2023-01-22,19,73
2023-01-22,20,57
2023-01-22,21,43
2023-01-22,22,85
2023-01-22,23,33
2023-01-23,0,15
2023-01-23,1,13
2023-01-23,2,4
2023-01-23,3,8
2023-01-23,4,9
2023-01-23,5,18
2023-01-23,6,28
2023-01-23,7,48
2023-01-23,8,82
2023-01-23,9,125
2023-01-23,10,116
2023-01-23,11,136
2023-01-23,12,172
2023-01-23,13,187
2023-01-23,14,183
2023-01-23,15,130
2023-01-23,16,180
2023-01-23,17,140
2023-01-23,18,139
2023-01-23,19,94
2023-01-23,20,78
2023-01-23,21,51
2023-01-23,22,42
2023-01-23,23,28
2023-01-24,0,15
2023-01-24,1,10
2023-01-24,2,4
2023-01-24,3,7
2023-01-24,4,5
2023-01-24,5,6
2023-01-24,6,23
2023-01-24,7,59
2023-01-24,8,74
2023-01-24,9,108
2023-01-24,10,155
2023-01-24,11,141
2023-01-24,12,160
2023-01-24,13,157
2023-01-24,14,182
2023-01-24,15,165
2023-01-24,16,207
2023-01-24,17,174
2023-01-24,18,160
2023-01-24,19,106
2023-01-24,20,71
2023-01-24,21,57
2023-01-24,22,38
2023-01-24,23,30
2023-01-25,0,12
2023-01-25,1,3
2023-01-25,2,10
2023-01-25,3,7
2023-01-25,4,4
2023-01-25,5,11
2023-01-25,6,29
2023-01-25,7,44
2023-01-25,8,83
2023-01-25,9,150
2023-01-25,10,128
2023-01-25,11,129
2023-01-25,12,141
2023-01-25,13,171
2023-01-25,14,160
2023-01-25,15,160
2023-01-25,16,202
2023-01-25,17,179
2023-01-25,18,135
2023-01-25,19,86
2023-01-25,20,75
2023-01-25,21,62
2023-01-25,22,62
2023-01-25,23,27
2023-01-26,0,18
2023-01-26,1,13
2023-01-26,2,6
2023-01-26,3,4
2023-01-26,4,9
2023-01-26,5,17
2023-01-26,6,26
2023-01-26,7,61
2023-01-26,8,76
2023-01-26,9,149
2023-01-26,10,130
2023-01-26,11,152
2023-01-26,12,190
2023-01-26,13,193
2023-01-26,14,223
2023-01-26,15,224
2023-01-26,16,252
2023-01-26,17,191
2023-01-26,18,160
2023-01-26,19,160
2023-01-26,20,70
2023-01-26,21,82
2023-01-26,22,43
2023-01-26,23,23
2023-01-27,0,15
2023-01-27,1,11
2023-01-27,2,6
2023-01-27,3,9
2023-01-27,4,9
2023-01-27,5,15
2023-01-27,6,20
2023-01-27,7,73
2023-01-27,8,89
2023-01-27,9,150
2023-01-27,10,136
2023-01-27,11,179
2023-01-27,12,197
2023-01-27,13,212
2023-01-27,14,206
2023-01-27,15,288
2023-01-27,16,201
2023-01-27,17,195
2023-01-27,18,136
2023-01-27,19,92
2023-01-27,20,107
2023-01-27,21,70
2023-01-27,22,42
2023-01-27,23,67
2023-01-28,0,29
2023-01-28,1,28
2023-01-28,2,14
2023-01-28,3,17
2023-01-28,4,11
2023-01-28,5,15
2023-01-28,6,11
2023-01-28,7,26
2023-01-28,8,43
2023-01-28,9,76
2023-01-28,10,156
2023-01-28,11,153
2023-01-28,12,144
2023-01-28,13,164
2023-01-28,14,190
2023-01-28,15,185
2023-01-28,16,128
2023-01-28,17,147
2023-01-28,18,164
2023-01-28,19,103
2023-01-28,20,101
2023-01-28,21,71
2023-01-28,22,47
2023-01-28,23,37
2023-01-29,0,33
2023-01-29,1,29
2023-01-29,2,14
2023-01-29,3,16
2023-01-29,4,13
2023-01-29,5,10
2023-01-29,6,16
2023-01-29,7,14
2023-01-29,8,31
2023-01-29,9,44
2023-01-29,10,79
2023-01-29,11,143
2023-01-29,12,161
2023-01-29,13,166
2023-01-29,14,187
2023-01-29,15,149
2023-01-29,16,119
2023-01-29,17,130
2023-01-29,18,100
2023-01-29,19,80
2023-01-29,20,71
2023-01-29,21,58
2023-01-29,22,61
2023-01-29,23,93
2023-01-30,0,18
2023-01-30,1,9
2023-01-30,2,4
2023-01-30,3,3
2023-01-30,4,6
2023-01-30,5,10
2023-01-30,6,30
2023-01-30,7,70
2023-01-30,8,84
2023-01-30,9,119
2023-01-30,10,125
2023-01-30,11,109
2023-01-30,12,148
2023-01-30,13,145
2023-01-30,14,168
2023-01-30,15,167
2023-01-30,16,236
2023-01-30,17,165
2023-01-30,18,114
2023-01-30,19,75
2023-01-30,20,116
2023-01-30,21,50
2023-01-30,22,40
2023-01-30,23,27
2023-01-31,0,86
2023-01-31,1,4
2023-01-31,2,8
2023-01-31,3,6
2023-01-31,4,7
2023-01-31,5,8
2023-01-31,6,22
2023-01-31,7,60
2023-01-31,8,100
2023-01-31,9,163
2023-01-31,10,171
2023-01-31,11,150
2023-01-31,12,171
2023-01-31,13,184
2023-01-31,14,201
2023-01-31,15,251
2023-01-31,16,173
2023-01-31,17,173
2023-01-31,18,179
2023-01-31,19,92
2023-01-31,20,87
2023-01-31,21,62
2023-01-31,22,39
2023-01-31,23,38
2023-02-01,0,12
2023-02-01,1,9
2023-02-01,2,3
2023-02-01,3,9
2023-02-01,4,2
2023-02-01,5,9
2023-02-01,6,26
2023-02-01,7,72
2023-02-01,8,66
2023-02-01,9,148
2023-02-01,10,219
2023-02-01,11,118
2023-02-01,12,136
2023-02-01,13,237
2023-02-01,14,214
2023-02-01,15,197
2023-02-01,16,176
2023-02-01,17,231
2023-02-01,18,147
2023-02-01,19,100
2023-02-01,20,107
2023-02-01,21,70
2023-02-01,22,86
2023-02-01,23,37
2023-02-02,0,20
2023-02-02,1,13
2023-02-02,2,57
2023-02-02,3,4
2023-02-02,4,6
2023-02-02,5,13
2023-02-02,6,38
2023-02-02,7,67
2023-02-02,8,76
2023-02-02,9,118
2023-02-02,10,138
2023-02-02,11,174
2023-02-02,12,195
2023-02-02,13,205
2023-02-02,14,191
2023-02-02,15,167
2023-02-02,16,211
2023-02-02,17,192
2023-02-02,18,132
2023-02-02,19,112
2023-02-02,20,88
2023-02-02,21,81
2023-02-02,22,35
2023-02-02,23,32
2023-02-03,0,14
2023-02-03,1,14
2023-02-03,2,11
2023-02-03,3,3
2023-02-03,4,9
2023-02-03,5,14
2023-02-03,6,24
2023-02-03,7,70
2023-02-03,8,90
2023-02-03,9,160
2023-02-03,10,146
2023-02-03,11,159
2023-02-03,12,197
2023-02-03,13,267
2023-02-03,14,221
2023-02-03,15,243
2023-02-03,16,213
2023-02-03,17,175
2023-02-03,18,176
2023-02-03,19,106
2023-02-03,20,88
2023-02-03,21,70
2023-02-03,22,54
2023-02-03,23,51
2023-02-04,0,25
2023-02-04,1,18
2023-02-04,2,14
2023-02-04,3,29
2023-02-04,4,10
2023-02-04,5,12
2023-02-04,6,18
2023-02-04,7,28
2023-02-04,8,46
2023-02-04,9,133
2023-02-04,10,130
2023-02-04,11,140
2023-02-04,12,207
2023-02-04,13,179
2023-02-04,14,154
2023-02-04,15,183
2023-02-04,16,227
2023-02-04,17,155
2023-02-04,18,159
2023-02-04,19,101
2023-02-04,20,67
2023-02-04,21,75
2023-02-04,22,51
2023-02-04,23,51
2023-02-05,0,34
2023-02-05,1,16
2023-02-05,2,15
2023-02-05,3,26
2023-02-05,4,17
2023-02-05,5,18
2023-02-05,6,7
2023-02-05,7,14
2023-02-05,8,19
2023-02-05,9,54
2023-02-05,10,82
2023-02-05,11,123
2023-02-05,12,192
2023-02-05,13,151
2023-02-05,14,145
2023-02-05,15,139
2023-02-05,16,127
2023-02-05,17,133
2023-02-05,18,105
2023-02-05,19,64
2023-02-05,20,73
2023-02-05,21,49
2023-02-05,22,33
2023-02-05,23,40
2023-02-06,0,14
2023-02-06,1,2
2023-02-06,2,8
2023-02-06,3,0
2023-02-06,4,58
2023-02-06,5,18
2023-02-06,6,30
2023-02-06,7,54
2023-02-06,8,91
2023-02-06,9,129
2023-02-06,10,129
2023-02-06,11,147
2023-02-06,12,190
2023-02-06,13,146
2023-02-06,14,145
2023-02-06,15,152
2023-02-06,16,190
2023-02-06,17,184
2023-02-06,18,139
2023-02-06,19,92
2023-02-06,20,80
2023-02-06,21,59
2023-02-06,22,44
2023-02-06,23,27
2023-02-07,0,10
2023-02-07,1,11
2023-02-07,2,5
2023-02-07,3,6
2023-02-07,4,6
2023-02-07,5,12
2023-02-07,6,26
2023-02-07,7,62
2023-02-07,8,87
2023-02-07,9,110
2023-02-07,10,182
2023-02-07,11,208
2023-02-07,12,230
2023-02-07,13,155
2023-02-07,14,186
2023-02-07,15,231
2023-02-07,16,228
2023-02-07,17,221
2023-02-07,18,173
2023-02-07,19,120
2023-02-07,20,76
2023-02-07,21,56
2023-02-07,22,41
2023-02-07,23,25
2023-02-08,0,11
2023-02-08,1,11
2023-02-08,2,8
2023-02-08,3,2
2023-02-08,4,0
2023-02-08,5,10
2023-02-08,6,30
2023-02-08,7,67
2023-02-08,8,61
2023-02-08,9,139
2023-02-08,10,138
2023-02-08,11,158
2023-02-08,12,160
2023-02-08,13,139
2023-02-08,14,177
2023-02-08,15,197
2023-02-08,16,255
2023-02-08,17,196
2023-02-08,18,168
2023-02-08,19,98
2023-02-08,20,78
2023-02-08,21,61
2023-02-08,22,46
2023-02-08,23,22
2023-02-09,0,17
2023-02-09,1,8
2023-02-09,2,7
2023-02-09,3,6
2023-02-09,4,6
2023-02-09,5,17
2023-02-09,6,35
2023-02-09,7,62
2023-02-09,8,118
2023-02-09,9,129
2023-02-09,10,157
2023-02-09,11,156
2023-02-09,12,175
2023-02-09,13,193
2023-02-09,14,187
2023-02-09,15,179
2023-02-09,16,184
2023-02-09,17,226
2023-02-09,18,130
2023-02-09,19,160
2023-02-09,20,84
2023-02-09,21,56
2023-02-09,22,45
2023-02-09,23,32
2023-02-10,0,21
2023-02-10,1,12
2023-02-10,2,6
2023-02-10,3,7
2023-02-10,4,6
2023-02-10,5,16
2023-02-10,6,22
2023-02-10,7,75
2023-02-10,8,81
2023-02-10,9,154
2023-02-10,10,158
2023-02-10,11,195
2023-02-10,12,214
2023-02-10,13,222
2023-02-10,14,210
2023-02-10,15,217
2023-02-10,16,255
2023-02-10,17,158
2023-02-10,18,187
2023-02-10,19,110
2023-02-10,20,88
2023-02-10,21,44
2023-02-10,22,61
2023-02-10,23,44
2023-02-11,0,28
2023-02-11,1,26
2023-02-11,2,15
2023-02-11,3,10
2023-02-11,4,11
2023-02-11,5,11
2023-02-11,6,11
2023-02-11,7,24
2023-02-11,8,65
2023-02-11,9,74
2023-02-11,10,189
2023-02-11,11,163
2023-02-11,12,202
2023-02-11,13,195
2023-02-11,14,193
2023-02-11,15,170
2023-02-11,16,157
2023-02-11,17,121
2023-02-11,18,116
2023-02-11,19,89
2023-02-11,20,98
2023-02-11,21,65
2023-02-11,22,43
2023-02-11,23,42
2023-02-12,0,50
2023-02-12,1,20
2023-02-12,2,15
2023-02-12,3,23
2023-02-12,4,17
2023-02-12,5,14
2023-02-12,6,8
2023-02-12,7,16
2023-02-12,8,21
2023-02-12,9,44
2023-02-12,10,79
2023-02-12,11,124
2023-02-12,12,159
2023-02-12,13,170
2023-02-12,14,242
2023-02-12,15,152
2023-02-12,16,113
2023-02-12,17,156
2023-02-12,18,92
2023-02-12,19,77
2023-02-12,20,73
2023-02-12,21,50
2023-02-12,22,41
2023-02-12,23,34
2023-02-13,0,26
2023-02-13,1,6
2023-02-13,2,11
2023-02-13,3,7
2023-02-13,4,58
2023-02-13,5,10
2023-02-13,6,26
2023-02-13,7,56
2023-02-13,8,81
2023-02-13,9,104
2023-02-13,10,131
2023-02-13,11,133
2023-02-13,12,151
2023-02-13,13,170
2023-02-13,14,119
2023-02-13,15,156
2023-02-13,16,163
2023-02-13,17,145
2023-02-13,18,117
2023-02-13,19,103
2023-02-13,20,71
2023-02-13,21,112
2023-02-13,22,42
2023-02-13,23,34
2023-02-14,0,13
2023-02-14,1,8
2023-02-14,2,4
2023-02-14,3,6
2023-02-14,4,4
2023-02-14,5,9
2023-02-14,6,26
2023-02-14,7,98
2023-02-14,8,73
2023-02-14,9,97
2023-02-14,10,109
2023-02-14,11,175
2023-02-14,12,165
2023-02-14,13,164
2023-02-14,14,206
2023-02-14,15,165
2023-02-14,16,178
2023-02-14,17,168
2023-02-14,18,132
2023-02-14,19,86
2023-02-14,20,61
2023-02-14,21,71
2023-02-14,22,44
2023-02-14,23,30
2023-02-15,0,18
2023-02-15,1,7
2023-02-15,2,4
2023-02-15,3,5
2023-02-15,4,5
2023-02-15,5,11
2023-02-15,6,70
2023-02-15,7,58
2023-02-15,8,76
2023-02-15,9,81
2023-02-15,10,131
2023-02-15,11,117
2023-02-15,12,153
2023-02-15,13,184
2023-02-15,14,148
2023-02-15,15,181
2023-02-15,16,202
2023-02-15,17,187
2023-02-15,18,165
2023-02-15,19,98
2023-02-15,20,75
2023-02-15,21,64
2023-02-15,22,36
2023-02-15,23,22
2023-02-16,0,21
2023-02-16,1,12
2023-02-16,2,18
2023-02-16,3,5
2023-02-16,4,4
2023-02-16,5,20
2023-02-16,6,31
2023-02-16,7,57
2023-02-16,8,167
2023-02-16,9,143
2023-02-16,10,151
2023-02-16,11,163
2023-02-16,12,181
2023-02-16,13,172
2023-02-16,14,167
2023-02-16,15,190
2023-02-16,16,185
2023-02-16,17,202
2023-02-16,18,166
2023-02-16,19,117
2023-02-16,20,219
2023-02-16,21,70
2023-02-16,22,47
2023-02-16,23,32
2023-02-17,0,17
2023-02-17,1,6
2023-02-17,2,8
2023-02-17,3,7
2023-02-17,4,7
2023-02-17,5,13
2023-02-17,6,29
2023-02-17,7,63
2023-02-17,8,105
2023-02-17,9,140
2023-02-17,10,134
2023-02-17,11,173
2023-02-17,12,230
2023-02-17,13,211
2023-02-17,14,229
2023-02-17,15,212
2023-02-17,16,196
2023-02-17,17,186
2023-02-17,18,150
2023-02-17,19,130
2023-02-17,20,87
2023-02-17,21,56
2023-02-17,22,53
2023-02-17,23,50
2023-02-18,0,29
2023-02-18,1,13
2023-02-18,2,19
2023-02-18,3,41
2023-02-18,4,14
2023-02-18,5,16
2023-02-18,6,20
2023-02-18,7,28
2023-02-18,8,46
2023-02-18,9,82
2023-02-18,10,163
2023-02-18,11,160
2023-02-18,12,214
2023-02-18,13,191
2023-02-18,14,159
2023-02-18,15,136
2023-02-18,16,128
2023-02-18,17,132
2023-02-18,18,215
2023-02-18,19,102
2023-02-18,20,86
2023-02-18,21,128
2023-02-18,22,70
2023-02-18,23,49
2023-02-19,0,30
2023-02-19,1,26
2023-02-19,2,18
2023-02-19,3,15
2023-02-19,4,15
2023-02-19,5,12
2023-02-19,6,12
2023-02-19,7,23
2023-02-19,8,21
2023-02-19,9,54
2023-02-19,10,93
2023-02-19,11,124
2023-02-19,12,154
2023-02-19,13,186
2023-02-19,14,175
2023-02-19,15,171
2023-02-19,16,104
2023-02-19,17,124
2023-02-19,18,134
2023-02-19,19,67
2023-02-19,20,105
2023-02-19,21,62
2023-02-19,22,46
2023-02-19,23,27
2023-02-20,0,28
2023-02-20,1,12
2023-02-20,2,5
2023-02-20,3,5
2023-02-20,4,5
2023-02-20,5,11
2023-02-20,6,23
2023-02-20,7,56
2023-02-20,8,140
2023-02-20,9,128
2023-02-20,10,146
2023-02-20,11,160
2023-02-20,12,179
2023-02-20,13,148
2023-02-20,14,159
2023-02-20,15,174
2023-02-20,16,168
2023-02-20,17,195
2023-02-20,18,118
2023-02-20,19,107
2023-02-20,20,64
2023-02-20,21,57
2023-02-20,22,38
2023-02-20,23,29
2023-02-21,0,19
2023-02-21,1,13
2023-02-21,2,58
2023-02-21,3,1
2023-02-21,4,11
2023-02-21,5,15
2023-02-21,6,27
2023-02-21,7,71
2023-02-21,8,90
2023-02-21,9,123
2023-02-21,10,162
2023-02-21,11,179
2023-02-21,12,195
2023-02-21,13,171
2023-02-21,14,179
2023-02-21,15,155
2023-02-21,16,208
2023-02-21,17,180
2023-02-21,18,155
2023-02-21,19,102
2023-02-21,20,59
2023-02-21,21,46
2023-02-21,22,47
2023-02-21,23,53
2023-02-22,0,12
2023-02-22,1,3
2023-02-22,2,4
2023-02-22,3,4
2023-02-22,4,4
2023-02-22,5,12
2023-02-22,6,140
2023-02-22,7,62
2023-02-22,8,73
2023-02-22,9,147
2023-02-22,10,141
2023-02-22,11,139
2023-02-22,12,127
2023-02-22,13,158
2023-02-22,14,146
2023-02-22,15,200
2023-02-22,16,174
2023-02-22,17,184
2023-02-22,18,204
2023-02-22,19,90
2023-02-22,20,82
2023-02-22,21,56
2023-02-22,22,41
2023-02-22,23,25
2023-02-23,0,15
2023-02-23,1,10
2023-02-23,2,5
2023-02-23,3,6
2023-02-23,4,6
2023-02-23,5,16
2023-02-23,6,21
2023-02-23,7,60
2023-02-23,8,81
2023-02-23,9,158
2023-02-23,10,120
2023-02-23,11,167
2023-02-23,12,178
2023-02-23,13,200
2023-02-23,14,175
2023-02-23,15,230
2023-02-23,16,215
2023-02-23,17,210
2023-02-23,18,149
2023-02-23,19,105
2023-02-23,20,101
2023-02-23,21,64
2023-02-23,22,39
2023-02-23,23,22
2023-02-24,0,13
2023-02-24,1,12
2023-02-24,2,9
2023-02-24,3,6
2023-02-24,4,8
2023-02-24,5,12
2023-02-24,6,28
2023-02-24,7,66
2023-02-24,8,112
2023-02-24,9,153
2023-02-24,10,180
2023-02-24,11,138
2023-02-24,12,210
2023-02-24,13,203
2023-02-24,14,236
2023-02-24,15,222
2023-02-24,16,201
2023-02-24,17,153
2023-02-24,18,183
2023-02-24,19,106
2023-02-24,20,105
2023-02-24,21,74
2023-02-24,22,48
2023-02-24,23,41
2023-02-25,0,29
2023-02-25,1,22
2023-02-25,2,20
2023-02-25,3,15
2023-02-25,4,28
2023-02-25,5,11
2023-02-25,6,11
2023-02-25,7,29
2023-02-25,8,51
2023-02-25,9,87
2023-02-25,10,224
2023-02-25,11,151
2023-02-25,12,178
2023-02-25,13,224
2023-02-25,14,229
2023-02-25,15,234
2023-02-25,16,185
2023-02-25,17,140
2023-02-25,18,181
2023-02-25,19,113
2023-02-25,20,60
2023-02-25,21,67
2023-02-25,22,48
2023-02-25,23,82
2023-02-26,0,24
2023-02-26,1,23
2023-02-26,2,14
2023-02-26,3,13
2023-02-26,4,21
2023-02-26,5,6
2023-02-26,6,9
2023-02-26,7,13
2023-02-26,8,25
2023-02-26,9,55
2023-02-26,10,82
2023-02-26,11,126
2023-02-26,12,157
2023-02-26,13,174
2023-02-26,14,148
2023-02-26,15,101
2023-02-26,16,71
2023-02-26,17,124
2023-02-26,18,109
2023-02-26,19,179
2023-02-26,20,78
2023-02-26,21,55
2023-02-26,22,57
2023-02-26,23,31
2023-02-27,0,25
2023-02-27,1,11
2023-02-27,2,16
2023-02-27,3,7
2023-02-27,4,12
2023-02-27,5,13
2023-02-27,6,37
2023-02-27,7,75
2023-02-27,8,78
2023-02-27,9,121
2023-02-27,10,168
2023-02-27,11,147
2023-02-27,12,168
2023-02-27,13,137
2023-02-27,14,159
2023-02-27,15,170
2023-02-27,16,171
2023-02-27,17,189
2023-02-27,18,126
2023-02-27,19,89
2023-02-27,20,59
2023-02-27,21,48
2023-02-27,22,38
2023-02-27,23,28
2023-02-28,0,30
2023-02-28,1,13
2023-02-28,2,4
2023-02-28,3,4
2023-02-28,4,3
2023-02-28,5,13
2023-02-28,6,32
2023-02-28,7,64
2023-02-28,8,86
2023-02-28,9,99
2023-02-28,10,123
2023-02-28,11,120
2023-02-28,12,198
2023-02-28,13,182
2023-02-28,14,143
2023-02-28,15,162
2023-02-28,16,200
2023-02-28,17,174
2023-02-28,18,146
2023-02-28,19,102
2023-02-28,20,98
2023-02-28,21,68
2023-02-28,22,35
2023-02-28,23,28
2023-03-01,0,19
2023-03-01,1,13
2023-03-01,2,9
2023-03-01,3,6
2023-03-01,4,4
2023-03-01,5,8
2023-03-01,6,33
2023-03-01,7,68
2023-03-01,8,76
2023-03-01,9,126
2023-03-01,10,140
2023-03-01,11,177
2023-03-01,12,157
2023-03-01,13,151
2023-03-01,14,184
2023-03-01,15,180
2023-03-01,16,186
2023-03-01,17,204
2023-03-01,18,158
2023-03-01,19,116
2023-03-01,20,87
2023-03-01,21,95
2023-03-01,22,48
2023-03-01,23,25
2023-03-02,0,16
2023-03-02,1,6
2023-03-02,2,17
2023-03-02,3,8
2023-03-02,4,2
2023-03-02,5,12
2023-03-02,6,18
2023-03-02,7,59
2023-03-02,8,91
2023-03-02,9,137
2023-03-02,10,124
2023-03-02,11,208
2023-03-02,12,153
2023-03-02,13,202
2023-03-02,14,170
2023-03-02,15,194
2023-03-02,16,196
2023-03-02,17,207
2023-03-02,18,129
2023-03-02,19,119
2023-03-02,20,89
2023-03-02,21,51
2023-03-02,22,32
2023-03-02,23,19
2023-03-03,0,17
2023-03-03,1,9
2023-03-03,2,5
2023-03-03,3,1
2023-03-03,4,4
2023-03-03,5,14
2023-03-03,6,60
2023-03-03,7,55
2023-03-03,8,156
2023-03-03,9,148
2023-03-03,10,146
2023-03-03,11,167
2023-03-03,12,234
2023-03-03,13,205
2023-03-03,14,241
2023-03-03,15,202
2023-03-03,16,201
2023-03-03,17,216
2023-03-03,18,164
2023-03-03,19,91
2023-03-03,20,96
2023-03-03,21,75
2023-03-03,22,40
2023-03-03,23,31
2023-03-04,0,38
2023-03-04,1,26
2023-03-04,2,17
2023-03-04,3,16
2023-03-04,4,6
2023-03-04,5,9
2023-03-04,6,17
2023-03-04,7,36
2023-03-04,8,51
2023-03-04,9,83
2023-03-04,10,178
2023-03-04,11,184
2023-03-04,12,189
2023-03-04,13,205
2023-03-04,14,164
2023-03-04,15,159
2023-03-04,16,134
2023-03-04,17,145
2023-03-04,18,124
2023-03-04,19,118
2023-03-04,20,229
2023-03-04,21,75
2023-03-04,22,79
2023-03-04,23,53
2023-03-05,0,31
2023-03-05,1,16
2023-03-05,2,16
2023-03-05,3,16
2023-03-05,4,16
2023-03-05,5,16
2023-03-05,6,12
2023-03-05,7,16
2023-03-05,8,23
2023-03-05,9,41
2023-03-05,10,95
2023-03-05,11,149
2023-03-05,12,145
2023-03-05,13,154
2023-03-05,14,149
2023-03-05,15,161
2023-03-05,16,161
2023-03-05,17,116
2023-03-05,18,114
2023-03-05,19,65
2023-03-05,20,74
2023-03-05,21,52
2023-03-05,22,52
2023-03-05,23,30
2023-03-06,0,23
2023-03-06,1,7
2023-03-06,2,6
2023-03-06,3,5
2023-03-06,4,14
2023-03-06,5,7
2023-03-06,6,31
2023-03-06,7,57
2023-03-06,8,103
2023-03-06,9,147
2023-03-06,10,152
2023-03-06,11,179
2023-03-06,12,153
2023-03-06,13,173
2023-03-06,14,199
2023-03-06,15,174
2023-03-06,16,178
2023-03-06,17,177
2023-03-06,18,167
2023-03-06,19,86
2023-03-06,20,67
2023-03-06,21,67
2023-03-06,22,31
2023-03-06,23,20
2023-03-07,0,14
2023-03-07,1,6
2023-03-07,2,2
2023-03-07,3,3
2023-03-07,4,6
2023-03-07,5,17
2023-03-07,6,31
2023-03-07,7,71
2023-03-07,8,87
2023-03-07,9,111
2023-03-07,10,164
2023-03-07,11,173
2023-03-07,12,151
2023-03-07,13,117
2023-03-07,14,175
2023-03-07,15,210
2023-03-07,16,177
2023-03-07,17,191
2023-03-07,18,148
2023-03-07,19,103
2023-03-07,20,100
2023-03-07,21,64
2023-03-07,22,38
2023-03-07,23,26
2023-03-08,0,12
2023-03-08,1,9
2023-03-08,2,4
2023-03-08,3,4
2023-03-08,4,4
2023-03-08,5,10
2023-03-08,6,28
2023-03-08,7,70
2023-03-08,8,84
2023-03-08,9,140
2023-03-08,10,149
2023-03-08,11,159
2023-03-08,12,138
2023-03-08,13,181
2023-03-08,14,171
2023-03-08,15,190
2023-03-08,16,185
2023-03-08,17,177
2023-03-08,18,170
2023-03-08,19,97
2023-03-08,20,90
2023-03-08,21,68
2023-03-08,22,120
2023-03-08,23,33
2023-03-09,0,15
2023-03-09,1,13
2023-03-09,2,6
2023-03-09,3,3
2023-03-09,4,3
2023-03-09,5,13
2023-03-09,6,31
2023-03-09,7,52
2023-03-09,8,109
2023-03-09,9,139
2023-03-09,10,160
2023-03-09,11,141
2023-03-09,12,183
2023-03-09,13,204
2023-03-09,14,218
2023-03-09,15,192
2023-03-09,16,203
2023-03-09,17,181
2023-03-09,18,214
2023-03-09,19,119
2023-03-09,20,144
2023-03-09,21,61
2023-03-09,22,55
2023-03-09,23,30
2023-03-10,0,16
2023-03-10,1,9
2023-03-10,2,3
2023-03-10,3,3
2023-03-10,4,2
2023-03-10,5,12
2023-03-10,6,41
2023-03-10,7,68
2023-03-10,8,99
2023-03-10,9,134
2023-03-10,10,146
2023-03-10,11,185
2023-03-10,12,215
2023-03-10,13,196
2023-03-10,14,258
2023-03-10,15,177
2023-03-10,16,191
2023-03-10,17,165
2023-03-10,18,140
2023-03-10,19,99
2023-03-10,20,147
2023-03-10,21,68
2023-03-10,22,60
2023-03-10,23,47
2023-03-11,0,19
2023-03-11,1,24
2023-03-11,2,14
2023-03-11,3,21
2023-03-11,4,7
2023-03-11,5,8
2023-03-11,6,13
2023-03-11,7,25
2023-03-11,8,55
2023-03-11,9,100
2023-03-11,10,209
2023-03-11,11,146
2023-03-11,12,173
2023-03-11,13,172
2023-03-11,14,164
2023-03-11,15,180
2023-03-11,16,139
2023-03-11,17,126
2023-03-11,18,121
2023-03-11,19,102
2023-03-11,20,90
2023-03-11,21,61
2023-03-11,22,55
2023-03-11,23,59
2023-03-12,0,30
2023-03-12,1,38
2023-03-12,2,18
2023-03-12,3,19
2023-03-12,4,22
2023-03-12,5,9
2023-03-12,6,14
2023-03-12,7,16
2023-03-12,8,21
2023-03-12,9,47
2023-03-12,10,92
2023-03-12,11,172
2023-03-12,12,165
2023-03-12,13,150
2023-03-12,14,133
2023-03-12,15,162
2023-03-12,16,107
2023-03-12,17,119
2023-03-12,18,109
2023-03-12,19,79
2023-03-12,20,65
2023-03-12,21,36
2023-03-12,22,38
2023-03-12,23,46
2023-03-13,0,17
2023-03-13,1,14
2023-03-13,2,5
2023-03-13,3,5
2023-03-13,4,25
2023-03-13,5,8
2023-03-13,6,28
2023-03-13,7,76
2023-03-13,8,70
2023-03-13,9,144
2023-03-13,10,109
2023-03-13,11,143
2023-03-13,12,159
2023-03-13,13,161
2023-03-13,14,155
2023-03-13,15,143
2023-03-13,16,180
2023-03-13,17,173
2023-03-13,18,147
2023-03-13,19,93
2023-03-13,20,80
2023-03-13,21,68
2023-03-13,22,41
2023-03-13,23,23
2023-03-14,0,20
2023-03-14,1,12
2023-03-14,2,2
2023-03-14,3,6
2023-03-14,4,6
2023-03-14,5,17
2023-03-14,6,26
2023-03-14,7,66
2023-03-14,8,90
2023-03-14,9,139
2023-03-14,10,131
2023-03-14,11,183
2023-03-14,12,175
2023-03-14,13,187
2023-03-14,14,142
2023-03-14,15,161
2023-03-14,16,167
2023-03-14,17,247
2023-03-14,18,138
2023-03-14,19,100
2023-03-14,20,71
2023-03-14,21,60
2023-03-14,22,41
2023-03-14,23,57
2023-03-15,0,15
2023-03-15,1,9
2023-03-15,2,0
2023-03-15,3,3
2023-03-15,4,4
2023-03-15,5,7
2023-03-15,6,21
2023-03-15,7,59
2023-03-15,8,82
2023-03-15,9,127
2023-03-15,10,172
2023-03-15,11,134
2023-03-15,12,161
2023-03-15,13,220
2023-03-15,14,172
2023-03-15,15,188
2023-03-15,16,171
2023-03-15,17,184
2023-03-15,18,147
2023-03-15,19,93
2023-03-15,20,78
2023-03-15,21,65
2023-03-15,22,64
2023-03-15,23,20
2023-03-16,0,13
2023-03-16,1,6
2023-03-16,2,8
2023-03-16,3,2
2023-03-16,4,1
2023-03-16,5,9
2023-03-16,6,25
2023-03-16,7,73
2023-03-16,8,83
2023-03-16,9,153
2023-03-16,10,194
2023-03-16,11,175
2023-03-16,12,204
2023-03-16,13,189
2023-03-16,14,178
2023-03-16,15,179
2023-03-16,16,200
2023-03-16,17,172
2023-03-16,18,166
2023-03-16,19,152
2023-03-16,20,153
2023-03-16,21,102
2023-03-16,22,43
2023-03-16,23,30
2023-03-17,0,12
2023-03-17,1,6
2023-03-17,2,8
2023-03-17,3,2
2023-03-17,4,3
2023-03-17,5,13
2023-03-17,6,27
2023-03-17,7,62
2023-03-17,8,108
2023-03-17,9,153
2023-03-17,10,190
2023-03-17,11,193
2023-03-17,12,198
2023-03-17,13,185
2023-03-17,14,235
2023-03-17,15,206
2023-03-17,16,224
2023-03-17,17,248
2023-03-17,18,207
2023-03-17,19,100
2023-03-17,20,123
2023-03-17,21,72
2023-03-17,22,84
2023-03-17,23,46
2023-03-18,0,34
2023-03-18,1,20
2023-03-18,2,19
2023-03-18,3,18
2023-03-18,4,13
2023-03-18,5,15
2023-03-18,6,15
2023-03-18,7,31
2023-03-18,8,58
2023-03-18,9,112
2023-03-18,10,167
2023-03-18,11,190
2023-03-18,12,233
2023-03-18,13,201
2023-03-18,14,164
2023-03-18,15,175
2023-03-18,16,158
2023-03-18,17,146
2023-03-18,18,182
2023-03-18,19,111
2023-03-18,20,130
2023-03-18,21,69
2023-03-18,22,54
2023-03-18,23,45
2023-03-19,0,28
2023-03-19,1,17
2023-03-19,2,11
2023-03-19,3,15
2023-03-19,4,27
2023-03-19,5,8
2023-03-19,6,12
2023-03-19,7,16
2023-03-19,8,21
2023-03-19,9,47
2023-03-19,10,89
2023-03-19,11,141
2023-03-19,12,194
2023-03-19,13,174
2023-03-19,14,135
2023-03-19,15,154
2023-03-19,16,106
2023-03-19,17,136
2023-03-19,18,106
2023-03-19,19,93
2023-03-19,20,64
2023-03-19,21,53
2023-03-19,22,50
2023-03-19,23,24
2023-03-20,0,23
2023-03-20,1,10
2023-03-20,2,3
2023-03-20,3,8
2023-03-20,4,9
2023-03-20,5,13
2023-03-20,6,23
2023-03-20,7,58
2023-03-20,8,90
2023-03-20,9,158
2023-03-20,10,137
2023-03-20,11,199
2023-03-20,12,179
2023-03-20,13,174
2023-03-20,14,117
2023-03-20,15,140
2023-03-20,16,178
2023-03-20,17,163
2023-03-20,18,119
2023-03-20,19,99
2023-03-20,20,65
2023-03-20,21,84
2023-03-20,22,50
2023-03-20,23,21
2023-03-21,0,16
2023-03-21,1,8
2023-03-21,2,4
2023-03-21,3,4
2023-03-21,4,4
2023-03-21,5,8
2023-03-21,6,29
2023-03-21,7,68
2023-03-21,8,83
2023-03-21,9,123
2023-03-21,10,148
2023-03-21,11,147
2023-03-21,12,171
2023-03-21,13,182
2023-03-21,14,197
2023-03-21,15,162
2023-03-21,16,174
2023-03-21,17,171
2023-03-21,18,141
2023-03-21,19,102
2023-03-21,20,74
2023-03-21,21,171
2023-03-21,22,38
2023-03-21,23,31
2023-03-22,0,20
2023-03-22,1,8
2023-03-22,2,4
2023-03-22,3,5
2023-03-22,4,8
2023-03-22,5,11
2023-03-22,6,34
2023-03-22,7,80
2023-03-22,8,71
2023-03-22,9,134
2023-03-22,10,155
2023-03-22,11,147
2023-03-22,12,163
2023-03-22,13,214
2023-03-22,14,182
2023-03-22,15,151
2023-03-22,16,174
2023-03-22,17,174
2023-03-22,18,143
2023-03-22,19,93
2023-03-22,20,75
2023-03-22,21,57
2023-03-22,22,47
2023-03-22,23,26
2023-03-23,0,15
2023-03-23,1,10
2023-03-23,2,9
2023-03-23,3,4
2023-03-23,4,8
2023-03-23,5,22
2023-03-23,6,28
2023-03-23,7,62
2023-03-23,8,95
2023-03-23,9,147
2023-03-23,10,132
2023-03-23,11,193
2023-03-23,12,143
2023-03-23,13,156
2023-03-23,14,171
2023-03-23,15,207
2023-03-23,16,239
2023-03-23,17,185
2023-03-23,18,144
2023-03-23,19,122
2023-03-23,20,122
2023-03-23,21,60
2023-03-23,22,47
2023-03-23,23,30
2023-03-24,0,13
2023-03-24,1,5
2023-03-24,2,2
2023-03-24,3,6
2023-03-24,4,4
2023-03-24,5,17
2023-03-24,6,31
2023-03-24,7,66
2023-03-24,8,136
2023-03-24,9,206
2023-03-24,10,158
2023-03-24,11,226
2023-03-24,12,205
2023-03-24,13,211
2023-03-24,14,259
2023-03-24,15,230
2023-03-24,16,228
2023-03-24,17,202
2023-03-24,18,156
2023-03-24,19,98
2023-03-24,20,126
2023-03-24,21,64
2023-03-24,22,81
2023-03-24,23,41
2023-03-25,0,36
2023-03-25,1,23
2023-03-25,2,14
2023-03-25,3,10
2023-03-25,4,4
2023-03-25,5,17
2023-03-25,6,19
2023-03-25,7,35
2023-03-25,8,49
2023-03-25,9,110
2023-03-25,10,157
2023-03-25,11,164
2023-03-25,12,189
2023-03-25,13,194
2023-03-25,14,250
2023-03-25,15,151
2023-03-25,16,120
2023-03-25,17,190
2023-03-25,18,124
2023-03-25,19,87
2023-03-25,20,107
2023-03-25,21,96
2023-03-25,22,60
2023-03-25,23,45
2023-03-26,0,23
2023-03-26,1,34
2023-03-26,2,17
2023-03-26,3,17
2023-03-26,4,13
2023-03-26,5,18
2023-03-26,6,15
2023-03-26,7,17
2023-03-26,8,44
2023-03-26,9,91
2023-03-26,10,99
2023-03-26,11,136
2023-03-26,12,189
2023-03-26,13,164
2023-03-26,14,135
2023-03-26,15,120
2023-03-26,16,119
2023-03-26,17,137
2023-03-26,18,89
2023-03-26,19,57
2023-03-26,20,51
2023-03-26,21,53
2023-03-26,22,24
2023-03-26,23,13
2023-03-27,0,15
2023-03-27,1,3
2023-03-27,2,6
2023-03-27,3,11
2023-03-27,4,9
2023-03-27,5,20
2023-03-27,6,55
2023-03-27,7,95
2023-03-27,8,150
2023-03-27,9,143
2023-03-27,10,156
2023-03-27,11,156
2023-03-27,12,157
2023-03-27,13,129
2023-03-27,14,156
2023-03-27,15,226
2023-03-27,16,165
2023-03-27,17,145
2023-03-27,18,91
2023-03-27,19,73
2023-03-27,20,79
2023-03-27,21,34
2023-03-27,22,25
2023-03-27,23,25
2023-03-28,0,7
2023-03-28,1,4
2023-03-28,2,1
2023-03-28,3,7
2023-03-28,4,7
2023-03-28,5,29
2023-03-28,6,61
2023-03-28,7,79
2023-03-28,8,127
2023-03-28,9,136
2023-03-28,10,133
2023-03-28,11,175
2023-03-28,12,194
2023-03-28,13,154
2023-03-28,14,161
2023-03-28,15,325
2023-03-28,16,184
2023-03-28,17,152
2023-03-28,18,127
2023-03-28,19,64
2023-03-28,20,119
2023-03-28,21,37
2023-03-28,22,55
2023-03-28,23,18
2023-03-29,0,10
2023-03-29,1,5
2023-03-29,2,5
2023-03-29,3,6
2023-03-29,4,7
2023-03-29,5,27
2023-03-29,6,53
2023-03-29,7,87
2023-03-29,8,136
2023-03-29,9,137
2023-03-29,10,114
2023-03-29,11,190
2023-03-29,12,166
2023-03-29,13,179
2023-03-29,14,181
2023-03-29,15,251
2023-03-29,16,204
2023-03-29,17,134
2023-03-29,18,122
2023-03-29,19,84
2023-03-29,20,76
2023-03-29,21,63
2023-03-29,22,25
2023-03-29,23,14
2023-03-30,0,1
2023-03-30,1,1
2023-03-30,2,2
2023-03-30,3,4
2023-03-30,4,7
2023-03-30,5,29
2023-03-30,6,62
2023-03-30,7,68
2023-03-30,8,134
2023-03-30,9,190
2023-03-30,10,176
2023-03-30,11,177
2023-03-30,12,221
2023-03-30,13,172
2023-03-30,14,215
2023-03-30,15,236
2023-03-30,16,222
2023-03-30,17,141
2023-03-30,18,116
2023-03-30,19,82
2023-03-30,20,67
2023-03-30,21,51
2023-03-30,22,58
2023-03-30,23,21
2023-03-31,0,14
2023-03-31,1,5
2023-03-31,2,6
2023-03-31,3,13
2023-03-31,4,15
2023-03-31,5,81
2023-03-31,6,74
2023-03-31,7,107
2023-03-31,8,161
2023-03-31,9,194
2023-03-31,10,177
2023-03-31,11,198
2023-03-31,12,197
2023-03-31,13,210
2023-03-31,14,206
2023-03-31,15,227
2023-03-31,16,208
2023-03-31,17,180
2023-03-31,18,113
2023-03-31,19,88
2023-03-31,20,78
2023-03-31,21,71
2023-03-31,22,51
2023-03-31,23,28
2023-04-01,0,23
2023-04-01,1,17
2023-04-01,2,18
2023-04-01,3,10
2023-04-01,4,11
2023-04-01,5,16
2023-04-01,6,37
2023-04-01,7,34
2023-04-01,8,84
2023-04-01,9,153
2023-04-01,10,191
2023-04-01,11,225
2023-04-01,12,249
2023-04-01,13,200
2023-04-01,14,215
2023-04-01,15,131
2023-04-01,16,156
2023-04-01,17,119
2023-04-01,18,106
2023-04-01,19,82
2023-04-01,20,76
2023-04-01,21,54
2023-04-01,22,47
2023-04-01,23,35
2023-04-02,0,25
2023-04-02,1,14
2023-04-02,2,20
2023-04-02,3,14
2023-04-02,4,10
2023-04-02,5,15
2023-04-02,6,16
2023-04-02,7,24
2023-04-02,8,48
2023-04-02,9,126
2023-04-02,10,137
2023-04-02,11,115
2023-04-02,12,191
2023-04-02,13,212
2023-04-02,14,155
2023-04-02,15,117
2023-04-02,16,107
2023-04-02,17,104
2023-04-02,18,100
2023-04-02,19,64
2023-04-02,20,62
2023-04-02,21,54
2023-04-02,22,28
2023-04-02,23,18
2023-04-03,0,6
2023-04-03,1,5
2023-04-03,2,2
2023-04-03,3,11
2023-04-03,4,12
2023-04-03,5,21
2023-04-03,6,56
2023-04-03,7,78
2023-04-03,8,136
2023-04-03,9,106
2023-04-03,10,153
2023-04-03,11,144
2023-04-03,12,128
2023-04-03,13,154
2023-04-03,14,160
2023-04-03,15,194
2023-04-03,16,180
2023-04-03,17,209
2023-04-03,18,90
2023-04-03,19,77
2023-04-03,20,63
2023-04-03,21,43
2023-04-03,22,19
2023-04-03,23,27
2023-04-04,0,9
2023-04-04,1,4
2023-04-04,2,11
2023-04-04,3,4
2023-04-04,4,12
2023-04-04,5,22
2023-04-04,6,61
2023-04-04,7,61
2023-04-04,8,112
2023-04-04,9,152
2023-04-04,10,167
2023-04-04,11,177
2023-04-04,12,175
2023-04-04,13,150
2023-04-04,14,142
2023-04-04,15,201
2023-04-04,16,158
2023-04-04,17,162
2023-04-04,18,109
2023-04-04,19,72
2023-04-04,20,52
2023-04-04,21,43
2023-04-04,22,27
2023-04-04,23,18
2023-04-05,0,12
2023-04-05,1,7
2023-04-05,2,0
2023-04-05,3,2
2023-04-05,4,14
2023-04-05,5,70
2023-04-05,6,70
2023-04-05,7,83
2023-04-05,8,198
2023-04-05,9,138
2023-04-05,10,124
2023-04-05,11,146
2023-04-05,12,204
2023-04-05,13,184
2023-04-05,14,200
2023-04-05,15,193
2023-04-05,16,181
2023-04-05,17,164
2023-04-05,18,113
2023-04-05,19,81
2023-04-05,20,75
2023-04-05,21,72
2023-04-05,22,32
2023-04-05,23,17
2023-04-06,0,13
2023-04-06,1,11
2023-04-06,2,4
2023-04-06,3,5
2023-04-06,4,11
2023-04-06,5,30
2023-04-06,6,76
2023-04-06,7,90
2023-04-06,8,124
2023-04-06,9,171
2023-04-06,10,185
2023-04-06,11,208
2023-04-06,12,184
2023-04-06,13,244
2023-04-06,14,246
2023-04-06,15,250
2023-04-06,16,203
2023-04-06,17,152
2023-04-06,18,114
2023-04-06,19,89
2023-04-06,20,75
2023-04-06,21,109
2023-04-06,22,28
2023-04-06,23,19
2023-04-07,0,16
2023-04-07,1,7
2023-04-07,2,4
2023-04-07,3,5
2023-04-07,4,15
2023-04-07,5,46
2023-04-07,6,52
2023-04-07,7,88
2023-04-07,8,190
2023-04-07,9,158
2023-04-07,10,164
2023-04-07,11,239
2023-04-07,12,180
2023-04-07,13,262
2023-04-07,14,200
2023-04-07,15,158
2023-04-07,16,205
2023-04-07,17,134
2023-04-07,18,119
2023-04-07,19,112
2023-04-07,20,132
2023-04-07,21,68
2023-04-07,22,59
2023-04-07,23,27
2023-04-08,0,16
2023-04-08,1,17
2023-04-08,2,14
2023-04-08,3,13
2023-04-08,4,12
2023-04-08,5,18
2023-04-08,6,28
2023-04-08,7,52
2023-04-08,8,122
2023-04-08,9,150
2023-04-08,10,141
2023-04-08,11,131
2023-04-08,12,98
2023-04-08,13,112
2023-04-08,14,140
2023-04-08,15,131
2023-04-08,16,120
2023-04-08,17,112
2023-04-08,18,86
2023-04-08,19,75
2023-04-08,20,60
2023-04-08,21,56
2023-04-08,22,47
2023-04-08,23,34
2023-04-09,0,18
2023-04-09,1,15
2023-04-09,2,13
2023-04-09,3,23
2023-04-09,4,8
2023-04-09,5,15
2023-04-09,6,16
2023-04-09,7,16
2023-04-09,8,40
2023-04-09,9,89
2023-04-09,10,117
2023-04-09,11,138
2023-04-09,12,145
2023-04-09,13,119
2023-04-09,14,120
2023-04-09,15,106
2023-04-09,16,95
2023-04-09,17,112
2023-04-09,18,82
2023-04-09,19,73
2023-04-09,20,51
2023-04-09,21,54
2023-04-09,22,20
2023-04-09,23,17
2023-04-10,0,13
2023-04-10,1,6
2023-04-10,2,9
2023-04-10,3,10
2023-04-10,4,13
2023-04-10,5,18
2023-04-10,6,54
2023-04-10,7,67
2023-04-10,8,121
2023-04-10,9,88
2023-04-10,10,124
2023-04-10,11,194
2023-04-10,12,154
2023-04-10,13,135
2023-04-10,14,124
2023-04-10,15,121
2023-04-10,16,134
2023-04-10,17,119
2023-04-10,18,81
2023-04-10,19,59
2023-04-10,20,61
2023-04-10,21,36
2023-04-10,22,27
2023-04-10,23,25
2023-04-11,0,16
2023-04-11,1,6
2023-04-11,2,5
2023-04-11,3,3
2023-04-11,4,10
2023-04-11,5,36
2023-04-11,6,63
2023-04-11,7,93
2023-04-11,8,110
2023-04-11,9,119
2023-04-11,10,226
2023-04-11,11,193
2023-04-11,12,160
2023-04-11,13,173
2023-04-11,14,186
2023-04-11,15,202
2023-04-11,16,185
2023-04-11,17,133
2023-04-11,18,121
2023-04-11,19,60
2023-04-11,20,114
2023-04-11,21,48
2023-04-11,22,45
2023-04-11,23,16
2023-04-12,0,8
2023-04-12,1,0
2023-04-12,2,0
2023-04-12,3,4
2023-04-12,4,12
2023-04-12,5,49
2023-04-12,6,66
2023-04-12,7,80
2023-04-12,8,95
2023-04-12,9,125
2023-04-12,10,144
2023-04-12,11,179
2023-04-12,12,231
2023-04-12,13,152
2023-04-12,14,195
2023-04-12,15,238
2023-04-12,16,155
2023-04-12,17,174
2023-04-12,18,111
2023-04-12,19,70
2023-04-12,20,69
2023-04-12,21,40
2023-04-12,22,15
2023-04-12,23,18
2023-04-13,0,10
2023-04-13,1,3
2023-04-13,2,7
2023-04-13,3,4
2023-04-13,4,12
2023-04-13,5,23
2023-04-13,6,51
2023-04-13,7,122
2023-04-13,8,131
2023-04-13,9,200
2023-04-13,10,170
2023-04-13,11,157
2023-04-13,12,176
2023-04-13,13,164
2023-04-13,14,183
2023-04-13,15,167
2023-04-13,16,201
2023-04-13,17,132
2023-04-13,18,117
2023-04-13,19,118
2023-04-13,20,73
2023-04-13,21,46
2023-04-13,22,33
2023-04-13,23,18
2023-04-14,0,10
2023-04-14,1,5
2023-04-14,2,5
2023-04-14,3,11
2023-04-14,4,8
2023-04-14,5,37
2023-04-14,6,66
2023-04-14,7,96
2023-04-14,8,126
2023-04-14,9,122
2023-04-14,10,178
2023-04-14,11,205
2023-04-14,12,202
2023-04-14,13,221
2023-04-14,14,236
2023-04-14,15,198
2023-04-14,16,191
2023-04-14,17,143
2023-04-14,18,107
2023-04-14,19,131
2023-04-14,20,71
2023-04-14,21,67
2023-04-14,22,39
2023-04-14,23,45
2023-04-15,0,17
2023-04-15,1,10
2023-04-15,2,12
2023-04-15,3,17
2023-04-15,4,8
2023-04-15,5,12
2023-04-15,6,29
2023-04-15,7,51
2023-04-15,8,85
2023-04-15,9,161
2023-04-15,10,167
2023-04-15,11,186
2023-04-15,12,236
2023-04-15,13,158
2023-04-15,14,180
2023-04-15,15,139
2023-04-15,16,117
2023-04-15,17,135
2023-04-15,18,80
2023-04-15,19,76
2023-04-15,20,65
2023-04-15,21,64
2023-04-15,22,46
2023-04-15,23,44
2023-04-16,0,24
2023-04-16,1,19
2023-04-16,2,14
2023-04-16,3,13
2023-04-16,4,13
2023-04-16,5,11
2023-04-16,6,17
2023-04-16,7,20
2023-04-16,8,57
2023-04-16,9,118
2023-04-16,10,157
2023-04-16,11,156
2023-04-16,12,132
2023-04-16,13,151
2023-04-16,14,148
2023-04-16,15,134
2023-04-16,16,182
2023-04-16,17,121
2023-04-16,18,83
2023-04-16,19,51
2023-04-16,20,47
2023-04-16,21,37
2023-04-16,22,28
2023-04-16,23,22
2023-04-17,0,10
2023-04-17,1,1
2023-04-17,2,2
2023-04-17,3,17
2023-04-17,4,14
2023-04-17,5,31
2023-04-17,6,73
2023-04-17,7,68
2023-04-17,8,131
2023-04-17,9,134
2023-04-17,10,157
2023-04-17,11,159
2023-04-17,12,155
2023-04-17,13,217
2023-04-17,14,246
2023-04-17,15,181
2023-04-17,16,197
2023-04-17,17,153
2023-04-17,18,122
2023-04-17,19,67
2023-04-17,20,62
2023-04-17,21,46
2023-04-17,22,23
2023-04-17,23,25
2023-04-18,0,16
2023-04-18,1,11
2023-04-18,2,9
2023-04-18,3,6
2023-04-18,4,6
2023-04-18,5,26
2023-04-18,6,64
2023-04-18,7,104
2023-04-18,8,149
2023-04-18,9,151
2023-04-18,10,133
2023-04-18,11,165
2023-04-18,12,169
2023-04-18,13,164
2023-04-18,14,169
2023-04-18,15,189
2023-04-18,16,171
2023-04-18,17,146
2023-04-18,18,96
2023-04-18,19,77
2023-04-18,20,96
2023-04-18,21,51
2023-04-18,22,40
2023-04-18,23,13
2023-04-19,0,13
2023-04-19,1,0
2023-04-19,2,2
2023-04-19,3,3
2023-04-19,4,10
2023-04-19,5,32
2023-04-19,6,54
2023-04-19,7,87
2023-04-19,8,104
2023-04-19,9,161
2023-04-19,10,146
2023-04-19,11,177
2023-04-19,12,147
2023-04-19,13,172
2023-04-19,14,231
2023-04-19,15,154
2023-04-19,16,233
2023-04-19,17,153
2023-04-19,18,104
2023-04-19,19,70
2023-04-19,20,60
2023-04-19,21,41
2023-04-19,22,33
2023-04-19,23,21
2023-04-20,0,14
2023-04-20,1,8
2023-04-20,2,3
2023-04-20,3,7
2023-04-20,4,13
2023-04-20,5,28
2023-04-20,6,79
2023-04-20,7,97
2023-04-20,8,191
2023-04-20,9,151
2023-04-20,10,155
2023-04-20,11,220
2023-04-20,12,192
2023-04-20,13,195
2023-04-20,14,189
2023-04-20,15,192
2023-04-20,16,271
2023-04-20,17,139
2023-04-20,18,130
2023-04-20,19,120
2023-04-20,20,85
2023-04-20,21,49
2023-04-20,22,79
2023-04-20,23,19
2023-04-21,0,7
2023-04-21,1,7
2023-04-21,2,4
2023-04-21,3,2
2023-04-21,4,17
2023-04-21,5,40
2023-04-21,6,61
2023-04-21,7,89
2023-04-21,8,151
2023-04-21,9,179
2023-04-21,10,188
2023-04-21,11,227
2023-04-21,12,197
2023-04-21,13,197
2023-04-21,14,234
2023-04-21,15,201
2023-04-21,16,203
2023-04-21,17,141
2023-04-21,18,110
2023-04-21,19,89
2023-04-21,20,69
2023-04-21,21,45
2023-04-21,22,36
2023-04-21,23,37
2023-04-22,0,26
2023-04-22,1,13
2023-04-22,2,9
2023-04-22,3,4
2023-04-22,4,11
2023-04-22,5,14
2023-04-22,6,26
2023-04-22,7,72
2023-04-22,8,104
2023-04-22,9,160
2023-04-22,10,194
2023-04-22,11,185
2023-04-22,12,177
2023-04-22,13,141
2023-04-22,14,138
2023-04-22,15,115
2023-04-22,16,141
2023-04-22,17,116
2023-04-22,18,93
2023-04-22,19,65
2023-04-22,20,72
2023-04-22,21,56
2023-04-24,9,171
2023-04-24,10,144
2023-04-24,11,172
2023-04-24,12,166
2023-04-24,13,184
2023-04-24,14,180
2023-04-24,15,200
2023-04-24,16,189
2023-04-24,17,136
2023-04-24,18,126
2023-04-24,19,63
2023-04-24,20,71
2023-04-24,21,52
2023-04-24,22,21
2023-04-24,23,18
2023-04-25,0,14
2023-04-25,1,0
2023-04-25,2,4
2023-04-25,3,7
2023-04-25,4,10
2023-04-25,5,31
2023-04-25,6,78
2023-04-25,7,78
2023-04-25,8,142
2023-04-25,9,187
2023-04-25,10,197
2023-04-25,11,180
2023-04-25,12,216
2023-04-25,13,150
2023-04-25,14,164
2023-04-25,15,188
2023-04-25,16,182
2023-04-25,17,132
2023-04-25,18,81
2023-04-25,19,79
2023-04-25,20,65
2023-04-25,21,45
2023-04-25,22,43
2023-04-25,23,16
2023-04-26,0,8
2023-04-26,1,9
2023-04-26,2,7
2023-04-26,3,6
2023-04-26,4,15
2023-04-26,5,36
2023-04-26,6,74
2023-04-26,7,91
2023-04-26,8,143
2023-04-26,9,157
2023-04-26,10,138
2023-04-26,11,159
2023-04-26,12,177
2023-04-26,13,129
2023-04-26,14,190
2023-04-26,15,179
2023-04-26,16,221
2023-04-26,17,135
2023-04-26,18,120
2023-04-26,19,93
2023-04-26,20,70
2023-04-26,21,46
2023-04-26,22,28
2023-04-26,23,17
2023-04-27,0,14
2023-04-27,1,4
2023-04-27,2,3
2023-04-27,3,0
2023-04-27,4,20
2023-04-27,5,28
2023-04-27,6,61
2023-04-27,7,81
2023-04-27,8,143
2023-04-27,9,153
2023-04-27,10,240
2023-04-27,11,186
2023-04-27,12,174
2023-04-27,13,186
2023-04-27,14,172
2023-04-27,15,248
2023-04-27,16,250
2023-04-27,17,160
2023-04-27,18,128
2023-04-27,19,100
2023-04-27,20,90
2023-04-27,21,137
2023-04-27,22,39
2023-04-27,23,16
2023-04-28,0,12
2023-04-28,1,2
2023-04-28,2,5
2023-04-28,3,6
2023-04-28,4,17
2023-04-28,5,80
2023-04-28,6,70
2023-04-28,7,89
2023-04-28,8,195
2023-04-28,9,155
2023-04-28,10,230
2023-04-28,11,255
2023-04-28,12,202
2023-04-28,13,240
2023-04-28,14,230
2023-04-28,15,237
2023-04-28,16,238
2023-04-28,17,185
2023-04-28,18,99
2023-04-28,19,122
2023-04-28,20,64
2023-04-28,21,67
2023-04-28,22,49
2023-04-28,23,30
2023-04-29,0,18
2023-04-29,1,21
2023-04-29,2,17
2023-04-29,3,11
2023-04-29,4,15
2023-04-29,5,13
2023-04-29,6,31
2023-04-29,7,54
2023-04-29,8,90
2023-04-29,9,128
2023-04-29,10,217
2023-04-29,11,211
2023-04-29,12,177
2023-04-29,13,197
2023-04-29,14,194
2023-04-29,15,201
2023-04-29,16,151
2023-04-29,17,120
2023-04-29,18,95
2023-04-29,19,105
2023-04-29,20,60
2023-04-29,21,65
2023-04-29,22,38
2023-04-29,23,36
2023-04-30,0,22
2023-04-30,1,21
2023-04-30,2,12
2023-04-30,3,13
2023-04-30,4,10
2023-04-30,5,12
2023-04-30,6,16
2023-04-30,7,22
2023-04-30,8,63
2023-04-30,9,104
2023-04-30,10,145
2023-04-30,11,171
2023-04-30,12,126
2023-04-30,13,92
2023-04-30,14,90
2023-04-30,15,100
2023-04-30,16,101
2023-04-30,17,107
2023-04-30,18,87
2023-04-30,19,96
2023-04-30,20,54
2023-04-30,21,57
2023-04-30,22,47
2023-04-30,23,19
2023-05-01,0,12
2023-05-01,1,6
2023-05-01,2,16
2023-05-01,3,18
2023-05-01,4,13
2023-05-01,5,14
2023-05-01,6,35
2023-05-01,7,47
2023-05-01,8,83
2023-05-01,9,130
2023-05-01,10,102
2023-05-01,11,145
2023-05-01,12,120
2023-05-01,13,152
2023-05-01,14,234
2023-05-01,15,134
2023-05-01,16,106
2023-05-01,17,147
2023-05-01,18,92
2023-05-01,19,59
2023-05-01,20,65
2023-05-01,21,56
2023-05-01,22,20
2023-05-01,23,25
2023-05-02,0,6
2023-05-02,1,8
2023-05-02,2,4
2023-05-02,3,6
2023-05-02,4,20
2023-05-02,5,30
2023-05-02,6,59
2023-05-02,7,96
2023-05-02,8,148
2023-05-02,9,162
2023-05-02,10,176
2023-05-02,11,171
2023-05-02,12,160
2023-05-02,13,162
2023-05-02,14,195
2023-05-02,15,193
2023-05-02,16,196
2023-05-02,17,131
2023-05-02,18,102
2023-05-02,19,74
2023-05-02,20,86
2023-05-02,21,82
2023-05-02,22,33
2023-05-02,23,21
2023-05-03,0,14
2023-05-03,1,0
2023-05-03,2,3
2023-05-03,3,5
2023-05-03,4,8
2023-05-03,5,43
2023-05-03,6,72
2023-05-03,7,102
2023-05-03,8,145
2023-05-03,9,150
2023-05-03,10,161
2023-05-03,11,153
2023-05-03,12,170
2023-05-03,13,159
2023-05-03,14,210
2023-05-03,15,184
2023-05-03,16,180
2023-05-03,17,137
2023-05-03,18,96
2023-05-03,19,75
2023-05-03,20,67
2023-05-03,21,40
2023-05-03,22,23
2023-05-03,23,16
2023-05-04,0,12
2023-05-04,1,10
2023-05-04,2,8
2023-05-04,3,6
2023-05-04,4,12
2023-05-04,5,29
2023-05-04,6,72
2023-05-04,7,94
2023-05-04,8,140
2023-05-04,9,190
2023-05-04,10,202
2023-05-04,11,184
2023-05-04,12,194
2023-05-04,13,194
2023-05-04,14,203
2023-05-04,15,245
2023-05-04,16,248
2023-05-04,17,156
2023-05-04,18,128
2023-05-04,19,120
2023-05-04,20,89
2023-05-04,21,70
2023-05-04,22,49
2023-05-04,23,12
2023-05-05,0,12
2023-05-05,1,0
2023-05-05,2,0
2023-05-05,3,4
2023-05-05,4,8
2023-05-05,5,65
2023-05-05,6,67
2023-05-05,7,88
2023-05-05,8,176
2023-05-05,9,160
2023-05-05,10,195
2023-05-05,11,243
2023-05-05,12,216
2023-05-05,13,260
2023-05-05,14,230
2023-05-05,15,229
2023-05-05,16,235
2023-05-05,17,167
2023-05-05,18,115
2023-05-05,19,119
2023-05-05,20,67
2023-05-05,21,71
2023-05-05,22,48
2023-05-05,23,45
2023-05-06,0,21
2023-05-06,1,16
2023-05-06,2,16
2023-05-06,3,8
2023-05-06,4,4
2023-05-06,5,16
2023-05-06,6,26
2023-05-06,7,53
2023-05-06,8,96
2023-05-06,9,154
2023-05-06,10,184
2023-05-06,11,194
2023-05-06,12,207
2023-05-06,13,168
2023-05-06,14,159
2023-05-06,15,159
2023-05-06,16,155
2023-05-06,17,132
2023-05-06,18,100
2023-05-06,19,110
2023-05-06,20,75
2023-05-06,21,62
2023-05-06,22,49
2023-05-06,23,36
2023-05-07,0,26
2023-05-07,1,16
2023-05-07,2,16
2023-05-07,3,21
2023-05-07,4,12
2023-05-07,5,16
2023-05-07,6,16
2023-05-07,7,16
2023-05-07,8,44
2023-05-07,9,105
2023-05-07,10,145
2023-05-07,11,162
2023-05-07,12,150
2023-05-07,13,151
2023-05-07,14,141
2023-05-07,15,114
2023-05-07,16,124
2023-05-07,17,133
2023-05-07,18,101
2023-05-07,19,76
2023-05-07,20,53
2023-05-07,21,58
2023-05-07,22,26
2023-05-07,23,31
2023-05-08,0,12
2023-05-08,1,4
2023-05-08,2,8
2023-05-08,3,16
2023-05-08,4,8
2023-05-08,5,26
2023-05-08,6,48
2023-05-08,7,66
2023-05-08,8,105
2023-05-08,9,128
2023-05-08,10,142
2023-05-08,11,172
2023-05-08,12,164
2023-05-08,13,171
2023-05-08,14,160
2023-05-08,15,168
2023-05-08,16,163
2023-05-08,17,149
2023-05-08,18,92
2023-05-08,19,76
2023-05-08,20,67
2023-05-08,21,49
2023-05-08,22,21
2023-05-08,23,25
2023-05-09,0,12
2023-05-09,1,0
2023-05-09,2,4
2023-05-09,3,4
2023-05-09,4,4
2023-05-09,5,31
2023-05-09,6,62
2023-05-09,7,84
2023-05-09,8,133
2023-05-09,9,150
2023-05-09,10,184
2023-05-09,11,203
2023-05-09,12,189
2023-05-09,13,176
2023-05-09,14,181
2023-05-09,15,207
2023-05-09,16,185
2023-05-09,17,145
2023-05-09,18,100
2023-05-09,19,88
2023-05-09,20,84
2023-05-09,21,48
2023-05-09,22,40
2023-05-09,23,16
2023-05-10,0,12
2023-05-10,1,0
2023-05-10,2,0
2023-05-10,3,0
2023-05-10,4,8
2023-05-10,5,39
2023-05-10,6,71
2023-05-10,7,96
2023-05-10,8,145
2023-05-10,9,141
2023-05-10,10,154
2023-05-10,11,132
2023-05-10,12,150
2023-05-10,13,137
2023-05-10,14,192
2023-05-10,15,167
2023-05-10,16,172
2023-05-10,17,129
2023-05-10,18,93
2023-05-10,19,45
2023-05-10,20,57
2023-05-10,21,41
2023-05-10,22,16
2023-05-10,23,16
2023-05-11,0,8
2023-05-11,1,4
2023-05-11,2,0
2023-05-11,3,0
2023-05-11,4,8
2023-05-11,5,16
2023-05-11,6,52
2023-05-11,7,89
2023-05-11,8,159
2023-05-11,9,180
2023-05-11,10,194
2023-05-11,11,180
2023-05-11,12,185
2023-05-11,13,194
2023-05-11,14,194
2023-05-11,15,239
2023-05-11,16,242
2023-05-11,17,155
2023-05-11,18,123
2023-05-11,19,124
2023-05-11,20,93
2023-05-11,21,74
2023-05-11,22,53
2023-05-11,23,16
2023-05-12,0,12
2023-05-12,1,4
2023-05-12,2,0
2023-05-12,3,12
2023-05-12,4,8
2023-05-12,5,70
2023-05-12,6,62
2023-05-12,7,92
2023-05-12,8,172
2023-05-12,9,172
2023-05-12,10,189
2023-05-12,11,248
2023-05-12,12,224
2023-05-12,13,252
2023-05-12,14,229
2023-05-12,15,216
2023-05-12,16,240
2023-05-12,17,177
2023-05-12,18,110
2023-05-12,19,124
2023-05-12,20,71
2023-05-12,21,71
2023-05-12,22,48
2023-05-12,23,45
2023-05-13,0,21
2023-05-13,1,16
2023-05-13,2,16
2023-05-13,3,8
2023-05-13,4,12
2023-05-13,5,16
2023-05-13,6,26
2023-05-13,7,57
2023-05-13,8,97
2023-05-13,9,160
2023-05-13,10,198
2023-05-13,11,206
2023-05-13,12,197
2023-05-13,13,163
2023-05-13,14,146
2023-05-13,15,160
2023-05-13,16,142
2023-05-13,17,132
2023-05-13,18,92
2023-05-13,19,113
2023-05-13,20,75
2023-05-13,21,52
2023-05-13,22,49
2023-05-13,23,36
2023-05-14,0,22
2023-05-14,1,16
2023-05-14,2,16
2023-05-14,3,21
2023-05-14,4,8
2023-05-14,5,16
2023-05-14,6,16
2023-05-14,7,16
2023-05-14,8,53
2023-05-14,9,97
2023-05-14,10,141
2023-05-14,11,163
2023-05-14,12,168
2023-05-14,13,159
2023-05-14,14,145
2023-05-14,15,115
2023-05-14,16,115
2023-05-14,17,128
2023-05-14,18,88
2023-05-14,19,72
2023-05-15,8,150
2023-05-15,9,141
2023-05-15,10,150
2023-05-15,11,172
2023-05-15,12,168
2023-05-15,13,176
2023-05-15,14,167
2023-05-15,15,181
2023-05-15,16,167
2023-05-15,17,155
2023-05-15,18,93
2023-05-15,19,76
2023-05-15,20,58
2023-05-15,21,44
2023-05-15,22,22
2023-05-15,23,25
2023-05-16,0,16
2023-05-16,1,4
2023-05-16,2,4
2023-05-16,3,4
2023-05-16,4,8
2023-05-16,5,21
2023-05-16,6,67
2023-05-16,7,80
2023-05-16,8,123
2023-05-16,9,150
2023-05-16,10,193
2023-05-16,11,189
2023-05-16,12,189
2023-05-16,13,168
2023-05-16,14,164
2023-05-16,15,203
2023-05-16,16,185
2023-05-16,17,145
2023-05-16,18,105
2023-05-16,19,80
2023-05-16,20,97
2023-05-16,21,48
2023-05-16,22,40
2023-05-16,23,16
2023-05-17,0,12
2023-05-17,1,0
2023-05-17,2,0
2023-05-17,3,0
2023-05-17,4,8
2023-05-17,5,44
2023-05-17,6,71
2023-05-17,7,84
2023-05-17,8,137
2023-05-17,9,146
2023-05-17,10,150
2023-05-17,11,164
2023-05-17,12,180
2023-05-17,13,171
2023-05-17,14,222
2023-05-17,15,207
2023-05-17,16,195
2023-05-17,17,151
2023-05-17,18,109
2023-05-17,19,79
2023-05-17,20,71
2023-05-17,21,50
2023-05-17,22,31
2023-05-17,23,16
2023-05-18,0,4
2023-05-18,1,9
2023-05-18,2,4
2023-05-18,3,0
2023-05-18,4,16
2023-05-18,5,31
2023-05-18,6,67
2023-05-18,7,97
2023-05-18,8,159
2023-05-18,9,189
2023-05-18,10,198
2023-05-18,11,198
2023-05-18,12,203
2023-05-18,13,190
2023-05-18,14,203
2023-05-18,15,242
2023-05-18,16,244
2023-05-18,17,150
2023-05-18,18,120
2023-05-18,19,120
2023-05-18,20,98
2023-05-18,21,62
2023-05-18,22,44
2023-05-18,23,21
2023-05-19,0,16
2023-05-19,1,0
2023-05-19,2,0
2023-05-19,3,0
2023-05-19,4,11
2023-05-19,5,65
2023-05-19,6,62
2023-05-19,7,88
2023-05-19,8,176
2023-05-19,9,168
2023-05-19,10,190
2023-05-19,11,242
2023-05-19,12,211
2023-05-19,13,269
2023-05-19,14,228
2023-05-19,15,229
2023-05-19,16,242
2023-05-19,17,163
2023-05-19,18,114
2023-05-19,19,115
2023-05-19,20,62
2023-05-19,21,75
2023-05-19,22,48
2023-05-19,23,40
2023-05-20,0,16
2023-05-20,1,16
2023-05-20,2,16
2023-05-20,3,8
2023-05-20,4,12
2023-05-20,5,16
2023-05-20,6,26
2023-05-20,7,48
2023-05-20,8,101
2023-05-20,9,150
2023-05-20,10,189
2023-05-20,11,206
2023-05-20,12,209
2023-05-20,13,177
2023-05-20,14,158
2023-05-20,15,168
2023-05-20,16,158
2023-05-20,17,137
2023-05-20,18,96
2023-05-20,19,109
2023-05-20,20,75
2023-05-20,21,62
2023-05-20,22,49
2023-05-20,23,36
2023-05-21,0,21
2023-05-21,1,16
2023-05-21,2,16
2023-05-21,3,21
2023-05-21,4,12
2023-05-21,5,16
2023-05-21,6,16
2023-05-21,7,21
2023-05-21,8,53
2023-05-21,9,101
2023-05-21,10,141
2023-05-21,11,163
2023-05-21,12,150
2023-05-21,13,158
2023-05-21,14,137
2023-05-21,15,124
2023-05-21,16,115
2023-05-21,17,142
2023-05-21,18,92
2023-05-21,19,67
2023-05-21,20,57
2023-05-21,21,49
2023-05-21,22,26
2023-05-21,23,12
2023-05-22,0,16
2023-05-22,1,0
2023-05-22,2,12
2023-05-22,3,16
2023-05-22,4,12
2023-05-22,5,21
2023-05-22,6,66
2023-05-22,7,84
2023-05-22,8,137
2023-05-22,9,154
2023-05-22,10,150
2023-05-22,11,176
2023-05-22,12,155
2023-05-22,13,185
2023-05-22,14,172
2023-05-22,15,176
2023-05-22,16,168
2023-05-22,17,159
2023-05-22,18,101
2023-05-22,19,76
2023-05-22,20,66
2023-05-22,21,54
2023-05-22,22,21
2023-05-22,23,25
2023-05-23,0,8
2023-05-23,1,0
2023-05-23,2,0
2023-05-23,3,12
2023-05-23,4,8
2023-05-23,5,31
2023-05-23,6,61
2023-05-23,7,84
2023-05-23,8,128
2023-05-23,9,141
2023-05-23,10,189
2023-05-23,11,189
2023-05-23,12,184
2023-05-23,13,168
2023-05-23,14,181
2023-05-23,15,195
2023-05-23,16,185
2023-05-23,17,145
2023-05-23,18,102
2023-05-23,19,80
2023-05-23,20,88
2023-05-23,21,44
2023-05-23,22,40
2023-05-23,23,16
2023-05-24,0,12
2023-05-24,1,0
2023-05-24,2,0
2023-05-24,3,4
2023-05-24,4,8
2023-05-24,5,39
2023-05-24,6,71
2023-05-24,7,92
2023-05-24,8,137
2023-05-24,9,151
2023-05-24,10,146
2023-05-24,11,156
2023-05-24,12,176
2023-05-24,13,159
2023-05-24,14,220
2023-05-24,15,203
2023-05-24,16,195
2023-05-24,17,160
2023-05-24,18,109
2023-05-24,19,84
2023-05-24,20,76
2023-05-24,21,49
2023-05-24,22,26
2023-05-24,23,16
2023-05-25,0,16
2023-05-25,1,8
2023-05-25,2,0
2023-05-25,3,0
2023-05-25,4,16
2023-05-25,5,26
2023-05-25,6,67
2023-05-25,7,92
2023-05-25,8,154
2023-05-25,9,189
2023-05-25,10,189
2023-05-25,11,197
2023-05-25,12,189
2023-05-25,13,194
2023-05-25,14,186
2023-05-25,15,233
2023-05-25,16,248
2023-05-25,17,150
2023-05-25,18,124
2023-05-25,19,132
2023-05-25,20,93
2023-05-25,21,73
2023-05-25,22,49
2023-05-25,23,12
2023-05-26,0,12
2023-05-26,1,4
2023-05-26,2,0
2023-05-26,3,0
2023-05-26,4,12
2023-05-26,5,66
2023-05-26,6,62
2023-05-26,7,84
2023-05-26,8,163
2023-05-26,9,160
2023-05-26,10,188
2023-05-26,11,236
2023-05-26,12,224
2023-05-26,13,250
2023-05-26,14,236
2023-05-26,15,211
2023-05-26,16,222
2023-05-26,17,171
2023-05-26,18,111
2023-05-26,19,123
2023-05-26,20,75
2023-05-26,21,71
2023-05-26,22,44
2023-05-26,23,45
2023-05-27,0,21
2023-05-27,1,16
2023-05-27,2,16
2023-05-27,3,8
2023-05-27,4,8
2023-05-27,5,12
2023-05-27,6,31
2023-05-27,7,53
2023-05-27,8,98
2023-05-27,9,164
2023-05-27,10,186
2023-05-27,11,202
2023-05-27,12,203
2023-05-27,13,163
2023-05-27,14,168
2023-05-27,15,168
2023-05-27,16,150
2023-05-27,17,136
2023-05-27,18,100
2023-05-27,19,118
2023-05-27,20,84
2023-05-27,21,62
2023-05-27,22,53
2023-05-27,23,36
2023-05-28,0,21
2023-05-28,1,16
2023-05-28,2,16
2023-05-28,3,21
2023-05-28,4,8
2023-05-28,5,16
2023-05-28,6,16
2023-05-28,7,21
2023-05-28,8,44
2023-05-28,9,106
2023-05-28,10,145
2023-05-28,11,163
2023-05-28,12,155
2023-05-28,13,146
2023-05-28,14,136
2023-05-28,15,115
2023-05-28,16,115
2023-05-28,17,120
2023-05-28,18,88
2023-05-28,19,72
2023-05-28,20,49
2023-05-28,21,53
2023-05-28,22,36
2023-05-28,23,12
2023-05-29,0,12
2023-05-29,1,4
2023-05-29,2,8
2023-05-29,3,13
2023-05-29,4,16
2023-05-29,5,21
2023-05-29,6,62
2023-05-29,7,67
2023-05-29,8,123
2023-05-29,9,126
2023-05-29,10,141
2023-05-29,11,176
2023-05-29,12,164
2023-05-29,13,172
2023-05-29,14,168
2023-05-29,15,163
2023-05-29,16,154
2023-05-29,17,154
2023-05-29,18,88
2023-05-29,19,71
2023-05-29,20,67
2023-05-29,21,49
2023-05-29,22,21
2023-05-29,23,25
2023-05-30,0,4
2023-05-30,1,0
2023-05-30,2,0
2023-05-30,3,4
2023-05-30,4,16
2023-05-30,5,31
2023-05-30,6,62
2023-05-30,7,84
2023-05-30,8,136
2023-05-30,9,154
2023-05-30,10,193
2023-05-30,11,199
2023-05-30,12,189
2023-05-30,13,168
2023-05-30,14,181
2023-05-30,15,212
2023-05-30,16,186
2023-05-30,17,145
2023-05-30,18,104
2023-05-30,19,84
2023-05-30,20,97
2023-05-30,21,48
2023-05-30,22,40
2023-05-30,23,21
2023-05-31,0,12
2023-05-31,1,0
2023-05-31,2,0
2023-05-31,3,0
2023-05-31,4,8
2023-05-31,5,40
2023-05-31,6,71
2023-05-31,7,88
2023-05-31,8,142
2023-05-31,9,159
2023-05-31,10,150
2023-05-31,11,160
2023-05-31,12,190
2023-05-31,13,176
2023-05-31,14,224
2023-05-31,15,203
2023-05-31,16,207
2023-05-31,17,159
2023-05-31,18,110
2023-05-31,19,88
2023-05-31,20,75
2023-05-31,21,49
2023-05-31,22,31
2023-05-31,23,16
2023-06-01,0,12
2023-06-01,1,4
2023-06-01,2,4
2023-06-01,3,4
2023-06-01,4,16
2023-06-01,5,26
2023-06-01,6,67
2023-06-01,7,92
2023-06-01,8,159
2023-06-01,9,189
2023-06-01,10,202
2023-06-01,11,193
2023-06-01,12,199
2023-06-01,13,198
2023-06-01,14,199
2023-06-01,15,255
2023-06-01,16,264
2023-06-01,17,141
2023-06-01,18,128
2023-06-01,19,119
2023-06-01,20,93
2023-06-01,21,70
2023-06-01,22,49
2023-06-01,23,17
2023-06-02,0,8
2023-06-02,1,0
2023-06-02,2,0
2023-06-02,3,4
2023-06-02,4,4
2023-06-02,5,70
2023-06-02,6,62
2023-06-02,7,88
2023-06-02,8,181
2023-06-02,9,168
2023-06-02,10,189
2023-06-02,11,247
2023-06-02,12,207
2023-06-02,13,269
2023-06-02,14,235
2023-06-02,15,212
2023-06-02,16,241
2023-06-02,17,167
2023-06-02,18,106
2023-06-02,19,119
2023-06-02,20,75
2023-06-02,21,71
2023-06-02,22,44
2023-06-02,23,40
2023-06-03,0,16
2023-06-03,1,16
2023-06-03,2,16
2023-06-03,3,12
2023-06-03,4,12
2023-06-03,5,16
2023-06-03,6,31
2023-06-03,7,57
2023-06-03,8,93
2023-06-03,9,154
2023-06-03,10,198
2023-06-03,11,203
2023-06-03,12,211
2023-06-03,13,168
2023-06-03,14,154
2023-06-03,15,150
2023-06-03,16,142
2023-06-03,17,137
2023-06-03,18,92
2023-06-03,19,109
2023-06-03,20,80
2023-06-03,21,66
2023-06-03,22,53
2023-06-03,23,36
2023-06-04,0,22
2023-06-04,1,21
2023-06-04,2,16
2023-06-04,3,21
2023-06-04,4,12
2023-06-04,5,16
2023-06-04,6,16
2023-06-04,7,21
2023-06-04,8,53
2023-06-04,9,101
2023-06-04,10,145
2023-06-04,11,163
2023-06-04,12,164
2023-06-04,13,159
2023-06-04,14,136
2023-06-04,15,119
2023-06-04,16,115
2023-06-04,17,124
2023-06-04,18,92
2023-06-04,19,72
2023-06-04,20,53
2023-06-04,21,49
2023-06-04,22,36
2023-06-04,23,17
2023-06-05,0,12
2023-06-05,1,8
2023-06-05,2,8
2023-06-05,3,17
2023-06-05,4,12
2023-06-05,5,21
2023-06-05,6,66
2023-06-05,7,80
2023-06-05,8,141
2023-06-05,9,133
2023-06-05,10,150
2023-06-05,11,172
2023-06-05,12,163
2023-06-05,13,176
2023-06-05,14,168
2023-06-05,15,185
2023-06-05,16,172
2023-06-05,17,176
2023-06-05,18,93
2023-06-05,19,72
2023-06-05,20,67
2023-06-05,21,48
2023-06-05,22,21
2023-06-05,23,25
2023-06-06,0,12
2023-06-06,1,4
2023-06-06,2,0
2023-06-06,3,8
2023-06-06,4,12
2023-06-06,5,31
2023-06-06,6,62
2023-06-06,7,84
2023-06-06,8,132
2023-06-06,9,146
2023-06-06,10,185
2023-06-06,11,203
2023-06-06,12,193
2023-06-06,13,164
2023-06-06,14,177
2023-06-06,15,207
2023-06-06,16,194
2023-06-06,17,151
2023-06-06,18,109
2023-06-06,19,84
2023-06-06,20,93
2023-06-06,21,48
2023-06-06,22,40
2023-06-06,23,16
2023-06-07,0,12
2023-06-07,1,4
2023-06-07,2,4
2023-06-07,3,4
2023-06-07,4,8
2023-06-07,5,44
2023-06-07,6,71
2023-06-07,7,84
2023-06-07,8,150
2023-06-07,9,155
2023-06-07,10,145
2023-06-07,11,155
2023-06-07,12,181
2023-06-07,13,159
2023-06-07,14,222
2023-06-07,15,207
2023-06-07,16,203
2023-06-07,17,155
2023-06-07,18,101
2023-06-07,19,79
2023-06-07,20,72
2023-06-07,21,44
2023-06-07,22,31
2023-06-07,23,16
2023-06-08,0,8
2023-06-08,1,8
2023-06-08,2,4
2023-06-08,3,8
2023-06-08,4,16
2023-06-08,5,26
2023-06-08,6,67
2023-06-08,7,92
2023-06-08,8,150
2023-06-08,9,185
2023-06-08,10,194
2023-06-08,11,185
2023-06-08,12,186
2023-06-08,13,185
2023-06-08,14,199
2023-06-08,15,238
2023-06-08,16,246
2023-06-08,17,150
2023-06-08,18,119
2023-06-08,19,119
2023-06-08,20,84
2023-06-08,21,74
2023-06-08,22,53
2023-06-08,23,17
2023-06-09,0,16
2023-06-09,1,4
2023-06-09,2,4
2023-06-09,3,4
2023-06-09,4,12
2023-06-09,5,70
2023-06-09,6,62
2023-06-09,7,88
2023-06-09,8,171
2023-06-09,9,164
2023-06-09,10,190
2023-06-09,11,247
2023-06-09,12,225
2023-06-09,13,261
2023-06-09,14,228
2023-06-09,15,212
2023-06-09,16,251
2023-06-09,17,172
2023-06-09,18,104
2023-06-09,19,118
2023-06-09,20,67
2023-06-09,21,62
2023-06-09,22,48
2023-06-09,23,49
2023-06-10,0,16
2023-06-10,1,16
2023-06-10,2,16
2023-06-10,3,16
2023-06-10,4,8
2023-06-10,5,16
2023-06-10,6,26
2023-06-10,7,44
2023-06-10,8,96
2023-06-10,9,159
2023-06-10,10,195
2023-06-10,11,207
2023-06-10,12,216
2023-06-10,13,172
2023-06-10,14,163
2023-06-10,15,164
2023-06-10,16,150
2023-06-10,17,136
2023-06-10,18,100
2023-06-10,19,109
2023-06-10,20,70
2023-06-10,21,62
2023-06-10,22,45
2023-06-10,23,36
2023-06-11,0,16
2023-06-11,1,16
2023-06-11,2,16
2023-06-11,3,21
2023-06-11,4,12
2023-06-11,5,16
2023-06-11,6,16
2023-06-11,7,21
2023-06-11,8,44
2023-06-11,9,101
2023-06-11,10,145
2023-06-11,11,163
2023-06-11,12,159
2023-06-11,13,164
2023-06-11,14,137
2023-06-11,15,120
2023-06-11,16,115
2023-06-11,17,123
2023-06-11,18,88
2023-06-11,19,72
2023-06-11,20,44
2023-06-11,21,48
2023-06-11,22,26
2023-06-11,23,17
2023-06-12,0,8
2023-06-12,1,0
2023-06-12,2,4
2023-06-12,3,17
2023-06-12,4,16
2023-06-12,5,26
2023-06-12,6,62
2023-06-12,7,84
2023-06-12,8,141
2023-06-12,9,132
2023-06-12,10,142
2023-06-12,11,180
2023-06-12,12,164
2023-06-12,13,171
2023-06-12,14,175
2023-06-12,15,176
2023-06-12,16,172
2023-06-12,17,164
2023-06-12,18,96
2023-06-12,19,62
2023-06-12,20,67
2023-06-12,21,48
2023-06-12,22,21
2023-06-12,23,25
2023-06-13,0,8
2023-06-13,1,0
2023-06-13,2,4
2023-06-13,3,4
2023-06-13,4,16
2023-06-13,5,26
2023-06-13,6,67
2023-06-13,7,84
2023-06-13,8,128
2023-06-13,9,145
2023-06-13,10,189
2023-06-13,11,198
2023-06-13,12,180
2023-06-13,13,167
2023-06-13,14,177
2023-06-13,15,207
2023-06-13,16,191
2023-06-13,17,150
2023-06-13,18,105
2023-06-13,19,80
2023-06-13,20,93
2023-06-13,21,48
2023-06-13,22,40
2023-06-13,23,16
2023-06-14,0,12
2023-06-14,1,0
2023-06-14,2,4
2023-06-14,3,0
2023-06-14,4,8
2023-06-14,5,44
2023-06-14,6,71
2023-06-14,7,92
2023-06-14,8,137
2023-06-14,9,150
2023-06-14,10,146
2023-06-14,11,164
2023-06-14,12,176
2023-06-14,13,172
2023-06-14,14,219
2023-06-14,15,207
2023-06-14,16,203
2023-06-14,17,159
2023-06-14,18,105
2023-06-14,19,83
2023-06-14,20,71
2023-06-14,21,49
2023-06-14,22,26
2023-06-14,23,16
2023-06-15,0,12
2023-06-15,1,4
2023-06-15,2,4
2023-06-15,3,0
2023-06-15,4,12
2023-06-15,5,26
2023-06-15,6,67
2023-06-15,7,92
2023-06-15,8,158
2023-06-15,9,184
2023-06-15,10,179
2023-06-15,11,180
2023-06-15,12,185
2023-06-15,13,190
2023-06-15,14,202
2023-06-15,15,227
2023-06-15,16,231
2023-06-15,17,155
2023-06-15,18,124
2023-06-15,19,124
2023-06-15,20,85
2023-06-15,21,74
2023-06-15,22,49
2023-06-15,23,12
2023-06-16,0,16
2023-06-16,1,4
2023-06-16,2,0
2023-06-16,3,0
2023-06-16,4,12
2023-06-16,5,66
2023-06-16,6,67
2023-06-16,7,92
2023-06-16,8,177
2023-06-16,9,164
2023-06-16,10,188
2023-06-16,11,229
2023-06-16,12,221
2023-06-16,13,260
2023-06-16,14,225
2023-06-16,15,217
2023-06-16,16,243
2023-06-16,17,167
2023-06-16,18,111
2023-06-16,19,119
2023-06-16,20,62
2023-06-16,21,62
2023-06-16,22,49
2023-06-16,23,40
2023-06-17,0,21
2023-06-17,1,16
2023-06-17,2,16
2023-06-17,3,12
2023-06-17,4,8
2023-06-17,5,16
2023-06-17,6,31
2023-06-17,7,48
2023-06-17,8,92
2023-06-17,9,159
2023-06-17,10,194
2023-06-17,11,203
2023-06-17,12,217
2023-06-17,13,177
2023-06-17,14,164
2023-06-17,15,168
2023-06-17,16,154
2023-06-17,17,132
2023-06-17,18,105
2023-06-17,19,122
2023-06-17,20,75
2023-06-17,21,52
2023-06-17,22,53
2023-06-17,23,36
2023-06-18,0,21
2023-06-18,1,16
2023-06-18,2,16
2023-06-18,3,21
2023-06-18,4,12
2023-06-18,5,12
2023-06-18,6,16
2023-06-18,7,21
2023-06-18,8,57
2023-06-18,9,106
2023-06-18,10,145
2023-06-18,11,158
2023-06-18,12,154
2023-06-18,13,155
2023-06-18,14,136
2023-06-18,15,119
2023-06-18,16,132
2023-06-19,7,80
2023-06-19,8,133
2023-06-19,9,141
2023-06-19,10,137
2023-06-19,11,180
2023-06-19,12,164
2023-06-19,13,177
2023-06-19,14,176
2023-06-19,15,176
2023-06-19,16,205
2023-06-19,17,154
2023-06-19,18,93
2023-06-19,19,67
2023-06-19,20,67
2023-06-19,21,49
2023-06-19,22,26
2023-06-19,23,21
2023-06-20,0,12
2023-06-20,1,4
2023-06-20,2,4
2023-06-20,3,4
2023-06-20,4,12
2023-06-20,5,31
2023-06-20,6,62
2023-06-20,7,80
2023-06-20,8,123
2023-06-20,9,136
2023-06-20,10,190
2023-06-20,11,199
2023-06-20,12,176
2023-06-20,13,168
2023-06-20,14,173
2023-06-20,15,203
2023-06-20,16,189
2023-06-20,17,149
2023-06-20,18,104
2023-06-20,19,80
2023-06-20,20,84
2023-06-20,21,48
2023-06-20,22,40
2023-06-20,23,16
2023-06-21,0,12
2023-06-21,1,0
2023-06-21,2,0
2023-06-21,3,0
2023-06-21,4,8
2023-06-21,5,40
2023-06-21,6,71
2023-06-21,7,88
2023-06-21,8,136
2023-06-21,9,147
2023-06-21,10,150
2023-06-21,11,163
2023-06-21,12,180
2023-06-21,13,168
2023-06-21,14,226
2023-06-21,15,207
2023-06-21,16,199
2023-06-21,17,155
2023-06-21,18,109
2023-06-21,19,84
2023-06-21,20,67
2023-06-21,21,45
2023-06-21,22,26
2023-06-21,23,16
2023-06-22,0,8
2023-06-22,1,9
2023-06-22,2,0
2023-06-22,3,0
2023-06-22,4,16
2023-06-22,5,26
2023-06-22,6,67
2023-06-22,7,92
2023-06-22,8,154
2023-06-22,9,194
2023-06-22,10,197
2023-06-22,11,188
2023-06-22,12,194
2023-06-22,13,190
2023-06-22,14,198
2023-06-22,15,238
2023-06-22,16,248
2023-06-22,17,150
2023-06-22,18,123
2023-06-22,19,119
2023-06-22,20,94
2023-06-22,21,74
2023-06-22,22,52
2023-06-22,23,16
2023-06-23,0,12
2023-06-23,1,4
2023-06-23,2,4
2023-06-23,3,4
2023-06-23,4,4
2023-06-23,5,74
2023-06-23,6,67
2023-06-23,7,96
2023-06-23,8,172
2023-06-23,9,168
2023-06-23,10,194
2023-06-23,11,255
2023-06-23,12,225
2023-06-23,13,261
2023-06-23,14,228
2023-06-23,15,212
2023-06-23,16,247
2023-06-23,17,167
2023-06-23,18,114
2023-06-23,19,119
2023-06-23,20,66
2023-06-23,21,63
2023-06-23,22,49
2023-06-23,23,44
2023-06-24,0,21
2023-06-24,1,16
2023-06-24,2,16
2023-06-24,3,12
2023-06-24,4,12
2023-06-24,5,16
2023-06-24,6,36
2023-06-24,7,52
2023-06-24,8,96
2023-06-24,9,150
2023-06-24,10,192
2023-06-24,11,202
2023-06-24,12,207
2023-06-24,13,172
2023-06-24,14,163
2023-06-24,15,168
2023-06-24,16,146
2023-06-24,17,136
2023-06-24,18,96
2023-06-24,19,110
2023-06-24,20,75
2023-06-24,21,62
2023-06-24,22,49
2023-06-24,23,36
2023-06-25,0,21
2023-06-25,1,16
2023-06-25,2,16
2023-06-25,3,21
2023-06-25,4,8
2023-06-25,5,16
2023-06-25,6,16
2023-06-25,7,16
2023-06-25,8,53
2023-06-25,9,101
2023-06-25,10,145
2023-06-25,11,167
2023-06-25,12,146
2023-06-25,13,155
2023-06-25,14,141
2023-06-25,15,110
2023-06-25,16,115
2023-06-25,17,123
2023-06-25,18,84
2023-06-25,19,67
2023-06-25,20,49
2023-06-25,21,54
2023-06-25,22,26
2023-06-25,23,16
2023-06-26,0,12
2023-06-26,1,6
2023-06-26,2,8
2023-06-26,3,16
2023-06-26,4,8
2023-06-26,5,21
2023-06-26,6,66
2023-06-26,7,84
2023-06-26,8,123
2023-06-26,9,137
2023-06-26,10,138
2023-06-26,11,176
2023-06-26,12,101
2023-06-26,13,171
2023-06-26,14,172
2023-06-26,15,172
2023-06-26,16,160
2023-06-26,17,163
2023-06-26,18,92
2023-06-26,19,76
2023-06-26,20,62
2023-06-26,21,44
2023-06-26,22,21
2023-06-26,23,25
2023-06-27,0,4
2023-06-27,1,0
2023-06-27,2,4
2023-06-27,3,4
2023-06-27,4,16
2023-06-27,5,26
2023-06-27,6,67
2023-06-27,7,80
2023-06-27,8,122
2023-06-27,9,139
2023-06-27,10,193
2023-06-27,11,189
2023-06-27,12,188
2023-06-27,13,181
2023-06-27,14,181
2023-06-27,15,207
2023-06-27,16,185
2023-06-27,17,141
2023-06-27,18,96
2023-06-27,19,71
2023-06-27,20,92
2023-06-27,21,52
2023-06-27,22,40
2023-06-27,23,16
2023-06-28,0,12
2023-06-28,1,4
2023-06-28,2,4
2023-06-28,3,4
2023-06-28,4,8
2023-06-28,5,44
2023-06-28,6,66
2023-06-28,7,84
2023-06-28,8,128
2023-06-28,9,146
2023-06-28,10,141
2023-06-28,11,160
2023-06-28,12,172
2023-06-28,13,167
2023-06-28,14,229
2023-06-28,15,203
2023-06-28,16,199
2023-06-28,17,155
2023-06-28,18,105
2023-06-28,19,79
2023-06-28,20,75
2023-06-28,21,45
2023-06-28,22,31
2023-06-28,23,16
2023-06-29,0,8
2023-06-29,1,13
2023-06-29,2,4
2023-06-29,3,4
2023-06-29,4,8
2023-06-29,5,31
2023-06-29,6,63
2023-06-29,7,88
2023-06-29,8,158
2023-06-29,9,185
2023-06-29,10,194
2023-06-29,11,189
2023-06-29,12,194
2023-06-29,13,185
2023-06-29,14,202
2023-06-29,15,236
2023-06-29,16,246
2023-06-29,17,146
2023-06-29,18,119
2023-06-29,19,120
2023-06-29,20,89
2023-06-29,21,83
2023-06-29,22,49
2023-06-29,23,12
2023-06-30,0,16
2023-06-30,1,4
2023-06-30,2,0
2023-06-30,3,4
2023-06-30,4,8
2023-06-30,5,70
2023-06-30,6,62
2023-06-30,7,84
2023-06-30,8,163
2023-06-30,9,164
2023-06-30,10,180
2023-06-30,11,247
2023-06-30,12,220
2023-06-30,13,267
2023-06-30,14,234
2023-06-30,15,204
2023-06-30,16,240
2023-06-30,17,166
2023-06-30,18,110
2023-06-30,19,118
2023-06-30,20,71
2023-06-30,21,63
2023-06-30,22,44
2023-06-30,23,45
2023-07-01,0,21
2023-07-01,1,16
2023-07-01,2,16
2023-07-01,3,8
2023-07-01,4,12
2023-07-01,5,16
2023-07-01,6,26
2023-07-01,7,53
2023-07-01,8,97
2023-07-01,9,145
2023-07-01,10,189
2023-07-01,11,203
2023-07-01,12,211
2023-07-01,13,166
2023-07-01,14,172
2023-07-01,15,169
2023-07-01,16,150
2023-07-01,17,141
2023-07-01,18,96
2023-07-01,19,109
2023-07-01,20,80
2023-07-01,21,57
2023-07-01,22,49
2023-07-01,23,36
2023-07-02,0,27
2023-07-02,1,16
2023-07-02,2,16
2023-07-02,3,21
2023-07-02,4,12
2023-07-02,5,16
2023-07-02,6,16
2023-07-02,7,21
2023-07-02,8,44
2023-07-02,9,106
2023-07-02,10,141
2023-07-02,11,159
2023-07-02,12,150
2023-07-02,13,164
2023-07-02,14,145
2023-07-02,15,119
2023-07-02,16,115
2023-07-02,17,129
2023-07-02,18,88
2023-07-02,19,72
2023-07-02,20,53
2023-07-02,21,48
2023-07-02,22,31
2023-07-02,23,22
2023-07-03,0,12
2023-07-03,1,4
2023-07-03,2,4
2023-07-03,3,8
2023-07-03,4,12
2023-07-03,5,21
2023-07-03,6,62
2023-07-03,7,84
2023-07-03,8,132
2023-07-03,9,141
2023-07-03,10,150
2023-07-03,11,193
2023-07-03,12,177
2023-07-03,13,181
2023-07-03,14,197
2023-07-03,15,168
2023-07-03,16,168
2023-07-03,17,154
2023-07-03,18,97
2023-07-03,19,71
2023-07-03,20,61
2023-07-03,21,48
2023-07-03,22,21
2023-07-03,23,25
2023-07-04,0,12
2023-07-04,1,0
2023-07-04,2,4
2023-07-04,3,4
2023-07-04,4,16
2023-07-04,5,26
2023-07-04,6,67
2023-07-04,7,76
2023-07-04,8,132
2023-07-04,9,150
2023-07-04,10,189
2023-07-04,11,193
2023-07-04,12,189
2023-07-04,13,172
2023-07-04,14,177
2023-07-04,15,207
2023-07-04,16,194
2023-07-04,17,137
2023-07-04,18,100
2023-07-04,19,80
2023-07-04,20,92
2023-07-04,21,52
2023-07-04,22,40
2023-07-04,23,16
2023-07-05,0,8
2023-07-05,1,4
2023-07-05,2,4
2023-07-05,3,4
2023-07-05,4,4
2023-07-05,5,44
2023-07-05,6,71
2023-07-05,7,84
2023-07-05,8,132
2023-07-05,9,150
2023-07-05,10,137
2023-07-05,11,155
2023-07-05,12,175
2023-07-05,13,163
2023-07-05,14,222
2023-07-05,15,207
2023-07-05,16,207
2023-07-05,17,159
2023-07-05,18,114
2023-07-05,19,83
2023-07-05,20,71
2023-07-05,21,49
2023-07-05,22,26
2023-07-05,23,16
2023-07-06,0,12
2023-07-06,1,4
2023-07-06,2,0
2023-07-06,3,0
2023-07-06,4,16
2023-07-06,5,26
2023-07-06,6,62
2023-07-06,7,92
2023-07-06,8,149
2023-07-06,9,181
2023-07-06,10,194
2023-07-06,11,189
2023-07-06,12,194
2023-07-06,13,189
2023-07-06,14,207
2023-07-06,15,234
2023-07-06,16,246
2023-07-06,17,150
2023-07-06,18,123
2023-07-06,19,120
2023-07-06,20,94
2023-07-06,21,70
2023-07-06,22,49
2023-07-06,23,21
2023-07-07,0,8
2023-07-07,1,0
2023-07-07,2,4
2023-07-07,3,0
2023-07-07,4,12
2023-07-07,5,66
2023-07-07,6,62
2023-07-07,7,84
2023-07-07,8,167
2023-07-07,9,163
2023-07-07,10,184
2023-07-07,11,242
2023-07-07,12,213
2023-07-07,13,257
2023-07-07,14,229
2023-07-07,15,213
2023-07-07,16,235
2023-07-07,17,162
2023-07-07,18,100
2023-07-07,19,118
2023-07-07,20,62
2023-07-07,21,71
2023-07-07,22,48
2023-07-07,23,40
2023-07-08,0,16
2023-07-08,1,16
2023-07-08,2,16
2023-07-08,3,12
2023-07-08,4,8
2023-07-08,5,16
2023-07-08,6,35
2023-07-08,7,44
2023-07-08,8,88
2023-07-08,9,149
2023-07-08,10,189
2023-07-08,11,198
2023-07-08,12,198
2023-07-08,13,177
2023-07-08,14,155
2023-07-08,15,164
2023-07-08,16,150
2023-07-08,17,136
2023-07-08,18,96
2023-07-08,19,109
2023-07-08,20,75
2023-07-08,21,62
2023-07-08,22,45
2023-07-08,23,36
2023-07-09,0,22
2023-07-09,1,21
2023-07-09,2,16
2023-07-09,3,21
2023-07-09,4,12
2023-07-09,5,16
2023-07-09,6,16
2023-07-09,7,16
2023-07-09,8,49
2023-07-09,9,101
2023-07-09,10,136
2023-07-09,11,158
2023-07-09,12,150
2023-07-09,13,159
2023-07-09,14,136
2023-07-09,15,119
2023-07-09,16,115
2023-07-09,17,133
2023-07-09,18,92
2023-07-09,19,67
2023-07-09,20,53
2023-07-09,21,53
2023-07-09,22,26
2023-07-09,23,21
2023-07-10,0,12
2023-07-10,1,12
2023-07-10,2,8
2023-07-10,3,13
2023-07-10,4,12
2023-07-10,5,26
2023-07-10,6,62
2023-07-10,7,84
2023-07-10,8,132
2023-07-10,9,137
2023-07-10,10,142
2023-07-10,11,172
2023-07-10,12,159
2023-07-10,13,167
2023-07-10,14,180
2023-07-10,15,158
2023-07-10,16,159
2023-07-10,17,123
2023-07-10,18,88
2023-07-10,19,65
2023-07-10,20,49
2023-07-10,21,33
2023-07-10,22,27
2023-07-10,23,13
2023-07-11,0,11
2023-07-11,1,4
2023-07-11,2,7
2023-07-11,3,7
2023-07-11,4,12
2023-07-11,5,36
2023-07-11,6,61
2023-07-11,7,80
2023-07-11,8,122
2023-07-11,9,140
2023-07-11,10,121
2023-07-11,11,162
2023-07-11,12,158
2023-07-11,13,152
2023-07-11,14,156
2023-07-11,15,194
2023-07-11,16,170
2023-07-11,17,139
2023-07-11,18,96
2023-07-11,19,76
2023-07-11,20,60
2023-07-11,21,40
2023-07-11,22,24
2023-07-11,23,13
2023-07-12,0,7
2023-07-12,1,4
2023-07-12,2,8
2023-07-12,3,9
2023-07-12,4,15
2023-07-12,5,28
2023-07-12,6,66
2023-07-12,7,85
2023-07-12,8,110
2023-07-12,9,137
2023-07-12,10,119
2023-07-12,11,152
2023-07-12,12,124
2023-07-26,10,151
2023-07-26,11,167
2023-07-26,12,145
2023-07-26,13,158
2023-07-26,14,201
2023-07-26,15,161
2023-07-26,16,166
2023-07-26,17,130
2023-07-26,18,92
2023-07-26,19,88
2023-07-26,20,67
2023-07-26,21,52
2023-07-26,22,35
2023-07-26,23,17
2023-07-27,0,11
2023-07-27,1,8
2023-07-27,2,8
2023-07-27,3,8
2023-07-27,4,8
2023-07-27,5,28
2023-07-27,6,55
2023-07-27,7,90
2023-07-27,8,122
2023-07-27,9,132
2023-07-27,10,203
2023-07-27,11,224
2023-07-27,12,186
2023-07-27,13,204
2023-07-27,14,190
2023-07-27,15,220
2023-07-27,16,196
2023-07-27,17,135
2023-07-27,18,106
2023-07-27,19,104
2023-07-27,20,73
2023-07-27,21,49
2023-07-27,22,31
2023-07-27,23,13
2023-07-28,0,13
2023-07-28,1,4
2023-07-28,2,8
2023-07-28,3,10
2023-07-28,4,17
2023-07-28,5,47
2023-07-28,6,75
2023-07-28,7,91
2023-07-28,8,110
2023-07-28,9,166
2023-07-28,10,171
2023-07-28,11,223
2023-07-28,12,227
2023-07-28,13,199
2023-07-28,14,213
2023-07-28,15,198
2023-07-28,16,153
2023-07-28,17,119
2023-07-28,18,134
2023-07-28,19,105
2023-07-28,20,92
2023-07-28,21,50
2023-07-28,22,42
2023-07-28,23,35
2023-07-29,0,22
2023-07-29,1,19
2023-07-29,2,16
2023-07-29,3,19
2023-07-29,4,10
2023-07-29,5,14
2023-07-29,6,28
2023-07-29,7,49
2023-07-29,8,102
2023-07-29,9,154
2023-07-29,10,148
2023-07-29,11,235
2023-07-29,12,192
2023-07-29,13,178
2023-07-29,14,144
2023-07-29,15,129
2023-07-29,16,142
2023-07-29,17,143
2023-07-29,18,102
2023-07-29,19,117
2023-07-29,20,73
2023-07-29,21,55
2023-07-29,22,43
2023-07-29,23,29
2023-07-30,0,27
2023-07-30,1,12
2023-07-30,2,14
2023-07-30,3,15
2023-07-30,4,7
2023-07-30,5,10
2023-07-30,6,13
2023-07-30,7,23
2023-07-30,8,46
2023-07-30,9,107
2023-07-30,10,145
2023-07-30,11,174
2023-07-30,12,159
2023-07-30,13,171
2023-07-30,14,129
2023-07-30,15,134
2023-07-30,16,107
2023-07-30,17,135
2023-07-30,18,90
2023-07-30,19,76
2023-07-30,20,71
2023-07-30,21,29
2023-07-30,22,34
2023-07-30,23,16
2023-07-31,0,17
2023-07-31,1,3
2023-07-31,2,9
2023-07-31,3,6
2023-07-31,4,12
2023-07-31,5,25
2023-07-31,6,64
2023-07-31,7,85
2023-07-31,8,119
2023-07-31,9,120
2023-07-31,10,145
2023-07-31,11,188
2023-07-31,12,145
2023-07-31,13,170
2023-07-31,14,161
2023-07-31,15,181
2023-07-31,16,169
2023-07-31,17,115
2023-07-31,18,95
2023-07-31,19,63
2023-07-31,20,48
2023-07-31,21,47
2023-07-31,22,31
2023-07-31,23,20
2023-08-01,0,11
2023-08-01,1,6
2023-08-01,2,5
2023-08-01,3,12
2023-08-01,4,14
2023-08-01,5,31
2023-08-01,6,63
2023-08-01,7,95
2023-08-01,8,115
2023-08-01,9,135
2023-08-01,10,141
2023-08-01,11,166
2023-08-01,12,142
2023-08-01,13,166
2023-08-01,14,146
2023-08-01,15,168
2023-08-01,16,176
2023-08-01,17,129
2023-08-01,18,103
2023-08-01,19,73
2023-08-01,20,86
2023-08-01,21,200
2023-08-01,22,47
2023-08-01,23,15
2023-08-02,0,10
2023-08-02,1,3
2023-08-02,2,10
2023-08-02,3,6
2023-08-02,4,10
2023-08-02,5,19
2023-08-02,6,68
2023-08-02,7,95
2023-08-02,8,99
2023-08-02,9,112
2023-08-02,10,138
2023-08-02,11,173
2023-08-02,12,162
2023-08-02,13,151
2023-08-02,14,177
2023-08-02,15,163
2023-08-02,16,178
2023-08-02,17,146
2023-08-02,18,105
2023-08-02,19,77
2023-08-02,20,67
2023-08-02,21,42
2023-08-02,22,23
2023-08-02,23,19
2023-08-03,0,9
2023-08-03,1,6
2023-08-03,2,6
2023-08-03,3,8
2023-08-03,4,10
2023-08-03,5,29
2023-08-03,6,66
2023-08-03,7,99
2023-08-03,8,133
2023-08-03,9,161
2023-08-03,10,128
2023-08-03,11,159
2023-08-03,12,188
2023-08-03,13,192
2023-08-03,14,192
2023-08-03,15,171
2023-08-03,16,165
2023-08-03,17,141
2023-08-03,18,100
2023-08-03,19,86
2023-08-03,20,77
2023-08-03,21,44
2023-08-03,22,40
2023-08-03,23,19
2023-08-04,0,11
2023-08-04,1,4
2023-08-04,2,8
2023-08-04,3,8
2023-08-04,4,10
2023-08-04,5,27
2023-08-04,6,72
2023-08-04,7,79
2023-08-04,8,100
2023-08-04,9,147
2023-08-04,10,151
2023-08-04,11,193
2023-08-04,12,190
2023-08-04,13,181
2023-08-04,14,207
2023-08-04,15,213
2023-08-04,16,160
2023-08-04,17,136
2023-08-04,18,105
2023-08-04,19,94
2023-08-04,20,64
2023-08-04,21,50
2023-08-04,22,31
2023-08-04,23,33
2023-08-05,0,26
2023-08-05,1,10
2023-08-05,2,8
2023-08-05,3,8
2023-08-05,4,5
2023-08-05,5,19
2023-08-05,6,38
2023-08-05,7,60
2023-08-05,8,112
2023-08-05,9,124
2023-08-05,10,147
2023-08-05,11,195
2023-08-05,12,176
2023-08-05,13,114
2023-08-05,14,116
2023-08-05,15,144
2023-08-05,16,107
2023-08-05,17,116
2023-08-05,18,85
2023-08-05,19,81
2023-08-05,20,71
2023-08-05,21,58
2023-08-05,22,41
2023-08-05,23,28
2023-08-06,0,19
2023-08-06,1,14
2023-08-06,2,12
2023-08-06,3,21
2023-08-06,4,17
2023-08-06,5,13
2023-08-06,6,14
2023-08-06,7,24
2023-08-06,8,54
2023-08-06,9,82
2023-08-06,10,124
2023-08-06,11,152
2023-08-06,12,154
2023-08-06,13,157
2023-08-06,14,128
2023-08-06,15,123
2023-08-06,16,120
2023-08-06,17,135
2023-08-06,18,83
2023-08-06,19,54
2023-08-06,20,64
2023-08-06,21,48
2023-08-06,22,33
2023-08-06,23,16
2023-08-07,0,5
2023-08-07,1,10
2023-08-07,2,5
2023-08-07,3,6
2023-08-07,4,11
2023-08-07,5,27
2023-08-07,6,66
2023-08-07,7,67
2023-08-07,8,123
2023-08-07,9,120
2023-08-07,10,141
2023-08-07,11,158
2023-08-07,12,183
2023-08-07,13,165
2023-08-07,14,159
2023-08-07,15,210
2023-08-07,16,157
2023-08-07,17,134
2023-08-07,18,84
2023-08-07,19,72
2023-08-07,20,60
2023-08-07,21,43
2023-08-07,22,25
2023-08-07,23,19
2023-08-08,0,9
2023-08-08,1,2
2023-08-08,2,5
2023-08-08,3,9
2023-08-08,4,15
2023-08-08,5,30
2023-08-08,6,70
2023-08-08,7,93
2023-08-08,8,122
2023-08-08,9,142
2023-08-08,10,139
2023-08-08,11,150
2023-08-08,12,155
2023-08-08,13,168
2023-08-08,14,138
2023-08-08,15,196
2023-08-08,16,155
2023-08-08,17,131
2023-08-08,18,89
2023-08-08,19,63
2023-08-08,20,66
2023-08-08,21,50
2023-08-08,22,29
2023-08-08,23,13
2023-08-09,0,13
2023-08-09,1,5
2023-08-09,2,4
2023-08-09,3,5
2023-08-09,4,7
2023-08-09,5,28
2023-08-09,6,86
2023-08-09,7,82
2023-08-09,8,115
2023-08-09,9,124
2023-08-09,10,139
2023-08-09,11,142
2023-08-09,12,148
2023-08-09,13,166
2023-08-09,14,178
2023-08-09,15,162
2023-08-09,16,136
2023-08-09,17,119
2023-08-09,18,102
2023-08-09,19,75
2023-08-09,20,67
2023-08-09,21,52
2023-08-09,22,30
2023-08-09,23,14
2023-08-10,0,8
2023-08-10,1,8
2023-08-10,2,7
2023-08-10,3,8
2023-08-10,4,12
2023-08-10,5,23
2023-08-10,6,79
2023-08-10,7,95
2023-08-10,8,112
2023-08-10,9,131
2023-08-10,10,148
2023-08-10,11,183
2023-08-10,12,196
2023-08-10,13,189
2023-08-10,14,186
2023-08-10,15,176
2023-08-10,16,167
2023-08-10,17,125
2023-08-10,18,104
2023-08-10,19,76
2023-08-10,20,60
2023-08-10,21,46
2023-08-10,22,27
2023-08-10,23,22
2023-08-11,0,18
2023-08-11,1,13
2023-08-11,2,9
2023-08-11,3,5
2023-08-11,4,10
2023-08-11,5,23
2023-08-11,6,74
2023-08-11,7,103
2023-08-11,8,122
2023-08-11,9,146
2023-08-11,10,151
2023-08-11,11,209
2023-08-11,12,214
2023-08-11,13,183
2023-08-11,14,192
2023-08-11,15,219
2023-08-11,16,153
2023-08-11,17,146
2023-08-11,18,105
2023-08-11,19,92
2023-08-11,20,93
2023-08-11,21,56
2023-08-11,22,35
2023-08-11,23,31
2023-08-12,0,26
2023-08-12,1,10
2023-08-12,2,5
2023-08-12,3,16
2023-08-12,4,12
2023-08-12,5,17
2023-08-12,6,32
2023-08-12,7,72
2023-08-12,8,103
2023-08-12,9,119
2023-08-12,10,178
2023-08-12,11,148
2023-08-12,12,215
2023-08-12,13,237
2023-08-12,14,163
2023-08-12,15,138
2023-08-12,16,130
2023-08-12,17,136
2023-08-12,18,98
2023-08-12,19,63
2023-08-12,20,44
2023-08-12,21,52
2023-08-13,4,11
2023-08-13,5,11
2023-08-13,6,13
2023-08-13,7,27
2023-08-13,8,55
2023-08-13,9,99
2023-08-13,10,156
2023-08-13,11,144
2023-08-13,12,144
2023-08-13,13,138
2023-08-13,14,121
2023-08-13,15,118
2023-08-13,16,98
2023-08-13,17,98
2023-08-13,18,86
2023-08-13,19,66
2023-08-13,20,57
2023-08-13,21,42
2023-08-13,22,28
2023-08-13,23,20
2023-08-14,0,11
2023-08-14,1,5
2023-08-14,2,3
2023-08-14,3,7
2023-08-14,4,11
2023-08-14,5,27
2023-08-14,6,73
2023-08-14,7,83
2023-08-14,8,111
2023-08-14,9,119
2023-08-14,10,157
2023-08-14,11,154
2023-08-14,12,149
2023-08-14,13,172
2023-08-14,14,172
2023-08-14,15,155
2023-08-14,16,157
2023-08-14,17,132
2023-08-14,18,99
2023-08-14,19,90
2023-08-14,20,64
2023-08-14,21,46
2023-08-14,22,36
2023-08-14,23,16
2023-08-15,0,8
2023-08-15,1,7
2023-08-15,2,4
2023-08-15,3,5
2023-08-15,5,29
2023-08-15,6,100
2023-08-15,8,112
2023-08-15,9,119
2023-08-15,10,150
2023-08-15,11,152
2023-08-15,12,180
2023-08-15,13,160
2023-08-15,14,174
2023-08-15,15,196
2023-08-15,16,186
2023-08-15,17,136
2023-08-15,18,116
2023-08-15,19,82
2023-08-15,20,52
2023-08-15,21,46
2023-08-15,22,27
2023-08-15,23,15
2023-08-16,0,11
2023-08-16,1,9
2023-08-16,2,5
2023-08-16,3,8
2023-08-16,4,10
2023-08-16,5,29
2023-08-16,6,67
2023-08-16,7,78
2023-08-16,8,125
2023-08-16,9,142
2023-08-16,10,159
2023-08-16,11,178
2023-08-16,12,148
2023-08-16,13,147
2023-08-16,14,121
2023-08-16,15,172
2023-08-16,16,151
2023-08-16,17,139
2023-08-16,18,120
2023-08-16,19,82
2023-08-16,20,62
2023-08-16,21,41
2023-08-16,22,26
2023-08-16,23,12
2023-08-17,0,8
2023-08-17,1,5
2023-08-17,2,6
2023-08-17,3,7
2023-08-17,4,14
2023-08-17,5,32
2023-08-17,6,82
2023-08-17,7,73
2023-08-17,8,134
2023-08-17,9,142
2023-08-17,10,158
2023-08-17,11,176
2023-08-17,12,197
2023-08-17,13,182
2023-08-17,14,229
2023-08-17,15,202
2023-08-17,16,154
2023-08-17,17,141
2023-08-17,18,100
2023-08-17,19,106
2023-08-17,20,70
2023-08-17,21,49
2023-08-17,22,33
2023-08-17,23,23
2023-08-18,0,12
2023-08-18,1,6
2023-08-18,2,4
2023-08-18,3,4
2023-08-18,4,15
2023-08-18,5,28
2023-08-18,6,67
2023-08-18,7,120
2023-08-18,8,167
2023-08-18,9,173
2023-08-18,10,192
2023-08-18,11,187
2023-08-18,12,202
2023-08-18,13,181
2023-08-18,14,192
2023-08-18,15,229
2023-08-18,16,174
2023-08-18,17,162
2023-08-18,18,123
2023-08-18,19,91
2023-08-18,20,67
2023-08-18,21,60
2023-08-18,22,33
2023-08-18,23,27
2023-08-19,0,19
2023-08-19,1,15
2023-08-19,2,9
2023-08-19,3,18
2023-08-19,4,13
2023-08-19,5,16
2023-08-19,6,25
2023-08-19,7,62
2023-08-19,8,85
2023-08-19,9,136
2023-08-19,10,184
2023-08-19,11,202
2023-08-19,12,195
2023-08-19,13,177
2023-08-19,14,162
2023-08-19,15,156
2023-08-19,16,125
2023-08-19,17,153
2023-08-19,18,102
2023-08-19,19,73
2023-08-19,20,75
2023-08-19,21,48
2023-08-19,22,38
2023-08-19,23,35
2023-08-20,0,21
2023-08-20,1,12
2023-08-20,2,18
2023-08-20,3,15
2023-08-20,4,10
2023-08-20,5,13
2023-08-20,6,18
2023-08-20,7,34
2023-08-20,8,47
2023-08-20,9,81
2023-08-20,10,127
2023-08-20,11,193
2023-08-20,12,193
2023-08-20,13,149
2023-08-20,14,127
2023-08-20,15,121
2023-08-20,16,115
2023-08-20,17,102
2023-08-20,18,110
2023-08-20,19,57
2023-08-20,20,48
2023-08-20,21,40
2023-08-20,22,28
2023-08-20,23,21
2023-08-21,0,6
2023-08-21,1,7
2023-08-21,2,7
2023-08-21,3,6
2023-08-21,4,13
2023-08-21,5,26
2023-08-21,6,62
2023-08-21,7,73
2023-08-21,8,148
2023-08-21,9,114
2023-08-21,10,153
2023-08-21,11,132
2023-08-21,12,121
2023-08-21,13,149
2023-08-21,14,151
2023-08-21,15,161
2023-08-21,16,163
2023-08-21,17,107
2023-08-21,18,107
2023-08-21,19,84
2023-08-21,20,64
2023-08-21,21,43
2023-08-21,22,21
2023-08-21,23,11
2023-08-22,0,8
2023-08-22,1,4
2023-08-22,2,7
2023-08-22,3,5
2023-08-22,4,9
2023-08-22,5,24
2023-08-22,6,80
2023-08-22,7,106
2023-08-22,8,154
2023-08-22,9,149
2023-08-22,10,141
2023-08-22,11,141
2023-08-22,12,177
2023-08-22,13,173
2023-08-22,14,164
2023-08-22,15,155
2023-08-22,16,174
2023-08-22,17,144
2023-08-22,18,99
2023-08-22,19,62
2023-08-22,20,61
2023-08-22,21,46
2023-08-22,22,32
2023-08-22,23,20
2023-08-23,0,8
2023-08-23,1,9
2023-08-23,2,7
2023-08-23,3,7
2023-08-23,4,15
2023-08-23,5,30
2023-08-23,6,79
2023-08-23,7,80
2023-08-23,8,109
2023-08-23,9,137
2023-08-23,10,159
2023-08-23,11,125
2023-08-23,12,184
2023-08-23,13,161
2023-08-23,14,200
2023-08-23,15,226
2023-08-23,16,173
2023-08-23,17,159
2023-08-23,18,123
2023-08-23,19,79
2023-08-23,20,58
2023-08-23,21,37
2023-08-23,22,34
2023-08-23,23,11
2023-08-24,0,12
2023-08-24,1,5
2023-08-24,2,7
2023-08-24,3,5
2023-08-24,4,13
2023-08-24,5,27
2023-08-24,6,69
2023-08-24,7,102
2023-08-24,8,184
2023-08-24,9,169
2023-08-24,10,196
2023-08-24,11,145
2023-08-24,12,180
2023-08-24,13,178
2023-08-24,14,168
2023-08-24,15,193
2023-08-24,16,166
2023-08-24,17,134
2023-08-24,18,127
2023-08-24,19,84
2023-08-24,20,62
2023-08-24,21,41
2023-08-24,22,23
2023-08-24,23,27
2023-08-25,0,12
2023-08-25,1,10
2023-08-25,2,8
2023-08-25,3,13
2023-08-25,4,10
2023-08-25,5,41
2023-08-25,6,55
2023-08-25,7,86
2023-08-25,8,152
2023-08-25,9,169
2023-08-25,10,228
2023-08-25,11,209
2023-08-25,12,228
2023-08-25,13,161
2023-08-25,14,218
2023-08-25,15,190
2023-08-25,16,163
2023-08-25,17,153
2023-08-25,18,121
2023-08-25,19,88
2023-08-25,20,66
2023-08-25,21,49
2023-08-25,22,36
2023-08-25,23,27
2023-08-26,0,22
2023-08-26,1,15
2023-08-26,2,11
2023-08-26,3,7
2023-08-26,4,7
2023-08-26,5,15
2023-08-26,6,30
2023-08-26,7,78
2023-08-26,8,117
2023-08-26,9,141
2023-08-26,10,178
2023-08-26,11,184
2023-08-26,12,180
2023-08-26,13,144
2023-08-26,14,157
2023-08-26,15,131
2023-08-26,16,104
2023-08-26,17,148
2023-08-26,18,123
2023-08-26,19,70
2023-08-26,20,56
2023-08-26,21,51
2023-08-26,22,50
2023-08-26,23,32
2023-08-27,0,17
2023-08-27,1,15
2023-08-27,2,12
2023-08-27,3,21
2023-08-27,4,16
2023-08-27,5,5
2023-08-27,6,16
2023-08-27,7,27
2023-08-27,8,66
2023-08-27,9,110
2023-08-27,10,151
2023-08-27,11,185
2023-08-27,12,206
2023-08-27,13,158
2023-08-27,14,131
2023-08-27,15,132
2023-08-27,16,108
2023-08-27,17,116
2023-08-27,18,75
2023-08-27,19,63
2023-08-27,20,55
2023-08-27,21,37
2023-08-27,22,28
2023-08-27,23,21
2023-08-28,0,11
2023-08-28,1,4
2023-08-28,2,6
2023-08-28,3,7
2023-08-28,4,10
2023-08-28,5,25
2023-08-28,6,77
2023-08-28,7,87
2023-08-28,8,118
2023-08-28,9,121
2023-08-28,10,177
2023-08-28,11,156
2023-08-28,12,151
2023-08-28,13,136
2023-08-28,14,182
2023-08-28,15,177
2023-08-28,16,143
2023-08-28,17,133
2023-08-28,18,102
2023-08-28,19,88
2023-08-28,20,62
2023-08-28,21,32
2023-08-28,22,23
2023-08-28,23,15
2023-08-29,0,9
2023-08-29,1,5
2023-08-29,2,3
2023-08-29,3,8
2023-08-29,4,8
2023-08-29,5,24
2023-08-29,6,62
2023-08-29,7,101
2023-08-29,8,132
2023-08-29,9,139
2023-08-29,10,143
2023-08-29,11,199
2023-08-29,12,148
2023-08-29,13,147
2023-08-29,14,175
2023-08-29,15,186
2023-08-29,16,191
2023-08-29,17,147
2023-08-29,18,110
2023-08-29,19,81
2023-08-29,20,89
2023-08-29,21,34
2023-08-29,22,35
2023-08-29,23,20
2023-08-30,0,9
2023-08-30,1,7
2023-08-30,2,7
2023-08-30,3,5
2023-08-30,4,14
2023-08-30,5,26
2023-08-30,6,78
2023-08-30,7,79
2023-08-30,8,125
2023-08-30,9,137
2023-08-30,10,128
2023-08-30,11,171
2023-08-30,12,122
2023-08-30,13,155
2023-08-30,14,165
2023-08-30,15,178
2023-08-30,16,150
2023-08-30,17,143
2023-08-30,18,98
2023-08-30,20,65
2023-08-30,21,52
2023-08-30,22,38
2023-08-30,23,16
2023-08-31,0,6
2023-08-31,1,3
2023-08-31,2,6
2023-08-31,3,9
2023-08-31,4,15
2023-08-31,5,23
2023-08-31,6,61
2023-08-31,7,88
2023-08-31,8,169
2023-08-31,9,155
2023-08-31,10,146
2023-08-31,11,178
2023-08-31,12,199
2023-08-31,13,160
2023-08-31,14,166
2023-08-31,15,201
2023-08-31,16,134
2023-08-31,17,135
2023-08-31,18,102
2023-08-31,19,81
2023-08-31,20,67
2023-08-31,21,40
2023-08-31,22,33
2023-08-31,23,12
2023-09-01,0,13
2023-09-01,1,10
2023-09-01,2,10
2023-09-01,3,8
2023-09-01,4,12
2023-09-01,5,22
2023-09-01,6,69
2023-09-01,7,109
2023-09-01,8,131
2023-09-01,9,152
2023-09-01,10,206
2023-09-01,11,193
2023-09-01,12,192
2023-09-01,13,201
2023-09-01,14,198
2023-09-01,15,217
2023-09-01,16,153
2023-09-01,17,146
2023-09-01,18,133
2023-09-01,19,88
2023-09-01,20,76
2023-09-01,21,52
2023-09-01,22,39
2023-09-01,23,36
2023-09-02,0,21
2023-09-02,1,14
2023-09-02,2,14
2023-09-02,3,12
2023-09-02,4,12
2023-09-02,5,14
2023-09-02,6,26
2023-09-02,7,56
2023-09-02,8,90
2023-09-02,9,127
2023-09-02,10,175
2023-09-02,11,219
2023-09-02,12,197
2023-09-02,13,151
2023-09-02,14,169
2023-09-02,15,133
2023-09-02,16,123
2023-09-02,17,131
2023-09-02,18,109
2023-09-02,19,77
2023-09-02,20,65
2023-09-02,21,67
2023-09-02,22,45
2023-09-02,23,27
2023-09-03,0,18
2023-09-03,1,21
2023-09-03,2,17
2023-09-03,3,13
2023-09-03,4,6
2023-09-03,5,12
2023-09-03,6,19
2023-09-03,7,33
2023-09-03,8,60
2023-09-03,9,99
2023-09-03,10,134
2023-09-03,11,107
2023-09-03,12,107
2023-09-03,13,104
2023-09-03,14,118
2023-09-03,15,116
2023-09-03,16,103
2023-09-03,17,110
2023-09-03,18,92
2023-09-03,19,75
2023-09-03,20,51
2023-09-03,21,43
2023-09-03,22,27
2023-09-03,23,21
2023-09-04,0,5
2023-09-04,1,6
2023-09-04,2,6
2023-09-04,3,2
2023-09-04,4,11
2023-09-04,5,26
2023-09-04,6,64
2023-09-04,7,78
2023-09-04,8,129
2023-09-04,9,122
2023-09-04,10,135
2023-09-04,11,159
2023-09-04,12,122
2023-09-04,13,163
2023-09-04,14,147
2023-09-04,15,161
2023-09-04,16,138
2023-09-04,17,123
2023-09-04,18,76
2023-09-04,19,85
2023-09-04,20,69
2023-09-04,21,39
2023-09-04,22,29
2023-09-04,23,17
2023-09-05,0,13
2023-09-05,1,5
2023-09-05,2,5
2023-09-05,3,3
2023-09-05,4,7
2023-09-05,5,35
2023-09-05,6,76
2023-09-05,7,88
2023-09-05,8,116
2023-09-05,9,129
2023-09-05,10,143
2023-09-05,11,121
2023-09-05,12,159
2023-09-05,13,146
2023-09-05,14,141
2023-09-05,15,146
2023-09-05,16,161
2023-09-05,17,119
2023-09-05,18,111
2023-09-05,19,111
2023-09-05,20,73
2023-09-05,21,39
2023-09-05,22,30
2023-09-05,23,14
2023-09-06,0,6
2023-09-06,1,6
2023-09-06,2,6
2023-09-06,3,4
2023-09-06,4,9
2023-09-06,5,32
2023-09-06,6,72
2023-09-06,7,82
2023-09-06,8,139
2023-09-06,9,129
2023-09-06,10,104
2023-09-06,11,132
2023-09-06,12,113
2023-09-06,13,145
2023-09-06,14,133
2023-09-06,15,152
2023-09-06,16,142
2023-09-06,17,138
2023-09-06,18,100
2023-09-06,19,79
2023-09-06,20,74
2023-09-06,21,50
2023-09-06,22,23
2023-09-06,23,12
2023-09-07,0,9
2023-09-07,1,11
2023-09-07,2,4
2023-09-07,3,8
2023-09-07,4,10
2023-09-07,5,30
2023-09-07,6,70
2023-09-07,7,93
2023-09-07,8,143
2023-09-07,9,144
2023-09-07,10,151
2023-09-07,11,172
2023-09-07,12,143
2023-09-07,13,158
2023-09-07,14,169
2023-09-07,15,173
2023-09-07,16,147
2023-09-07,17,136
2023-09-07,18,105
2023-09-07,19,90
2023-09-07,20,84
2023-09-07,21,39
2023-09-07,22,21
2023-09-07,23,16
2023-09-08,0,8
2023-09-08,1,10
2023-09-08,2,4
2023-09-08,3,7
2023-09-08,4,23
2023-09-08,5,31
2023-09-08,6,69
2023-09-08,7,82
2023-09-08,8,168
2023-09-08,9,158
2023-09-08,10,155
2023-09-08,11,193
2023-09-08,12,158
2023-09-08,13,176
2023-09-08,14,158
2023-09-08,15,192
2023-09-08,16,133
2023-09-08,17,122
2023-09-08,18,113
2023-09-08,19,77
2023-09-08,20,73
2023-09-08,21,48
2023-09-08,22,28
2023-09-08,23,28
2023-09-09,0,20
2023-09-09,1,10
2023-09-09,2,14
2023-09-09,3,18
2023-09-09,4,11
2023-09-09,5,13
2023-09-09,6,26
2023-09-09,7,53
2023-09-09,8,101
2023-09-09,9,128
2023-09-09,10,171
2023-09-09,11,170
2023-09-09,12,161
2023-09-09,13,140
2023-09-09,14,134
2023-09-09,15,134
2023-09-09,16,100
2023-09-09,17,116
2023-09-09,18,114
2023-09-09,19,67
2023-09-09,20,62
2023-09-09,21,55
2023-09-09,22,43
2023-09-09,23,24
2023-09-10,0,27
2023-09-10,1,17
2023-09-10,2,11
2023-09-10,3,17
2023-09-10,4,10
2023-09-10,5,13
2023-09-10,6,17
2023-09-10,7,24
2023-09-10,8,56
2023-09-10,9,105
2023-09-10,10,116
2023-09-10,11,167
2023-09-10,12,235
2023-09-10,13,137
2023-09-10,14,144
2023-09-10,15,133
2023-09-10,16,109
2023-09-10,17,122
2023-09-10,18,87
2023-09-10,19,56
2023-09-10,20,52
2023-09-10,21,42
2023-09-10,22,34
2023-09-10,23,22
2023-09-11,0,15
2023-09-11,1,7
2023-09-11,2,9
2023-09-11,3,9
2023-09-11,4,14
2023-09-11,5,38
2023-09-11,6,81
2023-09-11,7,100
2023-09-11,8,126
2023-09-11,9,127
2023-09-11,10,135
2023-09-11,11,156
2023-09-11,12,159
2023-09-11,13,133
2023-09-11,14,158
2023-09-11,15,148
2023-09-11,16,165
2023-09-11,17,118
2023-09-11,18,101
2023-09-11,19,80
2023-09-11,20,53
2023-09-11,21,46
2023-09-11,22,26
2023-09-11,23,10
2023-09-12,0,11
2023-09-12,1,0
2023-09-12,2,0
2023-09-12,3,6
2023-09-12,4,15
2023-09-12,5,27
2023-09-12,6,67
2023-09-12,7,86
2023-09-12,8,128
2023-09-12,9,123
2023-09-12,10,144
2023-09-12,11,146
2023-09-12,12,137
2023-09-12,13,162
2023-09-12,14,161
2023-09-12,15,140
2023-09-12,16,134
2023-09-12,17,145
2023-09-12,18,100
2023-09-12,19,77
2023-09-12,20,64
2023-09-12,21,39
2023-09-12,22,38
2023-09-12,23,17
2023-09-13,0,7
2023-09-13,1,6
2023-09-13,2,7
2023-09-13,3,5
2023-09-13,4,18
2023-09-13,5,29
2023-09-13,6,68
2023-09-13,7,87
2023-09-13,8,139
2023-09-13,9,110
2023-09-13,10,145
2023-09-13,11,161
2023-09-13,12,136
2023-09-13,13,151
2023-09-13,14,160
2023-09-13,15,167
2023-09-13,16,180
2023-09-13,17,165
2023-09-13,18,127
2023-09-13,19,103
2023-09-13,20,62
2023-09-13,21,39
2023-09-13,22,30
2023-09-13,23,14
2023-09-14,0,12
2023-09-14,1,7
2023-09-14,2,7
2023-09-14,3,9
2023-09-14,4,16
2023-09-14,5,35
2023-09-14,6,61
2023-09-14,7,81
2023-09-14,8,147
2023-09-14,9,149
2023-09-14,10,147
2023-09-14,11,210
2023-09-14,12,190
2023-09-14,13,191
2023-09-14,14,167
2023-09-14,15,182
2023-09-14,16,170
2023-09-14,17,144
2023-09-14,18,103
2023-09-14,19,85
2023-09-14,20,68
2023-09-14,21,50
2023-09-14,22,40
2023-09-14,23,19
2023-09-15,0,6
2023-09-15,1,8
2023-09-15,2,5
2023-09-15,3,8
2023-09-15,4,8
2023-09-15,5,36
2023-09-15,6,71
2023-09-15,7,105
2023-09-15,8,143
2023-09-15,9,178
2023-09-15,10,162
2023-09-15,11,213
2023-09-15,12,205
2023-09-15,13,178
2023-09-15,14,202
2023-09-15,15,175
2023-09-15,16,194
2023-09-15,17,124
2023-09-15,18,124
2023-09-15,19,82
2023-09-15,20,63
2023-09-15,21,49
2023-09-15,22,40
2023-09-15,23,31
2023-09-16,0,15
2023-09-16,1,17
2023-09-16,2,17
2023-09-16,3,6
2023-09-16,4,12
2023-09-16,5,12
2023-09-16,6,31
2023-09-16,7,54
2023-09-16,8,85
2023-09-16,9,158
2023-09-16,10,181
2023-09-16,11,196
2023-09-16,12,180
2023-09-16,13,152
2023-09-16,14,177
2023-09-16,15,154
2023-09-16,16,121
2023-09-16,17,140
2023-09-16,18,87
2023-09-16,19,70
2023-09-16,20,49
2023-09-16,21,52
2023-09-16,22,39
2023-09-16,23,35
2023-09-17,0,22
2023-09-17,1,18
2023-09-17,2,18
2023-09-17,3,22
2023-09-17,4,12
2023-09-17,5,11
2023-09-17,6,10
2023-09-17,7,24
2023-09-17,8,45
2023-09-17,9,101
2023-09-17,10,143
2023-09-17,11,167
2023-09-17,12,197
2023-09-17,13,168
2023-09-17,14,125
2023-09-17,15,134
2023-09-17,16,92
2023-09-17,17,95
2023-09-17,18,74
2023-09-17,19,59
2023-09-17,20,42
2023-09-17,21,38
2023-09-17,22,22
2023-09-17,23,13
2023-09-18,0,7
2023-09-18,1,7
2023-09-18,2,8
2023-09-18,3,3
2023-09-18,4,11
2023-09-18,5,22
2023-09-18,6,56
2023-09-18,7,74
2023-09-18,8,112
2023-09-18,9,129
2023-09-18,10,103
2023-09-18,11,130
2023-09-18,12,145
2023-09-18,13,155
2023-09-18,14,169
2023-09-18,15,150
2023-09-18,16,139
2023-09-18,17,119
2023-09-18,18,87
2023-09-18,19,64
2023-09-18,20,58
2023-09-18,21,42
2023-09-18,22,25
2023-09-18,23,8
2023-09-19,0,7
2023-09-19,1,4
2023-09-19,2,3
2023-09-19,3,6
2023-09-19,4,12
2023-09-19,5,26
2023-09-19,6,55
2023-09-19,7,92
2023-09-19,8,100
2023-09-19,9,116
2023-09-19,10,131
2023-09-19,11,140
2023-09-19,12,139
2023-09-19,13,112
2023-09-19,14,146
2023-09-19,15,175
2023-09-19,16,150
2023-09-19,17,111
2023-09-19,18,79
2023-09-19,19,65
2023-09-19,20,52
2023-09-19,21,49
2023-09-19,22,22
2023-09-19,23,16
2023-09-20,0,8
2023-09-20,1,5
2023-09-20,2,8
2023-09-20,3,7
2023-09-20,4,12
2023-09-20,5,36
2023-09-20,6,52
2023-09-20,7,78
2023-09-20,8,119
2023-09-20,9,98
2023-09-20,10,138
2023-09-20,11,153
2023-09-20,12,166
2023-09-20,13,133
2023-09-20,14,180
2023-09-20,15,162
2023-09-20,16,131
2023-09-20,17,130
2023-09-20,18,82
2023-09-20,19,58
2023-09-20,20,62
2023-09-20,21,41
2023-09-20,22,21
2023-09-20,23,12
2023-09-21,0,9
2023-09-21,1,5
2023-09-21,2,4
2023-09-21,3,4
2023-09-21,4,14
2023-09-21,5,26
2023-09-21,6,53
2023-09-21,7,84
2023-09-21,8,113
2023-09-21,9,113
2023-09-21,10,146
2023-09-21,11,170
2023-09-21,12,150
2023-09-21,13,181
2023-09-21,14,165
2023-09-21,15,157
2023-09-21,16,159
2023-09-21,17,139
2023-09-21,18,105
2023-09-21,19,93
2023-09-21,20,55
2023-09-21,21,36
2023-09-21,22,36
2023-09-21,23,11
2023-09-22,0,8
2023-09-22,1,4
2023-09-22,2,3
2023-09-22,3,5
2023-09-22,4,7
2023-09-22,5,29
2023-09-22,6,54
2023-09-22,7,77
2023-09-22,8,102
2023-09-22,9,145
2023-09-22,10,135
2023-09-22,11,154
2023-09-22,12,155
2023-09-22,13,170
2023-09-22,14,206
2023-09-22,15,167
2023-09-22,16,159
2023-09-22,17,142
2023-09-22,18,114
2023-09-22,19,84
2023-09-22,20,61
2023-09-22,21,44
2023-09-22,22,28
2023-09-22,23,27
2023-09-23,0,14
2023-09-23,1,18
2023-09-23,2,14
2023-09-23,3,10
2023-09-23,4,11
2023-09-23,5,18
2023-09-23,6,24
2023-09-23,7,46
2023-09-23,8,92
2023-09-23,9,120
2023-09-23,10,124
2023-09-23,11,209
2023-09-23,12,177
2023-09-23,13,153
2023-09-23,14,167
2023-09-23,15,147
2023-09-23,16,111
2023-09-23,17,107
2023-09-23,18,85
2023-09-23,19,74
2023-09-23,20,67
2023-09-23,21,38
2023-09-23,22,33
2023-09-23,23,38
2023-09-24,0,32
2023-09-24,1,16
2023-09-24,2,19
2023-09-24,3,11
2023-09-24,4,10
2023-09-24,5,12
2023-09-24,6,21
2023-09-24,7,38
2023-09-24,8,50
2023-09-24,9,88
2023-09-24,10,147
2023-09-24,11,138
2023-09-24,12,160
2023-09-24,13,139
2023-09-24,14,126
2023-09-24,15,109
2023-09-24,16,81
2023-09-24,17,115
2023-09-24,18,78
2023-09-24,19,51
2023-09-24,20,56
2023-09-24,21,26
2023-09-24,22,24
2023-09-24,23,31
2023-09-25,0,13
2023-09-25,1,11
2023-09-25,2,7
2023-09-25,3,9
2023-09-25,4,7
2023-09-25,5,10
2023-09-25,6,41
2023-09-25,7,57
2023-09-25,8,72
2023-09-25,9,96
2023-09-25,10,115
2023-09-25,11,136
2023-09-25,12,132
2023-09-25,13,126
2023-09-25,14,133
2023-09-25,15,125
2023-09-25,16,132
2023-09-25,17,115
2023-09-25,18,82
2023-09-25,19,85
2023-09-25,20,59
2023-09-25,21,34
2023-09-25,22,18
2023-09-25,23,19
2023-09-26,0,10
2023-09-26,1,6
2023-09-26,2,8
2023-09-26,3,8
2023-09-26,4,16
2023-09-26,5,24
2023-09-26,6,64
2023-09-26,7,73
2023-09-26,8,101
2023-09-26,9,108
2023-09-26,10,119
2023-09-26,11,161
2023-09-26,12,180
2023-09-26,13,175
2023-09-26,14,166
2023-09-26,15,172
2023-09-26,16,168
2023-09-26,17,141
2023-09-26,18,115
2023-09-26,19,89
2023-09-26,20,50
2023-09-26,21,43
2023-09-26,22,22
2023-09-26,23,18
2023-09-27,0,12
2023-09-27,1,7
2023-09-27,2,8
2023-09-27,3,6
2023-09-27,4,12
2023-09-27,5,30
2023-09-27,6,55
2023-09-27,7,89
2023-09-27,8,96
2023-09-27,9,138
2023-09-27,10,114
2023-09-27,11,143
2023-09-27,12,168
2023-09-27,13,177
2023-09-27,14,197
2023-09-27,15,173
2023-09-27,16,167
2023-09-27,17,118
2023-09-27,18,80
2023-09-27,19,91
2023-09-27,20,55
2023-09-27,21,43
2023-09-27,22,33
2023-09-27,23,22
2023-09-28,0,10
2023-09-28,1,10
2023-09-28,2,8
2023-09-28,3,11
2023-09-28,4,12
2023-09-28,5,44
2023-09-28,6,66
2023-09-28,7,105
2023-09-28,8,136
2023-09-28,9,133
2023-09-28,10,138
2023-09-28,11,214
2023-09-28,12,167
2023-09-28,13,184
2023-09-28,14,177
2023-09-28,15,163
2023-09-28,16,143
2023-09-28,17,135
2023-09-28,18,98
2023-09-28,19,82
2023-09-28,20,61
2023-09-28,21,48
2023-09-28,22,23
2023-09-28,23,29
2023-09-29,0,15
2023-09-29,1,7
2023-09-29,2,5
2023-09-29,3,9
2023-09-29,4,17
2023-09-29,5,37
2023-09-29,6,57
2023-09-29,7,104
2023-09-29,8,143
2023-09-29,9,161
2023-09-29,10,189
2023-09-29,11,193
2023-09-29,12,202
2023-09-29,13,195
2023-09-29,14,206
2023-09-29,15,207
2023-09-29,16,138
2023-09-29,17,147
2023-09-29,18,130
2023-09-29,19,97
2023-09-29,20,61
2023-09-29,21,43
2023-09-29,22,29
2023-09-29,23,38
2023-09-30,0,29
2023-09-30,1,11
2023-09-30,2,19
2023-09-30,3,13
2023-09-30,4,8
2023-09-30,5,17
2023-09-30,6,41
2023-09-30,7,52
2023-09-30,8,101
2023-09-30,9,138
2023-09-30,10,186
2023-09-30,11,154
2023-09-30,12,164
2023-09-30,13,157
2023-09-30,14,177
2023-09-30,15,172
2023-09-30,16,116
2023-09-30,17,139
2023-09-30,18,108
2023-09-30,19,87
2023-09-30,20,60
2023-09-30,21,63
2023-09-30,22,35
2023-09-30,23,33
