date,time,flow
2019-10-01,0,3
2019-10-01,1,9
2019-10-01,2,32
2019-10-01,3,24
2019-10-01,4,5
2019-10-01,5,57
2019-10-01,6,107
2019-10-01,7,135
2019-10-01,8,137
2019-10-01,9,64
2019-10-01,10,86
2019-10-01,11,114
2019-10-01,12,107
2019-10-01,13,55
2019-10-01,14,81
2019-10-01,15,102
2019-10-01,16,118
2019-10-01,17,114
2019-10-01,18,68
2019-10-01,19,40
2019-10-01,20,36
2019-10-01,21,24
2019-10-01,22,14
2019-10-01,23,7
2019-10-02,0,10
2019-10-02,1,5
2019-10-02,2,6
2019-10-02,3,5
2019-10-02,4,13
2019-10-02,5,28
2019-10-02,6,61
2019-10-02,7,141
2019-10-02,8,157
2019-10-02,9,97
2019-10-02,10,77
2019-10-02,11,100
2019-10-02,12,77
2019-10-02,13,75
2019-10-02,14,75
2019-10-02,15,99
2019-10-02,16,133
2019-10-02,17,93
2019-10-02,18,85
2019-10-02,19,49
2019-10-02,20,39
2019-10-02,21,37
2019-10-02,22,26
2019-10-02,23,14
2019-10-03,0,5
2019-10-03,1,5
2019-10-03,2,9
2019-10-03,3,7
2019-10-03,4,17
2019-10-03,5,22
2019-10-03,6,80
2019-10-03,7,158
2019-10-03,8,121
2019-10-03,9,103
2019-10-03,10,66
2019-10-03,11,97
2019-10-03,12,101
2019-10-03,13,94
2019-10-03,14,82
2019-10-03,15,133
2019-10-03,16,134
2019-10-03,17,113
2019-10-03,18,85
2019-10-03,19,59
2019-10-03,20,47
2019-10-03,21,49
2019-10-03,22,31
2019-10-03,23,24
2019-10-04,0,12
2019-10-04,1,13
2019-10-04,2,12
2019-10-04,3,6
2019-10-04,4,9
2019-10-04,5,19
2019-10-04,6,74
2019-10-04,7,200
2019-10-04,8,139
2019-10-04,9,83
2019-10-04,10,81
2019-10-04,11,96
2019-10-04,12,105
2019-10-04,13,104
2019-10-04,14,91
2019-10-04,15,108
2019-10-04,16,153
2019-10-04,17,122
2019-10-04,18,96
2019-10-04,19,83
2019-10-04,20,58
2019-10-04,21,62
2019-10-04,22,57
2019-10-04,23,42
2019-10-05,0,26
2019-10-05,1,10
2019-10-05,2,17
2019-10-05,3,11
2019-10-05,4,8
2019-10-05,5,15
2019-10-05,6,17
2019-10-05,7,45
2019-10-05,8,50
2019-10-05,9,50
2019-10-05,10,50
2019-10-05,11,58
2019-10-05,12,73
2019-10-05,13,67
2019-10-05,14,63
2019-10-05,15,76
2019-10-05,16,99
2019-10-05,17,83
2019-10-05,18,93
2019-10-05,19,67
2019-10-05,20,62
2019-10-05,21,66
2019-10-05,22,52
2019-10-05,23,59
2019-10-06,0,35
2019-10-06,1,19
2019-10-06,2,26
2019-10-06,3,19
2019-10-06,4,14
2019-10-06,5,12
2019-10-06,6,12
2019-10-06,7,25
2019-10-06,8,32
2019-10-06,9,39
2019-10-06,10,47
2019-10-06,11,33
2019-10-06,12,40
2019-10-06,13,53
2019-10-06,14,51
2019-10-06,15,41
2019-10-06,16,79
2019-10-06,17,84
2019-10-06,18,37
2019-10-06,19,43
2019-10-06,20,28
2019-10-06,21,43
2019-10-06,22,19
2019-10-06,23,8
2019-10-07,0,7
2019-10-07,1,2
2019-10-07,2,3
2019-10-07,3,4
2019-10-07,4,7
2019-10-07,5,21
2019-10-07,6,62
2019-10-07,7,0
2019-10-07,8,0
2019-10-07,9,0
2019-10-07,10,23
2019-10-07,11,93
2019-10-07,12,84
2019-10-07,13,68
2019-10-07,14,66
2019-10-07,15,89
2019-10-07,16,116
2019-10-07,17,81
2019-10-07,18,58
2019-10-07,19,39
2019-10-07,20,37
2019-10-07,21,34
2019-10-07,22,23
2019-10-07,23,18
2019-10-08,0,16
2019-10-08,1,8
2019-10-08,2,6
2019-10-08,3,7
2019-10-08,4,14
2019-10-08,5,22
2019-10-08,6,90
2019-10-08,7,168
2019-10-08,8,170
2019-10-08,9,101
2019-10-08,10,75
2019-10-08,11,106
2019-10-08,12,83
2019-10-08,13,61
2019-10-08,14,82
2019-10-08,15,116
2019-10-08,16,158
2019-10-08,17,152
2019-10-08,18,75
2019-10-08,19,50
2019-10-08,20,66
2019-10-08,21,49
2019-10-08,22,33
2019-10-08,23,18
2019-10-09,0,9
2019-10-09,1,8
2019-10-09,2,8
2019-10-09,3,8
2019-10-09,4,18
2019-10-09,5,20
2019-10-09,6,77
2019-10-09,7,153
2019-10-09,8,145
2019-10-09,9,125
2019-10-09,10,92
2019-10-09,11,112
2019-10-09,12,118
2019-10-09,13,81
2019-10-09,14,89
2019-10-09,15,122
2019-10-09,16,132
2019-10-09,17,99
2019-10-09,18,62
2019-10-09,19,44
2019-10-09,20,42
2019-10-09,21,27
2019-10-09,22,19
2019-10-09,23,18
2019-10-10,0,5
2019-10-10,1,7
2019-10-10,2,6
2019-10-10,3,12
2019-10-10,4,39
2019-10-10,5,24
2019-10-10,6,88
2019-10-10,7,155
2019-10-10,8,138
2019-10-10,9,111
2019-10-10,10,81
2019-10-10,11,86
2019-10-10,12,97
2019-10-10,13,97
2019-10-10,14,75
2019-10-10,15,135
2019-10-10,16,157
2019-10-10,17,131
2019-10-10,18,105
2019-10-10,19,50
2019-10-10,20,51
2019-10-10,21,33
2019-10-10,22,26
2019-10-10,23,23
2019-10-11,0,11
2019-10-11,1,4
2019-10-11,2,5
2019-10-11,3,7
2019-10-11,4,13
2019-10-11,5,27
2019-10-11,6,67
2019-10-11,7,145
2019-10-11,8,122
2019-10-11,9,73
2019-10-11,10,96
2019-10-11,11,75
2019-10-11,12,80
2019-10-11,13,81
2019-10-11,14,97
2019-10-11,15,108
2019-10-11,16,147
2019-10-11,17,114
2019-10-11,18,88
2019-10-11,19,64
2019-10-11,20,50
2019-10-11,21,57
2019-10-11,22,37
2019-10-11,23,34
2019-10-12,0,25
2019-10-12,1,17
2019-10-12,2,13
2019-10-12,3,15
2019-10-12,4,9
2019-10-12,5,14
2019-10-12,6,75
2019-10-12,7,41
2019-10-12,8,54
2019-10-12,9,58
2019-10-12,10,50
2019-10-12,11,71
2019-10-12,12,79
2019-10-12,13,95
2019-10-12,14,62
2019-10-12,15,67
2019-10-12,16,70
2019-10-12,17,65
2019-10-12,18,85
2019-10-12,19,56
2019-10-12,20,51
2019-10-12,21,68
2019-10-12,22,50
2019-10-12,23,63
2019-10-13,0,40
2019-10-13,1,22
2019-10-13,2,16
2019-10-13,3,18
2019-10-13,4,5
2019-10-13,5,14
2019-10-13,6,13
2019-10-13,7,22
2019-10-13,8,24
2019-10-13,9,36
2019-10-13,10,40
2019-10-13,11,54
2019-10-13,12,54
2019-10-13,13,73
2019-10-13,14,54
2019-10-13,15,51
2019-10-13,16,95
2019-10-13,17,50
2019-10-13,18,64
2019-10-13,19,47
2019-10-13,20,32
2019-10-13,21,23
2019-10-13,22,19
2019-10-13,23,7
2019-10-14,0,11
2019-10-14,1,2
2019-10-14,2,5
2019-10-14,3,11
2019-10-14,4,12
2019-10-14,5,15
2019-10-14,6,73
2019-10-14,7,136
2019-10-14,8,98
2019-10-14,9,59
2019-10-14,10,66
2019-10-14,11,78
2019-10-14,12,59
2019-10-14,13,57
2019-10-14,14,73
2019-10-14,15,83
2019-10-14,16,111
2019-10-14,17,85
2019-10-14,18,46
2019-10-14,19,44
2019-10-14,20,20
2019-10-14,21,21
2019-10-14,22,12
2019-10-14,23,9
2019-10-15,0,4
2019-10-15,1,1
2019-10-15,2,2
2019-10-15,3,7
2019-10-15,4,12
2019-10-15,5,20
2019-10-15,6,78
2019-10-15,7,163
2019-10-15,8,98
2019-10-15,9,77
2019-10-15,10,67
2019-10-15,11,74
2019-10-15,12,75
2019-10-15,13,73
2019-10-15,14,64
2019-10-15,15,84
2019-10-15,16,132
2019-10-15,17,82
2019-10-15,18,67
2019-10-15,19,54
2019-10-15,20,43
2019-10-15,21,42
2019-10-15,22,46
2019-10-15,23,22
2019-10-16,0,14
2019-10-16,1,24
2019-10-16,2,25
2019-10-16,3,21
2019-10-16,4,17
2019-10-16,5,23
2019-10-16,6,78
2019-10-16,7,119
2019-10-16,8,146
2019-10-16,9,94
2019-10-16,10,83
2019-10-16,11,106
2019-10-16,12,101
2019-10-16,13,54
2019-10-16,14,159
2019-10-16,15,102
2019-10-16,16,140
2019-10-16,17,113
2019-10-16,18,76
2019-10-16,19,74
2019-11-20,12,76
2019-11-20,13,97
2019-11-20,14,110
2019-11-20,15,70
2019-11-20,16,107
2019-11-20,17,129
2019-11-20,18,108
2019-11-20,19,84
2019-11-20,20,40
2019-11-20,21,37
2019-11-20,22,39
2019-11-20,23,44
2019-11-21,0,21
2019-11-21,1,11
2019-11-21,2,6
2019-11-21,3,1
2019-11-21,4,4
2019-11-21,5,16
2019-11-21,6,31
2019-11-21,7,79
2019-11-21,8,166
2019-11-21,9,158
2019-11-21,10,93
2019-11-21,11,79
2019-11-21,12,104
2019-11-21,13,62
2019-11-21,14,74
2019-11-21,15,112
2019-11-21,16,116
2019-11-21,17,130
2019-11-21,18,118
2019-11-21,19,79
2019-11-21,20,156
2019-11-21,21,46
2019-11-21,22,56
2019-11-21,23,27
2019-11-22,0,32
2019-11-22,1,182
2019-11-22,2,151
2019-11-22,3,8
2019-11-22,4,4
2019-11-22,5,11
2019-11-22,6,18
2019-11-22,7,77
2019-11-22,8,191
2019-11-22,9,132
2019-11-22,10,101
2019-11-22,11,125
2019-11-22,12,120
2019-11-22,13,114
2019-11-22,14,126
2019-11-22,15,118
2019-11-22,16,149
2019-11-22,17,175
2019-11-22,18,145
2019-11-22,19,121
2019-11-22,20,129
2019-11-22,21,101
2019-11-22,22,76
2019-11-22,23,118
2019-11-23,0,89
2019-11-23,1,31
2019-11-23,2,28
2019-11-23,3,16
2019-11-23,4,12
2019-11-23,5,13
2019-11-23,6,18
2019-11-23,7,48
2019-11-23,8,81
2019-11-23,9,78
2019-11-23,10,78
2019-11-23,11,92
2019-11-23,12,107
2019-11-23,13,146
2019-11-23,14,115
2019-11-23,15,120
2019-11-23,16,95
2019-11-23,17,136
2019-11-23,18,167
2019-11-23,19,124
2019-11-23,20,100
2019-11-23,21,88
2019-11-23,22,66
2019-11-23,23,124
2019-11-24,0,98
2019-11-24,1,58
2019-11-24,2,59
2019-11-24,3,33
2019-11-24,4,17
2019-11-24,5,11
2019-11-24,6,18
2019-11-24,7,27
2019-11-24,8,42
2019-11-24,9,42
2019-11-24,10,51
2019-11-24,11,77
2019-11-24,12,102
2019-11-24,13,105
2019-11-24,14,125
2019-11-24,15,94
2019-11-24,16,99
2019-11-24,17,103
2019-11-24,18,107
2019-11-24,19,90
2019-11-24,20,68
2019-11-24,21,36
2019-11-24,22,41
2019-11-24,23,60
2019-11-25,0,22
2019-11-25,1,12
2019-11-25,2,2
2019-11-25,3,1
2019-11-25,4,4
2019-11-25,5,10
2019-11-25,6,20
2019-11-25,7,61
2019-11-25,8,161
2019-11-25,9,157
2019-11-25,10,97
2019-11-25,11,90
2019-11-25,12,84
2019-11-25,13,80
2019-11-25,14,79
2019-11-25,15,87
2019-11-25,16,131
2019-11-25,17,179
2019-11-25,18,89
2019-11-25,19,62
2019-11-25,20,45
2019-11-25,21,27
2019-11-25,22,14
2019-11-25,23,18
2019-11-26,0,8
2019-11-26,1,2
2019-11-26,2,1
2019-11-26,3,3
2019-11-26,4,2
2019-11-26,5,12
2019-11-26,6,32
2019-11-26,7,93
2019-11-26,8,183
2019-11-26,9,147
2019-11-26,10,86
2019-11-26,11,107
2019-11-26,12,102
2019-11-26,13,93
2019-11-26,14,99
2019-11-26,15,83
2019-11-26,16,95
2019-11-26,17,128
2019-11-26,18,110
2019-11-26,19,89
2019-11-26,20,52
2019-11-26,21,30
2019-11-26,22,25
2019-11-26,23,28
2019-11-27,0,12
2019-11-27,1,6
2019-11-27,2,4
2019-11-27,3,3
2019-11-27,4,2
2019-11-27,5,12
2019-11-27,6,21
2019-11-27,7,108
2019-11-27,8,177
2019-11-27,9,187
2019-11-27,10,134
2019-11-27,11,120
2019-11-27,12,95
2019-11-27,13,103
2019-11-27,14,86
2019-11-27,15,64
2019-11-27,16,114
2019-11-27,17,151
2019-11-27,18,117
2019-11-27,19,90
2019-11-27,20,47
2019-11-27,21,35
2019-11-27,22,30
2019-11-27,23,27
2019-11-28,0,16
2019-11-28,1,10
2019-11-28,2,7
2019-11-28,3,8
2019-11-28,4,4
2019-11-28,5,8
2019-11-28,6,48
2019-11-28,7,62
2019-11-28,8,182
2019-11-28,9,161
2019-11-28,10,92
2019-11-28,11,102
2019-11-28,12,73
2019-11-28,13,91
2019-11-28,14,124
2019-11-28,15,106
2019-11-28,16,98
2019-11-28,17,185
2019-11-28,18,114
2019-11-28,19,82
2019-11-28,20,43
2019-11-28,21,45
2019-11-28,22,39
2019-11-28,23,45
2019-11-29,0,25
2019-11-29,1,8
2019-11-29,2,13
2019-11-29,3,6
2019-11-29,4,11
2019-11-29,5,10
2019-11-29,6,27
2019-11-29,7,73
2019-11-29,8,168
2019-11-29,9,101
2019-11-29,10,104
2019-11-29,11,89
2019-11-29,12,110
2019-11-29,13,88
2019-11-29,14,82
2019-11-29,15,86
2019-11-29,16,124
2019-11-29,17,138
2019-11-29,18,137
2019-11-29,19,130
2019-11-29,20,61
2019-11-29,21,63
2019-11-29,22,60
2019-11-29,23,40
2019-11-30,0,32
2019-11-30,1,18
2019-11-30,2,20
2019-11-30,3,15
2019-11-30,4,12
2019-11-30,5,6
2019-11-30,6,14
2019-11-30,7,30
2019-11-30,8,37
2019-11-30,9,48
2019-11-30,10,52
2019-11-30,11,64
2019-11-30,12,64
2019-11-30,13,69
2019-11-30,14,70
2019-11-30,15,77
2019-11-30,16,87
2019-11-30,17,82
2019-11-30,18,80
2019-11-30,19,90
2019-11-30,20,53
2019-11-30,21,40
2019-11-30,22,56
2019-11-30,23,63
2019-12-01,0,46
2019-12-01,1,35
2019-12-01,2,34
2019-12-01,3,20
2019-12-01,4,13
2019-12-01,5,4
2019-12-01,6,11
2019-12-01,7,12
2019-12-01,8,22
2019-12-01,9,19
2019-12-01,10,41
2019-12-01,11,40
2019-12-01,12,42
2019-12-01,13,52
2019-12-01,14,51
2019-12-01,15,57
2019-12-01,16,52
2019-12-01,17,85
2019-12-01,18,58
2019-12-01,19,40
2019-12-01,20,29
2019-12-01,21,36
2019-12-01,22,21
2019-12-01,23,23
2019-12-02,0,11
2019-12-02,1,8
2019-12-02,2,7
2019-12-02,3,4
2019-12-02,4,8
2019-12-02,5,10
2019-12-02,6,23
2019-12-02,7,70
2019-12-02,8,133
2019-12-02,9,144
2019-12-02,10,57
2019-12-02,11,58
2019-12-02,12,80
2019-12-02,13,93
2019-12-02,14,80
2019-12-02,15,79
2019-12-02,16,99
2019-12-02,17,166
2019-12-02,18,93
2019-12-02,19,90
2019-12-02,20,40
2019-12-02,21,23
2019-12-02,22,29
2019-12-02,23,19
2019-12-03,0,11
2019-12-03,1,11
2019-12-03,2,3
2019-12-03,3,6
2019-12-03,4,1
2019-12-03,5,13
2019-12-03,6,24
2019-12-03,7,105
2019-12-03,8,167
2019-12-03,9,145
2019-12-03,10,88
2019-12-03,11,92
2019-12-03,12,84
2019-12-03,13,108
2019-12-03,14,80
2019-12-03,15,56
2019-12-03,16,105
2019-12-03,17,126
2019-12-03,18,134
2019-12-03,19,86
2019-12-03,20,50
2019-12-03,21,38
2019-12-03,22,29
2019-12-03,23,10
2019-12-04,0,5
2019-12-04,1,5
2019-12-04,2,5
2019-12-04,3,4
2019-12-04,4,1
2019-12-04,5,7
2019-12-04,6,34
2019-12-04,7,78
2019-12-04,8,162
2019-12-04,9,165
2019-12-04,10,126
2019-12-04,11,96
2019-12-04,12,87
2019-12-04,13,97
2019-12-04,14,90
2019-12-04,15,84
2019-12-04,16,124
2019-12-04,17,142
2019-12-04,18,116
2019-12-04,19,68
2019-12-04,20,56
2019-12-04,21,41
2019-12-04,22,49
2019-12-04,23,17
2019-12-05,0,21
2019-12-05,1,9
2019-12-05,2,3
2019-12-05,3,5
2019-12-05,4,4
2019-12-05,5,7
2019-12-05,6,30
2019-12-05,7,80
2019-12-05,8,149
2019-12-05,9,150
2019-12-05,10,120
2019-12-05,11,124
2019-12-05,12,91
2019-12-05,13,89
2019-12-05,14,84
2019-12-05,15,106
2019-12-05,16,104
2019-12-05,17,153
2019-12-05,18,123
2019-12-05,19,82
2019-12-05,20,70
2019-12-05,21,51
2019-12-05,22,30
2019-12-05,23,31
2019-12-06,0,13
2019-12-06,1,7
2019-12-06,2,6
2019-12-06,3,3
2019-12-06,4,4
2019-12-06,5,8
2019-12-06,6,21
2019-12-06,7,76
2019-12-06,8,134
2019-12-06,9,142
2019-12-06,10,97
2019-12-06,11,85
2019-12-06,12,98
2019-12-06,13,74
2019-12-06,14,126
2019-12-06,15,80
2019-12-06,16,110
2019-12-06,17,138
2019-12-06,18,114
2019-12-06,19,144
2019-12-06,20,88
2019-12-06,21,67
2019-12-06,22,81
2019-12-06,23,61
2019-12-07,0,61
2019-12-07,1,44
2019-12-07,2,32
2019-12-07,3,11
2019-12-07,4,9
2019-12-07,5,15
2019-12-07,6,16
2019-12-07,7,24
2019-12-07,8,36
2019-12-07,9,43
2019-12-07,10,40
2019-12-07,11,71
2019-12-07,12,60
2019-12-07,13,67
2019-12-07,14,81
2019-12-07,15,63
2019-12-07,16,85
2019-12-07,17,110
2019-12-07,18,123
2019-12-07,19,119
2019-12-07,20,91
2019-12-07,21,69
2019-12-07,22,77
2019-12-07,23,66
2019-12-08,0,73
2019-12-08,1,45
2019-12-08,2,38
2019-12-08,3,25
2019-12-08,4,18
2019-12-08,5,11
2019-12-08,6,14
2019-12-08,7,36
2019-12-08,8,44
2019-12-08,9,44
2019-12-08,10,80
2019-12-08,11,95
2019-12-08,12,62
2019-12-08,13,39
2019-12-08,14,57
2019-12-08,15,37
2019-12-08,16,49
2019-12-08,17,43
2019-12-08,18,52
2019-12-08,19,56
2019-12-08,20,51
2019-12-08,21,29
2019-12-08,22,19
2019-12-08,23,16
2019-12-09,0,27
2019-12-09,1,11
2019-12-09,2,6
2019-12-09,3,10
2019-12-09,4,7
2019-12-09,5,11
2019-12-09,6,25
2019-12-09,7,88
2019-12-09,8,153
2019-12-09,9,133
2019-12-09,10,91
2019-12-09,11,93
2019-12-09,12,96
2019-12-09,13,86
2019-12-09,14,76
2019-12-09,15,75
2019-12-09,16,83
2019-12-09,17,129
2019-12-09,18,101
2019-12-09,19,60
2019-12-09,20,37
2019-12-09,21,29
2019-12-09,22,19
2019-12-09,23,17
2019-12-10,0,8
2019-12-10,1,4
2019-12-10,2,0
2019-12-10,3,0
2019-12-10,4,0
2019-12-10,5,8
2019-12-10,6,35
2019-12-10,7,72
2019-12-10,8,157
2019-12-10,9,205
2019-12-10,10,118
2019-12-10,11,102
2019-12-10,12,94
2019-12-10,13,81
2019-12-10,14,88
2019-12-10,15,94
2019-12-10,16,110
2019-12-10,17,133
2019-12-10,18,101
2019-12-10,19,71
2019-12-10,20,45
2019-12-10,21,37
2019-12-10,22,32
2019-12-10,23,14
2019-12-11,0,12
2019-12-11,1,8
2019-12-11,2,11
2019-12-11,3,6
2019-12-11,4,4
2019-12-11,5,14
2019-12-11,6,24
2019-12-11,7,73
2019-12-11,8,141
2019-12-11,9,131
2019-12-11,10,101
2019-12-11,11,102
2019-12-11,12,109
2019-12-11,13,71
2019-12-11,14,82
2019-12-11,15,72
2019-12-11,16,127
2019-12-11,17,109
2019-12-11,18,122
2019-12-11,19,84
2019-12-11,20,45
2019-12-11,21,42
2019-12-11,22,39
2019-12-11,23,30
2019-12-12,0,26
2019-12-12,1,9
2019-12-12,2,9
2019-12-12,3,5
2019-12-12,4,9
2019-12-12,5,8
2019-12-12,6,27
2019-12-12,7,68
2019-12-12,8,152
2019-12-12,9,134
2019-12-12,10,63
2019-12-12,11,97
2019-12-12,12,106
2019-12-12,13,97
2019-12-12,14,89
2019-12-12,15,82
2019-12-12,16,117
2019-12-12,17,135
2019-12-12,18,111
2019-12-12,19,78
2019-12-12,20,57
2019-12-12,21,43
2019-12-12,22,44
2019-12-12,23,36
2019-12-13,0,17
2019-12-13,1,52
2019-12-13,2,11
2019-12-13,3,10
2019-12-13,4,5
2019-12-13,5,10
2019-12-13,6,27
2019-12-13,7,61
2019-12-13,8,102
2019-12-13,9,170
2019-12-13,10,72
2019-12-13,11,102
2019-12-13,12,112
2019-12-13,13,100
2019-12-13,14,108
2019-12-13,15,101
2019-12-13,16,115
2019-12-13,17,122
2019-12-13,18,130
2019-12-13,19,115
2019-12-13,20,81
2019-12-13,21,62
2019-12-13,22,66
2019-12-13,23,46
2019-12-14,0,67
2019-12-14,1,43
2019-12-14,2,38
2019-12-14,3,14
2019-12-14,4,17
2019-12-14,5,11
2019-12-14,6,12
2019-12-14,7,28
2019-12-14,8,48
2019-12-14,9,58
2019-12-14,10,47
2019-12-14,11,54
2019-12-14,12,77
2019-12-14,13,79
2019-12-14,14,97
2019-12-14,15,81
2019-12-14,16,73
2019-12-14,17,82
2019-12-14,18,116
2019-12-14,19,102
2019-12-14,20,86
2019-12-14,21,79
2019-12-14,22,60
2019-12-14,23,52
2019-12-15,0,59
2019-12-15,1,55
2019-12-15,2,32
2019-12-15,3,31
2019-12-15,4,16
2019-12-15,5,9
2019-12-15,6,17
2019-12-15,7,16
2019-12-15,8,25
2019-12-15,9,18
2019-12-15,10,44
2019-12-15,11,40
2019-12-15,12,52
2019-12-15,13,63
2019-12-15,14,62
2019-12-15,15,62
2019-12-15,16,64
2019-12-15,17,71
2019-12-15,18,59
2019-12-15,19,62
2019-12-15,20,47
2019-12-15,21,28
2019-12-15,22,18
2019-12-15,23,17
2019-12-16,0,15
2019-12-16,1,10
2019-12-16,2,3
2019-12-16,3,7
2019-12-16,4,8
2019-12-16,5,11
2019-12-16,6,15
2019-12-16,7,63
2019-12-16,8,154
2019-12-16,9,171
2019-12-16,10,94
2019-12-16,11,123
2019-12-16,12,90
2019-12-16,13,109
2019-12-16,14,81
2019-12-16,15,68
2019-12-16,16,102
2019-12-16,17,112
2019-12-16,18,113
2019-12-16,19,68
2019-12-16,20,40
2019-12-16,21,32
2019-12-16,22,71
2019-12-16,23,16
2019-12-17,0,12
2019-12-17,1,12
2019-12-17,2,0
2019-12-17,3,131
2019-12-17,4,6
2019-12-17,5,15
2019-12-17,6,33
2019-12-17,7,82
2019-12-17,8,152
2019-12-17,9,142
2019-12-17,10,124
2019-12-17,11,115
2019-12-17,12,92
2019-12-17,13,97
2019-12-17,14,94
2019-12-17,15,75
2019-12-17,16,72
2019-12-17,17,150
2019-12-17,18,80
2019-12-17,19,77
2019-12-17,20,49
2019-12-17,21,36
2019-12-17,22,32
2019-12-17,23,32
2019-12-18,0,24
2019-12-18,1,5
2019-12-18,2,3
2019-12-18,3,7
2019-12-18,4,10
2019-12-18,5,7
2019-12-18,6,28
2019-12-18,7,78
2019-12-18,8,158
2019-12-18,9,169
2019-12-18,10,100
2019-12-18,11,87
2019-12-18,12,131
2019-12-18,13,107
2019-12-18,14,85
2019-12-18,15,90
2019-12-18,16,100
2019-12-18,17,142
2019-12-18,18,118
2019-12-18,19,80
2019-12-18,20,71
2019-12-18,21,39
2019-12-18,22,32
2019-12-18,23,24
2019-12-19,0,21
2019-12-19,1,15
2019-12-19,2,11
2019-12-19,3,7
2019-12-19,4,2
2019-12-19,5,11
2019-12-19,6,29
2019-12-19,7,53
2019-12-19,8,154
2019-12-19,9,135
2019-12-19,10,106
2019-12-19,11,98
2019-12-19,12,115
2019-12-19,13,82
2019-12-19,14,88
2019-12-19,15,90
2019-12-19,16,117
2019-12-19,17,154
2019-12-19,18,99
2019-12-19,19,94
2019-12-19,20,82
2019-12-19,21,54
2019-12-19,22,78
2019-12-19,23,50
2019-12-20,0,47
2019-12-20,1,22
2019-12-20,2,24
2019-12-20,3,23
2019-12-20,4,14
2019-12-20,5,16
2019-12-20,6,31
2019-12-20,7,87
2019-12-20,8,155
2019-12-20,9,147
2019-12-20,10,98
2019-12-20,11,102
2019-12-20,12,115
2019-12-20,13,99
2019-12-20,14,97
2019-12-20,15,98
2019-12-20,16,153
2019-12-20,17,158
2019-12-20,18,123
2019-12-20,19,113
2019-12-20,20,79
2019-12-20,21,73
2019-12-20,22,81
2019-12-20,23,118
2019-12-21,0,78
2019-12-21,1,58
2019-12-21,2,53
2019-12-21,3,36
2019-12-21,4,26
2019-12-21,5,9
2019-12-21,6,11
2019-12-21,7,14
2019-12-21,8,41
2019-12-21,9,50
2019-12-21,10,57
2019-12-21,11,59
2019-12-21,12,72
2019-12-21,13,65
2019-12-21,14,66
2019-12-21,15,73
2019-12-21,16,88
2019-12-21,17,95
2019-12-21,18,84
2019-12-21,19,87
2019-12-21,20,67
2019-12-21,21,49
2019-12-21,22,57
2019-12-21,23,70
2019-12-22,0,56
2019-12-22,1,55
2019-12-22,2,50
2019-12-22,3,33
2019-12-22,4,29
2019-12-22,5,19
2019-12-22,6,18
2019-12-22,7,13
2019-12-22,8,22
2019-12-22,9,32
2019-12-22,10,37
2019-12-22,11,59
2019-12-22,12,63
2019-12-22,13,58
2019-12-22,14,77
2019-12-22,15,74
2019-12-22,16,64
2019-12-22,17,69
2019-12-22,18,73
2019-12-22,19,67
2019-12-22,20,44
2019-12-22,21,37
2019-12-22,22,29
2019-12-22,23,26
2019-12-23,0,26
2019-12-23,1,8
2019-12-23,2,11
2019-12-23,3,7
2019-12-23,4,12
2019-12-23,5,5
2019-12-23,6,19
2019-12-23,7,62
2019-12-23,8,130
2019-12-23,9,111
2019-12-23,10,105
2019-12-23,11,117
2019-12-23,12,112
2019-12-23,13,103
2019-12-23,14,121
2019-12-23,15,117
2019-12-23,16,111
2019-12-23,17,141
2019-12-23,18,89
2019-12-23,19,63
2019-12-23,20,51
2019-12-23,21,43
2019-12-23,22,32
2019-12-23,23,17
2019-12-24,0,4
2019-12-24,1,8
2019-12-24,2,6
2019-12-24,3,3
2019-12-24,4,7
2019-12-24,5,6
2019-12-24,6,20
2019-12-24,7,68
2019-12-24,8,138
2019-12-24,9,98
2019-12-24,10,67
2019-12-24,11,73
2019-12-24,12,94
2019-12-24,13,103
2019-12-24,14,83
2019-12-24,15,78
2019-12-24,16,75
2019-12-24,17,72
2019-12-24,18,49
2019-12-24,19,37
2019-12-24,20,32
2019-12-24,21,24
2019-12-24,22,33
2019-12-24,23,13
2019-12-25,0,17
2019-12-25,1,2
2019-12-25,2,5
2019-12-25,3,2
2019-12-25,4,3
2019-12-25,5,1
2019-12-25,6,5
2019-12-25,7,62
2019-12-25,8,154
2019-12-25,9,146
2019-12-25,10,105
2019-12-25,11,92
2019-12-25,12,84
2019-12-25,13,71
2019-12-25,14,67
2019-12-25,15,58
2019-12-25,16,88
2019-12-25,17,105
2019-12-25,18,92
2019-12-25,19,57
2019-12-25,20,44
2019-12-25,21,28
2019-12-25,22,19
2019-12-25,23,20
2019-12-26,0,8
2019-12-26,1,4
2019-12-26,2,0
2019-12-26,3,0
2019-12-26,4,1
2019-12-26,5,1
2019-12-26,6,6
2019-12-26,7,62
2019-12-26,8,127
2019-12-26,9,84
2019-12-26,10,30
2019-12-26,11,25
2019-12-26,12,29
2019-12-26,13,39
2019-12-26,14,20
2019-12-26,15,59
2019-12-26,16,50
2019-12-26,17,41
2019-12-26,18,39
2019-12-26,19,33
2019-12-26,20,19
2019-12-26,21,31
2019-12-26,22,39
2019-12-26,23,18
2019-12-27,0,23
2019-12-27,1,9
2019-12-27,2,11
2019-12-27,3,9
2019-12-27,4,10
2019-12-27,5,8
2019-12-27,6,24
2019-12-27,7,32
2019-12-27,8,61
2019-12-27,9,85
2019-12-27,10,57
2019-12-27,11,63
2019-12-27,12,65
2019-12-27,13,63
2019-12-27,14,65
2019-12-27,15,75
2019-12-27,16,102
2019-12-27,17,104
2019-12-27,18,89
2019-12-27,19,59
2019-12-27,20,44
2019-12-27,21,39
2019-12-27,22,36
2019-12-27,23,44
2019-12-28,0,34
2019-12-28,1,25
2019-12-28,2,21
2019-12-28,3,5
2019-12-28,4,17
2019-12-28,5,11
2019-12-28,6,12
2019-12-28,7,22
2019-12-28,8,31
2019-12-28,9,41
2019-12-28,10,26
2019-12-28,11,43
2019-12-28,12,60
2019-12-28,13,75
2019-12-28,14,70
2019-12-28,15,79
2019-12-28,16,72
2019-12-28,17,81
2019-12-28,18,74
2019-12-28,19,76
2019-12-28,20,41
2019-12-28,21,46
2019-12-28,22,46
2019-12-28,23,38
2019-12-29,0,31
2019-12-29,1,30
2019-12-29,2,23
2019-12-29,3,19
2019-12-29,4,11
2019-12-29,5,17
2019-12-29,6,8
2019-12-29,7,12
2019-12-29,8,20
2019-12-29,9,31
2019-12-29,10,40
2019-12-29,11,33
2019-12-29,12,44
2019-12-29,13,51
2019-12-29,14,44
2019-12-29,15,71
2019-12-29,16,58
2019-12-29,17,63
2019-12-29,18,47
2019-12-29,19,42
2019-12-29,20,36
2019-12-29,21,23
2019-12-29,22,21
2019-12-29,23,16
2019-12-30,0,13
2019-12-30,1,19
2019-12-30,2,14
2019-12-30,3,14
2019-12-30,4,7
2019-12-30,5,10
2019-12-30,6,24
2019-12-30,7,46
2019-12-30,8,86
2019-12-30,9,65
2019-12-30,10,45
2019-12-30,11,56
2019-12-30,12,73
2019-12-30,13,66
2019-12-30,14,78
2019-12-30,15,70
2019-12-30,16,80
2019-12-30,17,137
2019-12-30,18,76
2019-12-30,19,70
2019-12-30,20,41
2019-12-30,21,29
2019-12-30,22,27
2019-12-30,23,18
2019-12-31,0,16
2019-12-31,1,12
2019-12-31,2,5
2019-12-31,3,4
2019-12-31,4,5
2019-12-31,5,8
2019-12-31,6,15
2019-12-31,7,61
2019-12-31,8,106
2019-12-31,9,78
2019-12-31,10,56
2019-12-31,11,62
2019-12-31,12,68
2019-12-31,13,85
2019-12-31,14,53
2019-12-31,15,66
2019-12-31,16,91
2019-12-31,17,57
2019-12-31,18,52
2019-12-31,19,53
2019-12-31,20,39
2019-12-31,21,40
2019-12-31,22,39
2019-12-31,23,81
2020-01-01,0,19
2020-01-01,1,21
2020-01-01,2,18
2020-01-01,3,20
2020-01-01,4,24
2020-01-01,5,11
2020-01-01,6,12
2020-01-01,7,48
2020-01-01,8,122
2020-01-01,9,105
2020-01-01,10,48
2020-01-01,11,72
2020-01-01,12,57
2020-01-01,13,32
2020-01-01,14,25
2020-01-01,15,33
2020-01-01,16,25
2020-01-01,17,30
2020-01-01,18,24
2020-01-01,19,21
2020-01-01,20,19
2020-01-01,21,16
2020-01-01,22,13
2020-01-01,23,19
2020-01-02,0,8
2020-01-02,1,8
2020-01-02,2,4
2020-01-02,3,0
2020-01-02,4,0
2020-01-02,5,0
2020-01-02,6,17
2020-01-02,7,54
2020-01-02,8,73
2020-01-02,9,48
2020-01-02,10,24
2020-01-02,11,31
2020-01-02,12,102
2020-01-02,13,70
2020-01-02,14,56
2020-01-02,15,52
2020-01-02,16,75
2020-01-02,17,82
2020-01-02,18,56
2020-01-02,19,42
2020-01-02,20,51
2020-01-02,21,24
2020-01-02,22,13
2020-01-02,23,24
2020-01-03,0,11
2020-01-03,1,9
2020-01-03,2,4
2020-01-03,3,3
2020-01-03,4,7
2020-01-03,5,5
2020-01-03,6,14
2020-01-03,7,59
2020-01-03,8,108
2020-01-03,9,87
2020-01-03,10,65
2020-01-03,11,47
2020-01-03,12,65
2020-01-03,13,90
2020-01-03,14,77
2020-01-03,15,90
2020-01-03,16,99
2020-01-03,17,99
2020-01-03,18,88
2020-01-03,19,53
2020-01-03,20,59
2020-01-03,21,40
2020-01-03,22,41
2020-01-03,23,39
2020-01-04,0,28
2020-01-04,1,15
2020-01-04,2,18
2020-01-04,3,7
2020-01-04,4,6
2020-01-04,5,10
2020-01-04,6,7
2020-01-04,7,19
2020-01-04,8,37
2020-01-04,9,40
2020-01-04,10,29
2020-01-04,11,31
2020-01-04,12,47
2020-01-04,13,37
2020-01-04,14,53
2020-01-04,15,58
2020-01-04,16,55
2020-01-04,17,74
2020-01-04,18,58
2020-01-04,19,54
2020-01-04,20,55
2020-01-04,21,29
2020-01-04,22,44
2020-01-04,23,37
2020-01-05,0,30
2020-01-05,1,16
2020-01-05,2,17
2020-01-05,3,10
2020-01-05,4,11
2020-01-05,5,3
2020-01-05,6,9
2020-01-05,7,12
2020-01-05,8,21
2020-01-05,9,31
2020-01-05,10,22
2020-01-05,11,23
2020-01-05,12,44
2020-01-05,13,54
2020-01-05,14,44
2020-01-05,15,47
2020-01-05,16,48
2020-01-05,17,55
2020-01-05,18,49
2020-01-05,19,25
2020-01-05,20,28
2020-01-05,21,37
2020-01-05,22,16
2020-01-05,23,18
2020-01-06,0,8
2020-01-06,1,6
2020-01-06,2,2
2020-01-06,3,2
2020-01-06,4,10
2020-01-06,5,10
2020-01-06,6,25
2020-01-06,7,67
2020-01-06,8,132
2020-01-06,9,129
2020-01-06,10,65
2020-01-06,11,74
2020-01-06,12,74
2020-01-06,13,70
2020-01-06,14,50
2020-01-06,15,64
2020-01-06,16,92
2020-01-06,17,153
2020-01-06,18,84
2020-01-06,19,40
2020-01-06,20,29
2020-01-06,21,30
2020-01-06,22,27
2020-01-06,23,14
2020-01-07,0,4
2020-01-07,1,4
2020-01-07,2,4
2020-01-07,3,0
2020-01-07,4,3
2020-01-07,5,3
2020-01-07,6,16
2020-01-07,7,90
2020-01-07,8,153
2020-01-07,9,148
2020-01-07,10,101
2020-01-07,11,94
2020-01-07,12,78
2020-01-07,13,79
2020-01-07,14,50
2020-01-07,15,55
2020-01-07,16,93
2020-01-07,17,139
2020-01-07,18,88
2020-01-07,19,44
2020-01-07,20,46
2020-01-07,21,23
2020-01-07,22,15
2020-01-07,23,14
2020-01-08,0,9
2020-01-08,1,6
2020-01-08,2,2
2020-01-08,3,4
2020-01-08,4,4
2020-01-08,5,8
2020-01-08,6,27
2020-01-08,7,82
2020-01-08,8,145
2020-01-08,9,180
2020-01-08,10,84
2020-01-08,11,71
2020-01-08,12,85
2020-01-08,13,89
2020-01-08,14,44
2020-01-08,15,86
2020-01-08,16,103
2020-01-08,17,111
2020-01-08,18,79
2020-01-08,19,56
2020-01-08,20,56
2020-01-08,21,38
2020-01-08,22,34
2020-01-08,23,23
2020-01-09,0,18
2020-01-09,1,8
2020-01-09,2,4
2020-01-09,3,1
2020-01-09,4,3
2020-01-09,5,12
2020-01-09,6,31
2020-01-09,7,66
2020-01-09,8,136
2020-01-09,9,161
2020-01-09,10,90
2020-01-09,11,108
2020-01-09,12,61
2020-01-09,13,81
2020-01-09,14,63
2020-01-09,15,62
2020-01-09,16,84
2020-01-09,17,161
2020-01-09,18,95
2020-01-09,19,67
2020-01-09,20,41
2020-01-09,21,36
2020-01-09,22,26
2020-01-09,23,12
2020-01-10,0,12
2020-01-10,1,9
2020-01-10,2,5
2020-01-10,3,5
2020-01-10,4,5
2020-01-10,5,16
2020-01-10,6,33
2020-01-10,7,70
2020-01-10,8,143
2020-01-10,9,173
2020-01-10,10,117
2020-01-10,11,73
2020-01-10,12,81
2020-01-10,13,73
2020-01-10,14,64
2020-01-10,15,91
2020-01-10,16,90
2020-01-10,17,126
2020-01-10,18,88
2020-01-10,19,81
2020-01-10,20,91
2020-01-10,21,43
2020-01-10,22,44
2020-01-10,23,32
2020-01-11,0,22
2020-01-11,1,20
2020-01-11,2,5
2020-01-11,3,11
2020-01-11,4,15
2020-01-11,5,5
2020-01-11,6,15
2020-01-11,7,23
2020-01-11,8,45
2020-01-11,9,53
2020-01-11,10,61
2020-01-11,11,55
2020-01-11,12,62
2020-01-11,13,89
2020-01-11,14,124
2020-01-11,15,185
2020-01-11,16,163
2020-01-11,17,55
2020-01-11,18,72
2020-01-11,19,48
2020-01-11,20,51
2020-01-11,21,58
2020-01-11,22,40
2020-01-11,23,47
2020-01-12,0,32
2020-01-12,1,28
2020-01-12,2,22
2020-01-12,3,26
2020-01-12,4,20
2020-01-12,5,18
2020-01-12,6,16
2020-01-12,7,16
2020-01-12,8,22
2020-01-12,9,17
2020-01-12,10,35
2020-01-12,11,40
2020-01-12,12,41
2020-01-12,13,47
2020-01-12,14,59
2020-01-12,15,95
2020-01-12,16,53
2020-01-12,17,56
2020-01-12,18,51
2020-01-12,19,56
2020-01-12,20,25
2020-01-12,21,27
2020-01-12,22,20
2020-01-12,23,18
2020-01-13,0,13
2020-01-13,1,9
2020-01-13,2,3
2020-01-13,3,6
2020-01-13,4,3
2020-01-13,5,11
2020-01-13,6,19
2020-01-13,7,64
2020-01-13,8,138
2020-01-13,9,114
2020-01-13,10,69
2020-01-13,11,67
2020-01-13,12,85
2020-01-13,13,74
2020-01-13,14,61
2020-01-13,15,68
2020-01-13,16,122
2020-01-13,17,149
2020-01-13,18,108
2020-01-13,19,45
2020-01-13,20,33
2020-01-13,21,20
2020-01-13,22,21
2020-01-13,23,20
2020-01-14,0,8
2020-01-14,1,6
2020-01-14,2,4
2020-01-14,3,0
2020-01-14,4,1
2020-01-14,5,9
2020-01-14,6,27
2020-01-14,7,90
2020-01-14,8,155
2020-01-14,9,166
2020-01-14,10,154
2020-01-14,11,93
2020-01-14,12,84
2020-01-14,13,92
2020-01-14,14,112
2020-01-14,15,72
2020-01-14,16,107
2020-01-14,17,146
2020-01-14,18,111
2020-01-14,19,46
2020-01-14,20,35
2020-01-14,21,32
2020-01-14,22,14
2020-01-14,23,13
2020-01-15,0,6
2020-01-15,1,8
2020-01-15,2,5
2020-01-15,3,5
2020-01-15,4,8
2020-01-15,5,7
2020-01-15,6,22
2020-01-15,7,60
2020-01-15,8,157
2020-01-15,9,139
2020-01-15,10,72
2020-01-15,11,91
2020-01-15,12,84
2020-01-15,13,71
2020-01-15,14,88
2020-01-15,15,66
2020-01-15,16,86
2020-01-15,17,167
2020-01-15,18,128
2020-01-15,19,66
2020-01-15,20,45
2020-01-15,21,25
2020-01-15,22,36
2020-01-15,23,27
2020-01-16,0,19
2020-01-16,1,4
2020-01-16,2,2
2020-01-16,3,8
2020-01-16,4,3
2020-01-16,5,11
2020-01-16,6,27
2020-01-16,7,80
2020-01-16,8,131
2020-01-16,9,177
2020-01-16,10,90
2020-01-16,11,82
2020-01-16,12,101
2020-01-16,13,57
2020-01-16,14,96
2020-01-16,15,81
2020-01-16,16,96
2020-01-16,17,147
2020-01-16,18,102
2020-01-16,19,62
2020-01-16,20,50
2020-01-16,21,45
2020-01-16,22,26
2020-01-16,23,16
2020-01-17,0,15
2020-01-17,1,5
2020-01-17,2,5
2020-01-17,3,3
2020-01-17,4,11
2020-01-17,5,5
2020-01-17,6,21
2020-01-17,7,55
2020-01-17,8,142
2020-01-17,9,147
2020-01-17,10,104
2020-01-17,11,84
2020-01-17,12,117
2020-01-17,13,96
2020-01-17,14,79
2020-01-17,15,80
2020-01-17,16,126
2020-01-17,17,134
2020-01-17,18,101
2020-01-17,19,99
2020-01-17,20,72
2020-01-17,21,33
2020-01-17,22,49
2020-01-17,23,44
2020-01-18,0,29
2020-01-18,1,23
2020-01-18,2,12
2020-01-18,3,12
2020-01-18,4,9
2020-01-18,5,8
2020-01-18,6,8
2020-01-18,7,28
2020-01-18,8,33
2020-01-18,9,47
2020-01-18,10,30
2020-01-18,11,45
2020-01-18,12,58
2020-01-18,13,77
2020-01-18,14,51
2020-01-18,15,63
2020-01-18,16,79
2020-01-18,17,92
2020-01-18,18,93
2020-01-18,19,73
2020-01-18,20,55
2020-01-18,21,51
2020-01-18,22,36
2020-01-18,23,58
2020-01-19,0,35
2020-01-19,1,26
2020-01-19,2,28
2020-01-19,3,19
2020-01-19,4,17
2020-01-19,5,13
2020-01-19,6,11
2020-01-19,7,17
2020-01-19,8,22
2020-01-19,9,32
2020-01-19,10,39
2020-01-19,11,37
2020-01-19,12,49
2020-01-19,13,55
2020-01-19,14,53
2020-01-19,15,56
2020-01-19,16,70
2020-01-19,17,60
2020-01-19,18,61
2020-01-19,19,44
2020-01-19,20,28
2020-01-19,21,16
2020-01-19,22,23
2020-01-19,23,10
2020-01-20,0,12
2020-01-20,1,4
2020-01-20,2,7
2020-01-20,3,7
2020-01-20,4,1
2020-01-20,5,8
2020-01-20,6,24
2020-01-20,7,65
2020-01-20,8,106
2020-01-20,9,125
2020-01-20,10,58
2020-01-20,11,62
2020-01-20,12,70
2020-01-20,13,68
2020-01-20,14,62
2020-01-20,15,61
2020-01-20,16,81
2020-01-20,17,106
2020-01-20,18,92
2020-01-20,19,46
2020-01-20,20,37
2020-01-20,21,24
2020-01-20,22,17
2020-01-20,23,14
2020-01-21,0,7
2020-01-21,1,3
2020-01-21,2,3
2020-01-21,3,4
2020-01-21,4,2
2020-01-21,5,8
2020-01-21,6,30
2020-01-21,7,61
2020-01-21,8,130
2020-01-21,9,143
2020-01-21,10,74
2020-01-21,11,101
2020-01-21,12,88
2020-01-21,13,56
2020-01-21,14,52
2020-01-21,15,70
2020-01-21,16,95
2020-01-21,17,123
2020-01-21,18,85
2020-01-21,19,45
2020-01-21,20,40
2020-01-21,21,28
2020-01-21,22,9
2020-01-21,23,15
2020-01-22,0,13
2020-01-22,1,6
2020-01-22,2,10
2020-01-22,3,7
2020-01-22,4,4
2020-01-22,5,12
2020-01-22,6,21
2020-01-22,7,56
2020-01-22,8,119
2020-01-22,9,120
2020-01-22,10,89
2020-01-22,11,84
2020-01-22,12,81
2020-01-22,13,71
2020-01-22,14,63
2020-01-22,15,67
2020-01-22,16,83
2020-01-22,17,101
2020-01-22,18,81
2020-01-22,19,56
2020-01-22,20,29
2020-01-22,21,23
2020-01-22,22,22
2020-01-22,23,30
2020-01-23,0,13
2020-01-23,1,2
2020-01-23,2,2
2020-01-23,3,3
2020-01-23,4,6
2020-01-23,5,5
2020-01-23,6,21
2020-01-23,7,67
2020-01-23,8,128
2020-01-23,9,145
2020-01-23,10,92
2020-01-23,11,53
2020-01-23,12,73
2020-01-23,13,72
2020-01-23,14,67
2020-01-23,15,61
2020-01-23,16,70
2020-01-23,17,113
2020-01-23,18,107
2020-01-23,19,54
2020-01-23,20,38
2020-01-23,21,21
2020-01-23,22,45
2020-01-23,23,23
2020-01-24,0,12
2020-01-24,1,6
2020-01-24,2,5
2020-01-24,3,4
2020-01-24,4,1
2020-01-24,5,11
2020-01-24,6,18
2020-01-24,7,71
2020-01-24,8,119
2020-01-24,9,106
2020-01-24,10,79
2020-01-24,11,73
2020-01-24,12,92
2020-01-24,13,65
2020-01-24,14,54
2020-01-24,15,65
2020-01-24,16,81
2020-01-24,17,123
2020-01-24,18,78
2020-01-24,19,71
2020-01-24,20,47
2020-01-24,21,48
2020-01-24,22,50
2020-01-24,23,31
2020-01-25,0,35
2020-01-25,1,18
2020-01-25,2,11
2020-01-25,3,12
2020-01-25,4,6
2020-01-25,5,9
2020-01-25,6,12
2020-01-25,7,16
2020-01-25,8,31
2020-01-25,9,65
2020-01-25,10,41
2020-01-25,11,29
2020-01-25,12,71
2020-01-25,13,50
2020-01-25,14,56
2020-01-25,15,46
2020-01-25,16,39
2020-01-25,17,64
2020-01-25,18,59
2020-01-25,19,63
2020-01-25,20,49
2020-01-25,21,24
2020-01-25,22,38
2020-01-25,23,39
2020-01-26,0,28
2020-01-26,1,16
2020-01-26,2,31
2020-01-26,3,18
2020-01-26,4,11
2020-01-26,5,6
2020-01-26,6,4
2020-01-26,7,21
2020-01-26,8,21
2020-01-26,9,28
2020-01-26,10,40
2020-01-26,11,38
2020-01-26,12,40
2020-01-26,13,25
2020-01-26,14,49
2020-01-26,15,46
2020-01-26,16,37
2020-01-26,17,49
2020-01-26,18,37
2020-01-26,19,30
2020-01-26,20,22
2020-01-26,21,23
2020-01-26,22,19
2020-01-26,23,20
2020-01-27,0,8
2020-01-27,1,3
2020-01-27,2,5
2020-01-27,3,4
2020-01-27,4,10
2020-01-27,5,11
2020-01-27,6,23
2020-01-27,7,90
2020-01-27,8,176
2020-01-27,9,172
2020-01-27,10,94
2020-01-27,11,97
2020-01-27,12,76
2020-01-27,13,78
2020-01-27,14,55
2020-01-27,15,59
2020-01-27,16,93
2020-01-27,17,150
2020-01-27,18,115
2020-01-27,19,50
2020-01-27,20,66
2020-01-27,21,34
2020-01-27,22,20
2020-01-27,23,14
2020-01-28,0,7
2020-01-28,1,9
2020-01-28,2,3
2020-01-28,3,5
2020-01-28,4,8
2020-01-28,5,5
2020-01-28,6,29
2020-01-28,7,81
2020-01-28,8,138
2020-01-28,9,119
2020-01-28,10,120
2020-01-28,11,86
2020-01-28,12,78
2020-01-28,13,68
2020-01-28,14,63
2020-01-28,15,65
2020-01-28,16,88
2020-01-28,17,160
2020-01-28,18,119
2020-01-28,19,51
2020-01-28,20,72
2020-01-28,21,37
2020-01-28,22,20
2020-01-28,23,15
2020-01-29,0,19
2020-01-29,1,4
2020-01-29,2,10
2020-01-29,3,9
2020-01-29,4,8
2020-01-29,5,15
2020-01-29,6,22
2020-01-29,7,63
2020-01-29,8,134
2020-01-29,9,119
2020-01-29,10,89
2020-01-29,11,89
2020-01-29,12,102
2020-01-29,13,111
2020-01-29,14,89
2020-01-29,15,82
2020-01-29,16,139
2020-01-29,17,155
2020-01-29,18,111
2020-01-29,19,63
2020-01-29,20,55
2020-01-29,21,39
2020-01-29,22,27
2020-01-29,23,22
2020-01-30,0,13
2020-01-30,1,7
2020-01-30,2,4
2020-01-30,3,6
2020-01-30,4,2
2020-01-30,5,10
2020-01-30,6,26
2020-01-30,7,81
2020-01-30,8,131
2020-01-30,9,149
2020-01-30,10,94
2020-01-30,11,100
2020-01-30,12,79
2020-01-30,13,91
2020-01-30,14,72
2020-01-30,15,86
2020-01-30,16,132
2020-01-30,17,133
2020-01-30,18,178
2020-01-30,19,94
2020-01-30,20,84
2020-01-30,21,31
2020-01-30,22,50
2020-01-30,23,36
2020-01-31,0,22
2020-01-31,1,12
2020-01-31,2,6
2020-01-31,3,7
2020-01-31,4,2
2020-01-31,5,12
2020-01-31,6,30
2020-01-31,7,73
2020-01-31,8,145
2020-01-31,9,144
2020-01-31,10,120
2020-01-31,11,93
2020-01-31,12,94
2020-01-31,13,122
2020-01-31,14,101
2020-01-31,15,94
2020-01-31,16,107
2020-01-31,17,122
2020-01-31,18,125
2020-01-31,19,120
2020-01-31,20,89
2020-01-31,21,62
2020-01-31,22,50
2020-01-31,23,43
2020-02-01,0,43
2020-02-01,1,38
2020-02-01,2,28
2020-02-01,3,24
2020-02-01,4,13
2020-02-01,5,11
2020-02-01,6,11
2020-02-01,7,24
2020-02-01,8,37
2020-02-01,9,51
2020-02-01,10,46
2020-02-01,11,57
2020-02-01,12,67
2020-02-01,13,72
2020-02-01,14,67
2020-02-01,15,69
2020-02-01,16,69
2020-02-01,17,125
2020-02-01,18,91
2020-02-01,19,100
2020-02-01,20,57
2020-02-01,21,60
2020-02-01,22,61
2020-02-01,23,57
2020-02-02,0,51
2020-02-02,1,44
2020-02-02,2,35
2020-02-02,3,29
2020-02-02,4,22
2020-02-02,5,17
2020-02-02,6,11
2020-02-02,7,13
2020-02-02,8,22
2020-02-02,9,31
2020-02-02,10,41
2020-02-02,11,94
2020-02-02,12,27
2020-02-02,13,52
2020-02-02,14,69
2020-02-02,15,43
2020-02-02,16,61
2020-02-02,17,85
2020-02-02,18,58
2020-02-02,19,50
2020-02-02,20,34
2020-02-02,21,31
2020-02-02,22,26
2020-02-02,23,18
2020-02-03,0,17
2020-02-03,1,8
2020-02-03,2,8
2020-02-03,3,9
2020-02-03,4,0
2020-02-03,5,8
2020-02-03,6,21
2020-02-03,7,62
2020-02-03,8,141
2020-02-03,9,132
2020-02-03,10,69
2020-02-03,11,106
2020-02-03,12,106
2020-02-03,13,103
2020-02-03,14,79
2020-02-03,15,92
2020-02-03,16,124
2020-02-03,17,214
2020-02-03,18,95
2020-02-03,19,58
2020-02-03,20,63
2020-02-03,21,29
2020-02-03,22,21
2020-02-03,23,14
2020-02-04,0,9
2020-02-04,1,2
2020-02-04,2,7
2020-02-04,3,3
2020-02-04,4,2
2020-02-04,5,14
2020-02-04,6,24
2020-02-04,7,85
2020-02-04,8,150
2020-02-04,9,209
2020-02-04,10,107
2020-02-04,11,107
2020-02-04,12,97
2020-02-04,13,98
2020-02-04,14,85
2020-02-04,15,86
2020-02-04,16,113
2020-02-04,17,166
2020-02-04,18,123
2020-02-04,19,82
2020-02-04,20,63
2020-02-04,21,53
2020-02-04,22,30
2020-02-04,23,14
2020-02-05,0,19
2020-02-05,1,6
2020-02-05,2,3
2020-02-05,3,9
2020-02-05,4,4
2020-02-05,5,9
2020-02-05,6,23
2020-02-05,7,96
2020-02-05,8,156
2020-02-05,9,136
2020-02-05,10,90
2020-02-05,11,118
2020-02-05,12,102
2020-02-05,13,118
2020-02-05,14,84
2020-02-05,15,65
2020-02-05,16,123
2020-02-05,17,172
2020-02-05,18,121
2020-02-05,19,80
2020-02-05,20,87
2020-02-05,21,43
2020-02-05,22,43
2020-02-05,23,28
2020-02-06,0,13
2020-02-06,1,7
2020-02-06,2,2
2020-02-06,3,8
2020-02-06,4,5
2020-02-06,5,15
2020-02-06,6,24
2020-02-06,7,84
2020-02-06,8,133
2020-02-06,9,155
2020-02-06,10,84
2020-02-06,11,113
2020-02-06,12,106
2020-02-06,13,77
2020-02-06,14,114
2020-02-06,15,89
2020-02-06,16,155
2020-02-06,17,178
2020-02-06,18,133
2020-02-06,19,83
2020-02-06,20,73
2020-02-06,21,50
2020-02-06,22,34
2020-02-06,23,20
2020-02-07,0,12
2020-02-07,1,13
2020-02-07,2,11
2020-02-07,3,10
2020-02-07,4,8
2020-02-07,5,17
2020-02-07,6,28
2020-02-07,7,85
2020-02-07,8,148
2020-02-07,9,126
2020-02-07,10,97
2020-02-07,11,91
2020-02-07,12,113
2020-02-07,13,128
2020-02-07,14,102
2020-02-07,15,101
2020-02-07,16,175
2020-02-07,17,194
2020-02-07,18,140
2020-02-07,19,110
2020-02-07,20,94
2020-02-07,21,64
2020-02-07,22,66
2020-02-07,23,79
2020-02-08,0,50
2020-02-08,1,30
2020-02-08,2,21
2020-02-08,3,23
2020-02-08,4,10
2020-02-08,5,11
2020-02-08,6,10
2020-02-08,7,20
2020-02-08,8,44
2020-02-08,9,46
2020-02-08,10,45
2020-02-08,11,44
2020-02-08,12,46
2020-02-08,13,57
2020-02-08,14,66
2020-02-08,15,64
2020-02-08,16,79
2020-02-08,17,103
2020-02-08,18,87
2020-02-08,19,102
2020-02-08,20,90
2020-02-08,21,54
2020-02-08,22,58
2020-02-08,23,60
2020-02-09,0,61
2020-02-09,1,21
2020-02-09,2,23
2020-02-09,3,24
2020-02-09,4,18
2020-02-09,5,17
2020-02-09,6,7
2020-02-09,7,12
2020-02-09,8,22
2020-02-09,9,86
2020-02-09,10,48
2020-02-09,11,39
2020-02-09,12,44
2020-02-09,13,52
2020-02-09,14,62
2020-02-09,15,40
2020-02-09,16,48
2020-02-09,17,56
2020-02-09,18,61
2020-02-09,19,52
2020-02-09,20,37
2020-02-09,21,29
2020-02-09,22,21
2020-02-09,23,14
2020-02-10,0,13
2020-02-10,1,8
2020-02-10,2,2
2020-02-10,3,4
2020-02-10,4,8
2020-02-10,5,12
2020-02-10,6,21
2020-02-10,7,68
2020-02-10,8,169
2020-02-10,9,143
2020-02-10,10,104
2020-02-10,11,87
2020-02-10,12,116
2020-02-10,13,90
2020-02-10,14,95
2020-02-10,15,88
2020-02-10,16,110
2020-02-10,17,149
2020-02-10,18,99
2020-02-10,19,62
2020-02-10,20,52
2020-02-10,21,30
2020-02-10,22,21
2020-02-10,23,22
2020-02-11,0,15
2020-02-11,1,1
2020-02-11,2,9
2020-02-11,3,6
2020-02-11,4,6
2020-02-11,5,17
2020-02-11,6,34
2020-02-11,7,75
2020-02-11,8,186
2020-02-11,9,180
2020-02-11,10,88
2020-02-11,11,88
2020-02-11,12,101
2020-02-11,13,108
2020-02-11,14,68
2020-02-11,15,103
2020-02-11,16,91
2020-02-11,17,148
2020-02-11,18,99
2020-02-11,19,79
2020-02-11,20,55
2020-02-11,21,32
2020-02-11,22,33
2020-02-11,23,16
2020-02-12,0,14
2020-02-12,1,11
2020-02-12,2,4
2020-02-12,3,11
2020-02-12,4,9
2020-02-12,5,20
2020-02-12,6,25
2020-02-12,7,69
2020-02-12,8,201
2020-02-12,9,183
2020-02-12,10,115
2020-02-12,11,129
2020-02-12,12,114
2020-02-12,13,111
2020-02-12,14,84
2020-02-12,15,91
2020-02-12,16,125
2020-02-12,17,145
2020-02-12,18,136
2020-02-12,19,63
2020-02-12,20,53
2020-02-12,21,37
2020-02-12,22,43
2020-02-12,23,26
2020-02-13,0,13
2020-02-13,1,11
2020-02-13,2,6
2020-02-13,3,3
2020-02-13,4,8
2020-02-13,5,15
2020-02-13,6,25
2020-02-13,7,81
2020-02-13,8,137
2020-02-13,9,155
2020-02-13,10,134
2020-02-13,11,95
2020-02-13,12,92
2020-02-13,13,107
2020-02-13,14,100
2020-02-13,15,96
2020-02-13,16,112
2020-02-13,17,176
2020-02-13,18,156
2020-02-13,19,87
2020-02-13,20,50
2020-02-13,21,66
2020-02-13,22,35
2020-02-13,23,20
2020-02-14,0,21
2020-02-14,1,14
2020-02-14,2,12
2020-02-14,3,10
2020-02-14,4,10
2020-02-14,5,11
2020-02-14,6,19
2020-02-14,7,84
2020-02-14,8,153
2020-02-14,9,140
2020-02-14,10,82
2020-02-14,11,118
2020-02-14,12,129
2020-02-14,13,93
2020-02-14,14,118
2020-02-14,15,100
2020-02-14,16,107
2020-02-14,17,150
2020-02-14,18,135
2020-02-14,19,102
2020-02-14,20,82
2020-02-14,21,62
2020-02-14,22,54
2020-02-14,23,71
2020-02-15,0,43
2020-02-15,1,35
2020-02-15,2,28
2020-02-15,3,14
2020-02-15,4,11
2020-02-15,5,13
2020-02-15,6,11
2020-02-15,7,21
2020-02-15,8,42
2020-02-15,9,45
2020-02-15,10,67
2020-02-15,11,54
2020-02-15,12,59
2020-02-15,13,80
2020-02-15,14,92
2020-02-15,15,98
2020-02-15,16,98
2020-02-15,17,144
2020-02-15,18,154
2020-02-15,19,120
2020-02-15,20,86
2020-02-15,21,65
2020-02-15,22,52
2020-02-15,23,48
2020-02-16,0,41
2020-02-16,1,29
2020-02-16,2,23
2020-02-16,3,25
2020-02-16,4,12
2020-02-16,5,6
2020-02-16,6,5
2020-02-16,7,15
2020-02-16,8,25
2020-02-16,9,38
2020-02-16,10,42
2020-02-16,11,45
2020-02-16,12,62
2020-02-16,13,54
2020-02-16,14,61
2020-02-16,15,53
2020-02-16,16,57
2020-02-16,17,94
2020-02-16,18,55
2020-02-16,19,65
2020-02-16,20,44
2020-02-16,21,24
2020-02-16,22,21
2020-02-16,23,11
2020-02-17,0,11
2020-02-17,1,14
2020-02-17,2,2
2020-02-17,3,2
2020-02-17,4,8
2020-02-17,5,9
2020-02-17,6,31
2020-02-17,7,79
2020-02-17,8,149
2020-02-17,9,149
2020-02-17,10,109
2020-02-17,11,94
2020-02-17,12,102
2020-02-17,13,101
2020-02-17,14,112
2020-02-17,15,76
2020-02-17,16,120
2020-02-17,17,142
2020-02-17,18,127
2020-02-17,19,64
2020-02-17,20,45
2020-02-17,21,26
2020-02-17,22,20
2020-02-17,23,20
2020-02-18,0,12
2020-02-18,1,9
2020-02-18,2,5
2020-02-18,3,0
2020-02-18,4,0
2020-02-18,5,9
2020-02-18,6,33
2020-02-18,7,91
2020-02-18,8,154
2020-02-18,9,163
2020-02-18,10,109
2020-02-18,11,88
2020-02-18,12,110
2020-02-18,13,83
2020-02-18,14,96
2020-02-18,15,87
2020-02-18,16,119
2020-02-18,17,176
2020-02-18,18,161
2020-02-18,19,57
2020-02-18,20,47
2020-02-18,21,38
2020-02-18,22,20
2020-02-18,23,24
2020-02-19,0,14
2020-02-19,1,5
2020-02-19,2,2
2020-02-19,3,5
2020-02-19,4,5
2020-02-19,5,8
2020-02-19,6,28
2020-02-19,7,75
2020-02-19,8,140
2020-02-19,9,166
2020-02-19,10,93
2020-02-19,11,113
2020-02-19,12,84
2020-02-19,13,103
2020-02-19,14,71
2020-02-19,15,116
2020-02-19,16,129
2020-02-19,17,163
2020-02-19,18,147
2020-02-19,19,86
2020-02-19,20,54
2020-02-19,21,39
2020-02-19,22,31
2020-02-19,23,54
2020-02-20,0,21
2020-02-20,1,13
2020-02-20,2,20
2020-02-20,3,3
2020-02-20,4,2
2020-02-20,5,5
2020-02-20,6,21
2020-02-20,7,89
2020-02-20,8,146
2020-02-20,9,176
2020-02-20,10,128
2020-02-20,11,80
2020-02-20,12,95
2020-02-20,13,94
2020-02-20,14,82
2020-02-20,15,77
2020-02-20,16,115
2020-02-20,17,221
2020-02-20,18,140
2020-02-20,19,79
2020-02-20,20,52
2020-02-20,21,45
2020-02-20,22,33
2020-02-20,23,34
2020-02-21,0,12
2020-02-21,1,48
2020-02-21,2,14
2020-02-21,3,12
2020-02-21,4,4
2020-02-21,5,10
2020-02-21,6,29
2020-02-21,7,81
2020-02-21,8,217
2020-02-21,9,199
2020-02-21,10,120
2020-02-21,11,108
2020-02-21,12,117
2020-02-21,13,151
2020-02-21,14,134
2020-02-21,15,100
2020-02-21,16,139
2020-02-21,17,175
2020-02-21,18,124
2020-02-21,19,118
2020-02-21,20,91
2020-02-21,21,84
2020-02-21,22,51
2020-02-21,23,61
2020-02-22,0,44
2020-02-22,1,17
2020-02-22,2,15
2020-02-22,3,12
2020-02-22,4,13
2020-02-22,5,10
2020-02-22,6,11
2020-02-22,7,18
2020-02-22,8,47
2020-02-22,9,55
2020-02-22,10,48
2020-02-22,11,60
2020-02-22,12,61
2020-02-22,13,83
2020-02-22,14,88
2020-02-22,15,67
2020-02-22,16,59
2020-02-22,17,92
2020-02-22,18,77
2020-02-22,19,93
2020-02-22,20,59
2020-02-22,21,51
2020-02-22,22,45
2020-02-22,23,68
2020-02-23,0,46
2020-02-23,1,23
2020-02-23,2,25
2020-02-23,3,22
2020-02-23,4,14
2020-02-23,5,11
2020-02-23,6,11
2020-02-23,7,18
2020-02-23,8,22
2020-02-23,9,28
2020-02-23,10,38
2020-02-23,11,53
2020-02-23,12,52
2020-02-23,13,50
2020-02-23,14,52
2020-02-23,15,48
2020-02-23,16,47
2020-02-23,17,76
2020-02-23,18,51
2020-02-23,19,41
2020-02-23,20,41
2020-02-23,21,32
2020-02-23,22,26
2020-02-23,23,18
2020-02-24,0,12
2020-02-24,1,8
2020-02-24,2,5
2020-02-24,3,8
2020-02-24,4,6
2020-02-24,5,9
2020-02-24,6,24
2020-02-24,7,90
2020-02-24,8,102
2020-02-24,9,171
2020-02-24,10,69
2020-02-24,11,88
2020-02-24,12,93
2020-02-24,13,93
2020-02-24,14,83
2020-02-24,15,74
2020-02-24,16,82
2020-02-24,17,108
2020-02-24,18,90
2020-02-24,19,47
2020-02-24,20,53
2020-02-24,21,43
2020-02-24,22,19
2020-02-24,23,15
2020-02-25,0,16
2020-02-25,1,4
2020-02-25,2,2
2020-02-25,3,4
2020-02-25,4,14
2020-02-25,5,14
2020-02-25,6,23
2020-02-25,7,91
2020-02-25,8,169
2020-02-25,9,192
2020-02-25,10,94
2020-02-25,11,82
2020-02-25,12,78
2020-02-25,13,98
2020-02-25,14,101
2020-02-25,15,90
2020-02-25,16,95
2020-02-25,17,164
2020-02-25,18,96
2020-02-25,19,55
2020-02-25,20,42
2020-02-25,21,27
2020-02-25,22,23
2020-02-25,23,21
2020-02-26,0,11
2020-02-26,1,5
2020-02-26,2,6
2020-02-26,3,3
2020-02-26,4,5
2020-02-26,5,10
2020-02-26,6,29
2020-02-26,7,66
2020-02-26,8,151
2020-02-26,9,130
2020-02-26,10,106
2020-02-26,11,79
2020-02-26,12,90
2020-02-26,13,79
2020-02-26,14,81
2020-02-26,15,79
2020-02-26,16,104
2020-02-26,17,189
2020-02-26,18,88
2020-02-26,19,70
2020-02-26,20,49
2020-02-26,21,33
2020-02-26,22,30
2020-02-26,23,24
2020-02-27,0,14
2020-02-27,1,2
2020-02-27,2,8
2020-02-27,3,5
2020-02-27,4,3
2020-02-27,5,10
2020-02-27,6,30
2020-02-27,7,78
2020-02-27,8,141
2020-02-27,9,185
2020-02-27,10,135
2020-02-27,11,66
2020-02-27,12,99
2020-02-27,13,71
2020-02-27,14,84
2020-02-27,15,69
2020-02-27,16,129
2020-02-27,17,155
2020-02-27,18,91
2020-02-27,19,87
2020-02-27,20,75
2020-02-27,21,48
2020-02-27,22,69
2020-02-27,23,30
2020-02-28,0,19
2020-02-28,1,10
2020-02-28,2,3
2020-02-28,3,5
2020-02-28,4,11
2020-02-28,5,10
2020-02-28,6,29
2020-02-28,7,69
2020-02-28,8,175
2020-02-28,9,143
2020-02-28,10,80
2020-02-28,11,119
2020-02-28,12,120
2020-02-28,13,105
2020-02-28,14,118
2020-02-28,15,120
2020-02-28,16,130
2020-02-28,17,149
2020-02-28,18,133
2020-02-28,19,92
2020-02-28,20,91
2020-02-28,21,47
2020-02-28,22,62
2020-02-28,23,78
2020-02-29,0,37
2020-02-29,1,33
2020-02-29,2,30
2020-02-29,3,9
2020-02-29,4,13
2020-02-29,5,9
2020-02-29,6,15
2020-02-29,7,23
2020-02-29,8,38
2020-02-29,9,34
2020-02-29,10,34
2020-02-29,11,52
2020-02-29,12,68
2020-02-29,13,79
2020-02-29,14,77
2020-02-29,15,85
2020-02-29,16,85
2020-02-29,17,98
2020-02-29,18,76
2020-02-29,19,74
2020-02-29,20,88
2020-02-29,21,46
2020-02-29,22,70
2020-02-29,23,56
2020-03-01,0,36
2020-03-01,1,32
2020-03-01,2,26
2020-03-01,3,19
2020-03-01,4,21
2020-03-01,5,20
2020-03-01,6,10
2020-03-01,7,13
2020-03-01,8,21
2020-03-01,9,118
2020-03-01,10,36
2020-03-01,11,36
2020-03-01,12,55
2020-03-01,13,58
2020-03-01,14,80
2020-03-01,15,67
2020-03-01,16,44
2020-03-01,17,56
2020-03-01,18,51
2020-03-01,19,52
2020-03-01,20,29
2020-03-01,21,32
2020-03-01,22,32
2020-03-01,23,28
2020-03-02,0,19
2020-03-02,1,7
2020-03-02,2,5
2020-03-02,3,11
2020-03-02,4,8
2020-03-02,5,8
2020-03-02,6,17
2020-03-02,7,69
2020-03-02,8,113
2020-03-02,9,101
2020-03-02,10,73
2020-03-02,11,82
2020-03-02,12,63
2020-03-02,13,67
2020-03-02,14,62
2020-03-02,15,67
2020-03-02,16,83
2020-03-02,17,87
2020-03-02,18,80
2020-03-02,19,56
2020-03-02,20,30
2020-03-02,21,27
2020-03-02,22,17
2020-03-02,23,19
2020-03-03,0,11
2020-03-03,1,4
2020-03-03,2,2
2020-03-03,3,0
2020-03-03,4,3
2020-03-03,5,13
2020-03-03,6,21
2020-03-03,7,76
2020-03-03,8,117
2020-03-03,9,101
2020-03-03,10,78
2020-03-03,11,106
2020-03-03,12,63
2020-03-03,13,68
2020-03-03,14,57
2020-03-03,15,82
2020-03-03,16,82
2020-03-03,17,103
2020-03-03,18,92
2020-03-03,19,51
2020-03-03,20,39
2020-03-03,21,46
2020-03-03,22,31
2020-03-03,23,17
2020-03-04,0,12
2020-03-04,1,3
2020-03-04,2,7
2020-03-04,3,4
2020-03-04,4,13
2020-03-04,5,9
2020-03-04,6,20
2020-03-04,7,67
2020-03-04,8,113
2020-03-04,9,125
2020-03-04,10,72
2020-03-04,11,69
2020-03-04,12,70
2020-03-04,13,70
2020-03-04,14,79
2020-03-04,15,71
2020-03-04,16,119
2020-03-04,17,130
2020-03-04,18,100
2020-03-04,19,54
2020-03-04,20,61
2020-03-04,21,41
2020-03-04,22,45
2020-03-04,23,30
2020-03-05,0,12
2020-03-05,1,10
2020-03-05,2,7
2020-03-05,3,8
2020-03-05,4,1
2020-03-05,5,7
2020-03-05,6,15
2020-03-05,7,61
2020-03-05,8,121
2020-03-05,9,121
2020-03-05,10,67
2020-03-05,11,68
2020-03-05,12,76
2020-03-05,13,79
2020-03-05,14,86
2020-03-05,15,73
2020-03-05,16,89
2020-03-05,17,131
2020-03-05,18,88
2020-03-05,19,62
2020-03-05,20,48
2020-03-05,21,31
2020-03-05,22,30
2020-03-05,23,28
2020-03-06,0,25
2020-03-06,1,46
2020-03-06,2,6
2020-03-06,3,5
2020-03-06,4,3
2020-03-06,5,10
2020-03-06,6,29
2020-03-06,7,57
2020-03-06,8,98
2020-03-06,9,114
2020-03-06,10,77
2020-03-06,11,80
2020-03-06,12,65
2020-03-06,13,103
2020-03-06,14,75
2020-03-06,15,78
2020-03-06,16,111
2020-03-06,17,106
2020-03-06,18,93
2020-03-06,19,83
2020-03-06,20,80
2020-03-06,21,41
2020-03-06,22,43
2020-03-06,23,82
2020-03-07,0,43
2020-03-07,1,27
2020-03-07,2,19
2020-03-07,3,10
2020-03-07,4,10
2020-03-07,5,9
2020-03-07,6,11
2020-03-07,7,26
2020-03-07,8,44
2020-03-07,9,47
2020-03-07,10,44
2020-03-07,11,46
2020-03-07,12,81
2020-03-07,13,84
2020-03-07,14,86
2020-03-07,15,83
2020-03-07,16,61
2020-03-07,17,78
2020-03-07,18,88
2020-03-07,19,75
2020-03-07,20,50
2020-03-07,21,45
2020-03-07,22,67
2020-03-07,23,65
2020-03-08,0,44
2020-03-08,1,39
2020-03-08,2,31
2020-03-08,3,20
2020-03-08,4,24
2020-03-08,5,13
2020-03-08,6,13
2020-03-08,7,12
2020-03-08,8,21
2020-03-08,9,27
2020-03-08,10,44
2020-03-08,11,30
2020-03-08,12,45
2020-03-08,13,52
2020-03-08,14,41
2020-03-08,15,42
2020-03-08,16,65
2020-03-08,17,56
2020-03-08,18,59
2020-03-08,19,40
2020-03-08,20,32
2020-03-08,21,33
2020-03-08,22,28
2020-03-08,23,26
2020-03-09,0,19
2020-03-09,1,8
2020-03-09,2,6
2020-03-09,3,11
2020-03-09,4,2
2020-03-09,5,8
2020-03-09,6,25
2020-03-09,7,70
2020-03-09,8,156
2020-03-09,9,117
2020-03-09,10,74
2020-03-09,11,94
2020-03-09,12,60
2020-03-09,13,81
2020-03-09,14,80
2020-03-09,15,56
2020-03-09,16,96
2020-03-09,17,182
2020-03-09,18,110
2020-03-09,19,47
2020-03-09,20,32
2020-03-09,21,37
2020-03-09,22,30
2020-03-09,23,13
2020-03-10,0,10
2020-03-10,1,10
2020-03-10,2,2
2020-03-10,3,8
2020-03-10,4,7
2020-03-10,5,17
2020-03-10,6,24
2020-03-10,7,85
2020-03-10,8,148
2020-03-10,9,143
2020-03-10,10,94
2020-03-10,11,83
2020-03-10,12,90
2020-03-10,13,74
2020-03-10,14,69
2020-03-10,15,60
2020-03-10,16,90
2020-03-10,17,141
2020-03-10,18,88
2020-03-10,19,83
2020-03-10,20,53
2020-03-10,21,35
2020-03-10,22,24
2020-03-10,23,17
2020-03-11,0,11
2020-03-11,1,9
2020-03-11,2,8
2020-03-11,3,7
2020-03-11,4,6
2020-03-11,5,10
2020-03-11,6,29
2020-03-11,7,112
2020-03-11,8,149
2020-03-11,9,135
2020-03-11,10,98
2020-03-11,11,68
2020-03-11,12,107
2020-03-11,13,69
2020-03-11,14,83
2020-03-11,15,87
2020-03-11,16,92
2020-03-11,17,156
2020-03-11,18,126
2020-03-11,19,89
2020-03-11,20,58
2020-03-11,21,34
2020-03-11,22,27
2020-03-11,23,34
2020-03-12,0,17
2020-03-12,1,8
2020-03-12,2,4
2020-03-12,3,9
2020-03-12,8,166
2020-03-12,9,142
2020-03-12,10,95
2020-03-12,11,89
2020-03-12,12,90
2020-03-12,13,109
2020-03-12,14,74
2020-03-12,15,89
2020-03-12,16,96
2020-03-12,17,144
2020-03-12,18,128
2020-03-12,19,86
2020-03-12,20,57
2020-03-12,21,32
2020-03-12,22,29
2020-03-12,23,39
2020-03-13,0,21
2020-03-13,1,14
2020-03-13,2,9
2020-03-13,3,11
2020-03-13,4,8
2020-03-13,5,8
2020-03-13,6,22
2020-03-13,7,78
2020-03-13,8,123
2020-03-13,9,125
2020-03-13,10,80
2020-03-13,11,75
2020-03-13,12,87
2020-03-13,13,111
2020-03-13,14,63
2020-03-13,15,82
2020-03-13,16,129
2020-03-13,17,124
2020-03-13,18,113
2020-03-13,19,97
2020-03-13,20,50
2020-03-13,21,39
2020-03-13,22,41
2020-03-13,23,54
2020-03-14,0,33
2020-03-14,1,22
2020-03-14,2,17
2020-03-14,3,24
2020-03-14,4,8
2020-03-14,5,6
2020-03-14,6,17
2020-03-14,7,17
2020-03-14,8,52
2020-03-14,9,33
2020-03-14,10,50
2020-03-14,11,46
2020-03-14,12,60
2020-03-14,13,54
2020-03-14,14,59
2020-03-14,15,63
2020-03-14,16,64
2020-03-14,17,72
2020-03-14,18,81
2020-03-14,19,81
2020-03-14,20,60
2020-03-14,21,34
2020-03-14,22,42
2020-03-14,23,39
2020-03-15,0,44
2020-03-15,1,26
2020-03-15,2,25
2020-03-15,3,18
2020-03-15,4,13
2020-03-15,5,17
2020-03-15,6,12
2020-03-15,7,16
2020-03-15,8,22
2020-03-15,9,30
2020-03-15,10,39
2020-03-15,11,44
2020-03-15,12,42
2020-03-15,13,55
2020-03-15,14,43
2020-03-15,15,52
2020-03-15,16,39
2020-03-15,17,41
2020-03-15,18,56
2020-03-15,19,37
2020-03-15,20,26
2020-03-15,21,27
2020-03-15,22,20
2020-03-15,23,18
2020-03-16,0,10
2020-03-16,1,1
2020-03-16,2,8
2020-03-16,3,8
2020-03-16,4,2
2020-03-16,5,20
2020-03-16,6,28
2020-03-16,7,72
2020-03-16,8,107
2020-03-16,9,116
2020-03-16,10,71
2020-03-16,11,63
2020-03-16,12,91
2020-03-16,13,73
2020-03-16,14,56
2020-03-16,15,59
2020-03-16,16,90
2020-03-16,17,125
2020-03-16,18,119
2020-03-16,19,47
2020-03-16,20,33
2020-03-16,21,23
2020-03-16,22,12
2020-03-16,23,10
2020-03-17,0,13
2020-03-17,1,8
2020-03-17,2,1
2020-03-17,3,3
2020-03-17,4,6
2020-03-17,5,4
2020-03-17,6,29
2020-03-17,7,66
2020-03-17,8,116
2020-03-17,9,125
2020-03-17,10,60
2020-03-17,11,50
2020-03-17,12,92
2020-03-17,13,71
2020-03-17,14,90
2020-03-17,15,62
2020-03-17,16,97
2020-03-17,17,151
2020-03-17,18,64
2020-03-17,19,51
2020-03-17,20,37
2020-03-17,21,28
2020-03-17,22,18
2020-03-17,23,16
2020-03-18,0,14
2020-03-18,1,6
2020-03-18,2,4
2020-03-18,3,8
2020-03-18,4,3
2020-03-18,5,11
2020-03-18,6,22
2020-03-18,7,75
2020-03-18,8,118
2020-03-18,9,100
2020-03-18,10,67
2020-03-18,11,59
2020-03-18,12,77
2020-03-18,13,58
2020-03-18,14,66
2020-03-18,15,53
2020-03-18,16,75
2020-03-18,17,113
2020-03-18,18,74
2020-03-18,19,54
2020-03-18,20,37
2020-03-18,21,28
2020-03-18,22,18
2020-03-18,23,12
2020-03-19,0,8
2020-03-19,1,12
2020-03-19,2,6
2020-03-19,3,1
2020-03-19,4,4
2020-03-19,5,13
2020-03-19,6,20
2020-03-19,7,59
2020-03-19,8,126
2020-03-19,9,79
2020-03-19,10,62
2020-03-19,11,78
2020-03-19,12,55
2020-03-19,13,84
2020-03-19,14,65
2020-03-19,15,87
2020-03-19,16,92
2020-03-19,17,80
2020-03-19,18,74
2020-03-19,19,36
2020-03-19,20,40
2020-03-19,21,53
2020-03-19,22,26
2020-03-19,23,35
2020-03-20,0,26
2020-03-20,1,46
2020-03-20,2,8
2020-03-20,3,8
2020-03-20,4,0
2020-03-20,5,13
2020-03-20,6,28
2020-03-20,7,63
2020-03-20,8,115
2020-03-20,9,94
2020-03-20,10,56
2020-03-20,11,57
2020-03-20,12,50
2020-03-20,13,88
2020-03-20,14,77
2020-03-20,15,86
2020-03-20,16,87
2020-03-20,17,78
2020-03-20,18,68
2020-03-20,19,49
2020-03-20,20,45
2020-03-20,21,25
2020-03-20,22,26
2020-03-20,23,16
2020-03-21,0,10
2020-03-21,1,5
2020-03-21,2,12
2020-03-21,3,1
2020-03-21,4,3
2020-03-21,5,3
2020-03-21,6,10
2020-03-21,7,28
2020-03-21,8,32
2020-03-21,9,43
2020-03-21,10,29
2020-03-21,11,31
2020-03-21,12,46
2020-03-21,13,57
2020-03-21,14,47
2020-03-21,15,40
2020-03-21,16,35
2020-03-21,17,26
2020-03-21,18,31
2020-03-21,19,42
2020-03-21,20,48
2020-03-21,21,44
2020-03-21,22,40
2020-03-21,23,30
2020-03-22,0,6
2020-03-22,1,8
2020-03-22,2,4
2020-03-22,3,7
2020-03-22,4,2
2020-03-22,5,0
2020-03-22,6,6
2020-03-22,7,13
2020-03-22,8,12
2020-03-22,9,32
2020-03-22,10,40
2020-03-22,11,36
2020-03-22,12,36
2020-03-22,13,31
2020-03-22,14,27
2020-03-22,15,23
2020-03-22,16,17
2020-03-22,17,20
2020-03-22,18,14
2020-03-22,19,25
2020-03-22,20,17
2020-03-22,21,30
2020-03-22,22,16
2020-03-22,23,16
2020-03-23,0,0
2020-03-23,1,2
2020-03-23,2,5
2020-03-23,3,2
2020-03-23,4,5
2020-03-23,5,8
2020-03-23,6,21
2020-03-23,7,88
2020-03-23,8,209
2020-03-23,9,169
2020-03-23,10,75
2020-03-23,11,63
2020-03-23,12,69
2020-03-23,13,70
2020-03-23,14,62
2020-03-23,15,36
2020-03-23,16,55
2020-03-23,17,87
2020-03-23,18,61
2020-03-23,19,30
2020-03-23,20,20
2020-03-23,21,13
2020-03-23,22,21
2020-03-23,23,12
2020-03-24,0,3
2020-03-24,1,1
2020-03-24,2,3
2020-03-24,3,0
2020-03-24,4,2
2020-03-24,5,5
2020-03-24,6,20
2020-03-24,7,89
2020-03-24,8,109
2020-03-24,9,93
2020-03-24,10,67
2020-03-24,11,66
2020-03-24,12,45
2020-03-24,13,57
2020-03-24,14,56
2020-03-24,15,49
2020-03-24,16,32
2020-03-24,17,59
2020-03-24,18,42
2020-03-24,19,29
2020-03-24,20,35
2020-03-24,21,44
2020-03-24,22,31
2020-03-24,23,11
2020-03-25,0,2
2020-03-25,1,2
2020-03-25,2,1
2020-03-25,3,0
2020-03-25,4,0
2020-03-25,5,6
2020-03-25,6,11
2020-03-25,7,57
2020-03-25,8,73
2020-03-25,9,67
2020-03-25,10,37
2020-03-25,11,37
2020-03-25,12,50
2020-03-25,13,28
2020-03-25,14,28
2020-03-25,15,45
2020-03-25,16,38
2020-03-25,17,51
2020-03-25,18,22
2020-03-25,19,26
2020-03-25,20,36
2020-03-25,21,35
2020-03-25,22,36
2020-03-25,23,24
2020-03-26,0,9
2020-03-26,1,10
2020-03-26,2,2
2020-03-26,3,0
2020-03-26,4,5
2020-03-26,5,4
2020-03-26,6,18
2020-03-26,7,44
2020-03-26,8,66
2020-03-26,9,41
2020-03-26,10,45
2020-03-26,11,21
2020-03-26,12,25
2020-03-26,13,22
2020-03-26,14,30
2020-03-26,15,32
2020-03-26,16,43
2020-03-26,17,115
2020-03-26,18,89
2020-03-26,19,62
2020-03-26,20,48
2020-03-26,21,44
2020-03-26,22,49
2020-03-26,23,24
2020-03-27,0,2
2020-03-27,1,4
2020-03-27,2,1
2020-03-27,3,1
2020-03-27,4,1
2020-03-27,5,8
2020-03-27,6,13
2020-03-27,7,37
2020-03-27,8,61
2020-03-27,9,42
2020-03-27,10,42
2020-03-27,11,37
2020-03-27,12,28
2020-03-27,13,39
2020-03-27,14,39
2020-03-27,15,23
2020-03-27,16,29
2020-03-27,17,28
2020-03-27,18,38
2020-03-27,19,76
2020-03-27,20,62
2020-03-27,21,53
2020-03-27,22,48
2020-03-27,23,53
2020-03-28,0,1
2020-03-28,1,1
2020-03-28,2,0
2020-03-28,3,2
2020-03-28,4,8
2020-03-28,5,2
2020-03-28,6,5
2020-03-28,7,22
2020-03-28,8,49
2020-03-28,9,57
2020-03-28,10,48
2020-03-28,11,67
2020-03-28,12,71
2020-03-28,13,72
2020-03-28,14,67
2020-03-28,15,57
2020-03-28,16,67
2020-03-28,17,80
2020-03-28,18,62
2020-03-28,19,72
2020-03-28,20,67
2020-03-28,21,53
2020-03-28,22,52
2020-03-28,23,48
2020-03-29,0,1
2020-03-29,1,0
2020-03-29,2,1
2020-03-29,3,2
2020-03-29,4,6
2020-03-29,5,3
2020-03-29,6,17
2020-03-29,7,22
2020-03-29,8,32
2020-03-29,9,44
2020-03-29,10,47
2020-03-29,11,39
2020-03-29,12,52
2020-03-29,13,66
2020-03-29,14,51
2020-03-29,15,52
2020-03-29,16,62
2020-03-29,17,52
2020-03-29,18,44
2020-03-29,19,32
2020-03-29,20,50
2020-03-29,21,23
2020-03-29,22,26
2020-03-29,23,3
2020-03-30,0,0
2020-03-30,1,4
2020-03-30,2,2
2020-03-30,3,2
2020-03-30,4,4
2020-03-30,5,7
2020-03-30,6,25
2020-03-30,7,39
2020-03-30,8,120
2020-03-30,9,62
2020-03-30,10,71
2020-03-30,11,92
2020-03-30,12,67
2020-03-30,13,23
2020-03-30,14,18
2020-03-30,15,18
2020-03-30,16,21
2020-03-30,17,16
2020-03-30,18,35
2020-03-30,19,40
2020-03-30,20,31
2020-03-30,21,21
2020-03-30,22,13
2020-03-30,23,3
2020-03-31,0,1
2020-03-31,1,0
2020-03-31,2,0
2020-03-31,3,4
2020-03-31,4,3
2020-03-31,5,9
2020-03-31,6,56
2020-03-31,7,24
2020-03-31,8,25
2020-03-31,9,26
2020-03-31,10,31
2020-03-31,11,21
2020-03-31,12,23
2020-03-31,13,21
2020-03-31,14,14
2020-03-31,15,25
2020-03-31,16,29
2020-03-31,17,39
2020-03-31,18,67
2020-03-31,19,44
2020-03-31,20,41
2020-03-31,21,29
2020-03-31,22,16
2020-03-31,23,16
2020-04-01,0,4
2020-04-01,1,8
2020-04-01,2,4
2020-04-01,3,4
2020-04-01,4,5
2020-04-01,5,14
2020-04-01,6,34
2020-04-01,7,24
2020-04-01,8,47
2020-04-01,9,21
2020-04-01,10,35
2020-04-01,11,35
2020-04-01,12,19
2020-04-01,13,32
2020-04-01,14,18
2020-04-01,15,24
2020-04-01,16,54
2020-04-01,17,97
2020-04-01,18,58
2020-04-01,19,44
2020-04-01,20,36
2020-04-01,21,36
2020-04-01,22,26
2020-04-01,23,6
2020-04-02,0,0
2020-04-02,1,1
2020-04-02,2,2
2020-04-02,3,1
2020-04-02,4,9
2020-04-02,5,12
2020-04-02,6,21
2020-04-02,7,29
2020-04-02,8,22
2020-04-02,9,41
2020-04-02,10,101
2020-04-02,11,84
2020-04-02,12,71
2020-04-02,13,72
2020-04-02,14,84
2020-04-02,15,84
2020-04-02,16,108
2020-04-02,17,90
2020-04-02,18,68
2020-04-02,19,55
2020-04-02,20,49
2020-04-02,21,49
2020-04-02,22,36
2020-04-02,23,7
2020-04-03,0,2
2020-04-03,1,2
2020-04-03,2,1
2020-04-03,3,0
2020-04-03,4,8
2020-04-03,5,13
2020-04-03,6,38
2020-04-03,7,36
2020-04-03,8,38
2020-04-03,9,18
2020-04-03,10,24
2020-04-03,11,17
2020-04-03,12,35
2020-04-03,13,76
2020-04-03,14,80
2020-04-03,15,96
2020-04-03,16,114
2020-04-03,17,75
2020-04-03,18,76
2020-04-03,19,70
2020-04-03,20,53
2020-04-03,21,48
2020-04-03,22,53
2020-04-03,23,23
2020-04-04,0,11
2020-04-04,1,12
2020-04-04,2,13
2020-04-04,3,1
2020-04-04,4,8
2020-04-04,5,2
2020-04-04,6,22
2020-04-04,7,49
2020-04-04,8,57
2020-04-04,9,38
2020-04-04,10,52
2020-04-04,11,67
2020-04-04,12,58
2020-04-04,13,57
2020-04-04,14,57
2020-04-04,15,67
2020-04-04,16,67
2020-04-04,17,62
2020-04-04,18,72
2020-04-04,19,67
2020-04-04,20,53
2020-04-04,21,52
2020-04-04,22,61
2020-04-04,23,20
2020-04-05,0,1
2020-04-05,1,1
2020-04-05,2,1
2020-04-05,3,1
2020-04-05,4,13
2020-04-05,5,12
2020-04-05,6,17
2020-04-05,7,22
2020-04-05,8,32
2020-04-05,9,43
2020-04-05,10,43
2020-04-05,11,40
2020-04-05,12,52
2020-04-05,13,57
2020-04-05,14,52
2020-04-05,15,52
2020-04-05,16,62
2020-04-05,17,62
2020-04-05,18,44
2020-04-05,19,32
2020-04-05,20,58
2020-04-05,21,23
2020-04-05,22,26
2020-04-05,23,16
2020-04-06,0,4
2020-04-06,1,0
2020-04-06,2,0
2020-04-06,3,0
2020-04-06,4,8
2020-04-06,5,16
2020-04-06,6,66
2020-04-06,7,63
2020-04-06,8,22
2020-04-06,9,21
2020-04-06,10,26
2020-04-06,11,92
2020-04-06,12,67
2020-04-06,13,57
2020-04-06,14,31
2020-04-06,15,26
2020-04-06,16,26
2020-04-06,17,55
2020-04-06,18,48
2020-04-06,19,40
2020-04-06,20,27
2020-04-06,21,21
2020-04-06,22,16
2020-04-06,23,0
2020-04-07,0,2
2020-04-07,1,0
2020-04-07,2,4
2020-04-07,3,0
2020-04-07,4,3
2020-04-07,5,8
2020-04-07,6,44
2020-04-07,7,48
2020-04-07,8,27
2020-04-07,9,22
2020-04-07,10,17
2020-04-07,11,15
2020-04-07,12,17
2020-04-07,13,14
2020-04-07,14,45
2020-04-07,15,75
2020-04-07,16,123
2020-04-07,17,79
2020-04-07,18,67
2020-04-07,19,49
2020-04-07,20,44
2020-04-07,21,31
2020-04-07,22,15
2020-04-07,23,2
2020-04-08,0,1
2020-04-08,1,0
2020-04-08,2,0
2020-04-08,3,0
2020-04-08,4,6
2020-04-08,5,8
2020-04-08,6,27
2020-04-08,7,24
2020-04-08,8,27
2020-04-08,9,44
2020-04-08,10,69
2020-04-08,11,78
2020-04-08,12,97
2020-04-08,13,163
2020-04-08,14,72
2020-04-08,15,68
2020-04-08,16,19
2020-04-08,17,13
2020-04-08,18,18
2020-04-08,19,40
2020-04-08,20,36
2020-04-08,21,36
2020-04-08,22,26
2020-04-08,23,4
2020-04-09,0,0
2020-04-09,1,1
2020-04-09,2,3
2020-04-09,3,2
2020-04-09,4,3
2020-04-09,5,6
2020-04-09,6,21
2020-04-09,7,28
2020-04-09,8,29
2020-04-09,9,17
2020-04-09,10,23
2020-04-09,11,27
2020-04-09,12,31
2020-04-09,13,22
2020-04-09,14,20
2020-04-09,15,21
2020-04-09,16,26
2020-04-09,17,14
2020-04-09,18,72
2020-04-09,19,57
2020-04-09,20,49
2020-04-09,21,49
2020-04-09,22,36
2020-04-09,23,22
2020-04-10,0,42
2020-04-10,1,8
2020-04-10,2,8
2020-04-10,3,0
2020-04-10,4,8
2020-04-10,5,18
2020-04-10,6,62
2020-04-10,7,132
2020-04-10,8,124
2020-04-10,9,92
2020-04-10,10,84
2020-04-10,11,84
2020-04-10,12,84
2020-04-10,13,84
2020-04-10,14,88
2020-04-10,15,109
2020-04-10,16,119
2020-04-10,17,93
2020-04-10,18,80
2020-04-10,19,62
2020-04-10,20,40
2020-04-10,21,48
2020-04-10,22,57
2020-04-10,23,24
2020-04-11,0,16
2020-04-11,1,8
2020-04-11,2,4
2020-04-11,3,0
2020-04-11,4,0
2020-04-11,5,8
2020-04-11,6,22
2020-04-11,7,44
2020-04-11,8,53
2020-04-11,9,48
2020-04-11,10,67
2020-04-11,11,71
2020-04-11,12,72
2020-04-11,13,67
2020-04-11,14,57
2020-04-11,15,67
2020-04-11,16,80
2020-04-11,17,52
2020-04-11,18,57
2020-04-11,19,63
2020-04-11,20,48
2020-04-11,21,61
2020-04-11,22,61
2020-04-11,23,39
2020-04-12,0,17
2020-04-12,1,16
2020-04-12,2,16
2020-04-12,3,12
2020-04-12,4,13
2020-04-12,5,8
2020-04-12,6,17
2020-04-12,7,26
2020-04-12,8,32
2020-04-12,9,44
2020-04-12,10,48
2020-04-12,11,40
2020-04-12,12,48
2020-04-12,13,62
2020-04-12,14,52
2020-04-12,15,52
2020-04-12,16,62
2020-04-12,17,57
2020-04-12,18,43
2020-04-12,19,32
2020-04-12,20,49
2020-04-12,21,23
2020-04-12,22,26
2020-04-12,23,16
2020-04-13,0,0
2020-04-13,1,0
2020-04-13,2,0
2020-04-13,3,0
2020-04-13,4,12
2020-04-13,5,16
2020-04-13,6,62
2020-04-13,7,141
2020-04-13,8,133
2020-04-13,9,81
2020-04-13,10,80
2020-04-13,11,104
2020-04-13,12,80
2020-04-13,13,72
2020-04-13,14,79
2020-04-13,15,88
2020-04-13,16,128
2020-04-13,17,84
2020-04-13,18,56
2020-04-13,19,40
2020-04-13,20,31
2020-04-13,21,21
2020-04-13,22,16
2020-04-13,23,4
2020-04-14,0,0
2020-04-14,1,0
2020-04-14,2,0
2020-04-14,3,0
2020-04-14,4,0
2020-04-14,5,16
2020-04-14,6,70
2020-04-14,7,127
2020-04-14,8,106
2020-04-14,9,67
2020-04-14,10,69
2020-04-14,11,76
2020-04-14,12,61
2020-04-14,13,57
2020-04-14,14,71
2020-04-14,15,97
2020-04-14,16,136
2020-04-14,17,97
2020-04-14,18,67
2020-04-14,19,45
2020-04-14,20,44
2020-04-14,21,31
2020-04-14,22,16
2020-04-14,23,12
2020-04-15,0,4
2020-04-15,1,0
2020-04-15,2,8
2020-04-15,3,4
2020-04-15,4,8
2020-04-15,5,21
2020-04-15,6,66
2020-04-15,7,105
2020-04-15,8,97
2020-04-15,9,88
2020-04-15,10,92
2020-04-15,11,105
2020-04-15,12,83
2020-04-15,13,76
2020-04-15,14,67
2020-04-15,15,92
2020-04-15,16,106
2020-04-15,17,79
2020-04-15,18,58
2020-04-15,19,53
2020-04-15,20,36
2020-04-15,21,36
2020-04-15,22,26
2020-04-15,23,8
2020-04-16,0,8
2020-04-16,1,0
2020-04-16,2,0
2020-04-16,3,0
2020-04-16,4,8
2020-04-16,5,16
2020-04-16,6,62
2020-04-16,7,123
2020-04-16,8,93
2020-04-16,9,67
2020-04-16,10,79
2020-04-16,11,104
2020-04-16,12,76
2020-04-16,13,57
2020-04-16,14,67
2020-04-16,15,80
2020-04-16,16,100
2020-04-16,17,88
2020-04-16,18,80
2020-04-16,19,57
2020-04-16,20,49
2020-04-16,21,49
2020-04-16,22,35
2020-04-16,23,23
2020-04-17,0,42
2020-04-17,1,8
2020-04-17,2,8
2020-04-17,3,0
2020-04-17,4,12
2020-04-17,5,16
2020-04-17,6,68
2020-04-17,7,129
2020-04-17,8,106
2020-04-17,9,92
2020-04-17,10,80
2020-04-17,11,84
2020-04-17,12,76
2020-04-17,13,92
2020-04-17,14,92
2020-04-17,15,119
2020-04-17,16,127
2020-04-17,17,93
2020-04-17,18,76
2020-04-17,19,70
2020-04-17,20,53
2020-04-17,21,48
2020-04-17,22,57
2020-04-17,23,36
2020-04-18,0,21
2020-04-18,1,16
2020-04-18,2,16
2020-04-18,3,12
2020-04-18,4,8
2020-04-18,5,12
2020-04-18,6,21
2020-04-18,7,49
2020-04-18,8,57
2020-04-18,9,48
2020-04-18,10,67
2020-04-18,11,71
2020-04-18,12,72
2020-04-18,13,72
2020-04-18,14,57
2020-04-18,15,67
2020-04-18,16,80
2020-04-18,17,67
2020-04-18,18,72
2020-04-18,19,67
2020-04-18,20,53
2020-04-18,21,52
2020-04-18,22,65
2020-04-18,23,47
2020-04-19,0,21
2020-04-19,1,21
2020-04-19,2,26
2020-04-19,3,12
2020-04-19,4,13
2020-04-19,5,12
2020-04-19,6,16
2020-04-19,7,21
2020-04-19,8,31
2020-04-19,9,44
2020-04-19,10,48
2020-04-19,11,40
2020-04-19,12,52
2020-04-19,13,57
2020-04-19,14,52
2020-04-19,15,52
2020-04-19,16,62
2020-04-19,17,62
2020-04-19,18,44
2020-04-19,19,32
2020-04-19,20,50
2020-04-19,21,21
2020-04-19,22,26
2020-04-19,23,12
2020-04-20,0,0
2020-04-20,1,0
2020-04-20,2,0
2020-04-20,3,0
2020-04-20,4,8
2020-04-20,5,16
2020-04-20,6,62
2020-04-20,7,119
2020-04-20,8,102
2020-04-20,9,62
2020-04-20,10,71
2020-04-20,11,93
2020-04-20,12,72
2020-04-20,13,67
2020-04-20,14,65
2020-04-20,15,84
2020-04-20,16,118
2020-04-20,17,74
2020-04-20,18,52
2020-04-20,19,40
2020-04-20,20,31
2020-04-20,21,21
2020-04-20,22,16
2020-04-20,23,4
2020-04-21,0,0
2020-04-21,1,0
2020-04-21,2,0
2020-04-21,3,0
2020-04-21,4,0
2020-04-21,5,16
2020-04-21,6,74
2020-04-21,7,137
2020-04-21,8,106
2020-04-21,9,72
2020-04-21,10,72
2020-04-21,11,76
2020-04-21,12,62
2020-04-21,13,57
2020-04-21,14,69
2020-04-21,15,92
2020-04-21,16,180
2020-04-21,17,109
2020-04-21,18,71
2020-04-21,19,53
2020-04-21,20,44
2020-04-21,21,31
2020-04-21,22,16
2020-04-21,23,12
2020-04-22,0,4
2020-04-22,1,0
2020-04-22,2,8
2020-04-22,3,4
2020-04-22,4,8
2020-04-22,5,16
2020-04-22,6,66
2020-04-22,7,118
2020-04-22,8,110
2020-04-22,9,89
2020-04-22,10,92
2020-04-22,11,105
2020-04-22,12,97
2020-04-22,13,76
2020-04-22,14,72
2020-04-22,15,92
2020-04-22,16,101
2020-04-22,17,79
2020-04-22,18,57
2020-04-22,19,53
2020-04-22,20,36
2020-04-22,21,36
2020-04-22,22,26
2020-04-22,23,12
2020-04-23,0,8
2020-04-23,1,0
2020-04-23,2,0
2020-04-23,3,0
2020-04-23,4,8
2020-04-23,5,16
2020-04-23,6,62
2020-04-23,7,135
2020-04-23,8,93
2020-04-23,9,62
2020-04-23,10,84
2020-04-23,11,74
2020-04-23,12,67
2020-04-23,13,74
2020-04-23,14,80
2020-04-23,15,80
2020-04-23,16,109
2020-04-23,17,75
2020-04-23,18,76
2020-04-23,19,57
2020-04-23,20,49
2020-04-23,21,49
2020-04-23,22,36
2020-04-23,23,23
2020-04-24,0,46
2020-04-24,1,5
2020-04-24,2,8
2020-04-24,3,4
2020-04-24,4,12
2020-04-24,5,17
2020-04-24,6,75
2020-04-24,7,146
2020-04-24,8,123
2020-04-24,9,92
2020-04-24,10,80
2020-04-24,11,88
2020-04-24,12,92
2020-04-24,13,88
2020-04-24,14,88
2020-04-24,15,115
2020-04-24,16,132
2020-04-24,17,93
2020-04-24,18,76
2020-04-24,19,62
2020-04-24,20,53
2020-04-24,21,48
2020-04-24,22,57
2020-04-24,23,31
2020-04-25,0,17
2020-04-25,1,16
2020-04-25,2,16
2020-04-25,3,12
2020-04-25,4,8
2020-04-25,5,16
2020-04-25,6,21
2020-04-25,7,49
2020-04-25,8,57
2020-04-25,9,48
2020-04-25,10,62
2020-04-25,11,71
2020-04-25,12,72
2020-04-25,13,72
2020-04-25,14,57
2020-04-25,15,67
2020-04-25,16,80
2020-04-25,17,67
2020-04-25,18,72
2020-04-25,19,67
2020-04-25,20,53
2020-04-25,21,52
2020-04-25,22,61
2020-04-25,23,48
2020-04-26,0,26
2020-04-26,1,21
2020-04-26,2,21
2020-04-26,3,12
2020-04-26,4,13
2020-04-26,5,12
2020-04-26,6,17
2020-04-26,7,22
2020-04-26,8,31
2020-04-26,9,44
2020-04-26,10,48
2020-04-26,11,40
2020-04-26,12,52
2020-04-26,13,57
2020-04-26,14,52
2020-04-26,15,51
2020-04-26,16,72
2020-04-26,17,44
2020-04-26,18,43
2020-04-26,19,32
2020-04-26,20,50
2020-04-26,21,21
2020-04-26,22,26
2020-04-26,23,16
2020-04-27,0,0
2020-04-27,1,0
2020-04-27,2,0
2020-04-27,3,0
2020-04-27,4,8
2020-04-27,5,16
2020-04-27,6,53
2020-04-27,7,123
2020-04-27,8,110
2020-04-27,9,72
2020-04-27,10,71
2020-04-27,11,96
2020-04-27,12,72
2020-04-27,13,72
2020-04-27,14,65
2020-04-27,15,88
2020-04-27,16,118
2020-04-27,17,79
2020-04-27,18,56
2020-04-27,19,40
2020-04-27,20,31
2020-04-27,21,21
2020-04-27,22,16
2020-04-27,23,4
2020-04-28,0,0
2020-04-28,1,0
2020-04-28,2,0
2020-04-28,3,0
2020-04-28,4,0
2020-04-28,5,16
2020-04-28,6,70
2020-04-28,7,122
2020-04-28,8,102
2020-04-28,9,67
2020-04-28,10,67
2020-04-28,11,72
2020-04-28,12,62
2020-04-28,13,57
2020-04-28,14,71
2020-04-28,15,88
2020-04-28,16,149
2020-04-28,17,102
2020-04-28,18,67
2020-04-28,19,53
2020-04-28,20,44
2020-04-28,21,31
2020-04-28,22,16
2020-04-28,23,12
2020-04-29,0,4
2020-04-29,1,0
2020-04-29,2,8
2020-04-29,3,4
2020-04-29,4,8
2020-04-29,5,21
2020-04-29,6,38
2020-04-29,7,110
2020-04-29,8,110
2020-04-29,9,92
2020-04-29,10,84
2020-04-29,11,96
2020-04-29,12,84
2020-04-29,13,72
2020-04-29,14,72
2020-04-29,15,92
2020-04-29,16,106
2020-04-29,17,79
2020-04-29,18,57
2020-04-29,19,53
2020-04-29,20,35
2020-04-29,21,36
2020-04-29,22,26
2020-04-29,23,12
2020-04-30,0,8
2020-04-30,1,0
2020-04-30,2,0
2020-04-30,3,0
2020-04-30,4,8
2020-04-30,5,16
2020-04-30,6,57
2020-04-30,7,123
2020-04-30,8,93
2020-04-30,9,62
2020-04-30,10,79
2020-04-30,11,76
2020-04-30,12,62
2020-04-30,13,57
2020-04-30,14,67
2020-04-30,15,80
2020-04-30,16,109
2020-04-30,17,83
2020-04-30,18,75
2020-04-30,19,57
2020-04-30,20,49
2020-04-30,21,49
2020-04-30,22,36
2020-04-30,23,23
2020-05-01,0,46
2020-05-01,1,8
2020-05-01,2,8
2020-05-01,3,8
2020-05-01,4,12
2020-05-01,5,18
2020-05-01,6,53
2020-05-01,7,137
2020-05-01,8,115
2020-05-01,9,88
2020-05-01,10,84
2020-05-01,11,84
2020-05-01,12,88
2020-05-01,13,80
2020-05-01,14,88
2020-05-01,15,109
2020-05-01,16,132
2020-05-01,17,89
2020-05-01,18,88
2020-05-01,19,70
2020-05-01,20,53
2020-05-01,21,48
2020-05-01,22,57
2020-05-01,23,36
2020-05-02,0,17
2020-05-02,1,16
2020-05-02,2,16
2020-05-02,3,12
2020-05-02,4,8
2020-05-02,5,16
2020-05-02,6,21
2020-05-02,7,44
2020-05-02,8,53
2020-05-02,9,48
2020-05-02,10,56
2020-05-02,11,69
2020-05-02,12,72
2020-05-02,13,72
2020-05-02,14,56
2020-05-02,15,67
2020-05-02,16,80
2020-05-02,17,67
2020-05-02,18,72
2020-05-02,19,67
2020-05-02,20,53
2020-05-02,21,52
2020-05-02,22,65
2020-05-02,23,35
2020-05-03,0,26
2020-05-03,1,26
2020-05-03,2,26
2020-05-03,3,12
2020-05-03,4,17
2020-05-03,5,12
2020-05-03,6,16
2020-05-03,7,21
2020-05-03,8,31
2020-05-03,9,44
2020-05-03,10,48
2020-05-03,11,40
2020-05-03,12,52
2020-05-03,13,57
2020-05-03,14,52
2020-05-03,15,52
2020-05-03,16,62
2020-05-03,17,56
2020-05-03,18,44
2020-05-03,19,40
2020-05-03,20,49
2020-05-03,21,23
2020-05-03,22,26
2020-05-03,23,16
2020-05-04,0,0
2020-05-04,1,0
2020-05-04,2,0
2020-05-04,3,0
2020-05-04,4,12
2020-05-04,5,21
2020-05-04,6,62
2020-05-04,7,127
2020-05-04,8,110
2020-05-04,9,67
2020-05-04,10,71
2020-05-04,11,97
2020-05-04,12,67
2020-05-04,13,62
2020-05-04,14,65
2020-05-04,15,80
2020-05-04,16,118
2020-05-04,17,80
2020-05-04,18,48
2020-05-04,19,40
2020-05-04,20,31
2020-05-04,21,21
2020-05-04,22,16
2020-05-04,23,4
2020-05-05,0,0
2020-05-05,1,0
2020-05-05,9,59
2020-05-05,10,67
2020-05-05,11,76
2020-05-05,12,62
2020-05-05,13,61
2020-05-05,14,66
2020-05-05,15,114
2020-05-05,16,144
2020-05-05,17,106
2020-05-05,18,69
2020-05-05,19,53
2020-05-05,20,44
2020-05-05,21,29
2020-05-05,22,16
2020-05-05,23,12
2020-05-06,0,4
2020-05-06,1,0
2020-05-06,2,9
2020-05-06,3,4
2020-05-06,4,8
2020-05-06,5,16
2020-05-06,6,66
2020-05-06,7,110
2020-05-06,8,111
2020-05-06,9,92
2020-05-06,10,84
2020-05-06,11,96
2020-05-06,12,80
2020-05-06,13,76
2020-05-06,14,76
2020-05-06,15,101
2020-05-06,16,106
2020-05-06,17,90
2020-05-06,18,58
2020-05-06,19,56
2020-05-06,20,36
2020-05-06,21,36
2020-05-06,22,26
2020-05-06,23,12
2020-05-07,0,8
2020-05-07,1,0
2020-05-07,2,0
2020-05-07,3,0
2020-05-07,4,8
2020-05-07,5,16
2020-05-07,6,58
2020-05-07,7,135
2020-05-07,8,110
2020-05-07,9,71
2020-05-07,10,84
2020-05-07,11,72
2020-05-07,12,38
2020-05-07,13,23
2020-05-07,14,19
2020-05-07,15,31
2020-05-07,16,23
2020-05-07,17,15
2020-05-07,18,61
2020-05-07,19,48
2020-05-07,20,40
2020-05-07,21,49
2020-05-07,22,28
2020-05-07,23,4
2020-05-08,0,1
2020-05-08,1,1
2020-05-08,2,0
2020-05-08,3,1
2020-05-08,4,6
2020-05-08,5,6
2020-05-08,6,57
2020-05-08,7,150
2020-05-08,8,128
2020-05-08,9,92
2020-05-08,10,84
2020-05-08,11,88
2020-05-08,12,92
2020-05-08,13,73
2020-05-08,14,18
2020-05-08,15,39
2020-05-08,16,119
2020-05-08,17,79
2020-05-08,18,72
2020-05-08,19,62
2020-05-08,20,53
2020-05-08,21,41
2020-05-08,22,36
2020-05-08,23,1
2020-05-09,0,0
2020-05-09,1,2
2020-05-09,2,0
2020-05-09,3,3
2020-05-09,4,2
2020-05-09,5,4
2020-05-09,6,22
2020-05-09,7,49
2020-05-09,8,57
2020-05-09,9,48
2020-05-09,10,67
2020-05-09,11,71
2020-05-09,12,72
2020-05-09,13,62
2020-05-09,14,57
2020-05-09,15,57
2020-05-09,16,15
2020-05-09,17,32
2020-05-09,18,72
2020-05-09,19,67
2020-05-09,20,53
2020-05-09,21,52
2020-05-09,22,34
2020-05-09,23,7
2020-05-10,0,1
2020-05-10,1,1
2020-05-10,2,1
2020-05-10,3,1
2020-05-10,4,4
2020-05-10,5,4
2020-05-10,6,12
2020-05-10,7,21
2020-05-10,8,31
2020-05-10,9,44
2020-05-10,10,48
2020-05-10,11,40
2020-05-10,12,52
2020-05-10,13,57
2020-05-10,14,52
2020-05-10,15,43
2020-05-10,16,43
2020-05-10,17,62
2020-05-10,18,44
2020-05-10,19,32
2020-05-10,20,49
2020-05-10,21,23
2020-05-10,22,22
2020-05-10,23,1
2020-05-11,0,1
2020-05-11,1,2
2020-05-11,2,3
2020-05-11,3,1
2020-05-11,4,2
2020-05-11,5,6
2020-05-11,6,17
2020-05-11,7,44
2020-05-11,8,49
2020-05-11,9,24
2020-05-11,10,27
2020-05-11,11,20
2020-05-11,12,27
2020-05-11,13,19
2020-05-11,14,21
2020-05-11,15,25
2020-05-11,16,24
2020-05-11,17,46
2020-05-11,18,48
2020-05-11,19,40
2020-05-11,20,31
2020-05-11,21,15
2020-05-11,22,14
2020-05-11,23,3
2020-05-12,0,3
2020-05-12,1,1
2020-05-12,2,0
2020-05-12,3,2
2020-05-12,4,3
2020-05-12,5,5
2020-05-12,6,17
2020-05-12,7,45
2020-05-12,8,21
2020-05-12,9,33
2020-05-12,10,43
2020-05-12,11,19
2020-05-12,12,32
2020-05-12,13,33
2020-05-12,14,31
2020-05-12,15,28
2020-05-12,16,21
2020-05-12,17,16
2020-05-12,18,29
2020-05-12,19,45
2020-05-12,20,44
2020-05-12,21,31
2020-05-12,22,16
2020-05-12,23,7
2020-05-13,0,2
2020-05-13,1,0
2020-05-13,2,4
2020-05-13,3,4
2020-05-13,4,9
2020-05-13,5,12
2020-05-13,6,30
2020-05-13,7,36
2020-05-13,8,35
2020-05-13,9,24
2020-05-13,10,19
2020-05-13,11,31
2020-05-13,12,28
2020-05-13,13,35
2020-05-13,14,26
2020-05-13,15,24
2020-05-13,16,24
2020-05-13,17,17
2020-05-13,18,13
2020-05-13,19,40
2020-05-13,20,31
2020-05-13,21,36
2020-05-13,22,21
2020-05-13,23,4
2020-05-14,0,1
2020-05-14,1,2
2020-05-14,2,0
2020-05-14,3,3
2020-05-14,4,4
2020-05-14,5,9
2020-05-14,6,22
2020-05-14,7,27
2020-05-14,8,28
2020-05-14,9,22
2020-05-14,10,52
2020-05-14,11,32
2020-05-14,12,36
2020-05-14,13,23
2020-05-14,14,25
2020-05-14,15,59
2020-05-14,16,34
2020-05-14,17,17
2020-05-14,18,57
2020-05-14,19,53
2020-05-14,20,45
2020-05-14,21,49
2020-05-14,22,25
2020-05-14,23,4
2020-05-15,0,1
2020-05-15,1,1
2020-05-15,2,0
2020-05-15,3,1
2020-05-15,4,12
2020-05-15,5,6
2020-05-15,6,62
2020-05-15,7,52
2020-05-15,8,20
2020-05-15,9,27
2020-05-15,10,32
2020-05-15,11,17
2020-05-15,12,40
2020-05-15,13,30
2020-05-15,14,30
2020-05-15,15,26
2020-05-15,16,15
2020-05-15,17,30
2020-05-15,18,62
2020-05-15,19,58
2020-05-15,20,44
2020-05-15,21,44
2020-05-15,22,44
2020-05-15,23,0
2020-05-16,0,2
2020-05-16,1,1
2020-05-16,2,4
2020-05-16,3,3
2020-05-16,4,5
2020-05-16,5,9
2020-05-16,6,21
2020-05-16,7,49
2020-05-16,8,57
2020-05-16,9,48
2020-05-16,10,67
2020-05-16,11,71
2020-05-16,12,67
2020-05-16,13,49
2020-05-16,14,33
2020-05-16,15,67
2020-05-16,16,62
2020-05-16,17,57
2020-05-16,18,62
2020-05-16,19,62
2020-05-16,20,48
2020-05-16,21,52
2020-05-16,22,50
2020-05-16,23,2
2020-05-17,0,0
2020-05-17,1,0
2020-05-17,2,2
2020-05-17,3,1
2020-05-17,4,3
2020-05-17,5,1
2020-05-17,6,17
2020-05-17,7,22
2020-05-17,8,32
2020-05-17,9,44
2020-05-17,10,48
2020-05-17,11,40
2020-05-17,12,52
2020-05-17,13,57
2020-05-17,14,52
2020-05-17,15,62
2020-05-17,16,61
2020-05-17,17,62
2020-05-17,18,44
2020-05-17,19,32
2020-05-17,20,48
2020-05-17,21,23
2020-05-17,22,22
2020-05-17,23,0
2020-05-18,0,1
2020-05-18,1,0
2020-05-18,2,2
2020-05-18,3,0
2020-05-18,4,6
2020-05-18,5,8
2020-05-18,6,22
2020-05-18,7,35
2020-05-18,8,26
2020-05-18,9,23
2020-05-18,10,19
2020-05-18,11,23
2020-05-18,12,42
2020-05-18,13,33
2020-05-18,14,48
2020-05-18,15,62
2020-05-18,16,13
2020-05-18,17,13
2020-05-18,18,44
2020-05-18,19,36
2020-05-18,20,31
2020-05-18,21,21
2020-05-18,22,17
2020-05-18,23,3
2020-05-19,0,1
2020-05-19,1,0
2020-05-19,2,2
2020-05-19,3,2
2020-05-19,4,6
2020-05-19,5,10
2020-05-19,6,15
2020-05-19,7,31
2020-05-19,8,40
2020-05-19,9,33
2020-05-19,10,31
2020-05-19,11,16
2020-05-19,12,40
2020-05-19,13,23
2020-05-19,14,26
2020-05-19,15,26
2020-05-19,16,22
2020-05-19,17,62
2020-05-19,18,52
2020-05-19,19,23
2020-05-19,20,36
2020-05-19,21,27
2020-05-19,22,13
2020-05-19,23,4
2020-05-20,0,3
2020-05-20,1,0
2020-05-20,2,0
2020-05-20,3,3
2020-05-20,4,5
2020-05-20,5,10
2020-05-20,6,50
2020-05-20,7,97
2020-05-20,8,88
2020-05-20,9,80
2020-05-20,10,71
2020-05-20,11,40
2020-05-20,12,22
2020-05-20,13,23
2020-05-20,14,29
2020-05-20,15,29
2020-05-20,16,21
2020-05-20,17,13
2020-05-20,18,29
2020-05-20,19,36
2020-05-20,20,32
2020-05-20,21,36
2020-05-20,22,25
2020-05-20,23,1
2020-05-21,0,1
2020-05-21,1,1
2020-05-21,2,2
2020-05-21,3,1
2020-05-21,4,3
2020-05-21,5,11
2020-05-21,6,41
2020-05-21,7,90
2020-05-21,8,30
2020-05-21,9,12
2020-05-21,11,17
2020-05-21,12,39
2020-05-21,13,48
2020-05-21,14,52
2020-05-21,15,61
2020-05-21,16,57
2020-05-21,17,44
2020-05-21,18,62
2020-05-21,19,57
2020-05-21,20,48
2020-05-21,21,49
2020-05-21,22,31
2020-05-21,23,12
2020-05-22,0,21
2020-05-22,1,4
2020-05-22,2,4
2020-05-22,3,0
2020-05-22,4,12
2020-05-22,5,16
2020-05-22,6,71
2020-05-22,7,118
2020-05-22,8,93
2020-05-22,9,76
2020-05-22,10,67
2020-05-22,11,52
2020-05-22,12,68
2020-05-22,13,62
2020-05-22,14,57
2020-05-22,15,62
2020-05-22,16,76
2020-05-22,17,71
2020-05-22,18,72
2020-05-22,19,62
2020-05-22,20,48
2020-05-22,21,48
2020-05-22,22,48
2020-05-22,23,16
2020-05-23,0,12
2020-05-23,1,0
2020-05-23,2,8
2020-05-23,3,8
2020-05-23,4,4
2020-05-23,5,8
2020-05-23,6,21
2020-05-23,7,45
2020-05-23,8,57
2020-05-23,9,48
2020-05-23,10,67
2020-05-23,11,71
2020-05-23,12,67
2020-05-23,13,57
2020-05-23,14,52
2020-05-23,15,67
2020-05-23,16,62
2020-05-23,17,52
2020-05-23,18,62
2020-05-23,19,66
2020-05-23,20,53
2020-05-23,21,52
2020-05-23,22,57
2020-05-23,23,16
2020-05-24,0,16
2020-05-24,1,12
2020-05-24,2,8
2020-05-24,3,8
2020-05-24,4,8
2020-05-24,5,4
2020-05-24,6,17
2020-05-24,7,22
2020-05-24,8,32
2020-05-24,9,44
2020-05-24,10,48
2020-05-24,11,40
2020-05-24,12,52
2020-05-24,13,57
2020-05-24,14,52
2020-05-24,15,58
2020-05-24,16,57
2020-05-24,17,62
2020-05-24,18,44
2020-05-24,19,32
2020-05-24,20,48
2020-05-24,21,23
2020-05-24,22,26
2020-05-24,23,8
2020-05-25,0,0
2020-05-25,1,0
2020-05-25,2,0
2020-05-25,3,0
2020-05-25,4,0
2020-05-25,5,16
2020-05-25,6,49
2020-05-25,7,100
2020-05-25,8,100
2020-05-25,9,60
2020-05-25,10,67
2020-05-25,11,91
2020-05-25,12,51
2020-05-25,13,39
2020-05-25,14,58
2020-05-25,15,66
2020-05-25,16,84
2020-05-25,17,62
2020-05-25,18,53
2020-05-25,19,40
2020-05-25,20,31
2020-05-25,21,21
2020-05-25,22,16
2020-05-25,23,0
2020-05-26,0,0
2020-05-26,1,0
2020-05-26,2,0
2020-05-26,3,0
2020-05-26,4,0
2020-05-26,5,16
2020-05-26,6,57
2020-05-26,7,101
2020-05-26,8,84
2020-05-26,9,57
2020-05-26,10,53
2020-05-26,11,53
2020-05-26,12,51
2020-05-26,13,56
2020-05-26,14,26
2020-05-26,15,58
2020-05-26,16,34
2020-05-26,17,19
2020-05-26,18,27
2020-05-26,19,39
2020-05-26,20,48
2020-05-26,21,36
2020-05-26,22,9
2020-05-26,23,12
2020-05-27,0,2
2020-05-27,1,1
2020-05-27,2,8
2020-05-27,3,9
2020-05-27,4,2
2020-05-27,5,8
2020-05-27,6,48
2020-05-27,7,50
2020-05-27,8,32
2020-05-27,9,33
2020-05-27,10,52
2020-05-27,11,129
2020-05-27,12,60
2020-05-27,13,23
2020-05-27,14,27
2020-05-27,15,31
2020-05-27,16,20
2020-05-27,17,12
2020-05-27,18,19
2020-05-27,19,31
2020-05-27,20,27
2020-05-27,21,27
2020-05-27,22,20
2020-05-27,23,2
2020-05-28,0,4
2020-05-28,1,3
2020-05-28,2,3
2020-05-28,3,2
2020-05-28,4,4
2020-05-28,5,12
2020-05-28,6,48
2020-05-28,7,46
2020-05-28,8,30
2020-05-28,9,18
2020-05-28,10,37
2020-05-28,11,25
2020-05-28,12,86
2020-05-28,13,30
2020-05-28,14,24
2020-05-28,15,32
2020-05-28,16,19
2020-05-28,17,20
2020-05-28,18,30
2020-05-28,19,48
2020-05-28,20,40
2020-05-28,21,49
2020-05-28,22,23
2020-05-28,23,6
2020-05-29,0,1
2020-05-29,1,3
2020-05-29,2,2
2020-05-29,3,2
2020-05-29,4,8
2020-05-29,5,6
2020-05-29,6,56
2020-05-29,7,38
2020-05-29,8,28
2020-05-29,9,29
2020-05-29,10,28
2020-05-29,11,23
2020-05-29,12,27
2020-05-29,13,31
2020-05-29,14,37
2020-05-29,15,23
2020-05-29,16,17
2020-05-29,17,28
2020-05-29,18,76
2020-05-29,19,62
2020-05-29,20,44
2020-05-29,21,44
2020-05-29,22,34
2020-05-29,23,2
2020-05-30,0,5
2020-05-30,1,0
2020-05-30,2,2
2020-05-30,3,1
2020-05-30,4,2
2020-05-30,5,7
2020-05-30,6,22
2020-05-30,7,49
2020-05-30,8,57
2020-05-30,9,48
2020-05-30,10,67
2020-05-30,11,66
2020-05-30,12,52
2020-05-30,13,52
2020-05-30,14,52
2020-05-30,15,49
2020-05-30,16,57
2020-05-30,17,53
2020-05-30,18,67
2020-05-30,19,67
2020-05-30,20,53
2020-05-30,21,52
2020-05-30,22,43
2020-05-30,23,15
2020-05-31,0,13
2020-05-31,1,4
2020-05-31,2,2
2020-05-31,3,1
2020-05-31,4,2
2020-05-31,5,4
2020-05-31,6,17
2020-05-31,7,22
2020-05-31,8,31
2020-05-31,9,43
2020-05-31,10,48
2020-05-31,11,39
2020-05-31,12,52
2020-05-31,13,57
2020-05-31,14,48
2020-05-31,15,58
2020-05-31,16,57
2020-05-31,17,52
2020-05-31,18,44
2020-05-31,19,32
2020-05-31,20,45
2020-05-31,21,22
2020-05-31,22,23
2020-05-31,23,3
2020-06-01,0,3
2020-06-01,1,3
2020-06-01,2,7
2020-06-01,3,1
2020-06-01,4,4
2020-06-01,5,7
2020-06-01,6,21
2020-06-01,7,55
2020-06-01,8,37
2020-06-01,9,25
2020-06-01,10,29
2020-06-01,11,29
2020-06-01,12,31
2020-06-01,13,37
2020-06-01,14,31
2020-06-01,15,23
2020-06-01,16,20
2020-06-01,17,17
2020-06-01,18,35
2020-06-01,19,36
2020-06-01,20,27
2020-06-01,21,21
2020-06-01,22,20
2020-06-01,23,5
2020-06-02,0,2
2020-06-02,1,0
2020-06-02,2,1
2020-06-02,3,3
2020-06-02,4,3
2020-06-02,5,4
2020-06-02,6,34
2020-06-02,7,41
2020-06-02,8,36
2020-06-02,9,46
2020-06-02,10,32
2020-06-02,11,27
2020-06-02,12,29
2020-06-02,13,28
2020-06-02,14,53
2020-06-02,15,27
2020-06-02,16,62
2020-06-02,17,40
2020-06-02,18,44
2020-06-02,19,46
2020-06-02,20,38
2020-06-02,21,31
2020-06-02,22,12
2020-06-02,23,8
2020-06-03,0,1
2020-06-03,1,2
2020-06-03,2,1
2020-06-03,3,4
2020-06-03,4,2
2020-06-03,5,10
2020-06-03,6,23
2020-06-03,7,56
2020-06-03,8,56
2020-06-03,9,29
2020-06-03,10,33
2020-06-03,11,40
2020-06-03,12,17
2020-06-03,13,39
2020-06-03,14,37
2020-06-03,15,35
2020-06-03,16,20
2020-06-03,17,35
2020-06-03,18,21
2020-06-03,19,18
2020-06-03,20,27
2020-06-03,21,28
2020-06-03,22,25
2020-06-03,23,0
2020-06-04,0,2
2020-06-04,1,1
2020-06-04,2,0
2020-06-04,3,0
2020-06-04,4,3
2020-06-04,5,12
2020-06-04,6,17
2020-06-04,7,43
2020-06-04,8,48
2020-06-04,9,22
2020-06-04,10,39
2020-06-04,11,31
2020-06-04,12,31
2020-06-04,13,39
2020-06-04,14,24
2020-06-04,15,44
2020-06-04,16,29
2020-06-04,17,23
2020-06-04,18,18
2020-06-04,19,15
2020-06-04,20,20
2020-06-04,21,49
2020-06-04,22,29
2020-06-04,23,12
2020-06-05,0,21
2020-06-05,1,1
2020-06-05,2,0
2020-06-05,3,3
2020-06-05,4,0
2020-06-05,5,15
2020-06-05,6,20
2020-06-05,7,54
2020-06-05,8,42
2020-06-05,9,26
2020-06-05,10,34
2020-06-05,11,28
2020-06-05,12,44
2020-06-05,13,32
2020-06-05,14,32
2020-06-05,15,40
2020-06-05,16,34
2020-06-05,17,20
2020-06-05,18,52
2020-06-05,19,12
2020-06-05,20,53
2020-06-05,21,44
2020-06-05,22,36
2020-06-05,23,6
2020-06-06,0,1
2020-06-06,1,3
2020-06-06,2,4
2020-06-06,3,2
2020-06-06,4,5
2020-06-06,5,7
2020-06-06,6,22
2020-06-06,7,49
2020-06-06,8,53
2020-06-06,9,48
2020-06-06,10,52
2020-06-06,11,26
2020-06-06,12,18
2020-06-06,13,23
2020-06-06,14,22
2020-06-06,15,17
2020-06-06,16,14
2020-06-06,17,19
2020-06-06,18,26
2020-06-06,19,10
2020-06-06,20,9
2020-06-06,21,42
2020-06-06,22,35
2020-06-06,23,3
2020-06-07,0,3
2020-06-07,1,0
2020-06-07,2,1
2020-06-07,3,1
2020-06-07,4,2
2020-06-07,5,2
2020-06-07,6,17
2020-06-07,7,22
2020-06-07,8,32
2020-06-07,9,44
2020-06-07,10,44
2020-06-07,11,40
2020-06-07,12,52
2020-06-07,13,57
2020-06-07,14,35
2020-06-07,15,20
2020-06-07,16,12
2020-06-07,17,22
2020-06-07,18,22
2020-06-07,19,32
2020-06-07,20,49
2020-06-07,21,23
2020-06-07,22,21
2020-06-07,23,6
2020-06-08,0,3
2020-06-08,1,3
2020-06-08,2,3
2020-06-08,3,2
2020-06-08,4,3
2020-06-08,5,10
2020-06-08,6,28
2020-06-08,7,47
2020-06-08,8,38
2020-06-08,9,33
2020-06-08,10,26
2020-06-08,11,39
2020-06-08,12,35
2020-06-08,13,34
2020-06-08,14,35
2020-06-08,15,29
2020-06-08,16,26
2020-06-08,17,21
2020-06-08,18,29
2020-06-08,19,40
2020-06-08,20,26
2020-06-08,21,21
2020-06-08,22,13
2020-06-08,23,5
2020-06-09,0,0
2020-06-09,1,2
2020-06-09,2,2
2020-06-09,3,3
2020-06-09,4,6
2020-06-09,5,8
2020-06-09,6,22
2020-06-09,7,56
2020-06-09,8,40
2020-06-09,9,44
2020-06-09,10,34
2020-06-09,11,42
2020-06-09,12,29
2020-06-09,13,27
2020-06-09,14,29
2020-06-09,15,36
2020-06-09,16,26
2020-06-09,17,22
2020-06-09,18,22
2020-06-09,19,17
2020-06-09,20,38
2020-06-09,21,31
2020-06-09,22,16
2020-06-09,23,8
2020-06-10,0,1
2020-06-10,1,0
2020-06-10,2,0
2020-06-10,3,1
2020-06-10,4,3
2020-06-10,5,8
2020-06-10,6,28
2020-06-10,7,52
2020-06-10,8,52
2020-06-10,9,42
2020-06-10,10,37
2020-06-10,11,21
2020-06-10,12,24
2020-06-10,13,34
2020-06-10,14,25
2020-06-10,15,42
2020-06-10,16,25
2020-06-10,17,30
2020-06-10,18,23
2020-06-10,19,39
2020-06-10,20,36
2020-06-10,21,29
2020-06-10,22,18
2020-06-10,23,4
2020-06-11,0,3
2020-06-11,1,1
2020-06-11,2,0
2020-06-11,3,3
2020-06-11,4,3
2020-06-11,5,10
2020-06-11,6,37
2020-06-11,7,43
2020-06-11,8,45
2020-06-11,9,27
2020-06-11,10,52
2020-06-11,11,35
2020-06-11,12,30
2020-06-11,13,30
2020-06-11,14,33
2020-06-11,15,26
2020-06-11,16,30
2020-06-11,17,21
2020-06-11,18,25
2020-06-11,19,17
2020-06-11,20,40
2020-06-11,21,37
2020-06-11,22,27
2020-06-11,23,4
2020-06-12,0,7
2020-06-12,1,4
2020-06-12,2,0
2020-06-12,3,2
2020-06-12,4,10
2020-06-12,5,12
2020-06-12,6,27
2020-06-12,7,47
2020-06-12,8,34
2020-06-12,9,32
2020-06-12,10,34
2020-06-12,11,42
2020-06-12,12,47
2020-06-12,13,27
2020-06-12,14,37
2020-06-12,15,34
2020-06-12,16,29
2020-06-12,17,33
2020-06-12,18,44
2020-06-12,19,26
2020-06-12,20,37
2020-06-12,21,48
2020-06-12,22,67
2020-06-12,23,19
2020-06-13,0,2
2020-06-13,1,1
2020-06-13,2,2
2020-06-13,3,2
2020-06-13,4,5
2020-06-13,5,7
2020-06-13,6,18
2020-06-13,7,27
2020-06-13,8,53
2020-06-13,9,48
2020-06-13,10,57
2020-06-13,11,57
2020-06-13,12,52
2020-06-13,13,57
2020-06-13,14,64
2020-06-13,15,87
2020-06-13,16,50
2020-06-13,17,29
2020-06-13,18,17
2020-06-13,19,16
2020-06-13,20,36
2020-06-13,21,48
2020-06-13,22,42
2020-06-13,23,6
2020-06-14,0,2
2020-06-14,1,2
2020-06-14,2,2
2020-06-14,3,0
2020-06-14,4,1
2020-06-14,5,7
2020-06-14,6,17
2020-06-14,7,22
2020-06-14,8,32
2020-06-14,9,44
2020-06-14,10,48
2020-06-14,11,40
2020-06-14,12,48
2020-06-14,13,51
2020-06-14,14,82
2020-06-14,15,34
2020-06-14,16,67
2020-06-14,17,60
2020-06-14,18,36
2020-06-14,19,32
2020-06-14,20,45
2020-06-14,21,21
2020-06-14,22,20
2020-06-14,23,6
2020-06-15,0,5
2020-06-15,1,31
2020-06-15,2,9
2020-06-15,3,1
2020-06-15,4,7
2020-06-15,5,26
2020-06-15,6,61
2020-06-15,7,142
2020-06-15,8,117
2020-06-15,9,58
2020-06-15,10,59
2020-06-15,11,29
2020-06-15,12,42
2020-06-15,13,63
2020-06-15,14,55
2020-06-15,15,43
2020-06-15,16,25
2020-06-15,17,25
2020-06-15,18,27
2020-06-15,19,47
2020-06-15,20,45
2020-06-15,21,33
2020-06-15,22,26
2020-06-15,23,8
2020-06-16,0,0
2020-06-16,1,12
2020-06-16,2,2
2020-06-16,3,8
2020-06-16,4,3
2020-06-16,5,17
2020-06-16,6,55
2020-06-16,7,71
2020-06-16,8,101
2020-06-16,9,93
2020-06-16,10,75
2020-06-16,11,56
2020-06-16,12,49
2020-06-16,13,38
2020-06-16,14,50
2020-06-16,15,38
2020-06-16,16,29
2020-06-16,17,24
2020-06-16,18,18
2020-06-16,19,12
2020-06-16,20,19
2020-06-16,21,25
2020-06-16,22,8
2020-06-16,23,6
2020-06-17,0,1
2020-06-17,1,0
2020-06-17,2,6
2020-06-17,3,3
2020-06-17,4,3
2020-06-17,5,14
2020-06-17,6,45
2020-06-17,7,87
2020-06-17,8,61
2020-06-17,9,42
2020-06-17,10,37
2020-06-17,11,55
2020-06-17,12,45
2020-06-17,13,39
2020-06-17,14,36
2020-06-17,15,43
2020-06-17,16,33
2020-06-17,17,30
2020-06-17,18,30
2020-06-17,19,17
2020-06-17,20,18
2020-06-17,21,31
2020-06-17,22,34
2020-06-17,23,3
2020-06-18,0,3
2020-06-18,1,2
2020-06-18,2,0
2020-06-18,3,0
2020-06-18,4,7
2020-06-18,5,12
2020-06-18,6,36
2020-06-18,7,68
2020-06-18,8,42
2020-06-18,9,47
2020-06-18,10,46
2020-06-18,11,43
2020-06-18,12,27
2020-06-18,13,32
2020-06-18,14,36
2020-06-18,15,34
2020-06-18,16,40
2020-06-18,17,23
2020-06-18,18,18
2020-06-18,19,16
2020-06-18,20,30
2020-06-18,21,49
2020-06-18,22,14
2020-06-18,23,5
2020-06-19,0,21
2020-06-19,1,1
2020-06-19,2,1
2020-06-19,3,1
2020-06-19,4,12
2020-06-19,5,9
2020-06-19,6,40
2020-06-19,7,63
2020-06-19,8,58
2020-06-19,9,35
2020-06-19,10,43
2020-06-19,11,45
2020-06-19,12,36
2020-06-19,13,43
2020-06-19,14,44
2020-06-19,15,47
2020-06-19,16,33
2020-06-19,17,25
2020-06-19,18,56
2020-06-19,19,17
2020-06-19,20,19
2020-06-19,21,16
2020-06-19,22,34
2020-06-19,23,5
2020-06-20,0,2
2020-06-20,1,2
2020-06-20,2,2
2020-06-20,3,4
2020-06-20,4,4
2020-06-20,5,5
2020-06-20,6,11
2020-06-20,7,37
2020-06-20,8,53
2020-06-20,9,48
2020-06-20,10,52
2020-06-20,11,14
2020-06-20,12,25
2020-06-20,13,26
2020-06-20,14,27
2020-06-20,15,22
2020-06-20,16,16
2020-06-20,17,24
2020-06-20,18,35
2020-06-20,19,40
2020-06-20,20,40
2020-06-20,21,48
2020-06-20,22,42
2020-06-20,23,2
2020-06-21,0,6
2020-06-21,1,0
2020-06-21,2,6
2020-06-21,3,3
2020-06-21,4,3
2020-06-21,5,4
2020-06-21,6,17
2020-06-21,7,22
2020-06-21,8,32
2020-06-21,9,44
2020-06-21,10,48
2020-06-21,11,40
2020-06-21,12,52
2020-06-21,13,57
2020-06-21,14,33
2020-06-21,15,53
2020-06-21,16,40
2020-06-21,17,53
2020-06-21,18,39
2020-06-21,19,31
2020-06-21,20,49
2020-06-21,21,23
2020-06-21,22,22
2020-06-21,23,0
2020-06-22,0,1
2020-06-22,1,2
2020-06-22,2,2
2020-06-22,3,0
2020-06-22,4,3
2020-06-22,5,14
2020-06-22,6,40
2020-06-22,7,60
2020-06-22,8,64
2020-06-22,9,37
2020-06-22,10,54
2020-06-22,11,41
2020-06-22,12,48
2020-06-22,13,52
2020-06-22,14,50
2020-06-22,15,40
2020-06-22,16,38
2020-06-22,17,32
2020-06-22,18,23
2020-06-22,19,36
2020-06-22,20,27
2020-06-22,21,22
2020-06-22,22,14
2020-06-22,23,5
2020-06-23,0,1
2020-06-23,1,2
2020-06-23,2,0
2020-06-23,3,2
2020-06-23,4,3
2020-06-23,5,10
2020-06-23,6,49
2020-06-23,7,81
2020-06-23,8,61
2020-06-23,9,64
2020-06-23,10,38
2020-06-23,11,40
2020-06-23,12,42
2020-06-23,13,36
2020-06-23,14,43
2020-06-23,15,47
2020-06-23,16,60
2020-06-23,17,51
2020-06-23,18,33
2020-06-23,19,27
2020-06-23,20,40
2020-06-23,21,31
2020-06-23,22,13
2020-06-23,23,5
2020-06-24,0,2
2020-06-24,1,0
2020-06-24,2,3
2020-06-24,3,1
2020-06-24,4,5
2020-06-24,5,10
2020-06-24,6,45
2020-06-24,7,65
2020-06-24,8,40
2020-06-24,9,49
2020-06-24,10,58
2020-06-24,11,37
2020-06-24,12,28
2020-06-24,13,38
2020-06-24,14,33
2020-06-24,15,41
2020-06-24,16,42
2020-06-24,17,31
2020-06-24,18,18
2020-06-24,19,15
2020-06-24,20,7
2020-06-24,21,26
2020-06-25,9,51
2020-06-25,10,45
2020-06-25,11,45
2020-06-25,12,39
2020-06-25,13,43
2020-06-25,14,51
2020-06-25,15,43
2020-06-25,16,31
2020-06-25,17,25
2020-06-25,18,36
2020-06-25,19,36
2020-06-25,20,40
2020-06-25,21,34
2020-06-25,22,25
2020-06-25,23,6
2020-06-26,0,1
2020-06-26,1,5
2020-06-26,2,2
2020-06-26,3,1
2020-06-26,4,9
2020-06-26,5,8
2020-06-26,6,37
2020-06-26,7,64
2020-06-26,8,54
2020-06-26,9,57
2020-06-26,10,48
2020-06-26,11,35
2020-06-26,12,47
2020-06-26,13,36
2020-06-26,14,44
2020-06-26,15,35
2020-06-26,16,36
2020-06-26,17,20
2020-06-26,18,24
2020-06-26,19,21
2020-06-26,20,14
2020-06-26,21,12
2020-06-26,22,22
2020-06-26,23,6
2020-06-27,0,2
2020-06-27,1,0
2020-06-27,2,0
2020-06-27,3,3
2020-06-27,4,4
2020-06-27,5,9
2020-06-27,6,22
2020-06-27,7,44
2020-06-27,8,53
2020-06-27,9,48
2020-06-27,10,48
2020-06-27,11,48
2020-06-27,12,30
2020-06-27,13,28
2020-06-27,14,34
2020-06-27,15,18
2020-06-27,16,21
2020-06-27,17,18
2020-06-27,18,15
2020-06-27,19,26
2020-06-27,20,31
2020-06-27,21,48
2020-06-27,22,35
2020-06-27,23,5
2020-06-28,0,4
2020-06-28,1,2
2020-06-28,2,3
2020-06-28,3,0
2020-06-28,4,4
2020-06-28,5,1
2020-06-28,6,12
2020-06-28,7,22
2020-06-28,8,32
2020-06-28,9,40
2020-06-28,10,40
2020-06-28,11,40
2020-06-28,12,48
2020-06-28,13,57
2020-06-28,14,38
2020-06-28,15,49
2020-06-28,16,40
2020-06-28,17,44
2020-06-28,18,36
2020-06-28,19,31
2020-06-28,20,49
2020-06-28,21,20
2020-06-28,22,21
2020-06-28,23,0
2020-06-29,0,0
2020-06-29,1,4
2020-06-29,2,151
2020-06-29,3,1
2020-06-29,4,8
2020-06-29,5,13
2020-06-29,6,51
2020-06-29,7,70
2020-06-29,8,67
2020-06-29,9,51
2020-06-29,10,58
2020-06-29,11,51
2020-06-29,12,63
2020-06-29,13,50
2020-06-29,14,39
2020-06-29,15,51
2020-06-29,16,38
2020-06-29,17,31
2020-06-29,18,20
2020-06-29,19,16
2020-06-29,20,12
2020-06-29,21,31
2020-06-29,22,13
2020-06-29,23,4
2020-06-30,0,7
2020-06-30,1,6
2020-06-30,2,1
2020-06-30,3,2
2020-06-30,4,7
2020-06-30,5,6
2020-06-30,6,38
2020-06-30,7,74
2020-06-30,8,52
2020-06-30,9,47
2020-06-30,10,70
2020-06-30,11,64
2020-06-30,12,68
2020-06-30,13,55
2020-06-30,14,48
2020-06-30,15,41
2020-06-30,16,47
2020-06-30,17,30
2020-06-30,18,34
2020-06-30,19,14
2020-06-30,20,40
2020-06-30,21,26
2020-06-30,22,8
2020-06-30,23,6
2020-07-01,0,2
2020-07-01,1,0
2020-07-01,2,4
2020-07-01,3,0
2020-07-01,4,3
2020-07-01,5,16
2020-07-01,6,67
2020-07-01,7,128
2020-07-01,8,59
2020-07-01,9,77
2020-07-01,10,77
2020-07-01,11,71
2020-07-01,12,66
2020-07-01,13,66
2020-07-01,14,38
2020-07-01,15,52
2020-07-01,16,41
2020-07-01,17,30
2020-07-01,18,17
2020-07-01,19,36
2020-07-01,20,22
2020-07-01,21,27
2020-07-01,22,17
2020-07-01,23,3
2020-07-02,0,6
2020-07-02,1,6
2020-07-02,2,1
2020-07-02,3,2
2020-07-02,4,4
2020-07-02,5,14
2020-07-02,6,48
2020-07-02,7,77
2020-07-02,8,76
2020-07-02,9,66
2020-07-02,10,91
2020-07-02,11,49
2020-07-02,12,68
2020-07-02,13,120
2020-07-02,14,129
2020-07-02,15,139
2020-07-02,16,62
2020-07-02,17,56
2020-07-02,18,33
2020-07-02,19,26
2020-07-02,20,27
2020-07-02,21,25
2020-07-02,22,13
2020-07-02,23,4
2020-07-03,0,1
2020-07-03,1,1
2020-07-03,2,1
2020-07-03,3,1
2020-07-03,4,23
2020-07-03,5,11
2020-07-03,6,49
2020-07-03,7,65
2020-07-03,8,53
2020-07-03,9,50
2020-07-03,10,57
2020-07-03,11,125
2020-07-03,12,64
2020-07-03,13,66
2020-07-03,14,60
2020-07-03,15,57
2020-07-03,16,44
2020-07-03,17,44
2020-07-03,18,23
2020-07-03,19,23
2020-07-03,20,21
2020-07-03,21,101
2020-07-03,22,99
2020-07-03,23,74
2020-07-04,0,27
2020-07-04,1,10
2020-07-04,2,36
2020-07-04,3,42
2020-07-04,4,48
2020-07-04,5,14
2020-07-04,6,41
2020-07-04,7,34
2020-07-04,8,50
2020-07-04,9,18
2020-07-04,10,16
2020-07-04,11,41
2020-07-04,12,54
2020-07-04,13,19
2020-07-04,14,41
2020-07-04,15,37
2020-07-04,16,47
2020-07-04,17,25
2020-07-04,18,22
2020-07-04,19,15
2020-07-04,20,26
2020-07-04,21,40
2020-07-04,22,45
2020-07-04,23,5
2020-07-05,0,6
2020-07-05,1,2
2020-07-05,2,9
2020-07-05,3,7
2020-07-05,4,2
2020-07-05,5,0
2020-07-05,6,15
2020-07-05,7,22
2020-07-05,8,32
2020-07-05,9,40
2020-07-05,10,44
2020-07-05,11,36
2020-07-05,12,27
2020-07-05,13,33
2020-07-05,14,22
2020-07-05,15,52
2020-07-05,16,76
2020-07-05,17,54
2020-07-05,18,24
2020-07-05,19,21
2020-07-05,20,50
2020-07-05,21,62
2020-07-05,22,17
2020-07-05,23,10
2020-07-06,0,2
2020-07-06,1,1
2020-07-06,2,7
2020-07-06,3,1
2020-07-06,4,5
2020-07-06,5,12
2020-07-06,6,58
2020-07-06,7,94
2020-07-06,8,80
2020-07-06,9,51
2020-07-06,10,72
2020-07-06,11,66
2020-07-06,12,67
2020-07-06,13,127
2020-07-06,14,96
2020-07-06,15,63
2020-07-06,16,82
2020-07-06,17,30
2020-07-06,18,26
2020-07-06,19,25
2020-07-06,20,24
2020-07-06,21,40
2020-07-06,22,51
2020-07-06,23,49
2020-07-07,0,19
2020-07-07,1,1
2020-07-07,2,18
2020-07-07,3,14
2020-07-07,4,13
2020-07-07,5,13
2020-07-07,6,52
2020-07-07,7,85
2020-07-07,8,75
2020-07-07,9,84
2020-07-07,10,66
2020-07-07,11,67
2020-07-07,12,52
2020-07-07,13,70
2020-07-07,14,69
2020-07-07,15,52
2020-07-07,16,46
2020-07-07,17,33
2020-07-07,18,32
2020-07-07,19,130
2020-07-07,20,173
2020-07-07,21,58
2020-07-07,22,41
2020-07-07,23,54
2020-07-08,0,54
2020-07-08,1,219
2020-07-08,2,146
2020-07-08,3,37
2020-07-08,4,85
2020-07-08,5,55
2020-07-08,6,151
2020-07-08,7,79
2020-07-08,8,125
2020-07-08,9,85
2020-07-08,10,81
2020-07-08,11,64
2020-07-08,12,49
2020-07-08,13,49
2020-07-08,14,105
2020-07-08,15,71
2020-07-08,16,79
2020-07-08,17,84
2020-07-08,18,45
2020-07-08,19,26
2020-07-08,20,16
2020-07-08,21,31
2020-07-08,22,17
2020-07-08,23,4
2020-07-09,0,2
2020-07-09,1,1
2020-07-09,2,1
2020-07-09,3,4
2020-07-09,4,1
2020-07-09,5,9
2020-07-09,6,36
2020-07-09,7,59
2020-07-09,8,53
2020-07-09,9,41
2020-07-09,10,53
2020-07-09,11,47
2020-07-09,12,38
2020-07-09,13,62
2020-07-09,14,91
2020-07-09,15,101
2020-07-09,16,46
2020-07-09,17,31
2020-07-09,18,22
2020-07-09,19,55
2020-07-09,20,42
2020-07-09,21,51
2020-07-09,22,52
2020-07-09,23,54
2020-07-10,0,28
2020-07-10,1,9
2020-07-10,2,0
2020-07-10,3,9
2020-07-10,4,11
2020-07-10,5,16
2020-07-10,6,35
2020-07-10,7,70
2020-07-10,8,58
2020-07-10,9,56
2020-07-10,10,40
2020-07-10,11,37
2020-07-10,12,55
2020-07-10,13,56
2020-07-10,14,46
2020-07-10,15,47
2020-07-10,16,47
2020-07-10,17,25
2020-07-10,18,50
2020-07-10,19,34
2020-07-10,20,21
2020-07-10,21,25
2020-07-10,22,42
2020-07-10,23,7
2020-07-11,0,3
2020-07-11,1,1
2020-07-11,2,12
2020-07-11,3,5
2020-07-11,4,3
2020-07-11,5,9
2020-07-11,6,26
2020-07-11,7,22
2020-07-11,8,20
2020-07-11,9,27
2020-07-11,10,34
2020-07-11,11,41
2020-07-11,12,60
2020-07-11,13,31
2020-07-11,14,67
2020-07-11,15,125
2020-07-11,16,89
2020-07-11,17,26
2020-07-11,18,64
2020-07-11,19,16
2020-07-11,20,25
2020-07-11,21,18
2020-07-11,22,34
2020-07-11,23,8
2020-07-12,0,20
2020-07-12,1,11
2020-07-12,2,33
2020-07-12,3,29
2020-07-12,4,26
2020-07-12,5,4
2020-07-12,6,13
2020-07-12,7,45
2020-07-12,8,22
2020-07-12,9,68
2020-07-12,10,39
2020-07-12,11,20
2020-07-12,12,22
2020-07-12,13,51
2020-07-12,14,38
2020-07-12,15,50
2020-07-12,16,26
2020-07-12,17,44
2020-07-12,18,36
2020-07-12,19,23
2020-07-12,20,30
2020-07-12,21,13
2020-07-12,22,19
2020-07-12,23,40
2020-07-13,0,64
2020-07-13,1,7
2020-07-13,2,1
2020-07-13,3,48
2020-07-13,4,75
2020-07-13,5,8
2020-07-13,6,38
2020-07-13,7,49
2020-07-13,8,45
2020-07-13,9,46
2020-07-13,10,41
2020-07-13,11,44
2020-07-13,12,38
2020-07-13,13,35
2020-07-13,14,65
2020-07-13,15,48
2020-07-13,16,36
2020-07-13,17,26
2020-07-13,18,21
2020-07-13,19,31
2020-07-13,20,22
2020-07-13,21,23
2020-07-13,22,17
2020-07-13,23,13
2020-07-14,0,2
2020-07-14,1,4
2020-07-14,2,0
2020-07-14,3,1
2020-07-14,4,2
2020-07-14,5,16
2020-07-14,6,29
2020-07-14,7,42
2020-07-14,8,37
2020-07-14,9,45
2020-07-14,10,23
2020-07-14,11,38
2020-07-14,12,47
2020-07-14,13,44
2020-07-14,14,37
2020-07-14,15,49
2020-07-14,16,36
2020-07-14,17,38
2020-07-14,18,24
2020-07-14,19,16
2020-07-14,20,34
2020-07-14,21,79
2020-07-14,22,10
2020-07-14,23,13
2020-07-15,0,8
2020-07-15,1,34
2020-07-15,2,34
2020-07-15,3,4
2020-07-15,4,9
2020-07-15,5,15
2020-07-15,6,31
2020-07-15,7,65
2020-07-15,8,61
2020-07-15,9,120
2020-07-15,10,83
2020-07-15,11,29
2020-07-15,12,37
2020-07-15,13,28
2020-07-15,14,31
2020-07-15,15,47
2020-07-15,16,56
2020-07-15,17,36
2020-07-15,18,34
2020-07-15,19,31
2020-07-15,20,19
2020-07-15,21,20
2020-07-15,22,54
2020-07-15,23,36
2020-07-16,0,4
2020-07-16,1,34
2020-07-16,2,59
2020-07-16,3,117
2020-07-16,4,75
2020-07-16,5,42
2020-07-16,6,30
2020-07-16,7,56
2020-07-16,8,86
2020-07-16,9,59
2020-07-16,10,47
2020-07-16,11,33
2020-07-16,12,39
2020-07-16,13,41
2020-07-16,14,51
2020-07-16,15,73
2020-07-16,16,129
2020-07-16,17,37
2020-07-16,18,47
2020-07-16,19,38
2020-07-16,20,52
2020-07-16,21,17
2020-07-16,22,10
2020-07-16,23,7
2020-07-17,0,3
2020-07-17,1,1
2020-07-17,2,2
2020-07-17,3,0
2020-07-17,4,17
2020-07-17,5,7
2020-07-17,6,25
2020-07-17,7,45
2020-07-17,8,56
2020-07-17,9,40
2020-07-17,10,44
2020-07-17,11,55
2020-07-17,12,51
2020-07-17,13,55
2020-07-17,14,63
2020-07-17,15,53
2020-07-17,16,31
2020-07-17,17,38
2020-07-17,18,42
2020-07-17,19,47
2020-07-17,20,22
2020-07-17,21,23
2020-07-17,22,18
2020-07-17,23,15
2020-07-18,0,11
2020-07-18,1,11
2020-07-18,2,2
2020-07-18,3,1
2020-07-18,4,2
2020-07-18,5,8
2020-07-18,6,27
2020-07-18,7,33
2020-07-18,8,19
2020-07-18,9,25
2020-07-18,10,31
2020-07-18,11,26
2020-07-18,12,35
2020-07-18,13,37
2020-07-18,14,38
2020-07-18,15,56
2020-07-18,16,35
2020-07-18,17,29
2020-07-18,18,115
2020-07-18,19,76
2020-07-18,20,90
2020-07-18,21,157
2020-07-18,22,91
2020-07-18,23,58
2020-07-19,0,34
2020-07-19,1,31
2020-07-19,2,41
2020-07-19,3,142
2020-07-19,4,27
2020-07-19,5,75
2020-07-19,6,67
2020-07-19,7,55
2020-07-19,8,86
2020-07-19,9,51
2020-07-19,10,97
2020-07-19,11,38
2020-07-19,12,98
2020-07-19,13,47
2020-07-19,14,46
2020-07-19,15,53
2020-07-19,16,28
2020-07-19,17,76
2020-07-19,18,39
2020-07-19,19,28
2020-07-19,20,40
2020-07-19,21,18
2020-07-19,22,14
2020-07-19,23,13
2020-07-20,0,4
2020-07-20,1,0
2020-07-20,2,2
2020-07-20,3,3
2020-07-20,4,5
2020-07-20,5,10
2020-07-20,6,23
2020-07-20,7,43
2020-07-20,8,42
2020-07-20,9,36
2020-07-20,10,50
2020-07-20,11,33
2020-07-20,12,61
2020-07-20,13,78
2020-07-20,14,90
2020-07-20,15,92
2020-07-20,16,57
2020-07-20,17,34
2020-07-20,18,28
2020-07-20,19,23
2020-07-20,20,24
2020-07-20,21,15
2020-07-20,22,65
2020-07-20,23,8
2020-07-21,0,4
2020-07-21,1,2
2020-07-21,2,80
2020-07-21,3,43
2020-07-21,4,60
2020-07-21,5,21
2020-07-21,6,43
2020-07-21,7,102
2020-07-21,8,43
2020-07-21,9,49
2020-07-21,10,53
2020-07-21,11,31
2020-07-21,12,28
2020-07-21,13,44
2020-07-21,14,49
2020-07-21,15,78
2020-07-21,16,54
2020-07-21,17,37
2020-07-21,18,31
2020-07-21,19,44
2020-07-21,20,61
2020-07-21,21,47
2020-07-21,22,15
2020-07-21,23,9
2020-07-22,0,3
2020-07-22,1,20
2020-07-22,2,90
2020-07-22,3,209
2020-07-22,4,15
2020-07-22,5,16
2020-07-22,6,48
2020-07-22,7,67
2020-07-22,8,67
2020-07-22,9,68
2020-07-22,10,68
2020-07-22,11,53
2020-07-22,12,48
2020-07-22,13,48
2020-07-22,14,49
2020-07-22,15,52
2020-07-22,16,48
2020-07-22,17,40
2020-07-22,18,36
2020-07-22,19,31
2020-07-22,20,27
2020-07-22,21,26
2020-07-22,22,31
2020-07-22,23,12
2020-07-23,0,0
2020-07-23,1,13
2020-07-23,2,8
2020-07-23,3,18
2020-07-23,4,21
2020-07-23,5,13
2020-07-23,6,39
2020-07-23,7,66
2020-07-23,8,52
2020-07-23,9,44
2020-07-23,10,52
2020-07-23,11,40
2020-07-23,12,44
2020-07-23,13,53
2020-07-23,14,62
2020-07-23,15,71
2020-07-23,16,58
2020-07-23,17,40
2020-07-23,18,36
2020-07-23,19,36
2020-07-23,20,40
2020-07-23,21,35
2020-07-23,22,26
2020-07-23,23,8
2020-07-24,0,12
2020-07-24,1,0
2020-07-24,2,0
2020-07-24,3,0
2020-07-24,4,12
2020-07-24,5,4
2020-07-24,6,35
2020-07-24,7,52
2020-07-24,8,57
2020-07-24,9,44
2020-07-24,10,52
2020-07-24,11,67
2020-07-24,12,61
2020-07-24,13,70
2020-07-24,14,52
2020-07-24,15,52
2020-07-24,16,44
2020-07-24,17,40
2020-07-24,18,52
2020-07-24,19,35
2020-07-24,20,36
2020-07-24,21,36
2020-07-24,22,43
2020-07-24,23,21
2020-07-25,0,8
2020-07-25,1,4
2020-07-25,2,0
2020-07-25,3,0
2020-07-25,4,0
2020-07-25,5,0
2020-07-25,6,21
2020-07-25,7,30
2020-07-25,8,40
2020-07-25,9,36
2020-07-25,10,36
2020-07-25,11,36
2020-07-25,12,44
2020-07-25,13,40
2020-07-25,14,48
2020-07-25,15,66
2020-07-25,16,49
2020-07-25,17,36
2020-07-25,18,53
2020-07-25,19,44
2020-07-25,20,48
2020-07-25,21,58
2020-07-25,22,48
2020-07-25,23,17
2020-07-26,0,13
2020-07-26,1,9
2020-07-26,2,17
2020-07-26,3,26
2020-07-26,4,8
2020-07-26,5,21
2020-07-26,6,26
2020-07-26,7,31
2020-07-26,8,44
2020-07-26,9,50
2020-07-26,10,52
2020-07-26,11,40
2020-07-26,12,64
2020-07-26,13,52
2020-07-26,14,40
2020-07-26,15,51
2020-07-26,16,35
2020-07-26,17,56
2020-07-26,18,39
2020-07-26,19,35
2020-07-26,20,40
2020-07-26,21,22
2020-07-26,22,12
2020-07-26,23,17
2020-07-27,0,14
2020-07-27,1,0
2020-07-27,2,17
2020-07-27,3,8
2020-07-27,4,13
2020-07-27,5,12
2020-07-27,6,31
2020-07-27,7,67
2020-07-27,8,62
2020-07-27,9,36
2020-07-27,10,48
2020-07-27,11,53
2020-07-27,12,49
2020-07-27,13,61
2020-07-27,14,67
2020-07-27,15,61
2020-07-27,16,53
2020-07-27,17,36
2020-07-27,18,31
2020-07-27,19,31
2020-07-27,20,21
2020-07-27,21,22
2020-07-27,22,28
2020-07-27,23,13
2020-07-28,0,4
2020-07-28,1,0
2020-07-28,2,13
2020-07-28,3,4
2020-07-28,4,8
2020-07-28,5,9
2020-07-28,6,31
2020-07-28,7,57
2020-07-28,8,48
2020-07-28,9,53
2020-07-28,10,52
2020-07-28,11,48
2020-07-28,12,44
2020-07-28,13,48
2020-07-28,14,48
2020-07-28,15,57
2020-07-28,16,52
2020-07-28,17,44
2020-07-28,18,36
2020-07-28,19,44
2020-07-28,20,53
2020-07-28,21,40
2020-07-28,22,16
2020-07-28,23,4
2020-07-29,0,13
2020-07-29,1,26
2020-07-29,2,38
2020-07-29,3,40
2020-07-29,4,13
2020-07-29,5,16
2020-07-29,6,52
2020-07-29,7,74
2020-07-29,8,66
2020-07-29,9,68
2020-07-29,10,72
2020-07-29,11,53
2020-07-29,12,52
2020-07-29,13,48
2020-07-29,14,49
2020-07-29,15,52
2020-07-29,16,49
2020-07-29,17,44
2020-07-29,18,31
2020-07-29,19,31
2020-07-29,20,22
2020-07-29,21,21
2020-07-29,22,31
2020-07-29,23,9
2020-07-30,0,0
2020-07-30,1,8
2020-07-30,2,12
2020-07-30,3,22
2020-07-30,4,12
2020-07-30,5,12
2020-07-30,6,39
2020-07-30,7,66
2020-07-30,8,52
2020-07-30,9,40
2020-07-30,10,62
2020-07-30,11,40
2020-07-30,12,48
2020-07-30,13,58
2020-07-30,14,67
2020-07-30,15,71
2020-07-30,16,62
2020-07-30,17,40
2020-07-30,18,40
2020-07-30,19,40
2020-07-30,20,40
2020-07-30,21,32
2020-07-30,22,27
2020-07-30,23,12
2020-07-31,0,13
2020-07-31,1,0
2020-07-31,2,0
2020-07-31,3,0
2020-07-31,4,16
2020-07-31,5,12
2020-07-31,6,35
2020-07-31,7,57
2020-07-31,8,57
2020-07-31,9,52
2020-07-31,10,48
2020-07-31,11,58
2020-07-31,12,52
2020-07-31,13,48
2020-07-31,14,44
2020-07-31,15,36
2020-07-31,16,31
2020-07-31,17,36
2020-07-31,18,48
2020-07-31,19,31
2020-07-31,20,36
2020-07-31,21,40
2020-07-31,22,41
2020-07-31,23,22
2020-08-01,0,17
2020-08-01,1,4
2020-08-01,2,0
2020-08-01,3,4
2020-08-01,4,4
2020-08-01,5,8
2020-08-01,6,22
2020-08-01,7,35
2020-08-01,8,40
2020-08-01,9,40
2020-08-01,10,40
2020-08-01,11,40
2020-08-01,12,44
2020-08-01,13,36
2020-08-01,14,44
2020-08-01,15,57
2020-08-01,16,49
2020-08-01,17,36
2020-08-01,18,62
2020-08-01,19,44
2020-08-01,20,53
2020-08-01,21,66
2020-08-01,22,52
2020-08-01,23,26
2020-08-02,0,13
2020-08-02,1,9
2020-08-02,2,16
2020-08-02,3,30
2020-08-02,4,12
2020-08-02,5,21
2020-08-02,6,22
2020-08-02,7,31
2020-08-02,8,40
2020-08-02,9,50
2020-08-02,10,48
2020-08-02,11,40
2020-08-02,12,57
2020-08-02,13,52
2020-08-02,14,40
2020-08-02,15,50
2020-08-02,16,44
2020-08-02,17,53
2020-08-02,18,36
2020-08-02,19,36
2020-08-02,20,41
2020-08-02,21,26
2020-08-02,22,12
2020-08-02,23,17
2020-08-03,0,9
2020-08-03,1,0
2020-08-03,2,13
2020-08-03,3,8
2020-08-03,4,8
2020-08-03,5,12
2020-08-03,6,35
2020-08-03,7,71
2020-08-03,8,62
2020-08-03,9,40
2020-08-03,10,48
2020-08-03,11,52
2020-08-03,12,53
2020-08-03,13,61
2020-08-03,14,62
2020-08-03,15,61
2020-08-03,16,48
2020-08-03,17,32
2020-08-03,18,31
2020-08-03,19,31
2020-08-03,20,22
2020-08-03,21,23
2020-08-03,22,28
2020-08-03,23,13
2020-08-04,0,8
2020-08-04,1,0
2020-08-04,2,17
2020-08-04,3,4
2020-08-04,4,12
2020-08-04,5,9
2020-08-04,6,43
2020-08-04,7,66
2020-08-04,8,56
2020-08-04,9,57
2020-08-04,10,52
2020-08-04,11,49
2020-08-04,12,52
2020-08-04,13,44
2020-08-04,14,52
2020-08-04,15,62
2020-08-04,16,48
2020-08-04,17,36
2020-08-04,18,40
2020-08-04,19,48
2020-08-04,20,66
2020-08-04,21,40
2020-08-04,22,16
2020-08-04,23,4
2020-08-05,0,12
2020-08-05,1,31
2020-08-05,2,31
2020-08-05,3,52
2020-08-05,4,17
2020-08-05,5,16
2020-08-05,6,48
2020-08-05,7,62
2020-08-05,8,71
2020-08-05,9,67
2020-08-05,10,63
2020-08-05,11,57
2020-08-05,12,37
2020-08-05,13,76
2020-08-05,14,66
2020-08-05,15,70
2020-08-05,16,62
2020-08-05,17,67
2020-08-05,18,87
2020-08-05,19,59
2020-08-05,20,40
2020-08-05,21,23
2020-08-05,22,29
2020-08-05,23,58
2020-08-06,0,8
2020-08-06,1,6
2020-08-06,2,0
2020-08-06,3,1
2020-08-06,4,1
2020-08-06,5,12
2020-08-06,6,32
2020-08-06,7,55
2020-08-06,8,55
2020-08-06,9,53
2020-08-06,10,56
2020-08-06,11,37
2020-08-06,12,38
2020-08-06,13,73
2020-08-06,14,62
2020-08-06,15,67
2020-08-06,16,71
2020-08-06,17,33
2020-08-06,18,46
2020-08-06,19,57
2020-08-06,20,100
2020-08-06,21,25
2020-08-06,22,43
2020-08-06,23,10
2020-08-07,0,2
2020-08-07,1,37
2020-08-07,2,65
2020-08-07,3,78
2020-08-07,4,101
2020-08-07,5,39
2020-08-07,6,118
2020-08-07,7,112
2020-08-07,8,51
2020-08-07,9,52
2020-08-07,10,36
2020-08-07,11,62
2020-08-07,12,62
2020-08-07,13,52
2020-08-07,14,52
2020-08-07,15,48
2020-08-07,16,48
2020-08-07,17,40
2020-08-07,18,52
2020-08-07,19,36
2020-08-07,20,36
2020-08-07,21,32
2020-08-07,22,39
2020-08-07,23,21
2020-08-08,0,4
2020-08-08,1,4
2020-08-08,2,0
2020-08-08,3,0
2020-08-08,4,4
2020-08-08,5,8
2020-08-08,6,22
2020-08-08,7,39
2020-08-08,8,40
2020-08-08,9,36
2020-08-08,10,36
2020-08-08,11,44
2020-08-08,12,48
2020-08-08,13,40
2020-08-08,14,44
2020-08-08,15,56
2020-08-08,16,44
2020-08-08,17,32
2020-08-08,18,57
2020-08-08,19,40
2020-08-08,20,48
2020-08-08,21,58
2020-08-08,22,48
2020-08-08,23,17
2020-08-09,0,17
2020-08-09,1,9
2020-08-09,2,17
2020-08-09,3,25
2020-08-09,4,8
2020-08-09,5,13
2020-08-09,6,22
2020-08-09,7,31
2020-08-09,8,40
2020-08-09,9,54
2020-08-09,10,43
2020-08-09,11,39
2020-08-09,12,61
2020-08-09,13,50
2020-08-09,14,43
2020-08-09,15,54
2020-08-09,16,40
2020-08-09,17,53
2020-08-09,18,39
2020-08-09,19,35
2020-08-09,20,41
2020-08-09,21,22
2020-08-09,22,12
2020-08-09,23,13
2020-08-10,0,9
2020-08-10,1,4
2020-08-10,2,13
2020-08-10,3,8
2020-08-10,4,4
2020-08-10,5,17
2020-08-10,6,35
2020-08-10,7,72
2020-08-10,8,62
2020-08-10,9,40
2020-08-10,10,48
2020-08-10,11,48
2020-08-10,12,53
2020-08-10,13,62
2020-08-10,14,71
2020-08-10,15,70
2020-08-10,16,53
2020-08-10,17,40
2020-08-10,18,40
2020-08-10,19,32
2020-08-10,20,22
2020-08-10,21,23
2020-08-10,22,28
2020-08-10,23,13
2020-08-11,0,4
2020-08-11,1,4
2020-08-11,2,21
2020-08-11,3,8
2020-08-11,4,9
2020-08-11,5,14
2020-08-11,6,35
2020-08-11,7,67
2020-08-11,8,49
2020-08-11,9,54
2020-08-11,10,52
2020-08-11,11,44
2020-08-11,12,51
2020-08-11,13,43
2020-08-11,14,42
2020-08-11,15,57
2020-08-11,16,68
2020-08-11,17,50
2020-08-11,18,40
2020-08-11,19,51
2020-08-11,20,61
2020-08-11,21,40
2020-08-11,22,16
2020-08-11,23,8
2020-08-12,0,13
2020-08-12,1,27
2020-08-12,2,39
2020-08-12,3,47
2020-08-12,4,18
2020-08-12,5,16
2020-08-12,6,53
2020-08-12,7,76
2020-08-12,8,67
2020-08-12,9,72
2020-08-12,10,64
2020-08-12,11,57
2020-08-12,12,53
2020-08-12,13,52
2020-08-12,14,57
2020-08-12,15,52
2020-08-12,16,57
2020-08-12,17,48
2020-08-12,18,44
2020-08-12,19,44
2020-08-12,20,31
2020-08-12,21,31
2020-08-12,22,30
2020-08-12,23,30
2020-08-13,0,0
2020-08-13,1,12
2020-08-13,2,4
2020-08-13,3,13
2020-08-13,4,16
2020-08-13,5,21
2020-08-13,6,35
2020-08-13,7,62
2020-08-13,8,52
2020-08-13,9,53
2020-08-13,10,56
2020-08-13,11,48
2020-08-13,12,40
2020-08-13,13,57
2020-08-13,14,53
2020-08-13,15,67
2020-08-13,16,67
2020-08-13,17,40
2020-08-13,18,40
2020-08-13,19,44
2020-08-13,20,44
2020-08-13,21,30
2020-08-13,22,30
2020-08-13,23,12
2020-08-14,0,13
2020-08-14,1,4
2020-08-14,2,4
2020-08-14,3,17
2020-08-14,4,30
2020-08-14,5,13
2020-08-14,6,52
2020-08-14,7,71
2020-08-14,8,67
2020-08-14,9,57
2020-08-14,10,52
2020-08-14,11,66
2020-08-14,12,57
2020-08-14,13,56
2020-08-14,14,52
2020-08-14,15,57
2020-08-14,16,48
2020-08-14,17,36
2020-08-14,18,52
2020-08-14,19,32
2020-08-14,20,40
2020-08-14,21,40
2020-08-14,22,39
2020-08-14,23,26
2020-08-15,0,8
2020-08-15,1,4
2020-08-15,2,4
2020-08-15,3,0
2020-08-15,4,4
2020-08-15,5,4
2020-08-15,6,22
2020-08-15,7,34
2020-08-15,8,41
2020-08-15,9,40
2020-08-15,10,40
2020-08-15,11,44
2020-08-15,12,44
2020-08-15,13,40
2020-08-15,14,44
2020-08-15,15,56
2020-08-15,16,44
2020-08-15,17,32
2020-08-15,18,61
2020-08-15,19,40
2020-08-15,20,40
2020-08-15,21,61
2020-08-15,22,48
2020-08-15,23,22
2020-08-16,0,9
2020-08-16,1,4
2020-08-16,2,17
2020-08-16,3,18
2020-08-16,4,8
2020-08-16,5,26
2020-08-16,6,22
2020-08-16,7,31
2020-08-16,8,48
2020-08-16,9,50
2020-08-16,10,53
2020-08-16,11,36
2020-08-16,12,57
2020-08-16,13,52
2020-08-16,14,44
2020-08-16,15,54
2020-08-16,16,36
2020-08-16,17,53
2020-08-16,18,44
2020-08-16,19,36
2020-08-16,20,37
2020-08-16,21,22
2020-08-16,22,12
2020-08-16,23,13
2020-08-17,0,13
2020-08-17,1,0
2020-08-17,2,17
2020-08-17,3,8
2020-08-17,4,4
2020-08-17,5,12
2020-08-17,6,31
2020-08-17,7,75
2020-08-17,8,66
2020-08-17,9,44
2020-08-17,10,53
2020-08-17,11,52
2020-08-17,12,53
2020-08-17,13,61
2020-08-17,14,63
2020-08-17,15,61
2020-08-17,16,52
2020-08-17,17,32
2020-08-17,18,31
2020-08-17,19,36
2020-08-17,20,22
2020-08-17,21,23
2020-08-17,22,27
2020-08-17,23,13
2020-08-18,0,4
2020-08-18,1,0
2020-08-18,2,17
2020-08-18,3,4
2020-08-18,4,9
2020-08-18,5,9
2020-08-18,6,39
2020-08-18,7,72
2020-08-18,8,49
2020-08-18,9,63
2020-08-18,10,57
2020-08-18,11,52
2020-08-18,12,48
2020-08-18,13,44
2020-08-18,14,52
2020-08-18,15,64
2020-08-18,16,62
2020-08-18,17,48
2020-08-18,18,41
2020-08-18,19,48
2020-08-18,20,62
2020-08-18,21,40
2020-08-18,22,16
2020-08-18,23,4
2020-08-19,0,8
2020-08-19,1,32
2020-08-19,2,38
2020-08-19,3,38
2020-08-19,4,13
2020-08-19,5,16
2020-08-19,6,57
2020-08-19,7,76
2020-08-19,8,71
2020-08-19,9,72
2020-08-19,10,68
2020-08-19,11,54
2020-08-19,12,128
2020-08-19,13,109
2020-08-19,14,94
2020-08-19,15,97
2020-08-19,16,70
2020-08-19,17,56
2020-08-19,18,39
2020-08-19,19,105
2020-08-19,20,44
2020-08-19,21,110
2020-08-19,22,24
2020-08-19,23,48
2020-08-20,0,116
2020-08-20,1,1
2020-08-20,2,1
2020-08-20,3,2
2020-08-20,4,7
2020-08-20,5,11
2020-08-20,6,44
2020-08-20,7,77
2020-08-20,8,119
2020-08-20,9,44
2020-08-20,10,54
2020-08-20,11,48
2020-08-20,12,49
2020-08-20,13,49
2020-08-20,14,76
2020-08-20,15,95
2020-08-20,16,95
2020-08-20,17,59
2020-08-20,18,54
2020-08-20,19,38
2020-08-20,20,22
2020-08-20,21,26
2020-08-20,22,7
2020-08-20,23,16
2020-08-21,0,13
2020-08-21,1,2
2020-08-21,2,3
2020-08-21,3,2
2020-08-21,4,18
2020-08-21,5,9
2020-08-21,6,41
2020-08-21,7,94
2020-08-21,8,76
2020-08-21,9,48
2020-08-21,10,66
2020-08-21,11,93
2020-08-21,12,76
2020-08-21,13,68
2020-08-21,14,58
2020-08-21,15,53
2020-08-21,16,54
2020-08-21,17,52
2020-08-21,18,65
2020-08-21,19,49
2020-08-21,20,59
2020-08-21,21,35
2020-08-21,22,20
2020-08-21,23,18
2020-08-22,0,25
2020-08-22,1,31
2020-08-22,2,0
2020-08-22,3,6
2020-08-22,4,25
2020-08-22,5,26
2020-08-22,6,14
2020-08-22,7,44
2020-08-22,8,40
2020-08-22,9,31
2020-08-22,10,31
2020-08-22,11,45
2020-08-22,12,50
2020-08-22,13,61
2020-08-22,14,51
2020-08-22,15,64
2020-08-22,16,42
2020-08-22,17,60
2020-08-22,18,55
2020-08-22,19,29
2020-08-22,20,41
2020-08-22,21,29
2020-08-22,22,19
2020-08-22,23,20
2020-08-23,0,6
2020-08-23,1,3
2020-08-23,2,13
2020-08-23,3,17
2020-08-23,4,8
2020-08-23,5,30
2020-08-23,6,21
2020-08-23,7,27
2020-08-23,8,40
2020-08-23,9,49
2020-08-23,10,39
2020-08-23,11,44
2020-08-23,12,51
2020-08-23,13,46
2020-08-23,14,50
2020-08-23,15,38
2020-08-23,16,32
2020-08-23,17,28
2020-08-23,18,22
2020-08-23,19,19
2020-08-23,20,41
2020-08-23,21,30
2020-08-23,22,15
2020-08-23,23,12
2020-08-24,0,4
2020-08-24,1,1
2020-08-24,2,3
2020-08-24,3,1
2020-08-24,4,7
2020-08-24,5,24
2020-08-24,6,54
2020-08-24,7,65
2020-08-24,8,58
2020-08-24,9,46
2020-08-24,10,67
2020-08-24,11,48
2020-08-24,12,71
2020-08-24,13,49
2020-08-24,14,66
2020-08-24,15,57
2020-08-24,16,56
2020-08-24,17,43
2020-08-24,18,52
2020-08-24,19,43
2020-08-24,20,28
2020-08-24,21,30
2020-08-24,22,16
2020-08-24,23,12
2020-08-25,0,3
2020-08-25,1,2
2020-08-25,2,2
2020-08-25,3,9
2020-08-25,4,7
2020-08-25,5,12
2020-08-25,6,40
2020-08-25,7,65
2020-08-25,8,55
2020-08-25,9,61
2020-08-25,10,55
2020-08-25,11,70
2020-08-25,12,77
2020-08-25,13,45
2020-08-25,14,52
2020-08-25,15,68
2020-08-25,16,71
2020-08-25,17,67
2020-08-25,18,67
2020-08-25,19,52
2020-08-25,20,23
2020-08-25,21,20
2020-08-25,22,18
2020-08-25,23,9
2020-08-26,0,3
2020-08-26,1,6
2020-08-26,2,2
2020-08-26,3,0
2020-08-26,4,11
2020-08-26,5,13
2020-08-26,6,42
2020-08-26,7,71
2020-08-26,8,92
2020-08-26,9,69
2020-08-26,10,41
2020-08-26,11,58
2020-08-26,12,75
2020-08-26,13,53
2020-08-26,14,67
2020-08-26,15,65
2020-08-26,16,96
2020-08-26,17,64
2020-08-26,18,56
2020-08-26,19,77
2020-08-26,20,122
2020-08-26,21,190
2020-08-26,22,21
2020-08-26,23,34
2020-08-27,0,5
2020-08-27,1,4
2020-08-27,2,20
2020-08-27,3,7
2020-08-27,4,7
2020-08-27,5,11
2020-08-27,6,41
2020-08-27,7,55
2020-08-27,8,74
2020-08-27,9,45
2020-08-27,10,57
2020-08-27,11,94
2020-08-27,12,101
2020-08-27,13,70
2020-08-27,14,86
2020-08-27,15,91
2020-08-27,16,86
2020-08-27,17,69
2020-08-27,18,74
2020-08-27,19,116
2020-08-27,20,131
2020-08-27,21,65
2020-08-27,22,36
2020-08-27,23,34
2020-08-28,0,3
2020-08-28,1,3
2020-08-28,2,5
2020-08-28,3,3
2020-08-28,4,11
2020-08-28,5,11
2020-08-28,6,36
2020-08-28,7,62
2020-08-28,8,49
2020-08-28,9,73
2020-08-28,10,66
2020-08-28,11,48
2020-08-28,12,68
2020-08-28,13,70
2020-08-28,14,82
2020-08-28,15,87
2020-08-28,16,128
2020-08-28,17,59
2020-08-28,18,122
2020-08-28,19,98
2020-08-28,20,70
2020-08-28,21,44
2020-08-28,22,55
2020-08-28,23,107
2020-08-29,0,21
2020-08-29,1,10
2020-08-29,2,24
2020-08-29,3,43
2020-08-29,4,10
2020-08-29,5,19
2020-08-29,6,36
2020-08-29,7,45
2020-08-29,8,68
2020-08-29,9,55
2020-08-29,10,42
2020-08-29,11,48
2020-08-29,12,46
2020-08-29,13,51
2020-08-29,14,71
2020-08-29,15,64
2020-08-29,16,54
2020-08-29,17,52
2020-08-29,18,44
2020-08-29,19,72
2020-08-29,20,86
2020-08-29,21,126
2020-08-29,22,40
2020-08-29,23,100
2020-08-30,0,88
2020-08-30,1,66
2020-08-30,2,53
2020-08-30,3,53
2020-08-30,4,88
2020-08-30,5,22
2020-08-30,6,92
2020-08-30,7,82
2020-08-30,8,57
2020-08-30,9,58
2020-08-30,10,52
2020-08-30,11,64
2020-08-30,12,30
2020-08-30,13,31
2020-08-30,14,34
2020-08-30,15,41
2020-08-30,16,58
2020-08-30,17,108
2020-08-30,18,54
2020-08-30,19,72
2020-08-30,20,53
2020-08-30,21,69
2020-08-30,22,51
2020-08-30,23,22
2020-08-31,0,5
2020-08-31,1,3
2020-08-31,2,5
2020-08-31,3,8
2020-08-31,4,8
2020-08-31,5,17
2020-08-31,6,47
2020-08-31,7,65
2020-08-31,8,72
2020-08-31,9,62
2020-08-31,10,63
2020-08-31,11,76
2020-08-31,12,44
2020-08-31,13,73
2020-08-31,14,85
2020-08-31,15,63
2020-08-31,16,71
2020-08-31,17,88
2020-08-31,18,62
2020-08-31,19,42
2020-08-31,20,50
2020-08-31,21,19
2020-08-31,22,138
2020-08-31,23,13
2020-09-01,0,21
2020-09-01,1,8
2020-09-01,2,116
2020-09-01,3,10
2020-09-01,4,32
2020-09-01,5,23
2020-09-01,6,39
2020-09-01,7,66
2020-09-01,8,57
2020-09-01,9,63
2020-09-01,10,48
2020-09-01,11,56
2020-09-01,12,47
2020-09-01,13,44
2020-09-01,14,39
2020-09-01,15,68
2020-09-01,16,62
2020-09-01,17,44
2020-09-01,18,35
2020-09-01,19,44
2020-09-01,20,48
2020-09-01,21,40
2020-09-01,22,16
2020-09-01,23,8
2020-09-02,0,8
2020-09-02,1,17
2020-09-02,2,30
2020-09-02,3,34
2020-09-02,4,17
2020-09-02,5,16
2020-09-02,6,48
2020-09-02,7,76
2020-09-02,8,75
2020-09-02,9,72
2020-09-02,10,54
2020-09-02,11,57
2020-09-02,12,63
2020-09-02,13,93
2020-09-02,14,87
2020-09-02,15,96
2020-09-02,16,77
2020-09-02,17,63
2020-09-02,18,55
2020-09-02,19,95
2020-09-02,20,45
2020-09-02,21,113
2020-09-02,22,25
2020-09-02,23,96
2020-09-03,0,33
2020-09-03,1,41
2020-09-03,2,4
2020-09-03,3,13
2020-09-03,4,8
2020-09-03,5,12
2020-09-03,6,31
2020-09-03,7,67
2020-09-03,8,66
2020-09-03,9,45
2020-09-03,10,53
2020-09-03,11,52
2020-09-03,12,57
2020-09-03,13,57
2020-09-03,14,57
2020-09-03,15,79
2020-09-03,16,67
2020-09-03,17,48
2020-09-03,18,48
2020-09-03,19,52
2020-09-03,20,57
2020-09-03,21,32
2020-09-03,22,30
2020-09-03,23,17
2020-09-04,0,8
2020-09-04,1,0
2020-09-04,2,4
2020-09-04,3,12
2020-09-04,4,14
2020-09-04,5,16
2020-09-04,6,44
2020-09-04,7,76
2020-09-04,8,57
2020-09-04,9,58
2020-09-04,10,52
2020-09-04,11,62
2020-09-04,12,57
2020-09-04,13,62
2020-09-04,14,57
2020-09-04,15,66
2020-09-04,16,66
2020-09-04,17,40
2020-09-04,18,71
2020-09-04,19,44
2020-09-04,20,45
2020-09-04,21,36
2020-09-04,22,35
2020-09-04,23,40
2020-09-05,0,13
2020-09-05,1,9
2020-09-05,2,8
2020-09-05,3,4
2020-09-05,4,8
2020-09-05,5,12
2020-09-05,6,16
2020-09-05,7,40
2020-09-05,8,44
2020-09-05,9,40
2020-09-05,10,36
2020-09-05,11,44
2020-09-05,12,44
2020-09-05,13,44
2020-09-05,14,61
2020-09-05,15,58
2020-09-05,16,57
2020-09-05,17,40
2020-09-05,18,58
2020-09-05,19,40
2020-09-05,20,52
2020-09-05,21,65
2020-09-05,22,39
2020-09-05,23,44
2020-09-06,0,30
2020-09-06,1,14
2020-09-06,2,13
2020-09-06,3,17
2020-09-06,4,22
2020-09-06,5,12
2020-09-06,6,35
2020-09-06,7,35
2020-09-06,8,40
2020-09-06,9,49
2020-09-06,10,44
2020-09-06,11,36
2020-09-06,12,53
2020-09-06,13,52
2020-09-06,14,36
2020-09-06,15,45
2020-09-06,16,44
2020-09-06,17,57
2020-09-06,18,40
2020-09-06,19,40
2020-09-06,20,49
2020-09-06,21,30
2020-09-06,22,21
2020-09-06,23,22
2020-09-07,0,8
2020-09-07,1,0
2020-09-07,2,8
2020-09-07,3,4
2020-09-07,4,8
2020-09-07,5,17
2020-09-07,6,40
2020-09-07,7,71
2020-09-07,8,62
2020-09-07,9,49
2020-09-07,10,56
2020-09-07,11,48
2020-09-07,12,53
2020-09-07,13,62
2020-09-07,14,65
2020-09-07,15,56
2020-09-07,16,53
2020-09-07,17,44
2020-09-07,18,36
2020-09-07,19,36
2020-09-07,20,26
2020-09-07,21,22
2020-09-07,22,40
2020-09-07,23,13
2020-09-08,0,4
2020-09-08,1,0
2020-09-08,2,31
2020-09-08,3,8
2020-09-08,4,13
2020-09-08,5,17
2020-09-08,6,40
2020-09-08,7,71
2020-09-08,8,57
2020-09-08,9,63
2020-09-08,10,48
2020-09-08,11,48
2020-09-08,12,48
2020-09-08,13,44
2020-09-08,14,52
2020-09-08,15,52
2020-09-08,16,62
2020-09-08,17,44
2020-09-08,18,35
2020-09-08,19,48
2020-09-08,20,54
2020-09-08,21,32
2020-09-08,22,16
2020-09-08,23,4
2020-09-09,0,8
2020-09-09,1,22
2020-09-09,2,35
2020-09-09,3,39
2020-09-09,4,13
2020-09-09,5,16
2020-09-09,6,48
2020-09-09,7,76
2020-09-09,8,79
2020-09-09,9,72
2020-09-09,10,54
2020-09-09,11,57
2020-09-09,12,66
2020-09-09,13,58
2020-09-09,14,57
2020-09-09,15,57
2020-09-09,16,57
2020-09-09,17,48
2020-09-09,18,36
2020-09-09,19,66
2020-09-09,20,48
2020-09-09,21,70
2020-09-09,22,17
2020-09-09,23,52
2020-09-10,0,26
2020-09-10,1,0
2020-09-10,2,8
2020-09-10,3,8
2020-09-10,4,12
2020-09-10,5,16
2020-09-10,6,39
2020-09-10,7,62
2020-09-10,8,67
2020-09-10,9,45
2020-09-10,10,56
2020-09-10,11,48
2020-09-10,12,57
2020-09-10,13,53
2020-09-10,14,53
2020-09-10,15,70
2020-09-10,16,67
2020-09-10,17,49
2020-09-10,18,48
2020-09-10,19,52
2020-09-10,20,58
2020-09-10,21,28
2020-09-10,22,25
2020-09-10,23,17
2020-09-11,0,8
2020-09-11,1,4
2020-09-11,2,4
2020-09-11,3,17
2020-09-11,4,18
2020-09-11,5,16
2020-09-11,6,48
2020-09-11,7,76
2020-09-11,8,61
2020-09-11,9,67
2020-09-11,10,52
2020-09-11,11,61
2020-09-11,12,57
2020-09-11,13,57
2020-09-11,14,67
2020-09-11,15,66
2020-09-11,16,62
2020-09-11,17,44
2020-09-11,18,75
2020-09-11,19,49
2020-09-11,20,44
2020-09-11,21,36
2020-09-11,22,35
2020-09-11,23,44
2020-09-12,0,8
2020-09-12,1,8
2020-09-12,2,8
2020-09-12,3,4
2020-09-12,4,4
2020-09-12,5,13
2020-09-12,6,22
2020-09-12,7,40
2020-09-12,8,44
2020-09-12,9,36
2020-09-12,10,36
2020-09-12,11,40
2020-09-12,12,52
2020-09-12,13,53
2020-09-12,14,49
2020-09-12,15,57
2020-09-12,16,52
2020-09-12,17,40
2020-09-12,18,61
2020-09-12,19,52
2020-09-12,20,48
2020-09-12,21,61
2020-09-12,22,44
2020-09-12,23,35
2020-09-13,0,26
2020-09-13,1,18
2020-09-13,2,21
2020-09-13,3,22
2020-09-13,4,31
2020-09-13,5,17
2020-09-13,6,35
2020-09-13,7,36
2020-09-13,8,40
2020-09-13,9,45
2020-09-13,10,48
2020-09-13,11,40
2020-09-13,12,49
2020-09-13,13,48
2020-09-13,14,36
2020-09-13,15,54
2020-09-13,16,44
2020-09-13,17,61
2020-09-13,18,40
2020-09-13,19,36
2020-09-13,20,41
2020-09-13,21,31
2020-09-13,22,21
2020-09-13,23,12
2020-09-14,0,4
2020-09-14,1,0
2020-09-14,2,9
2020-09-14,3,4
2020-09-14,4,4
2020-09-14,5,17
2020-09-14,6,44
2020-09-14,7,71
2020-09-14,8,62
2020-09-14,9,48
2020-09-14,10,52
2020-09-14,11,53
2020-09-14,12,49
2020-09-14,13,62
2020-09-14,14,62
2020-09-14,15,57
2020-09-14,16,53
2020-09-14,17,40
2020-09-14,18,36
2020-09-14,19,36
2020-09-14,20,26
2020-09-14,21,17
2020-09-14,22,40
2020-09-14,23,13
2020-09-15,0,4
2020-09-15,1,0
2020-09-15,2,35
2020-09-15,3,8
2020-09-15,4,13
2020-09-15,5,13
2020-09-15,6,44
2020-09-15,7,71
2020-09-15,8,58
2020-09-15,9,58
2020-09-15,10,52
2020-09-15,11,53
2020-09-15,12,44
2020-09-15,13,40
2020-09-15,14,52
2020-09-15,15,52
2020-09-15,16,57
2020-09-15,17,49
2020-09-15,18,36
2020-09-15,19,40
2020-09-15,20,53
2020-09-15,21,35
2020-09-15,22,16
2020-09-15,23,4
2020-09-16,0,12
2020-09-16,1,18
2020-09-16,2,39
2020-09-16,3,34
2020-09-16,4,13
2020-09-16,5,16
2020-09-16,6,44
2020-09-16,7,72
2020-09-16,8,76
2020-09-16,9,76
2020-09-16,10,63
2020-09-16,11,53
2020-09-16,12,71
2020-09-16,13,58
2020-09-16,14,57
2020-09-16,15,62
2020-09-16,16,62
2020-09-16,17,48
2020-09-16,18,40
2020-09-16,19,67
2020-09-16,20,44
2020-09-16,21,70
2020-09-16,22,17
2020-09-16,23,40
2020-09-17,0,26
2020-09-17,1,4
2020-09-17,2,12
2020-09-17,3,8
2020-09-17,4,12
2020-09-17,5,21
2020-09-17,6,39
2020-09-17,7,62
2020-09-17,8,71
2020-09-17,9,57
2020-09-17,10,75
2020-09-17,11,57
2020-09-17,12,57
2020-09-17,13,53
2020-09-17,14,54
2020-09-17,15,71
2020-09-17,16,67
2020-09-17,17,48
2020-09-17,18,48
2020-09-17,19,52
2020-09-17,20,58
2020-09-17,21,31
2020-09-17,22,21
2020-09-17,23,18
2020-09-18,0,4
2020-09-18,1,4
2020-09-18,2,4
2020-09-18,3,17
2020-09-18,4,21
2020-09-18,5,16
2020-09-18,6,48
2020-09-18,7,80
2020-09-18,8,68
2020-09-18,9,61
2020-09-18,10,52
2020-09-18,11,62
2020-09-18,12,61
2020-09-18,13,62
2020-09-18,14,58
2020-09-18,15,58
2020-09-18,16,62
2020-09-18,17,44
2020-09-18,18,71
2020-09-18,19,49
2020-09-18,20,44
2020-09-18,21,35
2020-09-18,22,35
2020-09-18,23,39
2020-09-19,0,12
2020-09-19,1,13
2020-09-19,2,8
2020-09-19,3,9
2020-09-19,4,8
2020-09-19,5,8
2020-09-19,6,16
2020-09-19,7,39
2020-09-19,8,44
2020-09-19,9,40
2020-09-19,10,36
2020-09-19,11,40
2020-09-19,12,44
2020-09-19,13,40
2020-09-19,14,53
2020-09-19,15,48
2020-09-19,16,48
2020-09-19,17,40
2020-09-19,18,49
2020-09-19,19,48
2020-09-19,20,48
2020-09-19,21,70
2020-09-19,22,40
2020-09-19,23,27
2020-09-20,0,30
2020-09-20,1,18
2020-09-20,2,21
2020-09-20,3,31
2020-09-20,4,27
2020-09-20,5,22
2020-09-20,6,35
2020-09-20,7,40
2020-09-20,8,40
2020-09-20,9,45
2020-09-20,10,52
2020-09-20,11,40
2020-09-20,12,49
2020-09-20,13,48
2020-09-20,14,40
2020-09-20,15,45
2020-09-20,16,44
2020-09-20,17,57
2020-09-20,18,44
2020-09-20,19,36
2020-09-20,20,41
2020-09-20,21,30
2020-09-20,22,21
2020-09-20,23,12
2020-09-21,0,4
2020-09-21,1,0
2020-09-21,2,9
2020-09-21,3,8
2020-09-21,4,4
2020-09-21,5,17
2020-09-21,6,44
2020-09-21,7,75
2020-09-21,8,62
2020-09-21,9,44
2020-09-21,10,52
2020-09-21,11,48
2020-09-21,12,49
2020-09-21,13,57
2020-09-21,14,65
2020-09-21,15,56
2020-09-21,16,53
2020-09-21,17,40
2020-09-21,18,40
2020-09-21,19,35
2020-09-21,20,21
2020-09-21,21,21
2020-09-21,22,40
2020-09-21,23,13
2020-09-22,0,4
2020-09-22,1,0
2020-09-22,2,31
2020-09-22,3,8
2020-09-22,4,13
2020-09-22,5,13
2020-09-22,6,40
2020-09-22,7,79
2020-09-22,8,62
2020-09-22,9,63
2020-09-22,10,48
2020-09-22,11,53
2020-09-22,12,49
2020-09-22,13,44
2020-09-22,14,48
2020-09-22,15,53
2020-09-22,16,57
2020-09-22,17,49
2020-09-22,18,44
2020-09-22,19,48
2020-09-22,20,53
2020-09-22,21,39
2020-09-22,22,16
2020-09-22,23,4
2020-09-23,0,8
2020-09-23,1,17
2020-09-23,2,30
2020-09-23,3,43
2020-09-23,4,13
2020-09-23,5,16
2020-09-23,6,65
2020-09-23,7,75
2020-09-23,8,75
2020-09-23,9,72
2020-09-23,10,60
2020-09-23,11,52
2020-09-23,12,70
2020-09-23,13,58
2020-09-23,14,57
2020-09-23,15,62
2020-09-23,16,67
2020-09-23,17,48
2020-09-23,18,48
2020-09-23,19,67
2020-09-23,20,48
2020-09-23,21,66
2020-09-23,22,21
2020-09-23,23,39
2020-09-24,0,21
2020-09-24,1,0
2020-09-24,2,0
2020-09-24,3,8
2020-09-24,4,12
2020-09-24,5,21
2020-09-24,6,36
2020-09-24,7,62
2020-09-24,8,66
2020-09-24,9,48
2020-09-24,10,48
2020-09-24,11,52
2020-09-24,12,57
2020-09-24,13,53
2020-09-24,14,59
2020-09-24,15,75
2020-09-24,16,71
2020-09-24,17,48
2020-09-24,18,44
2020-09-24,19,52
2020-09-24,20,58
2020-09-24,21,31
2020-09-24,22,21
2020-09-24,23,17
2020-09-25,0,4
2020-09-25,12,62
2020-09-25,13,61
2020-09-25,14,57
2020-09-25,15,58
2020-09-25,16,62
2020-09-25,17,44
2020-09-25,18,67
2020-09-25,19,49
2020-09-25,20,44
2020-09-25,21,36
2020-09-25,22,30
2020-09-25,23,30
2020-09-26,0,4
2020-09-26,1,4
2020-09-26,2,8
2020-09-26,3,4
2020-09-26,4,4
2020-09-26,5,13
2020-09-26,6,21
2020-09-26,7,44
2020-09-26,8,44
2020-09-26,9,40
2020-09-26,10,36
2020-09-26,11,40
2020-09-26,12,48
2020-09-26,13,44
2020-09-26,14,49
2020-09-26,15,62
2020-09-26,16,44
2020-09-26,17,40
2020-09-26,18,49
2020-09-26,19,40
2020-09-26,20,48
2020-09-26,21,71
2020-09-26,22,35
2020-09-26,23,23
2020-09-27,0,21
2020-09-27,1,18
2020-09-27,2,21
2020-09-27,3,27
2020-09-27,4,18
2020-09-27,5,22
2020-09-27,6,35
2020-09-27,7,40
2020-09-27,8,40
2020-09-27,9,45
2020-09-27,10,44
2020-09-27,11,40
2020-09-27,12,49
2020-09-27,13,48
2020-09-27,14,36
2020-09-27,15,45
2020-09-27,16,40
2020-09-27,17,62
2020-09-27,18,40
2020-09-27,19,36
2020-09-27,20,41
2020-09-27,21,30
2020-09-27,22,21
2020-09-27,23,12
2020-09-28,0,4
2020-09-28,1,0
2020-09-28,2,9
2020-09-28,3,4
2020-09-28,4,4
2020-09-28,5,16
2020-09-28,6,35
2020-09-28,7,63
2020-09-28,8,57
2020-09-28,9,48
2020-09-28,10,52
2020-09-28,11,49
2020-09-28,12,49
2020-09-28,13,62
2020-09-28,14,57
2020-09-28,15,53
2020-09-28,16,49
2020-09-28,17,44
2020-09-28,18,40
2020-09-28,19,35
2020-09-28,20,26
2020-09-28,21,22
2020-09-28,22,40
2020-09-28,23,13
2020-09-29,0,4
2020-09-29,1,0
2020-09-29,2,31
2020-09-29,3,8
2020-09-29,4,18
2020-09-29,5,14
2020-09-29,6,43
2020-09-29,7,70
2020-09-29,8,58
2020-09-29,9,58
2020-09-29,10,48
2020-09-29,11,48
2020-09-29,12,48
2020-09-29,13,44
2020-09-29,14,48
2020-09-29,15,57
2020-09-29,16,62
2020-09-29,17,44
2020-09-29,18,40
2020-09-29,19,48
2020-09-29,20,53
2020-09-29,21,35
2020-09-29,22,16
2020-09-29,23,8
2020-09-30,0,8
2020-09-30,1,17
2020-09-30,2,30
2020-09-30,3,34
2020-09-30,4,13
2020-09-30,5,16
2020-09-30,6,52
2020-09-30,7,76
2020-09-30,8,75
2020-09-30,9,72
2020-09-30,10,54
2020-09-30,11,57
2020-09-30,12,70
2020-09-30,13,63
2020-09-30,14,62
2020-09-30,15,62
2020-09-30,16,67
2020-09-30,17,54
2020-09-30,18,44
2020-09-30,19,62
2020-09-30,20,44
2020-09-30,21,79
2020-09-30,22,21
2020-09-30,23,44
2020-10-01,0,17
2020-10-01,1,0
2020-10-01,2,4
2020-10-01,3,8
2020-10-01,4,12
2020-10-01,5,16
2020-10-01,6,40
2020-10-01,7,67
2020-10-01,8,62
2020-10-01,9,44
2020-10-01,10,48
2020-10-01,11,48
2020-10-01,12,53
2020-10-01,13,62
2020-10-01,14,62
2020-10-01,15,75
2020-10-01,16,67
2020-10-01,17,48
2020-10-01,18,44
2020-10-01,19,52
2020-10-01,20,58
2020-10-01,21,32
2020-10-01,22,26
2020-10-01,23,17
2020-10-02,0,4
2020-10-02,1,0
2020-10-02,2,8
2020-10-02,3,13
2020-10-02,4,30
2020-10-02,5,17
2020-10-02,6,45
2020-10-02,7,76
2020-10-02,8,62
2020-10-02,9,53
2020-10-02,10,48
2020-10-02,11,62
2020-10-02,12,57
2020-10-02,13,63
2020-10-02,14,56
2020-10-02,15,58
2020-10-02,16,62
2020-10-02,17,44
2020-10-02,18,67
2020-10-02,19,49
2020-10-02,20,44
2020-10-02,21,40
2020-10-02,22,35
2020-10-02,23,30
2020-10-03,0,8
2020-10-03,1,4
2020-10-03,2,8
2020-10-03,3,4
2020-10-03,4,8
2020-10-03,5,8
2020-10-03,6,21
2020-10-03,7,44
2020-10-03,8,44
2020-10-03,9,40
2020-10-03,10,36
2020-10-03,11,44
2020-10-03,12,52
2020-10-03,13,44
2020-10-03,14,53
2020-10-03,15,62
2020-10-03,16,48
2020-10-03,17,48
2020-10-03,18,53
2020-10-03,19,40
2020-10-03,20,53
2020-10-03,21,78
2020-10-03,22,39
2020-10-03,23,23
2020-10-04,0,21
2020-10-04,1,18
2020-10-04,2,21
2020-10-04,3,31
2020-10-04,4,22
2020-10-04,5,22
2020-10-04,6,35
2020-10-04,7,40
2020-10-04,8,40
2020-10-04,9,49
2020-10-04,10,53
2020-10-04,11,40
2020-10-04,12,57
2020-10-04,13,52
2020-10-04,14,36
2020-10-04,15,50
2020-10-04,16,40
2020-10-04,17,57
2020-10-04,18,40
2020-10-04,19,32
2020-10-04,20,41
2020-10-04,21,30
2020-10-04,22,25
2020-10-04,23,29
2020-10-05,0,4
2020-10-05,1,0
2020-10-05,2,8
2020-10-05,3,4
2020-10-05,4,4
2020-10-05,5,16
2020-10-05,6,40
2020-10-05,7,71
2020-10-05,8,66
2020-10-05,9,44
2020-10-05,10,52
2020-10-05,11,49
2020-10-05,12,44
2020-10-05,13,61
2020-10-05,14,66
2020-10-05,15,56
2020-10-05,16,57
2020-10-05,17,40
2020-10-05,18,36
2020-10-05,19,36
2020-10-05,20,26
2020-10-05,21,17
2020-10-05,22,40
2020-10-05,23,4
2020-10-06,0,4
2020-10-06,1,0
2020-10-06,2,31
2020-10-06,3,8
2020-10-06,4,9
2020-10-06,5,13
2020-10-06,6,43
2020-10-06,7,80
2020-10-06,8,57
2020-10-06,9,63
2020-10-06,10,48
2020-10-06,11,53
2020-10-06,12,48
2020-10-06,13,44
2020-10-06,14,48
2020-10-06,15,57
2020-10-06,16,57
2020-10-06,17,44
2020-10-06,18,40
2020-10-06,19,44
2020-10-06,20,53
2020-10-06,21,35
2020-10-06,22,16
2020-10-06,23,4
2020-10-07,0,8
2020-10-07,1,22
2020-10-07,2,30
2020-10-07,3,34
2020-10-07,4,21
2020-10-07,5,16
2020-10-07,6,48
2020-10-07,7,80
2020-10-07,8,80
2020-10-07,9,72
2020-10-07,10,53
2020-10-07,11,48
2020-10-07,12,71
2020-10-07,13,66
2020-10-07,14,58
2020-10-07,15,66
2020-10-07,16,68
2020-10-07,17,47
2020-10-07,18,44
2020-10-07,19,72
2020-10-07,20,47
2020-10-07,21,47
2020-10-07,22,21
2020-10-07,23,44
2020-10-08,0,21
2020-10-08,1,0
2020-10-08,2,4
2020-10-08,3,8
2020-10-08,4,12
2020-10-08,5,16
2020-10-08,6,44
2020-10-08,7,67
2020-10-08,8,66
2020-10-08,9,44
2020-10-08,10,57
2020-10-08,11,53
2020-10-08,12,53
2020-10-08,13,57
2020-10-08,14,58
2020-10-08,15,71
2020-10-08,16,67
2020-10-08,17,48
2020-10-08,18,52
2020-10-08,19,52
2020-10-08,20,62
2020-10-08,21,32
2020-10-08,22,30
2020-10-08,23,17
2020-10-09,0,8
2020-10-09,1,4
2020-10-09,2,12
2020-10-09,3,13
2020-10-09,4,35
2020-10-09,5,17
2020-10-09,6,49
2020-10-09,7,80
2020-10-09,8,71
2020-10-09,9,57
2020-10-09,10,52
2020-10-09,11,62
2020-10-09,12,57
2020-10-09,13,58
2020-10-09,14,57
2020-10-09,15,58
2020-10-09,16,62
2020-10-09,17,40
2020-10-09,18,62
2020-10-09,19,36
2020-10-09,20,39
2020-10-09,21,26
2020-10-09,22,31
2020-10-09,23,30
2020-10-10,0,8
2020-10-10,1,8
2020-10-10,2,8
2020-10-10,3,4
2020-10-10,4,8
2020-10-10,5,8
2020-10-10,6,21
2020-10-10,7,40
2020-10-10,8,44
2020-10-10,9,40
2020-10-10,10,36
2020-10-10,11,40
2020-10-10,12,44
2020-10-10,13,44
2020-10-10,14,53
2020-10-10,15,53
2020-10-10,16,44
2020-10-10,17,36
2020-10-10,18,44
2020-10-10,19,40
2020-10-10,20,48
2020-10-10,21,78
2020-10-10,22,44
2020-10-10,23,31
2020-10-11,0,21
2020-10-11,1,22
2020-10-11,2,21
2020-10-11,3,31
2020-10-11,4,32
2020-10-11,5,21
2020-10-11,6,35
2020-10-11,7,40
2020-10-11,8,39
2020-10-11,9,58
2020-10-11,10,57
2020-10-11,11,40
2020-10-11,12,49
2020-10-11,13,44
2020-10-11,14,36
2020-10-11,15,49
2020-10-11,16,44
2020-10-11,17,57
2020-10-11,18,40
2020-10-11,19,36
2020-10-11,20,41
2020-10-11,21,31
2020-10-11,22,25
2020-10-11,23,12
2020-10-12,0,4
2020-10-12,1,0
2020-10-12,2,9
2020-10-12,3,4
2020-10-12,4,8
2020-10-12,5,16
2020-10-12,6,40
2020-10-12,7,75
2020-10-12,8,57
2020-10-12,9,44
2020-10-12,10,52
2020-10-12,11,62
2020-10-12,12,53
2020-10-12,13,57
2020-10-12,14,61
2020-10-12,15,57
2020-10-12,16,57
2020-10-12,17,40
2020-10-12,18,36
2020-10-12,19,31
2020-10-12,20,26
2020-10-12,21,21
2020-10-12,22,40
2020-10-12,23,13
2020-10-13,0,4
2020-10-13,1,0
2020-10-13,2,71
2020-10-13,3,8
2020-10-13,4,19
2020-10-13,5,14
2020-10-13,6,57
2020-10-13,7,75
2020-10-13,8,57
2020-10-13,9,58
2020-10-13,10,52
2020-10-13,11,48
2020-10-13,12,48
2020-10-13,13,44
2020-10-13,14,48
2020-10-13,15,57
2020-10-13,16,57
2020-10-13,17,44
2020-10-13,18,35
2020-10-13,19,40
2020-10-13,20,53
2020-10-13,21,35
2020-10-13,22,21
2020-10-13,23,4
2020-10-14,0,8
2020-10-14,1,45
2020-10-14,2,30
2020-10-14,3,34
2020-10-14,4,17
2020-10-14,5,16
2020-10-14,6,52
2020-10-14,7,76
2020-10-14,8,80
2020-10-14,9,57
2020-10-14,10,56
2020-10-14,11,32
2020-10-14,12,47
2020-10-14,13,50
2020-10-14,14,44
2020-10-14,15,54
2020-10-14,16,57
2020-10-14,17,35
2020-10-14,18,28
2020-10-14,19,18
2020-10-14,20,24
2020-10-14,21,66
2020-10-14,22,16
2020-10-14,23,7
2020-10-15,0,11
2020-10-15,1,0
2020-10-15,2,10
2020-10-15,3,65
2020-10-15,4,8
2020-10-15,5,28
2020-10-15,6,36
2020-10-15,7,85
2020-10-15,8,97
2020-10-15,9,53
2020-10-15,10,30
2020-10-15,11,56
2020-10-15,12,52
2020-10-15,13,73
2020-10-15,14,41
2020-10-15,15,64
2020-10-15,16,56
2020-10-15,17,42
2020-10-15,18,26
2020-10-15,19,24
2020-10-15,20,21
2020-10-15,21,29
2020-10-15,22,15
2020-10-15,23,9
2020-10-16,0,0
2020-10-16,1,0
2020-10-16,2,1
2020-10-16,3,0
2020-10-16,4,1
2020-10-16,5,23
2020-10-16,6,29
2020-10-16,7,59
2020-10-16,8,47
2020-10-16,9,63
2020-10-16,10,63
2020-10-16,11,51
2020-10-16,12,55
2020-10-16,13,50
2020-10-16,14,75
2020-10-16,15,62
2020-10-16,16,60
2020-10-16,17,89
2020-10-16,18,28
2020-10-16,19,36
2020-10-16,20,30
2020-10-16,21,36
2020-10-16,22,24
2020-10-16,23,38
2020-10-17,0,6
2020-10-17,1,2
2020-10-17,2,1
2020-10-17,3,5
2020-10-17,4,3
2020-10-17,5,7
2020-10-17,6,16
2020-10-17,7,40
2020-10-17,8,48
2020-10-17,9,44
2020-10-17,10,25
2020-10-17,11,33
2020-10-17,12,28
2020-10-17,13,30
2020-10-17,14,37
2020-10-17,15,34
2020-10-17,16,42
2020-10-17,17,31
2020-10-17,18,30
2020-10-17,19,12
2020-10-17,20,13
2020-10-17,21,14
2020-10-17,22,32
2020-10-17,23,9
2020-10-18,0,2
2020-10-18,1,4
2020-10-18,2,2
2020-10-18,3,2
2020-10-18,4,1
2020-10-18,5,6
2020-10-18,6,35
2020-10-18,7,40
2020-10-18,8,40
2020-10-18,9,45
2020-10-18,10,48
2020-10-18,11,40
2020-10-18,12,34
2020-10-18,13,40
2020-10-18,14,24
2020-10-18,15,25
2020-10-18,16,27
2020-10-18,17,35
2020-10-18,18,53
2020-10-18,19,24
2020-10-18,20,41
2020-10-18,21,31
2020-10-18,22,21
2020-10-18,23,3
2020-10-19,0,0
2020-10-19,1,3
2020-10-19,2,1
2020-10-19,3,5
2020-10-19,4,7
2020-10-19,5,6
2020-10-19,6,39
2020-10-19,7,58
2020-10-19,8,55
2020-10-19,9,34
2020-10-19,10,40
2020-10-19,11,47
2020-10-19,12,34
2020-10-19,13,47
2020-10-19,14,38
2020-10-19,15,60
2020-10-19,16,64
2020-10-19,17,38
2020-10-19,18,22
2020-10-19,19,26
2020-10-19,20,16
2020-10-19,21,22
2020-10-19,22,26
2020-10-19,23,6
2020-10-20,0,2
2020-10-20,1,1
2020-10-20,2,1
2020-10-20,3,0
2020-10-20,4,4
2020-10-20,5,11
2020-10-20,6,40
2020-10-20,7,61
2020-10-20,8,38
2020-10-20,9,44
2020-10-20,10,40
2020-10-20,11,39
2020-10-20,12,57
2020-10-20,13,39
2020-10-20,14,46
2020-10-20,15,52
2020-10-20,16,69
2020-10-20,17,37
2020-10-20,18,38
2020-10-20,19,28
2020-10-20,20,53
2020-10-20,21,35
2020-10-20,22,14
2020-10-20,23,2
2020-10-21,0,1
2020-10-21,1,4
2020-10-21,2,4
2020-10-21,3,2
2020-10-21,4,8
2020-10-21,5,8
2020-10-21,6,40
2020-10-21,7,60
2020-10-21,8,64
2020-10-21,9,59
2020-10-21,10,36
2020-10-21,11,61
2020-10-21,12,33
2020-10-21,13,45
2020-10-21,14,52
2020-10-21,15,65
2020-10-21,16,42
2020-10-21,17,57
2020-10-21,18,23
2020-10-21,19,20
2020-10-21,20,32
2020-10-21,21,74
2020-10-21,22,16
2020-10-21,23,1
2020-10-22,0,4
2020-10-22,1,3
2020-10-22,2,3
2020-10-22,3,2
2020-10-22,4,3
2020-10-22,5,10
2020-10-22,6,41
2020-10-22,7,53
2020-10-22,8,46
2020-10-22,9,50
2020-10-22,10,36
2020-10-22,11,56
2020-10-22,12,65
2020-10-22,13,47
2020-10-22,14,44
2020-10-22,15,57
2020-10-22,16,63
2020-10-22,17,34
2020-10-22,18,20
2020-10-22,19,23
2020-10-22,20,22
2020-10-22,21,31
2020-10-22,22,9
2020-10-22,23,5
2020-10-23,0,3
2020-10-23,1,3
2020-10-23,2,2
2020-10-23,3,4
2020-10-23,4,18
2020-10-23,5,10
2020-10-23,6,46
2020-10-23,7,56
2020-10-23,8,55
2020-10-23,9,52
2020-10-23,10,49
2020-10-23,11,54
2020-10-23,12,51
2020-10-23,13,49
2020-10-23,14,65
2020-10-23,15,88
2020-10-23,16,54
2020-10-23,17,56
2020-10-23,18,58
2020-10-23,19,98
2020-10-23,20,112
2020-10-23,21,64
2020-10-23,22,65
2020-10-23,23,52
2020-10-24,0,59
2020-10-24,1,37
2020-10-24,2,35
2020-10-24,3,13
2020-10-24,4,31
2020-10-24,5,33
2020-10-24,6,79
2020-10-24,7,50
2020-10-24,8,163
2020-10-24,9,203
2020-10-24,10,97
2020-10-24,11,192
2020-10-24,12,101
2020-10-24,13,78
2020-10-24,14,70
2020-10-24,15,189
2020-10-24,16,129
2020-10-24,17,120
2020-10-24,18,66
2020-10-24,19,113
2020-10-24,20,94
2020-10-24,21,160
2020-10-24,22,138
2020-10-24,23,137
2020-10-25,0,47
2020-10-25,1,164
2020-10-25,2,179
2020-10-25,3,55
2020-10-25,4,74
2020-10-25,5,42
2020-10-25,6,138
2020-10-25,7,126
2020-10-25,8,177
2020-10-25,9,119
2020-10-25,10,93
2020-10-25,11,172
2020-10-25,12,176
2020-10-25,13,205
2020-10-25,14,244
2020-10-25,15,187
2020-10-25,16,129
2020-10-25,17,47
2020-10-25,18,162
2020-10-25,19,164
2020-10-25,20,248
2020-10-25,21,120
2020-10-25,22,145
2020-10-25,23,172
2020-10-26,0,206
2020-10-26,1,200
2020-10-26,2,80
2020-10-26,3,258
2020-10-26,4,42
2020-10-26,5,229
2020-10-26,6,84
2020-10-26,7,122
2020-10-26,8,200
2020-10-26,9,188
2020-10-26,10,109
2020-10-26,11,175
2020-10-26,12,142
2020-10-26,13,129
2020-10-26,14,223
2020-10-26,15,167
2020-10-26,16,92
2020-10-26,17,119
2020-10-26,18,119
2020-10-26,19,172
2020-10-26,20,70
2020-10-26,21,22
2020-10-26,22,22
2020-10-26,23,36
2020-10-27,0,4
2020-10-27,1,4
2020-10-27,2,0
2020-10-27,3,22
2020-10-27,4,8
2020-10-27,5,9
2020-10-27,6,9
2020-10-27,7,44
2020-10-27,8,76
2020-10-27,9,48
2020-10-27,10,53
2020-10-27,11,48
2020-10-27,12,48
2020-10-27,13,48
2020-10-27,14,44
2020-10-27,15,48
2020-10-27,16,57
2020-10-27,17,66
2020-10-27,18,44
2020-10-27,19,36
2020-10-27,20,40
2020-10-27,21,53
2020-10-27,22,35
2020-10-27,23,16
2020-10-28,0,4
2020-10-28,1,4
2020-10-28,2,17
2020-10-28,3,22
2020-10-28,4,26
2020-10-28,5,13
2020-10-28,6,16
2020-10-28,7,48
2020-10-28,8,72
2020-10-28,9,75
2020-10-28,10,71
2020-10-28,11,58
2020-10-28,12,57
2020-10-28,13,57
2020-10-28,14,54
2020-10-28,15,58
2020-10-28,16,62
2020-10-28,17,62
2020-10-28,18,48
2020-10-28,19,36
2020-10-28,20,48
2020-10-28,21,44
2020-10-28,22,79
2020-10-28,23,21
2020-10-29,0,26
2020-10-29,1,13
2020-10-29,2,0
2020-10-29,3,8
2020-10-29,4,12
2020-10-29,5,12
2020-10-29,6,21
2020-10-29,7,44
2020-10-29,8,62
2020-10-29,9,62
2020-10-29,10,52
2020-10-29,11,48
2020-10-29,12,57
2020-10-29,13,53
2020-10-29,14,52
2020-10-29,15,57
2020-10-29,16,71
2020-10-29,17,71
2020-10-29,18,44
2020-10-29,19,40
2020-10-29,20,36
2020-10-29,21,48
2020-10-29,22,31
2020-10-29,23,26
2020-10-30,0,12
2020-10-30,1,4
2020-10-30,2,0
2020-10-30,3,4
2020-10-30,4,12
2020-10-30,5,17
2020-10-30,6,16
2020-10-30,7,48
2020-10-30,8,72
2020-10-30,9,62
2020-10-30,10,58
2020-10-30,11,53
2020-10-30,12,62
2020-10-30,13,61
2020-10-30,14,53
2020-10-30,15,62
2020-10-30,16,65
2020-10-30,21,20
2020-10-30,22,10
2020-10-30,23,30
2020-10-31,0,2
2020-10-31,1,0
2020-10-31,2,2
2020-10-31,3,0
2020-10-31,4,2
2020-10-31,5,1
2020-10-31,6,5
2020-10-31,7,22
2020-10-31,8,36
2020-10-31,9,41
2020-10-31,10,41
2020-10-31,11,49
2020-10-31,12,67
2020-10-31,13,53
2020-10-31,14,49
2020-10-31,15,54
2020-10-31,16,76
2020-10-31,17,53
2020-10-31,18,48
2020-10-31,19,40
2020-10-31,20,48
2020-10-31,21,36
2020-10-31,22,66
2020-10-31,23,44
2020-11-01,0,31
2020-11-01,1,23
2020-11-01,2,35
2020-11-01,3,21
2020-11-01,4,29
2020-11-01,5,17
2020-11-01,6,29
2020-11-01,7,47
2020-11-01,8,58
2020-11-01,9,50
2020-11-01,10,54
2020-11-01,11,75
2020-11-01,12,62
2020-11-01,13,66
2020-11-01,14,83
2020-11-01,15,66
2020-11-01,16,61
2020-11-01,17,40
2020-11-01,18,70
2020-11-01,19,57
2020-11-01,20,65
2020-11-01,21,50
2020-11-01,22,50
2020-11-01,23,52
2020-11-02,0,53
2020-11-02,1,48
2020-11-02,2,8
2020-11-02,3,57
2020-11-02,4,5
2020-11-02,5,44
2020-11-02,6,32
2020-11-02,7,53
2020-11-02,8,97
2020-11-02,9,84
2020-11-02,10,57
2020-11-02,11,67
2020-11-02,12,74
2020-11-02,13,66
2020-11-02,14,89
2020-11-02,15,85
2020-11-02,16,70
2020-11-02,17,66
2020-11-02,18,41
2020-11-02,19,61
2020-11-02,20,40
2020-11-02,21,21
2020-11-02,22,22
2020-11-02,23,36
2020-11-03,0,4
2020-11-03,1,4
2020-11-03,2,0
2020-11-03,3,22
2020-11-03,4,4
2020-11-03,5,9
2020-11-03,6,9
2020-11-03,7,48
2020-11-03,8,72
2020-11-03,9,52
2020-11-03,10,57
2020-11-03,11,44
2020-11-03,12,48
2020-11-03,13,48
2020-11-03,14,40
2020-11-03,15,101
2020-11-03,16,52
2020-11-03,17,60
2020-11-03,18,50
2020-11-03,19,87
2020-11-03,20,47
2020-11-03,21,96
2020-11-03,22,58
2020-11-03,23,66
2020-11-04,0,37
2020-11-04,1,32
2020-11-04,2,77
2020-11-04,3,60
2020-11-04,4,81
2020-11-04,5,44
2020-11-04,6,88
2020-11-04,7,57
2020-11-04,8,49
2020-11-04,9,62
2020-11-04,10,63
2020-11-04,11,75
2020-11-04,12,93
2020-11-04,13,62
2020-11-04,14,83
2020-11-04,15,42
2020-11-04,16,64
2020-11-04,17,57
2020-11-04,18,58
2020-11-04,19,33
2020-11-04,20,14
2020-11-04,21,21
2020-11-04,22,66
2020-11-04,23,13
2020-11-05,0,10
2020-11-05,1,2
2020-11-05,2,2
2020-11-05,3,2
2020-11-05,4,1
2020-11-05,5,11
2020-11-05,6,14
2020-11-05,7,38
2020-11-05,8,47
2020-11-05,9,60
2020-11-05,10,39
2020-11-05,11,44
2020-11-05,12,40
2020-11-05,13,101
2020-11-05,14,61
2020-11-05,15,82
2020-11-05,16,87
2020-11-05,17,88
2020-11-05,18,77
2020-11-05,19,64
2020-11-05,20,72
2020-11-05,21,32
2020-11-05,22,26
2020-11-05,23,50
2020-11-06,0,6
2020-11-06,1,31
2020-11-06,2,16
2020-11-06,3,25
2020-11-06,4,13
2020-11-06,5,29
2020-11-06,6,27
2020-11-06,7,28
2020-11-06,8,65
2020-11-06,9,89
2020-11-06,10,65
2020-11-06,11,58
2020-11-06,12,50
2020-11-06,13,150
2020-11-06,14,66
2020-11-06,15,69
2020-11-06,16,56
2020-11-06,17,73
2020-11-06,18,127
2020-11-06,19,38
2020-11-06,20,92
2020-11-06,21,40
2020-11-06,22,68
2020-11-06,23,43
2020-11-07,0,20
2020-11-07,1,5
2020-11-07,2,10
2020-11-07,3,2
2020-11-07,4,9
2020-11-07,5,17
2020-11-07,6,13
2020-11-07,7,29
2020-11-07,8,16
2020-11-07,9,21
2020-11-07,10,90
2020-11-07,11,114
2020-11-07,12,82
2020-11-07,13,56
2020-11-07,14,42
2020-11-07,15,37
2020-11-07,16,47
2020-11-07,17,79
2020-11-07,18,61
2020-11-07,19,62
2020-11-07,20,39
2020-11-07,21,99
2020-11-07,22,52
2020-11-07,23,18
2020-11-08,0,11
2020-11-08,1,16
2020-11-08,2,10
2020-11-08,3,5
2020-11-08,4,3
2020-11-08,5,3
2020-11-08,6,8
2020-11-08,7,48
2020-11-08,8,62
2020-11-08,9,50
2020-11-08,10,54
2020-11-08,11,74
2020-11-08,12,62
2020-11-08,13,60
2020-11-08,14,64
2020-11-08,15,28
2020-11-08,16,30
2020-11-08,17,15
2020-11-08,18,19
2020-11-08,19,19
2020-11-08,20,7
2020-11-08,21,23
2020-11-08,22,46
2020-11-08,23,21
2020-11-09,0,5
2020-11-09,1,2
2020-11-09,2,1
2020-11-09,3,3
2020-11-09,4,2
2020-11-09,5,5
2020-11-09,6,19
2020-11-09,7,23
2020-11-09,8,74
2020-11-09,9,50
2020-11-09,10,40
2020-11-09,11,49
2020-11-09,12,40
2020-11-09,13,36
2020-11-09,14,35
2020-11-09,15,34
2020-11-09,16,49
2020-11-09,17,47
2020-11-09,18,36
2020-11-09,19,31
2020-11-09,20,21
2020-11-09,21,22
2020-11-09,22,22
2020-11-09,23,26
2020-11-10,0,7
2020-11-10,1,3
2020-11-10,2,1
2020-11-10,3,2
2020-11-10,4,2
2020-11-10,5,6
2020-11-10,6,10
2020-11-10,7,38
2020-11-10,8,48
2020-11-10,9,46
2020-11-10,10,50
2020-11-10,11,35
2020-11-10,12,36
2020-11-10,13,49
2020-11-10,14,36
2020-11-10,15,38
2020-11-10,16,54
2020-11-10,17,52
2020-11-10,18,31
2020-11-10,19,42
2020-11-10,20,62
2020-11-10,21,59
2020-11-10,22,39
2020-11-10,23,60
2020-11-11,0,68
2020-11-11,1,40
2020-11-11,2,36
2020-11-11,3,19
2020-11-11,4,13
2020-11-11,5,42
2020-11-11,6,42
2020-11-11,7,71
2020-11-11,8,80
2020-11-11,9,77
2020-11-11,10,73
2020-11-11,11,89
2020-11-11,12,55
2020-11-11,13,111
2020-11-11,14,51
2020-11-11,15,65
2020-11-11,16,60
2020-11-11,17,89
2020-11-11,18,122
2020-11-11,19,56
2020-11-11,20,54
2020-11-11,21,44
2020-11-11,22,128
2020-11-11,23,75
2020-11-12,0,17
2020-11-12,1,37
2020-11-12,2,40
2020-11-12,3,16
2020-11-12,4,5
2020-11-12,5,28
2020-11-12,6,63
2020-11-12,7,87
2020-11-12,8,81
2020-11-12,9,58
2020-11-12,10,98
2020-11-12,11,70
2020-11-12,12,59
2020-11-12,13,77
2020-11-12,14,63
2020-11-12,15,80
2020-11-12,16,75
2020-11-12,17,59
2020-11-12,18,30
2020-11-12,19,31
2020-11-12,20,24
2020-11-12,21,23
2020-11-12,22,41
2020-11-12,23,13
2020-11-13,0,4
2020-11-13,1,2
2020-11-13,2,1
2020-11-13,3,2
2020-11-13,4,46
2020-11-13,5,24
2020-11-13,6,13
2020-11-13,7,31
2020-11-13,8,80
2020-11-13,9,113
2020-11-13,10,94
2020-11-13,11,41
2020-11-13,12,66
2020-11-13,13,81
2020-11-13,14,79
2020-11-13,15,48
2020-11-13,16,71
2020-11-13,17,76
2020-11-13,18,52
2020-11-13,19,31
2020-11-13,20,28
2020-11-13,21,23
2020-11-13,22,16
2020-11-13,23,21
2020-11-14,0,30
2020-11-14,1,28
2020-11-14,2,23
2020-11-14,3,7
2020-11-14,4,4
2020-11-14,5,9
2020-11-14,6,7
2020-11-14,7,15
2020-11-14,8,26
2020-11-14,9,34
2020-11-14,10,48
2020-11-14,11,56
2020-11-14,12,61
2020-11-14,13,102
2020-11-14,14,68
2020-11-14,15,66
2020-11-14,16,78
2020-11-14,17,52
2020-11-14,18,109
2020-11-14,19,71
2020-11-14,20,44
2020-11-14,21,46
2020-11-14,22,78
2020-11-14,23,62
2020-11-15,0,13
2020-11-15,1,32
2020-11-15,2,22
2020-11-15,3,41
2020-11-15,4,21
2020-11-15,5,47
2020-11-15,6,43
2020-11-15,7,58
2020-11-15,8,26
2020-11-15,9,37
2020-11-15,10,46
2020-11-15,11,42
2020-11-15,12,47
2020-11-15,13,61
2020-11-15,14,91
2020-11-15,15,59
2020-11-15,16,96
2020-11-15,17,42
2020-11-15,18,24
2020-11-15,19,18
2020-11-15,20,31
2020-11-15,21,34
2020-11-15,22,59
2020-11-15,23,56
2020-11-16,0,37
2020-11-16,1,55
2020-11-16,2,30
2020-11-16,3,53
2020-11-16,4,57
2020-11-16,5,141
2020-11-16,6,38
2020-11-16,7,63
2020-11-16,8,118
2020-11-16,9,87
2020-11-16,10,54
2020-11-16,11,78
2020-11-16,12,92
2020-11-16,13,81
2020-11-16,14,71
2020-11-16,15,90
2020-11-16,16,86
2020-11-16,17,89
2020-11-16,18,62
2020-11-16,19,58
2020-11-16,20,57
2020-11-16,21,44
2020-11-16,22,38
2020-11-16,23,14
2020-11-17,0,28
2020-11-17,1,5
2020-11-17,2,8
2020-11-17,3,22
2020-11-17,12,48
2020-11-17,13,66
2020-11-17,14,48
2020-11-17,15,53
2020-11-17,16,61
2020-11-17,17,69
2020-11-17,18,91
2020-11-17,19,93
2020-11-17,20,38
2020-11-17,21,81
2020-11-17,22,68
2020-11-17,23,91
2020-11-18,0,55
2020-11-18,1,56
2020-11-18,2,49
2020-11-18,3,60
2020-11-18,4,39
2020-11-18,5,49
2020-11-18,6,73
2020-11-18,7,40
2020-11-18,8,61
2020-11-18,9,50
2020-11-18,10,48
2020-11-18,11,43
2020-11-18,12,54
2020-11-18,13,110
2020-11-18,14,116
2020-11-18,15,80
2020-11-18,16,77
2020-11-18,17,71
2020-11-18,18,61
2020-11-18,19,40
2020-11-18,20,23
2020-11-18,21,12
2020-11-18,22,34
2020-11-18,23,8
2020-11-19,0,8
2020-11-19,1,9
2020-11-19,2,4
2020-11-19,3,11
2020-11-19,4,6
2020-11-19,5,7
2020-11-19,6,10
2020-11-19,7,34
2020-11-19,8,62
2020-11-19,9,71
2020-11-19,10,91
2020-11-19,11,68
2020-11-19,12,77
2020-11-19,13,64
2020-11-19,14,61
2020-11-19,15,65
2020-11-19,16,92
2020-11-19,17,100
2020-11-19,18,55
2020-11-19,19,34
2020-11-19,20,43
2020-11-19,21,28
2020-11-19,22,42
2020-11-19,23,22
2020-11-20,0,19
2020-11-20,1,1
2020-11-20,2,8
2020-11-20,3,3
2020-11-20,4,8
2020-11-20,5,10
2020-11-20,6,6
2020-11-20,7,28
2020-11-20,8,63
2020-11-20,9,79
2020-11-20,10,81
2020-11-20,11,81
2020-11-20,12,56
2020-11-20,13,65
2020-11-20,14,56
2020-11-20,15,57
2020-11-20,16,75
2020-11-20,17,62
2020-11-20,18,38
2020-11-20,19,20
2020-11-20,20,13
2020-11-20,21,12
2020-11-20,22,8
2020-11-20,23,27
2020-11-21,0,5
2020-11-21,1,5
2020-11-21,2,4
2020-11-21,3,4
2020-11-21,4,1
2020-11-21,5,3
2020-11-21,6,7
2020-11-21,7,23
2020-11-21,8,15
2020-11-21,9,10
2020-11-21,10,17
2020-11-21,11,35
2020-11-21,12,62
2020-11-21,13,57
2020-11-21,14,36
2020-11-21,15,26
2020-11-21,16,24
2020-11-21,17,17
2020-11-21,18,30
2020-11-21,19,48
2020-11-21,20,44
2020-11-21,21,15
2020-11-21,22,67
2020-11-21,23,43
2020-11-22,0,9
2020-11-22,1,0
2020-11-22,2,0
2020-11-22,3,12
2020-11-22,4,15
2020-11-22,5,4
2020-11-22,6,5
2020-11-22,7,52
2020-11-22,8,53
2020-11-22,9,50
2020-11-22,10,36
2020-11-22,11,66
2020-11-22,12,48
2020-11-22,13,45
2020-11-22,14,47
2020-11-22,15,49
2020-11-22,16,24
2020-11-22,17,27
2020-11-22,18,30
2020-11-22,19,16
2020-11-22,20,52
2020-11-22,21,8
2020-11-22,22,33
2020-11-22,23,32
2020-11-23,0,11
2020-11-23,1,0
2020-11-23,2,2
2020-11-23,3,3
2020-11-23,4,0
2020-11-23,5,4
2020-11-23,6,16
2020-11-23,7,28
2020-11-23,8,61
2020-11-23,9,54
2020-11-23,10,30
2020-11-23,11,31
2020-11-23,12,36
2020-11-23,13,27
2020-11-23,14,34
2020-11-23,15,35
2020-11-23,16,44
2020-11-23,17,48
2020-11-23,18,26
2020-11-23,19,27
2020-11-23,20,31
2020-11-23,21,21
2020-11-23,22,25
2020-11-23,23,27
2020-11-24,0,6
2020-11-24,1,1
2020-11-24,2,2
2020-11-24,3,1
2020-11-24,4,5
2020-11-24,5,6
2020-11-24,6,13
2020-11-24,7,37
2020-11-24,8,49
2020-11-24,9,45
2020-11-24,10,47
2020-11-24,11,26
2020-11-24,12,32
2020-11-24,13,33
2020-11-24,14,70
2020-11-24,15,32
2020-11-24,16,35
2020-11-24,17,47
2020-11-24,18,27
2020-11-24,19,19
2020-11-24,20,28
2020-11-24,21,16
2020-11-24,22,21
2020-11-24,23,35
2020-11-25,0,1
2020-11-25,1,1
2020-11-25,2,0
2020-11-25,3,0
2020-11-25,4,1
2020-11-25,5,6
2020-11-25,6,25
2020-11-25,7,26
2020-11-25,8,51
2020-11-25,9,42
2020-11-25,10,44
2020-11-25,11,35
2020-11-25,12,56
2020-11-25,13,31
2020-11-25,14,25
2020-11-25,15,34
2020-11-25,16,42
2020-11-25,17,55
2020-11-25,18,32
2020-11-25,19,17
2020-11-25,20,19
2020-11-25,21,22
2020-11-25,22,66
2020-11-25,23,17
2020-11-26,0,8
2020-11-26,1,0
2020-11-26,2,1
2020-11-26,3,94
2020-11-26,4,1
2020-11-26,5,6
2020-11-26,6,9
2020-11-26,7,20
2020-11-26,8,60
2020-11-26,9,48
2020-11-26,10,36
2020-11-26,11,37
2020-11-26,12,44
2020-11-26,13,42
2020-11-26,14,40
2020-11-26,15,39
2020-11-26,16,36
2020-11-26,17,41
2020-11-26,18,23
2020-11-26,19,15
2020-11-26,20,14
2020-11-26,21,23
2020-11-26,22,31
2020-11-26,23,16
2020-11-27,0,3
2020-11-27,1,1
2020-11-27,2,0
2020-11-27,3,4
2020-11-27,4,1
2020-11-27,5,20
2020-11-27,6,6
2020-11-27,7,38
2020-11-27,8,48
2020-11-27,9,42
2020-11-27,10,43
2020-11-27,11,34
2020-11-27,12,32
2020-11-27,13,44
2020-11-27,14,41
2020-11-27,15,53
2020-11-27,16,46
2020-11-27,17,41
2020-11-27,18,28
2020-11-27,19,42
2020-11-27,20,23
2020-11-27,21,21
2020-11-27,22,27
2020-11-27,23,26
2020-11-28,0,8
2020-11-28,1,4
2020-11-28,2,2
2020-11-28,3,0
2020-11-28,4,3
2020-11-28,5,6
2020-11-28,6,4
2020-11-28,7,23
2020-11-28,8,26
2020-11-28,9,40
2020-11-28,10,48
2020-11-28,11,53
2020-11-28,12,57
2020-11-28,13,56
2020-11-28,14,40
2020-11-28,15,26
2020-11-28,16,18
2020-11-28,17,12
2020-11-28,18,22
2020-11-28,19,25
2020-11-28,20,40
2020-11-28,21,32
2020-11-28,22,61
2020-11-28,23,39
2020-11-29,0,8
2020-11-29,1,2
2020-11-29,2,1
2020-11-29,3,2
2020-11-29,4,0
2020-11-29,5,1
2020-11-29,6,7
2020-11-29,7,52
2020-11-29,8,53
2020-11-29,9,50
2020-11-29,10,49
2020-11-29,11,66
2020-11-29,12,53
2020-11-29,13,62
2020-11-29,14,76
2020-11-29,15,53
2020-11-29,16,45
2020-11-29,17,36
2020-11-29,18,49
2020-11-29,19,31
2020-11-29,20,48
2020-11-29,21,31
2020-11-29,22,45
2020-11-29,23,17
2020-11-30,0,2
2020-11-30,1,0
2020-11-30,2,1
2020-11-30,3,3
2020-11-30,4,4
2020-11-30,5,5
2020-11-30,6,14
2020-11-30,7,32
2020-11-30,8,55
2020-11-30,9,46
2020-11-30,10,36
2020-11-30,11,28
2020-11-30,12,35
2020-11-30,13,45
2020-11-30,14,28
2020-11-30,15,54
2020-11-30,16,33
2020-11-30,17,36
2020-11-30,18,23
2020-11-30,19,9
2020-11-30,20,15
2020-11-30,21,26
2020-11-30,22,26
2020-11-30,23,26
2020-12-01,0,2
2020-12-01,1,2
2020-12-01,2,66
2020-12-01,3,1
2020-12-01,4,3
2020-12-01,5,3
2020-12-01,6,16
2020-12-01,7,21
2020-12-01,8,57
2020-12-01,9,42
2020-12-01,10,51
2020-12-01,11,40
2020-12-01,12,30
2020-12-01,13,20
2020-12-01,14,60
2020-12-01,15,36
2020-12-01,16,42
2020-12-01,17,40
2020-12-01,18,37
2020-12-01,19,16
2020-12-01,20,25
2020-12-01,21,11
2020-12-01,22,30
2020-12-01,23,29
2020-12-02,0,7
2020-12-02,1,0
2020-12-02,2,3
2020-12-02,3,0
2020-12-02,4,0
2020-12-02,5,6
2020-12-02,6,14
2020-12-02,7,22
2020-12-02,8,46
2020-12-02,9,54
2020-12-02,10,33
2020-12-02,11,44
2020-12-02,12,26
2020-12-02,13,38
2020-12-02,14,27
2020-12-02,15,45
2020-12-02,16,42
2020-12-02,17,48
2020-12-02,18,25
2020-12-02,19,24
2020-12-02,20,16
2020-12-02,21,31
2020-12-02,22,66
2020-12-02,23,21
2020-12-03,0,4
2020-12-03,1,8
2020-12-03,2,1
2020-12-03,3,3
2020-12-03,4,0
2020-12-03,5,4
2020-12-03,6,12
2020-12-03,7,20
2020-12-03,8,53
2020-12-03,9,51
2020-12-03,10,62
2020-12-03,11,57
2020-12-03,12,51
2020-12-03,13,74
2020-12-03,14,47
2020-12-03,15,34
2020-12-03,16,47
2020-12-03,17,43
2020-12-03,18,23
2020-12-03,19,28
2020-12-03,20,15
2020-12-03,21,26
2020-12-03,22,31
2020-12-03,23,10
2020-12-04,0,2
2020-12-04,1,1
2020-12-04,2,0
2020-12-04,3,4
2020-12-04,4,1
2020-12-04,5,13
2020-12-04,6,12
2020-12-04,7,35
2020-12-04,8,56
2020-12-04,9,56
2020-12-04,10,32
2020-12-04,11,61
2020-12-04,12,36
2020-12-04,13,55
2020-12-04,14,65
2020-12-04,15,48
2020-12-04,16,37
2020-12-04,17,49
2020-12-04,18,38
2020-12-04,19,27
2020-12-04,20,19
2020-12-04,21,13
2020-12-04,22,15
2020-12-04,23,23
2020-12-05,0,4
2020-12-05,1,0
2020-12-05,2,1
2020-12-05,3,1
2020-12-05,4,4
2020-12-05,5,5
2020-12-05,6,5
2020-12-05,7,26
2020-12-05,8,25
2020-12-05,9,36
2020-12-05,11,36
2020-12-05,12,48
2020-12-05,13,56
2020-12-05,14,18
2020-12-05,15,26
2020-12-05,16,26
2020-12-05,17,15
2020-12-05,18,29
2020-12-05,19,14
2020-12-05,20,13
2020-12-05,21,31
2020-12-05,22,61
2020-12-05,23,42
2020-12-06,0,2
2020-12-06,1,5
2020-12-06,2,0
2020-12-06,3,0
2020-12-06,4,2
2020-12-06,5,2
2020-12-06,6,5
2020-12-06,7,52
2020-12-06,8,53
2020-12-06,9,50
2020-12-06,10,46
2020-12-06,11,46
2020-12-06,12,53
2020-12-06,13,58
2020-12-06,14,60
2020-12-06,15,18
2020-12-06,16,41
2020-12-06,17,33
2020-12-06,18,49
2020-12-06,19,39
2020-12-06,20,48
2020-12-06,21,31
2020-12-06,22,44
2020-12-06,23,40
2020-12-07,0,2
2020-12-07,1,2
2020-12-07,2,1
2020-12-07,3,5
2020-12-07,4,2
2020-12-07,5,8
2020-12-07,6,19
2020-12-07,7,35
2020-12-07,8,62
2020-12-07,9,53
2020-12-07,10,35
2020-12-07,11,36
2020-12-07,12,40
2020-12-07,13,33
2020-12-07,14,26
2020-12-07,15,39
2020-12-07,16,47
2020-12-07,17,55
2020-12-07,18,37
2020-12-07,19,31
2020-12-07,20,15
2020-12-07,21,11
2020-12-07,22,16
2020-12-07,23,20
2020-12-08,0,2
2020-12-08,1,4
2020-12-08,2,1
2020-12-08,3,1
2020-12-08,4,2
2020-12-08,5,3
2020-12-08,6,13
2020-12-08,7,30
2020-12-08,8,52
2020-12-08,9,44
2020-12-08,10,56
2020-12-08,11,62
2020-12-08,12,34
2020-12-08,13,76
2020-12-08,14,87
2020-12-08,15,62
2020-12-08,16,46
2020-12-08,17,141
2020-12-08,18,72
2020-12-08,19,39
2020-12-08,20,33
2020-12-08,21,54
2020-12-08,22,44
2020-12-08,23,91
2020-12-09,0,88
2020-12-09,1,8
2020-12-09,2,32
2020-12-09,3,63
2020-12-09,4,13
2020-12-09,5,44
2020-12-09,6,41
2020-12-09,7,60
2020-12-09,8,86
2020-12-09,9,81
2020-12-09,10,73
2020-12-09,11,61
2020-12-09,12,61
2020-12-09,13,73
2020-12-09,14,48
2020-12-09,15,85
2020-12-09,16,70
2020-12-09,17,60
2020-12-09,18,29
2020-12-09,19,29
2020-12-09,20,33
2020-12-09,21,42
2020-12-09,22,40
2020-12-09,23,17
2020-12-10,0,8
2020-12-10,1,2
2020-12-10,2,18
2020-12-10,3,2
2020-12-10,4,37
2020-12-10,5,7
2020-12-10,6,6
2020-12-10,7,27
2020-12-10,8,59
2020-12-10,9,81
2020-12-10,10,46
2020-12-10,11,43
2020-12-10,12,43
2020-12-10,13,40
2020-12-10,14,55
2020-12-10,15,54
2020-12-10,16,58
2020-12-10,17,76
2020-12-10,18,51
2020-12-10,19,44
2020-12-10,20,42
2020-12-10,21,23
2020-12-10,22,24
2020-12-10,23,13
2020-12-11,0,37
2020-12-11,1,13
2020-12-11,2,3
2020-12-11,3,2
2020-12-11,4,3
2020-12-11,5,9
2020-12-11,6,8
2020-12-11,7,26
2020-12-11,8,49
2020-12-11,9,55
2020-12-11,10,45
2020-12-11,11,56
2020-12-11,12,70
2020-12-11,13,86
2020-12-11,14,58
2020-12-11,15,78
2020-12-11,16,35
2020-12-11,17,42
2020-12-11,18,32
2020-12-11,19,46
2020-12-11,20,94
2020-12-11,21,17
2020-12-11,22,83
2020-12-11,23,68
2020-12-12,0,3
2020-12-12,1,40
2020-12-12,2,9
2020-12-12,3,33
2020-12-12,4,6
2020-12-12,5,9
2020-12-12,6,9
2020-12-12,7,20
2020-12-12,8,20
2020-12-12,9,44
2020-12-12,10,49
2020-12-12,11,39
2020-12-12,12,52
2020-12-12,13,54
2020-12-12,14,65
2020-12-12,15,43
2020-12-12,16,63
2020-12-12,17,67
2020-12-12,18,57
2020-12-12,19,58
2020-12-12,20,19
2020-12-12,21,59
2020-12-12,22,13
2020-12-12,23,10
2020-12-13,0,4
2020-12-13,1,8
2020-12-13,2,17
2020-12-13,3,4
2020-12-13,4,5
2020-12-13,5,4
2020-12-13,6,13
2020-12-13,7,39
2020-12-13,8,54
2020-12-13,9,50
2020-12-13,10,53
2020-12-13,11,31
2020-12-13,12,35
2020-12-13,13,26
2020-12-13,14,42
2020-12-13,15,48
2020-12-13,16,35
2020-12-13,17,28
2020-12-13,18,32
2020-12-13,19,20
2020-12-13,20,53
2020-12-13,21,31
2020-12-13,22,45
2020-12-13,23,15
2020-12-14,0,6
2020-12-14,1,3
2020-12-14,2,1
2020-12-14,3,4
2020-12-14,4,2
2020-12-14,5,2
2020-12-14,6,11
2020-12-14,7,32
2020-12-14,8,68
2020-12-14,9,63
2020-12-14,10,113
2020-12-14,11,46
2020-12-14,12,55
2020-12-14,13,67
2020-12-14,14,64
2020-12-14,15,65
2020-12-14,16,59
2020-12-14,17,54
2020-12-14,18,72
2020-12-14,19,25
2020-12-14,20,33
2020-12-14,21,27
2020-12-14,22,11
2020-12-14,23,25
2020-12-15,0,6
2020-12-15,1,3
2020-12-15,2,2
2020-12-15,3,3
2020-12-15,4,0
2020-12-15,5,7
2020-12-15,6,10
2020-12-15,7,31
2020-12-15,8,78
2020-12-15,9,72
2020-12-15,10,66
2020-12-15,11,53
2020-12-15,12,49
2020-12-15,13,54
2020-12-15,14,42
2020-12-15,15,58
2020-12-15,16,68
2020-12-15,17,50
2020-12-15,18,44
2020-12-15,19,36
2020-12-15,20,22
2020-12-15,21,23
2020-12-15,22,40
2020-12-15,23,31
2020-12-16,0,8
2020-12-16,1,2
2020-12-16,2,6
2020-12-16,3,0
2020-12-16,4,0
2020-12-16,5,7
2020-12-16,6,7
2020-12-16,7,37
2020-12-16,8,72
2020-12-16,9,56
2020-12-16,10,65
2020-12-16,11,31
2020-12-16,12,67
2020-12-16,13,49
2020-12-16,14,81
2020-12-16,15,90
2020-12-16,16,109
2020-12-16,17,82
2020-12-16,18,87
2020-12-16,19,74
2020-12-16,20,75
2020-12-16,21,63
2020-12-16,22,54
2020-12-16,23,43
2020-12-17,0,100
2020-12-17,1,31
2020-12-17,2,54
2020-12-17,3,8
2020-12-17,4,61
2020-12-17,5,42
2020-12-17,6,24
2020-12-17,7,54
2020-12-17,8,66
2020-12-17,9,63
2020-12-17,10,68
2020-12-17,11,141
2020-12-17,12,95
2020-12-17,13,141
2020-12-17,14,112
2020-12-17,15,113
2020-12-17,16,85
2020-12-17,17,95
2020-12-17,18,72
2020-12-17,19,99
2020-12-17,20,338
2020-12-17,21,254
2020-12-17,22,94
2020-12-17,23,9
2020-12-18,0,1
2020-12-18,1,110
2020-12-18,2,79
2020-12-18,3,1
2020-12-18,4,7
2020-12-18,5,18
2020-12-18,6,15
2020-12-18,7,29
2020-12-18,8,106
2020-12-18,9,67
2020-12-18,10,58
2020-12-18,11,66
2020-12-18,12,52
2020-12-18,13,80
2020-12-18,14,72
2020-12-18,15,61
2020-12-18,16,57
2020-12-18,17,58
2020-12-18,18,45
2020-12-18,19,40
2020-12-18,20,54
2020-12-18,21,26
2020-12-18,22,30
2020-12-18,23,35
2020-12-19,0,12
2020-12-19,1,8
2020-12-19,2,0
2020-12-19,3,4
2020-12-19,4,4
2020-12-19,5,8
2020-12-19,6,8
2020-12-19,7,22
2020-12-19,8,27
2020-12-19,9,44
2020-12-19,10,58
2020-12-19,11,57
2020-12-19,12,79
2020-12-19,13,72
2020-12-19,14,49
2020-12-19,15,48
2020-12-19,16,61
2020-12-19,17,52
2020-12-19,18,48
2020-12-19,19,44
2020-12-19,20,35
2020-12-19,21,36
2020-12-19,22,53
2020-12-19,23,36
2020-12-20,0,12
2020-12-20,1,4
2020-12-20,2,4
2020-12-20,3,12
2020-12-20,4,5
2020-12-20,5,12
2020-12-20,6,25
2020-12-20,7,48
2020-12-20,8,53
2020-12-20,9,54
2020-12-20,10,53
2020-12-20,11,57
2020-12-20,12,67
2020-12-20,13,71
2020-12-20,14,80
2020-12-20,15,53
2020-12-20,16,49
2020-12-20,17,40
2020-12-20,18,54
2020-12-20,19,35
2020-12-20,20,57
2020-12-20,21,31
2020-12-20,22,40
2020-12-20,23,35
2020-12-21,0,13
2020-12-21,1,17
2020-12-21,2,4
2020-12-21,3,12
2020-12-21,4,8
2020-12-21,5,25
2020-12-21,6,16
2020-12-21,7,30
2020-12-21,8,72
2020-12-21,9,62
2020-12-21,10,70
2020-12-21,11,62
2020-12-21,12,62
2020-12-21,13,61
2020-12-21,14,70
2020-12-21,15,72
2020-12-21,16,58
2020-12-21,17,53
2020-12-21,18,45
2020-12-21,19,40
2020-12-21,20,36
2020-12-21,21,21
2020-12-21,22,21
2020-12-21,23,31
2020-12-22,0,4
2020-12-22,1,0
2020-12-22,2,8
2020-12-22,3,8
2020-12-22,4,4
2020-12-22,5,12
2020-12-22,6,16
2020-12-22,7,30
2020-12-22,8,62
2020-12-22,9,48
2020-12-22,10,57
2020-12-22,11,57
2020-12-22,12,48
2020-12-22,13,57
2020-12-22,14,80
2020-12-22,15,57
2020-12-22,16,53
2020-12-22,17,70
2020-12-22,18,49
2020-12-22,19,40
2020-12-22,20,40
2020-12-22,21,40
2020-12-22,22,35
2020-12-22,23,39
2020-12-23,0,30
2020-12-23,1,12
2020-12-23,2,12
2020-12-23,3,26
2020-12-23,4,22
2020-12-23,5,12
2020-12-23,6,17
2020-12-23,7,35
2020-12-23,8,57
2020-12-23,9,62
2020-12-23,10,66
2020-12-23,11,62
2020-12-23,12,67
2020-12-23,13,76
2020-12-23,14,64
2020-12-23,15,72
2020-12-23,16,75
2020-12-23,17,67
2020-12-23,18,53
2020-12-23,19,44
2020-12-23,20,44
2020-12-23,21,35
2020-12-23,22,57
2020-12-23,23,26
2020-12-24,0,26
2020-12-24,1,8
2020-12-24,2,13
2020-12-24,3,4
2020-12-24,4,16
2020-12-24,5,8
2020-12-24,6,8
2020-12-24,7,30
2020-12-24,8,52
2020-12-24,9,48
2020-12-24,10,53
2020-12-24,11,67
2020-12-24,12,72
2020-12-24,13,89
2020-12-24,14,62
2020-12-24,15,57
2020-12-24,16,62
2020-12-24,17,58
2020-12-24,18,36
2020-12-24,19,40
2020-12-24,20,76
2020-12-24,21,48
2020-12-24,22,49
2020-12-24,23,16
2020-12-25,0,4
2020-12-25,1,22
2020-12-25,2,13
2020-12-25,3,0
2020-12-25,4,0
2020-12-25,5,12
2020-12-25,6,4
2020-12-25,7,35
2020-12-25,8,67
2020-12-25,9,57
2020-12-25,10,52
2020-12-25,11,48
2020-12-25,12,48
2020-12-25,13,75
2020-12-25,14,57
2020-12-25,15,57
2020-12-25,16,52
2020-12-25,17,57
2020-12-25,18,40
2020-12-25,19,36
2020-12-25,20,49
2020-12-25,21,26
2020-12-25,22,34
2020-12-25,23,36
2020-12-26,0,12
2020-12-26,1,8
2020-12-26,2,4
2020-12-26,3,4
2020-12-26,4,0
2020-12-26,5,4
2020-12-26,6,0
2020-12-26,7,26
2020-12-26,8,30
2020-12-26,9,44
2020-12-26,10,48
2020-12-26,11,53
2020-12-26,12,67
2020-12-26,13,61
2020-12-26,14,40
2020-12-26,15,40
2020-12-26,16,44
2020-12-26,17,40
2020-12-26,18,36
2020-12-26,19,40
2020-12-26,20,31
2020-12-26,21,36
2020-12-26,22,61
2020-12-26,23,40
2020-12-27,0,12
2020-12-27,1,8
2020-12-27,2,12
2020-12-27,3,13
2020-12-27,4,13
2020-12-27,5,12
2020-12-27,6,25
2020-12-27,7,44
2020-12-27,8,53
2020-12-27,9,50
2020-12-27,10,49
2020-12-27,11,53
2020-12-27,12,48
2020-12-27,13,49
2020-12-27,14,56
2020-12-27,15,49
2020-12-27,16,40
2020-12-27,17,32
2020-12-27,18,44
2020-12-27,19,31
2020-12-27,20,48
2020-12-27,21,31
2020-12-27,22,48
2020-12-27,23,39
2020-12-28,0,17
2020-12-28,1,12
2020-12-28,2,4
2020-12-28,3,21
2020-12-28,4,4
2020-12-28,5,21
2020-12-28,6,16
2020-12-28,7,39
2020-12-28,8,67
2020-12-28,9,57
2020-12-28,10,53
2020-12-28,11,44
2020-12-28,12,44
2020-12-28,13,40
2020-12-28,14,48
2020-12-28,15,49
2020-12-28,16,44
2020-12-28,17,44
2020-12-28,18,36
2020-12-28,19,31
2020-12-28,20,31
2020-12-28,21,21
2020-12-28,22,21
2020-12-28,23,27
2020-12-29,0,4
2020-12-29,1,0
2020-12-29,2,8
2020-12-29,3,8
2020-12-29,4,4
2020-12-29,5,0
2020-12-29,6,12
2020-12-29,7,26
2020-12-29,8,48
2020-12-29,9,36
2020-12-29,10,40
2020-12-29,11,40
2020-12-29,12,36
2020-12-29,13,36
2020-12-29,14,49
2020-12-29,15,44
2020-12-29,16,40
2020-12-29,17,49
2020-12-29,18,30
2020-12-29,19,30
2020-12-29,20,36
2020-12-29,21,44
2020-12-29,22,40
2020-12-29,23,40
2020-12-30,0,22
2020-12-30,1,12
2020-12-30,2,17
2020-12-30,3,26
2020-12-30,4,17
2020-12-30,5,17
2020-12-30,6,16
2020-12-30,7,36
2020-12-30,8,48
2020-12-30,9,44
2020-12-30,10,45
2020-12-30,11,44
2020-12-30,12,48
2020-12-30,13,52
2020-12-30,14,48
2020-12-30,15,53
2020-12-30,16,53
2020-12-30,17,52
2020-12-30,18,44
2020-12-30,19,30
2020-12-30,20,36
2020-12-30,21,35
2020-12-30,22,61
2020-12-30,23,25
2020-12-31,0,30
2020-12-31,1,8
2020-12-31,2,13
2020-12-31,3,9
2020-12-31,4,16
2020-12-31,5,9
2020-12-31,6,12
2020-12-31,7,26
2020-12-31,8,48
2020-12-31,9,48
2020-12-31,10,44
2020-12-31,11,48
2020-12-31,12,53
2020-12-31,13,57
2020-12-31,14,52
2020-12-31,15,48
2020-12-31,16,48
2020-12-31,17,52
2020-12-31,18,40
2020-12-31,19,40
2020-12-31,20,76
2020-12-31,21,59
2020-12-31,22,49
2020-12-31,23,22
2021-01-01,0,4
2021-01-01,1,22
2021-01-01,2,13
2021-01-01,3,0
2021-01-01,4,4
2021-01-01,5,13
2021-01-01,6,4
2021-01-01,7,35
2021-01-01,8,67
2021-01-01,9,57
2021-01-01,10,52
2021-01-01,11,48
2021-01-01,12,48
2021-01-01,13,75
2021-01-01,14,57
2021-01-01,15,57
2021-01-01,16,52
2021-01-01,17,48
2021-01-01,18,40
2021-01-01,19,36
2021-01-01,20,44
2021-01-01,21,27
2021-01-01,22,34
2021-01-01,23,40
2021-01-02,0,12
2021-01-02,1,8
2021-01-02,2,4
2021-01-02,3,4
2021-01-02,4,0
2021-01-02,5,12
2021-01-02,6,4
2021-01-02,7,22
2021-01-02,8,31
2021-01-02,9,44
2021-01-02,10,48
2021-01-02,11,53
2021-01-02,12,62
2021-01-02,13,61
2021-01-02,14,40
2021-01-02,15,40
2021-01-02,16,44
2021-01-02,17,36
2021-01-02,18,36
2021-01-02,19,36
2021-01-02,20,27
2021-01-02,21,36
2021-01-02,22,61
2021-01-02,23,36
2021-01-03,0,12
2021-01-03,1,8
2021-01-03,2,16
2021-01-03,3,12
2021-01-03,4,13
2021-01-03,5,12
2021-01-03,6,21
2021-01-03,7,48
2021-01-03,8,53
2021-01-03,9,50
2021-01-03,10,49
2021-01-03,11,58
2021-01-03,12,48
2021-01-03,13,49
2021-01-03,14,65
2021-01-03,15,49
2021-01-03,16,40
2021-01-03,17,32
2021-01-03,18,44
2021-01-03,19,31
2021-01-03,20,49
2021-01-03,21,31
2021-01-03,22,50
2021-01-03,23,39
2021-01-04,0,12
2021-01-04,1,17
2021-01-04,2,4
2021-01-04,3,22
2021-01-04,4,8
2021-01-04,5,25
2021-01-04,6,16
2021-01-04,7,30
2021-01-04,8,65
2021-01-04,9,57
2021-01-04,10,49
2021-01-04,11,44
2021-01-04,12,44
2021-01-04,13,45
2021-01-04,14,48
2021-01-04,15,57
2021-01-04,16,48
2021-01-04,17,48
2021-01-04,18,40
2021-01-04,19,36
2021-01-04,20,35
2021-01-04,21,21
2021-01-04,22,22
2021-01-04,23,31
2021-01-05,0,8
2021-01-05,1,0
2021-01-05,2,8
2021-01-05,3,8
2021-01-05,4,4
2021-01-05,5,8
2021-01-05,6,16
2021-01-05,7,27
2021-01-05,8,57
2021-01-05,9,44
2021-01-05,10,49
2021-01-05,11,48
2021-01-05,12,36
2021-01-05,13,40
2021-01-05,14,58
2021-01-05,15,44
2021-01-05,16,48
2021-01-05,17,66
2021-01-05,18,39
2021-01-05,19,35
2021-01-05,20,36
2021-01-05,21,44
2021-01-05,22,36
2021-01-05,23,40
2021-01-06,0,22
2021-01-06,1,12
2021-01-06,2,13
2021-01-06,3,26
2021-01-06,4,13
2021-01-06,5,22
2021-01-06,6,21
2021-01-06,7,41
2021-01-06,8,67
2021-01-06,9,49
2021-01-06,10,57
2021-01-06,11,44
2021-01-06,12,48
2021-01-06,13,56
2021-01-06,14,48
2021-01-06,15,57
2021-01-06,16,57
2021-01-06,17,52
2021-01-06,18,44
2021-01-06,19,40
2021-01-06,20,36
2021-01-06,21,36
2021-01-06,22,61
2021-01-06,23,27
2021-01-07,0,30
2021-01-07,1,8
2021-01-07,2,17
2021-01-07,3,8
2021-01-07,4,16
2021-01-07,5,13
2021-01-07,6,13
2021-01-07,7,36
2021-01-07,8,52
2021-01-07,9,52
2021-01-07,10,49
2021-01-07,11,62
2021-01-07,12,58
2021-01-07,13,61
2021-01-07,14,57
2021-01-07,15,48
2021-01-07,16,66
2021-01-07,17,67
2021-01-07,18,40
2021-01-07,19,40
2021-01-07,20,84
2021-01-07,21,53
2021-01-07,22,49
2021-01-07,23,17
2021-01-08,0,8
2021-01-08,1,22
2021-01-08,2,18
2021-01-08,3,0
2021-01-08,4,4
2021-01-08,5,17
2021-01-08,6,8
2021-01-08,7,31
2021-01-08,8,57
2021-01-08,9,57
2021-01-08,10,40
2021-01-08,11,48
2021-01-08,12,40
2021-01-08,13,61
2021-01-08,14,52
2021-01-08,15,57
2021-01-08,16,48
2021-01-08,17,48
2021-01-08,18,40
2021-01-08,19,36
2021-01-08,20,48
2021-01-08,21,27
2021-01-08,22,34
2021-01-08,23,36
2021-01-09,0,16
2021-01-09,1,13
2021-01-09,2,4
2021-01-09,3,4
2021-01-09,4,4
2021-01-09,5,12
2021-01-09,6,8
2021-01-09,7,27
2021-01-09,8,30
2021-01-09,9,44
2021-01-09,10,48
2021-01-09,11,53
2021-01-09,12,58
2021-01-09,13,52
2021-01-09,14,40
2021-01-09,15,40
2021-01-09,16,44
2021-01-09,17,40
2021-01-09,18,40
2021-01-09,19,44
2021-01-09,20,31
2021-01-09,21,36
2021-01-09,22,61
2021-01-09,23,44
2021-01-10,0,12
2021-01-10,1,12
2021-01-10,2,16
2021-01-10,3,17
2021-01-10,4,13
2021-01-10,5,12
2021-01-10,6,25
2021-01-10,7,48
2021-01-10,8,53
2021-01-10,9,50
2021-01-10,10,53
2021-01-10,11,58
2021-01-10,12,48
2021-01-10,13,58
2021-01-10,14,61
2021-01-10,15,49
2021-01-10,16,45
2021-01-10,17,32
2021-01-10,18,49
2021-01-10,19,31
2021-01-10,20,49
2021-01-10,21,36
2021-01-10,22,40
2021-01-10,23,39
2021-01-11,0,23
2021-01-11,1,17
2021-01-11,2,4
2021-01-11,3,26
2021-01-11,4,4
2021-01-11,5,25
2021-01-11,6,17
2021-01-11,7,34
2021-01-11,8,80
2021-01-11,9,61
2021-01-11,10,53
2021-01-11,11,48
2021-01-11,12,48
2021-01-11,13,53
2021-01-11,14,48
2021-01-11,15,57
2021-01-11,16,53
2021-01-11,17,52
2021-01-11,18,40
2021-01-11,19,40
2021-01-11,20,31
2021-01-11,21,21
2021-01-11,22,22
2021-01-11,23,31
2021-01-12,0,4
2021-01-12,1,0
2021-01-12,2,8
2021-01-12,3,8
2021-01-12,4,4
2021-01-12,5,8
2021-01-12,6,16
2021-01-12,7,27
2021-01-12,8,62
2021-01-12,9,53
2021-01-12,10,53
2021-01-12,11,48
2021-01-12,12,40
2021-01-12,13,40
2021-01-12,14,62
2021-01-12,15,44
2021-01-12,16,48
2021-01-12,17,62
2021-01-12,18,44
2021-01-12,19,35
2021-01-12,20,40
2021-01-12,21,44
2021-01-12,22,40
2021-01-12,23,40
2021-01-13,0,22
2021-01-13,1,12
2021-01-13,2,13
2021-01-13,3,26
2021-01-13,4,13
2021-01-13,5,22
2021-01-13,6,27
2021-01-13,7,41
2021-01-13,8,67
2021-01-13,9,62
2021-01-13,10,57
2021-01-13,11,53
2021-01-13,12,52
2021-01-13,13,56
2021-01-13,14,48
2021-01-13,15,57
2021-01-13,16,61
2021-01-13,17,57
2021-01-13,18,44
2021-01-13,19,40
2021-01-13,20,36
2021-01-13,21,35
2021-01-13,22,61
2021-01-13,23,27
2021-01-14,0,30
2021-01-14,1,8
2021-01-14,2,13
2021-01-14,3,13
2021-01-14,4,16
2021-01-14,5,13
2021-01-14,6,17
2021-01-14,7,31
2021-01-14,8,62
2021-01-14,9,62
2021-01-14,10,53
2021-01-14,11,43
2021-01-14,12,50
2021-01-14,13,29
2021-01-14,14,23
2021-01-14,15,25
2021-01-14,16,41
2021-01-14,17,26
2021-01-14,18,23
2021-01-14,19,23
2021-01-14,20,80
2021-01-14,21,10
2021-01-14,22,43
2021-01-14,23,14
2021-01-15,0,0
2021-01-15,1,1
2021-01-15,2,0
2021-01-15,3,2
2021-01-15,4,1
2021-01-15,5,12
2021-01-15,6,6
2021-01-15,7,35
2021-01-15,8,56
2021-01-15,9,43
2021-01-15,10,34
2021-01-15,11,27
2021-01-15,12,39
2021-01-15,13,32
2021-01-15,14,40
2021-01-15,15,31
2021-01-15,16,26
2021-01-15,17,37
2021-01-15,18,31
2021-01-15,19,27
2021-01-15,20,31
2021-01-15,21,18
2021-01-15,22,31
2021-01-15,23,38
2021-01-16,0,4
2021-01-16,1,13
2021-01-16,2,8
2021-01-16,3,4
2021-01-16,4,4
2021-01-16,5,8
2021-01-16,6,8
2021-01-16,7,27
2021-01-16,8,27
2021-01-16,9,44
2021-01-16,10,48
2021-01-16,11,49
2021-01-16,12,56
2021-01-16,13,62
2021-01-16,14,40
2021-01-16,15,40
2021-01-16,16,44
2021-01-16,17,40
2021-01-16,18,44
2021-01-16,19,40
2021-01-16,20,35
2021-01-16,21,40
2021-01-16,22,61
2021-01-16,23,40
2021-01-17,0,12
2021-01-17,1,12
2021-01-17,2,12
2021-01-17,3,13
2021-01-17,4,13
2021-01-17,5,16
2021-01-17,6,21
2021-01-17,7,48
2021-01-17,8,53
2021-01-17,9,50
2021-01-17,10,53
2021-01-17,11,58
2021-01-17,12,48
2021-01-17,13,63
2021-01-17,14,72
2021-01-17,15,49
2021-01-17,16,45
2021-01-17,17,32
2021-01-17,18,49
2021-01-17,19,35
2021-01-17,20,48
2021-01-17,21,36
2021-01-17,22,48
2021-01-17,23,39
2021-01-18,0,16
2021-01-18,1,12
2021-01-18,2,4
2021-01-18,3,21
2021-01-18,4,4
2021-01-18,5,26
2021-01-18,6,16
2021-01-18,7,35
2021-01-18,8,80
2021-01-18,9,61
2021-01-18,10,53
2021-01-18,11,44
2021-01-18,12,53
2021-01-18,13,49
2021-01-18,14,48
2021-01-18,15,57
2021-01-18,16,48
2021-01-18,17,48
2021-01-18,18,36
2021-01-18,19,31
2021-01-18,20,31
2021-01-18,21,21
2021-01-18,22,22
2021-01-18,23,30
2021-01-19,0,4
2021-01-19,1,0
2021-01-19,2,8
2021-01-19,3,8
2021-01-19,4,4
2021-01-19,5,8
2021-01-19,6,16
2021-01-19,7,26
2021-01-19,8,57
2021-01-19,9,53
2021-01-19,10,44
2021-01-19,11,48
2021-01-19,12,40
2021-01-19,13,36
2021-01-19,14,54
2021-01-19,15,44
2021-01-19,16,48
2021-01-19,17,58
2021-01-19,18,49
2021-01-19,19,35
2021-01-19,20,36
2021-01-19,21,44
2021-01-19,22,40
2021-01-19,23,40
2021-01-20,0,26
2021-01-20,1,12
2021-01-20,2,17
2021-01-20,3,26
2021-01-20,4,12
2021-01-20,5,19
2021-01-20,6,16
2021-01-20,7,40
2021-01-20,8,67
2021-01-20,9,57
2021-01-20,10,57
2021-01-20,11,48
2021-01-20,12,48
2021-01-20,13,56
2021-01-20,14,48
2021-01-20,15,57
2021-01-20,16,57
2021-01-20,17,57
2021-01-20,18,53
2021-01-20,19,40
2021-01-20,20,36
2021-01-20,21,35
2021-01-20,22,61
2021-01-20,23,27
2021-01-21,0,30
2021-01-21,1,12
2021-01-21,2,13
2021-01-21,3,13
2021-01-21,4,16
2021-01-21,5,12
2021-01-21,6,13
2021-01-21,7,35
2021-01-21,8,52
2021-01-21,9,62
2021-01-21,10,53
2021-01-21,11,62
2021-01-21,12,58
2021-01-21,13,57
2021-01-21,14,52
2021-01-21,15,48
2021-01-21,16,62
2021-01-21,17,52
2021-01-21,18,40
2021-01-21,19,36
2021-01-21,20,84
2021-01-21,21,44
2021-01-21,22,49
2021-01-21,23,21
2021-01-22,0,4
2021-01-22,1,17
2021-01-22,2,13
2021-01-22,3,0
2021-01-22,4,0
2021-01-22,5,12
2021-01-22,6,8
2021-01-22,7,35
2021-01-22,8,57
2021-01-22,9,57
2021-01-22,10,52
2021-01-22,11,44
2021-01-22,12,40
2021-01-22,13,61
2021-01-22,14,52
2021-01-22,15,48
2021-01-22,16,44
2021-01-22,17,48
2021-01-22,18,40
2021-01-22,19,36
2021-01-22,20,44
2021-01-22,21,27
2021-01-22,22,35
2021-01-22,23,40
2021-01-23,0,16
2021-01-23,1,8
2021-01-23,2,4
2021-01-23,3,4
2021-01-23,4,4
2021-01-23,5,4
2021-01-23,6,4
2021-01-23,7,27
2021-01-23,8,30
2021-01-23,9,44
2021-01-23,10,48
2021-01-23,11,53
2021-01-23,12,62
2021-01-23,13,62
2021-01-23,14,44
2021-01-23,15,40
2021-01-23,16,48
2021-01-23,17,40
2021-01-23,18,44
2021-01-23,19,44
2021-01-23,20,35
2021-01-23,21,40
2021-01-23,22,61
2021-01-23,23,44
2021-01-24,0,12
2021-01-24,1,12
2021-01-24,2,21
2021-01-24,3,17
2021-01-24,4,13
2021-01-24,5,12
2021-01-24,6,25
2021-01-24,7,44
2021-01-24,8,53
2021-01-24,9,50
2021-01-24,10,53
2021-01-24,11,58
2021-01-24,12,53
2021-01-24,13,63
2021-01-24,14,71
2021-01-24,15,49
2021-01-24,16,41
2021-01-24,17,32
2021-01-24,18,49
2021-01-24,19,31
2021-01-24,20,53
2021-01-24,21,41
2021-01-24,22,48
2021-01-24,23,39
2021-01-25,0,18
2021-01-25,1,17
2021-01-25,2,4
2021-01-25,3,21
2021-01-25,4,12
2021-01-25,5,25
2021-01-25,6,16
2021-01-25,7,39
2021-01-25,8,80
2021-01-25,9,61
2021-01-25,10,53
2021-01-25,11,48
2021-01-25,12,53
2021-01-25,13,53
2021-01-25,14,52
2021-01-25,15,57
2021-01-25,16,53
2021-01-25,17,51
2021-01-25,18,40
2021-01-25,19,36
2021-01-25,20,31
2021-01-25,21,21
2021-01-25,22,22
2021-01-25,23,31
2021-01-26,0,4
2021-01-26,1,0
2021-01-26,2,8
2021-01-26,3,8
2021-01-26,4,4
2021-01-26,5,8
2021-01-26,6,16
2021-01-26,7,31
2021-01-26,8,62
2021-01-26,9,53
2021-01-26,10,57
2021-01-26,11,52
2021-01-26,12,39
2021-01-26,13,40
2021-01-26,14,58
2021-01-26,15,44
2021-01-26,16,48
2021-01-26,17,58
2021-01-26,18,44
2021-01-26,19,35
2021-01-26,20,40
2021-01-26,21,44
2021-01-26,22,40
2021-01-26,23,40
2021-01-27,0,22
2021-01-27,1,12
2021-01-27,2,17
2021-01-27,3,26
2021-01-27,4,13
2021-01-27,5,21
2021-01-27,6,27
2021-01-27,7,41
2021-01-27,8,67
2021-01-27,9,57
2021-01-27,10,57
2021-01-27,11,48
2021-01-27,12,48
2021-01-27,13,56
2021-01-27,14,48
2021-01-27,15,56
2021-01-27,16,61
2021-01-27,17,57
2021-01-27,18,44
2021-01-27,19,40
2021-01-27,20,36
2021-01-27,21,35
2021-01-27,22,65
2021-01-27,23,27
2021-01-28,0,30
2021-01-28,1,13
2021-01-28,2,13
2021-01-28,3,12
2021-01-28,4,21
2021-01-28,5,13
2021-01-28,6,17
2021-01-28,7,36
2021-01-28,8,62
2021-01-28,9,62
2021-01-28,10,53
2021-01-28,11,39
2021-01-28,12,37
2021-01-28,13,47
2021-01-28,14,91
2021-01-28,15,90
2021-01-28,16,55
2021-01-28,17,81
2021-01-28,18,34
2021-01-28,19,61
2021-01-28,20,32
2021-01-28,21,37
2021-01-28,22,35
2021-01-28,23,42
2021-01-29,0,18
2021-01-29,1,2
2021-01-29,2,14
2021-01-29,3,4
2021-01-29,4,0
2021-01-29,5,4
2021-01-29,6,21
2021-01-29,7,24
2021-01-29,8,48
2021-01-29,9,45
2021-01-29,10,31
2021-01-29,11,25
2021-01-29,12,37
2021-01-29,13,32
2021-01-29,14,35
2021-01-29,15,34
2021-01-29,16,48
2021-01-29,17,34
2021-01-29,18,32
2021-01-29,19,29
2021-01-29,20,23
2021-01-29,21,34
2021-01-29,22,33
2021-01-29,23,57
2021-01-30,0,44
2021-01-30,1,14
2021-01-30,2,23
2021-01-30,3,42
2021-01-30,4,50
2021-01-30,5,37
2021-01-30,6,18
2021-01-30,7,46
2021-01-30,8,54
2021-01-30,9,75
2021-01-30,10,60
2021-01-30,11,76
2021-01-30,12,69
2021-01-30,13,66
2021-01-30,14,95
2021-01-30,15,107
2021-01-30,16,88
2021-01-30,17,63
2021-01-30,18,72
2021-01-30,19,48
2021-01-30,20,47
2021-01-30,21,32
2021-01-30,22,38
2021-01-30,23,22
2021-01-31,0,27
2021-01-31,1,47
2021-01-31,2,30
2021-01-31,3,2
2021-01-31,4,5
2021-01-31,5,10
2021-01-31,6,21
2021-01-31,7,29
2021-01-31,8,33
2021-01-31,9,29
2021-01-31,10,51
2021-01-31,11,52
2021-01-31,12,50
2021-01-31,13,66
2021-01-31,14,87
2021-01-31,15,92
2021-01-31,16,51
2021-01-31,17,38
2021-01-31,18,36
2021-01-31,19,28
2021-01-31,20,24
2021-01-31,21,31
2021-01-31,22,27
2021-01-31,23,11
2021-02-01,0,3
2021-02-01,1,18
2021-02-01,2,2
2021-02-01,3,3
2021-02-01,4,2
2021-02-01,5,13
2021-02-01,6,10
2021-02-01,7,37
2021-02-01,8,52
2021-02-01,9,45
2021-02-01,10,49
2021-02-01,11,35
2021-02-01,12,37
2021-02-01,13,28
2021-02-01,14,31
2021-02-01,15,27
2021-02-01,16,45
2021-02-01,17,41
2021-02-01,18,27
2021-02-01,19,17
2021-02-01,20,18
2021-02-01,21,21
2021-02-01,22,22
2021-02-01,23,27
2021-02-02,0,3
2021-02-02,1,13
2021-02-02,2,2
2021-02-02,3,0
2021-02-02,4,0
2021-02-02,5,10
2021-02-02,6,9
2021-02-02,7,20
2021-02-02,8,43
2021-02-02,9,34
2021-02-02,10,38
2021-02-02,11,23
2021-02-02,12,36
2021-02-02,13,26
2021-02-02,14,35
2021-02-02,15,30
2021-02-02,16,37
2021-02-02,17,46
2021-02-02,18,40
2021-02-02,19,33
2021-02-02,20,17
2021-02-02,21,29
2021-02-02,22,40
2021-02-02,23,28
2021-02-03,0,3
2021-02-03,1,1
2021-02-03,2,3
2021-02-03,3,1
2021-02-03,4,0
2021-02-03,5,10
2021-02-03,6,11
2021-02-03,7,29
2021-02-03,8,57
2021-02-03,9,55
2021-02-03,10,42
2021-02-03,11,30
2021-02-03,12,33
2021-02-03,13,57
2021-02-03,14,42
2021-02-03,15,48
2021-02-03,16,48
2021-02-03,17,31
2021-02-03,18,23
2021-02-03,19,16
2021-02-03,20,19
2021-02-03,21,35
2021-02-03,22,65
2021-02-03,23,21
2021-02-04,0,2
2021-02-04,1,0
2021-02-04,2,3
2021-02-04,3,7
2021-02-04,4,0
2021-02-04,5,8
2021-02-04,6,10
2021-02-04,7,31
2021-02-04,8,50
2021-02-04,9,48
2021-02-04,10,33
2021-02-04,11,31
2021-02-04,12,40
2021-02-04,13,42
2021-02-04,14,49
2021-02-04,15,34
2021-02-04,16,65
2021-02-04,17,37
2021-02-04,18,27
2021-02-04,19,32
2021-02-04,20,24
2021-02-04,21,45
2021-02-04,22,44
2021-02-04,23,15
2021-02-05,0,4
2021-02-05,1,1
2021-02-05,2,1
2021-02-05,3,0
2021-02-05,4,1
2021-02-05,5,9
2021-02-05,6,6
2021-02-05,7,32
2021-02-05,8,55
2021-02-05,9,62
2021-02-05,10,67
2021-02-05,11,74
2021-02-05,12,49
2021-02-05,13,34
2021-02-05,14,45
2021-02-05,15,40
2021-02-05,16,38
2021-02-05,17,43
2021-02-05,18,59
2021-02-05,19,68
2021-02-05,20,47
2021-02-05,21,37
2021-02-05,22,49
2021-02-05,23,39
2021-02-06,0,2
2021-02-06,1,8
2021-02-06,2,10
2021-02-06,3,14
2021-02-06,4,15
2021-02-06,5,17
2021-02-06,6,3
2021-02-06,7,26
2021-02-06,8,30
2021-02-06,9,49
2021-02-06,10,18
2021-02-06,11,28
2021-02-06,12,67
2021-02-06,13,48
2021-02-06,14,57
2021-02-06,15,19
2021-02-06,16,51
2021-02-06,17,16
2021-02-06,18,10
2021-02-06,19,22
2021-02-06,20,18
2021-02-06,21,29
2021-02-06,22,25
2021-02-06,23,14
2021-02-07,0,4
2021-02-07,1,0
2021-02-07,2,3
2021-02-07,3,0
2021-02-07,4,2
2021-02-07,5,25
2021-02-07,6,8
2021-02-07,7,25
2021-02-07,8,23
2021-02-07,9,42
2021-02-07,10,53
2021-02-07,11,62
2021-02-07,12,21
2021-02-07,13,25
2021-02-07,14,19
2021-02-07,15,29
2021-02-07,16,23
2021-02-07,17,34
2021-02-07,18,17
2021-02-07,19,26
2021-02-07,20,27
2021-02-07,21,31
2021-02-07,22,40
2021-02-07,23,27
2021-02-08,0,6
2021-02-08,1,0
2021-02-08,2,2
2021-02-08,3,0
2021-02-08,4,10
2021-02-08,5,9
2021-02-08,6,15
2021-02-08,7,39
2021-02-08,8,54
2021-02-08,9,59
2021-02-08,10,53
2021-02-08,11,23
2021-02-08,12,29
2021-02-08,13,69
2021-02-08,14,34
2021-02-08,15,61
2021-02-08,16,42
2021-02-08,17,63
2021-02-08,18,33
2021-02-08,19,28
2021-02-08,20,14
2021-02-08,21,18
2021-02-08,22,17
2021-02-08,23,30
2021-02-09,0,5
2021-02-09,1,0
2021-02-09,2,0
2021-02-09,3,0
2021-02-09,4,2
2021-02-09,5,6
2021-02-09,6,10
2021-02-09,7,50
2021-02-09,8,54
2021-02-09,9,48
2021-02-09,10,21
2021-02-09,11,26
2021-02-09,12,33
2021-02-09,13,37
2021-02-09,14,25
2021-02-09,15,36
2021-02-09,16,24
2021-02-09,17,19
2021-02-09,18,19
2021-02-09,19,35
2021-02-09,20,36
2021-02-09,21,37
2021-02-09,22,41
2021-02-09,23,48
2021-02-10,0,7
2021-02-10,1,2
2021-02-10,2,3
2021-02-10,3,1
2021-02-10,4,8
2021-02-10,5,7
2021-02-10,6,8
2021-02-10,7,33
2021-02-10,8,45
2021-02-10,9,71
2021-02-10,10,62
2021-02-10,11,93
2021-02-10,12,45
2021-02-10,13,42
2021-02-10,14,39
2021-02-10,15,65
2021-02-10,16,114
2021-02-10,17,65
2021-02-10,18,44
2021-02-10,19,31
2021-02-10,20,24
2021-02-10,21,26
2021-02-10,22,50
2021-02-10,23,66
2021-02-11,0,82
2021-02-11,1,78
2021-02-11,2,39
2021-02-11,3,6
2021-02-11,4,4
2021-02-11,5,8
2021-02-11,6,35
2021-02-11,7,39
2021-02-11,8,82
2021-02-11,9,49
2021-02-11,10,24
2021-02-11,11,31
2021-02-11,12,36
2021-02-11,13,43
2021-02-11,14,33
2021-02-11,15,28
2021-02-11,16,44
2021-02-11,17,29
2021-02-11,18,44
2021-02-11,19,29
2021-02-11,20,13
2021-02-11,21,39
2021-02-11,22,44
2021-02-11,23,16
2021-02-12,0,3
2021-02-12,1,4
2021-02-12,2,2
2021-02-12,3,1
2021-02-12,4,1
2021-02-12,5,10
2021-02-12,6,7
2021-02-12,7,26
2021-02-12,8,40
2021-02-12,9,62
2021-02-12,10,77
2021-02-12,11,30
2021-02-12,12,43
2021-02-12,13,38
2021-02-12,14,46
2021-02-12,15,39
2021-02-12,16,39
2021-02-12,17,29
2021-02-12,18,26
2021-02-12,19,17
2021-02-12,20,21
2021-02-12,21,21
2021-02-12,22,34
2021-02-12,23,40
2021-02-13,0,3
2021-02-13,1,1
2021-02-13,2,2
2021-02-13,3,0
2021-02-13,4,1
2021-02-13,5,5
2021-02-13,6,6
2021-02-13,7,25
2021-02-13,8,35
2021-02-13,9,25
2021-02-13,10,44
2021-02-13,11,53
2021-02-13,12,67
2021-02-13,13,57
2021-02-13,14,48
2021-02-13,15,38
2021-02-13,16,24
2021-02-13,17,14
2021-02-13,18,20
2021-02-13,19,25
2021-02-13,20,25
2021-02-13,21,36
2021-02-13,22,45
2021-02-13,23,31
2021-02-14,0,7
2021-02-14,1,3
2021-02-14,2,0
2021-02-14,3,2
2021-02-14,4,6
2021-02-14,5,16
2021-02-14,6,7
2021-02-14,7,44
2021-02-14,8,48
2021-02-14,9,50
2021-02-14,10,53
2021-02-14,11,62
2021-02-14,12,44
2021-02-14,13,53
2021-02-14,14,56
2021-02-14,15,49
2021-02-14,16,34
2021-02-14,17,35
2021-02-14,18,29
2021-02-14,19,29
2021-02-14,20,44
2021-02-14,21,36
2021-02-14,22,39
2021-02-14,23,28
2021-02-15,0,2
2021-02-15,1,3
2021-02-15,2,1
2021-02-15,3,1
2021-02-15,4,4
2021-02-15,5,5
2021-02-15,6,11
2021-02-15,7,42
2021-02-15,8,46
2021-02-15,9,51
2021-02-15,10,25
2021-02-15,11,61
2021-02-15,12,36
2021-02-15,13,46
2021-02-15,14,24
2021-02-15,15,24
2021-02-15,16,35
2021-02-15,17,33
2021-02-15,18,23
2021-02-15,19,24
2021-02-15,20,13
2021-02-15,21,21
2021-02-15,22,21
2021-02-15,23,24
2021-02-16,0,3
2021-02-16,1,1
2021-02-16,2,1
2021-02-16,3,4
2021-02-16,4,0
2021-02-16,5,3
2021-02-16,6,14
2021-02-16,7,29
2021-02-16,8,58
2021-02-16,9,46
2021-02-16,10,38
2021-02-16,11,22
2021-02-16,12,24
2021-02-16,13,26
2021-02-16,14,34
2021-02-16,15,31
2021-02-16,16,34
2021-02-16,17,33
2021-02-16,18,43
2021-02-16,19,32
2021-02-16,20,26
2021-02-16,21,32
2021-02-16,22,40
2021-02-16,23,36
2021-02-17,0,3
2021-02-17,1,0
2021-02-17,2,1
2021-02-17,3,0
2021-02-17,4,0
2021-02-17,5,7
2021-02-17,6,11
2021-02-17,7,29
2021-02-17,8,62
2021-02-17,9,30
2021-02-17,10,32
2021-02-17,11,25
2021-02-17,12,36
2021-02-17,13,39
2021-02-17,14,32
2021-02-17,15,40
2021-02-17,16,59
2021-02-17,17,48
2021-02-17,18,35
2021-02-17,19,27
2021-02-17,20,30
2021-02-17,21,53
2021-02-17,22,27
2021-02-17,23,31
2021-02-18,0,61
2021-02-18,1,115
2021-02-18,2,18
2021-02-18,3,38
2021-02-18,4,10
2021-02-18,5,33
2021-02-18,6,32
2021-02-18,7,58
2021-02-18,8,74
2021-02-18,9,50
2021-02-18,10,54
2021-02-18,11,64
2021-02-18,12,57
2021-02-18,13,34
2021-02-18,14,50
2021-02-18,15,39
2021-02-18,16,107
2021-02-18,17,31
2021-02-18,18,69
2021-02-18,19,45
2021-02-18,20,77
2021-02-18,21,32
2021-02-18,22,45
2021-02-18,23,24
2021-02-19,0,58
2021-02-19,1,42
2021-02-19,2,7
2021-02-19,3,6
2021-02-19,4,32
2021-02-19,5,24
2021-02-19,6,39
2021-02-19,7,35
2021-02-19,8,91
2021-02-19,9,44
2021-02-19,10,87
2021-02-19,11,59
2021-02-19,12,51
2021-02-19,13,38
2021-02-19,14,27
2021-02-19,15,34
2021-02-19,16,54
2021-02-19,17,43
2021-02-19,18,46
2021-02-19,19,53
2021-02-19,20,73
2021-02-19,21,36
2021-02-19,22,24
2021-02-19,23,41
2021-02-20,0,13
2021-02-20,1,0
2021-02-20,2,1
2021-02-20,3,1
2021-02-20,4,16
2021-02-20,5,11
2021-02-20,6,3
2021-02-20,7,18
2021-02-20,8,16
2021-02-20,9,36
2021-02-20,10,48
2021-02-20,11,42
2021-02-20,12,29
2021-02-20,13,45
2021-02-20,14,42
2021-02-20,15,20
2021-02-20,16,24
2021-02-20,17,22
2021-02-20,18,14
2021-02-20,19,50
2021-02-20,20,33
2021-02-20,21,31
2021-02-20,22,31
2021-02-20,23,28
2021-02-21,0,10
2021-02-21,1,13
2021-02-21,2,2
2021-02-21,3,3
2021-02-21,4,0
2021-02-21,5,6
2021-02-21,6,18
2021-02-21,7,36
2021-02-21,8,59
2021-02-21,9,47
2021-02-21,10,59
2021-02-21,11,60
2021-02-21,12,19
2021-02-21,13,29
2021-02-21,14,41
2021-02-21,15,83
2021-02-21,16,115
2021-02-21,17,70
2021-02-21,18,108
2021-02-21,19,65
2021-02-21,20,60
2021-02-21,21,86
2021-02-21,22,41
2021-02-21,23,52
2021-02-22,0,17
2021-02-22,1,52
2021-02-22,2,17
2021-02-22,3,23
2021-02-22,4,54
2021-02-22,5,27
2021-02-22,6,14
2021-02-22,7,42
2021-02-22,8,57
2021-02-22,9,75
2021-02-22,10,47
2021-02-22,11,54
2021-02-22,12,29
2021-02-22,13,34
2021-02-22,14,31
2021-02-22,15,33
2021-02-22,16,36
2021-02-22,17,42
2021-02-22,18,39
2021-02-22,19,19
2021-02-22,20,17
2021-02-22,21,21
2021-02-22,22,22
2021-02-22,23,27
2021-02-23,0,9
2021-02-23,1,17
2021-02-23,2,18
2021-02-23,3,8
2021-02-23,4,0
2021-02-23,5,17
2021-02-23,8,52
2021-02-23,9,40
2021-02-23,10,34
2021-02-23,11,30
2021-02-23,12,38
2021-02-23,13,35
2021-02-23,14,25
2021-02-23,15,39
2021-02-23,16,54
2021-02-23,17,38
2021-02-23,18,44
2021-02-23,19,29
2021-02-23,20,20
2021-02-23,21,30
2021-02-23,22,26
2021-02-23,23,28
2021-02-24,0,17
2021-02-24,1,4
2021-02-24,2,12
2021-02-24,3,12
2021-02-24,4,8
2021-02-24,5,12
2021-02-24,6,16
2021-02-24,7,103
2021-02-24,8,123
2021-02-24,9,86
2021-02-24,10,45
2021-02-24,11,94
2021-02-24,12,65
2021-02-24,13,43
2021-02-24,14,28
2021-02-24,15,36
2021-02-24,16,34
2021-02-24,17,37
2021-02-24,18,34
2021-02-24,19,30
2021-02-24,20,18
2021-02-24,21,15
2021-02-24,22,52
2021-02-24,23,19
2021-02-25,0,47
2021-02-25,1,30
2021-02-25,2,31
2021-02-25,3,13
2021-02-25,4,20
2021-02-25,5,12
2021-02-25,6,30
2021-02-25,7,30
2021-02-25,8,70
2021-02-25,9,62
2021-02-25,10,40
2021-02-25,11,27
2021-02-25,12,34
2021-02-25,13,37
2021-02-25,14,37
2021-02-25,15,45
2021-02-25,16,44
2021-02-25,17,58
2021-02-25,18,55
2021-02-25,19,25
2021-02-25,20,136
2021-02-25,21,88
2021-02-25,22,51
2021-02-25,23,20
2021-02-26,0,41
2021-02-26,1,34
2021-02-26,2,35
2021-02-26,3,21
2021-02-26,4,22
2021-02-26,5,76
2021-02-26,6,110
2021-02-26,7,87
2021-02-26,8,86
2021-02-26,9,98
2021-02-26,10,51
2021-02-26,11,43
2021-02-26,12,59
2021-02-26,13,95
2021-02-26,14,73
2021-02-26,15,57
2021-02-26,16,49
2021-02-26,17,60
2021-02-26,18,121
2021-02-26,19,47
2021-02-26,20,53
2021-02-26,21,53
2021-02-26,22,85
2021-02-26,23,64
2021-02-27,0,11
2021-02-27,1,32
2021-02-27,2,28
2021-02-27,3,19
2021-02-27,4,3
2021-02-27,5,4
2021-02-27,6,10
2021-02-27,7,22
2021-02-27,8,22
2021-02-27,9,48
2021-02-27,10,48
2021-02-27,11,53
2021-02-27,12,57
2021-02-27,13,31
2021-02-27,14,35
2021-02-27,15,31
2021-02-27,16,48
2021-02-27,17,36
2021-02-27,18,36
2021-02-27,19,40
2021-02-27,20,20
2021-02-27,21,32
2021-02-27,22,45
2021-02-27,23,35
2021-02-28,0,1
2021-02-28,1,3
2021-02-28,2,1
2021-02-28,3,0
2021-02-28,4,1
2021-02-28,5,0
2021-02-28,6,8
2021-02-28,7,44
2021-02-28,8,44
2021-02-28,9,44
2021-02-28,10,53
2021-02-28,11,58
2021-02-28,12,35
2021-02-28,13,49
2021-02-28,14,52
2021-02-28,15,57
2021-02-28,16,46
2021-02-28,17,45
2021-02-28,18,53
2021-02-28,19,36
2021-02-28,20,45
2021-02-28,21,49
2021-02-28,22,40
2021-02-28,23,31
2021-03-01,0,3
2021-03-01,1,18
2021-03-01,2,20
2021-03-01,3,54
2021-03-01,4,15
2021-03-01,5,22
2021-03-01,6,40
2021-03-01,7,53
2021-03-01,8,81
2021-03-01,9,136
2021-03-01,10,51
2021-03-01,11,64
2021-03-01,12,139
2021-03-01,13,37
2021-03-01,14,30
2021-03-01,15,41
2021-03-01,16,72
2021-03-01,17,51
2021-03-01,18,41
2021-03-01,19,39
2021-03-01,20,33
2021-03-01,21,35
2021-03-01,22,50
2021-03-01,23,57
2021-03-02,0,17
2021-03-02,1,13
2021-03-02,2,11
2021-03-02,3,14
2021-03-02,4,12
2021-03-02,5,5
2021-03-02,6,25
2021-03-02,7,27
2021-03-02,8,74
2021-03-02,9,73
2021-03-02,10,51
2021-03-02,11,36
2021-03-02,12,44
2021-03-02,13,44
2021-03-02,14,41
2021-03-02,15,36
2021-03-02,16,44
2021-03-02,17,49
2021-03-02,18,40
2021-03-02,19,32
2021-03-02,20,32
2021-03-02,21,36
2021-03-02,22,36
2021-03-02,23,35
2021-03-03,0,18
2021-03-03,1,4
2021-03-03,2,12
2021-03-03,3,12
2021-03-03,4,8
2021-03-03,5,16
2021-03-03,6,16
2021-03-03,7,36
2021-03-03,8,72
2021-03-03,9,58
2021-03-03,10,53
2021-03-03,11,57
2021-03-03,12,48
2021-03-03,13,52
2021-03-03,14,48
2021-03-03,15,57
2021-03-03,16,66
2021-03-03,17,53
2021-03-03,18,44
2021-03-03,19,36
2021-03-03,20,27
2021-03-03,21,31
2021-03-03,22,48
2021-03-03,23,27
2021-03-04,0,39
2021-03-04,1,40
2021-03-04,2,21
2021-03-04,3,16
2021-03-04,4,16
2021-03-04,5,12
2021-03-04,6,21
2021-03-04,7,40
2021-03-04,8,62
2021-03-04,9,52
2021-03-04,10,48
2021-03-04,11,48
2021-03-04,12,44
2021-03-04,13,44
2021-03-04,14,44
2021-03-04,15,40
2021-03-04,16,70
2021-03-04,17,52
2021-03-04,18,44
2021-03-04,19,40
2021-03-04,20,75
2021-03-04,21,54
2021-03-04,22,49
2021-03-04,23,18
2021-03-05,0,17
2021-03-05,1,16
2021-03-05,2,17
2021-03-05,3,8
2021-03-05,4,8
2021-03-05,5,26
2021-03-05,6,26
2021-03-05,7,35
2021-03-05,8,67
2021-03-05,9,58
2021-03-05,10,53
2021-03-05,11,45
2021-03-05,12,44
2021-03-05,13,53
2021-03-05,14,53
2021-03-05,15,44
2021-03-05,16,44
2021-03-05,17,48
2021-03-05,18,49
2021-03-05,19,40
2021-03-05,20,48
2021-03-05,21,32
2021-03-05,22,44
2021-03-05,23,44
2021-03-06,0,13
2021-03-06,1,4
2021-03-06,2,12
2021-03-06,3,12
2021-03-06,4,8
2021-03-06,5,4
2021-03-06,6,0
2021-03-06,7,22
2021-03-06,8,22
2021-03-06,9,48
2021-03-06,10,48
2021-03-06,11,53
2021-03-06,12,52
2021-03-06,13,52
2021-03-06,14,49
2021-03-06,15,36
2021-03-06,16,48
2021-03-06,17,36
2021-03-06,18,36
2021-03-06,19,40
2021-03-06,20,36
2021-03-06,21,32
2021-03-06,22,45
2021-03-06,23,35
2021-03-07,0,12
2021-03-07,1,8
2021-03-07,2,8
2021-03-07,3,0
2021-03-07,4,4
2021-03-07,5,4
2021-03-07,6,13
2021-03-07,7,44
2021-03-07,8,44
2021-03-07,9,45
2021-03-07,10,53
2021-03-07,11,58
2021-03-07,12,40
2021-03-07,13,49
2021-03-07,14,52
2021-03-07,15,57
2021-03-07,16,54
2021-03-07,17,49
2021-03-07,18,57
2021-03-07,19,40
2021-03-07,20,45
2021-03-07,21,55
2021-03-07,22,45
2021-03-07,23,35
2021-03-08,0,12
2021-03-08,1,22
2021-03-08,2,8
2021-03-08,3,18
2021-03-08,4,9
2021-03-08,5,16
2021-03-08,6,23
2021-03-08,7,40
2021-03-08,8,66
2021-03-08,9,72
2021-03-08,10,48
2021-03-08,11,53
2021-03-08,12,58
2021-03-08,13,44
2021-03-08,14,36
2021-03-08,15,32
2021-03-08,16,40
2021-03-08,17,44
2021-03-08,18,35
2021-03-08,19,21
2021-03-08,20,26
2021-03-08,21,26
2021-03-08,22,26
2021-03-08,23,26
2021-03-09,0,0
2021-03-09,1,4
2021-03-09,2,21
2021-03-09,3,21
2021-03-09,4,21
2021-03-09,5,9
2021-03-09,6,12
2021-03-09,7,31
2021-03-09,8,56
2021-03-09,9,45
2021-03-09,10,44
2021-03-09,11,36
2021-03-09,12,32
2021-03-09,13,36
2021-03-09,14,41
2021-03-09,15,36
2021-03-09,16,40
2021-03-09,17,40
2021-03-09,18,35
2021-03-09,19,36
2021-03-09,20,31
2021-03-09,21,40
2021-03-09,22,36
2021-03-09,23,36
2021-03-10,0,12
2021-03-10,1,17
2021-03-10,2,26
2021-03-10,3,21
2021-03-10,4,8
2021-03-10,5,17
2021-03-10,6,17
2021-03-10,7,45
2021-03-10,8,72
2021-03-10,9,58
2021-03-10,10,44
2021-03-10,11,57
2021-03-10,12,43
2021-03-10,13,52
2021-03-10,14,11
2021-03-10,15,0
2021-03-10,16,0
2021-03-10,17,0
2021-03-10,18,0
2021-03-10,19,0
2021-03-10,20,0
2021-03-10,21,0
2021-03-10,22,0
2021-03-10,23,0
2021-03-11,0,0
2021-03-11,1,0
2021-03-11,2,0
2021-03-11,3,0
2021-03-11,4,0
2021-03-11,5,0
2021-03-11,6,0
2021-03-11,7,0
2021-03-11,8,41
2021-03-11,9,52
2021-03-11,10,44
2021-03-11,11,44
2021-03-11,12,44
2021-03-11,13,44
2021-03-11,14,44
2021-03-11,15,40
2021-03-11,16,66
2021-03-11,17,52
2021-03-11,18,40
2021-03-11,19,36
2021-03-11,20,75
2021-03-11,21,45
2021-03-11,22,45
2021-03-11,23,17
2021-03-12,0,12
2021-03-12,1,16
2021-03-12,2,12
2021-03-12,3,8
2021-03-12,4,4
2021-03-12,5,26
2021-03-12,6,22
2021-03-12,7,31
2021-03-12,8,57
2021-03-12,9,58
2021-03-12,10,53
2021-03-12,11,41
2021-03-12,12,44
2021-03-12,13,45
2021-03-12,14,44
2021-03-12,15,44
2021-03-12,16,40
2021-03-12,17,44
2021-03-12,18,54
2021-03-12,19,40
2021-03-12,20,40
2021-03-12,21,26
2021-03-12,22,36
2021-03-12,23,40
2021-03-13,0,12
2021-03-13,1,4
2021-03-13,2,12
2021-03-13,3,12
2021-03-13,4,4
2021-03-13,5,8
2021-03-13,6,0
2021-03-13,7,21
2021-03-13,8,21
2021-03-13,9,40
2021-03-13,10,44
2021-03-13,11,49
2021-03-13,12,62
2021-03-13,13,52
2021-03-13,14,44
2021-03-13,15,40
2021-03-13,16,44
2021-03-13,17,36
2021-03-13,18,36
2021-03-13,19,40
2021-03-13,20,36
2021-03-13,21,36
2021-03-13,22,45
2021-03-13,23,31
2021-03-14,0,12
2021-03-14,1,4
2021-03-14,2,8
2021-03-14,3,0
2021-03-14,4,4
2021-03-14,5,8
2021-03-14,6,13
2021-03-14,7,40
2021-03-14,8,43
2021-03-14,9,45
2021-03-14,10,53
2021-03-14,11,62
2021-03-14,12,40
2021-03-14,13,45
2021-03-14,14,52
2021-03-14,15,53
2021-03-14,16,50
2021-03-14,17,45
2021-03-14,18,53
2021-03-14,19,35
2021-03-14,20,44
2021-03-14,21,39
2021-03-14,22,39
2021-03-14,23,35
2021-03-15,0,12
2021-03-15,1,13
2021-03-15,2,8
2021-03-15,3,12
2021-03-15,4,9
2021-03-15,5,21
2021-03-15,6,23
2021-03-15,7,35
2021-03-15,8,72
2021-03-15,9,72
2021-03-15,10,44
2021-03-15,11,49
2021-03-15,12,58
2021-03-15,13,40
2021-03-15,14,36
2021-03-15,15,40
2021-03-15,16,44
2021-03-15,17,48
2021-03-15,18,40
2021-03-15,19,24
2021-03-15,20,22
2021-03-15,21,21
2021-03-15,22,27
2021-03-15,23,36
2021-03-16,0,8
2021-03-16,1,0
2021-03-16,2,4
2021-03-16,3,4
2021-03-16,4,0
2021-03-16,5,4
2021-03-16,6,12
2021-03-16,7,30
2021-03-16,8,58
2021-03-16,9,49
2021-03-16,10,36
2021-03-16,11,36
2021-03-16,12,36
2021-03-16,13,40
2021-03-16,14,41
2021-03-16,15,36
2021-03-16,16,36
2021-03-16,17,40
2021-03-16,18,40
2021-03-16,19,32
2021-03-16,20,27
2021-03-16,21,36
2021-03-16,22,36
2021-03-16,23,35
2021-03-17,0,12
2021-03-17,1,4
2021-03-17,2,8
2021-03-17,3,12
2021-03-17,4,4
2021-03-17,5,12
2021-03-17,6,16
2021-03-17,7,35
2021-03-17,8,68
2021-03-17,9,53
2021-03-17,10,44
2021-03-17,11,49
2021-03-17,12,44
2021-03-17,13,48
2021-03-17,14,31
2021-03-17,15,57
2021-03-17,16,57
2021-03-17,17,52
2021-03-17,18,44
2021-03-17,19,28
2021-03-17,20,23
2021-03-17,21,27
2021-03-17,22,48
2021-03-17,23,27
2021-03-18,0,39
2021-03-18,1,36
2021-03-18,2,17
2021-03-18,3,16
2021-03-18,4,16
2021-03-18,5,8
2021-03-18,6,21
2021-03-18,7,35
2021-03-18,8,66
2021-03-18,9,52
2021-03-18,10,44
2021-03-18,11,44
2021-03-18,12,44
2021-03-18,13,44
2021-03-18,14,53
2021-03-18,15,44
2021-03-18,16,69
2021-03-18,17,52
2021-03-18,18,48
2021-03-18,19,40
2021-03-18,20,106
2021-03-18,21,50
2021-03-18,22,44
2021-03-18,23,23
2021-03-19,0,12
2021-03-19,1,21
2021-03-19,2,17
2021-03-19,3,8
2021-03-19,4,8
2021-03-19,5,26
2021-03-19,6,31
2021-03-19,7,39
2021-03-19,8,62
2021-03-19,9,58
2021-03-19,10,53
2021-03-19,11,41
2021-03-19,12,49
2021-03-19,13,57
2021-03-19,14,44
2021-03-19,15,44
2021-03-19,16,48
2021-03-19,17,44
2021-03-19,18,49
2021-03-19,19,36
2021-03-19,20,48
2021-03-19,21,27
2021-03-19,22,40
2021-03-19,23,44
2021-03-20,0,13
2021-03-20,1,8
2021-03-20,2,12
2021-03-20,3,12
2021-03-20,4,8
2021-03-20,5,8
2021-03-20,6,0
2021-03-20,7,22
2021-03-20,8,22
2021-03-20,9,40
2021-03-20,10,44
2021-03-20,11,49
2021-03-20,12,48
2021-03-20,13,48
2021-03-20,14,49
2021-03-20,15,36
2021-03-20,16,40
2021-03-20,17,32
2021-03-20,18,36
2021-03-20,19,40
2021-03-20,20,36
2021-03-20,21,32
2021-03-20,22,45
2021-03-20,23,27
2021-03-21,0,12
2021-03-21,1,4
2021-03-21,2,4
2021-03-21,3,0
2021-03-21,4,4
2021-03-21,5,8
2021-03-21,6,13
2021-03-21,7,40
2021-03-21,8,44
2021-03-21,9,44
2021-03-21,10,53
2021-03-21,11,54
2021-03-21,12,40
2021-03-21,13,45
2021-03-21,14,52
2021-03-21,15,57
2021-03-21,16,50
2021-03-21,17,45
2021-03-21,18,53
2021-03-21,19,36
2021-03-21,20,48
2021-03-21,21,44
2021-03-21,22,36
2021-03-21,23,35
2021-03-22,0,8
2021-03-22,1,17
2021-03-22,2,4
2021-03-22,3,19
2021-03-22,4,13
2021-03-22,5,16
2021-03-22,6,23
2021-03-22,7,35
2021-03-22,8,72
2021-03-22,9,72
2021-03-22,10,44
2021-03-22,11,49
2021-03-22,12,58
2021-03-22,13,40
2021-03-22,14,36
2021-03-22,15,40
2021-03-22,16,53
2021-03-22,17,48
2021-03-22,18,40
2021-03-22,19,24
2021-03-22,20,27
2021-03-22,21,21
2021-03-22,22,28
2021-03-22,23,32
2021-03-23,0,0
2021-03-23,1,8
2021-03-23,2,8
2021-03-23,3,4
2021-03-23,4,0
2021-03-23,5,12
2021-03-23,6,12
2021-03-23,7,27
2021-03-23,8,62
2021-03-23,9,49
2021-03-23,10,40
2021-03-23,11,36
2021-03-23,12,36
2021-03-23,13,36
2021-03-23,14,41
2021-03-23,15,36
2021-03-23,16,40
2021-03-23,17,40
2021-03-23,18,35
2021-03-23,19,31
2021-03-23,20,31
2021-03-23,21,32
2021-03-23,22,36
2021-03-23,23,34
2021-03-24,0,17
2021-03-24,1,4
2021-03-24,2,13
2021-03-24,3,8
2021-03-24,4,8
2021-03-24,5,16
2021-03-24,6,16
2021-03-24,7,35
2021-03-24,8,71
2021-03-24,9,58
2021-03-24,10,44
2021-03-24,11,61
2021-03-24,12,48
2021-03-24,13,52
2021-03-24,14,36
2021-03-24,15,52
2021-03-24,16,66
2021-03-24,17,57
2021-03-24,18,40
2021-03-24,19,36
2021-03-24,20,31
2021-03-24,21,27
2021-03-24,22,48
2021-03-24,23,31
2021-03-25,0,39
2021-03-25,1,40
2021-03-25,2,17
2021-03-25,3,16
2021-03-25,4,16
2021-03-25,5,12
2021-03-25,6,26
2021-03-25,7,40
2021-03-25,8,66
2021-03-25,9,57
2021-03-25,10,48
2021-03-25,11,48
2021-03-25,12,35
2021-03-25,13,48
2021-03-25,14,44
2021-03-25,15,45
2021-03-25,16,70
2021-03-25,17,52
2021-03-25,18,40
2021-03-25,19,32
2021-03-25,20,79
2021-03-25,21,54
2021-03-25,22,40
2021-03-25,23,18
2021-03-26,0,17
2021-03-26,1,16
2021-03-26,2,17
2021-03-26,3,4
2021-03-26,4,4
2021-03-26,5,26
2021-03-26,6,31
2021-03-26,7,35
2021-03-26,8,71
2021-03-26,9,58
2021-03-26,10,53
2021-03-26,11,41
2021-03-26,12,48
2021-03-26,13,53
2021-03-26,14,53
2021-03-26,15,44
2021-03-26,16,44
2021-03-26,17,44
2021-03-26,18,53
2021-03-26,19,40
2021-03-26,20,48
2021-03-26,21,27
2021-03-26,22,44
2021-03-26,23,44
2021-03-27,0,12
2021-03-27,1,8
2021-03-27,2,17
2021-03-27,3,12
2021-03-27,4,8
2021-03-27,5,8
2021-03-27,6,0
2021-03-27,7,21
2021-03-27,8,21
2021-03-27,9,36
2021-03-27,10,44
2021-03-27,11,49
2021-03-27,12,52
2021-03-27,13,52
2021-03-27,14,48
2021-03-27,15,31
2021-03-27,16,44
2021-03-27,17,36
2021-03-27,18,36
2021-03-27,19,40
2021-03-27,20,36
2021-03-27,21,36
2021-03-27,22,45
2021-03-27,23,31
2021-03-28,0,12
2021-03-28,1,8
2021-03-28,2,4
2021-03-28,3,4
2021-03-28,4,8
2021-03-28,5,18
2021-03-28,6,69
2021-03-28,7,44
2021-03-28,8,45
2021-03-28,9,53
2021-03-28,10,62
2021-03-28,11,40
2021-03-28,12,49
2021-03-28,13,52
2021-03-28,14,53
2021-03-28,15,50
2021-03-28,16,45
2021-03-28,17,49
2021-03-28,18,36
2021-03-28,19,45
2021-03-28,20,39
2021-03-28,21,40
2021-03-28,22,35
2021-03-28,23,12
2021-03-29,0,17
2021-03-29,1,8
2021-03-29,2,18
2021-03-29,3,9
2021-03-29,4,16
2021-03-29,5,23
2021-03-29,6,40
2021-03-29,7,76
2021-03-29,8,72
2021-03-29,9,48
2021-03-29,10,49
2021-03-29,11,58
2021-03-29,12,44
2021-03-29,13,36
2021-03-29,14,40
2021-03-29,15,53
2021-03-29,16,44
2021-03-29,17,44
2021-03-29,18,32
2021-03-29,19,27
2021-03-29,20,21
2021-03-29,21,28
2021-03-29,22,32
2021-03-29,23,8
2021-03-30,0,4
2021-03-30,1,4
2021-03-30,2,4
2021-03-30,3,0
2021-03-30,4,12
2021-03-30,5,12
2021-03-30,6,31
2021-03-30,7,57
2021-03-30,8,49
2021-03-30,9,44
2021-03-30,10,36
2021-03-30,11,0
2021-03-30,12,9
2021-03-30,13,41
2021-03-30,14,36
2021-03-30,15,44
2021-03-30,16,45
2021-03-30,17,35
2021-03-30,18,36
2021-03-30,19,32
2021-03-30,20,28
2021-03-30,21,36
2021-03-30,22,35
2021-03-30,23,8
2021-03-31,0,0
2021-03-31,1,8
2021-03-31,2,8
2021-03-31,3,8
2021-03-31,4,12
2021-03-31,5,16
2021-03-31,6,36
2021-03-31,7,71
2021-03-31,8,49
2021-03-31,9,44
2021-03-31,10,61
2021-03-31,11,48
2021-03-31,12,48
2021-03-31,13,44
2021-03-31,14,53
2021-03-31,15,49
2021-03-31,16,40
2021-03-31,17,44
2021-03-31,18,22
2021-03-31,19,27
2021-03-31,20,28
2021-03-31,21,48
2021-03-31,22,31
2021-03-31,23,35
2021-04-01,0,31
2021-04-01,1,17
2021-04-01,2,12
2021-04-01,3,12
2021-04-01,4,12
2021-04-01,5,21
2021-04-01,6,40
2021-04-01,7,67
2021-04-01,8,53
2021-04-01,9,44
2021-04-01,10,48
2021-04-01,11,52
2021-04-01,12,48
2021-04-01,13,49
2021-04-01,14,44
2021-04-01,15,70
2021-04-01,16,52
2021-04-01,17,48
2021-04-01,18,40
2021-04-01,19,75
2021-04-01,20,54
2021-04-01,21,49
2021-04-01,22,16
2021-04-01,23,17
2021-04-02,0,16
2021-04-02,1,17
2021-04-02,2,4
2021-04-02,3,0
2021-04-02,4,22
2021-04-02,5,26
2021-04-02,6,35
2021-04-02,7,62
2021-04-02,8,58
2021-04-02,9,48
2021-04-02,10,45
2021-04-02,11,44
2021-04-02,12,57
2021-04-02,13,40
2021-04-02,14,44
2021-04-02,15,36
2021-04-02,16,40
2021-04-02,17,49
2021-04-02,18,40
2021-04-02,19,48
2021-04-02,20,27
2021-04-02,21,44
2021-04-02,22,44
2021-04-02,23,9
2021-04-03,0,8
2021-04-03,1,12
2021-04-03,2,8
2021-04-03,3,4
2021-04-03,4,4
2021-04-03,5,0
2021-04-03,6,21
2021-04-03,7,21
2021-04-03,8,44
2021-04-03,9,44
2021-04-03,10,49
2021-04-03,11,57
2021-04-03,12,52
2021-04-03,13,44
2021-04-03,14,44
2021-04-03,15,44
2021-04-03,16,36
2021-04-03,17,36
2021-04-03,18,40
2021-04-03,19,36
2021-04-03,20,40
2021-04-03,21,41
2021-04-03,22,35
2021-04-03,23,12
2021-04-04,0,8
2021-04-04,1,8
2021-04-04,2,0
2021-04-04,3,4
2021-04-04,4,8
2021-04-04,5,13
2021-04-04,6,44
2021-04-04,7,44
2021-04-04,8,45
2021-04-04,9,53
2021-04-04,10,57
2021-04-04,11,40
2021-04-04,12,45
2021-04-04,13,52
2021-04-04,14,49
2021-04-04,15,50
2021-04-04,16,41
2021-04-04,17,49
2021-04-04,18,36
2021-04-04,19,45
2021-04-04,20,49
2021-04-04,21,40
2021-04-04,22,35
2021-04-04,23,8
2021-04-05,0,22
2021-04-05,1,8
2021-04-05,2,13
2021-04-05,3,17
2021-04-05,4,16
2021-04-05,5,21
2021-04-05,6,35
2021-04-05,7,62
2021-04-05,8,72
2021-04-05,9,44
2021-04-05,10,45
2021-04-05,11,58
2021-04-05,12,40
2021-04-05,13,36
2021-04-05,14,36
2021-04-05,15,40
2021-04-05,16,36
2021-04-05,17,30
2021-04-05,18,32
2021-04-05,19,27
2021-04-05,20,21
2021-04-05,21,28
2021-04-05,22,31
2021-04-05,23,8
2021-04-06,0,0
2021-04-06,1,8
2021-04-06,2,4
2021-04-06,3,0
2021-04-06,4,8
2021-04-06,5,12
2021-04-06,6,26
2021-04-06,7,53
2021-04-06,8,48
2021-04-06,9,40
2021-04-06,10,40
2021-04-06,11,40
2021-04-06,12,37
2021-04-06,13,50
2021-04-06,14,41
2021-04-06,15,50
2021-04-06,16,36
2021-04-06,17,45
2021-04-06,18,42
2021-04-06,19,46
2021-04-06,20,19
2021-04-06,21,25
2021-04-06,22,21
2021-04-06,23,2
2021-04-07,0,6
2021-04-07,1,12
2021-04-07,2,8
2021-04-07,3,0
2021-04-07,4,5
2021-04-07,5,14
2021-04-07,6,27
2021-04-07,7,51
2021-04-07,8,50
2021-04-07,9,74
2021-04-07,10,49
2021-04-07,11,43
2021-04-07,12,58
2021-04-07,13,42
2021-04-07,14,42
2021-04-07,15,94
2021-04-07,16,69
2021-04-07,17,44
2021-04-07,18,34
2021-04-07,19,19
2021-04-07,20,41
2021-04-07,21,57
2021-04-07,22,170
2021-04-07,23,37
2021-04-08,0,31
2021-04-08,1,21
2021-04-08,2,19
2021-04-08,3,35
2021-04-08,4,45
2021-04-08,5,49
2021-04-08,6,44
2021-04-08,7,82
2021-04-08,8,60
2021-04-08,9,54
2021-04-08,10,25
2021-04-08,11,47
2021-04-08,12,49
2021-04-08,13,33
2021-04-08,14,34
2021-04-08,15,48
2021-04-08,16,76
2021-04-08,17,57
2021-04-08,18,35
2021-04-08,19,108
2021-04-08,20,24
2021-04-08,21,31
2021-04-08,22,12
2021-04-08,23,7
2021-04-09,0,25
2021-04-09,1,22
2021-04-09,2,1
2021-04-09,3,20
2021-04-09,4,42
2021-04-09,5,87
2021-04-09,6,43
2021-04-09,7,83
2021-04-09,8,80
2021-04-09,9,122
2021-04-09,10,62
2021-04-09,11,84
2021-04-09,12,71
2021-04-09,13,64
2021-04-09,14,42
2021-04-09,15,45
2021-04-09,16,61
2021-04-09,17,47
2021-04-09,18,32
2021-04-09,19,26
2021-04-09,20,23
2021-04-09,21,13
2021-04-09,22,10
2021-04-09,23,3
2021-04-10,0,3
2021-04-10,1,3
2021-04-10,2,4
2021-04-10,3,3
2021-04-10,4,7
2021-04-10,5,10
2021-04-10,6,20
2021-04-10,7,16
2021-04-10,8,27
2021-04-10,9,23
2021-04-10,10,21
2021-04-10,11,22
2021-04-10,12,24
2021-04-10,13,31
2021-04-10,14,27
2021-04-10,15,25
2021-04-10,16,26
2021-04-10,17,33
2021-04-10,18,24
2021-04-10,19,24
2021-04-10,20,35
2021-04-10,21,27
2021-04-10,22,24
2021-04-10,23,6
2021-04-11,0,3
2021-04-11,1,2
2021-04-11,2,3
2021-04-11,3,5
2021-04-11,4,2
2021-04-11,5,2
2021-04-11,6,37
2021-04-11,7,20
2021-04-11,8,41
2021-04-11,9,49
2021-04-11,10,45
2021-04-11,11,24
2021-04-11,12,26
2021-04-11,13,22
2021-04-11,14,36
2021-04-11,15,25
2021-04-11,16,14
2021-04-11,17,50
2021-04-11,18,57
2021-04-11,19,26
2021-04-11,20,142
2021-04-11,21,44
2021-04-11,22,41
2021-04-11,23,16
2021-04-12,0,79
2021-04-12,1,37
2021-04-12,2,41
2021-04-12,3,37
2021-04-12,4,41
2021-04-12,5,21
2021-04-12,6,71
2021-04-12,7,88
2021-04-12,8,91
2021-04-12,9,99
2021-04-12,10,77
2021-04-12,11,76
2021-04-12,12,85
2021-04-12,13,113
2021-04-12,14,99
2021-04-12,15,71
2021-04-12,16,43
2021-04-12,17,51
2021-04-12,18,20
2021-04-12,19,12
2021-04-12,20,15
2021-04-12,21,26
2021-04-12,22,10
2021-04-12,23,8
2021-04-13,0,4
2021-04-13,1,1
2021-04-13,2,1
2021-04-13,3,4
2021-04-13,4,6
2021-04-13,5,8
2021-04-13,6,27
2021-04-13,7,62
2021-04-13,8,77
2021-04-13,9,45
2021-04-13,10,48
2021-04-13,11,42
2021-04-13,12,34
2021-04-13,13,46
2021-04-13,14,47
2021-04-13,15,62
2021-04-13,16,45
2021-04-13,17,38
2021-04-13,18,25
2021-04-13,19,26
2021-04-13,20,16
2021-04-13,21,19
2021-04-13,22,18
2021-04-13,23,3
2021-04-14,0,3
2021-04-14,1,3
2021-04-14,2,17
2021-04-14,3,25
2021-04-14,4,46
2021-04-14,5,81
2021-04-14,6,43
2021-04-14,7,83
2021-04-14,8,69
2021-04-14,9,50
2021-04-14,10,83
2021-04-14,11,32
2021-04-14,12,78
2021-04-14,13,72
2021-04-14,14,70
2021-04-14,15,63
2021-04-14,16,74
2021-04-14,17,42
2021-04-14,18,42
2021-04-14,19,33
2021-04-14,20,14
2021-04-14,21,15
2021-04-14,22,43
2021-04-14,23,16
2021-04-15,0,2
2021-04-15,1,2
2021-04-15,2,3
2021-04-15,3,6
2021-04-15,4,6
2021-04-15,5,15
2021-04-15,6,28
2021-04-15,7,63
2021-04-15,8,51
2021-04-15,9,35
2021-04-15,10,34
2021-04-15,11,54
2021-04-15,12,57
2021-04-15,13,42
2021-04-15,14,32
2021-04-15,15,87
2021-04-15,16,93
2021-04-15,17,39
2021-04-15,18,30
2021-04-15,19,30
2021-04-15,20,49
2021-04-15,21,49
2021-04-15,22,6
2021-04-15,23,6
2021-04-16,0,0
2021-04-16,1,0
2021-04-16,2,0
2021-04-16,3,0
2021-04-16,4,18
2021-04-16,5,21
2021-04-16,6,27
2021-04-16,7,54
2021-04-16,8,47
2021-04-16,9,34
2021-04-16,10,38
2021-04-16,11,47
2021-04-16,12,32
2021-04-16,13,53
2021-04-16,14,44
2021-04-16,15,42
2021-04-16,16,50
2021-04-16,17,27
2021-04-16,18,30
2021-04-16,19,19
2021-04-16,20,25
2021-04-16,21,18
2021-04-16,22,29
2021-04-16,23,15
2021-04-17,0,1
2021-04-17,1,6
2021-04-17,2,22
2021-04-17,3,26
2021-04-17,4,34
2021-04-17,5,21
2021-04-17,6,34
2021-04-17,7,33
2021-04-17,8,26
2021-04-17,9,24
2021-04-17,10,33
2021-04-17,11,30
2021-04-17,12,33
2021-04-17,13,58
2021-04-17,14,48
2021-04-17,15,59
2021-04-17,16,88
2021-04-17,17,59
2021-04-17,18,34
2021-04-17,19,29
2021-04-17,20,22
2021-04-17,21,17
2021-04-17,22,35
2021-04-17,23,15
2021-04-18,0,19
2021-04-18,1,38
2021-04-18,2,9
2021-04-18,3,36
2021-04-18,4,22
2021-04-18,5,29
2021-04-18,6,21
2021-04-18,7,12
2021-04-18,8,42
2021-04-18,9,74
2021-04-18,10,104
2021-04-18,11,61
2021-04-18,12,60
2021-04-18,13,30
2021-04-18,14,56
2021-04-18,15,61
2021-04-18,16,26
2021-04-18,17,45
2021-04-18,18,59
2021-04-18,19,35
2021-04-18,20,66
2021-04-18,21,58
2021-04-18,22,28
2021-04-18,23,16
2021-04-19,0,36
2021-04-19,1,0
2021-04-19,2,7
2021-04-19,3,7
2021-04-19,4,17
2021-04-19,5,5
2021-04-19,6,30
2021-04-19,7,54
2021-04-19,8,67
2021-04-19,9,65
2021-04-19,10,57
2021-04-19,11,33
2021-04-19,12,63
2021-04-19,13,53
2021-04-19,14,48
2021-04-19,15,38
2021-04-19,16,45
2021-04-19,17,41
2021-04-19,18,19
2021-04-19,19,32
2021-04-19,20,8
2021-04-19,21,20
2021-04-19,22,16
2021-04-19,23,1
2021-04-20,0,3
2021-04-20,1,0
2021-04-20,2,2
2021-04-20,3,0
2021-04-20,4,4
2021-04-20,5,5
2021-04-20,6,26
2021-04-20,7,61
2021-04-20,8,51
2021-04-20,9,60
2021-04-20,10,46
2021-04-20,11,42
2021-04-20,12,35
2021-04-20,13,36
2021-04-20,14,33
2021-04-20,15,50
2021-04-20,16,57
2021-04-20,17,48
2021-04-20,18,14
2021-04-20,19,25
2021-04-20,20,12
2021-04-20,21,31
2021-04-20,22,22
2021-04-20,23,10
2021-04-21,0,0
2021-04-21,1,0
2021-04-21,2,2
2021-04-21,3,0
2021-04-21,4,6
2021-04-21,5,5
2021-04-21,6,27
2021-04-21,7,62
2021-04-21,8,69
2021-04-21,9,43
2021-04-21,10,44
2021-04-21,11,54
2021-04-21,12,43
2021-04-21,13,34
2021-04-21,14,55
2021-04-21,15,61
2021-04-21,16,51
2021-04-21,17,52
2021-04-21,18,50
2021-04-21,19,39
2021-04-21,20,24
2021-04-21,21,49
2021-04-21,22,22
2021-04-21,23,7
2021-04-22,0,2
2021-04-22,1,8
2021-04-22,2,2
2021-04-22,3,0
2021-04-22,4,4
2021-04-22,5,8
2021-04-22,6,18
2021-04-22,7,65
2021-04-22,8,67
2021-04-22,9,41
2021-04-22,10,38
2021-04-22,11,42
2021-04-22,12,50
2021-04-22,13,54
2021-04-22,14,50
2021-04-22,15,61
2021-04-22,16,56
2021-04-22,17,44
2021-04-22,18,25
2021-04-22,19,31
2021-04-22,20,66
2021-04-22,21,21
2021-04-22,22,32
2021-04-22,23,6
2021-04-23,0,1
2021-04-23,1,28
2021-04-23,2,0
2021-04-23,3,1
2021-04-23,4,14
2021-04-23,5,27
2021-04-23,6,65
2021-04-23,7,82
2021-04-23,8,54
2021-04-23,9,53
2021-04-23,10,36
2021-04-23,11,67
2021-04-23,12,56
2021-04-23,13,48
2021-04-23,14,37
2021-04-23,15,33
2021-04-23,16,63
2021-04-23,17,31
2021-04-23,18,26
2021-04-23,19,20
2021-04-23,20,20
2021-04-23,21,20
2021-04-23,22,9
2021-04-23,23,6
2021-04-24,0,2
2021-04-24,1,4
2021-04-24,2,2
2021-04-24,3,1
2021-04-24,4,5
2021-04-24,5,2
2021-04-24,6,26
2021-04-24,7,14
2021-04-24,8,26
2021-04-24,9,40
2021-04-24,10,44
2021-04-24,11,31
2021-04-24,12,36
2021-04-24,13,21
2021-04-24,14,42
2021-04-24,15,26
2021-04-24,16,22
2021-04-24,17,31
2021-04-24,18,28
2021-04-24,19,21
2021-04-24,20,22
2021-04-24,21,33
2021-04-24,22,18
2021-04-24,23,4
2021-04-25,0,5
2021-04-25,1,3
2021-04-25,2,1
2021-04-25,3,0
2021-04-25,4,2
2021-04-25,5,2
2021-04-25,6,36
2021-04-25,7,31
2021-04-25,8,40
2021-04-25,9,41
2021-04-25,10,24
2021-04-25,11,44
2021-04-25,12,44
2021-04-25,13,44
2021-04-25,14,31
2021-04-25,15,29
2021-04-25,16,18
2021-04-25,17,28
2021-04-25,18,24
2021-04-25,19,36
2021-04-25,20,76
2021-04-25,21,40
2021-04-25,22,26
2021-04-25,23,3
2021-04-26,0,2
2021-04-26,1,1
2021-04-26,2,1
2021-04-26,3,4
2021-04-26,4,5
2021-04-26,5,14
2021-04-26,6,28
2021-04-26,7,44
2021-04-26,8,80
2021-04-26,9,56
2021-04-26,10,69
2021-04-26,11,65
2021-04-26,12,60
2021-04-26,13,40
2021-04-26,14,65
2021-04-26,15,69
2021-04-26,16,76
2021-04-26,17,67
2021-04-26,18,24
2021-04-26,19,20
2021-04-26,20,18
2021-04-26,21,11
2021-04-26,22,7
2021-04-26,23,5
2021-04-27,0,1
2021-04-27,1,0
2021-04-27,2,0
2021-04-27,3,0
2021-04-27,4,6
2021-04-27,5,14
2021-04-27,6,38
2021-04-27,7,70
2021-04-27,8,69
2021-04-27,9,58
2021-04-27,10,61
2021-04-27,11,54
2021-04-27,12,46
2021-04-27,13,50
2021-04-27,14,66
2021-04-27,15,59
2021-04-27,16,69
2021-04-27,17,59
2021-04-27,18,37
2021-04-27,19,43
2021-04-27,20,18
2021-04-27,21,36
2021-04-27,22,29
2021-04-27,23,3
2021-04-28,0,7
2021-04-28,1,8
2021-04-28,2,13
2021-04-28,3,2
2021-04-28,4,52
2021-04-28,5,14
2021-04-28,6,31
2021-04-28,7,61
2021-04-28,8,62
2021-04-28,9,53
2021-04-28,10,51
2021-04-28,11,49
2021-04-28,12,50
2021-04-28,13,41
2021-04-28,14,58
2021-04-28,15,60
2021-04-28,16,64
2021-04-28,17,69
2021-04-28,18,32
2021-04-28,19,31
2021-04-28,20,126
2021-04-28,21,61
2021-04-28,22,9
2021-04-28,23,3
2021-04-29,0,4
2021-04-29,1,16
2021-04-29,2,12
2021-04-29,3,12
2021-04-29,4,8
2021-04-29,5,30
2021-04-29,6,34
2021-04-29,7,42
2021-04-29,8,65
2021-04-29,9,78
2021-04-29,10,88
2021-04-29,11,57
2021-04-29,12,62
2021-04-29,13,55
2021-04-29,14,61
2021-04-29,15,69
2021-04-29,16,138
2021-04-29,17,125
2021-04-29,18,38
2021-04-29,19,19
2021-04-29,20,21
2021-04-29,21,10
2021-04-29,22,11
2021-04-29,23,7
2021-04-30,0,3
2021-04-30,1,2
2021-04-30,2,13
2021-04-30,3,8
2021-04-30,4,50
2021-04-30,5,8
2021-04-30,6,46
2021-04-30,7,108
2021-04-30,8,61
2021-04-30,9,55
2021-04-30,10,79
2021-04-30,11,69
2021-04-30,12,43
2021-04-30,13,56
2021-04-30,14,52
2021-04-30,15,74
2021-04-30,16,68
2021-04-30,17,69
2021-04-30,18,45
2021-04-30,19,29
2021-04-30,20,39
2021-04-30,21,20
2021-04-30,22,16
2021-04-30,23,8
2021-05-01,0,8
2021-05-01,1,0
2021-05-01,2,2
2021-05-01,3,3
2021-05-01,4,2
2021-05-01,5,6
2021-05-01,6,25
2021-05-01,7,21
2021-05-01,8,32
2021-05-01,9,26
2021-05-01,10,30
2021-05-01,11,43
2021-05-01,12,55
2021-05-01,13,44
2021-05-01,14,66
2021-05-01,15,54
2021-05-01,16,81
2021-05-01,17,131
2021-05-01,18,119
2021-05-01,19,76
2021-05-01,20,127
2021-05-01,21,168
2021-05-01,22,140
2021-05-01,23,158
2021-05-02,0,96
2021-05-02,1,177
2021-05-02,2,211
2021-05-02,3,35
2021-05-02,4,6
2021-05-02,5,2
2021-05-02,6,26
2021-05-02,7,25
2021-05-02,8,28
2021-05-02,9,27
2021-05-02,10,43
2021-05-02,11,32
2021-05-02,12,49
2021-05-02,13,44
2021-05-02,14,39
2021-05-02,15,45
2021-05-02,16,38
2021-05-02,17,26
2021-05-02,18,27
2021-05-02,19,13
2021-05-02,20,12
2021-05-02,21,19
2021-05-02,22,7
2021-05-02,23,4
2021-05-03,0,3
2021-05-03,1,1
2021-05-03,2,0
2021-05-03,3,1
2021-05-03,4,2
2021-05-03,5,6
2021-05-03,6,33
2021-05-03,7,19
2021-05-03,8,22
2021-05-03,9,39
2021-05-03,10,34
2021-05-03,11,47
2021-05-03,12,47
2021-05-03,13,61
2021-05-03,14,64
2021-05-03,15,33
2021-05-03,16,124
2021-05-03,17,54
2021-05-03,18,72
2021-05-03,19,79
2021-05-03,20,14
2021-05-03,21,22
2021-05-03,22,18
2021-05-03,23,0
2021-05-04,0,1
2021-05-04,1,0
2021-05-04,2,0
2021-05-04,3,1
2021-05-04,4,8
2021-05-04,5,14
2021-05-04,6,25
2021-05-04,7,71
2021-05-04,8,50
2021-05-04,9,46
2021-05-04,10,54
2021-05-04,11,71
2021-05-04,12,72
2021-05-04,13,86
2021-05-04,14,79
2021-05-04,15,59
2021-05-04,16,63
2021-05-04,17,49
2021-05-04,18,24
2021-05-04,19,20
2021-05-04,20,9
2021-05-04,21,18
2021-05-04,22,24
2021-05-04,23,8
2021-05-05,0,1
2021-05-05,1,1
2021-05-05,2,0
2021-05-05,3,1
2021-05-05,4,2
2021-05-05,5,9
2021-05-05,6,26
2021-05-05,7,75
2021-05-05,8,88
2021-05-05,9,52
2021-05-05,10,59
2021-05-05,11,38
2021-05-05,12,85
2021-05-05,13,43
2021-05-05,14,40
2021-05-05,15,58
2021-05-05,16,73
2021-05-05,17,61
2021-05-05,18,28
2021-05-05,19,30
2021-05-05,20,47
2021-05-05,21,49
2021-05-05,22,16
2021-05-05,23,3
2021-05-06,0,3
2021-05-06,1,2
2021-05-06,2,1
2021-05-06,3,1
2021-05-06,4,3
2021-05-06,5,13
2021-05-06,6,30
2021-05-06,7,65
2021-05-06,8,57
2021-05-06,9,57
2021-05-06,10,55
2021-05-06,11,56
2021-05-06,12,51
2021-05-06,13,58
2021-05-06,14,62
2021-05-06,15,56
2021-05-06,16,74
2021-05-06,17,73
2021-05-06,18,39
2021-05-06,19,22
2021-05-06,20,22
2021-05-06,21,36
2021-05-06,22,14
2021-05-06,23,6
2021-05-07,0,3
2021-05-07,1,1
2021-05-07,2,1
2021-05-07,3,0
2021-05-07,4,20
2021-05-07,5,7
2021-05-07,6,32
2021-05-07,7,82
2021-05-07,8,52
2021-05-07,9,44
2021-05-07,10,59
2021-05-07,11,60
2021-05-07,12,69
2021-05-07,13,74
2021-05-07,14,91
2021-05-07,15,74
2021-05-07,16,185
2021-05-07,17,93
2021-05-07,18,65
2021-05-07,19,80
2021-05-07,20,94
2021-05-07,21,100
2021-05-07,22,38
2021-05-07,23,13
2021-05-08,0,53
2021-05-08,1,77
2021-05-08,2,62
2021-05-08,3,67
2021-05-08,4,49
2021-05-08,5,26
2021-05-08,6,33
2021-05-08,7,29
2021-05-08,8,40
2021-05-08,9,111
2021-05-08,10,78
2021-05-08,11,103
2021-05-08,12,56
2021-05-08,13,123
2021-05-08,14,130
2021-05-08,15,59
2021-05-08,16,116
2021-05-08,17,111
2021-05-08,18,153
2021-05-08,19,79
2021-05-08,20,192
2021-05-08,21,83
2021-05-08,22,83
2021-05-08,23,81
2021-05-09,0,14
2021-05-09,1,78
2021-05-09,2,91
2021-05-09,3,120
2021-05-09,4,40
2021-05-09,5,117
2021-05-09,6,57
2021-05-09,7,77
2021-05-09,8,100
2021-05-09,9,89
2021-05-09,10,60
2021-05-09,11,84
2021-05-09,12,49
2021-05-09,13,49
2021-05-09,14,55
2021-05-09,15,45
2021-05-09,16,34
2021-05-09,17,40
2021-05-09,18,61
2021-05-09,19,39
2021-05-09,20,92
2021-05-09,21,51
2021-05-09,22,80
2021-05-09,23,42
2021-05-10,0,22
2021-05-10,1,176
2021-05-10,2,57
2021-05-10,3,84
2021-05-10,4,76
2021-05-10,5,55
2021-05-10,6,82
2021-05-10,7,111
2021-05-10,8,117
2021-05-10,9,123
2021-05-10,10,102
2021-05-10,11,73
2021-05-10,12,66
2021-05-10,13,88
2021-05-10,14,81
2021-05-10,15,86
2021-05-10,16,93
2021-05-10,17,82
2021-05-10,18,31
2021-05-10,19,56
2021-05-10,20,31
2021-05-10,21,31
2021-05-10,22,19
2021-05-10,23,6
2021-05-11,0,8
2021-05-11,1,16
2021-05-11,2,30
2021-05-11,3,105
2021-05-11,4,13
2021-05-11,5,17
2021-05-11,6,36
2021-05-11,7,79
2021-05-11,8,96
2021-05-11,9,50
2021-05-11,10,53
2021-05-11,11,40
2021-05-11,12,55
2021-05-11,13,50
2021-05-11,14,45
2021-05-11,15,73
2021-05-11,16,61
2021-05-11,17,52
2021-05-11,18,34
2021-05-11,19,32
2021-05-11,20,13
2021-05-11,21,40
2021-05-11,22,31
2021-05-11,23,3
2021-05-12,0,4
2021-05-12,1,5
2021-05-12,2,2
2021-05-12,3,0
2021-05-12,4,6
2021-05-12,5,14
2021-05-12,6,33
2021-05-12,7,65
2021-05-12,8,74
2021-05-12,9,54
2021-05-12,10,48
2021-05-12,11,63
2021-05-12,12,80
2021-05-12,13,35
2021-05-12,14,50
2021-05-12,15,71
2021-05-12,16,66
2021-05-12,17,58
2021-05-12,18,35
2021-05-12,19,36
2021-05-12,20,62
2021-05-12,21,59
2021-05-12,22,40
2021-05-12,23,31
2021-05-13,0,24
2021-05-13,1,16
2021-05-13,2,12
2021-05-13,3,12
2021-05-13,4,8
2021-05-13,5,21
2021-05-13,6,36
2021-05-13,7,67
2021-05-13,8,62
2021-05-13,9,53
2021-05-13,10,67
2021-05-13,11,48
2021-05-13,12,57
2021-05-13,13,52
2021-05-13,14,53
2021-05-13,15,71
2021-05-13,16,80
2021-05-13,17,75
2021-05-13,18,36
2021-05-13,19,71
2021-05-13,20,49
2021-05-13,21,36
2021-05-13,22,17
2021-05-13,23,12
2021-05-14,0,16
2021-05-14,1,17
2021-05-14,2,0
2021-05-14,3,4
2021-05-14,4,35
2021-05-14,5,31
2021-05-14,6,36
2021-05-14,7,75
2021-05-14,8,67
2021-05-14,9,66
2021-05-14,10,62
2021-05-14,11,57
2021-05-14,12,57
2021-05-14,13,57
2021-05-14,14,58
2021-05-14,15,57
2021-05-14,16,67
2021-05-14,17,57
2021-05-14,18,44
2021-05-14,19,40
2021-05-14,20,31
2021-05-14,21,26
2021-05-14,22,35
2021-05-14,23,8
2021-05-15,0,0
2021-05-15,1,0
2021-05-15,2,4
2021-05-15,3,8
2021-05-15,4,12
2021-05-15,5,8
2021-05-15,6,26
2021-05-15,7,21
2021-05-15,8,44
2021-05-15,9,44
2021-05-15,10,53
2021-05-15,11,57
2021-05-15,12,52
2021-05-15,13,52
2021-05-15,14,61
2021-05-15,15,67
2021-05-15,16,67
2021-05-15,17,61
2021-05-15,18,63
2021-05-15,19,41
2021-05-15,20,54
2021-05-15,21,66
2021-05-15,22,58
2021-05-15,23,45
2021-05-16,0,26
2021-05-16,1,44
2021-05-16,2,44
2021-05-16,3,21
2021-05-16,4,8
2021-05-16,5,8
2021-05-16,6,31
2021-05-16,7,32
2021-05-16,8,45
2021-05-16,9,47
2021-05-16,10,57
2021-05-16,11,48
2021-05-16,12,57
2021-05-16,13,48
2021-05-16,14,58
2021-05-16,15,53
2021-05-16,16,44
2021-05-16,17,49
2021-05-16,18,45
2021-05-16,19,36
2021-05-16,20,67
2021-05-16,21,40
2021-05-16,22,31
2021-05-16,23,4
2021-05-17,0,21
2021-05-17,1,0
2021-05-17,2,17
2021-05-17,3,8
2021-05-17,4,16
2021-05-17,5,17
2021-05-17,6,49
2021-05-17,7,66
2021-05-17,8,76
2021-05-17,9,54
2021-05-17,10,52
2021-05-17,11,61
2021-05-17,12,61
2021-05-17,13,57
2021-05-17,14,57
2021-05-17,15,52
2021-05-17,16,74
2021-05-17,17,53
2021-05-17,18,36
2021-05-17,19,37
2021-05-17,20,16
2021-05-17,21,21
2021-05-17,22,22
2021-05-17,23,4
2021-05-18,0,0
2021-05-18,1,0
2021-05-18,2,0
2021-05-18,3,0
2021-05-18,4,0
2021-05-18,5,16
2021-05-18,6,32
2021-05-18,7,67
2021-05-18,8,53
2021-05-18,9,48
2021-05-18,10,48
2021-05-18,11,44
2021-05-18,12,48
2021-05-18,13,57
2021-05-18,14,48
2021-05-19,15,62
2021-05-19,16,61
2021-05-19,17,53
2021-05-19,18,36
2021-05-19,19,31
2021-05-19,20,53
2021-05-19,21,52
2021-05-19,22,40
2021-05-19,23,17
2021-05-20,0,22
2021-05-20,1,12
2021-05-20,2,8
2021-05-20,3,12
2021-05-20,4,8
2021-05-20,5,21
2021-05-20,6,36
2021-05-20,7,66
2021-05-20,8,67
2021-05-20,9,53
2021-05-20,10,53
2021-05-20,11,48
2021-05-20,12,52
2021-05-20,13,52
2021-05-20,14,49
2021-05-20,15,75
2021-05-20,16,80
2021-05-20,17,67
2021-05-20,18,36
2021-05-20,19,58
2021-05-20,20,45
2021-05-20,21,36
2021-05-20,22,17
2021-05-20,23,8
2021-05-21,0,12
2021-05-21,1,8
2021-05-21,2,0
2021-05-21,3,4
2021-05-21,4,31
2021-05-21,5,31
2021-05-21,6,36
2021-05-21,7,81
2021-05-21,8,66
2021-05-21,9,70
2021-05-21,10,57
2021-05-21,11,57
2021-05-21,12,58
2021-05-21,13,52
2021-05-21,14,48
2021-05-21,15,52
2021-05-21,16,57
2021-05-21,17,62
2021-05-21,18,35
2021-05-21,19,36
2021-05-21,20,36
2021-05-21,21,31
2021-05-21,22,26
2021-05-21,23,8
2021-05-22,0,4
2021-05-22,1,0
2021-05-22,2,0
2021-05-22,3,8
2021-05-22,4,12
2021-05-22,5,12
2021-05-22,6,26
2021-05-22,7,21
2021-05-22,8,40
2021-05-22,9,40
2021-05-22,10,44
2021-05-22,11,52
2021-05-22,12,48
2021-05-22,13,44
2021-05-22,14,53
2021-05-22,15,48
2021-05-22,16,48
2021-05-22,17,61
2021-05-22,18,58
2021-05-22,19,30
2021-05-22,20,40
2021-05-22,21,62
2021-05-22,22,53
2021-05-22,23,40
2021-05-23,0,26
2021-05-23,1,44
2021-05-23,2,44
2021-05-23,3,13
2021-05-23,4,8
2021-05-23,5,8
2021-05-23,6,31
2021-05-23,7,32
2021-05-23,8,35
2021-05-23,9,40
2021-05-23,10,48
2021-05-23,11,44
2021-05-23,12,48
2021-05-23,13,48
2021-05-23,14,53
2021-05-23,15,45
2021-05-23,16,40
2021-05-23,17,54
2021-05-23,18,35
2021-05-23,19,36
2021-05-23,20,57
2021-05-23,21,36
2021-05-23,22,26
2021-05-23,23,12
2021-05-24,0,21
2021-05-24,1,4
2021-05-24,2,17
2021-05-24,3,8
2021-05-24,4,16
2021-05-24,5,17
2021-05-24,6,39
2021-05-24,7,61
2021-05-24,8,67
2021-05-24,9,53
2021-05-24,10,57
2021-05-24,11,57
2021-05-24,12,49
2021-05-24,13,52
2021-05-24,14,57
2021-05-24,15,52
2021-05-24,16,65
2021-05-24,17,49
2021-05-24,18,30
2021-05-24,19,41
2021-05-24,20,16
2021-05-24,21,21
2021-05-24,22,22
2021-05-24,23,4
2021-05-25,0,0
2021-05-25,1,0
2021-05-25,2,0
2021-05-25,3,0
2021-05-25,4,4
2021-05-25,5,12
2021-05-25,6,26
2021-05-25,7,54
2021-05-25,8,53
2021-05-25,9,48
2021-05-25,10,44
2021-05-25,11,44
2021-05-25,12,48
2021-05-25,13,57
2021-05-25,14,58
2021-05-25,15,52
2021-05-25,16,52
2021-05-25,17,49
2021-05-25,18,31
2021-05-25,19,31
2021-05-25,20,17
2021-05-25,21,31
2021-05-25,22,34
2021-05-25,23,4
2021-05-26,0,0
2021-05-26,1,0
2021-05-26,2,0
2021-05-26,3,4
2021-05-26,4,22
2021-05-26,5,16
2021-05-26,6,32
2021-05-26,7,68
2021-05-26,8,75
2021-05-26,9,53
2021-05-26,10,57
2021-05-26,11,57
2021-05-26,12,72
2021-05-26,13,44
2021-05-26,14,53
2021-05-26,15,62
2021-05-26,16,61
2021-05-26,17,58
2021-05-26,18,36
2021-05-26,19,32
2021-05-26,20,53
2021-05-26,21,52
2021-05-26,22,36
2021-05-26,23,22
2021-05-27,0,22
2021-05-27,1,11
2021-05-27,2,8
2021-05-27,3,8
2021-05-27,4,12
2021-05-27,5,21
2021-05-27,6,32
2021-05-27,7,59
2021-05-27,8,57
2021-05-27,9,52
2021-05-27,10,57
2021-05-27,11,52
2021-05-27,12,52
2021-05-27,13,48
2021-05-27,14,44
2021-05-27,15,71
2021-05-27,16,71
2021-05-27,17,58
2021-05-27,18,36
2021-05-27,19,53
2021-05-27,20,44
2021-05-27,21,36
2021-05-27,22,16
2021-05-27,23,8
2021-05-28,0,16
2021-05-28,1,8
2021-05-28,2,0
2021-05-28,3,4
2021-05-28,4,35
2021-05-28,5,27
2021-05-28,6,41
2021-05-28,7,79
2021-05-28,8,62
2021-05-28,9,66
2021-05-28,10,56
2021-05-28,11,53
2021-05-28,12,53
2021-05-28,13,52
2021-05-28,14,44
2021-05-28,15,48
2021-05-28,16,57
2021-05-28,17,52
2021-05-28,18,32
2021-05-28,19,32
2021-05-28,20,31
2021-05-28,21,26
2021-05-28,22,26
2021-05-28,23,8
2021-05-29,0,0
2021-05-29,1,0
2021-05-29,2,8
2021-05-29,3,8
2021-05-29,4,12
2021-05-29,5,8
2021-05-29,6,26
2021-05-29,7,21
2021-05-29,8,40
2021-05-29,9,40
2021-05-29,10,45
2021-05-29,11,40
2021-05-29,12,44
2021-05-29,13,40
2021-05-29,14,48
2021-05-29,15,46
2021-05-29,16,48
2021-05-29,17,57
2021-05-29,18,53
2021-05-29,19,30
2021-05-29,20,39
2021-05-29,21,62
2021-05-29,22,50
2021-05-29,23,36
2021-05-30,0,26
2021-05-30,1,44
2021-05-30,2,39
2021-05-30,3,17
2021-05-30,4,8
2021-05-30,5,8
2021-05-30,6,35
2021-05-30,7,32
2021-05-30,8,40
2021-05-30,9,44
2021-05-30,10,61
2021-05-30,11,44
2021-05-30,12,48
2021-05-30,13,48
2021-05-30,14,44
2021-05-30,15,40
2021-05-30,16,36
2021-05-30,17,40
2021-05-30,18,35
2021-05-30,19,36
2021-05-30,20,63
2021-05-30,21,44
2021-05-30,22,31
2021-05-30,23,8
2021-05-31,0,21
2021-05-31,1,8
2021-05-31,2,16
2021-05-31,3,8
2021-05-31,4,16
2021-05-31,5,16
2021-05-31,6,39
2021-05-31,7,48
2021-05-31,8,67
2021-05-31,9,53
2021-05-31,10,53
2021-05-31,11,53
2021-05-31,12,57
2021-05-31,13,52
2021-05-31,14,57
2021-05-31,15,48
2021-05-31,16,61
2021-05-31,17,49
2021-05-31,18,31
2021-05-31,19,45
2021-05-31,20,16
2021-05-31,21,21
2021-05-31,22,22
2021-05-31,23,0
2021-06-01,0,0
2021-06-01,1,0
2021-06-01,2,0
2021-06-01,3,0
2021-06-01,4,4
2021-06-01,5,16
2021-06-01,6,32
2021-06-01,7,62
2021-06-01,8,57
2021-06-01,9,44
2021-06-01,10,44
2021-06-01,11,44
2021-06-01,12,48
2021-06-01,13,57
2021-06-01,14,49
2021-06-01,15,52
2021-06-01,16,52
2021-06-01,17,49
2021-06-01,18,31
2021-06-01,19,31
2021-06-01,20,21
2021-06-01,21,31
2021-06-01,22,34
2021-06-01,23,4
2021-06-02,0,0
2021-06-02,1,0
2021-06-02,2,0
2021-06-02,3,4
2021-06-02,4,17
2021-06-02,5,16
2021-06-02,6,36
2021-06-02,7,72
2021-06-02,8,71
2021-06-02,9,53
2021-06-02,10,57
2021-06-02,11,52
2021-06-02,12,67
2021-06-02,13,44
2021-06-02,14,53
2021-06-02,15,62
2021-06-02,16,62
2021-06-02,17,48
2021-06-02,18,32
2021-06-02,19,32
2021-06-02,20,54
2021-06-02,21,48
2021-06-02,22,40
2021-06-02,23,22
2021-06-03,0,17
2021-06-03,1,12
2021-06-03,2,8
2021-06-03,3,4
2021-06-03,4,8
2021-06-03,5,21
2021-06-03,6,36
2021-06-03,7,67
2021-06-03,8,57
2021-06-03,9,49
2021-06-03,10,53
2021-06-03,11,52
2021-06-03,12,52
2021-06-03,13,52
2021-06-03,14,48
2021-06-03,15,71
2021-06-03,16,71
2021-06-03,17,57
2021-06-03,18,36
2021-06-03,19,57
2021-06-03,20,44
2021-06-03,21,36
2021-06-03,22,17
2021-06-03,23,8
2021-06-04,0,16
2021-06-04,1,8
2021-06-04,2,0
2021-06-04,3,4
2021-06-04,4,35
2021-06-04,5,27
2021-06-04,6,36
2021-06-04,7,71
2021-06-04,8,62
2021-06-04,9,62
2021-06-04,10,52
2021-06-04,11,57
2021-06-04,12,56
2021-06-04,13,52
2021-06-04,14,44
2021-06-04,15,48
2021-06-04,16,57
2021-06-04,17,52
2021-06-04,18,31
2021-06-04,19,32
2021-06-04,20,31
2021-06-04,21,26
2021-06-04,22,26
2021-06-04,23,8
2021-06-05,0,0
2021-06-05,1,0
2021-06-05,2,4
2021-06-05,3,8
2021-06-05,4,12
2021-06-05,5,4
2021-06-05,6,26
2021-06-05,7,21
2021-06-05,8,40
2021-06-05,9,40
2021-06-05,10,45
2021-06-05,11,48
2021-06-05,12,48
2021-06-05,13,48
2021-06-05,14,52
2021-06-05,15,44
2021-06-05,16,48
2021-06-05,17,57
2021-06-05,18,58
2021-06-05,19,30
2021-06-05,20,44
2021-06-05,21,66
2021-06-05,22,58
2021-06-05,23,40
2021-06-06,0,26
2021-06-06,1,39
2021-06-06,2,39
2021-06-06,3,17
2021-06-06,4,8
2021-06-06,5,8
2021-06-06,6,35
2021-06-06,7,32
2021-06-06,8,49
2021-06-06,9,49
2021-06-06,10,49
2021-06-06,11,44
2021-06-06,12,48
2021-06-06,13,44
2021-06-06,14,48
2021-06-06,15,45
2021-06-06,16,36
2021-06-06,17,49
2021-06-06,18,35
2021-06-06,19,36
2021-06-06,20,66
2021-06-06,21,44
2021-06-06,22,26
2021-06-06,23,8
2021-06-07,0,21
2021-06-07,1,8
2021-06-07,2,16
2021-06-07,3,8
2021-06-07,4,16
2021-06-07,5,16
2021-06-07,6,39
2021-06-07,7,52
2021-06-07,8,62
2021-06-07,9,48
2021-06-07,10,57
2021-06-07,11,53
2021-06-07,12,53
2021-06-07,13,48
2021-06-07,14,57
2021-06-07,15,52
2021-06-07,16,61
2021-06-07,17,49
2021-06-07,18,36
2021-06-07,19,41
2021-06-07,20,16
2021-06-07,21,26
2021-06-07,22,22
2021-06-07,23,0
2021-06-08,0,0
2021-06-08,1,0
2021-06-08,2,0
2021-06-08,3,0
2021-06-08,4,4
2021-06-08,5,16
2021-06-08,6,27
2021-06-08,7,58
2021-06-08,8,57
2021-06-08,9,44
2021-06-08,10,44
2021-06-08,11,44
2021-06-08,12,48
2021-06-08,13,57
2021-06-08,14,53
2021-06-08,15,52
2021-06-08,16,52
2021-06-08,17,49
2021-06-08,18,31
2021-06-08,19,31
2021-06-08,20,22
2021-06-08,21,31
2021-06-08,22,34
2021-06-08,23,8
2021-06-09,0,0
2021-06-09,1,0
2021-06-09,2,0
2021-06-09,3,0
2021-06-09,4,17
2021-06-09,5,16
2021-06-09,6,36
2021-06-09,7,72
2021-06-09,8,71
2021-06-09,9,53
2021-06-09,10,57
2021-06-09,11,53
2021-06-09,12,71
2021-06-09,13,40
2021-06-09,14,53
2021-06-09,15,62
2021-06-09,16,61
2021-06-09,17,53
2021-06-09,18,32
2021-06-09,19,32
2021-06-09,20,54
2021-06-09,21,52
2021-06-09,22,40
2021-06-09,23,22
2021-06-10,0,17
2021-06-10,1,12
2021-06-10,2,8
2021-06-10,3,8
2021-06-10,4,8
2021-06-10,5,21
2021-06-10,6,32
2021-06-10,7,67
2021-06-10,8,57
2021-06-10,9,49
2021-06-10,10,53
2021-06-10,11,52
2021-06-10,12,52
2021-06-10,13,52
2021-06-10,14,44
2021-06-10,15,71
2021-06-10,16,71
2021-06-10,17,57
2021-06-10,18,36
2021-06-10,19,62
2021-06-10,20,48
2021-06-10,21,40
2021-06-10,22,17
2021-06-10,23,8
2021-06-11,0,16
2021-06-11,1,13
2021-06-11,2,0
2021-06-11,3,4
2021-06-11,4,35
2021-06-11,5,27
2021-06-11,6,36
2021-06-11,7,76
2021-06-11,8,62
2021-06-11,9,66
2021-06-11,10,52
2021-06-11,11,57
2021-06-11,12,53
2021-06-11,13,52
2021-06-11,14,48
2021-06-11,15,52
2021-06-11,16,57
2021-06-11,17,52
2021-06-11,18,31
2021-06-11,19,31
2021-06-11,20,31
2021-06-11,21,26
2021-06-11,22,26
2021-06-11,23,8
2021-06-12,0,0
2021-06-12,1,4
2021-06-12,2,8
2021-06-12,3,8
2021-06-12,4,8
2021-06-12,5,4
2021-06-12,6,30
2021-06-12,7,21
2021-06-12,8,40
2021-06-12,9,36
2021-06-12,10,45
2021-06-12,11,40
2021-06-12,12,48
2021-06-12,13,40
2021-06-12,14,45
2021-06-12,15,48
2021-06-12,16,48
2021-06-12,17,57
2021-06-12,18,58
2021-06-12,19,35
2021-06-12,20,39
2021-06-12,21,62
2021-06-12,22,48
2021-06-12,23,36
2021-06-13,0,26
2021-06-13,1,39
2021-06-13,2,40
2021-06-13,3,16
2021-06-13,4,8
2021-06-13,5,8
2021-06-13,6,31
2021-06-13,7,31
2021-06-13,8,40
2021-06-13,9,53
2021-06-13,10,57
2021-06-13,11,44
2021-06-13,12,48
2021-06-13,13,40
2021-06-13,14,44
2021-06-13,15,40
2021-06-13,16,36
2021-06-13,17,44
2021-06-13,18,35
2021-06-13,19,36
2021-06-13,20,63
2021-06-13,21,44
2021-06-13,22,26
2021-06-13,23,8
2021-06-14,0,21
2021-06-14,1,8
2021-06-14,2,16
2021-06-14,3,8
2021-06-14,4,16
2021-06-14,5,16
2021-06-14,6,39
2021-06-14,7,52
2021-06-14,8,67
2021-06-14,9,53
2021-06-14,10,57
2021-06-14,11,61
2021-06-14,12,54
2021-06-14,13,48
2021-06-14,14,57
2021-06-14,15,48
2021-06-14,16,61
2021-06-14,17,48
2021-06-14,18,31
2021-06-14,19,41
2021-06-14,20,16
2021-06-14,21,26
2021-06-14,22,27
2021-06-14,23,0
2021-06-15,0,0
2021-06-15,1,0
2021-06-15,2,0
2021-06-15,3,0
2021-06-15,4,0
2021-06-15,5,16
2021-06-15,6,36
2021-06-15,7,57
2021-06-15,8,57
2021-06-15,9,48
2021-06-15,10,44
2021-06-15,11,44
2021-06-15,12,48
2021-06-15,13,57
2021-06-15,14,49
2021-06-15,15,52
2021-06-15,16,52
2021-06-15,17,49
2021-06-15,18,31
2021-06-15,19,31
2021-06-15,20,21
2021-06-15,21,31
2021-06-15,22,34
2021-06-15,23,8
2021-06-16,0,0
2021-06-16,1,0
2021-06-16,2,0
2021-06-16,3,4
2021-06-16,4,21
2021-06-16,5,16
2021-06-16,6,36
2021-06-16,7,72
2021-06-16,8,71
2021-06-16,9,31
2021-06-16,10,0
2021-06-16,11,0
2021-06-16,12,0
2021-06-16,13,0
2021-06-16,14,0
2021-06-16,15,0
2021-06-16,16,0
2021-06-16,17,0
2021-06-16,18,0
2021-06-16,19,0
2021-06-16,20,0
2021-06-16,21,0
2021-06-16,22,0
2021-06-16,23,0
2021-06-17,0,0
2021-06-17,1,0
2021-06-17,2,0
2021-06-17,3,0
2021-06-17,4,0
2021-06-17,5,0
2021-06-17,6,27
2021-06-17,7,67
2021-06-17,8,62
2021-06-17,9,54
2021-06-17,10,53
2021-06-17,11,53
2021-06-17,12,52
2021-06-17,13,52
2021-06-17,14,48
2021-06-17,15,75
2021-06-17,16,71
2021-06-17,17,62
2021-06-17,18,36
2021-06-17,19,61
2021-06-17,20,49
2021-06-17,21,36
2021-06-17,22,17
2021-06-17,23,12
2021-06-18,0,16
2021-06-18,1,21
2021-06-18,2,0
2021-06-18,3,8
2021-06-18,4,35
2021-06-18,5,27
2021-06-18,6,36
2021-06-18,7,76
2021-06-18,8,62
2021-06-18,9,62
2021-06-18,10,61
2021-06-18,11,57
2021-06-18,12,53
2021-06-18,13,52
2021-06-18,14,48
2021-06-18,15,57
2021-06-18,16,57
2021-06-18,17,57
2021-06-18,18,40
2021-06-18,19,36
2021-06-18,20,31
2021-06-18,21,26
2021-06-18,22,26
2021-06-18,23,8
2021-06-19,0,4
2021-06-19,1,0
2021-06-19,2,8
2021-06-19,3,8
2021-06-19,4,8
2021-06-19,5,4
2021-06-19,6,26
2021-06-19,7,21
2021-06-19,8,36
2021-06-19,9,40
2021-06-19,10,44
2021-06-19,11,44
2021-06-19,12,48
2021-06-19,13,44
2021-06-19,14,48
2021-06-19,15,48
2021-06-19,16,48
2021-06-19,17,57
2021-06-19,18,53
2021-06-19,19,30
2021-06-19,20,39
2021-06-19,21,66
2021-06-19,22,53
2021-06-19,23,40
2021-06-20,0,26
2021-06-20,1,39
2021-06-20,2,40
2021-06-20,3,17
2021-06-20,4,8
2021-06-20,5,8
2021-06-20,6,35
2021-06-20,7,31
2021-06-20,8,40
2021-06-20,9,44
2021-06-20,10,53
2021-06-20,11,44
2021-06-20,12,48
2021-06-20,13,48
2021-06-20,14,48
2021-06-20,15,44
2021-06-20,16,36
2021-06-20,17,49
2021-06-20,18,35
2021-06-20,19,36
2021-06-20,20,57
2021-06-20,21,44
2021-06-20,22,26
2021-06-20,23,8
2021-06-21,0,21
2021-06-21,1,4
2021-06-21,2,16
2021-06-21,3,12
2021-06-21,4,16
2021-06-21,5,16
2021-06-21,6,40
2021-06-21,7,56
2021-06-21,8,67
2021-06-21,9,53
2021-06-21,10,57
2021-06-21,11,52
2021-06-21,12,58
2021-06-21,13,52
2021-06-21,14,56
2021-06-21,15,48
2021-06-21,16,61
2021-06-21,17,49
2021-06-21,18,35
2021-06-21,19,41
2021-06-21,20,16
2021-06-21,21,26
2021-06-21,22,22
2021-06-21,23,0
2021-06-22,0,0
2021-06-22,1,0
2021-06-22,2,0
2021-06-22,3,0
2021-06-22,4,0
2021-06-22,5,16
2021-06-22,6,26
2021-06-22,7,62
2021-06-22,8,57
2021-06-22,9,48
2021-06-22,10,44
2021-06-22,11,44
2021-06-22,12,48
2021-06-22,13,57
2021-06-22,14,53
2021-06-22,15,57
2021-06-22,16,52
2021-06-22,17,49
2021-06-22,18,31
2021-06-22,19,31
2021-06-22,20,17
2021-06-22,21,31
2021-06-22,22,38
2021-06-22,23,8
2021-06-23,0,0
2021-06-23,1,0
2021-06-23,2,4
2021-06-23,3,4
2021-06-23,4,17
2021-06-23,5,16
2021-06-23,6,32
2021-06-23,7,72
2021-06-23,8,71
2021-06-23,9,53
2021-06-23,10,52
2021-06-23,11,52
2021-06-23,12,72
2021-06-23,13,44
2021-06-23,14,57
2021-06-23,15,62
2021-06-23,16,61
2021-06-23,17,53
2021-06-23,18,32
2021-06-23,19,36
2021-06-23,20,53
2021-06-23,21,52
2021-06-23,22,36
2021-06-23,23,17
2021-06-24,0,17
2021-06-24,1,12
2021-06-24,2,8
2021-06-24,3,4
2021-06-24,4,8
2021-06-24,5,21
2021-06-24,6,32
2021-06-24,7,62
2021-06-24,8,57
2021-06-24,9,49
2021-06-24,10,57
2021-06-24,11,48
2021-06-24,12,52
2021-06-24,13,52
2021-06-24,14,48
2021-06-24,15,71
2021-06-24,16,75
2021-06-24,17,58
2021-06-24,18,36
2021-06-24,19,57
2021-06-24,20,40
2021-06-24,21,40
2021-06-24,22,17
2021-06-24,23,8
2021-06-25,0,12
2021-06-25,1,12
2021-06-25,2,0
2021-06-25,3,4
2021-06-25,4,35
2021-06-25,5,27
2021-06-25,6,32
2021-06-25,7,76
2021-06-25,8,62
2021-06-25,9,66
2021-06-25,10,44
2021-06-25,11,57
2021-06-25,12,57
2021-06-25,13,52
2021-06-25,14,52
2021-06-25,15,48
2021-06-25,16,57
2021-06-25,17,52
2021-06-25,18,36
2021-06-25,19,36
2021-06-25,20,36
2021-06-25,21,26
2021-06-25,22,30
2021-06-25,23,8
2021-06-26,0,0
2021-06-26,1,4
2021-06-26,2,12
2021-06-26,3,8
2021-06-26,4,8
2021-06-26,5,8
2021-06-26,6,26
2021-06-26,7,21
2021-06-26,8,36
2021-06-26,9,40
2021-06-26,10,44
2021-06-26,11,48
2021-06-26,12,48
2021-06-26,13,40
2021-06-26,14,44
2021-06-26,15,48
2021-06-26,16,48
2021-06-26,17,57
2021-06-26,18,53
2021-06-26,19,40
2021-06-26,20,40
2021-06-26,21,62
2021-06-26,22,58
2021-06-26,23,36
2021-06-27,0,26
2021-06-27,1,39
2021-06-27,2,39
2021-06-27,3,17
2021-06-27,4,8
2021-06-27,5,13
2021-06-27,6,35
2021-06-27,7,32
2021-06-27,8,40
2021-06-27,9,44
2021-06-27,10,57
2021-06-27,11,40
2021-06-27,12,48
2021-06-27,13,44
2021-06-27,14,44
2021-06-27,15,40
2021-06-27,16,31
2021-06-27,17,44
2021-06-27,18,35
2021-06-27,19,35
2021-06-27,20,62
2021-06-27,21,39
2021-06-27,22,31
2021-06-27,23,8
2021-06-28,0,21
2021-06-28,1,8
2021-06-28,2,12
2021-06-28,3,8
2021-06-28,4,16
2021-06-28,5,16
2021-06-28,6,39
2021-06-28,7,56
2021-06-28,8,67
2021-06-28,9,53
2021-06-28,10,57
2021-06-28,11,57
2021-06-28,12,57
2021-06-28,13,48
2021-06-28,14,57
2021-06-28,15,48
2021-06-28,16,61
2021-06-28,17,49
2021-06-28,18,30
2021-06-28,19,32
2021-06-28,20,16
2021-06-28,21,26
2021-06-28,22,22
2021-06-28,23,4
2021-06-29,0,4
2021-06-29,1,0
2021-06-29,2,0
2021-06-29,3,0
2021-06-29,4,0
2021-06-29,5,16
2021-06-29,6,27
2021-06-29,7,57
2021-06-29,8,57
2021-06-29,9,48
2021-06-29,10,44
2021-06-29,11,44
2021-06-29,12,35
2021-06-29,13,0
2021-06-29,14,0
2021-06-29,15,22
2021-06-29,16,52
2021-06-29,17,49
2021-06-29,18,31
2021-06-29,19,36
2021-06-29,20,22
2021-06-29,21,31
2021-06-29,22,34
2021-06-29,23,8
2021-06-30,0,0
2021-06-30,1,0
2021-06-30,2,8
2021-06-30,3,0
2021-06-30,4,17
2021-06-30,5,16
2021-06-30,6,36
2021-06-30,7,76
2021-06-30,8,71
2021-06-30,9,53
2021-06-30,10,57
2021-06-30,11,52
2021-06-30,12,67
2021-06-30,13,44
2021-06-30,14,53
2021-06-30,15,62
2021-06-30,16,58
2021-06-30,17,54
2021-06-30,18,31
2021-06-30,19,32
2021-06-30,20,60
2021-06-30,21,52
2021-06-30,22,36
2021-06-30,23,22
2021-07-01,0,17
2021-07-01,1,12
2021-07-01,2,8
2021-07-01,3,12
2021-07-01,4,8
2021-07-01,5,21
2021-07-01,6,32
2021-07-01,7,72
2021-07-01,8,57
2021-07-01,9,49
2021-07-01,10,53
2021-07-01,11,52
2021-07-01,12,52
2021-07-01,13,52
2021-07-01,14,44
2021-07-01,15,67
2021-07-01,16,76
2021-07-01,17,57
2021-07-01,18,36
2021-07-01,19,57
2021-07-01,20,41
2021-07-01,21,36
2021-07-01,22,17
2021-07-01,23,8
2021-07-02,0,12
2021-07-02,1,8
2021-07-02,2,0
2021-07-02,3,4
2021-07-02,4,31
2021-07-02,5,27
2021-07-02,6,32
2021-07-02,7,80
2021-07-02,8,62
2021-07-02,9,62
2021-07-02,10,52
2021-07-02,11,57
2021-07-02,12,49
2021-07-02,13,52
2021-07-02,14,44
2021-07-02,15,48
2021-07-02,16,57
2021-07-02,17,52
2021-07-02,18,32
2021-07-02,19,36
2021-07-02,20,31
2021-07-02,21,26
2021-07-02,22,26
2021-07-02,23,12
2021-07-03,0,0
2021-07-03,1,4
2021-07-03,2,8
2021-07-03,3,8
2021-07-03,4,8
2021-07-03,5,8
2021-07-03,6,26
2021-07-03,7,21
2021-07-03,8,36
2021-07-03,9,40
2021-07-03,10,45
2021-07-03,11,48
2021-07-03,12,48
2021-07-03,13,44
2021-07-03,14,48
2021-07-03,15,48
2021-07-03,16,48
2021-07-03,17,57
2021-07-03,18,53
2021-07-03,19,35
2021-07-03,20,40
2021-07-03,21,62
2021-07-03,22,50
2021-07-03,23,36
2021-07-04,0,22
2021-07-04,1,39
2021-07-04,2,44
2021-07-04,3,17
2021-07-04,4,8
2021-07-04,5,8
2021-07-04,6,31
2021-07-04,7,32
2021-07-04,8,39
2021-07-04,9,44
2021-07-04,10,53
2021-07-04,11,45
2021-07-04,12,52
2021-07-04,13,48
2021-07-04,14,48
2021-07-04,15,44
2021-07-04,16,32
2021-07-04,17,45
2021-07-04,18,35
2021-07-04,19,36
2021-07-04,20,58
2021-07-04,21,40
2021-07-04,22,26
2021-07-04,23,12
2021-07-05,0,21
2021-07-05,1,9
2021-07-05,2,12
2021-07-05,3,12
2021-07-05,4,16
2021-07-05,5,16
2021-07-05,6,39
2021-07-05,7,52
2021-07-05,8,67
2021-07-05,9,53
2021-07-05,10,57
2021-07-05,11,53
2021-07-05,12,57
2021-07-05,13,48
2021-07-05,14,57
2021-07-05,15,48
2021-07-05,16,61
2021-07-05,17,49
2021-07-05,18,31
2021-07-05,19,36
2021-07-05,20,16
2021-07-05,21,22
2021-07-05,22,22
2021-07-05,23,0
2021-07-06,0,0
2021-07-06,1,0
2021-07-06,2,0
2021-07-06,3,0
2021-07-06,4,0
2021-07-06,5,16
2021-07-06,6,32
2021-07-06,7,66
2021-07-06,8,57
2021-07-06,9,44
2021-07-06,10,44
2021-07-06,11,44
2021-07-06,12,44
2021-07-06,13,57
2021-07-06,14,53
2021-07-06,15,56
2021-07-06,16,52
2021-07-06,17,49
2021-07-06,18,31
2021-07-06,19,31
2021-07-06,20,22
2021-07-06,21,31
2021-07-06,22,34
2021-07-06,23,8
2021-07-07,0,0
2021-07-07,1,0
2021-07-07,2,4
2021-07-07,3,4
2021-07-07,4,13
2021-07-07,5,16
2021-07-07,6,36
2021-07-07,7,72
2021-07-07,8,67
2021-07-07,9,53
2021-07-07,10,57
2021-07-07,11,57
2021-07-07,12,76
2021-07-07,13,40
2021-07-07,14,57
2021-07-07,15,62
2021-07-07,16,58
2021-07-07,17,52
2021-07-07,18,40
2021-07-07,19,36
2021-07-07,20,53
2021-07-07,21,47
2021-07-07,22,36
2021-07-07,23,22
2021-07-08,0,17
2021-07-08,1,16
2021-07-08,2,12
2021-07-08,3,8
2021-07-08,4,8
2021-07-08,5,21
2021-07-08,6,31
2021-07-08,7,67
2021-07-08,8,57
2021-07-08,9,49
2021-07-08,10,57
2021-07-08,11,48
2021-07-08,12,52
2021-07-08,13,52
2021-07-08,14,44
2021-07-08,15,67
2021-07-08,16,71
2021-07-08,17,57
2021-07-08,18,36
2021-07-08,19,57
2021-07-08,20,44
2021-07-08,21,36
2021-07-08,22,17
2021-07-08,23,12
2021-07-09,0,16
2021-07-09,1,17
2021-07-09,2,0
2021-07-09,3,4
2021-07-09,4,35
2021-07-09,5,31
2021-07-09,6,32
2021-07-09,7,76
2021-07-09,8,62
2021-07-09,9,62
2021-07-09,10,52
2021-07-09,11,57
2021-07-09,12,53
2021-07-09,13,52
2021-07-09,14,48
2021-07-09,15,48
2021-07-09,16,57
2021-07-09,17,48
2021-07-09,18,32
2021-07-09,19,32
2021-07-09,20,31
2021-07-09,21,26
2021-07-09,22,26
2021-07-09,23,8
2021-07-10,0,0
2021-07-10,1,4
2021-07-10,2,12
2021-07-10,3,8
2021-07-10,4,12
2021-07-10,5,8
2021-07-10,6,26
2021-07-10,7,21
2021-07-10,8,36
2021-07-10,9,36
2021-07-10,10,44
2021-07-10,11,44
2021-07-10,12,48
2021-07-10,13,40
2021-07-10,14,48
2021-07-10,15,48
2021-07-10,16,48
2021-07-10,17,57
2021-07-10,18,53
2021-07-10,19,30
2021-07-10,20,39
2021-07-10,21,62
2021-07-10,22,53
2021-07-10,23,36
2021-07-11,0,26
2021-07-11,1,39
2021-07-11,2,40
2021-07-11,3,16
2021-07-11,4,8
2021-07-11,5,8
2021-07-11,6,35
2021-07-11,7,31
2021-07-11,8,44
2021-07-11,9,53
2021-07-11,10,53
2021-07-11,11,40
2021-07-11,12,48
2021-07-11,13,44
2021-07-11,14,44
2021-07-11,15,40
2021-07-11,16,36
2021-07-11,17,45
2021-07-11,18,35
2021-07-11,19,35
2021-07-11,20,62
2021-07-11,21,44
2021-07-11,22,35
2021-07-11,23,12
2021-07-12,0,21
2021-07-12,1,8
2021-07-12,2,16
2021-07-12,3,8
2021-07-12,4,16
2021-07-12,5,16
2021-07-12,6,39
2021-07-12,7,52
2021-07-12,8,67
2021-07-12,9,53
2021-07-12,10,57
2021-07-12,11,57
2021-07-12,12,57
2021-07-12,13,48
2021-07-12,14,56
2021-07-12,15,48
2021-07-12,16,61
2021-07-12,17,49
2021-07-12,18,31
2021-07-12,19,36
2021-07-12,20,16
2021-07-12,21,27
2021-07-12,22,22
2021-07-12,23,0
2021-07-13,0,0
2021-07-13,1,0
2021-07-13,2,0
2021-07-13,3,0
2021-07-13,4,0
2021-07-13,5,12
2021-07-13,6,31
2021-07-13,7,57
2021-07-13,8,57
2021-07-13,9,48
2021-07-13,10,40
2021-07-13,11,44
2021-07-13,12,48
2021-07-13,13,57
2021-07-13,14,49
2021-07-13,15,52
2021-07-13,16,52
2021-07-13,17,49
2021-07-13,18,31
2021-07-13,19,31
2021-07-13,20,23
2021-07-13,21,31
2021-07-13,22,34
2021-07-13,23,8
2021-07-14,0,0
2021-07-14,1,0
2021-07-14,2,0
2021-07-14,3,0
2021-07-14,4,17
2021-07-14,5,16
2021-07-14,6,36
2021-07-14,7,72
2021-07-14,8,71
2021-07-14,9,53
2021-07-14,10,52
2021-07-14,11,52
2021-07-14,12,72
2021-07-14,13,44
2021-07-14,14,53
2021-07-14,15,62
2021-07-14,16,61
2021-07-14,17,53
2021-07-14,18,40
2021-07-14,19,35
2021-07-14,20,57
2021-07-14,21,52
2021-07-14,22,44
2021-07-14,23,22
2021-07-15,0,60
2021-07-15,1,16
2021-07-15,2,8
2021-07-15,3,8
2021-07-15,4,12
2021-07-15,5,21
2021-07-15,6,44
2021-07-15,7,67
2021-07-15,8,66
2021-07-15,9,54
2021-07-15,10,53
2021-07-15,11,52
2021-07-15,12,52
2021-07-15,13,52
2021-07-15,14,48
2021-07-15,15,67
2021-07-15,16,71
2021-07-15,17,58
2021-07-15,18,36
2021-07-15,19,52
2021-07-15,20,48
2021-07-15,21,36
2021-07-15,22,17
2021-07-15,23,12
2021-07-16,0,12
2021-07-16,1,8
2021-07-16,2,0
2021-07-16,3,4
2021-07-16,4,36
2021-07-16,5,27
2021-07-16,6,36
2021-07-16,7,76
2021-07-16,8,62
2021-07-16,9,62
2021-07-16,10,57
2021-07-16,11,57
2021-07-16,12,53
2021-07-16,13,52
2021-07-16,14,44
2021-07-16,15,48
2021-07-16,16,57
2021-07-16,17,48
2021-07-16,18,32
2021-07-16,19,32
2021-07-16,20,31
2021-07-16,21,26
2021-07-16,22,25
2021-07-16,23,8
2021-07-17,0,4
2021-07-17,1,4
2021-07-17,2,8
2021-07-17,3,8
2021-07-17,4,12
2021-07-17,5,4
2021-07-17,6,26
2021-07-17,7,21
2021-07-17,8,36
2021-07-17,9,49
2021-07-17,10,68
2021-07-17,11,60
2021-07-17,12,94
2021-07-17,13,109
2021-07-17,14,75
2021-07-17,15,66
2021-07-17,16,86
2021-07-17,17,75
2021-07-17,18,56
2021-07-17,19,73
2021-07-17,20,46
2021-07-17,21,42
2021-07-17,22,34
2021-07-17,23,26
2021-07-18,0,10
2021-07-18,1,34
2021-07-18,2,4
2021-07-18,3,1
2021-07-18,4,4
2021-07-18,5,10
2021-07-18,6,31
2021-07-18,7,19
2021-07-18,8,37
2021-07-18,9,40
2021-07-18,10,57
2021-07-18,11,63
2021-07-18,12,74
2021-07-18,13,73
2021-07-18,14,83
2021-07-18,15,71
2021-07-18,16,74
2021-07-18,17,64
2021-07-18,18,63
2021-07-18,19,36
2021-07-18,20,100
2021-07-18,21,55
2021-07-18,22,70
2021-07-18,23,25
2021-07-19,0,13
2021-07-19,1,3
2021-07-19,2,61
2021-07-19,3,12
2021-07-19,4,63
2021-07-19,5,29
2021-07-19,6,63
2021-07-19,7,65
2021-07-19,8,81
2021-07-19,9,91
2021-07-19,10,79
2021-07-19,11,149
2021-07-19,12,86
2021-07-19,13,93
2021-07-19,14,72
2021-07-19,15,62
2021-07-19,16,73
2021-07-19,17,61
2021-07-19,18,45
2021-07-19,19,45
2021-07-19,20,27
2021-07-19,21,26
2021-07-19,22,32
2021-07-19,23,8
2021-07-20,0,0
2021-07-20,1,0
2021-07-20,2,0
2021-07-20,3,0
2021-07-20,4,4
2021-07-20,5,17
2021-07-20,6,31
2021-07-20,7,72
2021-07-20,8,63
2021-07-20,9,56
2021-07-20,10,52
2021-07-20,11,62
2021-07-20,12,62
2021-07-20,13,73
2021-07-20,14,71
2021-07-20,15,92
2021-07-20,16,102
2021-07-20,17,72
2021-07-20,18,70
2021-07-20,19,32
2021-07-20,20,49
2021-07-20,21,37
2021-07-20,22,23
2021-07-20,23,31
2021-07-21,0,1
2021-07-21,1,10
2021-07-21,2,3
2021-07-21,3,3
2021-07-21,4,13
2021-07-21,5,39
2021-07-21,6,73
2021-07-21,7,112
2021-07-21,8,126
2021-07-21,9,81
2021-07-21,10,84
2021-07-21,11,105
2021-07-21,12,111
2021-07-21,13,100
2021-07-21,14,99
2021-07-21,15,108
2021-07-21,16,93
2021-07-21,17,104
2021-07-21,18,63
2021-07-21,19,42
2021-07-21,20,50
2021-07-21,21,36
2021-07-21,22,24
2021-07-21,23,20
2021-07-22,0,21
2021-07-22,1,11
2021-07-22,2,3
2021-07-22,3,2
2021-07-22,4,11
2021-07-22,5,38
2021-07-22,6,69
2021-07-22,7,90
2021-07-22,8,103
2021-07-22,9,91
2021-07-22,10,92
2021-07-22,11,96
2021-07-22,12,105
2021-07-22,13,82
2021-07-22,14,93
2021-07-22,15,119
2021-07-22,16,109
2021-07-22,17,86
2021-07-22,18,72
2021-07-22,19,43
2021-07-22,20,24
2021-07-22,21,27
2021-07-22,22,15
2021-07-22,23,9
2021-07-23,0,16
2021-07-23,1,2
2021-07-23,2,2
2021-07-23,3,4
2021-07-23,4,35
2021-07-23,5,20
2021-07-23,6,37
2021-07-23,7,68
2021-07-23,8,72
2021-07-23,9,67
2021-07-23,10,56
2021-07-23,11,73
2021-07-23,12,72
2021-07-23,13,84
2021-07-23,14,62
2021-07-23,15,64
2021-07-23,16,78
2021-07-23,17,66
2021-07-23,18,72
2021-07-23,19,65
2021-07-23,20,37
2021-07-23,21,32
2021-07-23,22,30
2021-07-23,23,36
2021-07-24,0,14
2021-07-24,1,8
2021-07-24,2,5
2021-07-24,3,1
2021-07-24,4,6
2021-07-24,5,6
2021-07-24,6,13
2021-07-24,7,28
2021-07-24,8,28
2021-07-24,9,35
2021-07-24,10,43
2021-07-24,11,41
2021-07-24,12,31
2021-07-24,13,42
2021-07-24,14,43
2021-07-24,15,58
2021-07-24,16,37
2021-07-24,17,70
2021-07-24,18,31
2021-07-24,19,28
2021-07-24,20,45
2021-07-24,21,24
2021-07-24,22,40
2021-07-24,23,21
2021-07-25,0,16
2021-07-25,1,6
2021-07-25,2,3
2021-07-25,3,4
2021-07-25,4,3
2021-07-25,5,7
2021-07-25,6,10
2021-07-25,7,27
2021-07-25,8,45
2021-07-25,9,44
2021-07-25,10,30
2021-07-25,11,29
2021-07-25,12,45
2021-07-25,13,46
2021-07-25,14,36
2021-07-25,15,42
2021-07-25,16,35
2021-07-25,17,28
2021-07-25,18,36
2021-07-25,19,35
2021-07-25,20,33
2021-07-25,21,26
2021-07-25,22,22
2021-07-25,23,9
2021-07-26,0,21
2021-07-26,1,6
2021-07-26,2,1
2021-07-26,3,8
2021-07-26,4,4
2021-07-26,5,26
2021-07-26,6,61
2021-07-26,7,53
2021-07-26,8,66
2021-07-26,9,48
2021-07-26,10,161
2021-07-26,11,64
2021-07-26,12,59
2021-07-26,13,58
2021-07-26,14,57
2021-07-26,15,51
2021-07-26,16,59
2021-07-26,17,69
2021-07-26,18,47
2021-07-26,19,58
2021-07-26,20,45
2021-07-26,21,35
2021-07-26,22,16
2021-07-26,23,2
2021-07-27,0,4
2021-07-27,1,2
2021-07-27,2,2
2021-07-27,3,21
2021-07-27,4,9
2021-07-27,5,17
2021-07-27,6,43
2021-07-27,7,82
2021-07-27,8,91
2021-07-27,9,70
2021-07-27,10,67
2021-07-27,11,113
2021-07-27,12,130
2021-07-27,13,97
2021-07-27,14,106
2021-07-27,15,81
2021-07-27,16,128
2021-07-27,17,117
2021-07-27,18,75
2021-07-27,19,101
2021-07-27,20,38
2021-07-27,21,51
2021-07-27,22,71
2021-07-27,23,43
2021-07-28,0,31
2021-07-28,1,110
2021-07-28,2,149
2021-07-28,3,4
2021-07-28,4,34
2021-07-28,5,21
2021-07-28,6,44
2021-07-28,7,90
2021-07-28,8,66
2021-07-28,9,103
2021-07-28,10,85
2021-07-28,11,82
2021-07-28,12,73
2021-07-28,13,196
2021-07-28,14,145
2021-07-28,15,96
2021-07-28,16,108
2021-07-28,17,99
2021-07-28,18,85
2021-07-28,19,42
2021-07-28,20,34
2021-07-28,21,29
2021-07-28,22,18
2021-07-28,23,14
2021-07-29,0,15
2021-07-29,1,3
2021-07-29,2,9
2021-07-29,3,3
2021-07-29,4,14
2021-07-29,5,44
2021-07-29,6,66
2021-07-29,7,106
2021-07-29,8,103
2021-07-29,9,90
2021-07-29,10,125
2021-07-29,11,107
2021-07-29,12,138
2021-07-29,13,184
2021-07-29,14,78
2021-07-29,15,109
2021-07-29,16,111
2021-07-29,17,119
2021-07-29,18,99
2021-07-29,19,87
2021-07-29,20,55
2021-07-29,21,71
2021-07-29,22,136
2021-07-29,23,80
2021-07-30,0,26
2021-07-30,1,15
2021-07-30,2,43
2021-07-30,3,9
2021-07-30,4,55
2021-07-30,5,64
2021-07-30,6,54
2021-07-30,7,97
2021-07-30,8,159
2021-07-30,9,152
2021-07-30,10,121
2021-07-30,11,121
2021-07-30,12,125
2021-07-30,13,136
2021-07-30,14,128
2021-07-30,15,113
2021-07-30,16,128
2021-07-30,17,114
2021-07-30,18,110
2021-07-30,19,136
2021-07-30,20,109
2021-07-30,21,54
2021-07-30,22,70
2021-07-30,23,49
2021-07-31,0,10
2021-07-31,1,9
2021-07-31,2,4
2021-07-31,3,6
2021-07-31,4,28
2021-07-31,5,16
2021-07-31,6,30
2021-07-31,7,49
2021-07-31,8,41
2021-07-31,9,82
2021-07-31,10,96
2021-07-31,11,75
2021-07-31,12,75
2021-07-31,13,96
2021-07-31,14,80
2021-07-31,15,117
2021-07-31,16,117
2021-07-31,17,108
2021-07-31,18,77
2021-07-31,19,70
2021-07-31,20,34
2021-07-31,21,35
2021-07-31,22,60
2021-07-31,23,29
2021-08-01,0,37
2021-08-01,1,31
2021-08-01,2,8
2021-08-01,3,2
2021-08-01,4,2
2021-08-01,5,8
2021-08-01,6,24
2021-08-01,7,31
2021-08-01,8,40
2021-08-01,9,32
2021-08-01,10,36
2021-08-01,11,99
2021-08-01,12,81
2021-08-01,13,81
2021-08-01,14,54
2021-08-01,15,122
2021-08-01,16,42
2021-08-01,17,43
2021-08-01,18,40
2021-08-01,19,33
2021-08-01,20,23
2021-08-01,21,36
2021-08-01,22,24
2021-08-01,23,9
2021-08-02,0,21
2021-08-02,1,1
2021-08-02,2,3
2021-08-02,3,4
2021-08-02,4,8
2021-08-02,5,21
2021-08-02,6,40
2021-08-02,7,54
2021-08-02,8,67
2021-08-02,9,52
2021-08-02,10,106
2021-08-02,11,74
2021-08-02,12,58
2021-08-02,13,46
2021-08-02,14,97
2021-08-02,15,88
2021-08-02,16,122
2021-08-02,17,129
2021-08-02,18,40
2021-08-02,19,30
2021-08-02,20,28
2021-08-02,21,64
2021-08-02,22,8
2021-08-02,23,7
2021-08-03,0,0
2021-08-03,1,0
2021-08-03,2,5
2021-08-03,3,2
2021-08-03,4,10
2021-08-03,5,15
2021-08-03,6,22
2021-08-03,7,87
2021-08-03,8,50
2021-08-03,9,52
2021-08-03,10,58
2021-08-03,11,55
2021-08-03,12,82
2021-08-03,13,76
2021-08-03,14,64
2021-08-03,15,95
2021-08-03,16,92
2021-08-03,17,80
2021-08-03,18,129
2021-08-03,19,49
2021-08-03,20,33
2021-08-03,21,15
2021-08-03,22,13
2021-08-03,23,9
2021-08-04,0,2
2021-08-04,1,2
2021-08-04,2,2
2021-08-04,3,0
2021-08-04,4,4
2021-08-04,5,15
2021-08-04,6,41
2021-08-04,7,62
2021-08-04,8,57
2021-08-04,9,52
2021-08-04,10,93
2021-08-04,11,89
2021-08-04,12,105
2021-08-04,13,99
2021-08-04,14,89
2021-08-04,15,66
2021-08-04,16,86
2021-08-04,17,100
2021-08-04,18,75
2021-08-04,19,37
2021-08-04,20,56
2021-08-04,21,69
2021-08-04,22,24
2021-08-04,23,10
2021-08-05,0,17
2021-08-05,1,1
2021-08-05,2,0
2021-08-05,3,4
2021-08-05,4,7
2021-08-05,5,17
2021-08-05,6,37
2021-08-05,7,89
2021-08-05,8,54
2021-08-05,9,62
2021-08-05,10,73
2021-08-05,11,74
2021-08-05,12,58
2021-08-05,13,80
2021-08-05,14,63
2021-08-05,15,62
2021-08-05,16,80
2021-08-05,17,97
2021-08-05,18,74
2021-08-05,19,48
2021-08-05,20,44
2021-08-05,21,31
2021-08-05,22,20
2021-08-05,23,12
2021-08-06,0,11
2021-08-06,1,8
2021-08-06,2,2
2021-08-06,3,1
2021-08-06,4,15
2021-08-06,5,17
2021-08-06,6,28
2021-08-06,7,58
2021-08-06,8,71
2021-08-06,9,51
2021-08-06,10,56
2021-08-06,11,80
2021-08-06,12,65
2021-08-06,13,67
2021-08-06,14,80
2021-08-06,15,82
2021-08-06,16,103
2021-08-06,17,115
2021-08-06,18,73
2021-08-06,19,39
2021-08-06,20,39
2021-08-06,21,43
2021-08-06,22,23
2021-08-06,23,12
2021-08-07,0,0
2021-08-07,1,0
2021-08-07,2,4
2021-08-07,3,4
2021-08-07,4,2
2021-08-07,5,9
2021-08-07,6,11
2021-08-07,7,29
2021-08-07,8,28
2021-08-07,9,37
2021-08-07,10,62
2021-08-07,11,47
2021-08-07,12,63
2021-08-07,13,58
2021-08-07,14,43
2021-08-07,15,60
2021-08-07,16,47
2021-08-07,17,85
2021-08-07,18,73
2021-08-07,19,69
2021-08-07,20,33
2021-08-07,21,34
2021-08-07,22,24
2021-08-07,23,34
2021-08-08,0,17
2021-08-08,1,9
2021-08-08,2,2
2021-08-08,3,3
2021-08-08,4,6
2021-08-08,5,8
2021-08-08,6,20
2021-08-08,7,30
2021-08-08,8,23
2021-08-08,9,37
2021-08-08,10,64
2021-08-08,11,63
2021-08-08,12,95
2021-08-08,13,79
2021-08-08,14,85
2021-08-08,15,61
2021-08-08,16,75
2021-08-08,17,62
2021-08-08,18,44
2021-08-08,19,53
2021-08-08,20,42
2021-08-08,21,34
2021-08-08,22,32
2021-08-08,23,3
2021-08-09,0,11
2021-08-09,1,4
2021-08-09,2,4
2021-08-09,3,3
2021-08-09,4,7
2021-08-09,5,16
2021-08-09,6,48
2021-08-09,7,69
2021-08-09,8,55
2021-08-09,9,75
2021-08-09,10,79
2021-08-09,11,97
2021-08-09,12,60
2021-08-09,13,60
2021-08-09,14,151
2021-08-09,15,65
2021-08-09,16,112
2021-08-09,17,119
2021-08-09,18,48
2021-08-09,19,60
2021-08-09,20,57
2021-08-09,21,44
2021-08-09,22,36
2021-08-09,23,7
2021-08-10,0,0
2021-08-10,1,0
2021-08-10,2,3
2021-08-10,3,7
2021-08-10,4,8
2021-08-10,5,29
2021-08-10,6,52
2021-08-10,7,74
2021-08-10,8,83
2021-08-10,9,90
2021-08-10,10,123
2021-08-10,11,65
2021-08-10,12,164
2021-08-10,13,52
2021-08-10,14,100
2021-08-10,15,92
2021-08-10,16,148
2021-08-10,17,115
2021-08-10,18,68
2021-08-10,19,57
2021-08-10,20,32
2021-08-10,21,36
2021-08-10,22,35
2021-08-10,23,13
2021-08-11,0,5
2021-08-11,1,21
2021-08-11,2,18
2021-08-11,3,0
2021-08-11,4,17
2021-08-11,5,17
2021-08-11,6,40
2021-08-11,7,75
2021-08-11,8,76
2021-08-11,9,64
2021-08-11,10,71
2021-08-11,11,76
2021-08-11,12,80
2021-08-11,13,92
2021-08-11,14,88
2021-08-11,15,71
2021-08-11,16,75
2021-08-11,17,85
2021-08-11,18,63
2021-08-11,19,32
2021-08-11,20,48
2021-08-11,21,48
2021-08-11,22,28
2021-08-11,23,22
2021-08-12,0,21
2021-08-12,1,8
2021-08-12,2,8
2021-08-12,3,8
2021-08-12,4,8
2021-08-12,5,21
2021-08-12,6,36
2021-08-12,7,71
2021-08-12,8,66
2021-08-12,9,67
2021-08-12,10,80
2021-08-12,11,57
2021-08-12,12,79
2021-08-12,13,79
2021-08-12,14,59
2021-08-12,15,80
2021-08-12,16,84
2021-08-12,17,80
2021-08-12,18,53
2021-08-12,19,62
2021-08-12,20,44
2021-08-12,21,48
2021-08-12,22,40
2021-08-12,23,40
2021-08-13,0,21
2021-08-13,1,17
2021-08-13,2,9
2021-08-13,3,8
2021-08-13,4,25
2021-08-13,5,27
2021-08-13,6,44
2021-08-13,7,63
2021-08-13,8,75
2021-08-13,9,71
2021-08-13,10,67
2021-08-13,11,72
2021-08-13,12,72
2021-08-13,13,67
2021-08-13,14,76
2021-08-13,15,72
2021-08-13,16,84
2021-08-13,17,93
2021-08-13,18,57
2021-08-13,19,57
2021-08-13,20,40
2021-08-13,21,40
2021-08-13,22,39
2021-08-13,23,30
2021-08-14,0,0
2021-08-14,1,17
2021-08-14,2,16
2021-08-14,3,26
2021-08-14,4,17
2021-08-14,5,8
2021-08-14,6,21
2021-08-14,7,27
2021-08-14,8,36
2021-08-14,9,48
2021-08-14,10,52
2021-08-14,11,52
2021-08-14,12,57
2021-08-14,13,62
2021-08-14,14,53
2021-08-14,15,62
2021-08-14,16,67
2021-08-14,17,83
2021-08-14,18,61
2021-08-14,19,62
2021-08-14,20,48
2021-08-14,21,58
2021-08-14,22,45
2021-08-14,23,71
2021-08-15,0,40
2021-08-15,1,54
2021-08-15,2,44
2021-08-15,3,21
2021-08-15,4,12
2021-08-15,5,12
2021-08-15,6,26
2021-08-15,7,27
2021-08-15,8,40
2021-08-15,9,44
2021-08-15,10,44
2021-08-15,11,62
2021-08-15,12,71
2021-08-15,13,76
2021-08-15,14,72
2021-08-15,15,76
2021-08-15,16,52
2021-08-15,17,63
2021-08-15,18,45
2021-08-15,19,53
2021-08-15,20,58
2021-08-15,21,44
2021-08-15,22,36
2021-08-15,23,12
2021-08-16,0,21
2021-08-16,1,8
2021-08-16,2,17
2021-08-16,3,12
2021-08-16,4,22
2021-08-16,5,16
2021-08-16,6,48
2021-08-16,7,67
2021-08-16,8,71
2021-08-16,9,67
2021-08-16,10,93
2021-08-16,11,80
2021-08-16,12,62
2021-08-16,13,62
2021-08-16,14,76
2021-08-16,15,57
2021-08-16,16,83
2021-08-16,17,79
2021-08-16,18,36
2021-08-16,19,40
2021-08-16,20,26
2021-08-16,21,35
2021-08-16,22,27
2021-08-16,23,8
2021-08-17,0,0
2021-08-17,1,0
2021-08-17,2,0
2021-08-17,3,4
2021-08-17,4,4
2021-08-17,5,12
2021-08-17,6,36
2021-08-17,7,62
2021-08-17,8,58
2021-08-17,9,61
2021-08-17,10,70
2021-08-17,11,58
2021-08-17,12,82
2021-08-17,13,76
2021-08-17,14,71
2021-08-17,15,79
2021-08-17,16,93
2021-08-17,17,71
2021-08-17,18,61
2021-08-17,19,48
2021-08-17,20,32
2021-08-17,21,40
2021-08-17,22,27
2021-08-17,23,18
2021-08-18,0,4
2021-08-18,1,26
2021-08-18,2,13
2021-08-18,3,0
2021-08-18,4,17
2021-08-18,5,16
2021-08-18,6,40
2021-08-18,7,76
2021-08-18,8,67
2021-08-18,9,59
2021-08-18,10,80
2021-08-18,11,67
2021-08-18,12,76
2021-08-18,13,84
2021-08-18,14,84
2021-08-18,15,84
2021-08-18,16,72
2021-08-18,17,76
2021-08-18,18,58
2021-08-18,19,40
2021-08-18,20,57
2021-08-18,21,48
2021-08-18,22,31
2021-08-18,23,22
2021-08-19,0,18
2021-08-19,1,12
2021-08-19,2,0
2021-08-19,3,12
2021-08-19,4,12
2021-08-19,5,26
2021-08-19,6,44
2021-08-19,7,84
2021-08-19,8,71
2021-08-19,9,62
2021-08-19,10,80
2021-08-19,11,62
2021-08-19,12,71
2021-08-19,13,75
2021-08-19,14,59
2021-08-19,15,80
2021-08-19,16,84
2021-08-19,17,88
2021-08-19,18,53
2021-08-19,19,61
2021-08-19,20,44
2021-08-19,21,40
2021-08-19,22,36
2021-08-19,23,30
2021-08-20,0,12
2021-08-20,1,13
2021-08-20,2,9
2021-08-20,3,8
2021-08-20,4,30
2021-08-20,5,27
2021-08-20,6,44
2021-08-20,7,76
2021-08-20,8,79
2021-08-20,9,71
2021-08-20,10,63
2021-08-20,11,72
2021-08-20,12,72
2021-08-20,13,68
2021-08-20,14,76
2021-08-20,15,76
2021-08-20,16,84
2021-08-20,17,88
2021-08-20,18,61
2021-08-20,19,62
2021-08-20,20,40
2021-08-20,21,36
2021-08-20,22,40
2021-08-20,23,30
2021-08-21,0,16
2021-08-21,1,8
2021-08-21,2,12
2021-08-21,3,13
2021-08-21,4,16
2021-08-21,5,8
2021-08-21,6,26
2021-08-21,7,31
2021-08-21,8,36
2021-08-21,9,44
2021-08-21,10,52
2021-08-21,11,52
2021-08-21,12,62
2021-08-21,13,58
2021-08-21,14,58
2021-08-21,15,62
2021-08-21,16,66
2021-08-21,17,80
2021-08-21,18,67
2021-08-21,19,53
2021-08-21,20,40
2021-08-21,21,52
2021-08-21,22,44
2021-08-21,23,74
2021-08-22,0,17
2021-08-22,1,40
2021-08-22,2,26
2021-08-22,3,17
2021-08-22,4,8
2021-08-22,5,8
2021-08-22,6,26
2021-08-22,7,32
2021-08-22,8,34
2021-08-22,9,44
2021-08-22,10,52
2021-08-22,11,53
2021-08-22,12,67
2021-08-22,13,67
2021-08-22,14,61
2021-08-22,15,63
2021-08-22,16,48
2021-08-22,17,53
2021-08-22,18,45
2021-08-22,19,44
2021-08-22,20,54
2021-08-22,21,44
2021-08-22,22,35
2021-08-22,23,12
2021-08-23,0,21
2021-08-23,1,4
2021-08-23,2,8
2021-08-23,3,12
2021-08-23,4,12
2021-08-23,5,21
2021-08-23,6,48
2021-08-23,7,67
2021-08-23,8,72
2021-08-23,9,58
2021-08-23,10,89
2021-08-23,11,80
2021-08-23,12,58
2021-08-23,13,54
2021-08-23,14,76
2021-08-23,15,57
2021-08-23,16,79
2021-08-23,17,82
2021-08-23,18,36
2021-08-23,19,36
2021-08-23,20,28
2021-08-23,21,35
2021-08-23,22,18
2021-08-23,23,4
2021-08-24,0,0
2021-08-24,1,4
2021-08-24,2,0
2021-08-24,3,0
2021-08-24,4,4
2021-08-24,5,12
2021-08-24,6,32
2021-08-24,7,75
2021-08-24,8,67
2021-08-24,9,61
2021-08-24,10,71
2021-08-24,11,48
2021-08-24,12,74
2021-08-24,13,67
2021-08-24,14,63
2021-08-24,15,76
2021-08-24,16,89
2021-08-24,17,67
2021-08-24,18,61
2021-08-24,19,48
2021-08-24,20,31
2021-08-24,21,35
2021-08-24,22,31
2021-08-24,23,17
2021-08-25,0,9
2021-08-25,1,21
2021-08-25,2,17
2021-08-25,3,0
2021-08-25,4,12
2021-08-25,5,16
2021-08-25,6,44
2021-08-25,7,75
2021-08-25,8,84
2021-08-25,9,63
2021-08-25,10,79
2021-08-25,11,66
2021-08-25,12,76
2021-08-25,13,78
2021-08-25,14,84
2021-08-25,15,75
2021-08-25,16,80
2021-08-25,17,80
2021-08-25,18,62
2021-08-25,19,40
2021-08-25,20,53
2021-08-25,21,48
2021-08-25,22,40
2021-08-25,23,22
2021-08-26,0,17
2021-08-26,1,8
2021-08-26,2,4
2021-08-26,3,4
2021-08-26,4,8
2021-08-26,5,21
2021-08-26,6,48
2021-08-26,7,75
2021-08-26,8,80
2021-08-26,9,70
2021-08-26,10,75
2021-08-26,11,68
2021-08-26,12,75
2021-08-26,13,80
2021-08-26,14,54
2021-08-26,15,76
2021-08-26,16,88
2021-08-26,17,76
2021-08-26,18,49
2021-08-26,19,71
2021-08-26,20,53
2021-08-26,21,48
2021-08-26,22,43
2021-08-26,23,31
2021-08-27,0,26
2021-08-27,1,17
2021-08-27,2,13
2021-08-27,3,8
2021-08-27,4,35
2021-08-27,5,31
2021-08-27,6,44
2021-08-27,7,72
2021-08-27,8,80
2021-08-27,9,71
2021-08-27,10,68
2021-08-27,11,84
2021-08-27,12,71
2021-08-27,13,75
2021-08-27,14,70
2021-08-27,15,71
2021-08-27,16,80
2021-08-27,17,80
2021-08-27,18,57
2021-08-27,19,53
2021-08-27,20,44
2021-08-27,21,40
2021-08-27,22,40
2021-08-27,23,31
2021-08-28,0,8
2021-08-28,1,12
2021-08-28,2,12
2021-08-28,3,8
2021-08-28,4,12
2021-08-28,5,12
2021-08-28,6,26
2021-08-28,7,31
2021-08-28,8,36
2021-08-28,9,48
2021-08-28,10,53
2021-08-28,11,52
2021-08-28,12,57
2021-08-28,13,62
2021-08-28,14,53
2021-08-28,15,58
2021-08-28,16,62
2021-08-28,17,71
2021-08-28,18,62
2021-08-28,19,53
2021-08-28,20,40
2021-08-28,21,48
2021-08-28,22,45
2021-08-28,23,44
2021-08-29,0,21
2021-08-29,1,39
2021-08-29,2,22
2021-08-29,3,8
2021-08-29,4,8
2021-08-29,5,8
2021-08-29,6,26
2021-08-29,7,27
2021-08-29,8,35
2021-08-29,9,44
2021-08-29,10,52
2021-08-29,11,48
2021-08-29,12,52
2021-08-29,13,52
2021-08-29,14,57
2021-08-29,15,62
2021-08-29,16,48
2021-08-29,17,53
2021-08-29,18,48
2021-08-29,19,40
2021-08-29,20,58
2021-08-29,21,44
2021-08-29,22,32
2021-08-29,23,12
2021-08-30,0,16
2021-08-30,1,4
2021-08-30,2,12
2021-08-30,3,8
2021-08-30,4,16
2021-08-30,5,16
2021-08-30,6,31
2021-08-30,7,61
2021-08-30,8,31
2021-08-30,9,72
2021-08-30,10,92
2021-08-30,11,80
2021-08-30,12,62
2021-08-30,13,60
2021-08-30,14,76
2021-08-30,15,57
2021-08-30,16,79
2021-08-30,17,75
2021-08-30,18,40
2021-08-30,19,36
2021-08-30,20,28
2021-08-30,21,36
2021-08-30,22,22
2021-08-30,23,0
2021-08-31,0,0
2021-08-31,1,0
2021-08-31,2,0
2021-08-31,3,0
2021-08-31,4,4
2021-08-31,5,12
2021-08-31,6,36
2021-08-31,7,67
2021-08-31,8,66
2021-08-31,9,66
2021-08-31,10,61
2021-08-31,11,58
2021-08-31,12,78
2021-08-31,13,76
2021-08-31,14,72
2021-08-31,15,75
2021-08-31,16,89
2021-08-31,17,80
2021-08-31,18,61
2021-08-31,19,44
2021-08-31,20,31
2021-08-31,21,26
2021-08-31,22,27
2021-08-31,23,13
2021-09-01,0,5
2021-09-01,1,26
2021-09-01,2,17
2021-09-01,3,0
2021-09-01,4,17
2021-09-01,5,16
2021-09-01,6,40
2021-09-01,7,79
2021-09-01,8,70
2021-09-01,9,64
2021-09-01,10,79
2021-09-01,11,66
2021-09-01,12,83
2021-09-01,13,87
2021-09-01,14,80
2021-09-01,15,71
2021-09-01,16,79
2021-09-01,17,71
2021-09-01,18,52
2021-09-01,19,40
2021-09-01,20,53
2021-09-01,21,53
2021-09-01,22,36
2021-09-01,23,16
2021-09-02,0,17
2021-09-02,1,12
2021-09-02,2,4
2021-09-02,3,4
2021-09-02,4,8
2021-09-02,5,21
2021-09-02,6,49
2021-09-02,7,71
2021-09-02,8,76
2021-09-02,9,66
2021-09-02,10,72
2021-09-02,11,66
2021-09-02,12,80
2021-09-02,13,79
2021-09-02,14,55
2021-09-02,15,80
2021-09-02,16,56
2021-09-02,17,57
2021-09-02,18,44
2021-09-02,19,56
2021-09-02,20,44
2021-09-02,21,40
2021-09-02,22,35
2021-09-02,23,27
2021-09-03,0,12
2021-09-03,1,8
2021-09-03,2,4
2021-09-03,3,8
2021-09-03,4,30
2021-09-03,5,31
2021-09-03,6,44
2021-09-03,7,72
2021-09-03,8,84
2021-09-03,9,71
2021-09-03,10,63
2021-09-03,11,72
2021-09-03,12,67
2021-09-03,13,68
2021-09-03,14,66
2021-09-03,15,71
2021-09-03,16,80
2021-09-03,17,84
2021-09-03,18,57
2021-09-03,19,53
2021-09-03,20,40
2021-09-03,21,35
2021-09-03,22,35
2021-09-03,23,31
2021-09-04,0,4
2021-09-04,1,4
2021-09-04,2,4
2021-09-04,3,12
2021-09-04,4,12
2021-09-04,5,8
2021-09-04,6,21
2021-09-04,7,26
2021-09-04,8,36
2021-09-04,9,40
2021-09-04,10,48
2021-09-04,11,52
2021-09-04,12,52
2021-09-04,13,58
2021-09-04,14,53
2021-09-04,15,63
2021-09-04,16,62
2021-09-04,17,71
2021-09-04,18,52
2021-09-04,19,49
2021-09-04,20,40
2021-09-04,21,44
2021-09-04,22,38
2021-09-04,23,35
2021-09-05,0,18
2021-09-05,1,36
2021-09-05,2,22
2021-09-05,3,4
2021-09-05,4,4
2021-09-05,5,8
2021-09-05,6,26
2021-09-05,7,51
2021-09-05,8,54
2021-09-05,9,60
2021-09-05,10,110
2021-09-05,11,73
2021-09-05,12,105
2021-09-05,13,87
2021-09-05,14,102
2021-09-05,15,104
2021-09-05,16,53
2021-09-05,17,55
2021-09-05,18,44
2021-09-05,19,71
2021-09-05,20,92
2021-09-05,21,72
2021-09-05,22,29
2021-09-05,23,11
2021-09-06,0,13
2021-09-06,1,10
2021-09-06,2,3
2021-09-06,3,13
2021-09-06,4,9
2021-09-06,5,28
2021-09-06,6,43
2021-09-06,7,96
2021-09-06,8,113
2021-09-06,9,86
2021-09-06,10,70
2021-09-06,11,88
2021-09-06,12,62
2021-09-06,13,100
2021-09-06,14,83
2021-09-06,15,88
2021-09-06,16,101
2021-09-06,17,76
2021-09-06,18,81
2021-09-06,19,73
2021-09-06,20,50
2021-09-06,21,114
2021-09-06,22,49
2021-09-06,23,22
2021-09-07,0,53
2021-09-07,1,15
2021-09-07,2,12
2021-09-07,3,16
2021-09-07,4,29
2021-09-07,5,29
2021-09-07,6,40
2021-09-07,7,115
2021-09-07,8,91
2021-09-07,9,80
2021-09-07,10,111
2021-09-07,11,110
2021-09-07,12,79
2021-09-07,13,72
2021-09-07,14,66
2021-09-07,15,77
2021-09-07,16,117
2021-09-07,17,71
2021-09-07,18,38
2021-09-07,19,31
2021-09-07,20,45
2021-09-07,21,32
2021-09-07,22,21
2021-09-07,23,12
2021-09-08,0,11
2021-09-08,1,17
2021-09-08,2,42
2021-09-08,3,23
2021-09-08,4,9
2021-09-08,5,40
2021-09-08,6,80
2021-09-08,7,107
2021-09-08,8,108
2021-09-08,9,98
2021-09-08,10,83
2021-09-08,11,92
2021-09-08,12,93
2021-09-08,13,71
2021-09-08,14,61
2021-09-08,15,93
2021-09-08,16,135
2021-09-08,17,107
2021-09-08,18,78
2021-09-08,19,47
2021-09-08,20,47
2021-09-08,21,31
2021-09-08,22,38
2021-09-08,23,10
2021-09-09,0,9
2021-09-09,1,7
2021-09-09,2,4
2021-09-09,3,4
2021-09-09,4,6
2021-09-09,5,17
2021-09-09,6,50
2021-09-09,7,85
2021-09-09,8,107
2021-09-09,9,59
2021-09-09,10,78
2021-09-09,11,66
2021-09-09,12,57
2021-09-09,13,75
2021-09-09,14,121
2021-09-09,15,89
2021-09-09,16,99
2021-09-09,17,74
2021-09-09,18,89
2021-09-09,19,46
2021-09-09,20,27
2021-09-09,21,32
2021-09-09,22,17
2021-09-09,23,50
2021-09-10,0,12
2021-09-10,1,22
2021-09-10,2,17
2021-09-10,3,7
2021-09-10,4,18
2021-09-10,5,25
2021-09-10,6,62
2021-09-10,7,107
2021-09-10,8,74
2021-09-10,9,80
2021-09-10,10,82
2021-09-10,11,76
2021-09-10,12,68
2021-09-10,13,74
2021-09-10,14,108
2021-09-10,15,64
2021-09-10,16,87
2021-09-10,17,64
2021-09-10,18,75
2021-09-10,19,47
2021-09-10,20,50
2021-09-10,21,71
2021-09-10,22,54
2021-09-10,23,83
2021-09-11,0,44
2021-09-11,1,167
2021-09-11,2,35
2021-09-11,3,19
2021-09-11,4,46
2021-09-11,5,29
2021-09-11,6,70
2021-09-11,7,51
2021-09-11,8,73
2021-09-11,9,86
2021-09-11,10,61
2021-09-11,11,83
2021-09-11,12,77
2021-09-11,13,80
2021-09-11,14,62
2021-09-11,15,79
2021-09-11,16,66
2021-09-11,17,88
2021-09-11,18,92
2021-09-11,19,92
2021-09-11,20,60
2021-09-11,21,116
2021-09-11,22,105
2021-09-11,23,44
2021-09-12,0,45
2021-09-12,1,29
2021-09-12,2,22
2021-09-12,3,17
2021-09-12,4,14
2021-09-12,5,11
2021-09-12,6,26
2021-09-12,7,36
2021-09-12,8,20
2021-09-12,9,37
2021-09-12,10,42
2021-09-12,11,56
2021-09-12,12,67
2021-09-12,13,109
2021-09-12,14,43
2021-09-12,15,73
2021-09-12,16,68
2021-09-12,17,68
2021-09-12,18,43
2021-09-12,19,39
2021-09-12,20,27
2021-09-12,21,49
2021-09-12,22,50
2021-09-12,23,23
2021-09-13,0,8
2021-09-13,1,7
2021-09-13,2,78
2021-09-13,3,57
2021-09-13,4,8
2021-09-13,5,23
2021-09-13,6,33
2021-09-13,7,91
2021-09-13,8,78
2021-09-13,9,71
2021-09-13,10,82
2021-09-13,11,101
2021-09-13,12,72
2021-09-13,13,98
2021-09-13,14,92
2021-09-13,15,80
2021-09-13,16,101
2021-09-13,17,91
2021-09-13,18,69
2021-09-13,19,105
2021-09-13,20,41
2021-09-13,21,72
2021-09-13,22,30
2021-09-13,23,8
2021-09-14,0,30
2021-09-14,1,13
2021-09-14,2,20
2021-09-14,3,22
2021-09-14,4,25
2021-09-14,5,38
2021-09-14,6,69
2021-09-14,7,102
2021-09-14,8,131
2021-09-14,9,79
2021-09-14,10,86
2021-09-14,11,67
2021-09-14,12,88
2021-09-14,13,76
2021-09-14,14,79
2021-09-14,15,77
2021-09-14,16,120
2021-09-14,17,66
2021-09-14,18,66
2021-09-14,19,40
2021-09-14,20,28
2021-09-14,21,19
2021-09-14,22,21
2021-09-14,23,6
2021-09-15,0,22
2021-09-15,1,18
2021-09-15,2,21
2021-09-15,3,4
2021-09-15,4,12
2021-09-15,5,18
2021-09-15,6,47
2021-09-15,7,80
2021-09-15,8,105
2021-09-15,9,63
2021-09-15,10,65
2021-09-15,11,61
2021-09-15,12,71
2021-09-15,13,79
2021-09-15,14,89
2021-09-15,15,92
2021-09-15,16,139
2021-09-15,17,132
2021-09-15,18,80
2021-09-15,19,79
2021-09-15,20,45
2021-09-15,21,46
2021-09-15,22,32
2021-09-15,23,30
2021-09-16,0,15
2021-09-16,1,27
2021-09-16,2,9
2021-09-16,3,28
2021-09-16,4,17
2021-09-16,5,17
2021-09-16,6,53
2021-09-16,7,74
2021-09-16,8,111
2021-09-16,9,104
2021-09-16,10,56
2021-09-16,11,76
2021-09-16,12,79
2021-09-16,13,55
2021-09-16,14,76
2021-09-16,15,69
2021-09-16,16,89
2021-09-16,17,89
2021-09-16,18,58
2021-09-16,19,83
2021-09-16,20,57
2021-09-16,21,74
2021-09-16,22,53
2021-09-16,23,39
2021-09-17,0,8
2021-09-17,1,13
2021-09-17,2,4
2021-09-17,3,8
2021-09-17,4,32
2021-09-17,5,31
2021-09-17,6,37
2021-09-17,7,91
2021-09-17,8,119
2021-09-17,9,77
2021-09-17,10,68
2021-09-17,11,64
2021-09-17,12,74
2021-09-17,13,75
2021-09-17,14,72
2021-09-17,15,92
2021-09-17,16,93
2021-09-17,17,101
2021-09-17,18,67
2021-09-17,19,65
2021-09-17,20,46
2021-09-17,21,44
2021-09-17,22,40
2021-09-17,23,53
2021-09-18,0,6
2021-09-18,1,66
2021-09-18,2,77
2021-09-18,3,84
2021-09-18,4,47
2021-09-18,5,22
2021-09-18,6,66
2021-09-18,7,41
2021-09-18,8,59
2021-09-18,9,72
2021-09-18,10,89
2021-09-18,11,83
2021-09-18,12,72
2021-09-18,13,50
2021-09-18,14,98
2021-09-18,15,62
2021-09-18,16,62
2021-09-18,17,75
2021-09-18,18,63
2021-09-18,19,57
2021-09-18,20,40
2021-09-18,21,61
2021-09-18,22,54
2021-09-18,23,45
2021-09-19,0,22
2021-09-19,1,36
2021-09-19,2,23
2021-09-19,3,12
2021-09-19,4,12
2021-09-19,5,8
2021-09-19,6,31
2021-09-19,7,36
2021-09-19,8,36
2021-09-19,9,40
2021-09-19,10,57
2021-09-19,11,57
2021-09-19,12,71
2021-09-19,13,66
2021-09-19,14,67
2021-09-19,15,67
2021-09-19,16,57
2021-09-19,17,57
2021-09-19,18,45
2021-09-19,19,48
2021-09-19,20,57
2021-09-19,21,40
2021-09-19,22,36
2021-09-19,23,9
2021-09-20,0,16
2021-09-20,1,4
2021-09-20,2,22
2021-09-20,3,9
2021-09-20,4,12
2021-09-20,5,16
2021-09-20,6,44
2021-09-20,7,75
2021-09-20,8,83
2021-09-20,9,62
2021-09-20,10,83
2021-09-20,11,76
2021-09-20,12,62
2021-09-20,13,57
2021-09-20,14,72
2021-09-20,15,72
2021-09-20,16,88
2021-09-20,17,84
2021-09-20,18,44
2021-09-20,19,58
2021-09-20,20,36
2021-09-20,21,57
2021-09-20,22,31
2021-09-20,23,8
2021-09-21,0,12
2021-09-21,1,8
2021-09-21,2,4
2021-09-21,3,12
2021-09-21,4,8
2021-09-21,5,18
2021-09-21,6,40
2021-09-21,7,80
2021-09-21,8,89
2021-09-21,9,61
2021-09-21,10,66
2021-09-21,11,62
2021-09-21,12,78
2021-09-21,13,71
2021-09-21,14,68
2021-09-21,15,76
2021-09-21,16,101
2021-09-21,17,71
2021-09-21,18,53
2021-09-21,19,48
2021-09-21,20,36
2021-09-21,21,31
2021-09-21,22,27
2021-09-21,23,13
2021-09-22,0,9
2021-09-22,1,26
2021-09-22,2,22
2021-09-22,3,8
2021-09-22,4,12
2021-09-22,5,26
2021-09-22,6,48
2021-09-22,7,88
2021-09-22,8,89
2021-09-22,9,62
2021-09-22,10,80
2021-09-22,11,67
2021-09-22,12,72
2021-09-22,13,75
2021-09-22,14,76
2021-09-22,15,76
2021-09-22,16,84
2021-09-22,17,93
2021-09-22,18,67
2021-09-22,19,40
2021-09-22,20,49
2021-09-22,21,48
2021-09-22,22,36
2021-09-22,23,21
2021-09-23,0,13
2021-09-23,1,8
2021-09-23,2,4
2021-09-23,3,12
2021-09-23,4,4
2021-09-23,5,16
2021-09-23,6,40
2021-09-23,7,71
2021-09-23,8,84
2021-09-23,9,75
2021-09-23,10,71
2021-09-23,11,61
2021-09-23,12,67
2021-09-23,13,79
2021-09-23,14,76
2021-09-23,15,80
2021-09-23,16,88
2021-09-23,17,80
2021-09-23,18,58
2021-09-23,19,66
2021-09-23,20,36
2021-09-23,21,49
2021-09-23,22,31
2021-09-23,23,35
2021-09-24,0,12
2021-09-24,1,12
2021-09-24,2,8
2021-09-24,3,8
2021-09-24,4,30
2021-09-24,5,31
2021-09-24,6,40
2021-09-24,7,75
2021-09-24,8,84
2021-09-24,9,71
2021-09-24,10,71
2021-09-24,11,68
2021-09-24,12,67
2021-09-24,13,72
2021-09-24,14,75
2021-09-24,15,80
2021-09-24,16,80
2021-09-24,17,84
2021-09-24,18,61
2021-09-24,19,57
2021-09-24,20,40
2021-09-24,21,40
2021-09-24,22,40
2021-09-24,23,30
2021-09-25,0,13
2021-09-25,1,48
2021-09-25,2,26
2021-09-25,3,22
2021-09-25,4,17
2021-09-25,5,12
2021-09-25,6,32
2021-09-25,7,35
2021-09-25,8,44
2021-09-25,9,53
2021-09-25,10,58
2021-09-25,11,62
2021-09-25,12,57
2021-09-25,13,57
2021-09-25,14,62
2021-09-25,15,62
2021-09-25,16,52
2021-09-25,17,66
2021-09-25,18,66
2021-09-25,19,52
2021-09-25,20,40
2021-09-25,21,60
2021-09-25,22,53
2021-09-25,23,32
2021-09-26,0,23
2021-09-26,1,40
2021-09-26,2,26
2021-09-26,3,16
2021-09-26,4,4
2021-09-26,5,8
2021-09-26,6,31
2021-09-26,7,36
2021-09-26,8,36
2021-09-26,9,40
2021-09-26,10,57
2021-09-26,11,57
2021-09-26,12,67
2021-09-26,13,67
2021-09-26,14,56
2021-09-26,15,75
2021-09-26,16,52
2021-09-26,17,57
2021-09-26,18,40
2021-09-26,19,48
2021-09-26,20,58
2021-09-26,21,53
2021-09-26,22,40
2021-09-26,23,13
2021-09-27,0,16
2021-09-27,1,4
2021-09-27,2,23
2021-09-27,3,13
2021-09-27,4,12
2021-09-27,5,16
2021-09-27,6,40
2021-09-27,7,63
2021-09-27,8,66
2021-09-27,9,62
2021-09-27,10,75
2021-09-27,11,75
2021-09-27,12,62
2021-09-27,13,62
2021-09-27,14,76
2021-09-27,15,71
2021-09-27,16,84
2021-09-27,17,83
2021-09-27,18,48
2021-09-27,19,58
2021-09-27,20,36
2021-09-27,21,57
2021-09-27,22,31
2021-09-27,23,8
2021-09-28,0,12
2021-09-28,1,4
2021-09-28,2,8
2021-09-28,3,12
2021-09-28,4,8
2021-09-28,5,22
2021-09-28,6,40
2021-09-28,7,78
2021-09-28,8,85
2021-09-28,9,61
2021-09-28,10,76
2021-09-28,11,63
2021-09-28,12,74
2021-09-28,13,72
2021-09-28,14,72
2021-09-28,15,76
2021-09-28,16,97
2021-09-28,17,71
2021-09-28,18,53
2021-09-28,19,40
2021-09-28,20,32
2021-09-28,21,40
2021-09-28,22,26
2021-09-28,23,8
2021-09-29,0,9
2021-09-29,1,21
2021-09-29,2,17
2021-09-29,3,4
2021-09-29,4,12
2021-09-29,5,21
2021-09-29,6,48
2021-09-29,7,84
2021-09-29,8,85
2021-09-29,9,66
2021-09-29,10,76
2021-09-29,11,107
2021-09-29,12,136
2021-09-29,13,71
2021-09-29,14,55
2021-09-29,15,67
2021-09-29,16,99
2021-09-29,17,116
2021-09-29,18,172
2021-09-29,19,160
2021-09-29,20,67
2021-09-29,21,44
2021-09-29,22,32
2021-09-29,23,17
2021-09-30,0,13
2021-09-30,1,4
2021-09-30,2,6
2021-09-30,3,4
2021-09-30,4,10
2021-09-30,5,15
2021-09-30,6,39
2021-09-30,7,89
2021-09-30,8,105
2021-09-30,9,89
2021-09-30,10,70
2021-09-30,11,83
2021-09-30,12,87
2021-09-30,13,86
2021-09-30,14,83
2021-09-30,15,67
2021-09-30,16,81
2021-09-30,17,78
2021-09-30,18,65
2021-09-30,19,35
2021-09-30,20,41
2021-09-30,21,42
2021-09-30,22,29
2021-09-30,23,15
2021-10-01,0,12
2021-10-01,1,8
2021-10-01,2,6
2021-10-01,3,7
2021-10-01,4,17
2021-10-01,5,16
2021-10-01,6,34
2021-10-01,7,73
2021-10-01,8,100
2021-10-01,9,71
2021-10-01,10,80
2021-10-01,11,105
2021-10-01,12,84
2021-10-01,13,85
2021-10-01,14,94
2021-10-01,15,101
2021-10-01,16,101
2021-10-01,17,103
2021-10-01,18,104
2021-10-01,19,68
2021-10-01,20,34
2021-10-01,21,45
2021-10-01,22,43
2021-10-01,23,37
2021-10-02,0,12
2021-10-02,1,6
2021-10-02,2,18
2021-10-02,3,15
2021-10-02,4,10
2021-10-02,5,11
2021-10-02,6,12
2021-10-02,7,35
2021-10-02,8,38
2021-10-02,9,32
2021-10-02,10,50
2021-10-02,11,85
2021-10-02,12,70
2021-10-02,13,79
2021-10-02,14,73
2021-10-02,15,62
2021-10-02,16,78
2021-10-02,17,72
2021-10-02,18,66
2021-10-02,19,70
2021-10-02,20,54
2021-10-02,21,62
2021-10-02,22,50
2021-10-02,23,65
2021-10-03,0,21
2021-10-03,1,22
2021-10-03,2,18
2021-10-03,3,19
2021-10-03,4,8
2021-10-03,5,6
2021-10-03,6,25
2021-10-03,7,36
2021-10-03,8,35
2021-10-03,9,35
2021-10-03,10,43
2021-10-03,11,57
2021-10-03,12,64
2021-10-03,13,66
2021-10-03,14,74
2021-10-03,15,40
2021-10-03,16,66
2021-10-03,17,82
2021-10-03,18,71
2021-10-03,19,42
2021-10-03,20,20
2021-10-03,21,31
2021-10-03,22,23
2021-10-03,23,13
2021-10-04,0,12
2021-10-04,1,3
2021-10-04,2,2
2021-10-04,3,9
2021-10-04,4,8
2021-10-04,5,21
2021-10-04,6,47
2021-10-04,7,64
2021-10-04,8,75
2021-10-04,9,73
2021-10-04,10,70
2021-10-04,11,90
2021-10-04,12,63
2021-10-04,13,90
2021-10-04,14,68
2021-10-04,15,57
2021-10-04,16,62
2021-10-04,17,67
2021-10-04,18,47
2021-10-04,19,36
2021-10-04,20,37
2021-10-04,21,27
2021-10-04,22,32
2021-10-04,23,22
2021-10-05,0,12
2021-10-05,1,2
2021-10-05,2,8
2021-10-05,3,4
2021-10-05,4,5
2021-10-05,5,17
2021-10-05,6,60
2021-10-05,7,130
2021-10-05,8,125
2021-10-05,9,73
2021-10-05,10,57
2021-10-05,11,86
2021-10-05,12,56
2021-10-05,13,43
2021-10-05,14,73
2021-10-05,15,99
2021-10-05,16,102
2021-10-05,17,72
2021-10-05,18,73
2021-10-05,19,109
2021-10-05,20,32
2021-10-05,21,31
2021-10-05,22,19
2021-10-05,23,4
2021-10-06,0,9
2021-10-06,1,9
2021-10-06,2,6
2021-10-06,3,3
2021-10-06,4,6
2021-10-06,5,20
2021-10-06,6,43
2021-10-06,7,85
2021-10-06,8,90
2021-10-06,9,89
2021-10-06,10,75
2021-10-06,11,88
2021-10-06,12,84
2021-10-06,13,81
2021-10-06,14,112
2021-10-06,15,122
2021-10-06,16,125
2021-10-06,17,122
2021-10-06,18,106
2021-10-06,19,60
2021-10-06,20,62
2021-10-06,21,44
2021-10-06,22,48
2021-10-06,23,15
2021-10-07,0,12
2021-10-07,1,4
2021-10-07,2,9
2021-10-07,3,7
2021-10-07,4,24
2021-10-07,5,18
2021-10-07,6,46
2021-10-07,7,101
2021-10-07,8,104
2021-10-07,9,101
2021-10-07,10,90
2021-10-07,11,73
2021-10-07,12,104
2021-10-07,13,97
2021-10-07,14,92
2021-10-07,15,101
2021-10-07,16,72
2021-10-07,17,94
2021-10-07,18,91
2021-10-07,19,56
2021-10-07,20,34
2021-10-07,21,63
2021-10-07,22,62
2021-10-07,23,43
2021-10-08,0,8
2021-10-08,1,12
2021-10-08,2,8
2021-10-08,3,4
2021-10-08,4,25
2021-10-08,5,31
2021-10-08,6,44
2021-10-08,7,79
2021-10-08,8,87
2021-10-08,9,72
2021-10-08,10,75
2021-10-08,11,76
2021-10-08,12,63
2021-10-08,13,72
2021-10-08,14,75
2021-10-08,15,80
2021-10-08,16,88
2021-10-08,17,88
2021-10-08,18,71
2021-10-08,19,57
2021-10-08,20,40
2021-10-08,21,44
2021-10-08,22,39
2021-10-08,23,38
2021-10-09,0,8
2021-10-09,1,40
2021-10-09,2,23
2021-10-09,3,22
2021-10-09,4,23
2021-10-09,5,12
2021-10-09,6,36
2021-10-09,7,39
2021-10-09,8,44
2021-10-09,9,44
2021-10-09,10,57
2021-10-09,11,62
2021-10-09,12,59
2021-10-09,13,67
2021-10-09,14,66
2021-10-09,15,71
2021-10-09,16,57
2021-10-09,17,66
2021-10-09,18,67
2021-10-09,19,58
2021-10-09,20,44
2021-10-09,21,61
2021-10-09,22,54
2021-10-09,23,44
2021-10-10,0,23
2021-10-10,1,32
2021-10-10,2,32
2021-10-10,3,12
2021-10-10,4,8
2021-10-10,5,4
2021-10-10,6,26
2021-10-10,7,36
2021-10-10,8,35
2021-10-10,9,40
2021-10-10,10,53
2021-10-10,11,56
2021-10-10,12,57
2021-10-10,13,71
2021-10-10,14,53
2021-10-10,15,67
2021-10-10,16,52
2021-10-10,17,57
2021-10-10,18,40
2021-10-10,19,44
2021-10-10,20,48
2021-10-10,21,39
2021-10-10,22,32
2021-10-10,23,9
2021-10-11,0,21
2021-10-11,1,4
2021-10-11,2,23
2021-10-11,3,9
2021-10-11,4,8
2021-10-11,5,16
2021-10-11,6,48
2021-10-11,7,71
2021-10-11,8,80
2021-10-11,9,54
2021-10-11,10,71
2021-10-11,11,80
2021-10-11,12,62
2021-10-11,13,67
2021-10-11,14,72
2021-10-11,15,72
2021-10-11,16,81
2021-10-11,17,75
2021-10-11,18,40
2021-10-11,19,53
2021-10-11,20,32
2021-10-11,21,52
2021-10-11,22,27
2021-10-11,23,17
2021-10-12,0,12
2021-10-12,1,8
2021-10-12,2,8
2021-10-12,3,16
2021-10-12,4,8
2021-10-12,5,17
2021-10-12,6,40
2021-10-12,7,92
2021-10-12,8,84
2021-10-12,9,61
2021-10-12,10,62
2021-10-12,11,63
2021-10-12,12,76
2021-10-12,13,67
2021-10-12,14,67
2021-10-12,15,76
2021-10-12,16,89
2021-10-12,17,63
2021-10-12,18,53
2021-10-12,19,38
2021-10-12,20,32
2021-10-12,21,31
2021-10-12,22,26
2021-10-12,23,8
2021-10-13,0,9
2021-10-13,1,17
2021-10-13,2,21
2021-10-13,3,4
2021-10-13,4,16
2021-10-13,5,16
2021-10-13,15,80
2021-10-13,16,97
2021-10-13,17,89
2021-10-13,18,92
2021-10-13,19,61
2021-10-13,20,53
2021-10-13,21,54
2021-10-13,22,40
2021-10-13,23,22
2021-10-14,0,12
2021-10-14,1,8
2021-10-14,2,4
2021-10-14,3,8
2021-10-14,4,8
2021-10-14,5,16
2021-10-14,6,45
2021-10-14,7,80
2021-10-14,8,80
2021-10-14,9,75
2021-10-14,10,75
2021-10-14,11,72
2021-10-14,12,70
2021-10-14,13,76
2021-10-14,14,71
2021-10-14,15,76
2021-10-14,16,80
2021-10-14,17,72
2021-10-14,18,63
2021-10-14,19,54
2021-10-14,20,36
2021-10-14,21,49
2021-10-14,22,40
2021-10-14,23,31
2021-10-15,0,12
2021-10-15,1,12
2021-10-15,2,12
2021-10-15,3,12
2021-10-15,4,26
2021-10-15,5,26
2021-10-15,6,40
2021-10-15,7,79
2021-10-15,8,79
2021-10-15,9,67
2021-10-15,10,71
2021-10-15,11,76
2021-10-15,12,67
2021-10-15,13,72
2021-10-15,14,75
2021-10-15,15,84
2021-10-15,16,84
2021-10-15,17,84
2021-10-15,18,62
2021-10-15,19,57
2021-10-15,20,40
2021-10-15,21,57
2021-10-15,22,40
2021-10-15,23,43
2021-10-16,0,8
2021-10-16,1,36
2021-10-16,2,25
2021-10-16,3,16
2021-10-16,4,21
2021-10-16,5,8
2021-10-16,6,31
2021-10-16,7,35
2021-10-16,8,44
2021-10-16,9,44
2021-10-16,10,52
2021-10-16,11,62
2021-10-16,12,59
2021-10-16,13,66
2021-10-16,14,58
2021-10-16,15,67
2021-10-16,16,57
2021-10-16,17,71
2021-10-16,18,67
2021-10-16,19,58
2021-10-16,20,40
2021-10-16,21,66
2021-10-16,22,50
2021-10-16,23,40
2021-10-17,0,26
2021-10-17,1,32
2021-10-17,2,26
2021-10-17,3,12
2021-10-17,4,8
2021-10-17,5,8
2021-10-17,6,31
2021-10-17,7,36
2021-10-17,8,35
2021-10-17,9,40
2021-10-17,10,49
2021-10-17,11,53
2021-10-17,12,62
2021-10-17,13,71
2021-10-17,14,57
2021-10-17,15,67
2021-10-17,16,57
2021-10-17,17,52
2021-10-17,18,40
2021-10-17,19,44
2021-10-17,20,48
2021-10-17,21,44
2021-10-17,22,32
2021-10-17,23,12
2021-10-18,0,16
2021-10-18,1,0
2021-10-18,2,22
2021-10-18,3,9
2021-10-18,4,8
2021-10-18,5,16
2021-10-18,6,44
2021-10-18,7,75
2021-10-18,8,80
2021-10-18,9,63
2021-10-18,10,75
2021-10-18,11,76
2021-10-18,12,62
2021-10-18,13,71
2021-10-18,14,72
2021-10-18,15,68
2021-10-18,16,84
2021-10-18,17,75
2021-10-18,18,48
2021-10-18,19,52
2021-10-18,20,32
2021-10-18,21,44
2021-10-18,22,26
2021-10-18,23,8
2021-10-19,0,12
2021-10-19,1,4
2021-10-19,2,4
2021-10-19,3,8
2021-10-19,4,8
2021-10-19,5,17
2021-10-19,6,44
2021-10-19,7,96
2021-10-19,8,93
2021-10-19,9,66
2021-10-19,10,63
2021-10-19,11,72
2021-10-19,12,76
2021-10-19,13,68
2021-10-19,14,80
2021-10-19,15,75
2021-10-19,16,89
2021-10-19,17,71
2021-10-19,18,53
2021-10-19,19,46
2021-10-19,20,31
2021-10-19,21,27
2021-10-19,22,26
2021-10-19,23,13
2021-10-20,0,9
2021-10-20,1,12
2021-10-20,2,17
2021-10-20,3,4
2021-10-20,4,16
2021-10-20,5,22
2021-10-20,6,44
2021-10-20,7,88
2021-10-20,8,92
2021-10-20,9,72
2021-10-20,10,84
2021-10-20,11,84
2021-10-20,12,88
2021-10-20,13,80
2021-10-20,14,76
2021-10-20,15,80
2021-10-20,16,101
2021-10-20,17,93
2021-10-20,18,88
2021-10-20,19,66
2021-10-20,20,57
2021-10-20,21,48
2021-10-20,22,40
2021-10-20,23,12
2021-10-21,0,13
2021-10-21,1,8
2021-10-21,2,0
2021-10-21,3,8
2021-10-21,4,13
2021-10-21,5,16
2021-10-21,6,40
2021-10-21,7,84
2021-10-21,8,93
2021-10-21,9,80
2021-10-21,10,82
2021-10-21,11,151
2021-10-21,12,107
2021-10-21,13,83
2021-10-21,14,107
2021-10-21,15,87
2021-10-21,16,149
2021-10-21,17,110
2021-10-21,18,61
2021-10-21,19,77
2021-10-21,20,57
2021-10-21,21,50
2021-10-21,22,129
2021-10-21,23,31
2021-10-22,0,12
2021-10-22,1,12
2021-10-22,2,4
2021-10-22,3,0
2021-10-22,4,21
2021-10-22,5,18
2021-10-22,6,44
2021-10-22,7,80
2021-10-22,8,88
2021-10-22,9,71
2021-10-22,10,75
2021-10-22,11,80
2021-10-22,12,80
2021-10-22,13,71
2021-10-22,14,75
2021-10-22,15,84
2021-10-22,16,92
2021-10-22,17,92
2021-10-22,18,71
2021-10-22,19,56
2021-10-22,20,40
2021-10-22,21,40
2021-10-22,22,32
2021-10-22,23,30
2021-10-23,0,8
2021-10-23,1,35
2021-10-23,2,17
2021-10-23,3,12
2021-10-23,4,18
2021-10-23,5,8
2021-10-23,6,36
2021-10-23,7,36
2021-10-23,8,44
2021-10-23,9,53
2021-10-23,10,56
2021-10-23,11,66
2021-10-23,12,63
2021-10-23,13,66
2021-10-23,14,62
2021-10-23,15,67
2021-10-23,16,62
2021-10-23,17,71
2021-10-23,18,65
2021-10-23,19,72
2021-10-23,20,44
2021-10-23,21,62
2021-10-23,22,50
2021-10-23,23,53
2021-10-24,0,32
2021-10-24,1,32
2021-10-24,2,17
2021-10-24,3,8
2021-10-24,4,4
2021-10-24,5,8
2021-10-24,6,26
2021-10-24,7,36
2021-10-24,8,36
2021-10-24,9,40
2021-10-24,10,49
2021-10-24,11,53
2021-10-24,12,57
2021-10-24,13,62
2021-10-24,14,61
2021-10-24,15,67
2021-10-24,16,48
2021-10-24,17,62
2021-10-24,18,48
2021-10-24,19,57
2021-10-24,20,57
2021-10-24,21,48
2021-10-24,22,40
2021-10-24,23,19
2021-10-25,0,12
2021-10-25,1,4
2021-10-25,2,14
2021-10-25,3,9
2021-10-25,4,16
2021-10-25,5,21
2021-10-25,6,44
2021-10-25,7,75
2021-10-25,8,80
2021-10-25,9,63
2021-10-25,10,83
2021-10-25,11,80
2021-10-25,12,62
2021-10-25,13,75
2021-10-25,14,80
2021-10-25,15,71
2021-10-25,16,84
2021-10-25,17,75
2021-10-25,18,44
2021-10-25,19,53
2021-10-25,20,28
2021-10-25,21,70
2021-10-25,22,36
2021-10-25,23,16
2021-10-26,0,12
2021-10-26,1,4
2021-10-26,2,4
2021-10-26,3,12
2021-10-26,4,8
2021-10-26,5,22
2021-10-26,6,44
2021-10-26,7,101
2021-10-26,8,62
2021-10-26,9,61
2021-10-26,10,63
2021-10-26,11,67
2021-10-26,12,75
2021-10-26,13,67
2021-10-26,14,72
2021-10-26,15,84
2021-10-26,16,105
2021-10-26,17,69
2021-10-26,18,57
2021-10-26,19,46
2021-10-26,20,32
2021-10-26,21,31
2021-10-26,22,26
2021-10-26,23,8
2021-10-27,0,9
2021-10-27,1,16
2021-10-27,2,17
2021-10-27,3,4
2021-10-27,4,12
2021-10-27,5,17
2021-10-27,6,44
2021-10-27,7,84
2021-10-27,8,88
2021-10-27,9,80
2021-10-27,10,80
2021-10-27,11,80
2021-10-27,12,80
2021-10-27,13,80
2021-10-27,14,80
2021-10-27,15,84
2021-10-27,16,97
2021-10-27,17,97
2021-10-27,18,91
2021-10-27,19,61
2021-10-27,20,53
2021-10-27,21,44
2021-10-27,22,44
2021-10-27,23,17
2021-10-28,0,17
2021-10-28,1,0
2021-10-28,2,4
2021-10-28,3,8
2021-10-28,4,4
2021-10-28,5,16
2021-10-28,6,40
2021-10-28,7,75
2021-10-28,8,93
2021-10-28,9,76
2021-10-28,10,79
2021-10-28,11,88
2021-10-28,12,79
2021-10-28,13,84
2021-10-28,14,81
2021-10-28,15,88
2021-10-28,16,98
2021-10-28,17,88
2021-10-28,18,67
2021-10-28,19,58
2021-10-28,20,40
2021-10-28,21,40
2021-10-28,22,48
2021-10-28,23,26
2021-10-29,0,12
2021-10-29,1,8
2021-10-29,2,8
2021-10-29,3,0
2021-10-29,4,25
2021-10-29,5,23
2021-10-29,6,36
2021-10-29,7,75
2021-10-29,8,92
2021-10-29,9,76
2021-10-29,10,79
2021-10-29,11,80
2021-10-29,12,67
2021-10-29,13,72
2021-10-29,14,75
2021-10-29,15,84
2021-10-29,16,92
2021-10-29,17,84
2021-10-29,18,58
2021-10-29,19,57
2021-10-29,20,40
2021-10-29,21,40
2021-10-29,22,36
2021-10-29,23,38
2021-10-30,0,12
2021-10-30,1,31
2021-10-30,2,23
2021-10-30,3,17
2021-10-30,4,23
2021-10-30,5,12
2021-10-30,6,36
2021-10-30,7,31
2021-10-30,8,44
2021-10-30,9,53
2021-10-30,10,57
2021-10-30,11,70
2021-10-30,12,63
2021-10-30,13,65
2021-10-30,14,62
2021-10-30,15,67
2021-10-30,16,57
2021-10-30,17,65
2021-10-30,18,67
2021-10-30,19,57
2021-10-30,20,48
2021-10-30,21,62
2021-10-30,22,54
2021-10-30,23,40
2021-10-31,0,23
2021-10-31,1,36
2021-10-31,2,35
2021-10-31,3,21
2021-10-31,4,12
2021-10-31,5,4
2021-10-31,6,8
2021-10-31,7,26
2021-10-31,8,32
2021-10-31,9,35
2021-10-31,10,40
2021-10-31,11,49
2021-10-31,12,48
2021-10-31,13,57
2021-10-31,14,61
2021-10-31,15,57
2021-10-31,16,63
2021-10-31,17,52
2021-10-31,18,57
2021-10-31,19,40
2021-10-31,20,44
2021-10-31,21,44
2021-10-31,22,48
2021-10-31,23,32
2021-11-01,0,12
2021-11-01,1,12
2021-11-01,2,12
2021-11-01,3,23
2021-11-01,4,13
2021-11-01,5,17
2021-11-01,6,16
2021-11-01,7,44
2021-11-01,8,70
2021-11-01,9,71
2021-11-01,10,52
2021-11-01,11,74
2021-11-01,12,80
2021-11-01,13,62
2021-11-01,14,62
2021-11-01,15,72
2021-11-01,16,57
2021-11-01,17,76
2021-11-01,18,79
2021-11-01,19,40
2021-11-01,20,56
2021-11-01,21,32
2021-11-01,22,48
2021-11-01,23,27
2021-11-02,0,12
2021-11-02,1,12
2021-11-02,2,4
2021-11-02,3,8
2021-11-02,4,12
2021-11-02,5,12
2021-11-02,6,31
2021-11-02,7,44
2021-11-02,8,92
2021-11-02,9,76
2021-11-02,10,67
2021-11-02,11,72
2021-11-02,12,66
2021-11-02,13,76
2021-11-02,14,66
2021-11-02,15,72
2021-11-02,16,76
2021-11-02,17,89
2021-11-02,18,67
2021-11-02,19,56
2021-11-02,20,46
2021-11-02,21,32
2021-11-02,22,31
2021-11-02,23,26
2021-11-03,0,8
2021-11-03,1,9
2021-11-03,2,16
2021-11-03,3,21
2021-11-03,4,0
2021-11-03,5,12
2021-11-03,6,26
2021-11-03,7,48
2021-11-03,8,84
2021-11-03,9,84
2021-11-03,10,76
2021-11-03,11,80
2021-11-03,12,76
2021-11-03,13,84
2021-11-03,14,79
2021-11-03,15,98
2021-11-03,16,126
2021-11-03,17,101
2021-11-03,18,113
2021-11-03,19,97
2021-11-03,20,91
2021-11-03,21,66
2021-11-03,22,47
2021-11-03,23,49
2021-11-04,0,16
2021-11-04,1,13
2021-11-04,2,88
2021-11-04,3,0
2021-11-04,4,120
2021-11-04,5,8
2021-11-04,6,69
2021-11-04,7,100
2021-11-04,8,131
2021-11-04,9,169
2021-11-04,10,110
2021-11-04,11,114
2021-11-04,12,139
2021-11-04,13,137
2021-11-04,14,128
2021-11-04,15,108
2021-11-04,16,114
2021-11-04,17,107
2021-11-04,18,123
2021-11-04,19,113
2021-11-04,20,66
2021-11-04,21,65
2021-11-04,22,75
2021-11-04,23,27
2021-11-05,0,13
2021-11-05,1,18
2021-11-05,2,11
2021-11-05,3,11
2021-11-05,4,15
2021-11-05,5,12
2021-11-05,6,43
2021-11-05,7,108
2021-11-05,8,166
2021-11-05,9,109
2021-11-05,10,72
2021-11-05,11,105
2021-11-05,12,72
2021-11-05,13,83
2021-11-05,14,69
2021-11-05,15,77
2021-11-05,16,78
2021-11-05,17,79
2021-11-05,18,83
2021-11-05,19,70
2021-11-05,20,65
2021-11-05,21,57
2021-11-05,22,47
2021-11-05,23,41
2021-11-06,0,26
2021-11-06,1,8
2021-11-06,2,32
2021-11-06,3,14
2021-11-06,4,13
2021-11-06,5,28
2021-11-06,6,18
2021-11-06,7,42
2021-11-06,8,43
2021-11-06,9,38
2021-11-06,10,108
2021-11-06,11,142
2021-11-06,12,86
2021-11-06,13,92
2021-11-06,14,85
2021-11-06,15,125
2021-11-06,16,85
2021-11-06,17,119
2021-11-06,18,103
2021-11-06,19,99
2021-11-06,20,68
2021-11-06,21,73
2021-11-06,22,54
2021-11-06,23,78
2021-11-07,0,40
2021-11-07,1,24
2021-11-07,2,24
2021-11-07,3,64
2021-11-07,4,27
2021-11-07,5,26
2021-11-07,6,35
2021-11-07,7,62
2021-11-07,8,45
2021-11-07,9,47
2021-11-07,10,43
2021-11-07,11,60
2021-11-07,12,70
2021-11-07,13,66
2021-11-07,14,66
2021-11-07,15,59
2021-11-07,16,59
2021-11-07,17,137
2021-11-07,18,103
2021-11-07,19,134
2021-11-07,20,54
2021-11-07,21,59
2021-11-07,22,49
2021-11-07,23,37
2021-11-08,0,101
2021-11-08,1,16
2021-11-08,2,32
2021-11-08,3,42
2021-11-08,4,30
2021-11-08,5,83
2021-11-08,6,60
2021-11-08,7,44
2021-11-08,8,100
2021-11-08,9,124
2021-11-08,10,112
2021-11-08,11,117
2021-11-08,12,102
2021-11-08,13,100
2021-11-08,14,99
2021-11-08,15,105
2021-11-08,16,127
2021-11-08,17,131
2021-11-08,18,151
2021-11-08,19,101
2021-11-08,20,90
2021-11-08,21,63
2021-11-08,22,103
2021-11-08,23,50
2021-11-09,0,14
2021-11-09,1,24
2021-11-09,2,3
2021-11-09,3,7
2021-11-09,4,8
2021-11-09,5,32
2021-11-09,6,49
2021-11-09,7,79
2021-11-09,8,145
2021-11-09,9,110
2021-11-09,10,103
2021-11-09,11,78
2021-11-09,12,78
2021-11-09,13,91
2021-11-09,14,65
2021-11-09,15,134
2021-11-09,16,116
2021-11-09,17,124
2021-11-09,18,130
2021-11-09,19,126
2021-11-09,20,64
2021-11-09,21,57
2021-11-09,22,51
2021-11-09,23,59
2021-11-10,0,21
2021-11-10,1,50
2021-11-10,2,46
2021-11-10,3,39
2021-11-10,4,132
2021-11-10,5,55
2021-11-10,6,275
2021-11-10,7,203
2021-11-10,8,184
2021-11-10,9,160
2021-11-10,10,83
2021-11-10,11,102
2021-11-10,12,98
2021-11-10,13,100
2021-11-10,14,200
2021-11-10,15,182
2021-11-10,16,156
2021-11-10,17,154
2021-11-10,18,116
2021-11-10,19,154
2021-11-10,20,73
2021-11-10,21,133
2021-11-10,22,115
2021-11-10,23,94
2021-11-11,0,57
2021-11-11,1,13
2021-11-11,2,93
2021-11-11,3,70
2021-11-11,4,26
2021-11-11,5,24
2021-11-11,6,36
2021-11-11,7,99
2021-11-11,8,104
2021-11-11,9,135
2021-11-11,10,100
2021-11-11,11,113
2021-11-11,12,90
2021-11-11,13,152
2021-11-11,14,131
2021-11-11,15,82
2021-11-11,16,107
2021-11-11,17,126
2021-11-11,18,138
2021-11-11,19,130
2021-11-11,20,102
2021-11-11,21,62
2021-11-11,22,41
2021-11-11,23,26
2021-11-12,0,9
2021-11-12,1,13
2021-11-12,2,14
2021-11-12,3,6
2021-11-12,4,11
2021-11-12,5,10
2021-11-12,6,31
2021-11-12,7,67
2021-11-12,8,145
2021-11-12,9,119
2021-11-12,10,115
2021-11-12,11,113
2021-11-12,12,130
2021-11-12,13,122
2021-11-12,14,121
2021-11-12,15,105
2021-11-12,16,98
2021-11-12,17,108
2021-11-12,18,83
2021-11-12,19,105
2021-11-12,20,86
2021-11-12,21,63
2021-11-12,22,73
2021-11-12,23,60
2021-11-13,0,33
2021-11-13,1,12
2021-11-13,2,28
2021-11-13,3,23
2021-11-13,4,24
2021-11-13,5,13
2021-11-13,6,17
2021-11-13,7,25
2021-11-13,8,43
2021-11-13,9,65
2021-11-13,10,108
2021-11-13,11,104
2021-11-13,12,91
2021-11-13,13,105
2021-11-13,14,100
2021-11-13,15,90
2021-11-13,16,105
2021-11-13,17,89
2021-11-13,18,103
2021-11-13,19,99
2021-11-13,20,98
2021-11-13,21,69
2021-11-13,22,85
2021-11-13,23,79
2021-11-14,0,53
2021-11-14,1,21
2021-11-14,2,84
2021-11-14,3,51
2021-11-14,4,49
2021-11-14,5,28
2021-11-14,6,30
2021-11-14,7,58
2021-11-14,8,60
2021-11-14,9,63
2021-11-14,10,52
2021-11-14,11,79
2021-11-14,12,63
2021-11-14,13,90
2021-11-14,14,102
2021-11-14,15,102
2021-11-14,16,154
2021-11-14,17,79
2021-11-14,18,73
2021-11-14,19,79
2021-11-14,20,62
2021-11-14,21,64
2021-11-14,22,28
2021-11-14,23,40
2021-11-15,0,10
2021-11-15,1,13
2021-11-15,2,5
2021-11-15,3,6
2021-11-15,4,18
2021-11-15,5,11
2021-11-15,6,25
2021-11-15,7,45
2021-11-15,8,87
2021-11-15,9,83
2021-11-15,10,67
2021-11-15,11,82
2021-11-15,12,82
2021-11-15,13,66
2021-11-15,14,109
2021-11-15,15,95
2021-11-15,16,127
2021-11-15,17,99
2021-11-15,18,106
2021-11-15,19,92
2021-11-15,20,73
2021-11-15,21,90
2021-11-15,22,70
2021-11-15,23,92
2021-11-16,0,33
2021-11-16,1,12
2021-11-16,2,55
2021-11-16,3,27
2021-11-16,4,52
2021-11-16,5,59
2021-11-16,6,47
2021-11-16,7,61
2021-11-16,8,123
2021-11-16,9,133
2021-11-16,10,84
2021-11-16,11,119
2021-11-16,12,103
2021-11-16,13,109
2021-11-16,14,131
2021-11-16,15,89
2021-11-16,16,90
2021-11-16,17,111
2021-11-16,18,98
2021-11-16,19,84
2021-11-16,20,109
2021-11-16,21,56
2021-11-16,22,47
2021-11-16,23,16
2021-11-17,0,46
2021-11-17,1,60
2021-11-17,2,43
2021-11-17,3,40
2021-11-17,4,44
2021-11-17,5,35
2021-11-17,6,66
2021-11-17,7,97
2021-11-17,8,115
2021-11-17,9,134
2021-11-17,10,96
2021-11-17,11,68
2021-11-17,12,106
2021-11-17,13,98
2021-11-17,14,163
2021-11-17,15,129
2021-11-17,16,99
2021-11-17,17,107
2021-11-17,18,100
2021-11-17,19,76
2021-11-17,20,50
2021-11-17,21,60
2021-11-17,22,35
2021-11-17,23,21
2021-11-18,0,24
2021-11-18,1,80
2021-11-18,2,27
2021-11-18,3,38
2021-11-18,4,66
2021-11-18,5,21
2021-11-18,6,28
2021-11-18,7,75
2021-11-18,8,114
2021-11-18,9,92
2021-11-18,10,78
2021-11-18,11,70
2021-11-18,12,76
2021-11-18,13,54
2021-11-18,14,75
2021-11-18,15,86
2021-11-18,16,77
2021-11-18,17,102
2021-11-18,18,89
2021-11-18,19,70
2021-11-18,20,40
2021-11-18,21,26
2021-11-18,22,27
2021-11-18,23,25
2021-11-19,0,23
2021-11-19,1,12
2021-11-19,2,17
2021-11-19,3,8
2021-11-19,4,5
2021-11-19,5,63
2021-11-19,6,65
2021-11-19,7,58
2021-11-19,8,116
2021-11-19,9,107
2021-11-19,10,72
2021-11-19,11,128
2021-11-19,12,75
2021-11-19,13,79
2021-11-19,14,84
2021-11-19,15,69
2021-11-19,16,94
2021-11-19,17,146
2021-11-19,18,93
2021-11-19,19,95
2021-11-19,20,69
2021-11-19,21,44
2021-11-19,22,44
2021-11-19,23,35
2021-11-20,0,26
2021-11-20,1,17
2021-11-20,2,66
2021-11-20,3,30
2021-11-20,4,40
2021-11-20,5,9
2021-11-20,6,4
2021-11-20,7,14
2021-11-20,8,34
2021-11-20,9,32
2021-11-20,10,33
2021-11-20,11,39
2021-11-20,12,76
2021-11-20,13,103
2021-11-20,14,106
2021-11-20,15,49
2021-11-20,16,59
2021-11-20,17,62
2021-11-20,18,54
2021-11-20,19,66
2021-11-20,20,52
2021-11-20,21,43
2021-11-20,22,51
2021-11-20,23,32
2021-11-21,0,40
2021-11-21,1,56
2021-11-21,2,43
2021-11-21,3,62
2021-11-21,4,19
2021-11-21,5,50
2021-11-21,6,81
2021-11-21,7,65
2021-11-21,8,61
2021-11-21,9,111
2021-11-21,10,80
2021-11-21,11,72
2021-11-21,12,115
2021-11-21,13,78
2021-11-21,14,58
2021-11-21,15,70
2021-11-21,16,95
2021-11-21,17,108
2021-11-21,18,88
2021-11-21,19,127
2021-11-21,20,32
2021-11-21,21,46
2021-11-21,22,28
2021-11-21,23,55
2021-11-22,0,58
2021-11-22,1,41
2021-11-22,2,79
2021-11-22,3,44
2021-11-22,4,42
2021-11-22,5,29
2021-11-22,6,69
2021-11-22,7,52
2021-11-22,8,99
2021-11-22,9,99
2021-11-22,10,95
2021-11-22,11,87
2021-11-22,12,132
2021-11-22,13,73
2021-11-22,14,104
2021-11-22,15,97
2021-11-22,16,69
2021-11-22,17,75
2021-11-22,18,81
2021-11-22,19,56
2021-11-22,20,37
2021-11-22,21,24
2021-11-22,22,41
2021-11-22,23,16
2021-11-23,0,4
2021-11-23,1,12
2021-11-23,2,14
2021-11-23,3,5
2021-11-23,4,2
2021-11-23,5,8
2021-11-23,6,26
2021-11-23,7,34
2021-11-23,8,98
2021-11-23,9,128
2021-11-23,10,57
2021-11-23,11,55
2021-11-23,12,73
2021-11-23,13,102
2021-11-23,14,62
2021-11-23,15,47
2021-11-23,16,70
2021-11-23,17,100
2021-11-23,18,86
2021-11-23,19,54
2021-11-23,20,43
2021-11-23,21,28
2021-11-23,22,22
2021-11-23,23,17
2021-11-24,0,10
2021-11-24,1,4
2021-11-24,2,16
2021-11-24,3,4
2021-11-24,4,2
2021-11-24,5,7
2021-11-24,6,15
2021-11-24,7,74
2021-11-24,8,77
2021-11-24,9,148
2021-11-24,10,81
2021-11-24,11,77
2021-11-24,12,59
2021-11-24,13,66
2021-11-24,14,54
2021-11-24,15,56
2021-11-24,16,73
2021-11-24,17,84
2021-11-24,18,80
2021-11-24,19,92
2021-11-24,20,61
2021-11-24,21,75
2021-11-24,22,63
2021-11-24,23,61
2021-11-25,0,15
2021-11-25,1,51
2021-11-25,2,51
2021-11-25,3,53
2021-11-25,4,88
2021-11-25,5,24
2021-11-25,6,35
2021-11-25,7,76
2021-11-25,8,117
2021-11-25,9,113
2021-11-25,10,117
2021-11-25,11,123
2021-11-25,12,98
2021-11-25,13,122
2021-11-25,14,91
2021-11-25,15,108
2021-11-25,16,119
2021-11-25,17,123
2021-11-25,18,105
2021-11-25,19,73
2021-11-25,20,41
2021-11-25,21,36
2021-11-25,22,55
2021-11-25,23,53
2021-11-26,0,28
2021-11-26,1,17
2021-11-26,2,38
2021-11-26,3,7
2021-11-26,4,5
2021-11-26,5,44
2021-11-26,6,19
2021-11-26,7,51
2021-11-26,8,86
2021-11-26,9,70
2021-11-26,10,75
2021-11-26,11,80
2021-11-26,12,83
2021-11-26,13,108
2021-11-26,14,96
2021-11-26,15,112
2021-11-26,16,99
2021-11-26,17,122
2021-11-26,18,108
2021-11-26,19,101
2021-11-26,20,59
2021-11-26,21,51
2021-11-26,22,42
2021-11-26,23,47
2021-11-27,0,51
2021-11-27,1,20
2021-11-27,2,11
2021-11-27,3,8
2021-11-27,4,13
2021-11-27,5,4
2021-11-27,6,11
2021-11-27,7,86
2021-11-27,8,54
2021-11-27,9,26
2021-11-27,10,43
2021-11-27,11,41
2021-11-27,12,92
2021-11-27,13,88
2021-11-27,14,82
2021-11-27,15,74
2021-11-27,16,62
2021-11-27,17,70
2021-11-27,18,57
2021-11-27,19,65
2021-11-27,20,49
2021-11-27,21,41
2021-11-27,22,38
2021-11-27,23,59
2021-11-28,0,107
2021-11-28,1,99
2021-11-28,2,11
2021-11-28,3,18
2021-11-28,4,19
2021-11-28,5,6
2021-11-28,6,6
2021-11-28,7,32
2021-11-28,8,44
2021-11-28,9,48
2021-11-28,10,42
2021-11-28,11,32
2021-11-28,12,61
2021-11-28,13,72
2021-11-28,14,64
2021-11-28,15,63
2021-11-28,16,44
2021-11-28,17,45
2021-11-28,18,60
2021-11-28,19,50
2021-11-28,20,42
2021-11-28,21,48
2021-11-28,22,36
2021-11-28,23,14
2021-11-29,0,9
2021-11-29,1,4
2021-11-29,2,5
2021-11-29,3,25
2021-11-29,4,9
2021-11-29,5,14
2021-11-29,6,12
2021-11-29,7,40
2021-11-29,8,93
2021-11-29,9,83
2021-11-29,10,59
2021-11-29,11,56
2021-11-29,12,47
2021-11-29,13,116
2021-11-29,14,66
2021-11-29,15,59
2021-11-29,16,78
2021-11-29,17,76
2021-11-29,18,48
2021-11-29,19,71
2021-11-29,20,59
2021-11-29,21,24
2021-11-29,22,14
2021-11-29,23,41
2021-11-30,0,37
2021-11-30,1,4
2021-11-30,2,4
2021-11-30,3,6
2021-11-30,4,5
2021-11-30,5,7
2021-11-30,6,16
2021-11-30,7,54
2021-11-30,8,86
2021-11-30,9,88
2021-11-30,10,95
2021-11-30,11,97
2021-11-30,12,64
2021-11-30,13,129
2021-11-30,14,82
2021-11-30,15,103
2021-11-30,16,80
2021-11-30,17,110
2021-11-30,18,214
2021-11-30,19,109
2021-11-30,20,86
2021-11-30,21,85
2021-11-30,22,85
2021-11-30,23,96
2021-12-01,0,47
2021-12-01,1,22
2021-12-01,2,107
2021-12-01,3,109
2021-12-01,4,43
2021-12-01,5,148
2021-12-01,6,94
2021-12-01,7,92
2021-12-01,8,115
2021-12-01,9,83
2021-12-01,10,115
2021-12-01,11,82
2021-12-01,12,129
2021-12-01,13,100
2021-12-01,14,67
2021-12-01,15,87
2021-12-01,16,148
2021-12-01,17,142
2021-12-01,18,125
2021-12-01,19,106
2021-12-01,20,125
2021-12-01,21,73
2021-12-01,22,110
2021-12-01,23,66
2021-12-02,0,18
2021-12-02,1,34
2021-12-02,2,36
2021-12-02,3,17
2021-12-02,4,5
2021-12-02,5,17
2021-12-02,6,75
2021-12-02,7,153
2021-12-02,8,90
2021-12-02,9,133
2021-12-02,10,95
2021-12-02,11,101
2021-12-02,12,59
2021-12-02,13,93
2021-12-02,14,115
2021-12-02,15,52
2021-12-02,16,86
2021-12-02,17,116
2021-12-02,18,126
2021-12-02,19,119
2021-12-02,20,61
2021-12-02,21,38
2021-12-02,22,87
2021-12-02,23,83
2021-12-03,0,60
2021-12-03,1,41
2021-12-03,2,26
2021-12-03,3,52
2021-12-03,4,55
2021-12-03,5,43
2021-12-03,6,78
2021-12-03,7,89
2021-12-03,8,81
2021-12-03,9,96
2021-12-03,10,83
2021-12-03,11,66
2021-12-03,12,89
2021-12-03,13,83
2021-12-03,14,73
2021-12-03,15,70
2021-12-03,16,76
2021-12-03,17,93
2021-12-03,18,95
2021-12-03,19,94
2021-12-03,20,64
2021-12-03,21,46
2021-12-03,22,59
2021-12-03,23,93
2021-12-04,0,47
2021-12-04,1,20
2021-12-04,2,13
2021-12-04,3,14
2021-12-04,4,12
2021-12-04,5,4
2021-12-04,6,7
2021-12-04,7,9
2021-12-04,8,32
2021-12-04,9,37
2021-12-04,10,34
2021-12-04,11,56
2021-12-04,12,74
2021-12-04,13,94
2021-12-04,14,73
2021-12-04,15,69
2021-12-04,16,62
2021-12-04,17,103
2021-12-04,18,114
2021-12-04,19,92
2021-12-04,20,62
2021-12-04,21,42
2021-12-04,22,55
2021-12-04,23,55
2021-12-05,0,45
2021-12-05,1,45
2021-12-05,2,18
2021-12-05,3,17
2021-12-05,4,15
2021-12-05,5,12
2021-12-05,6,9
2021-12-05,7,15
2021-12-05,8,40
2021-12-05,9,31
2021-12-05,10,31
2021-12-05,11,35
2021-12-05,12,48
2021-12-05,13,55
2021-12-05,14,71
2021-12-05,15,59
2021-12-05,16,51
2021-12-05,17,46
2021-12-05,18,50
2021-12-05,19,45
2021-12-05,20,33
2021-12-05,21,32
2021-12-05,22,27
2021-12-05,23,22
2021-12-06,0,25
2021-12-06,1,16
2021-12-06,2,3
2021-12-06,3,5
2021-12-06,4,1
2021-12-06,5,15
2021-12-06,6,14
2021-12-06,7,37
2021-12-06,8,73
2021-12-06,9,87
2021-12-06,10,64
2021-12-06,11,76
2021-12-06,12,57
2021-12-06,13,71
2021-12-06,14,62
2021-12-06,15,53
2021-12-06,16,74
2021-12-06,17,95
2021-12-06,18,62
2021-12-06,19,51
2021-12-06,20,39
2021-12-06,21,26
2021-12-06,22,39
2021-12-06,23,21
2021-12-07,0,7
2021-12-07,1,12
2021-12-07,2,9
2021-12-07,3,2
2021-12-07,4,4
2021-12-07,5,8
2021-12-07,6,19
2021-12-07,7,21
2021-12-07,8,96
2021-12-07,9,96
2021-12-07,10,68
2021-12-07,11,61
2021-12-07,12,66
2021-12-07,13,94
2021-12-07,14,55
2021-12-07,15,61
2021-12-07,16,61
2021-12-07,17,85
2021-12-07,18,68
2021-12-07,19,44
2021-12-07,20,33
2021-12-07,21,34
2021-12-07,22,19
2021-12-07,23,18
2021-12-08,0,13
2021-12-08,1,7
2021-12-08,2,4
2021-12-08,3,3
2021-12-08,4,4
2021-12-08,5,8
2021-12-08,6,19
2021-12-08,7,38
2021-12-08,8,74
2021-12-08,9,80
2021-12-08,10,42
2021-12-08,11,50
2021-12-08,12,53
2021-12-08,13,69
2021-12-08,14,54
2021-12-08,15,61
2021-12-08,16,70
2021-12-08,17,118
2021-12-08,18,84
2021-12-08,19,82
2021-12-08,20,40
2021-12-08,21,45
2021-12-08,22,56
2021-12-08,23,40
2021-12-09,0,15
2021-12-09,1,34
2021-12-09,2,31
2021-12-09,3,21
2021-12-09,4,21
2021-12-09,5,8
2021-12-09,6,14
2021-12-09,7,60
2021-12-09,8,113
2021-12-09,9,121
2021-12-09,10,102
2021-12-09,11,62
2021-12-09,12,91
2021-12-09,13,83
2021-12-09,14,78
2021-12-09,15,80
2021-12-09,16,111
2021-12-09,17,129
2021-12-09,18,140
2021-12-09,19,132
2021-12-09,20,97
2021-12-09,21,80
2021-12-09,22,90
2021-12-09,23,113
2021-12-10,0,91
2021-12-10,1,20
2021-12-10,2,27
2021-12-10,3,10
2021-12-10,4,8
2021-12-10,5,13
2021-12-10,6,22
2021-12-10,7,30
2021-12-10,8,72
2021-12-10,9,85
2021-12-10,10,110
2021-12-10,11,86
2021-12-10,12,86
2021-12-10,13,88
2021-12-10,14,76
2021-12-10,15,123
2021-12-10,16,131
2021-12-10,17,128
2021-12-10,18,105
2021-12-10,19,158
2021-12-10,20,80
2021-12-10,21,83
2021-12-10,22,57
2021-12-10,23,63
2021-12-11,0,41
2021-12-11,1,19
2021-12-11,2,47
2021-12-11,3,20
2021-12-11,4,71
2021-12-11,5,70
2021-12-11,6,22
2021-12-11,7,64
2021-12-11,8,74
2021-12-11,9,61
2021-12-11,10,38
2021-12-11,11,56
2021-12-11,12,104
2021-12-11,13,82
2021-12-11,14,83
2021-12-11,15,81
2021-12-11,16,88
2021-12-11,17,52
2021-12-11,18,99
2021-12-11,19,67
2021-12-11,20,42
2021-12-11,21,38
2021-12-11,22,50
2021-12-11,23,47
2021-12-12,0,25
2021-12-12,1,34
2021-12-12,2,17
2021-12-12,3,12
2021-12-12,4,8
2021-12-12,5,8
2021-12-12,6,5
2021-12-12,7,14
2021-12-12,8,32
2021-12-12,9,18
2021-12-12,10,21
2021-12-12,11,30
2021-12-12,12,40
2021-12-12,13,46
2021-12-12,14,53
2021-12-12,15,46
2021-12-12,16,44
2021-12-12,17,62
2021-12-12,18,48
2021-12-12,19,44
2021-12-12,20,27
2021-12-12,21,13
2021-12-12,22,16
2021-12-12,23,15
2021-12-13,0,56
2021-12-13,1,196
2021-12-13,2,4
2021-12-13,3,5
2021-12-13,4,5
2021-12-13,5,5
2021-12-13,6,25
2021-12-13,7,40
2021-12-13,8,72
2021-12-13,9,70
2021-12-13,10,54
2021-12-13,11,67
2021-12-13,12,65
2021-12-13,13,48
2021-12-13,14,48
2021-12-13,15,45
2021-12-13,16,67
2021-12-13,17,60
2021-12-13,18,68
2021-12-13,19,46
2021-12-13,20,38
2021-12-13,21,29
2021-12-13,22,17
2021-12-13,23,12
2021-12-14,0,11
2021-12-14,1,7
2021-12-14,2,4
2021-12-14,3,5
2021-12-14,4,2
2021-12-14,5,21
2021-12-14,6,22
2021-12-14,7,42
2021-12-14,8,76
2021-12-14,9,91
2021-12-14,10,67
2021-12-14,11,84
2021-12-14,12,50
2021-12-14,13,42
2021-12-14,14,42
2021-12-14,15,58
2021-12-14,16,55
2021-12-14,17,64
2021-12-14,18,72
2021-12-14,19,50
2021-12-14,20,28
2021-12-14,21,25
2021-12-14,22,25
2021-12-14,23,20
2021-12-15,0,10
2021-12-15,1,5
2021-12-15,2,7
2021-12-15,3,0
2021-12-15,4,2
2021-12-15,5,7
2021-12-15,6,20
2021-12-15,7,39
2021-12-15,8,67
2021-12-15,9,68
2021-12-15,10,75
2021-12-15,11,58
2021-12-15,12,63
2021-12-15,13,82
2021-12-15,14,84
2021-12-15,15,92
2021-12-15,16,79
2021-12-15,17,81
2021-12-15,18,63
2021-12-15,19,38
2021-12-15,20,46
2021-12-15,21,27
2021-12-15,22,32
2021-12-15,23,24
2021-12-16,0,16
2021-12-16,1,28
2021-12-16,2,5
2021-12-16,3,19
2021-12-16,4,2
2021-12-16,5,11
2021-12-16,6,13
2021-12-16,7,74
2021-12-16,8,74
2021-12-16,9,84
2021-12-16,10,52
2021-12-16,11,63
2021-12-16,12,75
2021-12-16,13,72
2021-12-16,14,83
2021-12-16,15,58
2021-12-16,16,86
2021-12-16,17,65
2021-12-16,18,92
2021-12-16,19,84
2021-12-16,20,58
2021-12-16,21,36
2021-12-16,22,36
2021-12-16,23,50
2021-12-17,0,16
2021-12-17,1,29
2021-12-17,2,5
2021-12-17,3,3
2021-12-17,4,4
2021-12-17,5,12
2021-12-17,6,23
2021-12-17,7,29
2021-12-17,8,79
2021-12-17,9,64
2021-12-17,10,71
2021-12-17,11,77
2021-12-17,12,86
2021-12-17,13,88
2021-12-17,14,83
2021-12-17,15,88
2021-12-17,16,89
2021-12-17,17,87
2021-12-17,18,75
2021-12-17,19,57
2021-12-17,20,42
2021-12-17,21,51
2021-12-17,22,44
2021-12-17,23,30
2021-12-18,0,28
2021-12-18,1,15
2021-12-18,2,15
2021-12-18,3,10
2021-12-18,4,11
2021-12-18,5,8
2021-12-18,6,6
2021-12-18,7,65
2021-12-18,8,27
2021-12-18,9,47
2021-12-18,10,39
2021-12-18,11,72
2021-12-18,12,75
2021-12-18,13,102
2021-12-18,14,71
2021-12-18,15,76
2021-12-18,16,44
2021-12-18,17,72
2021-12-18,18,81
2021-12-18,19,78
2021-12-18,20,52
2021-12-18,21,49
2021-12-18,22,34
2021-12-18,23,54
2021-12-19,0,46
2021-12-19,1,79
2021-12-19,2,18
2021-12-19,3,6
2021-12-19,4,13
2021-12-19,5,10
2021-12-19,6,8
2021-12-19,7,11
2021-12-19,8,11
2021-12-19,9,31
2021-12-19,10,27
2021-12-19,11,28
2021-12-19,12,46
2021-12-19,13,48
2021-12-19,14,43
2021-12-19,15,48
2021-12-19,16,46
2021-12-19,17,50
2021-12-19,18,75
2021-12-19,19,42
2021-12-19,20,28
2021-12-19,21,20
2021-12-19,22,20
2021-12-19,23,11
2021-12-20,0,21
2021-12-20,1,29
2021-12-20,2,7
2021-12-20,3,9
2021-12-20,4,3
2021-12-20,5,6
2021-12-20,6,22
2021-12-20,7,26
2021-12-20,8,65
2021-12-20,9,60
2021-12-20,10,56
2021-12-20,11,58
2021-12-20,12,66
2021-12-20,13,65
2021-12-20,14,74
2021-12-20,15,54
2021-12-20,16,60
2021-12-20,17,62
2021-12-20,18,61
2021-12-20,19,56
2021-12-20,20,34
2021-12-20,21,27
2021-12-20,22,44
2021-12-20,23,24
2021-12-21,0,17
2021-12-21,1,16
2021-12-21,2,4
2021-12-21,3,4
2021-12-21,4,12
2021-12-21,10,41
2021-12-21,11,68
2021-12-21,12,76
2021-12-21,13,59
2021-12-21,14,71
2021-12-21,15,50
2021-12-21,16,85
2021-12-21,17,100
2021-12-21,18,82
2021-12-21,19,52
2021-12-21,20,34
2021-12-21,21,24
2021-12-21,22,24
2021-12-21,23,20
2021-12-22,0,33
2021-12-22,1,12
2021-12-22,2,6
2021-12-22,3,5
2021-12-22,4,4
2021-12-22,5,9
2021-12-22,6,18
2021-12-22,7,34
2021-12-22,8,52
2021-12-22,9,42
2021-12-22,10,68
2021-12-22,11,83
2021-12-22,12,70
2021-12-22,13,86
2021-12-22,14,92
2021-12-22,15,74
2021-12-22,16,79
2021-12-22,17,79
2021-12-22,18,70
2021-12-22,19,64
2021-12-22,20,55
2021-12-22,21,58
2021-12-22,22,58
2021-12-22,23,40
2021-12-23,0,19
2021-12-23,1,10
2021-12-23,2,10
2021-12-23,3,11
2021-12-23,4,8
2021-12-23,5,9
2021-12-23,6,13
2021-12-23,7,63
2021-12-23,8,57
2021-12-23,9,60
2021-12-23,10,52
2021-12-23,11,66
2021-12-23,12,64
2021-12-23,13,88
2021-12-23,14,90
2021-12-23,15,68
2021-12-23,16,71
2021-12-23,17,102
2021-12-23,18,68
2021-12-23,19,64
2021-12-23,20,36
2021-12-23,21,23
2021-12-23,22,16
2021-12-23,23,23
2021-12-24,0,11
2021-12-24,1,15
2021-12-24,2,6
2021-12-24,3,6
2021-12-24,4,5
2021-12-24,5,11
2021-12-24,6,15
2021-12-24,7,31
2021-12-24,8,48
2021-12-24,9,45
2021-12-24,10,36
2021-12-24,11,47
2021-12-24,12,79
2021-12-24,13,63
2021-12-24,14,57
2021-12-24,15,44
2021-12-24,16,47
2021-12-24,17,47
2021-12-24,18,39
2021-12-24,19,31
2021-12-24,20,34
2021-12-24,21,26
2021-12-24,22,16
2021-12-24,23,11
2021-12-25,0,11
2021-12-25,1,13
2021-12-25,2,14
2021-12-25,3,3
2021-12-25,4,2
2021-12-25,5,21
2021-12-25,6,22
2021-12-25,7,25
2021-12-25,8,35
2021-12-25,9,39
2021-12-25,10,13
2021-12-25,11,22
2021-12-25,12,29
2021-12-25,13,80
2021-12-25,14,67
2021-12-25,15,39
2021-12-25,16,17
2021-12-25,17,25
2021-12-25,18,38
2021-12-25,19,72
2021-12-25,20,52
2021-12-25,21,44
2021-12-25,22,40
2021-12-25,23,24
2021-12-26,0,13
2021-12-26,1,39
2021-12-26,2,14
2021-12-26,3,7
2021-12-26,4,12
2021-12-26,5,8
2021-12-26,6,8
2021-12-26,7,27
2021-12-26,8,40
2021-12-26,9,36
2021-12-26,10,31
2021-12-26,11,36
2021-12-26,12,48
2021-12-26,13,44
2021-12-26,14,36
2021-12-26,15,28
2021-12-26,16,20
2021-12-26,17,35
2021-12-26,18,30
2021-12-26,19,33
2021-12-26,20,25
2021-12-26,21,23
2021-12-26,22,13
2021-12-26,23,18
2021-12-27,0,31
2021-12-27,1,20
2021-12-27,2,11
2021-12-27,3,14
2021-12-27,4,18
2021-12-27,5,17
2021-12-27,6,15
2021-12-27,7,31
2021-12-27,8,66
2021-12-27,9,62
2021-12-27,10,45
2021-12-27,11,57
2021-12-27,12,33
2021-12-27,13,66
2021-12-27,14,46
2021-12-27,15,39
2021-12-27,16,63
2021-12-27,17,32
2021-12-27,18,47
2021-12-27,19,24
2021-12-27,20,39
2021-12-27,21,22
2021-12-27,22,30
2021-12-27,23,24
2021-12-28,0,10
2021-12-28,1,16
2021-12-28,2,9
2021-12-28,3,10
2021-12-28,4,13
2021-12-28,5,11
2021-12-28,6,46
2021-12-28,7,57
2021-12-28,8,49
2021-12-28,9,33
2021-12-28,10,62
2021-12-28,11,40
2021-12-28,12,39
2021-12-28,13,42
2021-12-28,14,51
2021-12-28,15,58
2021-12-28,16,42
2021-12-28,17,47
2021-12-28,18,43
2021-12-28,19,37
2021-12-28,20,38
2021-12-28,21,46
2021-12-28,22,31
2021-12-28,23,25
2021-12-29,0,13
2021-12-29,1,21
2021-12-29,2,30
2021-12-29,3,29
2021-12-29,4,17
2021-12-29,5,31
2021-12-29,6,40
2021-12-29,7,56
2021-12-29,8,66
2021-12-29,9,38
2021-12-29,10,39
2021-12-29,11,53
2021-12-29,12,62
2021-12-29,13,50
2021-12-29,14,56
2021-12-29,15,75
2021-12-29,16,42
2021-12-29,17,78
2021-12-29,18,72
2021-12-29,19,95
2021-12-29,20,87
2021-12-29,21,34
2021-12-29,22,37
2021-12-29,23,41
2021-12-30,0,25
2021-12-30,1,15
2021-12-30,2,11
2021-12-30,3,14
2021-12-30,4,15
2021-12-30,5,14
2021-12-30,6,18
2021-12-30,7,28
2021-12-30,8,40
2021-12-30,9,37
2021-12-30,10,38
2021-12-30,11,51
2021-12-30,12,87
2021-12-30,13,79
2021-12-30,14,90
2021-12-30,15,83
2021-12-30,16,57
2021-12-30,17,97
2021-12-30,18,96
2021-12-30,19,59
2021-12-30,20,41
2021-12-30,21,35
2021-12-30,22,37
2021-12-30,23,29
2021-12-31,0,17
2021-12-31,1,24
2021-12-31,2,73
2021-12-31,3,70
2021-12-31,4,10
2021-12-31,5,24
2021-12-31,6,34
2021-12-31,7,41
2021-12-31,8,53
2021-12-31,9,42
2021-12-31,10,40
2021-12-31,11,50
2021-12-31,12,46
2021-12-31,13,42
2021-12-31,14,76
2021-12-31,15,56
2021-12-31,16,58
2021-12-31,17,62
2021-12-31,18,38
2021-12-31,19,51
2021-12-31,20,49
2021-12-31,21,34
2021-12-31,22,48
2021-12-31,23,46
2022-01-01,0,44
2022-01-01,1,18
2022-01-01,2,41
2022-01-01,3,38
2022-01-01,4,16
2022-01-01,5,10
2022-01-01,6,19
2022-01-01,7,25
2022-01-01,8,36
2022-01-01,9,44
2022-01-01,10,41
2022-01-01,11,26
2022-01-01,12,41
2022-01-01,13,39
2022-01-01,14,40
2022-01-01,15,39
2022-01-01,16,35
2022-01-01,17,38
2022-01-01,18,39
2022-01-01,19,31
2022-01-01,20,45
2022-01-01,21,45
2022-01-01,22,35
2022-01-01,23,42
2022-01-02,0,29
2022-01-02,1,36
2022-01-02,2,21
2022-01-02,3,40
2022-01-02,4,46
2022-01-02,5,44
2022-01-02,6,49
2022-01-02,7,41
2022-01-02,8,25
2022-01-02,9,37
2022-01-02,10,33
2022-01-02,11,59
2022-01-02,12,31
2022-01-02,13,65
2022-01-02,14,69
2022-01-02,15,67
2022-01-02,16,55
2022-01-02,17,62
2022-01-02,18,42
2022-01-02,19,43
2022-01-02,20,35
2022-01-02,21,21
2022-01-02,22,53
2022-01-02,23,45
2022-01-03,0,35
2022-01-03,1,34
2022-01-03,2,56
2022-01-03,3,56
2022-01-03,4,67
2022-01-03,5,31
2022-01-03,6,41
2022-01-03,7,23
2022-01-03,8,71
2022-01-03,9,62
2022-01-03,10,57
2022-01-03,11,60
2022-01-03,12,53
2022-01-03,13,114
2022-01-03,14,75
2022-01-03,15,68
2022-01-03,16,55
2022-01-03,17,102
2022-01-03,18,43
2022-01-03,19,62
2022-01-03,20,49
2022-01-03,21,52
2022-01-03,22,65
2022-01-03,23,61
2022-01-04,0,148
2022-01-04,1,116
2022-01-04,2,74
2022-01-04,3,103
2022-01-04,4,145
2022-01-04,5,99
2022-01-04,6,106
2022-01-04,7,43
2022-01-04,8,53
2022-01-04,9,57
2022-01-04,10,52
2022-01-04,11,51
2022-01-04,12,80
2022-01-04,13,75
2022-01-04,14,79
2022-01-04,15,63
2022-01-04,16,56
2022-01-04,17,63
2022-01-04,18,54
2022-01-04,19,51
2022-01-04,20,49
2022-01-04,21,42
2022-01-04,22,48
2022-01-04,23,105
2022-01-05,0,114
2022-01-05,1,97
2022-01-05,2,27
2022-01-05,3,64
2022-01-05,4,39
2022-01-05,5,92
2022-01-05,6,63
2022-01-05,7,92
2022-01-05,8,77
2022-01-05,9,60
2022-01-05,10,67
2022-01-05,11,52
2022-01-05,12,56
2022-01-05,13,68
2022-01-05,14,103
2022-01-05,15,76
2022-01-05,16,86
2022-01-05,17,80
2022-01-05,18,74
2022-01-05,19,76
2022-01-05,20,58
2022-01-05,21,62
2022-01-05,22,87
2022-01-05,23,48
2022-01-06,0,95
2022-01-06,1,84
2022-01-06,2,71
2022-01-06,3,153
2022-01-06,4,98
2022-01-06,5,131
2022-01-06,6,99
2022-01-06,7,92
2022-01-06,8,112
2022-01-06,9,95
2022-01-06,10,85
2022-01-06,11,153
2022-01-06,12,119
2022-01-06,13,105
2022-01-06,14,101
2022-01-06,15,118
2022-01-06,16,99
2022-01-06,17,55
2022-01-06,18,79
2022-01-06,19,98
2022-01-06,20,84
2022-01-06,21,105
2022-01-06,22,53
2022-01-06,23,61
2022-01-07,0,39
2022-01-07,1,26
2022-01-07,2,28
2022-01-07,3,71
2022-01-07,4,59
2022-01-07,5,45
2022-01-07,6,117
2022-01-07,7,59
2022-01-07,8,68
2022-01-07,9,89
2022-01-07,10,52
2022-01-07,11,64
2022-01-07,12,55
2022-01-07,13,53
2022-01-07,14,75
2022-01-07,15,70
2022-01-07,16,118
2022-01-07,17,64
2022-01-07,18,77
2022-01-07,19,53
2022-01-07,20,48
2022-01-07,21,62
2022-01-07,22,40
2022-01-07,23,42
2022-01-08,0,42
2022-01-08,1,24
2022-01-08,2,38
2022-01-08,3,40
2022-01-08,4,43
2022-01-08,5,42
2022-01-08,6,69
2022-01-08,7,60
2022-01-08,8,43
2022-01-08,9,35
2022-01-08,10,34
2022-01-08,11,51
2022-01-08,12,45
2022-01-08,13,44
2022-01-08,14,62
2022-01-08,15,55
2022-01-08,16,53
2022-01-08,17,46
2022-01-08,18,44
2022-01-08,19,57
2022-01-08,20,44
2022-01-08,21,59
2022-01-08,22,37
2022-01-08,23,37
2022-01-09,0,25
2022-01-09,1,49
2022-01-09,2,29
2022-01-09,3,28
2022-01-09,4,40
2022-01-09,5,27
2022-01-09,6,39
2022-01-09,7,39
2022-01-09,8,28
2022-01-09,9,42
2022-01-09,10,39
2022-01-09,11,41
2022-01-09,12,83
2022-01-09,13,38
2022-01-09,14,46
2022-01-09,15,54
2022-01-09,16,57
2022-01-09,17,46
2022-01-09,18,39
2022-01-09,19,96
2022-01-09,20,48
2022-01-09,21,39
2022-01-09,22,44
2022-01-09,23,34
2022-01-10,0,31
2022-01-10,1,67
2022-01-10,2,22
2022-01-10,3,37
2022-01-10,4,34
2022-01-10,5,45
2022-01-10,6,38
2022-01-10,7,65
2022-01-10,8,68
2022-01-10,9,70
2022-01-10,10,66
2022-01-10,11,72
2022-01-10,12,65
2022-01-10,13,67
2022-01-10,14,55
2022-01-10,15,70
2022-01-10,16,75
2022-01-10,17,90
2022-01-10,18,66
2022-01-10,19,47
2022-01-10,20,53
2022-01-10,21,41
2022-01-10,22,30
2022-01-10,23,45
2022-01-11,0,32
2022-01-11,9,52
2022-01-11,10,72
2022-01-11,11,54
2022-01-11,12,60
2022-01-11,13,80
2022-01-11,14,54
2022-01-11,15,72
2022-01-11,16,54
2022-01-11,17,68
2022-01-11,18,69
2022-01-11,19,54
2022-01-11,20,48
2022-01-11,21,39
2022-01-11,22,42
2022-01-11,23,55
2022-01-12,0,31
2022-01-12,1,26
2022-01-12,2,32
2022-01-12,3,51
2022-01-12,4,33
2022-01-12,5,50
2022-01-12,6,42
2022-01-12,7,44
2022-01-12,8,73
2022-01-12,9,70
2022-01-12,10,74
2022-01-12,11,62
2022-01-12,12,70
2022-01-12,13,65
2022-01-12,14,78
2022-01-12,15,51
2022-01-12,16,76
2022-01-12,17,87
2022-01-12,18,58
2022-01-12,19,62
2022-01-12,20,42
2022-01-12,21,44
2022-01-12,22,44
2022-01-12,23,36
2022-01-13,0,61
2022-01-13,1,27
2022-01-13,2,23
2022-01-13,3,75
2022-01-13,4,138
2022-01-13,5,69
2022-01-13,6,72
2022-01-13,7,114
2022-01-13,8,134
2022-01-13,9,123
2022-01-13,10,82
2022-01-13,11,78
2022-01-13,12,77
2022-01-13,13,85
2022-01-13,14,77
2022-01-13,15,85
2022-01-13,16,90
2022-01-13,17,97
2022-01-13,18,100
2022-01-13,19,67
2022-01-13,20,71
2022-01-13,21,39
2022-01-13,22,51
2022-01-13,23,48
2022-01-14,0,46
2022-01-14,1,21
2022-01-14,2,30
2022-01-14,3,27
2022-01-14,4,17
2022-01-14,5,26
2022-01-14,6,32
2022-01-14,7,69
2022-01-14,8,78
2022-01-14,9,78
2022-01-14,10,80
2022-01-14,11,54
2022-01-14,12,57
2022-01-14,13,92
2022-01-14,14,76
2022-01-14,15,116
2022-01-14,16,91
2022-01-14,17,95
2022-01-14,18,82
2022-01-14,19,81
2022-01-14,20,54
2022-01-14,21,76
2022-01-14,22,78
2022-01-14,23,58
2022-01-15,0,39
2022-01-15,1,26
2022-01-15,2,31
2022-01-15,3,46
2022-01-15,4,51
2022-01-15,5,50
2022-01-15,6,65
2022-01-15,7,69
2022-01-15,8,50
2022-01-15,9,54
2022-01-15,10,89
2022-01-15,11,96
2022-01-15,12,77
2022-01-15,13,59
2022-01-15,14,135
2022-01-15,15,79
2022-01-15,16,88
2022-01-15,17,110
2022-01-15,18,88
2022-01-15,19,65
2022-01-15,20,86
2022-01-15,21,38
2022-01-15,22,51
2022-01-15,23,26
2022-01-16,0,37
2022-01-16,1,38
2022-01-16,2,40
2022-01-16,3,40
2022-01-16,4,48
2022-01-16,5,46
2022-01-16,6,38
2022-01-16,7,42
2022-01-16,8,49
2022-01-16,9,53
2022-01-16,10,40
2022-01-16,11,51
2022-01-16,12,50
2022-01-16,13,54
2022-01-16,14,93
2022-01-16,15,174
2022-01-16,16,159
2022-01-16,17,149
2022-01-16,18,109
2022-01-16,19,56
2022-01-16,20,63
2022-01-16,21,53
2022-01-16,22,62
2022-01-16,23,56
2022-01-17,0,80
2022-01-17,1,38
2022-01-17,2,31
2022-01-17,3,43
2022-01-17,4,36
2022-01-17,5,43
2022-01-17,6,31
2022-01-17,7,61
2022-01-17,8,81
2022-01-17,9,73
2022-01-17,10,65
2022-01-17,11,62
2022-01-17,12,70
2022-01-17,13,57
2022-01-17,14,90
2022-01-17,15,63
2022-01-17,16,75
2022-01-17,17,76
2022-01-17,18,76
2022-01-17,19,56
2022-01-17,20,60
2022-01-17,21,66
2022-01-17,22,66
2022-01-17,23,67
2022-01-18,0,122
2022-01-18,1,80
2022-01-18,2,27
2022-01-18,3,25
2022-01-18,4,30
2022-01-18,5,36
2022-01-18,6,93
2022-01-18,7,82
2022-01-18,8,96
2022-01-18,9,118
2022-01-18,10,75
2022-01-18,11,87
2022-01-18,12,111
2022-01-18,13,126
2022-01-18,14,59
2022-01-18,15,140
2022-01-18,16,56
2022-01-18,17,91
2022-01-18,18,77
2022-01-18,19,116
2022-01-18,20,162
2022-01-18,21,138
2022-01-18,22,117
2022-01-18,23,57
2022-01-19,0,68
2022-01-19,1,44
2022-01-19,2,91
2022-01-19,3,82
2022-01-19,4,51
2022-01-19,5,30
2022-01-19,6,45
2022-01-19,7,56
2022-01-19,8,78
2022-01-19,9,69
2022-01-19,10,75
2022-01-19,11,149
2022-01-19,12,64
2022-01-19,13,113
2022-01-19,14,183
2022-01-19,15,182
2022-01-19,16,112
2022-01-19,17,179
2022-01-19,18,159
2022-01-19,19,133
2022-01-19,20,74
2022-01-19,21,55
2022-01-19,22,105
2022-01-19,23,119
2022-01-20,0,49
2022-01-20,1,42
2022-01-20,2,22
2022-01-20,3,42
2022-01-20,4,25
2022-01-20,5,25
2022-01-20,6,38
2022-01-20,7,49
2022-01-20,8,104
2022-01-20,9,180
2022-01-20,10,164
2022-01-20,11,155
2022-01-20,12,155
2022-01-20,13,149
2022-01-20,14,128
2022-01-20,15,148
2022-01-20,16,96
2022-01-20,17,108
2022-01-20,18,152
2022-01-20,19,190
2022-01-20,20,202
2022-01-20,21,167
2022-01-20,22,95
2022-01-20,23,64
2022-01-21,0,39
2022-01-21,1,23
2022-01-21,2,46
2022-01-21,3,186
2022-01-21,4,175
2022-01-21,5,314
2022-01-21,6,222
2022-01-21,7,320
2022-01-21,8,291
2022-01-21,9,169
2022-01-21,10,159
2022-01-21,11,189
2022-01-21,12,155
2022-01-21,13,156
2022-01-21,14,308
2022-01-21,15,186
2022-01-21,16,186
2022-01-21,17,152
2022-01-21,18,195
2022-01-21,19,228
2022-01-21,20,278
2022-01-21,21,210
2022-01-21,22,261
2022-01-21,23,233
2022-01-22,0,176
2022-01-22,1,83
2022-01-22,2,104
2022-01-22,3,28
2022-01-22,4,99
2022-01-22,5,79
2022-01-22,6,125
2022-01-22,7,200
2022-01-22,8,258
2022-01-22,9,195
2022-01-22,10,243
2022-01-22,11,151
2022-01-22,12,74
2022-01-22,13,70
2022-01-22,14,70
2022-01-22,15,87
2022-01-22,16,75
2022-01-22,17,100
2022-01-22,18,233
2022-01-22,19,216
2022-01-22,20,278
2022-01-22,21,236
2022-01-22,22,265
2022-01-22,23,247
2022-01-23,0,237
2022-01-23,1,149
2022-01-23,2,170
2022-01-23,3,85
2022-01-23,4,120
2022-01-23,5,122
2022-01-23,6,17
2022-01-23,7,82
2022-01-23,8,125
2022-01-23,9,142
2022-01-23,10,115
2022-01-23,11,160
2022-01-23,12,182
2022-01-23,13,102
2022-01-23,14,122
2022-01-23,15,91
2022-01-23,16,178
2022-01-23,17,98
2022-01-23,18,147
2022-01-23,19,220
2022-01-23,20,231
2022-01-23,21,169
2022-01-23,22,170
2022-01-23,23,87
2022-01-24,0,62
2022-01-24,1,164
2022-01-24,2,120
2022-01-24,3,75
2022-01-24,4,97
2022-01-24,5,64
2022-01-24,6,112
2022-01-24,7,112
2022-01-24,8,52
2022-01-24,9,96
2022-01-24,10,107
2022-01-24,11,115
2022-01-24,12,122
2022-01-24,13,95
2022-01-24,14,216
2022-01-24,15,137
2022-01-24,16,88
2022-01-24,17,143
2022-01-24,18,186
2022-01-24,19,84
2022-01-24,20,110
2022-01-24,21,56
2022-01-24,22,87
2022-01-24,23,133
2022-01-25,0,118
2022-01-25,1,42
2022-01-25,2,41
2022-01-25,3,83
2022-01-25,4,42
2022-01-25,5,143
2022-01-25,6,110
2022-01-25,7,65
2022-01-25,8,136
2022-01-25,9,103
2022-01-25,10,125
2022-01-25,11,170
2022-01-25,12,166
2022-01-25,13,109
2022-01-25,14,66
2022-01-25,15,57
2022-01-25,16,179
2022-01-25,17,177
2022-01-25,18,74
2022-01-25,19,57
2022-01-25,20,43
2022-01-25,21,68
2022-01-25,22,41
2022-01-25,23,51
2022-01-26,0,26
2022-01-26,1,37
2022-01-26,2,68
2022-01-26,3,67
2022-01-26,4,15
2022-01-26,5,89
2022-01-26,6,56
2022-01-26,7,75
2022-01-26,8,126
2022-01-26,9,129
2022-01-26,10,71
2022-01-26,11,168
2022-01-26,12,92
2022-01-26,13,102
2022-01-26,14,71
2022-01-26,15,71
2022-01-26,16,79
2022-01-26,17,88
2022-01-26,18,78
2022-01-26,19,71
2022-01-26,20,49
2022-01-26,21,38
2022-01-26,22,33
2022-01-26,23,64
2022-01-27,0,37
2022-01-27,1,35
2022-01-27,2,35
2022-01-27,3,27
2022-01-27,4,26
2022-01-27,5,34
2022-01-27,6,56
2022-01-27,7,80
2022-01-27,8,84
2022-01-27,9,79
2022-01-27,10,59
2022-01-27,11,61
2022-01-27,12,109
2022-01-27,13,154
2022-01-27,14,228
2022-01-27,15,217
2022-01-27,16,298
2022-01-27,17,275
2022-01-27,18,251
2022-01-27,19,156
2022-01-27,20,94
2022-01-27,21,303
2022-01-27,22,146
2022-01-27,23,85
2022-01-28,0,110
2022-01-28,1,124
2022-01-28,2,115
2022-01-28,3,122
2022-01-28,4,144
2022-01-28,5,97
2022-01-28,6,262
2022-01-28,7,233
2022-01-28,8,195
2022-01-28,9,228
2022-01-28,10,293
2022-01-28,11,376
2022-01-28,12,328
2022-01-28,13,265
2022-01-28,14,236
2022-01-28,15,253
2022-01-28,16,293
2022-01-28,17,304
2022-01-28,18,333
2022-01-28,19,333
2022-01-28,20,301
2022-01-28,21,291
2022-01-28,22,294
2022-01-28,23,354
2022-01-29,0,312
2022-01-29,1,95
2022-01-29,2,249
2022-01-29,3,191
2022-01-29,4,166
2022-01-29,5,205
2022-01-29,6,322
2022-01-29,7,191
2022-01-29,8,200
2022-01-29,9,132
2022-01-29,10,255
2022-01-29,11,228
2022-01-29,12,314
2022-01-29,13,282
2022-01-29,14,319
2022-01-29,15,121
2022-01-29,16,251
2022-01-29,17,207
2022-01-29,18,286
2022-01-29,19,331
2022-01-29,20,357
2022-01-29,21,326
2022-01-29,22,281
2022-01-29,23,184
2022-01-30,0,182
2022-01-30,1,77
2022-01-30,2,209
2022-01-30,3,175
2022-01-30,4,192
2022-01-30,5,265
2022-01-30,6,73
2022-01-30,7,76
2022-01-30,8,103
2022-01-30,9,78
2022-01-30,10,144
2022-01-30,11,139
2022-01-30,12,272
2022-01-30,13,164
2022-01-30,14,158
2022-01-30,15,272
2022-01-30,16,176
2022-01-30,17,123
2022-01-30,18,137
2022-01-30,19,204
2022-01-30,20,165
2022-01-30,21,196
2022-01-30,22,135
2022-01-30,23,130
2022-01-31,0,274
2022-01-31,1,211
2022-01-31,2,208
2022-01-31,3,249
2022-01-31,4,209
2022-01-31,5,173
2022-01-31,6,134
2022-01-31,7,136
2022-01-31,8,81
2022-01-31,9,71
2022-01-31,10,143
2022-01-31,11,92
2022-01-31,12,106
2022-01-31,13,118
2022-01-31,14,225
2022-01-31,15,195
2022-01-31,16,212
2022-01-31,17,277
2022-01-31,18,319
2022-01-31,19,291
2022-01-31,20,314
2022-01-31,21,169
2022-01-31,22,94
2022-01-31,23,44
2022-02-01,0,49
2022-02-01,1,55
2022-02-01,2,182
2022-02-01,3,64
2022-02-01,4,76
2022-02-01,5,66
2022-02-01,6,163
2022-02-01,7,246
2022-02-01,8,258
2022-02-01,9,156
2022-02-01,10,124
2022-02-01,11,91
2022-02-01,12,146
2022-02-01,13,132
2022-02-01,14,155
2022-02-01,15,183
2022-02-01,16,191
2022-02-01,17,131
2022-02-01,18,81
2022-02-01,19,61
2022-02-01,20,45
2022-02-01,21,48
2022-02-01,22,73
2022-02-01,23,209
2022-02-02,0,177
2022-02-02,1,34
2022-02-02,2,169
2022-02-02,3,113
2022-02-02,4,227
2022-02-02,5,60
2022-02-02,6,58
2022-02-02,7,146
2022-02-02,8,218
2022-02-02,9,264
2022-02-02,10,269
2022-02-02,11,288
2022-02-02,12,271
2022-02-02,13,312
2022-02-02,14,298
2022-02-02,15,277
2022-02-02,16,233
2022-02-02,17,340
2022-02-02,18,349
2022-02-02,19,345
2022-02-02,20,333
2022-02-02,21,294
2022-02-02,22,279
2022-02-02,23,252
2022-02-03,0,173
2022-02-03,1,304
2022-02-03,2,227
2022-02-03,3,215
2022-02-03,4,228
2022-02-03,5,293
2022-02-03,6,310
2022-02-03,7,167
2022-02-03,8,190
2022-02-03,9,196
2022-02-03,10,142
2022-02-03,11,132
2022-02-03,12,189
2022-02-03,13,344
2022-02-03,14,294
2022-02-03,15,210
2022-02-03,16,291
2022-02-03,17,355
2022-02-03,18,302
2022-02-03,19,318
2022-02-03,20,320
2022-02-03,21,212
2022-02-03,22,160
2022-02-03,23,103
2022-02-04,0,273
2022-02-04,1,241
2022-02-04,2,125
2022-02-04,3,222
2022-02-04,4,240
2022-02-04,5,269
2022-02-04,6,242
2022-02-04,7,283
2022-02-04,8,257
2022-02-04,9,250
2022-02-04,10,262
2022-02-04,11,233
2022-02-04,12,92
2022-02-04,13,143
2022-02-04,14,147
2022-02-04,15,273
2022-02-04,16,321
2022-02-04,17,232
2022-02-04,18,258
2022-02-04,19,180
2022-02-04,20,162
2022-02-04,21,213
2022-02-04,22,322
2022-02-04,23,282
2022-02-05,0,246
2022-02-05,1,210
2022-02-05,2,271
2022-02-05,3,196
2022-02-05,4,235
2022-02-05,5,206
2022-02-05,6,330
2022-02-05,7,304
2022-02-05,8,356
2022-02-05,9,64
2022-02-05,10,79
2022-02-05,11,129
2022-02-05,12,226
2022-02-05,13,113
2022-02-05,14,165
2022-02-05,15,154
2022-02-05,16,157
2022-02-05,17,113
2022-02-05,18,135
2022-02-05,19,265
2022-02-05,20,158
2022-02-05,21,175
2022-02-05,22,61
2022-02-05,23,209
2022-02-06,0,247
2022-02-06,1,134
2022-02-06,2,233
2022-02-06,3,347
2022-02-06,4,339
2022-02-06,5,259
2022-02-06,6,286
2022-02-06,7,266
2022-02-06,8,259
2022-02-06,9,282
2022-02-06,10,308
2022-02-06,11,158
2022-02-06,12,205
2022-02-06,13,276
2022-02-06,14,222
2022-02-06,15,228
2022-02-06,16,299
2022-02-06,17,213
2022-02-06,18,246
2022-02-06,19,167
2022-02-06,20,227
2022-02-06,21,252
2022-02-06,22,220
2022-02-06,23,261
2022-02-07,0,205
2022-02-07,1,310
2022-02-07,2,311
2022-02-07,3,294
2022-02-07,4,263
2022-02-07,5,192
2022-02-07,6,114
2022-02-07,7,299
2022-02-07,8,343
2022-02-07,9,176
2022-02-07,10,313
2022-02-07,11,243
2022-02-07,12,254
2022-02-07,13,161
2022-02-07,14,61
2022-02-07,15,163
2022-02-07,16,108
2022-02-07,17,210
2022-02-07,18,217
2022-02-07,19,237
2022-02-07,20,134
2022-02-07,21,162
2022-02-07,22,198
2022-02-07,23,146
2022-02-08,0,178
2022-02-08,1,48
2022-02-08,2,35
2022-02-08,3,117
2022-02-08,4,67
2022-02-08,5,88
2022-02-08,6,127
2022-02-08,7,98
2022-02-08,8,163
2022-02-08,9,128
2022-02-08,10,76
2022-02-08,11,76
2022-02-08,12,70
2022-02-08,13,113
2022-02-08,14,97
2022-02-08,15,103
2022-02-08,16,107
2022-02-08,17,112
2022-02-08,18,76
2022-02-08,19,42
2022-02-08,20,49
2022-02-08,21,65
2022-02-08,22,43
2022-02-08,23,34
2022-02-09,0,43
2022-02-09,1,27
2022-02-09,2,43
2022-02-09,3,19
2022-02-09,4,35
2022-02-09,5,68
2022-02-09,6,196
2022-02-09,7,86
2022-02-09,8,225
2022-02-09,9,261
2022-02-09,10,262
2022-02-09,11,152
2022-02-09,12,115
2022-02-09,13,123
2022-02-09,14,136
2022-02-09,15,123
2022-02-09,16,115
2022-02-09,17,154
2022-02-09,18,150
2022-02-09,19,129
2022-02-09,20,109
2022-02-09,21,96
2022-02-09,22,96
2022-02-09,23,85
2022-02-10,0,66
2022-02-10,1,110
2022-02-10,2,62
2022-02-10,3,58
2022-02-10,4,59
2022-02-10,5,66
2022-02-10,6,88
2022-02-10,7,83
2022-02-10,8,118
2022-02-10,9,128
2022-02-10,10,88
2022-02-10,11,92
2022-02-10,12,102
2022-02-10,13,150
2022-02-10,14,159
2022-02-10,15,128
2022-02-10,16,159
2022-02-10,17,180
2022-02-10,18,180
2022-02-10,19,158
2022-02-10,20,124
2022-02-10,21,119
2022-02-10,22,84
2022-02-10,23,71
2022-02-11,0,80
2022-02-11,1,69
2022-02-11,2,48
2022-02-11,3,79
2022-02-11,4,80
2022-02-11,5,101
2022-02-11,6,132
2022-02-11,7,154
2022-02-11,8,155
2022-02-11,9,142
2022-02-11,10,175
2022-02-11,11,172
2022-02-11,12,128
2022-02-11,13,125
2022-02-11,14,146
2022-02-11,15,183
2022-02-11,16,177
2022-02-11,17,177
2022-02-11,18,164
2022-02-11,19,159
2022-02-11,20,146
2022-02-11,21,137
2022-02-11,22,155
2022-02-11,23,163
2022-02-12,0,125
2022-02-12,1,75
2022-02-12,2,119
2022-02-12,3,85
2022-02-12,4,88
2022-02-12,5,74
2022-02-12,6,115
2022-02-12,7,128
2022-02-12,8,155
2022-02-12,9,80
2022-02-12,10,101
2022-02-12,11,105
2022-02-12,12,128
2022-02-12,13,105
2022-02-12,14,137
2022-02-12,15,93
2022-02-12,16,110
2022-02-12,17,92
2022-02-12,18,132
2022-02-12,19,155
2022-02-12,20,155
2022-02-12,21,137
2022-02-12,22,105
2022-02-12,23,115
2022-02-13,0,110
2022-02-13,1,75
2022-02-13,2,119
2022-02-13,3,110
2022-02-13,4,114
2022-02-13,5,92
2022-02-13,6,70
2022-02-13,7,88
2022-02-13,8,93
2022-02-13,9,104
2022-02-13,10,110
2022-02-13,11,106
2022-02-13,12,125
2022-02-13,13,123
2022-02-13,14,114
2022-02-13,15,150
2022-02-13,16,146
2022-02-13,17,115
2022-02-13,18,127
2022-02-13,19,132
2022-02-13,20,108
2022-02-13,21,115
2022-02-13,22,101
2022-02-13,23,81
2022-02-14,0,97
2022-02-14,1,135
2022-02-14,2,88
2022-02-14,3,97
2022-02-14,4,96
2022-02-14,5,62
2022-02-14,6,62
2022-02-14,7,110
2022-02-14,8,137
2022-02-14,9,80
2022-02-14,10,123
2022-02-14,11,115
2022-02-14,12,111
2022-02-14,13,97
2022-02-14,14,109
2022-02-14,15,115
2022-02-14,16,102
2022-02-14,17,140
2022-02-14,18,146
2022-02-14,19,132
2022-02-14,20,132
2022-02-14,21,84
2022-02-14,22,80
2022-02-14,23,72
2022-02-15,0,71
2022-02-15,1,40
2022-02-15,2,40
2022-02-15,3,43
2022-02-15,4,31
2022-02-15,5,44
2022-02-15,6,76
2022-02-15,7,93
2022-02-15,8,146
2022-02-15,9,105
2022-02-15,10,84
2022-02-15,11,84
2022-02-15,12,97
2022-02-15,13,100
2022-02-15,14,78
2022-02-15,15,128
2022-02-15,16,100
2022-02-15,17,137
2022-02-15,18,91
2022-02-15,19,65
2022-02-15,20,61
2022-02-15,21,27
2022-02-15,22,53
2022-02-15,23,19
2022-02-16,0,33
2022-02-16,1,39
2022-02-16,2,37
2022-02-16,3,17
2022-02-16,4,3
2022-02-16,5,32
2022-02-16,6,19
2022-02-16,7,85
2022-02-16,8,142
2022-02-16,9,110
2022-02-16,10,84
2022-02-16,11,136
2022-02-16,12,115
2022-02-16,13,77
2022-02-16,14,75
2022-02-16,15,99
2022-02-16,16,113
2022-02-16,17,83
2022-02-16,18,84
2022-02-16,19,55
2022-02-16,20,27
2022-02-16,21,61
2022-02-16,22,28
2022-02-16,23,10
2022-02-17,0,42
2022-02-17,1,32
2022-02-17,2,11
2022-02-17,3,26
2022-02-17,4,31
2022-02-17,5,18
2022-02-17,6,41
2022-02-17,7,44
2022-02-17,8,79
2022-02-17,9,84
2022-02-17,10,71
2022-02-17,11,56
2022-02-17,12,69
2022-02-17,13,95
2022-02-17,14,129
2022-02-17,15,108
2022-02-17,16,103
2022-02-17,17,100
2022-02-17,18,98
2022-02-17,19,120
2022-02-17,20,51
2022-02-17,21,39
2022-02-17,22,66
2022-02-17,23,46
2022-02-18,0,60
2022-02-18,1,9
2022-02-18,2,2
2022-02-18,3,1
2022-02-18,4,21
2022-02-18,5,56
2022-02-18,6,88
2022-02-18,7,116
2022-02-18,8,140
2022-02-18,9,155
2022-02-18,10,171
2022-02-18,11,140
2022-02-18,12,117
2022-02-18,13,152
2022-02-18,14,144
2022-02-18,15,136
2022-02-18,16,143
2022-02-18,17,128
2022-02-18,18,162
2022-02-18,19,106
2022-02-18,20,121
2022-02-18,21,195
2022-02-18,22,143
2022-02-18,23,154
2022-02-19,0,133
2022-02-19,1,85
2022-02-19,2,143
2022-02-19,3,121
2022-02-19,4,125
2022-02-19,5,126
2022-02-19,6,151
2022-02-19,7,127
2022-02-19,8,201
2022-02-19,9,94
2022-02-19,10,131
2022-02-19,11,140
2022-02-19,12,162
2022-02-19,13,106
2022-02-19,14,119
2022-02-19,15,115
2022-02-19,16,121
2022-02-19,17,129
2022-02-19,18,117
2022-02-19,19,96
2022-02-19,20,176
2022-02-19,21,92
2022-02-19,22,113
2022-02-19,23,145
2022-02-20,0,119
2022-02-20,1,85
2022-02-20,2,136
2022-02-20,3,148
2022-02-20,4,174
2022-02-20,5,127
2022-02-20,6,115
2022-02-20,7,89
2022-02-20,8,136
2022-02-20,9,145
2022-02-20,10,157
2022-02-20,11,138
2022-02-20,12,160
2022-02-20,13,116
2022-02-20,14,124
2022-02-20,15,153
2022-02-20,16,134
2022-02-20,17,117
2022-02-20,18,126
2022-02-20,19,146
2022-02-20,20,123
2022-02-20,21,64
2022-02-20,22,39
2022-02-20,23,25
2022-02-21,0,30
2022-02-21,1,126
2022-02-21,2,88
2022-02-21,3,108
2022-02-21,4,48
2022-02-21,5,12
2022-02-21,6,19
2022-02-21,7,60
2022-02-21,8,102
2022-02-21,9,127
2022-02-21,10,163
2022-02-21,11,145
2022-02-21,12,133
2022-02-21,13,112
2022-02-21,14,134
2022-02-21,15,130
2022-02-21,16,95
2022-02-21,17,122
2022-02-21,18,146
2022-02-21,19,115
2022-02-21,20,102
2022-02-21,21,75
2022-02-21,22,77
2022-02-21,23,19
2022-02-22,0,80
2022-02-22,1,50
2022-02-22,2,70
2022-02-22,3,19
2022-02-22,4,68
2022-02-22,5,13
2022-02-22,6,90
2022-02-22,7,68
2022-02-22,8,168
2022-02-22,9,111
2022-02-22,10,76
2022-02-22,11,57
2022-02-22,12,66
2022-02-22,13,51
2022-02-22,14,65
2022-02-22,15,65
2022-02-22,16,67
2022-02-22,17,82
2022-02-22,18,79
2022-02-22,19,45
2022-02-22,20,37
2022-02-22,21,21
2022-02-22,22,37
2022-02-22,23,16
2022-02-23,0,44
2022-02-23,1,34
2022-02-23,2,22
2022-02-23,3,7
2022-02-23,4,6
2022-02-23,5,3
2022-02-23,6,18
2022-02-23,7,32
2022-02-23,8,98
2022-02-23,9,148
2022-02-23,10,115
2022-02-23,11,64
2022-02-23,12,95
2022-02-23,13,107
2022-02-23,14,158
2022-02-23,15,87
2022-02-23,16,121
2022-02-23,17,185
2022-02-23,18,174
2022-02-23,19,85
2022-02-23,20,109
2022-02-23,21,180
2022-02-23,22,156
2022-02-23,23,118
2022-02-24,0,108
2022-02-24,1,72
2022-02-24,2,7
2022-02-24,3,2
2022-02-24,4,2
2022-02-24,5,7
2022-02-24,6,12
2022-02-24,7,52
2022-02-24,8,92
2022-02-24,9,72
2022-02-24,10,55
2022-02-24,11,64
2022-02-24,12,66
2022-02-24,13,71
2022-02-24,14,49
2022-02-24,15,58
2022-02-24,16,74
2022-02-24,17,82
2022-02-24,18,81
2022-02-24,19,62
2022-02-24,20,37
2022-02-24,21,36
2022-02-24,22,35
2022-02-24,23,16
2022-02-25,0,31
2022-02-25,1,70
2022-02-25,2,6
2022-02-25,3,2
2022-02-25,4,4
2022-02-25,5,37
2022-02-25,6,13
2022-02-25,7,37
2022-02-25,8,78
2022-02-25,9,65
2022-02-25,10,79
2022-02-25,11,82
2022-02-25,12,73
2022-02-25,13,131
2022-02-25,14,223
2022-02-25,15,193
2022-02-25,16,186
2022-02-25,17,159
2022-02-25,18,185
2022-02-25,19,141
2022-02-25,20,153
2022-02-25,21,160
2022-02-25,22,168
2022-02-25,23,168
2022-02-26,0,159
2022-02-26,1,80
2022-02-26,2,123
2022-02-26,3,93
2022-02-26,4,110
2022-02-26,5,98
2022-02-26,6,133
2022-02-26,7,129
2022-02-26,8,163
2022-02-26,9,76
2022-02-26,10,122
2022-02-26,11,123
2022-02-26,12,132
2022-02-26,13,114
2022-02-26,14,136
2022-02-26,15,107
2022-02-26,16,104
2022-02-26,17,106
2022-02-26,18,138
2022-02-26,19,163
2022-02-26,20,173
2022-02-26,21,147
2022-02-26,22,115
2022-02-26,23,128
2022-02-27,0,110
2022-02-27,1,89
2022-02-27,2,146
2022-02-27,3,136
2022-02-27,4,147
2022-02-27,5,123
2022-02-27,6,79
2022-02-27,7,88
2022-02-27,8,101
2022-02-27,9,105
2022-02-27,10,118
2022-02-27,11,107
2022-02-27,12,133
2022-02-27,13,118
2022-02-27,14,123
2022-02-27,15,154
2022-02-27,16,145
2022-02-27,17,123
2022-02-27,18,119
2022-02-27,19,128
2022-02-27,20,111
2022-02-27,21,114
2022-02-27,22,85
2022-02-27,23,76
2022-02-28,0,83
2022-02-28,1,123
2022-02-28,2,105
2022-02-28,3,101
2022-02-28,4,92
2022-02-28,5,54
2022-02-28,6,54
2022-02-28,7,105
2022-02-28,8,131
2022-02-28,9,110
2022-02-28,10,145
2022-02-28,11,124
2022-02-28,12,123
2022-02-28,13,101
2022-02-28,14,114
2022-02-28,15,119
2022-02-28,16,96
2022-02-28,17,136
2022-02-28,18,155
2022-02-28,19,115
2022-02-28,20,111
2022-02-28,21,70
2022-02-28,22,76
2022-02-28,23,58
2022-03-01,0,92
2022-03-01,1,44
2022-03-01,2,44
2022-03-01,3,36
2022-03-01,4,31
2022-03-01,5,40
2022-03-01,6,76
2022-03-01,7,79
2022-03-01,8,141
2022-03-01,9,114
2022-03-01,10,84
2022-03-01,11,84
2022-03-01,12,80
2022-03-01,13,93
2022-03-01,14,84
2022-03-01,15,92
2022-03-01,16,102
2022-03-01,17,96
2022-03-01,18,93
2022-03-01,19,57
2022-03-01,20,54
2022-03-01,21,44
2022-03-01,22,49
2022-03-01,23,53
2022-03-02,0,49
2022-03-02,1,34
2022-03-02,2,44
2022-03-02,3,36
2022-03-02,4,31
2022-03-02,5,31
2022-03-02,6,48
2022-03-02,7,75
2022-03-02,8,123
2022-03-02,9,145
2022-03-02,10,137
2022-03-02,11,127
2022-03-02,12,101
2022-03-02,13,126
2022-03-02,14,128
2022-03-02,15,118
2022-03-02,16,114
2022-03-02,17,150
2022-03-02,18,140
2022-03-02,19,111
2022-03-02,20,92
2022-03-02,21,93
2022-03-02,22,105
2022-03-02,23,83
2022-03-03,0,56
2022-03-03,1,91
2022-03-03,2,44
2022-03-03,3,53
2022-03-03,4,53
2022-03-03,5,61
2022-03-03,6,71
2022-03-03,7,79
2022-03-03,8,106
2022-03-03,9,114
2022-03-03,10,80
2022-03-03,11,129
2022-03-03,12,142
2022-03-03,13,129
2022-03-03,14,282
2022-03-03,15,175
2022-03-03,16,136
2022-03-03,17,155
2022-03-03,18,146
2022-03-03,19,127
2022-03-03,20,101
2022-03-03,21,100
2022-03-03,22,80
2022-03-03,23,53
2022-03-04,0,62
2022-03-04,1,66
2022-03-04,2,27
2022-03-04,3,48
2022-03-04,4,71
2022-03-04,5,97
2022-03-04,6,101
2022-03-04,7,129
2022-03-04,8,154
2022-03-04,9,129
2022-03-04,10,158
2022-03-04,11,151
2022-03-04,12,123
2022-03-04,13,129
2022-03-04,14,151
2022-03-04,15,167
2022-03-04,16,186
2022-03-04,17,169
2022-03-04,18,192
2022-03-04,19,163
2022-03-04,20,132
2022-03-04,21,148
2022-03-04,22,168
2022-03-04,23,160
2022-03-05,0,141
2022-03-05,1,75
2022-03-05,2,128
2022-03-05,3,75
2022-03-05,4,92
2022-03-05,5,114
2022-03-05,6,140
2022-03-05,7,133
2022-03-05,8,163
2022-03-05,9,80
2022-03-05,10,122
2022-03-05,11,118
2022-03-05,12,141
2022-03-05,13,97
2022-03-05,14,131
2022-03-05,15,97
2022-03-05,16,109
2022-03-05,17,100
2022-03-05,18,132
2022-03-05,19,155
2022-03-05,20,154
2022-03-05,21,137
2022-03-05,22,106
2022-03-05,23,115
2022-03-06,0,117
2022-03-06,1,84
2022-03-06,2,124
2022-03-06,3,114
2022-03-06,4,111
2022-03-06,5,120
2022-03-06,6,96
2022-03-06,7,84
2022-03-06,8,101
2022-03-06,9,106
2022-03-06,10,128
2022-03-06,11,110
2022-03-06,12,137
2022-03-06,13,107
2022-03-06,14,115
2022-03-06,15,142
2022-03-06,16,145
2022-03-06,17,114
2022-03-06,18,127
2022-03-06,19,124
2022-03-06,20,113
2022-03-06,21,107
2022-03-06,22,97
2022-03-06,23,67
2022-03-07,0,79
2022-03-07,1,122
2022-03-07,2,105
2022-03-07,3,114
2022-03-07,4,96
2022-03-07,5,58
2022-03-07,6,62
2022-03-07,7,101
2022-03-07,8,123
2022-03-07,9,110
2022-03-07,10,141
2022-03-07,11,120
2022-03-07,12,114
2022-03-07,13,101
2022-03-07,14,122
2022-03-07,15,123
2022-03-07,16,96
2022-03-07,17,132
2022-03-07,18,151
2022-03-07,19,124
2022-03-07,20,115
2022-03-07,21,76
2022-03-07,22,81
2022-03-07,23,71
2022-03-08,0,83
2022-03-08,1,45
2022-03-08,2,58
2022-03-08,3,44
2022-03-08,4,39
2022-03-08,5,57
2022-03-08,6,88
2022-03-08,7,106
2022-03-08,8,150
2022-03-08,9,106
2022-03-08,10,79
2022-03-08,11,84
2022-03-08,12,88
2022-03-08,13,92
2022-03-08,14,80
2022-03-08,15,93
2022-03-08,16,101
2022-03-08,17,115
2022-03-08,18,92
2022-03-08,19,52
2022-03-08,20,56
2022-03-08,21,48
2022-03-08,22,49
2022-03-08,23,44
2022-03-09,0,53
2022-03-09,1,34
2022-03-09,2,48
2022-03-09,3,31
2022-03-09,4,48
2022-03-09,5,44
2022-03-09,6,75
2022-03-09,7,71
2022-03-09,8,123
2022-03-09,9,150
2022-03-09,10,137
2022-03-09,11,124
2022-03-09,12,105
2022-03-09,13,110
2022-03-09,14,118
2022-03-09,15,110
2022-03-09,16,111
2022-03-09,17,145
2022-03-09,18,140
2022-03-09,19,116
2022-03-09,20,93
2022-03-09,21,102
2022-03-09,22,101
2022-03-09,23,88
2022-03-10,0,57
2022-03-10,1,85
2022-03-10,2,52
2022-03-10,3,54
2022-03-10,4,49
2022-03-10,5,58
2022-03-10,6,67
2022-03-10,7,75
2022-03-10,8,106
2022-03-10,9,110
2022-03-10,10,79
2022-03-10,11,92
2022-03-10,12,114
2022-03-10,13,132
2022-03-10,14,159
2022-03-10,15,133
2022-03-10,16,145
2022-03-10,17,160
2022-03-10,18,133
2022-03-10,19,132
2022-03-10,20,97
2022-03-10,21,105
2022-03-10,22,80
2022-03-10,23,61
2022-03-11,0,73
2022-03-11,1,80
2022-03-11,2,30
2022-03-11,3,62
2022-03-11,4,67
2022-03-11,5,89
2022-03-11,6,101
2022-03-11,7,111
2022-03-11,8,141
2022-03-11,9,133
2022-03-11,10,145
2022-03-11,11,146
2022-03-11,12,110
2022-03-11,13,137
2022-03-11,14,155
2022-03-11,15,167
2022-03-11,16,181
2022-03-11,17,146
2022-03-11,18,173
2022-03-11,19,141
2022-03-11,20,141
2022-03-11,21,142
2022-03-11,22,154
2022-03-11,23,151
2022-03-12,0,128
2022-03-12,1,79
2022-03-12,2,123
2022-03-12,3,84
2022-03-12,4,84
2022-03-12,5,76
2022-03-12,6,138
2022-03-12,7,129
2022-03-12,8,163
2022-03-12,9,76
2022-03-12,10,110
2022-03-12,11,114
2022-03-12,12,123
2022-03-12,13,101
2022-03-12,14,111
2022-03-12,15,81
2022-03-12,16,110
2022-03-12,17,89
2022-03-12,18,114
2022-03-12,19,141
2022-03-12,20,140
2022-03-12,21,115
2022-03-12,22,105
2022-03-12,23,110
2022-03-13,0,136
2022-03-13,1,66
2022-03-13,2,128
2022-03-13,3,129
2022-03-13,4,123
2022-03-13,5,119
2022-03-13,6,84
2022-03-13,7,88
2022-03-13,8,105
2022-03-13,9,105
2022-03-13,10,119
2022-03-13,11,98
2022-03-13,12,128
2022-03-13,13,115
2022-03-13,14,111
2022-03-13,15,137
2022-03-13,16,141
2022-03-13,17,110
2022-03-13,18,119
2022-03-13,19,123
2022-03-13,20,111
2022-03-13,21,111
2022-03-13,22,92
2022-03-13,23,76
2022-03-14,0,88
2022-03-14,1,142
2022-03-14,2,111
2022-03-14,3,118
2022-03-14,4,106
2022-03-14,5,70
2022-03-14,6,58
2022-03-14,7,109
2022-03-14,8,127
2022-03-14,9,96
2022-03-14,10,137
2022-03-14,11,124
2022-03-14,12,119
2022-03-14,13,101
2022-03-14,14,114
2022-03-14,15,115
2022-03-14,16,101
2022-03-14,17,128
2022-03-14,18,136
2022-03-14,19,133
2022-03-14,20,110
2022-03-14,21,79
2022-03-14,22,85
2022-03-14,23,67
2022-03-15,0,76
2022-03-15,1,48
2022-03-15,2,49
2022-03-15,3,44
2022-03-15,4,49
2022-03-15,5,48
2022-03-15,6,92
2022-03-15,7,93
2022-03-15,8,140
2022-03-15,9,110
2022-03-15,10,84
2022-03-15,11,80
2022-03-15,12,92
2022-03-15,13,92
2022-03-15,14,83
2022-03-15,15,96
2022-03-15,16,97
2022-03-15,17,96
2022-03-15,18,87
2022-03-15,19,52
2022-03-15,20,54
2022-03-15,21,48
2022-03-15,22,53
2022-03-15,23,49
2022-03-16,0,53
2022-03-16,1,26
2022-03-16,2,49
2022-03-16,3,36
2022-03-16,4,39
2022-03-16,5,32
2022-03-16,6,53
2022-03-16,7,70
2022-03-16,8,127
2022-03-16,9,138
2022-03-16,10,172
2022-03-16,11,123
2022-03-16,12,110
2022-03-16,13,113
2022-03-16,14,120
2022-03-16,15,106
2022-03-16,16,110
2022-03-16,17,141
2022-03-16,18,131
2022-03-16,19,114
2022-03-16,20,105
2022-03-16,21,102
2022-03-16,22,106
2022-03-16,23,90
2022-03-17,0,66
2022-03-17,1,89
2022-03-17,2,48
2022-03-17,3,54
2022-03-17,4,54
2022-03-17,5,62
2022-03-17,6,75
2022-03-17,7,70
2022-03-17,8,100
2022-03-17,9,114
2022-03-17,10,84
2022-03-17,11,92
2022-03-17,12,101
2022-03-17,13,133
2022-03-17,14,149
2022-03-17,15,124
2022-03-17,16,146
2022-03-17,17,142
2022-03-17,18,133
2022-03-17,19,115
2022-03-17,20,101
2022-03-17,21,101
2022-03-17,22,67
2022-03-17,23,53
2022-03-18,0,67
2022-03-18,1,74
2022-03-18,2,34
2022-03-18,3,61
2022-03-18,4,67
2022-03-18,5,93
2022-03-18,6,110
2022-03-18,7,133
2022-03-18,8,136
2022-03-18,9,132
2022-03-18,10,155
2022-03-18,11,150
2022-03-18,12,106
2022-03-18,13,133
2022-03-18,14,151
2022-03-18,15,172
2022-03-18,16,172
2022-03-18,17,151
2022-03-18,18,172
2022-03-18,19,132
2022-03-18,20,133
2022-03-18,21,146
2022-03-18,22,155
2022-03-18,23,163
2022-03-19,0,124
2022-03-19,1,70
2022-03-19,2,119
2022-03-19,3,84
2022-03-19,4,101
2022-03-19,5,101
2022-03-19,6,160
2022-03-19,7,133
2022-03-19,8,167
2022-03-19,9,80
2022-03-19,10,118
2022-03-19,11,114
2022-03-19,12,137
2022-03-19,13,105
2022-03-19,14,127
2022-03-19,15,97
2022-03-19,16,114
2022-03-19,17,97
2022-03-19,18,128
2022-03-19,19,159
2022-03-19,20,158
2022-03-19,21,124
2022-03-19,22,106
2022-03-19,23,120
2022-03-20,0,127
2022-03-20,1,84
2022-03-20,2,137
2022-03-20,3,133
2022-03-20,4,128
2022-03-20,5,119
2022-03-20,6,93
2022-03-20,7,88
2022-03-20,8,105
2022-03-20,9,109
2022-03-20,10,124
2022-03-20,11,110
2022-03-20,12,141
2022-03-20,13,115
2022-03-20,14,102
2022-03-20,15,133
2022-03-20,16,137
2022-03-20,17,114
2022-03-20,18,123
2022-03-20,19,127
2022-03-20,20,107
2022-03-20,21,115
2022-03-20,22,88
2022-03-20,23,80
2022-03-21,0,92
2022-03-21,1,127
2022-03-21,2,116
2022-03-21,3,115
2022-03-21,4,96
2022-03-21,5,67
2022-03-21,6,58
2022-03-21,7,105
2022-03-21,8,127
2022-03-21,9,110
2022-03-21,10,163
2022-03-21,11,124
2022-03-21,12,119
2022-03-21,13,102
2022-03-21,14,118
2022-03-21,15,136
2022-03-21,16,101
2022-03-21,17,128
2022-03-21,18,147
2022-03-21,19,131
2022-03-21,20,137
2022-03-21,21,89
2022-03-21,22,89
2022-03-21,23,67
2022-03-22,0,93
2022-03-22,1,44
2022-03-22,2,62
2022-03-22,3,43
2022-03-22,4,53
2022-03-22,5,52
2022-03-22,6,97
2022-03-22,7,93
2022-03-22,8,150
2022-03-22,9,118
2022-03-22,10,101
2022-03-22,11,92
2022-03-22,12,92
2022-03-22,13,100
2022-03-22,14,149
2022-03-22,15,114
2022-03-22,16,105
2022-03-22,17,242
2022-03-22,18,136
2022-03-22,19,57
2022-03-22,20,57
2022-03-22,21,48
2022-03-22,22,45
2022-03-22,23,53
2022-03-23,0,53
2022-03-23,1,43
2022-03-23,2,58
2022-03-23,3,32
2022-03-23,4,36
2022-03-23,5,40
2022-03-23,6,62
2022-03-23,7,74
2022-03-23,8,126
2022-03-23,9,154
2022-03-23,10,143
2022-03-23,11,129
2022-03-23,12,110
2022-03-23,13,122
2022-03-23,14,132
2022-03-23,15,123
2022-03-23,16,115
2022-03-23,17,137
2022-03-23,18,138
2022-03-23,19,128
2022-03-23,20,101
2022-03-23,21,114
2022-03-23,22,114
2022-03-23,23,81
2022-03-24,0,75
2022-03-24,1,89
2022-03-24,2,48
2022-03-24,3,52
2022-03-24,4,43
2022-03-24,5,63
2022-03-24,6,75
2022-03-24,7,83
2022-03-24,8,114
2022-03-24,9,118
2022-03-24,10,88
2022-03-24,11,98
2022-03-24,12,108
2022-03-24,13,138
2022-03-24,14,179
2022-03-24,15,142
2022-03-24,16,141
2022-03-24,17,146
2022-03-24,18,142
2022-03-24,19,140
2022-03-24,20,97
2022-03-24,21,110
2022-03-24,22,76
2022-03-24,23,66
2022-03-25,0,67
2022-03-25,1,69
2022-03-25,2,44
2022-03-25,3,65
2022-03-25,4,75
2022-03-25,5,84
2022-03-25,6,115
2022-03-25,7,141
2022-03-25,8,144
2022-03-25,9,138
2022-03-25,10,155
2022-03-25,11,159
2022-03-25,12,106
2022-03-25,13,137
2022-03-25,14,159
2022-03-25,15,181
2022-03-25,16,181
2022-03-25,17,154
2022-03-25,18,167
2022-03-25,19,154
2022-03-25,20,133
2022-03-25,21,160
2022-03-25,22,168
2022-03-25,23,171
2022-03-26,0,139
2022-03-26,1,71
2022-03-26,2,127
2022-03-26,3,97
2022-03-26,4,101
2022-03-26,5,97
2022-03-26,6,151
2022-03-26,7,137
2022-03-26,8,163
2022-03-26,9,85
2022-03-26,10,128
2022-03-26,11,122
2022-03-26,12,133
2022-03-26,13,109
2022-03-26,14,133
2022-03-26,15,97
2022-03-26,16,106
2022-03-26,17,98
2022-03-26,18,138
2022-03-26,19,163
2022-03-26,20,146
2022-03-26,21,129
2022-03-26,22,92
2022-03-26,23,128
2022-03-27,0,84
2022-03-27,1,128
2022-03-27,2,128
2022-03-27,3,138
2022-03-27,4,162
2022-03-27,5,102
2022-03-27,6,83
2022-03-27,7,101
2022-03-27,8,101
2022-03-27,9,118
2022-03-27,10,101
2022-03-27,11,138
2022-03-27,12,119
2022-03-27,13,107
2022-03-27,14,138
2022-03-27,15,137
2022-03-27,16,114
2022-03-27,17,123
2022-03-27,18,119
2022-03-27,19,111
2022-03-27,20,119
2022-03-27,21,92
2022-03-27,22,67
2022-03-27,23,87
2022-03-28,0,137
2022-03-28,1,102
2022-03-28,2,105
2022-03-28,3,84
2022-03-28,4,58
2022-03-28,5,48
2022-03-28,6,105
2022-03-28,7,123
2022-03-28,8,96
2022-03-28,9,127
2022-03-28,10,123
2022-03-28,11,109
2022-03-28,12,92
2022-03-28,13,113
2022-03-28,14,123
2022-03-28,15,100
2022-03-28,16,128
2022-03-28,17,136
2022-03-28,18,115
2022-03-28,19,114
2022-03-28,20,79
2022-03-28,21,89
2022-03-28,22,57
2022-03-28,23,67
2022-03-29,0,40
2022-03-29,1,54
2022-03-29,2,36
2022-03-29,3,39
2022-03-29,4,48
2022-03-29,5,80
2022-03-29,6,96
2022-03-29,7,136
2022-03-29,8,110
2022-03-29,9,84
2022-03-29,10,76
2022-03-29,11,92
2022-03-29,12,92
2022-03-29,13,98
2022-03-29,14,96
2022-03-29,15,110
2022-03-29,16,120
2022-03-29,17,88
2022-03-29,18,62
2022-03-29,19,57
2022-03-29,20,48
2022-03-29,21,54
2022-03-29,22,49
2022-03-29,23,70
2022-03-30,0,34
2022-03-30,1,44
2022-03-30,2,36
2022-03-30,3,44
2022-03-30,4,40
2022-03-30,5,58
2022-03-30,6,70
2022-03-30,7,127
2022-03-30,8,141
2022-03-30,9,128
2022-03-30,10,128
2022-03-30,11,111
2022-03-30,12,115
2022-03-30,13,119
2022-03-30,14,102
2022-03-30,15,106
2022-03-30,16,150
2022-03-30,17,141
2022-03-30,18,111
2022-03-30,19,101
2022-03-30,20,110
2022-03-30,21,109
2022-03-30,22,84
2022-03-30,23,70
2022-03-31,0,89
2022-03-31,1,52
2022-03-31,2,58
2022-03-31,3,54
2022-03-31,4,66
2022-03-31,5,67
2022-03-31,6,71
2022-03-31,7,105
2022-03-31,8,114
2022-03-31,9,84
2022-03-31,10,96
2022-03-31,11,100
2022-03-31,12,128
2022-03-31,13,159
2022-03-31,14,128
2022-03-31,15,127
2022-03-31,16,141
2022-03-31,17,128
2022-03-31,18,141
2022-03-31,19,99
2022-03-31,20,114
2022-03-31,21,79
2022-03-31,22,53
2022-03-31,23,75
2022-04-01,0,70
2022-04-01,1,39
2022-04-01,2,66
2022-04-01,3,72
2022-04-01,4,101
2022-04-01,5,110
2022-04-01,6,136
2022-04-01,7,145
2022-04-01,8,137
2022-04-01,9,146
2022-04-01,10,150
2022-04-01,11,110
2022-04-01,12,132
2022-04-01,13,147
2022-04-01,14,163
2022-04-01,15,176
2022-04-01,16,156
2022-04-01,17,167
2022-04-01,18,141
2022-04-01,19,146
2022-04-01,20,151
2022-04-01,21,168
2022-04-01,22,177
2022-04-01,23,179
2022-04-02,0,83
2022-04-02,1,145
2022-04-02,2,88
2022-04-02,3,110
2022-04-02,4,102
2022-04-02,5,153
2022-04-02,6,146
2022-04-02,7,163
2022-04-02,8,85
2022-04-02,9,119
2022-04-02,10,114
2022-04-02,11,136
2022-04-02,12,105
2022-04-02,13,131
2022-04-02,14,93
2022-04-02,15,110
2022-04-02,16,102
2022-04-02,17,127
2022-04-02,18,151
2022-04-02,19,149
2022-04-02,20,128
2022-04-02,21,106
2022-04-02,22,114
2022-04-02,23,105
2022-04-03,0,79
2022-04-03,1,149
2022-04-03,2,127
2022-04-03,3,114
2022-04-03,4,117
2022-04-03,5,88
2022-04-03,6,83
2022-04-03,7,105
2022-04-03,8,115
2022-04-03,9,128
2022-04-03,10,110
2022-04-03,11,128
2022-04-03,12,113
2022-04-03,13,106
2022-04-03,14,142
2022-04-03,15,137
2022-04-03,16,114
2022-04-03,17,115
2022-04-03,18,123
2022-04-03,19,115
2022-04-03,20,115
2022-04-03,21,92
2022-04-03,22,72
2022-04-03,23,96
2022-04-04,0,141
2022-04-04,1,110
2022-04-04,2,115
2022-04-04,3,97
2022-04-04,4,67
2022-04-04,5,58
2022-04-04,6,105
2022-04-04,7,127
2022-04-04,8,96
2022-04-04,9,137
2022-04-04,10,114
2022-04-04,11,114
2022-04-04,12,106
2022-04-04,13,114
2022-04-04,14,111
2022-04-04,15,97
2022-04-04,16,132
2022-04-04,17,145
2022-04-04,18,119
2022-04-04,19,110
2022-04-04,20,79
2022-04-04,21,71
2022-04-04,22,67
2022-04-04,23,88
2022-04-05,0,40
2022-04-05,1,48
2022-04-05,2,36
2022-04-05,3,49
2022-04-05,4,48
2022-04-05,5,88
2022-04-05,6,98
2022-04-05,7,145
2022-04-05,8,101
2022-04-05,9,88
2022-04-05,10,88
2022-04-05,11,97
2022-04-05,12,97
2022-04-05,13,98
2022-04-05,14,96
2022-04-05,15,97
2022-04-05,16,124
2022-04-05,17,97
2022-04-05,18,57
2022-04-05,19,53
2022-04-05,20,48
2022-04-05,21,49
2022-04-05,22,38
2022-04-05,23,57
2022-04-06,0,43
2022-04-06,1,44
2022-04-06,2,36
2022-04-06,3,36
2022-04-06,4,36
2022-04-06,5,62
2022-04-06,6,75
2022-04-06,7,127
2022-04-06,8,133
2022-04-06,9,124
2022-04-06,10,122
2022-04-06,11,112
2022-04-06,12,74
2022-04-06,13,101
2022-04-06,14,111
2022-04-06,15,94
2022-04-06,16,126
2022-04-06,17,93
2022-04-06,18,112
2022-04-06,19,129
2022-04-06,20,177
2022-04-06,21,67
2022-04-06,22,149
2022-04-06,23,66
2022-04-07,0,112
2022-04-07,1,80
2022-04-07,2,58
2022-04-07,3,52
2022-04-07,4,65
2022-04-07,5,85
2022-04-07,6,74
2022-04-07,7,106
2022-04-07,8,120
2022-04-07,9,105
2022-04-07,10,133
2022-04-07,11,120
2022-04-07,12,148
2022-04-07,13,160
2022-04-07,14,151
2022-04-07,15,120
2022-04-07,16,66
2022-04-07,17,92
2022-04-07,18,56
2022-04-07,19,55
2022-04-07,20,111
2022-04-07,21,88
2022-04-07,22,154
2022-04-07,23,153
2022-04-08,0,84
2022-04-08,1,95
2022-04-08,2,114
2022-04-08,3,77
2022-04-08,4,58
2022-04-08,5,80
2022-04-08,6,133
2022-04-08,7,153
2022-04-08,8,149
2022-04-08,9,136
2022-04-08,10,132
2022-04-08,11,147
2022-04-08,12,188
2022-04-08,13,171
2022-04-08,14,196
2022-04-11,7,180
2022-04-11,8,89
2022-04-11,9,130
2022-04-11,10,139
2022-04-11,11,115
2022-04-11,12,118
2022-04-11,13,73
2022-04-11,14,106
2022-04-11,15,111
2022-04-11,16,138
2022-04-11,17,103
2022-04-11,18,93
2022-04-11,19,151
2022-04-11,20,78
2022-04-11,21,69
2022-04-11,22,95
2022-04-11,23,120
2022-04-12,0,86
2022-04-12,1,69
2022-04-12,2,57
2022-04-12,3,52
2022-04-12,4,94
2022-04-12,5,102
2022-04-12,6,87
2022-04-12,7,211
2022-04-12,8,114
2022-04-12,9,71
2022-04-12,10,65
2022-04-12,11,61
2022-04-12,12,57
2022-04-12,13,100
2022-04-12,14,98
2022-04-12,15,116
2022-04-12,16,171
2022-04-12,17,121
2022-04-12,18,57
2022-04-12,19,56
2022-04-12,20,27
2022-04-12,21,20
2022-04-12,22,9
2022-04-12,23,61
2022-04-13,0,39
2022-04-13,1,63
2022-04-13,2,35
2022-04-13,3,35
2022-04-13,4,36
2022-04-13,5,47
2022-04-13,6,66
2022-04-13,7,117
2022-04-13,8,156
2022-04-13,9,123
2022-04-13,10,124
2022-04-13,11,101
2022-04-13,12,83
2022-04-13,13,111
2022-04-13,14,100
2022-04-13,15,103
2022-04-13,16,172
2022-04-13,17,143
2022-04-13,18,163
2022-04-13,19,95
2022-04-13,20,80
2022-04-13,21,100
2022-04-13,22,139
2022-04-13,23,52
2022-04-14,0,137
2022-04-14,1,71
2022-04-14,2,47
2022-04-14,3,57
2022-04-14,4,92
2022-04-14,5,94
2022-04-14,6,109
2022-04-14,7,99
2022-04-14,8,63
2022-04-14,9,60
2022-04-14,10,62
2022-04-14,11,65
2022-04-14,12,124
2022-04-14,13,159
2022-04-14,14,154
2022-04-14,15,178
2022-04-14,16,155
2022-04-14,17,162
2022-04-14,18,139
2022-04-14,19,86
2022-04-14,20,84
2022-04-14,21,81
2022-04-14,22,130
2022-04-14,23,99
2022-04-15,0,29
2022-04-15,1,24
2022-04-15,2,107
2022-04-15,3,87
2022-04-15,4,100
2022-04-15,5,101
2022-04-15,6,120
2022-04-15,7,132
2022-04-15,8,95
2022-04-15,9,144
2022-04-15,10,138
2022-04-15,11,119
2022-04-15,12,142
2022-04-15,13,156
2022-04-15,14,155
2022-04-15,15,137
2022-04-15,16,97
2022-04-15,17,158
2022-04-15,18,152
2022-04-15,19,138
2022-04-15,20,145
2022-04-15,21,153
2022-04-15,22,176
2022-04-15,23,128
2022-04-16,0,87
2022-04-16,1,183
2022-04-16,2,92
2022-04-16,3,61
2022-04-16,4,62
2022-04-16,5,105
2022-04-16,6,134
2022-04-16,7,161
2022-04-16,8,72
2022-04-16,9,152
2022-04-16,10,118
2022-04-16,11,131
2022-04-16,12,110
2022-04-16,13,128
2022-04-16,14,83
2022-04-16,15,98
2022-04-16,16,104
2022-04-16,17,126
2022-04-16,18,183
2022-04-16,19,139
2022-04-16,20,178
2022-04-16,21,136
2022-04-16,22,141
2022-04-16,23,118
2022-04-17,0,129
2022-04-17,1,170
2022-04-17,2,152
2022-04-17,3,121
2022-04-17,4,76
2022-04-17,5,87
2022-04-17,6,142
2022-04-17,7,148
2022-04-17,8,87
2022-04-17,9,111
2022-04-17,10,106
2022-04-17,11,135
2022-04-17,12,110
2022-04-17,13,105
2022-04-17,14,130
2022-04-17,15,140
2022-04-17,16,70
2022-04-17,17,34
2022-04-17,18,52
2022-04-17,19,79
2022-04-17,20,213
2022-04-17,21,101
2022-04-17,22,114
2022-04-17,23,113
2022-04-18,0,132
2022-04-18,1,128
2022-04-18,2,148
2022-04-18,3,142
2022-04-18,4,167
2022-04-18,5,194
2022-04-18,6,75
2022-04-18,7,134
2022-04-18,8,125
2022-04-18,9,177
2022-04-18,10,211
2022-04-18,11,265
2022-04-18,12,138
2022-04-18,13,157
2022-04-18,14,144
2022-04-18,15,86
2022-04-18,16,59
2022-04-18,17,141
2022-04-18,18,129
2022-04-18,19,152
2022-04-18,20,206
2022-04-18,21,112
2022-04-18,22,139
2022-04-18,23,182
2022-04-19,0,40
2022-04-19,1,75
2022-04-19,2,149
2022-04-19,3,68
2022-04-19,4,106
2022-04-19,5,160
2022-04-19,6,170
2022-04-19,7,175
2022-04-19,8,151
2022-04-19,9,102
2022-04-19,10,80
2022-04-19,11,71
2022-04-19,12,66
2022-04-19,13,88
2022-04-19,14,142
2022-04-19,15,183
2022-04-19,16,189
2022-04-19,17,140
2022-04-19,18,222
2022-04-19,19,137
2022-04-19,20,108
2022-04-19,21,70
2022-04-19,22,163
2022-04-19,23,189
2022-04-20,0,184
2022-04-20,1,162
2022-04-20,2,137
2022-04-20,3,2
2022-04-20,4,9
2022-04-20,5,134
2022-04-20,6,151
2022-04-20,7,176
2022-04-20,8,152
2022-04-20,9,269
2022-04-20,10,166
2022-04-20,11,106
2022-04-20,12,101
2022-04-20,13,124
2022-04-20,14,102
2022-04-20,15,105
2022-04-20,16,156
2022-04-20,17,141
2022-04-20,18,111
2022-04-20,19,92
2022-04-20,20,127
2022-04-20,21,102
2022-04-20,22,115
2022-04-20,23,67
2022-04-21,0,97
2022-04-21,1,61
2022-04-21,2,54
2022-04-21,3,67
2022-04-21,4,65
2022-04-21,5,72
2022-04-21,6,75
2022-04-21,7,101
2022-04-21,8,106
2022-04-21,9,88
2022-04-21,10,84
2022-04-21,11,100
2022-04-21,12,128
2022-04-21,13,154
2022-04-21,14,124
2022-04-21,15,123
2022-04-21,16,120
2022-04-21,17,138
2022-04-21,18,110
2022-04-21,19,83
2022-04-21,20,93
2022-04-21,21,71
2022-04-21,22,71
2022-04-21,23,88
2022-04-22,0,57
2022-04-22,1,44
2022-04-22,2,88
2022-04-22,3,100
2022-04-22,4,86
2022-04-22,5,106
2022-04-22,6,125
2022-04-22,7,150
2022-04-22,8,124
2022-04-22,9,159
2022-04-22,10,141
2022-04-22,11,125
2022-04-22,12,145
2022-04-22,13,155
2022-04-22,14,158
2022-04-22,15,160
2022-04-22,16,137
2022-04-22,17,163
2022-04-22,18,159
2022-04-22,19,166
2022-04-22,20,150
2022-04-22,21,176
2022-04-22,22,185
2022-04-22,23,132
2022-04-23,0,75
2022-04-23,1,119
2022-04-23,2,80
2022-04-23,3,79
2022-04-23,4,71
2022-04-23,5,154
2022-04-23,6,154
2022-04-23,7,159
2022-04-23,8,85
2022-04-23,9,140
2022-04-23,10,123
2022-04-23,11,137
2022-04-23,12,97
2022-04-23,13,145
2022-04-23,14,97
2022-04-23,15,110
2022-04-23,16,111
2022-04-23,17,127
2022-04-23,18,159
2022-04-23,19,136
2022-04-23,20,132
2022-04-23,21,119
2022-04-23,22,132
2022-04-23,23,115
2022-04-24,0,88
2022-04-24,1,120
2022-04-24,2,145
2022-04-24,3,132
2022-04-24,4,112
2022-04-24,5,131
2022-04-24,6,119
2022-04-24,7,118
2022-04-24,8,101
2022-04-24,9,114
2022-04-24,10,101
2022-04-24,11,133
2022-04-24,12,115
2022-04-24,13,110
2022-04-24,14,123
2022-04-24,15,141
2022-04-24,16,105
2022-04-24,17,105
2022-04-24,18,119
2022-04-24,19,94
2022-04-24,20,124
2022-04-24,21,97
2022-04-24,22,88
2022-04-24,23,102
2022-04-25,0,149
2022-04-25,1,93
2022-04-25,2,111
2022-04-25,3,106
2022-04-25,4,92
2022-04-25,5,123
2022-04-25,6,101
2022-04-25,7,136
2022-04-25,8,124
2022-04-25,9,150
2022-04-25,10,150
2022-04-25,11,149
2022-04-25,12,106
2022-04-25,13,122
2022-04-25,14,118
2022-04-25,15,101
2022-04-25,16,128
2022-04-25,17,167
2022-04-25,18,128
2022-04-25,19,132
2022-04-25,20,97
2022-04-25,21,85
2022-04-25,22,85
2022-04-25,23,106
2022-04-26,0,53
2022-04-26,1,52
2022-04-26,2,57
2022-04-26,3,44
2022-04-26,4,62
2022-04-26,5,106
2022-04-26,6,110
2022-04-26,7,172
2022-04-26,8,124
2022-04-26,9,88
2022-04-26,10,48
2022-04-26,11,67
2022-04-26,12,55
2022-04-26,13,62
2022-04-26,14,61
2022-04-26,15,85
2022-04-26,16,80
2022-04-26,17,84
2022-04-26,18,49
2022-04-26,19,33
2022-04-26,20,22
2022-04-26,21,31
2022-04-26,22,23
2022-04-26,23,34
2022-04-27,0,62
2022-04-27,1,57
2022-04-27,2,58
2022-04-27,3,7
2022-04-27,4,6
2022-04-27,5,19
2022-04-27,6,55
2022-04-27,7,102
2022-04-27,8,84
2022-04-27,9,60
2022-04-27,10,78
2022-04-27,11,83
2022-04-27,12,108
2022-04-27,13,84
2022-04-27,14,128
2022-04-27,15,176
2022-04-27,16,224
2022-04-27,17,158
2022-04-27,18,78
2022-04-27,19,86
2022-04-27,20,153
2022-04-27,21,100
2022-04-27,22,106
2022-04-27,23,59
2022-04-28,0,97
2022-04-28,1,62
2022-04-28,2,28
2022-04-28,3,54
2022-04-28,4,29
2022-04-28,5,62
2022-04-28,6,50
2022-04-28,7,101
2022-04-28,8,76
2022-04-28,9,50
2022-04-28,10,88
2022-04-28,11,97
2022-04-28,12,104
2022-04-28,13,153
2022-04-28,14,89
2022-04-28,15,87
2022-04-28,16,99
2022-04-28,17,140
2022-04-28,18,114
2022-04-28,19,48
2022-04-28,20,105
2022-04-28,21,84
2022-04-28,22,80
2022-04-28,23,93
2022-04-29,0,66
2022-04-29,1,49
2022-04-29,2,79
2022-04-29,3,79
2022-04-29,4,93
2022-04-29,5,110
2022-04-29,6,124
2022-04-29,7,82
2022-04-29,8,93
2022-04-29,9,91
2022-04-29,10,74
2022-04-29,11,87
2022-04-29,12,74
2022-04-29,13,71
2022-04-29,14,174
2022-04-29,15,227
2022-04-29,16,161
2022-04-29,17,203
2022-04-29,18,137
2022-04-29,19,185
2022-04-29,20,151
2022-04-29,21,172
2022-04-29,22,184
2022-04-29,23,162
2022-04-30,0,83
2022-04-30,1,151
2022-04-30,2,93
2022-04-30,3,97
2022-04-30,4,97
2022-04-30,5,135
2022-04-30,6,151
2022-04-30,7,171
2022-04-30,8,84
2022-04-30,9,118
2022-04-30,10,118
2022-04-30,11,141
2022-04-30,12,106
2022-04-30,13,140
2022-04-30,14,101
2022-04-30,15,124
2022-04-30,16,115
2022-04-30,17,142
2022-04-30,18,164
2022-04-30,19,163
2022-04-30,20,151
2022-04-30,21,132
2022-04-30,22,128
2022-04-30,23,124
2022-05-01,0,86
2022-05-01,1,130
2022-05-01,2,142
2022-05-01,3,123
2022-05-01,4,114
2022-05-01,5,83
2022-05-01,6,98
2022-05-01,7,114
2022-05-01,8,106
2022-05-01,9,123
2022-05-01,10,115
2022-05-01,11,133
2022-05-01,12,119
2022-05-01,13,110
2022-05-01,14,137
2022-05-01,15,145
2022-05-01,16,105
2022-05-01,17,115
2022-05-01,18,120
2022-05-01,19,102
2022-05-01,20,120
2022-05-01,21,98
2022-05-01,22,99
2022-05-01,23,135
2022-05-02,0,170
2022-05-02,1,128
2022-05-02,2,168
2022-05-02,3,130
2022-05-02,4,97
2022-05-02,5,84
2022-05-02,6,83
2022-05-02,7,105
2022-05-02,8,84
2022-05-02,9,123
2022-05-02,10,123
2022-05-02,11,140
2022-05-02,12,106
2022-05-02,13,106
2022-05-02,14,119
2022-05-02,15,89
2022-05-02,16,100
2022-05-02,17,132
2022-05-02,18,115
2022-05-02,19,133
2022-05-02,20,89
2022-05-02,21,85
2022-05-02,22,83
2022-05-02,23,110
2022-05-03,0,49
2022-05-03,1,61
2022-05-03,2,61
2022-05-03,3,47
2022-05-03,4,67
2022-05-03,5,98
2022-05-03,6,101
2022-05-03,7,154
2022-05-03,8,124
2022-05-03,9,88
2022-05-03,10,80
2022-05-03,11,84
2022-05-03,12,76
2022-05-03,13,88
2022-05-03,14,92
2022-05-03,15,115
2022-05-03,16,120
2022-05-03,17,101
2022-05-03,18,79
2022-05-03,19,62
2022-05-03,20,45
2022-05-03,21,45
2022-05-03,22,49
2022-05-03,23,62
2022-05-04,0,57
2022-05-04,1,74
2022-05-04,2,58
2022-05-04,3,26
2022-05-04,4,23
2022-05-04,5,58
2022-05-04,6,80
2022-05-04,7,120
2022-05-04,8,137
2022-05-04,9,132
2022-05-04,10,127
2022-05-04,11,107
2022-05-04,12,93
2022-05-04,13,109
2022-05-04,14,114
2022-05-04,15,115
2022-05-04,16,164
2022-05-04,17,150
2022-05-04,18,111
2022-05-04,19,97
2022-05-04,20,141
2022-05-04,21,101
2022-05-04,22,101
2022-05-04,23,58
2022-05-05,0,83
2022-05-05,1,48
2022-05-05,2,49
2022-05-05,3,55
2022-05-05,4,58
2022-05-05,5,80
2022-05-05,6,75
2022-05-05,7,109
2022-05-05,8,97
2022-05-05,9,75
2022-05-05,10,96
2022-05-05,11,105
2022-05-05,12,115
2022-05-05,13,167
2022-05-05,14,158
2022-05-05,15,128
2022-05-05,16,124
2022-05-05,17,134
2022-05-05,18,110
2022-05-05,19,75
2022-05-05,20,93
2022-05-05,21,71
2022-05-05,22,88
2022-05-05,23,118
2022-05-06,0,66
2022-05-06,1,50
2022-05-06,2,74
2022-05-06,3,79
2022-05-06,4,89
2022-05-06,5,114
2022-05-06,6,124
2022-05-06,7,132
2022-05-06,8,133
2022-05-06,9,141
2022-05-06,10,132
2022-05-06,11,111
2022-05-06,12,129
2022-05-06,13,132
2022-05-06,14,168
2022-05-06,15,172
2022-05-06,16,147
2022-05-06,17,171
2022-05-06,18,158
2022-05-06,19,145
2022-05-06,20,163
2022-05-06,21,171
2022-05-06,22,168
2022-05-06,23,155
2022-05-07,0,101
2022-05-07,1,154
2022-05-07,2,106
2022-05-07,3,96
2022-05-07,4,81
2022-05-07,5,147
2022-05-07,6,128
2022-05-07,7,159
2022-05-07,8,80
2022-05-07,9,122
2022-05-07,10,114
2022-05-07,11,145
2022-05-07,12,102
2022-05-07,13,144
2022-05-07,14,102
2022-05-07,15,115
2022-05-07,16,110
2022-05-07,17,128
2022-05-07,18,159
2022-05-07,19,146
2022-05-07,20,129
2022-05-07,21,128
2022-05-07,22,128
2022-05-07,23,126
2022-05-08,0,97
2022-05-08,1,150
2022-05-08,2,136
2022-05-08,3,137
2022-05-08,4,110
2022-05-08,5,97
2022-05-08,6,93
2022-05-08,7,120
2022-05-08,8,97
2022-05-08,9,111
2022-05-08,10,105
2022-05-08,11,138
2022-05-08,12,123
2022-05-08,13,120
2022-05-08,14,142
2022-05-08,15,145
2022-05-08,16,97
2022-05-08,17,105
2022-05-08,18,110
2022-05-08,19,84
2022-05-08,20,120
2022-05-08,21,89
2022-05-08,22,88
2022-05-08,23,94
2022-05-09,0,149
2022-05-09,1,101
2022-05-09,2,113
2022-05-09,3,141
2022-05-09,4,104
2022-05-09,5,105
2022-05-09,6,101
2022-05-09,7,136
2022-05-09,8,136
2022-05-09,9,162
2022-05-09,10,145
2022-05-09,11,150
2022-05-09,12,115
2022-05-09,13,123
2022-05-09,14,123
2022-05-09,15,101
2022-05-09,16,128
2022-05-09,17,163
2022-05-09,18,111
2022-05-09,19,132
2022-05-09,20,89
2022-05-09,21,85
2022-05-09,22,84
2022-05-09,23,187
2022-05-10,0,49
2022-05-10,1,126
2022-05-10,2,145
2022-05-10,3,44
2022-05-10,4,61
2022-05-10,5,106
2022-05-10,6,110
2022-05-10,7,159
2022-05-10,8,134
2022-05-10,9,84
2022-05-10,10,76
2022-05-10,11,80
2022-05-10,12,80
2022-05-10,13,84
2022-05-10,14,100
2022-05-10,15,122
2022-05-10,16,128
2022-05-10,17,118
2022-05-10,18,83
2022-05-10,19,66
2022-05-10,20,49
2022-05-10,21,49
2022-05-10,22,58
2022-05-10,23,84
2022-05-11,0,62
2022-05-11,1,62
2022-05-11,2,74
2022-05-11,3,36
2022-05-11,4,23
2022-05-11,5,62
2022-05-11,6,84
2022-05-11,7,123
2022-05-11,8,133
2022-05-11,9,142
2022-05-11,10,116
2022-05-11,11,115
2022-05-11,12,102
2022-05-11,13,110
2022-05-11,14,114
2022-05-11,15,123
2022-05-11,16,172
2022-05-11,17,141
2022-05-11,18,105
2022-05-11,19,97
2022-05-11,20,145
2022-05-11,21,105
2022-05-11,22,115
2022-05-11,23,67
2022-05-12,0,97
2022-05-12,1,48
2022-05-12,2,58
2022-05-12,3,54
2022-05-12,4,57
2022-05-12,5,84
2022-05-12,6,80
2022-05-12,7,96
2022-05-12,8,101
2022-05-12,9,79
2022-05-12,10,92
2022-05-12,11,101
2022-05-12,12,124
2022-05-12,13,150
2022-05-12,14,128
2022-05-12,15,127
2022-05-12,16,120
2022-05-12,17,136
2022-05-12,18,115
2022-05-12,19,85
2022-05-12,20,105
2022-05-12,21,72
2022-05-12,22,76
2022-05-12,23,113
2022-05-13,0,70
2022-05-13,1,35
2022-05-13,2,75
2022-05-13,3,67
2022-05-13,4,84
2022-05-13,5,101
2022-05-13,6,133
2022-05-13,7,128
2022-05-13,8,131
2022-05-13,9,128
2022-05-13,10,120
2022-05-13,11,101
2022-05-13,12,124
2022-05-13,13,138
2022-05-13,14,164
2022-05-13,15,164
2022-05-13,16,155
2022-05-13,17,176
2022-05-13,18,168
2022-05-13,19,137
2022-05-13,20,141
2022-05-13,21,172
2022-05-13,22,168
2022-05-13,23,163
2022-05-14,0,91
2022-05-14,1,137
2022-05-14,2,102
2022-05-14,3,80
2022-05-14,4,150
2022-05-14,5,196
2022-05-14,6,141
2022-05-14,7,172
2022-05-14,8,89
2022-05-14,9,137
2022-05-14,10,123
2022-05-14,11,133
2022-05-14,12,97
2022-05-14,13,131
2022-05-14,14,93
2022-05-14,15,110
2022-05-14,16,103
2022-05-14,17,128
2022-05-14,18,154
2022-05-14,19,141
2022-05-14,20,142
2022-05-14,21,128
2022-05-14,22,119
2022-05-14,23,131
2022-05-15,0,92
2022-05-15,1,145
2022-05-15,2,157
2022-05-15,3,145
2022-05-15,4,112
2022-05-15,5,106
2022-05-15,6,98
2022-05-15,7,110
2022-05-15,8,88
2022-05-15,9,110
2022-05-15,10,101
2022-05-15,11,142
2022-05-15,12,128
2022-05-15,13,124
2022-05-15,14,128
2022-05-15,15,149
2022-05-15,16,101
2022-05-15,17,102
2022-05-15,18,118
2022-05-15,19,98
2022-05-15,20,116
2022-05-15,21,84
2022-05-15,22,80
2022-05-15,23,84
2022-05-16,0,128
2022-05-16,1,96
2022-05-16,2,106
2022-05-16,3,114
2022-05-16,4,105
2022-05-16,5,101
2022-05-16,6,101
2022-05-16,7,137
2022-05-16,8,120
2022-05-16,9,150
2022-05-16,10,146
2022-05-16,11,150
2022-05-16,12,108
2022-05-16,13,119
2022-05-16,14,127
2022-05-16,15,105
2022-05-16,16,124
2022-05-16,17,149
2022-05-16,18,120
2022-05-16,19,122
2022-05-16,20,89
2022-05-16,21,80
2022-05-16,22,75
2022-05-16,23,110
2022-05-17,0,50
2022-05-17,1,62
2022-05-17,2,66
2022-05-17,3,52
2022-05-17,4,70
2022-05-17,5,114
2022-05-17,6,106
2022-05-17,7,162
2022-05-17,8,124
2022-05-17,9,88
2022-05-17,10,75
2022-05-17,11,84
2022-05-17,12,76
2022-05-17,13,88
2022-05-17,14,96
2022-05-17,15,119
2022-05-17,16,124
2022-05-17,17,97
2022-05-17,18,79
2022-05-17,19,62
2022-05-17,20,49
2022-05-17,21,49
2022-05-17,22,54
2022-05-17,23,78
2022-05-18,0,66
2022-05-18,1,75
2022-05-18,2,58
2022-05-18,3,26
2022-05-18,4,23
2022-05-18,5,62
2022-05-18,6,88
2022-05-18,7,133
2022-05-18,8,125
2022-05-18,9,132
2022-05-18,10,123
2022-05-18,11,106
2022-05-18,12,108
2022-05-18,13,108
2022-05-18,14,143
2022-05-18,15,133
2022-05-18,16,129
2022-05-18,17,65
2022-05-18,18,41
2022-05-18,19,30
2022-05-18,20,43
2022-05-18,21,55
2022-05-18,22,57
2022-05-18,23,134
2022-05-19,0,84
2022-05-19,1,97
2022-05-19,2,110
2022-05-19,3,84
2022-05-19,4,102
2022-05-19,5,75
2022-05-19,6,77
2022-05-19,7,121
2022-05-19,8,127
2022-05-19,9,84
2022-05-19,10,213
2022-05-19,11,122
2022-05-19,12,127
2022-05-19,13,155
2022-05-19,14,174
2022-05-19,15,152
2022-05-19,16,114
2022-05-19,17,100
2022-05-19,18,62
2022-05-19,19,50
2022-05-19,20,118
2022-05-19,21,80
2022-05-19,22,34
2022-05-19,23,87
2022-05-20,0,37
2022-05-20,1,44
2022-05-20,2,21
2022-05-20,3,62
2022-05-20,4,116
2022-05-20,5,162
2022-05-20,6,145
2022-05-20,7,128
2022-05-20,8,128
2022-05-20,9,119
2022-05-20,10,124
2022-05-20,11,106
2022-05-20,12,119
2022-05-20,13,133
2022-05-20,14,167
2022-05-20,15,165
2022-05-20,16,155
2022-05-20,17,180
2022-05-20,18,154
2022-05-20,19,162
2022-05-20,20,159
2022-05-20,21,181
2022-05-20,22,193
2022-05-20,23,142
2022-05-21,0,83
2022-05-21,1,143
2022-05-21,2,103
2022-05-21,3,97
2022-05-21,4,87
2022-05-21,5,141
2022-05-21,6,138
2022-05-21,7,154
2022-05-21,8,80
2022-05-21,9,127
2022-05-21,10,119
2022-05-21,11,145
2022-05-21,12,105
2022-05-21,13,132
2022-05-21,14,89
2022-05-21,15,109
2022-05-21,16,92
2022-05-21,17,133
2022-05-21,18,159
2022-05-21,19,141
2022-05-21,20,134
2022-05-21,21,119
2022-05-21,22,119
2022-05-21,23,140
2022-05-22,0,101
2022-05-22,1,129
2022-05-22,2,128
2022-05-22,3,123
2022-05-22,4,119
2022-05-22,5,96
2022-05-22,6,106
2022-05-22,7,107
2022-05-22,8,101
2022-05-22,9,131
2022-05-22,10,121
2022-05-22,11,165
2022-05-22,12,150
2022-05-22,13,128
2022-05-22,14,147
2022-05-22,15,141
2022-05-22,16,93
2022-05-22,17,110
2022-05-22,18,118
2022-05-22,19,94
2022-05-22,20,112
2022-05-22,21,93
2022-05-22,22,79
2022-05-22,23,97
2022-05-23,0,101
2022-05-23,1,85
2022-05-23,2,112
2022-05-23,3,93
2022-05-23,4,100
2022-05-23,5,88
2022-05-23,6,106
2022-05-23,7,150
2022-05-23,8,115
2022-05-23,9,150
2022-05-23,10,142
2022-05-23,11,163
2022-05-23,12,110
2022-05-23,13,118
2022-05-23,14,137
2022-05-23,15,105
2022-05-23,16,120
2022-05-23,17,160
2022-05-23,18,132
2022-05-23,19,150
2022-05-23,20,101
2022-05-23,21,98
2022-05-23,22,102
2022-05-23,23,121
2022-05-24,0,53
2022-05-24,1,69
2022-05-24,13,95
2022-05-24,14,105
2022-05-24,15,117
2022-05-24,16,129
2022-05-24,17,118
2022-05-24,18,79
2022-05-24,19,62
2022-05-24,20,53
2022-05-24,21,53
2022-05-24,22,71
2022-05-24,23,100
2022-05-25,0,62
2022-05-25,1,66
2022-05-25,2,76
2022-05-25,3,36
2022-05-25,4,22
2022-05-25,5,66
2022-05-25,6,80
2022-05-25,7,124
2022-05-25,8,132
2022-05-25,9,141
2022-05-25,10,124
2022-05-25,11,115
2022-05-25,12,111
2022-05-25,13,111
2022-05-25,14,129
2022-05-25,15,124
2022-05-25,16,155
2022-05-25,17,133
2022-05-25,18,93
2022-05-25,19,96
2022-05-25,20,118
2022-05-25,21,101
2022-05-25,22,100
2022-05-25,23,75
2022-05-26,0,88
2022-05-26,1,48
2022-05-26,2,50
2022-05-26,3,58
2022-05-26,4,57
2022-05-26,5,84
2022-05-26,6,79
2022-05-26,7,114
2022-05-26,8,111
2022-05-26,9,84
2022-05-26,10,101
2022-05-26,11,105
2022-05-26,12,132
2022-05-26,13,167
2022-05-26,14,138
2022-05-26,15,133
2022-05-26,16,133
2022-05-26,17,172
2022-05-26,18,124
2022-05-26,19,89
2022-05-26,20,118
2022-05-26,21,88
2022-05-26,22,93
2022-05-26,23,122
2022-05-27,0,71
2022-05-27,1,39
2022-05-27,2,83
2022-05-27,3,71
2022-05-27,4,97
2022-05-27,5,113
2022-05-27,6,132
2022-05-27,7,128
2022-05-27,8,123
2022-05-27,9,119
2022-05-27,10,141
2022-05-27,11,106
2022-05-27,12,132
2022-05-27,13,133
2022-05-27,14,168
2022-05-27,15,180
2022-05-27,16,159
2022-05-27,17,184
2022-05-27,18,163
2022-05-27,19,150
2022-05-27,20,176
2022-05-27,21,190
2022-05-27,22,181
2022-05-27,23,150
2022-05-28,0,87
2022-05-28,1,134
2022-05-28,2,98
2022-05-28,3,84
2022-05-28,4,80
2022-05-28,5,143
2022-05-28,6,154
2022-05-28,7,159
2022-05-28,8,90
2022-05-28,9,123
2022-05-28,10,110
2022-05-28,11,136
2022-05-28,12,107
2022-05-28,13,141
2022-05-28,14,97
2022-05-28,15,111
2022-05-28,16,110
2022-05-28,17,137
2022-05-28,18,154
2022-05-28,19,137
2022-05-28,20,138
2022-05-28,21,131
2022-05-28,22,133
2022-05-28,23,122
2022-05-29,0,89
2022-05-29,1,146
2022-05-29,2,145
2022-05-29,3,121
2022-05-29,4,132
2022-05-29,5,85
2022-05-29,6,94
2022-05-29,7,114
2022-05-29,8,97
2022-05-29,9,123
2022-05-29,10,106
2022-05-29,11,137
2022-05-29,12,131
2022-05-29,13,115
2022-05-29,14,142
2022-05-29,15,159
2022-05-29,16,97
2022-05-29,17,116
2022-05-29,18,114
2022-05-29,19,97
2022-05-29,20,112
2022-05-29,21,97
2022-05-29,22,80
2022-05-29,23,92
2022-05-30,0,145
2022-05-30,1,92
2022-05-30,2,119
2022-05-30,3,102
2022-05-30,4,92
2022-05-30,5,84
2022-05-30,6,101
2022-05-30,7,145
2022-05-30,8,110
2022-05-30,9,154
2022-05-30,10,150
2022-05-30,11,155
2022-05-30,12,115
2022-05-30,13,118
2022-05-30,14,119
2022-05-30,15,106
2022-05-30,16,116
2022-05-30,17,159
2022-05-30,18,128
2022-05-30,19,136
2022-05-30,20,101
2022-05-30,21,102
2022-05-30,22,101
2022-05-30,23,129
2022-05-31,0,66
2022-05-31,1,53
2022-05-31,2,71
2022-05-31,3,54
2022-05-31,4,66
2022-05-31,5,97
2022-05-31,6,106
2022-05-31,7,158
2022-05-31,8,124
2022-05-31,9,88
2022-05-31,10,76
2022-05-31,11,82
2022-05-31,12,84
2022-05-31,13,84
2022-05-31,14,96
2022-05-31,15,115
2022-05-31,16,141
2022-05-31,17,118
2022-05-31,18,117
2022-05-31,19,62
2022-05-31,20,49
2022-05-31,21,48
2022-05-31,22,63
2022-05-31,23,75
2022-06-01,0,57
2022-06-01,1,74
2022-06-01,2,67
2022-06-01,3,31
2022-06-01,4,23
2022-06-01,5,57
2022-06-01,6,92
2022-06-01,7,120
2022-06-01,8,138
2022-06-01,9,132
2022-06-01,10,119
2022-06-01,11,107
2022-06-01,12,114
2022-06-01,13,114
2022-06-01,14,119
2022-06-01,15,128
2022-06-01,16,155
2022-06-01,17,146
2022-06-01,18,106
2022-06-01,19,80
2022-06-01,20,119
2022-06-01,21,98
2022-06-01,22,124
2022-06-01,23,106
2022-06-02,0,129
2022-06-02,1,71
2022-06-02,2,70
2022-06-02,3,72
2022-06-02,4,56
2022-06-02,5,80
2022-06-02,6,67
2022-06-02,7,84
2022-06-02,8,80
2022-06-02,9,75
2022-06-02,10,97
2022-06-02,11,100
2022-06-02,12,115
2022-06-02,13,163
2022-06-02,14,137
2022-06-02,15,118
2022-06-02,16,110
2022-06-02,17,101
2022-06-02,18,105
2022-06-02,19,76
2022-06-02,20,114
2022-06-02,21,84
2022-06-02,22,88
2022-06-02,23,119
2022-06-03,0,85
2022-06-03,1,66
2022-06-03,2,83
2022-06-03,3,108
2022-06-03,4,99
2022-06-03,5,117
2022-06-03,6,132
2022-06-03,7,109
2022-06-03,8,106
2022-06-03,9,123
2022-06-03,10,125
2022-06-03,11,122
2022-06-03,12,124
2022-06-03,13,116
2022-06-03,14,145
2022-06-03,15,156
2022-06-03,16,117
2022-06-03,17,155
2022-06-03,18,132
2022-06-03,19,132
2022-06-03,20,145
2022-06-03,21,167
2022-06-03,22,172
2022-06-03,23,145
2022-06-04,0,84
2022-06-04,1,140
2022-06-04,2,85
2022-06-04,3,89
2022-06-04,4,93
2022-06-04,5,149
2022-06-04,6,137
2022-06-04,7,151
2022-06-04,8,80
2022-06-04,9,123
2022-06-04,10,110
2022-06-04,11,132
2022-06-04,12,101
2022-06-04,13,128
2022-06-04,14,89
2022-06-04,15,101
2022-06-04,16,101
2022-06-04,17,123
2022-06-04,18,150
2022-06-04,19,136
2022-06-04,20,138
2022-06-04,21,132
2022-06-04,22,123
2022-06-04,23,123
2022-06-05,0,97
2022-06-05,1,138
2022-06-05,2,128
2022-06-05,3,124
2022-06-05,4,122
2022-06-05,5,83
2022-06-05,6,102
2022-06-05,7,114
2022-06-05,8,93
2022-06-05,9,114
2022-06-05,10,97
2022-06-05,11,134
2022-06-05,12,123
2022-06-05,13,116
2022-06-05,14,129
2022-06-05,15,146
2022-06-05,16,106
2022-06-05,17,105
2022-06-05,18,123
2022-06-05,19,93
2022-06-05,20,124
2022-06-05,21,102
2022-06-05,22,88
2022-06-05,23,94
2022-06-06,0,145
2022-06-06,1,101
2022-06-06,2,119
2022-06-06,3,111
2022-06-06,4,105
2022-06-06,5,92
2022-06-06,6,101
2022-06-06,7,128
2022-06-06,8,102
2022-06-06,9,141
2022-06-06,10,150
2022-06-06,11,140
2022-06-06,12,102
2022-06-06,13,114
2022-06-06,14,119
2022-06-06,15,97
2022-06-06,16,115
2022-06-06,17,144
2022-06-06,18,119
2022-06-06,19,128
2022-06-06,20,89
2022-06-06,21,89
2022-06-06,22,89
2022-06-06,23,104
2022-06-07,0,53
2022-06-07,1,57
2022-06-07,2,66
2022-06-07,3,53
2022-06-07,4,66
2022-06-07,5,123
2022-06-07,6,109
2022-06-07,7,145
2022-06-07,8,123
2022-06-07,9,84
2022-06-07,10,72
2022-06-07,11,80
2022-06-07,12,76
2022-06-07,13,88
2022-06-07,14,97
2022-06-07,15,110
2022-06-07,16,127
2022-06-07,17,110
2022-06-07,18,88
2022-06-07,19,62
2022-06-07,20,49
2022-06-07,21,49
2022-06-07,22,57
2022-06-07,23,70
2022-06-08,0,71
2022-06-08,1,70
2022-06-08,2,62
2022-06-08,3,26
2022-06-08,4,28
2022-06-08,5,62
2022-06-08,6,84
2022-06-08,7,129
2022-06-08,8,137
2022-06-08,9,137
2022-06-08,10,123
2022-06-08,11,96
2022-06-08,12,110
2022-06-08,13,106
2022-06-08,14,122
2022-06-08,15,125
2022-06-08,16,141
2022-06-08,17,127
2022-06-08,18,87
2022-06-08,19,80
2022-06-08,20,119
2022-06-08,21,88
2022-06-08,22,96
2022-06-08,23,70
2022-06-09,0,92
2022-06-09,1,57
2022-06-09,2,45
2022-06-09,3,67
2022-06-09,4,61
2022-06-09,5,80
2022-06-09,6,79
2022-06-09,7,114
2022-06-09,8,114
2022-06-09,9,84
2022-06-09,10,101
2022-06-09,11,96
2022-06-09,12,123
2022-06-09,13,151
2022-06-09,14,124
2022-06-09,15,132
2022-06-09,16,124
2022-06-09,17,124
2022-06-09,18,105
2022-06-09,19,79
2022-06-09,20,109
2022-06-09,21,80
2022-06-09,22,67
2022-06-09,23,89
2022-06-10,0,57
2022-06-10,1,49
2022-06-10,2,75
2022-06-10,3,82
2022-06-10,4,96
2022-06-10,5,128
2022-06-10,6,137
2022-06-10,7,136
2022-06-10,8,114
2022-06-10,9,129
2022-06-10,10,124
2022-06-10,11,114
2022-06-10,12,136
2022-06-10,13,138
2022-06-10,14,168
2022-06-10,15,176
2022-06-10,16,147
2022-06-10,17,168
2022-06-10,18,150
2022-06-10,19,145
2022-06-10,20,150
2022-06-10,21,172
2022-06-10,22,156
2022-06-10,23,133
2022-06-11,0,75
2022-06-11,1,124
2022-06-11,2,85
2022-06-11,3,71
2022-06-11,4,88
2022-06-11,5,149
2022-06-11,6,141
2022-06-11,7,168
2022-06-11,8,84
2022-06-11,9,118
2022-06-11,10,118
2022-06-11,11,151
2022-06-11,12,110
2022-06-11,13,147
2022-06-11,14,102
2022-06-11,15,115
2022-06-11,16,111
2022-06-11,17,133
2022-06-11,18,155
2022-06-11,19,146
2022-06-11,20,129
2022-06-11,21,125
2022-06-11,22,136
2022-06-11,23,113
2022-06-12,0,97
2022-06-12,1,129
2022-06-12,2,137
2022-06-12,3,136
2022-06-12,4,114
2022-06-12,5,85
2022-06-12,6,102
2022-06-12,7,114
2022-06-12,8,97
2022-06-12,9,110
2022-06-12,10,97
2022-06-12,11,133
2022-06-12,12,123
2022-06-12,13,111
2022-06-12,14,146
2022-06-12,15,151
2022-06-12,16,105
2022-06-12,17,110
2022-06-12,18,114
2022-06-12,19,103
2022-06-12,20,120
2022-06-12,21,92
2022-06-12,22,80
2022-06-12,23,93
2022-06-13,0,136
2022-06-13,1,96
2022-06-13,2,115
2022-06-13,3,110
2022-06-13,4,101
2022-06-13,5,84
2022-06-13,6,106
2022-06-13,7,137
2022-06-13,8,107
2022-06-13,9,141
2022-06-13,10,141
2022-06-13,11,154
2022-06-13,12,102
2022-06-13,13,123
2022-06-13,14,119
2022-06-13,15,101
2022-06-13,16,120
2022-06-13,17,154
2022-06-13,18,119
2022-06-13,19,136
2022-06-13,20,93
2022-06-13,21,80
2022-06-13,22,88
2022-06-13,23,98
2022-06-14,0,57
2022-06-14,1,70
2022-06-14,2,65
2022-06-14,3,52
2022-06-14,4,70
2022-06-14,5,122
2022-06-14,6,110
2022-06-14,7,158
2022-06-14,8,119
2022-06-14,9,88
2022-06-14,10,76
2022-06-14,11,79
2022-06-14,12,76
2022-06-14,13,84
2022-06-14,14,89
2022-06-14,15,119
2022-06-14,16,124
2022-06-14,17,118
2022-06-14,18,87
2022-06-14,19,62
2022-06-14,20,45
2022-06-14,21,48
2022-06-14,22,71
2022-06-14,23,88
2022-06-15,0,58
2022-06-15,1,70
2022-06-15,2,53
2022-06-15,3,27
2022-06-15,4,35
2022-06-15,5,58
2022-06-15,6,84
2022-06-15,7,124
2022-06-15,8,123
2022-06-15,9,140
2022-06-15,10,128
2022-06-15,11,111
2022-06-15,12,101
2022-06-15,13,109
2022-06-15,14,118
2022-06-15,15,116
2022-06-15,16,159
2022-06-15,17,132
2022-06-15,18,88
2022-06-15,19,84
2022-06-15,20,119
2022-06-15,21,88
2022-06-15,22,93
2022-06-15,23,78
2022-06-16,0,104
2022-06-16,1,57
2022-06-16,2,54
2022-06-16,3,54
2022-06-16,4,58
2022-06-16,5,71
2022-06-16,6,80
2022-06-16,7,110
2022-06-16,8,106
2022-06-16,9,88
2022-06-16,10,97
2022-06-16,11,101
2022-06-16,12,133
2022-06-16,13,162
2022-06-16,14,133
2022-06-16,15,119
2022-06-16,16,128
2022-06-16,17,119
2022-06-16,18,105
2022-06-16,19,80
2022-06-16,20,105
2022-06-16,21,80
2022-06-16,22,71
2022-06-16,23,101
2022-06-17,0,66
2022-06-17,1,39
2022-06-17,2,79
2022-06-17,3,71
2022-06-17,4,101
2022-06-17,5,118
2022-06-17,6,133
2022-06-17,7,128
2022-06-17,8,133
2022-06-17,9,138
2022-06-17,10,132
2022-06-17,11,119
2022-06-17,12,128
2022-06-17,13,146
2022-06-17,14,164
2022-06-17,15,177
2022-06-17,16,135
2022-06-17,17,180
2022-06-17,18,150
2022-06-17,19,145
2022-06-17,20,151
2022-06-17,21,167
2022-06-17,22,188
2022-06-17,23,175
2022-06-18,0,92
2022-06-18,1,149
2022-06-18,2,97
2022-06-18,3,87
2022-06-18,4,93
2022-06-18,5,153
2022-06-18,6,145
2022-06-18,7,159
2022-06-18,8,80
2022-06-18,9,131
2022-06-18,10,114
2022-06-18,11,151
2022-06-18,12,93
2022-06-18,13,141
2022-06-18,14,92
2022-06-18,15,106
2022-06-18,16,101
2022-06-18,17,133
2022-06-18,18,155
2022-06-18,19,141
2022-06-18,20,137
2022-06-18,21,123
2022-06-18,22,119
2022-06-18,23,117
2022-06-19,0,97
2022-06-19,1,133
2022-06-19,2,128
2022-06-19,3,115
2022-06-19,4,124
2022-06-19,5,97
2022-06-19,6,110
2022-06-19,7,119
2022-06-19,8,105
2022-06-19,9,123
2022-06-19,10,101
2022-06-19,11,134
2022-06-19,12,123
2022-06-19,13,124
2022-06-19,14,138
2022-06-19,15,150
2022-06-19,16,105
2022-06-19,17,110
2022-06-19,18,123
2022-06-19,19,101
2022-06-19,20,124
2022-06-19,21,89
2022-06-19,22,88
2022-06-19,23,92
2022-06-20,0,140
2022-06-20,1,101
2022-06-20,2,119
2022-06-20,3,114
2022-06-20,4,96
2022-06-20,5,93
2022-06-20,6,97
2022-06-20,7,141
2022-06-20,8,115
2022-06-20,9,141
2022-06-20,10,145
2022-06-20,11,146
2022-06-20,12,106
2022-06-20,13,110
2022-06-20,14,124
2022-06-20,15,97
2022-06-20,16,115
2022-06-20,17,154
2022-06-20,18,123
2022-06-20,19,128
2022-06-20,20,89
2022-06-20,21,89
2022-06-20,22,79
2022-06-20,23,111
2022-06-21,0,49
2022-06-21,1,66
2022-06-21,2,71
2022-06-21,3,56
2022-06-21,4,61
2022-06-21,5,105
2022-06-21,6,110
2022-06-21,7,159
2022-06-21,8,119
2022-06-21,9,84
2022-06-21,10,76
2022-06-21,11,84
2022-06-21,12,76
2022-06-21,13,84
2022-06-21,14,97
2022-06-21,15,119
2022-06-21,16,137
2022-06-21,17,118
2022-06-21,18,88
2022-06-21,19,62
2022-06-21,20,49
2022-06-21,21,53
2022-06-21,22,49
2022-06-21,23,66
2022-06-22,0,62
2022-06-22,1,75
2022-06-22,2,66
2022-06-22,3,28
2022-06-22,4,22
2022-06-22,5,70
2022-06-22,6,84
2022-06-22,7,128
2022-06-22,8,124
2022-06-22,9,132
2022-06-22,10,123
2022-06-22,11,106
2022-06-22,12,106
2022-06-22,13,111
2022-06-22,14,127
2022-06-22,15,130
2022-06-22,16,169
2022-06-22,17,212
2022-06-22,18,124
2022-06-22,19,173
2022-06-22,20,184
2022-06-22,21,144
2022-06-22,22,168
2022-06-22,23,231
2022-06-23,0,121
2022-06-23,1,72
2022-06-23,2,37
2022-06-23,3,114
2022-06-23,4,56
2022-06-23,5,71
2022-06-23,6,80
2022-06-23,7,118
2022-06-23,8,105
2022-06-23,9,89
2022-06-23,10,101
2022-06-23,11,104
2022-06-23,12,126
2022-06-23,13,146
2022-06-23,14,133
2022-06-23,15,131
2022-06-23,16,132
2022-06-23,17,128
2022-06-23,18,106
2022-06-23,19,76
2022-06-23,20,106
2022-06-23,21,84
2022-06-23,22,67
2022-06-23,23,88
2022-06-24,0,88
2022-06-24,1,45
2022-06-24,2,74
2022-06-24,3,63
2022-06-24,4,102
2022-06-24,5,152
2022-06-24,6,133
2022-06-24,7,153
2022-06-24,8,133
2022-06-24,9,136
2022-06-24,10,123
2022-06-24,11,110
2022-06-24,12,137
2022-06-24,13,141
2022-06-24,14,164
2022-06-24,15,169
2022-06-24,16,134
2022-06-24,17,171
2022-06-24,18,150
2022-06-24,19,146
2022-06-24,20,146
2022-06-24,21,168
2022-06-24,22,164
2022-06-24,23,132
2022-06-25,0,87
2022-06-25,1,133
2022-06-25,2,101
2022-06-25,3,80
2022-06-25,4,81
2022-06-25,5,145
2022-06-25,6,133
2022-06-25,7,168
2022-06-25,8,84
2022-06-25,9,145
2022-06-25,10,118
2022-06-25,11,155
2022-06-25,12,112
2022-06-25,13,158
2022-06-25,14,97
2022-06-25,15,114
2022-06-25,16,115
2022-06-25,17,123
2022-06-25,18,168
2022-06-25,19,146
2022-06-25,20,137
2022-06-25,21,136
2022-06-25,22,119
2022-06-25,23,99
2022-06-26,0,81
2022-06-26,1,137
2022-06-26,2,127
2022-06-26,3,160
2022-06-26,4,119
2022-06-26,5,79
2022-06-26,6,98
2022-06-26,7,119
2022-06-26,8,102
2022-06-26,9,123
2022-06-26,10,93
2022-06-26,11,138
2022-06-26,12,136
2022-06-26,13,142
2022-06-26,14,155
2022-06-26,15,177
2022-06-26,16,110
2022-06-26,17,115
2022-06-26,18,123
2022-06-26,19,97
2022-06-26,20,124
2022-06-26,21,97
2022-06-26,22,92
2022-06-26,23,119
2022-06-27,0,148
2022-06-27,1,102
2022-06-27,2,124
2022-06-27,3,101
2022-06-27,4,92
2022-06-27,5,107
2022-06-27,6,97
2022-06-27,7,136
2022-06-27,8,98
2022-06-27,9,137
2022-06-27,10,153
2022-06-27,11,145
2022-06-27,12,101
2022-06-27,13,114
2022-06-27,14,119
2022-06-27,15,101
2022-06-27,16,115
2022-06-27,17,136
2022-06-27,18,119
2022-06-27,19,127
2022-06-27,20,102
2022-06-27,21,88
2022-06-27,22,88
2022-06-27,23,102
2022-06-28,0,57
2022-06-28,1,53
2022-06-28,2,66
2022-06-28,3,47
2022-06-28,4,61
2022-06-28,5,101
2022-06-28,6,102
2022-06-28,7,150
2022-06-28,8,110
2022-06-28,9,88
2022-06-28,10,68
2022-06-28,11,80
2022-06-28,12,68
2022-06-28,13,88
2022-06-28,14,97
2022-06-28,15,111
2022-06-28,16,128
2022-06-28,17,109
2022-06-28,18,92
2022-06-28,19,66
2022-06-28,20,53
2022-06-28,21,53
2022-06-28,22,48
2022-06-28,23,83
2022-06-29,0,74
2022-06-29,1,86
2022-06-29,2,71
2022-06-29,3,27
2022-06-29,4,19
2022-06-29,5,65
2022-06-29,6,77
2022-06-29,7,123
2022-06-29,8,110
2022-06-29,9,128
2022-06-29,10,119
2022-06-29,11,102
2022-06-29,12,105
2022-06-29,13,105
2022-06-29,14,115
2022-06-29,15,132
2022-06-29,16,168
2022-06-29,17,197
2022-06-29,18,124
2022-06-29,19,67
2022-06-29,20,107
2022-06-29,21,97
2022-06-29,22,110
2022-06-29,23,79
2022-06-30,0,111
2022-06-30,1,88
2022-06-30,2,66
2022-06-30,3,84
2022-06-30,4,80
2022-06-30,5,80
2022-06-30,6,83
2022-06-30,7,106
2022-06-30,8,96
2022-06-30,9,84
2022-06-30,10,101
2022-06-30,11,105
2022-06-30,12,128
2022-06-30,13,146
2022-06-30,14,137
2022-06-30,15,114
2022-06-30,16,123
2022-06-30,17,116
2022-06-30,18,102
2022-06-30,19,79
2022-06-30,20,122
2022-06-30,21,80
2022-06-30,22,72
2022-06-30,23,85
2022-07-01,0,58
2022-07-01,1,49
2022-07-01,2,79
2022-07-01,3,83
2022-07-01,4,97
2022-07-01,5,119
2022-07-01,6,137
2022-07-01,7,132
2022-07-01,8,123
2022-07-01,9,123
2022-07-01,10,129
2022-07-01,11,110
2022-07-01,12,132
2022-07-01,13,133
2022-07-01,14,168
2022-07-01,15,164
2022-07-01,16,142
2022-07-01,17,155
2022-07-01,18,142
2022-07-01,19,149
2022-07-01,20,154
2022-07-01,21,167
2022-07-01,22,159
2022-07-01,23,124
2022-07-02,0,83
2022-07-02,1,128
2022-07-02,2,115
2022-07-02,3,79
2022-07-02,4,84
2022-07-02,5,159
2022-07-02,6,145
2022-07-02,7,164
2022-07-02,8,84
2022-07-02,9,123
2022-07-02,10,114
2022-07-02,11,127
2022-07-02,12,102
2022-07-02,13,136
2022-07-02,14,101
2022-07-02,15,111
2022-07-02,16,102
2022-07-02,17,119
2022-07-02,18,154
2022-07-02,19,141
2022-07-02,20,134
2022-07-02,21,118
2022-07-02,22,115
2022-07-02,23,111
2022-07-03,0,89
2022-07-03,1,142
2022-07-03,2,141
2022-07-03,3,115
2022-07-03,4,119
2022-07-03,5,89
2022-07-03,6,98
2022-07-03,7,114
2022-07-03,8,97
2022-07-03,9,110
2022-07-03,10,101
2022-07-03,11,137
2022-07-03,12,123
2022-07-03,13,115
2022-07-03,14,128
2022-07-03,15,145
2022-07-03,16,97
2022-07-03,17,104
2022-07-03,18,118
2022-07-03,19,98
2022-07-03,20,127
2022-07-03,21,93
2022-07-03,22,88
2022-07-03,23,93
2022-07-04,0,123
2022-07-04,1,98
2022-07-04,2,115
2022-07-04,3,106
2022-07-04,4,109
2022-07-04,5,96
2022-07-04,6,97
2022-07-04,7,132
2022-07-04,8,105
2022-07-04,9,133
2022-07-04,10,145
2022-07-04,11,133
2022-07-04,12,106
2022-07-04,13,110
2022-07-04,14,119
2022-07-04,15,101
2022-07-04,16,115
2022-07-04,17,144
2022-07-04,18,115
2022-07-04,19,136
2022-07-04,20,93
2022-07-04,21,88
2022-07-04,22,80
2022-07-04,23,115
2022-07-05,0,49
2022-07-05,1,66
2022-07-05,2,63
2022-07-05,3,44
2022-07-05,4,61
2022-07-05,5,106
2022-07-05,6,106
2022-07-05,7,147
2022-07-05,8,114
2022-07-05,9,84
2022-07-05,10,67
2022-07-05,11,76
2022-07-05,12,71
2022-07-05,13,75
2022-07-05,14,105
2022-07-05,15,101
2022-07-05,16,124
2022-07-05,17,105
2022-07-05,18,79
2022-07-05,19,66
2022-07-05,20,49
2022-07-05,21,40
2022-07-05,22,58
2022-07-05,23,66
2022-07-06,0,74
2022-07-06,1,70
2022-07-06,2,70
2022-07-06,3,27
2022-07-06,4,22
2022-07-06,5,58
2022-07-06,6,76
2022-07-06,7,136
2022-07-06,8,120
2022-07-06,9,120
2022-07-06,10,123
2022-07-06,11,101
2022-07-06,12,101
2022-07-06,13,102
2022-07-06,14,123
2022-07-06,15,115
2022-07-06,16,155
2022-07-06,17,123
2022-07-06,18,88
2022-07-06,19,85
2022-07-06,20,136
2022-07-06,21,93
2022-07-06,22,97
2022-07-06,23,84
2022-07-07,0,70
2022-07-07,1,48
2022-07-07,2,44
2022-07-07,3,58
2022-07-07,4,57
2022-07-07,5,80
2022-07-07,6,71
2022-07-07,7,110
2022-07-07,8,98
2022-07-07,9,80
2022-07-07,10,92
2022-07-07,11,88
2022-07-07,12,133
2022-07-07,13,146
2022-07-07,14,137
2022-07-07,15,123
2022-07-07,16,119
2022-07-07,17,115
2022-07-07,18,102
2022-07-07,19,68
2022-07-07,20,105
2022-07-07,21,84
2022-07-07,22,68
2022-07-07,23,84
2022-07-08,0,40
2022-07-08,1,34
2022-07-08,2,85
2022-07-08,3,75
2022-07-08,4,140
2022-07-08,5,110
2022-07-08,6,129
2022-07-08,7,132
2022-07-08,8,119
2022-07-08,9,132
2022-07-08,10,145
2022-07-08,11,114
2022-07-08,12,140
2022-07-08,13,146
2022-07-08,14,172
2022-07-08,15,176
2022-07-08,16,130
2022-07-08,17,163
2022-07-08,18,142
2022-07-08,19,145
2022-07-08,20,154
2022-07-08,21,172
2022-07-08,22,225
2022-07-08,23,154
2022-07-09,0,79
2022-07-09,1,138
2022-07-09,2,102
2022-07-09,3,88
2022-07-09,4,92
2022-07-09,5,145
2022-07-09,6,141
2022-07-09,7,154
2022-07-09,8,84
2022-07-09,9,119
2022-07-09,10,110
2022-07-09,11,127
2022-07-09,12,101
2022-07-09,13,128
2022-07-09,14,93
2022-07-09,15,102
2022-07-09,16,97
2022-07-09,17,115
2022-07-09,18,150
2022-07-09,19,146
2022-07-09,20,146
2022-07-09,21,139
2022-07-09,22,155
2022-07-09,23,111
2022-07-10,0,89
2022-07-10,1,121
2022-07-10,2,111
2022-07-10,3,111
2022-07-10,4,164
2022-07-10,5,163
2022-07-10,6,106
2022-07-10,7,123
2022-07-10,8,110
2022-07-10,9,110
2022-07-10,10,105
2022-07-10,11,129
2022-07-10,12,118
2022-07-10,13,116
2022-07-10,14,134
2022-07-10,15,141
2022-07-10,16,101
2022-07-10,17,114
2022-07-10,18,110
2022-07-10,19,93
2022-07-10,20,137
2022-07-10,21,115
2022-07-10,22,157
2022-07-10,23,207
2022-07-11,0,249
2022-07-11,1,176
2022-07-11,2,127
2022-07-11,3,174
2022-07-11,4,128
2022-07-11,5,88
2022-07-11,6,97
2022-07-11,7,145
2022-07-11,8,100
2022-07-11,9,132
2022-07-11,10,141
2022-07-11,11,137
2022-07-11,12,102
2022-07-11,13,109
2022-07-11,14,115
2022-07-11,15,101
2022-07-11,16,114
2022-07-11,17,140
2022-07-11,18,111
2022-07-11,19,128
2022-07-11,20,102
2022-07-11,21,90
2022-07-11,22,75
2022-07-11,23,106
2022-07-12,0,54
2022-07-12,1,53
2022-07-12,2,57
2022-07-12,3,53
2022-07-12,4,70
2022-07-12,5,101
2022-07-12,6,111
2022-07-12,7,146
2022-07-12,8,123
2022-07-12,9,84
2022-07-12,10,80
2022-07-12,11,80
2022-07-12,12,76
2022-07-12,13,83
2022-07-12,14,93
2022-07-12,15,111
2022-07-12,16,125
2022-07-12,17,106
2022-07-12,18,83
2022-07-12,19,62
2022-07-12,20,49
2022-07-12,21,57
2022-07-12,22,57
2022-07-12,23,66
2022-07-13,0,62
2022-07-13,1,87
2022-07-13,2,67
2022-07-13,3,40
2022-07-13,4,40
2022-07-13,5,58
2022-07-13,6,67
2022-07-13,7,102
2022-07-13,8,106
2022-07-13,9,123
2022-07-13,10,127
2022-07-13,11,103
2022-07-13,12,106
2022-07-13,13,115
2022-07-13,14,113
2022-07-13,15,120
2022-07-13,16,142
2022-07-13,17,132
2022-07-13,18,92
2022-07-13,19,89
2022-07-13,20,129
2022-07-13,21,97
2022-07-13,22,128
2022-07-13,23,105
2022-07-14,0,71
2022-07-14,1,49
2022-07-14,2,44
2022-07-14,3,76
2022-07-14,4,61
2022-07-14,5,71
2022-07-14,6,75
2022-07-14,7,96
2022-07-14,8,97
2022-07-14,9,80
2022-07-14,10,105
2022-07-14,11,105
2022-07-14,12,123
2022-07-14,13,164
2022-07-14,14,137
2022-07-14,15,128
2022-07-14,16,133
2022-07-14,17,129
2022-07-14,18,97
2022-07-14,19,76
2022-07-14,20,114
2022-07-14,21,76
2022-07-14,22,72
2022-07-14,23,82
2022-07-15,0,58
2022-07-15,1,48
2022-07-15,2,66
2022-07-15,3,62
2022-07-15,4,83
2022-07-15,5,109
2022-07-15,6,128
2022-07-15,7,131
2022-07-15,8,132
2022-07-15,9,132
2022-07-15,10,111
2022-07-15,11,101
2022-07-15,12,132
2022-07-15,13,132
2022-07-15,14,162
2022-07-15,15,172
2022-07-15,16,143
2022-07-15,17,167
2022-07-15,18,154
2022-07-15,19,158
2022-07-15,20,158
2022-07-15,21,163
2022-07-15,22,176
2022-07-15,23,116
2022-07-16,0,71
2022-07-16,1,124
2022-07-16,2,97
2022-07-16,3,84
2022-07-16,4,85
2022-07-16,5,158
2022-07-16,6,145
2022-07-16,7,171
2022-07-16,8,85
2022-07-16,9,131
2022-07-16,10,114
2022-07-16,11,140
2022-07-16,12,97
2022-07-16,13,127
2022-07-16,14,105
2022-07-16,15,114
2022-07-16,16,100
2022-07-16,17,123
2022-07-16,18,146
2022-07-16,19,140
2022-07-16,20,132
2022-07-16,21,123
2022-07-16,22,110
2022-07-16,23,118
2022-07-17,0,84
2022-07-17,1,138
2022-07-17,2,132
2022-07-17,3,132
2022-07-17,4,123
2022-07-17,5,80
2022-07-17,6,102
2022-07-17,7,102
2022-07-17,8,93
2022-07-17,9,119
2022-07-17,10,97
2022-07-17,11,128
2022-07-17,12,127
2022-07-17,13,111
2022-07-17,14,146
2022-07-17,15,150
2022-07-17,16,97
2022-07-17,17,101
2022-07-17,18,111
2022-07-17,19,97
2022-07-17,20,120
2022-07-17,21,93
2022-07-17,22,80
2022-07-17,23,93
2022-07-18,0,172
2022-07-18,1,90
2022-07-18,2,124
2022-07-18,3,111
2022-07-18,4,89
2022-07-18,5,84
2022-07-18,6,97
2022-07-18,7,127
2022-07-18,8,96
2022-07-18,9,141
2022-07-18,10,141
2022-07-18,11,145
2022-07-18,12,102
2022-07-18,13,110
2022-07-18,14,119
2022-07-18,15,97
2022-07-18,16,115
2022-07-18,17,141
2022-07-18,18,111
2022-07-18,19,131
2022-07-18,20,106
2022-07-18,21,93
2022-07-18,22,114
2022-07-18,23,128
2022-07-19,0,70
2022-07-19,1,92
2022-07-19,2,88
2022-07-19,3,70
2022-07-19,4,98
2022-07-19,5,125
2022-07-19,6,102
2022-07-19,7,145
2022-07-19,8,119
2022-07-19,9,76
2022-07-19,10,76
2022-07-19,11,76
2022-07-19,12,68
2022-07-19,13,88
2022-07-19,14,101
2022-07-19,15,111
2022-07-19,16,124
2022-07-19,17,97
2022-07-19,18,75
2022-07-19,19,62
2022-07-19,20,45
2022-07-19,21,41
2022-07-19,22,63
2022-07-19,23,79
2022-07-20,0,74
2022-07-20,1,88
2022-07-20,2,66
2022-07-20,3,44
2022-07-20,4,48
2022-07-20,5,66
2022-07-20,6,80
2022-07-20,7,125
2022-07-20,8,124
2022-07-20,9,132
2022-07-20,10,123
2022-07-20,11,106
2022-07-20,12,102
2022-07-20,13,109
2022-07-20,14,127
2022-07-20,15,111
2022-07-20,16,159
2022-07-20,17,154
2022-07-20,18,92
2022-07-20,19,89
2022-07-20,20,132
2022-07-20,21,88
2022-07-20,22,102
2022-07-20,23,109
2022-07-21,0,93
2022-07-21,1,66
2022-07-21,2,54
2022-07-21,3,67
2022-07-21,4,67
2022-07-21,5,79
2022-07-21,6,71
2022-07-21,7,102
2022-07-21,8,92
2022-07-21,9,84
2022-07-21,10,102
2022-07-21,11,101
2022-07-21,12,136
2022-07-21,13,162
2022-07-21,14,128
2022-07-21,15,124
2022-07-21,16,128
2022-07-21,17,132
2022-07-21,18,101
2022-07-21,19,76
2022-07-21,20,101
2022-07-21,21,70
2022-07-21,22,76
2022-07-21,23,80
2022-07-22,0,57
2022-07-22,1,48
2022-07-22,2,66
2022-07-22,3,66
2022-07-22,4,84
2022-07-22,5,105
2022-07-22,6,120
2022-07-22,7,141
2022-07-22,8,132
2022-07-22,9,128
2022-07-22,10,124
2022-07-22,11,118
2022-07-22,12,137
2022-07-22,13,140
2022-07-22,14,160
2022-07-22,15,172
2022-07-22,16,151
2022-07-22,17,180
2022-07-22,18,150
2022-07-22,19,149
2022-07-22,20,141
2022-07-22,21,168
2022-07-22,22,150
2022-07-22,23,119
2022-07-23,0,71
2022-07-23,1,123
2022-07-23,2,89
2022-07-23,3,80
2022-07-23,4,75
2022-07-23,5,151
2022-07-23,6,137
2022-07-23,7,158
2022-07-23,8,84
2022-07-23,9,122
2022-07-23,10,114
2022-07-23,11,136
2022-07-23,12,106
2022-07-23,13,142
2022-07-23,14,101
2022-07-23,15,115
2022-07-23,16,105
2022-07-23,17,123
2022-07-23,18,163
2022-07-23,19,142
2022-07-23,20,133
2022-07-23,21,127
2022-07-23,22,110
2022-07-23,23,105
2022-07-24,0,80
2022-07-24,1,124
2022-07-24,2,142
2022-07-24,3,125
2022-07-24,4,159
2022-07-24,5,109
2022-07-24,6,106
2022-07-24,7,115
2022-07-24,8,93
2022-07-24,9,114
2022-07-24,10,97
2022-07-24,11,136
2022-07-24,12,128
2022-07-24,13,107
2022-07-24,14,142
2022-07-24,15,141
2022-07-24,16,101
2022-07-24,17,105
2022-07-24,18,109
2022-07-24,19,94
2022-07-24,20,128
2022-07-24,21,88
2022-07-24,22,75
2022-07-24,23,80
2022-07-25,0,145
2022-07-25,1,88
2022-07-25,2,103
2022-07-25,3,85
2022-07-25,4,88
2022-07-25,5,84
2022-07-25,6,93
2022-07-25,7,133
2022-07-25,8,106
2022-07-25,9,154
2022-07-25,10,150
2022-07-25,11,140
2022-07-25,12,111
2022-07-25,13,126
2022-07-25,14,123
2022-07-25,15,101
2022-07-25,16,124
2022-07-25,17,154
2022-07-25,18,128
2022-07-25,19,128
2022-07-25,20,93
2022-07-25,21,80
2022-07-25,22,84
2022-07-25,23,106
2022-07-26,0,49
2022-07-26,1,61
2022-07-26,2,71
2022-07-26,3,53
2022-07-26,4,66
2022-07-26,5,114
2022-07-26,6,106
2022-07-26,7,159
2022-07-26,8,132
2022-07-26,9,80
2022-07-26,10,72
2022-07-26,11,84
2022-07-26,12,76
2022-07-26,13,89
2022-07-26,14,97
2022-07-26,15,111
2022-07-26,16,129
2022-07-26,17,105
2022-07-26,18,79
2022-07-26,19,66
2022-07-26,20,49
2022-07-26,21,44
2022-07-26,22,49
2022-07-26,23,58
2022-07-27,0,61
2022-07-27,1,70
2022-07-27,2,58
2022-07-27,3,31
2022-07-27,4,16
2022-07-27,5,58
2022-07-27,6,88
2022-07-27,7,133
2022-07-27,8,142
2022-07-27,9,137
2022-07-27,10,119
2022-07-27,11,115
2022-07-27,12,110
2022-07-27,13,106
2022-07-27,14,119
2022-07-27,15,128
2022-07-27,16,167
2022-07-27,17,158
2022-07-27,18,101
2022-07-27,19,93
2022-07-27,20,140
2022-07-27,21,102
2022-07-27,22,101
2022-07-27,23,92
2022-07-28,0,89
2022-07-28,1,57
2022-07-28,2,45
2022-07-28,3,105
2022-07-28,4,58
2022-07-28,5,71
2022-07-28,6,89
2022-07-28,7,124
2022-07-28,8,106
2022-07-28,9,84
2022-07-28,10,93
2022-07-28,11,97
2022-07-28,12,128
2022-07-28,13,162
2022-07-28,14,137
2022-07-28,15,132
2022-07-28,16,124
2022-07-28,17,150
2022-07-28,18,118
2022-07-28,19,76
2022-07-28,20,114
2022-07-28,21,101
2022-07-28,22,79
2022-07-28,23,93
2022-07-29,0,87
2022-07-29,1,54
2022-07-29,2,79
2022-07-29,3,93
2022-07-29,4,101
2022-07-29,5,131
2022-07-29,6,158
2022-07-29,7,136
2022-07-29,8,133
2022-07-29,9,145
2022-07-29,10,127
2022-07-29,11,118
2022-07-29,12,137
2022-07-29,13,137
2022-07-29,14,168
2022-07-29,15,176
2022-07-29,16,151
2022-07-29,17,185
2022-07-29,18,159
2022-07-29,19,158
2022-07-29,20,193
2022-07-29,21,211
2022-07-29,22,198
2022-07-29,23,159
2022-07-30,0,87
2022-07-30,1,147
2022-07-30,2,93
2022-07-30,3,111
2022-07-30,4,80
2022-07-30,5,154
2022-07-30,6,132
2022-07-30,7,164
2022-07-30,8,80
2022-07-30,9,123
2022-07-30,10,114
2022-07-30,11,131
2022-07-30,12,105
2022-07-30,13,140
2022-07-30,14,93
2022-07-30,15,111
2022-07-30,16,111
2022-07-30,17,136
2022-07-30,18,167
2022-07-30,19,133
2022-07-30,20,133
2022-07-30,21,140
2022-07-30,22,119
2022-07-30,23,114
2022-07-31,0,89
2022-07-31,1,146
2022-07-31,2,159
2022-07-31,3,136
2022-07-31,4,110
2022-07-31,5,75
2022-07-31,6,98
2022-07-31,7,97
2022-07-31,8,93
2022-07-31,9,119
2022-07-31,10,101
2022-07-31,11,138
2022-07-31,12,135
2022-07-31,13,119
2022-07-31,14,138
2022-07-31,15,159
2022-07-31,16,97
2022-07-31,17,96
2022-07-31,18,115
2022-07-31,19,99
2022-07-31,20,128
2022-07-31,21,102
2022-07-31,22,84
2022-07-31,23,97
2022-08-01,0,155
2022-08-01,1,102
2022-08-01,2,125
2022-08-01,3,98
2022-08-01,4,111
2022-08-01,5,88
2022-08-01,6,93
2022-08-01,7,132
2022-08-01,8,118
2022-08-01,9,149
2022-08-01,10,158
2022-08-01,11,159
2022-08-01,12,111
2022-08-01,13,122
2022-08-01,14,128
2022-08-01,15,101
2022-08-01,16,136
2022-08-01,17,159
2022-08-01,18,124
2022-08-01,19,123
2022-08-01,20,97
2022-08-01,21,84
2022-08-01,22,76
2022-08-01,23,116
2022-08-02,0,49
2022-08-02,1,48
2022-08-02,2,67
2022-08-02,3,47
2022-08-02,4,57
2022-08-02,5,102
2022-08-02,6,106
2022-08-02,7,159
2022-08-02,8,132
2022-08-02,9,92
2022-08-02,10,72
2022-08-02,11,93
2022-08-02,12,80
2022-08-02,13,83
2022-08-02,14,101
2022-08-02,15,120
2022-08-02,16,124
2022-08-02,17,114
2022-08-02,18,92
2022-08-02,19,66
2022-08-02,20,53
2022-08-02,21,45
2022-08-02,22,58
2022-08-02,23,66
2022-08-03,0,54
2022-08-03,1,62
2022-08-03,2,54
2022-08-03,3,31
2022-08-03,4,16
2022-08-03,5,57
2022-08-03,6,80
2022-08-03,7,124
2022-08-03,8,125
2022-08-03,9,146
2022-08-03,10,123
2022-08-03,11,111
2022-08-03,12,105
2022-08-03,13,111
2022-08-03,14,119
2022-08-03,15,123
2022-08-03,16,168
2022-08-03,17,162
2022-08-03,18,93
2022-08-03,19,89
2022-08-03,20,128
2022-08-03,21,97
2022-08-03,22,110
2022-08-03,23,109
2022-08-04,0,102
2022-08-04,1,75
2022-08-04,2,54
2022-08-04,3,67
2022-08-04,4,57
2022-08-04,5,72
2022-08-04,6,71
2022-08-04,7,101
2022-08-04,8,106
2022-08-04,9,84
2022-08-04,10,97
2022-08-04,11,100
2022-08-04,12,124
2022-08-04,13,150
2022-08-04,14,137
2022-08-04,15,137
2022-08-04,16,128
2022-08-04,17,127
2022-08-04,18,106
2022-08-04,19,76
2022-08-04,20,110
2022-08-04,21,84
2022-08-04,22,67
2022-08-04,23,75
2022-08-05,0,58
2022-08-05,1,40
2022-08-05,2,71
2022-08-05,3,75
2022-08-05,4,88
2022-08-05,5,114
2022-08-05,6,125
2022-08-05,7,136
2022-08-05,8,129
2022-08-05,9,128
2022-08-05,10,136
2022-08-05,11,115
2022-08-05,12,132
2022-08-05,13,141
2022-08-05,14,164
2022-08-05,15,155
2022-08-05,16,143
2022-08-05,17,180
2022-08-05,18,146
2022-08-05,19,140
2022-08-05,20,141
2022-08-05,21,163
2022-08-05,22,159
2022-08-05,23,129
2022-08-06,0,75
2022-08-06,1,134
2022-08-06,2,89
2022-08-06,3,79
2022-08-06,4,88
2022-08-06,5,154
2022-08-06,6,137
2022-08-06,7,163
2022-08-06,8,80
2022-08-06,9,128
2022-08-06,10,114
2022-08-06,11,140
2022-08-06,12,97
2022-08-06,13,136
2022-08-06,14,93
2022-08-06,15,115
2022-08-06,16,111
2022-08-06,17,142
2022-08-06,18,168
2022-08-06,19,146
2022-08-06,20,147
2022-08-06,21,132
2022-08-06,22,127
2022-08-06,23,116
2022-08-07,0,88
2022-08-07,1,137
2022-08-07,2,141
2022-08-07,3,124
2022-08-07,4,124
2022-08-07,5,93
2022-08-07,6,102
2022-08-07,7,110
2022-08-07,8,98
2022-08-07,9,118
2022-08-07,10,97
2022-08-07,11,138
2022-08-07,12,124
2022-08-07,13,112
2022-08-07,14,142
2022-08-07,15,150
2022-08-07,16,105
2022-08-07,17,113
2022-08-07,18,114
2022-08-07,19,98
2022-08-07,20,128
2022-08-07,21,101
2022-08-07,22,84
2022-08-07,23,93
2022-08-08,0,145
2022-08-08,1,101
2022-08-08,2,128
2022-08-08,3,111
2022-08-08,4,101
2022-08-08,5,92
2022-08-08,6,97
2022-08-08,7,136
2022-08-08,8,111
2022-08-08,9,149
2022-08-08,10,136
2022-08-08,11,151
2022-08-08,12,111
2022-08-08,13,114
2022-08-08,14,123
2022-08-08,15,101
2022-08-08,16,120
2022-08-08,17,154
2022-08-08,18,119
2022-08-08,19,127
2022-08-08,20,102
2022-08-08,21,89
2022-08-08,22,79
2022-08-08,23,114
2022-08-09,0,58
2022-08-09,1,71
2022-08-09,2,71
2022-08-09,3,58
2022-08-09,4,61
2022-08-09,5,107
2022-08-09,6,106
2022-08-09,7,163
2022-08-09,8,128
2022-08-09,9,84
2022-08-09,10,72
2022-08-09,11,79
2022-08-09,12,80
2022-08-09,13,84
2022-08-09,14,88
2022-08-09,15,123
2022-08-09,16,132
2022-08-09,17,118
2022-08-09,18,87
2022-08-09,19,62
2022-08-09,20,49
2022-08-09,21,53
2022-08-09,22,66
2022-08-09,23,87
2022-08-10,0,70
2022-08-10,1,74
2022-08-10,2,63
2022-08-10,3,28
2022-08-10,4,31
2022-08-10,5,58
2022-08-10,6,84
2022-08-10,7,133
2022-08-10,8,125
2022-08-10,9,132
2022-08-10,10,127
2022-08-10,11,97
2022-08-10,12,106
2022-08-10,13,111
2022-08-10,14,110
2022-08-10,15,124
2022-08-10,16,164
2022-08-10,17,144
2022-08-10,18,93
2022-08-10,19,102
2022-08-10,20,149
2022-08-10,21,110
2022-08-10,22,123
2022-08-10,23,132
2022-08-11,0,92
2022-08-11,1,70
2022-08-11,2,62
2022-08-11,3,76
2022-08-11,4,66
2022-08-11,5,71
2022-08-11,6,75
2022-08-11,7,114
2022-08-11,8,97
2022-08-11,9,80
2022-08-11,10,97
2022-08-11,11,101
2022-08-11,12,128
2022-08-11,13,161
2022-08-11,14,142
2022-08-11,15,123
2022-08-11,16,128
2022-08-11,17,124
2022-08-11,18,100
2022-08-11,19,80
2022-08-11,20,127
2022-08-11,21,88
2022-08-11,22,75
2022-08-11,23,101
2022-08-12,0,62
2022-08-12,1,49
2022-08-12,2,75
2022-08-12,3,75
2022-08-12,4,101
2022-08-12,5,119
2022-08-12,6,129
2022-08-12,7,132
2022-08-12,8,114
2022-08-12,9,132
2022-08-12,10,132
2022-08-12,11,114
2022-08-12,12,137
2022-08-12,13,133
2022-08-12,14,164
2022-08-12,15,164
2022-08-12,16,143
2022-08-12,17,171
2022-08-12,18,154
2022-08-12,19,158
2022-08-12,20,168
2022-08-12,21,185
2022-08-12,22,177
2022-08-12,23,141
2022-08-13,0,94
2022-08-13,1,142
2022-08-13,2,111
2022-08-13,3,80
2022-08-13,4,76
2022-08-13,5,141
2022-08-13,6,142
2022-08-13,7,163
2022-08-13,8,85
2022-08-13,9,118
2022-08-13,10,114
2022-08-13,11,131
2022-08-13,12,101
2022-08-13,13,136
2022-08-13,14,93
2022-08-13,15,106
2022-08-13,16,102
2022-08-13,17,128
2022-08-13,18,155
2022-08-13,19,156
2022-08-13,20,154
2022-08-13,21,140
2022-08-13,22,125
2022-08-13,23,128
2022-08-14,0,97
2022-08-14,1,147
2022-08-14,2,151
2022-08-14,3,133
2022-08-14,4,124
2022-08-14,5,93
2022-08-14,6,106
2022-08-14,7,114
2022-08-14,8,93
2022-08-14,9,119
2022-08-14,10,101
2022-08-14,11,138
2022-08-14,12,119
2022-08-14,13,115
2022-08-14,14,138
2022-08-14,15,145
2022-08-14,16,105
2022-08-14,17,106
2022-08-14,18,115
2022-08-14,19,102
2022-08-14,20,155
2022-08-14,21,110
2022-08-14,22,102
2022-08-14,23,102
2022-08-15,0,154
2022-08-15,1,110
2022-08-15,2,137
2022-08-15,3,119
2022-08-15,4,105
2022-08-15,5,92
2022-08-15,6,97
2022-08-15,7,132
2022-08-15,8,110
2022-08-15,9,149
2022-08-15,10,141
2022-08-15,11,154
2022-08-15,12,110
2022-08-15,13,118
2022-08-15,14,123
2022-08-15,15,109
2022-08-15,16,120
2022-08-15,17,145
2022-08-15,18,124
2022-08-15,19,123
2022-08-15,20,93
2022-08-15,21,89
2022-08-15,22,80
2022-08-15,23,119
2022-08-16,0,53
2022-08-16,1,66
2022-08-16,2,71
2022-08-16,3,59
2022-08-16,4,57
2022-08-16,5,111
2022-08-16,6,110
2022-08-16,7,159
2022-08-16,8,132
2022-08-16,9,84
2022-08-16,10,76
2022-08-16,11,84
2022-08-16,12,76
2022-08-16,13,88
2022-08-16,14,101
2022-08-16,15,115
2022-08-16,16,138
2022-08-16,17,119
2022-08-16,18,88
2022-08-16,19,62
2022-08-16,20,53
2022-08-16,21,41
2022-08-16,22,54
2022-08-16,23,74
2022-08-17,0,62
2022-08-17,1,74
2022-08-17,2,58
2022-08-17,3,32
2022-08-17,4,26
2022-08-17,5,63
2022-08-17,6,84
2022-08-17,7,129
2022-08-17,8,132
2022-08-17,9,136
2022-08-17,10,132
2022-08-17,11,101
2022-08-17,12,106
2022-08-17,13,105
2022-08-17,14,113
2022-08-17,15,123
2022-08-17,16,163
2022-08-17,17,141
2022-08-17,18,96
2022-08-17,19,93
2022-08-17,20,132
2022-08-17,21,93
2022-08-17,22,106
2022-08-17,23,104
2022-08-18,0,88
2022-08-18,1,66
2022-08-18,2,49
2022-08-18,3,63
2022-08-18,4,57
2022-08-18,5,58
2022-08-18,6,75
2022-08-18,7,112
2022-08-18,8,119
2022-08-18,9,88
2022-08-18,10,101
2022-08-18,11,105
2022-08-18,12,140
2022-08-18,13,155
2022-08-18,14,138
2022-08-18,15,137
2022-08-18,16,141
2022-08-18,17,142
2022-08-18,18,106
2022-08-18,19,72
2022-08-18,20,97
2022-08-18,21,80
2022-08-18,22,71
2022-08-18,23,80
2022-08-19,0,53
2022-08-19,1,44
2022-08-19,2,71
2022-08-19,3,75
2022-08-19,4,92
2022-08-19,5,110
2022-08-19,6,141
2022-08-19,7,140
2022-08-19,8,124
2022-08-19,9,149
2022-08-19,10,132
2022-08-19,11,118
2022-08-19,12,136
2022-08-19,13,137
2022-08-19,14,164
2022-08-19,15,181
2022-08-19,16,147
2022-08-19,17,180
2022-08-19,18,146
2022-08-19,19,145
2022-08-19,20,141
2022-08-19,21,162
2022-08-19,22,159
2022-08-19,23,128
2022-08-20,0,79
2022-08-20,1,136
2022-08-20,2,102
2022-08-20,3,83
2022-08-20,4,89
2022-08-20,5,137
2022-08-20,6,136
2022-08-20,7,164
2022-08-20,8,85
2022-08-20,9,127
2022-08-20,10,114
2022-08-20,11,146
2022-08-20,12,111
2022-08-20,13,145
2022-08-20,14,105
2022-08-20,15,120
2022-08-20,16,111
2022-08-20,17,146
2022-08-20,18,171
2022-08-20,19,155
2022-08-20,20,142
2022-08-20,21,127
2022-08-20,22,119
2022-08-20,23,119
2022-08-21,0,88
2022-08-21,1,129
2022-08-21,2,132
2022-08-21,3,127
2022-08-21,4,105
2022-08-21,5,89
2022-08-21,6,98
2022-08-21,7,115
2022-08-21,8,93
2022-08-21,9,119
2022-08-21,10,111
2022-08-21,11,138
2022-08-21,12,123
2022-08-21,13,125
2022-08-21,14,141
2022-08-21,15,153
2022-08-21,16,97
2022-08-21,17,109
2022-08-21,18,119
2022-08-21,19,103
2022-08-21,20,120
2022-08-21,21,84
2022-08-21,22,80
2022-08-21,23,93
2022-08-22,0,136
2022-08-22,1,102
2022-08-22,2,127
2022-08-22,3,111
2022-08-22,4,105
2022-08-22,5,92
2022-08-22,6,89
2022-08-22,7,137
2022-08-22,8,115
2022-08-22,9,141
2022-08-22,10,137
2022-08-22,11,150
2022-08-22,12,107
2022-08-22,13,118
2022-08-22,14,124
2022-08-22,15,105
2022-08-22,16,124
2022-08-22,17,157
2022-08-22,18,120
2022-08-22,19,118
2022-08-22,20,93
2022-08-22,21,84
2022-08-22,22,80
2022-08-22,23,106
2022-08-23,0,54
2022-08-23,1,66
2022-08-23,2,75
2022-08-23,3,57
2022-08-23,4,64
2022-08-23,5,110
2022-08-23,6,110
2022-08-23,7,150
2022-08-23,8,136
2022-08-23,9,92
2022-08-23,10,80
2022-08-23,11,80
2022-08-23,12,80
2022-08-23,13,87
2022-08-23,14,97
2022-08-23,15,115
2022-08-23,16,136
2022-08-23,17,118
2022-08-23,18,87
2022-08-23,19,62
2022-08-23,20,49
2022-08-23,21,49
2022-08-23,22,53
2022-08-23,23,83
2022-08-24,0,83
2022-08-24,1,75
2022-08-24,2,62
2022-08-24,3,31
2022-08-24,4,26
2022-08-24,5,63
2022-08-24,6,84
2022-08-24,7,123
2022-08-24,8,128
2022-08-24,9,142
2022-08-24,10,133
2022-08-24,11,106
2022-08-24,12,106
2022-08-24,13,114
2022-08-24,14,123
2022-08-24,15,133
2022-08-24,16,155
2022-08-24,17,154
2022-08-24,18,106
2022-08-24,19,93
2022-08-24,20,132
2022-08-24,21,97
2022-08-24,22,109
2022-08-24,23,118
2022-08-25,0,116
2022-08-25,1,68
2022-08-25,2,53
2022-08-25,3,68
2022-08-25,4,57
2022-08-25,5,71
2022-08-25,6,75
2022-08-25,7,89
2022-08-25,8,89
2022-08-25,9,80
2022-08-25,10,101
2022-08-25,11,92
2022-08-25,12,132
2022-08-25,13,155
2022-08-25,14,133
2022-08-25,15,141
2022-08-25,16,124
2022-08-25,17,124
2022-08-25,18,111
2022-08-25,19,72
2022-08-25,20,105
2022-08-25,21,80
2022-08-25,22,72
2022-08-25,23,85
2022-08-26,0,58
2022-08-26,1,49
2022-08-26,2,71
2022-08-26,3,75
2022-08-26,4,101
2022-08-26,5,115
2022-08-26,6,124
2022-08-26,7,132
2022-08-26,8,125
2022-08-26,9,137
2022-08-26,10,132
2022-08-26,11,114
2022-08-26,12,141
2022-08-26,13,137
2022-08-26,14,168
2022-08-26,15,168
2022-08-26,16,142
2022-08-26,17,179
2022-08-26,18,158
2022-08-26,19,145
2022-08-26,20,145
2022-08-26,21,163
2022-08-26,22,172
2022-08-26,23,137
2022-08-27,0,79
2022-08-27,1,153
2022-08-27,2,98
2022-08-27,3,79
2022-08-27,4,88
2022-08-27,5,154
2022-08-27,6,150
2022-08-27,7,168
2022-08-27,8,89
2022-08-27,9,123
2022-08-27,10,118
2022-08-27,11,141
2022-08-27,12,101
2022-08-27,13,131
2022-08-27,14,97
2022-08-27,15,110
2022-08-27,16,107
2022-08-27,17,131
2022-08-27,18,159
2022-08-27,19,141
2022-08-27,20,138
2022-08-27,21,132
2022-08-27,22,123
2022-08-27,23,119
2022-08-28,0,89
2022-08-28,1,125
2022-08-28,2,137
2022-08-28,3,125
2022-08-28,4,128
2022-08-28,5,93
2022-08-28,6,106
2022-08-28,7,111
2022-08-28,8,101
2022-08-28,9,118
2022-08-28,10,101
2022-08-28,11,142
2022-08-28,12,128
2022-08-28,13,119
2022-08-28,14,142
2022-08-28,15,145
2022-08-28,16,105
2022-08-28,17,114
2022-08-28,18,123
2022-08-28,19,103
2022-08-28,20,132
2022-08-28,21,97
2022-08-28,22,84
2022-08-28,23,101
2022-08-29,0,149
2022-08-29,1,109
2022-08-29,2,123
2022-08-29,3,111
2022-08-29,4,105
2022-08-29,5,92
2022-08-29,6,89
2022-08-29,7,127
2022-08-29,8,92
2022-08-29,9,141
2022-08-29,10,137
2022-08-29,11,141
2022-08-29,12,111
2022-08-29,13,109
2022-08-29,14,119
2022-08-29,15,101
2022-08-29,16,111
2022-08-29,17,144
2022-08-29,18,119
2022-08-29,19,128
2022-08-29,20,93
2022-08-29,21,84
2022-08-29,22,75
2022-08-29,23,106
2022-08-30,0,45
2022-08-30,1,62
2022-08-30,2,71
2022-08-30,3,49
2022-08-30,4,65
2022-08-30,5,110
2022-08-30,6,110
2022-08-30,7,154
2022-08-30,8,119
2022-08-30,9,84
2022-08-30,10,71
2022-08-30,11,80
2022-08-30,12,72
2022-08-30,13,84
2022-08-30,14,101
2022-08-30,15,115
2022-08-30,16,125
2022-08-30,17,105
2022-08-30,18,83
2022-08-30,19,62
2022-08-30,20,53
2022-08-30,21,49
2022-08-30,22,54
2022-08-30,23,66
2022-08-31,0,62
2022-08-31,1,75
2022-08-31,2,58
2022-08-31,3,28
2022-08-31,4,18
2022-08-31,5,58
2022-08-31,6,80
2022-08-31,7,128
2022-08-31,8,124
2022-08-31,9,131
2022-08-31,10,119
2022-08-31,11,106
2022-08-31,12,104
2022-08-31,13,110
2022-08-31,14,119
2022-08-31,15,120
2022-08-31,16,160
2022-08-31,17,136
2022-08-31,18,96
2022-08-31,19,89
2022-08-31,20,136
2022-08-31,21,110
2022-08-31,22,107
2022-08-31,23,109
2022-09-01,0,89
2022-09-01,1,67
2022-09-01,2,62
2022-09-01,3,68
2022-09-01,4,54
2022-09-01,5,62
2022-09-01,6,75
2022-09-01,7,102
2022-09-01,8,101
2022-09-01,9,80
2022-09-01,10,97
2022-09-01,11,96
2022-09-01,12,124
2022-09-01,13,154
2022-09-01,14,133
2022-09-01,15,122
2022-09-01,16,133
2022-09-01,17,119
2022-09-01,18,119
2022-09-01,19,72
2022-09-01,20,101
2022-09-01,21,76
2022-09-01,22,75
2022-09-01,23,89
2022-09-02,0,57
2022-09-02,1,44
2022-09-02,2,75
2022-09-02,3,75
2022-09-02,4,105
2022-09-02,5,123
2022-09-02,6,124
2022-09-02,7,132
2022-09-02,8,118
2022-09-02,9,136
2022-09-02,10,132
2022-09-02,11,114
2022-09-02,12,127
2022-09-02,13,132
2022-09-02,14,164
2022-09-02,15,172
2022-09-02,16,143
2022-09-02,17,175
2022-09-02,18,158
2022-09-02,19,145
2022-09-02,20,149
2022-09-02,21,163
2022-09-02,22,171
2022-09-02,23,132
2022-09-03,0,79
2022-09-03,1,141
2022-09-03,2,105
2022-09-03,3,92
2022-09-03,4,88
2022-09-03,5,155
2022-09-03,6,136
2022-09-03,7,160
2022-09-03,8,80
2022-09-03,9,128
2022-09-03,10,110
2022-09-03,11,127
2022-09-03,12,93
2022-09-03,13,127
2022-09-03,14,93
2022-09-03,15,111
2022-09-03,16,102
2022-09-03,17,128
2022-09-03,18,163
2022-09-03,19,136
2022-09-03,20,138
2022-09-03,21,114
2022-09-03,22,124
2022-09-03,23,114
2022-09-04,0,89
2022-09-04,1,125
2022-09-04,2,137
2022-09-04,3,124
2022-09-04,4,115
2022-09-04,5,93
2022-09-04,6,98
2022-09-04,7,114
2022-09-04,8,97
2022-09-04,9,114
2022-09-04,10,106
2022-09-04,11,142
2022-09-04,12,123
2022-09-04,13,119
2022-09-04,14,142
2022-09-04,15,149
2022-09-04,16,105
2022-09-04,17,109
2022-09-04,18,114
2022-09-04,19,103
2022-09-04,20,124
2022-09-04,21,98
2022-09-04,22,88
2022-09-04,23,93
2022-09-05,0,145
2022-09-05,1,101
2022-09-05,2,124
2022-09-05,3,111
2022-09-05,4,105
2022-09-05,5,88
2022-09-05,6,97
2022-09-05,7,128
2022-09-05,8,106
2022-09-05,9,145
2022-09-05,10,138
2022-09-05,11,145
2022-09-05,12,102
2022-09-05,13,114
2022-09-05,14,119
2022-09-05,15,110
2022-09-05,16,124
2022-09-05,17,145
2022-09-05,18,119
2022-09-05,19,128
2022-09-05,20,93
2022-09-05,21,79
2022-09-05,22,80
2022-09-05,23,107
2022-09-06,0,45
2022-09-06,1,66
2022-09-06,2,66
2022-09-06,3,54
2022-09-06,4,61
2022-09-06,5,106
2022-09-06,6,106
2022-09-06,7,150
2022-09-06,8,106
2022-09-06,9,88
2022-09-06,10,76
2022-09-06,11,80
2022-09-06,12,80
2022-09-06,13,88
2022-09-06,14,97
2022-09-06,15,115
2022-09-06,16,128
2022-09-06,17,105
2022-09-06,18,83
2022-09-06,19,62
2022-09-06,20,53
2022-09-06,21,53
2022-09-06,22,63
2022-09-06,23,66
2022-09-07,0,62
2022-09-07,1,66
2022-09-07,2,58
2022-09-07,3,28
2022-09-07,4,27
2022-09-07,5,58
2022-09-07,6,84
2022-09-07,7,124
2022-09-07,8,124
2022-09-07,9,128
2022-09-07,10,123
2022-09-07,11,102
2022-09-07,12,102
2022-09-07,13,110
2022-09-07,14,119
2022-09-07,15,120
2022-09-07,16,153
2022-09-07,17,150
2022-09-07,18,96
2022-09-07,19,93
2022-09-07,20,137
2022-09-07,21,87
2022-09-07,22,106
2022-09-07,23,100
2022-09-08,0,83
2022-09-08,1,58
2022-09-08,2,54
2022-09-08,3,63
2022-09-08,4,71
2022-09-08,5,62
2022-09-08,6,71
2022-09-08,7,102
2022-09-08,8,101
2022-09-08,9,79
2022-09-08,10,97
2022-09-08,11,100
2022-09-08,12,128
2022-09-08,13,155
2022-09-08,14,141
2022-09-08,15,127
2022-09-08,16,124
2022-09-08,17,124
2022-09-08,18,101
2022-09-08,19,76
2022-09-08,20,101
2022-09-08,21,76
2022-09-08,22,71
2022-09-08,23,93
2022-09-09,0,62
2022-09-09,1,39
2022-09-09,2,71
2022-09-09,3,71
2022-09-09,4,93
2022-09-09,5,115
2022-09-09,6,129
2022-09-09,7,128
2022-09-09,8,110
2022-09-09,9,131
2022-09-09,10,137
2022-09-09,11,114
2022-09-09,12,132
2022-09-09,13,136
2022-09-09,14,168
2022-09-09,15,172
2022-09-09,16,147
2022-09-09,17,180
2022-09-09,18,146
2022-09-09,19,149
2022-09-09,20,149
2022-09-09,21,159
2022-09-09,22,163
2022-09-09,23,132
2022-09-10,0,75
2022-09-10,1,132
2022-09-10,2,93
2022-09-10,3,88
2022-09-10,4,93
2022-09-10,5,150
2022-09-10,6,141
2022-09-10,7,163
2022-09-10,8,84
2022-09-10,9,127
2022-09-10,10,106
2022-09-10,11,127
2022-09-10,12,102
2022-09-10,13,132
2022-09-10,14,89
2022-09-10,15,111
2022-09-10,16,107
2022-09-10,17,123
2022-09-10,18,163
2022-09-10,19,141
2022-09-10,20,142
2022-09-10,21,123
2022-09-10,22,119
2022-09-10,23,110
2022-09-11,0,84
2022-09-11,1,115
2022-09-11,2,136
2022-09-11,3,124
2022-09-11,4,128
2022-09-11,5,89
2022-09-11,6,102
2022-09-11,7,110
2022-09-11,8,97
2022-09-11,9,115
2022-09-11,10,101
2022-09-11,11,133
2022-09-11,12,123
2022-09-11,13,116
2022-09-11,14,134
2022-09-11,15,154
2022-09-11,16,105
2022-09-11,17,105
2022-09-11,18,111
2022-09-11,19,98
2022-09-11,20,115
2022-09-11,21,101
2022-09-11,22,88
2022-09-11,23,97
2022-09-12,0,146
2022-09-12,1,106
2022-09-12,2,129
2022-09-12,3,111
2022-09-12,4,109
2022-09-12,5,92
2022-09-12,6,101
2022-09-12,7,128
2022-09-12,8,109
2022-09-12,9,141
2022-09-12,10,146
2022-09-12,11,150
2022-09-12,12,102
2022-09-12,13,118
2022-09-12,14,115
2022-09-12,15,97
2022-09-12,16,128
2022-09-12,17,140
2022-09-12,18,115
2022-09-12,19,122
2022-09-12,20,97
2022-09-12,21,84
2022-09-12,22,75
2022-09-12,23,107
2022-09-13,0,53
2022-09-13,1,62
2022-09-13,2,71
2022-09-13,3,59
2022-09-13,4,61
2022-09-13,5,106
2022-09-13,6,106
2022-09-13,7,159
2022-09-13,8,118
2022-09-13,9,84
2022-09-13,10,71
2022-09-13,11,80
2022-09-13,12,76
2022-09-13,13,79
2022-09-13,14,89
2022-09-13,15,115
2022-09-13,16,124
2022-09-13,17,105
2022-09-13,18,79
2022-09-13,19,62
2022-09-13,20,49
2022-09-13,21,48
2022-09-13,22,48
2022-09-13,23,70
2022-09-14,0,62
2022-09-14,1,70
2022-09-14,2,58
2022-09-14,3,31
2022-09-14,4,27
2022-09-14,5,62
2022-09-14,6,84
2022-09-14,7,122
2022-09-14,8,118
2022-09-14,9,130
2022-09-14,10,90
2022-09-14,11,105
2022-09-14,12,105
2022-09-14,13,106
2022-09-14,14,119
2022-09-14,15,124
2022-09-14,16,159
2022-09-14,17,149
2022-09-14,18,97
2022-09-14,19,93
2022-09-14,20,132
2022-09-14,21,93
2022-09-14,22,105
2022-09-14,23,100
2022-09-15,0,88
2022-09-15,1,67
2022-09-15,2,50
2022-09-15,3,68
2022-09-15,4,52
2022-09-15,5,76
2022-09-15,6,71
2022-09-15,7,101
2022-09-15,8,96
2022-09-15,9,84
2022-09-15,10,97
2022-09-15,11,97
2022-09-15,12,123
2022-09-15,13,155
2022-09-15,14,141
2022-09-15,15,132
2022-09-15,16,124
2022-09-15,17,124
2022-09-15,18,105
2022-09-15,19,77
2022-09-15,20,106
2022-09-15,21,80
2022-09-15,22,71
2022-09-15,23,80
2022-09-16,0,62
2022-09-16,1,49
2022-09-16,2,71
2022-09-16,3,79
2022-09-16,4,93
2022-09-16,5,123
2022-09-16,6,129
2022-09-16,7,136
2022-09-16,8,123
2022-09-16,9,128
2022-09-16,10,132
2022-09-16,11,114
2022-09-16,12,141
2022-09-16,13,145
2022-09-16,14,164
2022-09-16,15,164
2022-09-16,16,143
2022-09-16,17,175
2022-09-16,18,155
2022-09-16,19,145
2022-09-16,20,149
2022-09-16,21,168
2022-09-16,22,159
2022-09-16,23,133
2022-09-17,0,79
2022-09-17,1,132
2022-09-17,2,102
2022-09-17,3,88
2022-09-17,4,89
2022-09-17,5,149
2022-09-17,6,141
2022-09-17,7,168
2022-09-17,8,84
2022-09-17,9,118
2022-09-17,10,114
2022-09-17,11,134
2022-09-17,12,101
2022-09-17,13,136
2022-09-17,14,89
2022-09-17,15,111
2022-09-17,16,110
2022-09-17,17,132
2022-09-17,18,155
2022-09-17,19,137
2022-09-17,20,133
2022-09-17,21,123
2022-09-17,22,111
2022-09-17,23,113
2022-09-18,0,88
2022-09-18,1,124
2022-09-18,2,132
2022-09-18,3,128
2022-09-18,4,119
2022-09-18,5,93
2022-09-18,6,102
2022-09-18,7,114
2022-09-18,8,97
2022-09-18,9,114
2022-09-18,10,102
2022-09-18,11,133
2022-09-18,12,119
2022-09-18,13,119
2022-09-18,14,138
2022-09-18,15,153
2022-09-18,16,126
2022-09-18,17,105
2022-09-18,18,118
2022-09-18,19,98
2022-09-18,20,128
2022-09-18,21,93
2022-09-18,22,84
2022-09-18,23,97
2022-09-19,0,145
2022-09-19,1,115
2022-09-19,2,133
2022-09-19,3,120
2022-09-19,4,110
2022-09-19,5,88
2022-09-19,6,79
2022-09-19,7,109
2022-09-19,8,93
2022-09-19,9,137
2022-09-19,10,127
2022-09-19,11,139
2022-09-19,12,102
2022-09-19,13,110
2022-09-19,14,115
2022-09-19,15,97
2022-09-19,16,114
2022-09-19,17,136
2022-09-19,18,111
2022-09-19,19,127
2022-09-19,20,88
2022-09-19,21,81
2022-09-19,22,84
2022-09-19,23,101
2022-09-20,0,49
2022-09-20,1,62
2022-09-20,2,66
2022-09-20,3,54
2022-09-20,4,61
2022-09-20,5,106
2022-09-20,6,110
2022-09-20,7,158
2022-09-20,8,123
2022-09-20,9,84
2022-09-20,10,72
2022-09-20,11,80
2022-09-20,12,80
2022-09-20,13,84
2022-09-20,14,101
2022-09-20,15,106
2022-09-20,16,115
2022-09-20,17,105
2022-09-20,18,92
2022-09-20,19,66
2022-09-20,20,53
2022-09-20,21,48
2022-09-20,22,49
2022-09-20,23,66
2022-09-21,0,62
2022-09-21,1,66
2022-09-21,2,58
2022-09-21,3,28
2022-09-21,4,26
2022-09-21,5,58
2022-09-21,6,84
2022-09-21,7,128
2022-09-21,8,128
2022-09-21,9,128
2022-09-21,10,119
2022-09-21,11,106
2022-09-21,12,101
2022-09-21,13,106
2022-09-21,14,119
2022-09-21,15,120
2022-09-21,16,159
2022-09-21,17,145
2022-09-21,18,93
2022-09-21,19,93
2022-09-21,20,136
2022-09-21,21,101
2022-09-21,22,106
2022-09-21,23,100
2022-09-22,0,88
2022-09-22,1,66
2022-09-22,2,58
2022-09-22,3,68
2022-09-22,4,53
2022-09-22,5,76
2022-09-22,6,75
2022-09-22,7,104
2022-09-22,8,101
2022-09-22,9,84
2022-09-22,10,101
2022-09-22,11,100
2022-09-22,12,127
2022-09-22,13,155
2022-09-22,14,129
2022-09-22,15,137
2022-09-22,16,124
2022-09-22,17,128
2022-09-22,18,106
2022-09-22,19,72
2022-09-22,20,102
2022-09-22,21,80
2022-09-22,22,71
2022-09-22,23,80
2022-09-23,0,57
2022-09-23,1,54
2022-09-23,2,71
2022-09-23,3,75
2022-09-23,4,101
2022-09-23,5,115
2022-09-23,6,129
2022-09-23,7,128
2022-09-23,8,110
2022-09-23,9,128
2022-09-23,10,136
2022-09-23,11,110
2022-09-23,12,137
2022-09-23,13,137
2022-09-23,14,168
2022-09-23,15,164
2022-09-23,16,151
2022-09-23,17,171
2022-09-23,18,146
2022-09-23,19,145
2022-09-23,20,153
2022-09-23,21,163
2022-09-23,22,163
2022-09-23,23,123
2022-09-24,0,83
2022-09-24,1,136
2022-09-24,2,84
2022-09-24,3,88
2022-09-24,4,92
2022-09-24,5,149
2022-09-24,6,136
2022-09-24,7,159
2022-09-24,8,80
2022-09-24,9,118
2022-09-24,10,106
2022-09-24,11,131
2022-09-24,12,98
2022-09-24,13,132
2022-09-24,14,97
2022-09-24,15,115
2022-09-24,16,105
2022-09-24,17,127
2022-09-24,18,159
2022-09-24,19,141
2022-09-24,20,129
2022-09-24,21,127
2022-09-24,22,123
2022-09-24,23,115
2022-09-25,0,84
2022-09-25,1,120
2022-09-25,2,132
2022-09-25,3,128
2022-09-25,4,119
2022-09-25,5,89
2022-09-25,6,102
2022-09-25,7,110
2022-09-25,8,97
2022-09-25,9,114
2022-09-25,10,107
2022-09-25,11,134
2022-09-25,12,128
2022-09-25,13,111
2022-09-25,14,141
2022-09-25,15,153
2022-09-25,16,109
2022-09-25,17,109
2022-09-25,18,123
2022-09-25,19,102
2022-09-25,20,124
2022-09-25,21,93
2022-09-25,22,84
2022-09-25,23,93
2022-09-26,0,145
2022-09-26,1,102
2022-09-26,2,124
2022-09-26,3,110
2022-09-26,4,101
2022-09-26,5,87
2022-09-26,6,97
2022-09-26,7,128
2022-09-26,8,96
2022-09-26,9,141
2022-09-26,10,132
2022-09-26,11,140
2022-09-26,12,102
2022-09-26,13,114
2022-09-26,14,119
2022-09-26,15,97
2022-09-26,16,111
2022-09-26,17,140
2022-09-26,18,119
2022-09-26,19,123
2022-09-26,20,89
2022-09-26,21,84
2022-09-26,22,84
2022-09-26,23,102
2022-09-27,0,49
2022-09-27,1,63
2022-09-27,2,71
2022-09-27,3,52
2022-09-27,4,62
2022-09-27,5,106
2022-09-27,6,106
2022-09-27,7,149
2022-09-27,8,114
2022-09-27,9,88
2022-09-27,10,76
2022-09-27,11,80
2022-09-27,12,72
2022-09-27,13,88
2022-09-27,14,101
2022-09-27,15,111
2022-09-27,16,125
2022-09-27,17,109
2022-09-27,18,75
2022-09-27,19,62
2022-09-27,20,49
2022-09-27,21,49
2022-09-27,22,49
2022-09-27,23,74
2022-09-28,0,62
2022-09-28,1,70
2022-09-28,2,62
2022-09-28,3,28
2022-09-28,4,31
2022-09-28,5,58
2022-09-28,6,84
2022-09-28,7,128
2022-09-28,8,124
2022-09-28,9,140
2022-09-28,10,123
2022-09-28,11,105
2022-09-28,12,105
2022-09-28,13,110
2022-09-28,14,119
2022-09-28,15,115
2022-09-28,16,155
2022-09-28,17,150
2022-09-28,18,92
2022-09-28,19,93
2022-09-28,20,128
2022-09-28,21,97
2022-09-28,22,101
2022-09-28,23,108
2022-09-29,0,88
2022-09-29,1,67
2022-09-29,2,62
2022-09-29,3,72
2022-09-29,4,53
2022-09-29,5,71
2022-09-29,6,75
2022-09-29,7,105
2022-09-29,8,97
2022-09-29,9,76
2022-09-29,10,97
2022-09-29,11,96
2022-09-29,12,127
2022-09-29,13,159
2022-09-29,14,137
2022-09-29,15,131
2022-09-29,16,120
2022-09-29,17,127
2022-09-29,18,110
2022-09-29,19,80
2022-09-29,20,114
2022-09-29,21,84
2022-09-29,22,76
2022-09-29,23,97
2022-09-30,0,53
2022-09-30,1,49
2022-09-30,2,71
2022-09-30,3,75
2022-09-30,4,97
2022-09-30,5,120
2022-09-30,6,129
2022-09-30,7,133
2022-09-30,8,133
2022-09-30,9,138
2022-09-30,10,145
2022-09-30,11,118
2022-09-30,12,141
2022-09-30,13,141
2022-09-30,14,168
2022-09-30,15,176
2022-09-30,16,147
2022-09-30,17,198
2022-09-30,18,154
2022-09-30,19,149
2022-09-30,20,153
2022-09-30,21,167
2022-09-30,22,172
2022-09-30,23,137
2022-10-01,0,87
2022-10-01,1,145
2022-10-01,2,97
2022-10-01,3,88
2022-10-01,4,92
2022-10-01,5,150
2022-10-01,6,145
2022-10-01,7,164
2022-10-01,8,85
2022-10-01,9,123
2022-10-01,10,118
2022-10-01,11,141
2022-10-01,12,111
2022-10-01,13,141
2022-10-01,14,106
2022-10-01,15,124
2022-10-01,16,111
2022-10-01,17,147
2022-10-01,18,179
2022-10-01,19,159
2022-10-01,20,146
2022-10-01,21,135
2022-10-01,22,128
2022-10-01,23,110
2022-10-02,0,93
2022-10-02,1,129
2022-10-02,2,137
2022-10-02,3,115
2022-10-02,4,114
2022-10-02,5,93
2022-10-02,6,114
2022-10-02,7,137
2022-10-02,8,110
2022-10-02,9,141
2022-10-02,10,120
2022-10-02,11,161
2022-10-02,12,128
2022-10-02,13,119
2022-10-02,14,142
2022-10-02,15,146
2022-10-02,16,105
2022-10-02,17,105
2022-10-02,18,119
2022-10-02,19,98
2022-10-02,20,124
2022-10-02,21,98
2022-10-02,22,84
2022-10-02,23,93
2022-10-03,0,141
2022-10-03,1,100
2022-10-03,2,124
2022-10-03,3,115
2022-10-03,4,97
2022-10-03,5,101
2022-10-03,6,97
2022-10-03,7,132
2022-10-03,8,111
2022-10-03,9,145
2022-10-03,10,142
2022-10-03,11,155
2022-10-03,12,212
2022-10-03,13,132
2022-10-03,14,120
2022-10-03,15,105
2022-10-03,16,124
2022-10-03,17,145
2022-10-03,18,120
2022-10-03,19,127
2022-10-03,20,93
2022-10-03,21,84
2022-10-03,22,84
2022-10-03,23,111
2022-10-04,0,53
2022-10-04,1,62
2022-10-04,2,70
2022-10-04,3,59
2022-10-04,4,61
2022-10-04,5,106
2022-10-04,6,110
2022-10-04,7,155
2022-10-04,8,115
2022-10-04,9,89
2022-10-04,10,76
2022-10-04,11,90
2022-10-04,12,87
2022-10-04,13,110
2022-10-04,14,126
2022-10-04,15,144
2022-10-04,16,132
2022-10-04,17,118
2022-10-04,18,79
2022-10-04,19,82
2022-10-04,20,49
2022-10-04,21,49
2022-10-04,22,54
2022-10-04,23,70
2022-10-05,0,62
2022-10-05,1,73
2022-10-05,2,62
2022-10-05,3,32
2022-10-05,4,27
2022-10-05,5,58
2022-10-05,6,88
2022-10-05,7,131
2022-10-05,8,133
2022-10-05,9,132
2022-10-05,10,127
2022-10-05,11,112
2022-10-05,12,101
2022-10-05,13,119
2022-10-05,14,124
2022-10-05,15,132
2022-10-05,16,163
2022-10-05,17,145
2022-10-05,18,102
2022-10-05,19,93
2022-10-05,20,132
2022-10-05,21,93
2022-10-05,22,97
2022-10-05,23,104
2022-10-06,0,88
2022-10-06,1,70
2022-10-06,2,58
2022-10-06,3,68
2022-10-06,4,52
2022-10-06,5,66
2022-10-06,6,70
2022-10-06,7,115
2022-10-06,8,114
2022-10-06,9,83
2022-10-06,10,97
2022-10-06,11,110
2022-10-06,12,136
2022-10-06,13,167
2022-10-06,14,134
2022-10-06,15,136
2022-10-06,16,145
2022-10-06,17,151
2022-10-06,18,115
2022-10-06,19,72
2022-10-06,20,106
2022-10-06,21,84
2022-10-06,22,71
2022-10-06,23,88
2022-10-07,0,44
2022-10-07,1,39
2022-10-07,2,63
2022-10-07,3,67
2022-10-07,4,97
2022-10-07,5,127
2022-10-07,6,132
2022-10-07,7,144
2022-10-07,8,128
2022-10-07,9,137
2022-10-07,10,141
2022-10-07,11,118
2022-10-07,12,141
2022-10-07,13,146
2022-10-07,14,164
2022-10-07,15,176
2022-10-07,16,143
2022-10-07,17,203
2022-10-07,18,154
2022-10-07,19,150
2022-10-07,20,146
2022-10-07,21,167
2022-10-07,22,172
2022-10-07,23,119
2022-10-08,0,95
2022-10-08,1,133
2022-10-08,2,97
2022-10-08,3,89
2022-10-08,4,92
2022-10-08,5,146
2022-10-08,6,137
2022-10-08,7,159
2022-10-08,8,80
2022-10-08,9,128
2022-10-08,10,114
2022-10-08,11,143
2022-10-08,12,112
2022-10-08,13,141
2022-10-08,14,109
2022-10-08,15,134
2022-10-08,16,119
2022-10-08,17,167
2022-10-08,18,176
2022-10-08,19,172
2022-10-08,20,142
2022-10-08,21,132
2022-10-08,22,129
2022-10-08,23,115
2022-10-09,0,84
2022-10-09,1,125
2022-10-09,2,127
2022-10-09,3,128
2022-10-09,4,120
2022-10-09,5,96
2022-10-09,6,98
2022-10-09,7,110
2022-10-09,8,93
2022-10-09,9,110
2022-10-09,10,100
2022-10-09,11,133
2022-10-09,12,127
2022-10-09,13,119
2022-10-09,14,142
2022-10-09,15,150
2022-10-09,16,105
2022-10-09,17,106
2022-10-09,18,115
2022-10-09,19,94
2022-10-09,20,132
2022-10-09,21,93
2022-10-09,22,80
2022-10-09,23,96
2022-10-10,0,132
2022-10-10,1,92
2022-10-10,2,119
2022-10-10,3,115
2022-10-10,4,109
2022-10-10,5,92
2022-10-10,6,109
2022-10-10,7,145
2022-10-10,8,123
2022-10-10,9,115
2022-10-10,10,151
2022-10-10,11,224
2022-10-10,12,159
2022-10-10,13,105
2022-10-10,14,154
2022-10-10,15,160
2022-10-10,16,168
2022-10-10,17,156
2022-10-10,18,120
2022-10-10,19,113
2022-10-10,20,135
2022-10-10,21,147
2022-10-10,22,124
2022-10-10,23,105
2022-10-11,0,76
2022-10-11,1,76
2022-10-11,2,45
2022-10-11,3,60
2022-10-11,4,57
2022-10-11,5,37
2022-10-11,6,61
2022-10-11,7,98
2022-10-11,8,127
2022-10-11,9,89
2022-10-11,10,117
2022-10-11,11,129
2022-10-11,12,158
2022-10-11,13,194
2022-10-11,14,142
2022-10-11,15,119
2022-10-11,16,137
2022-10-11,17,166
2022-10-11,18,177
2022-10-11,19,72
2022-10-11,20,104
2022-10-11,21,108
2022-10-11,22,118
2022-10-11,23,120
2022-10-12,0,92
2022-10-12,1,72
2022-10-12,2,45
2022-10-12,3,97
2022-10-12,4,51
2022-10-12,5,163
2022-10-12,6,91
2022-10-12,7,143
2022-10-12,8,126
2022-10-12,9,75
2022-10-12,10,144
2022-10-12,11,110
2022-10-12,12,106
2022-10-12,13,119
2022-10-12,14,114
2022-10-12,15,132
2022-10-12,16,159
2022-10-12,17,145
2022-10-12,18,106
2022-10-12,19,97
2022-10-12,20,128
2022-10-12,21,106
2022-10-12,22,107
2022-10-12,23,105
2022-10-13,0,84
2022-10-13,1,71
2022-10-13,2,58
2022-10-13,3,68
2022-10-13,4,63
2022-10-13,5,76
2022-10-13,6,75
2022-10-13,7,114
2022-10-13,8,102
2022-10-13,9,80
2022-10-13,10,97
2022-10-13,11,93
2022-10-13,12,132
2022-10-13,13,163
2022-10-13,14,146
2022-10-13,15,128
2022-10-13,16,128
2022-10-13,17,119
2022-10-13,18,105
2022-10-13,19,80
2022-10-13,20,114
2022-10-13,21,80
2022-10-13,22,67
2022-10-13,23,80
2022-10-14,0,53
2022-10-14,1,44
2022-10-14,2,71
2022-10-14,3,71
2022-10-14,4,123
2022-10-14,5,123
2022-10-14,6,129
2022-10-14,7,136
2022-10-14,8,129
2022-10-14,9,137
2022-10-14,10,136
2022-10-14,11,118
2022-10-14,12,137
2022-10-14,13,137
2022-10-14,14,176
2022-10-14,15,178
2022-10-14,16,151
2022-10-14,17,184
2022-10-14,18,142
2022-10-14,19,158
2022-10-14,20,149
2022-10-14,21,177
2022-10-14,22,180
2022-10-14,23,128
2022-10-15,0,75
2022-10-15,1,141
2022-10-15,2,101
2022-10-15,3,84
2022-10-15,4,88
2022-10-15,5,154
2022-10-15,6,137
2022-10-15,7,164
2022-10-15,8,84
2022-10-15,9,123
2022-10-15,10,114
2022-10-15,11,127
2022-10-15,12,97
2022-10-15,13,123
2022-10-15,14,97
2022-10-15,15,110
2022-10-15,16,106
2022-10-15,17,128
2022-10-15,18,159
2022-10-15,19,141
2022-10-15,20,133
2022-10-15,21,132
2022-10-15,22,119
2022-10-15,23,119
2022-10-16,0,98
2022-10-16,1,133
2022-10-16,2,154
2022-10-16,3,133
2022-10-16,4,133
2022-10-16,5,96
2022-10-16,6,102
2022-10-16,7,111
2022-10-16,8,97
2022-10-16,9,123
2022-10-16,10,107
2022-10-16,11,138
2022-10-16,12,128
2022-10-16,13,124
2022-10-16,14,146
2022-10-16,15,163
2022-10-16,16,109
2022-10-16,17,110
2022-10-16,18,119
2022-10-16,19,89
2022-10-16,20,128
2022-10-16,21,102
2022-10-16,22,92
2022-10-16,23,102
2022-10-17,0,137
2022-10-17,1,115
2022-10-17,2,133
2022-10-17,3,119
2022-10-17,4,101
2022-10-17,5,84
2022-10-17,6,93
2022-10-17,7,144
2022-10-17,8,107
2022-10-17,9,145
2022-10-17,10,138
2022-10-17,11,167
2022-10-17,12,125
2022-10-17,13,117
2022-10-17,14,124
2022-10-17,15,104
2022-10-17,16,124
2022-10-17,17,135
2022-10-17,18,123
2022-10-17,19,123
2022-10-17,20,103
2022-10-17,21,97
2022-10-17,22,75
2022-10-17,23,120
2022-10-18,0,66
2022-10-18,1,62
2022-10-18,2,75
2022-10-18,3,61
2022-10-18,4,62
2022-10-18,5,93
2022-10-18,6,98
2022-10-18,7,145
2022-10-18,8,101
2022-10-18,9,84
2022-10-18,10,80
2022-10-18,11,84
2022-10-18,12,78
2022-10-18,13,119
2022-10-18,14,101
2022-10-18,15,125
2022-10-18,16,124
2022-10-18,17,110
2022-10-18,18,97
2022-10-18,19,62
2022-10-18,20,62
2022-10-18,21,57
2022-10-18,22,62
2022-10-18,23,83
2022-10-19,0,64
2022-10-19,1,74
2022-10-19,2,58
2022-10-19,3,36
2022-10-19,4,32
2022-10-19,5,67
2022-10-19,6,76
2022-10-19,7,127
2022-10-19,8,107
2022-10-19,9,120
2022-10-19,10,123
2022-10-19,11,102
2022-10-19,12,101
2022-10-19,13,105
2022-10-19,14,123
2022-10-19,15,114
2022-10-19,16,150
2022-10-19,17,141
2022-10-19,18,92
2022-10-19,19,89
2022-10-19,20,132
2022-10-19,21,97
2022-10-19,22,105
2022-10-19,23,108
2022-10-20,0,92
2022-10-20,1,67
2022-10-20,2,50
2022-10-20,3,67
2022-10-20,4,63
2022-10-20,5,67
2022-10-20,6,71
2022-10-20,7,101
2022-10-20,8,96
2022-10-20,9,84
2022-10-20,10,93
2022-10-20,11,96
2022-10-20,12,128
2022-10-20,13,155
2022-10-20,14,133
2022-10-20,15,136
2022-10-20,16,120
2022-10-20,17,123
2022-10-20,18,110
2022-10-20,19,76
2022-10-20,20,109
2022-10-20,21,84
2022-10-20,22,72
2022-10-20,23,80
2022-10-21,0,49
2022-10-21,1,44
2022-10-21,2,66
2022-10-21,3,75
2022-10-21,4,101
2022-10-21,5,105
2022-10-21,6,128
2022-10-21,7,128
2022-10-21,8,114
2022-10-21,9,100
2022-10-21,10,122
2022-10-21,11,110
2022-10-21,12,128
2022-10-21,13,137
2022-10-21,14,159
2022-10-21,15,172
2022-10-21,16,125
2022-10-21,17,167
2022-10-21,18,141
2022-10-21,19,145
2022-10-21,20,164
2022-10-21,21,195
2022-10-21,22,195
2022-10-21,23,137
2022-10-22,0,87
2022-10-22,1,145
2022-10-22,2,93
2022-10-22,3,84
2022-10-22,4,89
2022-10-22,5,145
2022-10-22,6,137
2022-10-22,7,160
2022-10-22,8,80
2022-10-22,9,118
2022-10-22,10,114
2022-10-22,11,146
2022-10-22,12,101
2022-10-22,13,140
2022-10-22,14,101
2022-10-22,15,115
2022-10-22,16,102
2022-10-22,17,132
2022-10-22,18,150
2022-10-22,19,154
2022-10-22,20,127
2022-10-22,21,142
2022-10-22,22,151
2022-10-22,23,110
2022-10-23,0,81
2022-10-23,1,116
2022-10-23,2,118
2022-10-23,3,119
2022-10-23,4,101
2022-10-23,5,71
2022-10-23,6,98
2022-10-23,7,101
2022-10-23,8,88
2022-10-23,9,106
2022-10-23,10,97
2022-10-23,11,132
2022-10-23,12,118
2022-10-23,13,107
2022-10-23,14,133
2022-10-23,15,153
2022-10-23,16,97
2022-10-23,17,105
2022-10-23,18,115
2022-10-23,19,85
2022-10-23,20,120
2022-10-23,21,115
2022-10-23,22,88
2022-10-23,23,75
2022-10-24,0,119
2022-10-24,1,89
2022-10-24,2,110
2022-10-24,3,93
2022-10-24,4,89
2022-10-24,5,84
2022-10-24,6,97
2022-10-24,7,133
2022-10-24,8,106
2022-10-24,9,150
2022-10-24,10,138
2022-10-24,11,155
2022-10-24,12,124
2022-10-24,13,119
2022-10-24,14,124
2022-10-24,15,101
2022-10-24,16,128
2022-10-24,17,154
2022-10-24,18,123
2022-10-24,19,118
2022-10-24,20,98
2022-10-24,21,85
2022-10-24,22,80
2022-10-24,23,100
2022-10-25,0,50
2022-10-25,1,66
2022-10-25,2,66
2022-10-25,3,48
2022-10-25,4,62
2022-10-25,5,93
2022-10-25,6,97
2022-10-25,7,141
2022-10-25,8,132
2022-10-25,9,92
2022-10-25,10,80
2022-10-25,11,48
2022-10-25,12,92
2022-10-25,13,87
2022-10-25,14,101
2022-10-25,15,128
2022-10-25,16,150
2022-10-25,17,136
2022-10-25,18,97
2022-10-25,19,66
2022-10-25,20,54
2022-10-25,21,57
2022-10-25,22,75
2022-10-25,23,83
2022-10-26,0,67
2022-10-26,1,70
2022-10-26,2,58
2022-10-26,3,30
2022-10-26,4,31
2022-10-26,5,75
2022-10-26,6,80
2022-10-26,7,120
2022-10-26,8,133
2022-10-26,9,145
2022-10-26,10,129
2022-10-26,11,118
2022-10-26,12,106
2022-10-26,13,114
2022-10-26,14,118
2022-10-26,15,120
2022-10-26,16,167
2022-10-26,17,171
2022-10-26,18,101
2022-10-26,19,101
2022-10-26,20,128
2022-10-26,21,89
2022-10-26,22,97
2022-10-26,23,96
2022-10-27,0,80
2022-10-27,1,66
2022-10-27,2,50
2022-10-27,3,63
2022-10-27,4,57
2022-10-27,5,71
2022-10-27,6,62
2022-10-27,7,114
2022-10-27,8,117
2022-10-27,9,93
2022-10-27,10,97
2022-10-27,11,111
2022-10-27,12,128
2022-10-27,13,163
2022-10-27,14,128
2022-10-27,15,136
2022-10-27,16,149
2022-10-27,17,154
2022-10-27,18,129
2022-10-27,19,81
2022-10-27,20,109
2022-10-27,21,80
2022-10-27,22,76
2022-10-27,23,97
2022-10-28,0,48
2022-10-28,1,40
2022-10-28,2,75
2022-10-28,3,62
2022-10-28,4,80
2022-10-28,5,118
2022-10-28,6,123
2022-10-28,7,132
2022-10-28,8,141
2022-10-28,9,137
2022-10-28,10,137
2022-10-28,11,118
2022-10-28,12,141
2022-10-28,13,142
2022-10-28,14,168
2022-10-28,15,181
2022-10-28,16,156
2022-10-28,17,197
2022-10-28,18,186
2022-10-28,19,154
2022-10-28,20,154
2022-10-28,21,168
2022-10-28,22,164
2022-10-28,23,145
2022-10-29,0,84
2022-10-29,1,150
2022-10-29,2,103
2022-10-29,3,92
2022-10-29,4,76
2022-10-29,5,150
2022-10-29,6,145
2022-10-29,7,163
2022-10-29,8,85
2022-10-29,9,122
2022-10-29,10,110
2022-10-29,11,136
2022-10-29,12,93
2022-10-29,13,127
2022-10-29,14,93
2022-10-29,15,129
2022-10-29,16,107
2022-10-29,17,132
2022-10-29,18,162
2022-10-29,19,155
2022-10-29,20,142
2022-10-29,21,127
2022-10-29,22,123
2022-10-29,23,127
2022-10-30,0,93
2022-10-30,1,108
2022-10-30,2,153
2022-10-30,3,148
2022-10-30,4,120
2022-10-30,5,114
2022-10-30,6,83
2022-10-30,7,98
2022-10-30,8,98
2022-10-30,9,93
2022-10-30,10,114
2022-10-30,11,97
2022-10-30,12,129
2022-10-30,13,128
2022-10-30,14,110
2022-10-30,15,137
2022-10-30,16,153
2022-10-30,17,109
2022-10-30,18,109
2022-10-30,19,110
2022-10-30,20,93
2022-10-30,21,124
2022-10-30,22,84
2022-10-30,23,88
2022-10-31,0,88
2022-10-31,1,127
2022-10-31,2,80
2022-10-31,3,123
2022-10-31,4,110
2022-10-31,5,93
2022-10-31,6,88
2022-10-31,7,105
2022-10-31,8,144
2022-10-31,9,114
2022-10-31,10,146
2022-10-31,11,151
2022-10-31,12,179
2022-10-31,13,121
2022-10-31,14,114
2022-10-31,15,132
2022-10-31,16,110
2022-10-31,17,132
2022-10-31,18,150
2022-10-31,19,120
2022-10-31,20,123
2022-10-31,21,105
2022-10-31,22,97
2022-10-31,23,107
2022-11-01,0,128
2022-11-01,1,79
2022-11-01,2,105
2022-11-01,3,107
2022-11-01,4,88
2022-11-01,5,76
2022-11-01,6,93
2022-11-01,7,93
2022-11-01,8,136
2022-11-01,9,123
2022-11-01,10,88
2022-11-01,11,76
2022-11-01,12,84
2022-11-01,13,92
2022-11-01,14,109
2022-11-01,15,101
2022-11-01,16,136
2022-11-01,17,146
2022-11-01,18,136
2022-11-01,19,96
2022-11-01,20,66
2022-11-01,21,66
2022-11-01,22,49
2022-11-01,23,75
2022-11-02,0,79
2022-11-02,1,59
2022-11-02,2,83
2022-11-02,3,58
2022-11-02,4,32
2022-11-02,5,31
2022-11-02,6,67
2022-11-02,7,80
2022-11-02,8,124
2022-11-02,9,123
2022-11-02,10,126
2022-11-02,11,127
2022-11-02,12,109
2022-11-02,13,105
2022-11-02,14,88
2022-11-02,15,119
2022-11-02,16,124
2022-11-02,17,177
2022-11-02,18,194
2022-11-02,19,110
2022-11-02,20,93
2022-11-02,21,153
2022-11-02,22,110
2022-11-02,23,125
2022-11-03,0,130
2022-11-03,1,97
2022-11-03,2,58
2022-11-03,3,45
2022-11-03,4,61
2022-11-03,5,62
2022-11-03,9,104
2022-11-03,10,84
2022-11-03,11,97
2022-11-03,12,97
2022-11-03,13,127
2022-11-03,14,143
2022-11-03,15,133
2022-11-03,16,118
2022-11-03,17,136
2022-11-03,18,128
2022-11-03,19,104
2022-11-03,20,76
2022-11-03,21,97
2022-11-03,22,76
2022-11-03,23,68
2022-11-04,0,84
2022-11-04,1,53
2022-11-04,2,39
2022-11-04,3,66
2022-11-04,4,70
2022-11-04,5,109
2022-11-04,6,114
2022-11-04,7,132
2022-11-04,8,136
2022-11-04,9,129
2022-11-04,10,148
2022-11-04,11,131
2022-11-04,12,114
2022-11-04,13,129
2022-11-04,14,141
2022-11-04,15,176
2022-11-04,16,195
2022-11-04,17,143
2022-11-04,18,202
2022-11-04,19,146
2022-11-04,20,153
2022-11-04,21,137
2022-11-04,22,167
2022-11-04,23,171
2022-11-05,0,150
2022-11-05,1,88
2022-11-05,2,129
2022-11-05,3,93
2022-11-05,4,96
2022-11-05,5,75
2022-11-05,6,138
2022-11-05,7,141
2022-11-05,8,163
2022-11-05,9,89
2022-11-05,10,137
2022-11-05,11,118
2022-11-05,12,142
2022-11-05,13,106
2022-11-05,14,140
2022-11-05,15,110
2022-11-05,16,119
2022-11-05,17,119
2022-11-05,18,146
2022-11-05,19,163
2022-11-05,20,159
2022-11-05,21,151
2022-11-05,22,127
2022-11-05,23,129
2022-11-06,0,127
2022-11-06,1,89
2022-11-06,2,137
2022-11-06,3,153
2022-11-06,4,119
2022-11-06,5,114
2022-11-06,6,75
2022-11-06,7,106
2022-11-06,8,102
2022-11-06,9,92
2022-11-06,10,110
2022-11-06,11,97
2022-11-06,12,138
2022-11-06,13,115
2022-11-06,14,111
2022-11-06,15,137
2022-11-06,16,149
2022-11-06,17,97
2022-11-06,18,114
2022-11-06,19,119
2022-11-06,20,98
2022-11-06,21,120
2022-11-06,22,89
2022-11-06,23,104
2022-11-07,0,93
2022-11-07,1,141
2022-11-07,2,88
2022-11-07,3,119
2022-11-07,4,97
2022-11-07,5,97
2022-11-07,6,76
2022-11-07,7,101
2022-11-07,8,132
2022-11-07,9,128
2022-11-07,10,151
2022-11-07,11,142
2022-11-07,12,172
2022-11-07,13,129
2022-11-07,14,119
2022-11-07,15,141
2022-11-07,16,124
2022-11-07,17,156
2022-11-07,18,199
2022-11-07,19,132
2022-11-07,20,123
2022-11-07,21,101
2022-11-07,22,93
2022-11-07,23,76
2022-11-08,0,96
2022-11-08,1,53
2022-11-08,2,48
2022-11-08,3,63
2022-11-08,4,47
2022-11-08,5,49
2022-11-08,6,92
2022-11-08,7,101
2022-11-08,8,146
2022-11-08,9,125
2022-11-08,10,84
2022-11-08,11,85
2022-11-08,12,89
2022-11-08,13,84
2022-11-08,14,113
2022-11-08,15,105
2022-11-08,16,119
2022-11-08,17,155
2022-11-08,18,151
2022-11-08,19,108
2022-11-08,20,66
2022-11-08,21,66
2022-11-08,22,61
2022-11-08,23,66
2022-11-09,0,62
2022-11-09,1,54
2022-11-09,2,74
2022-11-09,3,58
2022-11-09,4,28
2022-11-09,5,26
2022-11-09,6,67
2022-11-09,7,84
2022-11-09,8,128
2022-11-09,9,124
2022-11-09,10,132
2022-11-09,11,132
2022-11-09,12,97
2022-11-09,13,101
2022-11-09,14,106
2022-11-09,15,123
2022-11-09,16,120
2022-11-09,17,151
2022-11-09,18,155
2022-11-09,19,96
2022-11-09,20,97
2022-11-09,21,128
2022-11-09,22,92
2022-11-09,23,102
2022-11-10,0,104
2022-11-10,1,81
2022-11-10,2,65
2022-11-10,3,54
2022-11-10,4,53
2022-11-10,5,66
2022-11-10,6,70
2022-11-10,7,79
2022-11-10,8,114
2022-11-10,9,102
2022-11-10,10,92
2022-11-10,11,115
2022-11-10,12,110
2022-11-10,13,119
2022-11-10,14,164
2022-11-10,15,151
2022-11-10,16,145
2022-11-10,17,142
2022-11-10,18,134
2022-11-10,19,119
2022-11-10,20,71
2022-11-10,21,106
2022-11-10,22,92
2022-11-10,23,76
2022-11-11,0,84
2022-11-11,1,52
2022-11-11,2,36
2022-11-11,3,79
2022-11-11,4,66
2022-11-11,5,88
2022-11-11,6,118
2022-11-11,7,133
2022-11-11,8,150
2022-11-11,9,134
2022-11-11,10,145
2022-11-11,11,133
2022-11-11,12,114
2022-11-11,13,141
2022-11-11,14,142
2022-11-11,15,167
2022-11-11,16,177
2022-11-11,17,138
2022-11-11,18,172
2022-11-11,19,167
2022-11-11,20,150
2022-11-11,21,145
2022-11-11,22,182
2022-11-11,23,180
2022-11-12,0,149
2022-11-12,1,92
2022-11-12,2,159
2022-11-12,3,102
2022-11-12,4,106
2022-11-12,5,76
2022-11-12,6,150
2022-11-12,7,129
2022-11-12,8,168
2022-11-12,9,89
2022-11-12,10,126
2022-11-12,11,118
2022-11-12,12,145
2022-11-12,13,111
2022-11-12,14,140
2022-11-12,15,89
2022-11-12,16,106
2022-11-12,17,101
2022-11-12,18,146
2022-11-12,19,167
2022-11-12,20,150
2022-11-12,21,133
2022-11-12,22,132
2022-11-12,23,136
2022-11-13,0,115
2022-11-13,1,98
2022-11-13,2,160
2022-11-13,3,167
2022-11-13,4,159
2022-11-13,5,115
2022-11-13,6,80
2022-11-13,7,106
2022-11-13,8,103
2022-11-13,9,102
2022-11-13,10,119
2022-11-13,11,106
2022-11-13,12,150
2022-11-13,13,127
2022-11-13,14,115
2022-11-13,15,138
2022-11-13,16,155
2022-11-13,17,102
2022-11-13,18,105
2022-11-13,19,111
2022-11-13,20,98
2022-11-13,21,116
2022-11-13,22,84
2022-11-13,23,84
2022-11-14,0,97
2022-11-14,1,118
2022-11-14,2,88
2022-11-14,3,115
2022-11-14,4,119
2022-11-14,5,106
2022-11-14,6,92
2022-11-14,7,93
2022-11-14,8,132
2022-11-14,9,110
2022-11-14,10,137
2022-11-14,11,132
2022-11-14,12,159
2022-11-14,13,111
2022-11-14,14,105
2022-11-14,15,119
2022-11-14,16,109
2022-11-14,17,119
2022-11-14,18,132
2022-11-14,19,111
2022-11-14,20,119
2022-11-14,21,106
2022-11-14,22,102
2022-11-14,23,80
2022-11-15,0,93
2022-11-15,1,49
2022-11-15,2,61
2022-11-15,3,62
2022-11-15,4,52
2022-11-15,5,66
2022-11-15,6,88
2022-11-15,7,102
2022-11-15,8,137
2022-11-15,9,118
2022-11-15,10,92
2022-11-15,11,85
2022-11-15,12,81
2022-11-15,13,93
2022-11-15,14,114
2022-11-15,15,110
2022-11-15,16,120
2022-11-15,17,130
2022-11-15,18,123
2022-11-15,19,96
2022-11-15,20,62
2022-11-15,21,58
2022-11-15,22,57
2022-11-15,23,66
2022-11-16,0,74
2022-11-16,1,58
2022-11-16,2,70
2022-11-16,3,54
2022-11-16,4,36
2022-11-16,5,28
2022-11-16,6,75
2022-11-16,7,80
2022-11-16,8,124
2022-11-16,9,120
2022-11-16,10,128
2022-11-16,11,123
2022-11-16,12,115
2022-11-16,13,102
2022-11-16,14,101
2022-11-16,15,123
2022-11-16,16,120
2022-11-16,17,147
2022-11-16,18,141
2022-11-16,19,98
2022-11-16,20,89
2022-11-16,21,127
2022-11-16,22,106
2022-11-16,23,109
2022-11-17,0,101
2022-11-17,1,92
2022-11-17,2,62
2022-11-17,3,49
2022-11-17,4,57
2022-11-17,5,71
2022-11-17,6,71
2022-11-17,7,71
2022-11-17,8,109
2022-11-17,9,97
2022-11-17,10,84
2022-11-17,11,97
2022-11-17,12,105
2022-11-17,13,127
2022-11-17,14,154
2022-11-17,15,142
2022-11-17,16,141
2022-11-17,17,141
2022-11-17,18,158
2022-11-17,19,120
2022-11-17,20,81
2022-11-17,21,106
2022-11-17,22,80
2022-11-17,23,79
2022-11-18,0,101
2022-11-18,1,62
2022-11-18,2,44
2022-11-18,3,75
2022-11-18,4,70
2022-11-18,5,84
2022-11-18,6,119
2022-11-18,7,133
2022-11-18,8,162
2022-11-18,9,134
2022-11-18,10,150
2022-11-18,11,141
2022-11-18,12,119
2022-11-18,13,149
2022-11-18,14,153
2022-11-18,15,180
2022-11-18,16,190
2022-11-18,17,143
2022-11-18,18,193
2022-11-18,19,146
2022-11-18,20,145
2022-11-18,21,146
2022-11-18,22,164
2022-11-18,23,179
2022-11-19,0,136
2022-11-19,1,88
2022-11-19,2,168
2022-11-19,3,89
2022-11-19,4,88
2022-11-19,5,88
2022-11-19,6,146
2022-11-19,7,140
2022-11-19,8,155
2022-11-19,9,80
2022-11-19,10,113
2022-11-19,11,110
2022-11-19,12,107
2022-11-19,13,88
2022-11-19,14,118
2022-11-19,15,88
2022-11-19,16,97
2022-11-19,17,110
2022-11-19,18,127
2022-11-19,19,167
2022-11-19,20,141
2022-11-19,21,146
2022-11-19,22,137
2022-11-19,23,133
2022-11-20,0,119
2022-11-20,1,111
2022-11-20,2,151
2022-11-20,3,146
2022-11-20,4,129
2022-11-20,5,112
2022-11-20,6,84
2022-11-20,7,98
2022-11-20,8,110
2022-11-20,9,93
2022-11-20,10,110
2022-11-20,11,97
2022-11-20,12,137
2022-11-20,13,123
2022-11-20,14,119
2022-11-20,15,138
2022-11-20,16,150
2022-11-20,17,101
2022-11-20,18,115
2022-11-20,19,124
2022-11-20,20,98
2022-11-20,21,124
2022-11-20,22,97
2022-11-20,23,93
2022-11-21,0,106
2022-11-21,1,141
2022-11-21,2,102
2022-11-21,3,115
2022-11-21,4,111
2022-11-21,5,105
2022-11-21,6,100
2022-11-21,7,97
2022-11-21,8,127
2022-11-21,9,111
2022-11-21,10,145
2022-11-21,11,134
2022-11-21,12,160
2022-11-21,13,119
2022-11-21,14,118
2022-11-21,15,118
2022-11-21,16,102
2022-11-21,17,119
2022-11-21,18,124
2022-11-21,19,119
2022-11-21,20,132
2022-11-21,21,109
2022-11-21,22,94
2022-11-21,23,75
2022-11-22,0,88
2022-11-22,1,63
2022-11-22,2,58
2022-11-22,3,62
2022-11-22,4,48
2022-11-22,5,58
2022-11-22,6,101
2022-11-22,7,97
2022-11-22,8,145
2022-11-22,9,132
2022-11-22,10,84
2022-11-22,11,80
2022-11-22,12,84
2022-11-22,13,80
2022-11-22,14,118
2022-11-22,15,101
2022-11-22,16,115
2022-11-22,17,128
2022-11-22,18,118
2022-11-22,19,97
2022-11-22,20,66
2022-11-22,21,52
2022-11-22,22,55
2022-11-22,23,70
2022-11-23,0,78
2022-11-23,1,58
2022-11-23,2,69
2022-11-23,3,54
2022-11-23,4,41
2022-11-23,5,27
2022-11-23,6,71
2022-11-23,7,80
2022-11-23,8,124
2022-11-23,9,120
2022-11-23,10,132
2022-11-23,11,129
2022-11-23,12,116
2022-11-23,13,105
2022-11-23,14,114
2022-11-23,15,123
2022-11-23,16,128
2022-11-23,17,132
2022-11-23,18,154
2022-11-23,19,106
2022-11-23,20,93
2022-11-23,21,132
2022-11-23,22,85
2022-11-23,23,101
2022-11-24,0,113
2022-11-24,1,84
2022-11-24,2,62
2022-11-24,3,58
2022-11-24,4,63
2022-11-24,5,66
2022-11-24,6,71
2022-11-24,7,75
2022-11-24,8,110
2022-11-24,9,105
2022-11-24,10,84
2022-11-24,11,102
2022-11-24,12,105
2022-11-24,13,127
2022-11-24,14,159
2022-11-24,15,138
2022-11-24,16,127
2022-11-24,17,119
2022-11-24,18,102
2022-11-24,19,109
2022-11-24,20,72
2022-11-24,21,110
2022-11-24,22,88
2022-11-24,23,72
2022-11-25,0,101
2022-11-25,1,58
2022-11-25,2,34
2022-11-25,3,71
2022-11-25,4,78
2022-11-25,5,97
2022-11-25,6,118
2022-11-25,7,133
2022-11-25,8,132
2022-11-25,9,129
2022-11-25,10,141
2022-11-25,11,154
2022-11-25,12,121
2022-11-25,13,132
2022-11-25,14,137
2022-11-25,15,172
2022-11-25,16,172
2022-11-25,17,152
2022-11-25,18,189
2022-11-25,19,150
2022-11-25,20,137
2022-11-25,21,149
2022-11-25,22,171
2022-11-25,23,171
2022-11-26,0,146
2022-11-26,1,89
2022-11-26,2,162
2022-11-26,3,110
2022-11-26,4,84
2022-11-26,5,84
2022-11-26,6,150
2022-11-26,7,136
2022-11-26,8,159
2022-11-26,9,84
2022-11-26,10,136
2022-11-26,11,119
2022-11-26,12,145
2022-11-26,13,124
2022-11-26,14,171
2022-11-26,15,101
2022-11-26,16,120
2022-11-26,17,111
2022-11-26,18,131
2022-11-26,19,181
2022-11-26,20,162
2022-11-26,21,138
2022-11-26,22,127
2022-11-26,23,124
2022-11-27,0,119
2022-11-27,1,106
2022-11-27,2,160
2022-11-27,3,149
2022-11-27,4,141
2022-11-27,5,132
2022-11-27,6,93
2022-11-27,7,102
2022-11-27,8,110
2022-11-27,9,93
2022-11-27,10,123
2022-11-27,11,102
2022-11-27,12,150
2022-11-27,13,132
2022-11-27,14,124
2022-11-27,15,145
2022-11-27,16,164
2022-11-27,17,110
2022-11-27,18,110
2022-11-27,19,119
2022-11-27,20,102
2022-11-27,21,128
2022-11-27,22,92
2022-11-27,23,80
2022-11-28,0,97
2022-11-28,1,150
2022-11-28,2,107
2022-11-28,3,120
2022-11-28,4,114
2022-11-28,5,97
2022-11-28,6,88
2022-11-28,7,101
2022-11-28,8,127
2022-11-28,9,107
2022-11-28,10,158
2022-11-28,11,138
2022-11-28,12,155
2022-11-28,13,133
2022-11-28,14,119
2022-11-28,15,120
2022-11-28,16,105
2022-11-28,17,119
2022-11-28,18,136
2022-11-28,19,115
2022-11-28,20,123
2022-11-28,21,107
2022-11-28,22,94
2022-11-28,23,84
2022-11-29,0,101
2022-11-29,1,54
2022-11-29,2,62
2022-11-29,3,61
2022-11-29,4,50
2022-11-29,5,58
2022-11-29,6,93
2022-11-29,7,98
2022-11-29,8,155
2022-11-29,9,128
2022-11-29,10,92
2022-11-29,11,85
2022-11-29,12,93
2022-11-29,13,88
2022-11-29,14,108
2022-11-29,15,102
2022-11-29,16,124
2022-11-29,17,124
2022-11-29,18,122
2022-11-29,19,96
2022-11-29,20,62
2022-11-29,21,58
2022-11-29,22,57
2022-11-29,23,76
2022-11-30,0,83
2022-11-30,1,71
2022-11-30,2,75
2022-11-30,3,54
2022-11-30,4,37
2022-11-30,5,27
2022-11-30,6,80
2022-11-30,7,80
2022-11-30,8,128
2022-11-30,9,128
2022-11-30,10,124
2022-11-30,11,128
2022-11-30,12,107
2022-11-30,13,101
2022-11-30,14,114
2022-11-30,15,115
2022-11-30,16,124
2022-11-30,17,160
2022-11-30,18,167
2022-11-30,19,102
2022-11-30,20,101
2022-11-30,21,124
2022-11-30,22,94
2022-11-30,23,118
2022-12-01,0,109
2022-12-01,1,88
2022-12-01,2,62
2022-12-01,3,49
2022-12-01,4,76
2022-12-01,5,56
2022-12-01,6,80
2022-12-01,7,67
2022-12-01,8,105
2022-12-01,9,100
2022-12-01,10,84
2022-12-01,11,104
2022-12-01,12,85
2022-12-01,13,110
2022-12-01,14,92
2022-12-01,15,121
2022-12-01,16,119
2022-12-01,17,110
2022-12-01,18,127
2022-12-01,19,107
2022-12-01,20,69
2022-12-01,21,88
2022-12-01,22,39
2022-12-01,23,37
2022-12-02,0,21
2022-12-02,1,52
2022-12-02,2,38
2022-12-02,3,55
2022-12-02,4,63
2022-12-02,5,43
2022-12-02,6,27
2022-12-02,7,75
2022-12-02,8,116
2022-12-02,9,95
2022-12-02,10,93
2022-12-02,11,147
2022-12-02,12,113
2022-12-02,13,98
2022-12-02,14,114
2022-12-02,15,106
2022-12-02,16,163
2022-12-02,17,177
2022-12-02,18,191
2022-12-02,19,114
2022-12-02,20,68
2022-12-02,21,47
2022-12-02,22,83
2022-12-02,23,152
2022-12-03,0,186
2022-12-03,1,107
2022-12-03,2,151
2022-12-03,3,86
2022-12-03,4,148
2022-12-03,5,71
2022-12-03,6,142
2022-12-03,7,41
2022-12-03,8,64
2022-12-03,9,142
2022-12-03,10,49
2022-12-03,11,103
2022-12-03,12,130
2022-12-03,13,117
2022-12-03,14,73
2022-12-03,15,90
2022-12-03,16,70
2022-12-03,17,80
2022-12-03,18,103
2022-12-03,19,142
2022-12-03,20,133
2022-12-03,21,198
2022-12-03,22,157
2022-12-03,23,115
2022-12-04,0,117
2022-12-04,1,92
2022-12-04,2,134
2022-12-04,3,136
2022-12-04,4,128
2022-12-04,5,123
2022-12-04,6,93
2022-12-04,7,102
2022-12-04,8,114
2022-12-04,9,71
2022-12-04,10,104
2022-12-04,11,101
2022-12-04,12,138
2022-12-04,13,75
2022-12-04,14,58
2022-12-04,15,69
2022-12-04,16,80
2022-12-04,17,87
2022-12-04,18,66
2022-12-04,19,70
2022-12-04,20,105
2022-12-04,21,44
2022-12-04,22,26
2022-12-04,23,60
2022-12-05,0,89
2022-12-05,1,66
2022-12-05,2,43
2022-12-05,3,13
2022-12-05,4,25
2022-12-05,5,119
2022-12-05,6,42
2022-12-05,7,49
2022-12-05,8,105
2022-12-05,9,109
2022-12-05,10,80
2022-12-05,11,128
2022-12-05,12,122
2022-12-05,13,82
2022-12-05,14,80
2022-12-05,15,93
2022-12-05,16,82
2022-12-05,17,100
2022-12-05,18,84
2022-12-05,19,77
2022-12-05,20,53
2022-12-05,21,27
2022-12-05,22,37
2022-12-05,23,96
2022-12-06,0,106
2022-12-06,1,54
2022-12-06,2,24
2022-12-06,3,3
2022-12-06,4,4
2022-12-06,5,8
2022-12-06,6,25
2022-12-06,7,47
2022-12-06,8,160
2022-12-06,9,153
2022-12-06,10,101
2022-12-06,11,87
2022-12-06,12,129
2022-12-06,13,115
2022-12-06,14,105
2022-12-06,15,105
2022-12-06,16,114
2022-12-06,17,116
2022-12-06,18,122
2022-12-06,19,97
2022-12-06,20,62
2022-12-06,21,54
2022-12-06,22,57
2022-12-06,23,57
2022-12-07,0,88
2022-12-07,1,71
2022-12-07,2,74
2022-12-07,3,58
2022-12-07,4,39
2022-12-07,5,27
2022-12-07,6,79
2022-12-07,7,76
2022-12-07,8,132
2022-12-07,9,124
2022-12-07,10,136
2022-12-07,11,128
2022-12-07,12,111
2022-12-07,13,115
2022-12-07,14,109
2022-12-07,15,123
2022-12-07,16,120
2022-12-07,17,172
2022-12-07,18,162
2022-12-07,19,108
2022-12-07,20,106
2022-12-07,21,140
2022-12-07,22,163
2022-12-07,23,125
2022-12-08,0,100
2022-12-08,1,93
2022-12-08,2,67
2022-12-08,3,70
2022-12-08,4,61
2022-12-08,5,66
2022-12-08,6,72
2022-12-08,7,75
2022-12-08,8,102
2022-12-08,9,101
2022-12-08,10,92
2022-12-08,11,97
2022-12-08,12,102
2022-12-08,13,123
2022-12-08,14,155
2022-12-08,15,128
2022-12-08,16,132
2022-12-08,17,124
2022-12-08,18,123
2022-12-08,19,127
2022-12-08,20,80
2022-12-08,21,114
2022-12-08,22,88
2022-12-08,23,84
2022-12-09,0,89
2022-12-09,1,67
2022-12-09,2,53
2022-12-09,3,63
2022-12-09,4,74
2022-12-09,5,84
2022-12-09,6,98
2022-12-09,7,119
2022-12-09,8,144
2022-12-09,9,119
2022-12-09,10,132
2022-12-09,11,172
2022-12-09,12,127
2022-12-09,13,140
2022-12-09,14,141
2022-12-09,15,168
2022-12-09,16,168
2022-12-09,17,165
2022-12-09,18,224
2022-12-09,19,177
2022-12-09,20,145
2022-12-09,21,137
2022-12-09,22,176
2022-12-09,23,195
2022-12-10,0,150
2022-12-10,1,102
2022-12-10,2,164
2022-12-10,3,115
2022-12-10,4,102
2022-12-10,5,97
2022-12-10,6,159
2022-12-10,7,119
2022-12-10,8,138
2022-12-10,9,98
2022-12-10,10,118
2022-12-10,11,127
2022-12-10,12,159
2022-12-10,13,128
2022-12-10,14,167
2022-12-10,15,111
2022-12-10,16,124
2022-12-10,17,111
2022-12-10,18,155
2022-12-10,19,172
2022-12-10,20,150
2022-12-10,21,138
2022-12-10,22,133
2022-12-10,23,124
2022-12-11,0,128
2022-12-11,1,106
2022-12-11,2,147
2022-12-11,3,141
2022-12-11,4,149
2022-12-11,5,111
2022-12-11,6,89
2022-12-11,7,102
2022-12-11,8,110
2022-12-11,9,97
2022-12-11,10,102
2022-12-11,11,106
2022-12-11,12,133
2022-12-11,13,118
2022-12-11,14,112
2022-12-11,15,127
2022-12-11,16,137
2022-12-11,17,111
2022-12-11,18,101
2022-12-11,19,123
2022-12-11,20,102
2022-12-11,21,119
2022-12-11,22,102
2022-12-11,23,92
2022-12-12,0,119
2022-12-12,1,138
2022-12-12,2,84
2022-12-12,3,106
2022-12-12,4,93
2022-12-12,5,101
2022-12-12,6,88
2022-12-12,7,88
2022-12-12,8,124
2022-12-12,9,119
2022-12-12,10,157
2022-12-12,11,150
2022-12-12,12,175
2022-12-12,13,138
2022-12-12,14,119
2022-12-12,15,137
2022-12-12,16,107
2022-12-12,17,132
2022-12-12,18,164
2022-12-12,19,119
2022-12-12,20,127
2022-12-12,21,93
2022-12-12,22,93
2022-12-12,23,88
2022-12-13,0,116
2022-12-13,1,71
2022-12-13,2,58
2022-12-13,3,53
2022-12-13,4,39
2022-12-13,5,40
2022-12-13,6,79
2022-12-13,7,79
2022-12-13,8,137
2022-12-13,9,132
2022-12-13,10,92
2022-12-13,11,84
2022-12-13,12,93
2022-12-13,13,93
2022-12-13,14,88
2022-12-13,15,69
2022-12-13,16,86
2022-12-13,17,103
2022-12-13,18,91
2022-12-13,19,59
2022-12-13,20,40
2022-12-13,21,37
2022-12-13,22,56
2022-12-13,23,46
2022-12-14,0,60
2022-12-14,1,70
2022-12-14,2,78
2022-12-14,3,58
2022-12-14,4,3
2022-12-14,5,4
2022-12-14,6,12
2022-12-14,7,52
2022-12-14,8,101
2022-12-14,9,132
2022-12-14,10,59
2022-12-14,11,94
2022-12-14,12,104
2022-12-14,13,78
2022-12-14,14,84
2022-12-14,15,95
2022-12-14,16,82
2022-12-14,17,117
2022-12-14,18,114
2022-12-14,19,77
2022-12-14,20,52
2022-12-14,21,47
2022-12-14,22,47
2022-12-14,23,27
2022-12-15,0,9
2022-12-15,1,5
2022-12-15,2,3
2022-12-15,3,2
2022-12-15,4,5
2022-12-15,5,7
2022-12-15,6,17
2022-12-15,7,50
2022-12-15,8,92
2022-12-15,9,119
2022-12-15,10,84
2022-12-15,11,93
2022-12-15,12,101
2022-12-15,13,128
2022-12-15,14,71
2022-12-15,15,81
2022-12-15,16,117
2022-12-15,17,143
2022-12-15,18,118
2022-12-15,19,108
2022-12-15,20,59
2022-12-15,21,47
2022-12-15,22,39
2022-12-15,23,33
2022-12-16,0,22
2022-12-16,1,6
2022-12-16,2,5
2022-12-16,3,4
2022-12-16,4,2
2022-12-16,5,56
2022-12-16,6,18
2022-12-16,7,55
2022-12-16,8,88
2022-12-16,9,107
2022-12-16,10,57
2022-12-16,11,96
2022-12-16,12,97
2022-12-16,13,99
2022-12-16,14,89
2022-12-16,15,93
2022-12-16,16,98
2022-12-16,17,139
2022-12-16,18,108
2022-12-16,19,145
2022-12-16,20,90
2022-12-16,21,58
2022-12-16,22,93
2022-12-16,23,68
2022-12-17,0,57
2022-12-17,1,17
2022-12-17,2,13
2022-12-17,3,17
2022-12-17,4,4
2022-12-17,5,7
2022-12-17,6,11
2022-12-17,7,66
2022-12-17,8,73
2022-12-17,9,44
2022-12-17,10,49
2022-12-17,11,78
2022-12-17,12,68
2022-12-17,13,94
2022-12-17,14,77
2022-12-17,15,76
2022-12-17,16,79
2022-12-17,17,97
2022-12-17,18,120
2022-12-17,19,101
2022-12-17,20,83
2022-12-17,21,40
2022-12-17,22,42
2022-12-17,23,67
2022-12-18,0,41
2022-12-18,1,46
2022-12-18,2,21
2022-12-18,3,19
2022-12-18,4,17
2022-12-18,5,9
2022-12-18,6,11
2022-12-18,7,80
2022-12-18,8,110
2022-12-18,9,97
2022-12-18,10,30
2022-12-18,11,56
2022-12-18,12,59
2022-12-18,13,67
2022-12-18,14,70
2022-12-18,15,62
2022-12-18,16,49
2022-12-18,17,42
2022-12-18,18,62
2022-12-18,19,53
2022-12-18,20,38
2022-12-18,21,25
2022-12-18,22,31
2022-12-18,23,24
2022-12-19,0,16
2022-12-19,14,112
2022-12-19,15,115
2022-12-19,16,97
2022-12-19,17,114
2022-12-19,18,119
2022-12-19,19,111
2022-12-19,20,118
2022-12-19,21,93
2022-12-19,22,93
2022-12-19,23,102
2022-12-20,0,120
2022-12-20,1,58
2022-12-20,2,61
2022-12-20,3,53
2022-12-20,4,52
2022-12-20,5,45
2022-12-20,6,83
2022-12-20,7,83
2022-12-20,8,141
2022-12-20,9,128
2022-12-20,10,84
2022-12-20,11,84
2022-12-20,12,85
2022-12-20,13,88
2022-12-20,14,109
2022-12-20,15,103
2022-12-20,16,120
2022-12-20,17,120
2022-12-20,18,123
2022-12-20,19,101
2022-12-20,20,62
2022-12-20,21,62
2022-12-20,22,61
2022-12-20,23,76
2022-12-21,0,114
2022-12-21,1,98
2022-12-21,2,96
2022-12-21,3,88
2022-12-21,4,40
2022-12-21,5,27
2022-12-21,6,61
2022-12-21,7,76
2022-12-21,8,114
2022-12-21,9,115
2022-12-21,10,116
2022-12-21,11,124
2022-12-21,12,106
2022-12-21,13,115
2022-12-21,14,111
2022-12-21,15,124
2022-12-21,16,120
2022-12-21,17,132
2022-12-21,18,127
2022-12-21,19,93
2022-12-21,20,92
2022-12-21,21,124
2022-12-21,22,98
2022-12-21,23,106
2022-12-22,0,119
2022-12-22,1,97
2022-12-22,2,71
2022-12-22,3,54
2022-12-22,4,58
2022-12-22,5,57
2022-12-22,6,57
2022-12-22,7,58
2022-12-22,8,100
2022-12-22,9,84
2022-12-22,10,84
2022-12-22,11,92
2022-12-22,12,101
2022-12-22,13,148
2022-12-22,14,145
2022-12-22,15,128
2022-12-22,16,118
2022-12-22,17,127
2022-12-22,18,123
2022-12-22,19,110
2022-12-22,20,72
2022-12-22,21,88
2022-12-22,22,71
2022-12-22,23,52
2022-12-23,0,79
2022-12-23,1,61
2022-12-23,2,49
2022-12-23,3,63
2022-12-23,4,70
2022-12-23,5,75
2022-12-23,6,84
2022-12-23,7,97
2022-12-23,8,109
2022-12-23,9,97
2022-12-23,10,108
2022-12-23,11,128
2022-12-23,12,106
2022-12-23,13,120
2022-12-23,14,120
2022-12-23,15,144
2022-12-23,16,146
2022-12-23,17,115
2022-12-23,18,142
2022-12-23,19,134
2022-12-23,20,115
2022-12-23,21,111
2022-12-23,22,123
2022-12-23,23,123
2022-12-24,0,89
2022-12-24,1,63
2022-12-24,2,97
2022-12-24,3,62
2022-12-24,4,75
2022-12-24,5,62
2022-12-24,6,119
2022-12-24,7,110
2022-12-24,8,124
2022-12-24,9,76
2022-12-24,10,101
2022-12-24,11,101
2022-12-24,12,123
2022-12-24,13,93
2022-12-24,14,101
2022-12-24,15,88
2022-12-24,16,88
2022-12-24,17,92
2022-12-24,18,105
2022-12-24,19,120
2022-12-24,20,110
2022-12-24,21,102
2022-12-24,22,84
2022-12-24,23,72
2022-12-25,0,53
2022-12-25,1,40
2022-12-25,2,49
2022-12-25,3,57
2022-12-25,4,59
2022-12-25,5,62
2022-12-25,6,58
2022-12-25,7,94
2022-12-25,8,114
2022-12-25,9,93
2022-12-25,10,92
2022-12-25,11,93
2022-12-25,12,115
2022-12-25,13,96
2022-12-25,14,88
2022-12-25,15,102
2022-12-25,16,113
2022-12-25,17,76
2022-12-25,18,76
2022-12-25,19,79
2022-12-25,20,71
2022-12-25,21,80
2022-12-25,22,57
2022-12-25,23,62
2022-12-26,0,54
2022-12-26,1,92
2022-12-26,2,57
2022-12-26,3,76
2022-12-26,4,64
2022-12-26,5,76
2022-12-26,6,62
2022-12-26,7,84
2022-12-26,8,114
2022-12-26,9,89
2022-12-26,10,92
2022-12-26,11,106
2022-12-26,12,123
2022-12-26,13,89
2022-12-26,14,97
2022-12-26,15,100
2022-12-26,16,84
2022-12-26,17,96
2022-12-26,18,105
2022-12-26,19,102
2022-12-26,20,105
2022-12-26,21,84
2022-12-26,22,80
2022-12-26,23,88
2022-12-27,0,107
2022-12-27,1,67
2022-12-27,2,70
2022-12-27,3,63
2022-12-27,4,75
2022-12-27,5,57
2022-12-27,6,71
2022-12-27,7,71
2022-12-27,8,119
2022-12-27,9,101
2022-12-27,10,76
2022-12-27,11,62
2022-12-27,12,80
2022-12-27,13,88
2022-12-27,14,104
2022-12-27,15,88
2022-12-27,16,105
2022-12-27,17,102
2022-12-27,18,99
2022-12-27,19,96
2022-12-27,20,53
2022-12-27,21,53
2022-12-27,22,57
2022-12-27,23,62
2022-12-28,0,96
2022-12-28,1,80
2022-12-28,2,82
2022-12-28,3,62
2022-12-28,4,34
2022-12-28,5,31
2022-12-28,6,57
2022-12-28,7,75
2022-12-28,8,110
2022-12-28,9,114
2022-12-28,10,110
2022-12-28,11,109
2022-12-28,12,105
2022-12-28,13,100
2022-12-28,14,106
2022-12-28,15,115
2022-12-28,16,109
2022-12-28,17,144
2022-12-28,18,123
2022-12-28,19,93
2022-12-28,20,78
2022-12-28,21,109
2022-12-28,22,85
2022-12-28,23,87
2022-12-29,0,90
2022-12-29,1,84
2022-12-29,2,58
2022-12-29,3,49
2022-12-29,4,53
2022-12-29,5,52
2022-12-29,6,62
2022-12-29,7,66
2022-12-29,8,105
2022-12-29,9,97
2022-12-29,10,69
2022-12-29,11,96
2022-12-29,12,92
2022-12-29,13,140
2022-12-29,14,125
2022-12-29,15,128
2022-12-29,16,123
2022-12-29,17,123
2022-12-29,18,115
2022-12-29,19,100
2022-12-29,20,71
2022-12-29,21,92
2022-12-29,22,62
2022-12-29,23,52
2022-12-30,0,57
2022-12-30,1,45
2022-12-30,2,31
2022-12-30,3,40
2022-12-30,4,57
2022-12-30,5,80
2022-12-30,6,88
2022-12-30,7,105
2022-12-30,8,114
2022-12-30,9,102
2022-12-30,10,105
2022-12-30,11,127
2022-12-30,12,110
2022-12-30,13,114
2022-12-30,14,115
2022-12-30,15,132
2022-12-30,16,150
2022-12-30,17,124
2022-12-30,18,138
2022-12-30,19,142
2022-12-30,20,106
2022-12-30,21,106
2022-12-30,22,140
2022-12-30,23,123
2022-12-31,0,110
2022-12-31,1,58
2022-12-31,2,97
2022-12-31,3,67
2022-12-31,4,71
2022-12-31,5,69
2022-12-31,6,127
2022-12-31,7,107
2022-12-31,8,124
2022-12-31,9,76
2022-12-31,10,96
2022-12-31,11,96
2022-12-31,12,110
2022-12-31,13,97
2022-12-31,14,106
2022-12-31,15,88
2022-12-31,16,93
2022-12-31,17,88
2022-12-31,18,115
2022-12-31,19,123
2022-12-31,20,119
2022-12-31,21,128
2022-12-31,22,106
2022-12-31,23,93
2023-01-01,0,80
2023-01-01,1,72
2023-01-01,2,115
2023-01-01,3,122
2023-01-01,4,115
2023-01-01,5,104
2023-01-01,6,79
2023-01-01,7,98
2023-01-01,8,114
2023-01-01,9,93
2023-01-01,10,92
2023-01-01,11,80
2023-01-01,12,111
2023-01-01,13,88
2023-01-01,14,84
2023-01-01,15,88
2023-01-01,16,97
2023-01-01,17,80
2023-01-01,18,80
2023-01-01,19,75
2023-01-01,20,76
2023-01-01,21,80
2023-01-01,22,62
2023-01-01,23,62
2023-01-02,0,70
2023-01-02,1,92
2023-01-02,2,58
2023-01-02,3,76
2023-01-02,4,64
2023-01-02,5,80
2023-01-02,6,62
2023-01-02,7,75
2023-01-02,8,102
2023-01-02,9,84
2023-01-02,10,101
2023-01-02,11,114
2023-01-02,12,127
2023-01-02,13,93
2023-01-02,14,101
2023-01-02,15,104
2023-01-02,16,93
2023-01-02,17,105
2023-01-02,18,115
2023-01-02,19,101
2023-01-02,20,109
2023-01-02,21,80
2023-01-02,22,80
2023-01-02,23,84
2023-01-03,0,115
2023-01-03,1,66
2023-01-03,2,66
2023-01-03,3,57
2023-01-03,4,43
2023-01-03,5,45
2023-01-03,6,71
2023-01-03,7,79
2023-01-03,8,136
2023-01-03,9,105
2023-01-03,10,72
2023-01-03,11,67
2023-01-03,12,76
2023-01-03,13,88
2023-01-03,14,104
2023-01-03,15,93
2023-01-03,16,110
2023-01-03,17,119
2023-01-03,18,106
2023-01-03,19,84
2023-01-03,20,58
2023-01-03,21,49
2023-01-03,22,44
2023-01-03,23,57
2023-01-04,0,74
2023-01-04,1,62
2023-01-04,2,74
2023-01-04,3,58
2023-01-04,4,26
2023-01-04,5,18
2023-01-04,6,57
2023-01-04,7,76
2023-01-04,8,119
2023-01-04,9,115
2023-01-04,10,97
2023-01-04,11,111
2023-01-04,12,92
2023-01-04,13,88
2023-01-04,14,96
2023-01-04,15,116
2023-01-04,16,101
2023-01-04,17,128
2023-01-04,18,127
2023-01-04,19,84
2023-01-04,20,76
2023-01-04,21,96
2023-01-04,22,70
2023-01-04,23,76
2023-01-05,0,71
2023-01-05,1,66
2023-01-05,2,48
2023-01-05,3,34
2023-01-05,4,49
2023-01-05,5,44
2023-01-05,6,67
2023-01-05,7,66
2023-01-05,8,115
2023-01-05,9,97
2023-01-05,10,76
2023-01-05,11,84
2023-01-05,12,88
2023-01-05,13,123
2023-01-05,14,115
2023-01-05,15,107
2023-01-05,16,122
2023-01-05,17,119
2023-01-05,18,110
2023-01-05,19,88
2023-01-05,20,57
2023-01-05,21,84
2023-01-05,22,52
2023-01-05,23,44
2023-01-06,0,53
2023-01-06,1,39
2023-01-06,2,31
2023-01-06,3,48
2023-01-06,4,53
2023-01-06,5,70
2023-01-06,6,75
2023-01-06,7,105
2023-01-06,8,118
2023-01-06,9,110
2023-01-06,10,109
2023-01-06,11,118
2023-01-06,12,97
2023-01-06,13,115
2023-01-06,14,110
2023-01-06,15,128
2023-01-06,16,150
2023-01-06,17,138
2023-01-06,18,143
2023-01-06,19,123
2023-01-06,20,110
2023-01-06,21,97
2023-01-06,22,115
2023-01-06,23,115
2023-01-07,0,110
2023-01-07,1,62
2023-01-07,2,101
2023-01-07,3,68
2023-01-07,4,71
2023-01-07,5,57
2023-01-07,6,114
2023-01-07,7,103
2023-01-07,8,123
2023-01-07,9,85
2023-01-07,10,101
2023-01-07,11,105
2023-01-07,12,123
2023-01-07,13,101
2023-01-07,14,111
2023-01-07,15,88
2023-01-07,16,100
2023-01-07,17,96
2023-01-07,18,132
2023-01-07,19,137
2023-01-07,20,128
2023-01-07,21,124
2023-01-07,22,106
2023-01-07,23,93
2023-01-08,0,84
2023-01-08,1,71
2023-01-08,2,84
2023-01-08,3,115
2023-01-08,4,84
2023-01-08,5,88
2023-01-08,6,71
2023-01-08,7,98
2023-01-08,8,110
2023-01-08,9,92
2023-01-08,10,79
2023-01-08,11,88
2023-01-08,12,114
2023-01-08,13,92
2023-01-08,14,89
2023-01-08,15,102
2023-01-08,16,109
2023-01-08,17,84
2023-01-08,18,88
2023-01-08,19,96
2023-01-08,20,80
2023-01-08,21,93
2023-01-08,22,66
2023-01-08,23,66
2023-01-09,0,70
2023-01-09,1,101
2023-01-09,2,71
2023-01-09,3,80
2023-01-09,4,68
2023-01-09,5,88
2023-01-09,6,71
2023-01-09,7,84
2023-01-09,8,115
2023-01-09,9,109
2023-01-09,10,110
2023-01-09,11,123
2023-01-09,12,141
2023-01-09,13,105
2023-01-09,14,113
2023-01-09,15,109
2023-01-09,16,97
2023-01-09,17,120
2023-01-09,18,137
2023-01-09,19,107
2023-01-09,20,110
2023-01-09,21,81
2023-01-09,22,76
2023-01-09,23,76
2023-01-10,0,98
2023-01-10,1,49
2023-01-10,2,44
2023-01-10,3,53
2023-01-10,4,35
2023-01-10,5,58
2023-01-10,6,123
2023-01-10,7,79
2023-01-10,8,141
2023-01-10,9,123
2023-01-10,10,84
2023-01-10,11,80
2023-01-10,12,89
2023-01-10,13,88
2023-01-10,14,100
2023-01-10,15,102
2023-01-10,16,113
2023-01-10,17,124
2023-01-10,18,114
2023-01-10,19,90
2023-01-10,20,57
2023-01-10,21,53
2023-01-10,22,53
2023-01-10,23,52
2023-01-11,0,79
2023-01-11,1,58
2023-01-11,2,62
2023-01-11,3,58
2023-01-11,4,26
2023-01-11,5,21
2023-01-11,6,59
2023-01-11,7,80
2023-01-11,8,114
2023-01-11,9,137
2023-01-11,10,110
2023-01-11,11,115
2023-01-11,12,106
2023-01-11,13,89
2023-01-11,14,101
2023-01-11,15,109
2023-01-11,16,110
2023-01-11,17,150
2023-01-11,18,140
2023-01-11,19,88
2023-01-11,20,84
2023-01-11,21,110
2023-01-11,22,71
2023-01-11,23,80
2023-01-12,0,84
2023-01-12,1,62
2023-01-12,2,52
2023-01-12,3,34
2023-01-12,4,49
2023-01-12,5,48
2023-01-12,6,67
2023-01-12,7,71
2023-01-12,8,101
2023-01-12,9,114
2023-01-12,10,80
2023-01-12,11,88
2023-01-12,12,84
2023-01-12,13,122
2023-01-12,14,115
2023-01-12,15,107
2023-01-12,16,119
2023-01-12,17,124
2023-01-12,18,115
2023-01-12,19,96
2023-01-12,20,62
2023-01-12,21,88
2023-01-12,22,53
2023-01-12,23,48
2023-01-13,0,57
2023-01-13,1,44
2023-01-13,2,31
2023-01-13,3,52
2023-01-13,4,57
2023-01-13,5,83
2023-01-13,6,83
2023-01-13,7,101
2023-01-13,8,119
2023-01-13,9,102
2023-01-13,10,96
2023-01-13,11,118
2023-01-13,12,101
2023-01-13,13,114
2023-01-13,14,110
2023-01-13,15,136
2023-01-13,16,145
2023-01-13,17,129
2023-01-13,18,150
2023-01-13,19,127
2023-01-13,20,110
2023-01-13,21,102
2023-01-13,22,135
2023-01-13,23,116
2023-01-14,0,119
2023-01-14,1,62
2023-01-14,2,97
2023-01-14,3,75
2023-01-14,4,67
2023-01-14,5,57
2023-01-14,6,120
2023-01-14,7,103
2023-01-14,8,132
2023-01-14,9,85
2023-01-14,10,105
2023-01-14,11,106
2023-01-14,12,114
2023-01-14,13,101
2023-01-14,14,107
2023-01-14,15,85
2023-01-14,16,92
2023-01-14,17,96
2023-01-14,18,115
2023-01-14,19,137
2023-01-14,20,123
2023-01-14,21,128
2023-01-14,22,114
2023-01-14,23,100
2023-01-15,0,92
2023-01-15,1,75
2023-01-15,2,97
2023-01-15,3,109
2023-01-15,4,96
2023-01-15,5,96
2023-01-15,6,75
2023-01-15,7,98
2023-01-15,8,110
2023-01-15,9,93
2023-01-15,10,88
2023-01-15,11,88
2023-01-15,12,119
2023-01-15,13,92
2023-01-15,14,92
2023-01-15,15,114
2023-01-15,16,113
2023-01-15,17,88
2023-01-15,18,97
2023-01-15,19,97
2023-01-15,20,80
2023-01-15,21,93
2023-01-15,22,71
2023-01-15,23,67
2023-01-16,0,74
2023-01-16,1,101
2023-01-16,2,75
2023-01-16,3,85
2023-01-16,4,68
2023-01-16,5,84
2023-01-16,6,67
2023-01-16,7,80
2023-01-16,8,122
2023-01-16,9,109
2023-01-16,10,118
2023-01-16,11,133
2023-01-16,12,142
2023-01-16,13,105
2023-01-16,14,113
2023-01-16,15,115
2023-01-16,16,101
2023-01-16,17,128
2023-01-16,18,128
2023-01-16,19,111
2023-01-16,20,118
2023-01-16,21,85
2023-01-16,22,84
2023-01-16,23,76
2023-01-17,0,97
2023-01-17,1,53
2023-01-17,2,49
2023-01-17,3,49
2023-01-17,4,47
2023-01-17,5,53
2023-01-17,6,80
2023-01-17,7,92
2023-01-17,8,153
2023-01-17,9,133
2023-01-17,10,76
2023-01-17,11,72
2023-01-17,12,93
2023-01-17,13,88
2023-01-17,14,100
2023-01-17,15,97
2023-01-17,16,119
2023-01-17,17,120
2023-01-17,18,106
2023-01-17,19,92
2023-01-17,20,58
2023-01-17,21,57
2023-01-17,22,53
2023-01-17,23,62
2023-01-18,0,79
2023-01-18,1,67
2023-01-18,2,71
2023-01-18,3,62
2023-01-18,4,26
2023-01-18,5,22
2023-01-18,6,66
2023-01-18,7,72
2023-01-18,8,115
2023-01-18,9,125
2023-01-18,10,98
2023-01-18,11,124
2023-01-18,12,96
2023-01-18,13,93
2023-01-18,14,97
2023-01-18,15,110
2023-01-18,16,111
2023-01-18,17,150
2023-01-18,18,145
2023-01-18,19,97
2023-01-18,20,88
2023-01-18,21,114
2023-01-18,22,88
2023-01-18,23,84
2023-01-19,0,84
2023-01-19,1,75
2023-01-19,2,53
2023-01-19,3,35
2023-01-19,4,53
2023-01-19,5,52
2023-01-19,6,66
2023-01-19,7,66
2023-01-19,8,110
2023-01-19,9,106
2023-01-19,10,84
2023-01-19,11,96
2023-01-19,12,93
2023-01-19,13,132
2023-01-19,14,128
2023-01-19,15,111
2023-01-19,16,158
2023-01-19,17,118
2023-01-19,18,123
2023-01-19,19,106
2023-01-19,20,69
2023-01-19,21,89
2023-01-19,22,58
2023-01-19,23,57
2023-01-20,0,57
2023-01-20,1,49
2023-01-20,2,31
2023-01-20,3,57
2023-01-20,4,53
2023-01-20,5,75
2023-01-20,6,88
2023-01-20,7,97
2023-01-20,8,124
2023-01-20,9,119
2023-01-20,10,105
2023-01-20,11,109
2023-01-20,12,111
2023-01-20,13,119
2023-01-20,14,112
2023-01-20,15,140
2023-01-20,16,150
2023-01-20,17,130
2023-01-20,18,159
2023-01-20,19,128
2023-01-20,20,114
2023-01-20,21,115
2023-01-20,22,135
2023-01-20,23,133
2023-01-21,0,114
2023-01-21,1,71
2023-01-21,2,115
2023-01-21,3,80
2023-01-21,4,75
2023-01-21,5,74
2023-01-21,6,122
2023-01-21,7,111
2023-01-21,8,124
2023-01-21,9,85
2023-01-21,10,97
2023-01-21,11,110
2023-01-21,12,124
2023-01-21,13,93
2023-01-21,14,111
2023-01-21,15,84
2023-01-21,16,92
2023-01-21,17,97
2023-01-21,18,119
2023-01-21,19,137
2023-01-21,20,127
2023-01-21,21,111
2023-01-21,22,114
2023-01-21,23,119
2023-01-22,0,106
2023-01-22,1,76
2023-01-22,2,103
2023-01-22,3,131
2023-01-22,4,102
2023-01-22,5,105
2023-01-22,6,71
2023-01-22,7,94
2023-01-22,8,110
2023-01-22,9,97
2023-01-22,10,97
2023-01-22,11,88
2023-01-22,12,115
2023-01-22,13,96
2023-01-22,14,97
2023-01-22,15,106
2023-01-22,16,116
2023-01-22,17,93
2023-01-22,18,92
2023-01-22,19,92
2023-01-22,20,80
2023-01-22,21,89
2023-01-22,22,71
2023-01-22,23,80
2023-01-23,0,79
2023-01-23,1,110
2023-01-23,2,71
2023-01-23,3,76
2023-01-23,4,80
2023-01-23,5,100
2023-01-23,6,75
2023-01-23,7,79
2023-01-23,8,115
2023-01-23,9,105
2023-01-23,10,119
2023-01-23,11,124
2023-01-23,12,146
2023-01-23,13,106
2023-01-23,14,113
2023-01-23,15,111
2023-01-23,16,105
2023-01-23,17,124
2023-01-23,18,128
2023-01-23,19,114
2023-01-23,20,110
2023-01-23,21,81
2023-01-23,22,85
2023-01-23,23,88
2023-01-24,0,98
2023-01-24,1,54
2023-01-24,2,56
2023-01-24,3,53
2023-01-24,4,36
2023-01-24,5,45
2023-01-24,6,79
2023-01-24,7,93
2023-01-24,8,149
2023-01-24,9,132
2023-01-24,10,80
2023-01-24,11,76
2023-01-24,12,85
2023-01-24,13,88
2023-01-24,14,104
2023-01-24,15,101
2023-01-24,16,115
2023-01-24,17,130
2023-01-24,18,114
2023-01-24,19,105
2023-01-24,20,66
2023-01-24,21,57
2023-01-24,22,57
2023-01-24,23,67
2023-01-25,0,78
2023-01-25,1,58
2023-01-25,2,62
2023-01-25,3,54
2023-01-25,4,26
2023-01-25,5,27
2023-01-25,6,62
2023-01-25,7,88
2023-01-25,8,105
2023-01-25,9,129
2023-01-25,10,115
2023-01-25,11,115
2023-01-25,12,110
2023-01-25,13,97
2023-01-25,14,92
2023-01-25,15,81
2023-01-25,16,111
2023-01-25,17,145
2023-01-25,18,149
2023-01-25,19,97
2023-01-25,20,80
2023-01-25,21,115
2023-01-25,22,76
2023-01-25,23,88
2023-01-26,0,84
2023-01-26,1,62
2023-01-26,2,53
2023-01-26,3,40
2023-01-26,4,49
2023-01-26,5,44
2023-01-26,6,71
2023-01-26,7,70
2023-01-26,8,105
2023-01-26,9,114
2023-01-26,10,84
2023-01-26,11,88
2023-01-26,12,96
2023-01-26,13,114
2023-01-26,14,129
2023-01-26,15,119
2023-01-26,16,119
2023-01-26,17,128
2023-01-26,18,127
2023-01-26,19,110
2023-01-26,20,67
2023-01-26,21,93
2023-01-26,22,57
2023-01-26,23,52
2023-01-27,0,57
2023-01-27,1,44
2023-01-27,2,32
2023-01-27,3,52
2023-01-27,4,53
2023-01-27,5,75
2023-01-27,6,92
2023-01-27,7,102
2023-01-27,8,124
2023-01-27,9,119
2023-01-27,10,114
2023-01-27,11,136
2023-01-27,12,114
2023-01-27,13,137
2023-01-27,14,142
2023-01-27,15,180
2023-01-27,16,198
2023-01-27,17,160
2023-01-27,18,190
2023-01-27,19,158
2023-01-27,20,128
2023-01-27,21,111
2023-01-27,22,128
2023-01-27,23,133
2023-01-28,0,115
2023-01-28,1,53
2023-01-28,2,114
2023-01-28,3,72
2023-01-28,4,67
2023-01-28,5,74
2023-01-28,6,119
2023-01-28,7,111
2023-01-28,8,128
2023-01-28,9,84
2023-01-28,10,100
2023-01-28,11,97
2023-01-28,12,106
2023-01-28,13,84
2023-01-28,14,92
2023-01-28,15,80
2023-01-28,16,88
2023-01-28,17,88
2023-01-28,18,105
2023-01-28,19,133
2023-01-28,20,119
2023-01-28,21,128
2023-01-28,22,110
2023-01-28,23,96
2023-01-29,0,97
2023-01-29,1,71
2023-01-29,2,110
2023-01-29,3,115
2023-01-29,4,110
2023-01-29,5,93
2023-01-29,6,83
2023-01-29,7,102
2023-01-29,8,110
2023-01-29,9,88
2023-01-29,10,88
2023-01-29,11,92
2023-01-29,12,114
2023-01-29,13,101
2023-01-29,14,97
2023-01-29,15,115
2023-01-29,16,118
2023-01-29,17,88
2023-01-29,18,92
2023-01-29,19,92
2023-01-29,20,80
2023-01-29,21,89
2023-01-29,22,71
2023-01-29,23,67
2023-01-30,0,70
2023-01-30,1,101
2023-01-30,2,63
2023-01-30,3,76
2023-01-30,4,72
2023-01-30,5,88
2023-01-30,6,76
2023-01-30,7,79
2023-01-30,8,120
2023-01-30,9,105
2023-01-30,10,114
2023-01-30,11,129
2023-01-30,12,140
2023-01-30,13,113
2023-01-30,14,109
2023-01-30,15,115
2023-01-30,16,92
2023-01-30,17,116
2023-01-30,18,137
2023-01-30,19,111
2023-01-30,20,118
2023-01-30,21,89
2023-01-30,22,80
2023-01-30,23,83
2023-01-31,0,102
2023-01-31,1,49
2023-01-31,2,52
2023-01-31,3,45
2023-01-31,4,43
2023-01-31,5,44
2023-01-31,6,76
2023-01-31,7,88
2023-01-31,8,145
2023-01-31,9,132
2023-01-31,10,84
2023-01-31,11,76
2023-01-31,12,93
2023-01-31,13,88
2023-01-31,14,100
2023-01-31,15,97
2023-01-31,16,119
2023-01-31,17,125
2023-01-31,18,126
2023-01-31,19,96
2023-01-31,20,62
2023-01-31,21,53
2023-01-31,22,61
2023-01-31,23,66
2023-02-01,0,109
2023-02-01,1,71
2023-02-01,2,66
2023-02-01,3,66
2023-02-01,4,26
2023-02-01,5,22
2023-02-01,6,71
2023-02-01,7,80
2023-02-01,8,111
2023-02-01,9,125
2023-02-01,10,115
2023-02-01,11,119
2023-02-01,12,106
2023-02-01,13,97
2023-02-01,14,96
2023-02-01,15,115
2023-02-01,16,110
2023-02-01,17,141
2023-02-01,18,136
2023-02-01,19,92
2023-02-01,20,93
2023-02-01,21,106
2023-02-01,22,97
2023-02-01,23,84
2023-02-02,0,80
2023-02-02,1,66
2023-02-02,2,56
2023-02-02,3,45
2023-02-02,4,49
2023-02-02,5,50
2023-02-02,6,62
2023-02-02,7,67
2023-02-02,8,101
2023-02-02,9,89
2023-02-02,10,92
2023-02-02,11,96
2023-02-02,12,106
2023-02-02,13,128
2023-02-02,14,128
2023-02-02,15,112
2023-02-02,16,120
2023-02-02,17,124
2023-02-02,18,124
2023-02-02,19,97
2023-02-02,20,76
2023-02-02,21,97
2023-02-02,22,67
2023-02-02,23,52
2023-02-03,0,66
2023-02-03,1,49
2023-02-03,2,40
2023-02-03,3,57
2023-02-03,4,53
2023-02-03,5,96
2023-02-03,6,92
2023-02-03,7,97
2023-02-03,8,119
2023-02-03,9,115
2023-02-03,10,101
2023-02-03,11,123
2023-02-03,12,105
2023-02-03,13,115
2023-02-03,14,111
2023-02-03,15,129
2023-02-03,16,150
2023-02-03,17,133
2023-02-03,18,155
2023-02-03,19,131
2023-02-03,20,119
2023-02-03,21,115
2023-02-03,22,137
2023-02-03,23,137
2023-02-04,0,119
2023-02-04,1,67
2023-02-04,2,124
2023-02-04,3,89
2023-02-04,4,80
2023-02-04,5,74
2023-02-04,6,137
2023-02-04,7,111
2023-02-04,8,132
2023-02-04,9,93
2023-02-04,10,100
2023-02-04,11,106
2023-02-04,12,127
2023-02-04,13,109
2023-02-04,14,119
2023-02-04,15,93
2023-02-04,16,100
2023-02-04,17,96
2023-02-04,18,119
2023-02-04,19,141
2023-02-04,20,136
2023-02-04,21,123
2023-02-04,22,110
2023-02-04,23,110
2023-02-05,0,106
2023-02-05,1,89
2023-02-05,2,129
2023-02-05,3,140
2023-02-05,4,132
2023-02-05,5,115
2023-02-05,6,96
2023-02-05,7,94
2023-02-05,8,114
2023-02-05,9,96
2023-02-05,10,88
2023-02-05,11,88
2023-02-05,12,115
2023-02-05,13,96
2023-02-05,14,93
2023-02-05,15,115
2023-02-05,16,119
2023-02-05,17,92
2023-02-05,18,96
2023-02-05,19,88
2023-02-05,20,85
2023-02-05,21,89
2023-02-05,22,71
2023-02-05,23,83
2023-02-06,0,70
2023-02-06,1,93
2023-02-06,2,72
2023-02-06,3,80
2023-02-06,4,72
2023-02-06,5,101
2023-02-06,6,75
2023-02-06,7,66
2023-02-06,8,107
2023-02-06,9,101
2023-02-06,10,109
2023-02-06,11,136
2023-02-06,12,133
2023-02-06,13,124
2023-02-06,14,140
2023-02-06,15,109
2023-02-06,16,106
2023-02-06,17,128
2023-02-06,18,132
2023-02-06,19,111
2023-02-06,20,106
2023-02-06,21,72
2023-02-06,22,80
2023-02-06,23,81
2023-02-07,0,110
2023-02-07,1,53
2023-02-07,2,48
2023-02-07,3,53
2023-02-07,4,43
2023-02-07,5,45
2023-02-07,6,63
2023-02-07,7,92
2023-02-07,8,136
2023-02-07,9,123
2023-02-07,10,88
2023-02-07,11,76
2023-02-07,12,93
2023-02-07,13,88
2023-02-07,14,103
2023-02-07,15,94
2023-02-07,16,126
2023-02-07,17,129
2023-02-07,18,118
2023-02-07,19,96
2023-02-07,20,58
2023-02-07,21,53
2023-02-07,22,53
2023-02-07,23,53
2023-02-08,0,74
2023-02-08,1,67
2023-02-08,2,71
2023-02-08,3,67
2023-02-08,4,30
2023-02-08,5,21
2023-02-08,6,66
2023-02-08,7,76
2023-02-08,8,122
2023-02-08,9,127
2023-02-08,10,115
2023-02-08,11,124
2023-02-08,12,96
2023-02-08,13,85
2023-02-08,14,96
2023-02-08,15,110
2023-02-08,16,110
2023-02-08,17,136
2023-02-08,18,141
2023-02-08,19,88
2023-02-08,20,81
2023-02-08,21,120
2023-02-08,22,72
2023-02-08,23,93
2023-02-09,0,87
2023-02-09,1,72
2023-02-09,2,57
2023-02-09,3,57
2023-02-09,4,63
2023-02-09,5,57
2023-02-09,6,75
2023-02-09,7,71
2023-02-09,8,115
2023-02-09,9,110
2023-02-09,10,84
2023-02-09,11,96
2023-02-09,12,96
2023-02-09,13,124
2023-02-09,14,132
2023-02-09,15,120
2023-02-09,16,127
2023-02-09,17,124
2023-02-09,18,120
2023-02-09,19,101
2023-02-09,20,67
2023-02-09,21,92
2023-02-09,22,58
2023-02-09,23,53
2023-02-10,0,53
2023-02-10,1,36
2023-02-10,2,31
2023-02-10,3,52
2023-02-10,4,52
2023-02-10,5,83
2023-02-10,6,96
2023-02-10,7,93
2023-02-10,8,119
2023-02-10,9,110
2023-02-10,10,110
2023-02-10,11,128
2023-02-10,12,106
2023-02-10,13,110
2023-02-10,14,110
2023-02-10,15,136
2023-02-10,16,155
2023-02-10,17,146
2023-02-10,18,150
2023-02-10,19,130
2023-02-10,20,127
2023-02-10,21,119
2023-02-10,22,149
2023-02-10,23,132
2023-02-11,0,127
2023-02-11,1,71
2023-02-11,2,106
2023-02-11,3,76
2023-02-11,4,79
2023-02-11,5,75
2023-02-11,6,132
2023-02-11,7,111
2023-02-11,8,128
2023-02-11,9,84
2023-02-11,10,101
2023-02-11,11,106
2023-02-11,12,128
2023-02-11,13,109
2023-02-11,14,115
2023-02-11,15,88
2023-02-11,16,100
2023-02-11,17,92
2023-02-11,18,119
2023-02-11,19,141
2023-02-11,20,132
2023-02-11,21,136
2023-02-11,22,110
2023-02-11,23,96
2023-02-12,0,96
2023-02-12,1,75
2023-02-12,2,115
2023-02-12,3,114
2023-02-12,4,88
2023-02-12,5,101
2023-02-12,6,72
2023-02-12,7,98
2023-02-12,8,115
2023-02-12,9,92
2023-02-12,10,92
2023-02-12,11,93
2023-02-12,12,123
2023-02-12,13,106
2023-02-12,14,102
2023-02-12,15,115
2023-02-12,16,110
2023-02-12,17,93
2023-02-12,18,97
2023-02-12,19,101
2023-02-12,20,84
2023-02-12,21,89
2023-02-12,22,75
2023-02-12,23,75
2023-02-13,0,67
2023-02-13,1,109
2023-02-13,2,80
2023-02-13,3,94
2023-02-13,4,80
2023-02-13,5,88
2023-02-13,6,67
2023-02-13,7,80
2023-02-13,8,118
2023-02-13,9,97
2023-02-13,10,114
2023-02-13,11,132
2023-02-13,12,131
2023-02-13,13,115
2023-02-13,14,118
2023-02-13,15,119
2023-02-13,16,88
2023-02-13,17,105
2023-02-13,18,120
2023-02-13,19,102
2023-02-13,20,114
2023-02-13,21,93
2023-02-13,22,80
2023-02-13,23,88
2023-02-14,0,107
2023-02-14,1,49
2023-02-14,2,57
2023-02-14,3,53
2023-02-14,4,39
2023-02-14,5,53
2023-02-14,6,83
2023-02-14,7,88
2023-02-14,8,141
2023-02-14,9,111
2023-02-14,10,80
2023-02-14,11,84
2023-02-14,12,85
2023-02-14,13,88
2023-02-14,14,104
2023-02-14,15,102
2023-02-14,16,114
2023-02-14,17,119
2023-02-14,18,118
2023-02-14,19,93
2023-02-14,20,62
2023-02-14,21,58
2023-02-14,22,57
2023-02-14,23,67
2023-02-15,0,88
2023-02-15,1,67
2023-02-15,2,79
2023-02-15,3,58
2023-02-15,4,40
2023-02-15,5,21
2023-02-15,6,63
2023-02-15,7,75
2023-02-15,8,102
2023-02-15,9,128
2023-02-15,10,106
2023-02-15,11,115
2023-02-15,12,102
2023-02-15,13,93
2023-02-15,14,101
2023-02-15,15,114
2023-02-15,16,120
2023-02-15,17,136
2023-02-15,18,131
2023-02-15,19,92
2023-02-15,20,84
2023-02-15,21,114
2023-02-15,22,76
2023-02-15,23,84
2023-02-16,0,79
2023-02-16,1,61
2023-02-16,2,48
2023-02-16,3,35
2023-02-16,4,49
2023-02-16,5,44
2023-02-16,6,72
2023-02-16,7,66
2023-02-16,8,105
2023-02-16,9,106
2023-02-16,10,76
2023-02-16,11,92
2023-02-16,12,88
2023-02-16,13,124
2023-02-16,14,123
2023-02-16,15,116
2023-02-16,16,123
2023-02-16,17,115
2023-02-16,18,115
2023-02-16,19,119
2023-02-16,20,71
2023-02-16,21,88
2023-02-16,22,54
2023-02-16,23,53
2023-02-17,0,75
2023-02-17,1,53
2023-02-17,2,34
2023-02-17,3,61
2023-02-17,4,57
2023-02-17,5,84
2023-02-17,6,75
2023-02-17,7,105
2023-02-17,8,124
2023-02-17,9,118
2023-02-17,10,119
2023-02-17,11,118
2023-02-17,12,105
2023-02-17,13,105
2023-02-17,14,120
2023-02-17,15,132
2023-02-17,16,142
2023-02-17,17,134
2023-02-17,18,141
2023-02-17,19,134
2023-02-17,20,128
2023-02-17,21,131
2023-02-17,22,153
2023-02-17,23,138
2023-02-18,0,115
2023-02-18,1,71
2023-02-18,2,114
2023-02-18,3,67
2023-02-18,4,71
2023-02-18,5,66
2023-02-18,6,124
2023-02-18,7,115
2023-02-18,8,132
2023-02-18,9,84
2023-02-18,10,105
2023-02-18,11,106
2023-02-18,12,132
2023-02-18,13,101
2023-02-18,14,110
2023-02-18,15,92
2023-02-18,16,93
2023-02-18,17,100
2023-02-18,18,123
2023-02-18,19,150
2023-02-18,20,131
2023-02-18,21,128
2023-02-18,22,106
2023-02-18,23,110
2023-02-19,0,110
2023-02-19,1,79
2023-02-19,2,129
2023-02-19,3,131
2023-02-19,4,105
2023-02-19,5,101
2023-02-19,6,88
2023-02-19,7,106
2023-02-19,8,115
2023-02-19,9,97
2023-02-19,10,97
2023-02-19,11,89
2023-02-19,12,110
2023-02-19,13,92
2023-02-19,14,88
2023-02-19,15,100
2023-02-19,16,117
2023-02-19,17,84
2023-02-19,18,84
2023-02-19,19,96
2023-02-19,20,89
2023-02-19,21,89
2023-02-19,22,72
2023-02-19,23,71
2023-02-20,0,74
2023-02-20,1,92
2023-02-20,2,67
2023-02-20,3,88
2023-02-20,4,64
2023-02-20,5,96
2023-02-20,6,76
2023-02-20,7,80
2023-02-20,8,118
2023-02-20,9,109
2023-02-20,10,123
2023-02-20,11,133
2023-02-20,12,151
2023-02-20,13,115
2023-02-20,14,113
2023-02-20,15,116
2023-02-20,16,101
2023-02-20,17,128
2023-02-20,18,130
2023-02-20,19,106
2023-02-20,20,113
2023-02-20,21,81
2023-02-20,22,109
2023-02-20,23,84
2023-02-21,0,110
2023-02-21,1,55
2023-02-21,2,58
2023-02-21,3,53
2023-02-21,4,48
2023-02-21,5,48
2023-02-21,6,79
2023-02-21,7,93
2023-02-21,8,138
2023-02-21,9,124
2023-02-21,10,80
2023-02-21,11,80
2023-02-21,12,84
2023-02-21,13,89
2023-02-21,14,100
2023-02-21,15,97
2023-02-21,16,119
2023-02-21,17,129
2023-02-21,18,123
2023-02-21,19,88
2023-02-21,20,58
2023-02-21,21,53
2023-02-21,22,57
2023-02-21,23,67
2023-02-22,0,74
2023-02-22,1,71
2023-02-22,2,66
2023-02-22,3,58
2023-02-22,4,32
2023-02-22,5,28
2023-02-22,6,57
2023-02-22,7,80
2023-02-22,8,124
2023-02-22,9,137
2023-02-22,10,114
2023-02-22,11,128
2023-02-22,12,97
2023-02-22,13,98
2023-02-22,14,96
2023-02-22,15,115
2023-02-22,16,105
2023-02-22,17,149
2023-02-22,18,150
2023-02-22,19,88
2023-02-22,20,85
2023-02-22,21,114
2023-02-22,22,80
2023-02-22,23,84
2023-02-23,0,84
2023-02-23,1,80
2023-02-23,2,62
2023-02-23,3,41
2023-02-23,4,72
2023-02-23,5,44
2023-02-23,6,66
2023-02-23,7,71
2023-02-23,8,119
2023-02-23,9,110
2023-02-23,10,88
2023-02-23,11,92
2023-02-23,12,93
2023-02-23,13,124
2023-02-23,14,124
2023-02-23,15,120
2023-02-23,16,124
2023-02-23,17,124
2023-02-23,18,120
2023-02-23,19,97
2023-02-23,20,71
2023-02-23,21,92
2023-02-23,22,65
2023-02-23,23,62
2023-02-24,0,61
2023-02-24,1,48
2023-02-24,2,31
2023-02-24,3,48
2023-02-24,4,66
2023-02-24,5,80
2023-02-24,6,92
2023-02-24,7,105
2023-02-24,8,114
2023-02-24,9,114
2023-02-24,10,110
2023-02-24,11,124
2023-02-24,12,106
2023-02-24,13,105
2023-02-24,14,115
2023-02-24,15,132
2023-02-24,16,151
2023-02-24,17,143
2023-02-24,18,167
2023-02-24,19,154
2023-02-24,20,128
2023-02-24,21,120
2023-02-24,22,154
2023-02-24,23,148
2023-02-25,0,124
2023-02-25,1,67
2023-02-25,2,115
2023-02-25,3,85
2023-02-25,4,84
2023-02-25,5,75
2023-02-25,6,124
2023-02-25,7,110
2023-02-25,8,128
2023-02-25,9,93
2023-02-25,10,105
2023-02-25,11,110
2023-02-25,12,127
2023-02-25,13,101
2023-02-25,14,131
2023-02-25,15,97
2023-02-25,16,101
2023-02-25,17,92
2023-02-25,18,127
2023-02-25,19,147
2023-02-25,20,141
2023-02-25,21,141
2023-02-25,22,119
2023-02-25,23,107
2023-02-26,0,105
2023-02-26,1,88
2023-02-26,2,125
2023-02-26,3,126
2023-02-26,4,106
2023-02-26,5,89
2023-02-26,6,84
2023-02-26,7,106
2023-02-26,8,124
2023-02-26,9,93
2023-02-26,10,84
2023-02-26,11,97
2023-02-26,12,133
2023-02-26,13,105
2023-02-26,14,97
2023-02-26,15,101
2023-02-26,16,101
2023-02-26,17,80
2023-02-26,18,97
2023-02-26,19,96
2023-02-26,20,93
2023-02-26,21,101
2023-02-26,22,80
2023-02-26,23,88
2023-02-27,0,97
2023-02-27,1,158
2023-02-27,2,93
2023-02-27,3,115
2023-02-27,4,84
2023-02-27,5,105
2023-02-27,6,67
2023-02-27,7,75
2023-02-27,8,116
2023-02-27,9,101
2023-02-27,10,105
2023-02-27,11,124
2023-02-27,12,136
2023-02-27,13,109
2023-02-27,14,110
2023-02-27,15,113
2023-02-27,16,84
2023-02-27,17,115
2023-02-27,18,124
2023-02-27,19,106
2023-02-27,20,128
2023-02-27,21,88
2023-02-27,22,93
2023-02-27,23,102
2023-02-28,0,110
2023-02-28,1,62
2023-02-28,2,58
2023-02-28,3,53
2023-02-28,4,49
2023-02-28,5,49
2023-02-28,6,83
2023-02-28,7,83
2023-02-28,8,149
2023-02-28,9,123
2023-02-28,10,76
2023-02-28,11,72
2023-02-28,12,76
2023-02-28,13,80
2023-02-28,14,105
2023-02-28,15,101
2023-02-28,16,111
2023-02-28,17,128
2023-02-28,18,114
2023-02-28,19,96
2023-02-28,20,58
2023-02-28,21,58
2023-02-28,22,61
2023-02-28,23,76
2023-03-01,0,92
2023-03-01,1,75
2023-03-01,2,75
2023-03-01,3,63
2023-03-01,4,31
2023-03-01,5,23
2023-03-01,6,63
2023-03-01,7,85
2023-03-01,8,119
2023-03-01,9,120
2023-03-01,10,105
2023-03-01,11,120
2023-03-01,12,106
2023-03-01,13,97
2023-03-01,14,102
2023-03-01,15,114
2023-03-01,16,102
2023-03-01,17,133
2023-03-01,18,131
2023-03-01,19,89
2023-03-01,20,85
2023-03-01,21,123
2023-03-01,22,88
2023-03-01,23,80
2023-03-02,0,80
2023-03-02,1,76
2023-03-02,2,52
2023-03-02,3,39
2023-03-02,4,54
2023-03-02,5,52
2023-03-02,6,67
2023-03-02,7,67
2023-03-02,8,115
2023-03-02,9,114
2023-03-02,10,84
2023-03-02,11,88
2023-03-02,12,88
2023-03-02,13,132
2023-03-02,14,127
2023-03-02,15,120
2023-03-02,16,127
2023-03-02,17,128
2023-03-02,18,119
2023-03-02,19,93
2023-03-02,20,68
2023-03-02,21,92
2023-03-02,22,67
2023-03-02,23,63
2023-03-03,0,57
2023-03-03,1,45
2023-03-03,2,35
2023-03-03,3,61
2023-03-03,4,66
2023-03-03,5,84
2023-03-03,6,100
2023-03-03,7,106
2023-03-03,8,115
2023-03-03,9,128
2023-03-03,10,119
2023-03-03,11,119
2023-03-03,12,101
2023-03-03,13,119
2023-03-03,14,116
2023-03-03,15,132
2023-03-03,16,155
2023-03-03,17,130
2023-03-03,18,146
2023-03-03,19,138
2023-03-03,20,122
2023-03-03,21,119
2023-03-03,22,149
2023-03-03,23,146
2023-03-04,0,128
2023-03-04,1,84
2023-03-04,2,119
2023-03-04,3,80
2023-03-04,4,83
2023-03-04,5,59
2023-03-04,6,124
2023-03-04,7,111
2023-03-04,8,128
2023-03-04,9,89
2023-03-04,10,118
2023-03-04,11,97
2023-03-04,12,119
2023-03-04,13,105
2023-03-04,14,107
2023-03-04,15,84
2023-03-04,16,101
2023-03-04,17,100
2023-03-04,18,131
2023-03-04,19,142
2023-03-04,20,141
2023-03-04,21,128
2023-03-04,22,122
2023-03-04,23,110
2023-03-05,0,101
2023-03-05,1,84
2023-03-05,2,116
2023-03-05,3,100
2023-03-05,4,119
2023-03-05,5,102
2023-03-05,6,75
2023-03-05,7,98
2023-03-05,8,114
2023-03-05,9,88
2023-03-05,10,92
2023-03-05,11,88
2023-03-05,12,119
2023-03-05,13,100
2023-03-05,14,98
2023-03-05,15,123
2023-03-05,16,115
2023-03-05,17,88
2023-03-05,18,97
2023-03-05,19,88
2023-03-05,20,81
2023-03-05,21,84
2023-03-05,22,79
2023-03-05,23,71
2023-03-06,0,75
2023-03-06,1,101
2023-03-06,2,67
2023-03-06,3,79
2023-03-06,4,64
2023-03-06,5,85
2023-03-06,6,80
2023-03-06,7,75
2023-03-06,8,114
2023-03-06,9,97
2023-03-06,10,105
2023-03-06,11,129
2023-03-06,12,128
2023-03-06,13,102
2023-03-06,14,110
2023-03-06,15,115
2023-03-06,16,97
2023-03-06,17,106
2023-03-06,18,120
2023-03-06,19,115
2023-03-06,20,109
2023-03-06,21,89
2023-03-06,22,84
2023-03-06,23,92
2023-03-07,0,119
2023-03-07,1,58
2023-03-07,2,52
2023-03-07,3,62
2023-03-07,4,51
2023-03-07,5,51
2023-03-07,6,84
2023-03-07,7,86
2023-03-07,8,137
2023-03-07,9,115
2023-03-07,10,84
2023-03-07,11,80
2023-03-07,12,89
2023-03-07,13,63
2023-03-07,14,134
2023-03-07,15,130
2023-03-07,16,193
2023-03-07,17,144
2023-03-07,18,119
2023-03-07,19,93
2023-03-07,20,66
2023-03-07,21,57
2023-03-07,22,54
2023-03-07,23,66
2023-03-08,0,83
2023-03-08,1,67
2023-03-08,2,71
2023-03-08,3,49
2023-03-08,4,26
2023-03-08,5,16
2023-03-08,6,53
2023-03-08,7,67
2023-03-08,8,115
2023-03-08,9,132
2023-03-08,10,106
2023-03-08,11,122
2023-03-08,12,106
2023-03-08,13,93
2023-03-08,14,109
2023-03-08,15,114
2023-03-08,16,115
2023-03-08,17,146
2023-03-08,18,153
2023-03-08,19,105
2023-03-08,20,97
2023-03-08,21,114
2023-03-08,22,93
2023-03-08,23,97
2023-03-09,0,100
2023-03-09,1,79
2023-03-09,2,62
2023-03-09,3,58
2023-03-09,4,63
2023-03-09,5,53
2023-03-09,6,71
2023-03-09,7,66
2023-03-09,8,109
2023-03-09,9,105
2023-03-09,10,80
2023-03-09,11,92
2023-03-09,12,97
2023-03-09,13,132
2023-03-09,14,119
2023-03-09,15,119
2023-03-09,16,132
2023-03-09,17,114
2023-03-09,18,115
2023-03-09,19,97
2023-03-09,20,68
2023-03-09,21,96
2023-03-09,22,62
2023-03-09,23,48
2023-03-10,0,61
2023-03-10,1,40
2023-03-10,2,27
2023-03-10,3,61
2023-03-10,4,62
2023-03-10,5,80
2023-03-10,6,87
2023-03-10,7,101
2023-03-10,8,115
2023-03-10,9,111
2023-03-10,10,110
2023-03-10,11,124
2023-03-10,12,106
2023-03-10,13,124
2023-03-10,14,124
2023-03-10,15,140
2023-03-10,16,154
2023-03-10,17,126
2023-03-10,18,151
2023-03-10,19,125
2023-03-10,20,119
2023-03-10,21,115
2023-03-10,22,141
2023-03-10,23,139
2023-03-11,0,140
2023-03-11,1,75
2023-03-11,2,124
2023-03-11,3,72
2023-03-11,4,71
2023-03-11,5,62
2023-03-11,6,114
2023-03-11,7,119
2023-03-11,8,132
2023-03-11,9,84
2023-03-11,10,105
2023-03-11,11,97
2023-03-11,12,123
2023-03-11,13,106
2023-03-11,14,119
2023-03-11,15,93
2023-03-11,16,97
2023-03-11,17,97
2023-03-11,18,127
2023-03-11,19,132
2023-03-11,20,119
2023-03-11,21,133
2023-03-11,22,114
2023-03-11,23,115
2023-03-12,0,97
2023-03-12,1,84
2023-03-12,2,115
2023-03-12,3,119
2023-03-12,4,99
2023-03-12,5,93
2023-03-12,6,87
2023-03-12,7,102
2023-03-12,8,115
2023-03-12,9,101
2023-03-12,10,97
2023-03-12,11,101
2023-03-12,12,127
2023-03-12,13,105
2023-03-12,14,101
2023-03-12,15,115
2023-03-12,16,123
2023-03-12,17,88
2023-03-12,18,101
2023-03-12,19,96
2023-03-12,20,93
2023-03-12,21,97
2023-03-12,22,62
2023-03-12,23,71
2023-03-13,0,87
2023-03-13,1,98
2023-03-13,2,72
2023-03-13,3,80
2023-03-13,4,76
2023-03-13,5,83
2023-03-13,6,76
2023-03-13,7,75
2023-03-13,8,124
2023-03-13,9,114
2023-03-13,10,123
2023-03-13,11,133
2023-03-13,12,141
2023-03-13,13,115
2023-03-13,14,118
2023-03-13,15,119
2023-03-13,16,96
2023-03-13,17,132
2023-03-13,18,139
2023-03-13,19,115
2023-03-13,20,113
2023-03-13,21,81
2023-03-13,22,84
2023-03-13,23,84
2023-03-14,0,93
2023-03-14,1,58
2023-03-14,2,48
2023-03-14,3,49
2023-03-14,4,45
2023-03-14,5,44
2023-03-14,6,75
2023-03-14,7,79
2023-03-14,8,137
2023-03-14,9,128
2023-03-14,10,84
2023-03-14,11,81
2023-03-14,12,84
2023-03-14,13,88
2023-03-14,14,109
2023-03-14,15,92
2023-03-14,16,127
2023-03-14,17,123
2023-03-14,18,110
2023-03-14,19,92
2023-03-14,20,62
2023-03-14,21,53
2023-03-14,22,53
2023-03-14,23,61
2023-03-15,0,74
2023-03-15,1,58
2023-03-15,2,66
2023-03-15,3,70
2023-03-15,4,26
2023-03-15,5,23
2023-03-15,6,57
2023-03-15,7,72
2023-03-15,8,118
2023-03-15,9,137
2023-03-15,10,111
2023-03-15,11,124
2023-03-15,12,106
2023-03-15,13,98
2023-03-15,14,100
2023-03-15,15,115
2023-03-15,16,110
2023-03-15,17,142
2023-03-15,18,154
2023-03-15,19,94
2023-03-15,20,89
2023-03-15,21,123
2023-03-15,22,89
2023-03-15,23,88
2023-03-16,0,88
2023-03-16,1,71
2023-03-16,2,53
2023-03-16,3,41
2023-03-16,4,53
2023-03-16,5,48
2023-03-16,6,62
2023-03-16,7,66
2023-03-16,8,106
2023-03-16,9,110
2023-03-16,10,92
2023-03-16,11,101
2023-03-16,12,100
2023-03-16,13,136
2023-03-16,14,133
2023-03-16,15,120
2023-03-16,16,124
2023-03-16,17,132
2023-03-16,18,134
2023-03-16,19,110
2023-03-16,20,71
2023-03-16,21,84
2023-03-16,22,67
2023-03-16,23,52
2023-03-17,0,57
2023-03-17,1,49
2023-03-17,2,39
2023-03-17,3,60
2023-03-17,4,61
2023-03-17,5,76
2023-03-17,6,89
2023-03-17,7,107
2023-03-17,8,119
2023-03-17,9,109
2023-03-17,10,110
2023-03-17,11,127
2023-03-17,12,105
2023-03-17,13,132
2023-03-17,14,124
2023-03-17,15,136
2023-03-17,16,150
2023-03-17,17,139
2023-03-17,18,155
2023-03-17,19,137
2023-03-17,20,123
2023-03-17,21,115
2023-03-17,22,128
2023-03-17,23,146
2023-03-18,0,166
2023-03-18,1,97
2023-03-18,2,129
2023-03-18,3,89
2023-03-18,4,88
2023-03-18,5,77
2023-03-18,6,116
2023-03-18,7,114
2023-03-18,8,124
2023-03-18,9,93
2023-03-18,10,105
2023-03-18,11,102
2023-03-18,12,123
2023-03-18,13,105
2023-03-18,14,110
2023-03-18,15,84
2023-03-18,16,93
2023-03-18,17,92
2023-03-18,18,127
2023-03-18,19,136
2023-03-18,20,118
2023-03-18,21,127
2023-03-18,22,101
2023-03-18,23,102
2023-03-19,0,85
2023-03-19,1,68
2023-03-19,2,89
2023-03-19,3,98
2023-03-19,4,89
2023-03-19,5,101
2023-03-19,6,79
2023-03-19,7,106
2023-03-19,8,114
2023-03-19,9,97
2023-03-19,10,101
2023-03-19,11,93
2023-03-19,12,128
2023-03-19,13,110
2023-03-19,14,96
2023-03-19,15,119
2023-03-19,16,133
2023-03-19,17,93
2023-03-19,18,101
2023-03-19,19,106
2023-03-19,20,80
2023-03-19,21,92
2023-03-19,22,72
2023-03-19,23,62
2023-03-20,0,84
2023-03-20,1,101
2023-03-20,2,71
2023-03-20,3,72
2023-03-20,4,80
2023-03-20,5,92
2023-03-20,6,79
2023-03-20,7,72
2023-03-20,8,115
2023-03-20,9,101
2023-03-20,10,118
2023-03-20,11,145
2023-03-20,12,155
2023-03-20,13,110
2023-03-20,14,119
2023-03-20,15,123
2023-03-20,16,102
2023-03-20,17,120
2023-03-20,18,136
2023-03-20,19,107
2023-03-20,20,114
2023-03-20,21,93
2023-03-20,22,76
2023-03-20,23,84
2023-03-21,0,101
2023-03-21,1,54
2023-03-21,2,53
2023-03-21,3,61
2023-03-21,4,44
2023-03-21,5,45
2023-03-21,6,80
2023-03-21,7,88
2023-03-21,8,140
2023-03-21,9,117
2023-03-21,10,79
2023-03-21,11,72
2023-03-21,12,81
2023-03-21,13,88
2023-03-21,14,106
2023-03-21,15,101
2023-03-21,16,133
2023-03-21,17,127
2023-03-21,18,110
2023-03-21,19,97
2023-03-21,20,58
2023-03-21,21,54
2023-03-21,22,65
2023-03-21,23,62
2023-03-22,0,87
2023-03-22,1,75
2023-03-22,2,66
2023-03-22,3,54
2023-03-22,4,30
2023-03-22,5,22
2023-03-22,6,54
2023-03-22,7,72
2023-03-22,8,118
2023-03-22,9,119
2023-03-22,10,115
2023-03-22,11,119
2023-03-22,12,105
2023-03-22,13,97
2023-03-22,14,96
2023-03-22,15,106
2023-03-22,16,115
2023-03-22,17,137
2023-03-22,18,144
2023-03-22,19,88
2023-03-22,20,88
2023-03-22,21,105
2023-03-22,22,84
2023-03-22,23,84
2023-03-23,0,88
2023-03-23,1,75
2023-03-23,2,53
2023-03-23,3,41
2023-03-23,4,63
2023-03-23,5,44
2023-03-23,6,57
2023-03-23,7,67
2023-03-23,8,111
2023-03-23,9,114
2023-03-23,10,84
2023-03-23,11,97
2023-03-23,12,92
2023-03-23,13,136
2023-03-23,14,128
2023-03-23,15,112
2023-03-23,16,119
2023-03-23,17,119
2023-03-23,18,110
2023-03-23,19,92
2023-03-23,20,72
2023-03-23,21,100
2023-03-23,22,61
2023-03-23,23,57
2023-03-24,0,62
2023-03-24,1,45
2023-03-24,2,28
2023-03-24,3,52
2023-03-24,4,57
2023-03-24,5,92
2023-03-24,6,83
2023-03-24,7,102
2023-03-24,8,119
2023-03-24,9,101
2023-03-24,10,115
2023-03-24,11,119
2023-03-24,12,110
2023-03-24,13,97
2023-03-24,14,111
2023-03-24,15,141
2023-03-24,16,146
2023-03-24,17,138
2023-03-24,18,163
2023-03-24,19,137
2023-03-24,20,105
2023-03-24,21,112
2023-03-24,22,140
2023-03-24,23,146
2023-03-25,0,131
2023-03-25,1,75
2023-03-25,2,111
2023-03-25,3,76
2023-03-25,4,83
2023-03-25,5,66
2023-03-25,6,132
2023-03-25,7,115
2023-03-25,8,132
2023-03-25,9,89
2023-03-25,10,101
2023-03-25,11,106
2023-03-25,12,131
2023-03-25,13,110
2023-03-25,14,115
2023-03-25,15,80
2023-03-25,16,97
2023-03-25,17,109
2023-03-25,18,124
2023-03-25,19,136
2023-03-25,20,119
2023-03-25,21,141
2023-03-25,22,123
2023-03-25,23,110
2023-03-26,0,97
2023-03-26,1,136
2023-03-26,2,119
2023-03-26,3,129
2023-03-26,4,141
2023-03-26,5,92
2023-03-26,6,102
2023-03-26,7,114
2023-03-26,8,92
2023-03-26,9,92
2023-03-26,10,88
2023-03-26,11,119
2023-03-26,12,110
2023-03-26,13,103
2023-03-26,14,119
2023-03-26,15,118
2023-03-26,16,92
2023-03-26,17,97
2023-03-26,18,92
2023-03-26,19,88
2023-03-26,20,106
2023-03-26,21,76
2023-03-26,22,84
2023-03-26,23,79
2023-03-27,0,101
2023-03-27,1,80
2023-03-27,2,89
2023-03-27,3,80
2023-03-27,4,80
2023-03-27,5,57
2023-03-27,6,71
2023-03-27,7,115
2023-03-27,8,110
2023-03-27,9,123
2023-03-27,10,133
2023-03-27,11,141
2023-03-27,12,115
2023-03-27,13,119
2023-03-27,14,120
2023-03-27,15,97
2023-03-27,16,128
2023-03-27,17,136
2023-03-27,18,114
2023-03-27,19,113
2023-03-27,20,89
2023-03-27,21,85
2023-03-27,22,101
2023-03-27,23,102
2023-03-28,0,54
2023-03-28,1,53
2023-03-28,2,49
2023-03-28,3,48
2023-03-28,4,53
2023-03-28,5,79
2023-03-28,6,85
2023-03-28,7,137
2023-03-28,8,124
2023-03-28,9,88
2023-03-28,10,76
2023-03-28,11,92
2023-03-28,12,88
2023-03-28,13,105
2023-03-28,14,99
2023-03-28,15,133
2023-03-28,16,124
2023-03-28,17,114
2023-03-28,18,88
2023-03-28,19,58
2023-03-28,20,53
2023-03-28,21,57
2023-03-28,22,87
2023-03-28,23,93
2023-03-29,0,71
2023-03-29,1,66
2023-03-29,2,66
2023-03-29,3,30
2023-03-29,4,23
2023-03-29,5,63
2023-03-29,6,76
2023-03-29,7,115
2023-03-29,8,128
2023-03-29,9,124
2023-03-29,10,111
2023-03-29,11,96
2023-03-29,12,96
2023-03-29,13,105
2023-03-29,14,119
2023-03-29,15,115
2023-03-29,16,128
2023-03-29,17,135
2023-03-29,18,89
2023-03-29,19,80
2023-03-29,20,110
2023-03-29,21,97
2023-03-29,22,88
2023-03-29,23,92
2023-03-30,0,92
2023-03-30,1,52
2023-03-30,2,46
2023-03-30,3,67
2023-03-30,4,48
2023-03-30,5,64
2023-03-30,6,66
2023-03-30,7,112
2023-03-30,8,110
2023-03-30,9,76
2023-03-30,10,89
2023-03-30,11,93
2023-03-30,12,128
2023-03-30,13,63
2023-03-30,14,54
2023-03-30,15,85
2023-03-30,16,96
2023-03-30,17,78
2023-03-30,18,67
2023-03-30,19,44
2023-03-30,20,37
2023-03-30,21,38
2023-03-30,22,27
2023-03-30,23,18
2023-03-31,0,6
2023-03-31,1,3
2023-03-31,2,5
2023-03-31,3,5
2023-03-31,4,43
2023-03-31,5,10
2023-03-31,6,50
2023-03-31,7,79
2023-03-31,8,93
2023-03-31,9,81
2023-03-31,10,77
2023-03-31,11,97
2023-03-31,12,74
2023-03-31,13,71
2023-03-31,14,79
2023-03-31,15,99
2023-03-31,16,106
2023-03-31,17,100
2023-03-31,18,72
2023-03-31,19,66
2023-03-31,20,42
2023-03-31,21,41
2023-03-31,22,58
2023-03-31,23,36
2023-04-01,0,25
2023-04-01,1,20
2023-04-01,2,14
2023-04-01,3,10
2023-04-01,4,4
2023-04-01,5,11
2023-04-01,6,115
2023-04-01,7,76
2023-04-01,8,27
2023-04-01,9,31
2023-04-01,10,48
2023-04-01,11,49
2023-04-01,12,58
2023-04-01,13,51
2023-04-01,14,52
2023-04-01,15,51
2023-04-01,16,82
2023-04-01,17,57
2023-04-01,18,62
2023-04-01,19,49
2023-04-01,20,35
2023-04-01,21,51
2023-04-01,22,24
2023-04-01,23,23
2023-04-02,0,11
2023-04-02,1,6
2023-04-02,2,9
2023-04-02,3,6
2023-04-02,4,10
2023-04-02,5,3
2023-04-02,6,94
2023-04-02,7,110
2023-04-02,8,56
2023-04-02,9,19
2023-04-02,10,42
2023-04-02,11,28
2023-04-02,12,43
2023-04-02,13,35
2023-04-02,14,32
2023-04-02,15,51
2023-04-02,16,46
2023-04-02,17,46
2023-04-02,18,29
2023-04-02,19,17
2023-04-02,20,19
2023-04-02,21,51
2023-04-02,22,40
2023-04-02,23,7
2023-04-03,0,5
2023-04-03,1,1
2023-04-03,2,5
2023-04-03,3,2
2023-04-03,4,9
2023-04-03,5,19
2023-04-03,6,47
2023-04-03,7,89
2023-04-03,8,86
2023-04-03,9,51
2023-04-03,10,35
2023-04-03,11,58
2023-04-03,12,65
2023-04-03,13,48
2023-04-03,14,49
2023-04-03,15,76
2023-04-03,16,85
2023-04-03,17,68
2023-04-03,18,44
2023-04-03,19,31
2023-04-03,20,38
2023-04-03,21,76
2023-04-03,22,92
2023-04-03,23,116
2023-04-04,0,58
2023-04-04,1,48
2023-04-04,2,57
2023-04-04,3,7
2023-04-04,4,7
2023-04-04,5,22
2023-04-04,6,51
2023-04-04,7,105
2023-04-04,8,79
2023-04-04,9,52
2023-04-04,10,67
2023-04-04,11,58
2023-04-04,12,60
2023-04-04,13,65
2023-04-04,14,52
2023-04-04,15,60
2023-04-04,16,109
2023-04-04,17,73
2023-04-04,18,33
2023-04-04,19,22
2023-04-04,20,64
2023-04-04,21,36
2023-04-04,22,28
2023-04-04,23,5
2023-04-05,0,9
2023-04-05,1,16
2023-04-05,2,19
2023-04-05,3,11
2023-04-05,4,5
2023-04-05,5,22
2023-04-05,6,51
2023-04-05,7,100
2023-04-05,8,89
2023-04-05,9,60
2023-04-05,10,63
2023-04-05,11,62
2023-04-05,12,61
2023-04-05,13,95
2023-04-05,14,74
2023-04-05,15,111
2023-04-05,16,163
2023-04-05,17,112
2023-04-05,18,61
2023-04-05,19,48
2023-04-05,20,37
2023-04-05,21,77
2023-04-05,22,62
2023-04-05,23,66
2023-04-06,0,6
2023-04-06,1,16
2023-04-06,2,31
2023-04-06,3,58
2023-04-06,4,40
2023-04-06,5,45
2023-04-06,6,72
2023-04-06,7,141
2023-04-06,8,89
2023-04-06,9,54
2023-04-06,10,62
2023-04-06,11,91
2023-04-06,12,74
2023-04-06,13,73
2023-04-06,14,50
2023-04-06,15,77
2023-04-06,16,102
2023-04-06,17,93
2023-04-06,18,87
2023-04-06,19,39
2023-04-06,20,99
2023-04-06,21,45
2023-04-06,22,27
2023-04-06,23,29
2023-04-07,0,32
2023-04-07,1,23
2023-04-07,2,30
2023-04-07,3,27
2023-04-07,4,48
2023-04-07,5,22
2023-04-07,6,48
2023-04-07,7,42
2023-04-07,8,45
2023-04-07,9,52
2023-04-07,10,49
2023-04-07,11,60
2023-04-07,12,62
2023-04-07,13,50
2023-04-07,14,60
2023-04-07,15,67
2023-04-07,16,62
2023-04-07,17,66
2023-04-07,18,61
2023-04-07,19,40
2023-04-07,20,31
2023-04-07,21,51
2023-04-07,22,38
2023-04-07,23,46
2023-04-08,0,38
2023-04-08,1,19
2023-04-08,2,7
2023-04-08,3,6
2023-04-08,4,0
2023-04-08,5,13
2023-04-08,6,54
2023-04-08,7,40
2023-04-08,8,27
2023-04-08,9,41
2023-04-08,10,33
2023-04-08,11,47
2023-04-08,12,32
2023-04-08,13,31
2023-04-08,14,34
2023-04-08,15,39
2023-04-08,16,51
2023-04-08,17,45
2023-04-08,18,33
2023-04-08,19,41
2023-04-08,20,53
2023-04-08,21,43
2023-04-08,22,41
2023-04-08,23,55
2023-04-09,0,21
2023-04-09,1,19
2023-04-09,2,82
2023-04-09,3,32
2023-04-09,4,7
2023-04-09,5,51
2023-04-09,6,59
2023-04-09,7,59
2023-04-09,8,26
2023-04-09,9,20
2023-04-09,10,55
2023-04-09,11,30
2023-04-09,12,37
2023-04-09,13,29
2023-04-09,14,24
2023-04-09,15,39
2023-04-09,16,37
2023-04-09,17,32
2023-04-09,18,69
2023-04-09,19,162
2023-04-09,20,57
2023-04-09,21,47
2023-04-09,22,60
2023-04-09,23,43
2023-04-10,0,118
2023-04-10,1,88
2023-04-10,2,85
2023-04-10,3,83
2023-04-10,4,62
2023-04-10,5,13
2023-04-10,6,57
2023-04-10,7,60
2023-04-10,8,23
2023-04-10,9,48
2023-04-10,10,57
2023-04-10,11,57
2023-04-10,12,103
2023-04-10,13,64
2023-04-10,14,76
2023-04-10,15,97
2023-04-10,16,109
2023-04-10,17,154
2023-04-10,18,90
2023-04-10,19,88
2023-04-10,20,56
2023-04-10,21,98
2023-04-10,22,84
2023-04-10,23,128
2023-04-11,0,58
2023-04-11,1,44
2023-04-11,2,54
2023-04-11,3,30
2023-04-11,4,45
2023-04-11,5,67
2023-04-11,6,79
2023-04-11,7,129
2023-04-11,8,101
2023-04-11,9,72
2023-04-11,10,72
2023-04-11,11,76
2023-04-11,12,80
2023-04-11,13,101
2023-04-11,14,88
2023-04-11,15,124
2023-04-11,16,110
2023-04-11,17,92
2023-04-11,18,84
2023-04-11,19,57
2023-04-11,20,71
2023-04-11,21,70
2023-04-11,22,52
2023-04-11,23,62
2023-04-12,0,62
2023-04-12,1,66
2023-04-12,2,54
2023-04-12,3,26
2023-04-12,4,21
2023-04-12,5,48
2023-04-12,6,72
2023-04-12,7,110
2023-04-12,8,110
2023-04-12,9,92
2023-04-12,10,105
2023-04-12,11,97
2023-04-12,12,89
2023-04-12,13,101
2023-04-12,14,109
2023-04-12,15,101
2023-04-12,16,129
2023-04-12,17,119
2023-04-12,18,84
2023-04-12,19,80
2023-04-12,20,93
2023-04-12,21,85
2023-04-12,22,88
2023-04-12,23,87
2023-04-13,0,54
2023-04-13,1,48
2023-04-13,2,44
2023-04-13,3,53
2023-04-13,4,49
2023-04-13,5,62
2023-04-13,6,66
2023-04-13,7,109
2023-04-13,8,93
2023-04-13,9,80
2023-04-13,10,84
2023-04-13,11,80
2023-04-13,12,120
2023-04-13,13,97
2023-04-13,14,102
2023-04-13,15,109
2023-04-13,16,119
2023-04-13,17,110
2023-04-13,18,97
2023-04-13,19,53
2023-04-13,20,80
2023-04-13,21,62
2023-04-13,22,49
2023-04-13,23,36
2023-04-14,0,36
2023-04-14,1,21
2023-04-14,2,48
2023-04-14,3,48
2023-04-14,4,70
2023-04-14,5,57
2023-04-14,6,88
2023-04-14,7,96
2023-04-14,8,84
2023-04-14,9,92
2023-04-14,10,106
2023-04-14,11,92
2023-04-14,12,97
2023-04-14,13,100
2023-04-14,14,115
2023-04-14,15,115
2023-04-14,16,115
2023-04-14,17,127
2023-04-14,18,119
2023-04-14,19,92
2023-04-14,20,80
2023-04-14,21,110
2023-04-14,22,106
2023-04-14,23,75
2023-04-15,0,58
2023-04-15,1,67
2023-04-15,2,44
2023-04-15,3,44
2023-04-15,4,44
2023-04-15,5,93
2023-04-15,6,92
2023-04-15,7,92
2023-04-15,8,66
2023-04-15,9,76
2023-04-15,10,84
2023-04-15,11,105
2023-04-15,12,84
2023-04-15,13,88
2023-04-15,14,72
2023-04-15,15,72
2023-04-15,16,80
2023-04-15,17,96
2023-04-15,18,101
2023-04-15,19,105
2023-04-15,20,97
2023-04-15,21,84
2023-04-15,22,84
2023-04-15,23,76
2023-04-16,0,58
2023-04-16,1,80
2023-04-16,2,97
2023-04-16,3,67
2023-04-16,4,62
2023-04-16,5,61
2023-04-16,6,94
2023-04-16,7,97
2023-04-16,8,67
2023-04-16,9,67
2023-04-16,10,76
2023-04-16,11,80
2023-04-16,12,76
2023-04-16,13,76
2023-04-16,14,84
2023-04-16,15,85
2023-04-16,16,66
2023-04-16,17,71
2023-04-16,18,71
2023-04-16,19,60
2023-04-16,20,67
2023-04-16,21,53
2023-04-16,22,54
2023-04-16,23,62
2023-04-17,0,75
2023-04-17,1,54
2023-04-17,2,61
2023-04-17,3,57
2023-04-17,4,71
2023-04-17,5,40
2023-04-17,6,76
2023-04-17,7,101
2023-04-17,8,92
2023-04-17,9,92
2023-04-17,10,115
2023-04-17,11,113
2023-04-17,12,97
2023-04-17,13,92
2023-04-17,14,104
2023-04-17,15,97
2023-04-17,16,128
2023-04-17,17,132
2023-04-17,18,93
2023-04-17,19,88
2023-04-17,20,67
2023-04-17,21,85
2023-04-17,22,85
2023-04-17,23,114
2023-04-18,0,67
2023-04-18,1,53
2023-04-18,2,49
2023-04-18,3,39
2023-04-18,4,40
2023-04-18,5,67
2023-04-18,6,75
2023-04-18,7,129
2023-04-18,8,115
2023-04-18,9,76
2023-04-18,10,76
2023-04-18,11,85
2023-04-18,12,84
2023-04-18,13,96
2023-04-18,14,92
2023-04-18,15,107
2023-04-18,16,113
2023-04-18,17,109
2023-04-18,18,80
2023-04-18,19,44
2023-04-18,20,53
2023-04-18,21,53
2023-04-18,22,56
2023-04-18,23,70
2023-04-19,0,62
2023-04-19,1,66
2023-04-19,2,45
2023-04-19,3,31
2023-04-19,4,17
2023-04-19,5,61
2023-04-19,6,67
2023-04-19,7,114
2023-04-19,8,131
2023-04-19,9,106
2023-04-19,10,106
2023-04-19,11,92
2023-04-19,12,88
2023-04-19,13,106
2023-04-19,14,101
2023-04-19,15,109
2023-04-19,16,145
2023-04-19,17,142
2023-04-19,18,84
2023-04-19,19,80
2023-04-19,20,101
2023-04-19,21,97
2023-04-19,22,97
2023-04-19,23,100
2023-04-20,0,71
2023-04-20,1,56
2023-04-20,2,49
2023-04-20,3,89
2023-04-20,4,56
2023-04-20,5,67
2023-04-20,6,75
2023-04-20,7,110
2023-04-20,8,109
2023-04-20,9,80
2023-04-20,10,84
2023-04-20,11,93
2023-04-20,12,115
2023-04-20,13,111
2023-04-20,14,97
2023-04-20,15,105
2023-04-20,16,111
2023-04-20,17,101
2023-04-20,18,92
2023-04-20,19,62
2023-04-20,20,80
2023-04-20,21,53
2023-04-20,22,44
2023-04-20,23,40
2023-04-21,0,36
2023-04-21,1,27
2023-04-21,2,48
2023-04-21,3,40
2023-04-21,4,58
2023-04-21,5,57
2023-04-21,6,92
2023-04-21,7,92
2023-04-21,8,92
2023-04-21,9,68
2023-04-21,10,96
2023-04-21,11,75
2023-04-21,12,61
2023-04-21,13,65
2023-04-21,14,66
2023-04-21,15,128
2023-04-21,16,107
2023-04-21,17,131
2023-04-21,18,105
2023-04-21,19,92
2023-04-21,20,80
2023-04-21,21,118
2023-04-21,22,101
2023-04-21,23,83
2023-04-22,0,54
2023-04-22,1,67
2023-04-22,2,49
2023-04-22,3,40
2023-04-22,4,45
2023-04-22,5,88
2023-04-22,6,101
2023-04-22,7,96
2023-04-22,8,66
2023-04-22,9,80
2023-04-22,10,80
2023-04-22,11,101
2023-04-22,12,84
2023-04-22,13,88
2023-04-22,14,71
2023-04-22,15,80
2023-04-22,16,84
2023-04-22,17,88
2023-04-22,18,105
2023-04-22,19,97
2023-04-22,20,110
2023-04-22,21,96
2023-04-24,9,104
2023-04-24,10,106
2023-04-24,11,114
2023-04-24,12,111
2023-04-24,13,97
2023-04-24,14,114
2023-04-24,15,92
2023-04-24,16,119
2023-04-24,17,132
2023-04-24,18,96
2023-04-24,19,92
2023-04-24,20,72
2023-04-24,21,93
2023-04-24,22,80
2023-04-24,23,110
2023-04-25,0,66
2023-04-25,1,65
2023-04-25,2,50
2023-04-25,3,44
2023-04-25,4,45
2023-04-25,5,62
2023-04-25,6,75
2023-04-25,7,128
2023-04-25,8,114
2023-04-25,9,84
2023-04-25,10,76
2023-04-25,11,84
2023-04-25,12,84
2023-04-25,13,49
2023-04-25,14,76
2023-04-25,15,87
2023-04-25,16,119
2023-04-25,17,106
2023-04-25,18,84
2023-04-25,19,57
2023-04-25,20,57
2023-04-25,21,57
2023-04-25,22,62
2023-04-25,23,87
2023-04-26,0,71
2023-04-26,1,62
2023-04-26,2,54
2023-04-26,3,26
2023-04-26,4,21
2023-04-26,5,52
2023-04-26,6,72
2023-04-26,7,118
2023-04-26,8,119
2023-04-26,9,106
2023-04-26,10,114
2023-04-26,11,102
2023-04-26,12,89
2023-04-26,13,97
2023-04-26,14,106
2023-04-26,15,114
2023-04-26,16,141
2023-04-26,17,131
2023-04-26,18,88
2023-04-26,19,80
2023-04-26,20,105
2023-04-26,21,93
2023-04-26,22,88
2023-04-26,23,79
2023-04-27,0,58
2023-04-27,1,44
2023-04-27,2,35
2023-04-27,3,53
2023-04-27,4,57
2023-04-27,5,66
2023-04-27,6,67
2023-04-27,7,114
2023-04-27,8,119
2023-04-27,9,80
2023-04-27,10,88
2023-04-27,11,105
2023-04-27,12,128
2023-04-27,13,115
2023-04-27,14,97
2023-04-27,15,110
2023-04-27,16,112
2023-04-27,17,140
2023-04-27,18,105
2023-04-27,19,71
2023-04-27,20,92
2023-04-27,21,58
2023-04-27,22,48
2023-04-27,23,53
2023-04-28,0,31
2023-04-28,1,48
2023-04-28,2,44
2023-04-28,3,48
2023-04-28,4,61
2023-04-28,5,61
2023-04-28,6,85
2023-04-28,7,96
2023-04-28,8,101
2023-04-28,9,96
2023-04-28,10,97
2023-04-28,11,106
2023-04-28,12,101
2023-04-28,13,88
2023-04-28,14,106
2023-04-28,15,137
2023-04-28,16,119
2023-04-28,17,141
2023-04-28,18,119
2023-04-28,19,110
2023-04-28,20,92
2023-04-28,21,115
2023-04-28,22,115
2023-04-28,23,114
2023-04-29,0,62
2023-04-29,1,97
2023-04-29,2,62
2023-04-29,3,62
2023-04-29,4,45
2023-04-29,5,97
2023-04-29,6,96
2023-04-29,7,96
2023-04-29,8,66
2023-04-29,9,76
2023-04-29,10,80
2023-04-29,11,97
2023-04-29,12,93
2023-04-29,13,93
2023-04-29,14,80
2023-04-29,15,88
2023-04-29,16,88
2023-04-29,17,105
2023-04-29,18,115
2023-04-29,19,106
2023-04-29,20,97
2023-04-29,21,92
2023-04-29,22,80
2023-04-29,23,84
2023-04-30,0,59
2023-04-30,1,93
2023-04-30,2,105
2023-04-30,3,88
2023-04-30,4,62
2023-04-30,5,58
2023-04-30,6,93
2023-04-30,7,105
2023-04-30,8,75
2023-04-30,9,67
2023-04-30,10,80
2023-04-30,11,84
2023-04-30,12,76
2023-04-30,13,67
2023-04-30,14,84
2023-04-30,15,89
2023-04-30,16,75
2023-04-30,17,76
2023-04-30,18,83
2023-04-30,19,77
2023-04-30,20,80
2023-04-30,21,67
2023-04-30,22,72
2023-04-30,23,93
2023-05-01,0,138
2023-05-01,1,102
2023-05-01,2,96
2023-05-01,3,98
2023-05-01,4,70
2023-05-01,5,40
2023-05-01,6,57
2023-05-01,7,76
2023-05-01,8,62
2023-05-01,9,84
2023-05-01,10,96
2023-05-01,11,105
2023-05-01,12,101
2023-05-01,13,92
2023-05-01,14,92
2023-05-01,15,79
2023-05-01,16,96
2023-05-01,17,124
2023-05-01,18,111
2023-05-01,19,88
2023-05-01,20,68
2023-05-01,21,89
2023-05-01,22,80
2023-05-01,23,106
2023-05-02,0,62
2023-05-02,1,53
2023-05-02,2,57
2023-05-02,3,35
2023-05-02,4,40
2023-05-02,5,67
2023-05-02,6,75
2023-05-02,7,125
2023-05-02,8,132
2023-05-02,9,84
2023-05-02,10,85
2023-05-02,11,97
2023-05-02,12,84
2023-05-02,13,96
2023-05-02,14,93
2023-05-02,15,112
2023-05-02,16,128
2023-05-02,17,119
2023-05-02,18,80
2023-05-02,19,54
2023-05-02,20,52
2023-05-02,21,61
2023-05-02,22,52
2023-05-02,23,66
2023-05-03,0,58
2023-05-03,1,62
2023-05-03,2,54
2023-05-03,3,30
2023-05-03,4,22
2023-05-03,5,57
2023-05-03,6,68
2023-05-03,7,114
2023-05-03,8,129
2023-05-03,9,106
2023-05-03,10,114
2023-05-03,11,102
2023-05-03,12,93
2023-05-03,13,61
2023-05-03,14,68
2023-05-03,15,89
2023-05-03,16,99
2023-05-03,17,91
2023-05-03,18,48
2023-05-03,19,27
2023-05-03,20,31
2023-05-03,21,25
2023-05-03,22,11
2023-05-03,23,8
2023-05-04,0,6
2023-05-04,1,0
2023-05-04,2,2
2023-05-04,3,2
2023-05-04,4,10
2023-05-04,5,21
2023-05-04,6,66
2023-05-04,7,137
2023-05-04,8,111
2023-05-04,9,67
2023-05-04,10,73
2023-05-04,11,62
2023-05-04,12,79
2023-05-04,13,79
2023-05-04,14,65
2023-05-04,15,105
2023-05-04,16,164
2023-05-04,17,117
2023-05-04,18,70
2023-05-04,19,52
2023-05-04,20,32
2023-05-04,21,46
2023-05-04,22,16
2023-05-04,23,14
2023-05-05,0,9
2023-05-05,1,76
2023-05-05,2,76
2023-05-05,3,39
2023-05-05,4,74
2023-05-05,5,27
2023-05-05,6,46
2023-05-05,7,131
2023-05-05,8,90
2023-05-05,9,94
2023-05-05,10,95
2023-05-05,11,111
2023-05-05,12,108
2023-05-05,13,118
2023-05-05,14,150
2023-05-05,15,119
2023-05-05,16,149
2023-05-05,17,117
2023-05-05,18,118
2023-05-05,19,100
2023-05-05,20,86
2023-05-05,21,86
2023-05-05,22,89
2023-05-05,23,74
2023-05-06,0,72
2023-05-06,1,74
2023-05-06,2,79
2023-05-06,3,38
2023-05-06,4,31
2023-05-06,5,16
2023-05-06,6,14
2023-05-06,7,35
2023-05-06,8,34
2023-05-06,9,56
2023-05-06,10,41
2023-05-06,11,42
2023-05-06,12,94
2023-05-06,13,67
2023-05-06,14,57
2023-05-06,15,76
2023-05-06,16,60
2023-05-06,17,49
2023-05-06,18,81
2023-05-06,19,66
2023-05-06,20,41
2023-05-06,21,51
2023-05-06,22,68
2023-05-06,23,58
2023-05-07,0,19
2023-05-07,1,27
2023-05-07,2,141
2023-05-07,3,64
2023-05-07,4,5
2023-05-07,5,11
2023-05-07,6,36
2023-05-07,7,17
2023-05-07,8,18
2023-05-07,9,20
2023-05-07,10,28
2023-05-07,11,35
2023-05-07,12,71
2023-05-07,13,55
2023-05-07,14,55
2023-05-07,15,100
2023-05-07,16,74
2023-05-07,17,93
2023-05-07,18,86
2023-05-07,19,97
2023-05-07,20,99
2023-05-07,21,74
2023-05-07,22,72
2023-05-07,23,57
2023-05-08,0,34
2023-05-08,1,106
2023-05-08,2,43
2023-05-08,3,47
2023-05-08,4,73
2023-05-08,5,43
2023-05-08,6,67
2023-05-08,7,57
2023-05-08,8,75
2023-05-08,9,62
2023-05-08,10,49
2023-05-08,11,82
2023-05-08,12,99
2023-05-08,13,62
2023-05-08,14,99
2023-05-08,15,87
2023-05-08,16,97
2023-05-08,17,108
2023-05-08,18,79
2023-05-08,19,25
2023-05-08,20,36
2023-05-08,21,25
2023-05-08,22,16
2023-05-08,23,54
2023-05-09,0,25
2023-05-09,1,50
2023-05-09,2,20
2023-05-09,3,7
2023-05-09,4,45
2023-05-09,5,58
2023-05-09,6,79
2023-05-09,7,125
2023-05-09,8,110
2023-05-09,9,70
2023-05-09,10,58
2023-05-09,11,83
2023-05-09,12,59
2023-05-09,13,64
2023-05-09,14,98
2023-05-09,15,109
2023-05-09,16,129
2023-05-09,17,98
2023-05-09,18,76
2023-05-09,19,36
2023-05-09,20,36
2023-05-09,21,42
2023-05-09,22,23
2023-05-09,23,38
2023-05-10,0,77
2023-05-10,1,36
2023-05-10,2,32
2023-05-10,3,26
2023-05-10,4,21
2023-05-10,5,79
2023-05-10,6,71
2023-05-10,7,151
2023-05-10,8,165
2023-05-10,9,89
2023-05-10,10,110
2023-05-10,11,72
2023-05-10,12,84
2023-05-10,13,85
2023-05-10,14,82
2023-05-10,15,136
2023-05-10,16,132
2023-05-10,17,149
2023-05-10,18,76
2023-05-10,19,67
2023-05-10,20,97
2023-05-10,21,89
2023-05-10,22,84
2023-05-10,23,83
2023-05-11,0,71
2023-05-11,1,40
2023-05-11,2,43
2023-05-11,3,41
2023-05-11,4,44
2023-05-11,5,52
2023-05-11,6,62
2023-05-11,7,123
2023-05-11,8,110
2023-05-11,9,80
2023-05-11,10,80
2023-05-11,11,88
2023-05-11,12,118
2023-05-11,13,102
2023-05-11,14,84
2023-05-11,15,104
2023-05-11,16,120
2023-05-11,17,119
2023-05-11,18,84
2023-05-11,19,57
2023-05-11,20,76
2023-05-11,21,57
2023-05-11,22,47
2023-05-11,23,49
2023-05-12,0,35
2023-05-12,1,39
2023-05-12,2,45
2023-05-12,3,61
2023-05-12,4,70
2023-05-12,5,63
2023-05-12,6,75
2023-05-12,7,97
2023-05-12,8,88
2023-05-12,9,84
2023-05-12,10,96
2023-05-12,11,92
2023-05-12,12,92
2023-05-12,13,100
2023-05-12,14,119
2023-05-12,15,115
2023-05-12,16,111
2023-05-12,17,120
2023-05-12,18,110
2023-05-12,19,88
2023-05-12,20,80
2023-05-12,21,97
2023-05-12,22,98
2023-05-12,23,83
2023-05-13,0,58
2023-05-13,1,83
2023-05-13,2,53
2023-05-13,3,49
2023-05-13,4,44
2023-05-13,5,75
2023-05-13,6,83
2023-05-13,7,92
2023-05-13,8,59
2023-05-13,9,80
2023-05-13,10,72
2023-05-13,11,79
2023-05-13,12,80
2023-05-13,13,80
2023-05-13,14,68
2023-05-13,15,76
2023-05-13,16,80
2023-05-13,17,84
2023-05-13,18,97
2023-05-13,19,84
2023-05-13,20,74
2023-05-13,21,80
2023-05-13,22,76
2023-05-13,23,76
2023-05-14,0,48
2023-05-14,1,62
2023-05-14,2,89
2023-05-14,3,75
2023-05-14,4,44
2023-05-14,5,62
2023-05-14,6,80
2023-05-14,7,80
2023-05-14,8,67
2023-05-14,9,62
2023-05-14,10,66
2023-05-14,11,76
2023-05-14,12,80
2023-05-14,13,71
2023-05-14,14,75
2023-05-14,15,97
2023-05-14,16,71
2023-05-14,17,80
2023-05-14,18,79
2023-05-14,19,54
2023-05-15,8,72
2023-05-15,9,97
2023-05-15,10,102
2023-05-15,11,114
2023-05-15,12,101
2023-05-15,13,96
2023-05-15,14,101
2023-05-15,15,97
2023-05-15,16,110
2023-05-15,17,119
2023-05-15,18,96
2023-05-15,19,80
2023-05-15,20,71
2023-05-15,21,70
2023-05-15,22,67
2023-05-15,23,106
2023-05-16,0,53
2023-05-16,1,44
2023-05-16,2,40
2023-05-16,3,30
2023-05-16,4,44
2023-05-16,5,63
2023-05-16,6,75
2023-05-16,7,133
2023-05-16,8,111
2023-05-16,9,76
2023-05-16,10,76
2023-05-16,11,80
2023-05-16,12,76
2023-05-16,13,92
2023-05-16,14,92
2023-05-16,15,115
2023-05-16,16,111
2023-05-16,17,97
2023-05-16,18,80
2023-05-16,19,53
2023-05-16,20,49
2023-05-16,21,53
2023-05-16,22,48
2023-05-16,23,57
2023-05-17,0,61
2023-05-17,1,53
2023-05-17,2,50
2023-05-17,3,40
2023-05-17,4,27
2023-05-17,5,80
2023-05-17,6,71
2023-05-17,7,118
2023-05-17,8,136
2023-05-17,9,89
2023-05-17,10,114
2023-05-17,11,88
2023-05-17,12,84
2023-05-17,13,92
2023-05-17,14,92
2023-05-17,15,105
2023-05-17,16,141
2023-05-17,17,123
2023-05-17,18,84
2023-05-17,19,68
2023-05-17,20,88
2023-05-17,21,70
2023-05-17,22,71
2023-05-17,23,67
2023-05-18,0,45
2023-05-18,1,31
2023-05-18,2,30
2023-05-18,3,37
2023-05-18,4,44
2023-05-18,5,53
2023-05-18,6,62
2023-05-18,7,110
2023-05-18,8,106
2023-05-18,9,76
2023-05-18,10,84
2023-05-18,11,84
2023-05-18,12,114
2023-05-18,13,106
2023-05-18,14,97
2023-05-18,15,109
2023-05-18,16,129
2023-05-18,17,114
2023-05-18,18,84
2023-05-18,19,57
2023-05-18,20,72
2023-05-18,21,53
2023-05-18,22,36
2023-05-18,23,40
2023-05-19,0,26
2023-05-19,1,39
2023-05-19,2,48
2023-05-19,3,40
2023-05-19,4,81
2023-05-19,5,57
2023-05-19,6,75
2023-05-19,7,101
2023-05-19,8,93
2023-05-19,9,88
2023-05-19,10,96
2023-05-19,11,92
2023-05-19,12,102
2023-05-19,13,88
2023-05-19,14,119
2023-05-19,15,124
2023-05-19,16,119
2023-05-19,17,131
2023-05-19,18,119
2023-05-19,19,101
2023-05-19,20,88
2023-05-19,21,102
2023-05-19,22,110
2023-05-19,23,79
2023-05-20,0,71
2023-05-20,1,93
2023-05-20,2,61
2023-05-20,3,44
2023-05-20,4,41
2023-05-20,5,76
2023-05-20,6,92
2023-05-20,7,88
2023-05-20,8,58
2023-05-20,9,76
2023-05-20,10,76
2023-05-20,11,83
2023-05-20,12,84
2023-05-20,13,84
2023-05-20,14,76
2023-05-20,15,80
2023-05-20,16,84
2023-05-20,17,92
2023-05-20,18,96
2023-05-20,19,100
2023-05-20,20,93
2023-05-20,21,88
2023-05-20,22,84
2023-05-20,23,88
2023-05-21,0,53
2023-05-21,1,76
2023-05-21,2,114
2023-05-21,3,75
2023-05-21,4,53
2023-05-21,5,66
2023-05-21,6,89
2023-05-21,7,88
2023-05-21,8,67
2023-05-21,9,67
2023-05-21,10,80
2023-05-21,11,88
2023-05-21,12,92
2023-05-21,13,80
2023-05-21,14,84
2023-05-21,15,98
2023-05-21,16,71
2023-05-21,17,75
2023-05-21,18,79
2023-05-21,19,78
2023-05-21,20,76
2023-05-21,21,57
2023-05-21,22,57
2023-05-21,23,62
2023-05-22,0,70
2023-05-22,1,63
2023-05-22,2,53
2023-05-22,3,54
2023-05-22,4,67
2023-05-22,5,53
2023-05-22,6,76
2023-05-22,7,106
2023-05-22,8,92
2023-05-22,9,92
2023-05-22,10,111
2023-05-22,11,101
2023-05-22,12,101
2023-05-22,13,93
2023-05-22,14,106
2023-05-22,15,93
2023-05-22,16,119
2023-05-22,17,119
2023-05-22,18,88
2023-05-22,19,76
2023-05-22,20,67
2023-05-22,21,75
2023-05-22,22,76
2023-05-22,23,110
2023-05-23,0,53
2023-05-23,1,54
2023-05-23,2,57
2023-05-23,3,35
2023-05-23,4,44
2023-05-23,5,67
2023-05-23,6,79
2023-05-23,7,129
2023-05-23,8,105
2023-05-23,9,76
2023-05-23,10,72
2023-05-23,11,84
2023-05-23,12,76
2023-05-23,13,84
2023-05-23,14,89
2023-05-23,15,109
2023-05-23,16,119
2023-05-23,17,106
2023-05-23,18,84
2023-05-23,19,44
2023-05-23,20,44
2023-05-23,21,57
2023-05-23,22,48
2023-05-23,23,53
2023-05-24,0,58
2023-05-24,1,45
2023-05-24,2,37
2023-05-24,3,22
2023-05-24,4,17
2023-05-24,5,52
2023-05-24,6,67
2023-05-24,7,119
2023-05-24,8,123
2023-05-24,9,96
2023-05-24,10,119
2023-05-24,11,88
2023-05-24,12,84
2023-05-24,13,96
2023-05-24,14,97
2023-05-24,15,115
2023-05-24,16,132
2023-05-24,17,123
2023-05-24,18,84
2023-05-24,19,72
2023-05-24,20,88
2023-05-24,21,70
2023-05-24,22,76
2023-05-24,23,75
2023-05-25,0,53
2023-05-25,1,39
2023-05-25,2,27
2023-05-25,3,45
2023-05-25,4,40
2023-05-25,5,66
2023-05-25,6,74
2023-05-25,7,114
2023-05-25,8,100
2023-05-25,9,76
2023-05-25,10,84
2023-05-25,11,92
2023-05-25,12,114
2023-05-25,13,110
2023-05-25,14,97
2023-05-25,15,119
2023-05-25,16,128
2023-05-25,17,114
2023-05-25,18,92
2023-05-25,19,80
2023-05-25,20,84
2023-05-25,21,58
2023-05-25,22,48
2023-05-25,23,44
2023-05-26,0,31
2023-05-26,1,44
2023-05-26,2,49
2023-05-26,3,53
2023-05-26,4,80
2023-05-26,5,56
2023-05-26,6,71
2023-05-26,7,101
2023-05-26,8,88
2023-05-26,9,92
2023-05-26,10,105
2023-05-26,11,92
2023-05-26,12,97
2023-05-26,13,96
2023-05-26,14,124
2023-05-26,15,119
2023-05-26,16,123
2023-05-26,17,124
2023-05-26,18,110
2023-05-26,19,88
2023-05-26,20,84
2023-05-26,21,105
2023-05-26,22,110
2023-05-26,23,102
2023-05-27,0,67
2023-05-27,1,79
2023-05-27,2,57
2023-05-27,3,49
2023-05-27,4,49
2023-05-27,5,88
2023-05-27,6,80
2023-05-27,7,88
2023-05-27,8,58
2023-05-27,9,71
2023-05-27,10,76
2023-05-27,11,88
2023-05-27,12,88
2023-05-27,13,80
2023-05-27,14,76
2023-05-27,15,84
2023-05-27,16,84
2023-05-27,17,93
2023-05-27,18,111
2023-05-27,19,88
2023-05-27,20,89
2023-05-27,21,88
2023-05-27,22,80
2023-05-27,23,76
2023-05-28,0,53
2023-05-28,1,67
2023-05-28,2,97
2023-05-28,3,75
2023-05-28,4,57
2023-05-28,5,53
2023-05-28,6,84
2023-05-28,7,80
2023-05-28,8,67
2023-05-28,9,62
2023-05-28,10,71
2023-05-28,11,72
2023-05-28,12,76
2023-05-28,13,72
2023-05-28,14,71
2023-05-28,15,93
2023-05-28,16,67
2023-05-28,17,75
2023-05-28,18,88
2023-05-28,19,78
2023-05-28,20,76
2023-05-28,21,61
2023-05-28,22,63
2023-05-28,23,70
2023-05-29,0,93
2023-05-29,1,84
2023-05-29,2,72
2023-05-29,3,80
2023-05-29,4,71
2023-05-29,5,48
2023-05-29,6,62
2023-05-29,7,80
2023-05-29,8,71
2023-05-29,9,88
2023-05-29,10,88
2023-05-29,11,104
2023-05-29,12,88
2023-05-29,13,87
2023-05-29,14,92
2023-05-29,15,92
2023-05-29,16,100
2023-05-29,17,114
2023-05-29,18,97
2023-05-29,19,80
2023-05-29,20,67
2023-05-29,21,67
2023-05-29,22,76
2023-05-29,23,111
2023-05-30,0,58
2023-05-30,1,49
2023-05-30,2,62
2023-05-30,3,31
2023-05-30,4,44
2023-05-30,5,58
2023-05-30,6,83
2023-05-30,7,120
2023-05-30,8,110
2023-05-30,9,76
2023-05-30,10,76
2023-05-30,11,80
2023-05-30,12,76
2023-05-30,13,84
2023-05-30,14,92
2023-05-30,15,110
2023-05-30,16,128
2023-05-30,17,101
2023-05-30,18,84
2023-05-30,19,48
2023-05-30,20,44
2023-05-30,21,53
2023-05-30,22,48
2023-05-30,23,79
2023-05-31,0,84
2023-05-31,1,49
2023-05-31,2,50
2023-05-31,3,26
2023-05-31,4,16
2023-05-31,5,57
2023-05-31,6,71
2023-05-31,7,118
2023-05-31,8,127
2023-05-31,9,102
2023-05-31,10,110
2023-05-31,11,84
2023-05-31,12,96
2023-05-31,13,92
2023-05-31,14,107
2023-05-31,15,110
2023-05-31,16,128
2023-05-31,17,114
2023-05-31,18,84
2023-05-31,19,68
2023-05-31,20,88
2023-05-31,21,70
2023-05-31,22,72
2023-05-31,23,75
2023-06-01,0,57
2023-06-01,1,31
2023-06-01,2,30
2023-06-01,3,40
2023-06-01,4,40
2023-06-01,5,48
2023-06-01,6,66
2023-06-01,7,122
2023-06-01,8,105
2023-06-01,9,68
2023-06-01,10,80
2023-06-01,11,88
2023-06-01,12,123
2023-06-01,13,93
2023-06-01,14,84
2023-06-01,15,105
2023-06-01,16,137
2023-06-01,17,110
2023-06-01,18,80
2023-06-01,19,57
2023-06-01,20,72
2023-06-01,21,49
2023-06-01,22,36
2023-06-01,23,40
2023-06-02,0,23
2023-06-02,1,43
2023-06-02,2,49
2023-06-02,3,44
2023-06-02,4,75
2023-06-02,5,57
2023-06-02,6,71
2023-06-02,7,105
2023-06-02,8,88
2023-06-02,9,88
2023-06-02,10,101
2023-06-02,11,96
2023-06-02,12,93
2023-06-02,13,92
2023-06-02,14,106
2023-06-02,15,124
2023-06-02,16,110
2023-06-02,17,115
2023-06-02,18,114
2023-06-02,19,88
2023-06-02,20,84
2023-06-02,21,102
2023-06-02,22,106
2023-06-02,23,98
2023-06-03,0,61
2023-06-03,1,83
2023-06-03,2,53
2023-06-03,3,52
2023-06-03,4,45
2023-06-03,5,72
2023-06-03,6,79
2023-06-03,7,84
2023-06-03,8,58
2023-06-03,9,71
2023-06-03,10,76
2023-06-03,11,84
2023-06-03,12,79
2023-06-03,13,84
2023-06-03,14,71
2023-06-03,15,72
2023-06-03,16,72
2023-06-03,17,84
2023-06-03,18,96
2023-06-03,19,84
2023-06-03,20,84
2023-06-03,21,75
2023-06-03,22,80
2023-06-03,23,67
2023-06-04,0,48
2023-06-04,1,67
2023-06-04,2,105
2023-06-04,3,62
2023-06-04,4,48
2023-06-04,5,53
2023-06-04,6,84
2023-06-04,7,80
2023-06-04,8,67
2023-06-04,9,62
2023-06-04,10,62
2023-06-04,11,80
2023-06-04,12,72
2023-06-04,13,72
2023-06-04,14,76
2023-06-04,15,89
2023-06-04,16,71
2023-06-04,17,71
2023-06-04,18,75
2023-06-04,19,82
2023-06-04,20,72
2023-06-04,21,63
2023-06-04,22,57
2023-06-04,23,54
2023-06-05,0,66
2023-06-05,1,62
2023-06-05,2,67
2023-06-05,3,54
2023-06-05,4,76
2023-06-05,5,52
2023-06-05,6,76
2023-06-05,7,97
2023-06-05,8,92
2023-06-05,9,96
2023-06-05,10,101
2023-06-05,11,110
2023-06-05,12,97
2023-06-05,13,88
2023-06-05,14,96
2023-06-05,15,102
2023-06-05,16,128
2023-06-05,17,129
2023-06-05,18,105
2023-06-05,19,80
2023-06-05,20,67
2023-06-05,21,76
2023-06-05,22,80
2023-06-05,23,115
2023-06-06,0,49
2023-06-06,1,58
2023-06-06,2,57
2023-06-06,3,39
2023-06-06,4,40
2023-06-06,5,67
2023-06-06,6,79
2023-06-06,7,129
2023-06-06,8,114
2023-06-06,9,76
2023-06-06,10,72
2023-06-06,11,80
2023-06-06,12,76
2023-06-06,13,76
2023-06-06,14,84
2023-06-06,15,109
2023-06-06,16,119
2023-06-06,17,102
2023-06-06,18,84
2023-06-06,19,48
2023-06-06,20,44
2023-06-06,21,53
2023-06-06,22,52
2023-06-06,23,58
2023-06-07,0,50
2023-06-07,1,58
2023-06-07,2,46
2023-06-07,3,39
2023-06-07,4,26
2023-06-07,5,57
2023-06-07,6,62
2023-06-07,7,118
2023-06-07,8,119
2023-06-07,9,88
2023-06-07,10,109
2023-06-07,11,88
2023-06-07,12,88
2023-06-07,13,88
2023-06-07,14,100
2023-06-07,15,105
2023-06-07,16,111
2023-06-07,17,115
2023-06-07,18,80
2023-06-07,19,71
2023-06-07,20,84
2023-06-07,21,75
2023-06-07,22,72
2023-06-07,23,67
2023-06-08,0,45
2023-06-08,1,30
2023-06-08,2,30
2023-06-08,3,52
2023-06-08,4,53
2023-06-08,5,52
2023-06-08,6,66
2023-06-08,7,114
2023-06-08,8,101
2023-06-08,9,80
2023-06-08,10,84
2023-06-08,11,84
2023-06-08,12,109
2023-06-08,13,101
2023-06-08,14,84
2023-06-08,15,101
2023-06-08,16,114
2023-06-08,17,114
2023-06-08,18,88
2023-06-08,19,57
2023-06-08,20,72
2023-06-08,21,48
2023-06-08,22,40
2023-06-08,23,40
2023-06-09,0,26
2023-06-09,1,40
2023-06-09,2,49
2023-06-09,3,44
2023-06-09,4,62
2023-06-09,5,58
2023-06-09,6,71
2023-06-09,7,101
2023-06-09,8,88
2023-06-09,9,88
2023-06-09,10,100
2023-06-09,11,96
2023-06-09,12,88
2023-06-09,13,88
2023-06-09,14,113
2023-06-09,15,124
2023-06-09,16,120
2023-06-09,17,115
2023-06-09,18,106
2023-06-09,19,88
2023-06-09,20,88
2023-06-09,21,101
2023-06-09,22,101
2023-06-09,23,88
2023-06-10,0,57
2023-06-10,1,79
2023-06-10,2,49
2023-06-10,3,48
2023-06-10,4,41
2023-06-10,5,63
2023-06-10,6,75
2023-06-10,7,88
2023-06-10,8,58
2023-06-10,9,78
2023-06-10,10,67
2023-06-10,11,84
2023-06-10,12,84
2023-06-10,13,84
2023-06-10,14,66
2023-06-10,15,72
2023-06-10,16,80
2023-06-10,17,88
2023-06-10,18,97
2023-06-10,19,84
2023-06-10,20,89
2023-06-10,21,80
2023-06-10,22,80
2023-06-10,23,72
2023-06-11,0,57
2023-06-11,1,62
2023-06-11,2,101
2023-06-11,3,68
2023-06-11,4,67
2023-06-11,5,40
2023-06-11,6,80
2023-06-11,7,84
2023-06-11,8,67
2023-06-11,9,57
2023-06-11,10,66
2023-06-11,11,76
2023-06-11,12,72
2023-06-11,13,72
2023-06-11,14,76
2023-06-11,15,93
2023-06-11,16,71
2023-06-11,17,75
2023-06-11,18,75
2023-06-11,19,69
2023-06-11,20,76
2023-06-11,21,61
2023-06-11,22,58
2023-06-11,23,58
2023-06-12,0,74
2023-06-12,1,58
2023-06-12,2,53
2023-06-12,3,44
2023-06-12,4,76
2023-06-12,5,48
2023-06-12,6,76
2023-06-12,7,106
2023-06-12,8,84
2023-06-12,9,84
2023-06-12,10,102
2023-06-12,11,106
2023-06-12,12,101
2023-06-12,13,92
2023-06-12,14,96
2023-06-12,15,96
2023-06-12,16,119
2023-06-12,17,119
2023-06-12,18,96
2023-06-12,19,80
2023-06-12,20,67
2023-06-12,21,71
2023-06-12,22,80
2023-06-12,23,144
2023-06-13,0,58
2023-06-13,1,53
2023-06-13,2,45
2023-06-13,3,35
2023-06-13,4,48
2023-06-13,5,66
2023-06-13,6,75
2023-06-13,7,129
2023-06-13,8,111
2023-06-13,9,76
2023-06-13,10,72
2023-06-13,11,80
2023-06-13,12,80
2023-06-13,13,84
2023-06-13,14,92
2023-06-13,15,123
2023-06-13,16,128
2023-06-13,17,110
2023-06-13,18,80
2023-06-13,19,48
2023-06-13,20,49
2023-06-13,21,48
2023-06-13,22,48
2023-06-13,23,62
2023-06-14,0,52
2023-06-14,1,49
2023-06-14,2,45
2023-06-14,3,26
2023-06-14,4,21
2023-06-14,5,53
2023-06-14,6,70
2023-06-14,7,109
2023-06-14,8,124
2023-06-14,9,93
2023-06-14,10,120
2023-06-14,11,92
2023-06-14,12,84
2023-06-14,13,92
2023-06-14,14,105
2023-06-14,15,101
2023-06-14,16,119
2023-06-14,17,110
2023-06-14,18,76
2023-06-14,19,62
2023-06-14,20,83
2023-06-14,21,65
2023-06-14,22,68
2023-06-14,23,84
2023-06-15,0,62
2023-06-15,1,35
2023-06-15,2,39
2023-06-15,3,57
2023-06-15,4,48
2023-06-15,5,53
2023-06-15,6,70
2023-06-15,7,110
2023-06-15,8,110
2023-06-15,9,72
2023-06-15,10,80
2023-06-15,11,88
2023-06-15,12,114
2023-06-15,13,101
2023-06-15,14,84
2023-06-15,15,104
2023-06-15,16,128
2023-06-15,17,110
2023-06-15,18,92
2023-06-15,19,57
2023-06-15,20,76
2023-06-15,21,48
2023-06-15,22,40
2023-06-15,23,49
2023-06-16,0,22
2023-06-16,1,44
2023-06-16,2,56
2023-06-16,3,40
2023-06-16,4,74
2023-06-16,5,53
2023-06-16,6,76
2023-06-16,7,106
2023-06-16,8,97
2023-06-16,9,92
2023-06-16,10,92
2023-06-16,11,92
2023-06-16,12,92
2023-06-16,13,92
2023-06-16,14,105
2023-06-16,15,120
2023-06-16,16,115
2023-06-16,17,132
2023-06-16,18,115
2023-06-16,19,92
2023-06-16,20,84
2023-06-16,21,101
2023-06-16,22,105
2023-06-16,23,88
2023-06-17,0,49
2023-06-17,1,80
2023-06-17,2,53
2023-06-17,3,53
2023-06-17,4,41
2023-06-17,5,76
2023-06-17,6,80
2023-06-17,7,84
2023-06-17,8,58
2023-06-17,9,71
2023-06-17,10,80
2023-06-17,11,84
2023-06-17,12,92
2023-06-17,13,80
2023-06-17,14,72
2023-06-17,15,84
2023-06-17,16,84
2023-06-17,17,88
2023-06-17,18,102
2023-06-17,19,97
2023-06-17,20,84
2023-06-17,21,80
2023-06-17,22,67
2023-06-17,23,72
2023-06-18,0,48
2023-06-18,1,62
2023-06-18,2,101
2023-06-18,3,66
2023-06-18,4,62
2023-06-18,5,53
2023-06-18,6,80
2023-06-18,7,88
2023-06-18,8,75
2023-06-18,9,67
2023-06-18,10,80
2023-06-18,11,88
2023-06-18,12,80
2023-06-18,13,76
2023-06-18,14,80
2023-06-18,15,93
2023-06-18,16,88
2023-06-19,7,96
2023-06-19,8,88
2023-06-19,9,88
2023-06-19,10,102
2023-06-19,11,105
2023-06-19,12,93
2023-06-19,13,92
2023-06-19,14,101
2023-06-19,15,96
2023-06-19,16,118
2023-06-19,17,114
2023-06-19,18,99
2023-06-19,19,76
2023-06-19,20,62
2023-06-19,21,70
2023-06-19,22,76
2023-06-19,23,94
2023-06-20,0,45
2023-06-20,1,57
2023-06-20,2,49
2023-06-20,3,26
2023-06-20,4,36
2023-06-20,5,58
2023-06-20,6,71
2023-06-20,7,128
2023-06-20,8,113
2023-06-20,9,76
2023-06-20,10,68
2023-06-20,11,76
2023-06-20,12,80
2023-06-20,13,88
2023-06-20,14,84
2023-06-20,15,114
2023-06-20,16,115
2023-06-20,17,106
2023-06-20,18,88
2023-06-20,19,53
2023-06-20,20,49
2023-06-20,21,53
2023-06-20,22,61
2023-06-20,23,75
2023-06-21,0,71
2023-06-21,1,62
2023-06-21,2,49
2023-06-21,3,31
2023-06-21,4,21
2023-06-21,5,57
2023-06-21,6,71
2023-06-21,7,123
2023-06-21,8,132
2023-06-21,9,92
2023-06-21,10,108
2023-06-21,11,80
2023-06-21,12,92
2023-06-21,13,92
2023-06-21,14,101
2023-06-21,15,106
2023-06-21,16,120
2023-06-21,17,110
2023-06-21,18,80
2023-06-21,19,67
2023-06-21,20,87
2023-06-21,21,70
2023-06-21,22,68
2023-06-21,23,67
2023-06-22,0,53
2023-06-22,1,32
2023-06-22,2,39
2023-06-22,3,49
2023-06-22,4,44
2023-06-22,5,48
2023-06-22,6,58
2023-06-22,7,118
2023-06-22,8,110
2023-06-22,9,80
2023-06-22,10,80
2023-06-22,11,84
2023-06-22,12,114
2023-06-22,13,105
2023-06-22,14,88
2023-06-22,15,100
2023-06-22,16,123
2023-06-22,17,109
2023-06-22,18,84
2023-06-22,19,56
2023-06-22,20,72
2023-06-22,21,53
2023-06-22,22,42
2023-06-22,23,40
2023-06-23,0,32
2023-06-23,1,36
2023-06-23,2,52
2023-06-23,3,48
2023-06-23,4,70
2023-06-23,5,53
2023-06-23,6,75
2023-06-23,7,106
2023-06-23,8,92
2023-06-23,9,88
2023-06-23,10,104
2023-06-23,11,92
2023-06-23,12,92
2023-06-23,13,97
2023-06-23,14,119
2023-06-23,15,128
2023-06-23,16,123
2023-06-23,17,146
2023-06-23,18,132
2023-06-23,19,101
2023-06-23,20,88
2023-06-23,21,106
2023-06-23,22,111
2023-06-23,23,110
2023-06-24,0,67
2023-06-24,1,84
2023-06-24,2,53
2023-06-24,3,58
2023-06-24,4,41
2023-06-24,5,76
2023-06-24,6,79
2023-06-24,7,84
2023-06-24,8,58
2023-06-24,9,71
2023-06-24,10,76
2023-06-24,11,84
2023-06-24,12,84
2023-06-24,13,88
2023-06-24,14,67
2023-06-24,15,76
2023-06-24,16,80
2023-06-24,17,97
2023-06-24,18,96
2023-06-24,19,92
2023-06-24,20,90
2023-06-24,21,84
2023-06-24,22,84
2023-06-24,23,76
2023-06-25,0,57
2023-06-25,1,62
2023-06-25,2,101
2023-06-25,3,66
2023-06-25,4,48
2023-06-25,5,49
2023-06-25,6,80
2023-06-25,7,84
2023-06-25,8,67
2023-06-25,9,62
2023-06-25,10,62
2023-06-25,11,76
2023-06-25,12,84
2023-06-25,13,72
2023-06-25,14,84
2023-06-25,15,102
2023-06-25,16,84
2023-06-25,17,93
2023-06-25,18,101
2023-06-25,19,86
2023-06-25,20,84
2023-06-25,21,61
2023-06-25,22,79
2023-06-25,23,79
2023-06-26,0,89
2023-06-26,1,68
2023-06-26,2,59
2023-06-26,3,58
2023-06-26,4,68
2023-06-26,5,52
2023-06-26,6,76
2023-06-26,7,101
2023-06-26,8,80
2023-06-26,9,92
2023-06-26,10,97
2023-06-26,11,110
2023-06-26,12,40
2023-06-26,13,41
2023-06-26,14,65
2023-06-26,15,176
2023-06-26,16,90
2023-06-26,17,65
2023-06-26,18,41
2023-06-26,19,52
2023-06-26,20,38
2023-06-26,21,39
2023-06-26,22,20
2023-06-26,23,13
2023-06-27,0,54
2023-06-27,1,35
2023-06-27,2,49
2023-06-27,3,6
2023-06-27,4,53
2023-06-27,5,54
2023-06-27,6,98
2023-06-27,7,145
2023-06-27,8,113
2023-06-27,9,103
2023-06-27,10,112
2023-06-27,11,136
2023-06-27,12,76
2023-06-27,13,121
2023-06-27,14,89
2023-06-27,15,142
2023-06-27,16,151
2023-06-27,17,98
2023-06-27,18,80
2023-06-27,19,34
2023-06-27,20,28
2023-06-27,21,70
2023-06-27,22,29
2023-06-27,23,19
2023-06-28,0,21
2023-06-28,1,40
2023-06-28,2,72
2023-06-28,3,102
2023-06-28,4,73
2023-06-28,5,60
2023-06-28,6,99
2023-06-28,7,144
2023-06-28,8,152
2023-06-28,9,227
2023-06-28,10,152
2023-06-28,11,97
2023-06-28,12,82
2023-06-28,13,160
2023-06-28,14,139
2023-06-28,15,125
2023-06-28,16,148
2023-06-28,17,163
2023-06-28,18,103
2023-06-28,19,141
2023-06-28,20,98
2023-06-28,21,168
2023-06-28,22,161
2023-06-28,23,108
2023-06-29,0,81
2023-06-29,1,47
2023-06-29,2,87
2023-06-29,3,64
2023-06-29,4,91
2023-06-29,5,114
2023-06-29,6,75
2023-06-29,7,162
2023-06-29,8,182
2023-06-29,9,97
2023-06-29,10,129
2023-06-29,11,83
2023-06-29,12,138
2023-06-29,13,183
2023-06-29,14,160
2023-06-29,15,104
2023-06-29,16,106
2023-06-29,17,87
2023-06-29,18,104
2023-06-29,19,60
2023-06-29,20,27
2023-06-29,21,23
2023-06-29,22,20
2023-06-29,23,19
2023-06-30,0,6
2023-06-30,1,8
2023-06-30,2,5
2023-06-30,3,9
2023-06-30,4,37
2023-06-30,5,9
2023-06-30,6,45
2023-06-30,7,94
2023-06-30,8,80
2023-06-30,9,58
2023-06-30,10,63
2023-06-30,11,74
2023-06-30,12,74
2023-06-30,13,64
2023-06-30,14,67
2023-06-30,15,86
2023-06-30,16,95
2023-06-30,17,95
2023-06-30,18,83
2023-06-30,19,47
2023-06-30,20,48
2023-06-30,21,32
2023-06-30,22,36
2023-06-30,23,22
2023-07-01,0,23
2023-07-01,1,105
2023-07-01,2,75
2023-07-01,3,92
2023-07-01,4,14
2023-07-01,5,51
2023-07-01,6,41
2023-07-01,7,33
2023-07-01,8,71
2023-07-01,9,110
2023-07-01,10,143
2023-07-01,11,86
2023-07-01,12,88
2023-07-01,13,67
2023-07-01,14,55
2023-07-01,15,64
2023-07-01,16,81
2023-07-01,17,87
2023-07-01,18,93
2023-07-01,19,49
2023-07-01,20,43
2023-07-01,21,38
2023-07-01,22,46
2023-07-01,23,76
2023-07-02,0,52
2023-07-02,1,108
2023-07-02,2,34
2023-07-02,3,7
2023-07-02,4,13
2023-07-02,5,5
2023-07-02,6,11
2023-07-02,7,12
2023-07-02,8,21
2023-07-02,9,24
2023-07-02,10,21
2023-07-02,11,14
2023-07-02,12,30
2023-07-02,13,36
2023-07-02,14,28
2023-07-02,15,36
2023-07-02,16,67
2023-07-02,17,62
2023-07-02,18,54
2023-07-02,19,65
2023-07-02,20,109
2023-07-02,21,131
2023-07-02,22,66
2023-07-02,23,30
2023-07-03,0,35
2023-07-03,1,30
2023-07-03,2,41
2023-07-03,3,54
2023-07-03,4,23
2023-07-03,5,45
2023-07-03,6,70
2023-07-03,7,109
2023-07-03,8,80
2023-07-03,9,80
2023-07-03,10,89
2023-07-03,11,60
2023-07-03,12,44
2023-07-03,13,46
2023-07-03,14,44
2023-07-03,15,64
2023-07-03,16,73
2023-07-03,17,51
2023-07-03,18,40
2023-07-03,19,40
2023-07-03,20,12
2023-07-03,21,22
2023-07-03,22,11
2023-07-03,23,7
2023-07-04,0,3
2023-07-04,1,1
2023-07-04,2,1
2023-07-04,3,3
2023-07-04,4,11
2023-07-04,5,16
2023-07-04,6,41
2023-07-04,7,99
2023-07-04,8,64
2023-07-04,9,53
2023-07-04,10,53
2023-07-04,11,49
2023-07-04,12,62
2023-07-04,13,56
2023-07-04,14,56
2023-07-04,15,68
2023-07-04,16,85
2023-07-04,17,82
2023-07-04,18,36
2023-07-04,19,33
2023-07-04,20,20
2023-07-04,21,18
2023-07-04,22,15
2023-07-04,23,9
2023-07-05,0,11
2023-07-05,1,4
2023-07-05,2,4
2023-07-05,3,13
2023-07-05,4,9
2023-07-05,5,18
2023-07-05,6,56
2023-07-05,7,74
2023-07-05,8,69
2023-07-05,9,69
2023-07-05,10,57
2023-07-05,11,45
2023-07-05,12,89
2023-07-05,13,47
2023-07-05,14,56
2023-07-05,15,82
2023-07-05,16,90
2023-07-05,17,64
2023-07-05,18,50
2023-07-05,19,30
2023-07-05,20,29
2023-07-05,21,29
2023-07-05,22,20
2023-07-05,23,10
2023-07-06,0,5
2023-07-06,1,2
2023-07-06,2,20
2023-07-06,3,79
2023-07-06,4,51
2023-07-06,5,112
2023-07-06,6,119
2023-07-06,7,131
2023-07-06,8,101
2023-07-06,9,77
2023-07-06,10,93
2023-07-06,11,76
2023-07-06,12,139
2023-07-06,13,164
2023-07-06,14,137
2023-07-06,15,117
2023-07-06,16,103
2023-07-06,17,105
2023-07-06,18,155
2023-07-06,19,112
2023-07-06,20,144
2023-07-06,21,61
2023-07-06,22,60
2023-07-06,23,127
2023-07-07,0,5
2023-07-07,1,8
2023-07-07,2,2
2023-07-07,3,7
2023-07-07,4,42
2023-07-07,5,17
2023-07-07,6,35
2023-07-07,7,95
2023-07-07,8,84
2023-07-07,9,76
2023-07-07,10,149
2023-07-07,11,120
2023-07-07,12,132
2023-07-07,13,123
2023-07-07,14,121
2023-07-07,15,151
2023-07-07,16,129
2023-07-07,17,180
2023-07-07,18,110
2023-07-07,19,75
2023-07-07,20,89
2023-07-07,21,116
2023-07-07,22,121
2023-07-07,23,124
2023-07-08,0,207
2023-07-08,1,119
2023-07-08,2,80
2023-07-08,3,79
2023-07-08,4,93
2023-07-08,5,120
2023-07-08,6,66
2023-07-08,7,18
2023-07-08,8,53
2023-07-08,9,147
2023-07-08,10,94
2023-07-08,11,93
2023-07-08,12,35
2023-07-08,13,54
2023-07-08,14,46
2023-07-08,15,57
2023-07-08,16,66
2023-07-08,17,53
2023-07-08,18,86
2023-07-08,19,37
2023-07-08,20,84
2023-07-08,21,135
2023-07-08,22,110
2023-07-08,23,118
2023-07-09,0,83
2023-07-09,1,145
2023-07-09,2,90
2023-07-09,3,121
2023-07-09,4,54
2023-07-09,5,80
2023-07-09,6,76
2023-07-09,7,64
2023-07-09,8,80
2023-07-09,9,66
2023-07-09,10,73
2023-07-09,11,67
2023-07-09,12,111
2023-07-09,13,54
2023-07-09,14,102
2023-07-09,15,103
2023-07-09,16,78
2023-07-09,17,88
2023-07-09,18,65
2023-07-09,19,103
2023-07-09,20,109
2023-07-09,21,111
2023-07-09,22,120
2023-07-09,23,101
2023-07-10,0,113
2023-07-10,1,94
2023-07-10,2,98
2023-07-10,3,70
2023-07-10,4,36
2023-07-10,5,60
2023-07-10,6,94
2023-07-10,7,125
2023-07-10,8,107
2023-07-10,9,69
2023-07-10,10,127
2023-07-10,11,101
2023-07-10,12,65
2023-07-10,13,63
2023-07-10,14,75
2023-07-10,15,81
2023-07-10,16,66
2023-07-10,17,92
2023-07-10,18,68
2023-07-10,19,76
2023-07-10,20,59
2023-07-10,21,68
2023-07-10,22,58
2023-07-10,23,141
2023-07-11,0,46
2023-07-11,1,107
2023-07-11,2,119
2023-07-11,3,68
2023-07-11,4,59
2023-07-11,5,94
2023-07-11,6,78
2023-07-11,7,116
2023-07-11,8,112
2023-07-11,9,73
2023-07-11,10,72
2023-07-11,11,100
2023-07-11,12,106
2023-07-11,13,116
2023-07-11,14,96
2023-07-11,15,123
2023-07-11,16,129
2023-07-11,17,89
2023-07-11,18,101
2023-07-11,19,57
2023-07-11,20,94
2023-07-11,21,72
2023-07-11,22,53
2023-07-11,23,35
2023-07-12,0,38
2023-07-12,1,49
2023-07-12,2,100
2023-07-12,3,37
2023-07-12,4,27
2023-07-12,5,83
2023-07-12,6,152
2023-07-12,7,157
2023-07-12,8,115
2023-07-12,9,117
2023-07-12,10,121
2023-07-12,11,86
2023-07-12,12,73
2023-07-26,10,109
2023-07-26,11,120
2023-07-26,12,93
2023-07-26,13,96
2023-07-26,14,111
2023-07-26,15,136
2023-07-26,16,146
2023-07-26,17,144
2023-07-26,18,84
2023-07-26,19,84
2023-07-26,20,88
2023-07-26,21,84
2023-07-26,22,80
2023-07-26,23,78
2023-07-27,0,44
2023-07-27,1,32
2023-07-27,2,53
2023-07-27,3,70
2023-07-27,4,56
2023-07-27,5,53
2023-07-27,6,66
2023-07-27,7,118
2023-07-27,8,132
2023-07-27,9,88
2023-07-27,10,105
2023-07-27,11,77
2023-07-27,12,116
2023-07-27,13,142
2023-07-27,14,115
2023-07-27,15,133
2023-07-27,16,125
2023-07-27,17,96
2023-07-27,18,76
2023-07-27,19,62
2023-07-27,20,84
2023-07-27,21,48
2023-07-27,22,67
2023-07-27,23,40
2023-07-28,0,26
2023-07-28,1,40
2023-07-28,2,26
2023-07-28,3,32
2023-07-28,4,53
2023-07-28,5,53
2023-07-28,6,67
2023-07-28,7,92
2023-07-28,8,80
2023-07-28,9,84
2023-07-28,10,124
2023-07-28,11,114
2023-07-28,12,106
2023-07-28,13,111
2023-07-28,14,123
2023-07-28,15,129
2023-07-28,16,134
2023-07-28,17,140
2023-07-28,18,98
2023-07-28,19,89
2023-07-28,20,80
2023-07-28,21,89
2023-07-28,22,101
2023-07-28,23,71
2023-07-29,0,71
2023-07-29,1,97
2023-07-29,2,66
2023-07-29,3,56
2023-07-29,4,50
2023-07-29,5,63
2023-07-29,6,75
2023-07-29,7,57
2023-07-29,8,49
2023-07-29,9,80
2023-07-29,10,80
2023-07-29,11,93
2023-07-29,12,71
2023-07-29,13,71
2023-07-29,14,64
2023-07-29,15,71
2023-07-29,16,88
2023-07-29,17,80
2023-07-29,18,84
2023-07-29,19,62
2023-07-29,20,71
2023-07-29,21,75
2023-07-29,22,67
2023-07-29,23,68
2023-07-30,0,71
2023-07-30,1,89
2023-07-30,2,71
2023-07-30,3,53
2023-07-30,4,61
2023-07-30,5,75
2023-07-30,6,75
2023-07-30,7,80
2023-07-30,8,79
2023-07-30,9,70
2023-07-30,10,62
2023-07-30,11,76
2023-07-30,12,80
2023-07-30,13,80
2023-07-30,14,93
2023-07-30,15,76
2023-07-30,16,84
2023-07-30,17,71
2023-07-30,18,76
2023-07-30,19,115
2023-07-30,20,132
2023-07-30,21,102
2023-07-30,22,76
2023-07-30,23,52
2023-07-31,0,67
2023-07-31,1,89
2023-07-31,2,57
2023-07-31,3,54
2023-07-31,4,52
2023-07-31,5,57
2023-07-31,6,72
2023-07-31,7,111
2023-07-31,8,93
2023-07-31,9,81
2023-07-31,10,116
2023-07-31,11,102
2023-07-31,12,114
2023-07-31,13,56
2023-07-31,14,151
2023-07-31,15,111
2023-07-31,16,107
2023-07-31,17,105
2023-07-31,18,42
2023-07-31,19,70
2023-07-31,20,121
2023-07-31,21,182
2023-07-31,22,120
2023-07-31,23,101
2023-08-01,0,62
2023-08-01,1,53
2023-08-01,2,70
2023-08-01,3,63
2023-08-01,4,44
2023-08-01,5,57
2023-08-01,6,75
2023-08-01,7,132
2023-08-01,8,127
2023-08-01,9,80
2023-08-01,10,76
2023-08-01,11,107
2023-08-01,12,101
2023-08-01,13,97
2023-08-01,14,101
2023-08-01,15,128
2023-08-01,16,147
2023-08-01,17,100
2023-08-01,18,88
2023-08-01,19,54
2023-08-01,20,61
2023-08-01,21,71
2023-08-01,22,45
2023-08-01,23,50
2023-08-02,0,58
2023-08-02,1,40
2023-08-02,2,49
2023-08-02,3,35
2023-08-02,4,23
2023-08-02,5,57
2023-08-02,6,79
2023-08-02,7,118
2023-08-02,8,106
2023-08-02,9,116
2023-08-02,10,104
2023-08-02,11,116
2023-08-02,12,110
2023-08-02,13,96
2023-08-02,14,111
2023-08-02,15,128
2023-08-02,16,137
2023-08-02,17,128
2023-08-02,18,80
2023-08-02,19,89
2023-08-02,20,88
2023-08-02,21,85
2023-08-02,22,88
2023-08-02,23,75
2023-08-03,0,44
2023-08-03,1,26
2023-08-03,2,49
2023-08-03,3,71
2023-08-03,4,45
2023-08-03,5,66
2023-08-03,6,70
2023-08-03,7,118
2023-08-03,8,107
2023-08-03,9,72
2023-08-03,10,101
2023-08-03,11,88
2023-08-03,12,129
2023-08-03,13,137
2023-08-03,14,111
2023-08-03,15,133
2023-08-03,16,115
2023-08-03,17,101
2023-08-03,18,80
2023-08-03,19,62
2023-08-03,20,80
2023-08-03,21,63
2023-08-03,22,71
2023-08-03,23,36
2023-08-04,0,22
2023-08-04,1,53
2023-08-04,2,66
2023-08-04,3,62
2023-08-04,4,66
2023-08-04,5,61
2023-08-04,6,75
2023-08-04,7,88
2023-08-04,8,88
2023-08-04,9,93
2023-08-04,10,109
2023-08-04,11,97
2023-08-04,12,87
2023-08-04,13,84
2023-08-04,14,92
2023-08-04,15,92
2023-08-04,16,105
2023-08-04,17,137
2023-08-04,18,101
2023-08-04,19,93
2023-08-04,20,80
2023-08-04,21,94
2023-08-04,22,97
2023-08-04,23,96
2023-08-05,0,84
2023-08-05,1,88
2023-08-05,2,67
2023-08-05,3,78
2023-08-05,4,67
2023-08-05,5,75
2023-08-05,6,76
2023-08-05,7,57
2023-08-05,8,49
2023-08-05,9,75
2023-08-05,10,71
2023-08-05,11,84
2023-08-05,12,63
2023-08-05,13,62
2023-08-05,14,45
2023-08-05,15,54
2023-08-05,16,71
2023-08-05,17,72
2023-08-05,18,85
2023-08-05,19,75
2023-08-05,20,75
2023-08-05,21,75
2023-08-05,22,49
2023-08-05,23,76
2023-08-06,0,71
2023-08-06,1,85
2023-08-06,2,66
2023-08-06,3,66
2023-08-06,4,57
2023-08-06,5,59
2023-08-06,6,72
2023-08-06,7,80
2023-08-06,8,75
2023-08-06,9,70
2023-08-06,10,58
2023-08-06,11,72
2023-08-06,12,70
2023-08-06,13,71
2023-08-06,14,84
2023-08-06,15,76
2023-08-06,16,79
2023-08-06,17,66
2023-08-06,18,75
2023-08-06,19,120
2023-08-06,20,136
2023-08-06,21,101
2023-08-06,22,80
2023-08-06,23,66
2023-08-07,0,88
2023-08-07,1,97
2023-08-07,2,71
2023-08-07,3,64
2023-08-07,4,71
2023-08-07,5,53
2023-08-07,6,71
2023-08-07,7,100
2023-08-07,8,84
2023-08-07,9,94
2023-08-07,10,89
2023-08-07,11,101
2023-08-07,12,80
2023-08-07,13,67
2023-08-07,14,76
2023-08-07,15,80
2023-08-07,16,84
2023-08-07,17,88
2023-08-07,18,79
2023-08-07,19,75
2023-08-07,20,66
2023-08-07,21,80
2023-08-07,22,76
2023-08-07,23,80
2023-08-08,0,49
2023-08-08,1,53
2023-08-08,2,66
2023-08-08,3,66
2023-08-08,4,45
2023-08-08,5,57
2023-08-08,6,71
2023-08-08,7,115
2023-08-08,8,127
2023-08-08,9,80
2023-08-08,10,76
2023-08-08,11,114
2023-08-08,12,92
2023-08-08,13,97
2023-08-08,14,96
2023-08-08,15,115
2023-08-08,16,106
2023-08-08,17,92
2023-08-08,18,80
2023-08-08,19,57
2023-08-08,20,57
2023-08-08,21,62
2023-08-08,22,49
2023-08-08,23,45
2023-08-09,0,58
2023-08-09,1,44
2023-08-09,2,54
2023-08-09,3,35
2023-08-09,4,27
2023-08-09,5,53
2023-08-09,6,74
2023-08-09,7,110
2023-08-09,8,98
2023-08-09,9,116
2023-08-09,10,101
2023-08-09,11,108
2023-08-09,12,88
2023-08-09,13,84
2023-08-09,14,92
2023-08-09,15,132
2023-08-09,16,115
2023-08-09,17,107
2023-08-09,18,71
2023-08-09,19,84
2023-08-09,20,83
2023-08-09,21,89
2023-08-09,22,80
2023-08-09,23,74
2023-08-10,0,44
2023-08-10,1,22
2023-08-10,2,49
2023-08-10,3,71
2023-08-10,4,53
2023-08-10,5,54
2023-08-10,6,62
2023-08-10,7,114
2023-08-10,8,114
2023-08-10,9,72
2023-08-10,10,101
2023-08-10,11,88
2023-08-10,12,127
2023-08-10,13,110
2023-08-10,14,106
2023-08-10,15,119
2023-08-10,16,106
2023-08-10,17,84
2023-08-10,18,76
2023-08-10,19,57
2023-08-10,20,76
2023-08-10,21,53
2023-08-10,22,71
2023-08-10,23,44
2023-08-11,0,22
2023-08-11,1,36
2023-08-11,2,23
2023-08-11,3,28
2023-08-11,4,54
2023-08-11,5,47
2023-08-11,6,67
2023-08-11,7,84
2023-08-11,8,76
2023-08-11,9,76
2023-08-11,10,96
2023-08-11,11,97
2023-08-11,12,75
2023-08-11,13,88
2023-08-11,14,96
2023-08-11,15,101
2023-08-11,16,125
2023-08-11,17,132
2023-08-11,18,88
2023-08-11,19,84
2023-08-11,20,71
2023-08-11,21,80
2023-08-11,22,84
2023-08-11,23,57
2023-08-12,0,65
2023-08-12,1,79
2023-08-12,2,58
2023-08-12,3,52
2023-08-12,4,58
2023-08-12,5,92
2023-08-12,6,71
2023-08-12,7,57
2023-08-12,8,53
2023-08-12,9,76
2023-08-12,10,80
2023-08-12,11,93
2023-08-12,12,67
2023-08-12,13,66
2023-08-12,14,58
2023-08-12,15,67
2023-08-12,16,83
2023-08-12,17,84
2023-08-12,18,88
2023-08-12,19,67
2023-08-12,20,72
2023-08-12,21,72
2023-08-13,3,12
2023-08-13,4,11
2023-08-13,5,11
2023-08-13,6,10
2023-08-13,7,18
2023-08-13,8,34
2023-08-13,9,201
2023-08-13,10,90
2023-08-13,11,143
2023-08-13,12,140
2023-08-13,13,57
2023-08-13,14,31
2023-08-13,15,62
2023-08-13,16,73
2023-08-13,17,77
2023-08-13,18,152
2023-08-13,19,109
2023-08-13,20,83
2023-08-13,21,62
2023-08-13,22,67
2023-08-13,23,11
2023-08-14,0,2
2023-08-14,1,5
2023-08-14,2,25
2023-08-14,3,2
2023-08-14,4,12
2023-08-14,5,15
2023-08-14,6,32
2023-08-14,7,90
2023-08-14,8,92
2023-08-14,9,101
2023-08-14,10,65
2023-08-14,11,74
2023-08-14,12,49
2023-08-14,13,68
2023-08-14,14,103
2023-08-14,15,133
2023-08-14,16,105
2023-08-14,17,99
2023-08-14,18,81
2023-08-14,19,91
2023-08-14,20,70
2023-08-14,21,133
2023-08-14,22,61
2023-08-14,23,81
2023-08-15,0,60
2023-08-15,1,123
2023-08-15,2,5
2023-08-15,3,40
2023-08-15,5,27
2023-08-15,6,56
2023-08-15,8,117
2023-08-15,9,118
2023-08-15,10,135
2023-08-15,11,96
2023-08-15,12,119
2023-08-15,13,84
2023-08-15,14,108
2023-08-15,15,178
2023-08-15,16,150
2023-08-15,17,126
2023-08-15,18,176
2023-08-15,19,141
2023-08-15,20,92
2023-08-15,21,63
2023-08-15,22,37
2023-08-15,23,7
2023-08-16,0,23
2023-08-16,1,30
2023-08-16,2,15
2023-08-16,3,37
2023-08-16,4,19
2023-08-16,5,39
2023-08-16,6,79
2023-08-16,7,95
2023-08-16,8,117
2023-08-16,9,111
2023-08-16,10,132
2023-08-16,11,102
2023-08-16,12,147
2023-08-16,13,220
2023-08-16,14,214
2023-08-16,15,128
2023-08-16,16,174
2023-08-16,17,168
2023-08-16,18,192
2023-08-16,19,148
2023-08-16,20,161
2023-08-16,21,90
2023-08-16,22,133
2023-08-16,23,126
2023-08-17,0,144
2023-08-17,1,234
2023-08-17,2,72
2023-08-17,3,109
2023-08-17,4,158
2023-08-17,5,62
2023-08-17,6,62
2023-08-17,7,128
2023-08-17,8,127
2023-08-17,9,80
2023-08-17,10,101
2023-08-17,11,89
2023-08-17,12,124
2023-08-17,13,143
2023-08-17,14,112
2023-08-17,15,132
2023-08-17,16,125
2023-08-17,17,97
2023-08-17,18,84
2023-08-17,19,62
2023-08-17,20,84
2023-08-17,21,48
2023-08-17,22,71
2023-08-17,23,43
2023-08-18,0,22
2023-08-18,1,31
2023-08-18,2,21
2023-08-18,3,27
2023-08-18,4,53
2023-08-18,5,48
2023-08-18,6,58
2023-08-18,7,84
2023-08-18,8,84
2023-08-18,9,80
2023-08-18,10,105
2023-08-18,11,93
2023-08-18,12,92
2023-08-18,13,96
2023-08-18,14,101
2023-08-18,15,106
2023-08-18,16,128
2023-08-18,17,137
2023-08-18,18,96
2023-08-18,19,88
2023-08-18,20,72
2023-08-18,21,84
2023-08-18,22,93
2023-08-18,23,62
2023-08-19,0,65
2023-08-19,1,85
2023-08-19,2,58
2023-08-19,3,44
2023-08-19,4,40
2023-08-19,5,61
2023-08-19,6,75
2023-08-19,7,57
2023-08-19,8,49
2023-08-19,9,80
2023-08-19,10,88
2023-08-19,11,89
2023-08-19,12,59
2023-08-19,13,66
2023-08-19,14,58
2023-08-19,15,67
2023-08-19,16,88
2023-08-19,17,71
2023-08-19,18,71
2023-08-19,19,52
2023-08-19,20,71
2023-08-19,21,71
2023-08-19,22,68
2023-08-19,23,63
2023-08-20,0,75
2023-08-20,1,81
2023-08-20,2,66
2023-08-20,3,53
2023-08-20,4,44
2023-08-20,5,56
2023-08-20,6,63
2023-08-20,7,70
2023-08-20,8,70
2023-08-20,9,97
2023-08-20,10,63
2023-08-20,11,85
2023-08-20,12,88
2023-08-20,13,76
2023-08-20,14,80
2023-08-20,15,71
2023-08-20,16,74
2023-08-20,17,67
2023-08-20,18,80
2023-08-20,19,110
2023-08-20,20,119
2023-08-20,21,93
2023-08-20,22,76
2023-08-20,23,49
2023-08-21,0,52
2023-08-21,1,67
2023-08-21,2,44
2023-08-21,3,48
2023-08-21,4,48
2023-08-21,5,40
2023-08-21,6,67
2023-08-21,7,104
2023-08-21,8,96
2023-08-21,9,101
2023-08-21,10,96
2023-08-21,11,105
2023-08-21,12,72
2023-08-21,13,67
2023-08-21,14,93
2023-08-21,15,114
2023-08-21,16,110
2023-08-21,17,110
2023-08-21,18,76
2023-08-21,19,75
2023-08-21,20,66
2023-08-21,21,102
2023-08-21,22,72
2023-08-21,23,67
2023-08-22,0,49
2023-08-22,1,57
2023-08-22,2,44
2023-08-22,3,53
2023-08-22,4,40
2023-08-22,5,45
2023-08-22,6,75
2023-08-22,7,132
2023-08-22,8,123
2023-08-22,9,96
2023-08-22,10,96
2023-08-22,11,97
2023-08-22,12,105
2023-08-22,13,97
2023-08-22,14,105
2023-08-22,15,124
2023-08-22,16,178
2023-08-22,17,102
2023-08-22,18,110
2023-08-22,19,81
2023-08-22,20,62
2023-08-22,21,66
2023-08-22,22,45
2023-08-22,23,40
2023-08-23,0,50
2023-08-23,1,35
2023-08-23,2,49
2023-08-23,3,30
2023-08-23,4,27
2023-08-23,5,49
2023-08-23,6,83
2023-08-23,7,114
2023-08-23,8,119
2023-08-23,9,107
2023-08-23,10,113
2023-08-23,11,123
2023-08-23,12,115
2023-08-23,13,131
2023-08-23,14,128
2023-08-23,15,132
2023-08-23,16,146
2023-08-23,17,129
2023-08-23,18,88
2023-08-23,19,92
2023-08-23,20,106
2023-08-23,21,85
2023-08-23,22,97
2023-08-23,23,84
2023-08-24,0,62
2023-08-24,1,62
2023-08-24,2,53
2023-08-24,3,88
2023-08-24,4,88
2023-08-24,5,63
2023-08-24,6,62
2023-08-24,7,119
2023-08-24,8,120
2023-08-24,9,79
2023-08-24,10,105
2023-08-24,11,84
2023-08-24,12,120
2023-08-24,13,138
2023-08-24,14,112
2023-08-24,15,123
2023-08-24,16,119
2023-08-24,17,88
2023-08-24,18,84
2023-08-24,19,66
2023-08-24,20,80
2023-08-24,21,48
2023-08-24,22,71
2023-08-24,23,40
2023-08-25,0,26
2023-08-25,1,36
2023-08-25,2,22
2023-08-25,3,35
2023-08-25,4,62
2023-08-25,5,52
2023-08-25,6,63
2023-08-25,7,88
2023-08-25,8,80
2023-08-25,9,84
2023-08-25,10,110
2023-08-25,11,105
2023-08-25,12,84
2023-08-25,13,96
2023-08-25,14,101
2023-08-25,15,110
2023-08-25,16,137
2023-08-25,17,149
2023-08-25,18,104
2023-08-25,19,84
2023-08-25,20,80
2023-08-25,21,100
2023-08-25,22,109
2023-08-25,23,76
2023-08-26,0,71
2023-08-26,1,93
2023-08-26,2,75
2023-08-26,3,57
2023-08-26,4,48
2023-08-26,5,79
2023-08-26,6,84
2023-08-26,7,62
2023-08-26,8,58
2023-08-26,9,92
2023-08-26,10,88
2023-08-26,11,93
2023-08-26,12,71
2023-08-26,13,71
2023-08-26,14,68
2023-08-26,15,71
2023-08-26,16,79
2023-08-26,17,76
2023-08-26,18,84
2023-08-26,19,57
2023-08-26,20,62
2023-08-26,21,67
2023-08-26,22,67
2023-08-26,23,55
2023-08-27,0,75
2023-08-27,1,80
2023-08-27,2,71
2023-08-27,3,57
2023-08-27,4,47
2023-08-27,5,53
2023-08-27,6,62
2023-08-27,7,70
2023-08-27,8,70
2023-08-27,9,97
2023-08-27,10,71
2023-08-27,11,85
2023-08-27,12,92
2023-08-27,13,76
2023-08-27,14,88
2023-08-27,15,80
2023-08-27,16,75
2023-08-27,17,72
2023-08-27,18,80
2023-08-27,19,106
2023-08-27,20,128
2023-08-27,21,97
2023-08-27,22,84
2023-08-27,23,49
2023-08-28,0,58
2023-08-28,1,71
2023-08-28,2,53
2023-08-28,3,44
2023-08-28,4,48
2023-08-28,5,44
2023-08-28,6,59
2023-08-28,7,96
2023-08-28,8,88
2023-08-28,9,93
2023-08-28,10,92
2023-08-28,11,104
2023-08-28,12,76
2023-08-28,13,66
2023-08-28,14,97
2023-08-28,15,111
2023-08-28,16,96
2023-08-28,17,105
2023-08-28,18,75
2023-08-28,19,67
2023-08-28,20,66
2023-08-28,21,97
2023-08-28,22,71
2023-08-28,23,75
2023-08-29,0,62
2023-08-29,1,57
2023-08-29,2,48
2023-08-29,3,54
2023-08-29,4,49
2023-08-29,5,66
2023-08-29,6,71
2023-08-29,7,133
2023-08-29,8,137
2023-08-29,9,88
2023-08-29,10,97
2023-08-29,11,101
2023-08-29,12,109
2023-08-29,13,98
2023-08-29,14,117
2023-08-29,15,132
2023-08-29,16,156
2023-08-29,17,97
2023-08-29,18,104
2023-08-29,19,81
2023-08-29,20,67
2023-08-29,21,71
2023-08-29,22,45
2023-08-29,23,44
2023-08-30,0,45
2023-08-30,1,31
2023-08-30,2,44
2023-08-30,3,27
2023-08-30,4,22
2023-08-30,5,49
2023-08-30,6,83
2023-08-30,7,109
2023-08-30,8,124
2023-08-30,9,111
2023-08-30,10,119
2023-08-30,11,111
2023-08-30,12,118
2023-08-30,13,124
2023-08-30,14,124
2023-08-30,15,131
2023-08-30,16,129
2023-08-30,17,133
2023-08-30,18,106
2023-08-30,20,115
2023-08-30,21,90
2023-08-30,22,106
2023-08-30,23,85
2023-08-31,0,70
2023-08-31,1,71
2023-08-31,2,66
2023-08-31,3,96
2023-08-31,4,80
2023-08-31,5,62
2023-08-31,6,66
2023-08-31,7,123
2023-08-31,8,115
2023-08-31,9,80
2023-08-31,10,101
2023-08-31,11,92
2023-08-31,12,129
2023-08-31,13,142
2023-08-31,14,108
2023-08-31,15,140
2023-08-31,16,119
2023-08-31,17,97
2023-08-31,18,84
2023-08-31,19,62
2023-08-31,20,80
2023-08-31,21,53
2023-08-31,22,75
2023-08-31,23,44
2023-09-01,0,27
2023-09-01,1,39
2023-09-01,2,35
2023-09-01,3,31
2023-09-01,4,58
2023-09-01,5,43
2023-09-01,6,67
2023-09-01,7,84
2023-09-01,8,93
2023-09-01,9,84
2023-09-01,10,110
2023-09-01,11,101
2023-09-01,12,88
2023-09-01,13,96
2023-09-01,14,100
2023-09-01,15,111
2023-09-01,16,128
2023-09-01,17,140
2023-09-01,18,97
2023-09-01,19,84
2023-09-01,20,76
2023-09-01,21,89
2023-09-01,22,88
2023-09-01,23,71
2023-09-02,0,66
2023-09-02,1,93
2023-09-02,2,66
2023-09-02,3,62
2023-09-02,4,45
2023-09-02,5,71
2023-09-02,6,80
2023-09-02,7,57
2023-09-02,8,49
2023-09-02,9,80
2023-09-02,10,84
2023-09-02,11,93
2023-09-02,12,71
2023-09-02,13,76
2023-09-02,14,63
2023-09-02,15,71
2023-09-02,16,84
2023-09-02,17,72
2023-09-02,18,80
2023-09-02,19,62
2023-09-02,20,71
2023-09-02,21,75
2023-09-02,22,67
2023-09-02,23,67
2023-09-03,0,66
2023-09-03,1,77
2023-09-03,2,66
2023-09-03,3,62
2023-09-03,4,44
2023-09-03,5,48
2023-09-03,6,67
2023-09-03,7,74
2023-09-03,8,71
2023-09-03,9,101
2023-09-03,10,76
2023-09-03,11,85
2023-09-03,12,84
2023-09-03,13,75
2023-09-03,14,83
2023-09-03,15,80
2023-09-03,16,70
2023-09-03,17,67
2023-09-03,18,80
2023-09-03,19,101
2023-09-03,20,123
2023-09-03,21,93
2023-09-03,22,80
2023-09-03,23,40
2023-09-04,0,61
2023-09-04,1,75
2023-09-04,2,53
2023-09-04,3,44
2023-09-04,4,48
2023-09-04,5,44
2023-09-04,6,66
2023-09-04,7,106
2023-09-04,8,92
2023-09-04,9,97
2023-09-04,10,88
2023-09-04,11,101
2023-09-04,12,67
2023-09-04,13,67
2023-09-04,14,84
2023-09-04,15,106
2023-09-04,16,106
2023-09-04,17,97
2023-09-04,18,75
2023-09-04,19,75
2023-09-04,20,66
2023-09-04,21,84
2023-09-04,22,67
2023-09-04,23,76
2023-09-05,0,61
2023-09-05,1,57
2023-09-05,2,43
2023-09-05,3,53
2023-09-05,4,40
2023-09-05,5,57
2023-09-05,6,75
2023-09-05,7,132
2023-09-05,8,128
2023-09-05,9,92
2023-09-05,10,92
2023-09-05,11,97
2023-09-05,12,96
2023-09-05,13,101
2023-09-05,14,105
2023-09-05,15,133
2023-09-05,16,133
2023-09-05,17,101
2023-09-05,18,104
2023-09-05,19,81
2023-09-05,20,71
2023-09-05,21,66
2023-09-05,22,40
2023-09-05,23,39
2023-09-06,0,45
2023-09-06,1,31
2023-09-06,2,44
2023-09-06,3,30
2023-09-06,4,27
2023-09-06,5,57
2023-09-06,6,79
2023-09-06,7,106
2023-09-06,8,106
2023-09-06,9,111
2023-09-06,10,113
2023-09-06,11,110
2023-09-06,12,110
2023-09-06,13,110
2023-09-06,14,124
2023-09-06,15,132
2023-09-06,16,140
2023-09-06,17,129
2023-09-06,18,97
2023-09-06,19,92
2023-09-06,20,101
2023-09-06,21,81
2023-09-06,22,80
2023-09-06,23,79
2023-09-07,0,67
2023-09-07,1,71
2023-09-07,2,53
2023-09-07,3,70
2023-09-07,4,70
2023-09-07,5,62
2023-09-07,6,72
2023-09-07,7,119
2023-09-07,8,119
2023-09-07,9,72
2023-09-07,10,97
2023-09-07,11,84
2023-09-07,12,127
2023-09-07,13,137
2023-09-07,14,107
2023-09-07,15,132
2023-09-07,16,110
2023-09-07,17,85
2023-09-07,18,76
2023-09-07,19,61
2023-09-07,20,84
2023-09-07,21,49
2023-09-07,22,67
2023-09-07,23,35
2023-09-08,0,26
2023-09-08,1,31
2023-09-08,2,26
2023-09-08,3,26
2023-09-08,4,48
2023-09-08,5,47
2023-09-08,6,63
2023-09-08,7,88
2023-09-08,8,84
2023-09-08,9,85
2023-09-08,10,110
2023-09-08,11,101
2023-09-08,12,89
2023-09-08,13,88
2023-09-08,14,96
2023-09-08,15,106
2023-09-08,16,119
2023-09-08,17,123
2023-09-08,18,97
2023-09-08,19,80
2023-09-08,20,76
2023-09-08,21,84
2023-09-08,22,93
2023-09-08,23,71
2023-09-09,0,71
2023-09-09,1,92
2023-09-09,2,62
2023-09-09,3,48
2023-09-09,4,49
2023-09-09,5,75
2023-09-09,6,75
2023-09-09,7,57
2023-09-09,8,54
2023-09-09,9,80
2023-09-09,10,88
2023-09-09,11,93
2023-09-09,12,71
2023-09-09,13,75
2023-09-09,14,63
2023-09-09,15,71
2023-09-09,16,88
2023-09-09,17,72
2023-09-09,18,80
2023-09-09,19,57
2023-09-09,20,66
2023-09-09,21,79
2023-09-09,22,67
2023-09-09,23,72
2023-09-10,0,67
2023-09-10,1,81
2023-09-10,2,70
2023-09-10,3,49
2023-09-10,4,48
2023-09-10,5,48
2023-09-10,6,59
2023-09-10,7,70
2023-09-10,8,66
2023-09-10,9,97
2023-09-10,10,63
2023-09-10,11,85
2023-09-10,12,88
2023-09-10,13,76
2023-09-10,14,79
2023-09-10,15,75
2023-09-10,16,74
2023-09-10,17,72
2023-09-10,18,92
2023-09-10,19,110
2023-09-10,20,114
2023-09-10,21,97
2023-09-10,22,76
2023-09-10,23,44
2023-09-11,0,49
2023-09-11,1,70
2023-09-11,2,49
2023-09-11,3,40
2023-09-11,4,52
2023-09-11,5,44
2023-09-11,6,67
2023-09-11,7,105
2023-09-11,8,97
2023-09-11,9,97
2023-09-11,10,88
2023-09-11,11,96
2023-09-11,12,71
2023-09-11,13,70
2023-09-11,14,93
2023-09-11,15,102
2023-09-11,16,101
2023-09-11,17,97
2023-09-11,18,88
2023-09-11,19,71
2023-09-11,20,66
2023-09-11,21,76
2023-09-11,22,75
2023-09-11,23,79
2023-09-12,0,53
2023-09-12,1,58
2023-09-12,2,58
2023-09-12,3,37
2023-09-12,4,39
2023-09-12,5,53
2023-09-12,6,84
2023-09-12,7,133
2023-09-12,8,127
2023-09-12,9,88
2023-09-12,10,105
2023-09-12,11,101
2023-09-12,12,105
2023-09-12,13,97
2023-09-12,14,109
2023-09-12,15,144
2023-09-12,16,168
2023-09-12,17,106
2023-09-12,18,106
2023-09-12,19,81
2023-09-12,20,67
2023-09-12,21,71
2023-09-12,22,58
2023-09-12,23,48
2023-09-13,0,58
2023-09-13,1,43
2023-09-13,2,50
2023-09-13,3,53
2023-09-13,4,31
2023-09-13,5,53
2023-09-13,6,79
2023-09-13,7,110
2023-09-13,8,114
2023-09-13,9,111
2023-09-13,10,113
2023-09-13,11,111
2023-09-13,12,110
2023-09-13,13,122
2023-09-13,14,119
2023-09-13,15,127
2023-09-13,16,141
2023-09-13,17,130
2023-09-13,18,93
2023-09-13,19,92
2023-09-13,20,105
2023-09-13,21,80
2023-09-13,22,89
2023-09-13,23,74
2023-09-14,0,54
2023-09-14,1,70
2023-09-14,2,49
2023-09-14,3,85
2023-09-14,4,65
2023-09-14,5,57
2023-09-14,6,66
2023-09-14,7,128
2023-09-14,8,116
2023-09-14,9,71
2023-09-14,10,97
2023-09-14,11,84
2023-09-14,12,119
2023-09-14,13,147
2023-09-14,14,111
2023-09-14,15,136
2023-09-14,16,115
2023-09-14,17,105
2023-09-14,18,84
2023-09-14,19,70
2023-09-14,20,76
2023-09-14,21,62
2023-09-14,22,79
2023-09-14,23,45
2023-09-15,0,30
2023-09-15,1,48
2023-09-15,2,26
2023-09-15,3,31
2023-09-15,4,62
2023-09-15,5,65
2023-09-15,6,71
2023-09-15,7,84
2023-09-15,8,88
2023-09-15,9,84
2023-09-15,10,114
2023-09-15,11,109
2023-09-15,12,89
2023-09-15,13,96
2023-09-15,14,101
2023-09-15,15,118
2023-09-15,16,128
2023-09-15,17,136
2023-09-15,18,98
2023-09-15,19,88
2023-09-15,20,76
2023-09-15,21,88
2023-09-15,22,84
2023-09-15,23,61
2023-09-16,0,57
2023-09-16,1,83
2023-09-16,2,53
2023-09-16,3,44
2023-09-16,4,53
2023-09-16,5,75
2023-09-16,6,76
2023-09-16,7,62
2023-09-16,8,53
2023-09-16,9,92
2023-09-16,10,84
2023-09-16,11,97
2023-09-16,12,71
2023-09-16,13,76
2023-09-16,14,63
2023-09-16,15,71
2023-09-16,16,79
2023-09-16,17,72
2023-09-16,18,84
2023-09-16,19,67
2023-09-16,20,62
2023-09-16,21,72
2023-09-16,22,63
2023-09-16,23,63
2023-09-17,0,66
2023-09-17,1,81
2023-09-17,2,83
2023-09-17,3,49
2023-09-17,4,45
2023-09-17,5,66
2023-09-17,6,67
2023-09-17,7,74
2023-09-17,8,66
2023-09-17,9,93
2023-09-17,10,67
2023-09-17,11,89
2023-09-17,12,101
2023-09-17,13,76
2023-09-17,14,79
2023-09-17,15,81
2023-09-17,16,88
2023-09-17,17,75
2023-09-17,18,84
2023-09-17,19,114
2023-09-17,20,126
2023-09-17,21,106
2023-09-17,22,89
2023-09-17,23,41
2023-09-18,0,48
2023-09-18,1,75
2023-09-18,2,49
2023-09-18,3,53
2023-09-18,4,52
2023-09-18,5,49
2023-09-18,6,67
2023-09-18,7,104
2023-09-18,8,105
2023-09-18,9,102
2023-09-18,10,88
2023-09-18,11,105
2023-09-18,12,76
2023-09-18,13,70
2023-09-18,14,92
2023-09-18,15,101
2023-09-18,16,105
2023-09-18,17,109
2023-09-18,18,79
2023-09-18,19,79
2023-09-18,20,66
2023-09-18,21,88
2023-09-18,22,76
2023-09-18,23,75
2023-09-19,0,53
2023-09-19,1,66
2023-09-19,2,43
2023-09-19,3,66
2023-09-19,4,45
2023-09-19,5,53
2023-09-19,6,75
2023-09-19,7,137
2023-09-19,8,131
2023-09-19,9,96
2023-09-19,10,92
2023-09-19,11,101
2023-09-19,12,101
2023-09-19,13,102
2023-09-19,14,101
2023-09-19,15,132
2023-09-19,16,163
2023-09-19,17,102
2023-09-19,18,109
2023-09-19,19,81
2023-09-19,20,71
2023-09-19,21,66
2023-09-19,22,45
2023-09-19,23,49
2023-09-20,0,54
2023-09-20,1,32
2023-09-20,2,44
2023-09-20,3,37
2023-09-20,4,27
2023-09-20,5,53
2023-09-20,6,74
2023-09-20,7,114
2023-09-20,8,106
2023-09-20,9,106
2023-09-20,10,109
2023-09-20,11,114
2023-09-20,12,119
2023-09-20,13,127
2023-09-20,14,133
2023-09-20,15,127
2023-09-20,16,141
2023-09-20,17,141
2023-09-20,18,93
2023-09-20,19,89
2023-09-20,20,101
2023-09-20,21,85
2023-09-20,22,101
2023-09-20,23,88
2023-09-21,0,54
2023-09-21,1,70
2023-09-21,2,61
2023-09-21,3,88
2023-09-21,4,62
2023-09-21,5,62
2023-09-21,6,75
2023-09-21,7,124
2023-09-21,8,119
2023-09-21,9,80
2023-09-21,10,101
2023-09-21,11,84
2023-09-21,12,129
2023-09-21,13,133
2023-09-21,14,107
2023-09-21,15,128
2023-09-21,16,115
2023-09-21,17,92
2023-09-21,18,76
2023-09-21,19,62
2023-09-21,20,76
2023-09-21,21,53
2023-09-21,22,71
2023-09-21,23,39
2023-09-22,0,26
2023-09-22,1,40
2023-09-22,2,35
2023-09-22,3,31
2023-09-22,4,57
2023-09-22,5,60
2023-09-22,6,63
2023-09-22,7,88
2023-09-22,8,75
2023-09-22,9,80
2023-09-22,10,109
2023-09-22,11,101
2023-09-22,12,88
2023-09-22,13,97
2023-09-22,14,100
2023-09-22,15,106
2023-09-22,16,129
2023-09-22,17,127
2023-09-22,18,96
2023-09-22,19,89
2023-09-22,20,72
2023-09-22,21,89
2023-09-22,22,88
2023-09-22,23,71
2023-09-23,0,62
2023-09-23,1,75
2023-09-23,2,66
2023-09-23,3,53
2023-09-23,4,50
2023-09-23,5,66
2023-09-23,6,80
2023-09-23,7,57
2023-09-23,8,49
2023-09-23,9,84
2023-09-23,10,89
2023-09-23,11,97
2023-09-23,12,71
2023-09-23,13,71
2023-09-23,14,63
2023-09-23,15,71
2023-09-23,16,84
2023-09-23,17,72
2023-09-23,18,75
2023-09-23,19,52
2023-09-23,20,62
2023-09-23,21,75
2023-09-23,22,67
2023-09-23,23,63
2023-09-24,0,67
2023-09-24,1,80
2023-09-24,2,61
2023-09-24,3,53
2023-09-24,4,48
2023-09-24,5,48
2023-09-24,6,63
2023-09-24,7,79
2023-09-24,8,70
2023-09-24,9,97
2023-09-24,10,67
2023-09-24,11,84
2023-09-24,12,96
2023-09-24,13,76
2023-09-24,14,84
2023-09-24,15,70
2023-09-24,16,74
2023-09-24,17,76
2023-09-24,18,88
2023-09-24,19,110
2023-09-24,20,122
2023-09-24,21,97
2023-09-24,22,84
2023-09-24,23,57
2023-09-25,0,67
2023-09-25,1,89
2023-09-25,2,71
2023-09-25,3,59
2023-09-25,4,44
2023-09-25,5,48
2023-09-25,6,62
2023-09-25,7,92
2023-09-25,8,76
2023-09-25,9,89
2023-09-25,10,84
2023-09-25,11,101
2023-09-25,12,76
2023-09-25,13,66
2023-09-25,14,92
2023-09-25,15,97
2023-09-25,16,88
2023-09-25,17,88
2023-09-25,18,79
2023-09-25,19,76
2023-09-25,20,66
2023-09-25,21,92
2023-09-25,22,71
2023-09-25,23,75
2023-09-26,0,49
2023-09-26,1,71
2023-09-26,2,53
2023-09-26,3,57
2023-09-26,4,45
2023-09-26,5,48
2023-09-26,6,83
2023-09-26,7,132
2023-09-26,8,129
2023-09-26,9,88
2023-09-26,10,96
2023-09-26,11,97
2023-09-26,12,101
2023-09-26,13,102
2023-09-26,14,101
2023-09-26,15,127
2023-09-26,16,124
2023-09-26,17,123
2023-09-26,18,110
2023-09-26,19,85
2023-09-26,20,75
2023-09-26,21,72
2023-09-26,22,40
2023-09-26,23,36
2023-09-27,0,44
2023-09-27,1,35
2023-09-27,2,45
2023-09-27,3,35
2023-09-27,4,22
2023-09-27,5,49
2023-09-27,6,83
2023-09-27,7,118
2023-09-27,8,111
2023-09-27,9,106
2023-09-27,10,113
2023-09-27,11,124
2023-09-27,12,116
2023-09-27,13,114
2023-09-27,14,129
2023-09-27,15,140
2023-09-27,16,155
2023-09-27,17,142
2023-09-27,18,89
2023-09-27,19,88
2023-09-27,20,106
2023-09-27,21,81
2023-09-27,22,93
2023-09-27,23,88
2023-09-28,0,58
2023-09-28,1,70
2023-09-28,2,53
2023-09-28,3,72
2023-09-28,4,71
2023-09-28,5,58
2023-09-28,6,70
2023-09-28,7,128
2023-09-28,8,124
2023-09-28,9,80
2023-09-28,10,110
2023-09-28,11,84
2023-09-28,12,128
2023-09-28,13,134
2023-09-28,14,119
2023-09-28,15,141
2023-09-28,16,124
2023-09-28,17,110
2023-09-28,18,76
2023-09-28,19,66
2023-09-28,20,80
2023-09-28,21,58
2023-09-28,22,71
2023-09-28,23,49
2023-09-29,0,35
2023-09-29,1,40
2023-09-29,2,22
2023-09-29,3,31
2023-09-29,4,54
2023-09-29,5,43
2023-09-29,6,71
2023-09-29,7,88
2023-09-29,8,84
2023-09-29,9,84
2023-09-29,10,110
2023-09-29,11,101
2023-09-29,12,84
2023-09-29,13,105
2023-09-29,14,100
2023-09-29,15,114
2023-09-29,16,125
2023-09-29,17,141
2023-09-29,18,115
2023-09-29,19,84
2023-09-29,20,80
2023-09-29,21,89
2023-09-29,22,92
2023-09-29,23,76
2023-09-30,0,84
2023-09-30,1,89
2023-09-30,2,62
2023-09-30,3,58
2023-09-30,4,53
2023-09-30,5,75
2023-09-30,6,75
2023-09-30,7,57
2023-09-30,8,49
2023-09-30,9,84
2023-09-30,10,88
2023-09-30,11,89
2023-09-30,12,71
2023-09-30,13,75
2023-09-30,14,64
2023-09-30,15,72
2023-09-30,16,88
2023-09-30,17,76
2023-09-30,18,92
2023-09-30,19,62
2023-09-30,20,66
2023-09-30,21,75
2023-09-30,22,72
2023-09-30,23,72
