date,time,flow
2019-10-01,0,0
2019-10-01,1,0
2019-10-01,2,0
2019-10-01,3,0
2019-10-01,4,4
2019-10-01,5,16
2019-10-01,6,58
2019-10-01,7,158
2019-10-01,8,157
2019-10-01,9,104
2019-10-01,10,100
2019-10-01,11,109
2019-10-01,12,119
2019-10-01,13,97
2019-10-01,14,118
2019-10-01,15,126
2019-10-01,16,177
2019-10-01,17,147
2019-10-01,18,111
2019-10-01,19,57
2019-10-01,20,40
2019-10-01,21,31
2019-10-01,22,16
2019-10-01,23,8
2019-10-02,0,0
2019-10-02,1,0
2019-10-02,2,0
2019-10-02,3,0
2019-10-02,4,4
2019-10-02,5,16
2019-10-02,6,62
2019-10-02,7,163
2019-10-02,8,157
2019-10-02,9,110
2019-10-02,10,110
2019-10-02,11,110
2019-10-02,12,119
2019-10-02,13,109
2019-10-02,14,128
2019-10-02,15,137
2019-10-02,16,166
2019-10-02,17,162
2019-10-02,18,105
2019-10-02,19,71
2019-10-02,20,48
2019-10-02,21,31
2019-10-02,22,16
2019-10-02,23,4
2019-10-03,0,4
2019-10-03,1,0
2019-10-03,2,0
2019-10-03,3,0
2019-10-03,4,4
2019-10-03,5,16
2019-10-03,6,58
2019-10-03,7,154
2019-10-03,8,169
2019-10-03,9,110
2019-10-03,10,114
2019-10-03,11,119
2019-10-03,12,124
2019-10-03,13,128
2019-10-03,14,123
2019-10-03,15,130
2019-10-03,16,195
2019-10-03,17,157
2019-10-03,18,105
2019-10-03,19,62
2019-10-03,20,44
2019-10-03,21,36
2019-10-03,22,26
2019-10-03,23,8
2019-10-04,0,4
2019-10-04,1,0
2019-10-04,2,0
2019-10-04,3,0
2019-10-04,4,4
2019-10-04,5,16
2019-10-04,6,49
2019-10-04,7,141
2019-10-04,8,166
2019-10-04,9,119
2019-10-04,10,128
2019-10-04,11,122
2019-10-04,12,137
2019-10-04,13,137
2019-10-04,14,136
2019-10-04,15,171
2019-10-04,16,203
2019-10-04,17,140
2019-10-04,18,127
2019-10-04,19,70
2019-10-04,20,44
2019-10-04,21,36
2019-10-04,22,36
2019-10-04,23,21
2019-10-05,0,21
2019-10-05,1,8
2019-10-05,2,4
2019-10-05,3,4
2019-10-05,4,0
2019-10-05,5,8
2019-10-05,6,21
2019-10-05,7,48
2019-10-05,8,76
2019-10-05,9,100
2019-10-05,10,110
2019-10-05,11,123
2019-10-05,12,137
2019-10-05,13,141
2019-10-05,14,109
2019-10-05,15,109
2019-10-05,16,109
2019-10-05,17,114
2019-10-05,18,88
2019-10-05,19,62
2019-10-05,20,57
2019-10-05,21,44
2019-10-05,22,35
2019-10-05,23,36
2019-10-06,0,21
2019-10-06,1,16
2019-10-06,2,16
2019-10-06,3,4
2019-10-06,4,4
2019-10-06,5,4
2019-10-06,6,16
2019-10-06,7,21
2019-10-06,8,44
2019-10-06,9,87
2019-10-06,10,84
2019-10-06,11,106
2019-10-06,12,131
2019-10-06,13,119
2019-10-06,14,100
2019-10-06,15,104
2019-10-06,16,114
2019-10-06,17,115
2019-10-06,18,97
2019-10-06,19,57
2019-10-06,20,40
2019-10-06,21,36
2019-10-06,22,16
2019-10-06,23,12
2019-10-07,0,8
2019-10-07,1,0
2019-10-07,2,0
2019-10-07,3,0
2019-10-07,4,4
2019-10-07,5,16
2019-10-07,6,58
2019-10-07,7,0
2019-10-07,8,0
2019-10-07,9,0
2019-10-07,10,31
2019-10-07,11,109
2019-10-07,12,136
2019-10-07,13,105
2019-10-07,14,114
2019-10-07,15,132
2019-10-07,16,184
2019-10-07,17,141
2019-10-07,18,96
2019-10-07,19,62
2019-10-07,20,44
2019-10-07,21,31
2019-10-07,22,21
2019-10-07,23,12
2019-10-08,0,4
2019-10-08,1,0
2019-10-08,2,0
2019-10-08,3,0
2019-10-08,4,4
2019-10-08,5,16
2019-10-08,6,53
2019-10-08,7,163
2019-10-08,8,150
2019-10-08,9,106
2019-10-08,10,109
2019-10-08,11,116
2019-10-08,12,118
2019-10-08,13,107
2019-10-08,14,110
2019-10-08,15,121
2019-10-08,16,190
2019-10-08,17,146
2019-10-08,18,100
2019-10-08,19,55
2019-10-08,20,52
2019-10-08,21,25
2019-10-08,22,11
2019-10-08,23,10
2019-10-09,0,6
2019-10-09,1,1
2019-10-09,2,0
2019-10-09,3,6
2019-10-09,4,7
2019-10-09,5,14
2019-10-09,6,53
2019-10-09,7,191
2019-10-09,8,192
2019-10-09,9,102
2019-10-09,10,101
2019-10-09,11,110
2019-10-09,12,95
2019-10-09,13,113
2019-10-09,14,203
2019-10-09,15,145
2019-10-09,16,205
2019-10-09,17,162
2019-10-09,18,111
2019-10-09,19,58
2019-10-09,20,38
2019-10-09,21,32
2019-10-09,22,17
2019-10-09,23,12
2019-10-10,0,7
2019-10-10,1,8
2019-10-10,2,2
2019-10-10,3,1
2019-10-10,4,6
2019-10-10,5,16
2019-10-10,6,52
2019-10-10,7,166
2019-10-10,8,187
2019-10-10,9,104
2019-10-10,10,111
2019-10-10,11,108
2019-10-10,12,97
2019-10-10,13,127
2019-10-10,14,125
2019-10-10,15,172
2019-10-10,16,266
2019-10-10,17,229
2019-10-10,18,98
2019-10-10,19,49
2019-10-10,20,46
2019-10-10,21,21
2019-10-10,22,15
2019-10-10,23,12
2019-10-11,0,8
2019-10-11,1,5
2019-10-11,2,5
2019-10-11,3,3
2019-10-11,4,4
2019-10-11,5,8
2019-10-11,6,39
2019-10-11,7,127
2019-10-11,8,136
2019-10-11,9,97
2019-10-11,10,118
2019-10-11,11,134
2019-10-11,12,142
2019-10-11,13,123
2019-10-11,14,135
2019-10-11,15,121
2019-10-11,16,166
2019-10-11,17,123
2019-10-11,18,108
2019-10-11,19,90
2019-10-11,20,124
2019-10-11,21,106
2019-10-11,22,44
2019-10-11,23,26
2019-10-12,0,18
2019-10-12,1,11
2019-10-12,2,12
2019-10-12,3,7
2019-10-12,4,7
2019-10-12,5,7
2019-10-12,6,22
2019-10-12,7,36
2019-10-12,8,65
2019-10-12,9,100
2019-10-12,10,159
2019-10-12,11,108
2019-10-12,12,118
2019-10-12,13,117
2019-10-12,14,98
2019-10-12,15,98
2019-10-12,16,112
2019-10-12,17,114
2019-10-12,18,138
2019-10-12,19,62
2019-10-12,20,48
2019-10-12,21,37
2019-10-12,22,34
2019-10-12,23,32
2019-10-13,0,14
2019-10-13,1,16
2019-10-13,2,11
2019-10-13,3,8
2019-10-13,4,1
2019-10-13,5,4
2019-10-13,6,12
2019-10-13,7,11
2019-10-13,8,33
2019-10-13,9,87
2019-10-13,10,92
2019-10-13,11,96
2019-10-13,12,119
2019-10-13,13,114
2019-10-13,14,106
2019-10-13,15,106
2019-10-13,16,109
2019-10-13,17,63
2019-10-13,18,63
2019-10-13,19,59
2019-10-13,20,25
2019-10-13,21,23
2019-10-13,22,24
2019-10-13,23,10
2019-10-14,0,3
2019-10-14,1,3
2019-10-14,2,1
2019-10-14,3,1
2019-10-14,4,1
2019-10-14,5,11
2019-10-14,6,37
2019-10-14,7,117
2019-10-14,8,165
2019-10-14,9,88
2019-10-14,10,97
2019-10-14,11,98
2019-10-14,12,116
2019-10-14,13,98
2019-10-14,14,101
2019-10-14,15,126
2019-10-14,16,135
2019-10-14,17,96
2019-10-14,18,95
2019-10-14,19,49
2019-10-14,20,41
2019-10-14,21,30
2019-10-14,22,16
2019-10-14,23,7
2019-10-15,0,10
2019-10-15,1,1
2019-10-15,2,3
2019-10-15,3,2
2019-10-15,4,1
2019-10-15,5,10
2019-10-15,6,53
2019-10-15,7,133
2019-10-15,8,97
2019-10-15,9,101
2019-10-15,10,96
2019-10-15,11,114
2019-10-15,12,127
2019-10-15,13,104
2019-10-15,14,118
2019-10-15,15,131
2019-10-15,16,157
2019-10-15,17,127
2019-10-15,18,97
2019-10-15,19,53
2019-10-15,20,44
2019-10-15,21,31
2019-10-15,22,17
2019-10-15,23,9
2019-10-16,0,6
2019-10-16,1,4
2019-10-16,2,2
2019-10-16,3,2
2019-10-16,4,3
2019-10-16,5,11
2019-10-16,6,46
2019-10-16,7,168
2019-10-16,8,198
2019-10-16,9,110
2019-10-16,10,104
2019-10-16,11,125
2019-10-16,12,126
2019-10-16,13,126
2019-10-16,14,115
2019-10-16,15,150
2019-10-16,16,183
2019-10-16,17,125
2019-10-16,18,121
2019-10-16,19,72
2019-11-20,12,124
2019-11-20,13,139
2019-11-20,14,124
2019-11-20,15,139
2019-11-20,16,161
2019-11-20,17,236
2019-11-20,18,181
2019-11-20,19,108
2019-11-20,20,67
2019-11-20,21,40
2019-11-20,22,38
2019-11-20,23,23
2019-11-21,0,10
2019-11-21,1,4
2019-11-21,2,0
2019-11-21,3,0
2019-11-21,4,0
2019-11-21,5,0
2019-11-21,6,16
2019-11-21,7,53
2019-11-21,8,154
2019-11-21,9,173
2019-11-21,10,128
2019-11-21,11,117
2019-11-21,12,136
2019-11-21,13,104
2019-11-21,14,113
2019-11-21,15,126
2019-11-21,16,187
2019-11-21,17,255
2019-11-21,18,193
2019-11-21,19,104
2019-11-21,20,71
2019-11-21,21,47
2019-11-21,22,48
2019-11-21,23,18
2019-11-22,0,20
2019-11-22,1,13
2019-11-22,2,6
2019-11-22,3,7
2019-11-22,4,0
2019-11-22,5,8
2019-11-22,6,24
2019-11-22,7,73
2019-11-22,8,146
2019-11-22,9,155
2019-11-22,10,111
2019-11-22,11,120
2019-11-22,12,129
2019-11-22,13,145
2019-11-22,14,141
2019-11-22,15,161
2019-11-22,16,178
2019-11-22,17,234
2019-11-22,18,128
2019-11-22,19,143
2019-11-22,20,88
2019-11-22,21,46
2019-11-22,22,41
2019-11-22,23,42
2019-11-23,0,30
2019-11-23,1,22
2019-11-23,2,16
2019-11-23,3,11
2019-11-23,4,6
2019-11-23,5,9
2019-11-23,6,9
2019-11-23,7,21
2019-11-23,8,46
2019-11-23,9,72
2019-11-23,10,92
2019-11-23,11,99
2019-11-23,12,118
2019-11-23,13,135
2019-11-23,14,150
2019-11-23,15,109
2019-11-23,16,122
2019-11-23,17,128
2019-11-23,18,109
2019-11-23,19,110
2019-11-23,20,69
2019-11-23,21,47
2019-11-23,22,41
2019-11-23,23,40
2019-11-24,0,39
2019-11-24,1,35
2019-11-24,2,17
2019-11-24,3,15
2019-11-24,4,6
2019-11-24,5,5
2019-11-24,6,0
2019-11-24,7,16
2019-11-24,8,21
2019-11-24,9,44
2019-11-24,10,83
2019-11-24,11,88
2019-11-24,12,113
2019-11-24,13,197
2019-11-24,14,130
2019-11-24,15,107
2019-11-24,16,132
2019-11-24,17,115
2019-11-24,18,94
2019-11-24,19,59
2019-11-24,20,70
2019-11-24,21,43
2019-11-24,22,44
2019-11-24,23,26
2019-11-25,0,8
2019-11-25,1,10
2019-11-25,2,9
2019-11-25,3,2
2019-11-25,4,6
2019-11-25,5,2
2019-11-25,6,25
2019-11-25,7,73
2019-11-25,8,155
2019-11-25,9,159
2019-11-25,10,124
2019-11-25,11,114
2019-11-25,12,104
2019-11-25,13,127
2019-11-25,14,118
2019-11-25,15,114
2019-11-25,16,141
2019-11-25,17,176
2019-11-25,18,132
2019-11-25,19,93
2019-11-25,20,57
2019-11-25,21,52
2019-11-25,22,40
2019-11-25,23,21
2019-11-26,0,12
2019-11-26,1,4
2019-11-26,2,0
2019-11-26,3,0
2019-11-26,4,0
2019-11-26,5,4
2019-11-26,6,16
2019-11-26,7,49
2019-11-26,8,154
2019-11-26,9,146
2019-11-26,10,109
2019-11-26,11,105
2019-11-26,12,114
2019-11-26,13,132
2019-11-26,14,105
2019-11-26,15,123
2019-11-26,16,127
2019-11-26,17,179
2019-11-26,18,161
2019-11-26,19,119
2019-11-26,20,58
2019-11-26,21,35
2019-11-26,22,21
2019-11-26,23,16
2019-11-27,0,12
2019-11-27,1,4
2019-11-27,2,0
2019-11-27,3,0
2019-11-27,4,0
2019-11-27,5,4
2019-11-27,6,16
2019-11-27,7,62
2019-11-27,8,172
2019-11-27,9,161
2019-11-27,10,116
2019-11-27,11,118
2019-11-27,12,133
2019-11-27,13,145
2019-11-27,14,156
2019-11-27,15,127
2019-11-27,16,143
2019-11-27,17,178
2019-11-27,18,184
2019-11-27,19,98
2019-11-27,20,75
2019-11-27,21,52
2019-11-27,22,31
2019-11-27,23,16
2019-11-28,0,16
2019-11-28,1,0
2019-11-28,2,0
2019-11-28,3,0
2019-11-28,4,0
2019-11-28,5,4
2019-11-28,6,16
2019-11-28,7,53
2019-11-28,8,146
2019-11-28,9,151
2019-11-28,10,97
2019-11-28,11,114
2019-11-28,12,123
2019-11-28,13,127
2019-11-28,14,128
2019-11-28,15,127
2019-11-28,16,127
2019-11-28,17,181
2019-11-28,18,168
2019-11-28,19,100
2019-11-28,20,68
2019-11-28,21,53
2019-11-28,22,35
2019-11-28,23,23
2019-11-29,0,10
2019-11-29,1,8
2019-11-29,2,4
2019-11-29,3,0
2019-11-29,4,0
2019-11-29,5,4
2019-11-29,6,16
2019-11-29,7,62
2019-11-29,8,137
2019-11-29,9,151
2019-11-29,10,128
2019-11-29,11,119
2019-11-29,12,133
2019-11-29,13,147
2019-11-29,14,119
2019-11-29,15,116
2019-11-29,16,171
2019-11-29,17,149
2019-11-29,18,152
2019-11-29,19,139
2019-11-29,20,74
2019-11-29,21,44
2019-11-29,22,48
2019-11-29,23,36
2019-11-30,0,36
2019-11-30,1,16
2019-11-30,2,16
2019-11-30,3,8
2019-11-30,4,8
2019-11-30,5,0
2019-11-30,6,8
2019-11-30,7,21
2019-11-30,8,44
2019-11-30,9,76
2019-11-30,10,96
2019-11-30,11,111
2019-11-30,12,144
2019-11-30,13,160
2019-11-30,14,119
2019-11-30,15,129
2019-11-30,16,114
2019-11-30,17,124
2019-11-30,18,123
2019-11-30,19,96
2019-11-30,20,88
2019-11-30,21,65
2019-11-30,22,53
2019-11-30,23,48
2019-12-01,0,48
2019-12-01,1,36
2019-12-01,2,16
2019-12-01,3,16
2019-12-01,4,4
2019-12-01,5,0
2019-12-01,6,4
2019-12-01,7,16
2019-12-01,8,21
2019-12-01,9,44
2019-12-01,10,87
2019-12-01,11,93
2019-12-01,12,110
2019-12-01,13,127
2019-12-01,14,114
2019-12-01,15,96
2019-12-01,16,109
2019-12-01,17,114
2019-12-01,18,101
2019-12-01,19,84
2019-12-01,20,57
2019-12-01,21,44
2019-12-01,22,31
2019-12-01,23,16
2019-12-02,0,12
2019-12-02,1,8
2019-12-02,2,0
2019-12-02,3,0
2019-12-02,4,0
2019-12-02,5,8
2019-12-02,6,16
2019-12-02,7,60
2019-12-02,8,160
2019-12-02,9,155
2019-12-02,10,82
2019-12-02,11,107
2019-12-02,12,122
2019-12-02,13,107
2019-12-02,14,119
2019-12-02,15,130
2019-12-02,16,141
2019-12-02,17,217
2019-12-02,18,140
2019-12-02,19,84
2019-12-02,20,62
2019-12-02,21,38
2019-12-02,22,37
2019-12-02,23,15
2019-12-03,0,9
2019-12-03,1,8
2019-12-03,2,5
2019-12-03,3,1
2019-12-03,4,1
2019-12-03,5,9
2019-12-03,6,18
2019-12-03,7,61
2019-12-03,8,171
2019-12-03,9,175
2019-12-03,10,168
2019-12-03,11,113
2019-12-03,12,123
2019-12-03,13,175
2019-12-03,14,94
2019-12-03,15,124
2019-12-03,16,158
2019-12-03,17,220
2019-12-03,18,181
2019-12-03,19,84
2019-12-03,20,61
2019-12-03,21,44
2019-12-03,22,26
2019-12-03,23,18
2019-12-04,0,11
2019-12-04,1,6
2019-12-04,2,8
2019-12-04,3,6
2019-12-04,4,4
2019-12-04,5,8
2019-12-04,6,19
2019-12-04,7,63
2019-12-04,8,177
2019-12-04,9,195
2019-12-04,10,120
2019-12-04,11,106
2019-12-04,12,129
2019-12-04,13,127
2019-12-04,14,120
2019-12-04,15,134
2019-12-04,16,157
2019-12-04,17,224
2019-12-04,18,225
2019-12-04,19,104
2019-12-04,20,72
2019-12-04,21,54
2019-12-04,22,37
2019-12-04,23,25
2019-12-05,0,13
2019-12-05,1,7
2019-12-05,2,7
2019-12-05,3,1
2019-12-05,4,3
2019-12-05,5,10
2019-12-05,6,22
2019-12-05,7,49
2019-12-05,8,178
2019-12-05,9,154
2019-12-05,10,133
2019-12-05,11,123
2019-12-05,12,130
2019-12-05,13,126
2019-12-05,14,135
2019-12-05,15,123
2019-12-05,16,190
2019-12-05,17,209
2019-12-05,18,228
2019-12-05,19,146
2019-12-05,20,151
2019-12-05,21,107
2019-12-05,22,40
2019-12-05,23,30
2019-12-06,0,8
2019-12-06,1,7
2019-12-06,2,5
2019-12-06,3,0
2019-12-06,4,5
2019-12-06,5,4
2019-12-06,6,24
2019-12-06,7,57
2019-12-06,8,145
2019-12-06,9,140
2019-12-06,10,120
2019-12-06,11,119
2019-12-06,12,137
2019-12-06,13,128
2019-12-06,14,122
2019-12-06,15,132
2019-12-06,16,177
2019-12-06,17,199
2019-12-06,18,136
2019-12-06,19,118
2019-12-06,20,72
2019-12-06,21,40
2019-12-06,22,40
2019-12-06,23,36
2019-12-07,0,26
2019-12-07,1,16
2019-12-07,2,16
2019-12-07,3,8
2019-12-07,4,0
2019-12-07,5,0
2019-12-07,6,8
2019-12-07,7,21
2019-12-07,8,48
2019-12-07,9,76
2019-12-07,10,109
2019-12-07,11,128
2019-12-07,12,140
2019-12-07,13,158
2019-12-07,14,159
2019-12-07,15,119
2019-12-07,16,109
2019-12-07,17,119
2019-12-07,18,115
2019-12-07,19,119
2019-12-07,20,82
2019-12-07,21,60
2019-12-07,22,56
2019-12-07,23,48
2019-12-08,0,40
2019-12-08,1,32
2019-12-08,2,24
2019-12-08,3,39
2019-12-08,4,8
2019-12-08,5,4
2019-12-08,6,0
2019-12-08,7,18
2019-12-08,8,31
2019-12-08,9,40
2019-12-08,10,87
2019-12-08,11,110
2019-12-08,12,120
2019-12-08,13,127
2019-12-08,14,112
2019-12-08,15,107
2019-12-08,16,96
2019-12-08,17,83
2019-12-08,18,105
2019-12-08,19,76
2019-12-08,20,62
2019-12-08,21,47
2019-12-08,22,48
2019-12-08,23,24
2019-12-09,0,12
2019-12-09,1,12
2019-12-09,2,7
2019-12-09,3,3
2019-12-09,4,3
2019-12-09,5,9
2019-12-09,6,25
2019-12-09,7,60
2019-12-09,8,151
2019-12-09,9,134
2019-12-09,10,96
2019-12-09,11,121
2019-12-09,12,101
2019-12-09,13,114
2019-12-09,14,117
2019-12-09,15,125
2019-12-09,16,159
2019-12-09,17,192
2019-12-09,18,134
2019-12-09,19,86
2019-12-09,20,70
2019-12-09,21,38
2019-12-09,22,31
2019-12-09,23,20
2019-12-10,0,12
2019-12-10,1,3
2019-12-10,2,3
2019-12-10,3,2
2019-12-10,4,3
2019-12-10,5,8
2019-12-10,6,18
2019-12-10,7,52
2019-12-10,8,178
2019-12-10,9,164
2019-12-10,10,141
2019-12-10,11,106
2019-12-10,12,133
2019-12-10,13,118
2019-12-10,14,127
2019-12-10,15,143
2019-12-10,16,141
2019-12-10,17,223
2019-12-10,18,221
2019-12-10,19,119
2019-12-10,20,75
2019-12-10,21,41
2019-12-10,22,49
2019-12-10,23,17
2019-12-11,0,12
2019-12-11,1,0
2019-12-11,2,0
2019-12-11,3,1
2019-12-11,4,0
2019-12-11,5,2
2019-12-11,6,54
2019-12-11,7,71
2019-12-11,8,191
2019-12-11,9,178
2019-12-11,10,113
2019-12-11,11,116
2019-12-11,12,107
2019-12-11,13,153
2019-12-11,14,129
2019-12-11,15,125
2019-12-11,16,154
2019-12-11,17,269
2019-12-11,18,271
2019-12-11,19,105
2019-12-11,20,78
2019-12-11,21,53
2019-12-11,22,29
2019-12-11,23,30
2019-12-12,0,14
2019-12-12,1,9
2019-12-12,2,1
2019-12-12,3,0
2019-12-12,4,6
2019-12-12,5,6
2019-12-12,6,18
2019-12-12,7,60
2019-12-12,8,180
2019-12-12,9,169
2019-12-12,10,108
2019-12-12,11,107
2019-12-12,12,127
2019-12-12,13,156
2019-12-12,14,73
2019-12-12,15,116
2019-12-12,16,180
2019-12-12,17,154
2019-12-12,18,167
2019-12-12,19,124
2019-12-12,20,90
2019-12-12,21,56
2019-12-12,22,47
2019-12-12,23,42
2019-12-13,0,25
2019-12-13,1,10
2019-12-13,2,5
2019-12-13,3,15
2019-12-13,4,6
2019-12-13,5,7
2019-12-13,6,16
2019-12-13,7,60
2019-12-13,8,149
2019-12-13,9,172
2019-12-13,10,120
2019-12-13,11,111
2019-12-13,12,173
2019-12-13,13,158
2019-12-13,14,174
2019-12-13,15,138
2019-12-13,16,172
2019-12-13,17,183
2019-12-13,18,136
2019-12-13,19,127
2019-12-13,20,63
2019-12-13,21,75
2019-12-13,22,63
2019-12-13,23,43
2019-12-14,0,40
2019-12-14,1,21
2019-12-14,2,16
2019-12-14,3,8
2019-12-14,4,4
2019-12-14,5,4
2019-12-14,6,12
2019-12-14,7,21
2019-12-14,8,44
2019-12-14,9,68
2019-12-14,10,126
2019-12-14,11,98
2019-12-14,12,147
2019-12-14,13,147
2019-12-14,14,144
2019-12-14,15,109
2019-12-14,16,134
2019-12-14,17,124
2019-12-14,18,124
2019-12-14,19,100
2019-12-14,20,92
2019-12-14,21,178
2019-12-14,22,52
2019-12-14,23,52
2019-12-15,0,44
2019-12-15,1,31
2019-12-15,2,24
2019-12-15,3,26
2019-12-15,4,9
2019-12-15,5,0
2019-12-15,6,5
2019-12-15,7,16
2019-12-15,8,91
2019-12-15,9,49
2019-12-15,10,67
2019-12-15,11,87
2019-12-15,12,114
2019-12-15,13,123
2019-12-15,14,128
2019-12-15,15,97
2019-12-15,16,81
2019-12-15,17,107
2019-12-15,18,93
2019-12-15,19,94
2019-12-15,20,76
2019-12-15,21,43
2019-12-15,22,31
2019-12-15,23,35
2019-12-16,0,12
2019-12-16,1,10
2019-12-16,2,1
2019-12-16,3,2
2019-12-16,4,0
2019-12-16,5,0
2019-12-16,6,14
2019-12-16,7,54
2019-12-16,8,199
2019-12-16,9,222
2019-12-16,10,109
2019-12-16,11,123
2019-12-16,12,100
2019-12-16,13,105
2019-12-16,14,100
2019-12-16,15,121
2019-12-16,16,155
2019-12-16,17,166
2019-12-16,18,123
2019-12-16,19,84
2019-12-16,20,84
2019-12-16,21,50
2019-12-16,22,37
2019-12-16,23,15
2019-12-17,0,13
2019-12-17,1,5
2019-12-17,2,0
2019-12-17,3,3
2019-12-17,4,0
2019-12-17,5,5
2019-12-17,6,15
2019-12-17,7,86
2019-12-17,8,154
2019-12-17,9,145
2019-12-17,10,109
2019-12-17,11,161
2019-12-17,12,112
2019-12-17,13,137
2019-12-17,14,125
2019-12-17,15,124
2019-12-17,16,207
2019-12-17,17,218
2019-12-17,18,186
2019-12-17,19,109
2019-12-17,20,68
2019-12-17,21,87
2019-12-17,22,31
2019-12-17,23,16
2019-12-18,0,12
2019-12-18,1,4
2019-12-18,2,0
2019-12-18,3,0
2019-12-18,4,0
2019-12-18,5,4
2019-12-18,6,16
2019-12-18,7,58
2019-12-18,8,162
2019-12-18,9,164
2019-12-18,10,113
2019-12-18,11,104
2019-12-18,12,131
2019-12-18,13,143
2019-12-18,14,120
2019-12-18,15,194
2019-12-18,16,166
2019-12-18,17,264
2019-12-18,18,191
2019-12-18,19,125
2019-12-18,20,66
2019-12-18,21,55
2019-12-18,22,85
2019-12-18,23,16
2019-12-19,0,23
2019-12-19,1,9
2019-12-19,2,4
2019-12-19,3,8
2019-12-19,4,2
2019-12-19,5,3
2019-12-19,6,16
2019-12-19,7,67
2019-12-19,8,160
2019-12-19,9,197
2019-12-19,10,157
2019-12-19,11,121
2019-12-19,12,152
2019-12-19,13,118
2019-12-19,14,130
2019-12-19,15,119
2019-12-19,16,189
2019-12-19,17,182
2019-12-19,18,176
2019-12-19,19,109
2019-12-19,20,115
2019-12-19,21,105
2019-12-19,22,54
2019-12-19,23,29
2019-12-20,0,13
2019-12-20,1,13
2019-12-20,2,4
2019-12-20,3,1
2019-12-20,4,0
2019-12-20,5,8
2019-12-20,6,41
2019-12-20,7,56
2019-12-20,8,125
2019-12-20,9,146
2019-12-20,10,129
2019-12-20,11,130
2019-12-20,12,160
2019-12-20,13,223
2019-12-20,14,141
2019-12-20,15,129
2019-12-20,16,168
2019-12-20,17,206
2019-12-20,18,138
2019-12-20,19,127
2019-12-20,20,85
2019-12-20,21,44
2019-12-20,22,43
2019-12-20,23,50
2019-12-21,0,48
2019-12-21,1,20
2019-12-21,2,17
2019-12-21,3,14
2019-12-21,4,11
2019-12-21,5,0
2019-12-21,6,11
2019-12-21,7,20
2019-12-21,8,49
2019-12-21,9,69
2019-12-21,10,100
2019-12-21,11,104
2019-12-21,12,144
2019-12-21,13,122
2019-12-21,14,121
2019-12-21,15,106
2019-12-21,16,110
2019-12-21,17,119
2019-12-21,18,147
2019-12-21,19,101
2019-12-21,20,67
2019-12-21,21,50
2019-12-21,22,45
2019-12-21,23,36
2019-12-22,0,55
2019-12-22,1,25
2019-12-22,2,18
2019-12-22,3,17
2019-12-22,4,5
2019-12-22,5,10
2019-12-22,6,8
2019-12-22,7,15
2019-12-22,8,23
2019-12-22,9,44
2019-12-22,10,71
2019-12-22,11,92
2019-12-22,12,94
2019-12-22,13,108
2019-12-22,14,151
2019-12-22,15,83
2019-12-22,16,112
2019-12-22,17,111
2019-12-22,18,96
2019-12-22,19,84
2019-12-22,20,56
2019-12-22,21,41
2019-12-22,22,30
2019-12-22,23,22
2019-12-23,0,17
2019-12-23,1,12
2019-12-23,2,4
2019-12-23,3,5
2019-12-23,4,5
2019-12-23,5,8
2019-12-23,6,27
2019-12-23,7,34
2019-12-23,8,98
2019-12-23,9,151
2019-12-23,10,102
2019-12-23,11,160
2019-12-23,12,132
2019-12-23,13,158
2019-12-23,14,115
2019-12-23,15,132
2019-12-23,16,153
2019-12-23,17,150
2019-12-23,18,133
2019-12-23,19,93
2019-12-23,20,61
2019-12-23,21,51
2019-12-23,22,30
2019-12-23,23,38
2019-12-24,0,14
2019-12-24,1,5
2019-12-24,2,0
2019-12-24,3,0
2019-12-24,4,0
2019-12-24,5,6
2019-12-24,6,12
2019-12-24,7,39
2019-12-24,8,123
2019-12-24,9,198
2019-12-24,10,110
2019-12-24,11,142
2019-12-24,12,123
2019-12-24,13,150
2019-12-24,14,138
2019-12-24,15,126
2019-12-24,16,134
2019-12-24,17,128
2019-12-24,18,78
2019-12-24,19,53
2019-12-24,20,110
2019-12-24,21,76
2019-12-24,22,27
2019-12-24,23,20
2019-12-25,0,9
2019-12-25,1,11
2019-12-25,2,2
2019-12-25,3,5
2019-12-25,4,0
2019-12-25,5,2
2019-12-25,6,2
2019-12-25,7,29
2019-12-25,8,176
2019-12-25,9,161
2019-12-25,10,109
2019-12-25,11,109
2019-12-25,12,100
2019-12-25,13,92
2019-12-25,14,68
2019-12-25,15,96
2019-12-25,16,109
2019-12-25,17,157
2019-12-25,18,58
2019-12-25,19,25
2019-12-25,20,63
2019-12-25,21,41
2019-12-25,22,29
2019-12-25,23,13
2019-12-26,0,16
2019-12-26,1,0
2019-12-26,2,0
2019-12-26,3,0
2019-12-26,4,0
2019-12-26,5,0
2019-12-26,6,12
2019-12-26,7,58
2019-12-26,8,158
2019-12-26,9,154
2019-12-26,10,114
2019-12-26,11,105
2019-12-26,12,104
2019-12-26,13,96
2019-12-26,14,97
2019-12-26,15,96
2019-12-26,16,84
2019-12-26,17,145
2019-12-26,18,123
2019-12-26,19,84
2019-12-26,20,57
2019-12-26,21,52
2019-12-26,22,36
2019-12-26,23,21
2019-12-27,0,12
2019-12-27,1,4
2019-12-27,2,0
2019-12-27,3,4
2019-12-27,4,4
2019-12-27,5,4
2019-12-27,6,16
2019-12-27,7,58
2019-12-27,8,128
2019-12-27,9,127
2019-12-27,10,100
2019-12-27,11,101
2019-12-27,12,92
2019-12-27,13,114
2019-12-27,14,113
2019-12-27,15,124
2019-12-27,16,149
2019-12-27,17,185
2019-12-27,18,113
2019-12-27,19,101
2019-12-27,20,62
2019-12-27,21,40
2019-12-27,22,36
2019-12-27,23,87
2019-12-28,0,21
2019-12-28,1,14
2019-12-28,2,4
2019-12-28,3,3
2019-12-28,4,4
2019-12-28,5,5
2019-12-28,6,6
2019-12-28,7,21
2019-12-28,8,33
2019-12-28,9,76
2019-12-28,10,68
2019-12-28,11,96
2019-12-28,12,170
2019-12-28,13,146
2019-12-28,14,110
2019-12-28,15,118
2019-12-28,16,103
2019-12-28,17,119
2019-12-28,18,108
2019-12-28,19,79
2019-12-28,20,72
2019-12-28,21,49
2019-12-28,22,53
2019-12-28,23,32
2019-12-29,0,27
2019-12-29,1,14
2019-12-29,2,11
2019-12-29,3,9
2019-12-29,4,8
2019-12-29,5,5
2019-12-29,6,9
2019-12-29,7,12
2019-12-29,8,12
2019-12-29,9,23
2019-12-29,10,65
2019-12-29,11,83
2019-12-29,12,89
2019-12-29,13,82
2019-12-29,14,69
2019-12-29,15,83
2019-12-29,16,137
2019-12-29,17,110
2019-12-29,18,92
2019-12-29,19,80
2019-12-29,20,57
2019-12-29,21,44
2019-12-29,22,31
2019-12-29,23,16
2019-12-30,0,16
2019-12-30,1,4
2019-12-30,2,4
2019-12-30,3,0
2019-12-30,4,0
2019-12-30,5,4
2019-12-30,6,16
2019-12-30,7,58
2019-12-30,8,145
2019-12-30,9,114
2019-12-30,10,85
2019-12-30,11,116
2019-12-30,12,94
2019-12-30,13,132
2019-12-30,14,110
2019-12-30,15,109
2019-12-30,16,128
2019-12-30,17,172
2019-12-30,18,115
2019-12-30,19,80
2019-12-30,20,62
2019-12-30,21,52
2019-12-30,22,40
2019-12-30,23,21
2019-12-31,0,8
2019-12-31,1,4
2019-12-31,2,0
2019-12-31,3,0
2019-12-31,4,0
2019-12-31,5,4
2019-12-31,6,16
2019-12-31,7,57
2019-12-31,8,154
2019-12-31,9,142
2019-12-31,10,100
2019-12-31,11,104
2019-12-31,12,115
2019-12-31,13,130
2019-12-31,14,115
2019-12-31,15,141
2019-12-31,16,132
2019-12-31,17,171
2019-12-31,18,131
2019-12-31,19,97
2019-12-31,20,67
2019-12-31,21,48
2019-12-31,22,31
2019-12-31,23,16
2020-01-01,0,16
2020-01-01,1,16
2020-01-01,2,12
2020-01-01,3,4
2020-01-01,4,0
2020-01-01,5,0
2020-01-01,6,12
2020-01-01,7,62
2020-01-01,8,176
2020-01-01,9,157
2020-01-01,10,109
2020-01-01,11,109
2020-01-01,12,109
2020-01-01,13,124
2020-01-01,14,124
2020-01-01,15,128
2020-01-01,16,137
2020-01-01,17,185
2020-01-01,18,154
2020-01-01,19,88
2020-01-01,20,72
2020-01-01,21,52
2020-01-01,22,31
2020-01-01,23,16
2020-01-02,0,16
2020-01-02,1,0
2020-01-02,2,0
2020-01-02,3,0
2020-01-02,4,0
2020-01-02,5,0
2020-01-02,6,16
2020-01-02,7,58
2020-01-02,8,158
2020-01-02,9,154
2020-01-02,10,105
2020-01-02,11,90
2020-01-02,12,114
2020-01-02,13,119
2020-01-02,14,119
2020-01-02,15,94
2020-01-02,16,99
2020-01-02,17,91
2020-01-02,18,109
2020-01-02,19,83
2020-01-02,20,39
2020-01-02,21,37
2020-01-02,22,24
2020-01-02,23,19
2020-01-03,0,8
2020-01-03,1,0
2020-01-03,2,0
2020-01-03,3,0
2020-01-03,4,0
2020-01-03,5,4
2020-01-03,6,16
2020-01-03,7,54
2020-01-03,8,132
2020-01-03,9,141
2020-01-03,10,94
2020-01-03,11,97
2020-01-03,12,119
2020-01-03,13,133
2020-01-03,14,117
2020-01-03,15,116
2020-01-03,16,163
2020-01-03,17,163
2020-01-03,18,114
2020-01-03,19,98
2020-01-03,20,68
2020-01-03,21,46
2020-01-03,22,27
2020-01-03,23,84
2020-01-04,0,18
2020-01-04,1,15
2020-01-04,2,4
2020-01-04,3,5
2020-01-04,4,5
2020-01-04,5,4
2020-01-04,6,7
2020-01-04,7,19
2020-01-04,8,24
2020-01-04,9,45
2020-01-04,10,78
2020-01-04,11,104
2020-01-04,12,162
2020-01-04,13,126
2020-01-04,14,128
2020-01-04,15,104
2020-01-04,16,86
2020-01-04,17,111
2020-01-04,18,101
2020-01-04,19,65
2020-01-04,20,57
2020-01-04,21,40
2020-01-04,22,24
2020-01-04,23,24
2020-01-05,0,19
2020-01-05,1,14
2020-01-05,2,9
2020-01-05,3,10
2020-01-05,4,4
2020-01-05,5,5
2020-01-05,6,5
2020-01-05,7,12
2020-01-05,8,18
2020-01-05,9,27
2020-01-05,10,70
2020-01-05,11,90
2020-01-05,12,89
2020-01-05,13,106
2020-01-05,14,107
2020-01-05,15,101
2020-01-05,16,108
2020-01-05,17,78
2020-01-05,18,73
2020-01-05,19,54
2020-01-05,20,38
2020-01-05,21,28
2020-01-05,22,17
2020-01-05,23,12
2020-01-06,0,4
2020-01-06,1,5
2020-01-06,2,4
2020-01-06,3,3
2020-01-06,4,3
2020-01-06,5,8
2020-01-06,6,19
2020-01-06,7,64
2020-01-06,8,132
2020-01-06,9,139
2020-01-06,10,98
2020-01-06,11,118
2020-01-06,12,105
2020-01-06,13,128
2020-01-06,14,112
2020-01-06,15,101
2020-01-06,16,136
2020-01-06,17,158
2020-01-06,18,100
2020-01-06,19,66
2020-01-06,20,41
2020-01-06,21,30
2020-01-06,22,35
2020-01-06,23,15
2020-01-07,0,4
2020-01-07,1,0
2020-01-07,2,1
2020-01-07,3,3
2020-01-07,4,6
2020-01-07,5,5
2020-01-07,6,17
2020-01-07,7,55
2020-01-07,8,167
2020-01-07,9,154
2020-01-07,10,113
2020-01-07,11,200
2020-01-07,12,101
2020-01-07,13,121
2020-01-07,14,111
2020-01-07,15,120
2020-01-07,16,149
2020-01-07,17,178
2020-01-07,18,154
2020-01-07,19,95
2020-01-07,20,44
2020-01-07,21,44
2020-01-07,22,28
2020-01-07,23,45
2020-01-08,0,9
2020-01-08,1,8
2020-01-08,2,0
2020-01-08,3,0
2020-01-08,4,4
2020-01-08,5,2
2020-01-08,6,21
2020-01-08,7,98
2020-01-08,8,160
2020-01-08,9,151
2020-01-08,10,109
2020-01-08,11,102
2020-01-08,12,108
2020-01-08,13,128
2020-01-08,14,139
2020-01-08,15,115
2020-01-08,16,112
2020-01-08,17,183
2020-01-08,18,132
2020-01-08,19,92
2020-01-08,20,67
2020-01-08,21,52
2020-01-08,22,31
2020-01-08,23,15
2020-01-09,0,8
2020-01-09,1,1
2020-01-09,2,1
2020-01-09,3,2
2020-01-09,4,5
2020-01-09,5,11
2020-01-09,6,16
2020-01-09,7,50
2020-01-09,8,177
2020-01-09,9,155
2020-01-09,10,105
2020-01-09,11,121
2020-01-09,12,131
2020-01-09,13,118
2020-01-09,14,113
2020-01-09,15,117
2020-01-09,16,142
2020-01-09,17,182
2020-01-09,18,117
2020-01-09,19,86
2020-01-09,20,96
2020-01-09,21,39
2020-01-09,22,35
2020-01-09,23,18
2020-01-10,0,9
2020-01-10,1,0
2020-01-10,2,0
2020-01-10,3,5
2020-01-10,4,0
2020-01-10,5,8
2020-01-10,6,16
2020-01-10,7,75
2020-01-10,8,174
2020-01-10,9,160
2020-01-10,10,116
2020-01-10,11,102
2020-01-10,12,104
2020-01-10,13,158
2020-01-10,14,141
2020-01-10,15,157
2020-01-10,16,170
2020-01-10,17,178
2020-01-10,18,138
2020-01-10,19,107
2020-01-10,20,67
2020-01-10,21,42
2020-01-10,22,40
2020-01-10,23,52
2020-01-11,0,36
2020-01-11,1,14
2020-01-11,2,12
2020-01-11,3,6
2020-01-11,4,2
2020-01-11,5,3
2020-01-11,6,12
2020-01-11,7,21
2020-01-11,8,54
2020-01-11,9,62
2020-01-11,10,109
2020-01-11,11,130
2020-01-11,12,139
2020-01-11,13,169
2020-01-11,14,133
2020-01-11,15,130
2020-01-11,16,107
2020-01-11,17,116
2020-01-11,18,111
2020-01-11,19,76
2020-01-11,20,81
2020-01-11,21,32
2020-01-11,22,37
2020-01-11,23,40
2020-01-12,0,25
2020-01-12,1,21
2020-01-12,2,19
2020-01-12,3,9
2020-01-12,4,6
2020-01-12,5,3
2020-01-12,6,6
2020-01-12,7,16
2020-01-12,8,14
2020-01-12,9,30
2020-01-12,10,70
2020-01-12,11,98
2020-01-12,12,101
2020-01-12,13,121
2020-01-12,14,118
2020-01-12,15,129
2020-01-12,16,128
2020-01-12,17,91
2020-01-12,18,101
2020-01-12,19,87
2020-01-12,20,81
2020-01-12,21,39
2020-01-12,22,24
2020-01-12,23,22
2020-01-13,0,6
2020-01-13,1,5
2020-01-13,2,0
2020-01-13,3,2
2020-01-13,4,3
2020-01-13,5,7
2020-01-13,6,23
2020-01-13,7,60
2020-01-13,8,196
2020-01-13,9,150
2020-01-13,10,120
2020-01-13,11,114
2020-01-13,12,108
2020-01-13,13,105
2020-01-13,14,124
2020-01-13,15,115
2020-01-13,16,154
2020-01-13,17,194
2020-01-13,18,155
2020-01-13,19,82
2020-01-13,20,49
2020-01-13,21,45
2020-01-13,22,36
2020-01-13,23,14
2020-01-14,0,8
2020-01-14,1,0
2020-01-14,2,0
2020-01-14,3,4
2020-01-14,4,1
2020-01-14,5,2
2020-01-14,6,23
2020-01-14,7,62
2020-01-14,8,262
2020-01-14,9,194
2020-01-14,10,126
2020-01-14,11,108
2020-01-14,12,103
2020-01-14,13,123
2020-01-14,14,119
2020-01-14,15,105
2020-01-14,16,164
2020-01-14,17,189
2020-01-14,18,156
2020-01-14,19,99
2020-01-14,20,53
2020-01-14,21,46
2020-01-14,22,26
2020-01-14,23,16
2020-01-15,0,4
2020-01-15,1,6
2020-01-15,2,4
2020-01-15,3,2
2020-01-15,4,0
2020-01-15,5,4
2020-01-15,6,16
2020-01-15,7,61
2020-01-15,8,149
2020-01-15,9,157
2020-01-15,10,112
2020-01-15,11,98
2020-01-15,12,132
2020-01-15,13,127
2020-01-15,14,115
2020-01-15,15,137
2020-01-15,16,137
2020-01-15,17,270
2020-01-15,18,128
2020-01-15,19,117
2020-01-15,20,50
2020-01-15,21,38
2020-01-15,22,30
2020-01-15,23,16
2020-01-16,0,16
2020-01-16,1,8
2020-01-16,2,2
2020-01-16,3,0
2020-01-16,4,0
2020-01-16,5,3
2020-01-16,6,38
2020-01-16,7,62
2020-01-16,8,200
2020-01-16,9,194
2020-01-16,10,120
2020-01-16,11,112
2020-01-16,12,100
2020-01-16,13,82
2020-01-16,14,105
2020-01-16,15,158
2020-01-16,16,143
2020-01-16,17,175
2020-01-16,18,178
2020-01-16,19,124
2020-01-16,20,51
2020-01-16,21,44
2020-01-16,22,37
2020-01-16,23,18
2020-01-17,0,9
2020-01-17,1,0
2020-01-17,2,4
2020-01-17,3,0
2020-01-17,4,0
2020-01-17,5,4
2020-01-17,6,16
2020-01-17,7,54
2020-01-17,8,163
2020-01-17,9,166
2020-01-17,10,124
2020-01-17,11,130
2020-01-17,12,139
2020-01-17,13,149
2020-01-17,14,139
2020-01-17,15,147
2020-01-17,16,138
2020-01-17,17,174
2020-01-17,18,167
2020-01-17,19,115
2020-01-17,20,69
2020-01-17,21,37
2020-01-17,22,38
2020-01-17,23,31
2020-01-18,0,20
2020-01-18,1,11
2020-01-18,2,11
2020-01-18,3,8
2020-01-18,4,2
2020-01-18,5,6
2020-01-18,6,9
2020-01-18,7,15
2020-01-18,8,42
2020-01-18,9,68
2020-01-18,10,101
2020-01-18,11,108
2020-01-18,12,110
2020-01-18,13,145
2020-01-18,14,140
2020-01-18,15,122
2020-01-18,16,124
2020-01-18,17,117
2020-01-18,18,115
2020-01-18,19,82
2020-01-18,20,71
2020-01-18,21,37
2020-01-18,22,40
2020-01-18,23,40
2020-01-19,0,31
2020-01-19,1,24
2020-01-19,2,16
2020-01-19,3,12
2020-01-19,4,4
2020-01-19,5,0
2020-01-19,6,4
2020-01-19,7,16
2020-01-19,8,21
2020-01-19,9,44
2020-01-19,10,83
2020-01-19,11,106
2020-01-19,12,103
2020-01-19,13,112
2020-01-19,14,128
2020-01-19,15,106
2020-01-19,16,141
2020-01-19,17,108
2020-01-19,18,109
2020-01-19,19,71
2020-01-19,20,56
2020-01-19,21,31
2020-01-19,22,28
2020-01-19,23,16
2020-01-20,0,7
2020-01-20,1,6
2020-01-20,2,3
2020-01-20,3,3
2020-01-20,4,1
2020-01-20,5,7
2020-01-20,6,17
2020-01-20,7,63
2020-01-20,8,173
2020-01-20,9,177
2020-01-20,10,112
2020-01-20,11,109
2020-01-20,12,116
2020-01-20,13,113
2020-01-20,14,130
2020-01-20,15,125
2020-01-20,16,161
2020-01-20,17,206
2020-01-20,18,136
2020-01-20,19,86
2020-01-20,20,53
2020-01-20,21,66
2020-01-20,22,77
2020-01-20,23,18
2020-01-21,0,9
2020-01-21,1,4
2020-01-21,2,5
2020-01-21,3,5
2020-01-21,4,3
2020-01-21,5,9
2020-01-21,6,28
2020-01-21,7,53
2020-01-21,8,192
2020-01-21,9,170
2020-01-21,10,105
2020-01-21,11,94
2020-01-21,12,118
2020-01-21,13,132
2020-01-21,14,104
2020-01-21,15,145
2020-01-21,16,144
2020-01-21,17,165
2020-01-21,18,167
2020-01-21,19,150
2020-01-21,20,52
2020-01-21,21,45
2020-01-21,22,28
2020-01-21,23,14
2020-01-22,0,10
2020-01-22,1,6
2020-01-22,2,4
2020-01-22,3,3
2020-01-22,4,1
2020-01-22,5,7
2020-01-22,6,19
2020-01-22,7,76
2020-01-22,8,227
2020-01-22,9,147
2020-01-22,10,123
2020-01-22,11,112
2020-01-22,12,120
2020-01-22,13,125
2020-01-22,14,110
2020-01-22,15,190
2020-01-22,16,150
2020-01-22,17,209
2020-01-22,18,187
2020-01-22,19,110
2020-01-22,20,73
2020-01-22,21,39
2020-01-22,22,37
2020-01-22,23,16
2020-01-23,0,6
2020-01-23,1,9
2020-01-23,2,4
2020-01-23,3,4
2020-01-23,4,2
2020-01-23,5,6
2020-01-23,6,16
2020-01-23,7,70
2020-01-23,8,178
2020-01-23,9,186
2020-01-23,10,109
2020-01-23,11,130
2020-01-23,12,131
2020-01-23,13,132
2020-01-23,14,137
2020-01-23,15,130
2020-01-23,16,127
2020-01-23,17,186
2020-01-23,18,160
2020-01-23,19,89
2020-01-23,20,72
2020-01-23,21,44
2020-01-23,22,39
2020-01-23,23,19
2020-01-24,0,13
2020-01-24,1,8
2020-01-24,2,7
2020-01-24,3,6
2020-01-24,4,4
2020-01-24,5,3
2020-01-24,6,19
2020-01-24,7,53
2020-01-24,8,182
2020-01-24,9,150
2020-01-24,10,114
2020-01-24,11,122
2020-01-24,12,129
2020-01-24,13,144
2020-01-24,14,153
2020-01-24,15,126
2020-01-24,16,168
2020-01-24,17,200
2020-01-24,18,159
2020-01-24,19,101
2020-01-24,20,78
2020-01-24,21,58
2020-01-24,22,48
2020-01-24,23,37
2020-01-25,0,23
2020-01-25,1,16
2020-01-25,2,12
2020-01-25,3,7
2020-01-25,4,4
2020-01-25,5,7
2020-01-25,6,8
2020-01-25,7,23
2020-01-25,8,41
2020-01-25,9,75
2020-01-25,10,125
2020-01-25,11,121
2020-01-25,12,147
2020-01-25,13,155
2020-01-25,14,148
2020-01-25,15,147
2020-01-25,16,122
2020-01-25,17,127
2020-01-25,18,121
2020-01-25,19,104
2020-01-25,20,75
2020-01-25,21,42
2020-01-25,22,37
2020-01-25,23,29
2020-01-26,0,30
2020-01-26,1,22
2020-01-26,2,14
2020-01-26,3,17
2020-01-26,4,6
2020-01-26,5,2
2020-01-26,6,10
2020-01-26,7,13
2020-01-26,8,18
2020-01-26,9,25
2020-01-26,10,64
2020-01-26,11,103
2020-01-26,12,117
2020-01-26,13,139
2020-01-26,14,145
2020-01-26,15,93
2020-01-26,16,83
2020-01-26,17,122
2020-01-26,18,98
2020-01-26,19,67
2020-01-26,20,59
2020-01-26,21,41
2020-01-26,22,26
2020-01-26,23,16
2020-01-27,0,11
2020-01-27,1,6
2020-01-27,2,6
2020-01-27,3,5
2020-01-27,4,1
2020-01-27,5,5
2020-01-27,6,20
2020-01-27,7,69
2020-01-27,8,154
2020-01-27,9,163
2020-01-27,10,150
2020-01-27,11,155
2020-01-27,12,118
2020-01-27,13,161
2020-01-27,14,111
2020-01-27,15,117
2020-01-27,16,151
2020-01-27,17,176
2020-01-27,18,132
2020-01-27,19,84
2020-01-27,20,67
2020-01-27,21,42
2020-01-27,22,40
2020-01-27,23,12
2020-01-28,0,12
2020-01-28,1,7
2020-01-28,2,6
2020-01-28,3,0
2020-01-28,4,3
2020-01-28,5,12
2020-01-28,6,27
2020-01-28,7,56
2020-01-28,8,199
2020-01-28,9,190
2020-01-28,10,109
2020-01-28,11,109
2020-01-28,12,124
2020-01-28,13,127
2020-01-28,14,113
2020-01-28,15,130
2020-01-28,16,148
2020-01-28,17,204
2020-01-28,18,223
2020-01-28,19,103
2020-01-28,20,67
2020-01-28,21,45
2020-01-28,22,31
2020-01-28,23,16
2020-01-29,0,8
2020-01-29,1,8
2020-01-29,2,0
2020-01-29,3,0
2020-01-29,4,0
2020-01-29,5,0
2020-01-29,6,16
2020-01-29,7,61
2020-01-29,8,196
2020-01-29,9,160
2020-01-29,10,120
2020-01-29,11,117
2020-01-29,12,112
2020-01-29,13,125
2020-01-29,14,121
2020-01-29,15,134
2020-01-29,16,152
2020-01-29,17,202
2020-01-29,18,202
2020-01-29,19,109
2020-01-29,20,72
2020-01-29,21,52
2020-01-29,22,36
2020-01-29,23,16
2020-01-30,0,15
2020-01-30,1,8
2020-01-30,2,5
2020-01-30,3,0
2020-01-30,4,0
2020-01-30,5,0
2020-01-30,6,17
2020-01-30,7,62
2020-01-30,8,171
2020-01-30,9,166
2020-01-30,10,127
2020-01-30,11,119
2020-01-30,12,132
2020-01-30,13,132
2020-01-30,14,136
2020-01-30,15,132
2020-01-30,16,140
2020-01-30,17,194
2020-01-30,18,164
2020-01-30,19,109
2020-01-30,20,71
2020-01-30,21,52
2020-01-30,22,36
2020-01-30,23,21
2020-01-31,0,12
2020-01-31,1,4
2020-01-31,2,4
2020-01-31,3,0
2020-01-31,4,4
2020-01-31,5,8
2020-01-31,6,16
2020-01-31,7,54
2020-01-31,8,154
2020-01-31,9,167
2020-01-31,10,132
2020-01-31,11,131
2020-01-31,12,136
2020-01-31,13,155
2020-01-31,14,136
2020-01-31,15,142
2020-01-31,16,176
2020-01-31,17,167
2020-01-31,18,141
2020-01-31,19,113
2020-01-31,20,76
2020-01-31,21,40
2020-01-31,22,36
2020-01-31,23,36
2020-02-01,0,26
2020-02-01,1,16
2020-02-01,2,8
2020-02-01,3,4
2020-02-01,4,4
2020-02-01,5,0
2020-02-01,6,8
2020-02-01,7,21
2020-02-01,8,40
2020-02-01,9,80
2020-02-01,10,109
2020-02-01,11,123
2020-02-01,12,141
2020-02-01,13,141
2020-02-01,14,150
2020-02-01,15,119
2020-02-01,16,109
2020-02-01,17,120
2020-02-01,18,127
2020-02-01,19,98
2020-02-01,20,75
2020-02-01,21,55
2020-02-01,22,42
2020-02-01,23,46
2020-02-02,0,31
2020-02-02,1,39
2020-02-02,2,19
2020-02-02,3,11
2020-02-02,4,8
2020-02-02,5,7
2020-02-02,6,8
2020-02-02,7,16
2020-02-02,8,27
2020-02-02,9,43
2020-02-02,10,88
2020-02-02,11,117
2020-02-02,12,114
2020-02-02,13,130
2020-02-02,14,119
2020-02-02,15,127
2020-02-02,16,117
2020-02-02,17,133
2020-02-02,18,122
2020-02-02,19,72
2020-02-02,20,71
2020-02-02,21,45
2020-02-02,22,35
2020-02-02,23,19
2020-02-03,0,16
2020-02-03,1,6
2020-02-03,2,6
2020-02-03,3,8
2020-02-03,4,7
2020-02-03,5,9
2020-02-03,6,23
2020-02-03,7,62
2020-02-03,8,229
2020-02-03,9,131
2020-02-03,10,117
2020-02-03,11,144
2020-02-03,12,124
2020-02-03,13,115
2020-02-03,14,120
2020-02-03,15,100
2020-02-03,16,147
2020-02-03,17,188
2020-02-03,18,120
2020-02-03,19,88
2020-02-03,20,72
2020-02-03,21,47
2020-02-03,22,40
2020-02-03,23,21
2020-02-04,0,8
2020-02-04,1,0
2020-02-04,2,0
2020-02-04,3,0
2020-02-04,4,0
2020-02-04,5,4
2020-02-04,6,16
2020-02-04,7,56
2020-02-04,8,157
2020-02-04,9,162
2020-02-04,10,102
2020-02-04,11,166
2020-02-04,12,132
2020-02-04,13,118
2020-02-04,14,119
2020-02-04,15,120
2020-02-04,16,135
2020-02-04,17,171
2020-02-04,18,144
2020-02-04,19,105
2020-02-04,20,63
2020-02-04,21,44
2020-02-04,22,31
2020-02-04,23,16
2020-02-05,0,8
2020-02-05,1,4
2020-02-05,2,0
2020-02-05,3,0
2020-02-05,4,0
2020-02-05,5,4
2020-02-05,6,16
2020-02-05,7,62
2020-02-05,8,173
2020-02-05,9,171
2020-02-05,10,114
2020-02-05,11,119
2020-02-05,12,118
2020-02-05,13,132
2020-02-05,14,115
2020-02-05,15,137
2020-02-05,16,154
2020-02-05,17,162
2020-02-05,18,171
2020-02-05,19,101
2020-02-05,20,76
2020-02-05,21,48
2020-02-05,22,35
2020-02-05,23,32
2020-02-06,0,22
2020-02-06,1,10
2020-02-06,2,4
2020-02-06,3,2
2020-02-06,4,2
2020-02-06,5,5
2020-02-06,6,21
2020-02-06,7,69
2020-02-06,8,230
2020-02-06,9,191
2020-02-06,10,99
2020-02-06,11,128
2020-02-06,12,128
2020-02-06,13,132
2020-02-06,14,128
2020-02-06,15,134
2020-02-06,16,136
2020-02-06,17,185
2020-02-06,18,165
2020-02-06,19,101
2020-02-06,20,71
2020-02-06,21,58
2020-02-06,22,33
2020-02-06,23,26
2020-02-07,0,18
2020-02-07,1,7
2020-02-07,2,3
2020-02-07,3,1
2020-02-07,4,11
2020-02-07,5,6
2020-02-07,6,19
2020-02-07,7,58
2020-02-07,8,138
2020-02-07,9,162
2020-02-07,10,130
2020-02-07,11,126
2020-02-07,12,150
2020-02-07,13,155
2020-02-07,14,140
2020-02-07,15,154
2020-02-07,16,157
2020-02-07,17,163
2020-02-07,18,138
2020-02-07,19,127
2020-02-07,20,96
2020-02-07,21,54
2020-02-07,22,61
2020-02-07,23,36
2020-02-08,0,31
2020-02-08,1,16
2020-02-08,2,17
2020-02-08,3,24
2020-02-08,4,12
2020-02-08,5,3
2020-02-08,6,7
2020-02-08,7,18
2020-02-08,8,46
2020-02-08,9,68
2020-02-08,10,105
2020-02-08,11,112
2020-02-08,12,170
2020-02-08,13,201
2020-02-08,14,139
2020-02-08,15,123
2020-02-08,16,143
2020-02-08,17,123
2020-02-08,18,103
2020-02-08,19,85
2020-02-08,20,68
2020-02-08,21,58
2020-02-08,22,50
2020-02-08,23,27
2020-02-09,0,37
2020-02-09,1,32
2020-02-09,2,21
2020-02-09,3,19
2020-02-09,4,11
2020-02-09,5,3
2020-02-09,6,4
2020-02-09,7,11
2020-02-09,8,21
2020-02-09,9,47
2020-02-09,10,68
2020-02-09,11,96
2020-02-09,12,121
2020-02-09,13,119
2020-02-09,14,104
2020-02-09,15,122
2020-02-09,16,110
2020-02-09,17,106
2020-02-09,18,99
2020-02-09,19,78
2020-02-09,20,43
2020-02-09,21,42
2020-02-09,22,37
2020-02-09,23,17
2020-02-10,0,7
2020-02-10,1,0
2020-02-10,2,0
2020-02-10,3,1
2020-02-10,4,0
2020-02-10,5,0
2020-02-10,6,31
2020-02-10,7,58
2020-02-10,8,151
2020-02-10,9,129
2020-02-10,10,129
2020-02-10,11,158
2020-02-10,12,122
2020-02-10,13,140
2020-02-10,14,98
2020-02-10,15,112
2020-02-10,16,159
2020-02-10,17,151
2020-02-10,18,122
2020-02-10,19,89
2020-02-10,20,48
2020-02-10,21,38
2020-02-10,22,26
2020-02-10,23,17
2020-02-11,0,12
2020-02-11,1,0
2020-02-11,2,0
2020-02-11,3,0
2020-02-11,4,0
2020-02-11,5,5
2020-02-11,6,20
2020-02-11,7,57
2020-02-11,8,159
2020-02-11,9,138
2020-02-11,10,118
2020-02-11,11,121
2020-02-11,12,120
2020-02-11,13,122
2020-02-11,14,125
2020-02-11,15,98
2020-02-11,16,145
2020-02-11,17,171
2020-02-11,18,136
2020-02-11,19,98
2020-02-11,20,64
2020-02-11,21,48
2020-02-11,22,23
2020-02-11,23,15
2020-02-12,0,16
2020-02-12,1,4
2020-02-12,2,5
2020-02-12,3,2
2020-02-12,4,0
2020-02-12,5,4
2020-02-12,6,12
2020-02-12,7,58
2020-02-12,8,178
2020-02-12,9,151
2020-02-12,10,124
2020-02-12,11,101
2020-02-12,12,125
2020-02-12,13,129
2020-02-12,14,116
2020-02-12,15,131
2020-02-12,16,153
2020-02-12,17,243
2020-02-12,18,135
2020-02-12,19,110
2020-02-12,20,69
2020-02-12,21,48
2020-02-12,22,25
2020-02-12,23,18
2020-02-13,0,16
2020-02-13,1,4
2020-02-13,2,1
2020-02-13,3,0
2020-02-13,4,0
2020-02-13,5,7
2020-02-13,6,19
2020-02-13,7,62
2020-02-13,8,163
2020-02-13,9,205
2020-02-13,10,113
2020-02-13,11,123
2020-02-13,12,116
2020-02-13,13,122
2020-02-13,14,131
2020-02-13,15,136
2020-02-13,16,196
2020-02-13,17,199
2020-02-13,18,174
2020-02-13,19,98
2020-02-13,20,79
2020-02-13,21,75
2020-02-13,22,39
2020-02-13,23,25
2020-02-14,0,11
2020-02-14,1,8
2020-02-14,2,4
2020-02-14,3,2
2020-02-14,4,0
2020-02-14,5,5
2020-02-14,6,15
2020-02-14,7,56
2020-02-14,8,161
2020-02-14,9,157
2020-02-14,10,161
2020-02-14,11,153
2020-02-14,12,159
2020-02-14,13,171
2020-02-14,14,164
2020-02-14,15,138
2020-02-14,16,166
2020-02-14,17,163
2020-02-14,18,132
2020-02-14,19,112
2020-02-14,20,89
2020-02-14,21,109
2020-02-14,22,48
2020-02-14,23,46
2020-02-15,0,29
2020-02-15,1,16
2020-02-15,2,10
2020-02-15,3,12
2020-02-15,4,6
2020-02-15,5,4
2020-02-15,6,9
2020-02-15,7,52
2020-02-15,8,44
2020-02-15,9,74
2020-02-15,10,119
2020-02-15,11,138
2020-02-15,12,171
2020-02-15,13,148
2020-02-15,14,162
2020-02-15,15,146
2020-02-15,16,146
2020-02-15,17,149
2020-02-15,18,123
2020-02-15,19,93
2020-02-15,20,69
2020-02-15,21,49
2020-02-15,22,41
2020-02-15,23,44
2020-02-16,0,30
2020-02-16,1,23
2020-02-16,2,20
2020-02-16,3,16
2020-02-16,4,7
2020-02-16,5,9
2020-02-16,6,13
2020-02-16,7,16
2020-02-16,8,24
2020-02-16,9,39
2020-02-16,10,83
2020-02-16,11,105
2020-02-16,12,104
2020-02-16,13,113
2020-02-16,14,127
2020-02-16,15,105
2020-02-16,16,110
2020-02-16,17,104
2020-02-16,18,109
2020-02-16,19,63
2020-02-16,20,59
2020-02-16,21,35
2020-02-16,22,29
2020-02-16,23,18
2020-02-17,0,15
2020-02-17,1,11
2020-02-17,2,7
2020-02-17,3,2
2020-02-17,4,3
2020-02-17,5,11
2020-02-17,6,23
2020-02-17,7,55
2020-02-17,8,189
2020-02-17,9,164
2020-02-17,10,109
2020-02-17,11,136
2020-02-17,12,117
2020-02-17,13,121
2020-02-17,14,129
2020-02-17,15,132
2020-02-17,16,146
2020-02-17,17,222
2020-02-17,18,155
2020-02-17,19,117
2020-02-17,20,63
2020-02-17,21,48
2020-02-17,22,34
2020-02-17,23,23
2020-02-18,0,10
2020-02-18,1,7
2020-02-18,2,3
2020-02-18,3,0
2020-02-18,4,2
2020-02-18,5,5
2020-02-18,6,18
2020-02-18,7,63
2020-02-18,8,174
2020-02-18,9,149
2020-02-18,10,109
2020-02-18,11,109
2020-02-18,12,118
2020-02-18,13,127
2020-02-18,14,115
2020-02-18,15,128
2020-02-18,16,128
2020-02-18,17,179
2020-02-18,18,153
2020-02-18,19,101
2020-02-18,20,53
2020-02-18,21,40
2020-02-18,22,21
2020-02-18,23,16
2020-02-19,0,8
2020-02-19,1,8
2020-02-19,2,0
2020-02-19,3,0
2020-02-19,4,0
2020-02-19,5,0
2020-02-19,6,21
2020-02-19,7,58
2020-02-19,8,165
2020-02-19,9,149
2020-02-19,10,79
2020-02-19,11,105
2020-02-19,12,110
2020-02-19,13,119
2020-02-19,14,124
2020-02-19,15,123
2020-02-19,16,136
2020-02-19,17,171
2020-02-19,18,155
2020-02-19,19,105
2020-02-19,20,76
2020-02-19,21,52
2020-02-19,22,31
2020-02-19,23,16
2020-02-20,0,16
2020-02-20,1,4
2020-02-20,2,0
2020-02-20,3,0
2020-02-20,4,0
2020-02-20,5,4
2020-02-20,6,16
2020-02-20,7,49
2020-02-20,8,152
2020-02-20,9,151
2020-02-20,10,119
2020-02-20,11,119
2020-02-20,12,124
2020-02-20,13,132
2020-02-20,14,132
2020-02-20,15,119
2020-02-20,16,132
2020-02-20,17,189
2020-02-20,18,163
2020-02-20,19,105
2020-02-20,20,71
2020-02-20,21,44
2020-02-20,22,41
2020-02-20,23,26
2020-02-21,0,12
2020-02-21,1,0
2020-02-21,2,0
2020-02-21,3,0
2020-02-21,4,0
2020-02-21,5,8
2020-02-21,6,16
2020-02-21,7,53
2020-02-21,8,146
2020-02-21,9,157
2020-02-21,10,128
2020-02-21,11,131
2020-02-21,12,132
2020-02-21,13,150
2020-02-21,14,145
2020-02-21,15,152
2020-02-21,16,176
2020-02-21,17,203
2020-02-21,18,147
2020-02-21,19,109
2020-02-21,20,62
2020-02-21,21,40
2020-02-21,22,36
2020-02-21,23,31
2020-02-22,0,26
2020-02-22,1,16
2020-02-22,2,8
2020-02-22,3,0
2020-02-22,4,0
2020-02-22,5,0
2020-02-22,6,8
2020-02-22,7,21
2020-02-22,8,44
2020-02-22,9,71
2020-02-22,10,109
2020-02-22,11,114
2020-02-22,12,128
2020-02-22,13,141
2020-02-22,14,145
2020-02-22,15,119
2020-02-22,16,109
2020-02-22,17,119
2020-02-22,18,109
2020-02-22,19,96
2020-02-22,20,62
2020-02-22,21,48
2020-02-22,22,40
2020-02-22,23,36
2020-02-23,0,36
2020-02-23,1,21
2020-02-23,2,16
2020-02-23,3,16
2020-02-23,4,4
2020-02-23,5,0
2020-02-23,6,0
2020-02-23,7,16
2020-02-23,8,21
2020-02-23,9,45
2020-02-23,10,87
2020-02-23,11,88
2020-02-23,12,114
2020-02-23,13,136
2020-02-23,14,118
2020-02-23,15,101
2020-02-23,16,104
2020-02-23,17,109
2020-02-23,18,114
2020-02-23,19,89
2020-02-23,20,62
2020-02-23,21,44
2020-02-23,22,31
2020-02-23,23,16
2020-02-24,0,8
2020-02-24,1,8
2020-02-24,2,0
2020-02-24,3,0
2020-02-24,4,0
2020-02-24,5,8
2020-02-24,6,16
2020-02-24,7,49
2020-02-24,8,146
2020-02-24,9,131
2020-02-24,10,100
2020-02-24,11,127
2020-02-24,12,100
2020-02-24,13,131
2020-02-24,14,109
2020-02-24,15,100
2020-02-24,16,136
2020-02-24,17,169
2020-02-24,18,133
2020-02-24,19,88
2020-02-24,20,71
2020-02-24,21,100
2020-02-24,22,61
2020-02-24,23,35
2020-02-25,0,16
2020-02-25,1,12
2020-02-25,2,0
2020-02-25,3,0
2020-02-25,4,0
2020-02-25,5,4
2020-02-25,6,16
2020-02-25,7,53
2020-02-25,8,154
2020-02-25,9,140
2020-02-25,10,100
2020-02-25,11,105
2020-02-25,12,114
2020-02-25,13,123
2020-02-25,14,109
2020-02-25,15,113
2020-02-25,16,127
2020-02-25,17,173
2020-02-25,18,145
2020-02-25,19,106
2020-02-25,20,80
2020-02-25,21,110
2020-02-25,22,53
2020-02-25,23,26
2020-02-26,0,16
2020-02-26,1,21
2020-02-26,2,4
2020-02-26,3,4
2020-02-26,4,0
2020-02-26,5,4
2020-02-26,6,12
2020-02-26,7,49
2020-02-26,8,159
2020-02-26,9,154
2020-02-26,10,118
2020-02-26,11,114
2020-02-26,12,109
2020-02-26,13,132
2020-02-26,14,115
2020-02-26,15,122
2020-02-26,16,137
2020-02-26,17,177
2020-02-26,18,150
2020-02-26,19,96
2020-02-26,20,119
2020-02-26,21,111
2020-02-26,22,75
2020-02-26,23,36
2020-02-27,0,21
2020-02-27,1,8
2020-02-27,2,0
2020-02-27,3,0
2020-02-27,4,0
2020-02-27,5,4
2020-02-27,6,16
2020-02-27,7,58
2020-02-27,8,162
2020-02-27,9,148
2020-02-27,10,109
2020-02-27,11,114
2020-02-27,12,118
2020-02-27,13,123
2020-02-27,14,123
2020-02-27,15,115
2020-02-27,16,137
2020-02-27,17,193
2020-02-27,18,168
2020-02-27,19,105
2020-02-27,20,71
2020-02-27,21,44
2020-02-27,22,36
2020-02-27,23,26
2020-02-28,0,12
2020-02-28,1,4
2020-02-28,2,0
2020-02-28,3,0
2020-02-28,4,0
2020-02-28,5,8
2020-02-28,6,16
2020-02-28,7,54
2020-02-28,8,146
2020-02-28,9,149
2020-02-28,10,119
2020-02-28,11,123
2020-02-28,12,128
2020-02-28,13,142
2020-02-28,14,145
2020-02-28,15,135
2020-02-28,16,180
2020-02-28,17,191
2020-02-28,18,132
2020-02-28,19,118
2020-02-28,20,66
2020-02-28,21,40
2020-02-28,22,36
2020-02-28,23,36
2020-02-29,0,16
2020-02-29,1,16
2020-02-29,2,8
2020-02-29,3,8
2020-02-29,4,4
2020-02-29,5,0
2020-02-29,6,8
2020-02-29,7,21
2020-02-29,8,44
2020-02-29,9,62
2020-02-29,10,100
2020-02-29,11,114
2020-02-29,12,132
2020-02-29,13,140
2020-02-29,14,132
2020-02-29,15,124
2020-02-29,16,113
2020-02-29,17,114
2020-02-29,18,114
2020-02-29,19,88
2020-02-29,20,67
2020-02-29,21,48
2020-02-29,22,49
2020-02-29,23,36
2020-03-01,0,36
2020-03-01,1,26
2020-03-01,2,16
2020-03-01,3,16
2020-03-01,4,12
2020-03-01,5,4
2020-03-01,6,0
2020-03-01,7,16
2020-03-01,8,16
2020-03-01,9,44
2020-03-01,10,92
2020-03-01,11,93
2020-03-01,12,118
2020-03-01,13,141
2020-03-01,14,118
2020-03-01,15,104
2020-03-01,16,105
2020-03-01,17,96
2020-03-01,18,101
2020-03-01,19,89
2020-03-01,20,57
2020-03-01,21,40
2020-03-01,22,31
2020-03-01,23,21
2020-03-02,0,8
2020-03-02,1,8
2020-03-02,2,0
2020-03-02,3,0
2020-03-02,4,0
2020-03-02,5,4
2020-03-02,6,16
2020-03-02,7,53
2020-03-02,8,140
2020-03-02,9,132
2020-03-02,10,104
2020-03-02,11,122
2020-03-02,12,100
2020-03-02,13,140
2020-03-02,14,119
2020-03-02,15,105
2020-03-02,16,132
2020-03-02,17,179
2020-03-02,18,136
2020-03-02,19,92
2020-03-02,20,57
2020-03-02,21,48
2020-03-02,22,40
2020-03-02,23,21
2020-03-03,0,8
2020-03-03,1,0
2020-03-03,2,0
2020-03-03,3,0
2020-03-03,4,0
2020-03-03,5,4
2020-03-03,6,16
2020-03-03,7,57
2020-03-03,8,158
2020-03-03,9,146
2020-03-03,10,100
2020-03-03,11,114
2020-03-03,12,114
2020-03-03,13,127
2020-03-03,14,114
2020-03-03,15,118
2020-03-03,16,132
2020-03-03,17,191
2020-03-03,18,153
2020-03-03,19,106
2020-03-03,20,53
2020-03-03,21,44
2020-03-03,22,36
2020-03-03,23,16
2020-03-04,0,8
2020-03-04,1,4
2020-03-04,2,0
2020-03-04,3,0
2020-03-04,4,0
2020-03-04,5,0
2020-03-04,6,16
2020-03-04,7,58
2020-03-04,8,172
2020-03-04,9,160
2020-03-04,10,118
2020-03-04,11,113
2020-03-04,12,118
2020-03-04,13,124
2020-03-04,14,124
2020-03-04,15,127
2020-03-04,16,137
2020-03-04,17,175
2020-03-04,18,167
2020-03-04,19,100
2020-03-04,20,96
2020-03-04,21,88
2020-03-04,22,67
2020-03-04,23,26
2020-03-05,0,21
2020-03-05,1,8
2020-03-05,2,4
2020-03-05,3,4
2020-03-05,4,0
2020-03-05,5,0
2020-03-05,6,16
2020-03-05,7,58
2020-03-05,8,153
2020-03-05,9,151
2020-03-05,10,113
2020-03-05,11,114
2020-03-05,12,119
2020-03-05,13,119
2020-03-05,14,119
2020-03-05,15,119
2020-03-05,16,131
2020-03-05,17,189
2020-03-05,18,166
2020-03-05,19,109
2020-03-05,20,97
2020-03-05,21,84
2020-03-05,22,57
2020-03-05,23,49
2020-03-06,0,17
2020-03-06,1,16
2020-03-06,2,0
2020-03-06,3,0
2020-03-06,4,0
2020-03-06,5,8
2020-03-06,6,16
2020-03-06,7,62
2020-03-06,8,142
2020-03-06,9,158
2020-03-06,10,123
2020-03-06,11,119
2020-03-06,12,128
2020-03-06,13,146
2020-03-06,14,141
2020-03-06,15,132
2020-03-06,16,175
2020-03-06,17,209
2020-03-06,18,137
2020-03-06,19,109
2020-03-06,20,76
2020-03-06,21,44
2020-03-06,22,40
2020-03-06,23,36
2020-03-07,0,26
2020-03-07,1,16
2020-03-07,2,8
2020-03-07,3,0
2020-03-07,4,0
2020-03-07,5,4
2020-03-07,6,12
2020-03-07,7,21
2020-03-07,8,48
2020-03-07,9,80
2020-03-07,10,104
2020-03-07,11,114
2020-03-07,12,123
2020-03-07,13,136
2020-03-07,14,132
2020-03-07,15,110
2020-03-07,16,124
2020-03-07,17,118
2020-03-07,18,105
2020-03-07,19,88
2020-03-07,20,66
2020-03-07,21,44
2020-03-07,22,44
2020-03-07,23,36
2020-03-08,0,31
2020-03-08,1,16
2020-03-08,2,16
2020-03-08,3,12
2020-03-08,4,8
2020-03-08,5,0
2020-03-08,6,0
2020-03-08,7,16
2020-03-08,8,21
2020-03-08,9,44
2020-03-08,10,88
2020-03-08,11,92
2020-03-08,12,110
2020-03-08,13,132
2020-03-08,14,109
2020-03-08,15,96
2020-03-08,16,104
2020-03-08,17,104
2020-03-08,18,101
2020-03-08,19,84
2020-03-08,20,57
2020-03-08,21,44
2020-03-08,22,26
2020-03-08,23,16
2020-03-09,0,8
2020-03-09,1,0
2020-03-09,2,0
2020-03-09,3,0
2020-03-09,4,0
2020-03-09,5,4
2020-03-09,6,16
2020-03-09,7,62
2020-03-09,8,145
2020-03-09,9,128
2020-03-09,10,92
2020-03-09,11,122
2020-03-09,12,96
2020-03-09,13,123
2020-03-09,14,105
2020-03-09,15,0
2020-03-09,16,0
2020-03-09,17,0
2020-03-09,18,0
2020-03-09,19,0
2020-03-09,20,0
2020-03-09,21,49
2020-03-09,22,36
2020-03-09,23,21
2020-03-10,0,4
2020-03-10,1,4
2020-03-10,2,0
2020-03-10,3,0
2020-03-10,4,0
2020-03-10,5,0
2020-03-10,6,16
2020-03-10,7,53
2020-03-10,8,154
2020-03-10,9,141
2020-03-10,10,100
2020-03-10,11,104
2020-03-10,12,109
2020-03-10,13,118
2020-03-10,14,109
2020-03-10,15,119
2020-03-10,16,132
2020-03-10,17,167
2020-03-10,18,142
2020-03-10,19,101
2020-03-10,20,58
2020-03-10,21,40
2020-03-10,22,21
2020-03-10,23,16
2020-03-11,0,8
2020-03-11,1,4
2020-03-11,2,0
2020-03-11,3,0
2020-03-11,4,0
2020-03-11,5,0
2020-03-11,6,16
2020-03-11,7,58
2020-03-11,8,158
2020-03-11,9,158
2020-03-11,10,113
2020-03-11,11,105
2020-03-11,12,105
2020-03-11,13,124
2020-03-11,14,123
2020-03-11,15,123
2020-03-11,16,129
2020-03-11,17,187
2020-03-11,18,169
2020-03-11,19,92
2020-03-11,20,72
2020-03-11,21,52
2020-03-11,22,31
2020-03-11,23,16
2020-03-12,0,16
2020-03-12,1,4
2020-03-12,2,0
2020-03-12,3,0
2020-03-12,8,168
2020-03-12,9,158
2020-03-12,10,115
2020-03-12,11,115
2020-03-12,12,115
2020-03-12,13,128
2020-03-12,14,128
2020-03-12,15,109
2020-03-12,16,132
2020-03-12,17,194
2020-03-12,18,165
2020-03-12,19,105
2020-03-12,20,71
2020-03-12,21,48
2020-03-12,22,36
2020-03-12,23,36
2020-03-13,0,12
2020-03-13,1,0
2020-03-13,2,0
2020-03-13,3,0
2020-03-13,4,0
2020-03-13,5,4
2020-03-13,6,16
2020-03-13,7,58
2020-03-13,8,132
2020-03-13,9,153
2020-03-13,10,123
2020-03-13,11,119
2020-03-13,12,123
2020-03-13,13,137
2020-03-13,14,132
2020-03-13,15,133
2020-03-13,16,172
2020-03-13,17,200
2020-03-13,18,132
2020-03-13,19,109
2020-03-13,20,66
2020-03-13,21,44
2020-03-13,22,36
2020-03-13,23,31
2020-03-14,0,21
2020-03-14,1,12
2020-03-14,2,8
2020-03-14,3,0
2020-03-14,4,4
2020-03-14,5,0
2020-03-14,6,8
2020-03-14,7,21
2020-03-14,8,40
2020-03-14,9,80
2020-03-14,10,104
2020-03-14,11,104
2020-03-14,12,124
2020-03-14,13,128
2020-03-14,14,118
2020-03-14,15,104
2020-03-14,16,104
2020-03-14,17,100
2020-03-14,18,105
2020-03-14,19,88
2020-03-14,20,66
2020-03-14,21,44
2020-03-14,22,40
2020-03-14,23,31
2020-03-15,0,31
2020-03-15,1,16
2020-03-15,2,16
2020-03-15,3,16
2020-03-15,4,4
2020-03-15,5,0
2020-03-15,6,0
2020-03-15,7,16
2020-03-15,8,21
2020-03-15,9,44
2020-03-15,10,87
2020-03-15,11,84
2020-03-15,12,106
2020-03-15,13,118
2020-03-15,14,109
2020-03-15,15,88
2020-03-15,16,92
2020-03-15,17,88
2020-03-15,18,101
2020-03-15,19,75
2020-03-15,20,57
2020-03-15,21,44
2020-03-15,22,21
2020-03-15,23,16
2020-03-16,0,4
2020-03-16,1,4
2020-03-16,2,0
2020-03-16,3,0
2020-03-16,4,0
2020-03-16,5,0
2020-03-16,6,16
2020-03-16,7,53
2020-03-16,8,145
2020-03-16,9,121
2020-03-16,10,92
2020-03-16,11,114
2020-03-16,12,92
2020-03-16,13,123
2020-03-16,14,109
2020-03-16,15,96
2020-03-16,16,128
2020-03-16,17,162
2020-03-16,18,128
2020-03-16,19,80
2020-03-16,20,62
2020-03-16,21,52
2020-03-16,22,36
2020-03-16,23,16
2020-03-17,0,8
2020-03-17,1,0
2020-03-17,2,0
2020-03-17,3,0
2020-03-17,4,0
2020-03-17,5,4
2020-03-17,6,16
2020-03-17,7,53
2020-03-17,8,146
2020-03-17,9,140
2020-03-17,10,96
2020-03-17,11,100
2020-03-17,12,109
2020-03-17,13,119
2020-03-17,14,104
2020-03-17,15,113
2020-03-17,16,118
2020-03-17,17,172
2020-03-17,18,135
2020-03-17,19,97
2020-03-17,20,53
2020-03-17,21,36
2020-03-17,22,31
2020-03-17,23,16
2020-03-18,0,8
2020-03-18,1,0
2020-03-18,2,0
2020-03-18,3,0
2020-03-18,4,0
2020-03-18,5,0
2020-03-18,6,16
2020-03-18,7,53
2020-03-18,8,153
2020-03-18,9,145
2020-03-18,10,105
2020-03-18,11,105
2020-03-18,12,105
2020-03-18,13,114
2020-03-18,14,57
2020-03-18,15,109
2020-03-18,16,128
2020-03-18,17,170
2020-03-18,18,144
2020-03-18,19,88
2020-03-18,20,62
2020-03-18,21,44
2020-03-18,22,31
2020-03-18,23,16
2020-03-19,0,12
2020-03-19,1,0
2020-03-19,2,0
2020-03-19,3,0
2020-03-19,4,0
2020-03-19,5,4
2020-03-19,6,12
2020-03-19,7,49
2020-03-19,8,137
2020-03-19,9,145
2020-03-19,10,109
2020-03-19,11,109
2020-03-19,12,104
2020-03-19,13,118
2020-03-19,14,109
2020-03-19,15,109
2020-03-19,16,127
2020-03-19,17,177
2020-03-19,18,136
2020-03-19,19,97
2020-03-19,20,67
2020-03-19,21,44
2020-03-19,22,36
2020-03-19,23,21
2020-03-20,0,8
2020-03-20,1,4
2020-03-20,2,0
2020-03-20,3,0
2020-03-20,4,0
2020-03-20,5,4
2020-03-20,6,16
2020-03-20,7,49
2020-03-20,8,122
2020-03-20,9,139
2020-03-20,10,114
2020-03-20,11,110
2020-03-20,12,118
2020-03-20,13,124
2020-03-20,14,123
2020-03-20,15,123
2020-03-20,16,154
2020-03-20,17,184
2020-03-20,18,115
2020-03-20,19,101
2020-03-20,20,57
2020-03-20,21,36
2020-03-20,22,36
2020-03-20,23,31
2020-03-21,0,16
2020-03-21,1,16
2020-03-21,2,0
2020-03-21,3,0
2020-03-21,4,0
2020-03-21,5,0
2020-03-21,6,2
2020-03-21,7,21
2020-03-21,8,48
2020-03-21,9,76
2020-03-21,10,96
2020-03-21,11,96
2020-03-21,12,105
2020-03-21,13,114
2020-03-21,14,105
2020-03-21,15,88
2020-03-21,16,88
2020-03-21,17,92
2020-03-21,18,92
2020-03-21,19,72
2020-03-21,20,62
2020-03-21,21,44
2020-03-21,22,40
2020-03-21,23,31
2020-03-22,0,16
2020-03-22,1,16
2020-03-22,2,16
2020-03-22,3,0
2020-03-22,4,4
2020-03-22,5,0
2020-03-22,6,0
2020-03-22,7,16
2020-03-22,8,21
2020-03-22,9,44
2020-03-22,10,87
2020-03-22,11,80
2020-03-22,12,101
2020-03-22,13,110
2020-03-22,14,96
2020-03-22,15,84
2020-03-22,16,88
2020-03-22,17,84
2020-03-22,18,84
2020-03-22,19,70
2020-03-22,20,48
2020-03-22,21,40
2020-03-22,22,21
2020-03-22,23,16
2020-03-23,0,8
2020-03-23,1,0
2020-03-23,2,0
2020-03-23,3,0
2020-03-23,4,0
2020-03-23,5,0
2020-03-23,6,12
2020-03-23,7,48
2020-03-23,8,128
2020-03-23,9,109
2020-03-23,10,84
2020-03-23,11,101
2020-03-23,12,92
2020-03-23,13,114
2020-03-23,14,92
2020-03-23,15,88
2020-03-23,16,104
2020-03-23,17,150
2020-03-23,18,105
2020-03-23,19,71
2020-03-23,20,52
2020-03-23,21,52
2020-03-23,22,40
2020-03-23,23,21
2020-03-24,0,8
2020-03-24,1,0
2020-03-24,2,0
2020-03-24,3,0
2020-03-24,4,0
2020-03-24,5,0
2020-03-24,6,16
2020-03-24,7,49
2020-03-24,8,127
2020-03-24,9,118
2020-03-24,10,84
2020-03-24,11,88
2020-03-24,12,96
2020-03-24,13,105
2020-03-24,14,88
2020-03-24,15,92
2020-03-24,16,101
2020-03-24,17,141
2020-03-24,18,115
2020-03-24,19,88
2020-03-24,20,53
2020-03-24,21,48
2020-03-24,22,31
2020-03-24,23,16
2020-03-25,0,8
2020-03-25,1,4
2020-03-25,2,0
2020-03-25,3,0
2020-03-25,4,0
2020-03-25,5,0
2020-03-25,6,16
2020-03-25,7,54
2020-03-25,8,150
2020-03-25,9,133
2020-03-25,10,92
2020-03-25,11,101
2020-03-25,12,92
2020-03-25,13,104
2020-03-25,14,96
2020-03-25,15,100
2020-03-25,16,109
2020-03-25,17,167
2020-03-25,18,141
2020-03-25,19,84
2020-03-25,20,62
2020-03-25,21,52
2020-03-25,22,31
2020-03-25,23,16
2020-03-26,0,12
2020-03-26,1,0
2020-03-26,2,0
2020-03-26,3,0
2020-03-26,4,0
2020-03-26,5,0
2020-03-26,6,16
2020-03-26,7,49
2020-03-26,8,149
2020-03-26,9,142
2020-03-26,10,105
2020-03-26,11,100
2020-03-26,12,100
2020-03-26,13,100
2020-03-26,14,100
2020-03-26,15,92
2020-03-26,16,114
2020-03-26,17,165
2020-03-26,18,127
2020-03-26,19,88
2020-03-26,20,62
2020-03-26,21,52
2020-03-26,22,36
2020-03-26,23,21
2020-03-27,0,8
2020-03-27,1,0
2020-03-27,2,0
2020-03-27,3,0
2020-03-27,4,0
2020-03-27,5,4
2020-03-27,6,16
2020-03-27,7,54
2020-03-27,8,127
2020-03-27,9,145
2020-03-27,10,114
2020-03-27,11,115
2020-03-27,12,114
2020-03-27,13,114
2020-03-27,14,109
2020-03-27,15,105
2020-03-27,16,141
2020-03-27,17,189
2020-03-27,18,109
2020-03-27,19,101
2020-03-27,20,62
2020-03-27,21,44
2020-03-27,22,40
2020-03-27,23,31
2020-03-28,0,16
2020-03-28,1,12
2020-03-28,2,0
2020-03-28,3,0
2020-03-28,4,0
2020-03-28,5,0
2020-03-28,6,0
2020-03-28,7,21
2020-03-28,8,44
2020-03-28,9,80
2020-03-28,10,104
2020-03-28,11,109
2020-03-28,12,114
2020-03-28,13,119
2020-03-28,14,105
2020-03-28,15,92
2020-03-28,16,96
2020-03-28,17,104
2020-03-28,18,105
2020-03-28,19,84
2020-03-28,20,62
2020-03-28,21,48
2020-03-28,22,40
2020-03-28,23,40
2020-03-29,0,16
2020-03-29,1,16
2020-03-29,2,0
2020-03-29,3,4
2020-03-29,4,0
2020-03-29,5,0
2020-03-29,6,16
2020-03-29,7,21
2020-03-29,8,44
2020-03-29,9,87
2020-03-29,10,88
2020-03-29,11,101
2020-03-29,12,110
2020-03-29,13,104
2020-03-29,14,92
2020-03-29,15,92
2020-03-29,16,88
2020-03-29,17,88
2020-03-29,18,75
2020-03-29,19,48
2020-03-29,20,40
2020-03-29,21,21
2020-03-29,22,16
2020-03-29,23,8
2020-03-30,0,0
2020-03-30,1,0
2020-03-30,2,0
2020-03-30,3,0
2020-03-30,4,0
2020-03-30,5,16
2020-03-30,6,48
2020-03-30,7,131
2020-03-30,8,123
2020-03-30,9,88
2020-03-30,10,118
2020-03-30,11,92
2020-03-30,12,114
2020-03-30,13,92
2020-03-30,14,92
2020-03-30,15,109
2020-03-30,16,150
2020-03-30,17,101
2020-03-30,18,67
2020-03-30,19,52
2020-03-30,20,52
2020-03-30,21,40
2020-03-30,22,21
2020-03-30,23,8
2020-03-31,0,0
2020-03-31,1,0
2020-03-31,2,0
2020-03-31,3,0
2020-03-31,4,0
2020-03-31,5,12
2020-03-31,6,53
2020-03-31,7,146
2020-03-31,8,137
2020-03-31,9,96
2020-03-31,10,92
2020-03-31,11,96
2020-03-31,12,105
2020-03-31,13,88
2020-03-31,14,100
2020-03-31,15,106
2020-03-31,16,154
2020-03-31,17,123
2020-03-31,18,88
2020-03-31,19,52
2020-03-31,20,48
2020-03-31,21,31
2020-03-31,22,16
2020-03-31,23,8
2020-04-01,0,4
2020-04-01,1,0
2020-04-01,2,0
2020-04-01,3,0
2020-04-01,4,0
2020-04-01,5,16
2020-04-01,6,62
2020-04-01,7,167
2020-04-01,8,145
2020-04-01,9,97
2020-04-01,10,88
2020-04-01,11,92
2020-04-01,12,109
2020-04-01,13,96
2020-04-01,14,100
2020-04-01,15,114
2020-04-01,16,172
2020-04-01,17,147
2020-04-01,18,80
2020-04-01,19,62
2020-04-01,20,52
2020-04-01,21,31
2020-04-01,22,16
2020-04-01,23,12
2020-04-02,0,0
2020-04-02,1,0
2020-04-02,2,0
2020-04-02,3,0
2020-04-02,4,0
2020-04-02,5,12
2020-04-02,6,53
2020-04-02,7,141
2020-04-02,8,146
2020-04-02,9,105
2020-04-02,10,100
2020-04-02,11,109
2020-04-02,12,109
2020-04-02,13,104
2020-04-02,14,96
2020-04-02,15,110
2020-04-02,16,158
2020-04-02,17,127
2020-04-02,18,88
2020-04-02,19,62
2020-04-02,20,57
2020-04-02,21,36
2020-04-02,22,21
2020-04-02,23,8
2020-04-03,0,0
2020-04-03,1,0
2020-04-03,2,0
2020-04-03,3,0
2020-04-03,4,0
2020-04-03,5,16
2020-04-03,6,54
2020-04-03,7,122
2020-04-03,8,137
2020-04-03,9,114
2020-04-03,10,110
2020-04-03,11,132
2020-04-03,12,124
2020-04-03,13,109
2020-04-03,14,114
2020-04-03,15,145
2020-04-03,16,182
2020-04-03,17,110
2020-04-03,18,92
2020-04-03,19,57
2020-04-03,20,44
2020-04-03,21,36
2020-04-03,22,31
2020-04-03,23,16
2020-04-04,0,8
2020-04-04,1,4
2020-04-04,2,0
2020-04-04,3,0
2020-04-04,4,0
2020-04-04,5,0
2020-04-04,6,21
2020-04-04,7,48
2020-04-04,8,80
2020-04-04,9,100
2020-04-04,10,109
2020-04-04,11,114
2020-04-04,12,104
2020-04-04,13,105
2020-04-04,14,92
2020-04-04,15,96
2020-04-04,16,96
2020-04-04,17,100
2020-04-04,18,84
2020-04-04,19,62
2020-04-04,20,48
2020-04-04,21,40
2020-04-04,22,35
2020-04-04,23,16
2020-04-05,0,16
2020-04-05,1,16
2020-04-05,2,12
2020-04-05,3,4
2020-04-05,4,0
2020-04-05,5,0
2020-04-05,6,16
2020-04-05,7,21
2020-04-05,8,44
2020-04-05,9,91
2020-04-05,10,97
2020-04-05,11,101
2020-04-05,12,123
2020-04-05,13,114
2020-04-05,14,96
2020-04-05,15,96
2020-04-05,16,96
2020-04-05,17,101
2020-04-05,18,80
2020-04-05,19,52
2020-04-05,20,44
2020-04-05,21,26
2020-04-05,22,16
2020-04-05,23,8
2020-04-06,0,0
2020-04-06,1,0
2020-04-06,2,0
2020-04-06,3,0
2020-04-06,4,0
2020-04-06,5,16
2020-04-06,6,49
2020-04-06,7,131
2020-04-06,8,115
2020-04-06,9,80
2020-04-06,10,106
2020-04-06,11,88
2020-04-06,12,114
2020-04-06,13,96
2020-04-06,14,88
2020-04-06,15,104
2020-04-06,16,141
2020-04-06,17,101
2020-04-06,18,67
2020-04-06,19,52
2020-04-06,20,52
2020-04-06,21,36
2020-04-06,22,21
2020-04-06,23,4
2020-04-07,0,0
2020-04-07,1,0
2020-04-07,2,0
2020-04-07,3,0
2020-04-07,4,0
2020-04-07,5,12
2020-04-07,6,53
2020-04-07,7,146
2020-04-07,8,132
2020-04-07,9,96
2020-04-07,10,92
2020-04-07,11,96
2020-04-07,12,105
2020-04-07,13,88
2020-04-07,14,96
2020-04-07,15,106
2020-04-07,16,157
2020-04-07,17,119
2020-04-07,18,79
2020-04-07,19,48
2020-04-07,20,44
2020-04-07,21,31
2020-04-07,22,16
2020-04-07,23,8
2020-04-08,0,4
2020-04-08,1,0
2020-04-08,2,0
2020-04-08,3,0
2020-04-08,4,0
2020-04-08,5,8
2020-04-08,6,49
2020-04-08,7,150
2020-04-08,8,141
2020-04-08,9,97
2020-04-08,10,101
2020-04-08,11,92
2020-04-08,12,109
2020-04-08,13,100
2020-04-08,14,96
2020-04-08,15,109
2020-04-08,16,154
2020-04-08,17,141
2020-04-08,18,80
2020-04-08,19,67
2020-04-08,20,48
2020-04-08,21,31
2020-04-08,22,16
2020-04-08,23,8
2020-04-09,0,0
2020-04-09,1,0
2020-04-09,2,0
2020-04-09,3,0
2020-04-09,4,0
2020-04-09,5,16
2020-04-09,6,49
2020-04-09,7,132
2020-04-09,8,137
2020-04-09,9,100
2020-04-09,10,96
2020-04-09,11,104
2020-04-09,12,104
2020-04-09,13,100
2020-04-09,14,100
2020-04-09,15,110
2020-04-09,16,186
2020-04-09,17,131
2020-04-09,18,84
2020-04-09,19,53
2020-04-09,20,48
2020-04-09,21,36
2020-04-09,22,21
2020-04-09,23,8
2020-04-10,0,0
2020-04-10,1,0
2020-04-10,2,0
2020-04-10,3,0
2020-04-10,4,4
2020-04-10,5,16
2020-04-10,6,58
2020-04-10,7,137
2020-04-10,8,141
2020-04-10,9,119
2020-04-10,10,114
2020-04-10,11,107
2020-04-10,12,93
2020-04-10,13,109
2020-04-10,14,106
2020-04-10,15,132
2020-04-10,16,163
2020-04-10,17,93
2020-04-10,18,67
2020-04-10,19,52
2020-04-10,20,36
2020-04-10,21,36
2020-04-10,22,31
2020-04-10,23,16
2020-04-11,0,8
2020-04-11,1,0
2020-04-11,2,0
2020-04-11,3,0
2020-04-11,4,0
2020-04-11,5,4
2020-04-11,6,21
2020-04-11,7,44
2020-04-11,8,76
2020-04-11,9,92
2020-04-11,10,104
2020-04-11,11,119
2020-04-11,12,114
2020-04-11,13,110
2020-04-11,14,96
2020-04-11,15,88
2020-04-11,16,84
2020-04-11,17,88
2020-04-11,18,72
2020-04-11,19,62
2020-04-11,20,52
2020-04-11,21,40
2020-04-11,22,35
2020-04-11,23,21
2020-04-12,0,16
2020-04-12,1,16
2020-04-12,2,0
2020-04-12,3,4
2020-04-12,4,0
2020-04-12,5,0
2020-04-12,6,16
2020-04-12,7,21
2020-04-12,8,44
2020-04-12,9,87
2020-04-12,10,70
2020-04-12,11,101
2020-04-12,12,110
2020-04-12,13,96
2020-04-12,14,88
2020-04-12,15,80
2020-04-12,16,88
2020-04-12,17,97
2020-04-12,18,70
2020-04-12,19,44
2020-04-12,20,44
2020-04-12,21,26
2020-04-12,22,16
2020-04-12,23,3
2020-04-13,0,1
2020-04-13,1,0
2020-04-13,2,0
2020-04-13,3,0
2020-04-13,4,0
2020-04-13,5,5
2020-04-13,6,9
2020-04-13,7,10
2020-04-13,8,94
2020-04-13,9,76
2020-04-13,10,50
2020-04-13,11,69
2020-04-13,12,92
2020-04-13,13,84
2020-04-13,14,84
2020-04-13,15,100
2020-04-13,16,141
2020-04-13,17,92
2020-04-13,18,62
2020-04-13,19,57
2020-04-13,20,52
2020-04-13,21,36
2020-04-13,22,21
2020-04-13,23,4
2020-04-14,0,0
2020-04-14,1,0
2020-04-14,2,0
2020-04-14,3,1
2020-04-14,4,1
2020-04-14,5,3
2020-04-14,6,30
2020-04-14,7,102
2020-04-14,8,141
2020-04-14,9,96
2020-04-14,10,88
2020-04-14,11,67
2020-04-14,12,38
2020-04-14,13,56
2020-04-14,14,46
2020-04-14,15,42
2020-04-14,16,45
2020-04-14,17,37
2020-04-14,18,25
2020-04-14,19,13
2020-04-14,20,48
2020-04-14,21,31
2020-04-14,22,16
2020-04-14,23,8
2020-04-15,0,2
2020-04-15,1,1
2020-04-15,2,1
2020-04-15,3,1
2020-04-15,4,0
2020-04-15,5,8
2020-04-15,6,52
2020-04-15,7,158
2020-04-15,8,153
2020-04-15,9,105
2020-04-15,10,105
2020-04-15,11,105
2020-04-15,12,111
2020-04-15,13,105
2020-04-15,14,76
2020-04-15,15,46
2020-04-15,16,48
2020-04-15,17,41
2020-04-15,18,27
2020-04-15,19,33
2020-04-15,20,103
2020-04-15,21,31
2020-04-15,22,16
2020-04-15,23,8
2020-04-16,0,0
2020-04-16,1,0
2020-04-16,2,66
2020-04-16,3,1
2020-04-16,4,2
2020-04-16,5,4
2020-04-16,6,36
2020-04-16,7,60
2020-04-16,8,35
2020-04-16,9,32
2020-04-16,10,39
2020-04-16,11,39
2020-04-16,12,48
2020-04-16,13,49
2020-04-16,14,36
2020-04-16,15,118
2020-04-16,16,119
2020-04-16,17,44
2020-04-16,18,26
2020-04-16,19,20
2020-04-16,20,12
2020-04-16,21,9
2020-04-16,22,4
2020-04-16,23,2
2020-04-17,0,0
2020-04-17,1,0
2020-04-17,2,1
2020-04-17,3,1
2020-04-17,4,4
2020-04-17,5,7
2020-04-17,6,11
2020-04-17,7,32
2020-04-17,8,67
2020-04-17,9,29
2020-04-17,10,30
2020-04-17,11,63
2020-04-17,12,49
2020-04-17,13,48
2020-04-17,14,74
2020-04-17,15,67
2020-04-17,16,55
2020-04-17,17,38
2020-04-17,18,27
2020-04-17,19,19
2020-04-17,20,32
2020-04-17,21,36
2020-04-17,22,15
2020-04-17,23,14
2020-04-18,0,3
2020-04-18,1,3
2020-04-18,2,1
2020-04-18,3,0
2020-04-18,4,3
2020-04-18,5,7
2020-04-18,6,10
2020-04-18,7,18
2020-04-18,8,27
2020-04-18,9,32
2020-04-18,10,30
2020-04-18,11,38
2020-04-18,12,34
2020-04-18,13,46
2020-04-18,14,42
2020-04-18,15,38
2020-04-18,16,30
2020-04-18,17,29
2020-04-18,18,20
2020-04-18,19,16
2020-04-18,20,14
2020-04-18,21,11
2020-04-18,22,9
2020-04-18,23,5
2020-04-19,0,1
2020-04-19,1,0
2020-04-19,2,4
2020-04-19,3,4
2020-04-19,4,1
2020-04-19,5,4
2020-04-19,6,4
2020-04-19,7,12
2020-04-19,8,13
2020-04-19,9,21
2020-04-19,10,17
2020-04-19,11,30
2020-04-19,12,35
2020-04-19,13,27
2020-04-19,14,36
2020-04-19,15,38
2020-04-19,16,26
2020-04-19,17,43
2020-04-19,18,23
2020-04-19,19,15
2020-04-19,20,16
2020-04-19,21,7
2020-04-19,22,4
2020-04-19,23,1
2020-04-20,0,5
2020-04-20,1,0
2020-04-20,2,0
2020-04-20,3,0
2020-04-20,4,3
2020-04-20,5,3
2020-04-20,6,21
2020-04-20,7,34
2020-04-20,8,29
2020-04-20,9,29
2020-04-20,10,27
2020-04-20,11,40
2020-04-20,12,40
2020-04-20,13,51
2020-04-20,14,43
2020-04-20,15,48
2020-04-20,16,50
2020-04-20,17,41
2020-04-20,18,18
2020-04-20,19,14
2020-04-20,20,15
2020-04-20,21,7
2020-04-20,22,2
2020-04-20,23,1
2020-04-21,0,3
2020-04-21,1,0
2020-04-21,2,0
2020-04-21,3,2
2020-04-21,4,1
2020-04-21,5,6
2020-04-21,6,53
2020-04-21,7,80
2020-04-21,8,36
2020-04-21,9,37
2020-04-21,10,29
2020-04-21,11,35
2020-04-21,12,30
2020-04-21,13,35
2020-04-21,14,47
2020-04-21,15,46
2020-04-21,16,48
2020-04-21,17,37
2020-04-21,18,28
2020-04-21,19,46
2020-04-21,20,48
2020-04-21,21,31
2020-04-21,22,10
2020-04-21,23,1
2020-04-22,0,3
2020-04-22,1,1
2020-04-22,2,2
2020-04-22,3,2
2020-04-22,4,2
2020-04-22,5,3
2020-04-22,6,18
2020-04-22,7,38
2020-04-22,8,37
2020-04-22,9,35
2020-04-22,10,58
2020-04-22,11,48
2020-04-22,12,41
2020-04-22,13,54
2020-04-22,14,88
2020-04-22,15,96
2020-04-22,16,79
2020-04-22,17,73
2020-04-22,18,66
2020-04-22,19,18
2020-04-22,20,13
2020-04-22,21,7
2020-04-22,22,6
2020-04-22,23,5
2020-04-23,0,2
2020-04-23,1,2
2020-04-23,2,0
2020-04-23,3,0
2020-04-23,4,1
2020-04-23,5,3
2020-04-23,6,15
2020-04-23,7,34
2020-04-23,8,26
2020-04-23,9,32
2020-04-23,10,36
2020-04-23,11,39
2020-04-23,12,42
2020-04-23,13,47
2020-04-23,14,41
2020-04-23,15,41
2020-04-23,16,62
2020-04-23,17,37
2020-04-23,18,20
2020-04-23,19,18
2020-04-23,20,16
2020-04-23,21,11
2020-04-23,22,5
2020-04-23,23,2
2020-04-24,0,2
2020-04-24,1,1
2020-04-24,2,3
2020-04-24,3,0
2020-04-24,4,0
2020-04-24,5,7
2020-04-24,6,49
2020-04-24,7,45
2020-04-24,8,55
2020-04-24,9,52
2020-04-24,10,49
2020-04-24,11,45
2020-04-24,12,54
2020-04-24,13,61
2020-04-24,14,45
2020-04-24,15,50
2020-04-24,16,46
2020-04-24,17,41
2020-04-24,18,28
2020-04-24,19,23
2020-04-24,20,10
2020-04-24,21,8
2020-04-24,22,5
2020-04-24,23,5
2020-04-25,0,9
2020-04-25,1,1
2020-04-25,2,2
2020-04-25,3,2
2020-04-25,4,2
2020-04-25,5,2
2020-04-25,6,5
2020-04-25,7,11
2020-04-25,8,24
2020-04-25,9,29
2020-04-25,10,35
2020-04-25,11,37
2020-04-25,12,40
2020-04-25,13,43
2020-04-25,14,52
2020-04-25,15,33
2020-04-25,16,40
2020-04-25,17,31
2020-04-25,18,29
2020-04-25,19,13
2020-04-25,20,33
2020-04-25,21,36
2020-04-25,22,16
2020-04-25,23,3
2020-04-26,0,4
2020-04-26,1,0
2020-04-26,2,1
2020-04-26,3,0
2020-04-26,4,1
2020-04-26,5,1
2020-04-26,6,16
2020-04-26,7,16
2020-04-26,8,40
2020-04-26,9,38
2020-04-26,10,38
2020-04-26,11,53
2020-04-26,12,30
2020-04-26,13,37
2020-04-26,14,39
2020-04-26,15,33
2020-04-26,16,42
2020-04-26,17,66
2020-04-26,18,61
2020-04-26,19,30
2020-04-26,20,40
2020-04-26,21,21
2020-04-26,22,13
2020-04-26,23,4
2020-04-27,0,4
2020-04-27,1,1
2020-04-27,2,3
2020-04-27,3,1
2020-04-27,4,0
2020-04-27,5,5
2020-04-27,6,26
2020-04-27,7,65
2020-04-27,8,56
2020-04-27,9,46
2020-04-27,10,33
2020-04-27,11,47
2020-04-27,12,54
2020-04-27,13,54
2020-04-27,14,41
2020-04-27,15,45
2020-04-27,16,56
2020-04-27,17,38
2020-04-27,18,52
2020-04-27,19,17
2020-04-27,20,9
2020-04-27,21,13
2020-04-27,22,2
2020-04-27,23,2
2020-04-28,0,1
2020-04-28,1,1
2020-04-28,2,0
2020-04-28,3,2
2020-04-28,4,2
2020-04-28,5,7
2020-04-28,6,14
2020-04-28,7,38
2020-04-28,8,41
2020-04-28,9,35
2020-04-28,10,42
2020-04-28,11,45
2020-04-28,12,46
2020-04-28,13,48
2020-04-28,14,45
2020-04-28,15,43
2020-04-28,16,46
2020-04-28,17,45
2020-04-28,18,32
2020-04-28,19,18
2020-04-28,20,10
2020-04-28,21,12
2020-04-28,22,7
2020-04-28,23,3
2020-04-29,0,0
2020-04-29,1,2
2020-04-29,2,0
2020-04-29,3,2
2020-04-29,4,2
2020-04-29,5,2
2020-04-29,6,16
2020-04-29,7,32
2020-04-29,8,41
2020-04-29,9,40
2020-04-29,10,41
2020-04-29,11,42
2020-04-29,12,54
2020-04-29,13,38
2020-04-29,14,55
2020-04-29,15,53
2020-04-29,16,53
2020-04-29,17,42
2020-04-29,18,26
2020-04-29,19,21
2020-04-29,20,10
2020-04-29,21,9
2020-04-29,22,4
2020-04-29,23,2
2020-04-30,0,2
2020-04-30,1,0
2020-04-30,2,2
2020-04-30,3,1
2020-04-30,4,2
2020-04-30,5,4
2020-04-30,6,13
2020-04-30,7,36
2020-04-30,8,40
2020-04-30,9,38
2020-04-30,10,35
2020-04-30,11,51
2020-04-30,12,56
2020-04-30,13,44
2020-04-30,14,46
2020-04-30,15,52
2020-04-30,16,51
2020-04-30,17,38
2020-04-30,18,24
2020-04-30,19,23
2020-04-30,20,10
2020-04-30,21,7
2020-04-30,22,3
2020-04-30,23,1
2020-05-01,0,1
2020-05-01,1,0
2020-05-01,2,1
2020-05-01,3,3
2020-05-01,4,0
2020-05-01,5,6
2020-05-01,6,22
2020-05-01,7,48
2020-05-01,8,32
2020-05-01,9,38
2020-05-01,10,36
2020-05-01,11,58
2020-05-01,12,57
2020-05-01,13,57
2020-05-01,14,53
2020-05-01,15,50
2020-05-01,16,53
2020-05-01,17,51
2020-05-01,18,41
2020-05-01,19,32
2020-05-01,20,15
2020-05-01,21,11
2020-05-01,22,5
2020-05-01,23,4
2020-05-02,0,1
2020-05-02,1,1
2020-05-02,2,2
2020-05-02,3,1
2020-05-02,4,1
2020-05-02,5,2
2020-05-02,6,16
2020-05-02,7,36
2020-05-02,8,29
2020-05-02,9,23
2020-05-02,10,32
2020-05-02,11,31
2020-05-02,12,29
2020-05-02,13,39
2020-05-02,14,48
2020-05-02,15,39
2020-05-02,16,37
2020-05-02,17,39
2020-05-02,18,29
2020-05-02,19,25
2020-05-02,20,12
2020-05-02,21,8
2020-05-02,22,5
2020-05-02,23,1
2020-05-03,0,2
2020-05-03,1,8
2020-05-03,2,4
2020-05-03,3,1
2020-05-03,4,0
2020-05-03,5,5
2020-05-03,6,6
2020-05-03,7,13
2020-05-03,8,22
2020-05-03,9,16
2020-05-03,10,30
2020-05-03,11,38
2020-05-03,12,42
2020-05-03,13,53
2020-05-03,14,49
2020-05-03,15,35
2020-05-03,16,35
2020-05-03,17,33
2020-05-03,18,24
2020-05-03,19,26
2020-05-03,20,10
2020-05-03,21,14
2020-05-03,22,2
2020-05-03,23,4
2020-05-04,0,2
2020-05-04,1,2
2020-05-04,2,0
2020-05-04,3,0
2020-05-04,4,4
2020-05-04,5,6
2020-05-04,6,13
2020-05-04,7,30
2020-05-04,8,29
2020-05-04,9,26
2020-05-04,10,39
2020-05-04,11,36
2020-05-04,12,42
2020-05-04,13,40
2020-05-04,14,53
2020-05-04,15,40
2020-05-04,16,41
2020-05-04,17,56
2020-05-04,18,25
2020-05-04,19,20
2020-05-04,20,36
2020-05-04,21,21
2020-05-04,22,10
2020-05-04,23,1
2020-05-05,0,2
2020-05-05,1,2
2020-05-05,9,43
2020-05-05,10,47
2020-05-05,11,55
2020-05-05,12,46
2020-05-05,13,40
2020-05-05,14,48
2020-05-05,15,62
2020-05-05,16,48
2020-05-05,17,39
2020-05-05,18,32
2020-05-05,19,27
2020-05-05,20,16
2020-05-05,21,10
2020-05-05,22,3
2020-05-05,23,2
2020-05-06,0,1
2020-05-06,1,2
2020-05-06,2,1
2020-05-06,3,5
2020-05-06,4,0
2020-05-06,5,9
2020-05-06,6,32
2020-05-06,7,45
2020-05-06,8,47
2020-05-06,9,33
2020-05-06,10,42
2020-05-06,11,51
2020-05-06,12,47
2020-05-06,13,46
2020-05-06,14,54
2020-05-06,15,32
2020-05-06,16,62
2020-05-06,17,44
2020-05-06,18,28
2020-05-06,19,23
2020-05-06,20,11
2020-05-06,21,9
2020-05-06,22,5
2020-05-06,23,2
2020-05-07,0,1
2020-05-07,1,1
2020-05-07,2,3
2020-05-07,3,4
2020-05-07,4,0
2020-05-07,5,9
2020-05-07,6,30
2020-05-07,7,44
2020-05-07,8,40
2020-05-07,9,40
2020-05-07,10,36
2020-05-07,11,55
2020-05-07,12,48
2020-05-07,13,51
2020-05-07,14,60
2020-05-07,15,47
2020-05-07,16,54
2020-05-07,17,51
2020-05-07,18,32
2020-05-07,19,26
2020-05-07,20,12
2020-05-07,21,10
2020-05-07,22,3
2020-05-07,23,4
2020-05-08,0,3
2020-05-08,1,0
2020-05-08,2,1
2020-05-08,3,2
2020-05-08,4,1
2020-05-08,5,6
2020-05-08,6,10
2020-05-08,7,33
2020-05-08,8,34
2020-05-08,9,42
2020-05-08,10,36
2020-05-08,11,43
2020-05-08,12,55
2020-05-08,13,52
2020-05-08,14,54
2020-05-08,15,41
2020-05-08,16,54
2020-05-08,17,38
2020-05-08,18,34
2020-05-08,19,25
2020-05-08,20,10
2020-05-08,21,15
2020-05-08,22,5
2020-05-08,23,6
2020-05-09,0,2
2020-05-09,1,0
2020-05-09,2,0
2020-05-09,3,2
2020-05-09,4,1
2020-05-09,5,6
2020-05-09,6,9
2020-05-09,7,16
2020-05-09,8,21
2020-05-09,9,27
2020-05-09,10,32
2020-05-09,11,51
2020-05-09,12,44
2020-05-09,13,35
2020-05-09,14,44
2020-05-09,15,33
2020-05-09,16,45
2020-05-09,17,32
2020-05-09,18,37
2020-05-09,19,21
2020-05-09,20,13
2020-05-09,21,10
2020-05-09,22,7
2020-05-09,23,4
2020-05-10,0,2
2020-05-10,1,0
2020-05-10,2,2
2020-05-10,3,1
2020-05-10,4,2
2020-05-10,5,3
2020-05-10,6,6
2020-05-10,7,14
2020-05-10,8,12
2020-05-10,9,17
2020-05-10,10,14
2020-05-10,11,28
2020-05-10,12,33
2020-05-10,13,37
2020-05-10,14,27
2020-05-10,15,39
2020-05-10,16,57
2020-05-10,17,71
2020-05-10,18,45
2020-05-10,19,36
2020-05-10,20,31
2020-05-10,21,16
2020-05-10,22,9
2020-05-10,23,3
2020-05-11,0,1
2020-05-11,1,0
2020-05-11,2,0
2020-05-11,3,4
2020-05-11,4,2
2020-05-11,5,7
2020-05-11,6,20
2020-05-11,7,36
2020-05-11,8,37
2020-05-11,9,38
2020-05-11,10,36
2020-05-11,11,54
2020-05-11,12,55
2020-05-11,13,48
2020-05-11,14,41
2020-05-11,15,51
2020-05-11,16,55
2020-05-11,17,34
2020-05-11,18,34
2020-05-11,19,19
2020-05-11,20,17
2020-05-11,21,7
2020-05-11,22,5
2020-05-11,23,2
2020-05-12,0,0
2020-05-12,1,0
2020-05-12,2,2
2020-05-12,3,2
2020-05-12,4,3
2020-05-12,5,5
2020-05-12,6,17
2020-05-12,7,40
2020-05-12,8,33
2020-05-12,9,22
2020-05-12,10,40
2020-05-12,11,53
2020-05-12,12,64
2020-05-12,13,64
2020-05-12,14,51
2020-05-12,15,57
2020-05-12,16,51
2020-05-12,17,41
2020-05-12,18,35
2020-05-12,19,21
2020-05-12,20,8
2020-05-12,21,3
2020-05-12,22,3
2020-05-12,23,4
2020-05-13,0,2
2020-05-13,1,0
2020-05-13,2,1
2020-05-13,3,2
2020-05-13,4,0
2020-05-13,5,8
2020-05-13,6,21
2020-05-13,7,47
2020-05-13,8,48
2020-05-13,9,42
2020-05-13,10,45
2020-05-13,11,44
2020-05-13,12,54
2020-05-13,13,42
2020-05-13,14,52
2020-05-13,15,46
2020-05-13,16,58
2020-05-13,17,40
2020-05-13,18,31
2020-05-13,19,21
2020-05-13,20,18
2020-05-13,21,11
2020-05-13,22,9
2020-05-13,23,3
2020-05-14,0,4
2020-05-14,1,2
2020-05-14,2,1
2020-05-14,3,1
2020-05-14,4,2
2020-05-14,5,9
2020-05-14,6,12
2020-05-14,7,36
2020-05-14,8,36
2020-05-14,9,32
2020-05-14,10,51
2020-05-14,11,65
2020-05-14,12,59
2020-05-14,13,48
2020-05-14,14,53
2020-05-14,15,54
2020-05-14,16,59
2020-05-14,17,39
2020-05-14,18,35
2020-05-14,19,22
2020-05-14,20,18
2020-05-14,21,11
2020-05-14,22,6
2020-05-14,23,4
2020-05-15,0,0
2020-05-15,1,0
2020-05-15,2,3
2020-05-15,3,1
2020-05-15,4,2
2020-05-15,5,4
2020-05-15,6,19
2020-05-15,7,38
2020-05-15,8,43
2020-05-15,9,43
2020-05-15,10,33
2020-05-15,11,58
2020-05-15,12,55
2020-05-15,13,61
2020-05-15,14,53
2020-05-15,15,57
2020-05-15,16,79
2020-05-15,17,61
2020-05-15,18,32
2020-05-15,19,22
2020-05-15,20,17
2020-05-15,21,12
2020-05-15,22,3
2020-05-15,23,3
2020-05-16,0,2
2020-05-16,1,0
2020-05-16,2,3
2020-05-16,3,1
2020-05-16,4,0
2020-05-16,5,2
2020-05-16,6,16
2020-05-16,7,31
2020-05-16,8,16
2020-05-16,9,30
2020-05-16,10,31
2020-05-16,11,45
2020-05-16,12,45
2020-05-16,13,52
2020-05-16,14,53
2020-05-16,15,46
2020-05-16,16,43
2020-05-16,17,31
2020-05-16,18,30
2020-05-16,19,27
2020-05-16,20,15
2020-05-16,21,8
2020-05-16,22,7
2020-05-16,23,5
2020-05-17,0,3
2020-05-17,1,1
2020-05-17,2,2
2020-05-17,3,0
2020-05-17,4,1
2020-05-17,5,4
2020-05-17,6,9
2020-05-17,7,15
2020-05-17,8,16
2020-05-17,9,21
2020-05-17,10,32
2020-05-17,11,35
2020-05-17,12,26
2020-05-17,13,37
2020-05-17,14,37
2020-05-17,15,35
2020-05-17,16,33
2020-05-17,17,28
2020-05-17,18,20
2020-05-17,19,22
2020-05-17,20,14
2020-05-17,21,9
2020-05-17,22,4
2020-05-17,23,2
2020-05-18,0,4
2020-05-18,1,0
2020-05-18,2,2
2020-05-18,3,0
2020-05-18,4,1
2020-05-18,5,4
2020-05-18,6,23
2020-05-18,7,43
2020-05-18,8,41
2020-05-18,9,25
2020-05-18,10,34
2020-05-18,11,53
2020-05-18,12,59
2020-05-18,13,53
2020-05-18,14,75
2020-05-18,15,57
2020-05-18,16,53
2020-05-18,17,40
2020-05-18,18,25
2020-05-18,19,22
2020-05-18,20,23
2020-05-18,21,4
2020-05-18,22,1
2020-05-18,23,4
2020-05-19,0,2
2020-05-19,1,0
2020-05-19,2,4
2020-05-19,3,3
2020-05-19,4,2
2020-05-19,5,3
2020-05-19,6,20
2020-05-19,7,39
2020-05-19,8,40
2020-05-19,9,42
2020-05-19,10,43
2020-05-19,11,46
2020-05-19,12,62
2020-05-19,13,42
2020-05-19,14,49
2020-05-19,15,73
2020-05-19,16,76
2020-05-19,17,51
2020-05-19,18,32
2020-05-19,19,22
2020-05-19,20,14
2020-05-19,21,10
2020-05-19,22,5
2020-05-19,23,2
2020-05-20,0,4
2020-05-20,1,0
2020-05-20,2,2
2020-05-20,3,0
2020-05-20,4,2
2020-05-20,5,2
2020-05-20,6,19
2020-05-20,7,34
2020-05-20,8,42
2020-05-20,9,40
2020-05-20,10,38
2020-05-20,11,44
2020-05-20,12,43
2020-05-20,13,52
2020-05-20,14,42
2020-05-20,15,63
2020-05-20,16,54
2020-05-20,17,36
2020-05-20,18,30
2020-05-20,19,31
2020-05-20,20,18
2020-05-20,21,11
2020-05-20,22,7
2020-05-20,23,1
2020-05-21,0,0
2020-05-21,1,2
2020-05-21,2,0
2020-05-21,3,2
2020-05-21,4,1
2020-05-21,5,3
2020-05-21,6,23
2020-05-21,7,49
2020-05-21,8,51
2020-05-21,9,28
2020-05-21,11,45
2020-05-21,12,53
2020-05-21,13,39
2020-05-21,14,51
2020-05-21,15,38
2020-05-21,16,52
2020-05-21,17,47
2020-05-21,18,32
2020-05-21,19,26
2020-05-21,20,17
2020-05-21,21,13
2020-05-21,22,4
2020-05-21,23,5
2020-05-22,0,1
2020-05-22,1,0
2020-05-22,2,1
2020-05-22,3,4
2020-05-22,4,1
2020-05-22,5,6
2020-05-22,6,34
2020-05-22,7,60
2020-05-22,8,53
2020-05-22,9,42
2020-05-22,10,45
2020-05-22,11,61
2020-05-22,12,71
2020-05-22,13,75
2020-05-22,14,55
2020-05-22,15,93
2020-05-22,16,103
2020-05-22,17,77
2020-05-22,18,29
2020-05-22,19,21
2020-05-22,20,22
2020-05-22,21,9
2020-05-22,22,8
2020-05-22,23,5
2020-05-23,0,4
2020-05-23,1,1
2020-05-23,2,1
2020-05-23,3,0
2020-05-23,4,2
2020-05-23,5,2
2020-05-23,6,13
2020-05-23,7,30
2020-05-23,8,33
2020-05-23,9,18
2020-05-23,10,36
2020-05-23,11,43
2020-05-23,12,49
2020-05-23,13,45
2020-05-23,14,74
2020-05-23,15,62
2020-05-23,16,45
2020-05-23,17,35
2020-05-23,18,25
2020-05-23,19,17
2020-05-23,20,15
2020-05-23,21,7
2020-05-23,22,9
2020-05-23,23,5
2020-05-24,0,4
2020-05-24,1,5
2020-05-24,2,2
2020-05-24,3,0
2020-05-24,4,0
2020-05-24,5,3
2020-05-24,6,6
2020-05-24,7,4
2020-05-24,8,13
2020-05-24,9,13
2020-05-24,10,22
2020-05-24,11,30
2020-05-24,12,39
2020-05-24,13,41
2020-05-24,14,42
2020-05-24,15,39
2020-05-24,16,36
2020-05-24,17,40
2020-05-24,18,40
2020-05-24,19,17
2020-05-24,20,134
2020-05-24,21,76
2020-05-24,22,9
2020-05-24,23,0
2020-05-25,0,0
2020-05-25,1,1
2020-05-25,2,2
2020-05-25,3,0
2020-05-25,4,0
2020-05-25,5,9
2020-05-25,6,22
2020-05-25,7,27
2020-05-25,8,24
2020-05-25,9,44
2020-05-25,10,34
2020-05-25,11,65
2020-05-25,12,53
2020-05-25,13,48
2020-05-25,14,53
2020-05-25,15,50
2020-05-25,16,53
2020-05-25,17,42
2020-05-25,18,35
2020-05-25,19,23
2020-05-25,20,18
2020-05-25,21,11
2020-05-25,22,12
2020-05-25,23,3
2020-05-26,0,1
2020-05-26,1,1
2020-05-26,2,3
2020-05-26,3,4
2020-05-26,4,1
2020-05-26,5,6
2020-05-26,6,31
2020-05-26,7,43
2020-05-26,8,43
2020-05-26,9,44
2020-05-26,10,49
2020-05-26,11,40
2020-05-26,12,70
2020-05-26,13,60
2020-05-26,14,48
2020-05-26,15,48
2020-05-26,16,55
2020-05-26,17,43
2020-05-26,18,36
2020-05-26,19,29
2020-05-26,20,17
2020-05-26,21,14
2020-05-26,22,8
2020-05-26,23,5
2020-05-27,0,1
2020-05-27,1,1
2020-05-27,2,0
2020-05-27,3,1
2020-05-27,4,4
2020-05-27,5,4
2020-05-27,6,20
2020-05-27,7,43
2020-05-27,8,48
2020-05-27,9,54
2020-05-27,10,55
2020-05-27,11,44
2020-05-27,12,53
2020-05-27,13,67
2020-05-27,14,50
2020-05-27,15,48
2020-05-27,16,62
2020-05-27,17,50
2020-05-27,18,35
2020-05-27,19,23
2020-05-27,20,27
2020-05-27,21,10
2020-05-27,22,6
2020-05-27,23,2
2020-05-28,0,4
2020-05-28,1,3
2020-05-28,2,5
2020-05-28,3,2
2020-05-28,4,5
2020-05-28,5,8
2020-05-28,6,24
2020-05-28,7,45
2020-05-28,8,49
2020-05-28,9,44
2020-05-28,10,47
2020-05-28,11,59
2020-05-28,12,47
2020-05-28,13,48
2020-05-28,14,56
2020-05-28,15,51
2020-05-28,16,63
2020-05-28,17,54
2020-05-28,18,42
2020-05-28,19,29
2020-05-28,20,31
2020-05-28,21,7
2020-05-28,22,6
2020-05-28,23,2
2020-05-29,0,2
2020-05-29,1,0
2020-05-29,2,0
2020-05-29,3,3
2020-05-29,4,6
2020-05-29,5,10
2020-05-29,6,21
2020-05-29,7,55
2020-05-29,8,50
2020-05-29,9,68
2020-05-29,10,62
2020-05-29,11,71
2020-05-29,12,63
2020-05-29,13,62
2020-05-29,14,65
2020-05-29,15,56
2020-05-29,16,63
2020-05-29,17,58
2020-05-29,18,42
2020-05-29,19,32
2020-05-29,20,30
2020-05-29,21,20
2020-05-29,22,6
2020-05-29,23,7
2020-05-30,0,3
2020-05-30,1,4
2020-05-30,2,1
2020-05-30,3,3
2020-05-30,4,4
2020-05-30,5,5
2020-05-30,6,7
2020-05-30,7,21
2020-05-30,8,32
2020-05-30,9,43
2020-05-30,10,55
2020-05-30,11,64
2020-05-30,12,62
2020-05-30,13,52
2020-05-30,14,52
2020-05-30,15,42
2020-05-30,16,62
2020-05-30,17,57
2020-05-30,18,44
2020-05-30,19,29
2020-05-30,20,27
2020-05-30,21,12
2020-05-30,22,15
2020-05-30,23,5
2020-05-31,0,2
2020-05-31,1,3
2020-05-31,2,1
2020-05-31,3,0
2020-05-31,4,5
2020-05-31,5,2
2020-05-31,6,11
2020-05-31,7,11
2020-05-31,8,18
2020-05-31,9,38
2020-05-31,10,36
2020-05-31,11,49
2020-05-31,12,49
2020-05-31,13,51
2020-05-31,14,41
2020-05-31,15,44
2020-05-31,16,44
2020-05-31,17,48
2020-05-31,18,30
2020-05-31,19,27
2020-05-31,20,27
2020-05-31,21,16
2020-05-31,22,6
2020-05-31,23,2
2020-06-01,0,4
2020-06-01,1,0
2020-06-01,2,0
2020-06-01,3,0
2020-06-01,4,0
2020-06-01,5,0
2020-06-01,6,26
2020-06-01,7,38
2020-06-01,8,34
2020-06-01,9,40
2020-06-01,10,62
2020-06-01,11,56
2020-06-01,12,62
2020-06-01,13,61
2020-06-01,14,50
2020-06-01,15,51
2020-06-01,16,59
2020-06-01,17,49
2020-06-01,18,28
2020-06-01,19,39
2020-06-01,20,22
2020-06-01,21,9
2020-06-01,22,8
2020-06-01,23,7
2020-06-02,0,1
2020-06-02,1,0
2020-06-02,2,1
2020-06-02,3,3
2020-06-02,4,4
2020-06-02,5,5
2020-06-02,6,17
2020-06-02,7,40
2020-06-02,8,40
2020-06-02,9,47
2020-06-02,10,54
2020-06-02,11,60
2020-06-02,12,54
2020-06-02,13,54
2020-06-02,14,64
2020-06-02,15,55
2020-06-02,16,84
2020-06-02,17,48
2020-06-02,18,40
2020-06-02,19,26
2020-06-02,20,19
2020-06-02,21,19
2020-06-02,22,5
2020-06-02,23,2
2020-06-03,0,4
2020-06-03,1,2
2020-06-03,2,1
2020-06-03,3,1
2020-06-03,4,5
2020-06-03,5,5
2020-06-03,6,24
2020-06-03,7,54
2020-06-03,8,50
2020-06-03,9,48
2020-06-03,10,53
2020-06-03,11,63
2020-06-03,12,52
2020-06-03,13,57
2020-06-03,14,51
2020-06-03,15,51
2020-06-03,16,70
2020-06-03,17,46
2020-06-03,18,42
2020-06-03,19,26
2020-06-03,20,27
2020-06-03,21,16
2020-06-03,22,11
2020-06-03,23,7
2020-06-04,0,1
2020-06-04,1,1
2020-06-04,2,2
2020-06-04,3,3
2020-06-04,4,0
2020-06-04,5,5
2020-06-04,6,15
2020-06-04,7,39
2020-06-04,8,59
2020-06-04,9,48
2020-06-04,10,53
2020-06-04,11,67
2020-06-04,12,62
2020-06-04,13,66
2020-06-04,14,71
2020-06-04,15,68
2020-06-04,16,67
2020-06-04,17,59
2020-06-04,18,34
2020-06-04,19,24
2020-06-04,20,18
2020-06-04,21,16
2020-06-04,22,8
2020-06-04,23,8
2020-06-05,0,3
2020-06-05,1,2
2020-06-05,2,2
2020-06-05,3,1
2020-06-05,4,2
2020-06-05,5,3
2020-06-05,6,14
2020-06-05,7,44
2020-06-05,8,43
2020-06-05,9,50
2020-06-05,10,59
2020-06-05,11,60
2020-06-05,12,75
2020-06-05,13,92
2020-06-05,14,74
2020-06-05,15,68
2020-06-05,16,90
2020-06-05,17,54
2020-06-05,18,57
2020-06-05,19,30
2020-06-05,20,15
2020-06-05,21,16
2020-06-05,22,13
2020-06-05,23,7
2020-06-06,0,5
2020-06-06,1,0
2020-06-06,2,4
2020-06-06,3,3
2020-06-06,4,2
2020-06-06,5,5
2020-06-06,6,8
2020-06-06,7,21
2020-06-06,8,29
2020-06-06,9,45
2020-06-06,10,58
2020-06-06,11,63
2020-06-06,12,80
2020-06-06,13,72
2020-06-06,14,64
2020-06-06,15,59
2020-06-06,16,54
2020-06-06,17,65
2020-06-06,18,44
2020-06-06,19,26
2020-06-06,20,27
2020-06-06,21,17
2020-06-06,22,4
2020-06-06,23,9
2020-06-07,0,6
2020-06-07,1,3
2020-06-07,2,1
2020-06-07,3,0
2020-06-07,4,2
2020-06-07,5,3
2020-06-07,6,12
2020-06-07,7,22
2020-06-07,8,20
2020-06-07,9,28
2020-06-07,10,37
2020-06-07,11,49
2020-06-07,12,51
2020-06-07,13,62
2020-06-07,14,47
2020-06-07,15,52
2020-06-07,16,46
2020-06-07,17,42
2020-06-07,18,29
2020-06-07,19,20
2020-06-07,20,19
2020-06-07,21,12
2020-06-07,22,8
2020-06-07,23,2
2020-06-08,0,4
2020-06-08,1,0
2020-06-08,2,2
2020-06-08,3,2
2020-06-08,4,4
2020-06-08,5,4
2020-06-08,6,27
2020-06-08,7,39
2020-06-08,8,36
2020-06-08,9,58
2020-06-08,10,52
2020-06-08,11,43
2020-06-08,12,59
2020-06-08,13,67
2020-06-08,14,66
2020-06-08,15,60
2020-06-08,16,63
2020-06-08,17,54
2020-06-08,18,42
2020-06-08,19,23
2020-06-08,20,25
2020-06-08,21,19
2020-06-08,22,6
2020-06-08,23,3
2020-06-09,0,3
2020-06-09,1,2
2020-06-09,2,0
2020-06-09,3,1
2020-06-09,4,2
2020-06-09,5,3
2020-06-09,6,24
2020-06-09,7,54
2020-06-09,8,67
2020-06-09,9,46
2020-06-09,10,45
2020-06-09,11,57
2020-06-09,12,87
2020-06-09,13,51
2020-06-09,14,74
2020-06-09,15,68
2020-06-09,16,72
2020-06-09,17,57
2020-06-09,18,40
2020-06-09,19,29
2020-06-09,20,21
2020-06-09,21,16
2020-06-09,22,11
2020-06-09,23,3
2020-06-10,0,3
2020-06-10,1,1
2020-06-10,2,0
2020-06-10,3,2
2020-06-10,4,4
2020-06-10,5,6
2020-06-10,6,28
2020-06-10,7,51
2020-06-10,8,51
2020-06-10,9,54
2020-06-10,10,49
2020-06-10,11,66
2020-06-10,12,82
2020-06-10,13,61
2020-06-10,14,69
2020-06-10,15,74
2020-06-10,16,69
2020-06-10,17,57
2020-06-10,18,47
2020-06-10,19,22
2020-06-10,20,18
2020-06-10,21,10
2020-06-10,22,7
2020-06-10,23,8
2020-06-11,0,2
2020-06-11,1,1
2020-06-11,2,4
2020-06-11,3,2
2020-06-11,4,4
2020-06-11,5,5
2020-06-11,6,21
2020-06-11,7,59
2020-06-11,8,71
2020-06-11,9,56
2020-06-11,10,62
2020-06-11,11,60
2020-06-11,12,57
2020-06-11,13,90
2020-06-11,14,69
2020-06-11,15,76
2020-06-11,16,67
2020-06-11,17,53
2020-06-11,18,56
2020-06-11,19,39
2020-06-11,20,20
2020-06-11,21,15
2020-06-11,22,8
2020-06-11,23,4
2020-06-12,0,2
2020-06-12,1,1
2020-06-12,2,1
2020-06-12,3,1
2020-06-12,4,5
2020-06-12,5,10
2020-06-12,6,26
2020-06-12,7,61
2020-06-12,8,52
2020-06-12,9,61
2020-06-12,10,45
2020-06-12,11,58
2020-06-12,12,84
2020-06-12,13,82
2020-06-12,14,82
2020-06-12,15,72
2020-06-12,16,77
2020-06-12,17,65
2020-06-12,18,50
2020-06-12,19,35
2020-06-12,20,22
2020-06-12,21,15
2020-06-12,22,7
2020-06-12,23,8
2020-06-13,0,6
2020-06-13,1,5
2020-06-13,2,3
2020-06-13,3,1
2020-06-13,4,5
2020-06-13,5,8
2020-06-13,6,6
2020-06-13,7,19
2020-06-13,8,28
2020-06-13,9,31
2020-06-13,10,41
2020-06-13,11,52
2020-06-13,12,59
2020-06-13,13,61
2020-06-13,14,68
2020-06-13,15,65
2020-06-13,16,47
2020-06-13,17,55
2020-06-13,18,46
2020-06-13,19,24
2020-06-13,20,24
2020-06-13,21,12
2020-06-13,22,9
2020-06-13,23,7
2020-06-14,0,5
2020-06-14,1,5
2020-06-14,2,4
2020-06-14,3,0
2020-06-14,4,3
2020-06-14,5,3
2020-06-14,6,6
2020-06-14,7,18
2020-06-14,8,16
2020-06-14,9,24
2020-06-14,10,38
2020-06-14,11,45
2020-06-14,12,55
2020-06-14,13,67
2020-06-14,14,50
2020-06-14,15,65
2020-06-14,16,44
2020-06-14,17,52
2020-06-14,18,33
2020-06-14,19,35
2020-06-14,20,24
2020-06-14,21,18
2020-06-14,22,9
2020-06-14,23,5
2020-06-15,0,1
2020-06-15,1,4
2020-06-15,2,2
2020-06-15,3,2
2020-06-15,4,3
2020-06-15,5,4
2020-06-15,6,26
2020-06-15,7,47
2020-06-15,8,44
2020-06-15,9,44
2020-06-15,10,50
2020-06-15,11,45
2020-06-15,12,64
2020-06-15,13,82
2020-06-15,14,67
2020-06-15,15,68
2020-06-15,16,68
2020-06-15,17,45
2020-06-15,18,37
2020-06-15,19,29
2020-06-15,20,27
2020-06-15,21,16
2020-06-15,22,9
2020-06-15,23,5
2020-06-16,0,1
2020-06-16,1,3
2020-06-16,2,2
2020-06-16,3,3
2020-06-16,4,3
2020-06-16,5,6
2020-06-16,6,29
2020-06-16,7,56
2020-06-16,8,54
2020-06-16,9,51
2020-06-16,10,53
2020-06-16,11,68
2020-06-16,12,66
2020-06-16,13,60
2020-06-16,14,51
2020-06-16,15,72
2020-06-16,16,57
2020-06-16,17,55
2020-06-16,18,55
2020-06-16,19,25
2020-06-16,20,14
2020-06-16,21,16
2020-06-16,22,13
2020-06-16,23,4
2020-06-17,0,3
2020-06-17,1,0
2020-06-17,2,0
2020-06-17,3,2
2020-06-17,4,1
2020-06-17,5,9
2020-06-17,6,24
2020-06-17,7,49
2020-06-17,8,56
2020-06-17,9,51
2020-06-17,10,53
2020-06-17,11,58
2020-06-17,12,73
2020-06-17,13,67
2020-06-17,14,65
2020-06-17,15,61
2020-06-17,16,64
2020-06-17,17,51
2020-06-17,18,34
2020-06-17,19,21
2020-06-17,20,19
2020-06-17,21,19
2020-06-17,22,9
2020-06-17,23,9
2020-06-18,0,10
2020-06-18,1,3
2020-06-18,2,1
2020-06-18,3,6
2020-06-18,4,4
2020-06-18,5,3
2020-06-18,6,29
2020-06-18,7,43
2020-06-18,8,55
2020-06-18,9,61
2020-06-18,10,55
2020-06-18,11,61
2020-06-18,12,64
2020-06-18,13,55
2020-06-18,14,67
2020-06-18,15,71
2020-06-18,16,93
2020-06-18,17,53
2020-06-18,18,40
2020-06-18,19,46
2020-06-18,20,16
2020-06-18,21,16
2020-06-18,22,4
2020-06-18,23,0
2020-06-19,0,0
2020-06-19,1,0
2020-06-19,2,0
2020-06-19,3,0
2020-06-19,4,0
2020-06-19,5,8
2020-06-19,6,21
2020-06-19,7,52
2020-06-19,8,53
2020-06-19,9,52
2020-06-19,10,52
2020-06-19,11,62
2020-06-19,12,80
2020-06-19,13,80
2020-06-19,14,76
2020-06-19,15,92
2020-06-19,16,92
2020-06-19,17,67
2020-06-19,18,52
2020-06-19,19,36
2020-06-19,20,21
2020-06-19,21,16
2020-06-19,22,9
2020-06-19,23,10
2020-06-20,0,7
2020-06-20,1,2
2020-06-20,2,1
2020-06-20,3,2
2020-06-20,4,2
2020-06-20,5,4
2020-06-20,6,9
2020-06-20,7,16
2020-06-20,8,36
2020-06-20,9,40
2020-06-20,10,44
2020-06-20,11,52
2020-06-20,12,62
2020-06-20,13,62
2020-06-20,14,66
2020-06-20,15,57
2020-06-20,16,53
2020-06-20,17,62
2020-06-20,18,48
2020-06-20,19,36
2020-06-20,20,26
2020-06-20,21,16
2020-06-20,22,12
2020-06-20,23,4
2020-06-21,0,4
2020-06-21,1,0
2020-06-21,2,0
2020-06-21,3,0
2020-06-21,4,0
2020-06-21,5,0
2020-06-21,6,8
2020-06-21,7,16
2020-06-21,8,16
2020-06-21,9,36
2020-06-21,10,40
2020-06-21,11,48
2020-06-21,12,48
2020-06-21,13,57
2020-06-21,14,52
2020-06-21,15,48
2020-06-21,16,40
2020-06-21,17,53
2020-06-21,18,40
2020-06-21,19,36
2020-06-21,20,21
2020-06-21,21,25
2020-06-21,22,4
2020-06-21,23,0
2020-06-22,0,0
2020-06-22,1,0
2020-06-22,2,0
2020-06-22,3,0
2020-06-22,4,0
2020-06-22,5,4
2020-06-22,6,26
2020-06-22,7,48
2020-06-22,8,44
2020-06-22,9,40
2020-06-22,10,44
2020-06-22,11,48
2020-06-22,12,62
2020-06-22,13,57
2020-06-22,14,57
2020-06-22,15,57
2020-06-22,16,67
2020-06-22,17,49
2020-06-22,18,36
2020-06-22,19,26
2020-06-22,20,21
2020-06-22,21,16
2020-06-22,22,8
2020-06-22,23,0
2020-06-23,0,4
2020-06-23,1,0
2020-06-23,2,0
2020-06-23,3,0
2020-06-23,4,0
2020-06-23,5,0
2020-06-23,6,26
2020-06-23,7,48
2020-06-23,8,57
2020-06-23,9,48
2020-06-23,10,52
2020-06-23,11,57
2020-06-23,12,72
2020-06-23,13,67
2020-06-23,14,76
2020-06-23,15,67
2020-06-23,16,80
2020-06-23,17,62
2020-06-23,18,36
2020-06-23,19,31
2020-06-23,20,16
2020-06-23,21,16
2020-06-23,22,8
2020-06-23,23,4
2020-06-24,0,0
2020-06-24,1,0
2020-06-24,2,0
2020-06-24,3,0
2020-06-24,4,0
2020-06-24,5,0
2020-06-24,6,26
2020-06-24,7,57
2020-06-24,8,61
2020-06-24,9,52
2020-06-24,10,57
2020-06-24,11,52
2020-06-24,12,67
2020-06-24,13,72
2020-06-24,14,67
2020-06-24,15,67
2020-06-24,16,72
2020-06-24,17,57
2020-06-24,18,44
2020-06-24,19,21
2020-06-24,20,16
2020-06-24,21,16
2020-06-25,9,52
2020-06-25,10,57
2020-06-25,11,63
2020-06-25,12,81
2020-06-25,13,62
2020-06-25,14,67
2020-06-25,15,67
2020-06-25,16,76
2020-06-25,17,61
2020-06-25,18,48
2020-06-25,19,36
2020-06-25,20,26
2020-06-25,21,16
2020-06-25,22,4
2020-06-25,23,10
2020-06-26,0,3
2020-06-26,1,1
2020-06-26,2,0
2020-06-26,3,5
2020-06-26,4,3
2020-06-26,5,6
2020-06-26,6,27
2020-06-26,7,58
2020-06-26,8,68
2020-06-26,9,57
2020-06-26,10,58
2020-06-26,11,67
2020-06-26,12,84
2020-06-26,13,80
2020-06-26,14,72
2020-06-26,15,76
2020-06-26,16,96
2020-06-26,17,62
2020-06-26,18,44
2020-06-26,19,36
2020-06-26,20,16
2020-06-26,21,16
2020-06-26,22,4
2020-06-26,23,12
2020-06-27,0,0
2020-06-27,1,0
2020-06-27,2,0
2020-06-27,3,0
2020-06-27,4,0
2020-06-27,5,4
2020-06-27,6,8
2020-06-27,7,21
2020-06-27,8,36
2020-06-27,9,36
2020-06-27,10,44
2020-06-27,11,57
2020-06-27,12,67
2020-06-27,13,57
2020-06-27,14,75
2020-06-27,15,62
2020-06-27,16,57
2020-06-27,17,57
2020-06-27,18,44
2020-06-27,19,36
2020-06-27,20,26
2020-06-27,21,16
2020-06-27,22,8
2020-06-27,23,4
2020-06-28,0,0
2020-06-28,1,0
2020-06-28,2,0
2020-06-28,3,0
2020-06-28,4,4
2020-06-28,5,0
2020-06-28,6,8
2020-06-28,7,16
2020-06-28,8,16
2020-06-28,9,36
2020-06-28,10,36
2020-06-28,11,40
2020-06-28,12,52
2020-06-28,13,57
2020-06-28,14,44
2020-06-28,15,52
2020-06-28,16,44
2020-06-28,17,52
2020-06-28,18,40
2020-06-28,19,31
2020-06-28,20,30
2020-06-28,21,25
2020-06-28,22,4
2020-06-28,23,4
2020-06-29,0,0
2020-06-29,1,0
2020-06-29,2,0
2020-06-29,3,0
2020-06-29,4,0
2020-06-29,5,0
2020-06-29,6,21
2020-06-29,7,40
2020-06-29,8,36
2020-06-29,9,40
2020-06-29,10,48
2020-06-29,11,52
2020-06-29,12,72
2020-06-29,13,67
2020-06-29,14,67
2020-06-29,15,67
2020-06-29,16,80
2020-06-29,17,57
2020-06-29,18,40
2020-06-29,19,26
2020-06-29,20,21
2020-06-29,21,16
2020-06-29,22,8
2020-06-29,23,4
2020-06-30,0,0
2020-06-30,1,0
2020-06-30,2,0
2020-06-30,3,4
2020-06-30,4,0
2020-06-30,5,0
2020-06-30,6,26
2020-06-30,7,48
2020-06-30,8,57
2020-06-30,9,52
2020-06-30,10,52
2020-06-30,11,62
2020-06-30,12,76
2020-06-30,13,67
2020-06-30,14,71
2020-06-30,15,71
2020-06-30,16,88
2020-06-30,17,66
2020-06-30,18,48
2020-06-30,19,26
2020-06-30,20,16
2020-06-30,21,16
2020-06-30,22,8
2020-06-30,23,0
2020-07-01,0,0
2020-07-01,1,0
2020-07-01,2,0
2020-07-01,3,0
2020-07-01,4,0
2020-07-01,5,4
2020-07-01,6,26
2020-07-01,7,53
2020-07-01,8,53
2020-07-01,9,52
2020-07-01,10,53
2020-07-01,11,57
2020-07-01,12,76
2020-07-01,13,71
2020-07-01,14,72
2020-07-01,15,76
2020-07-01,16,80
2020-07-01,17,66
2020-07-01,18,44
2020-07-01,19,21
2020-07-01,20,16
2020-07-01,21,16
2020-07-01,22,8
2020-07-01,23,4
2020-07-02,0,0
2020-07-02,1,0
2020-07-02,2,0
2020-07-02,3,0
2020-07-02,4,0
2020-07-02,5,8
2020-07-02,6,21
2020-07-02,7,48
2020-07-02,8,61
2020-07-02,9,52
2020-07-02,10,53
2020-07-02,11,62
2020-07-02,12,76
2020-07-02,13,72
2020-07-02,14,67
2020-07-02,15,84
2020-07-02,16,84
2020-07-02,17,62
2020-07-02,18,48
2020-07-02,19,36
2020-07-02,20,16
2020-07-02,21,16
2020-07-02,22,0
2020-07-02,23,4
2020-07-03,0,0
2020-07-03,1,0
2020-07-03,2,0
2020-07-03,3,0
2020-07-03,4,0
2020-07-03,5,4
2020-07-03,6,26
2020-07-03,7,52
2020-07-03,8,57
2020-07-03,9,62
2020-07-03,10,57
2020-07-03,11,62
2020-07-03,12,89
2020-07-03,13,88
2020-07-03,14,80
2020-07-03,15,88
2020-07-03,16,96
2020-07-03,17,71
2020-07-03,18,52
2020-07-03,19,36
2020-07-03,20,16
2020-07-03,21,16
2020-07-03,22,8
2020-07-03,23,8
2020-07-04,0,0
2020-07-04,1,0
2020-07-04,2,0
2020-07-04,3,0
2020-07-04,4,0
2020-07-04,5,0
2020-07-04,6,8
2020-07-04,7,16
2020-07-04,8,36
2020-07-04,9,36
2020-07-04,10,48
2020-07-04,11,57
2020-07-04,12,57
2020-07-04,13,62
2020-07-04,14,75
2020-07-04,15,67
2020-07-04,16,62
2020-07-04,17,57
2020-07-04,18,44
2020-07-04,19,31
2020-07-04,20,26
2020-07-04,21,16
2020-07-04,22,12
2020-07-04,23,8
2020-07-05,0,0
2020-07-05,1,4
2020-07-05,2,0
2020-07-05,3,0
2020-07-05,4,0
2020-07-05,5,0
2020-07-05,6,8
2020-07-05,7,16
2020-07-05,8,16
2020-07-05,9,36
2020-07-05,10,36
2020-07-05,11,48
2020-07-05,12,52
2020-07-05,13,57
2020-07-05,14,52
2020-07-05,15,48
2020-07-05,16,57
2020-07-05,17,44
2020-07-05,18,40
2020-07-05,19,36
2020-07-05,20,39
2020-07-05,21,30
2020-07-05,22,8
2020-07-05,23,0
2020-07-06,0,0
2020-07-06,1,0
2020-07-06,2,0
2020-07-06,3,0
2020-07-06,4,0
2020-07-06,5,4
2020-07-06,6,26
2020-07-06,7,48
2020-07-06,8,40
2020-07-06,9,48
2020-07-06,10,52
2020-07-06,11,57
2020-07-06,12,76
2020-07-06,13,67
2020-07-06,14,72
2020-07-06,15,71
2020-07-06,16,80
2020-07-06,17,57
2020-07-06,18,44
2020-07-06,19,30
2020-07-06,20,21
2020-07-06,21,16
2020-07-06,22,8
2020-07-06,23,0
2020-07-07,0,0
2020-07-07,1,0
2020-07-07,2,0
2020-07-07,3,0
2020-07-07,4,0
2020-07-07,5,4
2020-07-07,6,26
2020-07-07,7,52
2020-07-07,8,57
2020-07-07,9,44
2020-07-07,10,52
2020-07-07,11,52
2020-07-07,12,76
2020-07-07,13,76
2020-07-07,14,62
2020-07-07,15,66
2020-07-07,16,97
2020-07-07,17,53
2020-07-07,18,44
2020-07-07,19,31
2020-07-07,20,16
2020-07-07,21,16
2020-07-07,22,8
2020-07-07,23,0
2020-07-08,0,0
2020-07-08,1,0
2020-07-08,2,0
2020-07-08,3,0
2020-07-08,4,0
2020-07-08,5,0
2020-07-08,6,26
2020-07-08,7,66
2020-07-08,8,57
2020-07-08,9,52
2020-07-08,10,61
2020-07-08,11,57
2020-07-08,12,71
2020-07-08,13,67
2020-07-08,14,72
2020-07-08,15,67
2020-07-08,16,88
2020-07-08,17,61
2020-07-08,18,53
2020-07-08,19,21
2020-07-08,20,16
2020-07-08,21,16
2020-07-08,22,8
2020-07-08,23,0
2020-07-09,0,0
2020-07-09,1,0
2020-07-09,2,0
2020-07-09,3,0
2020-07-09,4,0
2020-07-09,5,8
2020-07-09,6,21
2020-07-09,7,57
2020-07-09,8,57
2020-07-09,9,52
2020-07-09,10,52
2020-07-09,11,62
2020-07-09,12,76
2020-07-09,13,57
2020-07-09,14,67
2020-07-09,15,76
2020-07-09,16,84
2020-07-09,17,66
2020-07-09,18,44
2020-07-09,19,36
2020-07-09,20,16
2020-07-09,21,16
2020-07-09,22,0
2020-07-09,23,4
2020-07-10,0,0
2020-07-10,1,0
2020-07-10,2,0
2020-07-10,3,0
2020-07-10,4,0
2020-07-10,5,0
2020-07-10,6,26
2020-07-10,7,57
2020-07-10,8,62
2020-07-10,9,62
2020-07-10,10,52
2020-07-10,11,67
2020-07-10,12,101
2020-07-10,13,84
2020-07-10,14,84
2020-07-10,15,84
2020-07-10,16,96
2020-07-10,17,71
2020-07-10,18,52
2020-07-10,19,36
2020-07-10,20,21
2020-07-10,21,16
2020-07-10,22,12
2020-07-10,23,8
2020-07-11,0,4
2020-07-11,1,0
2020-07-11,2,0
2020-07-11,3,0
2020-07-11,4,0
2020-07-11,5,4
2020-07-11,6,8
2020-07-11,7,16
2020-07-11,8,36
2020-07-11,9,36
2020-07-11,10,48
2020-07-11,11,57
2020-07-11,12,57
2020-07-11,13,72
2020-07-11,14,61
2020-07-11,15,67
2020-07-11,16,57
2020-07-11,17,57
2020-07-11,18,40
2020-07-11,19,31
2020-07-11,20,21
2020-07-11,21,16
2020-07-11,22,12
2020-07-11,23,9
2020-07-12,0,0
2020-07-12,1,0
2020-07-12,2,4
2020-07-12,3,0
2020-07-12,4,0
2020-07-12,5,0
2020-07-12,6,8
2020-07-12,7,16
2020-07-12,8,16
2020-07-12,9,36
2020-07-12,10,36
2020-07-12,11,48
2020-07-12,12,52
2020-07-12,13,71
2020-07-12,14,52
2020-07-12,15,48
2020-07-12,16,52
2020-07-12,17,53
2020-07-12,18,40
2020-07-12,19,31
2020-07-12,20,35
2020-07-12,21,25
2020-07-12,22,4
2020-07-12,23,0
2020-07-13,0,0
2020-07-13,1,0
2020-07-13,2,0
2020-07-13,3,0
2020-07-13,4,0
2020-07-13,5,4
2020-07-13,6,26
2020-07-13,7,52
2020-07-13,8,40
2020-07-13,9,44
2020-07-13,10,52
2020-07-13,11,57
2020-07-13,12,67
2020-07-13,13,71
2020-07-13,14,72
2020-07-13,15,71
2020-07-13,16,80
2020-07-13,17,57
2020-07-13,18,44
2020-07-13,19,26
2020-07-13,20,21
2020-07-13,21,16
2020-07-13,22,8
2020-07-13,23,0
2020-07-14,0,0
2020-07-14,1,0
2020-07-14,2,0
2020-07-14,3,0
2020-07-14,4,0
2020-07-14,5,8
2020-07-14,6,26
2020-07-14,7,52
2020-07-14,8,57
2020-07-14,9,52
2020-07-14,10,52
2020-07-14,11,71
2020-07-14,12,71
2020-07-14,13,79
2020-07-14,14,76
2020-07-14,15,67
2020-07-14,16,88
2020-07-14,17,64
2020-07-14,18,52
2020-07-14,19,26
2020-07-14,20,16
2020-07-14,21,20
2020-07-14,22,8
2020-07-14,23,17
2020-07-15,0,0
2020-07-15,1,0
2020-07-15,2,34
2020-07-15,3,4
2020-07-15,4,0
2020-07-15,5,0
2020-07-15,6,26
2020-07-15,7,57
2020-07-15,8,61
2020-07-15,9,48
2020-07-15,10,62
2020-07-15,11,72
2020-07-15,12,80
2020-07-15,13,53
2020-07-15,14,72
2020-07-15,15,67
2020-07-15,16,88
2020-07-15,17,76
2020-07-15,18,48
2020-07-15,19,26
2020-07-15,20,16
2020-07-15,21,16
2020-07-15,22,8
2020-07-15,23,8
2020-07-16,0,0
2020-07-16,1,0
2020-07-16,2,0
2020-07-16,3,0
2020-07-16,4,4
2020-07-16,5,12
2020-07-16,6,21
2020-07-16,7,48
2020-07-16,8,57
2020-07-16,9,52
2020-07-16,10,57
2020-07-16,11,76
2020-07-16,12,84
2020-07-16,13,67
2020-07-16,14,67
2020-07-16,15,76
2020-07-16,16,88
2020-07-16,17,70
2020-07-16,18,44
2020-07-16,19,36
2020-07-16,20,21
2020-07-16,21,16
2020-07-16,22,8
2020-07-16,23,4
2020-07-17,0,0
2020-07-17,1,5
2020-07-17,2,1
2020-07-17,3,0
2020-07-17,4,0
2020-07-17,5,0
2020-07-17,6,28
2020-07-17,7,60
2020-07-17,8,53
2020-07-17,9,57
2020-07-17,10,62
2020-07-17,11,71
2020-07-17,12,84
2020-07-17,13,92
2020-07-17,14,80
2020-07-17,15,88
2020-07-17,16,106
2020-07-17,17,80
2020-07-17,18,57
2020-07-17,19,36
2020-07-17,20,21
2020-07-17,21,16
2020-07-17,22,16
2020-07-17,23,12
2020-07-18,0,4
2020-07-18,1,0
2020-07-18,2,0
2020-07-18,3,0
2020-07-18,4,0
2020-07-18,5,0
2020-07-18,6,8
2020-07-18,7,16
2020-07-18,8,36
2020-07-18,9,36
2020-07-18,10,48
2020-07-18,11,57
2020-07-18,12,67
2020-07-18,13,62
2020-07-18,14,70
2020-07-18,15,67
2020-07-18,16,57
2020-07-18,17,57
2020-07-18,18,48
2020-07-18,19,36
2020-07-18,20,21
2020-07-18,21,16
2020-07-18,22,12
2020-07-18,23,16
2020-07-19,0,0
2020-07-19,1,4
2020-07-19,2,0
2020-07-19,3,0
2020-07-19,4,0
2020-07-19,5,0
2020-07-19,6,8
2020-07-19,7,16
2020-07-19,8,16
2020-07-19,9,36
2020-07-19,10,36
2020-07-19,11,48
2020-07-19,12,57
2020-07-19,13,62
2020-07-19,14,52
2020-07-19,15,52
2020-07-19,16,57
2020-07-19,17,53
2020-07-19,18,40
2020-07-19,19,36
2020-07-19,20,21
2020-07-19,21,29
2020-07-19,22,4
2020-07-19,23,0
2020-07-20,0,0
2020-07-20,1,0
2020-07-20,2,0
2020-07-20,3,0
2020-07-20,4,4
2020-07-20,5,4
2020-07-20,6,26
2020-07-20,7,48
2020-07-20,8,40
2020-07-20,9,40
2020-07-20,10,48
2020-07-20,11,57
2020-07-20,12,67
2020-07-20,13,72
2020-07-20,14,67
2020-07-20,15,62
2020-07-20,16,76
2020-07-20,17,53
2020-07-20,18,44
2020-07-20,19,31
2020-07-20,20,31
2020-07-20,21,16
2020-07-20,22,8
2020-07-20,23,0
2020-07-21,0,0
2020-07-21,1,0
2020-07-21,2,0
2020-07-21,3,0
2020-07-21,4,0
2020-07-21,5,0
2020-07-21,6,26
2020-07-21,7,52
2020-07-21,8,57
2020-07-21,9,52
2020-07-21,10,65
2020-07-21,11,62
2020-07-21,12,72
2020-07-21,13,67
2020-07-21,14,67
2020-07-21,15,71
2020-07-21,16,92
2020-07-21,17,57
2020-07-21,18,52
2020-07-21,19,31
2020-07-21,20,16
2020-07-21,21,16
2020-07-21,22,8
2020-07-21,23,4
2020-07-22,0,0
2020-07-22,1,0
2020-07-22,2,13
2020-07-22,3,0
2020-07-22,4,0
2020-07-22,5,4
2020-07-22,6,26
2020-07-22,7,57
2020-07-22,8,66
2020-07-22,9,52
2020-07-22,10,62
2020-07-22,11,62
2020-07-22,12,80
2020-07-22,13,67
2020-07-22,14,72
2020-07-22,15,67
2020-07-22,16,84
2020-07-22,17,71
2020-07-22,18,48
2020-07-22,19,31
2020-07-22,20,21
2020-07-22,21,16
2020-07-22,22,8
2020-07-22,23,4
2020-07-23,0,0
2020-07-23,1,0
2020-07-23,2,0
2020-07-23,3,0
2020-07-23,4,0
2020-07-23,5,0
2020-07-23,6,26
2020-07-23,7,52
2020-07-23,8,57
2020-07-23,9,53
2020-07-23,10,57
2020-07-23,11,67
2020-07-23,12,84
2020-07-23,13,67
2020-07-23,14,76
2020-07-23,15,80
2020-07-23,16,88
2020-07-23,17,70
2020-07-23,18,44
2020-07-23,19,40
2020-07-23,20,21
2020-07-23,21,16
2020-07-23,22,4
2020-07-23,23,4
2020-07-24,0,0
2020-07-24,1,0
2020-07-24,2,0
2020-07-24,3,0
2020-07-24,4,4
2020-07-24,5,12
2020-07-24,6,26
2020-07-24,7,57
2020-07-24,8,53
2020-07-24,9,67
2020-07-24,10,62
2020-07-24,11,71
2020-07-24,12,80
2020-07-24,13,88
2020-07-24,14,84
2020-07-24,15,84
2020-07-24,16,105
2020-07-24,17,80
2020-07-24,18,52
2020-07-24,19,36
2020-07-24,20,21
2020-07-24,21,16
2020-07-24,22,12
2020-07-24,23,16
2020-07-25,0,4
2020-07-25,1,0
2020-07-25,2,0
2020-07-25,3,0
2020-07-25,4,0
2020-07-25,5,4
2020-07-25,6,8
2020-07-25,7,16
2020-07-25,8,36
2020-07-25,9,36
2020-07-25,10,48
2020-07-25,11,62
2020-07-25,12,61
2020-07-25,13,67
2020-07-25,14,70
2020-07-25,15,67
2020-07-25,16,57
2020-07-25,17,62
2020-07-25,18,48
2020-07-25,19,36
2020-07-25,20,21
2020-07-25,21,16
2020-07-25,22,8
2020-07-25,23,12
2020-07-26,0,12
2020-07-26,1,0
2020-07-26,2,0
2020-07-26,3,0
2020-07-26,4,0
2020-07-26,5,0
2020-07-26,6,8
2020-07-26,7,16
2020-07-26,8,16
2020-07-26,9,36
2020-07-26,10,36
2020-07-26,11,48
2020-07-26,12,57
2020-07-26,13,67
2020-07-26,14,52
2020-07-26,15,48
2020-07-26,16,48
2020-07-26,17,52
2020-07-26,18,40
2020-07-26,19,36
2020-07-26,20,25
2020-07-26,21,25
2020-07-26,22,4
2020-07-26,23,4
2020-07-27,0,0
2020-07-27,1,0
2020-07-27,2,0
2020-07-27,3,4
2020-07-27,4,0
2020-07-27,5,4
2020-07-27,6,40
2020-07-27,7,52
2020-07-27,8,44
2020-07-27,9,48
2020-07-27,10,48
2020-07-27,11,57
2020-07-27,12,75
2020-07-27,13,67
2020-07-27,14,67
2020-07-27,15,80
2020-07-27,16,88
2020-07-27,17,57
2020-07-27,18,44
2020-07-27,19,31
2020-07-27,20,21
2020-07-27,21,16
2020-07-27,22,12
2020-07-27,23,4
2020-07-28,0,0
2020-07-28,1,4
2020-07-28,2,0
2020-07-28,3,0
2020-07-28,4,0
2020-07-28,5,4
2020-07-28,6,26
2020-07-28,7,52
2020-07-28,8,57
2020-07-28,9,48
2020-07-28,10,52
2020-07-28,11,57
2020-07-28,12,79
2020-07-28,13,72
2020-07-28,14,76
2020-07-28,15,80
2020-07-28,16,89
2020-07-28,17,57
2020-07-28,18,48
2020-07-28,19,26
2020-07-28,20,16
2020-07-28,21,16
2020-07-28,22,12
2020-07-28,23,0
2020-07-29,0,0
2020-07-29,1,0
2020-07-29,2,13
2020-07-29,3,0
2020-07-29,4,0
2020-07-29,5,8
2020-07-29,6,26
2020-07-29,7,52
2020-07-29,8,58
2020-07-29,9,52
2020-07-29,10,57
2020-07-29,11,57
2020-07-29,12,76
2020-07-29,13,99
2020-07-29,14,125
2020-07-29,15,97
2020-07-29,16,99
2020-07-29,17,78
2020-07-29,18,56
2020-07-29,19,36
2020-07-29,20,30
2020-07-29,21,19
2020-07-29,22,15
2020-07-29,23,7
2020-07-30,0,6
2020-07-30,1,3
2020-07-30,2,0
2020-07-30,3,5
2020-07-30,4,2
2020-07-30,5,9
2020-07-30,6,36
2020-07-30,7,66
2020-07-30,8,85
2020-07-30,9,83
2020-07-30,10,77
2020-07-30,11,99
2020-07-30,12,115
2020-07-30,13,104
2020-07-30,14,76
2020-07-30,15,99
2020-07-30,16,106
2020-07-30,17,109
2020-07-30,18,59
2020-07-30,19,51
2020-07-30,20,29
2020-07-30,21,15
2020-07-30,22,17
2020-07-30,23,14
2020-07-31,0,9
2020-07-31,1,6
2020-07-31,2,1
2020-07-31,3,2
2020-07-31,4,1
2020-07-31,5,13
2020-07-31,6,39
2020-07-31,7,70
2020-07-31,8,90
2020-07-31,9,79
2020-07-31,10,72
2020-07-31,11,107
2020-07-31,12,106
2020-07-31,13,113
2020-07-31,14,95
2020-07-31,15,99
2020-07-31,16,80
2020-07-31,17,82
2020-07-31,18,66
2020-07-31,19,45
2020-07-31,20,33
2020-07-31,21,26
2020-07-31,22,24
2020-07-31,23,21
2020-08-01,0,9
2020-08-01,1,2
2020-08-01,2,4
2020-08-01,3,4
2020-08-01,4,5
2020-08-01,5,7
2020-08-01,6,12
2020-08-01,7,23
2020-08-01,8,44
2020-08-01,9,62
2020-08-01,10,68
2020-08-01,11,71
2020-08-01,12,70
2020-08-01,13,86
2020-08-01,14,95
2020-08-01,15,79
2020-08-01,16,81
2020-08-01,17,65
2020-08-01,18,69
2020-08-01,19,40
2020-08-01,20,34
2020-08-01,21,30
2020-08-01,22,23
2020-08-01,23,16
2020-08-02,0,10
2020-08-02,1,6
2020-08-02,2,4
2020-08-02,3,3
2020-08-02,4,0
2020-08-02,5,3
2020-08-02,6,12
2020-08-02,7,20
2020-08-02,8,35
2020-08-02,9,35
2020-08-02,10,60
2020-08-02,11,76
2020-08-02,12,81
2020-08-02,13,65
2020-08-02,14,74
2020-08-02,15,63
2020-08-02,16,66
2020-08-02,17,48
2020-08-02,18,40
2020-08-02,19,46
2020-08-02,20,25
2020-08-02,21,18
2020-08-02,22,10
2020-08-02,23,7
2020-08-03,0,4
2020-08-03,1,3
2020-08-03,2,3
2020-08-03,3,2
2020-08-03,4,3
2020-08-03,5,12
2020-08-03,6,35
2020-08-03,7,71
2020-08-03,8,71
2020-08-03,9,73
2020-08-03,10,63
2020-08-03,11,81
2020-08-03,12,82
2020-08-03,13,83
2020-08-03,14,86
2020-08-03,15,102
2020-08-03,16,91
2020-08-03,17,82
2020-08-03,18,54
2020-08-03,19,36
2020-08-03,20,28
2020-08-03,21,19
2020-08-03,22,17
2020-08-03,23,10
2020-08-04,0,4
2020-08-04,1,3
2020-08-04,2,1
2020-08-04,3,2
2020-08-04,4,3
2020-08-04,5,9
2020-08-04,6,33
2020-08-04,7,98
2020-08-04,8,107
2020-08-04,9,79
2020-08-04,10,89
2020-08-04,11,107
2020-08-04,12,100
2020-08-04,13,100
2020-08-04,14,115
2020-08-04,15,165
2020-08-04,16,175
2020-08-04,17,128
2020-08-04,18,56
2020-08-04,19,32
2020-08-04,20,16
2020-08-04,21,16
2020-08-04,22,12
2020-08-04,23,6
2020-08-05,0,2
2020-08-05,1,2
2020-08-05,2,2
2020-08-05,3,3
2020-08-05,4,2
2020-08-05,5,8
2020-08-05,6,35
2020-08-05,7,82
2020-08-05,8,71
2020-08-05,9,64
2020-08-05,10,77
2020-08-05,11,92
2020-08-05,12,81
2020-08-05,13,144
2020-08-05,14,120
2020-08-05,15,99
2020-08-05,16,179
2020-08-05,17,118
2020-08-05,18,82
2020-08-05,19,40
2020-08-05,20,24
2020-08-05,21,19
2020-08-05,22,18
2020-08-05,23,7
2020-08-06,0,3
2020-08-06,1,5
2020-08-06,2,3
2020-08-06,3,1
2020-08-06,4,0
2020-08-06,5,10
2020-08-06,6,38
2020-08-06,7,81
2020-08-06,8,79
2020-08-06,9,80
2020-08-06,10,62
2020-08-06,11,75
2020-08-06,12,88
2020-08-06,13,65
2020-08-06,14,89
2020-08-06,15,84
2020-08-06,16,149
2020-08-06,17,145
2020-08-06,18,61
2020-08-06,19,33
2020-08-06,20,28
2020-08-06,21,23
2020-08-06,22,13
2020-08-06,23,8
2020-08-07,0,4
2020-08-07,1,3
2020-08-07,2,3
2020-08-07,3,2
2020-08-07,4,5
2020-08-07,5,6
2020-08-07,6,40
2020-08-07,7,83
2020-08-07,8,84
2020-08-07,9,76
2020-08-07,10,93
2020-08-07,11,98
2020-08-07,12,98
2020-08-07,13,135
2020-08-07,14,79
2020-08-07,15,173
2020-08-07,16,174
2020-08-07,17,126
2020-08-07,18,67
2020-08-07,19,43
2020-08-07,20,18
2020-08-07,21,16
2020-08-07,22,13
2020-08-07,23,14
2020-08-08,0,13
2020-08-08,1,4
2020-08-08,2,4
2020-08-08,3,1
2020-08-08,4,3
2020-08-08,5,9
2020-08-08,6,13
2020-08-08,7,25
2020-08-08,8,52
2020-08-08,9,66
2020-08-08,10,62
2020-08-08,11,94
2020-08-08,12,91
2020-08-08,13,118
2020-08-08,14,103
2020-08-08,15,64
2020-08-08,16,76
2020-08-08,17,53
2020-08-08,18,53
2020-08-08,19,46
2020-08-08,20,37
2020-08-08,21,40
2020-08-08,22,19
2020-08-08,23,16
2020-08-09,0,13
2020-08-09,1,5
2020-08-09,2,2
2020-08-09,3,2
2020-08-09,4,0
2020-08-09,5,7
2020-08-09,6,11
2020-08-09,7,17
2020-08-09,8,21
2020-08-09,9,37
2020-08-09,10,50
2020-08-09,11,56
2020-08-09,12,69
2020-08-09,13,71
2020-08-09,14,60
2020-08-09,15,46
2020-08-09,16,62
2020-08-09,17,61
2020-08-09,18,52
2020-08-09,19,34
2020-08-09,20,27
2020-08-09,21,18
2020-08-09,22,15
2020-08-09,23,6
2020-08-10,0,1
2020-08-10,1,2
2020-08-10,2,1
2020-08-10,3,0
2020-08-10,4,4
2020-08-10,5,8
2020-08-10,6,39
2020-08-10,7,83
2020-08-10,8,69
2020-08-10,9,56
2020-08-10,10,76
2020-08-10,11,82
2020-08-10,12,88
2020-08-10,13,95
2020-08-10,14,78
2020-08-10,15,106
2020-08-10,16,122
2020-08-10,17,87
2020-08-10,18,59
2020-08-10,19,41
2020-08-10,20,24
2020-08-10,21,18
2020-08-10,22,14
2020-08-10,23,3
2020-08-11,0,4
2020-08-11,1,3
2020-08-11,2,1
2020-08-11,3,0
2020-08-11,4,0
2020-08-11,5,0
2020-08-11,6,0
2020-08-11,7,61
2020-08-11,8,65
2020-08-11,9,66
2020-08-11,10,68
2020-08-11,11,100
2020-08-11,12,119
2020-08-11,13,105
2020-08-11,14,88
2020-08-11,15,99
2020-08-11,16,208
2020-08-11,17,89
2020-08-11,18,66
2020-08-11,19,52
2020-08-11,20,22
2020-08-11,21,20
2020-08-11,22,10
2020-08-11,23,5
2020-08-12,0,4
2020-08-12,1,3
2020-08-12,2,1
2020-08-12,3,3
2020-08-12,4,2
2020-08-12,5,9
2020-08-12,6,31
2020-08-12,7,90
2020-08-12,8,80
2020-08-12,9,76
2020-08-12,10,75
2020-08-12,11,107
2020-08-12,12,114
2020-08-12,13,106
2020-08-12,14,78
2020-08-12,15,101
2020-08-12,16,143
2020-08-12,17,86
2020-08-12,18,58
2020-08-12,19,33
2020-08-12,20,18
2020-08-12,21,19
2020-08-12,22,9
2020-08-12,23,10
2020-08-13,0,4
2020-08-13,1,4
2020-08-13,2,1
2020-08-13,3,0
2020-08-13,4,4
2020-08-13,5,9
2020-08-13,6,44
2020-08-13,7,102
2020-08-13,8,82
2020-08-13,9,77
2020-08-13,10,60
2020-08-13,11,108
2020-08-13,12,97
2020-08-13,13,97
2020-08-13,14,124
2020-08-13,15,151
2020-08-13,16,154
2020-08-13,17,94
2020-08-13,18,61
2020-08-13,19,135
2020-08-13,20,35
2020-08-13,21,24
2020-08-13,22,10
2020-08-13,23,8
2020-08-14,0,4
2020-08-14,1,2
2020-08-14,2,1
2020-08-14,3,3
2020-08-14,4,4
2020-08-14,5,9
2020-08-14,6,42
2020-08-14,7,74
2020-08-14,8,109
2020-08-14,9,102
2020-08-14,10,76
2020-08-14,11,123
2020-08-14,12,150
2020-08-14,13,103
2020-08-14,14,116
2020-08-14,15,100
2020-08-14,16,87
2020-08-14,17,83
2020-08-14,18,73
2020-08-14,19,39
2020-08-14,20,18
2020-08-14,21,17
2020-08-14,22,12
2020-08-14,23,13
2020-08-15,0,7
2020-08-15,1,3
2020-08-15,2,1
2020-08-15,3,1
2020-08-15,4,8
2020-08-15,5,4
2020-08-15,6,12
2020-08-15,7,22
2020-08-15,8,26
2020-08-15,9,45
2020-08-15,10,49
2020-08-15,11,76
2020-08-15,12,81
2020-08-15,13,109
2020-08-15,14,92
2020-08-15,15,85
2020-08-15,16,67
2020-08-15,17,62
2020-08-15,18,74
2020-08-15,19,41
2020-08-15,20,26
2020-08-15,21,34
2020-08-15,22,13
2020-08-15,23,14
2020-08-16,0,7
2020-08-16,1,8
2020-08-16,2,3
2020-08-16,3,0
2020-08-16,4,1
2020-08-16,5,3
2020-08-16,6,4
2020-08-16,7,11
2020-08-16,8,18
2020-08-16,9,32
2020-08-16,10,41
2020-08-16,11,65
2020-08-16,12,62
2020-08-16,13,91
2020-08-16,14,57
2020-08-16,15,58
2020-08-16,16,53
2020-08-16,17,58
2020-08-16,18,44
2020-08-16,19,26
2020-08-16,20,26
2020-08-16,21,21
2020-08-16,22,8
2020-08-16,23,0
2020-08-17,0,0
2020-08-17,1,0
2020-08-17,2,0
2020-08-17,3,0
2020-08-17,4,0
2020-08-17,5,8
2020-08-17,6,30
2020-08-17,7,62
2020-08-17,8,62
2020-08-17,9,52
2020-08-17,10,62
2020-08-17,11,72
2020-08-17,12,71
2020-08-17,13,76
2020-08-17,14,80
2020-08-17,15,75
2020-08-17,16,92
2020-08-17,17,71
2020-08-17,18,48
2020-08-17,19,31
2020-08-17,20,21
2020-08-17,21,16
2020-08-17,22,16
2020-08-17,23,4
2020-08-18,0,0
2020-08-18,1,0
2020-08-18,2,0
2020-08-18,3,0
2020-08-18,4,0
2020-08-18,5,0
2020-08-18,6,31
2020-08-18,7,71
2020-08-18,8,70
2020-08-18,9,62
2020-08-18,10,91
2020-08-18,11,105
2020-08-18,12,115
2020-08-18,13,117
2020-08-18,14,152
2020-08-18,15,255
2020-08-18,16,185
2020-08-18,17,65
2020-08-18,18,69
2020-08-18,19,42
2020-08-18,20,29
2020-08-18,21,26
2020-08-18,22,10
2020-08-18,23,4
2020-08-19,0,3
2020-08-19,1,2
2020-08-19,2,3
2020-08-19,3,2
2020-08-19,4,5
2020-08-19,5,11
2020-08-19,6,39
2020-08-19,7,88
2020-08-19,8,77
2020-08-19,9,71
2020-08-19,10,76
2020-08-19,11,54
2020-08-19,12,76
2020-08-19,13,96
2020-08-19,14,105
2020-08-19,15,88
2020-08-19,16,119
2020-08-19,17,79
2020-08-19,18,58
2020-08-19,19,31
2020-08-19,20,21
2020-08-19,21,16
2020-08-19,22,16
2020-08-19,23,8
2020-08-20,0,0
2020-08-20,1,0
2020-08-20,2,0
2020-08-20,3,0
2020-08-20,4,0
2020-08-20,5,12
2020-08-20,6,34
2020-08-20,7,75
2020-08-20,8,85
2020-08-20,9,70
2020-08-20,10,79
2020-08-20,11,87
2020-08-20,12,79
2020-08-20,13,80
2020-08-20,14,93
2020-08-20,15,101
2020-08-20,16,132
2020-08-20,17,92
2020-08-20,18,48
2020-08-20,19,58
2020-08-20,20,21
2020-08-20,21,16
2020-08-20,22,8
2020-08-20,23,4
2020-08-21,0,0
2020-08-21,1,0
2020-08-21,2,0
2020-08-21,3,0
2020-08-21,4,0
2020-08-21,5,4
2020-08-21,6,30
2020-08-21,7,67
2020-08-21,8,80
2020-08-21,9,80
2020-08-21,10,72
2020-08-21,11,93
2020-08-21,12,110
2020-08-21,13,96
2020-08-21,14,100
2020-08-21,15,101
2020-08-21,16,110
2020-08-21,17,92
2020-08-21,18,63
2020-08-21,19,44
2020-08-21,20,16
2020-08-21,21,16
2020-08-21,22,16
2020-08-21,23,16
2020-08-22,0,8
2020-08-22,1,0
2020-08-22,2,0
2020-08-22,3,0
2020-08-22,4,0
2020-08-22,5,4
2020-08-22,6,8
2020-08-22,7,16
2020-08-22,8,36
2020-08-22,9,48
2020-08-22,10,48
2020-08-22,11,66
2020-08-22,12,75
2020-08-22,13,110
2020-08-22,14,80
2020-08-22,15,67
2020-08-22,16,66
2020-08-22,17,62
2020-08-22,18,52
2020-08-22,19,40
2020-08-22,20,31
2020-08-22,21,21
2020-08-22,22,12
2020-08-22,23,12
2020-08-23,0,12
2020-08-23,1,0
2020-08-23,2,0
2020-08-23,3,0
2020-08-23,4,0
2020-08-23,5,0
2020-08-23,6,4
2020-08-23,7,16
2020-08-23,8,16
2020-08-23,9,36
2020-08-23,10,44
2020-08-23,11,48
2020-08-23,12,57
2020-08-23,13,67
2020-08-23,14,52
2020-08-23,15,62
2020-08-23,16,57
2020-08-23,17,62
2020-08-23,18,44
2020-08-23,19,36
2020-08-23,20,21
2020-08-23,21,21
2020-08-23,22,4
2020-08-23,23,0
2020-08-24,0,0
2020-08-24,1,0
2020-08-24,2,4
2020-08-24,3,0
2020-08-24,4,0
2020-08-24,5,4
2020-08-24,6,30
2020-08-24,7,67
2020-08-24,8,57
2020-08-24,9,66
2020-08-24,10,69
2020-08-24,11,68
2020-08-24,12,71
2020-08-24,13,72
2020-08-24,14,76
2020-08-24,15,75
2020-08-24,16,92
2020-08-24,17,72
2020-08-24,18,52
2020-08-24,19,35
2020-08-24,20,16
2020-08-24,21,16
2020-08-24,22,16
2020-08-24,23,0
2020-08-25,0,0
2020-08-25,1,0
2020-08-25,2,0
2020-08-25,3,0
2020-08-25,4,0
2020-08-25,5,8
2020-08-25,6,26
2020-08-25,7,67
2020-08-25,8,79
2020-08-25,9,62
2020-08-25,10,76
2020-08-25,11,88
2020-08-25,12,88
2020-08-25,13,92
2020-08-25,14,97
2020-08-25,15,141
2020-08-25,16,149
2020-08-25,17,83
2020-08-25,18,67
2020-08-25,19,36
2020-08-25,20,21
2020-08-25,21,16
2020-08-25,22,8
2020-08-25,23,4
2020-08-26,0,0
2020-08-26,1,0
2020-08-26,2,4
2020-08-26,3,0
2020-08-26,4,0
2020-08-26,5,12
2020-08-26,6,26
2020-08-26,7,71
2020-08-26,8,75
2020-08-26,9,44
2020-08-26,10,72
2020-08-26,11,76
2020-08-26,12,80
2020-08-26,13,109
2020-08-26,14,101
2020-08-26,15,84
2020-08-26,16,123
2020-08-26,17,94
2020-08-26,18,62
2020-08-26,19,36
2020-08-26,20,21
2020-08-26,21,16
2020-08-26,22,16
2020-08-26,23,4
2020-08-27,0,0
2020-08-27,1,0
2020-08-27,2,0
2020-08-27,3,0
2020-08-27,4,4
2020-08-27,5,12
2020-08-27,6,30
2020-08-27,7,71
2020-08-27,8,80
2020-08-27,9,62
2020-08-27,10,72
2020-08-27,11,84
2020-08-27,12,84
2020-08-27,13,76
2020-08-27,14,93
2020-08-27,15,97
2020-08-27,16,141
2020-08-27,17,97
2020-08-27,18,53
2020-08-27,19,71
2020-08-27,20,21
2020-08-27,21,16
2020-08-27,22,8
2020-08-27,23,8
2020-08-28,0,0
2020-08-28,1,0
2020-08-28,2,0
2020-08-28,3,0
2020-08-28,4,0
2020-08-28,5,4
2020-08-28,6,30
2020-08-28,7,67
2020-08-28,8,84
2020-08-28,9,76
2020-08-28,10,76
2020-08-28,11,97
2020-08-28,12,106
2020-08-28,13,126
2020-08-28,14,97
2020-08-28,15,100
2020-08-28,16,118
2020-08-28,17,88
2020-08-28,18,67
2020-08-28,19,40
2020-08-28,20,21
2020-08-28,21,16
2020-08-28,22,16
2020-08-28,23,16
2020-08-29,0,12
2020-08-29,1,0
2020-08-29,2,0
2020-08-29,3,0
2020-08-29,4,0
2020-08-29,5,4
2020-08-29,6,8
2020-08-29,7,16
2020-08-29,8,51
2020-08-29,9,57
2020-08-29,10,61
2020-08-29,11,98
2020-08-29,12,101
2020-08-29,13,106
2020-08-29,14,75
2020-08-29,15,71
2020-08-29,16,66
2020-08-29,17,58
2020-08-29,18,48
2020-08-29,19,36
2020-08-29,20,26
2020-08-29,21,26
2020-08-29,22,16
2020-08-29,23,16
2020-08-30,0,12
2020-08-30,1,0
2020-08-30,2,0
2020-08-30,3,0
2020-08-30,4,0
2020-08-30,5,0
2020-08-30,6,4
2020-08-30,7,16
2020-08-30,8,16
2020-08-30,9,36
2020-08-30,10,40
2020-08-30,11,48
2020-08-30,12,62
2020-08-30,13,77
2020-08-30,14,52
2020-08-30,15,52
2020-08-30,16,57
2020-08-30,17,53
2020-08-30,18,44
2020-08-30,19,36
2020-08-30,20,26
2020-08-30,21,25
2020-08-30,22,8
2020-08-30,23,0
2020-08-31,0,0
2020-08-31,1,0
2020-08-31,2,0
2020-08-31,3,0
2020-08-31,4,0
2020-08-31,5,4
2020-08-31,6,30
2020-08-31,7,72
2020-08-31,8,59
2020-08-31,9,62
2020-08-31,10,68
2020-08-31,11,76
2020-08-31,12,84
2020-08-31,13,76
2020-08-31,14,80
2020-08-31,15,92
2020-08-31,16,105
2020-08-31,17,71
2020-08-31,18,48
2020-08-31,19,31
2020-08-31,20,16
2020-08-31,21,16
2020-08-31,22,16
2020-08-31,23,4
2020-09-01,0,0
2020-09-01,1,0
2020-09-01,2,0
2020-09-01,3,0
2020-09-01,4,0
2020-09-01,5,4
2020-09-01,6,26
2020-09-01,7,81
2020-09-01,8,75
2020-09-01,9,57
2020-09-01,10,67
2020-09-01,11,84
2020-09-01,12,97
2020-09-01,13,88
2020-09-01,14,98
2020-09-01,15,142
2020-09-01,16,170
2020-09-01,17,75
2020-09-01,18,58
2020-09-01,19,36
2020-09-01,20,21
2020-09-01,21,16
2020-09-01,22,12
2020-09-01,23,4
2020-09-02,0,0
2020-09-02,1,0
2020-09-02,2,9
2020-09-02,3,0
2020-09-02,4,0
2020-09-02,5,8
2020-09-02,6,35
2020-09-02,7,84
2020-09-02,8,89
2020-09-02,9,66
2020-09-02,10,75
2020-09-02,11,76
2020-09-02,12,84
2020-09-02,13,97
2020-09-02,14,101
2020-09-02,15,96
2020-09-02,16,141
2020-09-02,17,98
2020-09-02,18,53
2020-09-02,19,31
2020-09-02,20,21
2020-09-02,21,16
2020-09-02,22,16
2020-09-02,23,4
2020-09-03,0,0
2020-09-03,1,0
2020-09-03,2,0
2020-09-03,3,0
2020-09-03,4,0
2020-09-03,5,8
2020-09-03,6,35
2020-09-03,7,75
2020-09-03,8,93
2020-09-03,9,72
2020-09-03,10,62
2020-09-03,11,80
2020-09-03,12,84
2020-09-03,13,88
2020-09-03,14,93
2020-09-03,15,102
2020-09-03,16,127
2020-09-03,17,88
2020-09-03,18,44
2020-09-03,19,67
2020-09-03,20,26
2020-09-03,21,16
2020-09-03,22,8
2020-09-03,23,4
2020-09-04,0,0
2020-09-04,1,0
2020-09-04,2,0
2020-09-04,3,0
2020-09-04,4,0
2020-09-04,5,4
2020-09-04,6,30
2020-09-04,7,67
2020-09-04,8,92
2020-09-04,9,80
2020-09-04,10,72
2020-09-04,11,93
2020-09-04,12,111
2020-09-04,13,109
2020-09-04,14,111
2020-09-04,15,120
2020-09-04,16,143
2020-09-04,17,83
2020-09-04,18,46
2020-09-04,19,30
2020-09-04,20,24
2020-09-04,21,24
2020-09-04,22,16
2020-09-04,23,19
2020-09-05,0,9
2020-09-05,1,7
2020-09-05,2,0
2020-09-05,3,4
2020-09-05,4,2
2020-09-05,5,6
2020-09-05,6,11
2020-09-05,7,28
2020-09-05,8,41
2020-09-05,9,54
2020-09-05,10,92
2020-09-05,11,67
2020-09-05,12,151
2020-09-05,13,218
2020-09-05,14,115
2020-09-05,15,80
2020-09-05,16,85
2020-09-05,17,77
2020-09-05,18,63
2020-09-05,19,49
2020-09-05,20,27
2020-09-05,21,15
2020-09-05,22,15
2020-09-05,23,18
2020-09-06,0,9
2020-09-06,1,3
2020-09-06,2,3
2020-09-06,3,4
2020-09-06,4,1
2020-09-06,5,6
2020-09-06,6,5
2020-09-06,7,16
2020-09-06,8,26
2020-09-06,9,57
2020-09-06,10,58
2020-09-06,11,58
2020-09-06,12,69
2020-09-06,13,72
2020-09-06,14,80
2020-09-06,15,65
2020-09-06,16,66
2020-09-06,17,57
2020-09-06,18,57
2020-09-06,19,29
2020-09-06,20,26
2020-09-06,21,10
2020-09-06,22,15
2020-09-06,23,7
2020-09-07,0,3
2020-09-07,1,2
2020-09-07,2,2
2020-09-07,3,0
2020-09-07,4,1
2020-09-07,5,11
2020-09-07,6,37
2020-09-07,7,88
2020-09-07,8,110
2020-09-07,9,66
2020-09-07,10,89
2020-09-07,11,95
2020-09-07,12,62
2020-09-07,13,75
2020-09-07,14,92
2020-09-07,15,68
2020-09-07,16,121
2020-09-07,17,55
2020-09-07,18,45
2020-09-07,19,37
2020-09-07,20,17
2020-09-07,21,10
2020-09-07,22,12
2020-09-07,23,4
2020-09-08,0,1
2020-09-08,1,2
2020-09-08,2,0
2020-09-08,3,2
2020-09-08,4,3
2020-09-08,5,9
2020-09-08,6,45
2020-09-08,7,110
2020-09-08,8,88
2020-09-08,9,63
2020-09-08,10,79
2020-09-08,11,80
2020-09-08,12,104
2020-09-08,13,95
2020-09-08,14,89
2020-09-08,15,78
2020-09-08,16,82
2020-09-08,17,72
2020-09-08,18,46
2020-09-08,19,35
2020-09-08,20,25
2020-09-08,21,16
2020-09-08,22,13
2020-09-08,23,5
2020-09-09,0,5
2020-09-09,1,4
2020-09-09,2,2
2020-09-09,3,1
2020-09-09,4,4
2020-09-09,5,11
2020-09-09,6,47
2020-09-09,7,96
2020-09-09,8,105
2020-09-09,9,64
2020-09-09,10,92
2020-09-09,11,80
2020-09-09,12,77
2020-09-09,13,105
2020-09-09,14,105
2020-09-09,15,92
2020-09-09,16,118
2020-09-09,17,83
2020-09-09,18,52
2020-09-09,19,36
2020-09-09,20,21
2020-09-09,21,16
2020-09-09,22,12
2020-09-09,23,8
2020-09-10,0,0
2020-09-10,1,0
2020-09-10,2,0
2020-09-10,3,0
2020-09-10,4,0
2020-09-10,5,4
2020-09-10,6,30
2020-09-10,7,75
2020-09-10,8,75
2020-09-10,9,67
2020-09-10,10,67
2020-09-10,11,80
2020-09-10,12,80
2020-09-10,13,88
2020-09-10,14,93
2020-09-10,15,93
2020-09-10,16,122
2020-09-10,17,93
2020-09-10,18,52
2020-09-10,19,62
2020-09-10,20,21
2020-09-10,21,16
2020-09-10,22,16
2020-09-10,23,4
2020-09-11,0,0
2020-09-11,1,0
2020-09-11,2,0
2020-09-11,3,0
2020-09-11,4,0
2020-09-11,5,4
2020-09-11,6,30
2020-09-11,7,67
2020-09-11,8,76
2020-09-11,9,80
2020-09-11,10,76
2020-09-11,11,93
2020-09-11,12,119
2020-09-11,13,98
2020-09-11,14,96
2020-09-11,15,115
2020-09-11,16,114
2020-09-11,17,93
2020-09-11,18,57
2020-09-11,19,40
2020-09-11,20,26
2020-09-11,21,16
2020-09-11,22,16
2020-09-11,23,16
2020-09-12,0,12
2020-09-12,1,0
2020-09-12,2,0
2020-09-12,3,0
2020-09-12,4,0
2020-09-12,5,4
2020-09-12,6,12
2020-09-12,7,16
2020-09-12,8,40
2020-09-12,9,48
2020-09-12,10,64
2020-09-12,11,78
2020-09-12,12,92
2020-09-12,13,136
2020-09-12,14,93
2020-09-12,15,80
2020-09-12,16,66
2020-09-12,17,66
2020-09-12,18,62
2020-09-12,19,40
2020-09-12,20,31
2020-09-12,21,26
2020-09-12,22,16
2020-09-12,23,16
2020-09-13,0,12
2020-09-13,1,0
2020-09-13,2,4
2020-09-13,3,0
2020-09-13,4,0
2020-09-13,5,0
2020-09-13,6,0
2020-09-13,7,16
2020-09-13,8,16
2020-09-13,9,36
2020-09-13,10,44
2020-09-13,11,57
2020-09-13,12,72
2020-09-13,13,71
2020-09-13,14,66
2020-09-13,15,52
2020-09-13,16,52
2020-09-13,17,58
2020-09-13,18,40
2020-09-13,19,40
2020-09-13,20,26
2020-09-13,21,21
2020-09-13,22,12
2020-09-13,23,8
2020-09-14,0,3
2020-09-14,1,3
2020-09-14,2,0
2020-09-14,3,0
2020-09-14,4,0
2020-09-14,5,9
2020-09-14,6,45
2020-09-14,7,102
2020-09-14,8,77
2020-09-14,9,88
2020-09-14,10,78
2020-09-14,11,75
2020-09-14,12,95
2020-09-14,13,87
2020-09-14,14,74
2020-09-14,15,89
2020-09-14,16,78
2020-09-14,17,88
2020-09-14,18,54
2020-09-14,19,50
2020-09-14,20,25
2020-09-14,21,15
2020-09-14,22,9
2020-09-14,23,8
2020-09-15,0,5
2020-09-15,1,1
2020-09-15,2,3
2020-09-15,3,5
2020-09-15,4,2
2020-09-15,5,5
2020-09-15,6,55
2020-09-15,7,133
2020-09-15,8,101
2020-09-15,9,83
2020-09-15,10,76
2020-09-15,11,75
2020-09-15,12,85
2020-09-15,13,89
2020-09-15,14,82
2020-09-15,15,78
2020-09-15,16,92
2020-09-15,17,91
2020-09-15,18,47
2020-09-15,19,44
2020-09-15,20,25
2020-09-15,21,13
2020-09-15,22,8
2020-09-15,23,9
2020-09-16,0,7
2020-09-16,1,2
2020-09-16,2,2
2020-09-16,3,2
2020-09-16,4,2
2020-09-16,5,8
2020-09-16,6,46
2020-09-16,7,95
2020-09-16,8,83
2020-09-16,9,78
2020-09-16,10,67
2020-09-16,11,83
2020-09-16,12,80
2020-09-16,13,98
2020-09-16,14,97
2020-09-16,15,107
2020-09-16,16,109
2020-09-16,17,75
2020-09-16,18,53
2020-09-16,19,41
2020-09-16,20,27
2020-09-16,21,18
2020-09-16,22,12
2020-09-16,23,7
2020-09-17,0,4
2020-09-17,1,3
2020-09-17,2,0
2020-09-17,3,2
2020-09-17,4,2
2020-09-17,5,10
2020-09-17,6,57
2020-09-17,7,118
2020-09-17,8,97
2020-09-17,9,102
2020-09-17,10,113
2020-09-17,11,79
2020-09-17,12,90
2020-09-17,13,93
2020-09-17,14,77
2020-09-17,15,80
2020-09-17,16,84
2020-09-17,17,75
2020-09-17,18,62
2020-09-17,19,42
2020-09-17,20,34
2020-09-17,21,17
2020-09-17,22,9
2020-09-17,23,7
2020-09-18,0,3
2020-09-18,1,3
2020-09-18,2,3
2020-09-18,3,2
2020-09-18,4,5
2020-09-18,5,9
2020-09-18,6,38
2020-09-18,7,94
2020-09-18,8,102
2020-09-18,9,82
2020-09-18,10,93
2020-09-18,11,93
2020-09-18,12,104
2020-09-18,13,112
2020-09-18,14,102
2020-09-18,15,115
2020-09-18,16,99
2020-09-18,17,86
2020-09-18,18,58
2020-09-18,19,58
2020-09-18,20,28
2020-09-18,21,21
2020-09-18,22,10
2020-09-18,23,9
2020-09-19,0,7
2020-09-19,1,4
2020-09-19,2,3
2020-09-19,3,2
2020-09-19,4,3
2020-09-19,5,8
2020-09-19,6,9
2020-09-19,7,35
2020-09-19,8,43
2020-09-19,9,61
2020-09-19,10,68
2020-09-19,11,81
2020-09-19,12,94
2020-09-19,13,81
2020-09-19,14,72
2020-09-19,15,68
2020-09-19,16,75
2020-09-19,17,65
2020-09-19,18,65
2020-09-19,19,49
2020-09-19,20,36
2020-09-19,21,22
2020-09-19,22,11
2020-09-19,23,15
2020-09-20,0,6
2020-09-20,1,6
2020-09-20,2,2
2020-09-20,3,3
2020-09-20,4,2
2020-09-20,5,5
2020-09-20,6,10
2020-09-20,7,16
2020-09-20,8,27
2020-09-20,9,40
2020-09-20,10,57
2020-09-20,11,54
2020-09-20,12,90
2020-09-20,13,73
2020-09-20,14,63
2020-09-20,15,75
2020-09-20,16,63
2020-09-20,17,79
2020-09-20,18,54
2020-09-20,19,40
2020-09-20,20,23
2020-09-20,21,13
2020-09-20,22,9
2020-09-20,23,3
2020-09-21,0,3
2020-09-21,1,2
2020-09-21,2,1
2020-09-21,3,0
2020-09-21,4,4
2020-09-21,5,10
2020-09-21,6,36
2020-09-21,7,96
2020-09-21,8,92
2020-09-21,9,78
2020-09-21,10,68
2020-09-21,11,89
2020-09-21,12,85
2020-09-21,13,88
2020-09-21,14,93
2020-09-21,15,83
2020-09-21,16,99
2020-09-21,17,77
2020-09-21,18,52
2020-09-21,19,35
2020-09-21,20,21
2020-09-21,21,12
2020-09-21,22,9
2020-09-21,23,5
2020-09-22,0,3
2020-09-22,1,2
2020-09-22,2,0
2020-09-22,3,2
2020-09-22,4,3
2020-09-22,5,10
2020-09-22,6,42
2020-09-22,7,106
2020-09-22,8,75
2020-09-22,9,66
2020-09-22,10,79
2020-09-22,11,92
2020-09-22,12,92
2020-09-22,13,84
2020-09-22,14,97
2020-09-22,15,123
2020-09-22,16,119
2020-09-22,17,88
2020-09-22,18,57
2020-09-22,19,40
2020-09-22,20,16
2020-09-22,21,16
2020-09-22,22,8
2020-09-22,23,0
2020-09-23,0,0
2020-09-23,1,0
2020-09-23,2,4
2020-09-23,3,0
2020-09-23,4,0
2020-09-23,5,12
2020-09-23,6,30
2020-09-23,7,88
2020-09-23,8,88
2020-09-23,9,76
2020-09-23,10,76
2020-09-23,11,79
2020-09-23,12,92
2020-09-23,13,96
2020-09-23,14,97
2020-09-23,15,84
2020-09-23,16,123
2020-09-23,17,89
2020-09-23,18,67
2020-09-23,19,35
2020-09-23,20,26
2020-09-23,21,16
2020-09-23,22,16
2020-09-23,23,4
2020-09-24,0,0
2020-09-24,1,0
2020-09-24,2,0
2020-09-24,3,0
2020-09-24,4,0
2020-09-24,5,12
2020-09-24,6,30
2020-09-24,7,88
2020-09-24,8,85
2020-09-24,9,84
2020-09-24,10,76
2020-09-24,11,84
2020-09-24,12,88
2020-09-24,13,80
2020-09-24,14,93
2020-09-24,15,92
2020-09-24,16,128
2020-09-24,17,98
2020-09-24,18,55
2020-09-24,19,45
2020-09-24,20,27
2020-09-24,21,27
2020-09-24,22,10
2020-09-24,23,8
2020-09-25,0,4
2020-09-25,12,106
2020-09-25,13,101
2020-09-25,14,92
2020-09-25,15,115
2020-09-25,16,110
2020-09-25,17,92
2020-09-25,18,57
2020-09-25,19,39
2020-09-25,20,21
2020-09-25,21,16
2020-09-25,22,16
2020-09-25,23,12
2020-09-26,0,4
2020-09-26,1,0
2020-09-26,2,0
2020-09-26,3,0
2020-09-26,4,0
2020-09-26,5,4
2020-09-26,6,8
2020-09-26,7,26
2020-09-26,8,47
2020-09-26,9,52
2020-09-26,10,62
2020-09-26,11,80
2020-09-26,12,97
2020-09-26,13,127
2020-09-26,14,88
2020-09-26,15,76
2020-09-26,16,71
2020-09-26,17,76
2020-09-26,18,62
2020-09-26,19,45
2020-09-26,20,36
2020-09-26,21,26
2020-09-26,22,8
2020-09-26,23,12
2020-09-27,0,0
2020-09-27,1,0
2020-09-27,2,0
2020-09-27,3,0
2020-09-27,4,0
2020-09-27,5,0
2020-09-27,6,0
2020-09-27,7,16
2020-09-27,8,21
2020-09-27,9,36
2020-09-27,10,48
2020-09-27,11,52
2020-09-27,12,67
2020-09-27,13,80
2020-09-27,14,67
2020-09-27,15,62
2020-09-27,16,62
2020-09-27,17,67
2020-09-27,18,53
2020-09-27,19,36
2020-09-27,20,26
2020-09-27,21,21
2020-09-27,22,8
2020-09-27,23,0
2020-09-28,0,0
2020-09-28,1,0
2020-09-28,2,0
2020-09-28,3,0
2020-09-28,4,0
2020-09-28,5,4
2020-09-28,6,30
2020-09-28,7,67
2020-09-28,8,75
2020-09-28,9,62
2020-09-28,10,57
2020-09-28,11,72
2020-09-28,12,80
2020-09-28,13,84
2020-09-28,14,80
2020-09-28,15,76
2020-09-28,16,92
2020-09-28,17,71
2020-09-28,18,48
2020-09-28,19,36
2020-09-28,20,16
2020-09-28,21,16
2020-09-28,22,12
2020-09-28,23,4
2020-09-29,0,0
2020-09-29,1,0
2020-09-29,2,0
2020-09-29,3,0
2020-09-29,4,0
2020-09-29,5,0
2020-09-29,6,30
2020-09-29,7,92
2020-09-29,8,89
2020-09-29,9,72
2020-09-29,10,75
2020-09-29,11,88
2020-09-29,12,88
2020-09-29,13,92
2020-09-29,14,101
2020-09-29,15,123
2020-09-29,16,128
2020-09-29,17,80
2020-09-29,18,62
2020-09-29,19,36
2020-09-29,20,21
2020-09-29,21,16
2020-09-29,22,8
2020-09-29,23,0
2020-09-30,0,0
2020-09-30,1,0
2020-09-30,2,4
2020-09-30,3,0
2020-09-30,4,0
2020-09-30,5,12
2020-09-30,6,48
2020-09-30,7,124
2020-09-30,8,131
2020-09-30,9,80
2020-09-30,10,98
2020-09-30,11,92
2020-09-30,12,80
2020-09-30,13,105
2020-09-30,14,101
2020-09-30,15,88
2020-09-30,16,127
2020-09-30,17,84
2020-09-30,18,62
2020-09-30,19,35
2020-09-30,20,21
2020-09-30,21,16
2020-09-30,22,12
2020-09-30,23,4
2020-10-01,0,7
2020-10-01,1,1
2020-10-01,2,5
2020-10-01,3,3
2020-10-01,4,2
2020-10-01,5,14
2020-10-01,6,42
2020-10-01,7,123
2020-10-01,8,91
2020-10-01,9,88
2020-10-01,10,76
2020-10-01,11,80
2020-10-01,12,83
2020-10-01,13,80
2020-10-01,14,97
2020-10-01,15,88
2020-10-01,16,118
2020-10-01,17,98
2020-10-01,18,57
2020-10-01,19,58
2020-10-01,20,31
2020-10-01,21,21
2020-10-01,22,12
2020-10-01,23,4
2020-10-02,0,0
2020-10-02,1,0
2020-10-02,2,0
2020-10-02,3,0
2020-10-02,4,0
2020-10-02,5,4
2020-10-02,6,30
2020-10-02,7,72
2020-10-02,8,97
2020-10-02,9,80
2020-10-02,10,76
2020-10-02,11,93
2020-10-02,12,101
2020-10-02,13,106
2020-10-02,14,88
2020-10-02,15,110
2020-10-02,16,128
2020-10-02,17,92
2020-10-02,18,71
2020-10-02,19,44
2020-10-02,20,21
2020-10-02,21,16
2020-10-02,22,12
2020-10-02,23,16
2020-10-03,0,4
2020-10-03,1,0
2020-10-03,2,0
2020-10-03,3,0
2020-10-03,4,0
2020-10-03,5,0
2020-10-03,6,8
2020-10-03,7,21
2020-10-03,8,44
2020-10-03,9,57
2020-10-03,10,72
2020-10-03,11,76
2020-10-03,12,100
2020-10-03,13,133
2020-10-03,14,84
2020-10-03,15,71
2020-10-03,16,66
2020-10-03,17,71
2020-10-03,18,62
2020-10-03,19,40
2020-10-03,20,31
2020-10-03,21,21
2020-10-03,22,12
2020-10-03,23,12
2020-10-04,0,4
2020-10-04,1,4
2020-10-04,2,2
2020-10-04,3,1
2020-10-04,4,3
2020-10-04,5,1
2020-10-04,6,6
2020-10-04,7,16
2020-10-04,8,21
2020-10-04,9,40
2020-10-04,10,48
2020-10-04,11,57
2020-10-04,12,67
2020-10-04,13,67
2020-10-04,14,71
2020-10-04,15,72
2020-10-04,16,66
2020-10-04,17,75
2020-10-04,18,52
2020-10-04,19,36
2020-10-04,20,21
2020-10-04,21,21
2020-10-04,22,8
2020-10-04,23,0
2020-10-05,0,0
2020-10-05,1,0
2020-10-05,2,0
2020-10-05,3,0
2020-10-05,4,0
2020-10-05,5,8
2020-10-05,6,33
2020-10-05,7,116
2020-10-05,8,90
2020-10-05,9,72
2020-10-05,10,76
2020-10-05,11,71
2020-10-05,12,84
2020-10-05,13,84
2020-10-05,14,76
2020-10-05,15,88
2020-10-05,16,100
2020-10-05,17,84
2020-10-05,18,52
2020-10-05,19,36
2020-10-05,20,21
2020-10-05,21,16
2020-10-05,22,12
2020-10-05,23,0
2020-10-06,0,0
2020-10-06,1,0
2020-10-06,2,0
2020-10-06,3,0
2020-10-06,4,0
2020-10-06,5,4
2020-10-06,6,35
2020-10-06,7,93
2020-10-06,8,89
2020-10-06,9,67
2020-10-06,10,71
2020-10-06,11,80
2020-10-06,12,88
2020-10-06,13,92
2020-10-06,14,97
2020-10-06,15,128
2020-10-06,16,132
2020-10-06,17,84
2020-10-06,18,57
2020-10-06,19,36
2020-10-06,20,16
2020-10-06,21,16
2020-10-06,22,8
2020-10-06,23,0
2020-10-07,0,0
2020-10-07,1,0
2020-10-07,2,4
2020-10-07,3,0
2020-10-07,4,0
2020-10-07,5,8
2020-10-07,6,35
2020-10-07,7,96
2020-10-07,8,101
2020-10-07,9,72
2020-10-07,10,80
2020-10-07,11,84
2020-10-07,12,89
2020-10-07,13,104
2020-10-07,14,97
2020-10-07,15,88
2020-10-07,16,119
2020-10-07,17,95
2020-10-07,18,62
2020-10-07,19,24
2020-10-07,20,25
2020-10-07,21,19
2020-10-07,22,10
2020-10-07,23,6
2020-10-08,0,5
2020-10-08,1,3
2020-10-08,2,2
2020-10-08,3,1
2020-10-08,4,0
2020-10-08,5,16
2020-10-08,6,34
2020-10-08,7,107
2020-10-08,8,92
2020-10-08,9,81
2020-10-08,10,80
2020-10-08,11,80
2020-10-08,12,84
2020-10-08,13,88
2020-10-08,14,89
2020-10-08,15,97
2020-10-08,16,114
2020-10-08,17,97
2020-10-08,18,65
2020-10-08,19,40
2020-10-08,20,33
2020-10-08,21,20
2020-10-08,22,8
2020-10-08,23,4
2020-10-09,0,4
2020-10-09,1,0
2020-10-09,2,26
2020-10-09,3,0
2020-10-09,4,0
2020-10-09,5,8
2020-10-09,6,30
2020-10-09,7,76
2020-10-09,8,85
2020-10-09,9,84
2020-10-09,10,76
2020-10-09,11,97
2020-10-09,12,114
2020-10-09,13,101
2020-10-09,14,92
2020-10-09,15,114
2020-10-09,16,123
2020-10-09,17,87
2020-10-09,18,58
2020-10-09,19,39
2020-10-09,20,14
2020-10-09,21,16
2020-10-09,22,12
2020-10-09,23,16
2020-10-10,0,4
2020-10-10,1,0
2020-10-10,2,0
2020-10-10,3,0
2020-10-10,4,0
2020-10-10,5,8
2020-10-10,6,8
2020-10-10,7,21
2020-10-10,8,40
2020-10-10,9,62
2020-10-10,10,67
2020-10-10,11,80
2020-10-10,12,97
2020-10-10,13,119
2020-10-10,14,98
2020-10-10,15,71
2020-10-10,16,71
2020-10-10,17,67
2020-10-10,18,57
2020-10-10,19,40
2020-10-10,20,31
2020-10-10,21,16
2020-10-10,22,12
2020-10-10,23,8
2020-10-11,0,0
2020-10-11,1,0
2020-10-11,2,0
2020-10-11,3,0
2020-10-11,4,0
2020-10-11,5,0
2020-10-11,6,0
2020-10-11,7,16
2020-10-11,8,21
2020-10-11,9,36
2020-10-11,10,48
2020-10-11,11,57
2020-10-11,12,62
2020-10-11,13,72
2020-10-11,14,62
2020-10-11,15,62
2020-10-11,16,62
2020-10-11,17,62
2020-10-11,18,44
2020-10-11,19,35
2020-10-11,20,26
2020-10-11,21,21
2020-10-11,22,12
2020-10-11,23,0
2020-10-12,0,0
2020-10-12,1,0
2020-10-12,2,0
2020-10-12,3,0
2020-10-12,4,0
2020-10-12,5,8
2020-10-12,6,39
2020-10-12,7,91
2020-10-12,8,67
2020-10-12,9,71
2020-10-12,10,71
2020-10-12,11,76
2020-10-12,12,74
2020-10-12,13,88
2020-10-12,14,66
2020-10-12,15,99
2020-10-12,16,78
2020-10-12,17,73
2020-10-12,18,40
2020-10-12,19,36
2020-10-12,20,20
2020-10-12,21,15
2020-10-12,22,8
2020-10-12,23,1
2020-10-13,0,0
2020-10-13,1,3
2020-10-13,2,2
2020-10-13,3,1
2020-10-13,4,3
2020-10-13,5,14
2020-10-13,6,46
2020-10-13,7,76
2020-10-13,8,66
2020-10-13,9,62
2020-10-13,10,66
2020-10-13,11,66
2020-10-13,12,92
2020-10-13,13,80
2020-10-13,14,100
2020-10-13,15,80
2020-10-13,16,87
2020-10-13,17,64
2020-10-13,18,66
2020-10-13,19,33
2020-10-13,20,20
2020-10-13,21,13
2020-10-13,22,5
2020-10-13,23,3
2020-10-14,0,3
2020-10-14,1,2
2020-10-14,2,4
2020-10-14,3,0
2020-10-14,4,0
2020-10-14,5,8
2020-10-14,6,43
2020-10-14,7,81
2020-10-14,8,83
2020-10-14,9,57
2020-10-14,10,92
2020-10-14,11,88
2020-10-14,12,71
2020-10-14,13,105
2020-10-14,14,92
2020-10-14,15,80
2020-10-14,16,114
2020-10-14,17,89
2020-10-14,18,58
2020-10-14,19,36
2020-10-14,20,21
2020-10-14,21,16
2020-10-14,22,12
2020-10-14,23,4
2020-10-15,0,0
2020-10-15,1,0
2020-10-15,2,0
2020-10-15,3,0
2020-10-15,4,0
2020-10-15,5,12
2020-10-15,6,30
2020-10-15,7,80
2020-10-15,8,70
2020-10-15,9,79
2020-10-15,10,76
2020-10-15,11,89
2020-10-15,12,97
2020-10-15,13,77
2020-10-15,14,89
2020-10-15,15,85
2020-10-15,16,97
2020-10-15,17,74
2020-10-15,18,52
2020-10-15,19,27
2020-10-15,20,29
2020-10-15,21,11
2020-10-15,22,7
2020-10-15,23,4
2020-10-16,0,3
2020-10-16,1,3
2020-10-16,2,1
2020-10-16,3,3
2020-10-16,4,2
2020-10-16,5,9
2020-10-16,6,38
2020-10-16,7,55
2020-10-16,8,68
2020-10-16,9,78
2020-10-16,10,88
2020-10-16,11,88
2020-10-16,12,108
2020-10-16,13,103
2020-10-16,14,100
2020-10-16,15,147
2020-10-16,16,100
2020-10-16,17,78
2020-10-16,18,81
2020-10-16,19,36
2020-10-16,20,28
2020-10-16,21,17
2020-10-16,22,10
2020-10-16,23,10
2020-10-17,0,6
2020-10-17,1,4
2020-10-17,2,7
2020-10-17,3,1
2020-10-17,4,4
2020-10-17,5,5
2020-10-17,6,8
2020-10-17,7,31
2020-10-17,8,37
2020-10-17,9,76
2020-10-17,10,87
2020-10-17,11,73
2020-10-17,12,69
2020-10-17,13,79
2020-10-17,14,73
2020-10-17,15,87
2020-10-17,16,80
2020-10-17,17,62
2020-10-17,18,42
2020-10-17,19,37
2020-10-17,20,32
2020-10-17,21,17
2020-10-17,22,10
2020-10-17,23,11
2020-10-18,0,2
2020-10-18,1,6
2020-10-18,2,3
2020-10-18,3,4
2020-10-18,4,4
2020-10-18,5,9
2020-10-18,6,9
2020-10-18,7,18
2020-10-18,8,24
2020-10-18,9,54
2020-10-18,10,53
2020-10-18,11,60
2020-10-18,12,80
2020-10-18,13,75
2020-10-18,14,86
2020-10-18,15,80
2020-10-18,16,55
2020-10-18,17,55
2020-10-18,18,49
2020-10-18,19,28
2020-10-18,20,24
2020-10-18,21,10
2020-10-18,22,11
2020-10-18,23,8
2020-10-19,0,1
2020-10-19,1,1
2020-10-19,2,2
2020-10-19,3,4
2020-10-19,4,1
2020-10-19,5,10
2020-10-19,6,43
2020-10-19,7,93
2020-10-19,8,93
2020-10-19,9,72
2020-10-19,10,83
2020-10-19,11,87
2020-10-19,12,84
2020-10-19,13,95
2020-10-19,14,86
2020-10-19,15,85
2020-10-19,16,124
2020-10-19,17,82
2020-10-19,18,63
2020-10-19,19,32
2020-10-19,20,27
2020-10-19,21,12
2020-10-19,22,9
2020-10-19,23,5
2020-10-20,0,3
2020-10-20,1,2
2020-10-20,2,1
2020-10-20,3,2
2020-10-20,4,4
2020-10-20,5,11
2020-10-20,6,42
2020-10-20,7,110
2020-10-20,8,87
2020-10-20,9,73
2020-10-20,10,86
2020-10-20,11,77
2020-10-20,12,80
2020-10-20,13,91
2020-10-20,14,101
2020-10-20,15,121
2020-10-20,16,97
2020-10-20,17,79
2020-10-20,18,68
2020-10-20,19,35
2020-10-20,20,12
2020-10-20,21,12
2020-10-20,22,10
2020-10-20,23,6
2020-10-21,0,1
2020-10-21,1,2
2020-10-21,2,1
2020-10-21,3,2
2020-10-21,4,4
2020-10-21,5,13
2020-10-21,6,45
2020-10-21,7,85
2020-10-21,8,98
2020-10-21,9,93
2020-10-21,10,99
2020-10-21,11,98
2020-10-21,12,88
2020-10-21,13,85
2020-10-21,14,88
2020-10-21,15,96
2020-10-21,16,93
2020-10-21,17,91
2020-10-21,18,58
2020-10-21,19,34
2020-10-21,20,30
2020-10-21,21,19
2020-10-21,22,7
2020-10-21,23,2
2020-10-22,0,0
2020-10-22,1,0
2020-10-22,2,0
2020-10-22,3,0
2020-10-22,4,1
2020-10-22,5,9
2020-10-22,6,42
2020-10-22,7,109
2020-10-22,8,104
2020-10-22,9,79
2020-10-22,10,87
2020-10-22,11,84
2020-10-22,12,85
2020-10-22,13,82
2020-10-22,14,106
2020-10-22,15,94
2020-10-22,16,101
2020-10-22,17,71
2020-10-22,18,62
2020-10-22,19,38
2020-10-22,20,23
2020-10-22,21,18
2020-10-22,22,7
2020-10-22,23,8
2020-10-23,0,2
2020-10-23,1,0
2020-10-23,2,3
2020-10-23,3,0
2020-10-23,4,7
2020-10-23,5,11
2020-10-23,6,40
2020-10-23,7,101
2020-10-23,8,90
2020-10-23,9,77
2020-10-23,10,77
2020-10-23,11,100
2020-10-23,12,91
2020-10-23,13,95
2020-10-23,14,111
2020-10-23,15,116
2020-10-23,16,108
2020-10-23,17,86
2020-10-23,18,80
2020-10-23,19,42
2020-10-23,20,31
2020-10-23,21,43
2020-10-23,22,13
2020-10-23,23,6
2020-10-24,0,6
2020-10-24,1,6
2020-10-24,2,3
2020-10-24,3,1
2020-10-24,4,3
2020-10-24,5,8
2020-10-24,6,11
2020-10-24,7,27
2020-10-24,8,32
2020-10-24,9,87
2020-10-24,10,71
2020-10-24,11,75
2020-10-24,12,88
2020-10-24,13,98
2020-10-24,14,88
2020-10-24,15,119
2020-10-24,16,77
2020-10-24,17,67
2020-10-24,18,51
2020-10-24,19,29
2020-10-24,20,26
2020-10-24,21,16
2020-10-24,22,13
2020-10-24,23,5
2020-10-25,0,4
2020-10-25,1,4
2020-10-25,2,4
2020-10-25,3,0
2020-10-25,4,0
2020-10-25,5,0
2020-10-25,6,0
2020-10-25,7,0
2020-10-25,8,16
2020-10-25,9,29
2020-10-25,10,57
2020-10-25,11,49
2020-10-25,12,86
2020-10-25,13,80
2020-10-25,14,73
2020-10-25,15,68
2020-10-25,16,64
2020-10-25,17,61
2020-10-25,18,57
2020-10-25,19,46
2020-10-25,20,33
2020-10-25,21,22
2020-10-25,22,11
2020-10-25,23,11
2020-10-26,0,5
2020-10-26,1,3
2020-10-26,2,1
2020-10-26,3,4
2020-10-26,4,3
2020-10-26,5,5
2020-10-26,6,11
2020-10-26,7,52
2020-10-26,8,111
2020-10-26,9,85
2020-10-26,10,92
2020-10-26,11,76
2020-10-26,12,85
2020-10-26,13,80
2020-10-26,14,88
2020-10-26,15,80
2020-10-26,16,161
2020-10-26,17,228
2020-10-26,18,96
2020-10-26,19,45
2020-10-26,20,30
2020-10-26,21,18
2020-10-26,22,14
2020-10-26,23,6
2020-10-27,0,3
2020-10-27,1,7
2020-10-27,2,0
2020-10-27,3,2
2020-10-27,4,1
2020-10-27,5,3
2020-10-27,6,11
2020-10-27,7,36
2020-10-27,8,116
2020-10-27,9,98
2020-10-27,10,96
2020-10-27,11,86
2020-10-27,12,83
2020-10-27,13,94
2020-10-27,14,115
2020-10-27,15,108
2020-10-27,16,99
2020-10-27,17,108
2020-10-27,18,73
2020-10-27,19,53
2020-10-27,20,34
2020-10-27,21,22
2020-10-27,22,12
2020-10-27,23,11
2020-10-28,0,6
2020-10-28,1,1
2020-10-28,2,4
2020-10-28,3,2
2020-10-28,4,0
2020-10-28,5,9
2020-10-28,6,12
2020-10-28,7,45
2020-10-28,8,114
2020-10-28,9,104
2020-10-28,10,75
2020-10-28,11,81
2020-10-28,12,96
2020-10-28,13,93
2020-10-28,14,99
2020-10-28,15,100
2020-10-28,16,103
2020-10-28,17,120
2020-10-28,18,109
2020-10-28,19,50
2020-10-28,20,28
2020-10-28,21,26
2020-10-28,22,18
2020-10-28,23,6
2020-10-29,0,3
2020-10-29,1,3
2020-10-29,2,1
2020-10-29,3,1
2020-10-29,4,4
2020-10-29,5,1
2020-10-29,6,9
2020-10-29,7,49
2020-10-29,8,106
2020-10-29,9,156
2020-10-29,10,78
2020-10-29,11,97
2020-10-29,12,110
2020-10-29,13,105
2020-10-29,14,109
2020-10-29,15,129
2020-10-29,16,118
2020-10-29,17,146
2020-10-29,18,96
2020-10-29,19,51
2020-10-29,20,48
2020-10-29,21,22
2020-10-29,22,19
2020-10-29,23,8
2020-10-30,0,7
2020-10-30,1,4
2020-10-30,2,3
2020-10-30,3,1
2020-10-30,4,1
2020-10-30,5,3
2020-10-30,6,9
2020-10-30,7,43
2020-10-30,8,88
2020-10-30,9,94
2020-10-30,10,80
2020-10-30,11,92
2020-10-30,12,105
2020-10-30,13,104
2020-10-30,14,119
2020-10-30,15,106
2020-10-30,16,96
2020-10-30,21,20
2020-10-30,22,19
2020-10-30,23,16
2020-10-31,0,4
2020-10-31,1,4
2020-10-31,2,0
2020-10-31,3,0
2020-10-31,4,0
2020-10-31,5,4
2020-10-31,6,8
2020-10-31,7,8
2020-10-31,8,22
2020-10-31,9,52
2020-10-31,10,96
2020-10-31,11,119
2020-10-31,12,119
2020-10-31,13,95
2020-10-31,14,107
2020-10-31,15,93
2020-10-31,16,84
2020-10-31,17,69
2020-10-31,18,67
2020-10-31,19,48
2020-10-31,20,36
2020-10-31,21,36
2020-10-31,22,16
2020-10-31,23,12
2020-11-01,0,8
2020-11-01,1,4
2020-11-01,2,4
2020-11-01,3,4
2020-11-01,4,0
2020-11-01,5,0
2020-11-01,6,2
2020-11-01,7,4
2020-11-01,8,16
2020-11-01,9,34
2020-11-01,10,62
2020-11-01,11,64
2020-11-01,12,63
2020-11-01,13,91
2020-11-01,14,82
2020-11-01,15,100
2020-11-01,16,72
2020-11-01,17,71
2020-11-01,18,98
2020-11-01,19,50
2020-11-01,20,38
2020-11-01,21,31
2020-11-01,22,16
2020-11-01,23,10
2020-11-02,0,4
2020-11-02,1,3
2020-11-02,2,4
2020-11-02,3,6
2020-11-02,4,3
2020-11-02,5,2
2020-11-02,6,10
2020-11-02,7,52
2020-11-02,8,148
2020-11-02,9,95
2020-11-02,10,81
2020-11-02,11,185
2020-11-02,12,66
2020-11-02,13,89
2020-11-02,14,97
2020-11-02,15,71
2020-11-02,16,87
2020-11-02,17,133
2020-11-02,18,86
2020-11-02,19,49
2020-11-02,20,41
2020-11-02,21,16
2020-11-02,22,16
2020-11-02,23,6
2020-11-03,0,4
2020-11-03,1,1
2020-11-03,2,4
2020-11-03,3,1
2020-11-03,4,2
2020-11-03,5,3
2020-11-03,6,12
2020-11-03,7,37
2020-11-03,8,102
2020-11-03,9,98
2020-11-03,10,72
2020-11-03,11,97
2020-11-03,12,143
2020-11-03,13,77
2020-11-03,14,74
2020-11-03,15,96
2020-11-03,16,98
2020-11-03,17,135
2020-11-03,18,88
2020-11-03,19,46
2020-11-03,20,40
2020-11-03,21,16
2020-11-03,22,12
2020-11-03,23,7
2020-11-04,0,4
2020-11-04,1,3
2020-11-04,2,1
2020-11-04,3,1
2020-11-04,4,4
2020-11-04,5,4
2020-11-04,6,18
2020-11-04,7,44
2020-11-04,8,102
2020-11-04,9,122
2020-11-04,10,76
2020-11-04,11,83
2020-11-04,12,81
2020-11-04,13,92
2020-11-04,14,87
2020-11-04,15,98
2020-11-04,16,92
2020-11-04,17,102
2020-11-04,18,92
2020-11-04,19,95
2020-11-04,20,31
2020-11-04,21,27
2020-11-04,22,23
2020-11-04,23,8
2020-11-05,0,6
2020-11-05,1,4
2020-11-05,2,1
2020-11-05,3,2
2020-11-05,4,4
2020-11-05,5,6
2020-11-05,6,14
2020-11-05,7,47
2020-11-05,8,107
2020-11-05,9,107
2020-11-05,10,92
2020-11-05,11,83
2020-11-05,12,94
2020-11-05,13,79
2020-11-05,14,95
2020-11-05,15,96
2020-11-05,16,108
2020-11-05,17,111
2020-11-05,18,91
2020-11-05,19,54
2020-11-05,20,40
2020-11-05,21,23
2020-11-05,22,18
2020-11-05,23,10
2020-11-06,0,2
2020-11-06,1,8
2020-11-06,2,2
2020-11-06,3,3
2020-11-06,4,3
2020-11-06,5,6
2020-11-06,6,10
2020-11-06,7,38
2020-11-06,8,102
2020-11-06,9,99
2020-11-06,10,86
2020-11-06,11,80
2020-11-06,12,81
2020-11-06,13,103
2020-11-06,14,110
2020-11-06,15,114
2020-11-06,16,105
2020-11-06,17,128
2020-11-06,18,95
2020-11-06,19,76
2020-11-06,20,55
2020-11-06,21,23
2020-11-06,22,18
2020-11-06,23,14
2020-11-07,0,8
2020-11-07,1,9
2020-11-07,2,3
2020-11-07,3,3
2020-11-07,4,2
2020-11-07,5,4
2020-11-07,6,7
2020-11-07,7,16
2020-11-07,8,25
2020-11-07,9,49
2020-11-07,10,74
2020-11-07,11,81
2020-11-07,12,94
2020-11-07,13,108
2020-11-07,14,108
2020-11-07,15,94
2020-11-07,16,102
2020-11-07,17,100
2020-11-07,18,86
2020-11-07,19,53
2020-11-07,20,39
2020-11-07,21,26
2020-11-07,22,12
2020-11-07,23,15
2020-11-08,0,6
2020-11-08,1,7
2020-11-08,2,5
2020-11-08,3,3
2020-11-08,4,2
2020-11-08,5,1
2020-11-08,6,3
2020-11-08,7,6
2020-11-08,8,15
2020-11-08,9,32
2020-11-08,10,44
2020-11-08,11,69
2020-11-08,12,75
2020-11-08,13,77
2020-11-08,14,95
2020-11-08,15,88
2020-11-08,16,76
2020-11-08,17,63
2020-11-08,18,65
2020-11-08,19,43
2020-11-08,20,26
2020-11-08,21,20
2020-11-08,22,9
2020-11-08,23,9
2020-11-09,0,5
2020-11-09,1,1
2020-11-09,2,2
2020-11-09,3,1
2020-11-09,4,3
2020-11-09,5,5
2020-11-09,6,12
2020-11-09,7,52
2020-11-09,8,109
2020-11-09,9,103
2020-11-09,10,81
2020-11-09,11,61
2020-11-09,12,84
2020-11-09,13,90
2020-11-09,14,77
2020-11-09,15,81
2020-11-09,16,87
2020-11-09,17,108
2020-11-09,18,80
2020-11-09,19,46
2020-11-09,20,31
2020-11-09,21,17
2020-11-09,22,12
2020-11-09,23,10
2020-11-10,0,6
2020-11-10,1,2
2020-11-10,2,1
2020-11-10,3,3
2020-11-10,4,2
2020-11-10,5,3
2020-11-10,6,17
2020-11-10,7,41
2020-11-10,8,122
2020-11-10,9,104
2020-11-10,10,66
2020-11-10,11,78
2020-11-10,12,97
2020-11-10,13,99
2020-11-10,14,91
2020-11-10,15,92
2020-11-10,16,128
2020-11-10,17,117
2020-11-10,18,93
2020-11-10,19,51
2020-11-10,20,34
2020-11-10,21,26
2020-11-10,22,15
2020-11-10,23,6
2020-11-11,0,4
2020-11-11,1,5
2020-11-11,2,1
2020-11-11,3,4
2020-11-11,4,3
2020-11-11,5,3
2020-11-11,6,14
2020-11-11,7,52
2020-11-11,8,160
2020-11-11,9,135
2020-11-11,10,66
2020-11-11,11,92
2020-11-11,12,90
2020-11-11,13,78
2020-11-11,14,98
2020-11-11,15,107
2020-11-11,16,114
2020-11-11,17,138
2020-11-11,18,87
2020-11-11,19,60
2020-11-11,20,39
2020-11-11,21,22
2020-11-11,22,18
2020-11-11,23,10
2020-11-12,0,4
2020-11-12,1,4
2020-11-12,2,5
2020-11-12,3,2
2020-11-12,4,2
2020-11-12,5,4
2020-11-12,6,14
2020-11-12,7,54
2020-11-12,8,118
2020-11-12,9,104
2020-11-12,10,92
2020-11-12,11,127
2020-11-12,12,115
2020-11-12,13,145
2020-11-12,14,83
2020-11-12,15,84
2020-11-12,16,111
2020-11-12,17,135
2020-11-12,18,90
2020-11-12,19,56
2020-11-12,20,37
2020-11-12,21,28
2020-11-12,22,15
2020-11-12,23,9
2020-11-13,0,7
2020-11-13,1,2
2020-11-13,2,0
2020-11-13,3,6
2020-11-13,4,3
2020-11-13,5,5
2020-11-13,6,17
2020-11-13,7,60
2020-11-13,8,111
2020-11-13,9,110
2020-11-13,10,107
2020-11-13,11,108
2020-11-13,12,107
2020-11-13,13,107
2020-11-13,14,103
2020-11-13,15,96
2020-11-13,16,124
2020-11-13,17,127
2020-11-13,18,102
2020-11-13,19,59
2020-11-13,20,49
2020-11-13,21,26
2020-11-13,22,17
2020-11-13,23,15
2020-11-14,0,7
2020-11-14,1,2
2020-11-14,2,5
2020-11-14,3,2
2020-11-14,4,4
2020-11-14,5,3
2020-11-14,6,9
2020-11-14,7,23
2020-11-14,8,35
2020-11-14,9,49
2020-11-14,10,76
2020-11-14,11,84
2020-11-14,12,107
2020-11-14,13,102
2020-11-14,14,93
2020-11-14,15,111
2020-11-14,16,102
2020-11-14,17,83
2020-11-14,18,72
2020-11-14,19,48
2020-11-14,20,39
2020-11-14,21,24
2020-11-14,22,15
2020-11-14,23,6
2020-11-15,0,6
2020-11-15,1,7
2020-11-15,2,3
2020-11-15,3,3
2020-11-15,4,6
2020-11-15,5,4
2020-11-15,6,4
2020-11-15,7,7
2020-11-15,8,30
2020-11-15,9,21
2020-11-15,10,53
2020-11-15,11,62
2020-11-15,12,79
2020-11-15,13,97
2020-11-15,14,86
2020-11-15,15,104
2020-11-15,16,86
2020-11-15,17,74
2020-11-15,18,52
2020-11-15,19,45
2020-11-15,20,30
2020-11-15,21,29
2020-11-15,22,16
2020-11-15,23,7
2020-11-16,0,7
2020-11-16,1,2
2020-11-16,2,3
2020-11-16,3,2
2020-11-16,4,4
2020-11-16,5,5
2020-11-16,6,9
2020-11-16,7,55
2020-11-16,8,114
2020-11-16,9,99
2020-11-16,10,72
2020-11-16,11,81
2020-11-16,12,69
2020-11-16,13,89
2020-11-16,14,90
2020-11-16,15,89
2020-11-16,16,96
2020-11-16,17,91
2020-11-16,18,92
2020-11-16,19,42
2020-11-16,20,41
2020-11-16,21,27
2020-11-16,22,7
2020-11-16,23,7
2020-11-17,0,6
2020-11-17,1,3
2020-11-17,2,2
2020-11-17,3,2
2020-11-17,12,106
2020-11-17,13,115
2020-11-17,14,91
2020-11-17,15,103
2020-11-17,16,117
2020-11-17,17,105
2020-11-17,18,78
2020-11-17,19,54
2020-11-17,20,29
2020-11-17,21,29
2020-11-17,22,11
2020-11-17,23,6
2020-11-18,0,3
2020-11-18,1,5
2020-11-18,2,1
2020-11-18,3,2
2020-11-18,4,1
2020-11-18,5,4
2020-11-18,6,15
2020-11-18,7,48
2020-11-18,8,115
2020-11-18,9,106
2020-11-18,10,93
2020-11-18,11,106
2020-11-18,12,103
2020-11-18,13,110
2020-11-18,14,105
2020-11-18,15,102
2020-11-18,16,105
2020-11-18,17,133
2020-11-18,18,98
2020-11-18,19,60
2020-11-18,20,43
2020-11-18,21,31
2020-11-18,22,17
2020-11-18,23,10
2020-11-19,0,4
2020-11-19,1,8
2020-11-19,2,3
2020-11-19,3,0
2020-11-19,4,2
2020-11-19,5,5
2020-11-19,6,12
2020-11-19,7,42
2020-11-19,8,106
2020-11-19,9,105
2020-11-19,10,148
2020-11-19,11,81
2020-11-19,12,97
2020-11-19,13,125
2020-11-19,14,92
2020-11-19,15,107
2020-11-19,16,109
2020-11-19,17,106
2020-11-19,18,125
2020-11-19,19,61
2020-11-19,20,41
2020-11-19,21,21
2020-11-19,22,16
2020-11-19,23,4
2020-11-20,0,2
2020-11-20,1,0
2020-11-20,2,4
2020-11-20,3,3
2020-11-20,4,4
2020-11-20,5,3
2020-11-20,6,11
2020-11-20,7,39
2020-11-20,8,115
2020-11-20,9,105
2020-11-20,10,102
2020-11-20,11,113
2020-11-20,12,119
2020-11-20,13,121
2020-11-20,14,112
2020-11-20,15,128
2020-11-20,16,124
2020-11-20,17,117
2020-11-20,18,91
2020-11-20,19,51
2020-11-20,20,30
2020-11-20,21,19
2020-11-20,22,21
2020-11-20,23,9
2020-11-21,0,7
2020-11-21,1,6
2020-11-21,2,7
2020-11-21,3,3
2020-11-21,4,6
2020-11-21,5,7
2020-11-21,6,4
2020-11-21,7,10
2020-11-21,8,27
2020-11-21,9,39
2020-11-21,10,52
2020-11-21,11,52
2020-11-21,12,71
2020-11-21,13,77
2020-11-21,14,62
2020-11-21,15,51
2020-11-21,16,71
2020-11-21,17,64
2020-11-21,18,56
2020-11-21,19,44
2020-11-21,20,26
2020-11-21,21,13
2020-11-21,22,12
2020-11-21,23,7
2020-11-22,0,10
2020-11-22,1,2
2020-11-22,2,0
2020-11-22,3,0
2020-11-22,4,1
2020-11-22,5,0
2020-11-22,6,5
2020-11-22,7,17
2020-11-22,8,36
2020-11-22,9,26
2020-11-22,10,39
2020-11-22,11,48
2020-11-22,12,79
2020-11-22,13,69
2020-11-22,14,68
2020-11-22,15,68
2020-11-22,16,53
2020-11-22,17,39
2020-11-22,18,39
2020-11-22,19,31
2020-11-22,20,24
2020-11-22,21,18
2020-11-22,22,15
2020-11-22,23,8
2020-11-23,0,3
2020-11-23,1,2
2020-11-23,2,4
2020-11-23,3,4
2020-11-23,4,2
2020-11-23,5,2
2020-11-23,6,14
2020-11-23,7,51
2020-11-23,8,98
2020-11-23,9,92
2020-11-23,10,48
2020-11-23,11,77
2020-11-23,12,69
2020-11-23,13,74
2020-11-23,14,88
2020-11-23,15,92
2020-11-23,16,92
2020-11-23,17,119
2020-11-23,18,76
2020-11-23,19,44
2020-11-23,20,31
2020-11-23,21,16
2020-11-23,22,16
2020-11-23,23,8
2020-11-24,0,0
2020-11-24,1,0
2020-11-24,2,0
2020-11-24,3,0
2020-11-24,4,0
2020-11-24,5,4
2020-11-24,6,12
2020-11-24,7,39
2020-11-24,8,114
2020-11-24,9,89
2020-11-24,10,76
2020-11-24,11,80
2020-11-24,12,88
2020-11-24,13,92
2020-11-24,14,92
2020-11-24,15,89
2020-11-24,16,87
2020-11-24,17,95
2020-11-24,18,53
2020-11-24,19,34
2020-11-24,20,25
2020-11-24,21,20
2020-11-24,22,9
2020-11-24,23,7
2020-11-25,0,3
2020-11-25,1,5
2020-11-25,2,0
2020-11-25,3,1
2020-11-25,4,1
2020-11-25,5,5
2020-11-25,6,7
2020-11-25,7,43
2020-11-25,8,110
2020-11-25,9,88
2020-11-25,10,43
2020-11-25,11,61
2020-11-25,12,67
2020-11-25,13,80
2020-11-25,14,67
2020-11-25,15,100
2020-11-25,16,86
2020-11-25,17,97
2020-11-25,18,61
2020-11-25,19,45
2020-11-25,20,22
2020-11-25,21,20
2020-11-25,22,16
2020-11-25,23,11
2020-11-26,0,1
2020-11-26,1,0
2020-11-26,2,0
2020-11-26,3,2
2020-11-26,4,2
2020-11-26,5,8
2020-11-26,6,12
2020-11-26,7,41
2020-11-26,8,110
2020-11-26,9,101
2020-11-26,10,101
2020-11-26,11,66
2020-11-26,12,69
2020-11-26,13,77
2020-11-26,14,88
2020-11-26,15,103
2020-11-26,16,99
2020-11-26,17,90
2020-11-26,18,52
2020-11-26,19,39
2020-11-26,20,31
2020-11-26,21,12
2020-11-26,22,12
2020-11-26,23,10
2020-11-27,0,5
2020-11-27,1,2
2020-11-27,2,6
2020-11-27,3,3
2020-11-27,4,1
2020-11-27,5,3
2020-11-27,6,8
2020-11-27,7,37
2020-11-27,8,143
2020-11-27,9,92
2020-11-27,10,78
2020-11-27,11,71
2020-11-27,12,78
2020-11-27,13,94
2020-11-27,14,102
2020-11-27,15,94
2020-11-27,16,99
2020-11-27,17,99
2020-11-27,18,90
2020-11-27,19,50
2020-11-27,20,31
2020-11-27,21,24
2020-11-27,22,18
2020-11-27,23,7
2020-11-28,0,12
2020-11-28,1,3
2020-11-28,2,0
2020-11-28,3,1
2020-11-28,4,3
2020-11-28,5,2
2020-11-28,6,5
2020-11-28,7,9
2020-11-28,8,21
2020-11-28,9,29
2020-11-28,10,62
2020-11-28,11,64
2020-11-28,12,75
2020-11-28,13,82
2020-11-28,14,85
2020-11-28,15,85
2020-11-28,16,70
2020-11-28,17,60
2020-11-28,18,58
2020-11-28,19,39
2020-11-28,20,33
2020-11-28,21,23
2020-11-28,22,10
2020-11-28,23,9
2020-11-29,0,9
2020-11-29,1,7
2020-11-29,2,3
2020-11-29,3,0
2020-11-29,4,3
2020-11-29,5,0
2020-11-29,6,3
2020-11-29,7,9
2020-11-29,8,17
2020-11-29,9,29
2020-11-29,10,42
2020-11-29,11,43
2020-11-29,12,60
2020-11-29,13,50
2020-11-29,14,53
2020-11-29,15,66
2020-11-29,16,67
2020-11-29,17,46
2020-11-29,18,38
2020-11-29,19,36
2020-11-29,20,26
2020-11-29,21,25
2020-11-29,22,16
2020-11-29,23,4
2020-11-30,0,0
2020-11-30,1,0
2020-11-30,2,4
2020-11-30,3,0
2020-11-30,4,0
2020-11-30,5,4
2020-11-30,6,12
2020-11-30,7,44
2020-11-30,8,128
2020-11-30,9,101
2020-11-30,10,71
2020-11-30,11,74
2020-11-30,12,106
2020-11-30,13,76
2020-11-30,14,76
2020-11-30,15,81
2020-11-30,16,92
2020-11-30,17,100
2020-11-30,18,64
2020-11-30,19,43
2020-11-30,20,21
2020-11-30,21,16
2020-11-30,22,16
2020-11-30,23,12
2020-12-01,0,6
2020-12-01,1,1
2020-12-01,2,6
2020-12-01,3,3
2020-12-01,4,0
2020-12-01,5,3
2020-12-01,6,9
2020-12-01,7,45
2020-12-01,8,108
2020-12-01,9,96
2020-12-01,10,76
2020-12-01,11,84
2020-12-01,12,65
2020-12-01,13,59
2020-12-01,14,88
2020-12-01,15,89
2020-12-01,16,102
2020-12-01,17,80
2020-12-01,18,68
2020-12-01,19,46
2020-12-01,20,27
2020-12-01,21,19
2020-12-01,22,11
2020-12-01,23,9
2020-12-02,0,5
2020-12-02,1,2
2020-12-02,2,0
2020-12-02,3,4
2020-12-02,4,0
2020-12-02,5,0
2020-12-02,6,12
2020-12-02,7,44
2020-12-02,8,109
2020-12-02,9,105
2020-12-02,10,76
2020-12-02,11,76
2020-12-02,12,88
2020-12-02,13,88
2020-12-02,14,88
2020-12-02,15,96
2020-12-02,16,96
2020-12-02,17,115
2020-12-02,18,85
2020-12-02,19,57
2020-12-02,20,35
2020-12-02,21,21
2020-12-02,22,16
2020-12-02,23,12
2020-12-03,0,0
2020-12-03,1,0
2020-12-03,2,0
2020-12-03,3,0
2020-12-03,4,0
2020-12-03,5,0
2020-12-03,6,16
2020-12-03,7,39
2020-12-03,8,114
2020-12-03,9,101
2020-12-03,10,97
2020-12-03,11,80
2020-12-03,12,80
2020-12-03,13,93
2020-12-03,14,88
2020-12-03,15,93
2020-12-03,16,97
2020-12-03,17,109
2020-12-03,18,84
2020-12-03,19,48
2020-12-03,20,40
2020-12-03,21,16
2020-12-03,22,16
2020-12-03,23,8
2020-12-04,0,0
2020-12-04,1,0
2020-12-04,2,0
2020-12-04,3,0
2020-12-04,4,0
2020-12-04,5,4
2020-12-04,6,12
2020-12-04,7,39
2020-12-04,8,130
2020-12-04,9,96
2020-12-04,10,84
2020-12-04,11,80
2020-12-04,12,97
2020-12-04,13,101
2020-12-04,14,105
2020-12-04,15,104
2020-12-04,16,105
2020-12-04,17,100
2020-12-04,18,92
2020-12-04,19,62
2020-12-04,20,40
2020-12-04,21,21
2020-12-04,22,16
2020-12-04,23,12
2020-12-05,0,4
2020-12-05,1,4
2020-12-05,2,0
2020-12-05,3,0
2020-12-05,4,0
2020-12-05,5,0
2020-12-05,6,0
2020-12-05,7,12
2020-12-05,8,26
2020-12-05,9,36
2020-12-05,11,72
2020-12-05,12,76
2020-12-05,13,80
2020-12-05,14,88
2020-12-05,15,80
2020-12-05,16,72
2020-12-05,17,67
2020-12-05,18,66
2020-12-05,19,44
2020-12-05,20,40
2020-12-05,21,21
2020-12-05,22,16
2020-12-05,23,8
2020-12-06,0,0
2020-12-06,1,4
2020-12-06,2,0
2020-12-06,3,0
2020-12-06,4,0
2020-12-06,5,0
2020-12-06,6,0
2020-12-06,7,4
2020-12-06,8,25
2020-12-06,9,26
2020-12-06,10,48
2020-12-06,11,52
2020-12-06,12,62
2020-12-06,13,71
2020-12-06,14,72
2020-12-06,15,76
2020-12-06,16,57
2020-12-06,17,52
2020-12-06,18,57
2020-12-06,19,36
2020-12-06,20,26
2020-12-06,21,25
2020-12-06,22,16
2020-12-06,23,4
2020-12-07,0,0
2020-12-07,1,0
2020-12-07,2,0
2020-12-07,3,0
2020-12-07,4,0
2020-12-07,5,0
2020-12-07,6,12
2020-12-07,7,44
2020-12-07,8,106
2020-12-07,9,93
2020-12-07,10,62
2020-12-07,11,72
2020-12-07,12,80
2020-12-07,13,76
2020-12-07,14,84
2020-12-07,15,76
2020-12-07,16,80
2020-12-07,17,114
2020-12-07,18,75
2020-12-07,19,44
2020-12-07,20,31
2020-12-07,21,21
2020-12-07,22,16
2020-12-07,23,8
2020-12-08,0,4
2020-12-08,1,0
2020-12-08,2,0
2020-12-08,3,0
2020-12-08,4,0
2020-12-08,5,0
2020-12-08,6,16
2020-12-08,7,34
2020-12-08,8,93
2020-12-08,9,88
2020-12-08,10,76
2020-12-08,11,80
2020-12-08,12,80
2020-12-08,13,88
2020-12-08,14,84
2020-12-08,15,88
2020-12-08,16,92
2020-12-08,17,88
2020-12-08,18,71
2020-12-08,19,44
2020-12-08,20,31
2020-12-08,21,21
2020-12-08,22,16
2020-12-08,23,0
2020-12-09,0,0
2020-12-09,1,0
2020-12-09,2,0
2020-12-09,3,0
2020-12-09,4,0
2020-12-09,5,0
2020-12-09,6,12
2020-12-09,7,39
2020-12-09,8,110
2020-12-09,9,105
2020-12-09,10,67
2020-12-09,11,76
2020-12-09,12,84
2020-12-09,13,80
2020-12-09,14,92
2020-12-09,15,97
2020-12-09,16,88
2020-12-09,17,100
2020-12-09,18,80
2020-12-09,19,52
2020-12-09,20,31
2020-12-09,21,21
2020-12-09,22,16
2020-12-09,23,8
2020-12-10,0,0
2020-12-10,1,0
2020-12-10,2,0
2020-12-10,3,0
2020-12-10,4,0
2020-12-10,5,0
2020-12-10,6,12
2020-12-10,7,39
2020-12-10,8,92
2020-12-10,9,92
2020-12-10,10,97
2020-12-10,11,80
2020-12-10,12,84
2020-12-10,13,97
2020-12-10,14,88
2020-12-10,15,88
2020-12-10,16,85
2020-12-10,17,88
2020-12-10,18,84
2020-12-10,19,48
2020-12-10,20,44
2020-12-10,21,16
2020-12-10,22,16
2020-12-10,23,8
2020-12-11,0,4
2020-12-11,1,0
2020-12-11,2,0
2020-12-11,3,0
2020-12-11,4,0
2020-12-11,5,4
2020-12-11,6,12
2020-12-11,7,35
2020-12-11,8,110
2020-12-11,9,92
2020-12-11,10,88
2020-12-11,11,76
2020-12-11,12,92
2020-12-11,13,101
2020-12-11,14,96
2020-12-11,15,96
2020-12-11,16,96
2020-12-11,17,96
2020-12-11,18,84
2020-12-11,19,62
2020-12-11,20,44
2020-12-11,21,21
2020-12-11,22,16
2020-12-11,23,12
2020-12-12,0,8
2020-12-12,1,4
2020-12-12,2,4
2020-12-12,3,0
2020-12-12,4,4
2020-12-12,5,0
2020-12-12,6,4
2020-12-12,7,12
2020-12-12,8,26
2020-12-12,9,44
2020-12-12,10,71
2020-12-12,11,67
2020-12-12,12,88
2020-12-12,13,92
2020-12-12,14,101
2020-12-12,15,89
2020-12-12,16,84
2020-12-12,17,76
2020-12-12,18,70
2020-12-12,19,48
2020-12-12,20,44
2020-12-12,21,21
2020-12-12,22,16
2020-12-12,23,16
2020-12-13,0,4
2020-12-13,1,0
2020-12-13,2,0
2020-12-13,3,0
2020-12-13,4,0
2020-12-13,5,0
2020-12-13,6,0
2020-12-13,7,4
2020-12-13,8,25
2020-12-13,9,26
2020-12-13,10,48
2020-12-13,11,52
2020-12-13,12,62
2020-12-13,13,75
2020-12-13,14,72
2020-12-13,15,76
2020-12-13,16,67
2020-12-13,17,52
2020-12-13,18,57
2020-12-13,19,36
2020-12-13,20,31
2020-12-13,21,25
2020-12-13,22,16
2020-12-13,23,8
2020-12-14,0,4
2020-12-14,1,0
2020-12-14,2,0
2020-12-14,3,0
2020-12-14,4,0
2020-12-14,5,0
2020-12-14,6,12
2020-12-14,7,39
2020-12-14,8,101
2020-12-14,9,97
2020-12-14,10,76
2020-12-14,11,76
2020-12-14,12,84
2020-12-14,13,88
2020-12-14,14,88
2020-12-14,15,88
2020-12-14,16,84
2020-12-14,17,110
2020-12-14,18,80
2020-12-14,19,48
2020-12-14,20,36
2020-12-14,21,16
2020-12-14,22,16
2020-12-14,23,8
2020-12-15,0,0
2020-12-15,1,0
2020-12-15,2,1
2020-12-15,3,0
2020-12-15,4,0
2020-12-15,5,4
2020-12-15,6,16
2020-12-15,7,34
2020-12-15,8,93
2020-12-15,9,93
2020-12-15,10,80
2020-12-15,11,88
2020-12-15,12,92
2020-12-15,13,84
2020-12-15,14,96
2020-12-15,15,84
2020-12-15,16,100
2020-12-15,17,96
2020-12-15,18,71
2020-12-15,19,48
2020-12-15,20,31
2020-12-15,21,21
2020-12-15,22,16
2020-12-15,23,4
2020-12-16,0,0
2020-12-16,1,0
2020-12-16,2,0
2020-12-16,3,0
2020-12-16,4,0
2020-12-16,5,1
2020-12-16,6,16
2020-12-16,7,39
2020-12-16,8,106
2020-12-16,9,105
2020-12-16,10,72
2020-12-16,11,80
2020-12-16,12,88
2020-12-16,13,92
2020-12-16,14,92
2020-12-16,15,100
2020-12-16,16,88
2020-12-16,17,110
2020-12-16,18,84
2020-12-16,19,57
2020-12-16,20,31
2020-12-16,21,21
2020-12-16,22,16
2020-12-16,23,12
2020-12-17,0,4
2020-12-17,1,0
2020-12-17,2,0
2020-12-17,3,0
2020-12-17,4,0
2020-12-17,5,0
2020-12-17,6,12
2020-12-17,7,44
2020-12-17,8,96
2020-12-17,9,105
2020-12-17,10,105
2020-12-17,11,88
2020-12-17,12,22
2020-12-17,13,0
2020-12-17,14,0
2020-12-17,15,92
2020-12-17,16,89
2020-12-17,17,100
2020-12-17,18,84
2020-12-17,19,48
2020-12-17,20,44
2020-12-17,21,16
2020-12-17,22,16
2020-12-17,23,8
2020-12-18,0,0
2020-12-18,1,0
2020-12-18,2,0
2020-12-18,3,0
2020-12-18,4,0
2020-12-18,5,4
2020-12-18,6,8
2020-12-18,7,35
2020-12-18,8,110
2020-12-18,9,105
2020-12-18,10,92
2020-12-18,11,84
2020-12-18,12,101
2020-12-18,13,105
2020-12-18,14,106
2020-12-18,15,111
2020-12-18,16,105
2020-12-18,17,105
2020-12-18,18,84
2020-12-18,19,62
2020-12-18,20,40
2020-12-18,21,25
2020-12-18,22,16
2020-12-18,23,16
2020-12-19,0,8
2020-12-19,1,4
2020-12-19,2,0
2020-12-19,3,0
2020-12-19,4,0
2020-12-19,5,4
2020-12-19,6,10
2020-12-19,7,10
2020-12-19,8,33
2020-12-19,9,58
2020-12-19,10,78
2020-12-19,11,111
2020-12-19,12,122
2020-12-19,13,112
2020-12-19,14,130
2020-12-19,15,95
2020-12-19,16,93
2020-12-19,17,95
2020-12-19,18,86
2020-12-19,19,58
2020-12-19,20,39
2020-12-19,21,17
2020-12-19,22,15
2020-12-19,23,12
2020-12-20,0,4
2020-12-20,1,6
2020-12-20,2,4
2020-12-20,3,4
2020-12-20,4,0
2020-12-20,5,1
2020-12-20,6,6
2020-12-20,7,4
2020-12-20,8,25
2020-12-20,9,33
2020-12-20,10,59
2020-12-20,11,60
2020-12-20,12,71
2020-12-20,13,82
2020-12-20,14,80
2020-12-20,15,85
2020-12-20,16,72
2020-12-20,17,57
2020-12-20,18,47
2020-12-20,19,46
2020-12-20,20,33
2020-12-20,21,38
2020-12-20,22,12
2020-12-20,23,10
2020-12-21,0,6
2020-12-21,1,7
2020-12-21,2,1
2020-12-21,3,1
2020-12-21,4,2
2020-12-21,5,7
2020-12-21,6,14
2020-12-21,7,43
2020-12-21,8,91
2020-12-21,9,95
2020-12-21,10,77
2020-12-21,11,110
2020-12-21,12,89
2020-12-21,13,92
2020-12-21,14,113
2020-12-21,15,107
2020-12-21,16,114
2020-12-21,17,87
2020-12-21,18,77
2020-12-21,19,55
2020-12-21,20,66
2020-12-21,21,35
2020-12-21,22,23
2020-12-21,23,8
2020-12-22,0,0
2020-12-22,1,0
2020-12-22,2,0
2020-12-22,3,0
2020-12-22,4,0
2020-12-22,5,0
2020-12-22,6,12
2020-12-22,7,39
2020-12-22,8,94
2020-12-22,9,102
2020-12-22,10,120
2020-12-22,11,104
2020-12-22,12,111
2020-12-22,13,115
2020-12-22,14,134
2020-12-22,15,110
2020-12-22,16,112
2020-12-22,17,81
2020-12-22,18,140
2020-12-22,19,156
2020-12-22,20,34
2020-12-22,21,16
2020-12-22,22,16
2020-12-22,23,6
2020-12-23,0,5
2020-12-23,1,3
2020-12-23,2,1
2020-12-23,3,4
2020-12-23,4,0
2020-12-23,5,4
2020-12-23,6,10
2020-12-23,7,35
2020-12-23,8,75
2020-12-23,9,85
2020-12-23,10,99
2020-12-23,11,129
2020-12-23,12,125
2020-12-23,13,112
2020-12-23,14,112
2020-12-23,15,127
2020-12-23,16,144
2020-12-23,17,103
2020-12-23,18,87
2020-12-23,19,76
2020-12-23,20,29
2020-12-23,21,25
2020-12-23,22,16
2020-12-23,23,12
2020-12-24,0,0
2020-12-24,1,0
2020-12-24,2,0
2020-12-24,3,0
2020-12-24,4,0
2020-12-24,5,4
2020-12-24,6,9
2020-12-24,7,34
2020-12-24,8,84
2020-12-24,9,88
2020-12-24,10,101
2020-12-24,11,109
2020-12-24,12,116
2020-12-24,13,118
2020-12-24,14,105
2020-12-24,15,135
2020-12-24,16,80
2020-12-24,17,80
2020-12-24,18,62
2020-12-24,19,39
2020-12-24,20,36
2020-12-24,21,16
2020-12-24,22,16
2020-12-24,23,8
2020-12-25,0,4
2020-12-25,1,0
2020-12-25,2,0
2020-12-25,3,0
2020-12-25,4,0
2020-12-25,5,0
2020-12-25,6,1
2020-12-25,7,9
2020-12-25,8,4
2020-12-25,9,13
2020-12-25,10,10
2020-12-25,11,28
2020-12-25,12,38
2020-12-25,13,39
2020-12-25,14,42
2020-12-25,15,39
2020-12-25,16,22
2020-12-25,17,13
2020-12-25,18,14
2020-12-25,19,21
2020-12-25,20,25
2020-12-25,21,17
2020-12-25,22,17
2020-12-25,23,12
2020-12-26,0,10
2020-12-26,1,5
2020-12-26,2,6
2020-12-26,3,4
2020-12-26,4,0
2020-12-26,5,3
2020-12-26,6,2
2020-12-26,7,7
2020-12-26,8,5
2020-12-26,9,13
2020-12-26,10,11
2020-12-26,11,21
2020-12-26,12,25
2020-12-26,13,25
2020-12-26,14,42
2020-12-26,15,39
2020-12-26,16,71
2020-12-26,17,57
2020-12-26,18,21
2020-12-26,19,40
2020-12-26,20,31
2020-12-26,21,16
2020-12-26,22,16
2020-12-26,23,12
2020-12-27,0,2
2020-12-27,1,0
2020-12-27,2,2
2020-12-27,3,4
2020-12-27,4,1
2020-12-27,5,2
2020-12-27,6,4
2020-12-27,7,0
2020-12-27,8,25
2020-12-27,9,26
2020-12-27,10,44
2020-12-27,11,52
2020-12-27,12,39
2020-12-27,13,61
2020-12-27,14,62
2020-12-27,15,49
2020-12-27,16,46
2020-12-27,17,43
2020-12-27,18,27
2020-12-27,19,27
2020-12-27,20,27
2020-12-27,21,16
2020-12-27,22,10
2020-12-27,23,4
2020-12-28,0,6
2020-12-28,1,1
2020-12-28,2,2
2020-12-28,3,3
2020-12-28,4,3
2020-12-28,5,3
2020-12-28,6,8
2020-12-28,7,13
2020-12-28,8,18
2020-12-28,9,16
2020-12-28,10,30
2020-12-28,11,64
2020-12-28,12,68
2020-12-28,13,73
2020-12-28,14,84
2020-12-28,15,56
2020-12-28,16,72
2020-12-28,17,89
2020-12-28,18,57
2020-12-28,19,40
2020-12-28,20,49
2020-12-28,21,25
2020-12-28,22,16
2020-12-28,23,8
2020-12-29,0,4
2020-12-29,1,3
2020-12-29,2,4
2020-12-29,3,3
2020-12-29,4,2
2020-12-29,5,5
2020-12-29,6,5
2020-12-29,7,13
2020-12-29,8,39
2020-12-29,9,37
2020-12-29,10,55
2020-12-29,11,48
2020-12-29,12,73
2020-12-29,13,73
2020-12-29,14,54
2020-12-29,15,63
2020-12-29,16,76
2020-12-29,17,72
2020-12-29,18,71
2020-12-29,19,60
2020-12-29,20,28
2020-12-29,21,20
2020-12-29,22,16
2020-12-29,23,3
2020-12-30,0,5
2020-12-30,1,3
2020-12-30,2,3
2020-12-30,3,0
2020-12-30,4,0
2020-12-30,5,0
2020-12-30,6,8
2020-12-30,7,44
2020-12-30,8,92
2020-12-30,9,88
2020-12-30,10,67
2020-12-30,11,76
2020-12-30,12,80
2020-12-30,13,84
2020-12-30,14,88
2020-12-30,15,92
2020-12-30,16,84
2020-12-30,17,92
2020-12-30,18,65
2020-12-30,19,57
2020-12-30,20,31
2020-12-30,21,21
2020-12-30,22,16
2020-12-30,23,16
2020-12-31,0,4
2020-12-31,1,0
2020-12-31,2,0
2020-12-31,3,0
2020-12-31,4,0
2020-12-31,5,0
2020-12-31,6,0
2020-12-31,7,39
2020-12-31,8,96
2020-12-31,9,84
2020-12-31,10,97
2020-12-31,11,88
2020-12-31,12,80
2020-12-31,13,92
2020-12-31,14,84
2020-12-31,15,89
2020-12-31,16,70
2020-12-31,17,76
2020-12-31,18,67
2020-12-31,19,36
2020-12-31,20,36
2020-12-31,21,16
2020-12-31,22,16
2020-12-31,23,12
2021-01-01,0,0
2021-01-01,1,0
2021-01-01,2,8
2021-01-01,3,4
2021-01-01,4,0
2021-01-01,5,0
2021-01-01,6,0
2021-01-01,7,35
2021-01-01,8,98
2021-01-01,9,80
2021-01-01,10,76
2021-01-01,11,76
2021-01-01,12,40
2021-01-01,13,32
2021-01-01,14,68
2021-01-01,15,42
2021-01-01,16,33
2021-01-01,17,58
2021-01-01,18,26
2021-01-01,19,23
2021-01-01,20,36
2021-01-01,21,16
2021-01-01,22,16
2021-01-01,23,16
2021-01-02,0,8
2021-01-02,1,0
2021-01-02,2,0
2021-01-02,3,0
2021-01-02,4,0
2021-01-02,5,4
2021-01-02,6,0
2021-01-02,7,8
2021-01-02,8,21
2021-01-02,9,40
2021-01-02,10,55
2021-01-02,11,40
2021-01-02,12,48
2021-01-02,13,41
2021-01-02,14,72
2021-01-02,15,67
2021-01-02,16,80
2021-01-02,17,62
2021-01-02,18,57
2021-01-02,19,44
2021-01-02,20,36
2021-01-02,21,21
2021-01-02,22,16
2021-01-02,23,8
2021-01-03,0,0
2021-01-03,1,4
2021-01-03,2,0
2021-01-03,3,0
2021-01-03,4,1
2021-01-03,5,0
2021-01-03,6,3
2021-01-03,7,4
2021-01-03,8,25
2021-01-03,9,26
2021-01-03,10,38
2021-01-03,11,55
2021-01-03,12,50
2021-01-03,13,71
2021-01-03,14,72
2021-01-03,15,62
2021-01-03,16,57
2021-01-03,17,45
2021-01-03,18,45
2021-01-03,19,34
2021-01-03,20,31
2021-01-03,21,21
2021-01-03,22,16
2021-01-03,23,4
2021-01-04,0,4
2021-01-04,1,0
2021-01-04,2,3
2021-01-04,3,4
2021-01-04,4,5
2021-01-04,5,1
2021-01-04,6,5
2021-01-04,7,30
2021-01-04,8,76
2021-01-04,9,66
2021-01-04,10,57
2021-01-04,11,71
2021-01-04,12,67
2021-01-04,13,67
2021-01-04,14,76
2021-01-04,15,62
2021-01-04,16,62
2021-01-04,17,79
2021-01-04,18,52
2021-01-04,19,36
2021-01-04,20,44
2021-01-04,21,25
2021-01-04,22,16
2021-01-04,23,8
2021-01-05,0,4
2021-01-05,1,0
2021-01-05,2,4
2021-01-05,3,4
2021-01-05,4,0
2021-01-05,5,0
2021-01-05,6,8
2021-01-05,7,30
2021-01-05,8,71
2021-01-05,9,76
2021-01-05,10,75
2021-01-05,11,76
2021-01-05,12,80
2021-01-05,13,68
2021-01-05,14,63
2021-01-05,15,63
2021-01-05,16,68
2021-01-05,17,81
2021-01-05,18,47
2021-01-05,19,57
2021-01-05,20,23
2021-01-05,21,12
2021-01-05,22,14
2021-01-05,23,0
2021-01-06,0,0
2021-01-06,1,0
2021-01-06,2,0
2021-01-06,3,0
2021-01-06,4,0
2021-01-06,5,0
2021-01-06,6,8
2021-01-06,7,35
2021-01-06,8,84
2021-01-06,9,88
2021-01-06,10,65
2021-01-06,11,80
2021-01-06,12,90
2021-01-06,13,81
2021-01-06,14,89
2021-01-06,15,92
2021-01-06,16,129
2021-01-06,17,88
2021-01-06,18,70
2021-01-06,19,44
2021-01-06,20,26
2021-01-06,21,16
2021-01-06,22,16
2021-01-06,23,8
2021-01-07,0,0
2021-01-07,1,0
2021-01-07,2,0
2021-01-07,3,0
2021-01-07,4,0
2021-01-07,5,0
2021-01-07,6,8
2021-01-07,7,39
2021-01-07,8,84
2021-01-07,9,80
2021-01-07,10,89
2021-01-07,11,76
2021-01-07,12,80
2021-01-07,13,88
2021-01-07,14,71
2021-01-07,15,89
2021-01-07,16,76
2021-01-07,17,96
2021-01-07,18,66
2021-01-07,19,40
2021-01-07,20,31
2021-01-07,21,16
2021-01-07,22,16
2021-01-07,23,8
2021-01-08,0,0
2021-01-08,1,0
2021-01-08,2,0
2021-01-08,3,0
2021-01-08,4,5
2021-01-08,5,8
2021-01-08,6,0
2021-01-08,7,31
2021-01-08,8,84
2021-01-08,9,76
2021-01-08,10,62
2021-01-08,11,61
2021-01-08,12,67
2021-01-08,13,76
2021-01-08,14,76
2021-01-08,15,75
2021-01-08,16,60
2021-01-08,17,76
2021-01-08,18,57
2021-01-08,19,44
2021-01-08,20,36
2021-01-08,21,16
2021-01-08,22,16
2021-01-08,23,16
2021-01-09,0,4
2021-01-09,1,0
2021-01-09,2,0
2021-01-09,3,0
2021-01-09,4,0
2021-01-09,5,0
2021-01-09,6,8
2021-01-09,7,12
2021-01-09,8,21
2021-01-09,9,40
2021-01-09,10,52
2021-01-09,11,39
2021-01-09,12,48
2021-01-09,13,53
2021-01-09,14,70
2021-01-09,15,59
2021-01-09,16,48
2021-01-09,17,49
2021-01-09,18,42
2021-01-09,19,38
2021-01-09,20,26
2021-01-09,21,20
2021-01-09,22,12
2021-01-09,23,8
2021-01-10,0,5
2021-01-10,1,3
2021-01-10,2,3
2021-01-10,3,3
2021-01-10,4,0
2021-01-10,5,1
2021-01-10,6,7
2021-01-10,7,7
2021-01-10,8,8
2021-01-10,9,19
2021-01-10,10,30
2021-01-10,11,48
2021-01-10,12,50
2021-01-10,13,45
2021-01-10,14,52
2021-01-10,15,36
2021-01-10,16,47
2021-01-10,17,35
2021-01-10,18,35
2021-01-10,19,24
2021-01-10,20,31
2021-01-10,21,21
2021-01-10,22,16
2021-01-10,23,8
2021-01-11,0,6
2021-01-11,1,3
2021-01-11,2,3
2021-01-11,3,2
2021-01-11,4,2
2021-01-11,5,7
2021-01-11,6,10
2021-01-11,7,40
2021-01-11,8,84
2021-01-11,9,57
2021-01-11,10,47
2021-01-11,11,71
2021-01-11,12,58
2021-01-11,13,62
2021-01-11,14,67
2021-01-11,15,73
2021-01-11,16,49
2021-01-11,17,83
2021-01-11,18,56
2021-01-11,19,35
2021-01-11,20,21
2021-01-11,21,17
2021-01-11,22,16
2021-01-11,23,8
2021-01-12,0,1
2021-01-12,1,0
2021-01-12,2,0
2021-01-12,3,0
2021-01-12,4,0
2021-01-12,5,1
2021-01-12,6,8
2021-01-12,7,26
2021-01-12,8,88
2021-01-12,9,84
2021-01-12,10,61
2021-01-12,11,58
2021-01-12,12,81
2021-01-12,13,72
2021-01-12,14,66
2021-01-12,15,73
2021-01-12,16,75
2021-01-12,17,94
2021-01-12,18,83
2021-01-12,19,55
2021-01-12,20,27
2021-01-12,21,16
2021-01-12,22,16
2021-01-12,23,5
2021-01-13,0,6
2021-01-13,1,3
2021-01-13,2,5
2021-01-13,3,0
2021-01-13,4,2
2021-01-13,5,2
2021-01-13,6,9
2021-01-13,7,29
2021-01-13,8,71
2021-01-13,9,70
2021-01-13,10,53
2021-01-13,11,75
2021-01-13,12,63
2021-01-13,13,77
2021-01-13,14,81
2021-01-13,15,92
2021-01-13,16,106
2021-01-13,17,100
2021-01-13,18,80
2021-01-13,19,52
2021-01-13,20,35
2021-01-13,21,21
2021-01-13,22,16
2021-01-13,23,8
2021-01-14,0,0
2021-01-14,1,0
2021-01-14,2,0
2021-01-14,3,0
2021-01-14,4,0
2021-01-14,5,0
2021-01-14,6,12
2021-01-14,7,39
2021-01-14,8,101
2021-01-14,9,88
2021-01-14,10,89
2021-01-14,11,50
2021-01-14,12,54
2021-01-14,13,82
2021-01-14,14,88
2021-01-14,15,93
2021-01-14,16,84
2021-01-14,17,88
2021-01-14,18,75
2021-01-14,19,48
2021-01-14,20,36
2021-01-14,21,21
2021-01-14,22,16
2021-01-14,23,6
2021-01-15,0,1
2021-01-15,1,3
2021-01-15,2,5
2021-01-15,3,0
2021-01-15,4,0
2021-01-15,5,0
2021-01-15,6,0
2021-01-15,7,35
2021-01-15,8,79
2021-01-15,9,76
2021-01-15,10,62
2021-01-15,11,71
2021-01-15,12,71
2021-01-15,13,72
2021-01-15,14,72
2021-01-15,15,72
2021-01-15,16,67
2021-01-15,17,80
2021-01-15,18,57
2021-01-15,19,40
2021-01-15,20,40
2021-01-15,21,16
2021-01-15,22,16
2021-01-15,23,12
2021-01-16,0,4
2021-01-16,1,0
2021-01-16,2,0
2021-01-16,3,0
2021-01-16,4,0
2021-01-16,5,0
2021-01-16,6,4
2021-01-16,7,8
2021-01-16,8,21
2021-01-16,9,40
2021-01-16,10,52
2021-01-16,11,52
2021-01-16,12,57
2021-01-16,13,57
2021-01-16,14,76
2021-01-16,15,75
2021-01-16,16,75
2021-01-16,17,52
2021-01-16,18,57
2021-01-16,19,40
2021-01-16,20,36
2021-01-16,21,16
2021-01-16,22,16
2021-01-16,23,8
2021-01-17,0,0
2021-01-17,1,3
2021-01-17,2,8
2021-01-17,3,1
2021-01-17,4,2
2021-01-17,5,4
2021-01-17,6,6
2021-01-17,7,5
2021-01-17,8,14
2021-01-17,9,19
2021-01-17,10,22
2021-01-17,11,40
2021-01-17,12,41
2021-01-17,13,31
2021-01-17,14,63
2021-01-17,15,58
2021-01-17,16,56
2021-01-17,17,49
2021-01-17,18,30
2021-01-17,19,30
2021-01-17,20,19
2021-01-17,21,13
2021-01-17,22,8
2021-01-17,23,9
2021-01-18,0,2
2021-01-18,1,1
2021-01-18,2,1
2021-01-18,3,1
2021-01-18,4,3
2021-01-18,5,2
2021-01-18,6,9
2021-01-18,7,36
2021-01-18,8,69
2021-01-18,9,63
2021-01-18,10,45
2021-01-18,11,49
2021-01-18,12,73
2021-01-18,13,61
2021-01-18,14,76
2021-01-18,15,72
2021-01-18,16,76
2021-01-18,17,97
2021-01-18,18,66
2021-01-18,19,40
2021-01-18,20,45
2021-01-18,21,25
2021-01-18,22,16
2021-01-18,23,8
2021-01-19,0,0
2021-01-19,1,0
2021-01-19,2,0
2021-01-19,3,0
2021-01-19,4,0
2021-01-19,5,0
2021-01-19,6,8
2021-01-19,7,35
2021-01-19,8,88
2021-01-19,9,85
2021-01-19,10,84
2021-01-19,11,67
2021-01-19,12,100
2021-01-19,13,88
2021-01-19,14,80
2021-01-19,15,80
2021-01-19,16,80
2021-01-19,17,93
2021-01-19,18,71
2021-01-19,19,57
2021-01-19,20,26
2021-01-19,21,16
2021-01-19,22,16
2021-01-19,23,2
2021-01-20,0,9
2021-01-20,1,2
2021-01-20,2,2
2021-01-20,3,0
2021-01-20,4,0
2021-01-20,5,2
2021-01-20,6,14
2021-01-20,7,29
2021-01-20,8,82
2021-01-20,9,56
2021-01-20,10,48
2021-01-20,11,53
2021-01-20,12,67
2021-01-20,13,64
2021-01-20,14,66
2021-01-20,15,54
2021-01-20,16,66
2021-01-20,17,72
2021-01-20,18,47
2021-01-20,19,35
2021-01-20,20,31
2021-01-20,21,21
2021-01-20,22,16
2021-01-20,23,12
2021-01-21,0,51
2021-01-21,1,0
2021-01-21,2,3
2021-01-21,3,0
2021-01-21,4,6
2021-01-21,5,10
2021-01-21,6,12
2021-01-21,7,31
2021-01-21,8,66
2021-01-21,9,65
2021-01-21,10,56
2021-01-21,11,61
2021-01-21,12,80
2021-01-21,13,97
2021-01-21,14,88
2021-01-21,15,101
2021-01-21,16,93
2021-01-21,17,97
2021-01-21,18,84
2021-01-21,19,48
2021-01-21,20,44
2021-01-21,21,21
2021-01-21,22,16
2021-01-21,23,8
2021-01-22,0,0
2021-01-22,1,0
2021-01-22,2,0
2021-01-22,3,4
2021-01-22,4,1
2021-01-22,5,3
2021-01-22,6,11
2021-01-22,7,35
2021-01-22,8,66
2021-01-22,9,69
2021-01-22,10,64
2021-01-22,11,71
2021-01-22,12,67
2021-01-22,13,76
2021-01-22,14,84
2021-01-22,15,73
2021-01-22,16,58
2021-01-22,17,90
2021-01-22,18,52
2021-01-22,19,51
2021-01-22,20,34
2021-01-22,21,24
2021-01-22,22,16
2021-01-22,23,12
2021-01-23,0,13
2021-01-23,1,0
2021-01-23,2,4
2021-01-23,3,0
2021-01-23,4,0
2021-01-23,5,0
2021-01-23,6,4
2021-01-23,7,12
2021-01-23,8,21
2021-01-23,9,40
2021-01-23,10,52
2021-01-23,11,57
2021-01-23,12,62
2021-01-23,13,72
2021-01-23,14,84
2021-01-23,15,67
2021-01-23,16,80
2021-01-23,17,62
2021-01-23,18,53
2021-01-23,19,40
2021-01-23,20,36
2021-01-23,21,26
2021-01-23,22,16
2021-01-23,23,16
2021-01-24,0,4
2021-01-24,1,0
2021-01-24,2,4
2021-01-24,3,0
2021-01-24,4,0
2021-01-24,5,0
2021-01-24,6,0
2021-01-24,7,8
2021-01-24,8,21
2021-01-24,9,26
2021-01-24,10,44
2021-01-24,11,48
2021-01-24,12,52
2021-01-24,13,57
2021-01-24,14,72
2021-01-24,15,62
2021-01-24,16,62
2021-01-24,17,52
2021-01-24,18,44
2021-01-24,19,31
2021-01-24,20,26
2021-01-24,21,21
2021-01-24,22,12
2021-01-24,23,4
2021-01-25,0,0
2021-01-25,1,0
2021-01-25,2,0
2021-01-25,3,0
2021-01-25,4,0
2021-01-25,5,0
2021-01-25,6,12
2021-01-25,7,35
2021-01-25,8,76
2021-01-25,9,66
2021-01-25,10,52
2021-01-25,11,67
2021-01-25,12,72
2021-01-25,13,62
2021-01-25,14,80
2021-01-25,15,80
2021-01-25,16,72
2021-01-25,17,97
2021-01-25,18,67
2021-01-25,19,52
2021-01-25,20,40
2021-01-25,21,25
2021-01-25,22,16
2021-01-25,23,8
2021-01-26,0,0
2021-01-26,1,0
2021-01-26,2,0
2021-01-26,3,0
2021-01-26,4,0
2021-01-26,5,0
2021-01-26,6,12
2021-01-26,7,30
2021-01-26,8,80
2021-01-26,9,76
2021-01-26,10,80
2021-01-26,11,71
2021-01-26,12,88
2021-01-26,13,80
2021-01-26,14,71
2021-01-26,15,67
2021-01-26,16,80
2021-01-26,17,88
2021-01-26,18,57
2021-01-26,19,53
2021-01-26,20,31
2021-01-26,21,16
2021-01-26,22,16
2021-01-26,23,0
2021-01-27,0,0
2021-01-27,1,0
2021-01-27,2,0
2021-01-27,3,0
2021-01-27,4,0
2021-01-27,5,4
2021-01-27,6,13
2021-01-27,7,35
2021-01-27,8,80
2021-01-27,9,80
2021-01-27,10,62
2021-01-27,11,76
2021-01-27,12,72
2021-01-27,13,84
2021-01-27,14,80
2021-01-27,15,84
2021-01-27,16,105
2021-01-27,17,104
2021-01-27,18,70
2021-01-27,19,52
2021-01-27,20,31
2021-01-27,21,21
2021-01-27,22,16
2021-01-27,23,12
2021-01-28,0,39
2021-01-28,1,0
2021-01-28,2,0
2021-01-28,3,0
2021-01-28,4,0
2021-01-28,5,0
2021-01-28,6,16
2021-01-28,7,44
2021-01-28,8,84
2021-01-28,9,93
2021-01-28,10,84
2021-01-28,11,66
2021-01-28,12,80
2021-01-28,13,101
2021-01-28,14,88
2021-01-28,15,110
2021-01-28,16,93
2021-01-28,17,100
2021-01-28,18,84
2021-01-28,19,48
2021-01-28,20,44
2021-01-28,21,16
2021-01-28,22,21
2021-01-28,23,8
2021-01-29,0,4
2021-01-29,1,0
2021-01-29,2,0
2021-01-29,3,0
2021-01-29,4,0
2021-01-29,5,0
2021-01-29,6,4
2021-01-29,7,31
2021-01-29,8,89
2021-01-29,9,76
2021-01-29,10,67
2021-01-29,11,62
2021-01-29,12,76
2021-01-29,13,76
2021-01-29,14,88
2021-01-29,15,67
2021-01-29,16,67
2021-01-29,17,80
2021-01-29,18,62
2021-01-29,19,48
2021-01-29,20,36
2021-01-29,21,21
2021-01-29,22,16
2021-01-29,23,16
2021-01-30,0,12
2021-01-30,1,4
2021-01-30,2,4
2021-01-30,3,0
2021-01-30,4,0
2021-01-30,5,0
2021-01-30,6,4
2021-01-30,7,12
2021-01-30,8,16
2021-01-30,9,36
2021-01-30,10,57
2021-01-30,11,48
2021-01-30,12,57
2021-01-30,13,57
2021-01-30,14,80
2021-01-30,15,76
2021-01-30,16,80
2021-01-30,17,67
2021-01-30,18,53
2021-01-30,19,48
2021-01-30,20,36
2021-01-30,21,26
2021-01-30,22,16
2021-01-30,23,8
2021-01-31,0,4
2021-01-31,1,0
2021-01-31,2,0
2021-01-31,3,0
2021-01-31,4,0
2021-01-31,5,0
2021-01-31,6,4
2021-01-31,7,8
2021-01-31,8,21
2021-01-31,9,26
2021-01-31,10,44
2021-01-31,11,48
2021-01-31,12,52
2021-01-31,13,57
2021-01-31,14,72
2021-01-31,15,67
2021-01-31,16,62
2021-01-31,17,52
2021-01-31,18,40
2021-01-31,19,36
2021-01-31,20,26
2021-01-31,21,21
2021-01-31,22,12
2021-01-31,23,4
2021-02-01,0,0
2021-02-01,1,0
2021-02-01,2,0
2021-02-01,3,0
2021-02-01,4,0
2021-02-01,5,0
2021-02-01,6,8
2021-02-01,7,40
2021-02-01,8,80
2021-02-01,9,66
2021-02-01,10,52
2021-02-01,11,67
2021-02-01,12,72
2021-02-01,13,75
2021-02-01,14,80
2021-02-01,15,76
2021-02-01,16,72
2021-02-01,17,101
2021-02-01,18,71
2021-02-01,19,44
2021-02-01,20,40
2021-02-01,21,25
2021-02-01,22,16
2021-02-01,23,8
2021-02-02,0,0
2021-02-02,1,0
2021-02-02,2,0
2021-02-02,3,0
2021-02-02,4,0
2021-02-02,5,0
2021-02-02,6,8
2021-02-02,7,34
2021-02-02,8,88
2021-02-02,9,80
2021-02-02,10,72
2021-02-02,11,67
2021-02-02,12,80
2021-02-02,13,80
2021-02-02,14,76
2021-02-02,15,66
2021-02-02,16,84
2021-02-02,17,88
2021-02-02,18,67
2021-02-02,19,57
2021-02-02,20,26
2021-02-02,21,16
2021-02-02,22,16
2021-02-02,23,0
2021-02-03,0,0
2021-02-03,1,0
2021-02-03,2,0
2021-02-03,3,0
2021-02-03,4,0
2021-02-03,5,0
2021-02-03,6,16
2021-02-03,7,35
2021-02-03,8,84
2021-02-03,9,80
2021-02-03,10,52
2021-02-03,11,72
2021-02-03,12,80
2021-02-03,13,80
2021-02-03,14,80
2021-02-03,15,92
2021-02-03,16,93
2021-02-03,17,100
2021-02-03,18,80
2021-02-03,19,48
2021-02-03,20,31
2021-02-03,21,21
2021-02-03,22,16
2021-02-03,23,12
2021-02-04,0,35
2021-02-04,1,0
2021-02-04,2,0
2021-02-04,3,0
2021-02-04,4,0
2021-02-04,5,4
2021-02-04,6,16
2021-02-04,7,39
2021-02-04,8,80
2021-02-04,9,80
2021-02-04,10,84
2021-02-04,11,72
2021-02-04,12,68
2021-02-04,13,64
2021-02-04,14,81
2021-02-04,15,60
2021-02-04,16,62
2021-02-04,17,127
2021-02-04,18,78
2021-02-04,19,43
2021-02-04,20,35
2021-02-04,21,16
2021-02-04,22,16
2021-02-04,23,8
2021-02-05,0,4
2021-02-05,1,0
2021-02-05,2,0
2021-02-05,3,4
2021-02-05,4,0
2021-02-05,5,0
2021-02-05,6,5
2021-02-05,7,31
2021-02-05,8,79
2021-02-05,9,66
2021-02-05,10,62
2021-02-05,11,67
2021-02-05,12,80
2021-02-05,13,76
2021-02-05,14,80
2021-02-05,15,67
2021-02-05,16,67
2021-02-05,17,80
2021-02-05,18,62
2021-02-05,19,49
2021-02-05,20,31
2021-02-05,21,21
2021-02-05,22,17
2021-02-05,23,9
2021-02-06,0,8
2021-02-06,1,7
2021-02-06,2,3
2021-02-06,3,4
2021-02-06,4,6
2021-02-06,5,4
2021-02-06,6,0
2021-02-06,7,12
2021-02-06,8,21
2021-02-06,9,26
2021-02-06,10,54
2021-02-06,11,52
2021-02-06,12,67
2021-02-06,13,81
2021-02-06,14,83
2021-02-06,15,72
2021-02-06,16,59
2021-02-06,17,75
2021-02-06,18,53
2021-02-06,19,44
2021-02-06,20,36
2021-02-06,21,21
2021-02-06,22,16
2021-02-06,23,12
2021-02-07,0,4
2021-02-07,1,0
2021-02-07,2,0
2021-02-07,3,0
2021-02-07,4,0
2021-02-07,5,2
2021-02-07,6,0
2021-02-07,7,8
2021-02-07,8,21
2021-02-07,9,26
2021-02-07,10,36
2021-02-07,11,48
2021-02-07,12,52
2021-02-07,13,58
2021-02-07,14,67
2021-02-07,15,58
2021-02-07,16,62
2021-02-07,17,52
2021-02-07,18,44
2021-02-07,19,36
2021-02-07,20,26
2021-02-07,21,21
2021-02-07,22,12
2021-02-07,23,4
2021-02-08,0,0
2021-02-08,1,0
2021-02-08,2,0
2021-02-08,3,0
2021-02-08,4,0
2021-02-08,5,0
2021-02-08,6,8
2021-02-08,7,39
2021-02-08,8,76
2021-02-08,9,76
2021-02-08,10,57
2021-02-08,11,107
2021-02-08,12,66
2021-02-08,13,90
2021-02-08,14,79
2021-02-08,15,77
2021-02-08,16,80
2021-02-08,17,106
2021-02-08,18,80
2021-02-08,19,48
2021-02-08,20,49
2021-02-08,21,25
2021-02-08,22,16
2021-02-08,23,8
2021-02-09,0,0
2021-02-09,1,0
2021-02-09,2,4
2021-02-09,3,0
2021-02-09,4,0
2021-02-09,5,0
2021-02-09,6,4
2021-02-09,7,30
2021-02-09,8,88
2021-02-09,9,84
2021-02-09,10,84
2021-02-09,11,72
2021-02-09,12,84
2021-02-09,13,88
2021-02-09,14,76
2021-02-09,15,76
2021-02-09,16,84
2021-02-09,17,84
2021-02-09,18,62
2021-02-09,19,61
2021-02-09,20,31
2021-02-09,21,16
2021-02-09,22,16
2021-02-09,23,0
2021-02-10,0,0
2021-02-10,1,0
2021-02-10,2,0
2021-02-10,3,0
2021-02-10,4,0
2021-02-10,5,0
2021-02-10,6,16
2021-02-10,7,35
2021-02-10,8,84
2021-02-10,9,80
2021-02-10,10,67
2021-02-10,11,76
2021-02-10,12,80
2021-02-10,13,80
2021-02-10,14,84
2021-02-10,15,92
2021-02-10,16,110
2021-02-10,17,100
2021-02-10,18,80
2021-02-10,19,57
2021-02-10,20,31
2021-02-10,21,21
2021-02-10,22,16
2021-02-10,23,12
2021-02-11,0,35
2021-02-11,1,0
2021-02-11,2,4
2021-02-11,3,0
2021-02-11,4,0
2021-02-11,5,0
2021-02-11,6,8
2021-02-11,7,39
2021-02-11,8,88
2021-02-11,9,84
2021-02-11,10,89
2021-02-11,11,80
2021-02-11,12,80
2021-02-11,13,96
2021-02-11,14,93
2021-02-11,15,93
2021-02-11,16,88
2021-02-11,17,110
2021-02-11,18,85
2021-02-11,19,48
2021-02-11,20,40
2021-02-11,21,21
2021-02-11,22,16
2021-02-11,23,8
2021-02-12,0,4
2021-02-12,1,0
2021-02-12,2,0
2021-02-12,3,0
2021-02-12,4,4
2021-02-12,5,0
2021-02-12,6,12
2021-02-12,7,30
2021-02-12,8,89
2021-02-12,9,76
2021-02-12,10,72
2021-02-12,11,71
2021-02-12,12,67
2021-02-12,13,80
2021-02-12,14,92
2021-02-12,15,80
2021-02-12,16,75
2021-02-12,17,88
2021-02-12,18,67
2021-02-12,19,57
2021-02-12,20,40
2021-02-12,21,21
2021-02-12,22,16
2021-02-12,23,16
2021-02-13,0,12
2021-02-13,1,0
2021-02-13,2,4
2021-02-13,3,0
2021-02-13,4,0
2021-02-13,5,4
2021-02-13,6,0
2021-02-13,7,12
2021-02-13,8,21
2021-02-13,9,36
2021-02-13,10,52
2021-02-13,11,52
2021-02-13,12,62
2021-02-13,13,72
2021-02-13,14,84
2021-02-13,15,66
2021-02-13,16,75
2021-02-13,17,67
2021-02-13,18,57
2021-02-13,19,48
2021-02-13,20,36
2021-02-13,21,21
2021-02-13,22,16
2021-02-13,23,12
2021-02-14,0,8
2021-02-14,1,0
2021-02-14,2,0
2021-02-14,3,0
2021-02-14,4,0
2021-02-14,5,0
2021-02-14,6,0
2021-02-14,7,8
2021-02-14,8,21
2021-02-14,9,26
2021-02-14,10,44
2021-02-14,11,48
2021-02-14,12,48
2021-02-14,13,62
2021-02-14,14,72
2021-02-14,15,62
2021-02-14,16,57
2021-02-14,17,52
2021-02-14,18,49
2021-02-14,19,39
2021-02-14,20,21
2021-02-14,21,21
2021-02-14,22,12
2021-02-14,23,4
2021-02-15,0,0
2021-02-15,1,1
2021-02-15,2,0
2021-02-15,3,0
2021-02-15,4,0
2021-02-15,5,0
2021-02-15,6,8
2021-02-15,7,31
2021-02-15,8,80
2021-02-15,9,71
2021-02-15,10,39
2021-02-15,11,67
2021-02-15,12,72
2021-02-15,13,80
2021-02-15,14,84
2021-02-15,15,71
2021-02-15,16,76
2021-02-15,17,105
2021-02-15,18,72
2021-02-15,19,48
2021-02-15,20,40
2021-02-15,21,30
2021-02-15,22,16
2021-02-15,23,8
2021-02-16,0,4
2021-02-16,1,0
2021-02-16,2,0
2021-02-16,3,0
2021-02-16,4,0
2021-02-16,5,0
2021-02-16,6,4
2021-02-16,7,26
2021-02-16,8,79
2021-02-16,9,89
2021-02-16,10,76
2021-02-16,11,71
2021-02-16,12,88
2021-02-16,13,84
2021-02-16,14,80
2021-02-16,15,67
2021-02-16,16,92
2021-02-16,17,97
2021-02-16,18,80
2021-02-16,19,64
2021-02-16,20,31
2021-02-16,21,16
2021-02-16,22,16
2021-02-16,23,0
2021-02-17,0,0
2021-02-17,1,0
2021-02-17,2,0
2021-02-17,3,0
2021-02-17,4,0
2021-02-17,5,0
2021-02-17,6,12
2021-02-17,7,35
2021-02-17,8,84
2021-02-17,9,76
2021-02-17,10,57
2021-02-17,11,71
2021-02-17,12,80
2021-02-17,13,80
2021-02-17,14,88
2021-02-17,15,96
2021-02-17,16,105
2021-02-17,17,106
2021-02-17,18,80
2021-02-17,19,52
2021-02-17,20,31
2021-02-17,21,21
2021-02-17,22,16
2021-02-17,23,8
2021-02-18,0,35
2021-02-18,1,0
2021-02-18,2,0
2021-02-18,3,0
2021-02-18,4,0
2021-02-18,5,4
2021-02-18,6,16
2021-02-18,7,35
2021-02-18,8,96
2021-02-18,9,84
2021-02-18,10,93
2021-02-18,11,76
2021-02-18,12,80
2021-02-18,13,88
2021-02-18,14,84
2021-02-18,15,97
2021-02-18,16,97
2021-02-18,17,109
2021-02-18,18,80
2021-02-18,19,48
2021-02-18,20,36
2021-02-18,21,24
2021-02-18,22,16
2021-02-18,23,8
2021-02-19,0,4
2021-02-19,1,0
2021-02-19,2,0
2021-02-19,3,0
2021-02-19,4,0
2021-02-19,5,0
2021-02-19,6,8
2021-02-19,7,26
2021-02-19,8,84
2021-02-19,9,76
2021-02-19,10,67
2021-02-19,11,62
2021-02-19,12,76
2021-02-19,13,76
2021-02-19,14,84
2021-02-19,15,71
2021-02-19,16,67
2021-02-19,17,72
2021-02-19,18,57
2021-02-19,19,53
2021-02-19,20,31
2021-02-19,21,16
2021-02-19,22,16
2021-02-19,23,12
2021-02-20,0,8
2021-02-20,1,4
2021-02-20,2,0
2021-02-20,3,0
2021-02-20,4,4
2021-02-20,5,0
2021-02-20,6,0
2021-02-20,7,12
2021-02-20,8,16
2021-02-20,9,36
2021-02-20,10,57
2021-02-20,11,52
2021-02-20,12,62
2021-02-20,13,62
2021-02-20,14,80
2021-02-20,15,71
2021-02-20,16,71
2021-02-20,17,67
2021-02-20,18,57
2021-02-20,19,49
2021-02-20,20,36
2021-02-20,21,26
2021-02-20,22,16
2021-02-20,23,8
2021-02-21,0,4
2021-02-21,1,4
2021-02-21,2,0
2021-02-21,3,0
2021-02-21,4,0
2021-02-21,5,0
2021-02-21,6,0
2021-02-21,7,9
2021-02-21,8,21
2021-02-21,9,26
2021-02-21,10,44
2021-02-21,11,48
2021-02-21,12,52
2021-02-21,13,67
2021-02-21,14,76
2021-02-21,15,62
2021-02-21,16,57
2021-02-21,17,52
2021-02-21,18,48
2021-02-21,19,40
2021-02-21,20,26
2021-02-21,21,21
2021-02-21,22,12
2021-02-21,23,4
2021-02-22,0,0
2021-02-22,1,0
2021-02-22,2,0
2021-02-22,3,4
2021-02-22,4,0
2021-02-22,5,0
2021-02-22,6,4
2021-02-22,7,34
2021-02-22,8,76
2021-02-22,9,66
2021-02-22,10,57
2021-02-22,11,71
2021-02-22,12,72
2021-02-22,13,88
2021-02-22,14,88
2021-02-22,15,80
2021-02-22,16,84
2021-02-22,17,101
2021-02-22,18,75
2021-02-22,19,53
2021-02-22,20,44
2021-02-22,21,25
2021-02-22,22,16
2021-02-22,23,8
2021-02-23,0,0
2021-02-23,1,0
2021-02-23,2,0
2021-02-23,3,0
2021-02-23,4,0
2021-02-23,5,0
2021-02-23,8,88
2021-02-23,9,84
2021-02-23,10,76
2021-02-23,11,67
2021-02-23,12,80
2021-02-23,13,88
2021-02-23,14,84
2021-02-23,15,78
2021-02-23,16,84
2021-02-23,17,92
2021-02-23,18,70
2021-02-23,19,58
2021-02-23,20,31
2021-02-23,21,16
2021-02-23,22,16
2021-02-23,23,2
2021-02-24,0,0
2021-02-24,1,0
2021-02-24,2,0
2021-02-24,3,0
2021-02-24,4,0
2021-02-24,5,0
2021-02-24,6,16
2021-02-24,7,35
2021-02-24,8,97
2021-02-24,9,84
2021-02-24,10,67
2021-02-24,11,76
2021-02-24,12,84
2021-02-24,13,80
2021-02-24,14,84
2021-02-24,15,92
2021-02-24,16,110
2021-02-24,17,100
2021-02-24,18,80
2021-02-24,19,61
2021-02-24,20,40
2021-02-24,21,21
2021-02-24,22,16
2021-02-24,23,12
2021-02-25,0,36
2021-02-25,1,0
2021-02-25,2,0
2021-02-25,3,0
2021-02-25,4,0
2021-02-25,5,0
2021-02-25,6,12
2021-02-25,7,44
2021-02-25,8,96
2021-02-25,9,84
2021-02-25,10,92
2021-02-25,11,76
2021-02-25,12,84
2021-02-25,13,88
2021-02-25,14,96
2021-02-25,15,97
2021-02-25,16,101
2021-02-25,17,120
2021-02-25,18,85
2021-02-25,19,53
2021-02-25,20,44
2021-02-25,21,21
2021-02-25,22,16
2021-02-25,23,8
2021-02-26,0,4
2021-02-26,1,0
2021-02-26,2,4
2021-02-26,3,0
2021-02-26,4,0
2021-02-26,5,1
2021-02-26,6,8
2021-02-26,7,31
2021-02-26,8,87
2021-02-26,9,84
2021-02-26,10,67
2021-02-26,11,75
2021-02-26,12,75
2021-02-26,13,84
2021-02-26,14,88
2021-02-26,15,84
2021-02-26,16,72
2021-02-26,17,93
2021-02-26,18,67
2021-02-26,19,52
2021-02-26,20,36
2021-02-26,21,16
2021-02-26,22,16
2021-02-26,23,12
2021-02-27,0,4
2021-02-27,1,4
2021-02-27,2,4
2021-02-27,3,4
2021-02-27,4,0
2021-02-27,5,0
2021-02-27,6,0
2021-02-27,7,12
2021-02-27,8,21
2021-02-27,9,36
2021-02-27,10,57
2021-02-27,11,62
2021-02-27,12,62
2021-02-27,13,67
2021-02-27,14,92
2021-02-27,15,71
2021-02-27,16,79
2021-02-27,17,71
2021-02-27,18,66
2021-02-27,19,53
2021-02-27,20,31
2021-02-27,21,26
2021-02-27,22,16
2021-02-27,23,13
2021-02-28,0,4
2021-02-28,1,0
2021-02-28,2,4
2021-02-28,3,0
2021-02-28,4,0
2021-02-28,5,0
2021-02-28,6,4
2021-02-28,7,8
2021-02-28,8,21
2021-02-28,9,26
2021-02-28,10,44
2021-02-28,11,48
2021-02-28,12,57
2021-02-28,13,67
2021-02-28,14,67
2021-02-28,15,67
2021-02-28,16,62
2021-02-28,17,52
2021-02-28,18,48
2021-02-28,19,40
2021-02-28,20,26
2021-02-28,21,21
2021-02-28,22,12
2021-02-28,23,4
2021-03-01,0,4
2021-03-01,1,4
2021-03-01,2,0
2021-03-01,3,0
2021-03-01,4,0
2021-03-01,5,0
2021-03-01,6,12
2021-03-01,7,39
2021-03-01,8,76
2021-03-01,9,76
2021-03-01,10,57
2021-03-01,11,80
2021-03-01,12,76
2021-03-01,13,89
2021-03-01,14,79
2021-03-01,15,80
2021-03-01,16,83
2021-03-01,17,111
2021-03-01,18,80
2021-03-01,19,52
2021-03-01,20,45
2021-03-01,21,25
2021-03-01,22,16
2021-03-01,23,8
2021-03-02,0,4
2021-03-02,1,0
2021-03-02,2,0
2021-03-02,3,0
2021-03-02,4,0
2021-03-02,5,4
2021-03-02,6,13
2021-03-02,7,34
2021-03-02,8,84
2021-03-02,9,84
2021-03-02,10,78
2021-03-02,11,84
2021-03-02,12,96
2021-03-02,13,96
2021-03-02,14,80
2021-03-02,15,75
2021-03-02,16,92
2021-03-02,17,101
2021-03-02,18,70
2021-03-02,19,65
2021-03-02,20,31
2021-03-02,21,16
2021-03-02,22,16
2021-03-02,23,0
2021-03-03,0,0
2021-03-03,1,0
2021-03-03,2,0
2021-03-03,3,0
2021-03-03,4,0
2021-03-03,5,0
2021-03-03,6,16
2021-03-03,7,35
2021-03-03,8,96
2021-03-03,9,88
2021-03-03,10,67
2021-03-03,11,76
2021-03-03,12,80
2021-03-03,13,88
2021-03-03,14,88
2021-03-03,15,92
2021-03-03,16,115
2021-03-03,17,106
2021-03-03,18,80
2021-03-03,19,52
2021-03-03,20,31
2021-03-03,21,21
2021-03-03,22,16
2021-03-03,23,8
2021-03-04,0,39
2021-03-04,1,4
2021-03-04,2,0
2021-03-04,3,0
2021-03-04,4,0
2021-03-04,5,4
2021-03-04,6,12
2021-03-04,7,44
2021-03-04,8,93
2021-03-04,9,88
2021-03-04,10,93
2021-03-04,11,84
2021-03-04,12,84
2021-03-04,13,92
2021-03-04,14,84
2021-03-04,15,106
2021-03-04,16,88
2021-03-04,17,111
2021-03-04,18,89
2021-03-04,19,44
2021-03-04,20,40
2021-03-04,21,21
2021-03-04,22,16
2021-03-04,23,8
2021-03-05,0,1
2021-03-05,1,0
2021-03-05,2,0
2021-03-05,3,4
2021-03-05,4,0
2021-03-05,5,0
2021-03-05,6,8
2021-03-05,7,31
2021-03-05,8,93
2021-03-05,9,75
2021-03-05,10,72
2021-03-05,11,71
2021-03-05,12,84
2021-03-05,13,84
2021-03-05,14,92
2021-03-05,15,88
2021-03-05,16,80
2021-03-05,17,88
2021-03-05,18,62
2021-03-05,19,53
2021-03-05,20,40
2021-03-05,21,16
2021-03-05,22,16
2021-03-05,23,16
2021-03-06,0,8
2021-03-06,1,0
2021-03-06,2,0
2021-03-06,3,0
2021-03-06,4,0
2021-03-06,5,0
2021-03-06,6,8
2021-03-06,7,8
2021-03-06,8,21
2021-03-06,9,36
2021-03-06,10,52
2021-03-06,11,57
2021-03-06,12,67
2021-03-06,13,67
2021-03-06,14,84
2021-03-06,15,80
2021-03-06,16,75
2021-03-06,17,62
2021-03-06,18,57
2021-03-06,19,53
2021-03-06,20,36
2021-03-06,21,21
2021-03-06,22,16
2021-03-06,23,8
2021-03-07,0,0
2021-03-07,1,4
2021-03-07,2,0
2021-03-07,3,0
2021-03-07,4,0
2021-03-07,5,0
2021-03-07,6,4
2021-03-07,7,8
2021-03-07,8,21
2021-03-07,9,26
2021-03-07,10,44
2021-03-07,11,48
2021-03-07,12,57
2021-03-07,13,57
2021-03-07,14,71
2021-03-07,15,67
2021-03-07,16,66
2021-03-07,17,48
2021-03-07,18,44
2021-03-07,19,31
2021-03-07,20,31
2021-03-07,21,21
2021-03-07,22,12
2021-03-07,23,4
2021-03-08,0,0
2021-03-08,1,0
2021-03-08,2,0
2021-03-08,3,0
2021-03-08,4,0
2021-03-08,5,0
2021-03-08,6,4
2021-03-08,7,30
2021-03-08,8,76
2021-03-08,9,75
2021-03-08,10,57
2021-03-08,11,67
2021-03-08,12,76
2021-03-08,13,80
2021-03-08,14,80
2021-03-08,15,58
2021-03-08,16,80
2021-03-08,17,101
2021-03-08,18,66
2021-03-08,19,48
2021-03-08,20,49
2021-03-08,21,25
2021-03-08,22,16
2021-03-08,23,8
2021-03-09,0,0
2021-03-09,1,0
2021-03-09,2,0
2021-03-09,3,0
2021-03-09,4,0
2021-03-09,5,0
2021-03-09,6,4
2021-03-09,7,34
2021-03-09,8,88
2021-03-09,9,88
2021-03-09,10,80
2021-03-09,11,80
2021-03-09,12,88
2021-03-09,13,92
2021-03-09,14,92
2021-03-09,15,84
2021-03-09,16,92
2021-03-09,17,101
2021-03-09,18,66
2021-03-09,19,65
2021-03-09,20,31
2021-03-09,21,16
2021-03-09,22,16
2021-03-09,23,0
2021-03-10,0,0
2021-03-10,1,4
2021-03-10,2,0
2021-03-10,3,0
2021-03-10,4,0
2021-03-10,5,0
2021-03-10,6,16
2021-03-10,7,35
2021-03-10,8,97
2021-03-10,9,84
2021-03-10,10,71
2021-03-10,11,75
2021-03-10,12,87
2021-03-10,13,82
2021-03-10,14,22
2021-03-10,15,0
2021-03-10,16,0
2021-03-10,17,0
2021-03-10,18,0
2021-03-10,19,0
2021-03-10,20,0
2021-03-10,21,0
2021-03-10,22,0
2021-03-10,23,0
2021-03-11,0,0
2021-03-11,1,0
2021-03-11,2,0
2021-03-11,3,0
2021-03-11,4,0
2021-03-11,5,0
2021-03-11,6,0
2021-03-11,7,28
2021-03-11,8,101
2021-03-11,9,89
2021-03-11,10,89
2021-03-11,11,76
2021-03-11,12,84
2021-03-11,13,92
2021-03-11,14,84
2021-03-11,15,97
2021-03-11,16,88
2021-03-11,17,111
2021-03-11,18,75
2021-03-11,19,53
2021-03-11,20,40
2021-03-11,21,21
2021-03-11,22,16
2021-03-11,23,8
2021-03-12,0,0
2021-03-12,1,0
2021-03-12,2,4
2021-03-12,3,0
2021-03-12,4,0
2021-03-12,5,0
2021-03-12,6,4
2021-03-12,7,26
2021-03-12,8,83
2021-03-12,9,80
2021-03-12,10,76
2021-03-12,11,75
2021-03-12,12,71
2021-03-12,13,84
2021-03-12,14,80
2021-03-12,15,80
2021-03-12,16,76
2021-03-12,17,80
2021-03-12,18,67
2021-03-12,19,57
2021-03-12,20,36
2021-03-12,21,21
2021-03-12,22,16
2021-03-12,23,12
2021-03-13,0,8
2021-03-13,1,4
2021-03-13,2,0
2021-03-13,3,0
2021-03-13,4,0
2021-03-13,5,0
2021-03-13,6,0
2021-03-13,7,12
2021-03-13,8,16
2021-03-13,9,36
2021-03-13,10,62
2021-03-13,11,57
2021-03-13,12,67
2021-03-13,13,62
2021-03-13,14,84
2021-03-13,15,76
2021-03-13,16,83
2021-03-13,17,80
2021-03-13,18,61
2021-03-13,19,49
2021-03-13,20,36
2021-03-13,21,26
2021-03-13,22,16
2021-03-13,23,12
2021-03-14,0,4
2021-03-14,1,0
2021-03-14,2,0
2021-03-14,3,0
2021-03-14,4,0
2021-03-14,5,0
2021-03-14,6,0
2021-03-14,7,8
2021-03-14,8,21
2021-03-14,9,26
2021-03-14,10,44
2021-03-14,11,53
2021-03-14,12,62
2021-03-14,13,67
2021-03-14,14,72
2021-03-14,15,67
2021-03-14,16,57
2021-03-14,17,52
2021-03-14,18,48
2021-03-14,19,36
2021-03-14,20,31
2021-03-14,21,21
2021-03-14,22,12
2021-03-14,23,4
2021-03-15,0,0
2021-03-15,1,0
2021-03-15,2,0
2021-03-15,3,0
2021-03-15,4,0
2021-03-15,5,0
2021-03-15,6,8
2021-03-15,7,39
2021-03-15,8,80
2021-03-15,9,80
2021-03-15,10,57
2021-03-15,11,72
2021-03-15,12,76
2021-03-15,13,89
2021-03-15,14,84
2021-03-15,15,88
2021-03-15,16,80
2021-03-15,17,110
2021-03-15,18,80
2021-03-15,19,44
2021-03-15,20,44
2021-03-15,21,25
2021-03-15,22,16
2021-03-15,23,8
2021-03-16,0,0
2021-03-16,1,0
2021-03-16,2,0
2021-03-16,3,0
2021-03-16,4,0
2021-03-16,5,0
2021-03-16,6,8
2021-03-16,7,30
2021-03-16,8,84
2021-03-16,9,92
2021-03-16,10,88
2021-03-16,11,76
2021-03-16,12,88
2021-03-16,13,100
2021-03-16,14,92
2021-03-16,15,76
2021-03-16,16,101
2021-03-16,17,101
2021-03-16,18,76
2021-03-16,19,57
2021-03-16,20,31
2021-03-16,21,16
2021-03-16,22,16
2021-03-16,23,0
2021-03-17,0,4
2021-03-17,1,0
2021-03-17,2,0
2021-03-17,3,0
2021-03-17,4,0
2021-03-17,5,0
2021-03-17,6,12
2021-03-17,7,35
2021-03-17,8,92
2021-03-17,9,88
2021-03-17,10,67
2021-03-17,11,80
2021-03-17,12,88
2021-03-17,13,80
2021-03-17,14,58
2021-03-17,15,101
2021-03-17,16,114
2021-03-17,17,109
2021-03-17,18,80
2021-03-17,19,62
2021-03-17,20,31
2021-03-17,21,21
2021-03-17,22,16
2021-03-17,23,12
2021-03-18,0,35
2021-03-18,1,0
2021-03-18,2,0
2021-03-18,3,0
2021-03-18,4,0
2021-03-18,5,0
2021-03-18,6,12
2021-03-18,7,35
2021-03-18,8,101
2021-03-18,9,93
2021-03-18,10,97
2021-03-18,11,84
2021-03-18,12,79
2021-03-18,13,88
2021-03-18,14,88
2021-03-18,15,109
2021-03-18,16,93
2021-03-18,17,124
2021-03-18,18,93
2021-03-18,19,58
2021-03-18,20,44
2021-03-18,21,21
2021-03-18,22,16
2021-03-18,23,17
2021-03-19,0,13
2021-03-19,1,0
2021-03-19,2,0
2021-03-19,3,0
2021-03-19,4,0
2021-03-19,5,0
2021-03-19,6,8
2021-03-19,7,35
2021-03-19,8,102
2021-03-19,9,80
2021-03-19,10,72
2021-03-19,11,76
2021-03-19,12,84
2021-03-19,13,76
2021-03-19,14,92
2021-03-19,15,84
2021-03-19,16,80
2021-03-19,17,88
2021-03-19,18,67
2021-03-19,19,57
2021-03-19,20,40
2021-03-19,21,21
2021-03-19,22,16
2021-03-19,23,12
2021-03-20,0,8
2021-03-20,1,0
2021-03-20,2,0
2021-03-20,3,0
2021-03-20,4,0
2021-03-20,5,0
2021-03-20,6,0
2021-03-20,7,12
2021-03-20,8,21
2021-03-20,9,36
2021-03-20,10,57
2021-03-20,11,52
2021-03-20,12,67
2021-03-20,13,67
2021-03-20,14,88
2021-03-20,15,80
2021-03-20,16,80
2021-03-20,17,72
2021-03-20,18,71
2021-03-20,19,57
2021-03-20,20,36
2021-03-20,21,21
2021-03-20,22,16
2021-03-20,23,12
2021-03-21,0,4
2021-03-21,1,0
2021-03-21,2,0
2021-03-21,3,0
2021-03-21,4,0
2021-03-21,5,0
2021-03-21,6,4
2021-03-21,7,8
2021-03-21,8,21
2021-03-21,9,26
2021-03-21,10,44
2021-03-21,11,48
2021-03-21,12,53
2021-03-21,13,57
2021-03-21,14,67
2021-03-21,15,67
2021-03-21,16,57
2021-03-21,17,52
2021-03-21,18,48
2021-03-21,19,36
2021-03-21,20,26
2021-03-21,21,21
2021-03-21,22,12
2021-03-21,23,8
2021-03-22,0,0
2021-03-22,1,0
2021-03-22,2,0
2021-03-22,3,0
2021-03-22,4,0
2021-03-22,5,0
2021-03-22,6,8
2021-03-22,7,30
2021-03-22,8,80
2021-03-22,9,70
2021-03-22,10,52
2021-03-22,11,67
2021-03-22,12,76
2021-03-22,13,80
2021-03-22,14,80
2021-03-22,15,76
2021-03-22,16,80
2021-03-22,17,110
2021-03-22,18,67
2021-03-22,19,48
2021-03-22,20,45
2021-03-22,21,25
2021-03-22,22,16
2021-03-22,23,8
2021-03-23,0,0
2021-03-23,1,0
2021-03-23,2,0
2021-03-23,3,0
2021-03-23,4,0
2021-03-23,5,0
2021-03-23,6,8
2021-03-23,7,26
2021-03-23,8,88
2021-03-23,9,84
2021-03-23,10,84
2021-03-23,11,84
2021-03-23,12,88
2021-03-23,13,92
2021-03-23,14,80
2021-03-23,15,80
2021-03-23,16,92
2021-03-23,17,101
2021-03-23,18,72
2021-03-23,19,66
2021-03-23,20,31
2021-03-23,21,16
2021-03-23,22,16
2021-03-23,23,0
2021-03-24,0,0
2021-03-24,1,0
2021-03-24,2,0
2021-03-24,3,0
2021-03-24,4,0
2021-03-24,5,0
2021-03-24,6,12
2021-03-24,7,35
2021-03-24,8,88
2021-03-24,9,89
2021-03-24,10,67
2021-03-24,11,80
2021-03-24,12,88
2021-03-24,13,92
2021-03-24,14,92
2021-03-24,15,109
2021-03-24,16,118
2021-03-24,17,104
2021-03-24,18,85
2021-03-24,19,67
2021-03-24,20,58
2021-03-24,21,36
2021-03-24,22,21
2021-03-24,23,16
2021-03-25,0,58
2021-03-25,1,8
2021-03-25,2,0
2021-03-25,3,0
2021-03-25,4,4
2021-03-25,5,4
2021-03-25,6,12
2021-03-25,7,39
2021-03-25,8,96
2021-03-25,9,88
2021-03-25,10,92
2021-03-25,11,88
2021-03-25,12,75
2021-03-25,13,106
2021-03-25,14,93
2021-03-25,15,109
2021-03-25,16,84
2021-03-25,17,110
2021-03-25,18,89
2021-03-25,19,57
2021-03-25,20,40
2021-03-25,21,21
2021-03-25,22,16
2021-03-25,23,8
2021-03-26,0,0
2021-03-26,1,0
2021-03-26,2,0
2021-03-26,3,0
2021-03-26,4,0
2021-03-26,5,4
2021-03-26,6,4
2021-03-26,7,31
2021-03-26,8,89
2021-03-26,9,80
2021-03-26,10,67
2021-03-26,11,80
2021-03-26,12,84
2021-03-26,13,80
2021-03-26,14,92
2021-03-26,15,88
2021-03-26,16,76
2021-03-26,17,96
2021-03-26,18,67
2021-03-26,19,52
2021-03-26,20,40
2021-03-26,21,26
2021-03-26,22,16
2021-03-26,23,16
2021-03-27,0,8
2021-03-27,1,0
2021-03-27,2,0
2021-03-27,3,0
2021-03-27,4,0
2021-03-27,5,0
2021-03-27,6,4
2021-03-27,7,8
2021-03-27,8,21
2021-03-27,9,36
2021-03-27,10,67
2021-03-27,11,52
2021-03-27,12,62
2021-03-27,13,76
2021-03-27,14,88
2021-03-27,15,76
2021-03-27,16,79
2021-03-27,17,67
2021-03-27,18,57
2021-03-27,19,53
2021-03-27,20,36
2021-03-27,21,21
2021-03-27,22,16
2021-03-27,23,12
2021-03-28,0,4
2021-03-28,1,4
2021-03-28,2,0
2021-03-28,3,4
2021-03-28,4,0
2021-03-28,5,4
2021-03-28,6,8
2021-03-28,7,21
2021-03-28,8,26
2021-03-28,9,44
2021-03-28,10,48
2021-03-28,11,52
2021-03-28,12,52
2021-03-28,13,67
2021-03-28,14,62
2021-03-28,15,62
2021-03-28,16,48
2021-03-28,17,44
2021-03-28,18,40
2021-03-28,19,26
2021-03-28,20,21
2021-03-28,21,12
2021-03-28,22,4
2021-03-28,23,0
2021-03-29,0,0
2021-03-29,1,0
2021-03-29,2,0
2021-03-29,3,0
2021-03-29,4,0
2021-03-29,5,8
2021-03-29,6,35
2021-03-29,7,84
2021-03-29,8,80
2021-03-29,9,57
2021-03-29,10,75
2021-03-29,11,72
2021-03-29,12,93
2021-03-29,13,84
2021-03-29,14,84
2021-03-29,15,80
2021-03-29,16,102
2021-03-29,17,76
2021-03-29,18,48
2021-03-29,19,53
2021-03-29,20,25
2021-03-29,21,16
2021-03-29,22,8
2021-03-29,23,4
2021-03-30,0,0
2021-03-30,1,4
2021-03-30,2,0
2021-03-30,3,0
2021-03-30,4,0
2021-03-30,5,8
2021-03-30,6,34
2021-03-30,7,84
2021-03-30,8,92
2021-03-30,9,88
2021-03-30,10,80
2021-03-30,11,0
2021-03-30,12,18
2021-03-30,13,88
2021-03-30,14,92
2021-03-30,15,96
2021-03-30,16,101
2021-03-30,17,72
2021-03-30,18,67
2021-03-30,19,40
2021-03-30,20,31
2021-03-30,21,16
2021-03-30,22,8
2021-03-30,23,4
2021-03-31,0,4
2021-03-31,1,0
2021-03-31,2,0
2021-03-31,3,0
2021-03-31,4,4
2021-03-31,5,16
2021-03-31,6,35
2021-03-31,7,88
2021-03-31,8,84
2021-03-31,9,67
2021-03-31,10,80
2021-03-31,11,84
2021-03-31,12,88
2021-03-31,13,84
2021-03-31,14,100
2021-03-31,15,105
2021-03-31,16,104
2021-03-31,17,79
2021-03-31,18,52
2021-03-31,19,63
2021-03-31,20,48
2021-03-31,21,26
2021-03-31,22,16
2021-03-31,23,65
2021-04-01,0,8
2021-04-01,1,0
2021-04-01,2,0
2021-04-01,3,0
2021-04-01,4,0
2021-04-01,5,0
2021-04-01,6,0
2021-04-01,7,0
2021-04-01,8,20
2021-04-01,9,93
2021-04-01,10,80
2021-04-01,11,92
2021-04-01,12,105
2021-04-01,13,97
2021-04-01,14,101
2021-04-01,15,92
2021-04-01,16,124
2021-04-01,17,97
2021-04-01,18,48
2021-04-01,19,67
2021-04-01,20,31
2021-04-01,21,16
2021-04-01,22,8
2021-04-01,23,4
2021-04-02,0,0
2021-04-02,1,4
2021-04-02,2,0
2021-04-02,3,0
2021-04-02,4,0
2021-04-02,5,8
2021-04-02,6,26
2021-04-02,7,80
2021-04-02,8,55
2021-04-02,9,61
2021-04-02,10,61
2021-04-02,11,83
2021-04-02,12,132
2021-04-02,13,95
2021-04-02,14,112
2021-04-02,15,90
2021-04-02,16,92
2021-04-02,17,82
2021-04-02,18,54
2021-04-02,19,46
2021-04-02,20,29
2021-04-02,21,18
2021-04-02,22,8
2021-04-02,23,9
2021-04-03,0,7
2021-04-03,1,6
2021-04-03,2,6
2021-04-03,3,2
2021-04-03,4,5
2021-04-03,5,4
2021-04-03,6,10
2021-04-03,7,24
2021-04-03,8,48
2021-04-03,9,50
2021-04-03,10,84
2021-04-03,11,69
2021-04-03,12,84
2021-04-03,13,101
2021-04-03,14,93
2021-04-03,15,67
2021-04-03,16,64
2021-04-03,17,60
2021-04-03,18,53
2021-04-03,19,47
2021-04-03,20,39
2021-04-03,21,18
2021-04-03,22,16
2021-04-03,23,11
2021-04-04,0,7
2021-04-04,1,2
2021-04-04,2,6
2021-04-04,3,1
2021-04-04,4,2
2021-04-04,5,1
2021-04-04,6,7
2021-04-04,7,14
2021-04-04,8,23
2021-04-04,9,35
2021-04-04,10,41
2021-04-04,11,57
2021-04-04,12,53
2021-04-04,13,71
2021-04-04,14,59
2021-04-04,15,68
2021-04-04,16,50
2021-04-04,17,42
2021-04-04,18,32
2021-04-04,19,34
2021-04-04,20,31
2021-04-04,21,17
2021-04-04,22,12
2021-04-04,23,9
2021-04-05,0,5
2021-04-05,1,4
2021-04-05,2,0
2021-04-05,3,0
2021-04-05,4,2
2021-04-05,5,6
2021-04-05,6,15
2021-04-05,7,32
2021-04-05,8,38
2021-04-05,9,60
2021-04-05,10,58
2021-04-05,11,77
2021-04-05,12,71
2021-04-05,13,80
2021-04-05,14,71
2021-04-05,15,61
2021-04-05,16,55
2021-04-05,17,46
2021-04-05,18,44
2021-04-05,19,38
2021-04-05,20,26
2021-04-05,21,14
2021-04-05,22,8
2021-04-05,23,9
2021-04-06,0,2
2021-04-06,1,1
2021-04-06,2,2
2021-04-06,3,4
2021-04-06,4,5
2021-04-06,5,8
2021-04-06,6,40
2021-04-06,7,84
2021-04-06,8,80
2021-04-06,9,88
2021-04-06,10,102
2021-04-06,11,78
2021-04-06,12,96
2021-04-06,13,82
2021-04-06,14,108
2021-04-06,15,97
2021-04-06,16,99
2021-04-06,17,67
2021-04-06,18,57
2021-04-06,19,30
2021-04-06,20,18
2021-04-06,21,13
2021-04-06,22,7
2021-04-06,23,8
2021-04-07,0,4
2021-04-07,1,3
2021-04-07,2,4
2021-04-07,3,3
2021-04-07,4,6
2021-04-07,5,8
2021-04-07,6,48
2021-04-07,7,80
2021-04-07,8,65
2021-04-07,9,67
2021-04-07,10,105
2021-04-07,11,98
2021-04-07,12,81
2021-04-07,13,97
2021-04-07,14,78
2021-04-07,15,81
2021-04-07,16,98
2021-04-07,17,68
2021-04-07,18,53
2021-04-07,19,41
2021-04-07,20,23
2021-04-07,21,14
2021-04-07,22,8
2021-04-07,23,4
2021-04-08,0,4
2021-04-08,1,0
2021-04-08,2,0
2021-04-08,3,3
2021-04-08,4,3
2021-04-08,5,7
2021-04-08,6,40
2021-04-08,7,74
2021-04-08,8,77
2021-04-08,9,71
2021-04-08,10,46
2021-04-08,11,55
2021-04-08,12,70
2021-04-08,13,77
2021-04-08,14,95
2021-04-08,15,102
2021-04-08,16,108
2021-04-08,17,73
2021-04-08,18,44
2021-04-08,19,32
2021-04-08,20,18
2021-04-08,21,12
2021-04-08,22,4
2021-04-08,23,4
2021-04-09,0,4
2021-04-09,1,0
2021-04-09,2,2
2021-04-09,3,0
2021-04-09,4,5
2021-04-09,5,8
2021-04-09,6,56
2021-04-09,7,90
2021-04-09,8,79
2021-04-09,9,79
2021-04-09,10,83
2021-04-09,11,138
2021-04-09,12,167
2021-04-09,13,102
2021-04-09,14,96
2021-04-09,15,211
2021-04-09,16,153
2021-04-09,17,102
2021-04-09,18,56
2021-04-09,19,53
2021-04-09,20,31
2021-04-09,21,15
2021-04-09,22,14
2021-04-09,23,3
2021-04-10,0,6
2021-04-10,1,3
2021-04-10,2,2
2021-04-10,3,0
2021-04-10,4,2
2021-04-10,5,3
2021-04-10,6,14
2021-04-10,7,32
2021-04-10,8,41
2021-04-10,9,68
2021-04-10,10,79
2021-04-10,11,73
2021-04-10,12,91
2021-04-10,13,107
2021-04-10,14,84
2021-04-10,15,75
2021-04-10,16,77
2021-04-10,17,59
2021-04-10,18,59
2021-04-10,19,46
2021-04-10,20,26
2021-04-10,21,16
2021-04-10,22,14
2021-04-10,23,12
2021-04-11,0,6
2021-04-11,1,6
2021-04-11,2,7
2021-04-11,3,5
2021-04-11,4,3
2021-04-11,5,6
2021-04-11,6,12
2021-04-11,7,17
2021-04-11,8,25
2021-04-11,9,34
2021-04-11,10,66
2021-04-11,11,51
2021-04-11,12,67
2021-04-11,13,81
2021-04-11,14,83
2021-04-11,15,63
2021-04-11,16,55
2021-04-11,17,39
2021-04-11,18,40
2021-04-11,19,27
2021-04-11,20,24
2021-04-11,21,21
2021-04-11,22,9
2021-04-11,23,4
2021-04-12,0,1
2021-04-12,1,0
2021-04-12,2,2
2021-04-12,3,4
2021-04-12,4,3
2021-04-12,5,12
2021-04-12,6,43
2021-04-12,7,85
2021-04-12,8,95
2021-04-12,9,62
2021-04-12,10,46
2021-04-12,11,69
2021-04-12,12,78
2021-04-12,13,78
2021-04-12,14,80
2021-04-12,15,72
2021-04-12,16,123
2021-04-12,17,74
2021-04-12,18,52
2021-04-12,19,34
2021-04-12,20,30
2021-04-12,21,22
2021-04-12,22,11
2021-04-12,23,6
2021-04-13,0,3
2021-04-13,1,3
2021-04-13,2,1
2021-04-13,3,4
2021-04-13,4,2
2021-04-13,5,15
2021-04-13,6,51
2021-04-13,7,104
2021-04-13,8,87
2021-04-13,9,56
2021-04-13,10,72
2021-04-13,11,86
2021-04-13,12,72
2021-04-13,13,90
2021-04-13,14,77
2021-04-13,15,89
2021-04-13,16,86
2021-04-13,17,84
2021-04-13,18,43
2021-04-13,19,33
2021-04-13,20,18
2021-04-13,21,16
2021-04-13,22,8
2021-04-13,23,6
2021-04-14,0,5
2021-04-14,1,0
2021-04-14,2,4
2021-04-14,3,0
2021-04-14,4,3
2021-04-14,5,7
2021-04-14,6,83
2021-04-14,7,92
2021-04-14,8,85
2021-04-14,9,67
2021-04-14,10,64
2021-04-14,11,101
2021-04-14,12,78
2021-04-14,13,94
2021-04-14,14,71
2021-04-14,15,87
2021-04-14,16,137
2021-04-14,17,59
2021-04-14,18,45
2021-04-14,19,41
2021-04-14,20,24
2021-04-14,21,20
2021-04-14,22,8
2021-04-14,23,3
2021-04-15,0,2
2021-04-15,1,4
2021-04-15,2,0
2021-04-15,3,5
2021-04-15,4,4
2021-04-15,5,14
2021-04-15,6,39
2021-04-15,7,99
2021-04-15,8,72
2021-04-15,9,85
2021-04-15,10,69
2021-04-15,11,79
2021-04-15,12,92
2021-04-15,13,63
2021-04-15,14,73
2021-04-15,15,80
2021-04-15,16,98
2021-04-15,17,137
2021-04-15,18,51
2021-04-15,19,38
2021-04-15,20,17
2021-04-15,21,18
2021-04-15,22,8
2021-04-15,23,6
2021-04-16,0,5
2021-04-16,1,1
2021-04-16,2,1
2021-04-16,3,5
2021-04-16,4,5
2021-04-16,5,13
2021-04-16,6,39
2021-04-16,7,86
2021-04-16,8,72
2021-04-16,9,72
2021-04-16,10,117
2021-04-16,11,110
2021-04-16,12,123
2021-04-16,13,102
2021-04-16,14,103
2021-04-16,15,119
2021-04-16,16,163
2021-04-16,17,141
2021-04-16,18,74
2021-04-16,19,46
2021-04-16,20,38
2021-04-16,21,16
2021-04-16,22,12
2021-04-16,23,8
2021-04-17,0,0
2021-04-17,1,4
2021-04-17,2,0
2021-04-17,3,0
2021-04-17,4,0
2021-04-17,5,4
2021-04-17,6,16
2021-04-17,7,27
2021-04-17,8,109
2021-04-17,9,60
2021-04-17,10,67
2021-04-17,11,67
2021-04-17,12,143
2021-04-17,13,106
2021-04-17,14,82
2021-04-17,15,78
2021-04-17,16,65
2021-04-17,17,80
2021-04-17,18,60
2021-04-17,19,48
2021-04-17,20,26
2021-04-17,21,16
2021-04-17,22,16
2021-04-17,23,11
2021-04-18,0,3
2021-04-18,1,6
2021-04-18,2,5
2021-04-18,3,5
2021-04-18,4,3
2021-04-18,5,8
2021-04-18,6,10
2021-04-18,7,18
2021-04-18,8,25
2021-04-18,9,37
2021-04-18,10,60
2021-04-18,11,60
2021-04-18,12,53
2021-04-18,13,80
2021-04-18,14,57
2021-04-18,15,47
2021-04-18,16,49
2021-04-18,17,55
2021-04-18,18,38
2021-04-18,19,32
2021-04-18,20,19
2021-04-18,21,13
2021-04-18,22,3
2021-04-18,23,3
2021-04-19,0,6
2021-04-19,1,3
2021-04-19,2,0
2021-04-19,3,1
2021-04-19,4,3
2021-04-19,5,12
2021-04-19,6,45
2021-04-19,7,104
2021-04-19,8,119
2021-04-19,9,74
2021-04-19,10,67
2021-04-19,11,66
2021-04-19,12,77
2021-04-19,13,87
2021-04-19,14,72
2021-04-19,15,81
2021-04-19,16,87
2021-04-19,17,74
2021-04-19,18,49
2021-04-19,19,26
2021-04-19,20,23
2021-04-19,21,16
2021-04-19,22,12
2021-04-19,23,8
2021-04-20,0,3
2021-04-20,1,3
2021-04-20,2,4
2021-04-20,3,3
2021-04-20,4,3
2021-04-20,5,8
2021-04-20,6,44
2021-04-20,7,88
2021-04-20,8,84
2021-04-20,9,78
2021-04-20,10,82
2021-04-20,11,58
2021-04-20,12,89
2021-04-20,13,93
2021-04-20,14,86
2021-04-20,15,82
2021-04-20,16,97
2021-04-20,17,74
2021-04-20,18,51
2021-04-20,19,49
2021-04-20,20,22
2021-04-20,21,16
2021-04-20,22,1
2021-04-20,23,10
2021-04-21,0,3
2021-04-21,1,7
2021-04-21,2,2
2021-04-21,3,0
2021-04-21,4,5
2021-04-21,5,11
2021-04-21,6,68
2021-04-21,7,114
2021-04-21,8,82
2021-04-21,9,85
2021-04-21,10,92
2021-04-21,11,83
2021-04-21,12,85
2021-04-21,13,84
2021-04-21,14,89
2021-04-21,15,91
2021-04-21,16,180
2021-04-21,17,92
2021-04-21,18,90
2021-04-21,19,64
2021-04-21,20,21
2021-04-21,21,16
2021-04-21,22,15
2021-04-21,23,5
2021-04-22,0,3
2021-04-22,1,2
2021-04-22,2,2
2021-04-22,3,2
2021-04-22,4,3
2021-04-22,5,9
2021-04-22,6,42
2021-04-22,7,171
2021-04-22,8,188
2021-04-22,9,70
2021-04-22,10,65
2021-04-22,11,82
2021-04-22,12,78
2021-04-22,13,83
2021-04-22,14,81
2021-04-22,15,54
2021-04-22,16,180
2021-04-22,17,138
2021-04-22,18,66
2021-04-22,19,40
2021-04-22,20,27
2021-04-22,21,14
2021-04-22,22,10
2021-04-22,23,1
2021-04-23,0,5
2021-04-23,1,1
2021-04-23,2,0
2021-04-23,3,1
2021-04-23,4,7
2021-04-23,5,7
2021-04-23,6,36
2021-04-23,7,144
2021-04-23,8,103
2021-04-23,9,72
2021-04-23,10,87
2021-04-23,11,117
2021-04-23,12,138
2021-04-23,13,120
2021-04-23,14,150
2021-04-23,15,163
2021-04-23,16,153
2021-04-23,17,95
2021-04-23,18,54
2021-04-23,19,44
2021-04-23,20,21
2021-04-23,21,20
2021-04-23,22,10
2021-04-23,23,13
2021-04-24,0,7
2021-04-24,1,4
2021-04-24,2,3
2021-04-24,3,0
2021-04-24,4,4
2021-04-24,5,4
2021-04-24,6,18
2021-04-24,7,34
2021-04-24,8,42
2021-04-24,9,60
2021-04-24,10,73
2021-04-24,11,74
2021-04-24,12,121
2021-04-24,13,77
2021-04-24,14,64
2021-04-24,15,71
2021-04-24,16,58
2021-04-24,17,64
2021-04-24,18,60
2021-04-24,19,41
2021-04-24,20,23
2021-04-24,21,17
2021-04-24,22,15
2021-04-24,23,10
2021-04-25,0,5
2021-04-25,1,3
2021-04-25,2,4
2021-04-25,3,1
2021-04-25,4,0
2021-04-25,5,4
2021-04-25,6,6
2021-04-25,7,19
2021-04-25,8,32
2021-04-25,9,45
2021-04-25,10,49
2021-04-25,11,55
2021-04-25,12,65
2021-04-25,13,71
2021-04-25,14,67
2021-04-25,15,58
2021-04-25,16,62
2021-04-25,17,57
2021-04-25,18,54
2021-04-25,19,34
2021-04-25,20,26
2021-04-25,21,15
2021-04-25,22,10
2021-04-25,23,6
2021-04-26,0,3
2021-04-26,1,3
2021-04-26,2,4
2021-04-26,3,3
2021-04-26,4,8
2021-04-26,5,9
2021-04-26,6,44
2021-04-26,7,106
2021-04-26,8,96
2021-04-26,9,73
2021-04-26,10,80
2021-04-26,11,84
2021-04-26,12,93
2021-04-26,13,101
2021-04-26,14,82
2021-04-26,15,112
2021-04-26,16,125
2021-04-26,17,83
2021-04-26,18,56
2021-04-26,19,35
2021-04-26,20,20
2021-04-26,21,15
2021-04-26,22,7
2021-04-26,23,6
2021-04-27,0,5
2021-04-27,1,2
2021-04-27,2,2
2021-04-27,3,4
2021-04-27,4,5
2021-04-27,5,6
2021-04-27,6,38
2021-04-27,7,96
2021-04-27,8,92
2021-04-27,9,93
2021-04-27,10,79
2021-04-27,11,73
2021-04-27,12,101
2021-04-27,13,103
2021-04-27,14,101
2021-04-27,15,116
2021-04-27,16,259
2021-04-27,17,186
2021-04-27,18,46
2021-04-27,19,44
2021-04-27,20,30
2021-04-27,21,18
2021-04-27,22,18
2021-04-27,23,10
2021-04-28,0,4
2021-04-28,1,0
2021-04-28,2,1
2021-04-28,3,0
2021-04-28,4,6
2021-04-28,5,13
2021-04-28,6,82
2021-04-28,7,118
2021-04-28,8,119
2021-04-28,9,88
2021-04-28,10,105
2021-04-28,11,94
2021-04-28,12,103
2021-04-28,13,134
2021-04-28,14,139
2021-04-28,15,138
2021-04-28,16,152
2021-04-28,17,132
2021-04-28,18,60
2021-04-28,19,32
2021-04-28,20,24
2021-04-28,21,26
2021-04-28,22,15
2021-04-28,23,4
2021-04-29,0,6
2021-04-29,1,1
2021-04-29,2,1
2021-04-29,3,1
2021-04-29,4,4
2021-04-29,5,12
2021-04-29,6,44
2021-04-29,7,202
2021-04-29,8,173
2021-04-29,9,76
2021-04-29,10,86
2021-04-29,11,106
2021-04-29,12,85
2021-04-29,13,109
2021-04-29,14,110
2021-04-29,15,142
2021-04-29,16,149
2021-04-29,17,131
2021-04-29,18,58
2021-04-29,19,47
2021-04-29,20,34
2021-04-29,21,22
2021-04-29,22,9
2021-04-29,23,5
2021-04-30,0,4
2021-04-30,1,2
2021-04-30,2,2
2021-04-30,3,1
2021-04-30,4,2
2021-04-30,5,6
2021-04-30,6,43
2021-04-30,7,156
2021-04-30,8,83
2021-04-30,9,65
2021-04-30,10,76
2021-04-30,11,131
2021-04-30,12,190
2021-04-30,13,199
2021-04-30,14,211
2021-04-30,15,127
2021-04-30,16,144
2021-04-30,17,97
2021-04-30,18,73
2021-04-30,19,40
2021-04-30,20,33
2021-04-30,21,32
2021-04-30,22,12
2021-04-30,23,9
2021-05-01,0,5
2021-05-01,1,1
2021-05-01,2,0
2021-05-01,3,3
2021-05-01,4,5
2021-05-01,5,4
2021-05-01,6,18
2021-05-01,7,28
2021-05-01,8,51
2021-05-01,9,67
2021-05-01,10,88
2021-05-01,11,100
2021-05-01,12,221
2021-05-01,13,101
2021-05-01,14,130
2021-05-01,15,81
2021-05-01,16,81
2021-05-01,17,81
2021-05-01,18,53
2021-05-01,19,44
2021-05-01,20,29
2021-05-01,21,28
2021-05-01,22,14
2021-05-01,23,12
2021-05-02,0,10
2021-05-02,1,4
2021-05-02,2,3
2021-05-02,3,2
2021-05-02,4,3
2021-05-02,5,5
2021-05-02,6,12
2021-05-02,7,19
2021-05-02,8,35
2021-05-02,9,65
2021-05-02,10,70
2021-05-02,11,67
2021-05-02,12,65
2021-05-02,13,69
2021-05-02,14,67
2021-05-02,15,76
2021-05-02,16,68
2021-05-02,17,64
2021-05-02,18,35
2021-05-02,19,42
2021-05-02,20,25
2021-05-02,21,20
2021-05-02,22,8
2021-05-02,23,12
2021-05-03,0,4
2021-05-03,1,5
2021-05-03,2,6
2021-05-03,3,1
2021-05-03,4,2
2021-05-03,5,10
2021-05-03,6,16
2021-05-03,7,28
2021-05-03,8,33
2021-05-03,9,58
2021-05-03,10,79
2021-05-03,11,87
2021-05-03,12,165
2021-05-03,13,128
2021-05-03,14,139
2021-05-03,15,96
2021-05-03,16,77
2021-05-03,17,73
2021-05-03,18,57
2021-05-03,19,45
2021-05-03,20,23
2021-05-03,21,16
2021-05-03,22,11
2021-05-03,23,6
2021-05-04,0,5
2021-05-04,1,3
2021-05-04,2,0
2021-05-04,3,1
2021-05-04,4,5
2021-05-04,5,12
2021-05-04,6,45
2021-05-04,7,182
2021-05-04,8,155
2021-05-04,9,88
2021-05-04,10,116
2021-05-04,11,122
2021-05-04,12,93
2021-05-04,13,96
2021-05-04,14,121
2021-05-04,15,149
2021-05-04,16,224
2021-05-04,17,98
2021-05-04,18,47
2021-05-04,19,31
2021-05-04,20,24
2021-05-04,21,16
2021-05-04,22,8
2021-05-04,23,2
2021-05-05,0,3
2021-05-05,1,2
2021-05-05,2,1
2021-05-05,3,2
2021-05-05,4,5
2021-05-05,5,20
2021-05-05,6,67
2021-05-05,7,224
2021-05-05,8,281
2021-05-05,9,104
2021-05-05,10,124
2021-05-05,11,115
2021-05-05,12,195
2021-05-05,13,133
2021-05-05,14,122
2021-05-05,15,129
2021-05-05,16,188
2021-05-05,17,145
2021-05-05,18,53
2021-05-05,19,41
2021-05-05,20,28
2021-05-05,21,12
2021-05-05,22,7
2021-05-05,23,6
2021-05-06,0,0
2021-05-06,1,4
2021-05-06,2,7
2021-05-06,3,3
2021-05-06,4,2
2021-05-06,5,12
2021-05-06,6,46
2021-05-06,7,120
2021-05-06,8,108
2021-05-06,9,91
2021-05-06,10,96
2021-05-06,11,89
2021-05-06,12,103
2021-05-06,13,128
2021-05-06,14,90
2021-05-06,15,134
2021-05-06,16,237
2021-05-06,17,124
2021-05-06,18,71
2021-05-06,19,58
2021-05-06,20,31
2021-05-06,21,26
2021-05-06,22,13
2021-05-06,23,6
2021-05-07,0,5
2021-05-07,1,5
2021-05-07,2,1
2021-05-07,3,5
2021-05-07,4,4
2021-05-07,5,9
2021-05-07,6,37
2021-05-07,7,113
2021-05-07,8,183
2021-05-07,9,92
2021-05-07,10,126
2021-05-07,11,147
2021-05-07,12,162
2021-05-07,13,159
2021-05-07,14,84
2021-05-07,15,174
2021-05-07,16,190
2021-05-07,17,150
2021-05-07,18,67
2021-05-07,19,55
2021-05-07,20,22
2021-05-07,21,16
2021-05-07,22,11
2021-05-07,23,16
2021-05-08,0,3
2021-05-08,1,4
2021-05-08,2,3
2021-05-08,3,4
2021-05-08,4,6
2021-05-08,5,5
2021-05-08,6,18
2021-05-08,7,30
2021-05-08,8,59
2021-05-08,9,77
2021-05-08,10,101
2021-05-08,11,162
2021-05-08,12,139
2021-05-08,13,182
2021-05-08,14,103
2021-05-08,15,109
2021-05-08,16,113
2021-05-08,17,86
2021-05-08,18,58
2021-05-08,19,41
2021-05-08,20,27
2021-05-08,21,32
2021-05-08,22,10
2021-05-08,23,12
2021-05-09,0,9
2021-05-09,1,8
2021-05-09,2,4
2021-05-09,3,2
2021-05-09,4,3
2021-05-09,5,9
2021-05-09,6,11
2021-05-09,7,17
2021-05-09,8,32
2021-05-09,9,49
2021-05-09,10,54
2021-05-09,11,74
2021-05-09,12,91
2021-05-09,13,99
2021-05-09,14,74
2021-05-09,15,90
2021-05-09,16,65
2021-05-09,17,71
2021-05-09,18,44
2021-05-09,19,34
2021-05-09,20,34
2021-05-09,21,27
2021-05-09,22,9
2021-05-09,23,4
2021-05-10,0,1
2021-05-10,1,3
2021-05-10,2,2
2021-05-10,3,2
2021-05-10,4,7
2021-05-10,5,13
2021-05-10,6,45
2021-05-10,7,129
2021-05-10,8,122
2021-05-10,9,69
2021-05-10,10,108
2021-05-10,11,185
2021-05-10,12,89
2021-05-10,13,100
2021-05-10,14,85
2021-05-10,15,96
2021-05-10,16,108
2021-05-10,17,76
2021-05-10,18,52
2021-05-10,19,39
2021-05-10,20,25
2021-05-10,21,20
2021-05-10,22,8
2021-05-10,23,11
2021-05-11,0,0
2021-05-11,1,3
2021-05-11,2,2
2021-05-11,3,1
2021-05-11,4,9
2021-05-11,5,11
2021-05-11,6,64
2021-05-11,7,145
2021-05-11,8,106
2021-05-11,9,68
2021-05-11,10,81
2021-05-11,11,102
2021-05-11,12,94
2021-05-11,13,92
2021-05-11,14,108
2021-05-11,15,88
2021-05-11,16,139
2021-05-11,17,90
2021-05-11,18,54
2021-05-11,19,45
2021-05-11,20,35
2021-05-11,21,21
2021-05-11,22,10
2021-05-11,23,7
2021-05-12,0,2
2021-05-12,1,3
2021-05-12,2,0
2021-05-12,3,1
2021-05-12,4,6
2021-05-12,5,12
2021-05-12,6,39
2021-05-12,7,176
2021-05-12,8,138
2021-05-12,9,67
2021-05-12,10,109
2021-05-12,11,91
2021-05-12,12,123
2021-05-12,13,151
2021-05-12,14,107
2021-05-12,15,128
2021-05-12,16,213
2021-05-12,17,174
2021-05-12,18,59
2021-05-12,19,47
2021-05-12,20,36
2021-05-12,21,22
2021-05-12,22,8
2021-05-12,23,5
2021-05-13,0,3
2021-05-13,1,3
2021-05-13,2,2
2021-05-13,3,0
2021-05-13,4,1
2021-05-13,5,15
2021-05-13,6,48
2021-05-13,7,179
2021-05-13,8,88
2021-05-13,9,131
2021-05-13,10,88
2021-05-13,11,88
2021-05-13,12,90
2021-05-13,13,83
2021-05-13,14,134
2021-05-13,15,102
2021-05-13,16,140
2021-05-13,17,110
2021-05-13,18,77
2021-05-13,19,45
2021-05-13,20,34
2021-05-13,21,22
2021-05-13,22,20
2021-05-13,23,2
2021-05-14,0,4
2021-05-14,1,0
2021-05-14,2,2
2021-05-14,3,1
2021-05-14,4,7
2021-05-14,5,18
2021-05-14,6,44
2021-05-14,7,87
2021-05-14,8,88
2021-05-14,9,80
2021-05-14,10,84
2021-05-14,11,128
2021-05-14,12,117
2021-05-14,13,143
2021-05-14,14,162
2021-05-14,15,227
2021-05-14,16,150
2021-05-14,17,135
2021-05-14,18,70
2021-05-14,19,54
2021-05-14,20,37
2021-05-14,21,39
2021-05-14,22,15
2021-05-14,23,10
2021-05-15,0,11
2021-05-15,1,6
2021-05-15,2,2
2021-05-15,3,3
2021-05-15,4,6
2021-05-15,5,7
2021-05-15,6,11
2021-05-15,7,29
2021-05-15,8,55
2021-05-15,9,80
2021-05-15,10,94
2021-05-15,11,117
2021-05-15,12,132
2021-05-15,13,110
2021-05-15,14,124
2021-05-15,15,79
2021-05-15,16,77
2021-05-15,17,79
2021-05-15,18,47
2021-05-15,19,43
2021-05-15,20,34
2021-05-15,21,26
2021-05-15,22,15
2021-05-15,23,7
2021-05-16,0,12
2021-05-16,1,5
2021-05-16,2,6
2021-05-16,3,1
2021-05-16,4,5
2021-05-16,5,6
2021-05-16,6,13
2021-05-16,7,16
2021-05-16,8,26
2021-05-16,9,67
2021-05-16,10,60
2021-05-16,11,79
2021-05-16,12,85
2021-05-16,13,77
2021-05-16,14,63
2021-05-16,15,70
2021-05-16,16,72
2021-05-16,17,54
2021-05-16,18,30
2021-05-16,19,39
2021-05-16,20,23
2021-05-16,21,18
2021-05-16,22,12
2021-05-16,23,5
2021-05-17,0,5
2021-05-17,1,2
2021-05-17,2,1
2021-05-17,3,2
2021-05-17,4,4
2021-05-17,5,13
2021-05-17,6,50
2021-05-17,7,99
2021-05-17,8,81
2021-05-17,9,83
2021-05-17,10,84
2021-05-17,11,82
2021-05-17,12,74
2021-05-17,13,76
2021-05-17,14,79
2021-05-17,15,96
2021-05-17,16,87
2021-05-17,17,87
2021-05-17,18,48
2021-05-17,19,41
2021-05-17,20,24
2021-05-17,21,16
2021-05-17,22,6
2021-05-17,23,5
2021-05-18,0,1
2021-05-18,1,3
2021-05-18,2,1
2021-05-18,3,0
2021-05-18,4,3
2021-05-18,5,18
2021-05-18,6,54
2021-05-18,7,136
2021-05-18,8,112
2021-05-18,9,74
2021-05-18,10,64
2021-05-18,11,89
2021-05-18,12,86
2021-05-18,13,104
2021-05-18,14,89
2021-05-19,15,130
2021-05-19,16,228
2021-05-19,17,131
2021-05-19,18,62
2021-05-19,19,44
2021-05-19,20,23
2021-05-19,21,23
2021-05-19,22,12
2021-05-19,23,8
2021-05-20,0,1
2021-05-20,1,4
2021-05-20,2,0
2021-05-20,3,1
2021-05-20,4,8
2021-05-20,5,12
2021-05-20,6,49
2021-05-20,7,116
2021-05-20,8,118
2021-05-20,9,78
2021-05-20,10,85
2021-05-20,11,93
2021-05-20,12,102
2021-05-20,13,124
2021-05-20,14,85
2021-05-20,15,101
2021-05-20,16,245
2021-05-20,17,105
2021-05-20,18,60
2021-05-20,19,42
2021-05-20,20,32
2021-05-20,21,26
2021-05-20,22,12
2021-05-20,23,9
2021-05-21,0,7
2021-05-21,1,2
2021-05-21,2,4
2021-05-21,3,2
2021-05-21,4,3
2021-05-21,5,11
2021-05-21,6,46
2021-05-21,7,105
2021-05-21,8,110
2021-05-21,9,78
2021-05-21,10,99
2021-05-21,11,99
2021-05-21,12,116
2021-05-21,13,196
2021-05-21,14,103
2021-05-21,15,138
2021-05-21,16,97
2021-05-21,17,120
2021-05-21,18,59
2021-05-21,19,47
2021-05-21,20,27
2021-05-21,21,28
2021-05-21,22,21
2021-05-21,23,11
2021-05-22,0,12
2021-05-22,1,0
2021-05-22,2,5
2021-05-22,3,1
2021-05-22,4,1
2021-05-22,5,3
2021-05-22,6,14
2021-05-22,7,38
2021-05-22,8,74
2021-05-22,9,73
2021-05-22,10,77
2021-05-22,11,103
2021-05-22,12,147
2021-05-22,13,76
2021-05-22,14,75
2021-05-22,15,61
2021-05-22,16,67
2021-05-22,17,81
2021-05-22,18,48
2021-05-22,19,34
2021-05-22,20,30
2021-05-22,21,26
2021-05-22,22,12
2021-05-22,23,10
2021-05-23,0,9
2021-05-23,1,7
2021-05-23,2,5
2021-05-23,3,3
2021-05-23,4,1
2021-05-23,5,2
2021-05-23,6,8
2021-05-23,7,16
2021-05-23,8,30
2021-05-23,9,46
2021-05-23,10,55
2021-05-23,11,65
2021-05-23,12,75
2021-05-23,13,84
2021-05-23,14,80
2021-05-23,15,69
2021-05-23,16,48
2021-05-23,17,72
2021-05-23,18,39
2021-05-23,19,34
2021-05-23,20,15
2021-05-23,21,16
2021-05-23,22,10
2021-05-23,23,6
2021-05-24,0,6
2021-05-24,1,1
2021-05-24,2,4
2021-05-24,3,2
2021-05-24,4,3
2021-05-24,5,16
2021-05-24,6,45
2021-05-24,7,122
2021-05-24,8,115
2021-05-24,9,64
2021-05-24,10,92
2021-05-24,11,74
2021-05-24,12,77
2021-05-24,13,82
2021-05-24,14,74
2021-05-24,15,142
2021-05-24,16,100
2021-05-24,17,80
2021-05-24,18,53
2021-05-24,19,45
2021-05-24,20,20
2021-05-24,21,14
2021-05-24,22,11
2021-05-24,23,5
2021-05-25,0,2
2021-05-25,1,2
2021-05-25,2,1
2021-05-25,3,1
2021-05-25,4,5
2021-05-25,5,9
2021-05-25,6,54
2021-05-25,7,117
2021-05-25,8,116
2021-05-25,9,65
2021-05-25,10,76
2021-05-25,11,99
2021-05-25,12,87
2021-05-25,13,78
2021-05-25,14,88
2021-05-25,15,103
2021-05-25,16,210
2021-05-25,17,95
2021-05-25,18,57
2021-05-25,19,36
2021-05-25,20,24
2021-05-25,21,25
2021-05-25,22,10
2021-05-25,23,7
2021-05-26,0,7
2021-05-26,1,3
2021-05-26,2,1
2021-05-26,3,5
2021-05-26,4,5
2021-05-26,5,12
2021-05-26,6,50
2021-05-26,7,114
2021-05-26,8,89
2021-05-26,9,71
2021-05-26,10,78
2021-05-26,11,88
2021-05-26,12,89
2021-05-26,13,124
2021-05-26,14,98
2021-05-26,15,106
2021-05-26,16,190
2021-05-26,17,136
2021-05-26,18,50
2021-05-26,19,56
2021-05-26,20,27
2021-05-26,21,21
2021-05-26,22,16
2021-05-26,23,24
2021-05-27,0,4
2021-05-27,1,4
2021-05-27,2,2
2021-05-27,3,6
2021-05-27,4,10
2021-05-27,5,16
2021-05-27,6,51
2021-05-27,7,104
2021-05-27,8,115
2021-05-27,9,91
2021-05-27,10,65
2021-05-27,11,96
2021-05-27,12,87
2021-05-27,13,85
2021-05-27,14,91
2021-05-27,15,116
2021-05-27,16,149
2021-05-27,17,102
2021-05-27,18,60
2021-05-27,19,51
2021-05-27,20,36
2021-05-27,21,24
2021-05-27,22,13
2021-05-27,23,6
2021-05-28,0,3
2021-05-28,1,3
2021-05-28,2,2
2021-05-28,3,3
2021-05-28,4,6
2021-05-28,5,10
2021-05-28,6,38
2021-05-28,7,80
2021-05-28,8,80
2021-05-28,9,72
2021-05-28,10,88
2021-05-28,11,84
2021-05-28,12,218
2021-05-28,13,143
2021-05-28,14,95
2021-05-28,15,236
2021-05-28,16,156
2021-05-28,17,89
2021-05-28,18,73
2021-05-28,19,41
2021-05-28,20,22
2021-05-28,21,22
2021-05-28,22,8
2021-05-28,23,5
2021-05-29,0,4
2021-05-29,1,7
2021-05-29,2,4
2021-05-29,3,6
2021-05-29,4,2
2021-05-29,5,9
2021-05-29,6,16
2021-05-29,7,28
2021-05-29,8,49
2021-05-29,9,66
2021-05-29,10,79
2021-05-29,11,86
2021-05-29,12,87
2021-05-29,13,114
2021-05-29,14,77
2021-05-29,15,86
2021-05-29,16,56
2021-05-29,17,76
2021-05-29,18,51
2021-05-29,19,34
2021-05-29,20,27
2021-05-29,21,29
2021-05-29,22,23
2021-05-29,23,18
2021-05-30,0,8
2021-05-30,1,7
2021-05-30,2,5
2021-05-30,3,2
2021-05-30,4,3
2021-05-30,5,10
2021-05-30,6,6
2021-05-30,7,21
2021-05-30,8,30
2021-05-30,9,47
2021-05-30,10,54
2021-05-30,11,62
2021-05-30,12,78
2021-05-30,13,79
2021-05-30,14,65
2021-05-30,15,93
2021-05-30,16,59
2021-05-30,17,68
2021-05-30,18,52
2021-05-30,19,40
2021-05-30,20,40
2021-05-30,21,33
2021-05-30,22,13
2021-05-30,23,10
2021-05-31,0,13
2021-05-31,1,6
2021-05-31,2,3
2021-05-31,3,3
2021-05-31,4,4
2021-05-31,5,11
2021-05-31,6,23
2021-05-31,7,52
2021-05-31,8,54
2021-05-31,9,74
2021-05-31,10,76
2021-05-31,11,80
2021-05-31,12,67
2021-05-31,13,76
2021-05-31,14,68
2021-05-31,15,69
2021-05-31,16,78
2021-05-31,17,63
2021-05-31,18,68
2021-05-31,19,55
2021-05-31,20,36
2021-05-31,21,28
2021-05-31,22,13
2021-05-31,23,9
2021-06-01,0,3
2021-06-01,1,3
2021-06-01,2,1
2021-06-01,3,3
2021-06-01,4,6
2021-06-01,5,15
2021-06-01,6,37
2021-06-01,7,120
2021-06-01,8,125
2021-06-01,9,78
2021-06-01,10,88
2021-06-01,11,88
2021-06-01,12,92
2021-06-01,13,82
2021-06-01,14,81
2021-06-01,15,109
2021-06-01,16,234
2021-06-01,17,119
2021-06-01,18,52
2021-06-01,19,49
2021-06-01,20,29
2021-06-01,21,21
2021-06-01,22,14
2021-06-01,23,10
2021-06-02,0,5
2021-06-02,1,5
2021-06-02,2,3
2021-06-02,3,3
2021-06-02,4,4
2021-06-02,5,13
2021-06-02,6,45
2021-06-02,7,136
2021-06-02,8,107
2021-06-02,9,119
2021-06-02,10,81
2021-06-02,11,90
2021-06-02,12,86
2021-06-02,13,108
2021-06-02,14,126
2021-06-02,15,106
2021-06-02,16,149
2021-06-02,17,80
2021-06-02,18,66
2021-06-02,19,44
2021-06-02,20,54
2021-06-02,21,19
2021-06-02,22,17
2021-06-02,23,8
2021-06-03,0,3
2021-06-03,1,2
2021-06-03,2,10
2021-06-03,3,2
2021-06-03,4,4
2021-06-03,5,10
2021-06-03,6,52
2021-06-03,7,139
2021-06-03,8,103
2021-06-03,9,73
2021-06-03,10,105
2021-06-03,11,95
2021-06-03,12,115
2021-06-03,13,91
2021-06-03,14,106
2021-06-03,15,136
2021-06-03,16,129
2021-06-03,17,120
2021-06-03,18,53
2021-06-03,19,44
2021-06-03,20,31
2021-06-03,21,29
2021-06-03,22,15
2021-06-03,23,3
2021-06-04,0,0
2021-06-04,1,0
2021-06-04,2,0
2021-06-04,3,0
2021-06-04,4,5
2021-06-04,5,13
2021-06-04,6,44
2021-06-04,7,161
2021-06-04,8,130
2021-06-04,9,97
2021-06-04,10,115
2021-06-04,11,101
2021-06-04,12,105
2021-06-04,13,133
2021-06-04,14,199
2021-06-04,15,227
2021-06-04,16,261
2021-06-04,17,112
2021-06-04,18,67
2021-06-04,19,50
2021-06-04,20,29
2021-06-04,21,22
2021-06-04,22,19
2021-06-04,23,8
2021-06-05,0,6
2021-06-05,1,2
2021-06-05,2,1
2021-06-05,3,2
2021-06-05,4,4
2021-06-05,5,8
2021-06-05,6,10
2021-06-05,7,32
2021-06-05,8,76
2021-06-05,9,91
2021-06-05,10,71
2021-06-05,11,95
2021-06-05,12,107
2021-06-05,13,93
2021-06-05,14,94
2021-06-05,15,87
2021-06-05,16,77
2021-06-05,17,95
2021-06-05,18,68
2021-06-05,19,48
2021-06-05,20,23
2021-06-05,21,30
2021-06-05,22,18
2021-06-05,23,9
2021-06-06,0,12
2021-06-06,1,2
2021-06-06,2,2
2021-06-06,3,3
2021-06-06,4,2
2021-06-06,5,4
2021-06-06,6,7
2021-06-06,7,26
2021-06-06,8,25
2021-06-06,9,40
2021-06-06,10,70
2021-06-06,11,84
2021-06-06,12,82
2021-06-06,13,79
2021-06-06,14,68
2021-06-06,15,55
2021-06-06,16,70
2021-06-06,17,72
2021-06-06,18,53
2021-06-06,19,54
2021-06-06,20,31
2021-06-06,21,17
2021-06-06,22,12
2021-06-06,23,7
2021-06-07,0,0
2021-06-07,1,2
2021-06-07,2,2
2021-06-07,3,1
2021-06-07,4,6
2021-06-07,5,9
2021-06-07,6,42
2021-06-07,7,129
2021-06-07,8,78
2021-06-07,9,78
2021-06-07,10,76
2021-06-07,11,82
2021-06-07,12,90
2021-06-07,13,104
2021-06-07,14,87
2021-06-07,15,89
2021-06-07,16,111
2021-06-07,17,86
2021-06-07,18,64
2021-06-07,19,41
2021-06-07,20,26
2021-06-07,21,21
2021-06-07,22,12
2021-06-07,23,7
2021-06-08,0,1
2021-06-08,1,3
2021-06-08,2,2
2021-06-08,3,1
2021-06-08,4,8
2021-06-08,5,9
2021-06-08,6,53
2021-06-08,7,129
2021-06-08,8,95
2021-06-08,9,84
2021-06-08,10,86
2021-06-08,11,70
2021-06-08,12,82
2021-06-08,13,96
2021-06-08,14,96
2021-06-08,15,85
2021-06-08,16,164
2021-06-08,17,140
2021-06-08,18,63
2021-06-08,19,31
2021-06-08,20,30
2021-06-08,21,22
2021-06-08,22,8
2021-06-08,23,3
2021-06-09,0,3
2021-06-09,1,4
2021-06-09,2,4
2021-06-09,3,3
2021-06-09,4,6
2021-06-09,5,11
2021-06-09,6,46
2021-06-09,7,113
2021-06-09,8,80
2021-06-09,9,99
2021-06-09,10,74
2021-06-09,11,92
2021-06-09,12,98
2021-06-09,13,114
2021-06-09,14,88
2021-06-09,15,111
2021-06-09,16,180
2021-06-09,17,120
2021-06-09,18,60
2021-06-09,19,37
2021-06-09,20,34
2021-06-09,21,23
2021-06-09,22,12
2021-06-09,23,8
2021-06-10,0,3
2021-06-10,1,3
2021-06-10,2,5
2021-06-10,3,3
2021-06-10,4,5
2021-06-10,5,18
2021-06-10,6,44
2021-06-10,7,136
2021-06-10,8,96
2021-06-10,9,91
2021-06-10,10,112
2021-06-10,11,85
2021-06-10,12,130
2021-06-10,13,87
2021-06-10,14,103
2021-06-10,15,93
2021-06-10,16,112
2021-06-10,17,146
2021-06-10,18,67
2021-06-10,19,43
2021-06-10,20,27
2021-06-10,21,28
2021-06-10,22,16
2021-06-10,23,9
2021-06-11,0,12
2021-06-11,1,3
2021-06-11,2,5
2021-06-11,3,5
2021-06-11,4,8
2021-06-11,5,20
2021-06-11,6,47
2021-06-11,7,114
2021-06-11,8,108
2021-06-11,9,119
2021-06-11,10,101
2021-06-11,11,110
2021-06-11,12,114
2021-06-11,13,236
2021-06-11,14,153
2021-06-11,15,250
2021-06-11,16,190
2021-06-11,17,88
2021-06-11,18,61
2021-06-11,19,48
2021-06-11,20,31
2021-06-11,21,26
2021-06-11,22,37
2021-06-11,23,9
2021-06-12,0,6
2021-06-12,1,3
2021-06-12,2,3
2021-06-12,3,6
2021-06-12,4,1
2021-06-12,5,10
2021-06-12,6,17
2021-06-12,7,35
2021-06-12,8,57
2021-06-12,9,86
2021-06-12,10,64
2021-06-12,11,122
2021-06-12,12,134
2021-06-12,13,101
2021-06-12,14,82
2021-06-12,15,80
2021-06-12,16,72
2021-06-12,17,73
2021-06-12,18,79
2021-06-12,19,42
2021-06-12,20,35
2021-06-12,21,29
2021-06-12,22,26
2021-06-12,23,7
2021-06-13,0,6
2021-06-13,1,5
2021-06-13,2,6
2021-06-13,3,6
2021-06-13,4,4
2021-06-13,5,5
2021-06-13,6,8
2021-06-13,7,21
2021-06-13,8,28
2021-06-13,9,61
2021-06-13,10,66
2021-06-13,11,87
2021-06-13,12,76
2021-06-13,13,70
2021-06-13,14,66
2021-06-13,15,55
2021-06-13,16,70
2021-06-13,17,61
2021-06-13,18,59
2021-06-13,19,46
2021-06-13,20,29
2021-06-13,21,20
2021-06-13,22,15
2021-06-13,23,5
2021-06-14,0,7
2021-06-14,1,1
2021-06-14,2,1
2021-06-14,3,0
2021-06-14,4,6
2021-06-14,5,13
2021-06-14,6,46
2021-06-14,7,124
2021-06-14,8,102
2021-06-14,9,73
2021-06-14,10,114
2021-06-14,11,96
2021-06-14,12,106
2021-06-14,13,75
2021-06-14,14,54
2021-06-14,15,75
2021-06-14,16,110
2021-06-14,17,64
2021-06-14,18,55
2021-06-14,19,37
2021-06-14,20,32
2021-06-14,21,26
2021-06-14,22,4
2021-06-14,23,16
2021-06-15,0,8
2021-06-15,1,1
2021-06-15,2,1
2021-06-15,3,3
2021-06-15,4,8
2021-06-15,5,20
2021-06-15,6,52
2021-06-15,7,132
2021-06-15,8,89
2021-06-15,9,110
2021-06-15,10,82
2021-06-15,11,96
2021-06-15,12,94
2021-06-15,13,128
2021-06-15,14,94
2021-06-15,15,113
2021-06-15,16,124
2021-06-15,17,98
2021-06-15,18,68
2021-06-15,19,33
2021-06-15,20,19
2021-06-15,21,19
2021-06-15,22,11
2021-06-15,23,8
2021-06-16,0,4
2021-06-16,1,7
2021-06-16,2,2
2021-06-16,3,3
2021-06-16,4,6
2021-06-16,5,17
2021-06-16,6,56
2021-06-16,7,140
2021-06-16,8,121
2021-06-16,9,71
2021-06-16,10,86
2021-06-16,11,92
2021-06-16,12,88
2021-06-16,13,116
2021-06-16,14,80
2021-06-16,15,116
2021-06-16,16,125
2021-06-16,17,83
2021-06-16,18,57
2021-06-16,19,49
2021-06-16,20,35
2021-06-16,21,20
2021-06-16,22,10
2021-06-16,23,6
2021-06-17,0,5
2021-06-17,1,1
2021-06-17,2,2
2021-06-17,3,1
2021-06-17,4,6
2021-06-17,5,8
2021-06-17,6,46
2021-06-17,7,123
2021-06-17,8,147
2021-06-17,9,94
2021-06-17,10,100
2021-06-17,11,94
2021-06-17,12,87
2021-06-17,13,102
2021-06-17,14,94
2021-06-17,15,112
2021-06-17,16,105
2021-06-17,17,99
2021-06-17,18,68
2021-06-17,19,49
2021-06-17,20,33
2021-06-17,21,31
2021-06-17,22,14
2021-06-17,23,3
2021-06-18,0,8
2021-06-18,1,2
2021-06-18,2,0
2021-06-18,3,0
2021-06-18,4,5
2021-06-18,5,16
2021-06-18,6,50
2021-06-18,7,92
2021-06-18,8,76
2021-06-18,9,94
2021-06-18,10,98
2021-06-18,11,97
2021-06-18,12,98
2021-06-18,13,135
2021-06-18,14,114
2021-06-18,15,175
2021-06-18,16,225
2021-06-18,17,157
2021-06-18,18,65
2021-06-18,19,37
2021-06-18,20,20
2021-06-18,21,30
2021-06-18,22,21
2021-06-18,23,19
2021-06-19,0,18
2021-06-19,1,7
2021-06-19,2,3
2021-06-19,3,4
2021-06-19,4,3
2021-06-19,5,9
2021-06-19,6,12
2021-06-19,7,26
2021-06-19,8,44
2021-06-19,9,92
2021-06-19,10,97
2021-06-19,11,100
2021-06-19,12,90
2021-06-19,13,83
2021-06-19,14,87
2021-06-19,15,83
2021-06-19,16,92
2021-06-19,17,73
2021-06-19,18,50
2021-06-19,19,47
2021-06-19,20,24
2021-06-19,21,29
2021-06-19,22,20
2021-06-19,23,11
2021-06-20,0,14
2021-06-20,1,3
2021-06-20,2,4
2021-06-20,3,3
2021-06-20,4,1
2021-06-20,5,5
2021-06-20,6,10
2021-06-20,7,18
2021-06-20,8,14
2021-06-20,9,52
2021-06-20,10,70
2021-06-20,11,80
2021-06-20,12,84
2021-06-20,13,81
2021-06-20,14,68
2021-06-20,15,74
2021-06-20,16,70
2021-06-20,17,66
2021-06-20,18,52
2021-06-20,19,41
2021-06-20,20,30
2021-06-20,21,20
2021-06-20,22,13
2021-06-20,23,13
2021-06-21,0,3
2021-06-21,1,2
2021-06-21,2,0
2021-06-21,3,0
2021-06-21,4,4
2021-06-21,5,10
2021-06-21,6,46
2021-06-21,7,133
2021-06-21,8,78
2021-06-21,9,55
2021-06-21,10,88
2021-06-21,11,80
2021-06-21,12,92
2021-06-21,13,83
2021-06-21,14,92
2021-06-21,15,87
2021-06-21,16,118
2021-06-21,17,62
2021-06-21,18,53
2021-06-21,19,71
2021-06-21,20,26
2021-06-21,21,16
2021-06-21,22,8
2021-06-21,23,8
2021-06-22,0,0
2021-06-22,1,0
2021-06-22,2,0
2021-06-22,3,0
2021-06-22,4,4
2021-06-22,5,12
2021-06-22,6,49
2021-06-22,7,127
2021-06-22,8,101
2021-06-22,9,97
2021-06-22,10,80
2021-06-22,11,87
2021-06-22,12,77
2021-06-22,13,95
2021-06-22,14,62
2021-06-22,15,88
2021-06-22,16,106
2021-06-22,17,112
2021-06-22,18,58
2021-06-22,19,31
2021-06-22,20,16
2021-06-22,21,33
2021-06-22,22,14
2021-06-22,23,11
2021-06-23,0,2
2021-06-23,1,0
2021-06-23,2,4
2021-06-23,3,1
2021-06-23,4,5
2021-06-23,5,9
2021-06-23,6,37
2021-06-23,7,139
2021-06-23,8,76
2021-06-23,9,78
2021-06-23,10,92
2021-06-23,11,91
2021-06-23,12,99
2021-06-23,13,113
2021-06-23,14,85
2021-06-23,15,101
2021-06-23,16,158
2021-06-23,17,71
2021-06-23,18,59
2021-06-23,19,46
2021-06-23,20,27
2021-06-23,21,25
2021-06-23,22,10
2021-06-23,23,6
2021-06-24,0,9
2021-06-24,1,3
2021-06-24,2,1
2021-06-24,3,0
2021-06-24,4,2
2021-06-24,5,11
2021-06-24,6,51
2021-06-24,7,108
2021-06-24,8,89
2021-06-24,9,93
2021-06-24,10,96
2021-06-24,11,112
2021-06-24,12,159
2021-06-24,13,114
2021-06-24,14,89
2021-06-24,15,99
2021-06-24,16,138
2021-06-24,17,130
2021-06-24,18,103
2021-06-24,19,40
2021-06-24,20,27
2021-06-24,21,24
2021-06-24,22,15
2021-06-24,23,7
2021-06-25,0,6
2021-06-25,1,4
2021-06-25,2,4
2021-06-25,3,2
2021-06-25,4,4
2021-06-25,5,9
2021-06-25,6,40
2021-06-25,7,77
2021-06-25,8,93
2021-06-25,9,86
2021-06-25,10,88
2021-06-25,11,97
2021-06-25,12,176
2021-06-25,13,219
2021-06-25,14,98
2021-06-25,15,140
2021-06-25,16,203
2021-06-25,17,103
2021-06-25,18,74
2021-06-25,19,36
2021-06-25,20,36
2021-06-25,21,30
2021-06-25,22,15
2021-06-25,23,7
2021-06-26,0,10
2021-06-26,1,0
2021-06-26,2,2
2021-06-26,3,0
2021-06-26,4,2
2021-06-26,5,3
2021-06-26,6,9
2021-06-26,7,29
2021-06-26,8,56
2021-06-26,9,66
2021-06-26,10,82
2021-06-26,11,100
2021-06-26,12,90
2021-06-26,13,100
2021-06-26,14,76
2021-06-26,15,62
2021-06-26,16,78
2021-06-26,17,58
2021-06-26,18,56
2021-06-26,19,53
2021-06-26,20,37
2021-06-26,21,27
2021-06-26,22,20
2021-06-26,23,7
2021-06-27,0,10
2021-06-27,1,4
2021-06-27,2,8
2021-06-27,3,4
2021-06-27,4,0
2021-06-27,5,5
2021-06-27,6,8
2021-06-27,7,13
2021-06-27,8,29
2021-06-27,9,52
2021-06-27,10,61
2021-06-27,11,78
2021-06-27,12,70
2021-06-27,13,75
2021-06-27,14,59
2021-06-27,15,75
2021-06-27,16,63
2021-06-27,17,47
2021-06-27,18,55
2021-06-27,19,45
2021-06-27,20,31
2021-06-27,21,24
2021-06-27,22,10
2021-06-27,23,9
2021-06-28,0,0
2021-06-28,1,0
2021-06-28,2,3
2021-06-28,3,2
2021-06-28,4,3
2021-06-28,5,12
2021-06-28,6,48
2021-06-28,7,79
2021-06-28,8,97
2021-06-28,9,69
2021-06-28,10,70
2021-06-28,11,84
2021-06-28,12,96
2021-06-28,13,88
2021-06-28,14,76
2021-06-28,15,86
2021-06-28,16,109
2021-06-28,17,76
2021-06-28,18,52
2021-06-28,19,40
2021-06-28,20,21
2021-06-28,21,16
2021-06-28,22,12
2021-06-28,23,4
2021-06-29,0,0
2021-06-29,1,0
2021-06-29,2,0
2021-06-29,3,0
2021-06-29,4,4
2021-06-29,5,12
2021-06-29,6,49
2021-06-29,7,120
2021-06-29,8,105
2021-06-29,9,101
2021-06-29,10,84
2021-06-29,11,88
2021-06-29,12,75
2021-06-29,13,0
2021-06-29,14,0
2021-06-29,15,39
2021-06-29,16,159
2021-06-29,17,119
2021-06-29,18,53
2021-06-29,19,31
2021-06-29,20,21
2021-06-29,21,16
2021-06-29,22,16
2021-06-29,23,4
2021-06-30,0,6
2021-06-30,1,0
2021-06-30,2,0
2021-06-30,3,0
2021-06-30,4,8
2021-06-30,5,12
2021-06-30,6,53
2021-06-30,7,128
2021-06-30,8,105
2021-06-30,9,84
2021-06-30,10,84
2021-06-30,11,85
2021-06-30,12,98
2021-06-30,13,85
2021-06-30,14,77
2021-06-30,15,97
2021-06-30,16,160
2021-06-30,17,90
2021-06-30,18,51
2021-06-30,19,45
2021-06-30,20,23
2021-06-30,21,18
2021-06-30,22,20
2021-06-30,23,5
2021-07-01,0,4
2021-07-01,1,2
2021-07-01,2,0
2021-07-01,3,1
2021-07-01,4,4
2021-07-01,5,11
2021-07-01,6,43
2021-07-01,7,102
2021-07-01,8,89
2021-07-01,9,88
2021-07-01,10,91
2021-07-01,11,83
2021-07-01,12,80
2021-07-01,13,93
2021-07-01,14,87
2021-07-01,15,97
2021-07-01,16,101
2021-07-01,17,81
2021-07-01,18,61
2021-07-01,19,39
2021-07-01,20,29
2021-07-01,21,21
2021-07-01,22,14
2021-07-01,23,6
2021-07-02,0,2
2021-07-02,1,0
2021-07-02,2,0
2021-07-02,3,4
2021-07-02,4,1
2021-07-02,5,16
2021-07-02,6,40
2021-07-02,7,79
2021-07-02,8,96
2021-07-02,9,102
2021-07-02,10,92
2021-07-02,11,83
2021-07-02,12,94
2021-07-02,13,97
2021-07-02,14,181
2021-07-02,15,136
2021-07-02,16,84
2021-07-02,17,71
2021-07-02,18,61
2021-07-02,19,46
2021-07-02,20,29
2021-07-02,21,29
2021-07-02,22,25
2021-07-02,23,6
2021-07-03,0,2
2021-07-03,1,4
2021-07-03,2,0
2021-07-03,3,1
2021-07-03,4,4
2021-07-03,5,10
2021-07-03,6,14
2021-07-03,7,21
2021-07-03,8,54
2021-07-03,9,80
2021-07-03,10,74
2021-07-03,11,75
2021-07-03,12,129
2021-07-03,13,90
2021-07-03,14,71
2021-07-03,15,97
2021-07-03,16,103
2021-07-03,17,77
2021-07-03,18,48
2021-07-03,19,37
2021-07-03,20,19
2021-07-03,21,21
2021-07-03,22,17
2021-07-03,23,12
2021-07-04,0,9
2021-07-04,1,6
2021-07-04,2,0
2021-07-04,3,3
2021-07-04,4,3
2021-07-04,5,4
2021-07-04,6,11
2021-07-04,7,14
2021-07-04,8,26
2021-07-04,9,67
2021-07-04,10,60
2021-07-04,11,68
2021-07-04,12,79
2021-07-04,13,97
2021-07-04,14,67
2021-07-04,15,64
2021-07-04,16,72
2021-07-04,17,60
2021-07-04,18,50
2021-07-04,19,37
2021-07-04,20,19
2021-07-04,21,20
2021-07-04,22,14
2021-07-04,23,9
2021-07-05,0,1
2021-07-05,1,2
2021-07-05,2,0
2021-07-05,3,2
2021-07-05,4,2
2021-07-05,5,10
2021-07-05,6,39
2021-07-05,7,77
2021-07-05,8,82
2021-07-05,9,87
2021-07-05,10,113
2021-07-05,11,108
2021-07-05,12,111
2021-07-05,13,92
2021-07-05,14,78
2021-07-05,15,93
2021-07-05,16,84
2021-07-05,17,77
2021-07-05,18,52
2021-07-05,19,42
2021-07-05,20,24
2021-07-05,21,11
2021-07-05,22,13
2021-07-05,23,10
2021-07-06,0,7
2021-07-06,1,0
2021-07-06,2,1
2021-07-06,3,0
2021-07-06,4,4
2021-07-06,5,8
2021-07-06,6,39
2021-07-06,7,84
2021-07-06,8,79
2021-07-06,9,65
2021-07-06,10,79
2021-07-06,11,100
2021-07-06,12,85
2021-07-06,13,160
2021-07-06,14,82
2021-07-06,15,77
2021-07-06,16,113
2021-07-06,17,75
2021-07-06,18,49
2021-07-06,19,33
2021-07-06,20,20
2021-07-06,21,15
2021-07-06,22,17
2021-07-06,23,9
2021-07-07,0,0
2021-07-07,1,4
2021-07-07,2,2
2021-07-07,3,2
2021-07-07,4,5
2021-07-07,5,8
2021-07-07,6,34
2021-07-07,7,89
2021-07-07,8,90
2021-07-07,9,101
2021-07-07,10,118
2021-07-07,11,145
2021-07-07,12,141
2021-07-07,13,92
2021-07-07,14,88
2021-07-07,15,100
2021-07-07,16,126
2021-07-07,17,83
2021-07-07,18,67
2021-07-07,19,37
2021-07-07,20,20
2021-07-07,21,12
2021-07-07,22,13
2021-07-07,23,3
2021-07-08,0,5
2021-07-08,1,3
2021-07-08,2,0
2021-07-08,3,1
2021-07-08,4,3
2021-07-08,5,7
2021-07-08,6,40
2021-07-08,7,83
2021-07-08,8,98
2021-07-08,9,81
2021-07-08,10,96
2021-07-08,11,108
2021-07-08,12,114
2021-07-08,13,101
2021-07-08,14,135
2021-07-08,15,110
2021-07-08,16,158
2021-07-08,17,118
2021-07-08,18,69
2021-07-08,19,55
2021-07-08,20,33
2021-07-08,21,21
2021-07-08,22,16
2021-07-08,23,8
2021-07-09,0,3
2021-07-09,1,3
2021-07-09,2,2
2021-07-09,3,3
2021-07-09,4,8
2021-07-09,5,12
2021-07-09,6,47
2021-07-09,7,77
2021-07-09,8,89
2021-07-09,9,80
2021-07-09,10,113
2021-07-09,11,124
2021-07-09,12,155
2021-07-09,13,179
2021-07-09,14,134
2021-07-09,15,111
2021-07-09,16,165
2021-07-09,17,103
2021-07-09,18,52
2021-07-09,19,52
2021-07-09,20,33
2021-07-09,21,31
2021-07-09,22,15
2021-07-09,23,5
2021-07-10,0,4
2021-07-10,1,4
2021-07-10,2,4
2021-07-10,3,1
2021-07-10,4,7
2021-07-10,5,8
2021-07-10,6,11
2021-07-10,7,24
2021-07-10,8,54
2021-07-10,9,104
2021-07-10,10,65
2021-07-10,11,100
2021-07-10,12,126
2021-07-10,13,103
2021-07-10,14,77
2021-07-10,15,76
2021-07-10,16,69
2021-07-10,17,65
2021-07-10,18,54
2021-07-10,19,31
2021-07-10,20,34
2021-07-10,21,26
2021-07-10,22,27
2021-07-10,23,10
2021-07-11,0,14
2021-07-11,1,6
2021-07-11,2,5
2021-07-11,3,1
2021-07-11,4,0
2021-07-11,5,10
2021-07-11,6,8
2021-07-11,7,16
2021-07-11,8,29
2021-07-11,9,53
2021-07-11,10,56
2021-07-11,11,77
2021-07-11,12,94
2021-07-11,13,83
2021-07-11,14,63
2021-07-11,15,69
2021-07-11,16,64
2021-07-11,17,55
2021-07-11,18,46
2021-07-11,19,33
2021-07-11,20,17
2021-07-11,21,14
2021-07-11,22,22
2021-07-11,23,13
2021-07-12,0,2
2021-07-12,1,5
2021-07-12,2,3
2021-07-12,3,1
2021-07-12,4,4
2021-07-12,5,11
2021-07-12,6,40
2021-07-12,7,68
2021-07-12,8,60
2021-07-12,9,70
2021-07-12,10,72
2021-07-12,11,74
2021-07-12,12,65
2021-07-12,13,80
2021-07-12,14,91
2021-07-12,15,72
2021-07-12,16,84
2021-07-12,17,83
2021-07-12,18,73
2021-07-12,19,40
2021-07-12,20,27
2021-07-12,21,20
2021-07-12,22,16
2021-07-12,23,7
2021-07-13,0,2
2021-07-13,1,0
2021-07-13,2,2
2021-07-13,3,2
2021-07-13,4,4
2021-07-13,5,9
2021-07-13,6,43
2021-07-13,7,82
2021-07-13,8,71
2021-07-13,9,85
2021-07-13,10,48
2021-07-13,11,88
2021-07-13,12,92
2021-07-13,13,115
2021-07-13,14,92
2021-07-13,15,90
2021-07-13,16,112
2021-07-13,17,72
2021-07-13,18,70
2021-07-13,19,46
2021-07-13,20,24
2021-07-13,21,23
2021-07-13,22,11
2021-07-13,23,5
2021-07-14,0,5
2021-07-14,1,2
2021-07-14,2,5
2021-07-14,3,0
2021-07-14,4,6
2021-07-14,5,15
2021-07-14,6,45
2021-07-14,7,107
2021-07-14,8,84
2021-07-14,9,87
2021-07-14,10,76
2021-07-14,11,63
2021-07-14,12,114
2021-07-14,13,101
2021-07-14,14,82
2021-07-14,15,109
2021-07-14,16,123
2021-07-14,17,72
2021-07-14,18,64
2021-07-14,19,42
2021-07-14,20,24
2021-07-14,21,16
2021-07-14,22,12
2021-07-14,23,4
2021-07-15,0,0
2021-07-15,1,1
2021-07-15,2,4
2021-07-15,3,3
2021-07-15,4,4
2021-07-15,5,12
2021-07-15,6,50
2021-07-15,7,104
2021-07-15,8,94
2021-07-15,9,94
2021-07-15,10,73
2021-07-15,11,70
2021-07-15,12,99
2021-07-15,13,84
2021-07-15,14,66
2021-07-15,15,85
2021-07-15,16,107
2021-07-15,17,80
2021-07-15,18,66
2021-07-15,19,38
2021-07-15,20,30
2021-07-15,21,26
2021-07-15,22,12
2021-07-15,23,3
2021-07-16,0,0
2021-07-16,1,4
2021-07-16,2,0
2021-07-16,3,1
2021-07-16,4,7
2021-07-16,5,23
2021-07-16,6,38
2021-07-16,7,65
2021-07-16,8,73
2021-07-16,9,84
2021-07-16,10,88
2021-07-16,11,85
2021-07-16,12,133
2021-07-16,13,164
2021-07-16,14,90
2021-07-16,15,100
2021-07-16,16,122
2021-07-16,17,100
2021-07-16,18,74
2021-07-16,19,48
2021-07-16,20,24
2021-07-16,21,29
2021-07-16,22,13
2021-07-16,23,8
2021-07-17,0,4
2021-07-17,1,5
2021-07-17,2,4
2021-07-17,3,1
2021-07-17,4,2
2021-07-17,5,7
2021-07-17,6,16
2021-07-17,7,32
2021-07-17,8,58
2021-07-17,9,66
2021-07-17,10,83
2021-07-17,11,91
2021-07-17,12,71
2021-07-17,13,81
2021-07-17,14,64
2021-07-17,15,66
2021-07-17,16,61
2021-07-17,17,65
2021-07-17,18,49
2021-07-17,19,44
2021-07-17,20,20
2021-07-17,21,22
2021-07-17,22,17
2021-07-17,23,13
2021-07-18,0,9
2021-07-18,1,8
2021-07-18,2,10
2021-07-18,3,2
2021-07-18,4,3
2021-07-18,5,7
2021-07-18,6,10
2021-07-18,7,12
2021-07-18,8,27
2021-07-18,9,46
2021-07-18,10,74
2021-07-18,11,61
2021-07-18,12,72
2021-07-18,13,79
2021-07-18,14,62
2021-07-18,15,82
2021-07-18,16,79
2021-07-18,17,64
2021-07-18,18,52
2021-07-18,19,41
2021-07-18,20,27
2021-07-18,21,17
2021-07-18,22,14
2021-07-18,23,4
2021-07-19,0,2
2021-07-19,1,3
2021-07-19,2,2
2021-07-19,3,1
2021-07-19,4,4
2021-07-19,5,14
2021-07-19,6,36
2021-07-19,7,49
2021-07-19,8,57
2021-07-19,9,75
2021-07-19,10,70
2021-07-19,11,98
2021-07-19,12,131
2021-07-19,13,67
2021-07-19,14,58
2021-07-19,15,88
2021-07-19,16,72
2021-07-19,17,70
2021-07-19,18,50
2021-07-19,19,36
2021-07-19,20,29
2021-07-19,21,23
2021-07-19,22,13
2021-07-19,23,8
2021-07-20,0,1
2021-07-20,1,5
2021-07-20,2,0
2021-07-20,3,1
2021-07-20,4,7
2021-07-20,5,13
2021-07-20,6,38
2021-07-20,7,85
2021-07-20,8,78
2021-07-20,9,79
2021-07-20,10,85
2021-07-20,11,101
2021-07-20,12,122
2021-07-20,13,63
2021-07-20,14,77
2021-07-20,15,68
2021-07-20,16,90
2021-07-20,17,85
2021-07-20,18,48
2021-07-20,19,31
2021-07-20,20,19
2021-07-20,21,20
2021-07-20,22,15
2021-07-20,23,4
2021-07-21,0,0
2021-07-21,1,5
2021-07-21,2,5
2021-07-21,3,4
2021-07-21,4,0
2021-07-21,5,10
2021-07-21,6,46
2021-07-21,7,94
2021-07-21,8,86
2021-07-21,9,90
2021-07-21,10,89
2021-07-21,11,72
2021-07-21,12,97
2021-07-21,13,78
2021-07-21,14,115
2021-07-21,15,76
2021-07-21,16,96
2021-07-21,17,81
2021-07-21,18,59
2021-07-21,19,47
2021-07-21,20,38
2021-07-21,21,28
2021-07-21,22,14
2021-07-21,23,6
2021-07-22,0,0
2021-07-22,1,2
2021-07-22,2,1
2021-07-22,3,2
2021-07-22,4,4
2021-07-22,5,13
2021-07-22,6,49
2021-07-22,7,58
2021-07-22,8,72
2021-07-22,9,74
2021-07-22,10,77
2021-07-22,11,73
2021-07-22,12,84
2021-07-22,13,99
2021-07-22,14,80
2021-07-22,15,83
2021-07-22,16,141
2021-07-22,17,136
2021-07-22,18,56
2021-07-22,19,41
2021-07-22,20,23
2021-07-22,21,27
2021-07-22,22,18
2021-07-22,23,16
2021-07-23,0,4
2021-07-23,1,6
2021-07-23,2,4
2021-07-23,3,3
2021-07-23,4,3
2021-07-23,5,14
2021-07-23,6,45
2021-07-23,7,62
2021-07-23,8,105
2021-07-23,9,83
2021-07-23,10,76
2021-07-23,11,105
2021-07-23,12,107
2021-07-23,13,103
2021-07-23,14,94
2021-07-23,15,102
2021-07-23,16,99
2021-07-23,17,90
2021-07-23,18,67
2021-07-23,19,45
2021-07-23,20,34
2021-07-23,21,32
2021-07-23,22,17
2021-07-23,23,15
2021-07-24,0,19
2021-07-24,1,8
2021-07-24,2,4
2021-07-24,3,1
2021-07-24,4,3
2021-07-24,5,4
2021-07-24,6,16
2021-07-24,7,33
2021-07-24,8,44
2021-07-24,9,59
2021-07-24,10,88
2021-07-24,11,106
2021-07-24,12,81
2021-07-24,13,74
2021-07-24,14,89
2021-07-24,15,70
2021-07-24,16,75
2021-07-24,17,72
2021-07-24,18,48
2021-07-24,19,38
2021-07-24,20,32
2021-07-24,21,15
2021-07-24,22,24
2021-07-24,23,14
2021-07-25,0,10
2021-07-25,1,8
2021-07-25,2,1
2021-07-25,3,3
2021-07-25,4,0
2021-07-25,5,2
2021-07-25,6,9
2021-07-25,7,18
2021-07-25,8,32
2021-07-25,9,46
2021-07-25,10,51
2021-07-25,11,60
2021-07-25,12,81
2021-07-25,13,75
2021-07-25,14,76
2021-07-25,15,65
2021-07-25,16,63
2021-07-25,17,62
2021-07-25,18,56
2021-07-25,19,45
2021-07-25,20,30
2021-07-25,21,20
2021-07-25,22,12
2021-07-25,23,7
2021-07-26,0,4
2021-07-26,1,2
2021-07-26,2,2
2021-07-26,3,0
2021-07-26,4,7
2021-07-26,5,6
2021-07-26,6,42
2021-07-26,7,84
2021-07-26,8,80
2021-07-26,9,69
2021-07-26,10,72
2021-07-26,11,77
2021-07-26,12,111
2021-07-26,13,87
2021-07-26,14,83
2021-07-26,15,96
2021-07-26,16,99
2021-07-26,17,71
2021-07-26,18,50
2021-07-26,19,50
2021-07-26,20,27
2021-07-26,21,16
2021-07-26,22,16
2021-07-26,23,5
2021-07-27,0,4
2021-07-27,1,0
2021-07-27,2,0
2021-07-27,3,2
2021-07-27,4,3
2021-07-27,5,11
2021-07-27,6,45
2021-07-27,7,84
2021-07-27,8,90
2021-07-27,9,80
2021-07-27,10,88
2021-07-27,11,87
2021-07-27,12,73
2021-07-27,13,64
2021-07-27,14,97
2021-07-27,15,88
2021-07-27,16,192
2021-07-27,17,91
2021-07-27,18,66
2021-07-27,19,36
2021-07-27,20,22
2021-07-27,21,20
2021-07-27,22,13
2021-07-27,23,9
2021-07-28,0,1
2021-07-28,1,2
2021-07-28,2,2
2021-07-28,3,4
2021-07-28,4,6
2021-07-28,5,17
2021-07-28,6,50
2021-07-28,7,85
2021-07-28,8,108
2021-07-28,9,88
2021-07-28,10,83
2021-07-28,11,100
2021-07-28,12,120
2021-07-28,13,82
2021-07-28,14,76
2021-07-28,15,153
2021-07-28,16,155
2021-07-28,17,145
2021-07-28,18,83
2021-07-28,19,46
2021-07-28,20,25
2021-07-28,21,16
2021-07-28,22,13
2021-07-28,23,10
2021-07-29,0,9
2021-07-29,1,0
2021-07-29,2,0
2021-07-29,3,0
2021-07-29,4,2
2021-07-29,5,14
2021-07-29,6,38
2021-07-29,7,82
2021-07-29,8,92
2021-07-29,9,73
2021-07-29,10,88
2021-07-29,11,89
2021-07-29,12,90
2021-07-29,13,104
2021-07-29,14,145
2021-07-29,15,116
2021-07-29,16,206
2021-07-29,17,111
2021-07-29,18,70
2021-07-29,19,39
2021-07-29,20,20
2021-07-29,21,25
2021-07-29,22,10
2021-07-29,23,7
2021-07-30,0,8
2021-07-30,1,4
2021-07-30,2,6
2021-07-30,3,0
2021-07-30,4,4
2021-07-30,5,18
2021-07-30,6,45
2021-07-30,7,75
2021-07-30,8,96
2021-07-30,9,83
2021-07-30,10,107
2021-07-30,11,122
2021-07-30,12,197
2021-07-30,13,189
2021-07-30,14,197
2021-07-30,15,178
2021-07-30,16,131
2021-07-30,17,114
2021-07-30,18,69
2021-07-30,19,50
2021-07-30,20,25
2021-07-30,21,26
2021-07-30,22,18
2021-07-30,23,14
2021-07-31,0,4
2021-07-31,1,2
2021-07-31,2,2
2021-07-31,3,4
2021-07-31,4,2
2021-07-31,5,5
2021-07-31,6,13
2021-07-31,7,32
2021-07-31,8,40
2021-07-31,9,74
2021-07-31,10,76
2021-07-31,11,113
2021-07-31,12,94
2021-07-31,13,74
2021-07-31,14,70
2021-07-31,15,95
2021-07-31,16,98
2021-07-31,17,63
2021-07-31,18,68
2021-07-31,19,44
2021-07-31,20,23
2021-07-31,21,38
2021-07-31,22,30
2021-07-31,23,13
2021-08-01,0,10
2021-08-01,1,11
2021-08-01,2,7
2021-08-01,3,0
2021-08-01,4,1
2021-08-01,5,5
2021-08-01,6,11
2021-08-01,7,20
2021-08-01,8,25
2021-08-01,9,49
2021-08-01,10,62
2021-08-01,11,75
2021-08-01,12,86
2021-08-01,13,77
2021-08-01,14,87
2021-08-01,15,60
2021-08-01,16,66
2021-08-01,17,86
2021-08-01,18,60
2021-08-01,19,47
2021-08-01,20,31
2021-08-01,21,24
2021-08-01,22,20
2021-08-01,23,4
2021-08-02,0,0
2021-08-02,1,6
2021-08-02,2,3
2021-08-02,3,1
2021-08-02,4,3
2021-08-02,5,10
2021-08-02,6,34
2021-08-02,7,85
2021-08-02,8,81
2021-08-02,9,67
2021-08-02,10,78
2021-08-02,11,85
2021-08-02,12,67
2021-08-02,13,82
2021-08-02,14,85
2021-08-02,15,77
2021-08-02,16,145
2021-08-02,17,82
2021-08-02,18,53
2021-08-02,19,36
2021-08-02,20,30
2021-08-02,21,24
2021-08-02,22,11
2021-08-02,23,6
2021-08-03,0,7
2021-08-03,1,3
2021-08-03,2,3
2021-08-03,3,5
2021-08-03,4,5
2021-08-03,5,7
2021-08-03,6,38
2021-08-03,7,84
2021-08-03,8,91
2021-08-03,9,99
2021-08-03,10,98
2021-08-03,11,88
2021-08-03,12,111
2021-08-03,13,86
2021-08-03,14,88
2021-08-03,15,94
2021-08-03,16,140
2021-08-03,17,87
2021-08-03,18,69
2021-08-03,19,44
2021-08-03,20,26
2021-08-03,21,19
2021-08-03,22,11
2021-08-03,23,0
2021-08-04,0,0
2021-08-04,1,4
2021-08-04,2,1
2021-08-04,3,4
2021-08-04,4,4
2021-08-04,5,11
2021-08-04,6,46
2021-08-04,7,102
2021-08-04,8,99
2021-08-04,9,99
2021-08-04,10,96
2021-08-04,11,88
2021-08-04,12,91
2021-08-04,13,84
2021-08-04,14,165
2021-08-04,15,96
2021-08-04,16,209
2021-08-04,17,296
2021-08-04,18,108
2021-08-04,19,46
2021-08-04,20,32
2021-08-04,21,18
2021-08-04,22,17
2021-08-04,23,5
2021-08-05,0,12
2021-08-05,1,3
2021-08-05,2,6
2021-08-05,3,4
2021-08-05,4,9
2021-08-05,5,14
2021-08-05,6,42
2021-08-05,7,78
2021-08-05,8,98
2021-08-05,9,80
2021-08-05,10,92
2021-08-05,11,86
2021-08-05,12,128
2021-08-05,13,150
2021-08-05,14,109
2021-08-05,15,161
2021-08-05,16,142
2021-08-05,17,84
2021-08-05,18,95
2021-08-05,19,40
2021-08-05,20,32
2021-08-05,21,18
2021-08-05,22,16
2021-08-05,23,12
2021-08-06,0,0
2021-08-06,1,7
2021-08-06,2,5
2021-08-06,3,2
2021-08-06,4,6
2021-08-06,5,13
2021-08-06,6,41
2021-08-06,7,82
2021-08-06,8,89
2021-08-06,9,74
2021-08-06,10,101
2021-08-06,11,108
2021-08-06,12,208
2021-08-06,13,257
2021-08-06,14,256
2021-08-06,15,216
2021-08-06,16,256
2021-08-06,17,208
2021-08-06,18,103
2021-08-06,19,34
2021-08-06,20,26
2021-08-06,21,21
2021-08-06,22,21
2021-08-06,23,13
2021-08-07,0,4
2021-08-07,1,5
2021-08-07,2,2
2021-08-07,3,7
2021-08-07,4,3
2021-08-07,5,4
2021-08-07,6,15
2021-08-07,7,30
2021-08-07,8,38
2021-08-07,9,68
2021-08-07,10,90
2021-08-07,11,114
2021-08-07,12,102
2021-08-07,13,86
2021-08-07,14,111
2021-08-07,15,85
2021-08-07,16,75
2021-08-07,17,71
2021-08-07,18,73
2021-08-07,19,50
2021-08-07,20,26
2021-08-07,21,26
2021-08-07,22,18
2021-08-07,23,40
2021-08-08,0,24
2021-08-08,1,11
2021-08-08,2,8
2021-08-08,3,6
2021-08-08,4,2
2021-08-08,5,4
2021-08-08,6,10
2021-08-08,7,20
2021-08-08,8,34
2021-08-08,9,59
2021-08-08,10,57
2021-08-08,11,82
2021-08-08,12,166
2021-08-08,13,116
2021-08-08,14,66
2021-08-08,15,77
2021-08-08,16,89
2021-08-08,17,79
2021-08-08,18,49
2021-08-08,19,40
2021-08-08,20,23
2021-08-08,21,18
2021-08-08,22,14
2021-08-08,23,10
2021-08-09,0,0
2021-08-09,1,6
2021-08-09,2,5
2021-08-09,3,3
2021-08-09,4,3
2021-08-09,5,13
2021-08-09,6,47
2021-08-09,7,88
2021-08-09,8,81
2021-08-09,9,88
2021-08-09,10,81
2021-08-09,11,90
2021-08-09,12,105
2021-08-09,13,100
2021-08-09,14,90
2021-08-09,15,128
2021-08-09,16,189
2021-08-09,17,215
2021-08-09,18,64
2021-08-09,19,44
2021-08-09,20,26
2021-08-09,21,15
2021-08-09,22,13
2021-08-09,23,5
2021-08-10,0,4
2021-08-10,1,3
2021-08-10,2,2
2021-08-10,3,1
2021-08-10,4,3
2021-08-10,5,13
2021-08-10,6,53
2021-08-10,7,119
2021-08-10,8,113
2021-08-10,9,74
2021-08-10,10,96
2021-08-10,11,86
2021-08-10,12,92
2021-08-10,13,71
2021-08-10,14,94
2021-08-10,15,95
2021-08-10,16,268
2021-08-10,17,100
2021-08-10,18,84
2021-08-10,19,40
2021-08-10,20,21
2021-08-10,21,27
2021-08-10,22,25
2021-08-10,23,3
2021-08-11,0,4
2021-08-11,1,6
2021-08-11,2,5
2021-08-11,3,3
2021-08-11,4,5
2021-08-11,5,15
2021-08-11,6,46
2021-08-11,7,89
2021-08-11,8,126
2021-08-11,9,114
2021-08-11,10,112
2021-08-11,11,134
2021-08-11,12,138
2021-08-11,13,107
2021-08-11,14,109
2021-08-11,15,113
2021-08-11,16,222
2021-08-11,17,114
2021-08-11,18,55
2021-08-11,19,44
2021-08-11,20,26
2021-08-11,21,23
2021-08-11,22,15
2021-08-11,23,11
2021-08-12,0,3
2021-08-12,1,6
2021-08-12,2,2
2021-08-12,3,6
2021-08-12,4,8
2021-08-12,5,11
2021-08-12,6,39
2021-08-12,7,85
2021-08-12,8,93
2021-08-12,9,86
2021-08-12,10,93
2021-08-12,11,77
2021-08-12,12,90
2021-08-12,13,156
2021-08-12,14,124
2021-08-12,15,149
2021-08-12,16,138
2021-08-12,17,210
2021-08-12,18,64
2021-08-12,19,48
2021-08-12,20,31
2021-08-12,21,37
2021-08-12,22,20
2021-08-12,23,6
2021-08-13,0,3
2021-08-13,1,4
2021-08-13,2,1
2021-08-13,3,3
2021-08-13,4,5
2021-08-13,5,16
2021-08-13,6,42
2021-08-13,7,89
2021-08-13,8,77
2021-08-13,9,70
2021-08-13,10,117
2021-08-13,11,150
2021-08-13,12,112
2021-08-13,13,185
2021-08-13,14,141
2021-08-13,15,200
2021-08-13,16,183
2021-08-13,17,132
2021-08-13,18,92
2021-08-13,19,60
2021-08-13,20,29
2021-08-13,21,20
2021-08-13,22,28
2021-08-13,23,13
2021-08-14,0,9
2021-08-14,1,8
2021-08-14,2,5
2021-08-14,3,1
2021-08-14,4,6
2021-08-14,5,5
2021-08-14,6,14
2021-08-14,7,31
2021-08-14,8,56
2021-08-14,9,81
2021-08-14,10,105
2021-08-14,11,108
2021-08-14,12,245
2021-08-14,13,139
2021-08-14,14,83
2021-08-14,15,110
2021-08-14,16,117
2021-08-14,17,71
2021-08-14,18,59
2021-08-14,19,46
2021-08-14,20,22
2021-08-14,21,36
2021-08-14,22,22
2021-08-14,23,13
2021-08-15,0,9
2021-08-15,1,12
2021-08-15,2,10
2021-08-15,3,3
2021-08-15,4,3
2021-08-15,5,4
2021-08-15,6,7
2021-08-15,7,20
2021-08-15,8,34
2021-08-15,9,47
2021-08-15,10,63
2021-08-15,11,90
2021-08-15,12,76
2021-08-15,13,92
2021-08-15,14,79
2021-08-15,15,80
2021-08-15,16,95
2021-08-15,17,69
2021-08-15,18,45
2021-08-15,19,34
2021-08-15,20,23
2021-08-15,21,15
2021-08-15,22,10
2021-08-15,23,9
2021-08-16,0,0
2021-08-16,1,4
2021-08-16,2,6
2021-08-16,3,4
2021-08-16,4,6
2021-08-16,5,17
2021-08-16,6,48
2021-08-16,7,101
2021-08-16,8,109
2021-08-16,9,88
2021-08-16,10,82
2021-08-16,11,109
2021-08-16,12,90
2021-08-16,13,100
2021-08-16,14,68
2021-08-16,15,73
2021-08-16,16,113
2021-08-16,17,117
2021-08-16,18,42
2021-08-16,19,40
2021-08-16,20,25
2021-08-16,21,23
2021-08-16,22,14
2021-08-16,23,6
2021-08-17,0,4
2021-08-17,1,5
2021-08-17,2,4
2021-08-17,3,3
2021-08-17,4,7
2021-08-17,5,14
2021-08-17,6,43
2021-08-17,7,171
2021-08-17,8,126
2021-08-17,9,82
2021-08-17,10,91
2021-08-17,11,106
2021-08-17,12,121
2021-08-17,13,108
2021-08-17,14,105
2021-08-17,15,107
2021-08-17,16,128
2021-08-17,17,132
2021-08-17,18,66
2021-08-17,19,38
2021-08-17,20,32
2021-08-17,21,20
2021-08-17,22,10
2021-08-17,23,4
2021-08-18,0,0
2021-08-18,1,5
2021-08-18,2,8
2021-08-18,3,0
2021-08-18,4,3
2021-08-18,5,7
2021-08-18,6,51
2021-08-18,7,114
2021-08-18,8,109
2021-08-18,9,82
2021-08-18,10,97
2021-08-18,11,89
2021-08-18,12,99
2021-08-18,13,114
2021-08-18,14,97
2021-08-18,15,136
2021-08-18,16,209
2021-08-18,17,126
2021-08-18,18,78
2021-08-18,19,47
2021-08-18,20,42
2021-08-18,21,24
2021-08-18,22,12
2021-08-18,23,5
2021-08-19,0,1
2021-08-19,1,4
2021-08-19,2,2
2021-08-19,3,2
2021-08-19,4,6
2021-08-19,5,8
2021-08-19,6,66
2021-08-19,7,181
2021-08-19,8,110
2021-08-19,9,97
2021-08-19,10,89
2021-08-19,11,84
2021-08-19,12,117
2021-08-19,13,116
2021-08-19,14,122
2021-08-19,15,191
2021-08-19,16,238
2021-08-19,17,104
2021-08-19,18,66
2021-08-19,19,40
2021-08-19,20,29
2021-08-19,21,26
2021-08-19,22,19
2021-08-19,23,5
2021-08-20,0,2
2021-08-20,1,1
2021-08-20,2,3
2021-08-20,3,3
2021-08-20,4,7
2021-08-20,5,14
2021-08-20,6,44
2021-08-20,7,135
2021-08-20,8,93
2021-08-20,9,103
2021-08-20,10,84
2021-08-20,11,126
2021-08-20,12,163
2021-08-20,13,118
2021-08-20,14,160
2021-08-20,15,146
2021-08-20,16,103
2021-08-20,17,88
2021-08-20,18,73
2021-08-20,19,54
2021-08-20,20,32
2021-08-20,21,33
2021-08-20,22,26
2021-08-20,23,20
2021-08-21,0,6
2021-08-21,1,8
2021-08-21,2,5
2021-08-21,3,7
2021-08-21,4,6
2021-08-21,5,7
2021-08-21,6,15
2021-08-21,7,25
2021-08-21,8,53
2021-08-21,9,68
2021-08-21,10,100
2021-08-21,11,129
2021-08-21,12,153
2021-08-21,13,148
2021-08-21,14,129
2021-08-21,15,70
2021-08-21,16,75
2021-08-21,17,79
2021-08-21,18,61
2021-08-21,19,40
2021-08-21,20,33
2021-08-21,21,24
2021-08-21,22,20
2021-08-21,23,16
2021-08-22,0,12
2021-08-22,1,11
2021-08-22,2,0
2021-08-22,3,4
2021-08-22,4,1
2021-08-22,5,3
2021-08-22,6,3
2021-08-22,7,31
2021-08-22,8,26
2021-08-22,9,59
2021-08-22,10,64
2021-08-22,11,55
2021-08-22,12,85
2021-08-22,13,92
2021-08-22,14,84
2021-08-22,15,77
2021-08-22,16,85
2021-08-22,17,61
2021-08-22,18,49
2021-08-22,19,27
2021-08-22,20,26
2021-08-22,21,21
2021-08-22,22,12
2021-08-22,23,10
2021-08-23,0,0
2021-08-23,1,2
2021-08-23,2,2
2021-08-23,3,0
2021-08-23,4,1
2021-08-23,5,12
2021-08-23,6,51
2021-08-23,7,156
2021-08-23,8,178
2021-08-23,9,77
2021-08-23,10,84
2021-08-23,11,86
2021-08-23,12,93
2021-08-23,13,99
2021-08-23,14,68
2021-08-23,15,95
2021-08-23,16,103
2021-08-23,17,123
2021-08-23,18,65
2021-08-23,19,120
2021-08-23,20,118
2021-08-23,21,74
2021-08-23,22,45
2021-08-23,23,33
2021-08-24,0,4
2021-08-24,1,11
2021-08-24,2,13
2021-08-24,3,14
2021-08-24,4,3
2021-08-24,5,10
2021-08-24,6,43
2021-08-24,7,151
2021-08-24,8,107
2021-08-24,9,71
2021-08-24,10,77
2021-08-24,11,117
2021-08-24,12,88
2021-08-24,13,71
2021-08-24,14,89
2021-08-24,15,79
2021-08-24,16,117
2021-08-24,17,125
2021-08-24,18,53
2021-08-24,19,43
2021-08-24,20,45
2021-08-24,21,28
2021-08-24,22,10
2021-08-24,23,6
2021-08-25,0,0
2021-08-25,1,5
2021-08-25,2,7
2021-08-25,3,2
2021-08-25,4,4
2021-08-25,5,11
2021-08-25,6,60
2021-08-25,7,174
2021-08-25,8,149
2021-08-25,9,96
2021-08-25,10,89
2021-08-25,11,85
2021-08-25,12,89
2021-08-25,13,170
2021-08-25,14,123
2021-08-25,15,88
2021-08-25,16,115
2021-08-25,17,87
2021-08-25,18,62
2021-08-25,19,58
2021-08-25,20,36
2021-08-25,21,27
2021-08-25,22,16
2021-08-25,23,13
2021-08-26,0,6
2021-08-26,1,4
2021-08-26,2,5
2021-08-26,3,1
2021-08-26,4,4
2021-08-26,5,13
2021-08-26,6,47
2021-08-26,7,133
2021-08-26,8,172
2021-08-26,9,94
2021-08-26,10,65
2021-08-26,11,102
2021-08-26,12,108
2021-08-26,13,108
2021-08-26,14,94
2021-08-26,15,96
2021-08-26,16,194
2021-08-26,17,142
2021-08-26,18,55
2021-08-26,19,49
2021-08-26,20,41
2021-08-26,21,28
2021-08-26,22,17
2021-08-26,23,8
2021-08-27,0,7
2021-08-27,1,5
2021-08-27,2,2
2021-08-27,3,6
2021-08-27,4,2
2021-08-27,5,4
2021-08-27,6,47
2021-08-27,7,114
2021-08-27,8,118
2021-08-27,9,90
2021-08-27,10,101
2021-08-27,11,116
2021-08-27,12,136
2021-08-27,13,146
2021-08-27,14,119
2021-08-27,15,94
2021-08-27,16,98
2021-08-27,17,75
2021-08-27,18,62
2021-08-27,19,45
2021-08-27,20,34
2021-08-27,21,34
2021-08-27,22,22
2021-08-27,23,13
2021-08-28,0,8
2021-08-28,1,11
2021-08-28,2,6
2021-08-28,3,3
2021-08-28,4,2
2021-08-28,5,3
2021-08-28,6,17
2021-08-28,7,33
2021-08-28,8,80
2021-08-28,9,91
2021-08-28,10,101
2021-08-28,11,126
2021-08-28,12,155
2021-08-28,13,104
2021-08-28,14,97
2021-08-28,15,90
2021-08-28,16,70
2021-08-28,17,82
2021-08-28,18,70
2021-08-28,19,54
2021-08-28,20,39
2021-08-28,21,29
2021-08-28,22,21
2021-08-28,23,15
2021-08-29,0,16
2021-08-29,1,9
2021-08-29,2,5
2021-08-29,3,7
2021-08-29,4,1
2021-08-29,5,5
2021-08-29,6,11
2021-08-29,7,18
2021-08-29,8,37
2021-08-29,9,70
2021-08-29,10,90
2021-08-29,11,57
2021-08-29,12,69
2021-08-29,13,70
2021-08-29,14,73
2021-08-29,15,69
2021-08-29,16,66
2021-08-29,17,74
2021-08-29,18,63
2021-08-29,19,59
2021-08-29,20,207
2021-08-29,21,123
2021-08-29,22,76
2021-08-29,23,24
2021-08-30,0,29
2021-08-30,1,23
2021-08-30,2,14
2021-08-30,3,11
2021-08-30,4,6
2021-08-30,5,13
2021-08-30,6,48
2021-08-30,7,95
2021-08-30,8,84
2021-08-30,9,86
2021-08-30,10,66
2021-08-30,11,121
2021-08-30,12,121
2021-08-30,13,78
2021-08-30,14,79
2021-08-30,15,105
2021-08-30,16,102
2021-08-30,17,79
2021-08-30,18,57
2021-08-30,19,47
2021-08-30,20,47
2021-08-30,21,42
2021-08-30,22,6
2021-08-30,23,5
2021-08-31,0,11
2021-08-31,1,2
2021-08-31,2,2
2021-08-31,3,1
2021-08-31,4,6
2021-08-31,5,8
2021-08-31,6,48
2021-08-31,7,130
2021-08-31,8,116
2021-08-31,9,95
2021-08-31,10,77
2021-08-31,11,98
2021-08-31,12,95
2021-08-31,13,88
2021-08-31,14,83
2021-08-31,15,81
2021-08-31,16,93
2021-08-31,17,97
2021-08-31,18,57
2021-08-31,19,68
2021-08-31,20,47
2021-08-31,21,23
2021-08-31,22,13
2021-08-31,23,11
2021-09-01,0,8
2021-09-01,1,8
2021-09-01,2,4
2021-09-01,3,2
2021-09-01,4,6
2021-09-01,5,11
2021-09-01,6,55
2021-09-01,7,137
2021-09-01,8,110
2021-09-01,9,121
2021-09-01,10,83
2021-09-01,11,89
2021-09-01,12,107
2021-09-01,13,92
2021-09-01,14,92
2021-09-01,15,79
2021-09-01,16,90
2021-09-01,17,92
2021-09-01,18,85
2021-09-01,19,38
2021-09-01,20,36
2021-09-01,21,30
2021-09-01,22,12
2021-09-01,23,6
2021-09-02,0,4
2021-09-02,1,2
2021-09-02,2,1
2021-09-02,3,5
2021-09-02,4,3
2021-09-02,5,9
2021-09-02,6,45
2021-09-02,7,125
2021-09-02,8,135
2021-09-02,9,85
2021-09-02,10,95
2021-09-02,11,90
2021-09-02,12,92
2021-09-02,13,102
2021-09-02,14,97
2021-09-02,15,96
2021-09-02,16,128
2021-09-02,17,95
2021-09-02,18,82
2021-09-02,19,53
2021-09-02,20,43
2021-09-02,21,26
2021-09-02,22,17
2021-09-02,23,9
2021-09-03,0,2
2021-09-03,1,4
2021-09-03,2,1
2021-09-03,3,6
2021-09-03,4,7
2021-09-03,5,16
2021-09-03,6,49
2021-09-03,7,118
2021-09-03,8,84
2021-09-03,9,102
2021-09-03,10,85
2021-09-03,11,105
2021-09-03,12,95
2021-09-03,13,111
2021-09-03,14,113
2021-09-03,15,127
2021-09-03,16,130
2021-09-03,17,103
2021-09-03,18,86
2021-09-03,19,55
2021-09-03,20,56
2021-09-03,21,37
2021-09-03,22,37
2021-09-03,23,13
2021-09-04,0,5
2021-09-04,1,11
2021-09-04,2,3
2021-09-04,3,3
2021-09-04,4,3
2021-09-04,5,7
2021-09-04,6,14
2021-09-04,7,26
2021-09-04,8,63
2021-09-04,9,86
2021-09-04,10,106
2021-09-04,11,113
2021-09-04,12,99
2021-09-04,13,114
2021-09-04,14,110
2021-09-04,15,169
2021-09-04,16,158
2021-09-04,17,106
2021-09-04,18,57
2021-09-04,19,45
2021-09-04,20,32
2021-09-04,21,37
2021-09-04,22,43
2021-09-04,23,23
2021-09-05,0,18
2021-09-05,1,9
2021-09-05,2,9
2021-09-05,3,6
2021-09-05,4,6
2021-09-05,5,8
2021-09-05,6,8
2021-09-05,7,22
2021-09-05,8,25
2021-09-05,9,42
2021-09-05,10,89
2021-09-05,11,95
2021-09-05,12,95
2021-09-05,13,111
2021-09-05,14,85
2021-09-05,15,102
2021-09-05,16,83
2021-09-05,17,98
2021-09-05,18,67
2021-09-05,19,55
2021-09-05,20,39
2021-09-05,21,37
2021-09-05,22,39
2021-09-05,23,38
2021-09-06,0,77
2021-09-06,1,7
2021-09-06,2,7
2021-09-06,3,6
2021-09-06,4,3
2021-09-06,5,21
2021-09-06,6,57
2021-09-06,7,108
2021-09-06,8,113
2021-09-06,9,76
2021-09-06,10,99
2021-09-06,11,91
2021-09-06,12,91
2021-09-06,13,88
2021-09-06,14,94
2021-09-06,15,94
2021-09-06,16,100
2021-09-06,17,81
2021-09-06,18,48
2021-09-06,19,37
2021-09-06,20,25
2021-09-06,21,26
2021-09-06,22,13
2021-09-06,23,8
2021-09-07,0,7
2021-09-07,1,3
2021-09-07,2,4
2021-09-07,3,3
2021-09-07,4,4
2021-09-07,5,10
2021-09-07,6,43
2021-09-07,7,99
2021-09-07,8,98
2021-09-07,9,79
2021-09-07,10,86
2021-09-07,11,99
2021-09-07,12,85
2021-09-07,13,84
2021-09-07,14,80
2021-09-07,15,86
2021-09-07,16,92
2021-09-07,17,77
2021-09-07,18,66
2021-09-07,19,41
2021-09-07,20,31
2021-09-07,21,22
2021-09-07,22,17
2021-09-07,23,13
2021-09-08,0,2
2021-09-08,1,4
2021-09-08,2,7
2021-09-08,3,4
2021-09-08,4,10
2021-09-08,5,14
2021-09-08,6,50
2021-09-08,7,125
2021-09-08,8,115
2021-09-08,9,89
2021-09-08,10,80
2021-09-08,11,84
2021-09-08,12,87
2021-09-08,13,83
2021-09-08,14,91
2021-09-08,15,103
2021-09-08,16,115
2021-09-08,17,86
2021-09-08,18,71
2021-09-08,19,51
2021-09-08,20,36
2021-09-08,21,22
2021-09-08,22,12
2021-09-08,23,12
2021-09-09,0,1
2021-09-09,1,3
2021-09-09,2,4
2021-09-09,3,1
2021-09-09,4,4
2021-09-09,5,12
2021-09-09,6,48
2021-09-09,7,116
2021-09-09,8,125
2021-09-09,9,90
2021-09-09,10,89
2021-09-09,11,103
2021-09-09,12,97
2021-09-09,13,93
2021-09-09,14,81
2021-09-09,15,105
2021-09-09,16,137
2021-09-09,17,98
2021-09-09,18,74
2021-09-09,19,45
2021-09-09,20,36
2021-09-09,21,30
2021-09-09,22,9
2021-09-09,23,9
2021-09-10,0,4
2021-09-10,1,4
2021-09-10,2,7
2021-09-10,3,8
2021-09-10,4,6
2021-09-10,5,18
2021-09-10,6,48
2021-09-10,7,178
2021-09-10,8,149
2021-09-10,9,83
2021-09-10,10,98
2021-09-10,11,106
2021-09-10,12,115
2021-09-10,13,101
2021-09-10,14,111
2021-09-10,15,126
2021-09-10,16,111
2021-09-10,17,98
2021-09-10,18,85
2021-09-10,19,55
2021-09-10,20,31
2021-09-10,21,29
2021-09-10,22,15
2021-09-10,23,16
2021-09-11,0,4
2021-09-11,1,12
2021-09-11,2,2
2021-09-11,3,7
2021-09-11,4,7
2021-09-11,5,9
2021-09-11,6,16
2021-09-11,7,41
2021-09-11,8,57
2021-09-11,9,74
2021-09-11,10,95
2021-09-11,11,126
2021-09-11,12,97
2021-09-11,13,115
2021-09-11,14,110
2021-09-11,15,98
2021-09-11,16,86
2021-09-11,17,79
2021-09-11,18,75
2021-09-11,19,58
2021-09-11,20,43
2021-09-11,21,41
2021-09-11,22,32
2021-09-11,23,28
2021-09-12,0,16
2021-09-12,1,19
2021-09-12,2,18
2021-09-12,3,8
2021-09-12,4,2
2021-09-12,5,5
2021-09-12,6,13
2021-09-12,7,18
2021-09-12,8,23
2021-09-12,9,51
2021-09-12,10,67
2021-09-12,11,72
2021-09-12,12,109
2021-09-12,13,99
2021-09-12,14,99
2021-09-12,15,84
2021-09-12,16,96
2021-09-12,17,77
2021-09-12,18,71
2021-09-12,19,47
2021-09-12,20,28
2021-09-12,21,24
2021-09-12,22,10
2021-09-12,23,15
2021-09-13,0,26
2021-09-13,1,3
2021-09-13,2,3
2021-09-13,3,1
2021-09-13,4,8
2021-09-13,5,15
2021-09-13,6,50
2021-09-13,7,107
2021-09-13,8,91
2021-09-13,9,65
2021-09-13,10,97
2021-09-13,11,92
2021-09-13,12,90
2021-09-13,13,105
2021-09-13,14,110
2021-09-13,15,101
2021-09-13,16,120
2021-09-13,17,121
2021-09-13,18,57
2021-09-13,19,50
2021-09-13,20,30
2021-09-13,21,30
2021-09-13,22,12
2021-09-13,23,9
2021-09-14,0,4
2021-09-14,1,3
2021-09-14,2,7
2021-09-14,3,1
2021-09-14,4,10
2021-09-14,5,13
2021-09-14,6,92
2021-09-14,7,116
2021-09-14,8,139
2021-09-14,9,78
2021-09-14,10,105
2021-09-14,11,76
2021-09-14,12,93
2021-09-14,13,110
2021-09-14,14,97
2021-09-14,15,113
2021-09-14,16,141
2021-09-14,17,106
2021-09-14,18,52
2021-09-14,19,64
2021-09-14,20,42
2021-09-14,21,39
2021-09-14,22,13
2021-09-14,23,8
2021-09-15,0,0
2021-09-15,1,7
2021-09-15,2,4
2021-09-15,3,3
2021-09-15,4,9
2021-09-15,5,10
2021-09-15,6,45
2021-09-15,7,135
2021-09-15,8,106
2021-09-15,9,93
2021-09-15,10,108
2021-09-15,11,99
2021-09-15,12,99
2021-09-15,13,103
2021-09-15,14,100
2021-09-15,15,98
2021-09-15,16,110
2021-09-15,17,104
2021-09-15,18,68
2021-09-15,19,49
2021-09-15,20,32
2021-09-15,21,22
2021-09-15,22,23
2021-09-15,23,10
2021-09-16,0,0
2021-09-16,1,7
2021-09-16,2,1
2021-09-16,3,4
2021-09-16,4,9
2021-09-16,5,13
2021-09-16,6,50
2021-09-16,7,111
2021-09-16,8,113
2021-09-16,9,88
2021-09-16,10,92
2021-09-16,11,117
2021-09-16,12,107
2021-09-16,13,99
2021-09-16,14,90
2021-09-16,15,105
2021-09-16,16,150
2021-09-16,17,108
2021-09-16,18,56
2021-09-16,19,50
2021-09-16,20,34
2021-09-16,21,19
2021-09-16,22,17
2021-09-16,23,18
2021-09-17,0,8
2021-09-17,1,8
2021-09-17,2,6
2021-09-17,3,0
2021-09-17,4,2
2021-09-17,5,13
2021-09-17,6,49
2021-09-17,7,114
2021-09-17,8,103
2021-09-17,9,90
2021-09-17,10,91
2021-09-17,11,100
2021-09-17,12,132
2021-09-17,13,114
2021-09-17,14,109
2021-09-17,15,123
2021-09-17,16,119
2021-09-17,17,96
2021-09-17,18,74
2021-09-17,19,52
2021-09-17,20,43
2021-09-17,21,35
2021-09-17,22,25
2021-09-17,23,11
2021-09-18,0,5
2021-09-18,1,10
2021-09-18,2,11
2021-09-18,3,2
2021-09-18,4,2
2021-09-18,5,3
2021-09-18,6,16
2021-09-18,7,25
2021-09-18,8,68
2021-09-18,9,95
2021-09-18,10,98
2021-09-18,11,86
2021-09-18,12,104
2021-09-18,13,112
2021-09-18,14,102
2021-09-18,15,92
2021-09-18,16,94
2021-09-18,17,86
2021-09-18,18,75
2021-09-18,19,70
2021-09-18,20,37
2021-09-18,21,21
2021-09-18,22,36
2021-09-18,23,20
2021-09-19,0,14
2021-09-19,1,9
2021-09-19,2,14
2021-09-19,3,8
2021-09-19,4,0
2021-09-19,5,5
2021-09-19,6,9
2021-09-19,7,15
2021-09-19,8,29
2021-09-19,9,60
2021-09-19,10,67
2021-09-19,11,92
2021-09-19,12,100
2021-09-19,13,94
2021-09-19,14,83
2021-09-19,15,69
2021-09-19,16,73
2021-09-19,17,71
2021-09-19,18,34
2021-09-19,19,47
2021-09-19,20,39
2021-09-19,21,29
2021-09-19,22,15
2021-09-19,23,10
2021-09-20,0,31
2021-09-20,1,5
2021-09-20,2,2
2021-09-20,3,3
2021-09-20,4,6
2021-09-20,5,21
2021-09-20,6,39
2021-09-20,7,140
2021-09-20,8,93
2021-09-20,9,99
2021-09-20,10,91
2021-09-20,11,96
2021-09-20,12,105
2021-09-20,13,90
2021-09-20,14,113
2021-09-20,15,109
2021-09-20,16,120
2021-09-20,17,94
2021-09-20,18,73
2021-09-20,19,48
2021-09-20,20,28
2021-09-20,21,20
2021-09-20,22,10
2021-09-20,23,2
2021-09-21,0,2
2021-09-21,1,2
2021-09-21,2,5
2021-09-21,3,0
2021-09-21,4,9
2021-09-21,5,11
2021-09-21,6,52
2021-09-21,7,125
2021-09-21,8,101
2021-09-21,9,83
2021-09-21,10,88
2021-09-21,11,107
2021-09-21,12,102
2021-09-21,13,97
2021-09-21,14,94
2021-09-21,15,93
2021-09-21,16,121
2021-09-21,17,80
2021-09-21,18,62
2021-09-21,19,47
2021-09-21,20,25
2021-09-21,21,23
2021-09-21,22,14
2021-09-21,23,9
2021-09-22,0,1
2021-09-22,1,5
2021-09-22,2,3
2021-09-22,3,7
2021-09-22,4,3
2021-09-22,5,18
2021-09-22,6,48
2021-09-22,7,143
2021-09-22,8,113
2021-09-22,9,86
2021-09-22,10,95
2021-09-22,11,88
2021-09-22,12,115
2021-09-22,13,103
2021-09-22,14,101
2021-09-22,15,116
2021-09-22,16,136
2021-09-22,17,110
2021-09-22,18,93
2021-09-22,19,56
2021-09-22,20,40
2021-09-22,21,27
2021-09-22,22,17
2021-09-22,23,12
2021-09-23,0,1
2021-09-23,1,9
2021-09-23,2,10
2021-09-23,3,4
2021-09-23,4,6
2021-09-23,5,14
2021-09-23,6,65
2021-09-23,7,115
2021-09-23,8,125
2021-09-23,9,109
2021-09-23,10,82
2021-09-23,11,120
2021-09-23,12,105
2021-09-23,13,116
2021-09-23,14,88
2021-09-23,15,114
2021-09-23,16,134
2021-09-23,17,109
2021-09-23,18,92
2021-09-23,19,56
2021-09-23,20,27
2021-09-23,21,29
2021-09-23,22,22
2021-09-23,23,9
2021-09-24,0,5
2021-09-24,1,3
2021-09-24,2,0
2021-09-24,3,3
2021-09-24,4,8
2021-09-24,5,9
2021-09-24,6,39
2021-09-24,7,94
2021-09-24,8,79
2021-09-24,9,95
2021-09-24,10,90
2021-09-24,11,121
2021-09-24,12,116
2021-09-24,13,125
2021-09-24,14,117
2021-09-24,15,108
2021-09-24,16,107
2021-09-24,17,75
2021-09-24,18,80
2021-09-24,19,47
2021-09-24,20,37
2021-09-24,21,27
2021-09-24,22,30
2021-09-24,23,9
2021-09-25,0,4
2021-09-25,1,8
2021-09-25,2,8
2021-09-25,3,8
2021-09-25,4,2
2021-09-25,5,10
2021-09-25,6,9
2021-09-25,7,25
2021-09-25,8,58
2021-09-25,9,90
2021-09-25,10,91
2021-09-25,11,96
2021-09-25,12,98
2021-09-25,13,111
2021-09-25,14,108
2021-09-25,15,89
2021-09-25,16,86
2021-09-25,17,86
2021-09-25,18,70
2021-09-25,19,61
2021-09-25,20,32
2021-09-25,21,35
2021-09-25,22,28
2021-09-25,23,27
2021-09-26,0,20
2021-09-26,1,18
2021-09-26,2,15
2021-09-26,3,8
2021-09-26,4,3
2021-09-26,5,9
2021-09-26,6,4
2021-09-26,7,21
2021-09-26,8,36
2021-09-26,9,49
2021-09-26,10,68
2021-09-26,11,82
2021-09-26,12,95
2021-09-26,13,90
2021-09-26,14,89
2021-09-26,15,82
2021-09-26,16,88
2021-09-26,17,77
2021-09-26,18,65
2021-09-26,19,39
2021-09-26,20,34
2021-09-26,21,26
2021-09-26,22,31
2021-09-26,23,14
2021-09-27,0,31
2021-09-27,1,8
2021-09-27,2,12
2021-09-27,3,3
2021-09-27,4,8
2021-09-27,5,15
2021-09-27,6,31
2021-09-27,7,55
2021-09-27,8,58
2021-09-27,9,75
2021-09-27,10,91
2021-09-27,11,78
2021-09-27,12,66
2021-09-27,13,98
2021-09-27,14,88
2021-09-27,15,99
2021-09-27,16,75
2021-09-27,17,61
2021-09-27,18,53
2021-09-27,19,48
2021-09-27,20,33
2021-09-27,21,24
2021-09-27,22,11
2021-09-27,23,7
2021-09-28,0,4
2021-09-28,1,8
2021-09-28,2,0
2021-09-28,3,3
2021-09-28,4,4
2021-09-28,5,15
2021-09-28,6,59
2021-09-28,7,145
2021-09-28,8,126
2021-09-28,9,120
2021-09-28,10,93
2021-09-28,11,102
2021-09-28,12,97
2021-09-28,13,104
2021-09-28,14,98
2021-09-28,15,106
2021-09-28,16,119
2021-09-28,17,94
2021-09-28,18,64
2021-09-28,19,57
2021-09-28,20,29
2021-09-28,21,23
2021-09-28,22,13
2021-09-28,23,10
2021-09-29,0,0
2021-09-29,1,4
2021-09-29,2,6
2021-09-29,3,3
2021-09-29,4,5
2021-09-29,5,20
2021-09-29,6,42
2021-09-29,7,183
2021-09-29,8,153
2021-09-29,9,87
2021-09-29,10,90
2021-09-29,11,108
2021-09-29,12,86
2021-09-29,13,97
2021-09-29,14,81
2021-09-29,15,98
2021-09-29,16,131
2021-09-29,17,109
2021-09-29,18,76
2021-09-29,19,48
2021-09-29,20,39
2021-09-29,21,24
2021-09-29,22,21
2021-09-29,23,10
2021-09-30,0,3
2021-09-30,1,7
2021-09-30,2,7
2021-09-30,3,1
2021-09-30,4,6
2021-09-30,5,17
2021-09-30,6,65
2021-09-30,7,129
2021-09-30,8,135
2021-09-30,9,93
2021-09-30,10,107
2021-09-30,11,99
2021-09-30,12,105
2021-09-30,13,100
2021-09-30,14,108
2021-09-30,15,124
2021-09-30,16,116
2021-09-30,17,108
2021-09-30,18,97
2021-09-30,19,124
2021-09-30,20,82
2021-09-30,21,48
2021-09-30,22,52
2021-09-30,23,23
2021-10-01,0,0
2021-10-01,1,10
2021-10-01,2,11
2021-10-01,3,10
2021-10-01,4,14
2021-10-01,5,15
2021-10-01,6,51
2021-10-01,7,116
2021-10-01,8,122
2021-10-01,9,77
2021-10-01,10,102
2021-10-01,11,121
2021-10-01,12,117
2021-10-01,13,132
2021-10-01,14,120
2021-10-01,15,117
2021-10-01,16,141
2021-10-01,17,110
2021-10-01,18,74
2021-10-01,19,122
2021-10-01,20,74
2021-10-01,21,61
2021-10-01,22,62
2021-10-01,23,24
2021-10-02,0,15
2021-10-02,1,23
2021-10-02,2,10
2021-10-02,3,17
2021-10-02,4,2
2021-10-02,5,9
2021-10-02,6,15
2021-10-02,7,39
2021-10-02,8,100
2021-10-02,9,77
2021-10-02,10,83
2021-10-02,11,126
2021-10-02,12,121
2021-10-02,13,132
2021-10-02,14,100
2021-10-02,15,96
2021-10-02,16,80
2021-10-02,17,84
2021-10-02,18,64
2021-10-02,19,58
2021-10-02,20,33
2021-10-02,21,34
2021-10-02,22,30
2021-10-02,23,16
2021-10-03,0,16
2021-10-03,1,16
2021-10-03,2,7
2021-10-03,3,4
2021-10-03,4,2
2021-10-03,5,9
2021-10-03,6,8
2021-10-03,7,16
2021-10-03,8,24
2021-10-03,9,58
2021-10-03,10,67
2021-10-03,11,91
2021-10-03,12,93
2021-10-03,13,92
2021-10-03,14,96
2021-10-03,15,85
2021-10-03,16,89
2021-10-03,17,81
2021-10-03,18,74
2021-10-03,19,50
2021-10-03,20,34
2021-10-03,21,23
2021-10-03,22,30
2021-10-03,23,8
2021-10-04,0,11
2021-10-04,1,5
2021-10-04,2,0
2021-10-04,3,1
2021-10-04,4,5
2021-10-04,5,22
2021-10-04,6,59
2021-10-04,7,116
2021-10-04,8,95
2021-10-04,9,82
2021-10-04,10,96
2021-10-04,11,78
2021-10-04,12,88
2021-10-04,13,88
2021-10-04,14,94
2021-10-04,15,102
2021-10-04,16,121
2021-10-04,17,99
2021-10-04,18,65
2021-10-04,19,136
2021-10-04,20,68
2021-10-04,21,55
2021-10-04,22,35
2021-10-04,23,23
2021-10-05,0,13
2021-10-05,1,4
2021-10-05,2,8
2021-10-05,3,0
2021-10-05,4,4
2021-10-05,5,16
2021-10-05,6,61
2021-10-05,7,138
2021-10-05,8,114
2021-10-05,9,98
2021-10-05,10,94
2021-10-05,11,113
2021-10-05,12,93
2021-10-05,13,101
2021-10-05,14,105
2021-10-05,15,94
2021-10-05,16,141
2021-10-05,17,102
2021-10-05,18,81
2021-10-05,19,49
2021-10-05,20,29
2021-10-05,21,24
2021-10-05,22,12
2021-10-05,23,6
2021-10-06,0,0
2021-10-06,1,3
2021-10-06,2,4
2021-10-06,3,1
2021-10-06,4,5
2021-10-06,5,17
2021-10-06,6,49
2021-10-06,7,161
2021-10-06,8,137
2021-10-06,9,95
2021-10-06,10,82
2021-10-06,11,95
2021-10-06,12,116
2021-10-06,13,90
2021-10-06,14,96
2021-10-06,15,106
2021-10-06,16,141
2021-10-06,17,99
2021-10-06,18,91
2021-10-06,19,51
2021-10-06,20,32
2021-10-06,21,28
2021-10-06,22,21
2021-10-06,23,8
2021-10-07,0,6
2021-10-07,1,7
2021-10-07,2,6
2021-10-07,3,5
2021-10-07,4,4
2021-10-07,5,12
2021-10-07,6,56
2021-10-07,7,130
2021-10-07,8,122
2021-10-07,9,106
2021-10-07,10,95
2021-10-07,11,109
2021-10-07,12,117
2021-10-07,13,130
2021-10-07,14,118
2021-10-07,15,172
2021-10-07,16,213
2021-10-07,17,154
2021-10-07,18,79
2021-10-07,19,55
2021-10-07,20,29
2021-10-07,21,30
2021-10-07,22,18
2021-10-07,23,5
2021-10-08,0,0
2021-10-08,1,3
2021-10-08,2,4
2021-10-08,3,1
2021-10-08,4,7
2021-10-08,5,18
2021-10-08,6,55
2021-10-08,7,106
2021-10-08,8,94
2021-10-08,9,92
2021-10-08,10,125
2021-10-08,11,109
2021-10-08,12,130
2021-10-08,13,124
2021-10-08,14,121
2021-10-08,15,112
2021-10-08,16,115
2021-10-08,17,109
2021-10-08,18,102
2021-10-08,19,156
2021-10-08,20,89
2021-10-08,21,67
2021-10-08,22,58
2021-10-08,23,8
2021-10-09,0,17
2021-10-09,1,13
2021-10-09,2,8
2021-10-09,3,8
2021-10-09,4,5
2021-10-09,5,8
2021-10-09,6,13
2021-10-09,7,34
2021-10-09,8,54
2021-10-09,9,103
2021-10-09,10,123
2021-10-09,11,106
2021-10-09,12,113
2021-10-09,13,114
2021-10-09,14,111
2021-10-09,15,107
2021-10-09,16,118
2021-10-09,17,86
2021-10-09,18,91
2021-10-09,19,61
2021-10-09,20,51
2021-10-09,21,40
2021-10-09,22,37
2021-10-09,23,36
2021-10-10,0,12
2021-10-10,1,16
2021-10-10,2,6
2021-10-10,3,12
2021-10-10,4,11
2021-10-10,5,10
2021-10-10,6,12
2021-10-10,7,16
2021-10-10,8,37
2021-10-10,9,56
2021-10-10,10,61
2021-10-10,11,81
2021-10-10,12,88
2021-10-10,13,99
2021-10-10,14,89
2021-10-10,15,108
2021-10-10,16,76
2021-10-10,17,68
2021-10-10,18,76
2021-10-10,19,43
2021-10-10,20,35
2021-10-10,21,30
2021-10-10,22,17
2021-10-10,23,17
2021-10-11,0,1
2021-10-11,1,5
2021-10-11,2,2
2021-10-11,3,3
2021-10-11,4,5
2021-10-11,5,7
2021-10-11,6,38
2021-10-11,7,91
2021-10-11,8,102
2021-10-11,9,86
2021-10-11,10,92
2021-10-11,11,120
2021-10-11,12,110
2021-10-11,13,109
2021-10-11,14,119
2021-10-11,15,112
2021-10-11,16,116
2021-10-11,17,81
2021-10-11,18,63
2021-10-11,19,40
2021-10-11,20,32
2021-10-11,21,37
2021-10-11,22,14
2021-10-11,23,15
2021-10-12,0,0
2021-10-12,1,3
2021-10-12,2,0
2021-10-12,3,2
2021-10-12,4,9
2021-10-12,5,18
2021-10-12,6,47
2021-10-12,7,90
2021-10-12,8,74
2021-10-12,9,96
2021-10-12,10,100
2021-10-12,11,162
2021-10-12,12,151
2021-10-12,13,114
2021-10-12,14,101
2021-10-12,15,95
2021-10-12,16,120
2021-10-12,17,97
2021-10-12,18,79
2021-10-12,19,46
2021-10-12,20,32
2021-10-12,21,26
2021-10-12,22,14
2021-10-12,23,7
2021-10-13,0,8
2021-10-13,1,3
2021-10-13,2,3
2021-10-13,3,1
2021-10-13,4,5
2021-10-13,5,16
2021-10-13,15,104
2021-10-13,16,150
2021-10-13,17,92
2021-10-13,18,56
2021-10-13,19,168
2021-10-13,20,101
2021-10-13,21,62
2021-10-13,22,53
2021-10-13,23,14
2021-10-14,0,26
2021-10-14,1,9
2021-10-14,2,4
2021-10-14,3,3
2021-10-14,4,3
2021-10-14,5,16
2021-10-14,6,53
2021-10-14,7,97
2021-10-14,8,92
2021-10-14,9,86
2021-10-14,10,92
2021-10-14,11,92
2021-10-14,12,129
2021-10-14,13,111
2021-10-14,14,120
2021-10-14,15,116
2021-10-14,16,133
2021-10-14,17,95
2021-10-14,18,79
2021-10-14,19,43
2021-10-14,20,48
2021-10-14,21,29
2021-10-14,22,15
2021-10-14,23,21
2021-10-15,0,1
2021-10-15,1,5
2021-10-15,2,4
2021-10-15,3,6
2021-10-15,4,5
2021-10-15,5,16
2021-10-15,6,46
2021-10-15,7,103
2021-10-15,8,99
2021-10-15,9,105
2021-10-15,10,133
2021-10-15,11,141
2021-10-15,12,140
2021-10-15,13,150
2021-10-15,14,130
2021-10-15,15,101
2021-10-15,16,115
2021-10-15,17,114
2021-10-15,18,90
2021-10-15,19,88
2021-10-15,20,43
2021-10-15,21,37
2021-10-15,22,23
2021-10-15,23,18
2021-10-16,0,8
2021-10-16,1,8
2021-10-16,2,9
2021-10-16,3,4
2021-10-16,4,8
2021-10-16,5,8
2021-10-16,6,21
2021-10-16,7,39
2021-10-16,8,53
2021-10-16,9,75
2021-10-16,10,83
2021-10-16,11,93
2021-10-16,12,116
2021-10-16,13,81
2021-10-16,14,72
2021-10-16,15,88
2021-10-16,16,112
2021-10-16,17,135
2021-10-16,18,89
2021-10-16,19,50
2021-10-16,20,41
2021-10-16,21,32
2021-10-16,22,25
2021-10-16,23,22
2021-10-17,0,12
2021-10-17,1,20
2021-10-17,2,10
2021-10-17,3,4
2021-10-17,4,6
2021-10-17,5,2
2021-10-17,6,11
2021-10-17,7,15
2021-10-17,8,31
2021-10-17,9,56
2021-10-17,10,75
2021-10-17,11,164
2021-10-17,12,163
2021-10-17,13,114
2021-10-17,14,83
2021-10-17,15,91
2021-10-17,16,82
2021-10-17,17,93
2021-10-17,18,66
2021-10-17,19,43
2021-10-17,20,29
2021-10-17,21,15
2021-10-17,22,19
2021-10-17,23,7
2021-10-18,0,22
2021-10-18,1,0
2021-10-18,2,5
2021-10-18,3,5
2021-10-18,4,9
2021-10-18,5,20
2021-10-18,6,56
2021-10-18,7,120
2021-10-18,8,105
2021-10-18,9,97
2021-10-18,10,101
2021-10-18,11,97
2021-10-18,12,116
2021-10-18,13,112
2021-10-18,14,109
2021-10-18,15,100
2021-10-18,16,125
2021-10-18,17,101
2021-10-18,18,60
2021-10-18,19,29
2021-10-18,20,32
2021-10-18,21,17
2021-10-18,22,7
2021-10-18,23,8
2021-10-19,0,4
2021-10-19,1,1
2021-10-19,2,5
2021-10-19,3,2
2021-10-19,4,4
2021-10-19,5,15
2021-10-19,6,62
2021-10-19,7,128
2021-10-19,8,113
2021-10-19,9,88
2021-10-19,10,98
2021-10-19,11,119
2021-10-19,12,103
2021-10-19,13,85
2021-10-19,14,126
2021-10-19,15,102
2021-10-19,16,130
2021-10-19,17,109
2021-10-19,18,71
2021-10-19,19,39
2021-10-19,20,27
2021-10-19,21,19
2021-10-19,22,7
2021-10-19,23,7
2021-10-20,0,2
2021-10-20,1,5
2021-10-20,2,2
2021-10-20,3,0
2021-10-20,4,6
2021-10-20,5,21
2021-10-20,6,56
2021-10-20,7,132
2021-10-20,8,114
2021-10-20,9,97
2021-10-20,10,93
2021-10-20,11,101
2021-10-20,12,92
2021-10-20,13,90
2021-10-20,14,114
2021-10-20,15,108
2021-10-20,16,138
2021-10-20,17,102
2021-10-20,18,95
2021-10-20,19,59
2021-10-20,20,29
2021-10-20,21,51
2021-10-20,22,18
2021-10-20,23,18
2021-10-21,0,3
2021-10-21,1,0
2021-10-21,2,9
2021-10-21,3,5
2021-10-21,4,5
2021-10-21,5,19
2021-10-21,6,40
2021-10-21,7,131
2021-10-21,8,130
2021-10-21,9,84
2021-10-21,10,61
2021-10-21,11,94
2021-10-21,12,100
2021-10-21,13,104
2021-10-21,14,107
2021-10-21,15,110
2021-10-21,16,142
2021-10-21,17,105
2021-10-21,18,95
2021-10-21,19,63
2021-10-21,20,41
2021-10-21,21,42
2021-10-21,22,25
2021-10-21,23,7
2021-10-22,0,9
2021-10-22,1,2
2021-10-22,2,5
2021-10-22,3,2
2021-10-22,4,6
2021-10-22,5,18
2021-10-22,6,53
2021-10-22,7,111
2021-10-22,8,109
2021-10-22,9,98
2021-10-22,10,95
2021-10-22,11,133
2021-10-22,12,103
2021-10-22,13,124
2021-10-22,14,135
2021-10-22,15,130
2021-10-22,16,115
2021-10-22,17,97
2021-10-22,18,100
2021-10-22,19,55
2021-10-22,20,48
2021-10-22,21,44
2021-10-22,22,20
2021-10-22,23,14
2021-10-23,0,12
2021-10-23,1,13
2021-10-23,2,10
2021-10-23,3,4
2021-10-23,4,2
2021-10-23,5,7
2021-10-23,6,24
2021-10-23,7,30
2021-10-23,8,59
2021-10-23,9,78
2021-10-23,10,96
2021-10-23,11,94
2021-10-23,12,115
2021-10-23,13,106
2021-10-23,14,101
2021-10-23,15,85
2021-10-23,16,68
2021-10-23,17,66
2021-10-23,18,77
2021-10-23,19,60
2021-10-23,20,38
2021-10-23,21,22
2021-10-23,22,10
2021-10-23,23,22
2021-10-24,0,16
2021-10-24,1,23
2021-10-24,2,17
2021-10-24,3,14
2021-10-24,4,10
2021-10-24,5,10
2021-10-24,6,20
2021-10-24,7,39
2021-10-24,8,56
2021-10-24,9,61
2021-10-24,10,95
2021-10-24,11,98
2021-10-24,12,138
2021-10-24,13,102
2021-10-24,14,114
2021-10-24,15,110
2021-10-24,16,100
2021-10-24,17,73
2021-10-24,18,73
2021-10-24,19,56
2021-10-24,20,46
2021-10-24,21,42
2021-10-24,22,32
2021-10-24,23,18
2021-10-25,0,7
2021-10-25,1,4
2021-10-25,2,3
2021-10-25,3,4
2021-10-25,4,15
2021-10-25,5,27
2021-10-25,6,73
2021-10-25,7,121
2021-10-25,8,100
2021-10-25,9,80
2021-10-25,10,114
2021-10-25,11,122
2021-10-25,12,90
2021-10-25,13,117
2021-10-25,14,123
2021-10-25,15,121
2021-10-25,16,116
2021-10-25,17,134
2021-10-25,18,78
2021-10-25,19,60
2021-10-25,20,53
2021-10-25,21,31
2021-10-25,22,25
2021-10-25,23,6
2021-10-26,0,0
2021-10-26,1,2
2021-10-26,2,5
2021-10-26,3,5
2021-10-26,4,9
2021-10-26,5,25
2021-10-26,6,68
2021-10-26,7,139
2021-10-26,8,122
2021-10-26,9,85
2021-10-26,10,101
2021-10-26,11,111
2021-10-26,12,110
2021-10-26,13,122
2021-10-26,14,127
2021-10-26,15,141
2021-10-26,16,125
2021-10-26,17,116
2021-10-26,18,156
2021-10-26,19,102
2021-10-26,20,33
2021-10-26,21,40
2021-10-26,22,18
2021-10-26,23,12
2021-10-27,0,11
2021-10-27,1,6
2021-10-27,2,7
2021-10-27,3,4
2021-10-27,4,14
2021-10-27,5,39
2021-10-27,6,65
2021-10-27,7,180
2021-10-27,8,124
2021-10-27,9,85
2021-10-27,10,112
2021-10-27,11,98
2021-10-27,12,120
2021-10-27,13,120
2021-10-27,14,170
2021-10-27,15,148
2021-10-27,16,206
2021-10-27,17,149
2021-10-27,18,133
2021-10-27,19,54
2021-10-27,20,41
2021-10-27,21,64
2021-10-27,22,31
2021-10-27,23,21
2021-10-28,0,16
2021-10-28,1,5
2021-10-28,2,12
2021-10-28,3,12
2021-10-28,4,14
2021-10-28,5,30
2021-10-28,6,64
2021-10-28,7,160
2021-10-28,8,140
2021-10-28,9,90
2021-10-28,10,85
2021-10-28,11,135
2021-10-28,12,135
2021-10-28,13,149
2021-10-28,14,136
2021-10-28,15,145
2021-10-28,16,111
2021-10-28,17,121
2021-10-28,18,78
2021-10-28,19,68
2021-10-28,20,49
2021-10-28,21,41
2021-10-28,22,40
2021-10-28,23,17
2021-10-29,0,10
2021-10-29,1,8
2021-10-29,2,6
2021-10-29,3,9
2021-10-29,4,15
2021-10-29,5,35
2021-10-29,6,67
2021-10-29,7,141
2021-10-29,8,136
2021-10-29,9,130
2021-10-29,10,126
2021-10-29,11,143
2021-10-29,12,167
2021-10-29,13,182
2021-10-29,14,223
2021-10-29,15,154
2021-10-29,16,128
2021-10-29,17,109
2021-10-29,18,83
2021-10-29,19,64
2021-10-29,20,52
2021-10-29,21,47
2021-10-29,22,38
2021-10-29,23,37
2021-10-30,0,17
2021-10-30,1,21
2021-10-30,2,11
2021-10-30,3,18
2021-10-30,4,10
2021-10-30,5,19
2021-10-30,6,34
2021-10-30,7,52
2021-10-30,8,55
2021-10-30,9,71
2021-10-30,10,90
2021-10-30,11,88
2021-10-30,12,98
2021-10-30,13,116
2021-10-30,14,86
2021-10-30,15,81
2021-10-30,16,75
2021-10-30,17,114
2021-10-30,18,75
2021-10-30,19,65
2021-10-30,20,51
2021-10-30,21,49
2021-10-30,22,40
2021-10-30,23,35
2021-10-31,0,30
2021-10-31,1,20
2021-10-31,2,71
2021-10-31,3,19
2021-10-31,4,15
2021-10-31,5,17
2021-10-31,6,11
2021-10-31,7,30
2021-10-31,8,32
2021-10-31,9,55
2021-10-31,10,48
2021-10-31,11,72
2021-10-31,12,85
2021-10-31,13,78
2021-10-31,14,76
2021-10-31,15,96
2021-10-31,16,87
2021-10-31,17,102
2021-10-31,18,105
2021-10-31,19,70
2021-10-31,20,45
2021-10-31,21,46
2021-10-31,22,34
2021-10-31,23,16
2021-11-01,0,8
2021-11-01,1,30
2021-11-01,2,11
2021-11-01,3,6
2021-11-01,4,19
2021-11-01,5,17
2021-11-01,6,39
2021-11-01,7,77
2021-11-01,8,97
2021-11-01,9,101
2021-11-01,10,84
2021-11-01,11,82
2021-11-01,12,89
2021-11-01,13,69
2021-11-01,14,93
2021-11-01,15,72
2021-11-01,16,76
2021-11-01,17,66
2021-11-01,18,86
2021-11-01,19,60
2021-11-01,20,41
2021-11-01,21,32
2021-11-01,22,40
2021-11-01,23,23
2021-11-02,0,12
2021-11-02,1,9
2021-11-02,2,10
2021-11-02,3,19
2021-11-02,4,7
2021-11-02,5,13
2021-11-02,6,26
2021-11-02,7,80
2021-11-02,8,109
2021-11-02,9,101
2021-11-02,10,66
2021-11-02,11,91
2021-11-02,12,84
2021-11-02,13,70
2021-11-02,14,98
2021-11-02,15,90
2021-11-02,16,97
2021-11-02,17,106
2021-11-02,18,81
2021-11-02,19,74
2021-11-02,20,52
2021-11-02,21,36
2021-11-02,22,27
2021-11-02,23,18
2021-11-03,0,9
2021-11-03,1,2
2021-11-03,2,8
2021-11-03,3,6
2021-11-03,4,8
2021-11-03,5,19
2021-11-03,6,33
2021-11-03,7,89
2021-11-03,8,172
2021-11-03,9,127
2021-11-03,10,91
2021-11-03,11,93
2021-11-03,12,90
2021-11-03,13,99
2021-11-03,14,108
2021-11-03,15,115
2021-11-03,16,144
2021-11-03,17,144
2021-11-03,18,112
2021-11-03,19,87
2021-11-03,20,52
2021-11-03,21,44
2021-11-03,22,34
2021-11-03,23,20
2021-11-04,0,25
2021-11-04,1,6
2021-11-04,2,4
2021-11-04,3,8
2021-11-04,4,15
2021-11-04,5,18
2021-11-04,6,27
2021-11-04,7,85
2021-11-04,8,144
2021-11-04,9,136
2021-11-04,10,95
2021-11-04,11,90
2021-11-04,12,93
2021-11-04,13,94
2021-11-04,14,92
2021-11-04,15,127
2021-11-04,16,121
2021-11-04,17,161
2021-11-04,18,85
2021-11-04,19,75
2021-11-04,20,53
2021-11-04,21,39
2021-11-04,22,31
2021-11-04,23,32
2021-11-05,0,19
2021-11-05,1,11
2021-11-05,2,2
2021-11-05,3,7
2021-11-05,4,9
2021-11-05,5,16
2021-11-05,6,42
2021-11-05,7,73
2021-11-05,8,106
2021-11-05,9,104
2021-11-05,10,97
2021-11-05,11,86
2021-11-05,12,97
2021-11-05,13,96
2021-11-05,14,106
2021-11-05,15,114
2021-11-05,16,96
2021-11-05,17,115
2021-11-05,18,97
2021-11-05,19,82
2021-11-05,20,48
2021-11-05,21,41
2021-11-05,22,40
2021-11-05,23,36
2021-11-06,0,29
2021-11-06,1,8
2021-11-06,2,10
2021-11-06,3,13
2021-11-06,4,11
2021-11-06,5,8
2021-11-06,6,25
2021-11-06,7,38
2021-11-06,8,54
2021-11-06,9,49
2021-11-06,10,71
2021-11-06,11,74
2021-11-06,12,91
2021-11-06,13,69
2021-11-06,14,75
2021-11-06,15,68
2021-11-06,16,90
2021-11-06,17,82
2021-11-06,18,88
2021-11-06,19,70
2021-11-06,20,58
2021-11-06,21,39
2021-11-06,22,46
2021-11-06,23,46
2021-11-07,0,23
2021-11-07,1,25
2021-11-07,2,22
2021-11-07,3,19
2021-11-07,4,8
2021-11-07,5,9
2021-11-07,6,13
2021-11-07,7,28
2021-11-07,8,34
2021-11-07,9,40
2021-11-07,10,77
2021-11-07,11,59
2021-11-07,12,82
2021-11-07,13,63
2021-11-07,14,93
2021-11-07,15,71
2021-11-07,16,74
2021-11-07,17,109
2021-11-07,18,108
2021-11-07,19,78
2021-11-07,20,65
2021-11-07,21,44
2021-11-07,22,30
2021-11-07,23,21
2021-11-08,0,11
2021-11-08,1,13
2021-11-08,2,6
2021-11-08,3,4
2021-11-08,4,10
2021-11-08,5,21
2021-11-08,6,45
2021-11-08,7,71
2021-11-08,8,139
2021-11-08,9,120
2021-11-08,10,91
2021-11-08,11,86
2021-11-08,12,106
2021-11-08,13,120
2021-11-08,14,103
2021-11-08,15,94
2021-11-08,16,101
2021-11-08,17,131
2021-11-08,18,96
2021-11-08,19,72
2021-11-08,20,57
2021-11-08,21,32
2021-11-08,22,32
2021-11-08,23,28
2021-11-09,0,18
2021-11-09,1,0
2021-11-09,2,16
2021-11-09,3,8
2021-11-09,4,11
2021-11-09,5,12
2021-11-09,6,39
2021-11-09,7,95
2021-11-09,8,158
2021-11-09,9,110
2021-11-09,10,81
2021-11-09,11,97
2021-11-09,12,91
2021-11-09,13,110
2021-11-09,14,106
2021-11-09,15,131
2021-11-09,16,134
2021-11-09,17,141
2021-11-09,18,93
2021-11-09,19,87
2021-11-09,20,67
2021-11-09,21,37
2021-11-09,22,35
2021-11-09,23,21
2021-11-10,0,5
2021-11-10,1,1
2021-11-10,2,11
2021-11-10,3,4
2021-11-10,4,14
2021-11-10,5,20
2021-11-10,6,42
2021-11-10,7,78
2021-11-10,8,162
2021-11-10,9,163
2021-11-10,10,125
2021-11-10,11,118
2021-11-10,12,99
2021-11-10,13,127
2021-11-10,14,113
2021-11-10,15,127
2021-11-10,16,195
2021-11-10,17,191
2021-11-10,18,97
2021-11-10,19,78
2021-11-10,20,109
2021-11-10,21,43
2021-11-10,22,40
2021-11-10,23,30
2021-11-11,0,27
2021-11-11,1,4
2021-11-11,2,8
2021-11-11,3,5
2021-11-11,4,13
2021-11-11,5,17
2021-11-11,6,31
2021-11-11,7,90
2021-11-11,8,218
2021-11-11,9,141
2021-11-11,10,106
2021-11-11,11,97
2021-11-11,12,127
2021-11-11,13,124
2021-11-11,14,124
2021-11-11,15,126
2021-11-11,16,163
2021-11-11,17,156
2021-11-11,18,151
2021-11-11,19,89
2021-11-11,20,65
2021-11-11,21,44
2021-11-11,22,39
2021-11-11,23,23
2021-11-12,0,21
2021-11-12,1,8
2021-11-12,2,11
2021-11-12,3,4
2021-11-12,4,13
2021-11-12,5,29
2021-11-12,6,33
2021-11-12,7,82
2021-11-12,8,153
2021-11-12,9,185
2021-11-12,10,135
2021-11-12,11,150
2021-11-12,12,159
2021-11-12,13,147
2021-11-12,14,164
2021-11-12,15,139
2021-11-12,16,175
2021-11-12,17,194
2021-11-12,18,133
2021-11-12,19,108
2021-11-12,20,67
2021-11-12,21,56
2021-11-12,22,50
2021-11-12,23,35
2021-11-13,0,20
2021-11-13,1,22
2021-11-13,2,19
2021-11-13,3,19
2021-11-13,4,13
2021-11-13,5,9
2021-11-13,6,20
2021-11-13,7,31
2021-11-13,8,52
2021-11-13,9,67
2021-11-13,10,96
2021-11-13,11,122
2021-11-13,12,148
2021-11-13,13,131
2021-11-13,14,121
2021-11-13,15,117
2021-11-13,16,131
2021-11-13,17,117
2021-11-13,18,107
2021-11-13,19,91
2021-11-13,20,79
2021-11-13,21,44
2021-11-13,22,41
2021-11-13,23,39
2021-11-14,0,27
2021-11-14,1,16
2021-11-14,2,25
2021-11-14,3,19
2021-11-14,4,12
2021-11-14,5,14
2021-11-14,6,16
2021-11-14,7,26
2021-11-14,8,27
2021-11-14,9,40
2021-11-14,10,80
2021-11-14,11,90
2021-11-14,12,114
2021-11-14,13,110
2021-11-14,14,129
2021-11-14,15,134
2021-11-14,16,111
2021-11-14,17,94
2021-11-14,18,94
2021-11-14,19,68
2021-11-14,20,65
2021-11-14,21,46
2021-11-14,22,42
2021-11-14,23,27
2021-11-15,0,14
2021-11-15,1,7
2021-11-15,2,6
2021-11-15,3,6
2021-11-15,4,1
2021-11-15,5,4
2021-11-15,6,16
2021-11-15,7,24
2021-11-15,8,111
2021-11-15,9,109
2021-11-15,10,84
2021-11-15,11,102
2021-11-15,12,75
2021-11-15,13,96
2021-11-15,14,91
2021-11-15,15,101
2021-11-15,16,102
2021-11-15,17,148
2021-11-15,18,97
2021-11-15,19,68
2021-11-15,20,46
2021-11-15,21,31
2021-11-15,22,24
2021-11-15,23,23
2021-11-16,0,5
2021-11-16,1,0
2021-11-16,2,7
2021-11-16,3,0
2021-11-16,4,5
2021-11-16,5,7
2021-11-16,6,16
2021-11-16,7,46
2021-11-16,8,125
2021-11-16,9,103
2021-11-16,10,95
2021-11-16,11,104
2021-11-16,12,148
2021-11-16,13,172
2021-11-16,14,126
2021-11-16,15,112
2021-11-16,16,119
2021-11-16,17,153
2021-11-16,18,108
2021-11-16,19,61
2021-11-16,20,52
2021-11-16,21,33
2021-11-16,22,18
2021-11-16,23,10
2021-11-17,0,6
2021-11-17,1,5
2021-11-17,2,6
2021-11-17,3,1
2021-11-17,4,2
2021-11-17,5,9
2021-11-17,6,17
2021-11-17,7,43
2021-11-17,8,135
2021-11-17,9,109
2021-11-17,10,87
2021-11-17,11,120
2021-11-17,12,120
2021-11-17,13,106
2021-11-17,14,105
2021-11-17,15,108
2021-11-17,16,102
2021-11-17,17,142
2021-11-17,18,133
2021-11-17,19,82
2021-11-17,20,54
2021-11-17,21,24
2021-11-17,22,26
2021-11-17,23,22
2021-11-18,0,13
2021-11-18,1,2
2021-11-18,2,8
2021-11-18,3,3
2021-11-18,4,4
2021-11-18,5,8
2021-11-18,6,15
2021-11-18,7,48
2021-11-18,8,118
2021-11-18,9,140
2021-11-18,10,100
2021-11-18,11,109
2021-11-18,12,108
2021-11-18,13,132
2021-11-18,14,118
2021-11-18,15,107
2021-11-18,16,128
2021-11-18,17,163
2021-11-18,18,147
2021-11-18,19,100
2021-11-18,20,37
2021-11-18,21,31
2021-11-18,22,20
2021-11-18,23,15
2021-11-19,0,8
2021-11-19,1,4
2021-11-19,2,3
2021-11-19,3,3
2021-11-19,4,3
2021-11-19,5,5
2021-11-19,6,21
2021-11-19,7,50
2021-11-19,8,105
2021-11-19,9,103
2021-11-19,10,102
2021-11-19,11,84
2021-11-19,12,103
2021-11-19,13,130
2021-11-19,14,139
2021-11-19,15,131
2021-11-19,16,179
2021-11-19,17,157
2021-11-19,18,124
2021-11-19,19,104
2021-11-19,20,56
2021-11-19,21,42
2021-11-19,22,29
2021-11-19,23,21
2021-11-20,0,20
2021-11-20,1,11
2021-11-20,2,9
2021-11-20,3,11
2021-11-20,4,3
2021-11-20,5,8
2021-11-20,6,9
2021-11-20,7,16
2021-11-20,8,38
2021-11-20,9,56
2021-11-20,10,75
2021-11-20,11,90
2021-11-20,12,109
2021-11-20,13,107
2021-11-20,14,129
2021-11-20,15,115
2021-11-20,16,102
2021-11-20,17,78
2021-11-20,18,88
2021-11-20,19,65
2021-11-20,20,55
2021-11-20,21,25
2021-11-20,22,24
2021-11-20,23,37
2021-11-21,0,24
2021-11-21,1,22
2021-11-21,2,16
2021-11-21,3,9
2021-11-21,4,5
2021-11-21,5,6
2021-11-21,6,5
2021-11-21,7,6
2021-11-21,8,13
2021-11-21,9,31
2021-11-21,10,58
2021-11-21,11,72
2021-11-21,12,91
2021-11-21,13,89
2021-11-21,14,95
2021-11-21,15,73
2021-11-21,16,95
2021-11-21,17,88
2021-11-21,18,66
2021-11-21,19,44
2021-11-21,20,37
2021-11-21,21,28
2021-11-21,22,21
2021-11-21,23,9
2021-11-22,0,7
2021-11-22,1,12
2021-11-22,2,4
2021-11-22,3,2
2021-11-22,4,2
2021-11-22,5,5
2021-11-22,6,15
2021-11-22,7,43
2021-11-22,8,139
2021-11-22,9,104
2021-11-22,10,86
2021-11-22,11,91
2021-11-22,12,93
2021-11-22,13,79
2021-11-22,14,111
2021-11-22,15,235
2021-11-22,16,97
2021-11-22,17,123
2021-11-22,18,105
2021-11-22,19,63
2021-11-22,20,37
2021-11-22,21,26
2021-11-22,22,27
2021-11-22,23,16
2021-11-23,0,3
2021-11-23,1,5
2021-11-23,2,5
2021-11-23,3,4
2021-11-23,4,4
2021-11-23,5,9
2021-11-23,6,16
2021-11-23,7,53
2021-11-23,8,106
2021-11-23,9,110
2021-11-23,10,79
2021-11-23,11,79
2021-11-23,12,85
2021-11-23,13,71
2021-11-23,14,106
2021-11-23,15,111
2021-11-23,16,119
2021-11-23,17,152
2021-11-23,18,97
2021-11-23,19,65
2021-11-23,20,40
2021-11-23,21,31
2021-11-23,22,25
2021-11-23,23,23
2021-11-24,0,6
2021-11-24,1,2
2021-11-24,2,2
2021-11-24,3,1
2021-11-24,4,1
2021-11-24,5,5
2021-11-24,6,10
2021-11-24,7,58
2021-11-24,8,143
2021-11-24,9,104
2021-11-24,10,89
2021-11-24,11,92
2021-11-24,12,95
2021-11-24,13,88
2021-11-24,14,94
2021-11-24,15,103
2021-11-24,16,123
2021-11-24,17,145
2021-11-24,18,106
2021-11-24,19,67
2021-11-24,20,38
2021-11-24,21,27
2021-11-24,22,18
2021-11-24,23,17
2021-11-25,0,10
2021-11-25,1,9
2021-11-25,2,4
2021-11-25,3,2
2021-11-25,4,6
2021-11-25,5,5
2021-11-25,6,13
2021-11-25,7,53
2021-11-25,8,116
2021-11-25,9,112
2021-11-25,10,105
2021-11-25,11,93
2021-11-25,12,84
2021-11-25,13,87
2021-11-25,14,105
2021-11-25,15,116
2021-11-25,16,150
2021-11-25,17,146
2021-11-25,18,122
2021-11-25,19,84
2021-11-25,20,59
2021-11-25,21,35
2021-11-25,22,30
2021-11-25,23,20
2021-11-26,0,16
2021-11-26,1,13
2021-11-26,2,8
2021-11-26,3,6
2021-11-26,4,4
2021-11-26,5,6
2021-11-26,6,17
2021-11-26,7,47
2021-11-26,8,104
2021-11-26,9,106
2021-11-26,10,91
2021-11-26,11,106
2021-11-26,12,104
2021-11-26,13,110
2021-11-26,14,117
2021-11-26,15,130
2021-11-26,16,150
2021-11-26,17,156
2021-11-26,18,130
2021-11-26,19,105
2021-11-26,20,53
2021-11-26,21,33
2021-11-26,22,37
2021-11-26,23,25
2021-11-27,0,16
2021-11-27,1,16
2021-11-27,2,20
2021-11-27,3,11
2021-11-27,4,6
2021-11-27,5,6
2021-11-27,6,8
2021-11-27,7,18
2021-11-27,8,30
2021-11-27,9,59
2021-11-27,10,94
2021-11-27,11,104
2021-11-27,12,111
2021-11-27,13,163
2021-11-27,14,112
2021-11-27,15,103
2021-11-27,16,94
2021-11-27,17,105
2021-11-27,18,82
2021-11-27,19,78
2021-11-27,20,58
2021-11-27,21,38
2021-11-27,22,39
2021-11-27,23,34
2021-11-28,0,20
2021-11-28,1,22
2021-11-28,2,17
2021-11-28,3,21
2021-11-28,4,11
2021-11-28,5,2
2021-11-28,6,6
2021-11-28,7,12
2021-11-28,8,18
2021-11-28,9,20
2021-11-28,10,54
2021-11-28,11,59
2021-11-28,12,68
2021-11-28,13,93
2021-11-28,14,111
2021-11-28,15,109
2021-11-28,16,74
2021-11-28,17,89
2021-11-28,18,68
2021-11-28,19,55
2021-11-28,20,34
2021-11-28,21,25
2021-11-28,22,22
2021-11-28,23,18
2021-11-29,0,5
2021-11-29,1,6
2021-11-29,2,1
2021-11-29,3,3
2021-11-29,4,3
2021-11-29,5,5
2021-11-29,6,15
2021-11-29,7,47
2021-11-29,8,112
2021-11-29,9,107
2021-11-29,10,77
2021-11-29,11,95
2021-11-29,12,88
2021-11-29,13,101
2021-11-29,14,90
2021-11-29,15,103
2021-11-29,16,103
2021-11-29,17,123
2021-11-29,18,86
2021-11-29,19,84
2021-11-29,20,44
2021-11-29,21,27
2021-11-29,22,28
2021-11-29,23,29
2021-11-30,0,8
2021-11-30,1,2
2021-11-30,2,1
2021-11-30,3,1
2021-11-30,4,4
2021-11-30,5,6
2021-11-30,6,13
2021-11-30,7,65
2021-11-30,8,101
2021-11-30,9,107
2021-11-30,10,92
2021-11-30,11,98
2021-11-30,12,101
2021-11-30,13,115
2021-11-30,14,101
2021-11-30,15,108
2021-11-30,16,122
2021-11-30,17,145
2021-11-30,18,119
2021-11-30,19,81
2021-11-30,20,50
2021-11-30,21,25
2021-11-30,22,20
2021-11-30,23,26
2021-12-01,0,4
2021-12-01,1,0
2021-12-01,2,8
2021-12-01,3,3
2021-12-01,4,4
2021-12-01,5,7
2021-12-01,6,16
2021-12-01,7,52
2021-12-01,8,139
2021-12-01,9,96
2021-12-01,10,95
2021-12-01,11,89
2021-12-01,12,93
2021-12-01,13,121
2021-12-01,14,87
2021-12-01,15,105
2021-12-01,16,132
2021-12-01,17,158
2021-12-01,18,134
2021-12-01,19,96
2021-12-01,20,36
2021-12-01,21,23
2021-12-01,22,28
2021-12-01,23,27
2021-12-02,0,14
2021-12-02,1,4
2021-12-02,2,3
2021-12-02,3,4
2021-12-02,4,2
2021-12-02,5,6
2021-12-02,6,16
2021-12-02,7,48
2021-12-02,8,134
2021-12-02,9,123
2021-12-02,10,93
2021-12-02,11,100
2021-12-02,12,97
2021-12-02,13,120
2021-12-02,14,105
2021-12-02,15,106
2021-12-02,16,115
2021-12-02,17,175
2021-12-02,18,140
2021-12-02,19,91
2021-12-02,20,67
2021-12-02,21,37
2021-12-02,22,27
2021-12-02,23,24
2021-12-03,0,10
2021-12-03,1,4
2021-12-03,2,4
2021-12-03,3,5
2021-12-03,4,6
2021-12-03,5,10
2021-12-03,6,15
2021-12-03,7,47
2021-12-03,8,117
2021-12-03,9,86
2021-12-03,10,82
2021-12-03,11,101
2021-12-03,12,138
2021-12-03,13,129
2021-12-03,14,120
2021-12-03,15,117
2021-12-03,16,145
2021-12-03,17,155
2021-12-03,18,129
2021-12-03,19,101
2021-12-03,20,63
2021-12-03,21,35
2021-12-03,22,49
2021-12-03,23,43
2021-12-04,0,26
2021-12-04,1,11
2021-12-04,2,15
2021-12-04,3,19
2021-12-04,4,6
2021-12-04,5,5
2021-12-04,6,7
2021-12-04,7,17
2021-12-04,8,36
2021-12-04,9,69
2021-12-04,10,99
2021-12-04,11,107
2021-12-04,12,119
2021-12-04,13,137
2021-12-04,14,126
2021-12-04,15,101
2021-12-04,16,96
2021-12-04,17,110
2021-12-04,18,135
2021-12-04,19,83
2021-12-04,20,53
2021-12-04,21,30
2021-12-04,22,35
2021-12-04,23,37
2021-12-05,0,27
2021-12-05,1,21
2021-12-05,2,14
2021-12-05,3,19
2021-12-05,4,6
2021-12-05,5,9
2021-12-05,6,8
2021-12-05,7,15
2021-12-05,8,19
2021-12-05,9,44
2021-12-05,10,69
2021-12-05,11,79
2021-12-05,12,90
2021-12-05,13,89
2021-12-05,14,102
2021-12-05,15,80
2021-12-05,16,84
2021-12-05,17,98
2021-12-05,18,79
2021-12-05,19,56
2021-12-05,20,45
2021-12-05,21,34
2021-12-05,22,26
2021-12-05,23,22
2021-12-06,0,9
2021-12-06,1,6
2021-12-06,2,4
2021-12-06,3,2
2021-12-06,4,2
2021-12-06,5,5
2021-12-06,6,16
2021-12-06,7,42
2021-12-06,8,138
2021-12-06,9,110
2021-12-06,10,78
2021-12-06,11,99
2021-12-06,12,97
2021-12-06,13,82
2021-12-06,14,89
2021-12-06,15,91
2021-12-06,16,108
2021-12-06,17,137
2021-12-06,18,98
2021-12-06,19,63
2021-12-06,20,56
2021-12-06,21,36
2021-12-06,22,19
2021-12-06,23,15
2021-12-07,0,11
2021-12-07,1,0
2021-12-07,2,4
2021-12-07,3,4
2021-12-07,4,7
2021-12-07,5,3
2021-12-07,6,18
2021-12-07,7,37
2021-12-07,8,117
2021-12-07,9,113
2021-12-07,10,102
2021-12-07,11,114
2021-12-07,12,92
2021-12-07,13,92
2021-12-07,14,85
2021-12-07,15,88
2021-12-07,16,113
2021-12-07,17,148
2021-12-07,18,108
2021-12-07,19,60
2021-12-07,20,49
2021-12-07,21,31
2021-12-07,22,21
2021-12-07,23,15
2021-12-08,0,12
2021-12-08,1,24
2021-12-08,2,3
2021-12-08,3,3
2021-12-08,4,9
2021-12-08,5,4
2021-12-08,6,12
2021-12-08,7,37
2021-12-08,8,109
2021-12-08,9,114
2021-12-08,10,87
2021-12-08,11,106
2021-12-08,12,92
2021-12-08,13,116
2021-12-08,14,109
2021-12-08,15,113
2021-12-08,16,149
2021-12-08,17,145
2021-12-08,18,116
2021-12-08,19,81
2021-12-08,20,54
2021-12-08,21,31
2021-12-08,22,23
2021-12-08,23,16
2021-12-09,0,14
2021-12-09,1,7
2021-12-09,2,1
2021-12-09,3,5
2021-12-09,4,8
2021-12-09,5,5
2021-12-09,6,9
2021-12-09,7,42
2021-12-09,8,127
2021-12-09,9,115
2021-12-09,10,83
2021-12-09,11,94
2021-12-09,12,87
2021-12-09,13,106
2021-12-09,14,133
2021-12-09,15,78
2021-12-09,16,128
2021-12-09,17,132
2021-12-09,18,179
2021-12-09,19,89
2021-12-09,20,52
2021-12-09,21,44
2021-12-09,22,31
2021-12-09,23,21
2021-12-10,0,16
2021-12-10,1,4
2021-12-10,2,3
2021-12-10,3,5
2021-12-10,4,4
2021-12-10,5,4
2021-12-10,6,16
2021-12-10,7,33
2021-12-10,8,105
2021-12-10,9,138
2021-12-10,10,124
2021-12-10,11,87
2021-12-10,12,105
2021-12-10,13,127
2021-12-10,14,138
2021-12-10,15,132
2021-12-10,16,134
2021-12-10,17,118
2021-12-10,18,113
2021-12-10,19,100
2021-12-10,20,66
2021-12-10,21,48
2021-12-10,22,44
2021-12-10,23,36
2021-12-11,0,21
2021-12-11,1,8
2021-12-11,2,17
2021-12-11,3,11
2021-12-11,4,0
2021-12-11,5,1
2021-12-11,6,11
2021-12-11,7,16
2021-12-11,8,40
2021-12-11,9,65
2021-12-11,10,78
2021-12-11,11,104
2021-12-11,12,124
2021-12-11,13,124
2021-12-11,14,120
2021-12-11,15,112
2021-12-11,16,102
2021-12-11,17,102
2021-12-11,18,110
2021-12-11,19,69
2021-12-11,20,70
2021-12-11,21,44
2021-12-11,22,39
2021-12-11,23,39
2021-12-12,0,24
2021-12-12,1,19
2021-12-12,2,27
2021-12-12,3,17
2021-12-12,4,9
2021-12-12,5,5
2021-12-12,6,6
2021-12-12,7,9
2021-12-12,8,22
2021-12-12,9,30
2021-12-12,10,51
2021-12-12,11,93
2021-12-12,12,96
2021-12-12,13,90
2021-12-12,14,107
2021-12-12,15,92
2021-12-12,16,97
2021-12-12,17,101
2021-12-12,18,85
2021-12-12,19,89
2021-12-12,20,166
2021-12-12,21,37
2021-12-12,22,29
2021-12-12,23,15
2021-12-13,0,4
2021-12-13,1,7
2021-12-13,2,5
2021-12-13,3,6
2021-12-13,4,1
2021-12-13,5,7
2021-12-13,6,12
2021-12-13,7,47
2021-12-13,8,146
2021-12-13,9,89
2021-12-13,10,111
2021-12-13,11,94
2021-12-13,12,86
2021-12-13,13,101
2021-12-13,14,98
2021-12-13,15,92
2021-12-13,16,97
2021-12-13,17,122
2021-12-13,18,96
2021-12-13,19,57
2021-12-13,20,33
2021-12-13,21,35
2021-12-13,22,15
2021-12-13,23,10
2021-12-14,0,11
2021-12-14,1,7
2021-12-14,2,4
2021-12-14,3,0
2021-12-14,4,4
2021-12-14,5,1
2021-12-14,6,9
2021-12-14,7,46
2021-12-14,8,112
2021-12-14,9,100
2021-12-14,10,103
2021-12-14,11,90
2021-12-14,12,105
2021-12-14,13,107
2021-12-14,14,90
2021-12-14,15,102
2021-12-14,16,110
2021-12-14,17,127
2021-12-14,18,87
2021-12-14,19,58
2021-12-14,20,45
2021-12-14,21,34
2021-12-14,22,17
2021-12-14,23,19
2021-12-15,0,8
2021-12-15,1,3
2021-12-15,2,6
2021-12-15,3,4
2021-12-15,4,5
2021-12-15,5,7
2021-12-15,6,10
2021-12-15,7,41
2021-12-15,8,108
2021-12-15,9,99
2021-12-15,10,82
2021-12-15,11,109
2021-12-15,12,94
2021-12-15,13,127
2021-12-15,14,100
2021-12-15,15,117
2021-12-15,16,127
2021-12-15,17,169
2021-12-15,18,166
2021-12-15,19,153
2021-12-15,20,100
2021-12-15,21,125
2021-12-15,22,101
2021-12-15,23,21
2021-12-16,0,12
2021-12-16,1,9
2021-12-16,2,7
2021-12-16,3,3
2021-12-16,4,0
2021-12-16,5,5
2021-12-16,6,11
2021-12-16,7,32
2021-12-16,8,97
2021-12-16,9,111
2021-12-16,10,82
2021-12-16,11,81
2021-12-16,12,96
2021-12-16,13,124
2021-12-16,14,125
2021-12-16,15,106
2021-12-16,16,124
2021-12-16,17,123
2021-12-16,18,115
2021-12-16,19,80
2021-12-16,20,43
2021-12-16,21,34
2021-12-16,22,28
2021-12-16,23,23
2021-12-17,0,8
2021-12-17,1,10
2021-12-17,2,6
2021-12-17,3,3
2021-12-17,4,3
2021-12-17,5,7
2021-12-17,6,11
2021-12-17,7,34
2021-12-17,8,87
2021-12-17,9,112
2021-12-17,10,97
2021-12-17,11,90
2021-12-17,12,115
2021-12-17,13,141
2021-12-17,14,128
2021-12-17,15,125
2021-12-17,16,155
2021-12-17,17,195
2021-12-17,18,174
2021-12-17,19,85
2021-12-17,20,57
2021-12-17,21,30
2021-12-17,22,23
2021-12-17,23,29
2021-12-18,0,35
2021-12-18,1,11
2021-12-18,2,9
2021-12-18,3,7
2021-12-18,4,11
2021-12-18,5,5
2021-12-18,6,5
2021-12-18,7,20
2021-12-18,8,37
2021-12-18,9,60
2021-12-18,10,88
2021-12-18,11,101
2021-12-18,12,109
2021-12-18,13,141
2021-12-18,14,113
2021-12-18,15,102
2021-12-18,16,114
2021-12-18,17,110
2021-12-18,18,101
2021-12-18,19,85
2021-12-18,20,60
2021-12-18,21,36
2021-12-18,22,32
2021-12-18,23,26
2021-12-19,0,20
2021-12-19,1,15
2021-12-19,2,15
2021-12-19,3,18
2021-12-19,4,8
2021-12-19,5,4
2021-12-19,6,8
2021-12-19,7,10
2021-12-19,8,24
2021-12-19,9,40
2021-12-19,10,61
2021-12-19,11,80
2021-12-19,12,90
2021-12-19,13,94
2021-12-19,14,136
2021-12-19,15,129
2021-12-19,16,84
2021-12-19,17,82
2021-12-19,18,73
2021-12-19,19,66
2021-12-19,20,83
2021-12-19,21,31
2021-12-19,22,18
2021-12-19,23,13
2021-12-20,0,1
2021-12-20,1,5
2021-12-20,2,6
2021-12-20,3,3
2021-12-20,4,8
2021-12-20,5,5
2021-12-20,6,11
2021-12-20,7,36
2021-12-20,8,122
2021-12-20,9,90
2021-12-20,10,90
2021-12-20,11,111
2021-12-20,12,104
2021-12-20,13,105
2021-12-20,14,96
2021-12-20,15,134
2021-12-20,16,119
2021-12-20,17,112
2021-12-20,18,87
2021-12-20,19,66
2021-12-20,20,47
2021-12-20,21,16
2021-12-20,22,24
2021-12-20,23,17
2021-12-21,0,6
2021-12-21,1,4
2021-12-21,2,5
2021-12-21,3,3
2021-12-21,4,0
2021-12-21,10,87
2021-12-21,11,130
2021-12-21,12,109
2021-12-21,13,100
2021-12-21,14,116
2021-12-21,15,109
2021-12-21,16,127
2021-12-21,17,129
2021-12-21,18,88
2021-12-21,19,61
2021-12-21,20,54
2021-12-21,21,32
2021-12-21,22,24
2021-12-21,23,17
2021-12-22,0,6
2021-12-22,1,5
2021-12-22,2,2
2021-12-22,3,5
2021-12-22,4,6
2021-12-22,5,10
2021-12-22,6,19
2021-12-22,7,41
2021-12-22,8,85
2021-12-22,9,91
2021-12-22,10,99
2021-12-22,11,102
2021-12-22,12,106
2021-12-22,13,111
2021-12-22,14,137
2021-12-22,15,118
2021-12-22,16,123
2021-12-22,17,121
2021-12-22,18,105
2021-12-22,19,89
2021-12-22,20,68
2021-12-22,21,40
2021-12-22,22,32
2021-12-22,23,17
2021-12-23,0,82
2021-12-23,1,8
2021-12-23,2,5
2021-12-23,3,5
2021-12-23,4,7
2021-12-23,5,5
2021-12-23,6,16
2021-12-23,7,33
2021-12-23,8,68
2021-12-23,9,111
2021-12-23,10,125
2021-12-23,11,123
2021-12-23,12,151
2021-12-23,13,162
2021-12-23,14,159
2021-12-23,15,124
2021-12-23,16,152
2021-12-23,17,134
2021-12-23,18,95
2021-12-23,19,81
2021-12-23,20,58
2021-12-23,21,33
2021-12-23,22,31
2021-12-23,23,17
2021-12-24,0,10
2021-12-24,1,13
2021-12-24,2,7
2021-12-24,3,8
2021-12-24,4,0
2021-12-24,5,7
2021-12-24,6,4
2021-12-24,7,20
2021-12-24,8,64
2021-12-24,9,80
2021-12-24,10,92
2021-12-24,11,123
2021-12-24,12,125
2021-12-24,13,103
2021-12-24,14,109
2021-12-24,15,101
2021-12-24,16,93
2021-12-24,17,86
2021-12-24,18,74
2021-12-24,19,46
2021-12-24,20,44
2021-12-24,21,26
2021-12-24,22,21
2021-12-24,23,12
2021-12-25,0,5
2021-12-25,1,4
2021-12-25,2,8
2021-12-25,3,5
2021-12-25,4,4
2021-12-25,5,10
2021-12-25,6,1
2021-12-25,7,16
2021-12-25,8,40
2021-12-25,9,57
2021-12-25,10,84
2021-12-25,11,92
2021-12-25,12,32
2021-12-25,13,40
2021-12-25,14,50
2021-12-25,15,36
2021-12-25,16,29
2021-12-25,17,15
2021-12-25,18,29
2021-12-25,19,19
2021-12-25,20,24
2021-12-25,21,29
2021-12-25,22,21
2021-12-25,23,14
2021-12-26,0,14
2021-12-26,1,20
2021-12-26,2,9
2021-12-26,3,4
2021-12-26,4,5
2021-12-26,5,8
2021-12-26,6,5
2021-12-26,7,9
2021-12-26,8,13
2021-12-26,9,18
2021-12-26,10,22
2021-12-26,11,18
2021-12-26,12,42
2021-12-26,13,47
2021-12-26,14,68
2021-12-26,15,53
2021-12-26,16,46
2021-12-26,17,41
2021-12-26,18,50
2021-12-26,19,52
2021-12-26,20,29
2021-12-26,21,28
2021-12-26,22,17
2021-12-26,23,16
2021-12-27,0,15
2021-12-27,1,12
2021-12-27,2,13
2021-12-27,3,12
2021-12-27,4,10
2021-12-27,5,14
2021-12-27,6,15
2021-12-27,7,17
2021-12-27,8,24
2021-12-27,9,31
2021-12-27,10,44
2021-12-27,11,50
2021-12-27,12,71
2021-12-27,13,79
2021-12-27,14,86
2021-12-27,15,86
2021-12-27,16,71
2021-12-27,17,65
2021-12-27,18,47
2021-12-27,19,54
2021-12-27,20,38
2021-12-27,21,31
2021-12-27,22,16
2021-12-27,23,12
2021-12-28,0,14
2021-12-28,1,4
2021-12-28,2,15
2021-12-28,3,9
2021-12-28,4,16
2021-12-28,5,12
2021-12-28,6,10
2021-12-28,7,19
2021-12-28,8,26
2021-12-28,9,38
2021-12-28,10,54
2021-12-28,11,55
2021-12-28,12,74
2021-12-28,13,82
2021-12-28,14,87
2021-12-28,15,96
2021-12-28,16,73
2021-12-28,17,60
2021-12-28,18,60
2021-12-28,19,55
2021-12-28,20,39
2021-12-28,21,30
2021-12-28,22,24
2021-12-28,23,15
2021-12-29,0,12
2021-12-29,1,25
2021-12-29,2,9
2021-12-29,3,11
2021-12-29,4,9
2021-12-29,5,9
2021-12-29,6,12
2021-12-29,7,23
2021-12-29,8,48
2021-12-29,9,56
2021-12-29,10,68
2021-12-29,11,80
2021-12-29,12,81
2021-12-29,13,102
2021-12-29,14,106
2021-12-29,15,94
2021-12-29,16,94
2021-12-29,17,90
2021-12-29,18,61
2021-12-29,19,61
2021-12-29,20,37
2021-12-29,21,31
2021-12-29,22,23
2021-12-29,23,20
2021-12-30,0,17
2021-12-30,1,28
2021-12-30,2,7
2021-12-30,3,18
2021-12-30,4,12
2021-12-30,5,14
2021-12-30,6,11
2021-12-30,7,23
2021-12-30,8,44
2021-12-30,9,55
2021-12-30,10,66
2021-12-30,11,99
2021-12-30,12,90
2021-12-30,13,111
2021-12-30,14,112
2021-12-30,15,96
2021-12-30,16,111
2021-12-30,17,93
2021-12-30,18,84
2021-12-30,19,68
2021-12-30,20,46
2021-12-30,21,40
2021-12-30,22,30
2021-12-30,23,30
2021-12-31,0,25
2021-12-31,1,18
2021-12-31,2,18
2021-12-31,3,13
2021-12-31,4,14
2021-12-31,5,18
2021-12-31,6,27
2021-12-31,7,28
2021-12-31,8,48
2021-12-31,9,65
2021-12-31,10,64
2021-12-31,11,102
2021-12-31,12,102
2021-12-31,13,135
2021-12-31,14,121
2021-12-31,15,123
2021-12-31,16,153
2021-12-31,17,109
2021-12-31,18,70
2021-12-31,19,57
2021-12-31,20,48
2021-12-31,21,39
2021-12-31,22,32
2021-12-31,23,39
2022-01-01,0,19
2022-01-01,1,30
2022-01-01,2,20
2022-01-01,3,28
2022-01-01,4,13
2022-01-01,5,14
2022-01-01,6,27
2022-01-01,7,17
2022-01-01,8,27
2022-01-01,9,31
2022-01-01,10,34
2022-01-01,11,34
2022-01-01,12,39
2022-01-01,13,53
2022-01-01,14,57
2022-01-01,15,68
2022-01-01,16,60
2022-01-01,17,48
2022-01-01,18,39
2022-01-01,19,32
2022-01-01,20,25
2022-01-01,21,35
2022-01-01,22,27
2022-01-01,23,19
2022-01-02,0,18
2022-01-02,1,25
2022-01-02,2,15
2022-01-02,3,17
2022-01-02,4,24
2022-01-02,5,25
2022-01-02,6,25
2022-01-02,7,39
2022-01-02,8,23
2022-01-02,9,28
2022-01-02,10,30
2022-01-02,11,58
2022-01-02,12,75
2022-01-02,13,75
2022-01-02,14,94
2022-01-02,15,96
2022-01-02,16,91
2022-01-02,17,88
2022-01-02,18,76
2022-01-02,19,66
2022-01-02,20,79
2022-01-02,21,29
2022-01-02,22,35
2022-01-02,23,22
2022-01-03,0,21
2022-01-03,1,40
2022-01-03,2,27
2022-01-03,3,9
2022-01-03,4,17
2022-01-03,5,18
2022-01-03,6,19
2022-01-03,7,19
2022-01-03,8,33
2022-01-03,9,41
2022-01-03,10,57
2022-01-03,11,63
2022-01-03,12,68
2022-01-03,13,88
2022-01-03,14,105
2022-01-03,15,88
2022-01-03,16,97
2022-01-03,17,71
2022-01-03,18,61
2022-01-03,19,52
2022-01-03,20,42
2022-01-03,21,34
2022-01-03,22,32
2022-01-03,23,20
2022-01-04,0,30
2022-01-04,1,23
2022-01-04,2,24
2022-01-04,3,22
2022-01-04,4,18
2022-01-04,5,14
2022-01-04,6,30
2022-01-04,7,26
2022-01-04,8,39
2022-01-04,9,40
2022-01-04,10,48
2022-01-04,11,59
2022-01-04,12,85
2022-01-04,13,94
2022-01-04,14,87
2022-01-04,15,87
2022-01-04,16,85
2022-01-04,17,97
2022-01-04,18,73
2022-01-04,19,59
2022-01-04,20,41
2022-01-04,21,40
2022-01-04,22,23
2022-01-04,23,27
2022-01-05,0,19
2022-01-05,1,17
2022-01-05,2,17
2022-01-05,3,21
2022-01-05,4,15
2022-01-05,5,16
2022-01-05,6,28
2022-01-05,7,38
2022-01-05,8,115
2022-01-05,9,118
2022-01-05,10,80
2022-01-05,11,93
2022-01-05,12,91
2022-01-05,13,113
2022-01-05,14,96
2022-01-05,15,87
2022-01-05,16,90
2022-01-05,17,109
2022-01-05,18,68
2022-01-05,19,43
2022-01-05,20,35
2022-01-05,21,43
2022-01-05,22,36
2022-01-05,23,27
2022-01-06,0,26
2022-01-06,1,32
2022-01-06,2,33
2022-01-06,3,20
2022-01-06,4,33
2022-01-06,5,32
2022-01-06,6,21
2022-01-06,7,50
2022-01-06,8,99
2022-01-06,9,84
2022-01-06,10,64
2022-01-06,11,103
2022-01-06,12,94
2022-01-06,13,97
2022-01-06,14,78
2022-01-06,15,110
2022-01-06,16,107
2022-01-06,17,90
2022-01-06,18,93
2022-01-06,19,79
2022-01-06,20,30
2022-01-06,21,39
2022-01-06,22,34
2022-01-06,23,26
2022-01-07,0,21
2022-01-07,1,29
2022-01-07,2,18
2022-01-07,3,17
2022-01-07,4,19
2022-01-07,5,19
2022-01-07,6,35
2022-01-07,7,52
2022-01-07,8,121
2022-01-07,9,101
2022-01-07,10,68
2022-01-07,11,74
2022-01-07,12,93
2022-01-07,13,97
2022-01-07,14,135
2022-01-07,15,93
2022-01-07,16,140
2022-01-07,17,112
2022-01-07,18,77
2022-01-07,19,71
2022-01-07,20,51
2022-01-07,21,43
2022-01-07,22,26
2022-01-07,23,27
2022-01-08,0,26
2022-01-08,1,36
2022-01-08,2,24
2022-01-08,3,25
2022-01-08,4,20
2022-01-08,5,31
2022-01-08,6,26
2022-01-08,7,32
2022-01-08,8,34
2022-01-08,9,52
2022-01-08,10,74
2022-01-08,11,86
2022-01-08,12,86
2022-01-08,13,109
2022-01-08,14,113
2022-01-08,15,120
2022-01-08,16,92
2022-01-08,17,79
2022-01-08,18,95
2022-01-08,19,59
2022-01-08,20,42
2022-01-08,21,36
2022-01-08,22,40
2022-01-08,23,27
2022-01-09,0,26
2022-01-09,1,23
2022-01-09,2,28
2022-01-09,3,18
2022-01-09,4,20
2022-01-09,5,22
2022-01-09,6,21
2022-01-09,7,27
2022-01-09,8,36
2022-01-09,9,40
2022-01-09,10,47
2022-01-09,11,54
2022-01-09,12,59
2022-01-09,13,86
2022-01-09,14,93
2022-01-09,15,113
2022-01-09,16,85
2022-01-09,17,78
2022-01-09,18,81
2022-01-09,19,60
2022-01-09,20,41
2022-01-09,21,41
2022-01-09,22,40
2022-01-09,23,27
2022-01-10,0,24
2022-01-10,1,26
2022-01-10,2,19
2022-01-10,3,26
2022-01-10,4,15
2022-01-10,5,28
2022-01-10,6,25
2022-01-10,7,50
2022-01-10,8,86
2022-01-10,9,87
2022-01-10,10,73
2022-01-10,11,67
2022-01-10,12,103
2022-01-10,13,78
2022-01-10,14,79
2022-01-10,15,104
2022-01-10,16,91
2022-01-10,17,95
2022-01-10,18,76
2022-01-10,19,61
2022-01-10,20,41
2022-01-10,21,35
2022-01-10,22,28
2022-01-10,23,28
2022-01-11,0,16
2022-01-11,9,104
2022-01-11,10,77
2022-01-11,11,87
2022-01-11,12,80
2022-01-11,13,87
2022-01-11,14,92
2022-01-11,15,88
2022-01-11,16,93
2022-01-11,17,120
2022-01-11,18,107
2022-01-11,19,56
2022-01-11,20,45
2022-01-11,21,45
2022-01-11,22,28
2022-01-11,23,25
2022-01-12,0,20
2022-01-12,1,22
2022-01-12,2,22
2022-01-12,3,26
2022-01-12,4,27
2022-01-12,5,34
2022-01-12,6,24
2022-01-12,7,49
2022-01-12,8,120
2022-01-12,9,74
2022-01-12,10,85
2022-01-12,11,110
2022-01-12,12,78
2022-01-12,13,94
2022-01-12,14,92
2022-01-12,15,82
2022-01-12,16,108
2022-01-12,17,144
2022-01-12,18,66
2022-01-12,19,53
2022-01-12,20,52
2022-01-12,21,38
2022-01-12,22,29
2022-01-12,23,35
2022-01-13,0,13
2022-01-13,1,18
2022-01-13,2,11
2022-01-13,3,21
2022-01-13,4,25
2022-01-13,5,27
2022-01-13,6,31
2022-01-13,7,40
2022-01-13,8,123
2022-01-13,9,111
2022-01-13,10,78
2022-01-13,11,87
2022-01-13,12,86
2022-01-13,13,105
2022-01-13,14,104
2022-01-13,15,117
2022-01-13,16,166
2022-01-13,17,120
2022-01-13,18,154
2022-01-13,19,91
2022-01-13,20,46
2022-01-13,21,46
2022-01-13,22,28
2022-01-13,23,31
2022-01-14,0,23
2022-01-14,1,26
2022-01-14,2,20
2022-01-14,3,21
2022-01-14,4,13
2022-01-14,5,15
2022-01-14,6,23
2022-01-14,7,51
2022-01-14,8,102
2022-01-14,9,96
2022-01-14,10,96
2022-01-14,11,84
2022-01-14,12,100
2022-01-14,13,88
2022-01-14,14,110
2022-01-14,15,97
2022-01-14,16,158
2022-01-14,17,140
2022-01-14,18,107
2022-01-14,19,79
2022-01-14,20,62
2022-01-14,21,38
2022-01-14,22,33
2022-01-14,23,36
2022-01-15,0,41
2022-01-15,1,39
2022-01-15,2,33
2022-01-15,3,24
2022-01-15,4,28
2022-01-15,5,22
2022-01-15,6,30
2022-01-15,7,20
2022-01-15,8,39
2022-01-15,9,60
2022-01-15,10,69
2022-01-15,11,88
2022-01-15,12,108
2022-01-15,13,119
2022-01-15,14,224
2022-01-15,15,255
2022-01-15,16,89
2022-01-15,17,83
2022-01-15,18,90
2022-01-15,19,69
2022-01-15,20,51
2022-01-15,21,44
2022-01-15,22,41
2022-01-15,23,25
2022-01-16,0,24
2022-01-16,1,22
2022-01-16,2,32
2022-01-16,3,24
2022-01-16,4,10
2022-01-16,5,19
2022-01-16,6,30
2022-01-16,7,17
2022-01-16,8,22
2022-01-16,9,31
2022-01-16,10,43
2022-01-16,11,79
2022-01-16,12,86
2022-01-16,13,93
2022-01-16,14,99
2022-01-16,15,92
2022-01-16,16,92
2022-01-16,17,92
2022-01-16,18,69
2022-01-16,19,54
2022-01-16,20,59
2022-01-16,21,52
2022-01-16,22,35
2022-01-16,23,24
2022-01-17,0,31
2022-01-17,1,31
2022-01-17,2,20
2022-01-17,3,14
2022-01-17,4,14
2022-01-17,5,20
2022-01-17,6,33
2022-01-17,7,51
2022-01-17,8,119
2022-01-17,9,97
2022-01-17,10,74
2022-01-17,11,90
2022-01-17,12,89
2022-01-17,13,92
2022-01-17,14,80
2022-01-17,15,84
2022-01-17,16,86
2022-01-17,17,142
2022-01-17,18,94
2022-01-17,19,62
2022-01-17,20,44
2022-01-17,21,36
2022-01-17,22,41
2022-01-17,23,30
2022-01-18,0,18
2022-01-18,1,16
2022-01-18,2,16
2022-01-18,3,10
2022-01-18,4,17
2022-01-18,5,21
2022-01-18,6,17
2022-01-18,7,54
2022-01-18,8,129
2022-01-18,9,114
2022-01-18,10,90
2022-01-18,11,80
2022-01-18,12,99
2022-01-18,13,85
2022-01-18,14,101
2022-01-18,15,99
2022-01-18,16,98
2022-01-18,17,151
2022-01-18,18,102
2022-01-18,19,54
2022-01-18,20,41
2022-01-18,21,42
2022-01-18,22,23
2022-01-18,23,17
2022-01-19,0,25
2022-01-19,1,27
2022-01-19,2,32
2022-01-19,3,24
2022-01-19,4,15
2022-01-19,5,23
2022-01-19,6,33
2022-01-19,7,43
2022-01-19,8,98
2022-01-19,9,99
2022-01-19,10,120
2022-01-19,11,95
2022-01-19,12,110
2022-01-19,13,87
2022-01-19,14,101
2022-01-19,15,82
2022-01-19,16,102
2022-01-19,17,119
2022-01-19,18,99
2022-01-19,19,81
2022-01-19,20,59
2022-01-19,21,34
2022-01-19,22,28
2022-01-19,23,21
2022-01-20,0,42
2022-01-20,1,21
2022-01-20,2,15
2022-01-20,3,17
2022-01-20,4,14
2022-01-20,5,22
2022-01-20,6,20
2022-01-20,7,37
2022-01-20,8,108
2022-01-20,9,84
2022-01-20,10,91
2022-01-20,11,75
2022-01-20,12,101
2022-01-20,13,96
2022-01-20,14,93
2022-01-20,15,88
2022-01-20,16,95
2022-01-20,17,171
2022-01-20,18,101
2022-01-20,19,92
2022-01-20,20,79
2022-01-20,21,62
2022-01-20,22,38
2022-01-20,23,24
2022-01-21,0,23
2022-01-21,1,20
2022-01-21,2,18
2022-01-21,3,20
2022-01-21,4,28
2022-01-21,5,22
2022-01-21,6,37
2022-01-21,7,41
2022-01-21,8,87
2022-01-21,9,88
2022-01-21,10,93
2022-01-21,11,89
2022-01-21,12,93
2022-01-21,13,107
2022-01-21,14,107
2022-01-21,15,110
2022-01-21,16,111
2022-01-21,17,112
2022-01-21,18,106
2022-01-21,19,82
2022-01-21,20,46
2022-01-21,21,38
2022-01-21,22,39
2022-01-21,23,29
2022-01-22,0,29
2022-01-22,1,27
2022-01-22,2,27
2022-01-22,3,23
2022-01-22,4,13
2022-01-22,5,16
2022-01-22,6,23
2022-01-22,7,27
2022-01-22,8,37
2022-01-22,9,64
2022-01-22,10,76
2022-01-22,11,105
2022-01-22,12,98
2022-01-22,13,131
2022-01-22,14,118
2022-01-22,15,112
2022-01-22,16,92
2022-01-22,17,98
2022-01-22,18,84
2022-01-22,19,74
2022-01-22,20,64
2022-01-22,21,44
2022-01-22,22,48
2022-01-22,23,34
2022-01-23,0,44
2022-01-23,1,24
2022-01-23,2,18
2022-01-23,3,21
2022-01-23,4,23
2022-01-23,5,15
2022-01-23,6,13
2022-01-23,7,23
2022-01-23,8,34
2022-01-23,9,35
2022-01-23,10,43
2022-01-23,11,64
2022-01-23,12,82
2022-01-23,13,81
2022-01-23,14,100
2022-01-23,15,102
2022-01-23,16,89
2022-01-23,17,91
2022-01-23,18,82
2022-01-23,19,74
2022-01-23,20,48
2022-01-23,21,34
2022-01-23,22,39
2022-01-23,23,15
2022-01-24,0,16
2022-01-24,1,17
2022-01-24,2,18
2022-01-24,3,18
2022-01-24,4,18
2022-01-24,5,16
2022-01-24,6,30
2022-01-24,7,45
2022-01-24,8,121
2022-01-24,9,101
2022-01-24,10,89
2022-01-24,11,83
2022-01-24,12,101
2022-01-24,13,86
2022-01-24,14,101
2022-01-24,15,94
2022-01-24,16,85
2022-01-24,17,113
2022-01-24,18,80
2022-01-24,19,66
2022-01-24,20,52
2022-01-24,21,38
2022-01-24,22,34
2022-01-24,23,14
2022-01-25,0,18
2022-01-25,1,16
2022-01-25,2,13
2022-01-25,3,19
2022-01-25,4,18
2022-01-25,5,11
2022-01-25,6,20
2022-01-25,7,48
2022-01-25,8,118
2022-01-25,9,90
2022-01-25,10,74
2022-01-25,11,80
2022-01-25,12,82
2022-01-25,13,109
2022-01-25,14,93
2022-01-25,15,91
2022-01-25,16,101
2022-01-25,17,95
2022-01-25,18,90
2022-01-25,19,79
2022-01-25,20,48
2022-01-25,21,31
2022-01-25,22,26
2022-01-25,23,26
2022-01-26,0,22
2022-01-26,1,19
2022-01-26,2,22
2022-01-26,3,15
2022-01-26,4,10
2022-01-26,5,19
2022-01-26,6,20
2022-01-26,7,56
2022-01-26,8,126
2022-01-26,9,92
2022-01-26,10,92
2022-01-26,11,84
2022-01-26,12,95
2022-01-26,13,96
2022-01-26,14,94
2022-01-26,15,110
2022-01-26,16,119
2022-01-26,17,147
2022-01-26,18,109
2022-01-26,19,63
2022-01-26,20,36
2022-01-26,21,30
2022-01-26,22,30
2022-01-26,23,28
2022-01-27,0,26
2022-01-27,1,21
2022-01-27,2,27
2022-01-27,3,15
2022-01-27,4,16
2022-01-27,5,17
2022-01-27,6,30
2022-01-27,7,36
2022-01-27,8,120
2022-01-27,9,115
2022-01-27,10,89
2022-01-27,11,93
2022-01-27,12,86
2022-01-27,13,104
2022-01-27,14,107
2022-01-27,15,94
2022-01-27,16,91
2022-01-27,17,124
2022-01-27,18,115
2022-01-27,19,78
2022-01-27,20,46
2022-01-27,21,35
2022-01-27,22,37
2022-01-27,23,26
2022-01-28,0,34
2022-01-28,1,47
2022-01-28,2,23
2022-01-28,3,17
2022-01-28,4,24
2022-01-28,5,10
2022-01-28,6,23
2022-01-28,7,56
2022-01-28,8,93
2022-01-28,9,93
2022-01-28,10,93
2022-01-28,11,76
2022-01-28,12,117
2022-01-28,13,116
2022-01-28,14,116
2022-01-28,15,109
2022-01-28,16,120
2022-01-28,17,123
2022-01-28,18,102
2022-01-28,19,80
2022-01-28,20,50
2022-01-28,21,54
2022-01-28,22,42
2022-01-28,23,42
2022-01-29,0,45
2022-01-29,1,24
2022-01-29,2,23
2022-01-29,3,18
2022-01-29,4,21
2022-01-29,5,16
2022-01-29,6,24
2022-01-29,7,32
2022-01-29,8,48
2022-01-29,9,53
2022-01-29,10,75
2022-01-29,11,86
2022-01-29,12,104
2022-01-29,13,114
2022-01-29,14,121
2022-01-29,15,111
2022-01-29,16,76
2022-01-29,17,86
2022-01-29,18,88
2022-01-29,19,89
2022-01-29,20,56
2022-01-29,21,45
2022-01-29,22,53
2022-01-29,23,37
2022-01-30,0,63
2022-01-30,1,29
2022-01-30,2,29
2022-01-30,3,37
2022-01-30,4,29
2022-01-30,5,31
2022-01-30,6,23
2022-01-30,7,32
2022-01-30,8,24
2022-01-30,9,45
2022-01-30,10,48
2022-01-30,11,94
2022-01-30,12,79
2022-01-30,13,101
2022-01-30,14,113
2022-01-30,15,86
2022-01-30,16,93
2022-01-30,17,92
2022-01-30,18,64
2022-01-30,19,61
2022-01-30,20,46
2022-01-30,21,31
2022-01-30,22,34
2022-01-30,23,27
2022-01-31,0,33
2022-01-31,1,16
2022-01-31,2,16
2022-01-31,3,22
2022-01-31,4,20
2022-01-31,5,13
2022-01-31,6,28
2022-01-31,7,51
2022-01-31,8,100
2022-01-31,9,91
2022-01-31,10,91
2022-01-31,11,99
2022-01-31,12,75
2022-01-31,13,71
2022-01-31,14,87
2022-01-31,15,79
2022-01-31,16,102
2022-01-31,17,125
2022-01-31,18,119
2022-01-31,19,61
2022-01-31,20,44
2022-01-31,21,43
2022-01-31,22,27
2022-01-31,23,32
2022-02-01,0,48
2022-02-01,1,31
2022-02-01,2,13
2022-02-01,3,21
2022-02-01,4,23
2022-02-01,5,21
2022-02-01,6,35
2022-02-01,7,42
2022-02-01,8,122
2022-02-01,9,102
2022-02-01,10,92
2022-02-01,11,96
2022-02-01,12,91
2022-02-01,13,98
2022-02-01,14,98
2022-02-01,15,84
2022-02-01,16,90
2022-02-01,17,128
2022-02-01,18,77
2022-02-01,19,56
2022-02-01,20,64
2022-02-01,21,39
2022-02-01,22,33
2022-02-01,23,32
2022-02-02,0,22
2022-02-02,1,22
2022-02-02,2,21
2022-02-02,3,19
2022-02-02,4,24
2022-02-02,5,26
2022-02-02,6,24
2022-02-02,7,39
2022-02-02,8,103
2022-02-02,9,104
2022-02-02,10,83
2022-02-02,11,100
2022-02-02,12,101
2022-02-02,13,97
2022-02-02,14,111
2022-02-02,15,98
2022-02-02,16,94
2022-02-02,17,137
2022-02-02,18,97
2022-02-02,19,67
2022-02-02,20,39
2022-02-02,21,44
2022-02-02,22,37
2022-02-02,23,30
2022-02-03,0,30
2022-02-03,1,22
2022-02-03,2,27
2022-02-03,3,21
2022-02-03,4,18
2022-02-03,5,18
2022-02-03,6,19
2022-02-03,7,58
2022-02-03,8,108
2022-02-03,9,102
2022-02-03,10,93
2022-02-03,11,103
2022-02-03,12,96
2022-02-03,13,76
2022-02-03,14,95
2022-02-03,15,109
2022-02-03,16,95
2022-02-03,17,135
2022-02-03,18,114
2022-02-03,19,79
2022-02-03,20,66
2022-02-03,21,48
2022-02-03,22,32
2022-02-03,23,25
2022-02-04,0,19
2022-02-04,1,34
2022-02-04,2,19
2022-02-04,3,20
2022-02-04,4,16
2022-02-04,5,22
2022-02-04,6,28
2022-02-04,7,50
2022-02-04,8,127
2022-02-04,9,110
2022-02-04,10,91
2022-02-04,11,108
2022-02-04,12,114
2022-02-04,13,114
2022-02-04,14,98
2022-02-04,15,113
2022-02-04,16,120
2022-02-04,17,124
2022-02-04,18,98
2022-02-04,19,88
2022-02-04,20,56
2022-02-04,21,54
2022-02-04,22,39
2022-02-04,23,31
2022-02-05,0,43
2022-02-05,1,22
2022-02-05,2,38
2022-02-05,3,37
2022-02-05,4,18
2022-02-05,5,20
2022-02-05,6,26
2022-02-05,7,30
2022-02-05,8,47
2022-02-05,9,61
2022-02-05,10,85
2022-02-05,11,93
2022-02-05,12,112
2022-02-05,13,104
2022-02-05,14,114
2022-02-05,15,91
2022-02-05,16,101
2022-02-05,17,89
2022-02-05,18,83
2022-02-05,19,85
2022-02-05,20,82
2022-02-05,21,49
2022-02-05,22,33
2022-02-05,23,91
2022-02-06,0,79
2022-02-06,1,47
2022-02-06,2,61
2022-02-06,3,49
2022-02-06,4,39
2022-02-06,5,23
2022-02-06,6,19
2022-02-06,7,17
2022-02-06,8,26
2022-02-06,9,30
2022-02-06,10,50
2022-02-06,11,100
2022-02-06,12,77
2022-02-06,13,99
2022-02-06,14,80
2022-02-06,15,97
2022-02-06,16,81
2022-02-06,17,75
2022-02-06,18,63
2022-02-06,19,66
2022-02-06,20,48
2022-02-06,21,49
2022-02-06,22,25
2022-02-06,23,22
2022-02-07,0,19
2022-02-07,1,14
2022-02-07,2,14
2022-02-07,3,23
2022-02-07,4,14
2022-02-07,5,23
2022-02-07,6,26
2022-02-07,7,43
2022-02-07,8,116
2022-02-07,9,114
2022-02-07,10,89
2022-02-07,11,100
2022-02-07,12,80
2022-02-07,13,102
2022-02-07,14,103
2022-02-07,15,99
2022-02-07,16,75
2022-02-07,17,199
2022-02-07,18,94
2022-02-07,19,84
2022-02-07,20,48
2022-02-07,21,52
2022-02-07,22,27
2022-02-07,23,31
2022-02-08,0,26
2022-02-08,1,16
2022-02-08,2,14
2022-02-08,3,19
2022-02-08,4,16
2022-02-08,5,19
2022-02-08,6,25
2022-02-08,7,56
2022-02-08,8,148
2022-02-08,9,134
2022-02-08,10,81
2022-02-08,11,86
2022-02-08,12,86
2022-02-08,13,104
2022-02-08,14,79
2022-02-08,15,91
2022-02-08,16,100
2022-02-08,17,118
2022-02-08,18,75
2022-02-08,19,70
2022-02-08,20,40
2022-02-08,21,45
2022-02-08,22,43
2022-02-08,23,26
2022-02-09,0,21
2022-02-09,1,22
2022-02-09,2,21
2022-02-09,3,21
2022-02-09,4,21
2022-02-09,5,27
2022-02-09,6,32
2022-02-09,7,59
2022-02-09,8,115
2022-02-09,9,103
2022-02-09,10,96
2022-02-09,11,91
2022-02-09,12,79
2022-02-09,13,76
2022-02-09,14,80
2022-02-09,15,72
2022-02-09,16,80
2022-02-09,17,100
2022-02-09,18,72
2022-02-09,19,48
2022-02-09,20,26
2022-02-09,21,21
2022-02-09,22,26
2022-02-09,23,16
2022-02-10,0,21
2022-02-10,1,8
2022-02-10,2,8
2022-02-10,3,0
2022-02-10,4,0
2022-02-10,5,0
2022-02-10,6,12
2022-02-10,7,40
2022-02-10,8,96
2022-02-10,9,97
2022-02-10,10,103
2022-02-10,11,94
2022-02-10,12,95
2022-02-10,13,95
2022-02-10,14,84
2022-02-10,15,82
2022-02-10,16,74
2022-02-10,17,159
2022-02-10,18,76
2022-02-10,19,72
2022-02-10,20,55
2022-02-10,21,48
2022-02-10,22,26
2022-02-10,23,15
2022-02-11,0,11
2022-02-11,1,21
2022-02-11,2,2
2022-02-11,3,5
2022-02-11,4,2
2022-02-11,5,1
2022-02-11,6,16
2022-02-11,7,42
2022-02-11,8,105
2022-02-11,9,84
2022-02-11,10,83
2022-02-11,11,93
2022-02-11,12,109
2022-02-11,13,86
2022-02-11,14,111
2022-02-11,15,115
2022-02-11,16,114
2022-02-11,17,123
2022-02-11,18,107
2022-02-11,19,74
2022-02-11,20,47
2022-02-11,21,38
2022-02-11,22,48
2022-02-11,23,43
2022-02-12,0,15
2022-02-12,1,14
2022-02-12,2,13
2022-02-12,3,4
2022-02-12,4,8
2022-02-12,5,3
2022-02-12,6,5
2022-02-12,7,17
2022-02-12,8,20
2022-02-12,9,50
2022-02-12,10,81
2022-02-12,11,98
2022-02-12,12,124
2022-02-12,13,133
2022-02-12,14,113
2022-02-12,15,86
2022-02-12,16,90
2022-02-12,17,96
2022-02-12,18,78
2022-02-12,19,76
2022-02-12,20,47
2022-02-12,21,61
2022-02-12,22,81
2022-02-12,23,94
2022-02-13,0,37
2022-02-13,1,69
2022-02-13,2,21
2022-02-13,3,15
2022-02-13,4,12
2022-02-13,5,3
2022-02-13,6,4
2022-02-13,7,11
2022-02-13,8,26
2022-02-13,9,36
2022-02-13,10,44
2022-02-13,11,78
2022-02-13,12,79
2022-02-13,13,99
2022-02-13,14,99
2022-02-13,15,100
2022-02-13,16,82
2022-02-13,17,73
2022-02-13,18,79
2022-02-13,19,76
2022-02-13,20,43
2022-02-13,21,21
2022-02-13,22,20
2022-02-13,23,14
2022-02-14,0,15
2022-02-14,1,13
2022-02-14,2,6
2022-02-14,3,6
2022-02-14,4,6
2022-02-14,5,3
2022-02-14,6,10
2022-02-14,7,38
2022-02-14,8,88
2022-02-14,9,80
2022-02-14,10,84
2022-02-14,11,86
2022-02-14,12,90
2022-02-14,13,94
2022-02-14,14,92
2022-02-14,15,95
2022-02-14,16,113
2022-02-14,17,114
2022-02-14,18,74
2022-02-14,19,66
2022-02-14,20,35
2022-02-14,21,35
2022-02-14,22,24
2022-02-14,23,13
2022-02-15,0,8
2022-02-15,1,5
2022-02-15,2,4
2022-02-15,3,1
2022-02-15,4,6
2022-02-15,5,2
2022-02-15,6,12
2022-02-15,7,41
2022-02-15,8,101
2022-02-15,9,76
2022-02-15,10,76
2022-02-15,11,84
2022-02-15,12,88
2022-02-15,13,125
2022-02-15,14,111
2022-02-15,15,91
2022-02-15,16,112
2022-02-15,17,170
2022-02-15,18,156
2022-02-15,19,139
2022-02-15,20,34
2022-02-15,21,32
2022-02-15,22,15
2022-02-15,23,14
2022-02-16,0,4
2022-02-16,1,15
2022-02-16,2,12
2022-02-16,3,6
2022-02-16,4,4
2022-02-16,5,9
2022-02-16,6,12
2022-02-16,7,49
2022-02-16,8,110
2022-02-16,9,98
2022-02-16,10,88
2022-02-16,11,98
2022-02-16,12,86
2022-02-16,13,111
2022-02-16,14,118
2022-02-16,15,92
2022-02-16,16,118
2022-02-16,17,126
2022-02-16,18,81
2022-02-16,19,61
2022-02-16,20,40
2022-02-16,21,26
2022-02-16,22,25
2022-02-16,23,18
2022-02-17,0,34
2022-02-17,1,21
2022-02-17,2,12
2022-02-17,3,2
2022-02-17,4,3
2022-02-17,5,2
2022-02-17,6,17
2022-02-17,7,68
2022-02-17,8,132
2022-02-17,9,114
2022-02-17,10,81
2022-02-17,11,94
2022-02-17,12,92
2022-02-17,13,103
2022-02-17,14,94
2022-02-17,15,104
2022-02-17,16,101
2022-02-17,17,159
2022-02-17,18,89
2022-02-17,19,68
2022-02-17,20,30
2022-02-17,21,16
2022-02-17,22,19
2022-02-17,23,18
2022-02-18,0,9
2022-02-18,1,4
2022-02-18,2,6
2022-02-18,3,3
2022-02-18,4,1
2022-02-18,5,4
2022-02-18,6,13
2022-02-18,7,39
2022-02-18,8,86
2022-02-18,9,90
2022-02-18,10,85
2022-02-18,11,87
2022-02-18,12,90
2022-02-18,13,91
2022-02-18,14,98
2022-02-18,15,92
2022-02-18,16,105
2022-02-18,17,106
2022-02-18,18,82
2022-02-18,19,67
2022-02-18,20,42
2022-02-18,21,38
2022-02-18,22,28
2022-02-18,23,24
2022-02-19,0,8
2022-02-19,1,17
2022-02-19,2,8
2022-02-19,3,9
2022-02-19,4,4
2022-02-19,5,4
2022-02-19,6,6
2022-02-19,7,17
2022-02-19,8,20
2022-02-19,9,51
2022-02-19,10,63
2022-02-19,11,72
2022-02-19,12,111
2022-02-19,13,114
2022-02-19,14,112
2022-02-19,15,118
2022-02-19,16,91
2022-02-19,17,90
2022-02-19,18,79
2022-02-19,19,61
2022-02-19,20,63
2022-02-19,21,34
2022-02-19,22,36
2022-02-19,23,26
2022-02-20,0,27
2022-02-20,1,31
2022-02-20,2,17
2022-02-20,3,13
2022-02-20,4,9
2022-02-20,5,7
2022-02-20,6,3
2022-02-20,7,6
2022-02-20,8,25
2022-02-20,9,26
2022-02-20,10,49
2022-02-20,11,66
2022-02-20,12,88
2022-02-20,13,102
2022-02-20,14,112
2022-02-20,15,89
2022-02-20,16,75
2022-02-20,17,71
2022-02-20,18,67
2022-02-20,19,45
2022-02-20,20,35
2022-02-20,21,21
2022-02-20,22,26
2022-02-20,23,11
2022-02-21,0,4
2022-02-21,1,16
2022-02-21,2,6
2022-02-21,3,3
2022-02-21,4,2
2022-02-21,5,6
2022-02-21,6,12
2022-02-21,7,32
2022-02-21,8,100
2022-02-21,9,112
2022-02-21,10,90
2022-02-21,11,77
2022-02-21,12,99
2022-02-21,13,94
2022-02-21,14,81
2022-02-21,15,86
2022-02-21,16,102
2022-02-21,17,127
2022-02-21,18,84
2022-02-21,19,55
2022-02-21,20,35
2022-02-21,21,35
2022-02-21,22,22
2022-02-21,23,10
2022-02-22,0,6
2022-02-22,1,13
2022-02-22,2,7
2022-02-22,3,3
2022-02-22,4,4
2022-02-22,5,7
2022-02-22,6,15
2022-02-22,7,50
2022-02-22,8,122
2022-02-22,9,122
2022-02-22,10,92
2022-02-22,11,82
2022-02-22,12,85
2022-02-22,13,95
2022-02-22,14,102
2022-02-22,15,107
2022-02-22,16,110
2022-02-22,17,141
2022-02-22,18,115
2022-02-22,19,72
2022-02-22,20,44
2022-02-22,21,31
2022-02-22,22,22
2022-02-22,23,16
2022-02-23,0,6
2022-02-23,1,16
2022-02-23,2,7
2022-02-23,3,2
2022-02-23,4,7
2022-02-23,5,6
2022-02-23,6,15
2022-02-23,7,47
2022-02-23,8,134
2022-02-23,9,136
2022-02-23,10,89
2022-02-23,11,97
2022-02-23,12,109
2022-02-23,13,103
2022-02-23,14,109
2022-02-23,15,87
2022-02-23,16,129
2022-02-23,17,190
2022-02-23,18,130
2022-02-23,19,61
2022-02-23,20,52
2022-02-23,21,35
2022-02-23,22,24
2022-02-23,23,12
2022-02-24,0,19
2022-02-24,1,12
2022-02-24,2,9
2022-02-24,3,2
2022-02-24,4,3
2022-02-24,5,5
2022-02-24,6,9
2022-02-24,7,54
2022-02-24,8,159
2022-02-24,9,150
2022-02-24,10,84
2022-02-24,11,84
2022-02-24,12,88
2022-02-24,13,94
2022-02-24,14,86
2022-02-24,15,96
2022-02-24,16,108
2022-02-24,17,138
2022-02-24,18,103
2022-02-24,19,62
2022-02-24,20,47
2022-02-24,21,28
2022-02-24,22,25
2022-02-24,23,19
2022-02-25,0,5
2022-02-25,1,4
2022-02-25,2,4
2022-02-25,3,3
2022-02-25,4,2
2022-02-25,5,7
2022-02-25,6,9
2022-02-25,7,39
2022-02-25,8,122
2022-02-25,9,111
2022-02-25,10,94
2022-02-25,11,94
2022-02-25,12,110
2022-02-25,13,114
2022-02-25,14,121
2022-02-25,15,119
2022-02-25,16,150
2022-02-25,17,170
2022-02-25,18,112
2022-02-25,19,104
2022-02-25,20,64
2022-02-25,21,40
2022-02-25,22,28
2022-02-25,23,29
2022-02-26,0,29
2022-02-26,1,12
2022-02-26,2,9
2022-02-26,3,10
2022-02-26,4,6
2022-02-26,5,2
2022-02-26,6,5
2022-02-26,7,8
2022-02-26,8,28
2022-02-26,9,66
2022-02-26,10,94
2022-02-26,11,94
2022-02-26,12,124
2022-02-26,13,133
2022-02-26,14,122
2022-02-26,15,81
2022-02-26,16,120
2022-02-26,17,73
2022-02-26,18,98
2022-02-26,19,81
2022-02-26,20,61
2022-02-26,21,31
2022-02-26,22,26
2022-02-26,23,25
2022-02-27,0,19
2022-02-27,1,10
2022-02-27,2,9
2022-02-27,3,11
2022-02-27,4,10
2022-02-27,5,2
2022-02-27,6,5
2022-02-27,7,9
2022-02-27,8,17
2022-02-27,9,35
2022-02-27,10,62
2022-02-27,11,67
2022-02-27,12,99
2022-02-27,13,112
2022-02-27,14,94
2022-02-27,15,110
2022-02-27,16,76
2022-02-27,17,73
2022-02-27,18,89
2022-02-27,19,63
2022-02-27,20,31
2022-02-27,21,26
2022-02-27,22,20
2022-02-27,23,17
2022-02-28,0,15
2022-02-28,1,4
2022-02-28,2,6
2022-02-28,3,2
2022-02-28,4,4
2022-02-28,5,3
2022-02-28,6,11
2022-02-28,7,39
2022-02-28,8,108
2022-02-28,9,93
2022-02-28,10,85
2022-02-28,11,80
2022-02-28,12,81
2022-02-28,13,83
2022-02-28,14,113
2022-02-28,15,85
2022-02-28,16,116
2022-02-28,17,98
2022-02-28,18,87
2022-02-28,19,61
2022-02-28,20,36
2022-02-28,21,30
2022-02-28,22,24
2022-02-28,23,12
2022-03-01,0,7
2022-03-01,1,6
2022-03-01,2,5
2022-03-01,3,1
2022-03-01,4,5
2022-03-01,5,9
2022-03-01,6,8
2022-03-01,7,39
2022-03-01,8,132
2022-03-01,9,101
2022-03-01,10,77
2022-03-01,11,84
2022-03-01,12,82
2022-03-01,13,87
2022-03-01,14,87
2022-03-01,15,89
2022-03-01,16,83
2022-03-01,17,108
2022-03-01,18,100
2022-03-01,19,59
2022-03-01,20,36
2022-03-01,21,37
2022-03-01,22,16
2022-03-01,23,16
2022-03-02,0,3
2022-03-02,1,16
2022-03-02,2,2
2022-03-02,3,3
2022-03-02,4,1
2022-03-02,5,9
2022-03-02,6,13
2022-03-02,7,29
2022-03-02,8,108
2022-03-02,9,99
2022-03-02,10,100
2022-03-02,11,82
2022-03-02,12,100
2022-03-02,13,97
2022-03-02,14,86
2022-03-02,15,99
2022-03-02,16,97
2022-03-02,17,125
2022-03-02,18,124
2022-03-02,19,92
2022-03-02,20,47
2022-03-02,21,38
2022-03-02,22,27
2022-03-02,23,13
2022-03-03,0,13
2022-03-03,1,11
2022-03-03,2,3
2022-03-03,3,2
2022-03-03,4,2
2022-03-03,5,4
2022-03-03,6,12
2022-03-03,7,31
2022-03-03,8,122
2022-03-03,9,95
2022-03-03,10,84
2022-03-03,11,82
2022-03-03,12,90
2022-03-03,13,89
2022-03-03,14,94
2022-03-03,15,95
2022-03-03,16,102
2022-03-03,17,114
2022-03-03,18,108
2022-03-03,19,75
2022-03-03,20,37
2022-03-03,21,27
2022-03-03,22,27
2022-03-03,23,11
2022-03-04,0,10
2022-03-04,1,17
2022-03-04,2,5
2022-03-04,3,2
2022-03-04,4,3
2022-03-04,5,7
2022-03-04,6,13
2022-03-04,7,29
2022-03-04,8,100
2022-03-04,9,101
2022-03-04,10,84
2022-03-04,11,100
2022-03-04,12,95
2022-03-04,13,116
2022-03-04,14,115
2022-03-04,15,116
2022-03-04,16,123
2022-03-04,17,126
2022-03-04,18,101
2022-03-04,19,92
2022-03-04,20,56
2022-03-04,21,28
2022-03-04,22,29
2022-03-04,23,29
2022-03-05,0,21
2022-03-05,1,10
2022-03-05,2,7
2022-03-05,3,12
2022-03-05,4,8
2022-03-05,5,4
2022-03-05,6,7
2022-03-05,7,11
2022-03-05,8,30
2022-03-05,9,70
2022-03-05,10,84
2022-03-05,11,83
2022-03-05,12,123
2022-03-05,13,111
2022-03-05,14,128
2022-03-05,15,121
2022-03-05,16,101
2022-03-05,17,110
2022-03-05,18,98
2022-03-05,19,81
2022-03-05,20,61
2022-03-05,21,37
2022-03-05,22,30
2022-03-05,23,28
2022-03-06,0,27
2022-03-06,1,20
2022-03-06,2,17
2022-03-06,3,19
2022-03-06,4,10
2022-03-06,5,7
2022-03-06,6,8
2022-03-06,7,7
2022-03-06,8,17
2022-03-06,9,36
2022-03-06,10,57
2022-03-06,11,73
2022-03-06,12,71
2022-03-06,13,93
2022-03-06,14,101
2022-03-06,15,86
2022-03-06,16,82
2022-03-06,17,98
2022-03-06,18,62
2022-03-06,19,74
2022-03-06,20,43
2022-03-06,21,30
2022-03-06,22,26
2022-03-06,23,18
2022-03-07,0,6
2022-03-07,1,4
2022-03-07,2,3
2022-03-07,3,2
2022-03-07,4,4
2022-03-07,5,3
2022-03-07,6,10
2022-03-07,7,31
2022-03-07,8,93
2022-03-07,9,102
2022-03-07,10,75
2022-03-07,11,70
2022-03-07,12,84
2022-03-07,13,91
2022-03-07,14,94
2022-03-07,15,76
2022-03-07,16,81
2022-03-07,17,108
2022-03-07,18,102
2022-03-07,19,61
2022-03-07,20,45
2022-03-07,21,32
2022-03-07,22,21
2022-03-07,23,14
2022-03-08,0,12
2022-03-08,1,12
2022-03-08,2,10
2022-03-08,3,6
2022-03-08,4,5
2022-03-08,5,1
2022-03-08,6,11
2022-03-08,7,41
2022-03-08,8,96
2022-03-08,9,98
2022-03-08,10,82
2022-03-08,11,79
2022-03-08,12,81
2022-03-08,13,98
2022-03-08,14,80
2022-03-08,15,70
2022-03-08,16,88
2022-03-08,17,106
2022-03-08,18,90
2022-03-08,19,62
2022-03-08,20,36
2022-03-08,21,30
2022-03-08,22,21
2022-03-08,23,13
2022-03-09,0,9
2022-03-09,1,16
2022-03-09,2,9
2022-03-09,3,2
2022-03-09,4,3
2022-03-09,5,5
2022-03-09,6,14
2022-03-09,7,35
2022-03-09,8,115
2022-03-09,9,114
2022-03-09,10,92
2022-03-09,11,91
2022-03-09,12,68
2022-03-09,13,86
2022-03-09,14,103
2022-03-09,15,99
2022-03-09,16,106
2022-03-09,17,171
2022-03-09,18,98
2022-03-09,19,67
2022-03-09,20,49
2022-03-09,21,30
2022-03-09,22,17
2022-03-09,23,9
2022-03-10,0,7
2022-03-10,1,11
2022-03-10,2,2
2022-03-10,3,1
2022-03-10,4,3
2022-03-10,5,4
2022-03-10,6,15
2022-03-10,7,39
2022-03-10,8,107
2022-03-10,9,103
2022-03-10,10,84
2022-03-10,11,86
2022-03-10,12,108
2022-03-10,13,97
2022-03-10,14,98
2022-03-10,15,104
2022-03-10,16,108
2022-03-10,17,108
2022-03-10,18,121
2022-03-10,19,77
2022-03-10,20,42
2022-03-10,21,33
2022-03-10,22,15
2022-03-10,23,23
2022-03-11,0,8
2022-03-11,1,13
2022-03-11,2,3
2022-03-11,3,1
2022-03-11,4,6
2022-03-11,5,5
2022-03-11,6,15
2022-03-11,7,34
2022-03-11,8,89
2022-03-11,9,95
2022-03-11,10,94
2022-03-11,11,94
2022-03-11,12,93
2022-03-11,13,122
2022-03-11,14,118
2022-03-11,15,133
2022-03-11,16,123
2022-03-11,17,149
2022-03-11,18,122
2022-03-11,19,93
2022-03-11,20,47
2022-03-11,21,33
2022-03-11,22,27
2022-03-11,23,29
2022-03-12,0,22
2022-03-12,1,17
2022-03-12,2,7
2022-03-12,3,11
2022-03-12,4,10
2022-03-12,5,4
2022-03-12,6,7
2022-03-12,7,15
2022-03-12,8,34
2022-03-12,9,78
2022-03-12,10,78
2022-03-12,11,91
2022-03-12,12,146
2022-03-12,13,119
2022-03-12,14,107
2022-03-12,15,87
2022-03-12,16,97
2022-03-12,17,78
2022-03-12,18,74
2022-03-12,19,82
2022-03-12,20,42
2022-03-12,21,33
2022-03-12,22,29
2022-03-12,23,35
2022-03-13,0,27
2022-03-13,1,15
2022-03-13,2,14
2022-03-13,3,13
2022-03-13,4,6
2022-03-13,5,6
2022-03-13,6,4
2022-03-13,7,7
2022-03-13,8,18
2022-03-13,9,32
2022-03-13,10,60
2022-03-13,11,73
2022-03-13,12,85
2022-03-13,13,92
2022-03-13,14,96
2022-03-13,15,74
2022-03-13,16,79
2022-03-13,17,67
2022-03-13,18,65
2022-03-13,19,51
2022-03-13,20,43
2022-03-13,21,28
2022-03-13,22,21
2022-03-13,23,9
2022-03-14,0,11
2022-03-14,1,6
2022-03-14,2,4
2022-03-14,3,1
2022-03-14,4,2
2022-03-14,5,9
2022-03-14,6,18
2022-03-14,7,39
2022-03-14,8,80
2022-03-14,9,83
2022-03-14,10,80
2022-03-14,11,84
2022-03-14,12,83
2022-03-14,13,81
2022-03-14,14,87
2022-03-14,15,98
2022-03-14,16,114
2022-03-14,17,116
2022-03-14,18,80
2022-03-14,19,59
2022-03-14,20,31
2022-03-14,21,28
2022-03-14,22,25
2022-03-14,23,11
2022-03-15,0,7
2022-03-15,1,11
2022-03-15,2,3
2022-03-15,3,7
2022-03-15,4,1
2022-03-15,5,6
2022-03-15,6,8
2022-03-15,7,36
2022-03-15,8,121
2022-03-15,9,102
2022-03-15,10,77
2022-03-15,11,83
2022-03-15,12,76
2022-03-15,13,110
2022-03-15,14,93
2022-03-15,15,84
2022-03-15,16,102
2022-03-15,17,117
2022-03-15,18,83
2022-03-15,19,64
2022-03-15,20,38
2022-03-15,21,30
2022-03-15,22,24
2022-03-15,23,15
2022-03-16,0,6
2022-03-16,1,12
2022-03-16,2,4
2022-03-16,3,2
2022-03-16,4,2
2022-03-16,5,2
2022-03-16,6,15
2022-03-16,7,35
2022-03-16,8,109
2022-03-16,9,119
2022-03-16,10,94
2022-03-16,11,79
2022-03-16,12,88
2022-03-16,13,100
2022-03-16,14,90
2022-03-16,15,94
2022-03-16,16,99
2022-03-16,17,101
2022-03-16,18,92
2022-03-16,19,72
2022-03-16,20,45
2022-03-16,21,30
2022-03-16,22,25
2022-03-16,23,14
2022-03-17,0,5
2022-03-17,1,15
2022-03-17,2,2
2022-03-17,3,2
2022-03-17,4,4
2022-03-17,5,11
2022-03-17,6,11
2022-03-17,7,38
2022-03-17,8,107
2022-03-17,9,134
2022-03-17,10,98
2022-03-17,11,89
2022-03-17,12,83
2022-03-17,13,97
2022-03-17,14,93
2022-03-17,15,105
2022-03-17,16,105
2022-03-17,17,130
2022-03-17,18,94
2022-03-17,19,73
2022-03-17,20,47
2022-03-17,21,24
2022-03-17,22,31
2022-03-17,23,18
2022-03-18,0,15
2022-03-18,1,12
2022-03-18,2,2
2022-03-18,3,1
2022-03-18,4,2
2022-03-18,5,6
2022-03-18,6,13
2022-03-18,7,37
2022-03-18,8,99
2022-03-18,9,126
2022-03-18,10,89
2022-03-18,11,98
2022-03-18,12,128
2022-03-18,13,104
2022-03-18,14,98
2022-03-18,15,106
2022-03-18,16,95
2022-03-18,17,120
2022-03-18,18,105
2022-03-18,19,95
2022-03-18,20,73
2022-03-18,21,30
2022-03-18,22,36
2022-03-18,23,28
2022-03-19,0,19
2022-03-19,1,13
2022-03-19,2,10
2022-03-19,3,10
2022-03-19,4,7
2022-03-19,5,4
2022-03-19,6,16
2022-03-19,7,16
2022-03-19,8,26
2022-03-19,9,62
2022-03-19,10,84
2022-03-19,11,88
2022-03-19,12,119
2022-03-19,13,119
2022-03-19,14,114
2022-03-19,15,100
2022-03-19,16,88
2022-03-19,17,94
2022-03-19,18,85
2022-03-19,19,82
2022-03-19,20,54
2022-03-19,21,39
2022-03-19,22,32
2022-03-19,23,31
2022-03-20,0,32
2022-03-20,1,22
2022-03-20,2,18
2022-03-20,3,11
2022-03-20,4,9
2022-03-20,5,3
2022-03-20,6,7
2022-03-20,7,5
2022-03-20,8,32
2022-03-20,9,39
2022-03-20,10,56
2022-03-20,11,59
2022-03-20,12,96
2022-03-20,13,91
2022-03-20,14,107
2022-03-20,15,84
2022-03-20,16,87
2022-03-20,17,87
2022-03-20,18,95
2022-03-20,19,54
2022-03-20,20,35
2022-03-20,21,29
2022-03-20,22,18
2022-03-20,23,11
2022-03-21,0,17
2022-03-21,1,1
2022-03-21,2,1
2022-03-21,3,3
2022-03-21,4,1
2022-03-21,5,8
2022-03-21,6,16
2022-03-21,7,31
2022-03-21,8,146
2022-03-21,9,174
2022-03-21,10,82
2022-03-21,11,80
2022-03-21,12,91
2022-03-21,13,96
2022-03-21,14,87
2022-03-21,15,93
2022-03-21,16,96
2022-03-21,17,120
2022-03-21,18,92
2022-03-21,19,60
2022-03-21,20,44
2022-03-21,21,28
2022-03-21,22,24
2022-03-21,23,18
2022-03-22,0,7
2022-03-22,1,7
2022-03-22,2,0
2022-03-22,3,1
2022-03-22,4,0
2022-03-22,5,5
2022-03-22,6,17
2022-03-22,7,28
2022-03-22,8,75
2022-03-22,9,92
2022-03-22,10,70
2022-03-22,11,77
2022-03-22,12,72
2022-03-22,13,86
2022-03-22,14,91
2022-03-22,15,73
2022-03-22,16,81
2022-03-22,17,99
2022-03-22,18,79
2022-03-22,19,61
2022-03-22,20,40
2022-03-22,21,27
2022-03-22,22,22
2022-03-22,23,8
2022-03-23,0,13
2022-03-23,1,14
2022-03-23,2,5
2022-03-23,3,3
2022-03-23,4,1
2022-03-23,5,6
2022-03-23,6,14
2022-03-23,7,36
2022-03-23,8,89
2022-03-23,9,76
2022-03-23,10,89
2022-03-23,11,77
2022-03-23,12,89
2022-03-23,13,83
2022-03-23,14,83
2022-03-23,15,80
2022-03-23,16,75
2022-03-23,17,100
2022-03-23,18,73
2022-03-23,19,75
2022-03-23,20,55
2022-03-23,21,34
2022-03-23,22,21
2022-03-23,23,9
2022-03-24,0,5
2022-03-24,1,3
2022-03-24,2,4
2022-03-24,3,2
2022-03-24,4,3
2022-03-24,5,4
2022-03-24,6,13
2022-03-24,7,36
2022-03-24,8,77
2022-03-24,9,96
2022-03-24,10,77
2022-03-24,11,99
2022-03-24,12,88
2022-03-24,13,90
2022-03-24,14,91
2022-03-24,15,94
2022-03-24,16,92
2022-03-24,17,96
2022-03-24,18,83
2022-03-24,19,71
2022-03-24,20,38
2022-03-24,21,30
2022-03-24,22,28
2022-03-24,23,17
2022-03-25,0,8
2022-03-25,1,17
2022-03-25,2,3
2022-03-25,3,2
2022-03-25,4,6
2022-03-25,5,2
2022-03-25,6,8
2022-03-25,7,37
2022-03-25,8,69
2022-03-25,9,89
2022-03-25,10,96
2022-03-25,11,86
2022-03-25,12,104
2022-03-25,13,89
2022-03-25,14,94
2022-03-25,15,95
2022-03-25,16,102
2022-03-25,17,90
2022-03-25,18,65
2022-03-25,19,85
2022-03-25,20,52
2022-03-25,21,45
2022-03-25,22,23
2022-03-25,23,21
2022-03-26,0,19
2022-03-26,1,16
2022-03-26,2,12
2022-03-26,3,15
2022-03-26,4,6
2022-03-26,5,4
2022-03-26,6,10
2022-03-26,7,17
2022-03-26,8,38
2022-03-26,9,62
2022-03-26,10,97
2022-03-26,11,92
2022-03-26,12,87
2022-03-26,13,104
2022-03-26,14,126
2022-03-26,15,98
2022-03-26,16,93
2022-03-26,17,100
2022-03-26,18,79
2022-03-26,19,80
2022-03-26,20,49
2022-03-26,21,41
2022-03-26,22,26
2022-03-26,23,56
2022-03-27,0,13
2022-03-27,1,17
2022-03-27,2,14
2022-03-27,3,17
2022-03-27,4,10
2022-03-27,5,10
2022-03-27,6,11
2022-03-27,7,12
2022-03-27,8,36
2022-03-27,9,58
2022-03-27,10,75
2022-03-27,11,66
2022-03-27,12,85
2022-03-27,13,83
2022-03-27,14,59
2022-03-27,15,81
2022-03-27,16,78
2022-03-27,17,67
2022-03-27,18,61
2022-03-27,19,48
2022-03-27,20,37
2022-03-27,21,25
2022-03-27,22,19
2022-03-27,23,6
2022-03-28,0,4
2022-03-28,1,4
2022-03-28,2,4
2022-03-28,3,3
2022-03-28,4,3
2022-03-28,5,10
2022-03-28,6,35
2022-03-28,7,70
2022-03-28,8,75
2022-03-28,9,81
2022-03-28,10,75
2022-03-28,11,83
2022-03-28,12,73
2022-03-28,13,73
2022-03-28,14,59
2022-03-28,15,76
2022-03-28,16,78
2022-03-28,17,66
2022-03-28,18,52
2022-03-28,19,49
2022-03-28,20,32
2022-03-28,21,26
2022-03-28,22,9
2022-03-28,23,5
2022-03-29,0,9
2022-03-29,1,4
2022-03-29,2,5
2022-03-29,3,1
2022-03-29,4,4
2022-03-29,5,13
2022-03-29,6,32
2022-03-29,7,69
2022-03-29,8,68
2022-03-29,9,74
2022-03-29,10,74
2022-03-29,11,69
2022-03-29,12,73
2022-03-29,13,91
2022-03-29,14,72
2022-03-29,15,81
2022-03-29,16,68
2022-03-29,17,78
2022-03-29,18,60
2022-03-29,19,37
2022-03-29,20,28
2022-03-29,21,33
2022-03-29,22,12
2022-03-29,23,5
2022-03-30,0,4
2022-03-30,1,2
2022-03-30,2,1
2022-03-30,3,2
2022-03-30,4,3
2022-03-30,5,15
2022-03-30,6,34
2022-03-30,7,67
2022-03-30,8,88
2022-03-30,9,82
2022-03-30,10,76
2022-03-30,11,96
2022-03-30,12,90
2022-03-30,13,78
2022-03-30,14,74
2022-03-30,15,78
2022-03-30,16,109
2022-03-30,17,108
2022-03-30,18,48
2022-03-30,19,33
2022-03-30,20,28
2022-03-30,21,24
2022-03-30,22,13
2022-03-30,23,9
2022-03-31,0,7
2022-03-31,1,3
2022-03-31,2,4
2022-03-31,3,5
2022-03-31,4,6
2022-03-31,5,12
2022-03-31,6,34
2022-03-31,7,76
2022-03-31,8,81
2022-03-31,9,73
2022-03-31,10,87
2022-03-31,11,84
2022-03-31,12,86
2022-03-31,13,82
2022-03-31,14,84
2022-03-31,15,92
2022-03-31,16,97
2022-03-31,17,90
2022-03-31,18,83
2022-03-31,19,39
2022-03-31,20,32
2022-03-31,21,30
2022-03-31,22,21
2022-03-31,23,8
2022-04-01,0,13
2022-04-01,1,2
2022-04-01,2,3
2022-04-01,3,4
2022-04-01,4,6
2022-04-01,5,13
2022-04-01,6,27
2022-04-01,7,69
2022-04-01,8,79
2022-04-01,9,86
2022-04-01,10,89
2022-04-01,11,83
2022-04-01,12,111
2022-04-01,13,114
2022-04-01,14,96
2022-04-01,15,121
2022-04-01,16,96
2022-04-01,17,101
2022-04-01,18,79
2022-04-01,19,44
2022-04-01,20,31
2022-04-01,21,40
2022-04-01,22,28
2022-04-01,23,11
2022-04-02,0,14
2022-04-02,1,5
2022-04-02,2,6
2022-04-02,3,7
2022-04-02,4,7
2022-04-02,5,4
2022-04-02,6,13
2022-04-02,7,20
2022-04-02,8,42
2022-04-02,9,63
2022-04-02,10,87
2022-04-02,11,111
2022-04-02,12,98
2022-04-02,13,111
2022-04-02,14,83
2022-04-02,15,79
2022-04-02,16,90
2022-04-02,17,76
2022-04-02,18,70
2022-04-02,19,34
2022-04-02,20,36
2022-04-02,21,27
2022-04-02,22,30
2022-04-02,23,25
2022-04-03,0,21
2022-04-03,1,10
2022-04-03,2,16
2022-04-03,3,2
2022-04-03,4,2
2022-04-03,5,6
2022-04-03,6,11
2022-04-03,7,16
2022-04-03,8,34
2022-04-03,9,62
2022-04-03,10,88
2022-04-03,11,73
2022-04-03,12,58
2022-04-03,13,73
2022-04-03,14,94
2022-04-03,15,70
2022-04-03,16,65
2022-04-03,17,55
2022-04-03,18,44
2022-04-03,19,29
2022-04-03,20,20
2022-04-03,21,20
2022-04-03,22,11
2022-04-03,23,6
2022-04-04,0,4
2022-04-04,1,3
2022-04-04,2,3
2022-04-04,3,5
2022-04-04,4,7
2022-04-04,5,13
2022-04-04,6,27
2022-04-04,7,61
2022-04-04,8,66
2022-04-04,9,69
2022-04-04,10,83
2022-04-04,11,88
2022-04-04,12,88
2022-04-04,13,89
2022-04-04,14,61
2022-04-04,15,88
2022-04-04,16,96
2022-04-04,17,69
2022-04-04,18,55
2022-04-04,19,38
2022-04-04,20,36
2022-04-04,21,23
2022-04-04,22,22
2022-04-04,23,5
2022-04-05,0,1
2022-04-05,1,3
2022-04-05,2,1
2022-04-05,3,4
2022-04-05,4,12
2022-04-05,5,18
2022-04-05,6,37
2022-04-05,7,80
2022-04-05,8,84
2022-04-05,9,76
2022-04-05,10,90
2022-04-05,11,109
2022-04-05,12,75
2022-04-05,13,110
2022-04-05,14,90
2022-04-05,15,88
2022-04-05,16,94
2022-04-05,17,76
2022-04-05,18,55
2022-04-05,19,49
2022-04-05,20,27
2022-04-05,21,17
2022-04-05,22,5
2022-04-05,23,19
2022-04-06,0,1
2022-04-06,1,4
2022-04-06,2,1
2022-04-06,3,4
2022-04-06,4,7
2022-04-06,5,15
2022-04-06,6,37
2022-04-06,7,68
2022-04-06,8,83
2022-04-06,9,96
2022-04-06,10,100
2022-04-06,11,74
2022-04-06,12,106
2022-04-06,13,92
2022-04-06,14,75
2022-04-06,15,93
2022-04-06,16,119
2022-04-06,17,118
2022-04-06,18,80
2022-04-06,19,31
2022-04-06,20,24
2022-04-06,21,18
2022-04-06,22,21
2022-04-06,23,6
2022-04-07,0,7
2022-04-07,1,2
2022-04-07,2,1
2022-04-07,3,6
2022-04-07,4,3
2022-04-07,5,13
2022-04-07,6,34
2022-04-07,7,62
2022-04-07,8,86
2022-04-07,9,75
2022-04-07,10,89
2022-04-07,11,95
2022-04-07,12,106
2022-04-07,13,93
2022-04-07,14,96
2022-04-07,15,93
2022-04-07,16,113
2022-04-07,17,80
2022-04-07,18,71
2022-04-07,19,53
2022-04-07,20,30
2022-04-07,21,30
2022-04-07,22,15
2022-04-07,23,19
2022-04-08,0,13
2022-04-08,1,4
2022-04-08,2,3
2022-04-08,3,4
2022-04-08,4,9
2022-04-08,5,11
2022-04-08,6,34
2022-04-08,7,82
2022-04-08,8,90
2022-04-08,9,85
2022-04-08,10,76
2022-04-08,11,126
2022-04-08,12,108
2022-04-08,13,97
2022-04-08,14,124
2022-04-11,7,69
2022-04-11,8,80
2022-04-11,9,58
2022-04-11,10,61
2022-04-11,11,88
2022-04-11,12,87
2022-04-11,13,97
2022-04-11,14,94
2022-04-11,15,85
2022-04-11,16,90
2022-04-11,17,67
2022-04-11,18,48
2022-04-11,19,38
2022-04-11,20,33
2022-04-11,21,16
2022-04-11,22,15
2022-04-11,23,6
2022-04-12,0,0
2022-04-12,1,1
2022-04-12,2,4
2022-04-12,3,4
2022-04-12,4,5
2022-04-12,5,7
2022-04-12,6,33
2022-04-12,7,70
2022-04-12,8,78
2022-04-12,9,72
2022-04-12,10,91
2022-04-12,11,93
2022-04-12,12,96
2022-04-12,13,95
2022-04-12,14,82
2022-04-12,15,95
2022-04-12,16,131
2022-04-12,17,93
2022-04-12,18,67
2022-04-12,19,38
2022-04-12,20,36
2022-04-12,21,15
2022-04-12,22,12
2022-04-12,23,5
2022-04-13,0,12
2022-04-13,1,4
2022-04-13,2,3
2022-04-13,3,1
2022-04-13,4,8
2022-04-13,5,11
2022-04-13,6,26
2022-04-13,7,58
2022-04-13,8,87
2022-04-13,9,74
2022-04-13,10,103
2022-04-13,11,106
2022-04-13,12,89
2022-04-13,13,94
2022-04-13,14,75
2022-04-13,15,102
2022-04-13,16,117
2022-04-13,17,103
2022-04-13,18,60
2022-04-13,19,34
2022-04-13,20,38
2022-04-13,21,24
2022-04-13,22,18
2022-04-13,23,11
2022-04-14,0,14
2022-04-14,1,5
2022-04-14,2,1
2022-04-14,3,3
2022-04-14,4,2
2022-04-14,5,12
2022-04-14,6,32
2022-04-14,7,62
2022-04-14,8,81
2022-04-14,9,84
2022-04-14,10,97
2022-04-14,11,108
2022-04-14,12,93
2022-04-14,13,96
2022-04-14,14,96
2022-04-14,15,96
2022-04-14,16,130
2022-04-14,17,87
2022-04-14,18,82
2022-04-14,19,42
2022-04-14,20,36
2022-04-14,21,23
2022-04-14,22,23
2022-04-14,23,8
2022-04-15,0,16
2022-04-15,1,6
2022-04-15,2,4
2022-04-15,3,3
2022-04-15,4,10
2022-04-15,5,11
2022-04-15,6,25
2022-04-15,7,34
2022-04-15,8,55
2022-04-15,9,65
2022-04-15,10,95
2022-04-15,11,84
2022-04-15,12,100
2022-04-15,13,110
2022-04-15,14,85
2022-04-15,15,80
2022-04-15,16,76
2022-04-15,17,95
2022-04-15,18,69
2022-04-15,19,49
2022-04-15,20,32
2022-04-15,21,26
2022-04-15,22,20
2022-04-15,23,13
2022-04-16,0,14
2022-04-16,1,7
2022-04-16,2,6
2022-04-16,3,4
2022-04-16,4,4
2022-04-16,5,3
2022-04-16,6,11
2022-04-16,7,23
2022-04-16,8,38
2022-04-16,9,59
2022-04-16,10,70
2022-04-16,11,99
2022-04-16,12,94
2022-04-16,13,89
2022-04-16,14,85
2022-04-16,15,87
2022-04-16,16,85
2022-04-16,17,78
2022-04-16,18,64
2022-04-16,19,43
2022-04-16,20,37
2022-04-16,21,24
2022-04-16,22,21
2022-04-16,23,39
2022-04-17,0,12
2022-04-17,1,4
2022-04-17,2,7
2022-04-17,3,3
2022-04-17,4,2
2022-04-17,5,8
2022-04-17,6,9
2022-04-17,7,16
2022-04-17,8,33
2022-04-17,9,40
2022-04-17,10,51
2022-04-17,11,67
2022-04-17,12,67
2022-04-17,13,57
2022-04-17,14,61
2022-04-17,15,50
2022-04-17,16,62
2022-04-17,17,63
2022-04-17,18,59
2022-04-17,19,46
2022-04-17,20,26
2022-04-17,21,29
2022-04-17,22,19
2022-04-17,23,16
2022-04-18,0,23
2022-04-18,1,5
2022-04-18,2,3
2022-04-18,3,3
2022-04-18,4,10
2022-04-18,5,5
2022-04-18,6,20
2022-04-18,7,19
2022-04-18,8,38
2022-04-18,9,44
2022-04-18,10,63
2022-04-18,11,82
2022-04-18,12,62
2022-04-18,13,73
2022-04-18,14,71
2022-04-18,15,82
2022-04-18,16,60
2022-04-18,17,67
2022-04-18,18,57
2022-04-18,19,37
2022-04-18,20,30
2022-04-18,21,24
2022-04-18,22,12
2022-04-18,23,5
2022-04-19,0,5
2022-04-19,1,1
2022-04-19,2,2
2022-04-19,3,0
2022-04-19,4,5
2022-04-19,5,8
2022-04-19,6,42
2022-04-19,7,81
2022-04-19,8,99
2022-04-19,9,82
2022-04-19,10,69
2022-04-19,11,112
2022-04-19,12,75
2022-04-19,13,89
2022-04-19,14,68
2022-04-19,15,87
2022-04-19,16,111
2022-04-19,17,73
2022-04-19,18,45
2022-04-19,19,47
2022-04-19,20,23
2022-04-19,21,19
2022-04-19,22,16
2022-04-19,23,8
2022-04-20,0,12
2022-04-20,1,2
2022-04-20,2,1
2022-04-20,3,4
2022-04-20,4,4
2022-04-20,5,15
2022-04-20,6,32
2022-04-20,7,90
2022-04-20,8,105
2022-04-20,9,91
2022-04-20,10,86
2022-04-20,11,74
2022-04-20,12,89
2022-04-20,13,84
2022-04-20,14,89
2022-04-20,15,88
2022-04-20,16,98
2022-04-20,17,103
2022-04-20,18,65
2022-04-20,19,44
2022-04-20,20,40
2022-04-20,21,24
2022-04-20,22,15
2022-04-20,23,11
2022-04-21,0,1
2022-04-21,1,3
2022-04-21,2,1
2022-04-21,3,4
2022-04-21,4,6
2022-04-21,5,12
2022-04-21,6,22
2022-04-21,7,93
2022-04-21,8,117
2022-04-21,9,91
2022-04-21,10,75
2022-04-21,11,103
2022-04-21,12,90
2022-04-21,13,74
2022-04-21,14,87
2022-04-21,15,84
2022-04-21,16,124
2022-04-21,17,75
2022-04-21,18,49
2022-04-21,19,44
2022-04-21,20,34
2022-04-21,21,25
2022-04-21,22,13
2022-04-21,23,7
2022-04-22,0,7
2022-04-22,1,2
2022-04-22,2,4
2022-04-22,3,1
2022-04-22,4,6
2022-04-22,5,15
2022-04-22,6,24
2022-04-22,7,74
2022-04-22,8,100
2022-04-22,9,99
2022-04-22,10,76
2022-04-22,11,92
2022-04-22,12,92
2022-04-22,13,88
2022-04-22,14,100
2022-04-22,15,96
2022-04-22,16,98
2022-04-22,17,77
2022-04-22,18,70
2022-04-22,19,41
2022-04-22,20,47
2022-04-22,21,33
2022-04-22,22,55
2022-04-22,23,14
2022-04-23,0,14
2022-04-23,1,8
2022-04-23,2,11
2022-04-23,3,7
2022-04-23,4,4
2022-04-23,5,8
2022-04-23,6,10
2022-04-23,7,30
2022-04-23,8,68
2022-04-23,9,68
2022-04-23,10,88
2022-04-23,11,94
2022-04-23,12,87
2022-04-23,13,108
2022-04-23,14,101
2022-04-23,15,94
2022-04-23,16,82
2022-04-23,17,95
2022-04-23,18,70
2022-04-23,19,60
2022-04-23,20,29
2022-04-23,21,25
2022-04-23,22,34
2022-04-23,23,20
2022-04-24,0,9
2022-04-24,1,12
2022-04-24,2,7
2022-04-24,3,6
2022-04-24,4,0
2022-04-24,5,3
2022-04-24,6,5
2022-04-24,7,16
2022-04-24,8,29
2022-04-24,9,58
2022-04-24,10,64
2022-04-24,11,69
2022-04-24,12,91
2022-04-24,13,94
2022-04-24,14,79
2022-04-24,15,76
2022-04-24,16,77
2022-04-24,17,69
2022-04-24,18,106
2022-04-24,19,42
2022-04-24,20,19
2022-04-24,21,23
2022-04-24,22,21
2022-04-24,23,4
2022-04-25,0,3
2022-04-25,1,0
2022-04-25,2,2
2022-04-25,3,2
2022-04-25,4,3
2022-04-25,5,6
2022-04-25,6,39
2022-04-25,7,86
2022-04-25,8,109
2022-04-25,9,79
2022-04-25,10,107
2022-04-25,11,66
2022-04-25,12,88
2022-04-25,13,91
2022-04-25,14,72
2022-04-25,15,82
2022-04-25,16,106
2022-04-25,17,85
2022-04-25,18,48
2022-04-25,19,45
2022-04-25,20,25
2022-04-25,21,18
2022-04-25,22,11
2022-04-25,23,2
2022-04-26,0,2
2022-04-26,1,4
2022-04-26,2,4
2022-04-26,3,2
2022-04-26,4,4
2022-04-26,5,16
2022-04-26,6,35
2022-04-26,7,72
2022-04-26,8,98
2022-04-26,9,74
2022-04-26,10,76
2022-04-26,11,91
2022-04-26,12,81
2022-04-26,13,80
2022-04-26,14,74
2022-04-26,15,87
2022-04-26,16,98
2022-04-26,17,87
2022-04-26,18,73
2022-04-26,19,49
2022-04-26,20,27
2022-04-26,21,16
2022-04-26,22,10
2022-04-26,23,15
2022-04-27,0,8
2022-04-27,1,2
2022-04-27,2,0
2022-04-27,3,2
2022-04-27,4,4
2022-04-27,5,9
2022-04-27,6,36
2022-04-27,7,102
2022-04-27,8,91
2022-04-27,9,95
2022-04-27,10,81
2022-04-27,11,93
2022-04-27,12,88
2022-04-27,13,71
2022-04-27,14,82
2022-04-27,15,89
2022-04-27,16,104
2022-04-27,17,100
2022-04-27,18,76
2022-04-27,19,44
2022-04-27,20,34
2022-04-27,21,27
2022-04-27,22,16
2022-04-27,23,16
2022-04-28,0,8
2022-04-28,1,0
2022-04-28,2,0
2022-04-28,3,0
2022-04-28,4,6
2022-04-28,5,15
2022-04-28,6,30
2022-04-28,7,105
2022-04-28,8,109
2022-04-28,9,90
2022-04-28,10,88
2022-04-28,11,92
2022-04-28,12,88
2022-04-28,13,102
2022-04-28,14,88
2022-04-28,15,105
2022-04-28,16,108
2022-04-28,17,118
2022-04-28,18,92
2022-04-28,19,46
2022-04-28,20,36
2022-04-28,21,31
2022-04-28,22,16
2022-04-28,23,12
2022-04-29,0,13
2022-04-29,1,0
2022-04-29,2,0
2022-04-29,3,0
2022-04-29,4,0
2022-04-29,5,16
2022-04-29,6,30
2022-04-29,7,84
2022-04-29,8,105
2022-04-29,9,75
2022-04-29,10,91
2022-04-29,11,108
2022-04-29,12,106
2022-04-29,13,105
2022-04-29,14,93
2022-04-29,15,111
2022-04-29,16,96
2022-04-29,17,89
2022-04-29,18,68
2022-04-29,19,45
2022-04-29,20,26
2022-04-29,21,42
2022-04-29,22,19
2022-04-29,23,23
2022-04-30,0,17
2022-04-30,1,11
2022-04-30,2,4
2022-04-30,3,5
2022-04-30,4,2
2022-04-30,5,4
2022-04-30,6,7
2022-04-30,7,26
2022-04-30,8,56
2022-04-30,9,91
2022-04-30,10,109
2022-04-30,11,117
2022-04-30,12,116
2022-04-30,13,127
2022-04-30,14,107
2022-04-30,15,119
2022-04-30,16,98
2022-04-30,17,93
2022-04-30,18,75
2022-04-30,19,49
2022-04-30,20,40
2022-04-30,21,38
2022-04-30,22,28
2022-04-30,23,22
2022-05-01,0,17
2022-05-01,1,12
2022-05-01,2,11
2022-05-01,3,6
2022-05-01,4,3
2022-05-01,5,8
2022-05-01,6,7
2022-05-01,7,14
2022-05-01,8,33
2022-05-01,9,48
2022-05-01,10,91
2022-05-01,11,83
2022-05-01,12,60
2022-05-01,13,86
2022-05-01,14,59
2022-05-01,15,79
2022-05-01,16,72
2022-05-01,17,68
2022-05-01,18,48
2022-05-01,19,45
2022-05-01,20,28
2022-05-01,21,30
2022-05-01,22,14
2022-05-01,23,12
2022-05-02,0,8
2022-05-02,1,6
2022-05-02,2,3
2022-05-02,3,2
2022-05-02,4,6
2022-05-02,5,6
2022-05-02,6,19
2022-05-02,7,34
2022-05-02,8,43
2022-05-02,9,58
2022-05-02,10,65
2022-05-02,11,98
2022-05-02,12,95
2022-05-02,13,87
2022-05-02,14,73
2022-05-02,15,77
2022-05-02,16,67
2022-05-02,17,54
2022-05-02,18,59
2022-05-02,19,34
2022-05-02,20,28
2022-05-02,21,22
2022-05-02,22,13
2022-05-02,23,8
2022-05-03,0,2
2022-05-03,1,5
2022-05-03,2,3
2022-05-03,3,1
2022-05-03,4,6
2022-05-03,5,14
2022-05-03,6,32
2022-05-03,7,84
2022-05-03,8,98
2022-05-03,9,89
2022-05-03,10,83
2022-05-03,11,99
2022-05-03,12,80
2022-05-03,13,73
2022-05-03,14,94
2022-05-03,15,92
2022-05-03,16,100
2022-05-03,17,92
2022-05-03,18,66
2022-05-03,19,45
2022-05-03,20,30
2022-05-03,21,19
2022-05-03,22,16
2022-05-03,23,9
2022-05-04,0,2
2022-05-04,1,2
2022-05-04,2,2
2022-05-04,3,2
2022-05-04,4,3
2022-05-04,5,12
2022-05-04,6,35
2022-05-04,7,93
2022-05-04,8,114
2022-05-04,9,71
2022-05-04,10,77
2022-05-04,11,83
2022-05-04,12,93
2022-05-04,13,84
2022-05-04,14,87
2022-05-04,15,96
2022-05-04,16,104
2022-05-04,17,85
2022-05-04,18,67
2022-05-04,19,41
2022-05-04,20,26
2022-05-04,21,23
2022-05-04,22,10
2022-05-04,23,7
2022-05-05,0,7
2022-05-05,1,3
2022-05-05,2,2
2022-05-05,3,5
2022-05-05,4,3
2022-05-05,5,16
2022-05-05,6,42
2022-05-05,7,94
2022-05-05,8,105
2022-05-05,9,100
2022-05-05,10,88
2022-05-05,11,76
2022-05-05,12,99
2022-05-05,13,102
2022-05-05,14,86
2022-05-05,15,101
2022-05-05,16,151
2022-05-05,17,95
2022-05-05,18,68
2022-05-05,19,56
2022-05-05,20,30
2022-05-05,21,92
2022-05-05,22,106
2022-05-05,23,10
2022-05-06,0,16
2022-05-06,1,4
2022-05-06,2,4
2022-05-06,3,4
2022-05-06,4,4
2022-05-06,5,12
2022-05-06,6,27
2022-05-06,7,80
2022-05-06,8,110
2022-05-06,9,75
2022-05-06,10,89
2022-05-06,11,90
2022-05-06,12,92
2022-05-06,13,83
2022-05-06,14,99
2022-05-06,15,87
2022-05-06,16,98
2022-05-06,17,95
2022-05-06,18,76
2022-05-06,19,62
2022-05-06,20,47
2022-05-06,21,37
2022-05-06,22,26
2022-05-06,23,21
2022-05-07,0,14
2022-05-07,1,6
2022-05-07,2,8
2022-05-07,3,2
2022-05-07,4,9
2022-05-07,5,7
2022-05-07,6,15
2022-05-07,7,28
2022-05-07,8,63
2022-05-07,9,72
2022-05-07,10,95
2022-05-07,11,94
2022-05-07,12,99
2022-05-07,13,83
2022-05-07,14,90
2022-05-07,15,99
2022-05-07,16,65
2022-05-07,17,87
2022-05-07,18,76
2022-05-07,19,48
2022-05-07,20,30
2022-05-07,21,25
2022-05-07,22,28
2022-05-07,23,26
2022-05-08,0,30
2022-05-08,1,15
2022-05-08,2,4
2022-05-08,3,9
2022-05-08,4,2
2022-05-08,5,4
2022-05-08,6,10
2022-05-08,7,10
2022-05-08,8,33
2022-05-08,9,54
2022-05-08,10,74
2022-05-08,11,89
2022-05-08,12,115
2022-05-08,13,95
2022-05-08,14,58
2022-05-08,15,51
2022-05-08,16,72
2022-05-08,17,95
2022-05-08,18,53
2022-05-08,19,36
2022-05-08,20,28
2022-05-08,21,20
2022-05-08,22,17
2022-05-08,23,7
2022-05-09,0,7
2022-05-09,1,1
2022-05-09,2,3
2022-05-09,3,6
2022-05-09,4,4
2022-05-09,5,17
2022-05-09,6,31
2022-05-09,7,81
2022-05-09,8,86
2022-05-09,9,85
2022-05-09,10,85
2022-05-09,11,80
2022-05-09,12,101
2022-05-09,13,77
2022-05-09,14,88
2022-05-09,15,90
2022-05-09,16,133
2022-05-09,17,91
2022-05-09,18,44
2022-05-09,19,35
2022-05-09,20,24
2022-05-09,21,20
2022-05-09,22,11
2022-05-09,23,0
2022-05-10,0,5
2022-05-10,1,0
2022-05-10,2,2
2022-05-10,3,3
2022-05-10,4,3
2022-05-10,5,13
2022-05-10,6,26
2022-05-10,7,77
2022-05-10,8,96
2022-05-10,9,87
2022-05-10,10,80
2022-05-10,11,88
2022-05-10,12,88
2022-05-10,13,93
2022-05-10,14,85
2022-05-10,15,101
2022-05-10,16,103
2022-05-10,17,70
2022-05-10,18,57
2022-05-10,19,40
2022-05-10,20,32
2022-05-10,21,18
2022-05-10,22,15
2022-05-10,23,3
2022-05-11,0,7
2022-05-11,1,2
2022-05-11,2,0
2022-05-11,3,7
2022-05-11,4,7
2022-05-11,5,14
2022-05-11,6,23
2022-05-11,7,106
2022-05-11,8,105
2022-05-11,9,81
2022-05-11,10,74
2022-05-11,11,84
2022-05-11,12,93
2022-05-11,13,91
2022-05-11,14,78
2022-05-11,15,81
2022-05-11,16,123
2022-05-11,17,106
2022-05-11,18,74
2022-05-11,19,36
2022-05-11,20,38
2022-05-11,21,46
2022-05-11,22,23
2022-05-11,23,6
2022-05-12,0,12
2022-05-12,1,3
2022-05-12,2,2
2022-05-12,3,1
2022-05-12,4,5
2022-05-12,5,13
2022-05-12,6,31
2022-05-12,7,94
2022-05-12,8,107
2022-05-12,9,57
2022-05-12,10,83
2022-05-12,11,77
2022-05-12,12,101
2022-05-12,13,71
2022-05-12,14,70
2022-05-12,15,104
2022-05-12,16,155
2022-05-12,17,87
2022-05-12,18,58
2022-05-12,19,45
2022-05-12,20,29
2022-05-12,21,26
2022-05-12,22,25
2022-05-12,23,75
2022-05-13,0,59
2022-05-13,1,7
2022-05-13,2,5
2022-05-13,3,4
2022-05-13,4,3
2022-05-13,5,11
2022-05-13,6,32
2022-05-13,7,67
2022-05-13,8,89
2022-05-13,9,87
2022-05-13,10,89
2022-05-13,11,100
2022-05-13,12,104
2022-05-13,13,94
2022-05-13,14,95
2022-05-13,15,97
2022-05-13,16,118
2022-05-13,17,87
2022-05-13,18,62
2022-05-13,19,43
2022-05-13,20,29
2022-05-13,21,33
2022-05-13,22,16
2022-05-13,23,27
2022-05-14,0,21
2022-05-14,1,7
2022-05-14,2,5
2022-05-14,3,4
2022-05-14,4,4
2022-05-14,5,10
2022-05-14,6,16
2022-05-14,7,29
2022-05-14,8,53
2022-05-14,9,83
2022-05-14,10,78
2022-05-14,11,101
2022-05-14,12,110
2022-05-14,13,100
2022-05-14,14,89
2022-05-14,15,81
2022-05-14,16,76
2022-05-14,17,82
2022-05-14,18,54
2022-05-14,19,52
2022-05-14,20,28
2022-05-14,21,31
2022-05-14,22,26
2022-05-14,23,26
2022-05-15,0,20
2022-05-15,1,11
2022-05-15,2,7
2022-05-15,3,5
2022-05-15,4,2
2022-05-15,5,4
2022-05-15,6,10
2022-05-15,7,19
2022-05-15,8,27
2022-05-15,9,36
2022-05-15,10,62
2022-05-15,11,65
2022-05-15,12,77
2022-05-15,13,76
2022-05-15,14,74
2022-05-15,15,73
2022-05-15,16,66
2022-05-15,17,49
2022-05-15,18,59
2022-05-15,19,37
2022-05-15,20,30
2022-05-15,21,19
2022-05-15,22,20
2022-05-15,23,13
2022-05-16,0,2
2022-05-16,1,3
2022-05-16,2,2
2022-05-16,3,5
2022-05-16,4,3
2022-05-16,5,12
2022-05-16,6,25
2022-05-16,7,79
2022-05-16,8,103
2022-05-16,9,67
2022-05-16,10,84
2022-05-16,11,96
2022-05-16,12,90
2022-05-16,13,95
2022-05-16,14,78
2022-05-16,15,86
2022-05-16,16,110
2022-05-16,17,66
2022-05-16,18,49
2022-05-16,19,34
2022-05-16,20,23
2022-05-16,21,10
2022-05-16,22,18
2022-05-16,23,4
2022-05-17,0,15
2022-05-17,1,1
2022-05-17,2,4
2022-05-17,3,2
2022-05-17,4,3
2022-05-17,5,12
2022-05-17,6,38
2022-05-17,7,94
2022-05-17,8,81
2022-05-17,9,74
2022-05-17,10,57
2022-05-17,11,87
2022-05-17,12,81
2022-05-17,13,66
2022-05-17,14,75
2022-05-17,15,93
2022-05-17,16,114
2022-05-17,17,79
2022-05-17,18,60
2022-05-17,19,31
2022-05-17,20,26
2022-05-17,21,12
2022-05-17,22,17
2022-05-17,23,16
2022-05-18,0,19
2022-05-18,1,4
2022-05-18,2,3
2022-05-18,3,10
2022-05-18,4,5
2022-05-18,5,11
2022-05-18,6,32
2022-05-18,7,85
2022-05-18,8,87
2022-05-18,9,67
2022-05-18,10,77
2022-05-18,11,91
2022-05-18,12,87
2022-05-18,13,80
2022-05-18,14,74
2022-05-18,15,83
2022-05-18,16,102
2022-05-18,17,98
2022-05-18,18,67
2022-05-18,19,33
2022-05-18,20,22
2022-05-18,21,19
2022-05-18,22,19
2022-05-18,23,22
2022-05-19,0,22
2022-05-19,1,3
2022-05-19,2,4
2022-05-19,3,3
2022-05-19,4,6
2022-05-19,5,13
2022-05-19,6,23
2022-05-19,7,77
2022-05-19,8,104
2022-05-19,9,73
2022-05-19,10,78
2022-05-19,11,90
2022-05-19,12,75
2022-05-19,13,117
2022-05-19,14,73
2022-05-19,15,78
2022-05-19,16,101
2022-05-19,17,76
2022-05-19,18,61
2022-05-19,19,38
2022-05-19,20,21
2022-05-19,21,21
2022-05-19,22,18
2022-05-19,23,15
2022-05-20,0,9
2022-05-20,1,5
2022-05-20,2,7
2022-05-20,3,3
2022-05-20,4,4
2022-05-20,5,8
2022-05-20,6,34
2022-05-20,7,92
2022-05-20,8,94
2022-05-20,9,77
2022-05-20,10,79
2022-05-20,11,87
2022-05-20,12,85
2022-05-20,13,89
2022-05-20,14,84
2022-05-20,15,101
2022-05-20,16,98
2022-05-20,17,77
2022-05-20,18,73
2022-05-20,19,49
2022-05-20,20,24
2022-05-20,21,28
2022-05-20,22,29
2022-05-20,23,46
2022-05-21,0,25
2022-05-21,1,11
2022-05-21,2,7
2022-05-21,3,6
2022-05-21,4,5
2022-05-21,5,5
2022-05-21,6,13
2022-05-21,7,27
2022-05-21,8,44
2022-05-21,9,73
2022-05-21,10,84
2022-05-21,11,112
2022-05-21,12,113
2022-05-21,13,111
2022-05-21,14,65
2022-05-21,15,59
2022-05-21,16,66
2022-05-21,17,79
2022-05-21,18,71
2022-05-21,19,39
2022-05-21,20,29
2022-05-21,21,33
2022-05-21,22,28
2022-05-21,23,22
2022-05-22,0,22
2022-05-22,1,6
2022-05-22,2,8
2022-05-22,3,6
2022-05-22,4,5
2022-05-22,5,5
2022-05-22,6,6
2022-05-22,7,22
2022-05-22,8,24
2022-05-22,9,52
2022-05-22,10,77
2022-05-22,11,103
2022-05-22,12,80
2022-05-22,13,85
2022-05-22,14,70
2022-05-22,15,72
2022-05-22,16,65
2022-05-22,17,67
2022-05-22,18,38
2022-05-22,19,42
2022-05-22,20,23
2022-05-22,21,27
2022-05-22,22,11
2022-05-22,23,8
2022-05-23,0,0
2022-05-23,1,3
2022-05-23,2,1
2022-05-23,3,2
2022-05-23,4,5
2022-05-23,5,8
2022-05-23,6,27
2022-05-23,7,59
2022-05-23,8,80
2022-05-23,9,62
2022-05-23,10,70
2022-05-23,11,81
2022-05-23,12,86
2022-05-23,13,73
2022-05-23,14,73
2022-05-23,15,103
2022-05-23,16,101
2022-05-23,17,78
2022-05-23,18,55
2022-05-23,19,35
2022-05-23,20,28
2022-05-23,21,20
2022-05-23,22,17
2022-05-23,23,12
2022-05-24,0,1
2022-05-24,1,9
2022-05-24,13,76
2022-05-24,14,72
2022-05-24,15,75
2022-05-24,16,98
2022-05-24,17,73
2022-05-24,18,44
2022-05-24,19,45
2022-05-24,20,30
2022-05-24,21,24
2022-05-24,22,16
2022-05-24,23,17
2022-05-25,0,9
2022-05-25,1,1
2022-05-25,2,2
2022-05-25,3,4
2022-05-25,4,6
2022-05-25,5,8
2022-05-25,6,34
2022-05-25,7,80
2022-05-25,8,89
2022-05-25,9,94
2022-05-25,10,84
2022-05-25,11,87
2022-05-25,12,81
2022-05-25,13,78
2022-05-25,14,73
2022-05-25,15,91
2022-05-25,16,116
2022-05-25,17,83
2022-05-25,18,67
2022-05-25,19,39
2022-05-25,20,30
2022-05-25,21,33
2022-05-25,22,15
2022-05-25,23,22
2022-05-26,0,5
2022-05-26,1,2
2022-05-26,2,5
2022-05-26,3,2
2022-05-26,4,5
2022-05-26,5,8
2022-05-26,6,34
2022-05-26,7,83
2022-05-26,8,78
2022-05-26,9,88
2022-05-26,10,87
2022-05-26,11,97
2022-05-26,12,79
2022-05-26,13,87
2022-05-26,14,130
2022-05-26,15,75
2022-05-26,16,113
2022-05-26,17,100
2022-05-26,18,67
2022-05-26,19,47
2022-05-26,20,41
2022-05-26,21,19
2022-05-26,22,12
2022-05-26,23,89
2022-05-27,0,108
2022-05-27,1,1
2022-05-27,2,4
2022-05-27,3,2
2022-05-27,4,4
2022-05-27,5,8
2022-05-27,6,30
2022-05-27,7,63
2022-05-27,8,100
2022-05-27,9,72
2022-05-27,10,90
2022-05-27,11,90
2022-05-27,12,99
2022-05-27,13,99
2022-05-27,14,118
2022-05-27,15,102
2022-05-27,16,96
2022-05-27,17,94
2022-05-27,18,69
2022-05-27,19,35
2022-05-27,20,48
2022-05-27,21,37
2022-05-27,22,28
2022-05-27,23,35
2022-05-28,0,18
2022-05-28,1,10
2022-05-28,2,13
2022-05-28,3,7
2022-05-28,4,4
2022-05-28,5,7
2022-05-28,6,12
2022-05-28,7,30
2022-05-28,8,53
2022-05-28,9,69
2022-05-28,10,83
2022-05-28,11,102
2022-05-28,12,90
2022-05-28,13,86
2022-05-28,14,80
2022-05-28,15,71
2022-05-28,16,77
2022-05-28,17,95
2022-05-28,18,65
2022-05-28,19,43
2022-05-28,20,34
2022-05-28,21,30
2022-05-28,22,47
2022-05-28,23,35
2022-05-29,0,26
2022-05-29,1,17
2022-05-29,2,20
2022-05-29,3,11
2022-05-29,4,1
2022-05-29,5,7
2022-05-29,6,8
2022-05-29,7,15
2022-05-29,8,27
2022-05-29,9,44
2022-05-29,10,55
2022-05-29,11,69
2022-05-29,12,82
2022-05-29,13,95
2022-05-29,14,70
2022-05-29,15,70
2022-05-29,16,71
2022-05-29,17,65
2022-05-29,18,54
2022-05-29,19,43
2022-05-29,20,33
2022-05-29,21,18
2022-05-29,22,17
2022-05-29,23,7
2022-05-30,0,0
2022-05-30,1,6
2022-05-30,2,2
2022-05-30,3,3
2022-05-30,4,7
2022-05-30,5,8
2022-05-30,6,31
2022-05-30,7,73
2022-05-30,8,73
2022-05-30,9,87
2022-05-30,10,84
2022-05-30,11,75
2022-05-30,12,88
2022-05-30,13,95
2022-05-30,14,72
2022-05-30,15,90
2022-05-30,16,76
2022-05-30,17,75
2022-05-30,18,65
2022-05-30,19,40
2022-05-30,20,36
2022-05-30,21,30
2022-05-30,22,21
2022-05-30,23,22
2022-05-31,0,22
2022-05-31,1,1
2022-05-31,2,1
2022-05-31,3,5
2022-05-31,4,4
2022-05-31,5,9
2022-05-31,6,35
2022-05-31,7,69
2022-05-31,8,107
2022-05-31,9,82
2022-05-31,10,83
2022-05-31,11,80
2022-05-31,12,87
2022-05-31,13,70
2022-05-31,14,73
2022-05-31,15,83
2022-05-31,16,153
2022-05-31,17,93
2022-05-31,18,65
2022-05-31,19,42
2022-05-31,20,27
2022-05-31,21,23
2022-05-31,22,25
2022-05-31,23,6
2022-06-01,0,7
2022-06-01,1,2
2022-06-01,2,7
2022-06-01,3,4
2022-06-01,4,5
2022-06-01,5,14
2022-06-01,6,30
2022-06-01,7,86
2022-06-01,8,114
2022-06-01,9,78
2022-06-01,10,88
2022-06-01,11,93
2022-06-01,12,114
2022-06-01,13,85
2022-06-01,14,72
2022-06-01,15,112
2022-06-01,16,85
2022-06-01,17,91
2022-06-01,18,74
2022-06-01,19,43
2022-06-01,20,31
2022-06-01,21,29
2022-06-01,22,30
2022-06-01,23,13
2022-06-02,0,10
2022-06-02,1,5
2022-06-02,2,6
2022-06-02,3,11
2022-06-02,4,5
2022-06-02,5,11
2022-06-02,6,25
2022-06-02,7,51
2022-06-02,8,70
2022-06-02,9,90
2022-06-02,10,72
2022-06-02,11,105
2022-06-02,12,167
2022-06-02,13,149
2022-06-02,14,115
2022-06-02,15,117
2022-06-02,16,107
2022-06-02,17,66
2022-06-02,18,86
2022-06-02,19,35
2022-06-02,20,36
2022-06-02,21,36
2022-06-02,22,43
2022-06-02,23,38
2022-06-03,0,37
2022-06-03,1,7
2022-06-03,2,8
2022-06-03,3,5
2022-06-03,4,2
2022-06-03,5,5
2022-06-03,6,17
2022-06-03,7,26
2022-06-03,8,59
2022-06-03,9,72
2022-06-03,10,86
2022-06-03,11,76
2022-06-03,12,92
2022-06-03,13,93
2022-06-03,14,76
2022-06-03,15,113
2022-06-03,16,82
2022-06-03,17,76
2022-06-03,18,67
2022-06-03,19,50
2022-06-03,20,33
2022-06-03,21,33
2022-06-03,22,47
2022-06-03,23,42
2022-06-04,0,16
2022-06-04,1,13
2022-06-04,2,11
2022-06-04,3,10
2022-06-04,4,5
2022-06-04,5,5
2022-06-04,6,11
2022-06-04,7,42
2022-06-04,8,51
2022-06-04,9,68
2022-06-04,10,80
2022-06-04,11,76
2022-06-04,12,90
2022-06-04,13,83
2022-06-04,14,67
2022-06-04,15,72
2022-06-04,16,79
2022-06-04,17,63
2022-06-04,18,59
2022-06-04,19,54
2022-06-04,20,49
2022-06-04,21,36
2022-06-04,22,26
2022-06-04,23,36
2022-06-05,0,19
2022-06-05,1,21
2022-06-05,2,9
2022-06-05,3,5
2022-06-05,4,5
2022-06-05,5,5
2022-06-05,6,8
2022-06-05,7,18
2022-06-05,8,29
2022-06-05,9,40
2022-06-05,10,54
2022-06-05,11,81
2022-06-05,12,66
2022-06-05,13,64
2022-06-05,14,46
2022-06-05,15,65
2022-06-05,16,55
2022-06-05,17,50
2022-06-05,18,47
2022-06-05,19,54
2022-06-05,20,21
2022-06-05,21,20
2022-06-05,22,14
2022-06-05,23,21
2022-06-06,0,0
2022-06-06,1,0
2022-06-06,2,3
2022-06-06,3,2
2022-06-06,4,9
2022-06-06,5,9
2022-06-06,6,26
2022-06-06,7,74
2022-06-06,8,97
2022-06-06,9,80
2022-06-06,10,89
2022-06-06,11,73
2022-06-06,12,73
2022-06-06,13,85
2022-06-06,14,59
2022-06-06,15,91
2022-06-06,16,82
2022-06-06,17,55
2022-06-06,18,57
2022-06-06,19,35
2022-06-06,20,22
2022-06-06,21,21
2022-06-06,22,13
2022-06-06,23,6
2022-06-07,0,4
2022-06-07,1,4
2022-06-07,2,1
2022-06-07,3,1
2022-06-07,4,9
2022-06-07,5,6
2022-06-07,6,28
2022-06-07,7,87
2022-06-07,8,88
2022-06-07,9,84
2022-06-07,10,69
2022-06-07,11,85
2022-06-07,12,68
2022-06-07,13,80
2022-06-07,14,76
2022-06-07,15,87
2022-06-07,16,108
2022-06-07,17,82
2022-06-07,18,56
2022-06-07,19,39
2022-06-07,20,30
2022-06-07,21,16
2022-06-07,22,13
2022-06-07,23,6
2022-06-08,0,18
2022-06-08,1,4
2022-06-08,2,4
2022-06-08,3,4
2022-06-08,4,6
2022-06-08,5,14
2022-06-08,6,41
2022-06-08,7,77
2022-06-08,8,95
2022-06-08,9,76
2022-06-08,10,61
2022-06-08,11,89
2022-06-08,12,90
2022-06-08,13,93
2022-06-08,14,100
2022-06-08,15,110
2022-06-08,16,103
2022-06-08,17,96
2022-06-08,18,80
2022-06-08,19,42
2022-06-08,20,30
2022-06-08,21,23
2022-06-08,22,15
2022-06-08,23,7
2022-06-09,0,6
2022-06-09,1,5
2022-06-09,2,3
2022-06-09,3,1
2022-06-09,4,1
2022-06-09,5,5
2022-06-09,6,28
2022-06-09,7,90
2022-06-09,8,82
2022-06-09,9,79
2022-06-09,10,75
2022-06-09,11,78
2022-06-09,12,90
2022-06-09,13,96
2022-06-09,14,84
2022-06-09,15,97
2022-06-09,16,93
2022-06-09,17,98
2022-06-09,18,69
2022-06-09,19,51
2022-06-09,20,30
2022-06-09,21,27
2022-06-09,22,7
2022-06-09,23,7
2022-06-10,0,5
2022-06-10,1,0
2022-06-10,2,3
2022-06-10,3,2
2022-06-10,4,5
2022-06-10,5,13
2022-06-10,6,72
2022-06-10,7,79
2022-06-10,8,95
2022-06-10,9,77
2022-06-10,10,89
2022-06-10,11,87
2022-06-10,12,105
2022-06-10,13,94
2022-06-10,14,84
2022-06-10,15,96
2022-06-10,16,95
2022-06-10,17,93
2022-06-10,18,89
2022-06-10,19,61
2022-06-10,20,44
2022-06-10,21,28
2022-06-10,22,44
2022-06-10,23,28
2022-06-11,0,16
2022-06-11,1,5
2022-06-11,2,5
2022-06-11,3,6
2022-06-11,4,2
2022-06-11,5,7
2022-06-11,6,11
2022-06-11,7,25
2022-06-11,8,69
2022-06-11,9,80
2022-06-11,10,82
2022-06-11,11,100
2022-06-11,12,121
2022-06-11,13,114
2022-06-11,14,96
2022-06-11,15,92
2022-06-11,16,100
2022-06-11,17,66
2022-06-11,18,57
2022-06-11,19,45
2022-06-11,20,27
2022-06-11,21,30
2022-06-11,22,28
2022-06-11,23,20
2022-06-12,0,22
2022-06-12,1,9
2022-06-12,2,7
2022-06-12,3,7
2022-06-12,4,5
2022-06-12,5,2
2022-06-12,6,5
2022-06-12,7,17
2022-06-12,8,32
2022-06-12,9,47
2022-06-12,10,70
2022-06-12,11,61
2022-06-12,12,82
2022-06-12,13,124
2022-06-12,14,64
2022-06-12,15,85
2022-06-12,16,71
2022-06-12,17,69
2022-06-12,18,49
2022-06-12,19,35
2022-06-12,20,25
2022-06-12,21,24
2022-06-12,22,5
2022-06-12,23,16
2022-06-13,0,9
2022-06-13,1,4
2022-06-13,2,2
2022-06-13,3,2
2022-06-13,4,7
2022-06-13,5,13
2022-06-13,6,36
2022-06-13,7,69
2022-06-13,8,90
2022-06-13,9,101
2022-06-13,10,95
2022-06-13,11,77
2022-06-13,12,76
2022-06-13,13,56
2022-06-13,14,69
2022-06-13,15,90
2022-06-13,16,84
2022-06-13,17,68
2022-06-13,18,58
2022-06-13,19,37
2022-06-13,20,30
2022-06-13,21,19
2022-06-13,22,11
2022-06-13,23,14
2022-06-14,0,4
2022-06-14,1,1
2022-06-14,2,3
2022-06-14,3,5
2022-06-14,4,4
2022-06-14,5,4
2022-06-14,6,37
2022-06-14,7,96
2022-06-14,8,95
2022-06-14,9,96
2022-06-14,10,82
2022-06-14,11,89
2022-06-14,12,84
2022-06-14,13,75
2022-06-14,14,74
2022-06-14,15,93
2022-06-14,16,101
2022-06-14,17,89
2022-06-14,18,77
2022-06-14,19,33
2022-06-14,20,23
2022-06-14,21,18
2022-06-14,22,23
2022-06-14,23,14
2022-06-15,0,9
2022-06-15,1,3
2022-06-15,2,2
2022-06-15,3,3
2022-06-15,4,4
2022-06-15,5,11
2022-06-15,6,41
2022-06-15,7,96
2022-06-15,8,118
2022-06-15,9,88
2022-06-15,10,79
2022-06-15,11,77
2022-06-15,12,93
2022-06-15,13,92
2022-06-15,14,90
2022-06-15,15,106
2022-06-15,16,121
2022-06-15,17,86
2022-06-15,18,76
2022-06-15,19,40
2022-06-15,20,35
2022-06-15,21,29
2022-06-15,22,24
2022-06-15,23,22
2022-06-16,0,27
2022-06-16,1,3
2022-06-16,2,5
2022-06-16,3,7
2022-06-16,4,2
2022-06-16,5,8
2022-06-16,6,39
2022-06-16,7,95
2022-06-16,8,108
2022-06-16,9,83
2022-06-16,10,89
2022-06-16,11,90
2022-06-16,12,102
2022-06-16,13,76
2022-06-16,14,77
2022-06-16,15,73
2022-06-16,16,112
2022-06-16,17,102
2022-06-16,18,65
2022-06-16,19,44
2022-06-16,20,26
2022-06-16,21,25
2022-06-16,22,19
2022-06-16,23,62
2022-06-17,0,7
2022-06-17,1,2
2022-06-17,2,0
2022-06-17,3,6
2022-06-17,4,9
2022-06-17,5,10
2022-06-17,6,26
2022-06-17,7,80
2022-06-17,8,126
2022-06-17,9,92
2022-06-17,10,83
2022-06-17,11,100
2022-06-17,12,106
2022-06-17,13,103
2022-06-17,14,115
2022-06-17,15,108
2022-06-17,16,98
2022-06-17,17,72
2022-06-17,18,57
2022-06-17,19,44
2022-06-17,20,26
2022-06-17,21,31
2022-06-17,22,34
2022-06-17,23,16
2022-06-18,0,23
2022-06-18,1,11
2022-06-18,2,2
2022-06-18,3,3
2022-06-18,4,4
2022-06-18,5,6
2022-06-18,6,11
2022-06-18,7,25
2022-06-18,8,53
2022-06-18,9,68
2022-06-18,10,78
2022-06-18,11,101
2022-06-18,12,106
2022-06-18,13,120
2022-06-18,14,82
2022-06-18,15,87
2022-06-18,16,74
2022-06-18,17,77
2022-06-18,18,59
2022-06-18,19,41
2022-06-18,20,28
2022-06-18,21,30
2022-06-18,22,22
2022-06-18,23,27
2022-06-19,0,19
2022-06-19,1,12
2022-06-19,2,8
2022-06-19,3,3
2022-06-19,4,3
2022-06-19,5,9
2022-06-19,6,7
2022-06-19,7,31
2022-06-19,8,49
2022-06-19,9,42
2022-06-19,10,60
2022-06-19,11,87
2022-06-19,12,108
2022-06-19,13,104
2022-06-19,14,75
2022-06-19,15,78
2022-06-19,16,86
2022-06-19,17,74
2022-06-19,18,48
2022-06-19,19,38
2022-06-19,20,24
2022-06-19,21,60
2022-06-19,22,17
2022-06-19,23,17
2022-06-20,0,2
2022-06-20,1,2
2022-06-20,2,1
2022-06-20,3,4
2022-06-20,4,9
2022-06-20,5,13
2022-06-20,6,32
2022-06-20,7,82
2022-06-20,8,107
2022-06-20,9,78
2022-06-20,10,66
2022-06-20,11,91
2022-06-20,12,101
2022-06-20,13,82
2022-06-20,14,91
2022-06-20,15,84
2022-06-20,16,108
2022-06-20,17,80
2022-06-20,18,62
2022-06-20,19,37
2022-06-20,20,32
2022-06-20,21,30
2022-06-20,22,15
2022-06-20,23,5
2022-06-21,0,5
2022-06-21,1,4
2022-06-21,2,2
2022-06-21,3,4
2022-06-21,4,1
2022-06-21,5,10
2022-06-21,6,42
2022-06-21,7,92
2022-06-21,8,98
2022-06-21,9,91
2022-06-21,10,80
2022-06-21,11,88
2022-06-21,12,98
2022-06-21,13,104
2022-06-21,14,83
2022-06-21,15,118
2022-06-21,16,118
2022-06-21,17,86
2022-06-21,18,74
2022-06-21,19,47
2022-06-21,20,29
2022-06-21,21,21
2022-06-21,22,19
2022-06-21,23,26
2022-06-22,0,2
2022-06-22,1,1
2022-06-22,2,4
2022-06-22,3,2
2022-06-22,4,8
2022-06-22,5,20
2022-06-22,6,48
2022-06-22,7,96
2022-06-22,8,143
2022-06-22,9,96
2022-06-22,10,85
2022-06-22,11,84
2022-06-22,12,97
2022-06-22,13,82
2022-06-22,14,93
2022-06-22,15,105
2022-06-22,16,122
2022-06-22,17,88
2022-06-22,18,76
2022-06-22,19,35
2022-06-22,20,12
2022-06-22,21,21
2022-06-22,22,11
2022-06-22,23,24
2022-06-23,0,4
2022-06-23,1,3
2022-06-23,2,0
2022-06-23,3,2
2022-06-23,4,4
2022-06-23,5,19
2022-06-23,6,45
2022-06-23,7,108
2022-06-23,8,96
2022-06-23,9,97
2022-06-23,10,105
2022-06-23,11,94
2022-06-23,12,100
2022-06-23,13,93
2022-06-23,14,99
2022-06-23,15,111
2022-06-23,16,134
2022-06-23,17,109
2022-06-23,18,88
2022-06-23,19,54
2022-06-23,20,42
2022-06-23,21,31
2022-06-23,22,17
2022-06-23,23,11
2022-06-24,0,5
2022-06-24,1,6
2022-06-24,2,0
2022-06-24,3,5
2022-06-24,4,6
2022-06-24,5,15
2022-06-24,6,26
2022-06-24,7,86
2022-06-24,8,89
2022-06-24,9,92
2022-06-24,10,100
2022-06-24,11,95
2022-06-24,12,122
2022-06-24,13,108
2022-06-24,14,100
2022-06-24,15,95
2022-06-24,16,97
2022-06-24,17,106
2022-06-24,18,93
2022-06-24,19,53
2022-06-24,20,38
2022-06-24,21,35
2022-06-24,22,33
2022-06-24,23,44
2022-06-25,0,25
2022-06-25,1,10
2022-06-25,2,1
2022-06-25,3,7
2022-06-25,4,2
2022-06-25,5,6
2022-06-25,6,16
2022-06-25,7,27
2022-06-25,8,55
2022-06-25,9,69
2022-06-25,10,96
2022-06-25,11,95
2022-06-25,12,120
2022-06-25,13,121
2022-06-25,14,95
2022-06-25,15,88
2022-06-25,16,91
2022-06-25,17,92
2022-06-25,18,91
2022-06-25,19,50
2022-06-25,20,35
2022-06-25,21,37
2022-06-25,22,32
2022-06-25,23,35
2022-06-26,0,14
2022-06-26,1,14
2022-06-26,2,6
2022-06-26,3,5
2022-06-26,4,9
2022-06-26,5,7
2022-06-26,6,10
2022-06-26,7,14
2022-06-26,8,21
2022-06-26,9,52
2022-06-26,10,71
2022-06-26,11,72
2022-06-26,12,125
2022-06-26,13,117
2022-06-26,14,116
2022-06-26,15,106
2022-06-26,16,82
2022-06-26,17,79
2022-06-26,18,46
2022-06-26,19,49
2022-06-26,20,29
2022-06-26,21,17
2022-06-26,22,20
2022-06-26,23,16
2022-06-27,0,2
2022-06-27,1,3
2022-06-27,2,1
2022-06-27,3,2
2022-06-27,4,3
2022-06-27,5,8
2022-06-27,6,30
2022-06-27,7,72
2022-06-27,8,79
2022-06-27,9,87
2022-06-27,10,68
2022-06-27,11,100
2022-06-27,12,105
2022-06-27,13,96
2022-06-27,14,76
2022-06-27,15,74
2022-06-27,16,91
2022-06-27,17,70
2022-06-27,18,61
2022-06-27,19,37
2022-06-27,20,32
2022-06-27,21,17
2022-06-27,22,10
2022-06-27,23,7
2022-06-28,0,20
2022-06-28,1,2
2022-06-28,2,4
2022-06-28,3,6
2022-06-28,4,8
2022-06-28,5,10
2022-06-28,6,44
2022-06-28,7,83
2022-06-28,8,114
2022-06-28,9,93
2022-06-28,10,94
2022-06-28,11,103
2022-06-28,12,116
2022-06-28,13,101
2022-06-28,14,85
2022-06-28,15,109
2022-06-28,16,109
2022-06-28,17,97
2022-06-28,18,54
2022-06-28,19,44
2022-06-28,20,33
2022-06-28,21,12
2022-06-28,22,17
2022-06-28,23,20
2022-06-29,0,16
2022-06-29,1,6
2022-06-29,2,2
2022-06-29,3,6
2022-06-29,4,7
2022-06-29,5,9
2022-06-29,6,39
2022-06-29,7,93
2022-06-29,8,85
2022-06-29,9,81
2022-06-29,10,95
2022-06-29,11,108
2022-06-29,12,100
2022-06-29,13,92
2022-06-29,14,70
2022-06-29,15,90
2022-06-29,16,117
2022-06-29,17,201
2022-06-29,18,54
2022-06-29,19,45
2022-06-29,20,31
2022-06-29,21,25
2022-06-29,22,22
2022-06-29,23,13
2022-06-30,0,12
2022-06-30,1,4
2022-06-30,2,2
2022-06-30,3,4
2022-06-30,4,12
2022-06-30,5,9
2022-06-30,6,37
2022-06-30,7,73
2022-06-30,8,83
2022-06-30,9,67
2022-06-30,10,71
2022-06-30,11,93
2022-06-30,12,102
2022-06-30,13,94
2022-06-30,14,85
2022-06-30,15,96
2022-06-30,16,132
2022-06-30,17,92
2022-06-30,18,62
2022-06-30,19,46
2022-06-30,20,39
2022-06-30,21,31
2022-06-30,22,27
2022-06-30,23,20
2022-07-01,0,2
2022-07-01,1,8
2022-07-01,2,2
2022-07-01,3,3
2022-07-01,4,7
2022-07-01,5,11
2022-07-01,6,35
2022-07-01,7,65
2022-07-01,8,66
2022-07-01,9,102
2022-07-01,10,94
2022-07-01,11,121
2022-07-01,12,93
2022-07-01,13,111
2022-07-01,14,87
2022-07-01,15,93
2022-07-01,16,95
2022-07-01,17,93
2022-07-01,18,63
2022-07-01,19,45
2022-07-01,20,36
2022-07-01,21,31
2022-07-01,22,21
2022-07-01,23,21
2022-07-02,0,16
2022-07-02,1,12
2022-07-02,2,7
2022-07-02,3,9
2022-07-02,4,4
2022-07-02,5,10
2022-07-02,6,15
2022-07-02,7,39
2022-07-02,8,67
2022-07-02,9,70
2022-07-02,10,111
2022-07-02,11,103
2022-07-02,12,101
2022-07-02,13,113
2022-07-02,14,74
2022-07-02,15,88
2022-07-02,16,92
2022-07-02,17,80
2022-07-02,18,62
2022-07-02,19,44
2022-07-02,20,31
2022-07-02,21,22
2022-07-02,22,25
2022-07-02,23,23
2022-07-03,0,19
2022-07-03,1,13
2022-07-03,2,6
2022-07-03,3,2
2022-07-03,4,4
2022-07-03,5,5
2022-07-03,6,9
2022-07-03,7,12
2022-07-03,8,24
2022-07-03,9,43
2022-07-03,10,66
2022-07-03,11,79
2022-07-03,12,87
2022-07-03,13,92
2022-07-03,14,76
2022-07-03,15,91
2022-07-03,16,77
2022-07-03,17,62
2022-07-03,18,63
2022-07-03,19,36
2022-07-03,20,26
2022-07-03,21,18
2022-07-03,22,12
2022-07-03,23,11
2022-07-04,0,9
2022-07-04,1,3
2022-07-04,2,1
2022-07-04,3,3
2022-07-04,4,5
2022-07-04,5,10
2022-07-04,6,32
2022-07-04,7,65
2022-07-04,8,68
2022-07-04,9,80
2022-07-04,10,61
2022-07-04,11,95
2022-07-04,12,80
2022-07-04,13,91
2022-07-04,14,142
2022-07-04,15,89
2022-07-04,16,84
2022-07-04,17,72
2022-07-04,18,45
2022-07-04,19,29
2022-07-04,20,23
2022-07-04,21,17
2022-07-04,22,19
2022-07-04,23,7
2022-07-05,0,12
2022-07-05,1,0
2022-07-05,2,0
2022-07-05,3,0
2022-07-05,4,5
2022-07-05,5,6
2022-07-05,6,30
2022-07-05,7,74
2022-07-05,8,88
2022-07-05,9,73
2022-07-05,10,68
2022-07-05,11,90
2022-07-05,12,89
2022-07-05,13,76
2022-07-05,14,64
2022-07-05,15,75
2022-07-05,16,104
2022-07-05,17,74
2022-07-05,18,75
2022-07-05,19,47
2022-07-05,20,29
2022-07-05,21,22
2022-07-05,22,12
2022-07-05,23,4
2022-07-06,0,8
2022-07-06,1,3
2022-07-06,2,4
2022-07-06,3,3
2022-07-06,4,8
2022-07-06,5,9
2022-07-06,6,39
2022-07-06,7,84
2022-07-06,8,90
2022-07-06,9,75
2022-07-06,10,94
2022-07-06,11,92
2022-07-06,12,82
2022-07-06,13,107
2022-07-06,14,79
2022-07-06,15,93
2022-07-06,16,101
2022-07-06,17,75
2022-07-06,18,62
2022-07-06,19,46
2022-07-06,20,33
2022-07-06,21,20
2022-07-06,22,12
2022-07-06,23,11
2022-07-07,0,2
2022-07-07,1,3
2022-07-07,2,3
2022-07-07,3,5
2022-07-07,4,7
2022-07-07,5,15
2022-07-07,6,35
2022-07-07,7,73
2022-07-07,8,87
2022-07-07,9,94
2022-07-07,10,92
2022-07-07,11,114
2022-07-07,12,92
2022-07-07,13,81
2022-07-07,14,80
2022-07-07,15,102
2022-07-07,16,108
2022-07-07,17,90
2022-07-07,18,77
2022-07-07,19,41
2022-07-07,20,40
2022-07-07,21,31
2022-07-07,22,15
2022-07-07,23,16
2022-07-08,0,7
2022-07-08,1,4
2022-07-08,2,2
2022-07-08,3,5
2022-07-08,4,4
2022-07-08,5,12
2022-07-08,6,33
2022-07-08,7,54
2022-07-08,8,80
2022-07-08,9,82
2022-07-08,10,117
2022-07-08,11,102
2022-07-08,12,116
2022-07-08,13,110
2022-07-08,14,93
2022-07-08,15,99
2022-07-08,16,147
2022-07-08,17,67
2022-07-08,18,64
2022-07-08,19,45
2022-07-08,20,33
2022-07-08,21,35
2022-07-08,22,18
2022-07-08,23,18
2022-07-09,0,12
2022-07-09,1,10
2022-07-09,2,3
2022-07-09,3,9
2022-07-09,4,1
2022-07-09,5,9
2022-07-09,6,15
2022-07-09,7,19
2022-07-09,8,51
2022-07-09,9,82
2022-07-09,10,78
2022-07-09,11,102
2022-07-09,12,94
2022-07-09,13,86
2022-07-09,14,83
2022-07-09,15,57
2022-07-09,16,67
2022-07-09,17,67
2022-07-09,18,49
2022-07-09,19,46
2022-07-09,20,32
2022-07-09,21,39
2022-07-09,22,26
2022-07-09,23,15
2022-07-10,0,14
2022-07-10,1,14
2022-07-10,2,12
2022-07-10,3,8
2022-07-10,4,6
2022-07-10,5,7
2022-07-10,6,4
2022-07-10,7,15
2022-07-10,8,26
2022-07-10,9,61
2022-07-10,10,67
2022-07-10,11,68
2022-07-10,12,128
2022-07-10,13,77
2022-07-10,14,55
2022-07-10,15,55
2022-07-10,16,63
2022-07-10,17,55
2022-07-10,18,55
2022-07-10,19,40
2022-07-10,20,25
2022-07-10,21,25
2022-07-10,22,18
2022-07-10,23,13
2022-07-11,0,12
2022-07-11,1,4
2022-07-11,2,6
2022-07-11,3,2
2022-07-11,4,4
2022-07-11,5,8
2022-07-11,6,38
2022-07-11,7,58
2022-07-11,8,74
2022-07-11,9,65
2022-07-11,10,74
2022-07-11,11,113
2022-07-11,12,72
2022-07-11,13,66
2022-07-11,14,59
2022-07-11,15,74
2022-07-11,16,117
2022-07-11,17,71
2022-07-11,18,56
2022-07-11,19,35
2022-07-11,20,33
2022-07-11,21,14
2022-07-11,22,20
2022-07-11,23,11
2022-07-12,0,7
2022-07-12,1,3
2022-07-12,2,0
2022-07-12,3,1
2022-07-12,4,0
2022-07-12,5,9
2022-07-12,6,38
2022-07-12,7,74
2022-07-12,8,69
2022-07-12,9,73
2022-07-12,10,73
2022-07-12,11,92
2022-07-12,12,76
2022-07-12,13,84
2022-07-12,14,79
2022-07-12,15,84
2022-07-12,16,113
2022-07-12,17,77
2022-07-12,18,55
2022-07-12,19,49
2022-07-12,20,27
2022-07-12,21,18
2022-07-12,22,14
2022-07-12,23,17
2022-07-13,0,4
2022-07-13,1,3
2022-07-13,2,2
2022-07-13,3,4
2022-07-13,4,9
2022-07-13,5,13
2022-07-13,6,39
2022-07-13,7,77
2022-07-13,8,98
2022-07-13,9,90
2022-07-13,10,90
2022-07-13,11,97
2022-07-13,12,94
2022-07-13,13,89
2022-07-13,14,74
2022-07-13,15,85
2022-07-13,16,91
2022-07-13,17,67
2022-07-13,18,58
2022-07-13,19,37
2022-07-13,20,31
2022-07-13,21,26
2022-07-13,22,10
2022-07-13,23,13
2022-07-14,0,6
2022-07-14,1,1
2022-07-14,2,2
2022-07-14,3,3
2022-07-14,4,3
2022-07-14,5,6
2022-07-14,6,32
2022-07-14,7,77
2022-07-14,8,89
2022-07-14,9,85
2022-07-14,10,81
2022-07-14,11,112
2022-07-14,12,90
2022-07-14,13,91
2022-07-14,14,85
2022-07-14,15,94
2022-07-14,16,122
2022-07-14,17,94
2022-07-14,18,71
2022-07-14,19,47
2022-07-14,20,38
2022-07-14,21,24
2022-07-14,22,12
2022-07-14,23,10
2022-07-15,0,9
2022-07-15,1,4
2022-07-15,2,2
2022-07-15,3,4
2022-07-15,4,3
2022-07-15,5,15
2022-07-15,6,32
2022-07-15,7,66
2022-07-15,8,93
2022-07-15,9,71
2022-07-15,10,109
2022-07-15,11,99
2022-07-15,12,96
2022-07-15,13,105
2022-07-15,14,107
2022-07-15,15,89
2022-07-15,16,103
2022-07-15,17,85
2022-07-15,18,66
2022-07-15,19,43
2022-07-15,20,34
2022-07-15,21,32
2022-07-15,22,16
2022-07-15,23,20
2022-07-16,0,6
2022-07-16,1,2
2022-07-16,2,6
2022-07-16,3,10
2022-07-16,4,6
2022-07-16,5,4
2022-07-16,6,20
2022-07-16,7,21
2022-07-16,8,58
2022-07-16,9,67
2022-07-16,10,81
2022-07-16,11,98
2022-07-16,12,91
2022-07-16,13,92
2022-07-16,14,82
2022-07-16,15,88
2022-07-16,16,79
2022-07-16,17,74
2022-07-16,18,55
2022-07-16,19,42
2022-07-16,20,37
2022-07-16,21,31
2022-07-16,22,27
2022-07-16,23,21
2022-07-17,0,17
2022-07-17,1,22
2022-07-17,2,31
2022-07-17,3,25
2022-07-17,4,29
2022-07-17,5,27
2022-07-17,6,51
2022-07-17,7,76
2022-07-17,8,94
2022-07-17,9,168
2022-07-17,10,167
2022-07-17,11,189
2022-07-17,12,256
2022-07-17,13,231
2022-07-17,14,197
2022-07-17,15,175
2022-07-17,16,173
2022-07-17,17,150
2022-07-17,18,101
2022-07-17,19,104
2022-07-17,20,71
2022-07-17,21,52
2022-07-17,22,71
2022-07-17,23,54
2022-07-18,0,22
2022-07-18,1,15
2022-07-18,2,12
2022-07-18,3,9
2022-07-18,4,6
2022-07-18,5,14
2022-07-18,6,35
2022-07-18,7,53
2022-07-18,8,64
2022-07-18,9,66
2022-07-18,10,82
2022-07-18,11,83
2022-07-18,12,101
2022-07-18,13,77
2022-07-18,14,68
2022-07-18,15,75
2022-07-18,16,91
2022-07-18,17,57
2022-07-18,18,55
2022-07-18,19,43
2022-07-18,20,37
2022-07-18,21,24
2022-07-18,22,14
2022-07-18,23,8
2022-07-19,0,3
2022-07-19,1,4
2022-07-19,2,3
2022-07-19,3,4
2022-07-19,4,4
2022-07-19,5,7
2022-07-19,6,31
2022-07-19,7,62
2022-07-19,8,90
2022-07-19,9,87
2022-07-19,10,93
2022-07-19,11,71
2022-07-19,12,102
2022-07-19,13,81
2022-07-19,14,67
2022-07-19,15,100
2022-07-19,16,93
2022-07-19,17,76
2022-07-19,18,50
2022-07-19,19,47
2022-07-19,20,27
2022-07-19,21,22
2022-07-19,22,21
2022-07-19,23,9
2022-07-20,0,5
2022-07-20,1,2
2022-07-20,2,2
2022-07-20,3,9
2022-07-20,4,6
2022-07-20,5,9
2022-07-20,6,33
2022-07-20,7,70
2022-07-20,8,97
2022-07-20,9,90
2022-07-20,10,78
2022-07-20,11,92
2022-07-20,12,93
2022-07-20,13,92
2022-07-20,14,90
2022-07-20,15,107
2022-07-20,16,98
2022-07-20,17,102
2022-07-20,18,53
2022-07-20,19,50
2022-07-20,20,41
2022-07-20,21,21
2022-07-20,22,19
2022-07-20,23,10
2022-07-21,0,7
2022-07-21,1,5
2022-07-21,2,0
2022-07-21,3,4
2022-07-21,4,11
2022-07-21,5,7
2022-07-21,6,20
2022-07-21,7,72
2022-07-21,8,79
2022-07-21,9,78
2022-07-21,10,94
2022-07-21,11,86
2022-07-21,12,90
2022-07-21,13,89
2022-07-21,14,86
2022-07-21,15,83
2022-07-21,16,87
2022-07-21,17,96
2022-07-21,18,69
2022-07-21,19,35
2022-07-21,20,38
2022-07-21,21,22
2022-07-21,22,21
2022-07-21,23,13
2022-07-22,0,2
2022-07-22,1,4
2022-07-22,2,3
2022-07-22,3,4
2022-07-22,4,4
2022-07-22,5,6
2022-07-22,6,27
2022-07-22,7,71
2022-07-22,8,81
2022-07-22,9,85
2022-07-22,10,84
2022-07-22,11,101
2022-07-22,12,114
2022-07-22,13,130
2022-07-22,14,156
2022-07-22,15,105
2022-07-22,16,124
2022-07-22,17,130
2022-07-22,18,91
2022-07-22,19,61
2022-07-22,20,41
2022-07-22,21,37
2022-07-22,22,26
2022-07-22,23,18
2022-07-23,0,9
2022-07-23,1,5
2022-07-23,2,5
2022-07-23,3,2
2022-07-23,4,3
2022-07-23,5,8
2022-07-23,6,24
2022-07-23,7,25
2022-07-23,8,42
2022-07-23,9,81
2022-07-23,10,120
2022-07-23,11,85
2022-07-23,12,116
2022-07-23,13,132
2022-07-23,14,110
2022-07-23,15,89
2022-07-23,16,68
2022-07-23,17,91
2022-07-23,18,73
2022-07-23,19,43
2022-07-23,20,39
2022-07-23,21,31
2022-07-23,22,19
2022-07-23,23,25
2022-07-24,0,19
2022-07-24,1,7
2022-07-24,2,5
2022-07-24,3,3
2022-07-24,4,3
2022-07-24,5,5
2022-07-24,6,10
2022-07-24,7,18
2022-07-24,8,26
2022-07-24,9,47
2022-07-24,10,67
2022-07-24,11,60
2022-07-24,12,88
2022-07-24,13,94
2022-07-24,14,87
2022-07-24,15,89
2022-07-24,16,70
2022-07-24,17,61
2022-07-24,18,59
2022-07-24,19,33
2022-07-24,20,28
2022-07-24,21,20
2022-07-24,22,20
2022-07-24,23,9
2022-07-25,0,5
2022-07-25,1,3
2022-07-25,2,5
2022-07-25,3,3
2022-07-25,4,8
2022-07-25,5,13
2022-07-25,6,37
2022-07-25,7,76
2022-07-25,8,75
2022-07-25,9,77
2022-07-25,10,98
2022-07-25,11,100
2022-07-25,12,90
2022-07-25,13,95
2022-07-25,14,79
2022-07-25,15,85
2022-07-25,16,91
2022-07-25,17,85
2022-07-25,18,62
2022-07-25,19,39
2022-07-25,20,29
2022-07-25,21,22
2022-07-25,22,18
2022-07-25,23,8
2022-07-26,0,5
2022-07-26,1,5
2022-07-26,2,1
2022-07-26,3,3
2022-07-26,4,6
2022-07-26,5,13
2022-07-26,6,33
2022-07-26,7,92
2022-07-26,8,110
2022-07-26,9,80
2022-07-26,10,97
2022-07-26,11,77
2022-07-26,12,97
2022-07-26,13,89
2022-07-26,14,96
2022-07-26,15,98
2022-07-26,16,101
2022-07-26,17,90
2022-07-26,18,52
2022-07-26,19,48
2022-07-26,20,41
2022-07-26,21,25
2022-07-26,22,17
2022-07-26,23,13
2022-07-27,0,6
2022-07-27,1,5
2022-07-27,2,6
2022-07-27,3,4
2022-07-27,4,2
2022-07-27,5,11
2022-07-27,6,42
2022-07-27,7,90
2022-07-27,8,110
2022-07-27,9,99
2022-07-27,10,101
2022-07-27,11,91
2022-07-27,12,115
2022-07-27,13,93
2022-07-27,14,87
2022-07-27,15,105
2022-07-27,16,105
2022-07-27,17,125
2022-07-27,18,88
2022-07-27,19,51
2022-07-27,20,41
2022-07-27,21,23
2022-07-27,22,18
2022-07-27,23,16
2022-07-28,0,6
2022-07-28,1,4
2022-07-28,2,1
2022-07-28,3,3
2022-07-28,4,21
2022-07-28,5,9
2022-07-28,6,29
2022-07-28,7,77
2022-07-28,8,98
2022-07-28,9,100
2022-07-28,10,86
2022-07-28,11,107
2022-07-28,12,119
2022-07-28,13,114
2022-07-28,14,94
2022-07-28,15,139
2022-07-28,16,143
2022-07-28,17,118
2022-07-28,18,99
2022-07-28,19,56
2022-07-28,20,48
2022-07-28,21,34
2022-07-28,22,21
2022-07-28,23,19
2022-07-29,0,7
2022-07-29,1,5
2022-07-29,2,3
2022-07-29,3,4
2022-07-29,4,7
2022-07-29,5,9
2022-07-29,6,39
2022-07-29,7,65
2022-07-29,8,96
2022-07-29,9,94
2022-07-29,10,94
2022-07-29,11,115
2022-07-29,12,112
2022-07-29,13,113
2022-07-29,14,113
2022-07-29,15,122
2022-07-29,16,129
2022-07-29,17,103
2022-07-29,18,101
2022-07-29,19,62
2022-07-29,20,45
2022-07-29,21,36
2022-07-29,22,28
2022-07-29,23,17
2022-07-30,0,12
2022-07-30,1,4
2022-07-30,2,10
2022-07-30,3,4
2022-07-30,4,6
2022-07-30,5,3
2022-07-30,6,13
2022-07-30,7,25
2022-07-30,8,52
2022-07-30,9,79
2022-07-30,10,88
2022-07-30,11,103
2022-07-30,12,109
2022-07-30,13,122
2022-07-30,14,109
2022-07-30,15,86
2022-07-30,16,115
2022-07-30,17,97
2022-07-30,18,82
2022-07-30,19,71
2022-07-30,20,37
2022-07-30,21,41
2022-07-30,22,33
2022-07-30,23,23
2022-07-31,0,14
2022-07-31,1,11
2022-07-31,2,2
2022-07-31,3,8
2022-07-31,4,4
2022-07-31,5,4
2022-07-31,6,7
2022-07-31,7,14
2022-07-31,8,29
2022-07-31,9,47
2022-07-31,10,73
2022-07-31,11,81
2022-07-31,12,104
2022-07-31,13,95
2022-07-31,14,82
2022-07-31,15,103
2022-07-31,16,78
2022-07-31,17,58
2022-07-31,18,59
2022-07-31,19,44
2022-07-31,20,37
2022-07-31,21,20
2022-07-31,22,17
2022-07-31,23,8
2022-08-01,0,5
2022-08-01,1,12
2022-08-01,2,10
2022-08-01,3,3
2022-08-01,4,2
2022-08-01,5,10
2022-08-01,6,34
2022-08-01,7,65
2022-08-01,8,87
2022-08-01,9,81
2022-08-01,10,99
2022-08-01,11,98
2022-08-01,12,79
2022-08-01,13,94
2022-08-01,14,103
2022-08-01,15,76
2022-08-01,16,98
2022-08-01,17,84
2022-08-01,18,77
2022-08-01,19,48
2022-08-01,20,24
2022-08-01,21,10
2022-08-01,22,18
2022-08-01,23,5
2022-08-02,0,1
2022-08-02,1,0
2022-08-02,2,0
2022-08-02,3,0
2022-08-02,4,2
2022-08-02,5,17
2022-08-02,6,38
2022-08-02,7,81
2022-08-02,8,98
2022-08-02,9,86
2022-08-02,10,103
2022-08-02,11,124
2022-08-02,12,106
2022-08-02,13,113
2022-08-02,14,101
2022-08-02,15,103
2022-08-02,16,125
2022-08-02,17,118
2022-08-02,18,86
2022-08-02,19,41
2022-08-02,20,16
2022-08-02,21,21
2022-08-02,22,12
2022-08-02,23,8
2022-08-03,0,5
2022-08-03,1,1
2022-08-03,2,4
2022-08-03,3,3
2022-08-03,4,3
2022-08-03,5,15
2022-08-03,6,42
2022-08-03,7,84
2022-08-03,8,100
2022-08-03,9,84
2022-08-03,10,101
2022-08-03,11,102
2022-08-03,12,110
2022-08-03,13,111
2022-08-03,14,100
2022-08-03,15,106
2022-08-03,16,150
2022-08-03,17,120
2022-08-03,18,81
2022-08-03,19,47
2022-08-03,20,37
2022-08-03,21,48
2022-08-03,22,15
2022-08-03,23,10
2022-08-04,0,4
2022-08-04,1,3
2022-08-04,2,5
2022-08-04,3,6
2022-08-04,4,4
2022-08-04,5,16
2022-08-04,6,49
2022-08-04,7,78
2022-08-04,8,96
2022-08-04,9,102
2022-08-04,10,86
2022-08-04,11,96
2022-08-04,12,98
2022-08-04,13,89
2022-08-04,14,101
2022-08-04,15,106
2022-08-04,16,143
2022-08-04,17,121
2022-08-04,18,92
2022-08-04,19,48
2022-08-04,20,36
2022-08-04,21,36
2022-08-04,22,13
2022-08-04,23,14
2022-08-05,0,14
2022-08-05,1,4
2022-08-05,2,4
2022-08-05,3,1
2022-08-05,4,3
2022-08-05,5,13
2022-08-05,6,39
2022-08-05,7,75
2022-08-05,8,80
2022-08-05,9,95
2022-08-05,10,90
2022-08-05,11,106
2022-08-05,12,119
2022-08-05,13,127
2022-08-05,14,111
2022-08-05,15,139
2022-08-05,16,138
2022-08-05,17,93
2022-08-05,18,91
2022-08-05,19,65
2022-08-05,20,31
2022-08-05,21,36
2022-08-05,22,24
2022-08-05,23,16
2022-08-06,0,9
2022-08-06,1,5
2022-08-06,2,5
2022-08-06,3,3
2022-08-06,4,4
2022-08-06,5,5
2022-08-06,6,21
2022-08-06,7,30
2022-08-06,8,42
2022-08-06,9,80
2022-08-06,10,88
2022-08-06,11,118
2022-08-06,12,113
2022-08-06,13,123
2022-08-06,14,90
2022-08-06,15,84
2022-08-06,16,107
2022-08-06,17,99
2022-08-06,18,72
2022-08-06,19,50
2022-08-06,20,28
2022-08-06,21,35
2022-08-06,22,33
2022-08-06,23,24
2022-08-07,0,13
2022-08-07,1,7
2022-08-07,2,8
2022-08-07,3,2
2022-08-07,4,1
2022-08-07,5,6
2022-08-07,6,6
2022-08-07,7,14
2022-08-07,8,27
2022-08-07,9,57
2022-08-07,10,50
2022-08-07,11,78
2022-08-07,12,85
2022-08-07,13,112
2022-08-07,14,86
2022-08-07,15,89
2022-08-07,16,90
2022-08-07,17,68
2022-08-07,18,44
2022-08-07,19,44
2022-08-07,20,29
2022-08-07,21,19
2022-08-07,22,12
2022-08-07,23,9
2022-08-08,0,3
2022-08-08,1,1
2022-08-08,2,4
2022-08-08,3,2
2022-08-08,4,3
2022-08-08,5,8
2022-08-08,6,29
2022-08-08,7,70
2022-08-08,8,74
2022-08-08,9,87
2022-08-08,10,110
2022-08-08,11,91
2022-08-08,12,100
2022-08-08,13,105
2022-08-08,14,88
2022-08-08,15,95
2022-08-08,16,91
2022-08-08,17,80
2022-08-08,18,58
2022-08-08,19,33
2022-08-08,20,43
2022-08-08,21,26
2022-08-08,22,12
2022-08-08,23,8
2022-08-09,0,4
2022-08-09,1,5
2022-08-09,2,1
2022-08-09,3,3
2022-08-09,4,5
2022-08-09,5,12
2022-08-09,6,32
2022-08-09,7,125
2022-08-09,8,133
2022-08-09,9,99
2022-08-09,10,89
2022-08-09,11,77
2022-08-09,12,97
2022-08-09,13,105
2022-08-09,14,68
2022-08-09,15,86
2022-08-09,16,112
2022-08-09,17,110
2022-08-09,18,78
2022-08-09,19,29
2022-08-09,20,30
2022-08-09,21,42
2022-08-09,22,23
2022-08-09,23,11
2022-08-10,0,8
2022-08-10,1,2
2022-08-10,2,0
2022-08-10,3,4
2022-08-10,4,4
2022-08-10,5,5
2022-08-10,6,28
2022-08-10,7,78
2022-08-10,8,59
2022-08-10,9,79
2022-08-10,10,108
2022-08-10,11,82
2022-08-10,12,67
2022-08-10,13,77
2022-08-10,14,70
2022-08-10,15,79
2022-08-10,16,110
2022-08-10,17,103
2022-08-10,18,83
2022-08-10,19,47
2022-08-10,20,35
2022-08-10,21,32
2022-08-10,22,21
2022-08-10,23,8
2022-08-11,0,4
2022-08-11,1,0
2022-08-11,2,3
2022-08-11,3,2
2022-08-11,4,4
2022-08-11,5,7
2022-08-11,6,39
2022-08-11,7,66
2022-08-11,8,68
2022-08-11,9,86
2022-08-11,10,71
2022-08-11,11,95
2022-08-11,12,86
2022-08-11,13,100
2022-08-11,14,80
2022-08-11,15,92
2022-08-11,16,135
2022-08-11,17,102
2022-08-11,18,90
2022-08-11,19,35
2022-08-11,20,28
2022-08-11,21,24
2022-08-11,22,15
2022-08-11,23,10
2022-08-12,0,9
2022-08-12,1,3
2022-08-12,2,3
2022-08-12,3,2
2022-08-12,4,4
2022-08-12,5,17
2022-08-12,6,29
2022-08-12,7,66
2022-08-12,8,83
2022-08-12,9,105
2022-08-12,10,91
2022-08-12,11,112
2022-08-12,12,117
2022-08-12,13,105
2022-08-12,14,111
2022-08-12,15,110
2022-08-12,16,97
2022-08-12,17,98
2022-08-12,18,74
2022-08-12,19,54
2022-08-12,20,37
2022-08-12,21,46
2022-08-12,22,31
2022-08-12,23,16
2022-08-13,0,14
2022-08-13,1,12
2022-08-13,2,10
2022-08-13,3,9
2022-08-13,4,3
2022-08-13,5,8
2022-08-13,6,19
2022-08-13,7,42
2022-08-13,8,48
2022-08-13,9,82
2022-08-13,10,87
2022-08-13,11,102
2022-08-13,12,122
2022-08-13,13,102
2022-08-13,14,84
2022-08-13,15,79
2022-08-13,16,81
2022-08-13,17,83
2022-08-13,18,91
2022-08-13,19,65
2022-08-13,20,41
2022-08-13,21,42
2022-08-13,22,24
2022-08-13,23,26
2022-08-14,0,13
2022-08-14,1,15
2022-08-14,2,5
2022-08-14,3,2
2022-08-14,4,5
2022-08-14,5,12
2022-08-14,6,8
2022-08-14,7,18
2022-08-14,8,28
2022-08-14,9,58
2022-08-14,10,65
2022-08-14,11,71
2022-08-14,12,86
2022-08-14,13,95
2022-08-14,14,86
2022-08-14,15,89
2022-08-14,16,64
2022-08-14,17,76
2022-08-14,18,57
2022-08-14,19,55
2022-08-14,20,25
2022-08-14,21,17
2022-08-14,22,17
2022-08-14,23,10
2022-08-15,0,4
2022-08-15,1,5
2022-08-15,2,2
2022-08-15,3,4
2022-08-15,4,5
2022-08-15,5,10
2022-08-15,6,34
2022-08-15,7,70
2022-08-15,8,85
2022-08-15,9,76
2022-08-15,10,119
2022-08-15,11,105
2022-08-15,12,111
2022-08-15,13,121
2022-08-15,14,106
2022-08-15,15,83
2022-08-15,16,113
2022-08-15,17,89
2022-08-15,18,63
2022-08-15,19,51
2022-08-15,20,37
2022-08-15,21,23
2022-08-15,22,12
2022-08-15,23,9
2022-08-16,0,8
2022-08-16,1,6
2022-08-16,2,3
2022-08-16,3,4
2022-08-16,4,8
2022-08-16,5,12
2022-08-16,6,37
2022-08-16,7,83
2022-08-16,8,97
2022-08-16,9,73
2022-08-16,10,95
2022-08-16,11,102
2022-08-16,12,117
2022-08-16,13,90
2022-08-16,14,111
2022-08-16,15,105
2022-08-16,16,123
2022-08-16,17,105
2022-08-16,18,75
2022-08-16,19,41
2022-08-16,20,32
2022-08-16,21,39
2022-08-16,22,17
2022-08-16,23,11
2022-08-17,0,5
2022-08-17,1,3
2022-08-17,2,0
2022-08-17,3,0
2022-08-17,4,3
2022-08-17,5,8
2022-08-17,6,29
2022-08-17,7,112
2022-08-17,8,97
2022-08-17,9,88
2022-08-17,10,100
2022-08-17,11,114
2022-08-17,12,102
2022-08-17,13,95
2022-08-17,14,91
2022-08-17,15,100
2022-08-17,16,105
2022-08-17,17,83
2022-08-17,18,67
2022-08-17,19,55
2022-08-17,20,35
2022-08-17,21,25
2022-08-17,22,15
2022-08-17,23,11
2022-08-18,0,9
2022-08-18,1,0
2022-08-18,2,4
2022-08-18,3,2
2022-08-18,4,1
2022-08-18,5,13
2022-08-18,6,48
2022-08-18,7,107
2022-08-18,8,115
2022-08-18,9,97
2022-08-18,10,107
2022-08-18,11,125
2022-08-18,12,153
2022-08-18,13,134
2022-08-18,14,116
2022-08-18,15,109
2022-08-18,16,151
2022-08-18,17,120
2022-08-18,18,79
2022-08-18,19,47
2022-08-18,20,50
2022-08-18,21,22
2022-08-18,22,12
2022-08-18,23,17
2022-08-19,0,7
2022-08-19,1,2
2022-08-19,2,0
2022-08-19,3,0
2022-08-19,4,4
2022-08-19,5,13
2022-08-19,6,43
2022-08-19,7,85
2022-08-19,8,122
2022-08-19,9,89
2022-08-19,10,96
2022-08-19,11,103
2022-08-19,12,98
2022-08-19,13,126
2022-08-19,14,118
2022-08-19,15,145
2022-08-19,16,111
2022-08-19,17,132
2022-08-19,18,112
2022-08-19,19,55
2022-08-19,20,50
2022-08-19,21,29
2022-08-19,22,27
2022-08-19,23,15
2022-08-20,0,13
2022-08-20,1,10
2022-08-20,2,5
2022-08-20,3,7
2022-08-20,4,4
2022-08-20,5,5
2022-08-20,6,16
2022-08-20,7,22
2022-08-20,8,53
2022-08-20,9,89
2022-08-20,10,98
2022-08-20,11,129
2022-08-20,12,128
2022-08-20,13,112
2022-08-20,14,114
2022-08-20,15,99
2022-08-20,16,103
2022-08-20,17,89
2022-08-20,18,76
2022-08-20,19,65
2022-08-20,20,45
2022-08-20,21,43
2022-08-20,22,27
2022-08-20,23,29
2022-08-21,0,14
2022-08-21,1,6
2022-08-21,2,4
2022-08-21,3,7
2022-08-21,4,5
2022-08-21,5,3
2022-08-21,6,5
2022-08-21,7,18
2022-08-21,8,34
2022-08-21,9,59
2022-08-21,10,83
2022-08-21,11,89
2022-08-21,12,100
2022-08-21,13,112
2022-08-21,14,104
2022-08-21,15,80
2022-08-21,16,78
2022-08-21,17,75
2022-08-21,18,53
2022-08-21,19,33
2022-08-21,20,33
2022-08-21,21,22
2022-08-21,22,15
2022-08-21,23,12
2022-08-22,0,3
2022-08-22,1,1
2022-08-22,2,1
2022-08-22,3,5
2022-08-22,4,3
2022-08-22,5,10
2022-08-22,6,33
2022-08-22,7,100
2022-08-22,8,118
2022-08-22,9,95
2022-08-22,10,86
2022-08-22,11,96
2022-08-22,12,103
2022-08-22,13,93
2022-08-22,14,100
2022-08-22,15,130
2022-08-22,16,143
2022-08-22,17,109
2022-08-22,18,70
2022-08-22,19,35
2022-08-22,20,25
2022-08-22,21,23
2022-08-22,22,11
2022-08-22,23,10
2022-08-23,0,6
2022-08-23,1,2
2022-08-23,2,3
2022-08-23,3,3
2022-08-23,4,5
2022-08-23,5,8
2022-08-23,6,47
2022-08-23,7,111
2022-08-23,8,130
2022-08-23,9,131
2022-08-23,10,110
2022-08-23,11,100
2022-08-23,12,102
2022-08-23,13,100
2022-08-23,14,94
2022-08-23,15,115
2022-08-23,16,151
2022-08-23,17,103
2022-08-23,18,65
2022-08-23,19,45
2022-08-23,20,45
2022-08-23,21,21
2022-08-23,22,16
2022-08-23,23,15
2022-08-24,0,9
2022-08-24,1,2
2022-08-24,2,2
2022-08-24,3,1
2022-08-24,4,4
2022-08-24,5,9
2022-08-24,6,50
2022-08-24,7,126
2022-08-24,8,128
2022-08-24,9,88
2022-08-24,10,111
2022-08-24,11,104
2022-08-24,12,101
2022-08-24,13,110
2022-08-24,14,94
2022-08-24,15,115
2022-08-24,16,155
2022-08-24,17,119
2022-08-24,18,70
2022-08-24,19,39
2022-08-24,20,35
2022-08-24,21,35
2022-08-24,22,18
2022-08-24,23,20
2022-08-25,0,7
2022-08-25,1,8
2022-08-25,2,7
2022-08-25,3,5
2022-08-25,4,7
2022-08-25,5,13
2022-08-25,6,41
2022-08-25,7,114
2022-08-25,8,144
2022-08-25,9,91
2022-08-25,10,106
2022-08-25,11,98
2022-08-25,12,97
2022-08-25,13,96
2022-08-25,14,101
2022-08-25,15,140
2022-08-25,16,170
2022-08-25,17,116
2022-08-25,18,85
2022-08-25,19,47
2022-08-25,20,39
2022-08-25,21,21
2022-08-25,22,26
2022-08-25,23,8
2022-08-26,0,8
2022-08-26,1,9
2022-08-26,2,2
2022-08-26,3,4
2022-08-26,4,11
2022-08-26,5,8
2022-08-26,6,49
2022-08-26,7,102
2022-08-26,8,115
2022-08-26,9,112
2022-08-26,10,103
2022-08-26,11,106
2022-08-26,12,153
2022-08-26,13,105
2022-08-26,14,103
2022-08-26,15,139
2022-08-26,16,141
2022-08-26,17,107
2022-08-26,18,91
2022-08-26,19,51
2022-08-26,20,41
2022-08-26,21,34
2022-08-26,22,31
2022-08-26,23,19
2022-08-27,0,13
2022-08-27,1,7
2022-08-27,2,7
2022-08-27,3,3
2022-08-27,4,3
2022-08-27,5,6
2022-08-27,6,17
2022-08-27,7,38
2022-08-27,8,61
2022-08-27,9,85
2022-08-27,10,102
2022-08-27,11,103
2022-08-27,12,132
2022-08-27,13,106
2022-08-27,14,93
2022-08-27,15,84
2022-08-27,16,103
2022-08-27,17,107
2022-08-27,18,67
2022-08-27,19,53
2022-08-27,20,34
2022-08-27,21,30
2022-08-27,22,22
2022-08-27,23,16
2022-08-28,0,16
2022-08-28,1,14
2022-08-28,2,8
2022-08-28,3,0
2022-08-28,4,10
2022-08-28,5,9
2022-08-28,6,10
2022-08-28,7,16
2022-08-28,8,36
2022-08-28,9,71
2022-08-28,10,80
2022-08-28,11,100
2022-08-28,12,93
2022-08-28,13,110
2022-08-28,14,93
2022-08-28,15,87
2022-08-28,16,106
2022-08-28,17,80
2022-08-28,18,45
2022-08-28,19,42
2022-08-28,20,37
2022-08-28,21,33
2022-08-28,22,13
2022-08-28,23,13
2022-08-29,0,3
2022-08-29,1,3
2022-08-29,2,2
2022-08-29,3,1
2022-08-29,4,8
2022-08-29,5,5
2022-08-29,6,41
2022-08-29,7,86
2022-08-29,8,100
2022-08-29,9,91
2022-08-29,10,88
2022-08-29,11,91
2022-08-29,12,98
2022-08-29,13,107
2022-08-29,14,108
2022-08-29,15,102
2022-08-29,16,117
2022-08-29,17,91
2022-08-29,18,58
2022-08-29,19,46
2022-08-29,20,35
2022-08-29,21,18
2022-08-29,22,15
2022-08-29,23,4
2022-08-30,0,1
2022-08-30,1,1
2022-08-30,2,0
2022-08-30,3,4
2022-08-30,4,6
2022-08-30,5,18
2022-08-30,6,44
2022-08-30,7,91
2022-08-30,8,105
2022-08-30,9,98
2022-08-30,10,93
2022-08-30,11,106
2022-08-30,12,86
2022-08-30,13,110
2022-08-30,14,92
2022-08-30,15,112
2022-08-30,16,130
2022-08-30,17,118
2022-08-30,18,59
2022-08-30,19,42
2022-08-30,20,31
2022-08-30,21,26
2022-08-30,22,10
2022-08-30,23,16
2022-08-31,0,7
2022-08-31,1,2
2022-08-31,2,2
2022-08-31,3,9
2022-08-31,4,3
2022-08-31,5,5
2022-08-31,6,54
2022-08-31,7,122
2022-08-31,8,156
2022-08-31,9,108
2022-08-31,10,76
2022-08-31,11,111
2022-08-31,12,112
2022-08-31,13,96
2022-08-31,14,84
2022-08-31,15,110
2022-08-31,16,117
2022-08-31,17,112
2022-08-31,18,73
2022-08-31,19,50
2022-08-31,20,46
2022-08-31,21,32
2022-08-31,22,12
2022-08-31,23,12
2022-09-01,0,5
2022-09-01,1,9
2022-09-01,2,0
2022-09-01,3,2
2022-09-01,4,7
2022-09-01,5,11
2022-09-01,6,42
2022-09-01,7,123
2022-09-01,8,111
2022-09-01,9,97
2022-09-01,10,101
2022-09-01,11,95
2022-09-01,12,86
2022-09-01,13,102
2022-09-01,14,88
2022-09-01,15,128
2022-09-01,16,138
2022-09-01,17,101
2022-09-01,18,73
2022-09-01,19,47
2022-09-01,20,33
2022-09-01,21,28
2022-09-01,22,20
2022-09-01,23,14
2022-09-02,0,7
2022-09-02,1,5
2022-09-02,2,0
2022-09-02,3,2
2022-09-02,4,3
2022-09-02,5,10
2022-09-02,6,44
2022-09-02,7,119
2022-09-02,8,125
2022-09-02,9,87
2022-09-02,10,101
2022-09-02,11,105
2022-09-02,12,138
2022-09-02,13,125
2022-09-02,14,109
2022-09-02,15,119
2022-09-02,16,124
2022-09-02,17,120
2022-09-02,18,93
2022-09-02,19,46
2022-09-02,20,29
2022-09-02,21,36
2022-09-02,22,29
2022-09-02,23,23
2022-09-03,0,8
2022-09-03,1,9
2022-09-03,2,4
2022-09-03,3,5
2022-09-03,4,4
2022-09-03,5,4
2022-09-03,6,19
2022-09-03,7,41
2022-09-03,8,77
2022-09-03,9,84
2022-09-03,10,92
2022-09-03,11,107
2022-09-03,12,105
2022-09-03,13,110
2022-09-03,14,107
2022-09-03,15,97
2022-09-03,16,83
2022-09-03,17,79
2022-09-03,18,75
2022-09-03,19,50
2022-09-03,20,40
2022-09-03,21,30
2022-09-03,22,35
2022-09-03,23,35
2022-09-04,0,8
2022-09-04,1,13
2022-09-04,2,12
2022-09-04,3,11
2022-09-04,4,4
2022-09-04,5,2
2022-09-04,6,14
2022-09-04,7,22
2022-09-04,8,39
2022-09-04,9,69
2022-09-04,10,84
2022-09-04,11,88
2022-09-04,12,114
2022-09-04,13,135
2022-09-04,14,112
2022-09-04,15,79
2022-09-04,16,77
2022-09-04,17,75
2022-09-04,18,58
2022-09-04,19,49
2022-09-04,20,33
2022-09-04,21,23
2022-09-04,22,12
2022-09-04,23,9
2022-09-05,0,5
2022-09-05,1,0
2022-09-05,2,2
2022-09-05,3,5
2022-09-05,4,4
2022-09-05,5,6
2022-09-05,6,53
2022-09-05,7,101
2022-09-05,8,120
2022-09-05,9,91
2022-09-05,10,92
2022-09-05,11,102
2022-09-05,12,100
2022-09-05,13,130
2022-09-05,14,81
2022-09-05,15,90
2022-09-05,16,106
2022-09-05,17,84
2022-09-05,18,75
2022-09-05,19,52
2022-09-05,20,27
2022-09-05,21,21
2022-09-05,22,26
2022-09-05,23,11
2022-09-06,0,3
2022-09-06,1,4
2022-09-06,2,5
2022-09-06,3,5
2022-09-06,4,3
2022-09-06,5,12
2022-09-06,6,53
2022-09-06,7,112
2022-09-06,8,122
2022-09-06,9,93
2022-09-06,10,87
2022-09-06,11,97
2022-09-06,12,80
2022-09-06,13,100
2022-09-06,14,102
2022-09-06,15,131
2022-09-06,16,158
2022-09-06,17,116
2022-09-06,18,72
2022-09-06,19,43
2022-09-06,20,25
2022-09-06,21,24
2022-09-06,22,16
2022-09-06,23,14
2022-09-07,0,5
2022-09-07,1,2
2022-09-07,2,5
2022-09-07,3,3
2022-09-07,4,5
2022-09-07,5,14
2022-09-07,6,51
2022-09-07,7,102
2022-09-07,8,120
2022-09-07,9,106
2022-09-07,10,67
2022-09-07,11,103
2022-09-07,12,114
2022-09-07,13,110
2022-09-07,14,104
2022-09-07,15,111
2022-09-07,16,122
2022-09-07,17,97
2022-09-07,18,77
2022-09-07,19,46
2022-09-07,20,33
2022-09-07,21,28
2022-09-07,22,21
2022-09-07,23,10
2022-09-08,0,8
2022-09-08,1,8
2022-09-08,2,1
2022-09-08,3,1
2022-09-08,4,12
2022-09-08,5,16
2022-09-08,6,44
2022-09-08,7,101
2022-09-08,8,134
2022-09-08,9,75
2022-09-08,10,96
2022-09-08,11,131
2022-09-08,12,110
2022-09-08,13,103
2022-09-08,14,106
2022-09-08,15,111
2022-09-08,16,113
2022-09-08,17,119
2022-09-08,18,70
2022-09-08,19,46
2022-09-08,20,40
2022-09-08,21,33
2022-09-08,22,21
2022-09-08,23,10
2022-09-09,0,15
2022-09-09,1,2
2022-09-09,2,4
2022-09-09,3,5
2022-09-09,4,7
2022-09-09,5,10
2022-09-09,6,42
2022-09-09,7,104
2022-09-09,8,117
2022-09-09,9,110
2022-09-09,10,105
2022-09-09,11,131
2022-09-09,12,107
2022-09-09,13,114
2022-09-09,14,115
2022-09-09,15,134
2022-09-09,16,106
2022-09-09,17,123
2022-09-09,18,94
2022-09-09,19,54
2022-09-09,20,41
2022-09-09,21,45
2022-09-09,22,38
2022-09-09,23,22
2022-09-10,0,19
2022-09-10,1,12
2022-09-10,2,6
2022-09-10,3,4
2022-09-10,4,5
2022-09-10,5,10
2022-09-10,6,12
2022-09-10,7,33
2022-09-10,8,80
2022-09-10,9,96
2022-09-10,10,108
2022-09-10,11,105
2022-09-10,12,128
2022-09-10,13,129
2022-09-10,14,119
2022-09-10,15,108
2022-09-10,16,96
2022-09-10,17,105
2022-09-10,18,84
2022-09-10,19,66
2022-09-10,20,30
2022-09-10,21,48
2022-09-10,22,46
2022-09-10,23,38
2022-09-11,0,31
2022-09-11,1,15
2022-09-11,2,15
2022-09-11,3,8
2022-09-11,4,2
2022-09-11,5,2
2022-09-11,6,3
2022-09-11,7,11
2022-09-11,8,30
2022-09-11,9,59
2022-09-11,10,98
2022-09-11,11,95
2022-09-11,12,87
2022-09-11,13,81
2022-09-11,14,109
2022-09-11,15,86
2022-09-11,16,86
2022-09-11,17,82
2022-09-11,18,65
2022-09-11,19,38
2022-09-11,20,25
2022-09-11,21,23
2022-09-11,22,30
2022-09-11,23,11
2022-09-12,0,4
2022-09-12,1,2
2022-09-12,2,3
2022-09-12,3,4
2022-09-12,4,6
2022-09-12,5,10
2022-09-12,6,38
2022-09-12,7,104
2022-09-12,8,104
2022-09-12,9,74
2022-09-12,10,83
2022-09-12,11,91
2022-09-12,12,105
2022-09-12,13,104
2022-09-12,14,100
2022-09-12,15,96
2022-09-12,16,122
2022-09-12,17,104
2022-09-12,18,67
2022-09-12,19,53
2022-09-12,20,36
2022-09-12,21,21
2022-09-12,22,14
2022-09-12,23,10
2022-09-13,0,12
2022-09-13,1,4
2022-09-13,2,2
2022-09-13,3,1
2022-09-13,4,5
2022-09-13,5,13
2022-09-13,6,36
2022-09-13,7,140
2022-09-13,8,148
2022-09-13,9,89
2022-09-13,10,114
2022-09-13,11,89
2022-09-13,12,89
2022-09-13,13,105
2022-09-13,14,81
2022-09-13,15,114
2022-09-13,16,122
2022-09-13,17,105
2022-09-13,18,56
2022-09-13,19,49
2022-09-13,20,32
2022-09-13,21,17
2022-09-13,22,15
2022-09-13,23,13
2022-09-14,0,7
2022-09-14,1,1
2022-09-14,2,6
2022-09-14,3,4
2022-09-14,4,2
2022-09-14,5,9
2022-09-14,6,46
2022-09-14,7,118
2022-09-14,8,121
2022-09-14,9,103
2022-09-14,10,97
2022-09-14,11,80
2022-09-14,12,110
2022-09-14,13,90
2022-09-14,14,88
2022-09-14,15,113
2022-09-14,16,132
2022-09-14,17,114
2022-09-14,18,92
2022-09-14,19,56
2022-09-14,20,39
2022-09-14,21,34
2022-09-14,22,32
2022-09-14,23,15
2022-09-15,0,8
2022-09-15,1,10
2022-09-15,2,8
2022-09-15,3,5
2022-09-15,4,6
2022-09-15,5,4
2022-09-15,6,40
2022-09-15,7,120
2022-09-15,8,133
2022-09-15,9,95
2022-09-15,10,95
2022-09-15,11,96
2022-09-15,12,110
2022-09-15,13,94
2022-09-15,14,79
2022-09-15,15,110
2022-09-15,16,119
2022-09-15,17,111
2022-09-15,18,87
2022-09-15,19,60
2022-09-15,20,43
2022-09-15,21,28
2022-09-15,22,29
2022-09-15,23,16
2022-09-16,0,12
2022-09-16,1,7
2022-09-16,2,1
2022-09-16,3,5
2022-09-16,4,7
2022-09-16,5,8
2022-09-16,6,27
2022-09-16,7,100
2022-09-16,8,129
2022-09-16,9,117
2022-09-16,10,98
2022-09-16,11,107
2022-09-16,12,103
2022-09-16,13,116
2022-09-16,14,125
2022-09-16,15,117
2022-09-16,16,124
2022-09-16,17,97
2022-09-16,18,103
2022-09-16,19,57
2022-09-16,20,43
2022-09-16,21,37
2022-09-16,22,36
2022-09-16,23,25
2022-09-17,0,10
2022-09-17,1,22
2022-09-17,2,7
2022-09-17,3,5
2022-09-17,4,7
2022-09-17,5,11
2022-09-17,6,18
2022-09-17,7,35
2022-09-17,8,76
2022-09-17,9,92
2022-09-17,10,87
2022-09-17,11,96
2022-09-17,12,146
2022-09-17,13,130
2022-09-17,14,107
2022-09-17,15,112
2022-09-17,16,95
2022-09-17,17,85
2022-09-17,18,82
2022-09-17,19,62
2022-09-17,20,33
2022-09-17,21,39
2022-09-17,22,46
2022-09-17,23,29
2022-09-18,0,17
2022-09-18,1,21
2022-09-18,2,23
2022-09-18,3,12
2022-09-18,4,5
2022-09-18,5,7
2022-09-18,6,6
2022-09-18,7,18
2022-09-18,8,29
2022-09-18,9,65
2022-09-18,10,112
2022-09-18,11,92
2022-09-18,12,97
2022-09-18,13,111
2022-09-18,14,113
2022-09-18,15,101
2022-09-18,16,97
2022-09-18,17,80
2022-09-18,18,69
2022-09-18,19,39
2022-09-18,20,27
2022-09-18,21,28
2022-09-18,22,19
2022-09-18,23,23
2022-09-19,0,5
2022-09-19,1,4
2022-09-19,2,1
2022-09-19,3,7
2022-09-19,4,1
2022-09-19,5,7
2022-09-19,6,13
2022-09-19,7,55
2022-09-19,8,54
2022-09-19,9,52
2022-09-19,10,43
2022-09-19,11,51
2022-09-19,12,62
2022-09-19,13,60
2022-09-19,14,47
2022-09-19,15,42
2022-09-19,16,50
2022-09-19,17,60
2022-09-19,18,52
2022-09-19,19,36
2022-09-19,20,23
2022-09-19,21,21
2022-09-19,22,13
2022-09-19,23,7
2022-09-20,0,9
2022-09-20,1,3
2022-09-20,2,2
2022-09-20,3,4
2022-09-20,4,8
2022-09-20,5,7
2022-09-20,6,45
2022-09-20,7,142
2022-09-20,8,129
2022-09-20,9,100
2022-09-20,10,105
2022-09-20,11,96
2022-09-20,12,104
2022-09-20,13,95
2022-09-20,14,98
2022-09-20,15,120
2022-09-20,16,127
2022-09-20,17,101
2022-09-20,18,72
2022-09-20,19,55
2022-09-20,20,40
2022-09-20,21,29
2022-09-20,22,23
2022-09-20,23,10
2022-09-21,0,2
2022-09-21,1,5
2022-09-21,2,4
2022-09-21,3,1
2022-09-21,4,6
2022-09-21,5,8
2022-09-21,6,34
2022-09-21,7,131
2022-09-21,8,129
2022-09-21,9,118
2022-09-21,10,98
2022-09-21,11,115
2022-09-21,12,114
2022-09-21,13,102
2022-09-21,14,93
2022-09-21,15,110
2022-09-21,16,123
2022-09-21,17,109
2022-09-21,18,79
2022-09-21,19,60
2022-09-21,20,38
2022-09-21,21,23
2022-09-21,22,15
2022-09-21,23,12
2022-09-22,0,9
2022-09-22,1,2
2022-09-22,2,3
2022-09-22,3,3
2022-09-22,4,8
2022-09-22,5,12
2022-09-22,6,36
2022-09-22,7,114
2022-09-22,8,121
2022-09-22,9,101
2022-09-22,10,80
2022-09-22,11,94
2022-09-22,12,92
2022-09-22,13,89
2022-09-22,14,98
2022-09-22,15,120
2022-09-22,16,143
2022-09-22,17,116
2022-09-22,18,89
2022-09-22,19,47
2022-09-22,20,40
2022-09-22,21,41
2022-09-22,22,21
2022-09-22,23,12
2022-09-23,0,8
2022-09-23,1,6
2022-09-23,2,3
2022-09-23,3,6
2022-09-23,4,3
2022-09-23,5,16
2022-09-23,6,27
2022-09-23,7,70
2022-09-23,8,86
2022-09-23,9,103
2022-09-23,10,103
2022-09-23,11,123
2022-09-23,12,123
2022-09-23,13,136
2022-09-23,14,121
2022-09-23,15,109
2022-09-23,16,123
2022-09-23,17,88
2022-09-23,18,89
2022-09-23,19,66
2022-09-23,20,44
2022-09-23,21,44
2022-09-23,22,28
2022-09-23,23,16
2022-09-24,0,15
2022-09-24,1,12
2022-09-24,2,7
2022-09-24,3,6
2022-09-24,4,6
2022-09-24,5,10
2022-09-24,6,20
2022-09-24,7,38
2022-09-24,8,57
2022-09-24,9,76
2022-09-24,10,87
2022-09-24,11,93
2022-09-24,12,113
2022-09-24,13,120
2022-09-24,14,91
2022-09-24,15,108
2022-09-24,16,85
2022-09-24,17,96
2022-09-24,18,81
2022-09-24,19,50
2022-09-24,20,29
2022-09-24,21,46
2022-09-24,22,35
2022-09-24,23,30
2022-09-25,0,20
2022-09-25,1,10
2022-09-25,2,9
2022-09-25,3,9
2022-09-25,4,6
2022-09-25,5,5
2022-09-25,6,10
2022-09-25,7,12
2022-09-25,8,34
2022-09-25,9,74
2022-09-25,10,64
2022-09-25,11,88
2022-09-25,12,81
2022-09-25,13,83
2022-09-25,14,83
2022-09-25,15,76
2022-09-25,16,99
2022-09-25,17,74
2022-09-25,18,59
2022-09-25,19,31
2022-09-25,20,34
2022-09-25,21,28
2022-09-25,22,17
2022-09-25,23,15
2022-09-26,0,6
2022-09-26,1,5
2022-09-26,2,3
2022-09-26,3,5
2022-09-26,4,4
2022-09-26,5,7
2022-09-26,6,32
2022-09-26,7,53
2022-09-26,8,64
2022-09-26,9,72
2022-09-26,10,69
2022-09-26,11,88
2022-09-26,12,87
2022-09-26,13,97
2022-09-26,14,81
2022-09-26,15,71
2022-09-26,16,84
2022-09-26,17,90
2022-09-26,18,70
2022-09-26,19,49
2022-09-26,20,25
2022-09-26,21,16
2022-09-26,22,18
2022-09-26,23,8
2022-09-27,0,5
2022-09-27,1,1
2022-09-27,2,0
2022-09-27,3,2
2022-09-27,4,1
2022-09-27,5,10
2022-09-27,6,40
2022-09-27,7,150
2022-09-27,8,121
2022-09-27,9,85
2022-09-27,10,94
2022-09-27,11,99
2022-09-27,12,114
2022-09-27,13,89
2022-09-27,14,100
2022-09-27,15,112
2022-09-27,16,123
2022-09-27,17,120
2022-09-27,18,72
2022-09-27,19,46
2022-09-27,20,34
2022-09-27,21,30
2022-09-27,22,19
2022-09-27,23,12
2022-09-28,0,1
2022-09-28,1,2
2022-09-28,2,1
2022-09-28,3,2
2022-09-28,4,3
2022-09-28,5,11
2022-09-28,6,38
2022-09-28,7,139
2022-09-28,8,175
2022-09-28,9,99
2022-09-28,10,107
2022-09-28,11,88
2022-09-28,12,105
2022-09-28,13,91
2022-09-28,14,101
2022-09-28,15,113
2022-09-28,16,110
2022-09-28,17,118
2022-09-28,18,65
2022-09-28,19,55
2022-09-28,20,40
2022-09-28,21,30
2022-09-28,22,18
2022-09-28,23,13
2022-09-29,0,2
2022-09-29,1,5
2022-09-29,2,3
2022-09-29,3,4
2022-09-29,4,3
2022-09-29,5,10
2022-09-29,6,49
2022-09-29,7,116
2022-09-29,8,130
2022-09-29,9,97
2022-09-29,10,80
2022-09-29,11,99
2022-09-29,12,110
2022-09-29,13,110
2022-09-29,14,123
2022-09-29,15,104
2022-09-29,16,132
2022-09-29,17,112
2022-09-29,18,79
2022-09-29,19,76
2022-09-29,20,30
2022-09-29,21,33
2022-09-29,22,20
2022-09-29,23,10
2022-09-30,0,8
2022-09-30,1,7
2022-09-30,2,4
2022-09-30,3,1
2022-09-30,4,1
2022-09-30,5,11
2022-09-30,6,38
2022-09-30,7,87
2022-09-30,8,112
2022-09-30,9,92
2022-09-30,10,80
2022-09-30,11,121
2022-09-30,12,136
2022-09-30,13,104
2022-09-30,14,129
2022-09-30,15,126
2022-09-30,16,121
2022-09-30,17,110
2022-09-30,18,97
2022-09-30,19,77
2022-09-30,20,33
2022-09-30,21,40
2022-09-30,22,43
2022-09-30,23,34
2022-10-01,0,17
2022-10-01,1,12
2022-10-01,2,7
2022-10-01,3,3
2022-10-01,4,5
2022-10-01,5,6
2022-10-01,6,17
2022-10-01,7,38
2022-10-01,8,65
2022-10-01,9,86
2022-10-01,10,99
2022-10-01,11,101
2022-10-01,12,120
2022-10-01,13,120
2022-10-01,14,120
2022-10-01,15,98
2022-10-01,16,117
2022-10-01,17,111
2022-10-01,18,93
2022-10-01,19,67
2022-10-01,20,44
2022-10-01,21,52
2022-10-01,22,36
2022-10-01,23,32
2022-10-02,0,23
2022-10-02,1,19
2022-10-02,2,14
2022-10-02,3,7
2022-10-02,4,6
2022-10-02,5,5
2022-10-02,6,20
2022-10-02,7,35
2022-10-02,8,64
2022-10-02,9,80
2022-10-02,10,103
2022-10-02,11,104
2022-10-02,12,106
2022-10-02,13,105
2022-10-02,14,84
2022-10-02,15,85
2022-10-02,16,88
2022-10-02,17,87
2022-10-02,18,65
2022-10-02,19,47
2022-10-02,20,34
2022-10-02,21,30
2022-10-02,22,22
2022-10-02,23,8
2022-10-03,0,11
2022-10-03,1,2
2022-10-03,2,4
2022-10-03,3,4
2022-10-03,4,2
2022-10-03,5,16
2022-10-03,6,39
2022-10-03,7,92
2022-10-03,8,110
2022-10-03,9,88
2022-10-03,10,84
2022-10-03,11,105
2022-10-03,12,68
2022-10-03,13,80
2022-10-03,14,84
2022-10-03,15,103
2022-10-03,16,111
2022-10-03,17,96
2022-10-03,18,70
2022-10-03,19,57
2022-10-03,20,37
2022-10-03,21,25
2022-10-03,22,16
2022-10-03,23,7
2022-10-04,0,7
2022-10-04,1,5
2022-10-04,2,4
2022-10-04,3,5
2022-10-04,4,9
2022-10-04,5,11
2022-10-04,6,44
2022-10-04,7,134
2022-10-04,8,158
2022-10-04,9,80
2022-10-04,10,91
2022-10-04,11,102
2022-10-04,12,103
2022-10-04,13,84
2022-10-04,14,89
2022-10-04,15,114
2022-10-04,16,147
2022-10-04,17,99
2022-10-04,18,68
2022-10-04,19,34
2022-10-04,20,32
2022-10-04,21,31
2022-10-04,22,17
2022-10-04,23,11
2022-10-05,0,5
2022-10-05,1,4
2022-10-05,2,1
2022-10-05,3,1
2022-10-05,4,7
2022-10-05,5,16
2022-10-05,6,43
2022-10-05,7,110
2022-10-05,8,126
2022-10-05,9,92
2022-10-05,10,90
2022-10-05,11,107
2022-10-05,12,97
2022-10-05,13,97
2022-10-05,14,107
2022-10-05,15,121
2022-10-05,16,143
2022-10-05,17,111
2022-10-05,18,66
2022-10-05,19,55
2022-10-05,20,38
2022-10-05,21,21
2022-10-05,22,19
2022-10-05,23,13
2022-10-06,0,4
2022-10-06,1,3
2022-10-06,2,5
2022-10-06,3,2
2022-10-06,4,7
2022-10-06,5,7
2022-10-06,6,46
2022-10-06,7,106
2022-10-06,8,122
2022-10-06,9,119
2022-10-06,10,106
2022-10-06,11,101
2022-10-06,12,113
2022-10-06,13,107
2022-10-06,14,108
2022-10-06,15,129
2022-10-06,16,173
2022-10-06,17,155
2022-10-06,18,87
2022-10-06,19,53
2022-10-06,20,43
2022-10-06,21,35
2022-10-06,22,27
2022-10-06,23,17
2022-10-07,0,10
2022-10-07,1,3
2022-10-07,2,2
2022-10-07,3,4
2022-10-07,4,13
2022-10-07,5,17
2022-10-07,6,36
2022-10-07,7,104
2022-10-07,8,160
2022-10-07,9,122
2022-10-07,10,114
2022-10-07,11,123
2022-10-07,12,128
2022-10-07,13,119
2022-10-07,14,137
2022-10-07,15,111
2022-10-07,16,125
2022-10-07,17,126
2022-10-07,18,138
2022-10-07,19,62
2022-10-07,20,44
2022-10-07,21,47
2022-10-07,22,40
2022-10-07,23,37
2022-10-08,0,19
2022-10-08,1,28
2022-10-08,2,13
2022-10-08,3,15
2022-10-08,4,12
2022-10-08,5,28
2022-10-08,6,40
2022-10-08,7,79
2022-10-08,8,122
2022-10-08,9,113
2022-10-08,10,104
2022-10-08,11,108
2022-10-08,12,129
2022-10-08,13,123
2022-10-08,14,115
2022-10-08,15,110
2022-10-08,16,122
2022-10-08,17,105
2022-10-08,18,102
2022-10-08,19,69
2022-10-08,20,33
2022-10-08,21,46
2022-10-08,22,40
2022-10-08,23,30
2022-10-09,0,23
2022-10-09,1,17
2022-10-09,2,11
2022-10-09,3,7
2022-10-09,4,3
2022-10-09,5,5
2022-10-09,6,9
2022-10-09,7,30
2022-10-09,8,41
2022-10-09,9,61
2022-10-09,10,99
2022-10-09,11,102
2022-10-09,12,102
2022-10-09,13,117
2022-10-09,14,99
2022-10-09,15,103
2022-10-09,16,119
2022-10-09,17,88
2022-10-09,18,60
2022-10-09,19,37
2022-10-09,20,21
2022-10-09,21,27
2022-10-09,22,21
2022-10-09,23,10
2022-10-10,0,4
2022-10-10,1,3
2022-10-10,2,5
2022-10-10,3,1
2022-10-10,4,5
2022-10-10,5,6
2022-10-10,6,46
2022-10-10,7,125
2022-10-10,8,113
2022-10-10,9,66
2022-10-10,10,77
2022-10-10,11,85
2022-10-10,12,104
2022-10-10,13,97
2022-10-10,14,95
2022-10-10,15,101
2022-10-10,16,153
2022-10-10,17,107
2022-10-10,18,76
2022-10-10,19,47
2022-10-10,20,30
2022-10-10,21,27
2022-10-10,22,20
2022-10-10,23,9
2022-10-11,0,9
2022-10-11,1,4
2022-10-11,2,2
2022-10-11,3,1
2022-10-11,4,7
2022-10-11,5,10
2022-10-11,6,50
2022-10-11,7,117
2022-10-11,8,105
2022-10-11,9,81
2022-10-11,10,83
2022-10-11,11,91
2022-10-11,12,105
2022-10-11,13,101
2022-10-11,14,90
2022-10-11,15,100
2022-10-11,16,138
2022-10-11,17,103
2022-10-11,18,65
2022-10-11,19,46
2022-10-11,20,30
2022-10-11,21,23
2022-10-11,22,23
2022-10-11,23,8
2022-10-12,0,4
2022-10-12,1,3
2022-10-12,2,1
2022-10-12,3,0
2022-10-12,4,4
2022-10-12,5,16
2022-10-12,6,50
2022-10-12,7,113
2022-10-12,8,119
2022-10-12,9,104
2022-10-12,10,100
2022-10-12,11,112
2022-10-12,12,117
2022-10-12,13,109
2022-10-12,14,101
2022-10-12,15,105
2022-10-12,16,181
2022-10-12,17,137
2022-10-12,18,105
2022-10-12,19,53
2022-10-12,20,40
2022-10-12,21,41
2022-10-12,22,25
2022-10-12,23,12
2022-10-13,0,6
2022-10-13,1,6
2022-10-13,2,4
2022-10-13,3,2
2022-10-13,4,5
2022-10-13,5,13
2022-10-13,6,48
2022-10-13,7,134
2022-10-13,8,106
2022-10-13,9,102
2022-10-13,10,87
2022-10-13,11,111
2022-10-13,12,107
2022-10-13,13,120
2022-10-13,14,119
2022-10-13,15,119
2022-10-13,16,135
2022-10-13,17,107
2022-10-13,18,68
2022-10-13,19,60
2022-10-13,20,41
2022-10-13,21,28
2022-10-13,22,16
2022-10-13,23,11
2022-10-14,0,4
2022-10-14,1,5
2022-10-14,2,4
2022-10-14,3,5
2022-10-14,4,4
2022-10-14,5,15
2022-10-14,6,39
2022-10-14,7,95
2022-10-14,8,112
2022-10-14,9,103
2022-10-14,10,115
2022-10-14,11,107
2022-10-14,12,120
2022-10-14,13,129
2022-10-14,14,120
2022-10-14,15,134
2022-10-14,16,114
2022-10-14,17,101
2022-10-14,18,101
2022-10-14,19,59
2022-10-14,20,37
2022-10-14,21,42
2022-10-14,22,39
2022-10-14,23,23
2022-10-15,0,17
2022-10-15,1,13
2022-10-15,2,7
2022-10-15,3,9
2022-10-15,4,6
2022-10-15,5,8
2022-10-15,6,12
2022-10-15,7,24
2022-10-15,8,62
2022-10-15,9,79
2022-10-15,10,105
2022-10-15,11,117
2022-10-15,12,122
2022-10-15,13,126
2022-10-15,14,117
2022-10-15,15,92
2022-10-15,16,87
2022-10-15,17,84
2022-10-15,18,72
2022-10-15,19,62
2022-10-15,20,35
2022-10-15,21,42
2022-10-15,22,27
2022-10-15,23,26
2022-10-16,0,14
2022-10-16,1,8
2022-10-16,2,14
2022-10-16,3,6
2022-10-16,4,4
2022-10-16,5,4
2022-10-16,6,12
2022-10-16,7,21
2022-10-16,8,30
2022-10-16,9,72
2022-10-16,10,89
2022-10-16,11,79
2022-10-16,12,104
2022-10-16,13,104
2022-10-16,14,89
2022-10-16,15,89
2022-10-16,16,90
2022-10-16,17,75
2022-10-16,18,66
2022-10-16,19,45
2022-10-16,20,31
2022-10-16,21,18
2022-10-16,22,16
2022-10-16,23,5
2022-10-17,0,9
2022-10-17,1,1
2022-10-17,2,5
2022-10-17,3,1
2022-10-17,4,12
2022-10-17,5,6
2022-10-17,6,50
2022-10-17,7,163
2022-10-17,8,134
2022-10-17,9,64
2022-10-17,10,100
2022-10-17,11,100
2022-10-17,12,93
2022-10-17,13,109
2022-10-17,14,102
2022-10-17,15,100
2022-10-17,16,127
2022-10-17,17,99
2022-10-17,18,83
2022-10-17,19,41
2022-10-17,20,33
2022-10-17,21,21
2022-10-17,22,12
2022-10-17,23,8
2022-10-18,0,7
2022-10-18,1,2
2022-10-18,2,3
2022-10-18,3,3
2022-10-18,4,6
2022-10-18,5,11
2022-10-18,6,32
2022-10-18,7,84
2022-10-18,8,82
2022-10-18,9,82
2022-10-18,10,84
2022-10-18,11,89
2022-10-18,12,106
2022-10-18,13,99
2022-10-18,14,103
2022-10-18,15,105
2022-10-18,16,109
2022-10-18,17,102
2022-10-18,18,65
2022-10-18,19,54
2022-10-18,20,28
2022-10-18,21,32
2022-10-18,22,17
2022-10-18,23,11
2022-10-19,0,9
2022-10-19,1,5
2022-10-19,2,2
2022-10-19,3,3
2022-10-19,4,11
2022-10-19,5,14
2022-10-19,6,44
2022-10-19,7,88
2022-10-19,8,114
2022-10-19,9,82
2022-10-19,10,90
2022-10-19,11,116
2022-10-19,12,130
2022-10-19,13,109
2022-10-19,14,95
2022-10-19,15,119
2022-10-19,16,127
2022-10-19,17,107
2022-10-19,18,76
2022-10-19,19,42
2022-10-19,20,21
2022-10-19,21,24
2022-10-19,22,25
2022-10-19,23,13
2022-10-20,0,6
2022-10-20,1,6
2022-10-20,2,2
2022-10-20,3,3
2022-10-20,4,4
2022-10-20,5,9
2022-10-20,6,27
2022-10-20,7,99
2022-10-20,8,95
2022-10-20,9,100
2022-10-20,10,104
2022-10-20,11,142
2022-10-20,12,110
2022-10-20,13,111
2022-10-20,14,128
2022-10-20,15,118
2022-10-20,16,180
2022-10-20,17,133
2022-10-20,18,82
2022-10-20,19,49
2022-10-20,20,31
2022-10-20,21,27
2022-10-20,22,26
2022-10-20,23,9
2022-10-21,0,6
2022-10-21,1,5
2022-10-21,2,4
2022-10-21,3,3
2022-10-21,4,6
2022-10-21,5,11
2022-10-21,6,37
2022-10-21,7,97
2022-10-21,8,106
2022-10-21,9,92
2022-10-21,10,99
2022-10-21,11,122
2022-10-21,12,117
2022-10-21,13,133
2022-10-21,14,98
2022-10-21,15,116
2022-10-21,16,132
2022-10-21,17,106
2022-10-21,18,110
2022-10-21,19,63
2022-10-21,20,37
2022-10-21,21,31
2022-10-21,22,32
2022-10-21,23,30
2022-10-22,0,16
2022-10-22,1,7
2022-10-22,2,8
2022-10-22,3,4
2022-10-22,4,3
2022-10-22,5,12
2022-10-22,6,15
2022-10-22,7,37
2022-10-22,8,82
2022-10-22,9,83
2022-10-22,10,111
2022-10-22,11,133
2022-10-22,12,120
2022-10-22,13,145
2022-10-22,14,119
2022-10-22,15,110
2022-10-22,16,108
2022-10-22,17,97
2022-10-22,18,89
2022-10-22,19,44
2022-10-22,20,35
2022-10-22,21,36
2022-10-22,22,36
2022-10-22,23,31
2022-10-23,0,21
2022-10-23,1,17
2022-10-23,2,11
2022-10-23,3,8
2022-10-23,4,1
2022-10-23,5,4
2022-10-23,6,7
2022-10-23,7,21
2022-10-23,8,37
2022-10-23,9,56
2022-10-23,10,86
2022-10-23,11,90
2022-10-23,12,120
2022-10-23,13,93
2022-10-23,14,104
2022-10-23,15,100
2022-10-23,16,87
2022-10-23,17,82
2022-10-23,18,74
2022-10-23,19,34
2022-10-23,20,37
2022-10-23,21,26
2022-10-23,22,16
2022-10-23,23,8
2022-10-24,0,9
2022-10-24,1,1
2022-10-24,2,2
2022-10-24,3,4
2022-10-24,4,2
2022-10-24,5,8
2022-10-24,6,40
2022-10-24,7,91
2022-10-24,8,93
2022-10-24,9,98
2022-10-24,10,101
2022-10-24,11,99
2022-10-24,12,95
2022-10-24,13,93
2022-10-24,14,98
2022-10-24,15,92
2022-10-24,16,127
2022-10-24,17,113
2022-10-24,18,66
2022-10-24,19,46
2022-10-24,20,31
2022-10-24,21,28
2022-10-24,22,29
2022-10-24,23,14
2022-10-25,0,8
2022-10-25,1,5
2022-10-25,2,1
2022-10-25,3,0
2022-10-25,4,8
2022-10-25,5,17
2022-10-25,6,31
2022-10-25,7,145
2022-10-25,8,138
2022-10-25,9,101
2022-10-25,10,105
2022-10-25,11,86
2022-10-25,12,118
2022-10-25,13,101
2022-10-25,14,118
2022-10-25,15,122
2022-10-25,16,189
2022-10-25,17,148
2022-10-25,18,100
2022-10-25,19,55
2022-10-25,20,33
2022-10-25,21,25
2022-10-25,22,18
2022-10-25,23,10
2022-10-26,0,47
2022-10-26,1,0
2022-10-26,2,2
2022-10-26,3,0
2022-10-26,4,1
2022-10-26,5,13
2022-10-26,6,37
2022-10-26,7,111
2022-10-26,8,157
2022-10-26,9,110
2022-10-26,10,98
2022-10-26,11,108
2022-10-26,12,109
2022-10-26,13,99
2022-10-26,14,97
2022-10-26,15,109
2022-10-26,16,138
2022-10-26,17,133
2022-10-26,18,83
2022-10-26,19,56
2022-10-26,20,37
2022-10-26,21,37
2022-10-26,22,16
2022-10-26,23,8
2022-10-27,0,7
2022-10-27,1,5
2022-10-27,2,5
2022-10-27,3,4
2022-10-27,4,6
2022-10-27,5,8
2022-10-27,6,47
2022-10-27,7,139
2022-10-27,8,123
2022-10-27,9,100
2022-10-27,10,125
2022-10-27,11,118
2022-10-27,12,100
2022-10-27,13,118
2022-10-27,14,124
2022-10-27,15,144
2022-10-27,16,221
2022-10-27,17,170
2022-10-27,18,112
2022-10-27,19,50
2022-10-27,20,39
2022-10-27,21,31
2022-10-27,22,27
2022-10-27,23,12
2022-10-28,0,12
2022-10-28,1,7
2022-10-28,2,2
2022-10-28,3,7
2022-10-28,4,6
2022-10-28,5,13
2022-10-28,6,34
2022-10-28,7,150
2022-10-28,8,132
2022-10-28,9,99
2022-10-28,10,122
2022-10-28,11,121
2022-10-28,12,129
2022-10-28,13,128
2022-10-28,14,120
2022-10-28,15,140
2022-10-28,16,132
2022-10-28,17,102
2022-10-28,18,86
2022-10-28,19,66
2022-10-28,20,46
2022-10-28,21,45
2022-10-28,22,36
2022-10-28,23,22
2022-10-29,0,24
2022-10-29,1,15
2022-10-29,2,7
2022-10-29,3,1
2022-10-29,4,4
2022-10-29,5,7
2022-10-29,6,18
2022-10-29,7,35
2022-10-29,8,61
2022-10-29,9,84
2022-10-29,10,115
2022-10-29,11,120
2022-10-29,12,133
2022-10-29,13,139
2022-10-29,14,125
2022-10-29,15,116
2022-10-29,16,161
2022-10-29,17,97
2022-10-29,18,94
2022-10-29,19,73
2022-10-29,20,53
2022-10-29,21,49
2022-10-29,22,44
2022-10-29,23,32
2022-10-30,0,15
2022-10-30,1,20
2022-10-30,2,19
2022-10-30,3,9
2022-10-30,4,7
2022-10-30,5,3
2022-10-30,6,10
2022-10-30,7,8
2022-10-30,8,23
2022-10-30,9,47
2022-10-30,10,84
2022-10-30,11,83
2022-10-30,12,99
2022-10-30,13,131
2022-10-30,14,136
2022-10-30,15,100
2022-10-30,16,98
2022-10-30,17,101
2022-10-30,18,95
2022-10-30,19,82
2022-10-30,20,58
2022-10-30,21,48
2022-10-30,22,29
2022-10-30,23,24
2022-10-31,0,14
2022-10-31,1,8
2022-10-31,2,6
2022-10-31,3,6
2022-10-31,4,4
2022-10-31,5,9
2022-10-31,6,10
2022-10-31,7,44
2022-10-31,8,117
2022-10-31,9,107
2022-10-31,10,85
2022-10-31,11,101
2022-10-31,12,93
2022-10-31,13,118
2022-10-31,14,99
2022-10-31,15,105
2022-10-31,16,127
2022-10-31,17,137
2022-10-31,18,136
2022-10-31,19,73
2022-10-31,20,39
2022-10-31,21,44
2022-10-31,22,40
2022-10-31,23,20
2022-11-01,0,16
2022-11-01,1,4
2022-11-01,2,4
2022-11-01,3,5
2022-11-01,4,5
2022-11-01,5,5
2022-11-01,6,17
2022-11-01,7,53
2022-11-01,8,154
2022-11-01,9,138
2022-11-01,10,87
2022-11-01,11,83
2022-11-01,12,84
2022-11-01,13,100
2022-11-01,14,108
2022-11-01,15,100
2022-11-01,16,136
2022-11-01,17,183
2022-11-01,18,118
2022-11-01,19,93
2022-11-01,20,64
2022-11-01,21,30
2022-11-01,22,47
2022-11-01,23,21
2022-11-02,0,11
2022-11-02,1,7
2022-11-02,2,4
2022-11-02,3,3
2022-11-02,4,5
2022-11-02,5,6
2022-11-02,6,13
2022-11-02,7,46
2022-11-02,8,132
2022-11-02,9,134
2022-11-02,10,107
2022-11-02,11,116
2022-11-02,12,117
2022-11-02,13,108
2022-11-02,14,102
2022-11-02,15,111
2022-11-02,16,148
2022-11-02,17,166
2022-11-02,18,163
2022-11-02,19,82
2022-11-02,20,49
2022-11-02,21,43
2022-11-02,22,34
2022-11-02,23,17
2022-11-03,0,16
2022-11-03,1,12
2022-11-03,2,5
2022-11-03,3,2
2022-11-03,4,0
2022-11-03,5,4
2022-11-03,9,82
2022-11-03,10,106
2022-11-03,11,102
2022-11-03,12,103
2022-11-03,13,113
2022-11-03,14,81
2022-11-03,15,97
2022-11-03,16,120
2022-11-03,17,187
2022-11-03,18,132
2022-11-03,19,66
2022-11-03,20,57
2022-11-03,21,43
2022-11-03,22,33
2022-11-03,23,23
2022-11-04,0,11
2022-11-04,1,7
2022-11-04,2,4
2022-11-04,3,5
2022-11-04,4,1
2022-11-04,5,5
2022-11-04,6,13
2022-11-04,7,59
2022-11-04,8,97
2022-11-04,9,117
2022-11-04,10,110
2022-11-04,11,93
2022-11-04,12,103
2022-11-04,13,110
2022-11-04,14,106
2022-11-04,15,108
2022-11-04,16,106
2022-11-04,17,139
2022-11-04,18,116
2022-11-04,19,107
2022-11-04,20,63
2022-11-04,21,47
2022-11-04,22,38
2022-11-04,23,18
2022-11-05,0,21
2022-11-05,1,13
2022-11-05,2,12
2022-11-05,3,10
2022-11-05,4,5
2022-11-05,5,8
2022-11-05,6,6
2022-11-05,7,20
2022-11-05,8,38
2022-11-05,9,78
2022-11-05,10,82
2022-11-05,11,112
2022-11-05,12,183
2022-11-05,13,162
2022-11-05,14,92
2022-11-05,15,92
2022-11-05,16,68
2022-11-05,17,105
2022-11-05,18,109
2022-11-05,19,94
2022-11-05,20,59
2022-11-05,21,49
2022-11-05,22,43
2022-11-05,23,48
2022-11-06,0,31
2022-11-06,1,16
2022-11-06,2,13
2022-11-06,3,19
2022-11-06,4,4
2022-11-06,5,8
2022-11-06,6,6
2022-11-06,7,5
2022-11-06,8,17
2022-11-06,9,36
2022-11-06,10,46
2022-11-06,11,79
2022-11-06,12,107
2022-11-06,13,101
2022-11-06,14,89
2022-11-06,15,104
2022-11-06,16,101
2022-11-06,17,99
2022-11-06,18,80
2022-11-06,19,66
2022-11-06,20,45
2022-11-06,21,28
2022-11-06,22,37
2022-11-06,23,25
2022-11-07,0,15
2022-11-07,1,4
2022-11-07,2,5
2022-11-07,3,2
2022-11-07,4,3
2022-11-07,5,6
2022-11-07,6,13
2022-11-07,7,52
2022-11-07,8,156
2022-11-07,9,119
2022-11-07,10,89
2022-11-07,11,110
2022-11-07,12,90
2022-11-07,13,115
2022-11-07,14,115
2022-11-07,15,113
2022-11-07,16,143
2022-11-07,17,155
2022-11-07,18,120
2022-11-07,19,77
2022-11-07,20,47
2022-11-07,21,31
2022-11-07,22,26
2022-11-07,23,12
2022-11-08,0,6
2022-11-08,1,3
2022-11-08,2,1
2022-11-08,3,3
2022-11-08,4,2
2022-11-08,5,7
2022-11-08,6,13
2022-11-08,7,38
2022-11-08,8,114
2022-11-08,9,125
2022-11-08,10,108
2022-11-08,11,96
2022-11-08,12,106
2022-11-08,13,120
2022-11-08,14,85
2022-11-08,15,102
2022-11-08,16,135
2022-11-08,17,162
2022-11-08,18,160
2022-11-08,19,89
2022-11-08,20,56
2022-11-08,21,32
2022-11-08,22,24
2022-11-08,23,20
2022-11-09,0,10
2022-11-09,1,4
2022-11-09,2,1
2022-11-09,3,5
2022-11-09,4,1
2022-11-09,5,5
2022-11-09,6,12
2022-11-09,7,44
2022-11-09,8,130
2022-11-09,9,131
2022-11-09,10,98
2022-11-09,11,102
2022-11-09,12,135
2022-11-09,13,99
2022-11-09,14,105
2022-11-09,15,93
2022-11-09,16,132
2022-11-09,17,126
2022-11-09,18,134
2022-11-09,19,78
2022-11-09,20,38
2022-11-09,21,32
2022-11-09,22,43
2022-11-09,23,15
2022-11-10,0,7
2022-11-10,1,5
2022-11-10,2,4
2022-11-10,3,1
2022-11-10,4,7
2022-11-10,5,11
2022-11-10,6,15
2022-11-10,7,45
2022-11-10,8,132
2022-11-10,9,133
2022-11-10,10,88
2022-11-10,11,106
2022-11-10,12,93
2022-11-10,13,116
2022-11-10,14,130
2022-11-10,15,104
2022-11-10,16,120
2022-11-10,17,175
2022-11-10,18,137
2022-11-10,19,78
2022-11-10,20,52
2022-11-10,21,27
2022-11-10,22,32
2022-11-10,23,22
2022-11-11,0,11
2022-11-11,1,7
2022-11-11,2,4
2022-11-11,3,3
2022-11-11,4,3
2022-11-11,5,2
2022-11-11,6,15
2022-11-11,7,41
2022-11-11,8,92
2022-11-11,9,114
2022-11-11,10,99
2022-11-11,11,122
2022-11-11,12,99
2022-11-11,13,114
2022-11-11,14,113
2022-11-11,15,113
2022-11-11,16,105
2022-11-11,17,136
2022-11-11,18,116
2022-11-11,19,90
2022-11-11,20,73
2022-11-11,21,47
2022-11-11,22,41
2022-11-11,23,26
2022-11-12,0,20
2022-11-12,1,15
2022-11-12,2,12
2022-11-12,3,20
2022-11-12,4,7
2022-11-12,5,5
2022-11-12,6,7
2022-11-12,7,22
2022-11-12,8,44
2022-11-12,9,80
2022-11-12,10,101
2022-11-12,11,116
2022-11-12,12,137
2022-11-12,13,131
2022-11-12,14,117
2022-11-12,15,109
2022-11-12,16,137
2022-11-12,17,134
2022-11-12,18,99
2022-11-12,19,80
2022-11-12,20,65
2022-11-12,21,43
2022-11-12,22,32
2022-11-12,23,40
2022-11-13,0,26
2022-11-13,1,22
2022-11-13,2,14
2022-11-13,3,9
2022-11-13,4,6
2022-11-13,5,4
2022-11-13,6,5
2022-11-13,7,9
2022-11-13,8,23
2022-11-13,9,40
2022-11-13,10,80
2022-11-13,11,81
2022-11-13,12,98
2022-11-13,13,107
2022-11-13,14,109
2022-11-13,15,85
2022-11-13,16,100
2022-11-13,17,110
2022-11-13,18,90
2022-11-13,19,55
2022-11-13,20,51
2022-11-13,21,35
2022-11-13,22,29
2022-11-13,23,23
2022-11-14,0,13
2022-11-14,1,6
2022-11-14,2,1
2022-11-14,3,5
2022-11-14,4,2
2022-11-14,5,3
2022-11-14,6,14
2022-11-14,7,49
2022-11-14,8,134
2022-11-14,9,105
2022-11-14,10,90
2022-11-14,11,79
2022-11-14,12,99
2022-11-14,13,102
2022-11-14,14,111
2022-11-14,15,71
2022-11-14,16,111
2022-11-14,17,142
2022-11-14,18,103
2022-11-14,19,80
2022-11-14,20,40
2022-11-14,21,36
2022-11-14,22,22
2022-11-14,23,17
2022-11-15,0,15
2022-11-15,1,4
2022-11-15,2,1
2022-11-15,3,0
2022-11-15,4,2
2022-11-15,5,6
2022-11-15,6,15
2022-11-15,7,53
2022-11-15,8,131
2022-11-15,9,137
2022-11-15,10,126
2022-11-15,11,94
2022-11-15,12,106
2022-11-15,13,100
2022-11-15,14,105
2022-11-15,15,105
2022-11-15,16,127
2022-11-15,17,165
2022-11-15,18,124
2022-11-15,19,71
2022-11-15,20,43
2022-11-15,21,27
2022-11-15,22,28
2022-11-15,23,14
2022-11-16,0,12
2022-11-16,1,9
2022-11-16,2,2
2022-11-16,3,1
2022-11-16,4,2
2022-11-16,5,7
2022-11-16,6,10
2022-11-16,7,54
2022-11-16,8,137
2022-11-16,9,121
2022-11-16,10,90
2022-11-16,11,90
2022-11-16,12,98
2022-11-16,13,92
2022-11-16,14,118
2022-11-16,15,84
2022-11-16,16,132
2022-11-16,17,171
2022-11-16,18,121
2022-11-16,19,76
2022-11-16,20,48
2022-11-16,21,39
2022-11-16,22,30
2022-11-16,23,12
2022-11-17,0,11
2022-11-17,1,8
2022-11-17,2,6
2022-11-17,3,1
2022-11-17,4,4
2022-11-17,5,4
2022-11-17,6,10
2022-11-17,7,35
2022-11-17,8,147
2022-11-17,9,132
2022-11-17,10,105
2022-11-17,11,129
2022-11-17,12,107
2022-11-17,13,119
2022-11-17,14,130
2022-11-17,15,102
2022-11-17,16,150
2022-11-17,17,232
2022-11-17,18,155
2022-11-17,19,95
2022-11-17,20,66
2022-11-17,21,46
2022-11-17,22,26
2022-11-17,23,20
2022-11-18,0,14
2022-11-18,1,3
2022-11-18,2,4
2022-11-18,3,4
2022-11-18,4,0
2022-11-18,5,4
2022-11-18,6,16
2022-11-18,7,40
2022-11-18,8,128
2022-11-18,9,128
2022-11-18,10,105
2022-11-18,11,123
2022-11-18,12,129
2022-11-18,13,138
2022-11-18,14,137
2022-11-18,15,118
2022-11-18,16,156
2022-11-18,17,129
2022-11-18,18,111
2022-11-18,19,91
2022-11-18,20,72
2022-11-18,21,43
2022-11-18,22,32
2022-11-18,23,39
2022-11-19,0,30
2022-11-19,1,18
2022-11-19,2,9
2022-11-19,3,13
2022-11-19,4,5
2022-11-19,5,7
2022-11-19,6,7
2022-11-19,7,16
2022-11-19,8,25
2022-11-19,9,64
2022-11-19,10,82
2022-11-19,11,94
2022-11-19,12,133
2022-11-19,13,145
2022-11-19,14,125
2022-11-19,15,112
2022-11-19,16,110
2022-11-19,17,99
2022-11-19,18,106
2022-11-19,19,82
2022-11-19,20,47
2022-11-19,21,35
2022-11-19,22,45
2022-11-19,23,28
2022-11-20,0,28
2022-11-20,1,18
2022-11-20,2,20
2022-11-20,3,15
2022-11-20,4,11
2022-11-20,5,6
2022-11-20,6,9
2022-11-20,7,4
2022-11-20,8,21
2022-11-20,9,37
2022-11-20,10,75
2022-11-20,11,75
2022-11-20,12,95
2022-11-20,13,125
2022-11-20,14,110
2022-11-20,15,111
2022-11-20,16,84
2022-11-20,17,91
2022-11-20,18,81
2022-11-20,19,65
2022-11-20,20,62
2022-11-20,21,33
2022-11-20,22,23
2022-11-20,23,20
2022-11-21,0,10
2022-11-21,1,8
2022-11-21,2,2
2022-11-21,3,1
2022-11-21,4,5
2022-11-21,5,6
2022-11-21,6,14
2022-11-21,7,48
2022-11-21,8,116
2022-11-21,9,115
2022-11-21,10,88
2022-11-21,11,86
2022-11-21,12,103
2022-11-21,13,109
2022-11-21,14,95
2022-11-21,15,100
2022-11-21,16,102
2022-11-21,17,132
2022-11-21,18,95
2022-11-21,19,69
2022-11-21,20,41
2022-11-21,21,38
2022-11-21,22,24
2022-11-21,23,18
2022-11-22,0,8
2022-11-22,1,6
2022-11-22,2,3
2022-11-22,3,3
2022-11-22,4,3
2022-11-22,5,6
2022-11-22,6,13
2022-11-22,7,48
2022-11-22,8,143
2022-11-22,9,118
2022-11-22,10,83
2022-11-22,11,95
2022-11-22,12,105
2022-11-22,13,98
2022-11-22,14,99
2022-11-22,15,94
2022-11-22,16,119
2022-11-22,17,188
2022-11-22,18,126
2022-11-22,19,90
2022-11-22,20,41
2022-11-22,21,39
2022-11-22,22,29
2022-11-22,23,15
2022-11-23,0,10
2022-11-23,1,9
2022-11-23,2,4
2022-11-23,3,3
2022-11-23,4,5
2022-11-23,5,3
2022-11-23,6,16
2022-11-23,7,52
2022-11-23,8,144
2022-11-23,9,164
2022-11-23,10,122
2022-11-23,11,119
2022-11-23,12,104
2022-11-23,13,102
2022-11-23,14,93
2022-11-23,15,91
2022-11-23,16,116
2022-11-23,17,144
2022-11-23,18,102
2022-11-23,19,89
2022-11-23,20,49
2022-11-23,21,35
2022-11-23,22,27
2022-11-23,23,15
2022-11-24,0,11
2022-11-24,1,9
2022-11-24,2,3
2022-11-24,3,0
2022-11-24,4,8
2022-11-24,5,3
2022-11-24,6,14
2022-11-24,7,44
2022-11-24,8,95
2022-11-24,9,104
2022-11-24,10,126
2022-11-24,11,101
2022-11-24,12,97
2022-11-24,13,121
2022-11-24,14,118
2022-11-24,15,104
2022-11-24,16,123
2022-11-24,17,150
2022-11-24,18,117
2022-11-24,19,78
2022-11-24,20,55
2022-11-24,21,31
2022-11-24,22,30
2022-11-24,23,28
2022-11-25,0,8
2022-11-25,1,4
2022-11-25,2,6
2022-11-25,3,2
2022-11-25,4,3
2022-11-25,5,7
2022-11-25,6,15
2022-11-25,7,36
2022-11-25,8,107
2022-11-25,9,103
2022-11-25,10,88
2022-11-25,11,102
2022-11-25,12,96
2022-11-25,13,106
2022-11-25,14,125
2022-11-25,15,137
2022-11-25,16,137
2022-11-25,17,123
2022-11-25,18,132
2022-11-25,19,86
2022-11-25,20,54
2022-11-25,21,44
2022-11-25,22,36
2022-11-25,23,27
2022-11-26,0,20
2022-11-26,1,14
2022-11-26,2,9
2022-11-26,3,6
2022-11-26,4,5
2022-11-26,5,8
2022-11-26,6,9
2022-11-26,7,17
2022-11-26,8,35
2022-11-26,9,70
2022-11-26,10,81
2022-11-26,11,125
2022-11-26,12,119
2022-11-26,13,129
2022-11-26,14,129
2022-11-26,15,110
2022-11-26,16,96
2022-11-26,17,110
2022-11-26,18,94
2022-11-26,19,86
2022-11-26,20,63
2022-11-26,21,27
2022-11-26,22,52
2022-11-26,23,25
2022-11-27,0,27
2022-11-27,1,19
2022-11-27,2,26
2022-11-27,3,19
2022-11-27,4,8
2022-11-27,5,7
2022-11-27,6,2
2022-11-27,7,4
2022-11-27,8,21
2022-11-27,9,36
2022-11-27,10,74
2022-11-27,11,80
2022-11-27,12,106
2022-11-27,13,131
2022-11-27,14,120
2022-11-27,15,100
2022-11-27,16,100
2022-11-27,17,94
2022-11-27,18,82
2022-11-27,19,45
2022-11-27,20,43
2022-11-27,21,29
2022-11-27,22,22
2022-11-27,23,14
2022-11-28,0,10
2022-11-28,1,4
2022-11-28,2,3
2022-11-28,3,3
2022-11-28,4,0
2022-11-28,5,2
2022-11-28,6,15
2022-11-28,7,42
2022-11-28,8,119
2022-11-28,9,108
2022-11-28,10,90
2022-11-28,11,92
2022-11-28,12,88
2022-11-28,13,88
2022-11-28,14,110
2022-11-28,15,80
2022-11-28,16,108
2022-11-28,17,141
2022-11-28,18,109
2022-11-28,19,56
2022-11-28,20,40
2022-11-28,21,46
2022-11-28,22,23
2022-11-28,23,12
2022-11-29,0,4
2022-11-29,1,6
2022-11-29,2,6
2022-11-29,3,2
2022-11-29,4,3
2022-11-29,5,5
2022-11-29,6,14
2022-11-29,7,59
2022-11-29,8,139
2022-11-29,9,131
2022-11-29,10,115
2022-11-29,11,102
2022-11-29,12,100
2022-11-29,13,86
2022-11-29,14,92
2022-11-29,15,90
2022-11-29,16,109
2022-11-29,17,162
2022-11-29,18,139
2022-11-29,19,78
2022-11-29,20,50
2022-11-29,21,36
2022-11-29,22,25
2022-11-29,23,24
2022-11-30,0,12
2022-11-30,1,6
2022-11-30,2,3
2022-11-30,3,1
2022-11-30,4,1
2022-11-30,5,9
2022-11-30,6,15
2022-11-30,7,43
2022-11-30,8,129
2022-11-30,9,139
2022-11-30,10,101
2022-11-30,11,122
2022-11-30,12,113
2022-11-30,13,92
2022-11-30,14,110
2022-11-30,15,116
2022-11-30,16,117
2022-11-30,17,156
2022-11-30,18,128
2022-11-30,19,80
2022-11-30,20,52
2022-11-30,21,37
2022-11-30,22,32
2022-11-30,23,24
2022-12-01,0,9
2022-12-01,1,7
2022-12-01,2,5
2022-12-01,3,2
2022-12-01,4,1
2022-12-01,5,3
2022-12-01,6,10
2022-12-01,7,42
2022-12-01,8,97
2022-12-01,9,104
2022-12-01,10,98
2022-12-01,11,106
2022-12-01,12,124
2022-12-01,13,101
2022-12-01,14,95
2022-12-01,15,116
2022-12-01,16,135
2022-12-01,17,200
2022-12-01,18,133
2022-12-01,19,92
2022-12-01,20,54
2022-12-01,21,44
2022-12-01,22,19
2022-12-01,23,25
2022-12-02,0,8
2022-12-02,1,7
2022-12-02,2,5
2022-12-02,3,1
2022-12-02,4,4
2022-12-02,5,8
2022-12-02,6,15
2022-12-02,7,40
2022-12-02,8,127
2022-12-02,9,117
2022-12-02,10,109
2022-12-02,11,118
2022-12-02,12,125
2022-12-02,13,123
2022-12-02,14,151
2022-12-02,15,113
2022-12-02,16,158
2022-12-02,17,168
2022-12-02,18,145
2022-12-02,19,102
2022-12-02,20,71
2022-12-02,21,42
2022-12-02,22,33
2022-12-02,23,30
2022-12-03,0,33
2022-12-03,1,24
2022-12-03,2,15
2022-12-03,3,14
2022-12-03,4,5
2022-12-03,5,7
2022-12-03,6,7
2022-12-03,7,23
2022-12-03,8,38
2022-12-03,9,83
2022-12-03,10,87
2022-12-03,11,112
2022-12-03,12,108
2022-12-03,13,114
2022-12-03,14,129
2022-12-03,15,112
2022-12-03,16,110
2022-12-03,17,127
2022-12-03,18,93
2022-12-03,19,90
2022-12-03,20,54
2022-12-03,21,52
2022-12-03,22,37
2022-12-03,23,37
2022-12-04,0,30
2022-12-04,1,9
2022-12-04,2,24
2022-12-04,3,16
2022-12-04,4,4
2022-12-04,5,0
2022-12-04,6,0
2022-12-04,7,4
2022-12-04,8,21
2022-12-04,9,33
2022-12-04,10,51
2022-12-04,11,73
2022-12-04,12,96
2022-12-04,13,125
2022-12-04,14,115
2022-12-04,15,92
2022-12-04,16,97
2022-12-04,17,77
2022-12-04,18,58
2022-12-04,19,50
2022-12-04,20,68
2022-12-04,21,54
2022-12-04,22,28
2022-12-04,23,24
2022-12-05,0,9
2022-12-05,1,4
2022-12-05,2,2
2022-12-05,3,2
2022-12-05,4,3
2022-12-05,5,6
2022-12-05,6,11
2022-12-05,7,41
2022-12-05,8,139
2022-12-05,9,117
2022-12-05,10,77
2022-12-05,11,83
2022-12-05,12,118
2022-12-05,13,124
2022-12-05,14,102
2022-12-05,15,87
2022-12-05,16,119
2022-12-05,17,143
2022-12-05,18,106
2022-12-05,19,58
2022-12-05,20,51
2022-12-05,21,39
2022-12-05,22,28
2022-12-05,23,16
2022-12-06,0,9
2022-12-06,1,5
2022-12-06,2,5
2022-12-06,3,2
2022-12-06,4,8
2022-12-06,5,6
2022-12-06,6,14
2022-12-06,7,54
2022-12-06,8,148
2022-12-06,9,134
2022-12-06,10,88
2022-12-06,11,95
2022-12-06,12,112
2022-12-06,13,110
2022-12-06,14,82
2022-12-06,15,104
2022-12-06,16,130
2022-12-06,17,200
2022-12-06,18,125
2022-12-06,19,93
2022-12-06,20,62
2022-12-06,21,41
2022-12-06,22,27
2022-12-06,23,15
2022-12-07,0,10
2022-12-07,1,7
2022-12-07,2,1
2022-12-07,3,3
2022-12-07,4,2
2022-12-07,5,3
2022-12-07,6,20
2022-12-07,7,39
2022-12-07,8,117
2022-12-07,9,137
2022-12-07,10,108
2022-12-07,11,116
2022-12-07,12,93
2022-12-07,13,112
2022-12-07,14,103
2022-12-07,15,112
2022-12-07,16,134
2022-12-07,17,159
2022-12-07,18,170
2022-12-07,19,107
2022-12-07,20,53
2022-12-07,21,38
2022-12-07,22,40
2022-12-07,23,28
2022-12-08,0,11
2022-12-08,1,4
2022-12-08,2,4
2022-12-08,3,4
2022-12-08,4,3
2022-12-08,5,3
2022-12-08,6,13
2022-12-08,7,48
2022-12-08,8,141
2022-12-08,9,145
2022-12-08,10,101
2022-12-08,11,89
2022-12-08,12,101
2022-12-08,13,120
2022-12-08,14,102
2022-12-08,15,102
2022-12-08,16,158
2022-12-08,17,163
2022-12-08,18,140
2022-12-08,19,96
2022-12-08,20,74
2022-12-08,21,49
2022-12-08,22,35
2022-12-08,23,42
2022-12-09,0,11
2022-12-09,1,10
2022-12-09,2,3
2022-12-09,3,5
2022-12-09,4,9
2022-12-09,5,6
2022-12-09,6,13
2022-12-09,7,39
2022-12-09,8,127
2022-12-09,9,113
2022-12-09,10,82
2022-12-09,11,98
2022-12-09,12,120
2022-12-09,13,115
2022-12-09,14,126
2022-12-09,15,124
2022-12-09,16,150
2022-12-09,17,170
2022-12-09,18,130
2022-12-09,19,94
2022-12-09,20,67
2022-12-09,21,49
2022-12-09,22,50
2022-12-09,23,46
2022-12-10,0,39
2022-12-10,1,24
2022-12-10,2,28
2022-12-10,3,24
2022-12-10,4,8
2022-12-10,5,7
2022-12-10,6,5
2022-12-10,7,24
2022-12-10,8,31
2022-12-10,9,79
2022-12-10,10,94
2022-12-10,11,124
2022-12-10,12,130
2022-12-10,13,112
2022-12-10,14,126
2022-12-10,15,116
2022-12-10,16,107
2022-12-10,17,107
2022-12-10,18,99
2022-12-10,19,68
2022-12-10,20,36
2022-12-10,21,45
2022-12-10,22,39
2022-12-10,23,34
2022-12-11,0,27
2022-12-11,1,32
2022-12-11,2,24
2022-12-11,3,26
2022-12-11,4,11
2022-12-11,5,1
2022-12-11,6,6
2022-12-11,7,11
2022-12-11,8,18
2022-12-11,9,35
2022-12-11,10,46
2022-12-11,11,86
2022-12-11,12,116
2022-12-11,13,104
2022-12-11,14,105
2022-12-11,15,103
2022-12-11,16,112
2022-12-11,17,109
2022-12-11,18,88
2022-12-11,19,52
2022-12-11,20,46
2022-12-11,21,42
2022-12-11,22,31
2022-12-11,23,19
2022-12-12,0,13
2022-12-12,1,5
2022-12-12,2,2
2022-12-12,3,3
2022-12-12,4,4
2022-12-12,5,6
2022-12-12,6,15
2022-12-12,7,45
2022-12-12,8,107
2022-12-12,9,98
2022-12-12,10,88
2022-12-12,11,104
2022-12-12,12,93
2022-12-12,13,105
2022-12-12,14,99
2022-12-12,15,92
2022-12-12,16,108
2022-12-12,17,149
2022-12-12,18,100
2022-12-12,19,55
2022-12-12,20,42
2022-12-12,21,39
2022-12-12,22,19
2022-12-12,23,16
2022-12-13,0,7
2022-12-13,1,7
2022-12-13,2,4
2022-12-13,3,2
2022-12-13,4,4
2022-12-13,5,5
2022-12-13,6,16
2022-12-13,7,46
2022-12-13,8,139
2022-12-13,9,121
2022-12-13,10,101
2022-12-13,11,99
2022-12-13,12,105
2022-12-13,13,109
2022-12-13,14,101
2022-12-13,15,121
2022-12-13,16,162
2022-12-13,17,165
2022-12-13,18,142
2022-12-13,19,91
2022-12-13,20,56
2022-12-13,21,36
2022-12-13,22,26
2022-12-13,23,19
2022-12-14,0,15
2022-12-14,1,7
2022-12-14,2,5
2022-12-14,3,3
2022-12-14,4,3
2022-12-14,5,3
2022-12-14,6,8
2022-12-14,7,47
2022-12-14,8,136
2022-12-14,9,131
2022-12-14,10,132
2022-12-14,11,121
2022-12-14,12,133
2022-12-14,13,112
2022-12-14,14,108
2022-12-14,15,117
2022-12-14,16,153
2022-12-14,17,147
2022-12-14,18,125
2022-12-14,19,80
2022-12-14,20,64
2022-12-14,21,49
2022-12-14,22,33
2022-12-14,23,25
2022-12-15,0,17
2022-12-15,1,10
2022-12-15,2,3
2022-12-15,3,5
2022-12-15,4,4
2022-12-15,5,8
2022-12-15,6,9
2022-12-15,7,49
2022-12-15,8,119
2022-12-15,9,113
2022-12-15,10,86
2022-12-15,11,102
2022-12-15,12,117
2022-12-15,13,126
2022-12-15,14,124
2022-12-15,15,116
2022-12-15,16,192
2022-12-15,17,166
2022-12-15,18,168
2022-12-15,19,117
2022-12-15,20,68
2022-12-15,21,26
2022-12-15,22,42
2022-12-15,23,31
2022-12-16,0,16
2022-12-16,1,5
2022-12-16,2,8
2022-12-16,3,5
2022-12-16,4,4
2022-12-16,5,8
2022-12-16,6,14
2022-12-16,7,44
2022-12-16,8,119
2022-12-16,9,129
2022-12-16,10,80
2022-12-16,11,102
2022-12-16,12,141
2022-12-16,13,125
2022-12-16,14,132
2022-12-16,15,124
2022-12-16,16,137
2022-12-16,17,165
2022-12-16,18,133
2022-12-16,19,98
2022-12-16,20,71
2022-12-16,21,44
2022-12-16,22,40
2022-12-16,23,46
2022-12-17,0,46
2022-12-17,1,21
2022-12-17,2,11
2022-12-17,3,10
2022-12-17,4,5
2022-12-17,5,4
2022-12-17,6,9
2022-12-17,7,16
2022-12-17,8,49
2022-12-17,9,65
2022-12-17,10,111
2022-12-17,11,100
2022-12-17,12,132
2022-12-17,13,127
2022-12-17,14,127
2022-12-17,15,127
2022-12-17,16,130
2022-12-17,17,131
2022-12-17,18,119
2022-12-17,19,102
2022-12-17,20,56
2022-12-17,21,47
2022-12-17,22,45
2022-12-17,23,39
2022-12-18,0,24
2022-12-18,1,18
2022-12-18,2,29
2022-12-18,3,15
2022-12-18,4,7
2022-12-18,5,8
2022-12-18,6,8
2022-12-18,7,18
2022-12-18,8,14
2022-12-18,9,34
2022-12-18,10,73
2022-12-18,11,98
2022-12-18,12,98
2022-12-18,13,112
2022-12-18,14,107
2022-12-18,15,74
2022-12-18,16,67
2022-12-18,17,66
2022-12-18,18,83
2022-12-18,19,73
2022-12-18,20,48
2022-12-18,21,45
2022-12-18,22,28
2022-12-18,23,21
2022-12-19,0,15
2022-12-19,14,128
2022-12-19,15,111
2022-12-19,16,138
2022-12-19,17,152
2022-12-19,18,107
2022-12-19,19,61
2022-12-19,20,52
2022-12-19,21,47
2022-12-19,22,26
2022-12-19,23,20
2022-12-20,0,15
2022-12-20,1,1
2022-12-20,2,5
2022-12-20,3,2
2022-12-20,4,3
2022-12-20,5,5
2022-12-20,6,14
2022-12-20,7,53
2022-12-20,8,126
2022-12-20,9,153
2022-12-20,10,104
2022-12-20,11,105
2022-12-20,12,109
2022-12-20,13,125
2022-12-20,14,132
2022-12-20,15,131
2022-12-20,16,153
2022-12-20,17,176
2022-12-20,18,138
2022-12-20,19,107
2022-12-20,20,50
2022-12-20,21,32
2022-12-20,22,26
2022-12-20,23,30
2022-12-21,0,11
2022-12-21,1,10
2022-12-21,2,4
2022-12-21,3,2
2022-12-21,4,0
2022-12-21,5,6
2022-12-21,6,14
2022-12-21,7,52
2022-12-21,8,110
2022-12-21,9,137
2022-12-21,10,110
2022-12-21,11,120
2022-12-21,12,151
2022-12-21,13,139
2022-12-21,14,117
2022-12-21,15,126
2022-12-21,16,145
2022-12-21,17,155
2022-12-21,18,148
2022-12-21,19,96
2022-12-21,20,47
2022-12-21,21,35
2022-12-21,22,27
2022-12-21,23,21
2022-12-22,0,11
2022-12-22,1,4
2022-12-22,2,2
2022-12-22,3,2
2022-12-22,4,6
2022-12-22,5,9
2022-12-22,6,15
2022-12-22,7,38
2022-12-22,8,109
2022-12-22,9,102
2022-12-22,10,104
2022-12-22,11,131
2022-12-22,12,128
2022-12-22,13,158
2022-12-22,14,129
2022-12-22,15,144
2022-12-22,16,138
2022-12-22,17,125
2022-12-22,18,113
2022-12-22,19,80
2022-12-22,20,51
2022-12-22,21,36
2022-12-22,22,43
2022-12-22,23,23
2022-12-23,0,15
2022-12-23,1,5
2022-12-23,2,8
2022-12-23,3,5
2022-12-23,4,4
2022-12-23,5,6
2022-12-23,6,17
2022-12-23,7,25
2022-12-23,8,81
2022-12-23,9,88
2022-12-23,10,120
2022-12-23,11,130
2022-12-23,12,138
2022-12-23,13,174
2022-12-23,14,144
2022-12-23,15,136
2022-12-23,16,134
2022-12-23,17,138
2022-12-23,18,102
2022-12-23,19,74
2022-12-23,20,70
2022-12-23,21,43
2022-12-23,22,46
2022-12-23,23,30
2022-12-24,0,14
2022-12-24,1,15
2022-12-24,2,8
2022-12-24,3,8
2022-12-24,4,4
2022-12-24,5,4
2022-12-24,6,11
2022-12-24,7,8
2022-12-24,8,31
2022-12-24,9,65
2022-12-24,10,79
2022-12-24,11,117
2022-12-24,12,132
2022-12-24,13,111
2022-12-24,14,125
2022-12-24,15,93
2022-12-24,16,97
2022-12-24,17,87
2022-12-24,18,82
2022-12-24,19,52
2022-12-24,20,33
2022-12-24,21,34
2022-12-24,22,36
2022-12-24,23,18
2022-12-25,0,9
2022-12-25,1,5
2022-12-25,2,3
2022-12-25,3,1
2022-12-25,4,1
2022-12-25,5,1
2022-12-25,6,1
2022-12-25,7,2
2022-12-25,8,5
2022-12-25,9,6
2022-12-25,10,19
2022-12-25,11,35
2022-12-25,12,29
2022-12-25,13,55
2022-12-25,14,56
2022-12-25,15,49
2022-12-25,16,27
2022-12-25,17,24
2022-12-25,18,26
2022-12-25,19,24
2022-12-25,20,24
2022-12-25,21,25
2022-12-25,22,16
2022-12-25,23,15
2022-12-26,0,8
2022-12-26,1,5
2022-12-26,2,1
2022-12-26,3,3
2022-12-26,4,5
2022-12-26,5,3
2022-12-26,6,4
2022-12-26,7,10
2022-12-26,8,14
2022-12-26,9,18
2022-12-26,10,25
2022-12-26,11,36
2022-12-26,12,36
2022-12-26,13,61
2022-12-26,14,63
2022-12-26,15,52
2022-12-26,16,49
2022-12-26,17,62
2022-12-26,18,53
2022-12-26,19,43
2022-12-26,20,31
2022-12-26,21,28
2022-12-26,22,25
2022-12-26,23,23
2022-12-27,0,10
2022-12-27,1,8
2022-12-27,2,12
2022-12-27,3,12
2022-12-27,4,2
2022-12-27,5,6
2022-12-27,6,9
2022-12-27,7,11
2022-12-27,8,20
2022-12-27,9,28
2022-12-27,10,59
2022-12-27,11,71
2022-12-27,12,76
2022-12-27,13,104
2022-12-27,14,108
2022-12-27,15,90
2022-12-27,16,76
2022-12-27,17,79
2022-12-27,18,62
2022-12-27,19,44
2022-12-27,20,35
2022-12-27,21,28
2022-12-27,22,22
2022-12-27,23,21
2022-12-28,0,10
2022-12-28,1,6
2022-12-28,2,3
2022-12-28,3,1
2022-12-28,4,1
2022-12-28,5,3
2022-12-28,6,6
2022-12-28,7,14
2022-12-28,8,47
2022-12-28,9,52
2022-12-28,10,80
2022-12-28,11,102
2022-12-28,12,115
2022-12-28,13,96
2022-12-28,14,121
2022-12-28,15,90
2022-12-28,16,107
2022-12-28,17,121
2022-12-28,18,87
2022-12-28,19,64
2022-12-28,20,40
2022-12-28,21,26
2022-12-28,22,34
2022-12-28,23,22
2022-12-29,0,16
2022-12-29,1,7
2022-12-29,2,8
2022-12-29,3,3
2022-12-29,4,2
2022-12-29,5,4
2022-12-29,6,8
2022-12-29,7,17
2022-12-29,8,40
2022-12-29,9,60
2022-12-29,10,72
2022-12-29,11,96
2022-12-29,12,103
2022-12-29,13,120
2022-12-29,14,129
2022-12-29,15,93
2022-12-29,16,105
2022-12-29,17,84
2022-12-29,18,78
2022-12-29,19,66
2022-12-29,20,38
2022-12-29,21,41
2022-12-29,22,35
2022-12-29,23,17
2022-12-30,0,12
2022-12-30,1,14
2022-12-30,2,5
2022-12-30,3,1
2022-12-30,4,4
2022-12-30,5,7
2022-12-30,6,14
2022-12-30,7,15
2022-12-30,8,37
2022-12-30,9,62
2022-12-30,10,78
2022-12-30,11,99
2022-12-30,12,118
2022-12-30,13,125
2022-12-30,14,125
2022-12-30,15,129
2022-12-30,16,128
2022-12-30,17,104
2022-12-30,18,87
2022-12-30,19,90
2022-12-30,20,60
2022-12-30,21,43
2022-12-30,22,33
2022-12-30,23,23
2022-12-31,0,21
2022-12-31,1,5
2022-12-31,2,8
2022-12-31,3,12
2022-12-31,4,3
2022-12-31,5,4
2022-12-31,6,7
2022-12-31,7,11
2022-12-31,8,35
2022-12-31,9,48
2022-12-31,10,65
2022-12-31,11,80
2022-12-31,12,95
2022-12-31,13,107
2022-12-31,14,93
2022-12-31,15,96
2022-12-31,16,100
2022-12-31,17,78
2022-12-31,18,68
2022-12-31,19,56
2022-12-31,20,57
2022-12-31,21,37
2022-12-31,22,30
2022-12-31,23,16
2023-01-01,0,17
2023-01-01,1,33
2023-01-01,2,29
2023-01-01,3,21
2023-01-01,4,9
2023-01-01,5,5
2023-01-01,6,9
2023-01-01,7,7
2023-01-01,8,6
2023-01-01,9,6
2023-01-01,10,16
2023-01-01,11,21
2023-01-01,12,32
2023-01-01,13,40
2023-01-01,14,50
2023-01-01,15,50
2023-01-01,16,37
2023-01-01,17,48
2023-01-01,18,44
2023-01-01,19,38
2023-01-01,20,33
2023-01-01,21,24
2023-01-01,22,21
2023-01-01,23,14
2023-01-02,0,15
2023-01-02,1,3
2023-01-02,2,5
2023-01-02,3,5
2023-01-02,4,2
2023-01-02,5,5
2023-01-02,6,5
2023-01-02,7,6
2023-01-02,8,16
2023-01-02,9,17
2023-01-02,10,34
2023-01-02,11,81
2023-01-02,12,76
2023-01-02,13,53
2023-01-02,14,64
2023-01-02,15,89
2023-01-02,16,117
2023-01-02,17,81
2023-01-02,18,62
2023-01-02,19,39
2023-01-02,20,49
2023-01-02,21,37
2023-01-02,22,26
2023-01-02,23,11
2023-01-03,0,7
2023-01-03,1,7
2023-01-03,2,7
2023-01-03,3,4
2023-01-03,4,3
2023-01-03,5,2
2023-01-03,6,7
2023-01-03,7,11
2023-01-03,8,18
2023-01-03,9,33
2023-01-03,10,64
2023-01-03,11,65
2023-01-03,12,80
2023-01-03,13,98
2023-01-03,14,113
2023-01-03,15,95
2023-01-03,16,93
2023-01-03,17,101
2023-01-03,18,72
2023-01-03,19,50
2023-01-03,20,37
2023-01-03,21,33
2023-01-03,22,21
2023-01-03,23,12
2023-01-04,0,9
2023-01-04,1,4
2023-01-04,2,0
2023-01-04,3,1
2023-01-04,4,4
2023-01-04,5,5
2023-01-04,6,6
2023-01-04,7,37
2023-01-04,8,93
2023-01-04,9,88
2023-01-04,10,96
2023-01-04,11,82
2023-01-04,12,101
2023-01-04,13,102
2023-01-04,14,99
2023-01-04,15,99
2023-01-04,16,126
2023-01-04,17,121
2023-01-04,18,110
2023-01-04,19,71
2023-01-04,20,53
2023-01-04,21,30
2023-01-04,22,26
2023-01-04,23,20
2023-01-05,0,4
2023-01-05,1,3
2023-01-05,2,1
2023-01-05,3,2
2023-01-05,4,5
2023-01-05,5,2
2023-01-05,6,12
2023-01-05,7,35
2023-01-05,8,87
2023-01-05,9,121
2023-01-05,10,77
2023-01-05,11,102
2023-01-05,12,104
2023-01-05,13,105
2023-01-05,14,105
2023-01-05,15,106
2023-01-05,16,129
2023-01-05,17,129
2023-01-05,18,86
2023-01-05,19,62
2023-01-05,20,40
2023-01-05,21,25
2023-01-05,22,20
2023-01-05,23,14
2023-01-06,0,9
2023-01-06,1,4
2023-01-06,2,1
2023-01-06,3,2
2023-01-06,4,6
2023-01-06,5,8
2023-01-06,6,10
2023-01-06,7,31
2023-01-06,8,90
2023-01-06,9,108
2023-01-06,10,116
2023-01-06,11,116
2023-01-06,12,112
2023-01-06,13,139
2023-01-06,14,143
2023-01-06,15,151
2023-01-06,16,138
2023-01-06,17,134
2023-01-06,18,93
2023-01-06,19,96
2023-01-06,20,51
2023-01-06,21,30
2023-01-06,22,21
2023-01-06,23,29
2023-01-07,0,19
2023-01-07,1,7
2023-01-07,2,4
2023-01-07,3,4
2023-01-07,4,1
2023-01-07,5,5
2023-01-07,6,4
2023-01-07,7,16
2023-01-07,8,35
2023-01-07,9,50
2023-01-07,10,85
2023-01-07,11,96
2023-01-07,12,118
2023-01-07,13,115
2023-01-07,14,131
2023-01-07,15,102
2023-01-07,16,88
2023-01-07,17,105
2023-01-07,18,110
2023-01-07,19,90
2023-01-07,20,46
2023-01-07,21,39
2023-01-07,22,29
2023-01-07,23,27
2023-01-08,0,12
2023-01-08,1,16
2023-01-08,2,10
2023-01-08,3,5
2023-01-08,4,1
2023-01-08,5,4
2023-01-08,6,5
2023-01-08,7,4
2023-01-08,8,16
2023-01-08,9,29
2023-01-08,10,61
2023-01-08,11,69
2023-01-08,12,104
2023-01-08,13,118
2023-01-08,14,109
2023-01-08,15,102
2023-01-08,16,86
2023-01-08,17,87
2023-01-08,18,68
2023-01-08,19,59
2023-01-08,20,60
2023-01-08,21,31
2023-01-08,22,21
2023-01-08,23,15
2023-01-09,0,10
2023-01-09,1,3
2023-01-09,2,0
2023-01-09,3,1
2023-01-09,4,1
2023-01-09,5,3
2023-01-09,6,9
2023-01-09,7,54
2023-01-09,8,131
2023-01-09,9,121
2023-01-09,10,100
2023-01-09,11,89
2023-01-09,12,115
2023-01-09,13,106
2023-01-09,14,104
2023-01-09,15,98
2023-01-09,16,111
2023-01-09,17,143
2023-01-09,18,90
2023-01-09,19,58
2023-01-09,20,51
2023-01-09,21,27
2023-01-09,22,32
2023-01-09,23,20
2023-01-10,0,10
2023-01-10,1,2
2023-01-10,2,22
2023-01-10,3,23
2023-01-10,4,3
2023-01-10,5,8
2023-01-10,6,14
2023-01-10,7,45
2023-01-10,8,167
2023-01-10,9,128
2023-01-10,10,114
2023-01-10,11,113
2023-01-10,12,105
2023-01-10,13,94
2023-01-10,14,100
2023-01-10,15,106
2023-01-10,16,131
2023-01-10,17,238
2023-01-10,18,160
2023-01-10,19,67
2023-01-10,20,52
2023-01-10,21,41
2023-01-10,22,34
2023-01-10,23,16
2023-01-11,0,9
2023-01-11,1,10
2023-01-11,2,5
2023-01-11,3,2
2023-01-11,4,0
2023-01-11,5,6
2023-01-11,6,18
2023-01-11,7,62
2023-01-11,8,107
2023-01-11,9,132
2023-01-11,10,113
2023-01-11,11,100
2023-01-11,12,114
2023-01-11,13,107
2023-01-11,14,114
2023-01-11,15,90
2023-01-11,16,129
2023-01-11,17,171
2023-01-11,18,136
2023-01-11,19,86
2023-01-11,20,54
2023-01-11,21,32
2023-01-11,22,27
2023-01-11,23,19
2023-01-12,0,7
2023-01-12,1,7
2023-01-12,2,3
2023-01-12,3,7
2023-01-12,4,3
2023-01-12,5,6
2023-01-12,6,15
2023-01-12,7,48
2023-01-12,8,188
2023-01-12,9,139
2023-01-12,10,96
2023-01-12,11,119
2023-01-12,12,121
2023-01-12,13,127
2023-01-12,14,109
2023-01-12,15,118
2023-01-12,16,161
2023-01-12,17,241
2023-01-12,18,173
2023-01-12,19,87
2023-01-12,20,51
2023-01-12,21,31
2023-01-12,22,36
2023-01-12,23,21
2023-01-13,0,9
2023-01-13,1,4
2023-01-13,2,5
2023-01-13,3,3
2023-01-13,4,5
2023-01-13,5,4
2023-01-13,6,18
2023-01-13,7,40
2023-01-13,8,125
2023-01-13,9,112
2023-01-13,10,100
2023-01-13,11,108
2023-01-13,12,116
2023-01-13,13,129
2023-01-13,14,110
2023-01-13,15,118
2023-01-13,16,121
2023-01-13,17,161
2023-01-13,18,118
2023-01-13,19,94
2023-01-13,20,57
2023-01-13,21,40
2023-01-13,22,33
2023-01-13,23,22
2023-01-14,0,27
2023-01-14,1,13
2023-01-14,2,7
2023-01-14,3,4
2023-01-14,4,4
2023-01-14,5,9
2023-01-14,6,12
2023-01-14,7,16
2023-01-14,8,38
2023-01-14,9,65
2023-01-14,10,105
2023-01-14,11,108
2023-01-14,12,124
2023-01-14,13,148
2023-01-14,14,128
2023-01-14,15,124
2023-01-14,16,115
2023-01-14,17,93
2023-01-14,18,84
2023-01-14,19,64
2023-01-14,20,57
2023-01-14,21,42
2023-01-14,22,44
2023-01-14,23,28
2023-01-15,0,21
2023-01-15,1,16
2023-01-15,2,8
2023-01-15,3,7
2023-01-15,4,5
2023-01-15,5,2
2023-01-15,6,4
2023-01-15,7,10
2023-01-15,8,14
2023-01-15,9,24
2023-01-15,10,75
2023-01-15,11,98
2023-01-15,12,91
2023-01-15,13,118
2023-01-15,14,101
2023-01-15,15,87
2023-01-15,16,83
2023-01-15,17,89
2023-01-15,18,77
2023-01-15,19,42
2023-01-15,20,42
2023-01-15,21,31
2023-01-15,22,23
2023-01-15,23,18
2023-01-16,0,11
2023-01-16,1,6
2023-01-16,2,5
2023-01-16,3,4
2023-01-16,4,1
2023-01-16,5,4
2023-01-16,6,12
2023-01-16,7,48
2023-01-16,8,155
2023-01-16,9,137
2023-01-16,10,82
2023-01-16,11,87
2023-01-16,12,100
2023-01-16,13,95
2023-01-16,14,96
2023-01-16,15,89
2023-01-16,16,90
2023-01-16,17,115
2023-01-16,18,113
2023-01-16,19,66
2023-01-16,20,132
2023-01-16,21,72
2023-01-16,22,45
2023-01-16,23,20
2023-01-17,0,19
2023-01-17,1,9
2023-01-17,2,8
2023-01-17,3,7
2023-01-17,4,4
2023-01-17,5,7
2023-01-17,6,18
2023-01-17,7,50
2023-01-17,8,173
2023-01-17,9,126
2023-01-17,10,108
2023-01-17,11,93
2023-01-17,12,110
2023-01-17,13,102
2023-01-17,14,101
2023-01-17,15,105
2023-01-17,16,127
2023-01-17,17,197
2023-01-17,18,141
2023-01-17,19,76
2023-01-17,20,153
2023-01-17,21,74
2023-01-17,22,39
2023-01-17,23,31
2023-01-18,0,17
2023-01-18,1,10
2023-01-18,2,12
2023-01-18,3,8
2023-01-18,4,1
2023-01-18,5,3
2023-01-18,6,13
2023-01-18,7,55
2023-01-18,8,144
2023-01-18,9,134
2023-01-18,10,121
2023-01-18,11,102
2023-01-18,12,86
2023-01-18,13,114
2023-01-18,14,104
2023-01-18,15,111
2023-01-18,16,150
2023-01-18,17,193
2023-01-18,18,200
2023-01-18,19,81
2023-01-18,20,43
2023-01-18,21,39
2023-01-18,22,32
2023-01-18,23,19
2023-01-19,0,5
2023-01-19,1,11
2023-01-19,2,4
2023-01-19,3,0
2023-01-19,4,5
2023-01-19,5,5
2023-01-19,6,16
2023-01-19,7,51
2023-01-19,8,160
2023-01-19,9,156
2023-01-19,10,98
2023-01-19,11,99
2023-01-19,12,105
2023-01-19,13,91
2023-01-19,14,87
2023-01-19,15,104
2023-01-19,16,150
2023-01-19,17,202
2023-01-19,18,145
2023-01-19,19,76
2023-01-19,20,64
2023-01-19,21,30
2023-01-19,22,22
2023-01-19,23,27
2023-01-20,0,13
2023-01-20,1,7
2023-01-20,2,2
2023-01-20,3,4
2023-01-20,4,6
2023-01-20,5,5
2023-01-20,6,15
2023-01-20,7,28
2023-01-20,8,129
2023-01-20,9,130
2023-01-20,10,71
2023-01-20,11,102
2023-01-20,12,121
2023-01-20,13,149
2023-01-20,14,132
2023-01-20,15,120
2023-01-20,16,131
2023-01-20,17,134
2023-01-20,18,123
2023-01-20,19,94
2023-01-20,20,61
2023-01-20,21,35
2023-01-20,22,30
2023-01-20,23,22
2023-01-21,0,14
2023-01-21,1,14
2023-01-21,2,5
2023-01-21,3,4
2023-01-21,4,4
2023-01-21,5,6
2023-01-21,6,8
2023-01-21,7,22
2023-01-21,8,29
2023-01-21,9,60
2023-01-21,10,85
2023-01-21,11,115
2023-01-21,12,148
2023-01-21,13,130
2023-01-21,14,142
2023-01-21,15,124
2023-01-21,16,118
2023-01-21,17,95
2023-01-21,18,89
2023-01-21,19,71
2023-01-21,20,42
2023-01-21,21,38
2023-01-21,22,24
2023-01-21,23,26
2023-01-22,0,21
2023-01-22,1,17
2023-01-22,2,16
2023-01-22,3,10
2023-01-22,4,4
2023-01-22,5,5
2023-01-22,6,3
2023-01-22,7,8
2023-01-22,8,16
2023-01-22,9,28
2023-01-22,10,69
2023-01-22,11,105
2023-01-22,12,114
2023-01-22,13,101
2023-01-22,14,132
2023-01-22,15,93
2023-01-22,16,80
2023-01-22,17,94
2023-01-22,18,54
2023-01-22,19,46
2023-01-22,20,50
2023-01-22,21,44
2023-01-22,22,24
2023-01-22,23,18
2023-01-23,0,10
2023-01-23,1,5
2023-01-23,2,10
2023-01-23,3,1
2023-01-23,4,3
2023-01-23,5,4
2023-01-23,6,11
2023-01-23,7,27
2023-01-23,8,73
2023-01-23,9,126
2023-01-23,10,79
2023-01-23,11,92
2023-01-23,12,102
2023-01-23,13,99
2023-01-23,14,87
2023-01-23,15,78
2023-01-23,16,80
2023-01-23,17,133
2023-01-23,18,77
2023-01-23,19,84
2023-01-23,20,41
2023-01-23,21,33
2023-01-23,22,23
2023-01-23,23,12
2023-01-24,0,9
2023-01-24,1,5
2023-01-24,2,5
2023-01-24,3,3
2023-01-24,4,3
2023-01-24,5,5
2023-01-24,6,8
2023-01-24,7,43
2023-01-24,8,86
2023-01-24,9,131
2023-01-24,10,115
2023-01-24,11,80
2023-01-24,12,87
2023-01-24,13,99
2023-01-24,14,89
2023-01-24,15,95
2023-01-24,16,106
2023-01-24,17,161
2023-01-24,18,171
2023-01-24,19,85
2023-01-24,20,56
2023-01-24,21,34
2023-01-24,22,44
2023-01-24,23,29
2023-01-25,0,13
2023-01-25,1,2
2023-01-25,2,1
2023-01-25,3,4
2023-01-25,4,3
2023-01-25,5,3
2023-01-25,6,13
2023-01-25,7,44
2023-01-25,8,191
2023-01-25,9,120
2023-01-25,10,112
2023-01-25,11,120
2023-01-25,12,121
2023-01-25,13,104
2023-01-25,14,123
2023-01-25,15,94
2023-01-25,16,136
2023-01-25,17,171
2023-01-25,18,150
2023-01-25,19,83
2023-01-25,20,43
2023-01-25,21,28
2023-01-25,22,36
2023-01-25,23,24
2023-01-26,0,12
2023-01-26,1,7
2023-01-26,2,2
2023-01-26,3,4
2023-01-26,4,5
2023-01-26,5,4
2023-01-26,6,18
2023-01-26,7,59
2023-01-26,8,180
2023-01-26,9,137
2023-01-26,10,105
2023-01-26,11,126
2023-01-26,12,104
2023-01-26,13,107
2023-01-26,14,121
2023-01-26,15,114
2023-01-26,16,138
2023-01-26,17,211
2023-01-26,18,128
2023-01-26,19,97
2023-01-26,20,51
2023-01-26,21,38
2023-01-26,22,31
2023-01-26,23,22
2023-01-27,0,17
2023-01-27,1,5
2023-01-27,2,3
2023-01-27,3,3
2023-01-27,4,1
2023-01-27,5,4
2023-01-27,6,13
2023-01-27,7,34
2023-01-27,8,117
2023-01-27,9,117
2023-01-27,10,107
2023-01-27,11,114
2023-01-27,12,143
2023-01-27,13,133
2023-01-27,14,156
2023-01-27,15,148
2023-01-27,16,197
2023-01-27,17,146
2023-01-27,18,145
2023-01-27,19,92
2023-01-27,20,56
2023-01-27,21,62
2023-01-27,22,40
2023-01-27,23,50
2023-01-28,0,24
2023-01-28,1,15
2023-01-28,2,20
2023-01-28,3,10
2023-01-28,4,9
2023-01-28,5,6
2023-01-28,6,2
2023-01-28,7,22
2023-01-28,8,38
2023-01-28,9,77
2023-01-28,10,92
2023-01-28,11,106
2023-01-28,12,133
2023-01-28,13,148
2023-01-28,14,119
2023-01-28,15,98
2023-01-28,16,106
2023-01-28,17,150
2023-01-28,18,173
2023-01-28,19,72
2023-01-28,20,60
2023-01-28,21,31
2023-01-28,22,33
2023-01-28,23,31
2023-01-29,0,26
2023-01-29,1,18
2023-01-29,2,18
2023-01-29,3,17
2023-01-29,4,6
2023-01-29,5,4
2023-01-29,6,9
2023-01-29,7,6
2023-01-29,8,21
2023-01-29,9,35
2023-01-29,10,73
2023-01-29,11,81
2023-01-29,12,128
2023-01-29,13,106
2023-01-29,14,138
2023-01-29,15,100
2023-01-29,16,104
2023-01-29,17,82
2023-01-29,18,85
2023-01-29,19,79
2023-01-29,20,44
2023-01-29,21,35
2023-01-29,22,22
2023-01-29,23,17
2023-01-30,0,10
2023-01-30,1,9
2023-01-30,2,1
2023-01-30,3,4
2023-01-30,4,4
2023-01-30,5,5
2023-01-30,6,18
2023-01-30,7,45
2023-01-30,8,136
2023-01-30,9,119
2023-01-30,10,97
2023-01-30,11,90
2023-01-30,12,80
2023-01-30,13,103
2023-01-30,14,99
2023-01-30,15,112
2023-01-30,16,115
2023-01-30,17,140
2023-01-30,18,124
2023-01-30,19,70
2023-01-30,20,51
2023-01-30,21,40
2023-01-30,22,29
2023-01-30,23,13
2023-01-31,0,11
2023-01-31,1,4
2023-01-31,2,3
2023-01-31,3,0
2023-01-31,4,0
2023-01-31,5,5
2023-01-31,6,14
2023-01-31,7,47
2023-01-31,8,136
2023-01-31,9,147
2023-01-31,10,99
2023-01-31,11,102
2023-01-31,12,95
2023-01-31,13,100
2023-01-31,14,107
2023-01-31,15,110
2023-01-31,16,123
2023-01-31,17,165
2023-01-31,18,129
2023-01-31,19,82
2023-01-31,20,55
2023-01-31,21,45
2023-01-31,22,17
2023-01-31,23,12
2023-02-01,0,11
2023-02-01,1,5
2023-02-01,2,4
2023-02-01,3,4
2023-02-01,4,4
2023-02-01,5,6
2023-02-01,6,15
2023-02-01,7,51
2023-02-01,8,141
2023-02-01,9,131
2023-02-01,10,97
2023-02-01,11,87
2023-02-01,12,101
2023-02-01,13,123
2023-02-01,14,111
2023-02-01,15,113
2023-02-01,16,142
2023-02-01,17,262
2023-02-01,18,162
2023-02-01,19,117
2023-02-01,20,53
2023-02-01,21,39
2023-02-01,22,29
2023-02-01,23,20
2023-02-02,0,8
2023-02-02,1,10
2023-02-02,2,2
2023-02-02,3,2
2023-02-02,4,4
2023-02-02,5,7
2023-02-02,6,11
2023-02-02,7,58
2023-02-02,8,221
2023-02-02,9,289
2023-02-02,10,137
2023-02-02,11,93
2023-02-02,12,123
2023-02-02,13,97
2023-02-02,14,97
2023-02-02,15,93
2023-02-02,16,139
2023-02-02,17,254
2023-02-02,18,136
2023-02-02,19,96
2023-02-02,20,57
2023-02-02,21,71
2023-02-02,22,29
2023-02-02,23,32
2023-02-03,0,11
2023-02-03,1,2
2023-02-03,2,8
2023-02-03,3,0
2023-02-03,4,2
2023-02-03,5,5
2023-02-03,6,14
2023-02-03,7,45
2023-02-03,8,123
2023-02-03,9,120
2023-02-03,10,132
2023-02-03,11,118
2023-02-03,12,112
2023-02-03,13,144
2023-02-03,14,114
2023-02-03,15,117
2023-02-03,16,146
2023-02-03,17,122
2023-02-03,18,114
2023-02-03,19,87
2023-02-03,20,63
2023-02-03,21,43
2023-02-03,22,30
2023-02-03,23,19
2023-02-04,0,22
2023-02-04,1,12
2023-02-04,2,18
2023-02-04,3,18
2023-02-04,4,5
2023-02-04,5,6
2023-02-04,6,6
2023-02-04,7,19
2023-02-04,8,36
2023-02-04,9,61
2023-02-04,10,74
2023-02-04,11,90
2023-02-04,12,144
2023-02-04,13,151
2023-02-04,14,137
2023-02-04,15,132
2023-02-04,16,131
2023-02-04,17,103
2023-02-04,18,112
2023-02-04,19,85
2023-02-04,20,67
2023-02-04,21,41
2023-02-04,22,40
2023-02-04,23,33
2023-02-05,0,17
2023-02-05,1,21
2023-02-05,2,16
2023-02-05,3,9
2023-02-05,4,6
2023-02-05,5,4
2023-02-05,6,3
2023-02-05,7,8
2023-02-05,8,12
2023-02-05,9,27
2023-02-05,10,61
2023-02-05,11,90
2023-02-05,12,100
2023-02-05,13,102
2023-02-05,14,113
2023-02-05,15,100
2023-02-05,16,103
2023-02-05,17,87
2023-02-05,18,81
2023-02-05,19,53
2023-02-05,20,48
2023-02-05,21,26
2023-02-05,22,33
2023-02-05,23,16
2023-02-06,0,9
2023-02-06,1,5
2023-02-06,2,1
2023-02-06,3,1
2023-02-06,4,5
2023-02-06,5,5
2023-02-06,6,13
2023-02-06,7,43
2023-02-06,8,111
2023-02-06,9,130
2023-02-06,10,78
2023-02-06,11,78
2023-02-06,12,92
2023-02-06,13,116
2023-02-06,14,110
2023-02-06,15,112
2023-02-06,16,113
2023-02-06,17,139
2023-02-06,18,97
2023-02-06,19,63
2023-02-06,20,48
2023-02-06,21,38
2023-02-06,22,22
2023-02-06,23,14
2023-02-07,0,7
2023-02-07,1,3
2023-02-07,2,1
2023-02-07,3,3
2023-02-07,4,3
2023-02-07,5,2
2023-02-07,6,10
2023-02-07,7,62
2023-02-07,8,156
2023-02-07,9,142
2023-02-07,10,105
2023-02-07,11,84
2023-02-07,12,100
2023-02-07,13,93
2023-02-07,14,99
2023-02-07,15,98
2023-02-07,16,121
2023-02-07,17,144
2023-02-07,18,132
2023-02-07,19,93
2023-02-07,20,44
2023-02-07,21,30
2023-02-07,22,23
2023-02-07,23,11
2023-02-08,0,12
2023-02-08,1,8
2023-02-08,2,3
2023-02-08,3,1
2023-02-08,4,3
2023-02-08,5,6
2023-02-08,6,13
2023-02-08,7,53
2023-02-08,8,134
2023-02-08,9,132
2023-02-08,10,87
2023-02-08,11,98
2023-02-08,12,100
2023-02-08,13,91
2023-02-08,14,103
2023-02-08,15,107
2023-02-08,16,111
2023-02-08,17,163
2023-02-08,18,122
2023-02-08,19,95
2023-02-08,20,75
2023-02-08,21,33
2023-02-08,22,34
2023-02-08,23,16
2023-02-09,0,7
2023-02-09,1,4
2023-02-09,2,4
2023-02-09,3,5
2023-02-09,4,4
2023-02-09,5,5
2023-02-09,6,14
2023-02-09,7,38
2023-02-09,8,147
2023-02-09,9,137
2023-02-09,10,109
2023-02-09,11,96
2023-02-09,12,103
2023-02-09,13,91
2023-02-09,14,109
2023-02-09,15,95
2023-02-09,16,137
2023-02-09,17,176
2023-02-09,18,112
2023-02-09,19,68
2023-02-09,20,51
2023-02-09,21,40
2023-02-09,22,33
2023-02-09,23,15
2023-02-10,0,10
2023-02-10,1,4
2023-02-10,2,6
2023-02-10,3,7
2023-02-10,4,1
2023-02-10,5,3
2023-02-10,6,17
2023-02-10,7,55
2023-02-10,8,115
2023-02-10,9,114
2023-02-10,10,101
2023-02-10,11,95
2023-02-10,12,113
2023-02-10,13,149
2023-02-10,14,126
2023-02-10,15,100
2023-02-10,16,132
2023-02-10,17,156
2023-02-10,18,125
2023-02-10,19,108
2023-02-10,20,63
2023-02-10,21,46
2023-02-10,22,55
2023-02-10,23,30
2023-02-11,0,12
2023-02-11,1,11
2023-02-11,2,12
2023-02-11,3,11
2023-02-11,4,4
2023-02-11,5,6
2023-02-11,6,7
2023-02-11,7,10
2023-02-11,8,26
2023-02-11,9,52
2023-02-11,10,100
2023-02-11,11,109
2023-02-11,12,125
2023-02-11,13,145
2023-02-11,14,124
2023-02-11,15,108
2023-02-11,16,94
2023-02-11,17,90
2023-02-11,18,72
2023-02-11,19,74
2023-02-11,20,59
2023-02-11,21,48
2023-02-11,22,36
2023-02-11,23,27
2023-02-12,0,24
2023-02-12,1,19
2023-02-12,2,17
2023-02-12,3,14
2023-02-12,4,4
2023-02-12,5,2
2023-02-12,6,2
2023-02-12,7,8
2023-02-12,8,20
2023-02-12,9,28
2023-02-12,10,68
2023-02-12,11,106
2023-02-12,12,114
2023-02-12,13,126
2023-02-12,14,102
2023-02-12,15,82
2023-02-12,16,95
2023-02-12,17,104
2023-02-12,18,97
2023-02-12,19,65
2023-02-12,20,43
2023-02-12,21,34
2023-02-12,22,27
2023-02-12,23,19
2023-02-13,0,5
2023-02-13,1,6
2023-02-13,2,8
2023-02-13,3,6
2023-02-13,4,5
2023-02-13,5,4
2023-02-13,6,13
2023-02-13,7,46
2023-02-13,8,98
2023-02-13,9,84
2023-02-13,10,75
2023-02-13,11,93
2023-02-13,12,94
2023-02-13,13,109
2023-02-13,14,85
2023-02-13,15,97
2023-02-13,16,122
2023-02-13,17,131
2023-02-13,18,87
2023-02-13,19,71
2023-02-13,20,45
2023-02-13,21,35
2023-02-13,22,22
2023-02-13,23,9
2023-02-14,0,7
2023-02-14,1,5
2023-02-14,2,2
2023-02-14,3,2
2023-02-14,4,1
2023-02-14,5,6
2023-02-14,6,9
2023-02-14,7,42
2023-02-14,8,111
2023-02-14,9,102
2023-02-14,10,95
2023-02-14,11,84
2023-02-14,12,110
2023-02-14,13,112
2023-02-14,14,125
2023-02-14,15,101
2023-02-14,16,139
2023-02-14,17,161
2023-02-14,18,121
2023-02-14,19,68
2023-02-14,20,55
2023-02-14,21,28
2023-02-14,22,26
2023-02-14,23,19
2023-02-15,0,11
2023-02-15,1,4
2023-02-15,2,5
2023-02-15,3,2
2023-02-15,4,8
2023-02-15,5,5
2023-02-15,6,17
2023-02-15,7,48
2023-02-15,8,129
2023-02-15,9,138
2023-02-15,10,108
2023-02-15,11,109
2023-02-15,12,123
2023-02-15,13,108
2023-02-15,14,108
2023-02-15,15,104
2023-02-15,16,144
2023-02-15,17,173
2023-02-15,18,119
2023-02-15,19,72
2023-02-15,20,42
2023-02-15,21,34
2023-02-15,22,20
2023-02-15,23,17
2023-02-16,0,8
2023-02-16,1,2
2023-02-16,2,4
2023-02-16,3,1
2023-02-16,4,2
2023-02-16,5,5
2023-02-16,6,17
2023-02-16,7,53
2023-02-16,8,138
2023-02-16,9,121
2023-02-16,10,100
2023-02-16,11,115
2023-02-16,12,101
2023-02-16,13,135
2023-02-16,14,97
2023-02-16,15,124
2023-02-16,16,131
2023-02-16,17,153
2023-02-16,18,109
2023-02-16,19,104
2023-02-16,20,102
2023-02-16,21,57
2023-02-16,22,27
2023-02-16,23,19
2023-02-17,0,17
2023-02-17,1,4
2023-02-17,2,5
2023-02-17,3,3
2023-02-17,4,2
2023-02-17,5,6
2023-02-17,6,18
2023-02-17,7,43
2023-02-17,8,98
2023-02-17,9,117
2023-02-17,10,95
2023-02-17,11,142
2023-02-17,12,98
2023-02-17,13,123
2023-02-17,14,107
2023-02-17,15,114
2023-02-17,16,141
2023-02-17,17,135
2023-02-17,18,125
2023-02-17,19,106
2023-02-17,20,60
2023-02-17,21,57
2023-02-17,22,54
2023-02-17,23,27
2023-02-18,0,24
2023-02-18,1,14
2023-02-18,2,12
2023-02-18,3,8
2023-02-18,4,7
2023-02-18,5,1
2023-02-18,6,9
2023-02-18,7,48
2023-02-18,8,25
2023-02-18,9,70
2023-02-18,10,94
2023-02-18,11,122
2023-02-18,12,152
2023-02-18,13,140
2023-02-18,14,146
2023-02-18,15,112
2023-02-18,16,131
2023-02-18,17,139
2023-02-18,18,91
2023-02-18,19,110
2023-02-18,20,62
2023-02-18,21,44
2023-02-18,22,35
2023-02-18,23,24
2023-02-19,0,25
2023-02-19,1,13
2023-02-19,2,17
2023-02-19,3,10
2023-02-19,4,11
2023-02-19,5,6
2023-02-19,6,4
2023-02-19,7,10
2023-02-19,8,25
2023-02-19,9,34
2023-02-19,10,61
2023-02-19,11,96
2023-02-19,12,119
2023-02-19,13,123
2023-02-19,14,137
2023-02-19,15,113
2023-02-19,16,84
2023-02-19,17,97
2023-02-19,18,88
2023-02-19,19,62
2023-02-19,20,49
2023-02-19,21,31
2023-02-19,22,14
2023-02-19,23,22
2023-02-20,0,15
2023-02-20,1,8
2023-02-20,2,4
2023-02-20,3,3
2023-02-20,4,2
2023-02-20,5,8
2023-02-20,6,14
2023-02-20,7,52
2023-02-20,8,145
2023-02-20,9,114
2023-02-20,10,112
2023-02-20,11,99
2023-02-20,12,93
2023-02-20,13,97
2023-02-20,14,119
2023-02-20,15,97
2023-02-20,16,148
2023-02-20,17,194
2023-02-20,18,108
2023-02-20,19,65
2023-02-20,20,43
2023-02-20,21,31
2023-02-20,22,24
2023-02-20,23,16
2023-02-21,0,6
2023-02-21,1,2
2023-02-21,2,1
2023-02-21,3,1
2023-02-21,4,1
2023-02-21,5,8
2023-02-21,6,16
2023-02-21,7,57
2023-02-21,8,134
2023-02-21,9,139
2023-02-21,10,95
2023-02-21,11,110
2023-02-21,12,96
2023-02-21,13,104
2023-02-21,14,97
2023-02-21,15,114
2023-02-21,16,119
2023-02-21,17,179
2023-02-21,18,113
2023-02-21,19,82
2023-02-21,20,57
2023-02-21,21,36
2023-02-21,22,35
2023-02-21,23,14
2023-02-22,0,9
2023-02-22,1,7
2023-02-22,2,1
2023-02-22,3,5
2023-02-22,4,4
2023-02-22,5,1
2023-02-22,6,15
2023-02-22,7,54
2023-02-22,8,129
2023-02-22,9,146
2023-02-22,10,106
2023-02-22,11,99
2023-02-22,12,107
2023-02-22,13,87
2023-02-22,14,136
2023-02-22,15,90
2023-02-22,16,120
2023-02-22,17,156
2023-02-22,18,142
2023-02-22,19,101
2023-02-22,20,55
2023-02-22,21,29
2023-02-22,22,22
2023-02-22,23,14
2023-02-23,0,11
2023-02-23,1,6
2023-02-23,2,9
2023-02-23,3,5
2023-02-23,4,5
2023-02-23,5,6
2023-02-23,6,10
2023-02-23,7,45
2023-02-23,8,143
2023-02-23,9,150
2023-02-23,10,96
2023-02-23,11,106
2023-02-23,12,101
2023-02-23,13,116
2023-02-23,14,95
2023-02-23,15,129
2023-02-23,16,122
2023-02-23,17,160
2023-02-23,18,125
2023-02-23,19,99
2023-02-23,20,50
2023-02-23,21,42
2023-02-23,22,35
2023-02-23,23,21
2023-02-24,0,14
2023-02-24,1,9
2023-02-24,2,7
2023-02-24,3,3
2023-02-24,4,2
2023-02-24,5,9
2023-02-24,6,15
2023-02-24,7,44
2023-02-24,8,121
2023-02-24,9,118
2023-02-24,10,107
2023-02-24,11,99
2023-02-24,12,118
2023-02-24,13,118
2023-02-24,14,121
2023-02-24,15,102
2023-02-24,16,126
2023-02-24,17,138
2023-02-24,18,117
2023-02-24,19,113
2023-02-24,20,62
2023-02-24,21,65
2023-02-24,22,45
2023-02-24,23,33
2023-02-25,0,25
2023-02-25,1,12
2023-02-25,2,14
2023-02-25,3,7
2023-02-25,4,6
2023-02-25,5,6
2023-02-25,6,8
2023-02-25,7,15
2023-02-25,8,27
2023-02-25,9,63
2023-02-25,10,103
2023-02-25,11,104
2023-02-25,12,131
2023-02-25,13,140
2023-02-25,14,115
2023-02-25,15,119
2023-02-25,16,96
2023-02-25,17,98
2023-02-25,18,112
2023-02-25,19,103
2023-02-25,20,52
2023-02-25,21,44
2023-02-25,22,35
2023-02-25,23,35
2023-02-26,0,26
2023-02-26,1,26
2023-02-26,2,11
2023-02-26,3,12
2023-02-26,4,7
2023-02-26,5,9
2023-02-26,6,7
2023-02-26,7,5
2023-02-26,8,11
2023-02-26,9,29
2023-02-26,10,72
2023-02-26,11,85
2023-02-26,12,88
2023-02-26,13,103
2023-02-26,14,101
2023-02-26,15,91
2023-02-26,16,63
2023-02-26,17,82
2023-02-26,18,80
2023-02-26,19,61
2023-02-26,20,45
2023-02-26,21,35
2023-02-26,22,21
2023-02-26,23,14
2023-02-27,0,14
2023-02-27,1,7
2023-02-27,2,7
2023-02-27,3,5
2023-02-27,4,5
2023-02-27,5,4
2023-02-27,6,13
2023-02-27,7,47
2023-02-27,8,110
2023-02-27,9,101
2023-02-27,10,85
2023-02-27,11,82
2023-02-27,12,98
2023-02-27,13,111
2023-02-27,14,106
2023-02-27,15,88
2023-02-27,16,127
2023-02-27,17,142
2023-02-27,18,98
2023-02-27,19,78
2023-02-27,20,51
2023-02-27,21,33
2023-02-27,22,28
2023-02-27,23,17
2023-02-28,0,22
2023-02-28,1,9
2023-02-28,2,7
2023-02-28,3,3
2023-02-28,4,1
2023-02-28,5,13
2023-02-28,6,16
2023-02-28,7,61
2023-02-28,8,195
2023-02-28,9,116
2023-02-28,10,120
2023-02-28,11,91
2023-02-28,12,105
2023-02-28,13,132
2023-02-28,14,98
2023-02-28,15,117
2023-02-28,16,118
2023-02-28,17,188
2023-02-28,18,112
2023-02-28,19,72
2023-02-28,20,51
2023-02-28,21,49
2023-02-28,22,22
2023-02-28,23,19
2023-03-01,0,11
2023-03-01,1,2
2023-03-01,2,4
2023-03-01,3,5
2023-03-01,4,5
2023-03-01,5,2
2023-03-01,6,13
2023-03-01,7,50
2023-03-01,8,125
2023-03-01,9,114
2023-03-01,10,105
2023-03-01,11,109
2023-03-01,12,112
2023-03-01,13,129
2023-03-01,14,103
2023-03-01,15,94
2023-03-01,16,126
2023-03-01,17,159
2023-03-01,18,116
2023-03-01,19,83
2023-03-01,20,49
2023-03-01,21,34
2023-03-01,22,29
2023-03-01,23,16
2023-03-02,0,11
2023-03-02,1,7
2023-03-02,2,3
2023-03-02,3,4
2023-03-02,4,4
2023-03-02,5,7
2023-03-02,6,11
2023-03-02,7,44
2023-03-02,8,131
2023-03-02,9,155
2023-03-02,10,95
2023-03-02,11,100
2023-03-02,12,109
2023-03-02,13,104
2023-03-02,14,102
2023-03-02,15,111
2023-03-02,16,139
2023-03-02,17,196
2023-03-02,18,108
2023-03-02,19,90
2023-03-02,20,66
2023-03-02,21,48
2023-03-02,22,34
2023-03-02,23,21
2023-03-03,0,13
2023-03-03,1,7
2023-03-03,2,1
2023-03-03,3,3
2023-03-03,4,4
2023-03-03,5,5
2023-03-03,6,14
2023-03-03,7,52
2023-03-03,8,122
2023-03-03,9,132
2023-03-03,10,110
2023-03-03,11,119
2023-03-03,12,113
2023-03-03,13,125
2023-03-03,14,129
2023-03-03,15,122
2023-03-03,16,141
2023-03-03,17,149
2023-03-03,18,101
2023-03-03,19,102
2023-03-03,20,63
2023-03-03,21,42
2023-03-03,22,51
2023-03-03,23,37
2023-03-04,0,19
2023-03-04,1,11
2023-03-04,2,16
2023-03-04,3,11
2023-03-04,4,3
2023-03-04,5,1
2023-03-04,6,6
2023-03-04,7,25
2023-03-04,8,26
2023-03-04,9,66
2023-03-04,10,102
2023-03-04,11,118
2023-03-04,12,141
2023-03-04,13,137
2023-03-04,14,115
2023-03-04,15,119
2023-03-04,16,128
2023-03-04,17,111
2023-03-04,18,121
2023-03-04,19,68
2023-03-04,20,51
2023-03-04,21,40
2023-03-04,22,26
2023-03-04,23,30
2023-03-05,0,23
2023-03-05,1,25
2023-03-05,2,9
2023-03-05,3,9
2023-03-05,4,5
2023-03-05,5,4
2023-03-05,6,6
2023-03-05,7,14
2023-03-05,8,15
2023-03-05,9,50
2023-03-05,10,61
2023-03-05,11,90
2023-03-05,12,105
2023-03-05,13,135
2023-03-05,14,97
2023-03-05,15,104
2023-03-05,16,82
2023-03-05,17,84
2023-03-05,18,86
2023-03-05,19,68
2023-03-05,20,59
2023-03-05,21,22
2023-03-05,22,28
2023-03-05,23,17
2023-03-06,0,7
2023-03-06,1,9
2023-03-06,2,2
2023-03-06,3,1
2023-03-06,4,3
2023-03-06,5,5
2023-03-06,6,11
2023-03-06,7,48
2023-03-06,8,121
2023-03-06,9,137
2023-03-06,10,96
2023-03-06,11,104
2023-03-06,12,101
2023-03-06,13,95
2023-03-06,14,105
2023-03-06,15,101
2023-03-06,16,127
2023-03-06,17,120
2023-03-06,18,90
2023-03-06,19,53
2023-03-06,20,42
2023-03-06,21,30
2023-03-06,22,28
2023-03-06,23,16
2023-03-07,0,4
2023-03-07,1,6
2023-03-07,2,6
2023-03-07,3,4
2023-03-07,4,1
2023-03-07,5,3
2023-03-07,6,16
2023-03-07,7,54
2023-03-07,8,152
2023-03-07,9,136
2023-03-07,10,104
2023-03-07,11,100
2023-03-07,12,106
2023-03-07,13,64
2023-03-07,14,99
2023-03-07,15,104
2023-03-07,16,118
2023-03-07,17,176
2023-03-07,18,117
2023-03-07,19,83
2023-03-07,20,31
2023-03-07,21,41
2023-03-07,22,34
2023-03-07,23,17
2023-03-08,0,15
2023-03-08,1,7
2023-03-08,2,2
2023-03-08,3,6
2023-03-08,4,3
2023-03-08,5,3
2023-03-08,6,11
2023-03-08,7,58
2023-03-08,8,165
2023-03-08,9,167
2023-03-08,10,101
2023-03-08,11,102
2023-03-08,12,110
2023-03-08,13,98
2023-03-08,14,117
2023-03-08,15,107
2023-03-08,16,123
2023-03-08,17,233
2023-03-08,18,198
2023-03-08,19,93
2023-03-08,20,55
2023-03-08,21,32
2023-03-08,22,43
2023-03-08,23,24
2023-03-09,0,14
2023-03-09,1,6
2023-03-09,2,5
2023-03-09,3,4
2023-03-09,4,5
2023-03-09,5,7
2023-03-09,6,16
2023-03-09,7,43
2023-03-09,8,148
2023-03-09,9,141
2023-03-09,10,84
2023-03-09,11,123
2023-03-09,12,94
2023-03-09,13,112
2023-03-09,14,92
2023-03-09,15,129
2023-03-09,16,125
2023-03-09,17,162
2023-03-09,18,141
2023-03-09,19,98
2023-03-09,20,62
2023-03-09,21,48
2023-03-09,22,35
2023-03-09,23,16
2023-03-10,0,12
2023-03-10,1,3
2023-03-10,2,8
2023-03-10,3,3
2023-03-10,4,5
2023-03-10,5,6
2023-03-10,6,11
2023-03-10,7,47
2023-03-10,8,128
2023-03-10,9,120
2023-03-10,10,94
2023-03-10,11,114
2023-03-10,12,121
2023-03-10,13,142
2023-03-10,14,119
2023-03-10,15,123
2023-03-10,16,139
2023-03-10,17,146
2023-03-10,18,96
2023-03-10,19,90
2023-03-10,20,58
2023-03-10,21,45
2023-03-10,22,38
2023-03-10,23,27
2023-03-11,0,19
2023-03-11,1,18
2023-03-11,2,14
2023-03-11,3,13
2023-03-11,4,2
2023-03-11,5,5
2023-03-11,6,3
2023-03-11,7,25
2023-03-11,8,30
2023-03-11,9,82
2023-03-11,10,102
2023-03-11,11,119
2023-03-11,12,136
2023-03-11,13,128
2023-03-11,14,117
2023-03-11,15,101
2023-03-11,16,87
2023-03-11,17,102
2023-03-11,18,94
2023-03-11,19,79
2023-03-11,20,59
2023-03-11,21,51
2023-03-11,22,43
2023-03-11,23,42
2023-03-12,0,28
2023-03-12,1,19
2023-03-12,2,26
2023-03-12,3,23
2023-03-12,4,18
2023-03-12,5,5
2023-03-12,6,8
2023-03-12,7,13
2023-03-12,8,16
2023-03-12,9,54
2023-03-12,10,87
2023-03-12,11,127
2023-03-12,12,125
2023-03-12,13,121
2023-03-12,14,123
2023-03-12,15,114
2023-03-12,16,109
2023-03-12,17,92
2023-03-12,18,87
2023-03-12,19,69
2023-03-12,20,53
2023-03-12,21,38
2023-03-12,22,30
2023-03-12,23,22
2023-03-13,0,12
2023-03-13,1,7
2023-03-13,2,6
2023-03-13,3,5
2023-03-13,4,4
2023-03-13,5,7
2023-03-13,6,25
2023-03-13,7,51
2023-03-13,8,132
2023-03-13,9,141
2023-03-13,10,110
2023-03-13,11,88
2023-03-13,12,119
2023-03-13,13,123
2023-03-13,14,111
2023-03-13,15,101
2023-03-13,16,127
2023-03-13,17,147
2023-03-13,18,92
2023-03-13,19,88
2023-03-13,20,47
2023-03-13,21,28
2023-03-13,22,23
2023-03-13,23,20
2023-03-14,0,9
2023-03-14,1,3
2023-03-14,2,2
2023-03-14,3,4
2023-03-14,4,5
2023-03-14,5,11
2023-03-14,6,13
2023-03-14,7,63
2023-03-14,8,233
2023-03-14,9,167
2023-03-14,10,104
2023-03-14,11,122
2023-03-14,12,125
2023-03-14,13,99
2023-03-14,14,116
2023-03-14,15,115
2023-03-14,16,118
2023-03-14,17,140
2023-03-14,18,102
2023-03-14,19,80
2023-03-14,20,54
2023-03-14,21,33
2023-03-14,22,27
2023-03-14,23,16
2023-03-15,0,15
2023-03-15,1,5
2023-03-15,2,4
2023-03-15,3,4
2023-03-15,4,5
2023-03-15,5,4
2023-03-15,6,16
2023-03-15,7,52
2023-03-15,8,149
2023-03-15,9,146
2023-03-15,10,114
2023-03-15,11,108
2023-03-15,12,118
2023-03-15,13,120
2023-03-15,14,96
2023-03-15,15,129
2023-03-15,16,158
2023-03-15,17,205
2023-03-15,18,142
2023-03-15,19,95
2023-03-15,20,45
2023-03-15,21,46
2023-03-15,22,23
2023-03-15,23,28
2023-03-16,0,9
2023-03-16,1,5
2023-03-16,2,5
2023-03-16,3,0
2023-03-16,4,4
2023-03-16,5,6
2023-03-16,6,12
2023-03-16,7,65
2023-03-16,8,153
2023-03-16,9,152
2023-03-16,10,125
2023-03-16,11,117
2023-03-16,12,124
2023-03-16,13,138
2023-03-16,14,114
2023-03-16,15,122
2023-03-16,16,137
2023-03-16,17,182
2023-03-16,18,124
2023-03-16,19,95
2023-03-16,20,49
2023-03-16,21,36
2023-03-16,22,31
2023-03-16,23,29
2023-03-17,0,18
2023-03-17,1,4
2023-03-17,2,8
2023-03-17,3,3
2023-03-17,4,0
2023-03-17,5,10
2023-03-17,6,11
2023-03-17,7,52
2023-03-17,8,118
2023-03-17,9,140
2023-03-17,10,113
2023-03-17,11,154
2023-03-17,12,141
2023-03-17,13,145
2023-03-17,14,153
2023-03-17,15,144
2023-03-17,16,143
2023-03-17,17,162
2023-03-17,18,127
2023-03-17,19,91
2023-03-17,20,64
2023-03-17,21,50
2023-03-17,22,46
2023-03-17,23,50
2023-03-18,0,38
2023-03-18,1,27
2023-03-18,2,14
2023-03-18,3,10
2023-03-18,4,7
2023-03-18,5,7
2023-03-18,6,11
2023-03-18,7,20
2023-03-18,8,37
2023-03-18,9,71
2023-03-18,10,104
2023-03-18,11,123
2023-03-18,12,130
2023-03-18,13,133
2023-03-18,14,129
2023-03-18,15,120
2023-03-18,16,99
2023-03-18,17,83
2023-03-18,18,125
2023-03-18,19,101
2023-03-18,20,59
2023-03-18,21,35
2023-03-18,22,34
2023-03-18,23,32
2023-03-19,0,20
2023-03-19,1,32
2023-03-19,2,20
2023-03-19,3,17
2023-03-19,4,10
2023-03-19,5,2
2023-03-19,6,7
2023-03-19,7,13
2023-03-19,8,18
2023-03-19,9,69
2023-03-19,10,86
2023-03-19,11,101
2023-03-19,12,143
2023-03-19,13,118
2023-03-19,14,118
2023-03-19,15,82
2023-03-19,16,82
2023-03-19,17,120
2023-03-19,18,83
2023-03-19,19,74
2023-03-19,20,61
2023-03-19,21,52
2023-03-19,22,28
2023-03-19,23,51
2023-03-20,0,9
2023-03-20,1,8
2023-03-20,2,7
2023-03-20,3,8
2023-03-20,4,5
2023-03-20,5,4
2023-03-20,6,17
2023-03-20,7,54
2023-03-20,8,153
2023-03-20,9,117
2023-03-20,10,96
2023-03-20,11,74
2023-03-20,12,122
2023-03-20,13,103
2023-03-20,14,104
2023-03-20,15,84
2023-03-20,16,109
2023-03-20,17,130
2023-03-20,18,95
2023-03-20,19,64
2023-03-20,20,58
2023-03-20,21,30
2023-03-20,22,29
2023-03-20,23,16
2023-03-21,0,6
2023-03-21,1,4
2023-03-21,2,5
2023-03-21,3,2
2023-03-21,4,4
2023-03-21,5,8
2023-03-21,6,12
2023-03-21,7,48
2023-03-21,8,140
2023-03-21,9,120
2023-03-21,10,85
2023-03-21,11,82
2023-03-21,12,105
2023-03-21,13,95
2023-03-21,14,114
2023-03-21,15,94
2023-03-21,16,107
2023-03-21,17,142
2023-03-21,18,155
2023-03-21,19,76
2023-03-21,20,45
2023-03-21,21,28
2023-03-21,22,31
2023-03-21,23,13
2023-03-22,0,8
2023-03-22,1,4
2023-03-22,2,1
2023-03-22,3,4
2023-03-22,4,4
2023-03-22,5,5
2023-03-22,6,16
2023-03-22,7,60
2023-03-22,8,141
2023-03-22,9,132
2023-03-22,10,95
2023-03-22,11,104
2023-03-22,12,105
2023-03-22,13,117
2023-03-22,14,105
2023-03-22,15,83
2023-03-22,16,111
2023-03-22,17,156
2023-03-22,18,102
2023-03-22,19,74
2023-03-22,20,64
2023-03-22,21,42
2023-03-22,22,39
2023-03-22,23,19
2023-03-23,0,5
2023-03-23,1,3
2023-03-23,2,0
2023-03-23,3,1
2023-03-23,4,1
2023-03-23,5,5
2023-03-23,6,13
2023-03-23,7,52
2023-03-23,8,130
2023-03-23,9,126
2023-03-23,10,121
2023-03-23,11,118
2023-03-23,12,97
2023-03-23,13,106
2023-03-23,14,104
2023-03-23,15,96
2023-03-23,16,131
2023-03-23,17,173
2023-03-23,18,132
2023-03-23,19,133
2023-03-23,20,50
2023-03-23,21,36
2023-03-23,22,28
2023-03-23,23,30
2023-03-24,0,13
2023-03-24,1,2
2023-03-24,2,3
2023-03-24,3,0
2023-03-24,4,6
2023-03-24,5,7
2023-03-24,6,14
2023-03-24,7,41
2023-03-24,8,117
2023-03-24,9,106
2023-03-24,10,111
2023-03-24,11,103
2023-03-24,12,105
2023-03-24,13,138
2023-03-24,14,114
2023-03-24,15,115
2023-03-24,16,173
2023-03-24,17,129
2023-03-24,18,116
2023-03-24,19,84
2023-03-24,20,56
2023-03-24,21,48
2023-03-24,22,30
2023-03-24,23,41
2023-03-25,0,26
2023-03-25,1,13
2023-03-25,2,15
2023-03-25,3,12
2023-03-25,4,6
2023-03-25,5,5
2023-03-25,6,9
2023-03-25,7,25
2023-03-25,8,40
2023-03-25,9,54
2023-03-25,10,78
2023-03-25,11,101
2023-03-25,12,111
2023-03-25,13,120
2023-03-25,14,109
2023-03-25,15,106
2023-03-25,16,105
2023-03-25,17,124
2023-03-25,18,111
2023-03-25,19,58
2023-03-25,20,52
2023-03-25,21,54
2023-03-25,22,50
2023-03-25,23,38
2023-03-26,0,22
2023-03-26,1,21
2023-03-26,2,18
2023-03-26,3,13
2023-03-26,4,8
2023-03-26,5,7
2023-03-26,6,10
2023-03-26,7,18
2023-03-26,8,31
2023-03-26,9,52
2023-03-26,10,81
2023-03-26,11,107
2023-03-26,12,116
2023-03-26,13,113
2023-03-26,14,73
2023-03-26,15,95
2023-03-26,16,105
2023-03-26,17,89
2023-03-26,18,63
2023-03-26,19,56
2023-03-26,20,30
2023-03-26,21,30
2023-03-26,22,26
2023-03-26,23,12
2023-03-27,0,9
2023-03-27,1,4
2023-03-27,2,2
2023-03-27,3,2
2023-03-27,4,8
2023-03-27,5,11
2023-03-27,6,38
2023-03-27,7,108
2023-03-27,8,136
2023-03-27,9,91
2023-03-27,10,88
2023-03-27,11,92
2023-03-27,12,94
2023-03-27,13,91
2023-03-27,14,93
2023-03-27,15,92
2023-03-27,16,146
2023-03-27,17,109
2023-03-27,18,66
2023-03-27,19,60
2023-03-27,20,46
2023-03-27,21,38
2023-03-27,22,13
2023-03-27,23,10
2023-03-28,0,6
2023-03-28,1,2
2023-03-28,2,2
2023-03-28,3,2
2023-03-28,4,5
2023-03-28,5,14
2023-03-28,6,49
2023-03-28,7,144
2023-03-28,8,138
2023-03-28,9,126
2023-03-28,10,82
2023-03-28,11,96
2023-03-28,12,99
2023-03-28,13,115
2023-03-28,14,123
2023-03-28,15,121
2023-03-28,16,150
2023-03-28,17,117
2023-03-28,18,98
2023-03-28,19,47
2023-03-28,20,34
2023-03-28,21,31
2023-03-28,22,39
2023-03-28,23,9
2023-03-29,0,5
2023-03-29,1,4
2023-03-29,2,1
2023-03-29,3,5
2023-03-29,4,8
2023-03-29,5,15
2023-03-29,6,52
2023-03-29,7,127
2023-03-29,8,122
2023-03-29,9,110
2023-03-29,10,108
2023-03-29,11,100
2023-03-29,12,106
2023-03-29,13,111
2023-03-29,14,126
2023-03-29,15,118
2023-03-29,16,141
2023-03-29,17,105
2023-03-29,18,70
2023-03-29,19,38
2023-03-29,20,30
2023-03-29,21,21
2023-03-29,22,11
2023-03-29,23,12
2023-03-30,0,3
2023-03-30,1,7
2023-03-30,2,4
2023-03-30,3,3
2023-03-30,4,5
2023-03-30,5,16
2023-03-30,6,51
2023-03-30,7,144
2023-03-30,8,153
2023-03-30,9,99
2023-03-30,10,100
2023-03-30,11,104
2023-03-30,12,95
2023-03-30,13,100
2023-03-30,14,101
2023-03-30,15,140
2023-03-30,16,146
2023-03-30,17,120
2023-03-30,18,95
2023-03-30,19,58
2023-03-30,20,37
2023-03-30,21,49
2023-03-30,22,28
2023-03-30,23,11
2023-03-31,0,8
2023-03-31,1,4
2023-03-31,2,0
2023-03-31,3,4
2023-03-31,4,4
2023-03-31,5,10
2023-03-31,6,37
2023-03-31,7,105
2023-03-31,8,133
2023-03-31,9,123
2023-03-31,10,105
2023-03-31,11,109
2023-03-31,12,122
2023-03-31,13,113
2023-03-31,14,137
2023-03-31,15,139
2023-03-31,16,139
2023-03-31,17,99
2023-03-31,18,77
2023-03-31,19,68
2023-03-31,20,38
2023-03-31,21,44
2023-03-31,22,34
2023-03-31,23,22
2023-04-01,0,20
2023-04-01,1,14
2023-04-01,2,8
2023-04-01,3,5
2023-04-01,4,7
2023-04-01,5,3
2023-04-01,6,25
2023-04-01,7,36
2023-04-01,8,71
2023-04-01,9,83
2023-04-01,10,89
2023-04-01,11,141
2023-04-01,12,102
2023-04-01,13,120
2023-04-01,14,106
2023-04-01,15,98
2023-04-01,16,113
2023-04-01,17,98
2023-04-01,18,74
2023-04-01,19,60
2023-04-01,20,47
2023-04-01,21,34
2023-04-01,22,27
2023-04-01,23,24
2023-04-02,0,11
2023-04-02,1,9
2023-04-02,2,8
2023-04-02,3,7
2023-04-02,4,0
2023-04-02,5,4
2023-04-02,6,7
2023-04-02,7,18
2023-04-02,8,24
2023-04-02,9,60
2023-04-02,10,74
2023-04-02,11,96
2023-04-02,12,99
2023-04-02,13,90
2023-04-02,14,90
2023-04-02,15,87
2023-04-02,16,86
2023-04-02,17,70
2023-04-02,18,63
2023-04-02,19,46
2023-04-02,20,20
2023-04-02,21,25
2023-04-02,22,14
2023-04-02,23,13
2023-04-03,0,5
2023-04-03,1,0
2023-04-03,2,2
2023-04-03,3,3
2023-04-03,4,4
2023-04-03,5,12
2023-04-03,6,49
2023-04-03,7,120
2023-04-03,8,109
2023-04-03,9,79
2023-04-03,10,87
2023-04-03,11,107
2023-04-03,12,91
2023-04-03,13,98
2023-04-03,14,88
2023-04-03,15,92
2023-04-03,16,128
2023-04-03,17,97
2023-04-03,18,69
2023-04-03,19,74
2023-04-03,20,38
2023-04-03,21,29
2023-04-03,22,14
2023-04-03,23,13
2023-04-04,0,8
2023-04-04,1,8
2023-04-04,2,3
2023-04-04,3,0
2023-04-04,4,1
2023-04-04,5,15
2023-04-04,6,51
2023-04-04,7,128
2023-04-04,8,104
2023-04-04,9,98
2023-04-04,10,110
2023-04-04,11,91
2023-04-04,12,99
2023-04-04,13,87
2023-04-04,14,85
2023-04-04,15,104
2023-04-04,16,136
2023-04-04,17,106
2023-04-04,18,66
2023-04-04,19,44
2023-04-04,20,26
2023-04-04,21,35
2023-04-04,22,10
2023-04-04,23,12
2023-04-05,0,7
2023-04-05,1,4
2023-04-05,2,2
2023-04-05,3,7
2023-04-05,4,13
2023-04-05,5,15
2023-04-05,6,59
2023-04-05,7,114
2023-04-05,8,120
2023-04-05,9,99
2023-04-05,10,105
2023-04-05,11,118
2023-04-05,12,126
2023-04-05,13,99
2023-04-05,14,101
2023-04-05,15,145
2023-04-05,16,152
2023-04-05,17,145
2023-04-05,18,93
2023-04-05,19,55
2023-04-05,20,44
2023-04-05,21,38
2023-04-05,22,14
2023-04-05,23,14
2023-04-06,0,8
2023-04-06,1,3
2023-04-06,2,8
2023-04-06,3,2
2023-04-06,4,8
2023-04-06,5,11
2023-04-06,6,44
2023-04-06,7,110
2023-04-06,8,107
2023-04-06,9,111
2023-04-06,10,112
2023-04-06,11,113
2023-04-06,12,122
2023-04-06,13,107
2023-04-06,14,117
2023-04-06,15,117
2023-04-06,16,126
2023-04-06,17,121
2023-04-06,18,93
2023-04-06,19,64
2023-04-06,20,48
2023-04-06,21,36
2023-04-06,22,24
2023-04-06,23,22
2023-04-07,0,12
2023-04-07,1,5
2023-04-07,2,6
2023-04-07,3,2
2023-04-07,4,5
2023-04-07,5,10
2023-04-07,6,34
2023-04-07,7,68
2023-04-07,8,77
2023-04-07,9,86
2023-04-07,10,90
2023-04-07,11,126
2023-04-07,12,112
2023-04-07,13,121
2023-04-07,14,106
2023-04-07,15,101
2023-04-07,16,112
2023-04-07,17,96
2023-04-07,18,81
2023-04-07,19,49
2023-04-07,20,49
2023-04-07,21,31
2023-04-07,22,31
2023-04-07,23,20
2023-04-08,0,11
2023-04-08,1,6
2023-04-08,2,7
2023-04-08,3,2
2023-04-08,4,5
2023-04-08,5,6
2023-04-08,6,22
2023-04-08,7,25
2023-04-08,8,69
2023-04-08,9,84
2023-04-08,10,97
2023-04-08,11,105
2023-04-08,12,90
2023-04-08,13,84
2023-04-08,14,87
2023-04-08,15,89
2023-04-08,16,83
2023-04-08,17,78
2023-04-08,18,62
2023-04-08,19,58
2023-04-08,20,44
2023-04-08,21,23
2023-04-08,22,33
2023-04-08,23,19
2023-04-09,0,18
2023-04-09,1,11
2023-04-09,2,8
2023-04-09,3,3
2023-04-09,4,2
2023-04-09,5,7
2023-04-09,6,9
2023-04-09,7,14
2023-04-09,8,34
2023-04-09,9,56
2023-04-09,10,57
2023-04-09,11,76
2023-04-09,12,90
2023-04-09,13,92
2023-04-09,14,86
2023-04-09,15,66
2023-04-09,16,70
2023-04-09,17,71
2023-04-09,18,68
2023-04-09,19,68
2023-04-09,20,34
2023-04-09,21,28
2023-04-09,22,21
2023-04-09,23,20
2023-04-10,0,6
2023-04-10,1,6
2023-04-10,2,2
2023-04-10,3,6
2023-04-10,4,7
2023-04-10,5,7
2023-04-10,6,15
2023-04-10,7,23
2023-04-10,8,38
2023-04-10,9,59
2023-04-10,10,92
2023-04-10,11,108
2023-04-10,12,99
2023-04-10,13,102
2023-04-10,14,65
2023-04-10,15,80
2023-04-10,16,92
2023-04-10,17,71
2023-04-10,18,67
2023-04-10,19,64
2023-04-10,20,35
2023-04-10,21,18
2023-04-10,22,13
2023-04-10,23,10
2023-04-11,0,8
2023-04-11,1,0
2023-04-11,2,1
2023-04-11,3,5
2023-04-11,4,3
2023-04-11,5,13
2023-04-11,6,49
2023-04-11,7,111
2023-04-11,8,91
2023-04-11,9,113
2023-04-11,10,87
2023-04-11,11,99
2023-04-11,12,103
2023-04-11,13,97
2023-04-11,14,107
2023-04-11,15,115
2023-04-11,16,148
2023-04-11,17,119
2023-04-11,18,72
2023-04-11,19,41
2023-04-11,20,130
2023-04-11,21,73
2023-04-11,22,38
2023-04-11,23,25
2023-04-12,0,7
2023-04-12,1,14
2023-04-12,2,8
2023-04-12,3,14
2023-04-12,4,9
2023-04-12,5,14
2023-04-12,6,41
2023-04-12,7,101
2023-04-12,8,112
2023-04-12,9,97
2023-04-12,10,108
2023-04-12,11,120
2023-04-12,12,96
2023-04-12,13,105
2023-04-12,14,100
2023-04-12,15,108
2023-04-12,16,138
2023-04-12,17,118
2023-04-12,18,82
2023-04-12,19,149
2023-04-12,20,113
2023-04-12,21,84
2023-04-12,22,33
2023-04-12,23,28
2023-04-13,0,8
2023-04-13,1,5
2023-04-13,2,0
2023-04-13,3,6
2023-04-13,4,8
2023-04-13,5,12
2023-04-13,6,50
2023-04-13,7,102
2023-04-13,8,97
2023-04-13,9,110
2023-04-13,10,118
2023-04-13,11,111
2023-04-13,12,101
2023-04-13,13,99
2023-04-13,14,98
2023-04-13,15,116
2023-04-13,16,140
2023-04-13,17,112
2023-04-13,18,87
2023-04-13,19,54
2023-04-13,20,42
2023-04-13,21,39
2023-04-13,22,29
2023-04-13,23,40
2023-04-14,0,25
2023-04-14,1,10
2023-04-14,2,16
2023-04-14,3,21
2023-04-14,4,12
2023-04-14,5,18
2023-04-14,6,49
2023-04-14,7,95
2023-04-14,8,117
2023-04-14,9,122
2023-04-14,10,130
2023-04-14,11,103
2023-04-14,12,124
2023-04-14,13,104
2023-04-14,14,111
2023-04-14,15,106
2023-04-14,16,124
2023-04-14,17,117
2023-04-14,18,98
2023-04-14,19,78
2023-04-14,20,43
2023-04-14,21,45
2023-04-14,22,30
2023-04-14,23,18
2023-04-15,0,18
2023-04-15,1,11
2023-04-15,2,10
2023-04-15,3,7
2023-04-15,4,4
2023-04-15,5,11
2023-04-15,6,25
2023-04-15,7,39
2023-04-15,8,62
2023-04-15,9,121
2023-04-15,10,101
2023-04-15,11,129
2023-04-15,12,109
2023-04-15,13,114
2023-04-15,14,107
2023-04-15,15,86
2023-04-15,16,106
2023-04-15,17,88
2023-04-15,18,100
2023-04-15,19,61
2023-04-15,20,45
2023-04-15,21,40
2023-04-15,22,24
2023-04-15,23,26
2023-04-16,0,18
2023-04-16,1,15
2023-04-16,2,12
2023-04-16,3,5
2023-04-16,4,5
2023-04-16,5,8
2023-04-16,6,15
2023-04-16,7,17
2023-04-16,8,35
2023-04-16,9,54
2023-04-16,10,88
2023-04-16,11,80
2023-04-16,12,96
2023-04-16,13,101
2023-04-16,14,118
2023-04-16,15,96
2023-04-16,16,96
2023-04-16,17,77
2023-04-16,18,56
2023-04-16,19,43
2023-04-16,20,38
2023-04-16,21,25
2023-04-16,22,12
2023-04-16,23,17
2023-04-17,0,7
2023-04-17,1,3
2023-04-17,2,1
2023-04-17,3,3
2023-04-17,4,6
2023-04-17,5,12
2023-04-17,6,35
2023-04-17,7,121
2023-04-17,8,96
2023-04-17,9,71
2023-04-17,10,105
2023-04-17,11,108
2023-04-17,12,119
2023-04-17,13,95
2023-04-17,14,93
2023-04-17,15,116
2023-04-17,16,131
2023-04-17,17,99
2023-04-17,18,80
2023-04-17,19,51
2023-04-17,20,29
2023-04-17,21,27
2023-04-17,22,19
2023-04-17,23,11
2023-04-18,0,0
2023-04-18,1,7
2023-04-18,2,2
2023-04-18,3,2
2023-04-18,4,10
2023-04-18,5,13
2023-04-18,6,55
2023-04-18,7,131
2023-04-18,8,116
2023-04-18,9,86
2023-04-18,10,100
2023-04-18,11,92
2023-04-18,12,98
2023-04-18,13,86
2023-04-18,14,93
2023-04-18,15,112
2023-04-18,16,163
2023-04-18,17,109
2023-04-18,18,102
2023-04-18,19,56
2023-04-18,20,45
2023-04-18,21,38
2023-04-18,22,14
2023-04-18,23,14
2023-04-19,0,2
2023-04-19,1,1
2023-04-19,2,1
2023-04-19,3,4
2023-04-19,4,5
2023-04-19,5,17
2023-04-19,6,43
2023-04-19,7,141
2023-04-19,8,161
2023-04-19,9,104
2023-04-19,10,100
2023-04-19,11,99
2023-04-19,12,93
2023-04-19,13,114
2023-04-19,14,114
2023-04-19,15,137
2023-04-19,16,145
2023-04-19,17,110
2023-04-19,18,84
2023-04-19,19,48
2023-04-19,20,38
2023-04-19,21,20
2023-04-19,22,16
2023-04-19,23,8
2023-04-20,0,7
2023-04-20,1,1
2023-04-20,2,0
2023-04-20,3,0
2023-04-20,4,7
2023-04-20,5,16
2023-04-20,6,66
2023-04-20,7,146
2023-04-20,8,125
2023-04-20,9,111
2023-04-20,10,104
2023-04-20,11,107
2023-04-20,12,101
2023-04-20,13,121
2023-04-20,14,120
2023-04-20,15,129
2023-04-20,16,175
2023-04-20,17,162
2023-04-20,18,108
2023-04-20,19,61
2023-04-20,20,38
2023-04-20,21,23
2023-04-20,22,24
2023-04-20,23,7
2023-04-21,0,5
2023-04-21,1,1
2023-04-21,2,3
2023-04-21,3,2
2023-04-21,4,12
2023-04-21,5,11
2023-04-21,6,47
2023-04-21,7,137
2023-04-21,8,129
2023-04-21,9,111
2023-04-21,10,119
2023-04-21,11,135
2023-04-21,12,154
2023-04-21,13,119
2023-04-21,14,132
2023-04-21,15,142
2023-04-21,16,135
2023-04-21,17,125
2023-04-21,18,90
2023-04-21,19,50
2023-04-21,20,45
2023-04-21,21,70
2023-04-21,22,21
2023-04-21,23,19
2023-04-22,0,9
2023-04-22,1,12
2023-04-22,2,16
2023-04-22,3,7
2023-04-22,4,7
2023-04-22,5,6
2023-04-22,6,25
2023-04-22,7,32
2023-04-22,8,62
2023-04-22,9,101
2023-04-22,10,114
2023-04-22,11,109
2023-04-22,12,109
2023-04-22,13,122
2023-04-22,14,89
2023-04-22,15,99
2023-04-22,16,100
2023-04-22,17,87
2023-04-22,18,69
2023-04-22,19,60
2023-04-22,20,40
2023-04-22,21,37
2023-04-24,9,96
2023-04-24,10,88
2023-04-24,11,98
2023-04-24,12,104
2023-04-24,13,109
2023-04-24,14,109
2023-04-24,15,129
2023-04-24,16,139
2023-04-24,17,80
2023-04-24,18,64
2023-04-24,19,52
2023-04-24,20,32
2023-04-24,21,24
2023-04-24,22,12
2023-04-24,23,8
2023-04-25,0,1
2023-04-25,1,5
2023-04-25,2,4
2023-04-25,3,2
2023-04-25,4,4
2023-04-25,5,10
2023-04-25,6,53
2023-04-25,7,154
2023-04-25,8,132
2023-04-25,9,94
2023-04-25,10,93
2023-04-25,11,92
2023-04-25,12,105
2023-04-25,13,101
2023-04-25,14,116
2023-04-25,15,128
2023-04-25,16,151
2023-04-25,17,125
2023-04-25,18,92
2023-04-25,19,45
2023-04-25,20,36
2023-04-25,21,27
2023-04-25,22,18
2023-04-25,23,9
2023-04-26,0,6
2023-04-26,1,3
2023-04-26,2,2
2023-04-26,3,0
2023-04-26,4,9
2023-04-26,5,9
2023-04-26,6,66
2023-04-26,7,179
2023-04-26,8,162
2023-04-26,9,117
2023-04-26,10,121
2023-04-26,11,133
2023-04-26,12,106
2023-04-26,13,132
2023-04-26,14,87
2023-04-26,15,122
2023-04-26,16,132
2023-04-26,17,109
2023-04-26,18,92
2023-04-26,19,66
2023-04-26,20,42
2023-04-26,21,37
2023-04-26,22,22
2023-04-26,23,13
2023-04-27,0,5
2023-04-27,1,4
2023-04-27,2,2
2023-04-27,3,5
2023-04-27,4,7
2023-04-27,5,16
2023-04-27,6,66
2023-04-27,7,147
2023-04-27,8,138
2023-04-27,9,95
2023-04-27,10,113
2023-04-27,11,161
2023-04-27,12,134
2023-04-27,13,120
2023-04-27,14,125
2023-04-27,15,142
2023-04-27,16,163
2023-04-27,17,160
2023-04-27,18,91
2023-04-27,19,58
2023-04-27,20,40
2023-04-27,21,43
2023-04-27,22,19
2023-04-27,23,12
2023-04-28,0,12
2023-04-28,1,4
2023-04-28,2,9
2023-04-28,3,2
2023-04-28,4,11
2023-04-28,5,13
2023-04-28,6,43
2023-04-28,7,146
2023-04-28,8,145
2023-04-28,9,111
2023-04-28,10,116
2023-04-28,11,148
2023-04-28,12,144
2023-04-28,13,159
2023-04-28,14,139
2023-04-28,15,151
2023-04-28,16,148
2023-04-28,17,126
2023-04-28,18,104
2023-04-28,19,55
2023-04-28,20,48
2023-04-28,21,45
2023-04-28,22,41
2023-04-28,23,26
2023-04-29,0,14
2023-04-29,1,14
2023-04-29,2,8
2023-04-29,3,6
2023-04-29,4,9
2023-04-29,5,5
2023-04-29,6,18
2023-04-29,7,43
2023-04-29,8,65
2023-04-29,9,89
2023-04-29,10,123
2023-04-29,11,126
2023-04-29,12,132
2023-04-29,13,113
2023-04-29,14,122
2023-04-29,15,113
2023-04-29,16,107
2023-04-29,17,114
2023-04-29,18,89
2023-04-29,19,49
2023-04-29,20,45
2023-04-29,21,41
2023-04-29,22,27
2023-04-29,23,23
2023-04-30,0,19
2023-04-30,1,11
2023-04-30,2,23
2023-04-30,3,6
2023-04-30,4,9
2023-04-30,5,1
2023-04-30,6,12
2023-04-30,7,24
2023-04-30,8,35
2023-04-30,9,77
2023-04-30,10,101
2023-04-30,11,109
2023-04-30,12,124
2023-04-30,13,85
2023-04-30,14,77
2023-04-30,15,89
2023-04-30,16,123
2023-04-30,17,72
2023-04-30,18,80
2023-04-30,19,48
2023-04-30,20,42
2023-04-30,21,29
2023-04-30,22,18
2023-04-30,23,17
2023-05-01,0,8
2023-05-01,1,2
2023-05-01,2,6
2023-05-01,3,4
2023-05-01,4,5
2023-05-01,5,8
2023-05-01,6,34
2023-05-01,7,39
2023-05-01,8,56
2023-05-01,9,66
2023-05-01,10,79
2023-05-01,11,97
2023-05-01,12,100
2023-05-01,13,80
2023-05-01,14,80
2023-05-01,15,84
2023-05-01,16,102
2023-05-01,17,88
2023-05-01,18,71
2023-05-01,19,51
2023-05-01,20,35
2023-05-01,21,41
2023-05-01,22,15
2023-05-01,23,13
2023-05-02,0,4
2023-05-02,1,2
2023-05-02,2,3
2023-05-02,3,2
2023-05-02,4,7
2023-05-02,5,15
2023-05-02,6,47
2023-05-02,7,142
2023-05-02,8,149
2023-05-02,9,100
2023-05-02,10,105
2023-05-02,11,110
2023-05-02,12,130
2023-05-02,13,98
2023-05-02,14,129
2023-05-02,15,139
2023-05-02,16,180
2023-05-02,17,111
2023-05-02,18,75
2023-05-02,19,36
2023-05-02,20,46
2023-05-02,21,42
2023-05-02,22,15
2023-05-02,23,11
2023-05-03,0,5
2023-05-03,1,5
2023-05-03,2,3
2023-05-03,3,4
2023-05-03,4,4
2023-05-03,5,20
2023-05-03,6,62
2023-05-03,7,124
2023-05-03,8,138
2023-05-03,9,111
2023-05-03,10,114
2023-05-03,11,107
2023-05-03,12,122
2023-05-03,13,112
2023-05-03,14,107
2023-05-03,15,112
2023-05-03,16,144
2023-05-03,17,126
2023-05-03,18,80
2023-05-03,19,51
2023-05-03,20,42
2023-05-03,21,26
2023-05-03,22,25
2023-05-03,23,14
2023-05-04,0,7
2023-05-04,1,2
2023-05-04,2,4
2023-05-04,3,4
2023-05-04,4,4
2023-05-04,5,10
2023-05-04,6,69
2023-05-04,7,142
2023-05-04,8,144
2023-05-04,9,115
2023-05-04,10,128
2023-05-04,11,121
2023-05-04,12,123
2023-05-04,13,107
2023-05-04,14,107
2023-05-04,15,138
2023-05-04,16,166
2023-05-04,17,116
2023-05-04,18,83
2023-05-04,19,59
2023-05-04,20,42
2023-05-04,21,41
2023-05-04,22,27
2023-05-04,23,15
2023-05-05,0,3
2023-05-05,1,4
2023-05-05,2,1
2023-05-05,3,2
2023-05-05,4,14
2023-05-05,5,17
2023-05-05,6,44
2023-05-05,7,104
2023-05-05,8,130
2023-05-05,9,107
2023-05-05,10,136
2023-05-05,11,139
2023-05-05,12,136
2023-05-05,13,145
2023-05-05,14,140
2023-05-05,15,151
2023-05-05,16,150
2023-05-05,17,140
2023-05-05,18,86
2023-05-05,19,52
2023-05-05,20,46
2023-05-05,21,43
2023-05-05,22,39
2023-05-05,23,15
2023-05-06,0,11
2023-05-06,1,10
2023-05-06,2,7
2023-05-06,3,14
2023-05-06,4,7
2023-05-06,5,8
2023-05-06,6,20
2023-05-06,7,32
2023-05-06,8,83
2023-05-06,9,93
2023-05-06,10,113
2023-05-06,11,128
2023-05-06,12,118
2023-05-06,13,116
2023-05-06,14,117
2023-05-06,15,115
2023-05-06,16,97
2023-05-06,17,99
2023-05-06,18,73
2023-05-06,19,69
2023-05-06,20,40
2023-05-06,21,46
2023-05-06,22,33
2023-05-06,23,24
2023-05-07,0,19
2023-05-07,1,14
2023-05-07,2,14
2023-05-07,3,5
2023-05-07,4,3
2023-05-07,5,4
2023-05-07,6,10
2023-05-07,7,17
2023-05-07,8,42
2023-05-07,9,58
2023-05-07,10,92
2023-05-07,11,102
2023-05-07,12,139
2023-05-07,13,116
2023-05-07,14,90
2023-05-07,15,84
2023-05-07,16,74
2023-05-07,17,102
2023-05-07,18,70
2023-05-07,19,58
2023-05-07,20,41
2023-05-07,21,27
2023-05-07,22,21
2023-05-07,23,17
2023-05-08,0,7
2023-05-08,1,7
2023-05-08,2,5
2023-05-08,3,8
2023-05-08,4,3
2023-05-08,5,13
2023-05-08,6,32
2023-05-08,7,34
2023-05-08,8,62
2023-05-08,9,77
2023-05-08,10,98
2023-05-08,11,93
2023-05-08,12,154
2023-05-08,13,119
2023-05-08,14,114
2023-05-08,15,115
2023-05-08,16,88
2023-05-08,17,97
2023-05-08,18,59
2023-05-08,19,56
2023-05-08,20,34
2023-05-08,21,38
2023-05-08,22,17
2023-05-08,23,9
2023-05-09,0,4
2023-05-09,1,5
2023-05-09,2,6
2023-05-09,3,5
2023-05-09,4,7
2023-05-09,5,12
2023-05-09,6,51
2023-05-09,7,155
2023-05-09,8,145
2023-05-09,9,107
2023-05-09,10,103
2023-05-09,11,112
2023-05-09,12,125
2023-05-09,13,112
2023-05-09,14,124
2023-05-09,15,131
2023-05-09,16,151
2023-05-09,17,140
2023-05-09,18,79
2023-05-09,19,51
2023-05-09,20,74
2023-05-09,21,33
2023-05-09,22,31
2023-05-09,23,11
2023-05-10,0,8
2023-05-10,1,3
2023-05-10,2,2
2023-05-10,3,5
2023-05-10,4,12
2023-05-10,5,12
2023-05-10,6,50
2023-05-10,7,152
2023-05-10,8,144
2023-05-10,9,119
2023-05-10,10,122
2023-05-10,11,120
2023-05-10,12,111
2023-05-10,13,116
2023-05-10,14,104
2023-05-10,15,124
2023-05-10,16,169
2023-05-10,17,147
2023-05-10,18,107
2023-05-10,19,75
2023-05-10,20,233
2023-05-10,21,112
2023-05-10,22,66
2023-05-10,23,31
2023-05-11,0,17
2023-05-11,1,14
2023-05-11,2,10
2023-05-11,3,17
2023-05-11,4,12
2023-05-11,5,21
2023-05-11,6,51
2023-05-11,7,131
2023-05-11,8,134
2023-05-11,9,111
2023-05-11,10,101
2023-05-11,11,104
2023-05-11,12,106
2023-05-11,13,124
2023-05-11,14,121
2023-05-11,15,155
2023-05-11,16,181
2023-05-11,17,142
2023-05-11,18,84
2023-05-11,19,63
2023-05-11,20,49
2023-05-11,21,37
2023-05-11,22,28
2023-05-11,23,14
2023-05-12,0,8
2023-05-12,1,5
2023-05-12,2,4
2023-05-12,3,4
2023-05-12,4,14
2023-05-12,5,14
2023-05-12,6,56
2023-05-12,7,136
2023-05-12,8,125
2023-05-12,9,100
2023-05-12,10,116
2023-05-12,11,123
2023-05-12,12,135
2023-05-12,13,137
2023-05-12,14,135
2023-05-12,15,142
2023-05-12,16,159
2023-05-12,17,146
2023-05-12,18,102
2023-05-12,19,69
2023-05-12,20,47
2023-05-12,21,45
2023-05-12,22,43
2023-05-12,23,24
2023-05-13,0,14
2023-05-13,1,12
2023-05-13,2,10
2023-05-13,3,2
2023-05-13,4,6
2023-05-13,5,9
2023-05-13,6,23
2023-05-13,7,42
2023-05-13,8,89
2023-05-13,9,98
2023-05-13,10,135
2023-05-13,11,104
2023-05-13,12,96
2023-05-13,13,101
2023-05-13,14,111
2023-05-13,15,77
2023-05-13,16,106
2023-05-13,17,90
2023-05-13,18,81
2023-05-13,19,78
2023-05-13,20,51
2023-05-13,21,68
2023-05-13,22,37
2023-05-13,23,21
2023-05-14,0,38
2023-05-14,1,14
2023-05-14,2,15
2023-05-14,3,8
2023-05-14,4,5
2023-05-14,5,8
2023-05-14,6,6
2023-05-14,7,14
2023-05-14,8,42
2023-05-14,9,87
2023-05-14,10,85
2023-05-14,11,108
2023-05-14,12,118
2023-05-14,13,99
2023-05-14,14,105
2023-05-14,15,90
2023-05-14,16,94
2023-05-14,17,98
2023-05-14,18,75
2023-05-14,19,46
2023-05-15,8,118
2023-05-15,9,86
2023-05-15,10,109
2023-05-15,11,119
2023-05-15,12,94
2023-05-15,13,104
2023-05-15,14,112
2023-05-15,15,137
2023-05-15,16,155
2023-05-15,17,123
2023-05-15,18,100
2023-05-15,19,53
2023-05-15,20,49
2023-05-15,21,29
2023-05-15,22,15
2023-05-15,23,7
2023-05-16,0,5
2023-05-16,1,2
2023-05-16,2,3
2023-05-16,3,1
2023-05-16,4,6
2023-05-16,5,14
2023-05-16,6,63
2023-05-16,7,154
2023-05-16,8,143
2023-05-16,9,110
2023-05-16,10,112
2023-05-16,11,103
2023-05-16,12,118
2023-05-16,13,110
2023-05-16,14,101
2023-05-16,15,134
2023-05-16,16,142
2023-05-16,17,99
2023-05-16,18,70
2023-05-16,19,49
2023-05-16,20,36
2023-05-16,21,30
2023-05-16,22,15
2023-05-16,23,11
2023-05-17,0,8
2023-05-17,1,2
2023-05-17,2,6
2023-05-17,3,2
2023-05-17,4,6
2023-05-17,5,14
2023-05-17,6,65
2023-05-17,7,176
2023-05-17,8,150
2023-05-17,9,116
2023-05-17,10,107
2023-05-17,11,105
2023-05-17,12,140
2023-05-17,13,114
2023-05-17,14,120
2023-05-17,15,138
2023-05-17,16,175
2023-05-17,17,131
2023-05-17,18,79
2023-05-17,19,75
2023-05-17,20,80
2023-05-17,21,65
2023-05-17,22,26
2023-05-17,23,7
2023-05-18,0,12
2023-05-18,1,5
2023-05-18,2,5
2023-05-18,3,3
2023-05-18,4,2
2023-05-18,5,18
2023-05-18,6,64
2023-05-18,7,148
2023-05-18,8,153
2023-05-18,9,99
2023-05-18,10,102
2023-05-18,11,125
2023-05-18,12,132
2023-05-18,13,131
2023-05-18,14,113
2023-05-18,15,133
2023-05-18,16,219
2023-05-18,17,137
2023-05-18,18,88
2023-05-18,19,56
2023-05-18,20,41
2023-05-18,21,31
2023-05-18,22,29
2023-05-18,23,14
2023-05-19,0,3
2023-05-19,1,6
2023-05-19,2,0
2023-05-19,3,2
2023-05-19,4,11
2023-05-19,5,10
2023-05-19,6,50
2023-05-19,7,144
2023-05-19,8,137
2023-05-19,9,98
2023-05-19,10,118
2023-05-19,11,120
2023-05-19,12,149
2023-05-19,13,139
2023-05-19,14,156
2023-05-19,15,140
2023-05-19,16,161
2023-05-19,17,114
2023-05-19,18,99
2023-05-19,19,72
2023-05-19,20,55
2023-05-19,21,51
2023-05-19,22,44
2023-05-19,23,28
2023-05-20,0,19
2023-05-20,1,5
2023-05-20,2,7
2023-05-20,3,6
2023-05-20,4,5
2023-05-20,5,11
2023-05-20,6,18
2023-05-20,7,35
2023-05-20,8,112
2023-05-20,9,94
2023-05-20,10,105
2023-05-20,11,145
2023-05-20,12,140
2023-05-20,13,136
2023-05-20,14,127
2023-05-20,15,102
2023-05-20,16,115
2023-05-20,17,94
2023-05-20,18,84
2023-05-20,19,56
2023-05-20,20,37
2023-05-20,21,43
2023-05-20,22,39
2023-05-20,23,22
2023-05-21,0,16
2023-05-21,1,9
2023-05-21,2,9
2023-05-21,3,4
2023-05-21,4,3
2023-05-21,5,7
2023-05-21,6,12
2023-05-21,7,15
2023-05-21,8,41
2023-05-21,9,84
2023-05-21,10,87
2023-05-21,11,95
2023-05-21,12,98
2023-05-21,13,99
2023-05-21,14,83
2023-05-21,15,94
2023-05-21,16,112
2023-05-21,17,93
2023-05-21,18,60
2023-05-21,19,56
2023-05-21,20,42
2023-05-21,21,35
2023-05-21,22,23
2023-05-21,23,14
2023-05-22,0,8
2023-05-22,1,3
2023-05-22,2,0
2023-05-22,3,2
2023-05-22,4,12
2023-05-22,5,22
2023-05-22,6,57
2023-05-22,7,123
2023-05-22,8,126
2023-05-22,9,102
2023-05-22,10,97
2023-05-22,11,111
2023-05-22,12,111
2023-05-22,13,99
2023-05-22,14,94
2023-05-22,15,97
2023-05-22,16,143
2023-05-22,17,113
2023-05-22,18,63
2023-05-22,19,60
2023-05-22,20,34
2023-05-22,21,17
2023-05-22,22,21
2023-05-22,23,12
2023-05-23,0,4
2023-05-23,1,1
2023-05-23,2,1
2023-05-23,3,3
2023-05-23,4,8
2023-05-23,5,16
2023-05-23,6,56
2023-05-23,7,160
2023-05-23,8,131
2023-05-23,9,106
2023-05-23,10,87
2023-05-23,11,98
2023-05-23,12,119
2023-05-23,13,98
2023-05-23,14,98
2023-05-23,15,141
2023-05-23,16,217
2023-05-23,17,106
2023-05-23,18,89
2023-05-23,19,43
2023-05-23,20,46
2023-05-23,21,33
2023-05-23,22,8
2023-05-23,23,9
2023-05-24,0,33
2023-05-24,1,3
2023-05-24,2,3
2023-05-24,3,4
2023-05-24,4,3
2023-05-24,5,13
2023-05-24,6,46
2023-05-24,7,155
2023-05-24,8,150
2023-05-24,9,108
2023-05-24,10,97
2023-05-24,11,107
2023-05-24,12,124
2023-05-24,13,119
2023-05-24,14,110
2023-05-24,15,149
2023-05-24,16,199
2023-05-24,17,119
2023-05-24,18,76
2023-05-24,19,50
2023-05-24,20,33
2023-05-24,21,37
2023-05-24,22,18
2023-05-24,23,11
2023-05-25,0,6
2023-05-25,1,6
2023-05-25,2,3
2023-05-25,3,2
2023-05-25,4,8
2023-05-25,5,14
2023-05-25,6,51
2023-05-25,7,120
2023-05-25,8,140
2023-05-25,9,103
2023-05-25,10,98
2023-05-25,11,103
2023-05-25,12,130
2023-05-25,13,114
2023-05-25,14,100
2023-05-25,15,116
2023-05-25,16,160
2023-05-25,17,132
2023-05-25,18,94
2023-05-25,19,67
2023-05-25,20,46
2023-05-25,21,34
2023-05-25,22,23
2023-05-25,23,18
2023-05-26,0,9
2023-05-26,1,7
2023-05-26,2,4
2023-05-26,3,7
2023-05-26,4,6
2023-05-26,5,15
2023-05-26,6,51
2023-05-26,7,102
2023-05-26,8,106
2023-05-26,9,116
2023-05-26,10,124
2023-05-26,11,136
2023-05-26,12,130
2023-05-26,13,123
2023-05-26,14,106
2023-05-26,15,145
2023-05-26,16,153
2023-05-26,17,132
2023-05-26,18,105
2023-05-26,19,76
2023-05-26,20,57
2023-05-26,21,39
2023-05-26,22,42
2023-05-26,23,26
2023-05-27,0,15
2023-05-27,1,14
2023-05-27,2,3
2023-05-27,3,4
2023-05-27,4,9
2023-05-27,5,8
2023-05-27,6,17
2023-05-27,7,35
2023-05-27,8,69
2023-05-27,9,93
2023-05-27,10,110
2023-05-27,11,116
2023-05-27,12,103
2023-05-27,13,106
2023-05-27,14,94
2023-05-27,15,102
2023-05-27,16,95
2023-05-27,17,87
2023-05-27,18,67
2023-05-27,19,48
2023-05-27,20,52
2023-05-27,21,32
2023-05-27,22,38
2023-05-27,23,21
2023-05-28,0,13
2023-05-28,1,17
2023-05-28,2,9
2023-05-28,3,9
2023-05-28,4,6
2023-05-28,5,11
2023-05-28,6,12
2023-05-28,7,15
2023-05-28,8,38
2023-05-28,9,62
2023-05-28,10,72
2023-05-28,11,97
2023-05-28,12,100
2023-05-28,13,87
2023-05-28,14,92
2023-05-28,15,88
2023-05-28,16,92
2023-05-28,17,108
2023-05-28,18,61
2023-05-28,19,40
2023-05-28,20,45
2023-05-28,21,28
2023-05-28,22,16
2023-05-28,23,20
2023-05-29,0,10
2023-05-29,1,7
2023-05-29,2,5
2023-05-29,3,5
2023-05-29,4,5
2023-05-29,5,16
2023-05-29,6,29
2023-05-29,7,64
2023-05-29,8,73
2023-05-29,9,98
2023-05-29,10,76
2023-05-29,11,104
2023-05-29,12,111
2023-05-29,13,117
2023-05-29,14,99
2023-05-29,15,74
2023-05-29,16,103
2023-05-29,17,76
2023-05-29,18,72
2023-05-29,19,59
2023-05-29,20,44
2023-05-29,21,29
2023-05-29,22,19
2023-05-29,23,11
2023-05-30,0,6
2023-05-30,1,4
2023-05-30,2,2
2023-05-30,3,0
2023-05-30,4,12
2023-05-30,5,14
2023-05-30,6,66
2023-05-30,7,144
2023-05-30,8,139
2023-05-30,9,103
2023-05-30,10,93
2023-05-30,11,112
2023-05-30,12,120
2023-05-30,13,133
2023-05-30,14,88
2023-05-30,15,136
2023-05-30,16,161
2023-05-30,17,120
2023-05-30,18,82
2023-05-30,19,54
2023-05-30,20,39
2023-05-30,21,25
2023-05-30,22,20
2023-05-30,23,11
2023-05-31,0,2
2023-05-31,1,2
2023-05-31,2,1
2023-05-31,3,5
2023-05-31,4,5
2023-05-31,5,11
2023-05-31,6,54
2023-05-31,7,169
2023-05-31,8,154
2023-05-31,9,126
2023-05-31,10,113
2023-05-31,11,118
2023-05-31,12,117
2023-05-31,13,116
2023-05-31,14,107
2023-05-31,15,131
2023-05-31,16,180
2023-05-31,17,134
2023-05-31,18,92
2023-05-31,19,71
2023-05-31,20,47
2023-05-31,21,46
2023-05-31,22,22
2023-05-31,23,21
2023-06-01,0,7
2023-06-01,1,8
2023-06-01,2,6
2023-06-01,3,4
2023-06-01,4,14
2023-06-01,5,13
2023-06-01,6,55
2023-06-01,7,149
2023-06-01,8,134
2023-06-01,9,110
2023-06-01,10,134
2023-06-01,11,112
2023-06-01,12,116
2023-06-01,13,102
2023-06-01,14,126
2023-06-01,15,138
2023-06-01,16,187
2023-06-01,17,133
2023-06-01,18,70
2023-06-01,19,71
2023-06-01,20,51
2023-06-01,21,34
2023-06-01,22,20
2023-06-01,23,15
2023-06-02,0,3
2023-06-02,1,3
2023-06-02,2,5
2023-06-02,3,1
2023-06-02,4,10
2023-06-02,5,12
2023-06-02,6,51
2023-06-02,7,151
2023-06-02,8,140
2023-06-02,9,125
2023-06-02,10,122
2023-06-02,11,132
2023-06-02,12,144
2023-06-02,13,135
2023-06-02,14,139
2023-06-02,15,137
2023-06-02,16,151
2023-06-02,17,130
2023-06-02,18,107
2023-06-02,19,68
2023-06-02,20,44
2023-06-02,21,48
2023-06-02,22,33
2023-06-02,23,30
2023-06-03,0,11
2023-06-03,1,9
2023-06-03,2,6
2023-06-03,3,1
2023-06-03,4,10
2023-06-03,5,10
2023-06-03,6,21
2023-06-03,7,40
2023-06-03,8,81
2023-06-03,9,93
2023-06-03,10,105
2023-06-03,11,123
2023-06-03,12,117
2023-06-03,13,149
2023-06-03,14,112
2023-06-03,15,85
2023-06-03,16,91
2023-06-03,17,86
2023-06-03,18,81
2023-06-03,19,61
2023-06-03,20,50
2023-06-03,21,45
2023-06-03,22,58
2023-06-03,23,41
2023-06-04,0,27
2023-06-04,1,11
2023-06-04,2,6
2023-06-04,3,6
2023-06-04,4,4
2023-06-04,5,9
2023-06-04,6,18
2023-06-04,7,16
2023-06-04,8,49
2023-06-04,9,85
2023-06-04,10,88
2023-06-04,11,129
2023-06-04,12,119
2023-06-04,13,138
2023-06-04,14,101
2023-06-04,15,107
2023-06-04,16,93
2023-06-04,17,84
2023-06-04,18,50
2023-06-04,19,69
2023-06-04,20,49
2023-06-04,21,46
2023-06-04,22,40
2023-06-04,23,30
2023-06-05,0,13
2023-06-05,1,11
2023-06-05,2,7
2023-06-05,3,2
2023-06-05,4,3
2023-06-05,5,15
2023-06-05,6,42
2023-06-05,7,136
2023-06-05,8,149
2023-06-05,9,104
2023-06-05,10,112
2023-06-05,11,107
2023-06-05,12,106
2023-06-05,13,118
2023-06-05,14,115
2023-06-05,15,149
2023-06-05,16,163
2023-06-05,17,93
2023-06-05,18,57
2023-06-05,19,51
2023-06-05,20,39
2023-06-05,21,21
2023-06-05,22,15
2023-06-05,23,7
2023-06-06,0,3
2023-06-06,1,5
2023-06-06,2,2
2023-06-06,3,2
2023-06-06,4,11
2023-06-06,5,13
2023-06-06,6,63
2023-06-06,7,182
2023-06-06,8,143
2023-06-06,9,105
2023-06-06,10,98
2023-06-06,11,109
2023-06-06,12,116
2023-06-06,13,100
2023-06-06,14,116
2023-06-06,15,151
2023-06-06,16,196
2023-06-06,17,109
2023-06-06,18,81
2023-06-06,19,57
2023-06-06,20,40
2023-06-06,21,35
2023-06-06,22,20
2023-06-06,23,10
2023-06-07,0,5
2023-06-07,1,6
2023-06-07,2,2
2023-06-07,3,7
2023-06-07,4,7
2023-06-07,5,14
2023-06-07,6,73
2023-06-07,7,136
2023-06-07,8,150
2023-06-07,9,114
2023-06-07,10,104
2023-06-07,11,100
2023-06-07,12,122
2023-06-07,13,111
2023-06-07,14,108
2023-06-07,15,129
2023-06-07,16,140
2023-06-07,17,130
2023-06-07,18,74
2023-06-07,19,59
2023-06-07,20,46
2023-06-07,21,32
2023-06-07,22,16
2023-06-07,23,16
2023-06-08,0,8
2023-06-08,1,6
2023-06-08,2,2
2023-06-08,3,5
2023-06-08,4,5
2023-06-08,5,14
2023-06-08,6,55
2023-06-08,7,123
2023-06-08,8,141
2023-06-08,9,111
2023-06-08,10,101
2023-06-08,11,94
2023-06-08,12,107
2023-06-08,13,89
2023-06-08,14,119
2023-06-08,15,128
2023-06-08,16,155
2023-06-08,17,116
2023-06-08,18,80
2023-06-08,19,54
2023-06-08,20,41
2023-06-08,21,31
2023-06-08,22,18
2023-06-08,23,11
2023-06-09,0,12
2023-06-09,1,6
2023-06-09,2,1
2023-06-09,3,7
2023-06-09,4,6
2023-06-09,5,19
2023-06-09,6,49
2023-06-09,7,117
2023-06-09,8,128
2023-06-09,9,109
2023-06-09,10,111
2023-06-09,11,133
2023-06-09,12,110
2023-06-09,13,107
2023-06-09,14,135
2023-06-09,15,126
2023-06-09,16,124
2023-06-09,17,106
2023-06-09,18,83
2023-06-09,19,54
2023-06-09,20,45
2023-06-09,21,39
2023-06-09,22,30
2023-06-09,23,22
2023-06-10,0,13
2023-06-10,1,11
2023-06-10,2,12
2023-06-10,3,4
2023-06-10,4,5
2023-06-10,5,9
2023-06-10,6,13
2023-06-10,7,32
2023-06-10,8,86
2023-06-10,9,88
2023-06-10,10,102
2023-06-10,11,126
2023-06-10,12,113
2023-06-10,13,98
2023-06-10,14,86
2023-06-10,15,98
2023-06-10,16,90
2023-06-10,17,75
2023-06-10,18,82
2023-06-10,19,61
2023-06-10,20,43
2023-06-10,21,46
2023-06-10,22,35
2023-06-10,23,33
2023-06-11,0,21
2023-06-11,1,15
2023-06-11,2,6
2023-06-11,3,4
2023-06-11,4,2
2023-06-11,5,4
2023-06-11,6,6
2023-06-11,7,22
2023-06-11,8,36
2023-06-11,9,85
2023-06-11,10,84
2023-06-11,11,80
2023-06-11,12,104
2023-06-11,13,110
2023-06-11,14,84
2023-06-11,15,89
2023-06-11,16,82
2023-06-11,17,89
2023-06-11,18,68
2023-06-11,19,45
2023-06-11,20,35
2023-06-11,21,29
2023-06-11,22,14
2023-06-11,23,21
2023-06-12,0,6
2023-06-12,1,4
2023-06-12,2,3
2023-06-12,3,4
2023-06-12,4,9
2023-06-12,5,15
2023-06-12,6,48
2023-06-12,7,128
2023-06-12,8,114
2023-06-12,9,80
2023-06-12,10,99
2023-06-12,11,90
2023-06-12,12,124
2023-06-12,13,114
2023-06-12,14,84
2023-06-12,15,131
2023-06-12,16,133
2023-06-12,17,90
2023-06-12,18,80
2023-06-12,19,44
2023-06-12,20,34
2023-06-12,21,25
2023-06-12,22,26
2023-06-12,23,14
2023-06-13,0,4
2023-06-13,1,8
2023-06-13,2,0
2023-06-13,3,5
2023-06-13,4,9
2023-06-13,5,21
2023-06-13,6,59
2023-06-13,7,149
2023-06-13,8,141
2023-06-13,9,90
2023-06-13,10,115
2023-06-13,11,107
2023-06-13,12,85
2023-06-13,13,97
2023-06-13,14,127
2023-06-13,15,132
2023-06-13,16,158
2023-06-13,17,107
2023-06-13,18,83
2023-06-13,19,52
2023-06-13,20,40
2023-06-13,21,23
2023-06-13,22,20
2023-06-13,23,16
2023-06-14,0,4
2023-06-14,1,0
2023-06-14,2,2
2023-06-14,3,5
2023-06-14,4,6
2023-06-14,5,16
2023-06-14,6,53
2023-06-14,7,152
2023-06-14,8,154
2023-06-14,9,117
2023-06-14,10,107
2023-06-14,11,103
2023-06-14,12,101
2023-06-14,13,106
2023-06-14,14,108
2023-06-14,15,123
2023-06-14,16,138
2023-06-14,17,116
2023-06-14,18,83
2023-06-14,19,49
2023-06-14,20,49
2023-06-14,21,39
2023-06-14,22,19
2023-06-14,23,15
2023-06-15,0,4
2023-06-15,1,0
2023-06-15,2,3
2023-06-15,3,7
2023-06-15,4,9
2023-06-15,5,18
2023-06-15,6,67
2023-06-15,7,155
2023-06-15,8,136
2023-06-15,9,105
2023-06-15,10,93
2023-06-15,11,92
2023-06-15,12,90
2023-06-15,13,87
2023-06-15,14,110
2023-06-15,15,108
2023-06-15,16,177
2023-06-15,17,124
2023-06-15,18,100
2023-06-15,19,68
2023-06-15,20,36
2023-06-15,21,44
2023-06-15,22,32
2023-06-15,23,13
2023-06-16,0,6
2023-06-16,1,4
2023-06-16,2,2
2023-06-16,3,4
2023-06-16,4,9
2023-06-16,5,18
2023-06-16,6,44
2023-06-16,7,147
2023-06-16,8,109
2023-06-16,9,109
2023-06-16,10,95
2023-06-16,11,112
2023-06-16,12,123
2023-06-16,13,89
2023-06-16,14,126
2023-06-16,15,134
2023-06-16,16,136
2023-06-16,17,118
2023-06-16,18,122
2023-06-16,19,60
2023-06-16,20,46
2023-06-16,21,32
2023-06-16,22,28
2023-06-16,23,23
2023-06-17,0,18
2023-06-17,1,5
2023-06-17,2,10
2023-06-17,3,7
2023-06-17,4,8
2023-06-17,5,9
2023-06-17,6,19
2023-06-17,7,38
2023-06-17,8,63
2023-06-17,9,110
2023-06-17,10,128
2023-06-17,11,112
2023-06-17,12,123
2023-06-17,13,122
2023-06-17,14,126
2023-06-17,15,111
2023-06-17,16,101
2023-06-17,17,94
2023-06-17,18,94
2023-06-17,19,52
2023-06-17,20,42
2023-06-17,21,44
2023-06-17,22,41
2023-06-17,23,29
2023-06-18,0,23
2023-06-18,1,17
2023-06-18,2,8
2023-06-18,3,7
2023-06-18,4,4
2023-06-18,5,4
2023-06-18,6,15
2023-06-18,7,39
2023-06-18,8,122
2023-06-18,9,89
2023-06-18,10,87
2023-06-18,11,95
2023-06-18,12,106
2023-06-18,13,105
2023-06-18,14,96
2023-06-18,15,105
2023-06-18,16,118
2023-06-19,7,134
2023-06-19,8,119
2023-06-19,9,111
2023-06-19,10,107
2023-06-19,11,107
2023-06-19,12,116
2023-06-19,13,105
2023-06-19,14,106
2023-06-19,15,121
2023-06-19,16,132
2023-06-19,17,116
2023-06-19,18,65
2023-06-19,19,53
2023-06-19,20,37
2023-06-19,21,36
2023-06-19,22,20
2023-06-19,23,9
2023-06-20,0,6
2023-06-20,1,2
2023-06-20,2,1
2023-06-20,3,6
2023-06-20,4,8
2023-06-20,5,16
2023-06-20,6,61
2023-06-20,7,129
2023-06-20,8,147
2023-06-20,9,142
2023-06-20,10,94
2023-06-20,11,97
2023-06-20,12,98
2023-06-20,13,104
2023-06-20,14,102
2023-06-20,15,106
2023-06-20,16,165
2023-06-20,17,135
2023-06-20,18,77
2023-06-20,19,55
2023-06-20,20,36
2023-06-20,21,20
2023-06-20,22,24
2023-06-20,23,12
2023-06-21,0,7
2023-06-21,1,5
2023-06-21,2,2
2023-06-21,3,7
2023-06-21,4,6
2023-06-21,5,12
2023-06-21,6,66
2023-06-21,7,126
2023-06-21,8,143
2023-06-21,9,101
2023-06-21,10,98
2023-06-21,11,108
2023-06-21,12,103
2023-06-21,13,114
2023-06-21,14,99
2023-06-21,15,127
2023-06-21,16,135
2023-06-21,17,103
2023-06-21,18,78
2023-06-21,19,58
2023-06-21,20,39
2023-06-21,21,21
2023-06-21,22,24
2023-06-21,23,13
2023-06-22,0,11
2023-06-22,1,3
2023-06-22,2,0
2023-06-22,3,5
2023-06-22,4,11
2023-06-22,5,23
2023-06-22,6,55
2023-06-22,7,133
2023-06-22,8,118
2023-06-22,9,125
2023-06-22,10,91
2023-06-22,11,135
2023-06-22,12,122
2023-06-22,13,115
2023-06-22,14,122
2023-06-22,15,133
2023-06-22,16,170
2023-06-22,17,127
2023-06-22,18,91
2023-06-22,19,60
2023-06-22,20,35
2023-06-22,21,31
2023-06-22,22,22
2023-06-22,23,14
2023-06-23,0,7
2023-06-23,1,8
2023-06-23,2,4
2023-06-23,3,5
2023-06-23,4,9
2023-06-23,5,15
2023-06-23,6,62
2023-06-23,7,123
2023-06-23,8,137
2023-06-23,9,98
2023-06-23,10,112
2023-06-23,11,132
2023-06-23,12,121
2023-06-23,13,111
2023-06-23,14,116
2023-06-23,15,132
2023-06-23,16,115
2023-06-23,17,104
2023-06-23,18,82
2023-06-23,19,50
2023-06-23,20,49
2023-06-23,21,34
2023-06-23,22,25
2023-06-23,23,17
2023-06-24,0,9
2023-06-24,1,10
2023-06-24,2,9
2023-06-24,3,6
2023-06-24,4,3
2023-06-24,5,5
2023-06-24,6,14
2023-06-24,7,50
2023-06-24,8,56
2023-06-24,9,92
2023-06-24,10,95
2023-06-24,11,138
2023-06-24,12,113
2023-06-24,13,112
2023-06-24,14,113
2023-06-24,15,91
2023-06-24,16,92
2023-06-24,17,73
2023-06-24,18,73
2023-06-24,19,58
2023-06-24,20,37
2023-06-24,21,31
2023-06-24,22,25
2023-06-24,23,28
2023-06-25,0,18
2023-06-25,1,11
2023-06-25,2,8
2023-06-25,3,5
2023-06-25,4,5
2023-06-25,5,5
2023-06-25,6,13
2023-06-25,7,20
2023-06-25,8,36
2023-06-25,9,61
2023-06-25,10,106
2023-06-25,11,112
2023-06-25,12,127
2023-06-25,13,117
2023-06-25,14,119
2023-06-25,15,99
2023-06-25,16,89
2023-06-25,17,74
2023-06-25,18,60
2023-06-25,19,37
2023-06-25,20,35
2023-06-25,21,22
2023-06-25,22,26
2023-06-25,23,18
2023-06-26,0,9
2023-06-26,1,3
2023-06-26,2,3
2023-06-26,3,3
2023-06-26,4,10
2023-06-26,5,14
2023-06-26,6,44
2023-06-26,7,115
2023-06-26,8,112
2023-06-26,9,101
2023-06-26,10,100
2023-06-26,11,104
2023-06-26,12,73
2023-06-26,13,99
2023-06-26,14,99
2023-06-26,15,108
2023-06-26,16,144
2023-06-26,17,101
2023-06-26,18,62
2023-06-26,19,52
2023-06-26,20,39
2023-06-26,21,22
2023-06-26,22,25
2023-06-26,23,6
2023-06-27,0,3
2023-06-27,1,5
2023-06-27,2,6
2023-06-27,3,3
2023-06-27,4,5
2023-06-27,5,11
2023-06-27,6,58
2023-06-27,7,114
2023-06-27,8,115
2023-06-27,9,108
2023-06-27,10,100
2023-06-27,11,128
2023-06-27,12,114
2023-06-27,13,106
2023-06-27,14,110
2023-06-27,15,124
2023-06-27,16,165
2023-06-27,17,100
2023-06-27,18,83
2023-06-27,19,41
2023-06-27,20,32
2023-06-27,21,30
2023-06-27,22,16
2023-06-27,23,9
2023-06-28,0,7
2023-06-28,1,2
2023-06-28,2,1
2023-06-28,3,8
2023-06-28,4,7
2023-06-28,5,21
2023-06-28,6,50
2023-06-28,7,105
2023-06-28,8,98
2023-06-28,9,118
2023-06-28,10,103
2023-06-28,11,101
2023-06-28,12,131
2023-06-28,13,105
2023-06-28,14,100
2023-06-28,15,103
2023-06-28,16,122
2023-06-28,17,121
2023-06-28,18,85
2023-06-28,19,54
2023-06-28,20,35
2023-06-28,21,31
2023-06-28,22,25
2023-06-28,23,11
2023-06-29,0,5
2023-06-29,1,7
2023-06-29,2,2
2023-06-29,3,0
2023-06-29,4,8
2023-06-29,5,11
2023-06-29,6,52
2023-06-29,7,103
2023-06-29,8,119
2023-06-29,9,90
2023-06-29,10,98
2023-06-29,11,110
2023-06-29,12,105
2023-06-29,13,111
2023-06-29,14,86
2023-06-29,15,112
2023-06-29,16,147
2023-06-29,17,101
2023-06-29,18,80
2023-06-29,19,50
2023-06-29,20,35
2023-06-29,21,22
2023-06-29,22,22
2023-06-29,23,15
2023-06-30,0,4
2023-06-30,1,5
2023-06-30,2,4
2023-06-30,3,2
2023-06-30,4,9
2023-06-30,5,11
2023-06-30,6,53
2023-06-30,7,109
2023-06-30,8,117
2023-06-30,9,95
2023-06-30,10,122
2023-06-30,11,119
2023-06-30,12,139
2023-06-30,13,132
2023-06-30,14,124
2023-06-30,15,130
2023-06-30,16,108
2023-06-30,17,115
2023-06-30,18,88
2023-06-30,19,62
2023-06-30,20,41
2023-06-30,21,37
2023-06-30,22,42
2023-06-30,23,25
2023-07-01,0,9
2023-07-01,1,9
2023-07-01,2,12
2023-07-01,3,6
2023-07-01,4,2
2023-07-01,5,11
2023-07-01,6,15
2023-07-01,7,39
2023-07-01,8,62
2023-07-01,9,90
2023-07-01,10,101
2023-07-01,11,126
2023-07-01,12,111
2023-07-01,13,114
2023-07-01,14,124
2023-07-01,15,84
2023-07-01,16,97
2023-07-01,17,92
2023-07-01,18,72
2023-07-01,19,57
2023-07-01,20,43
2023-07-01,21,28
2023-07-01,22,43
2023-07-01,23,31
2023-07-02,0,21
2023-07-02,1,14
2023-07-02,2,5
2023-07-02,3,6
2023-07-02,4,4
2023-07-02,5,6
2023-07-02,6,12
2023-07-02,7,13
2023-07-02,8,26
2023-07-02,9,57
2023-07-02,10,77
2023-07-02,11,100
2023-07-02,12,92
2023-07-02,13,89
2023-07-02,14,103
2023-07-02,15,87
2023-07-02,16,80
2023-07-02,17,68
2023-07-02,18,63
2023-07-02,19,42
2023-07-02,20,29
2023-07-02,21,24
2023-07-02,22,15
2023-07-02,23,8
2023-07-03,0,1
2023-07-03,1,3
2023-07-03,2,2
2023-07-03,3,4
2023-07-03,4,9
2023-07-03,5,14
2023-07-03,6,47
2023-07-03,7,91
2023-07-03,8,118
2023-07-03,9,104
2023-07-03,10,102
2023-07-03,11,100
2023-07-03,12,105
2023-07-03,13,99
2023-07-03,14,80
2023-07-03,15,118
2023-07-03,16,108
2023-07-03,17,84
2023-07-03,18,50
2023-07-03,19,49
2023-07-03,20,39
2023-07-03,21,27
2023-07-03,22,18
2023-07-03,23,6
2023-07-04,0,5
2023-07-04,1,6
2023-07-04,2,3
2023-07-04,3,6
2023-07-04,4,7
2023-07-04,5,11
2023-07-04,6,49
2023-07-04,7,105
2023-07-04,8,111
2023-07-04,9,112
2023-07-04,10,92
2023-07-04,11,119
2023-07-04,12,95
2023-07-04,13,103
2023-07-04,14,98
2023-07-04,15,133
2023-07-04,16,131
2023-07-04,17,93
2023-07-04,18,66
2023-07-04,19,45
2023-07-04,20,43
2023-07-04,21,21
2023-07-04,22,19
2023-07-04,23,8
2023-07-05,0,6
2023-07-05,1,3
2023-07-05,2,4
2023-07-05,3,3
2023-07-05,4,3
2023-07-05,5,19
2023-07-05,6,54
2023-07-05,7,117
2023-07-05,8,103
2023-07-05,9,96
2023-07-05,10,98
2023-07-05,11,96
2023-07-05,12,87
2023-07-05,13,97
2023-07-05,14,89
2023-07-05,15,101
2023-07-05,16,117
2023-07-05,17,84
2023-07-05,18,77
2023-07-05,19,41
2023-07-05,20,40
2023-07-05,21,16
2023-07-05,22,18
2023-07-05,23,15
2023-07-06,0,9
2023-07-06,1,1
2023-07-06,2,5
2023-07-06,3,4
2023-07-06,4,8
2023-07-06,5,13
2023-07-06,6,58
2023-07-06,7,104
2023-07-06,8,114
2023-07-06,9,126
2023-07-06,10,101
2023-07-06,11,78
2023-07-06,12,114
2023-07-06,13,108
2023-07-06,14,94
2023-07-06,15,143
2023-07-06,16,176
2023-07-06,17,117
2023-07-06,18,81
2023-07-06,19,65
2023-07-06,20,38
2023-07-06,21,27
2023-07-06,22,13
2023-07-06,23,16
2023-07-07,0,10
2023-07-07,1,5
2023-07-07,2,1
2023-07-07,3,2
2023-07-07,4,11
2023-07-07,5,15
2023-07-07,6,46
2023-07-07,7,101
2023-07-07,8,100
2023-07-07,9,92
2023-07-07,10,103
2023-07-07,11,125
2023-07-07,12,120
2023-07-07,13,108
2023-07-07,14,89
2023-07-07,15,118
2023-07-07,16,121
2023-07-07,17,110
2023-07-07,18,81
2023-07-07,19,50
2023-07-07,20,34
2023-07-07,21,29
2023-07-07,22,23
2023-07-07,23,22
2023-07-08,0,10
2023-07-08,1,3
2023-07-08,2,4
2023-07-08,3,5
2023-07-08,4,10
2023-07-08,5,7
2023-07-08,6,18
2023-07-08,7,26
2023-07-08,8,69
2023-07-08,9,83
2023-07-08,10,104
2023-07-08,11,113
2023-07-08,12,110
2023-07-08,13,91
2023-07-08,14,117
2023-07-08,15,85
2023-07-08,16,94
2023-07-08,17,101
2023-07-08,18,50
2023-07-08,19,45
2023-07-08,20,32
2023-07-08,21,25
2023-07-08,22,31
2023-07-08,23,24
2023-07-09,0,20
2023-07-09,1,16
2023-07-09,2,4
2023-07-09,3,6
2023-07-09,4,2
2023-07-09,5,7
2023-07-09,6,11
2023-07-09,7,11
2023-07-09,8,36
2023-07-09,9,70
2023-07-09,10,73
2023-07-09,11,86
2023-07-09,12,95
2023-07-09,13,75
2023-07-09,14,86
2023-07-09,15,79
2023-07-09,16,75
2023-07-09,17,75
2023-07-09,18,44
2023-07-09,19,43
2023-07-09,20,32
2023-07-09,21,23
2023-07-09,22,16
2023-07-09,23,15
2023-07-10,0,5
2023-07-10,1,2
2023-07-10,2,3
2023-07-10,3,4
2023-07-10,4,8
2023-07-10,5,21
2023-07-10,6,53
2023-07-10,7,95
2023-07-10,8,99
2023-07-10,9,91
2023-07-10,10,89
2023-07-10,11,97
2023-07-10,12,112
2023-07-10,13,103
2023-07-10,14,103
2023-07-10,15,115
2023-07-10,16,133
2023-07-10,17,99
2023-07-10,18,73
2023-07-10,19,49
2023-07-10,20,38
2023-07-10,21,28
2023-07-10,22,23
2023-07-10,23,12
2023-07-11,0,6
2023-07-11,1,0
2023-07-11,2,1
2023-07-11,3,1
2023-07-11,4,9
2023-07-11,5,12
2023-07-11,6,55
2023-07-11,7,125
2023-07-11,8,110
2023-07-11,9,92
2023-07-11,10,103
2023-07-11,11,101
2023-07-11,12,94
2023-07-11,13,100
2023-07-11,14,96
2023-07-11,15,88
2023-07-11,16,120
2023-07-11,17,108
2023-07-11,18,82
2023-07-11,19,43
2023-07-11,20,37
2023-07-11,21,29
2023-07-11,22,16
2023-07-11,23,12
2023-07-12,0,7
2023-07-12,1,4
2023-07-12,2,2
2023-07-12,3,4
2023-07-12,4,10
2023-07-12,5,21
2023-07-12,6,56
2023-07-12,7,112
2023-07-12,8,103
2023-07-12,9,104
2023-07-12,10,91
2023-07-12,11,117
2023-07-12,12,101
2023-07-26,10,104
2023-07-26,11,116
2023-07-26,12,112
2023-07-26,13,102
2023-07-26,14,114
2023-07-26,15,102
2023-07-26,16,139
2023-07-26,17,111
2023-07-26,18,84
2023-07-26,19,42
2023-07-26,20,38
2023-07-26,21,30
2023-07-26,22,14
2023-07-26,23,11
2023-07-27,0,6
2023-07-27,1,1
2023-07-27,2,5
2023-07-27,3,3
2023-07-27,4,5
2023-07-27,5,15
2023-07-27,6,45
2023-07-27,7,96
2023-07-27,8,119
2023-07-27,9,117
2023-07-27,10,123
2023-07-27,11,103
2023-07-27,12,148
2023-07-27,13,141
2023-07-27,14,109
2023-07-27,15,130
2023-07-27,16,146
2023-07-27,17,106
2023-07-27,18,79
2023-07-27,19,56
2023-07-27,20,39
2023-07-27,21,27
2023-07-27,22,20
2023-07-27,23,20
2023-07-28,0,10
2023-07-28,1,4
2023-07-28,2,1
2023-07-28,3,5
2023-07-28,4,13
2023-07-28,5,11
2023-07-28,6,62
2023-07-28,7,116
2023-07-28,8,133
2023-07-28,9,109
2023-07-28,10,103
2023-07-28,11,119
2023-07-28,12,142
2023-07-28,13,94
2023-07-28,14,108
2023-07-28,15,134
2023-07-28,16,101
2023-07-28,17,104
2023-07-28,18,105
2023-07-28,19,157
2023-07-28,20,178
2023-07-28,21,115
2023-07-28,22,84
2023-07-28,23,44
2023-07-29,0,39
2023-07-29,1,72
2023-07-29,2,20
2023-07-29,3,2
2023-07-29,4,2
2023-07-29,5,12
2023-07-29,6,17
2023-07-29,7,26
2023-07-29,8,65
2023-07-29,9,132
2023-07-29,10,102
2023-07-29,11,119
2023-07-29,12,132
2023-07-29,13,92
2023-07-29,14,104
2023-07-29,15,97
2023-07-29,16,92
2023-07-29,17,108
2023-07-29,18,91
2023-07-29,19,71
2023-07-29,20,41
2023-07-29,21,45
2023-07-29,22,27
2023-07-29,23,23
2023-07-30,0,18
2023-07-30,1,18
2023-07-30,2,5
2023-07-30,3,7
2023-07-30,4,9
2023-07-30,5,8
2023-07-30,6,10
2023-07-30,7,16
2023-07-30,8,35
2023-07-30,9,54
2023-07-30,10,81
2023-07-30,11,87
2023-07-30,12,106
2023-07-30,13,91
2023-07-30,14,89
2023-07-30,15,85
2023-07-30,16,78
2023-07-30,17,73
2023-07-30,18,54
2023-07-30,19,44
2023-07-30,20,27
2023-07-30,21,42
2023-07-30,22,15
2023-07-30,23,15
2023-07-31,0,6
2023-07-31,1,1
2023-07-31,2,8
2023-07-31,3,5
2023-07-31,4,7
2023-07-31,5,20
2023-07-31,6,56
2023-07-31,7,103
2023-07-31,8,89
2023-07-31,9,86
2023-07-31,10,105
2023-07-31,11,108
2023-07-31,12,106
2023-07-31,13,120
2023-07-31,14,119
2023-07-31,15,124
2023-07-31,16,132
2023-07-31,17,99
2023-07-31,18,73
2023-07-31,19,48
2023-07-31,20,37
2023-07-31,21,29
2023-07-31,22,12
2023-07-31,23,10
2023-08-01,0,14
2023-08-01,1,6
2023-08-01,2,2
2023-08-01,3,1
2023-08-01,4,4
2023-08-01,5,15
2023-08-01,6,52
2023-08-01,7,135
2023-08-01,8,125
2023-08-01,9,96
2023-08-01,10,91
2023-08-01,11,108
2023-08-01,12,112
2023-08-01,13,106
2023-08-01,14,86
2023-08-01,15,124
2023-08-01,16,120
2023-08-01,17,123
2023-08-01,18,91
2023-08-01,19,63
2023-08-01,20,29
2023-08-01,21,24
2023-08-01,22,20
2023-08-01,23,7
2023-08-02,0,3
2023-08-02,1,3
2023-08-02,2,0
2023-08-02,3,2
2023-08-02,4,4
2023-08-02,5,22
2023-08-02,6,60
2023-08-02,7,124
2023-08-02,8,127
2023-08-02,9,99
2023-08-02,10,102
2023-08-02,11,102
2023-08-02,12,95
2023-08-02,13,106
2023-08-02,14,106
2023-08-02,15,107
2023-08-02,16,172
2023-08-02,17,94
2023-08-02,18,80
2023-08-02,19,60
2023-08-02,20,33
2023-08-02,21,31
2023-08-02,22,15
2023-08-02,23,12
2023-08-03,0,5
2023-08-03,1,5
2023-08-03,2,3
2023-08-03,3,4
2023-08-03,4,9
2023-08-03,5,15
2023-08-03,6,54
2023-08-03,7,111
2023-08-03,8,112
2023-08-03,9,112
2023-08-03,10,106
2023-08-03,11,102
2023-08-03,12,119
2023-08-03,13,93
2023-08-03,14,95
2023-08-03,15,130
2023-08-03,16,148
2023-08-03,17,126
2023-08-03,18,77
2023-08-03,19,55
2023-08-03,20,38
2023-08-03,21,38
2023-08-03,22,27
2023-08-03,23,4
2023-08-04,0,4
2023-08-04,1,11
2023-08-04,2,3
2023-08-04,3,1
2023-08-04,4,10
2023-08-04,5,20
2023-08-04,6,50
2023-08-04,7,150
2023-08-04,8,121
2023-08-04,9,101
2023-08-04,10,132
2023-08-04,11,134
2023-08-04,12,159
2023-08-04,13,155
2023-08-04,14,123
2023-08-04,15,144
2023-08-04,16,134
2023-08-04,17,124
2023-08-04,18,95
2023-08-04,19,73
2023-08-04,20,43
2023-08-04,21,46
2023-08-04,22,41
2023-08-04,23,31
2023-08-05,0,17
2023-08-05,1,14
2023-08-05,2,7
2023-08-05,3,7
2023-08-05,4,5
2023-08-05,5,6
2023-08-05,6,19
2023-08-05,7,30
2023-08-05,8,64
2023-08-05,9,77
2023-08-05,10,107
2023-08-05,11,107
2023-08-05,12,94
2023-08-05,13,93
2023-08-05,14,101
2023-08-05,15,102
2023-08-05,16,85
2023-08-05,17,70
2023-08-05,18,91
2023-08-05,19,61
2023-08-05,20,46
2023-08-05,21,30
2023-08-05,22,35
2023-08-05,23,25
2023-08-06,0,14
2023-08-06,1,9
2023-08-06,2,11
2023-08-06,3,6
2023-08-06,4,11
2023-08-06,5,7
2023-08-06,6,12
2023-08-06,7,16
2023-08-06,8,47
2023-08-06,9,69
2023-08-06,10,72
2023-08-06,11,87
2023-08-06,12,119
2023-08-06,13,86
2023-08-06,14,90
2023-08-06,15,61
2023-08-06,16,77
2023-08-06,17,66
2023-08-06,18,67
2023-08-06,19,43
2023-08-06,20,42
2023-08-06,21,23
2023-08-06,22,13
2023-08-06,23,13
2023-08-07,0,4
2023-08-07,1,7
2023-08-07,2,2
2023-08-07,3,0
2023-08-07,4,7
2023-08-07,5,12
2023-08-07,6,61
2023-08-07,7,100
2023-08-07,8,93
2023-08-07,9,81
2023-08-07,10,103
2023-08-07,11,98
2023-08-07,12,122
2023-08-07,13,97
2023-08-07,14,88
2023-08-07,15,103
2023-08-07,16,127
2023-08-07,17,131
2023-08-07,18,83
2023-08-07,19,73
2023-08-07,20,27
2023-08-07,21,24
2023-08-07,22,19
2023-08-07,23,4
2023-08-08,0,7
2023-08-08,1,4
2023-08-08,2,4
2023-08-08,3,2
2023-08-08,4,7
2023-08-08,5,20
2023-08-08,6,65
2023-08-08,7,155
2023-08-08,8,135
2023-08-08,9,123
2023-08-08,10,93
2023-08-08,11,99
2023-08-08,12,130
2023-08-08,13,87
2023-08-08,14,93
2023-08-08,15,118
2023-08-08,16,192
2023-08-08,17,160
2023-08-08,18,81
2023-08-08,19,54
2023-08-08,20,34
2023-08-08,21,35
2023-08-08,22,16
2023-08-08,23,14
2023-08-09,0,5
2023-08-09,1,3
2023-08-09,2,1
2023-08-09,3,7
2023-08-09,4,4
2023-08-09,5,14
2023-08-09,6,66
2023-08-09,7,103
2023-08-09,8,122
2023-08-09,9,107
2023-08-09,10,96
2023-08-09,11,88
2023-08-09,12,92
2023-08-09,13,114
2023-08-09,14,107
2023-08-09,15,160
2023-08-09,16,172
2023-08-09,17,119
2023-08-09,18,67
2023-08-09,19,54
2023-08-09,20,30
2023-08-09,21,31
2023-08-09,22,15
2023-08-09,23,7
2023-08-10,0,1
2023-08-10,1,0
2023-08-10,2,6
2023-08-10,3,3
2023-08-10,4,6
2023-08-10,5,11
2023-08-10,6,54
2023-08-10,7,109
2023-08-10,8,93
2023-08-10,9,91
2023-08-10,10,123
2023-08-10,11,121
2023-08-10,12,112
2023-08-10,13,114
2023-08-10,14,86
2023-08-10,15,110
2023-08-10,16,174
2023-08-10,17,110
2023-08-10,18,80
2023-08-10,19,52
2023-08-10,20,49
2023-08-10,21,44
2023-08-10,22,21
2023-08-10,23,8
2023-08-11,0,6
2023-08-11,1,3
2023-08-11,2,0
2023-08-11,3,6
2023-08-11,4,8
2023-08-11,5,12
2023-08-11,6,49
2023-08-11,7,99
2023-08-11,8,114
2023-08-11,9,102
2023-08-11,10,113
2023-08-11,11,112
2023-08-11,12,91
2023-08-11,13,102
2023-08-11,14,113
2023-08-11,15,120
2023-08-11,16,97
2023-08-11,17,113
2023-08-11,18,78
2023-08-11,19,61
2023-08-11,20,36
2023-08-11,21,36
2023-08-11,22,30
2023-08-11,23,18
2023-08-12,0,11
2023-08-12,1,7
2023-08-12,2,9
2023-08-12,3,6
2023-08-12,4,1
2023-08-12,5,12
2023-08-12,6,29
2023-08-12,7,43
2023-08-12,8,74
2023-08-12,9,99
2023-08-12,10,97
2023-08-12,11,146
2023-08-12,12,150
2023-08-12,13,133
2023-08-12,14,121
2023-08-12,15,123
2023-08-12,16,135
2023-08-12,17,130
2023-08-12,18,107
2023-08-12,19,76
2023-08-12,20,40
2023-08-12,21,28
2023-08-13,4,0
2023-08-13,5,7
2023-08-13,6,15
2023-08-13,7,22
2023-08-13,8,30
2023-08-13,9,84
2023-08-13,10,86
2023-08-13,11,100
2023-08-13,12,112
2023-08-13,13,100
2023-08-13,14,100
2023-08-13,15,74
2023-08-13,16,92
2023-08-13,17,83
2023-08-13,18,76
2023-08-13,19,64
2023-08-13,20,33
2023-08-13,21,29
2023-08-13,22,24
2023-08-13,23,12
2023-08-14,0,5
2023-08-14,1,4
2023-08-14,2,0
2023-08-14,3,5
2023-08-14,4,8
2023-08-14,5,16
2023-08-14,6,50
2023-08-14,7,101
2023-08-14,8,123
2023-08-14,9,101
2023-08-14,10,98
2023-08-14,11,97
2023-08-14,12,104
2023-08-14,13,113
2023-08-14,14,106
2023-08-14,15,103
2023-08-14,16,131
2023-08-14,17,113
2023-08-14,18,80
2023-08-14,19,49
2023-08-14,20,37
2023-08-14,21,20
2023-08-14,22,12
2023-08-14,23,6
2023-08-15,0,9
2023-08-15,1,5
2023-08-15,2,2
2023-08-15,3,6
2023-08-15,5,11
2023-08-15,6,48
2023-08-15,8,103
2023-08-15,9,95
2023-08-15,10,109
2023-08-15,11,108
2023-08-15,12,101
2023-08-15,13,120
2023-08-15,14,96
2023-08-15,15,152
2023-08-15,16,153
2023-08-15,17,136
2023-08-15,18,75
2023-08-15,19,44
2023-08-15,20,40
2023-08-15,21,33
2023-08-15,22,18
2023-08-15,23,11
2023-08-16,0,10
2023-08-16,1,4
2023-08-16,2,7
2023-08-16,3,4
2023-08-16,4,3
2023-08-16,5,16
2023-08-16,6,54
2023-08-16,7,142
2023-08-16,8,135
2023-08-16,9,119
2023-08-16,10,103
2023-08-16,11,108
2023-08-16,12,116
2023-08-16,13,99
2023-08-16,14,116
2023-08-16,15,91
2023-08-16,16,130
2023-08-16,17,112
2023-08-16,18,79
2023-08-16,19,57
2023-08-16,20,44
2023-08-16,21,33
2023-08-16,22,14
2023-08-16,23,12
2023-08-17,0,10
2023-08-17,1,4
2023-08-17,2,3
2023-08-17,3,1
2023-08-17,4,7
2023-08-17,5,20
2023-08-17,6,55
2023-08-17,7,160
2023-08-17,8,125
2023-08-17,9,123
2023-08-17,10,112
2023-08-17,11,112
2023-08-17,12,112
2023-08-17,13,117
2023-08-17,14,100
2023-08-17,15,112
2023-08-17,16,169
2023-08-17,17,106
2023-08-17,18,67
2023-08-17,19,63
2023-08-17,20,49
2023-08-17,21,21
2023-08-17,22,21
2023-08-17,23,13
2023-08-18,0,7
2023-08-18,1,4
2023-08-18,2,0
2023-08-18,3,5
2023-08-18,4,5
2023-08-18,5,17
2023-08-18,6,53
2023-08-18,7,120
2023-08-18,8,129
2023-08-18,9,102
2023-08-18,10,125
2023-08-18,11,125
2023-08-18,12,129
2023-08-18,13,129
2023-08-18,14,110
2023-08-18,15,140
2023-08-18,16,154
2023-08-18,17,136
2023-08-18,18,77
2023-08-18,19,63
2023-08-18,20,49
2023-08-18,21,33
2023-08-18,22,34
2023-08-18,23,26
2023-08-19,0,13
2023-08-19,1,10
2023-08-19,2,5
2023-08-19,3,7
2023-08-19,4,4
2023-08-19,5,4
2023-08-19,6,17
2023-08-19,7,33
2023-08-19,8,59
2023-08-19,9,93
2023-08-19,10,125
2023-08-19,11,123
2023-08-19,12,132
2023-08-19,13,125
2023-08-19,14,96
2023-08-19,15,91
2023-08-19,16,99
2023-08-19,17,89
2023-08-19,18,73
2023-08-19,19,46
2023-08-19,20,39
2023-08-19,21,34
2023-08-19,22,37
2023-08-19,23,25
2023-08-20,0,11
2023-08-20,1,10
2023-08-20,2,8
2023-08-20,3,4
2023-08-20,4,6
2023-08-20,5,6
2023-08-20,6,10
2023-08-20,7,25
2023-08-20,8,40
2023-08-20,9,70
2023-08-20,10,82
2023-08-20,11,80
2023-08-20,12,94
2023-08-20,13,104
2023-08-20,14,92
2023-08-20,15,58
2023-08-20,16,89
2023-08-20,17,86
2023-08-20,18,54
2023-08-20,19,41
2023-08-20,20,31
2023-08-20,21,32
2023-08-20,22,22
2023-08-20,23,15
2023-08-21,0,5
2023-08-21,1,4
2023-08-21,2,2
2023-08-21,3,5
2023-08-21,4,9
2023-08-21,5,11
2023-08-21,6,52
2023-08-21,7,134
2023-08-21,8,164
2023-08-21,9,123
2023-08-21,10,101
2023-08-21,11,107
2023-08-21,12,94
2023-08-21,13,94
2023-08-21,14,81
2023-08-21,15,97
2023-08-21,16,126
2023-08-21,17,96
2023-08-21,18,67
2023-08-21,19,44
2023-08-21,20,37
2023-08-21,21,32
2023-08-21,22,15
2023-08-21,23,10
2023-08-22,0,7
2023-08-22,1,3
2023-08-22,2,5
2023-08-22,3,8
2023-08-22,4,14
2023-08-22,5,15
2023-08-22,6,63
2023-08-22,7,158
2023-08-22,8,135
2023-08-22,9,96
2023-08-22,10,111
2023-08-22,11,94
2023-08-22,12,94
2023-08-22,13,111
2023-08-22,14,104
2023-08-22,15,113
2023-08-22,16,186
2023-08-22,17,118
2023-08-22,18,81
2023-08-22,19,45
2023-08-22,20,38
2023-08-22,21,32
2023-08-22,22,24
2023-08-22,23,10
2023-08-23,0,7
2023-08-23,1,3
2023-08-23,2,4
2023-08-23,3,7
2023-08-23,4,5
2023-08-23,5,17
2023-08-23,6,54
2023-08-23,7,140
2023-08-23,8,151
2023-08-23,9,109
2023-08-23,10,116
2023-08-23,11,104
2023-08-23,12,93
2023-08-23,13,99
2023-08-23,14,101
2023-08-23,15,112
2023-08-23,16,138
2023-08-23,17,121
2023-08-23,18,106
2023-08-23,19,56
2023-08-23,20,47
2023-08-23,21,32
2023-08-23,22,18
2023-08-23,23,13
2023-08-24,0,3
2023-08-24,1,3
2023-08-24,2,3
2023-08-24,3,4
2023-08-24,4,10
2023-08-24,5,18
2023-08-24,6,59
2023-08-24,7,121
2023-08-24,8,145
2023-08-24,9,113
2023-08-24,10,121
2023-08-24,11,128
2023-08-24,12,121
2023-08-24,13,112
2023-08-24,14,100
2023-08-24,15,126
2023-08-24,16,136
2023-08-24,17,95
2023-08-24,18,67
2023-08-24,19,66
2023-08-24,20,46
2023-08-24,21,30
2023-08-24,22,22
2023-08-24,23,13
2023-08-25,0,8
2023-08-25,1,5
2023-08-25,2,1
2023-08-25,3,7
2023-08-25,4,13
2023-08-25,5,19
2023-08-25,6,48
2023-08-25,7,103
2023-08-25,8,149
2023-08-25,9,131
2023-08-25,10,138
2023-08-25,11,140
2023-08-25,12,128
2023-08-25,13,129
2023-08-25,14,112
2023-08-25,15,138
2023-08-25,16,137
2023-08-25,17,129
2023-08-25,18,72
2023-08-25,19,55
2023-08-25,20,48
2023-08-25,21,32
2023-08-25,22,38
2023-08-25,23,19
2023-08-26,0,8
2023-08-26,1,7
2023-08-26,2,5
2023-08-26,3,7
2023-08-26,4,5
2023-08-26,5,8
2023-08-26,6,20
2023-08-26,7,33
2023-08-26,8,82
2023-08-26,9,108
2023-08-26,10,110
2023-08-26,11,119
2023-08-26,12,96
2023-08-26,13,129
2023-08-26,14,96
2023-08-26,15,79
2023-08-26,16,106
2023-08-26,17,81
2023-08-26,18,79
2023-08-26,19,54
2023-08-26,20,26
2023-08-26,21,36
2023-08-26,22,36
2023-08-26,23,25
2023-08-27,0,19
2023-08-27,1,12
2023-08-27,2,9
2023-08-27,3,7
2023-08-27,4,3
2023-08-27,5,13
2023-08-27,6,12
2023-08-27,7,16
2023-08-27,8,44
2023-08-27,9,100
2023-08-27,10,101
2023-08-27,11,96
2023-08-27,12,109
2023-08-27,13,121
2023-08-27,14,81
2023-08-27,15,82
2023-08-27,16,79
2023-08-27,17,75
2023-08-27,18,54
2023-08-27,19,52
2023-08-27,20,35
2023-08-27,21,17
2023-08-27,22,16
2023-08-27,23,12
2023-08-28,0,7
2023-08-28,1,6
2023-08-28,2,2
2023-08-28,3,4
2023-08-28,4,9
2023-08-28,5,15
2023-08-28,6,56
2023-08-28,7,110
2023-08-28,8,117
2023-08-28,9,85
2023-08-28,10,82
2023-08-28,11,112
2023-08-28,12,113
2023-08-28,13,97
2023-08-28,14,96
2023-08-28,15,119
2023-08-28,16,118
2023-08-28,17,94
2023-08-28,18,58
2023-08-28,19,178
2023-08-28,20,105
2023-08-28,21,92
2023-08-28,22,36
2023-08-28,23,29
2023-08-29,0,13
2023-08-29,1,13
2023-08-29,2,12
2023-08-29,3,13
2023-08-29,4,11
2023-08-29,5,22
2023-08-29,6,64
2023-08-29,7,155
2023-08-29,8,120
2023-08-29,9,97
2023-08-29,10,101
2023-08-29,11,90
2023-08-29,12,122
2023-08-29,13,107
2023-08-29,14,105
2023-08-29,15,119
2023-08-29,16,163
2023-08-29,17,107
2023-08-29,18,79
2023-08-29,19,55
2023-08-29,20,42
2023-08-29,21,26
2023-08-29,22,14
2023-08-29,23,9
2023-08-30,0,11
2023-08-30,1,4
2023-08-30,2,4
2023-08-30,3,1
2023-08-30,4,10
2023-08-30,5,12
2023-08-30,6,55
2023-08-30,7,152
2023-08-30,8,167
2023-08-30,9,122
2023-08-30,10,100
2023-08-30,11,94
2023-08-30,12,104
2023-08-30,13,94
2023-08-30,14,112
2023-08-30,15,119
2023-08-30,16,162
2023-08-30,17,103
2023-08-30,18,90
2023-08-30,20,33
2023-08-30,21,27
2023-08-30,22,21
2023-08-30,23,8
2023-08-31,0,6
2023-08-31,1,3
2023-08-31,2,1
2023-08-31,3,4
2023-08-31,4,9
2023-08-31,5,11
2023-08-31,6,58
2023-08-31,7,137
2023-08-31,8,127
2023-08-31,9,119
2023-08-31,10,109
2023-08-31,11,127
2023-08-31,12,104
2023-08-31,13,106
2023-08-31,14,99
2023-08-31,15,114
2023-08-31,16,142
2023-08-31,17,114
2023-08-31,18,86
2023-08-31,19,62
2023-08-31,20,48
2023-08-31,21,32
2023-08-31,22,18
2023-08-31,23,8
2023-09-01,0,8
2023-09-01,1,4
2023-09-01,2,1
2023-09-01,3,6
2023-09-01,4,10
2023-09-01,5,10
2023-09-01,6,56
2023-09-01,7,130
2023-09-01,8,106
2023-09-01,9,103
2023-09-01,10,111
2023-09-01,11,125
2023-09-01,12,132
2023-09-01,13,137
2023-09-01,14,124
2023-09-01,15,171
2023-09-01,16,149
2023-09-01,17,117
2023-09-01,18,97
2023-09-01,19,67
2023-09-01,20,46
2023-09-01,21,37
2023-09-01,22,23
2023-09-01,23,23
2023-09-02,0,13
2023-09-02,1,13
2023-09-02,2,7
2023-09-02,3,6
2023-09-02,4,6
2023-09-02,5,4
2023-09-02,6,22
2023-09-02,7,84
2023-09-02,8,67
2023-09-02,9,97
2023-09-02,10,122
2023-09-02,11,139
2023-09-02,12,130
2023-09-02,13,103
2023-09-02,14,117
2023-09-02,15,97
2023-09-02,16,99
2023-09-02,17,83
2023-09-02,18,90
2023-09-02,19,46
2023-09-02,20,48
2023-09-02,21,36
2023-09-02,22,36
2023-09-02,23,23
2023-09-03,0,20
2023-09-03,1,9
2023-09-03,2,11
2023-09-03,3,4
2023-09-03,4,4
2023-09-03,5,7
2023-09-03,6,12
2023-09-03,7,23
2023-09-03,8,40
2023-09-03,9,83
2023-09-03,10,96
2023-09-03,11,78
2023-09-03,12,83
2023-09-03,13,80
2023-09-03,14,96
2023-09-03,15,74
2023-09-03,16,93
2023-09-03,17,58
2023-09-03,18,56
2023-09-03,19,45
2023-09-03,20,29
2023-09-03,21,20
2023-09-03,22,14
2023-09-03,23,13
2023-09-04,0,6
2023-09-04,1,5
2023-09-04,2,2
2023-09-04,3,5
2023-09-04,4,9
2023-09-04,5,16
2023-09-04,6,59
2023-09-04,7,127
2023-09-04,8,109
2023-09-04,9,87
2023-09-04,10,87
2023-09-04,11,94
2023-09-04,12,66
2023-09-04,13,111
2023-09-04,14,85
2023-09-04,15,101
2023-09-04,16,127
2023-09-04,17,96
2023-09-04,18,70
2023-09-04,19,49
2023-09-04,20,32
2023-09-04,21,24
2023-09-04,22,15
2023-09-04,23,13
2023-09-05,0,4
2023-09-05,1,3
2023-09-05,2,0
2023-09-05,3,6
2023-09-05,4,5
2023-09-05,5,9
2023-09-05,6,43
2023-09-05,7,154
2023-09-05,8,138
2023-09-05,9,98
2023-09-05,10,83
2023-09-05,11,89
2023-09-05,12,95
2023-09-05,13,86
2023-09-05,14,106
2023-09-05,15,120
2023-09-05,16,146
2023-09-05,17,117
2023-09-05,18,67
2023-09-05,19,41
2023-09-05,20,32
2023-09-05,21,22
2023-09-05,22,17
2023-09-05,23,5
2023-09-06,0,8
2023-09-06,1,3
2023-09-06,2,1
2023-09-06,3,4
2023-09-06,4,4
2023-09-06,5,19
2023-09-06,6,54
2023-09-06,7,149
2023-09-06,8,136
2023-09-06,9,95
2023-09-06,10,92
2023-09-06,11,134
2023-09-06,12,75
2023-09-06,13,109
2023-09-06,14,88
2023-09-06,15,103
2023-09-06,16,139
2023-09-06,17,102
2023-09-06,18,80
2023-09-06,19,50
2023-09-06,20,54
2023-09-06,21,36
2023-09-06,22,21
2023-09-06,23,9
2023-09-07,0,8
2023-09-07,1,1
2023-09-07,2,6
2023-09-07,3,5
2023-09-07,4,3
2023-09-07,5,11
2023-09-07,6,63
2023-09-07,7,134
2023-09-07,8,140
2023-09-07,9,112
2023-09-07,10,98
2023-09-07,11,103
2023-09-07,12,107
2023-09-07,13,89
2023-09-07,14,99
2023-09-07,15,137
2023-09-07,16,145
2023-09-07,17,104
2023-09-07,18,84
2023-09-07,19,63
2023-09-07,20,49
2023-09-07,21,30
2023-09-07,22,23
2023-09-07,23,12
2023-09-08,0,5
2023-09-08,1,1
2023-09-08,2,5
2023-09-08,3,3
2023-09-08,4,10
2023-09-08,5,16
2023-09-08,6,52
2023-09-08,7,127
2023-09-08,8,119
2023-09-08,9,93
2023-09-08,10,96
2023-09-08,11,115
2023-09-08,12,123
2023-09-08,13,124
2023-09-08,14,114
2023-09-08,15,109
2023-09-08,16,137
2023-09-08,17,117
2023-09-08,18,77
2023-09-08,19,65
2023-09-08,20,51
2023-09-08,21,36
2023-09-08,22,29
2023-09-08,23,19
2023-09-09,0,24
2023-09-09,1,9
2023-09-09,2,12
2023-09-09,3,10
2023-09-09,4,2
2023-09-09,5,4
2023-09-09,6,26
2023-09-09,7,45
2023-09-09,8,71
2023-09-09,9,103
2023-09-09,10,114
2023-09-09,11,110
2023-09-09,12,120
2023-09-09,13,129
2023-09-09,14,116
2023-09-09,15,107
2023-09-09,16,115
2023-09-09,17,92
2023-09-09,18,82
2023-09-09,19,57
2023-09-09,20,40
2023-09-09,21,36
2023-09-09,22,39
2023-09-09,23,37
2023-09-10,0,13
2023-09-10,1,11
2023-09-10,2,19
2023-09-10,3,7
2023-09-10,4,9
2023-09-10,5,4
2023-09-10,6,13
2023-09-10,7,23
2023-09-10,8,46
2023-09-10,9,85
2023-09-10,10,81
2023-09-10,11,96
2023-09-10,12,124
2023-09-10,13,116
2023-09-10,14,108
2023-09-10,15,109
2023-09-10,16,110
2023-09-10,17,72
2023-09-10,18,56
2023-09-10,19,50
2023-09-10,20,34
2023-09-10,21,25
2023-09-10,22,18
2023-09-10,23,14
2023-09-11,0,4
2023-09-11,1,5
2023-09-11,2,6
2023-09-11,3,7
2023-09-11,4,7
2023-09-11,5,13
2023-09-11,6,45
2023-09-11,7,128
2023-09-11,8,127
2023-09-11,9,92
2023-09-11,10,96
2023-09-11,11,98
2023-09-11,12,100
2023-09-11,13,125
2023-09-11,14,110
2023-09-11,15,104
2023-09-11,16,134
2023-09-11,17,115
2023-09-11,18,72
2023-09-11,19,50
2023-09-11,20,44
2023-09-11,21,30
2023-09-11,22,14
2023-09-11,23,13
2023-09-12,0,10
2023-09-12,1,2
2023-09-12,2,1
2023-09-12,3,5
2023-09-12,4,4
2023-09-12,5,12
2023-09-12,6,54
2023-09-12,7,143
2023-09-12,8,130
2023-09-12,9,102
2023-09-12,10,119
2023-09-12,11,92
2023-09-12,12,96
2023-09-12,13,109
2023-09-12,14,100
2023-09-12,15,126
2023-09-12,16,152
2023-09-12,17,110
2023-09-12,18,61
2023-09-12,19,57
2023-09-12,20,41
2023-09-12,21,30
2023-09-12,22,20
2023-09-12,23,15
2023-09-13,0,9
2023-09-13,1,9
2023-09-13,2,1
2023-09-13,3,7
2023-09-13,4,6
2023-09-13,5,17
2023-09-13,6,61
2023-09-13,7,141
2023-09-13,8,148
2023-09-13,9,110
2023-09-13,10,115
2023-09-13,11,95
2023-09-13,12,112
2023-09-13,13,107
2023-09-13,14,112
2023-09-13,15,143
2023-09-13,16,190
2023-09-13,17,148
2023-09-13,18,85
2023-09-13,19,65
2023-09-13,20,54
2023-09-13,21,27
2023-09-13,22,20
2023-09-13,23,13
2023-09-14,0,9
2023-09-14,1,2
2023-09-14,2,0
2023-09-14,3,0
2023-09-14,4,5
2023-09-14,5,16
2023-09-14,6,66
2023-09-14,7,149
2023-09-14,8,152
2023-09-14,9,105
2023-09-14,10,109
2023-09-14,11,123
2023-09-14,12,125
2023-09-14,13,108
2023-09-14,14,119
2023-09-14,15,110
2023-09-14,16,161
2023-09-14,17,133
2023-09-14,18,94
2023-09-14,19,64
2023-09-14,20,44
2023-09-14,21,44
2023-09-14,22,29
2023-09-14,23,18
2023-09-15,0,9
2023-09-15,1,3
2023-09-15,2,3
2023-09-15,3,4
2023-09-15,4,2
2023-09-15,5,18
2023-09-15,6,51
2023-09-15,7,142
2023-09-15,8,121
2023-09-15,9,125
2023-09-15,10,124
2023-09-15,11,119
2023-09-15,12,125
2023-09-15,13,114
2023-09-15,14,124
2023-09-15,15,145
2023-09-15,16,152
2023-09-15,17,115
2023-09-15,18,96
2023-09-15,19,72
2023-09-15,20,51
2023-09-15,21,33
2023-09-15,22,31
2023-09-15,23,32
2023-09-16,0,13
2023-09-16,1,10
2023-09-16,2,6
2023-09-16,3,8
2023-09-16,4,10
2023-09-16,5,9
2023-09-16,6,20
2023-09-16,7,30
2023-09-16,8,76
2023-09-16,9,109
2023-09-16,10,120
2023-09-16,11,117
2023-09-16,12,116
2023-09-16,13,116
2023-09-16,14,116
2023-09-16,15,113
2023-09-16,16,98
2023-09-16,17,117
2023-09-16,18,72
2023-09-16,19,60
2023-09-16,20,48
2023-09-16,21,34
2023-09-16,22,32
2023-09-16,23,31
2023-09-17,0,24
2023-09-17,1,13
2023-09-17,2,11
2023-09-17,3,3
2023-09-17,4,10
2023-09-17,5,10
2023-09-17,6,11
2023-09-17,7,22
2023-09-17,8,39
2023-09-17,9,74
2023-09-17,10,100
2023-09-17,11,100
2023-09-17,12,106
2023-09-17,13,111
2023-09-17,14,110
2023-09-17,15,107
2023-09-17,16,85
2023-09-17,17,97
2023-09-17,18,56
2023-09-17,19,38
2023-09-17,20,24
2023-09-17,21,25
2023-09-17,22,16
2023-09-17,23,13
2023-09-18,0,10
2023-09-18,1,4
2023-09-18,2,6
2023-09-18,3,5
2023-09-18,4,1
2023-09-18,5,18
2023-09-18,6,52
2023-09-18,7,158
2023-09-18,8,128
2023-09-18,9,96
2023-09-18,10,114
2023-09-18,11,108
2023-09-18,12,102
2023-09-18,13,97
2023-09-18,14,99
2023-09-18,15,104
2023-09-18,16,140
2023-09-18,17,122
2023-09-18,18,78
2023-09-18,19,50
2023-09-18,20,33
2023-09-18,21,35
2023-09-18,22,14
2023-09-18,23,7
2023-09-19,0,8
2023-09-19,1,1
2023-09-19,2,3
2023-09-19,3,3
2023-09-19,4,4
2023-09-19,5,9
2023-09-19,6,55
2023-09-19,7,137
2023-09-19,8,148
2023-09-19,9,90
2023-09-19,10,104
2023-09-19,11,98
2023-09-19,12,108
2023-09-19,13,100
2023-09-19,14,106
2023-09-19,15,119
2023-09-19,16,190
2023-09-19,17,138
2023-09-19,18,88
2023-09-19,19,55
2023-09-19,20,39
2023-09-19,21,25
2023-09-19,22,11
2023-09-19,23,15
2023-09-20,0,9
2023-09-20,1,4
2023-09-20,2,1
2023-09-20,3,5
2023-09-20,4,7
2023-09-20,5,9
2023-09-20,6,63
2023-09-20,7,138
2023-09-20,8,155
2023-09-20,9,113
2023-09-20,10,113
2023-09-20,11,112
2023-09-20,12,115
2023-09-20,13,107
2023-09-20,14,116
2023-09-20,15,122
2023-09-20,16,224
2023-09-20,17,170
2023-09-20,18,84
2023-09-20,19,65
2023-09-20,20,40
2023-09-20,21,31
2023-09-20,22,31
2023-09-20,23,13
2023-09-21,0,8
2023-09-21,1,5
2023-09-21,2,3
2023-09-21,3,6
2023-09-21,4,9
2023-09-21,5,17
2023-09-21,6,58
2023-09-21,7,153
2023-09-21,8,139
2023-09-21,9,96
2023-09-21,10,106
2023-09-21,11,140
2023-09-21,12,140
2023-09-21,13,117
2023-09-21,14,130
2023-09-21,15,155
2023-09-21,16,169
2023-09-21,17,150
2023-09-21,18,85
2023-09-21,19,59
2023-09-21,20,44
2023-09-21,21,32
2023-09-21,22,23
2023-09-21,23,14
2023-09-22,0,7
2023-09-22,1,2
2023-09-22,2,5
2023-09-22,3,2
2023-09-22,4,7
2023-09-22,5,16
2023-09-22,6,39
2023-09-22,7,105
2023-09-22,8,86
2023-09-22,9,97
2023-09-22,10,114
2023-09-22,11,121
2023-09-22,12,121
2023-09-22,13,127
2023-09-22,14,126
2023-09-22,15,141
2023-09-22,16,114
2023-09-22,17,102
2023-09-22,18,98
2023-09-22,19,79
2023-09-22,20,46
2023-09-22,21,40
2023-09-22,22,30
2023-09-22,23,25
2023-09-23,0,16
2023-09-23,1,16
2023-09-23,2,6
2023-09-23,3,4
2023-09-23,4,4
2023-09-23,5,3
2023-09-23,6,16
2023-09-23,7,35
2023-09-23,8,73
2023-09-23,9,85
2023-09-23,10,100
2023-09-23,11,126
2023-09-23,12,104
2023-09-23,13,108
2023-09-23,14,104
2023-09-23,15,94
2023-09-23,16,98
2023-09-23,17,100
2023-09-23,18,60
2023-09-23,19,66
2023-09-23,20,55
2023-09-23,21,58
2023-09-23,22,50
2023-09-23,23,36
2023-09-24,0,26
2023-09-24,1,17
2023-09-24,2,13
2023-09-24,3,7
2023-09-24,4,2
2023-09-24,5,12
2023-09-24,6,14
2023-09-24,7,19
2023-09-24,8,43
2023-09-24,9,60
2023-09-24,10,97
2023-09-24,11,107
2023-09-24,12,134
2023-09-24,13,101
2023-09-24,14,93
2023-09-24,15,82
2023-09-24,16,95
2023-09-24,17,101
2023-09-24,18,78
2023-09-24,19,65
2023-09-24,20,37
2023-09-24,21,32
2023-09-24,22,16
2023-09-24,23,18
2023-09-25,0,11
2023-09-25,1,9
2023-09-25,2,12
2023-09-25,3,4
2023-09-25,4,5
2023-09-25,5,12
2023-09-25,6,34
2023-09-25,7,62
2023-09-25,8,78
2023-09-25,9,74
2023-09-25,10,121
2023-09-25,11,111
2023-09-25,12,101
2023-09-25,13,105
2023-09-25,14,91
2023-09-25,15,77
2023-09-25,16,99
2023-09-25,17,82
2023-09-25,18,73
2023-09-25,19,50
2023-09-25,20,41
2023-09-25,21,31
2023-09-25,22,13
2023-09-25,23,12
2023-09-26,0,1
2023-09-26,1,0
2023-09-26,2,5
2023-09-26,3,3
2023-09-26,4,7
2023-09-26,5,14
2023-09-26,6,49
2023-09-26,7,163
2023-09-26,8,122
2023-09-26,9,106
2023-09-26,10,96
2023-09-26,11,119
2023-09-26,12,111
2023-09-26,13,110
2023-09-26,14,106
2023-09-26,15,144
2023-09-26,16,136
2023-09-26,17,104
2023-09-26,18,79
2023-09-26,19,50
2023-09-26,20,42
2023-09-26,21,28
2023-09-26,22,17
2023-09-26,23,10
2023-09-27,0,1
2023-09-27,1,3
2023-09-27,2,2
2023-09-27,3,4
2023-09-27,4,7
2023-09-27,5,20
2023-09-27,6,56
2023-09-27,7,137
2023-09-27,8,135
2023-09-27,9,138
2023-09-27,10,107
2023-09-27,11,106
2023-09-27,12,91
2023-09-27,13,109
2023-09-27,14,137
2023-09-27,15,139
2023-09-27,16,202
2023-09-27,17,119
2023-09-27,18,76
2023-09-27,19,57
2023-09-27,20,45
2023-09-27,21,33
2023-09-27,22,16
2023-09-27,23,7
2023-09-28,0,5
2023-09-28,1,3
2023-09-28,2,2
2023-09-28,3,4
2023-09-28,4,5
2023-09-28,5,17
2023-09-28,6,52
2023-09-28,7,131
2023-09-28,8,109
2023-09-28,9,105
2023-09-28,10,100
2023-09-28,11,113
2023-09-28,12,129
2023-09-28,13,97
2023-09-28,14,107
2023-09-28,15,130
2023-09-28,16,180
2023-09-28,17,125
2023-09-28,18,77
2023-09-28,19,62
2023-09-28,20,32
2023-09-28,21,38
2023-09-28,22,58
2023-09-28,23,10
2023-09-29,0,10
2023-09-29,1,2
2023-09-29,2,2
2023-09-29,3,1
2023-09-29,4,14
2023-09-29,5,21
2023-09-29,6,43
2023-09-29,7,128
2023-09-29,8,116
2023-09-29,9,109
2023-09-29,10,123
2023-09-29,11,119
2023-09-29,12,131
2023-09-29,13,106
2023-09-29,14,117
2023-09-29,15,124
2023-09-29,16,123
2023-09-29,17,108
2023-09-29,18,128
2023-09-29,19,82
2023-09-29,20,44
2023-09-29,21,47
2023-09-29,22,40
2023-09-29,23,18
2023-09-30,0,16
2023-09-30,1,19
2023-09-30,2,7
2023-09-30,3,8
2023-09-30,4,2
2023-09-30,5,15
2023-09-30,6,17
2023-09-30,7,25
2023-09-30,8,67
2023-09-30,9,102
2023-09-30,10,104
2023-09-30,11,108
2023-09-30,12,119
2023-09-30,13,108
2023-09-30,14,106
2023-09-30,15,113
2023-09-30,16,110
2023-09-30,17,96
2023-09-30,18,87
2023-09-30,19,72
2023-09-30,20,46
2023-09-30,21,24
2023-09-30,22,24
2023-09-30,23,21
