date,time,flow
2019-10-01,0,8
2019-10-01,1,0
2019-10-01,2,0
2019-10-01,3,4
2019-10-01,4,16
2019-10-01,5,36
2019-10-01,6,84
2019-10-01,7,173
2019-10-01,8,155
2019-10-01,9,128
2019-10-01,10,127
2019-10-01,11,123
2019-10-01,12,132
2019-10-01,13,119
2019-10-01,14,123
2019-10-01,15,109
2019-10-01,16,127
2019-10-01,17,141
2019-10-01,18,110
2019-10-01,19,84
2019-10-01,20,62
2019-10-01,21,57
2019-10-01,22,31
2019-10-01,23,12
2019-10-02,0,12
2019-10-02,1,0
2019-10-02,2,0
2019-10-02,3,4
2019-10-02,4,12
2019-10-02,5,26
2019-10-02,6,79
2019-10-02,7,164
2019-10-02,8,168
2019-10-02,9,123
2019-10-02,10,137
2019-10-02,11,137
2019-10-02,12,140
2019-10-02,13,119
2019-10-02,14,129
2019-10-02,15,119
2019-10-02,16,127
2019-10-02,17,137
2019-10-02,18,100
2019-10-02,19,85
2019-10-02,20,67
2019-10-02,21,52
2019-10-02,22,40
2019-10-02,23,16
2019-10-03,0,12
2019-10-03,1,0
2019-10-03,2,0
2019-10-03,3,4
2019-10-03,4,16
2019-10-03,5,26
2019-10-03,6,79
2019-10-03,7,163
2019-10-03,8,171
2019-10-03,9,116
2019-10-03,10,116
2019-10-03,11,133
2019-10-03,12,120
2019-10-03,13,128
2019-10-03,14,123
2019-10-03,15,133
2019-10-03,16,141
2019-10-03,17,164
2019-10-03,18,168
2019-10-03,19,101
2019-10-03,20,80
2019-10-03,21,101
2019-10-03,22,62
2019-10-03,23,21
2019-10-04,0,12
2019-10-04,1,0
2019-10-04,2,0
2019-10-04,3,0
2019-10-04,4,16
2019-10-04,5,31
2019-10-04,6,70
2019-10-04,7,166
2019-10-04,8,154
2019-10-04,9,137
2019-10-04,10,142
2019-10-04,11,142
2019-10-04,12,146
2019-10-04,13,128
2019-10-04,14,140
2019-10-04,15,150
2019-10-04,16,141
2019-10-04,17,154
2019-10-04,18,133
2019-10-04,19,109
2019-10-04,20,80
2019-10-04,21,66
2019-10-04,22,48
2019-10-04,23,40
2019-10-05,0,26
2019-10-05,1,16
2019-10-05,2,16
2019-10-05,3,8
2019-10-05,4,12
2019-10-05,5,12
2019-10-05,6,36
2019-10-05,7,65
2019-10-05,8,88
2019-10-05,9,101
2019-10-05,10,111
2019-10-05,11,154
2019-10-05,12,155
2019-10-05,13,173
2019-10-05,14,145
2019-10-05,15,141
2019-10-05,16,123
2019-10-05,17,115
2019-10-05,18,124
2019-10-05,19,100
2019-10-05,20,67
2019-10-05,21,58
2019-10-05,22,48
2019-10-05,23,36
2019-10-06,0,26
2019-10-06,1,16
2019-10-06,2,16
2019-10-06,3,16
2019-10-06,4,12
2019-10-06,5,12
2019-10-06,6,16
2019-10-06,7,31
2019-10-06,8,53
2019-10-06,9,80
2019-10-06,10,88
2019-10-06,11,92
2019-10-06,12,104
2019-10-06,13,110
2019-10-06,14,101
2019-10-06,15,93
2019-10-06,16,118
2019-10-06,17,115
2019-10-06,18,101
2019-10-06,19,72
2019-10-06,20,63
2019-10-06,21,44
2019-10-06,22,26
2019-10-06,23,21
2019-10-07,0,8
2019-10-07,1,0
2019-10-07,2,0
2019-10-07,3,0
2019-10-07,4,12
2019-10-07,5,31
2019-10-07,6,62
2019-10-07,7,166
2019-10-07,8,150
2019-10-07,9,114
2019-10-07,10,83
2019-10-07,11,127
2019-10-07,12,120
2019-10-07,13,119
2019-10-07,14,127
2019-10-07,15,119
2019-10-07,16,123
2019-10-07,17,119
2019-10-07,18,97
2019-10-07,19,80
2019-10-07,20,62
2019-10-07,21,40
2019-10-07,22,26
2019-10-07,23,16
2019-10-08,0,8
2019-10-08,1,0
2019-10-08,2,0
2019-10-08,3,4
2019-10-08,4,12
2019-10-08,5,36
2019-10-08,6,79
2019-10-08,7,164
2019-10-08,8,164
2019-10-08,9,120
2019-10-08,10,119
2019-10-08,11,132
2019-10-08,12,120
2019-10-08,13,111
2019-10-08,14,124
2019-10-08,15,114
2019-10-08,16,136
2019-10-08,17,145
2019-10-08,18,118
2019-10-08,19,88
2019-10-08,20,62
2019-10-08,21,48
2019-10-08,22,31
2019-10-08,23,12
2019-10-09,0,4
2019-10-09,1,0
2019-10-09,2,0
2019-10-09,3,4
2019-10-09,4,12
2019-10-09,5,36
2019-10-09,6,83
2019-10-09,7,160
2019-10-09,8,180
2019-10-09,9,127
2019-10-09,10,128
2019-10-09,11,128
2019-10-09,12,132
2019-10-09,13,123
2019-10-09,14,124
2019-10-09,15,111
2019-10-09,16,128
2019-10-09,17,136
2019-10-09,18,100
2019-10-09,19,76
2019-10-09,20,67
2019-10-09,21,48
2019-10-09,22,35
2019-10-09,23,12
2019-10-10,0,8
2019-10-10,1,4
2019-10-10,2,0
2019-10-10,3,0
2019-10-10,4,12
2019-10-10,5,30
2019-10-10,6,75
2019-10-10,7,160
2019-10-10,8,167
2019-10-10,9,113
2019-10-10,10,111
2019-10-10,11,124
2019-10-10,12,128
2019-10-10,13,132
2019-10-10,14,115
2019-10-10,15,137
2019-10-10,16,137
2019-10-10,17,142
2019-10-10,18,124
2019-10-10,19,92
2019-10-10,20,66
2019-10-10,21,48
2019-10-10,22,35
2019-10-10,23,21
2019-10-11,0,12
2019-10-11,1,0
2019-10-11,2,0
2019-10-11,3,4
2019-10-11,4,16
2019-10-11,5,21
2019-10-11,6,75
2019-10-11,7,163
2019-10-11,8,141
2019-10-11,9,137
2019-10-11,10,132
2019-10-11,11,129
2019-10-11,12,140
2019-10-11,13,133
2019-10-11,14,145
2019-10-11,15,136
2019-10-11,16,146
2019-10-11,17,163
2019-10-11,18,128
2019-10-11,19,97
2019-10-11,20,96
2019-10-11,21,70
2019-10-11,22,48
2019-10-11,23,40
2019-10-12,0,16
2019-10-12,1,16
2019-10-12,2,16
2019-10-12,3,12
2019-10-12,4,8
2019-10-12,5,16
2019-10-12,6,31
2019-10-12,7,57
2019-10-12,8,76
2019-10-12,9,92
2019-10-12,10,108
2019-10-12,11,141
2019-10-12,12,145
2019-10-12,13,158
2019-10-12,14,137
2019-10-12,15,146
2019-10-12,16,125
2019-10-12,17,121
2019-10-12,18,120
2019-10-12,19,93
2019-10-12,20,67
2019-10-12,21,53
2019-10-12,22,48
2019-10-12,23,31
2019-10-13,0,26
2019-10-13,1,16
2019-10-13,2,16
2019-10-13,3,16
2019-10-13,4,4
2019-10-13,5,4
2019-10-13,6,16
2019-10-13,7,26
2019-10-13,8,45
2019-10-13,9,84
2019-10-13,10,88
2019-10-13,11,105
2019-10-13,12,118
2019-10-13,13,123
2019-10-13,14,114
2019-10-13,15,105
2019-10-13,16,124
2019-10-13,17,106
2019-10-13,18,114
2019-10-13,19,67
2019-10-13,20,67
2019-10-13,21,44
2019-10-13,22,35
2019-10-13,23,16
2019-10-14,0,8
2019-10-14,1,4
2019-10-14,2,4
2019-10-14,3,4
2019-10-14,4,8
2019-10-14,5,21
2019-10-14,6,58
2019-10-14,7,154
2019-10-14,8,141
2019-10-14,9,114
2019-10-14,10,110
2019-10-14,11,119
2019-10-14,12,115
2019-10-14,13,113
2019-10-14,14,114
2019-10-14,15,118
2019-10-14,16,124
2019-10-14,17,118
2019-10-14,18,88
2019-10-14,19,80
2019-10-14,20,57
2019-10-14,21,40
2019-10-14,22,21
2019-10-14,23,16
2019-10-15,0,4
2019-10-15,1,0
2019-10-15,2,0
2019-10-15,3,4
2019-10-15,4,12
2019-10-15,5,40
2019-10-15,6,70
2019-10-15,7,145
2019-10-15,8,133
2019-10-15,9,105
2019-10-15,10,118
2019-10-15,11,111
2019-10-15,12,124
2019-10-15,13,110
2019-10-15,14,115
2019-10-15,15,101
2019-10-15,16,132
2019-10-15,17,128
2019-10-15,18,109
2019-10-15,19,84
2019-10-15,20,52
2019-10-15,21,44
2019-10-15,22,31
2019-10-15,23,16
2019-10-16,0,8
2019-10-16,1,0
2019-10-16,2,0
2019-10-16,3,4
2019-10-16,4,12
2019-10-16,5,31
2019-10-16,6,79
2019-10-16,7,146
2019-10-16,8,150
2019-10-16,9,101
2019-10-16,10,123
2019-10-16,11,133
2019-10-16,12,140
2019-10-16,13,128
2019-10-16,14,125
2019-10-16,15,115
2019-10-16,16,118
2019-10-16,17,129
2019-10-16,18,105
2019-10-16,19,88
2019-11-20,12,140
2019-11-20,13,136
2019-11-20,14,123
2019-11-20,15,115
2019-11-20,16,120
2019-11-20,17,124
2019-11-20,18,132
2019-11-20,19,109
2019-11-20,20,80
2019-11-20,21,68
2019-11-20,22,48
2019-11-20,23,35
2019-11-21,0,16
2019-11-21,1,8
2019-11-21,2,0
2019-11-21,3,16
2019-11-21,4,8
2019-11-21,5,21
2019-11-21,6,25
2019-11-21,7,75
2019-11-21,8,168
2019-11-21,9,176
2019-11-21,10,115
2019-11-21,11,124
2019-11-21,12,123
2019-11-21,13,128
2019-11-21,14,133
2019-11-21,15,115
2019-11-21,16,140
2019-11-21,17,115
2019-11-21,18,137
2019-11-21,19,128
2019-11-21,20,92
2019-11-21,21,71
2019-11-21,22,57
2019-11-21,23,44
2019-11-22,0,21
2019-11-22,1,12
2019-11-22,2,8
2019-11-22,3,0
2019-11-22,4,4
2019-11-22,5,16
2019-11-22,6,26
2019-11-22,7,71
2019-11-22,8,167
2019-11-22,9,159
2019-11-22,10,150
2019-11-22,11,127
2019-11-22,12,137
2019-11-22,13,133
2019-11-22,14,133
2019-11-22,15,150
2019-11-22,16,141
2019-11-22,17,141
2019-11-22,18,154
2019-11-22,19,138
2019-11-22,20,101
2019-11-22,21,80
2019-11-22,22,62
2019-11-22,23,48
2019-11-23,0,36
2019-11-23,1,21
2019-11-23,2,16
2019-11-23,3,16
2019-11-23,4,12
2019-11-23,5,12
2019-11-23,6,16
2019-11-23,7,36
2019-11-23,8,79
2019-11-23,9,88
2019-11-23,10,101
2019-11-23,11,120
2019-11-23,12,153
2019-11-23,13,155
2019-11-23,14,193
2019-11-23,15,160
2019-11-23,16,146
2019-11-23,17,145
2019-11-23,18,141
2019-11-23,19,123
2019-11-23,20,104
2019-11-23,21,71
2019-11-23,22,58
2019-11-23,23,52
2019-11-24,0,36
2019-11-24,1,26
2019-11-24,2,16
2019-11-24,3,21
2019-11-24,4,16
2019-11-24,5,12
2019-11-24,6,16
2019-11-24,7,16
2019-11-24,8,31
2019-11-24,9,57
2019-11-24,10,88
2019-11-24,11,92
2019-11-24,12,92
2019-11-24,13,111
2019-11-24,14,102
2019-11-24,15,119
2019-11-24,16,106
2019-11-24,17,114
2019-11-24,18,115
2019-11-24,19,101
2019-11-24,20,67
2019-11-24,21,62
2019-11-24,22,48
2019-11-24,23,36
2019-11-25,0,26
2019-11-25,1,16
2019-11-25,2,8
2019-11-25,3,4
2019-11-25,4,8
2019-11-25,5,16
2019-11-25,6,31
2019-11-25,7,62
2019-11-25,8,180
2019-11-25,9,145
2019-11-25,10,110
2019-11-25,11,119
2019-11-25,12,123
2019-11-25,13,120
2019-11-25,14,133
2019-11-25,15,127
2019-11-25,16,133
2019-11-25,17,127
2019-11-25,18,124
2019-11-25,19,101
2019-11-25,20,84
2019-11-25,21,67
2019-11-25,22,40
2019-11-25,23,26
2019-11-26,0,16
2019-11-26,1,8
2019-11-26,2,0
2019-11-26,3,0
2019-11-26,4,4
2019-11-26,5,12
2019-11-26,6,31
2019-11-26,7,84
2019-11-26,8,160
2019-11-26,9,160
2019-11-26,10,118
2019-11-26,11,119
2019-11-26,12,127
2019-11-26,13,128
2019-11-26,14,119
2019-11-26,15,115
2019-11-26,16,114
2019-11-26,17,132
2019-11-26,18,145
2019-11-26,19,114
2019-11-26,20,88
2019-11-26,21,67
2019-11-26,22,58
2019-11-26,23,36
2019-11-27,0,16
2019-11-27,1,12
2019-11-27,2,0
2019-11-27,3,0
2019-11-27,4,8
2019-11-27,5,16
2019-11-27,6,36
2019-11-27,7,83
2019-11-27,8,164
2019-11-27,9,168
2019-11-27,10,128
2019-11-27,11,132
2019-11-27,12,128
2019-11-27,13,136
2019-11-27,14,123
2019-11-27,15,125
2019-11-27,16,119
2019-11-27,17,128
2019-11-27,18,132
2019-11-27,19,110
2019-11-27,20,84
2019-11-27,21,62
2019-11-27,22,52
2019-11-27,23,35
2019-11-28,0,16
2019-11-28,1,12
2019-11-28,2,8
2019-11-28,3,4
2019-11-28,4,8
2019-11-28,5,16
2019-11-28,6,35
2019-11-28,7,75
2019-11-28,8,155
2019-11-28,9,177
2019-11-28,10,92
2019-11-28,11,124
2019-11-28,12,124
2019-11-28,13,133
2019-11-28,14,123
2019-11-28,15,116
2019-11-28,16,132
2019-11-28,17,128
2019-11-28,18,159
2019-11-28,19,159
2019-11-28,20,93
2019-11-28,21,71
2019-11-28,22,97
2019-11-28,23,58
2019-11-29,0,26
2019-11-29,1,12
2019-11-29,2,0
2019-11-29,3,4
2019-11-29,4,4
2019-11-29,5,16
2019-11-29,6,31
2019-11-29,7,75
2019-11-29,8,162
2019-11-29,9,141
2019-11-29,10,138
2019-11-29,11,141
2019-11-29,12,142
2019-11-29,13,142
2019-11-29,14,137
2019-11-29,15,145
2019-11-29,16,150
2019-11-29,17,155
2019-11-29,18,154
2019-11-29,19,141
2019-11-29,20,110
2019-11-29,21,92
2019-11-29,22,66
2019-11-29,23,57
2019-11-30,0,44
2019-11-30,1,36
2019-11-30,2,16
2019-11-30,3,16
2019-11-30,4,12
2019-11-30,5,12
2019-11-30,6,16
2019-11-30,7,40
2019-11-30,8,70
2019-11-30,9,88
2019-11-30,10,110
2019-11-30,11,111
2019-11-30,12,149
2019-11-30,13,145
2019-11-30,14,176
2019-11-30,15,150
2019-11-30,16,137
2019-11-30,17,137
2019-11-30,18,129
2019-11-30,19,115
2019-11-30,20,97
2019-11-30,21,75
2019-11-30,22,66
2019-11-30,23,57
2019-12-01,0,36
2019-12-01,1,26
2019-12-01,2,16
2019-12-01,3,21
2019-12-01,4,16
2019-12-01,5,16
2019-12-01,6,21
2019-12-01,7,21
2019-12-01,8,36
2019-12-01,9,53
2019-12-01,10,80
2019-12-01,11,92
2019-12-01,12,101
2019-12-01,13,97
2019-12-01,14,102
2019-12-01,15,109
2019-12-01,16,105
2019-12-01,17,128
2019-12-01,18,132
2019-12-01,19,115
2019-12-01,20,67
2019-12-01,21,62
2019-12-01,22,52
2019-12-01,23,35
2019-12-02,0,21
2019-12-02,1,16
2019-12-02,2,8
2019-12-02,3,4
2019-12-02,4,12
2019-12-02,5,16
2019-12-02,6,31
2019-12-02,7,66
2019-12-02,8,168
2019-12-02,9,158
2019-12-02,10,88
2019-12-02,11,116
2019-12-02,12,120
2019-12-02,13,128
2019-12-02,14,133
2019-12-02,15,123
2019-12-02,16,119
2019-12-02,17,129
2019-12-02,18,120
2019-12-02,19,105
2019-12-02,20,80
2019-12-02,21,62
2019-12-02,22,40
2019-12-02,23,21
2019-12-03,0,16
2019-12-03,1,4
2019-12-03,2,0
2019-12-03,3,0
2019-12-03,4,0
2019-12-03,5,16
2019-12-03,6,36
2019-12-03,7,79
2019-12-03,8,173
2019-12-03,9,163
2019-12-03,10,124
2019-12-03,11,123
2019-12-03,12,128
2019-12-03,13,132
2019-12-03,14,115
2019-12-03,15,123
2019-12-03,16,119
2019-12-03,17,119
2019-12-03,18,141
2019-12-03,19,110
2019-12-03,20,84
2019-12-03,21,58
2019-12-03,22,53
2019-12-03,23,31
2019-12-04,0,16
2019-12-04,1,0
2019-12-04,2,0
2019-12-04,3,0
2019-12-04,4,4
2019-12-04,5,8
2019-12-04,6,26
2019-12-04,7,83
2019-12-04,8,167
2019-12-04,9,168
2019-12-04,10,124
2019-12-04,11,133
2019-12-04,12,141
2019-12-04,13,149
2019-12-04,14,132
2019-12-04,15,124
2019-12-04,16,124
2019-12-04,17,128
2019-12-04,18,151
2019-12-04,19,124
2019-12-04,20,76
2019-12-04,21,62
2019-12-04,22,71
2019-12-04,23,44
2019-12-05,0,16
2019-12-05,1,8
2019-12-05,2,0
2019-12-05,3,4
2019-12-05,4,0
2019-12-05,5,16
2019-12-05,6,26
2019-12-05,7,71
2019-12-05,8,168
2019-12-05,9,172
2019-12-05,10,123
2019-12-05,11,128
2019-12-05,12,124
2019-12-05,13,128
2019-12-05,14,124
2019-12-05,15,116
2019-12-05,16,150
2019-12-05,17,123
2019-12-05,18,145
2019-12-05,19,124
2019-12-05,20,84
2019-12-05,21,62
2019-12-05,22,52
2019-12-05,23,35
2019-12-06,0,21
2019-12-06,1,12
2019-12-06,2,0
2019-12-06,3,0
2019-12-06,4,0
2019-12-06,5,12
2019-12-06,6,26
2019-12-06,7,66
2019-12-06,8,163
2019-12-06,9,155
2019-12-06,10,137
2019-12-06,11,131
2019-12-06,12,133
2019-12-06,13,146
2019-12-06,14,136
2019-12-06,15,149
2019-12-06,16,141
2019-12-06,17,141
2019-12-06,18,154
2019-12-06,19,133
2019-12-06,20,106
2019-12-06,21,88
2019-12-06,22,66
2019-12-06,23,52
2019-12-07,0,40
2019-12-07,1,16
2019-12-07,2,16
2019-12-07,3,16
2019-12-07,4,12
2019-12-07,5,8
2019-12-07,6,16
2019-12-07,7,36
2019-12-07,8,61
2019-12-07,9,88
2019-12-07,10,106
2019-12-07,11,116
2019-12-07,12,150
2019-12-07,13,145
2019-12-07,14,167
2019-12-07,15,136
2019-12-07,16,150
2019-12-07,17,123
2019-12-07,18,128
2019-12-07,19,116
2019-12-07,20,96
2019-12-07,21,67
2019-12-07,22,53
2019-12-07,23,52
2019-12-08,0,36
2019-12-08,1,26
2019-12-08,2,16
2019-12-08,3,16
2019-12-08,4,16
2019-12-08,5,8
2019-12-08,6,4
2019-12-08,7,16
2019-12-08,8,31
2019-12-08,9,53
2019-12-08,10,76
2019-12-08,11,92
2019-12-08,12,106
2019-12-08,13,102
2019-12-08,14,106
2019-12-08,15,88
2019-12-08,16,88
2019-12-08,17,100
2019-12-08,18,119
2019-12-08,19,110
2019-12-08,20,67
2019-12-08,21,62
2019-12-08,22,57
2019-12-08,23,35
2019-12-09,0,21
2019-12-09,1,12
2019-12-09,2,4
2019-12-09,3,4
2019-12-09,4,8
2019-12-09,5,16
2019-12-09,6,26
2019-12-09,7,58
2019-12-09,8,171
2019-12-09,9,150
2019-12-09,10,106
2019-12-09,11,114
2019-12-09,12,119
2019-12-09,13,120
2019-12-09,14,119
2019-12-09,15,128
2019-12-09,16,118
2019-12-09,17,128
2019-12-09,18,120
2019-12-09,19,101
2019-12-09,20,72
2019-12-09,21,67
2019-12-09,22,40
2019-12-09,23,26
2019-12-10,0,16
2019-12-10,1,8
2019-12-10,2,0
2019-12-10,3,0
2019-12-10,4,4
2019-12-10,5,12
2019-12-10,6,40
2019-12-10,7,75
2019-12-10,8,164
2019-12-10,9,151
2019-12-10,10,123
2019-12-10,11,132
2019-12-10,12,123
2019-12-10,13,132
2019-12-10,14,114
2019-12-10,15,124
2019-12-10,16,110
2019-12-10,17,136
2019-12-10,18,132
2019-12-10,19,109
2019-12-10,20,84
2019-12-10,21,71
2019-12-10,22,57
2019-12-10,23,36
2019-12-11,0,16
2019-12-11,1,0
2019-12-11,2,0
2019-12-11,3,0
2019-12-11,4,8
2019-12-11,5,12
2019-12-11,6,26
2019-12-11,7,83
2019-12-11,8,159
2019-12-11,9,176
2019-12-11,10,123
2019-12-11,11,132
2019-12-11,12,142
2019-12-11,13,158
2019-12-11,14,123
2019-12-11,15,132
2019-12-11,16,132
2019-12-11,17,133
2019-12-11,18,132
2019-12-11,19,110
2019-12-11,20,85
2019-12-11,21,72
2019-12-11,22,48
2019-12-11,23,40
2019-12-12,0,21
2019-12-12,1,16
2019-12-12,2,12
2019-12-12,3,16
2019-12-12,4,16
2019-12-12,5,26
2019-12-12,6,40
2019-12-12,7,83
2019-12-12,8,173
2019-12-12,9,172
2019-12-12,10,128
2019-12-12,11,124
2019-12-12,12,137
2019-12-12,13,146
2019-12-12,14,104
2019-12-12,15,128
2019-12-12,16,137
2019-12-12,17,133
2019-12-12,18,146
2019-12-12,19,128
2019-12-12,20,96
2019-12-12,21,71
2019-12-12,22,67
2019-12-12,23,49
2019-12-13,0,31
2019-12-13,1,16
2019-12-13,2,16
2019-12-13,3,12
2019-12-13,4,16
2019-12-13,5,21
2019-12-13,6,40
2019-12-13,7,88
2019-12-13,8,167
2019-12-13,9,168
2019-12-13,10,149
2019-12-13,11,151
2019-12-13,12,137
2019-12-13,13,150
2019-12-13,14,136
2019-12-13,15,154
2019-12-13,16,150
2019-12-13,17,145
2019-12-13,18,168
2019-12-13,19,137
2019-12-13,20,106
2019-12-13,21,101
2019-12-13,22,70
2019-12-13,23,72
2019-12-14,0,61
2019-12-14,1,36
2019-12-14,2,21
2019-12-14,3,16
2019-12-14,4,16
2019-12-14,5,16
2019-12-14,6,16
2019-12-14,7,36
2019-12-14,8,75
2019-12-14,9,96
2019-12-14,10,115
2019-12-14,11,112
2019-12-14,12,167
2019-12-14,13,154
2019-12-14,14,176
2019-12-14,15,164
2019-12-14,16,150
2019-12-14,17,133
2019-12-14,18,137
2019-12-14,19,124
2019-12-14,20,109
2019-12-14,21,71
2019-12-14,22,67
2019-12-14,23,62
2019-12-15,0,44
2019-12-15,1,26
2019-12-15,2,26
2019-12-15,3,26
2019-12-15,4,16
2019-12-15,5,16
2019-12-15,6,16
2019-12-15,7,21
2019-12-15,8,40
2019-12-15,9,57
2019-12-15,10,92
2019-12-15,11,101
2019-12-15,12,110
2019-12-15,13,119
2019-12-15,14,136
2019-12-15,15,116
2019-12-15,16,110
2019-12-15,17,159
2019-12-15,18,146
2019-12-15,19,113
2019-12-15,20,84
2019-12-15,21,72
2019-12-15,22,58
2019-12-15,23,40
2019-12-16,0,26
2019-12-16,1,16
2019-12-16,2,16
2019-12-16,3,12
2019-12-16,4,12
2019-12-16,5,16
2019-12-16,6,36
2019-12-16,7,66
2019-12-16,8,180
2019-12-16,9,172
2019-12-16,10,141
2019-12-16,11,132
2019-12-16,12,141
2019-12-16,13,136
2019-12-16,14,141
2019-12-16,15,127
2019-12-16,16,137
2019-12-16,17,132
2019-12-16,18,128
2019-12-16,19,105
2019-12-16,20,92
2019-12-16,21,72
2019-12-16,22,44
2019-12-16,23,30
2019-12-17,0,16
2019-12-17,1,16
2019-12-17,2,12
2019-12-17,3,0
2019-12-17,4,8
2019-12-17,5,21
2019-12-17,6,40
2019-12-17,7,92
2019-12-17,8,177
2019-12-17,9,171
2019-12-17,10,137
2019-12-17,11,146
2019-12-17,12,146
2019-12-17,13,150
2019-12-17,14,132
2019-12-17,15,132
2019-12-17,16,123
2019-12-17,17,150
2019-12-17,18,149
2019-12-17,19,119
2019-12-17,20,88
2019-12-17,21,67
2019-12-17,22,62
2019-12-17,23,44
2019-12-18,0,21
2019-12-18,1,16
2019-12-18,2,8
2019-12-18,3,8
2019-12-18,4,16
2019-12-18,5,21
2019-12-18,6,36
2019-12-18,7,83
2019-12-18,8,164
2019-12-18,9,176
2019-12-18,10,137
2019-12-18,11,159
2019-12-18,12,156
2019-12-18,13,168
2019-12-18,14,155
2019-12-18,15,149
2019-12-18,16,132
2019-12-18,17,137
2019-12-18,18,141
2019-12-18,19,105
2019-12-18,20,88
2019-12-18,21,76
2019-12-18,22,62
2019-12-18,23,49
2019-12-19,0,21
2019-12-19,1,16
2019-12-19,2,16
2019-12-19,3,16
2019-12-19,4,25
2019-12-19,5,26
2019-12-19,6,40
2019-12-19,7,79
2019-12-19,8,168
2019-12-19,9,186
2019-12-19,10,138
2019-12-19,11,122
2019-12-19,12,142
2019-12-19,13,110
2019-12-19,14,145
2019-12-19,15,142
2019-12-19,16,150
2019-12-19,17,128
2019-12-19,18,136
2019-12-19,19,123
2019-12-19,20,101
2019-12-19,21,79
2019-12-19,22,62
2019-12-19,23,44
2019-12-20,0,21
2019-12-20,1,12
2019-12-20,2,16
2019-12-20,3,0
2019-12-20,4,16
2019-12-20,5,21
2019-12-20,6,36
2019-12-20,7,74
2019-12-20,8,150
2019-12-20,9,151
2019-12-20,10,155
2019-12-20,11,146
2019-12-20,12,150
2019-12-20,13,145
2019-12-20,14,150
2019-12-20,15,168
2019-12-20,16,151
2019-12-20,17,150
2019-12-20,18,163
2019-12-20,19,137
2019-12-20,20,96
2019-12-20,21,92
2019-12-20,22,80
2019-12-20,23,67
2019-12-21,0,52
2019-12-21,1,26
2019-12-21,2,16
2019-12-21,3,16
2019-12-21,4,16
2019-12-21,5,16
2019-12-21,6,16
2019-12-21,7,36
2019-12-21,8,75
2019-12-21,9,105
2019-12-21,10,118
2019-12-21,11,124
2019-12-21,12,154
2019-12-21,13,164
2019-12-21,14,207
2019-12-21,15,155
2019-12-21,16,137
2019-12-21,17,158
2019-12-21,18,147
2019-12-21,19,128
2019-12-21,20,114
2019-12-21,21,71
2019-12-21,22,62
2019-12-21,23,62
2019-12-22,0,36
2019-12-22,1,26
2019-12-22,2,26
2019-12-22,3,21
2019-12-22,4,16
2019-12-22,5,12
2019-12-22,6,16
2019-12-22,7,16
2019-12-22,8,31
2019-12-22,9,62
2019-12-22,10,96
2019-12-22,11,105
2019-12-22,12,113
2019-12-22,13,111
2019-12-22,14,124
2019-12-22,15,124
2019-12-22,16,124
2019-12-22,17,144
2019-12-22,18,132
2019-12-22,19,119
2019-12-22,20,76
2019-12-22,21,72
2019-12-22,22,57
2019-12-22,23,40
2019-12-23,0,30
2019-12-23,1,16
2019-12-23,2,16
2019-12-23,3,4
2019-12-23,4,12
2019-12-23,5,16
2019-12-23,6,31
2019-12-23,7,57
2019-12-23,8,155
2019-12-23,9,146
2019-12-23,10,146
2019-12-23,11,141
2019-12-23,12,171
2019-12-23,13,164
2019-12-23,14,163
2019-12-23,15,167
2019-12-23,16,146
2019-12-23,17,127
2019-12-23,18,137
2019-12-23,19,109
2019-12-23,20,92
2019-12-23,21,71
2019-12-23,22,53
2019-12-23,23,35
2019-12-24,0,21
2019-12-24,1,16
2019-12-24,2,8
2019-12-24,3,0
2019-12-24,4,8
2019-12-24,5,16
2019-12-24,6,36
2019-12-24,7,66
2019-12-24,8,145
2019-12-24,9,137
2019-12-24,10,141
2019-12-24,11,150
2019-12-24,12,146
2019-12-24,13,176
2019-12-24,14,151
2019-12-24,15,132
2019-12-24,16,110
2019-12-24,17,104
2019-12-24,18,119
2019-12-24,19,101
2019-12-24,20,80
2019-12-24,21,62
2019-12-24,22,49
2019-12-24,23,31
2019-12-25,0,16
2019-12-25,1,16
2019-12-25,2,4
2019-12-25,3,0
2019-12-25,4,12
2019-12-25,5,16
2019-12-25,6,16
2019-12-25,7,87
2019-12-25,8,168
2019-12-25,9,167
2019-12-25,10,119
2019-12-25,11,92
2019-12-25,12,84
2019-12-25,13,114
2019-12-25,14,76
2019-12-25,15,80
2019-12-25,16,57
2019-12-25,17,67
2019-12-25,18,76
2019-12-25,19,72
2019-12-25,20,62
2019-12-25,21,52
2019-12-25,22,40
2019-12-25,23,26
2019-12-26,0,16
2019-12-26,1,16
2019-12-26,2,8
2019-12-26,3,12
2019-12-26,4,8
2019-12-26,5,16
2019-12-26,6,21
2019-12-26,7,53
2019-12-26,8,127
2019-12-26,9,115
2019-12-26,10,84
2019-12-26,11,80
2019-12-26,12,84
2019-12-26,13,88
2019-12-26,14,88
2019-12-26,15,83
2019-12-26,16,76
2019-12-26,17,70
2019-12-26,18,92
2019-12-26,19,92
2019-12-26,20,75
2019-12-26,21,57
2019-12-26,22,48
2019-12-26,23,40
2019-12-27,0,21
2019-12-27,1,16
2019-12-27,2,8
2019-12-27,3,0
2019-12-27,4,16
2019-12-27,5,16
2019-12-27,6,31
2019-12-27,7,54
2019-12-27,8,110
2019-12-27,9,101
2019-12-27,10,105
2019-12-27,11,114
2019-12-27,12,124
2019-12-27,13,123
2019-12-27,14,115
2019-12-27,15,123
2019-12-27,16,109
2019-12-27,17,113
2019-12-27,18,132
2019-12-27,19,111
2019-12-27,20,88
2019-12-27,21,80
2019-12-27,22,62
2019-12-27,23,57
2019-12-28,0,40
2019-12-28,1,16
2019-12-28,2,16
2019-12-28,3,16
2019-12-28,4,16
2019-12-28,5,16
2019-12-28,6,16
2019-12-28,7,31
2019-12-28,8,70
2019-12-28,9,76
2019-12-28,10,84
2019-12-28,11,96
2019-12-28,12,132
2019-12-28,13,128
2019-12-28,14,146
2019-12-28,15,128
2019-12-28,16,129
2019-12-28,17,118
2019-12-28,18,119
2019-12-28,19,115
2019-12-28,20,96
2019-12-28,21,67
2019-12-28,22,61
2019-12-28,23,62
2019-12-29,0,31
2019-12-29,1,26
2019-12-29,2,16
2019-12-29,3,16
2019-12-29,4,16
2019-12-29,5,12
2019-12-29,6,16
2019-12-29,7,16
2019-12-29,8,31
2019-12-29,9,61
2019-12-29,10,101
2019-12-29,11,110
2019-12-29,12,98
2019-12-29,13,75
2019-12-29,14,84
2019-12-29,15,101
2019-12-29,16,97
2019-12-29,17,106
2019-12-29,18,115
2019-12-29,19,92
2019-12-29,20,72
2019-12-29,21,67
2019-12-29,22,48
2019-12-29,23,35
2019-12-30,0,21
2019-12-30,1,16
2019-12-30,2,16
2019-12-30,3,4
2019-12-30,4,12
2019-12-30,5,16
2019-12-30,6,26
2019-12-30,7,49
2019-12-30,8,123
2019-12-30,9,118
2019-12-30,10,96
2019-12-30,11,109
2019-12-30,12,118
2019-12-30,13,123
2019-12-30,14,116
2019-12-30,15,128
2019-12-30,16,114
2019-12-30,17,106
2019-12-30,18,110
2019-12-30,19,92
2019-12-30,20,80
2019-12-30,21,62
2019-12-30,22,49
2019-12-30,23,35
2019-12-31,0,16
2019-12-31,1,12
2019-12-31,2,4
2019-12-31,3,0
2019-12-31,4,4
2019-12-31,5,16
2019-12-31,6,36
2019-12-31,7,66
2019-12-31,8,124
2019-12-31,9,119
2019-12-31,10,109
2019-12-31,11,128
2019-12-31,12,133
2019-12-31,13,141
2019-12-31,14,128
2019-12-31,15,136
2019-12-31,16,105
2019-12-31,17,100
2019-12-31,18,109
2019-12-31,19,97
2019-12-31,20,88
2019-12-31,21,67
2019-12-31,22,57
2019-12-31,23,36
2020-01-01,0,16
2020-01-01,1,21
2020-01-01,2,16
2020-01-01,3,12
2020-01-01,4,26
2020-01-01,5,21
2020-01-01,6,26
2020-01-01,7,62
2020-01-01,8,124
2020-01-01,9,123
2020-01-01,10,101
2020-01-01,11,105
2020-01-01,12,92
2020-01-01,13,92
2020-01-01,14,76
2020-01-01,15,76
2020-01-01,16,67
2020-01-01,17,62
2020-01-01,18,80
2020-01-01,19,72
2020-01-01,20,62
2020-01-01,21,57
2020-01-01,22,48
2020-01-01,23,31
2020-01-02,0,16
2020-01-02,1,16
2020-01-02,2,4
2020-01-02,3,8
2020-01-02,4,8
2020-01-02,5,16
2020-01-02,6,21
2020-01-02,7,53
2020-01-02,8,104
2020-01-02,9,97
2020-01-02,10,84
2020-01-02,11,84
2020-01-02,12,88
2020-01-02,13,96
2020-01-02,14,100
2020-01-02,15,88
2020-01-02,16,92
2020-01-02,17,79
2020-01-02,18,100
2020-01-02,19,96
2020-01-02,20,75
2020-01-02,21,53
2020-01-02,22,48
2020-01-02,23,36
2020-01-03,0,21
2020-01-03,1,12
2020-01-03,2,4
2020-01-03,3,0
2020-01-03,4,8
2020-01-03,5,21
2020-01-03,6,21
2020-01-03,7,66
2020-01-03,8,137
2020-01-03,9,118
2020-01-03,10,114
2020-01-03,11,115
2020-01-03,12,124
2020-01-03,13,123
2020-01-03,14,115
2020-01-03,15,141
2020-01-03,16,124
2020-01-03,17,114
2020-01-03,18,132
2020-01-03,19,123
2020-01-03,20,88
2020-01-03,21,80
2020-01-03,22,62
2020-01-03,23,53
2020-01-04,0,36
2020-01-04,1,16
2020-01-04,2,16
2020-01-04,3,16
2020-01-04,4,12
2020-01-04,5,12
2020-01-04,6,16
2020-01-04,7,36
2020-01-04,8,65
2020-01-04,9,76
2020-01-04,10,84
2020-01-04,11,92
2020-01-04,12,137
2020-01-04,13,136
2020-01-04,14,159
2020-01-04,15,128
2020-01-04,16,137
2020-01-04,17,114
2020-01-04,18,118
2020-01-04,19,104
2020-01-04,20,101
2020-01-04,21,67
2020-01-04,22,57
2020-01-04,23,52
2020-01-05,0,36
2020-01-05,1,26
2020-01-05,2,16
2020-01-05,3,16
2020-01-05,4,16
2020-01-05,5,12
2020-01-05,6,12
2020-01-05,7,21
2020-01-05,8,36
2020-01-05,9,53
2020-01-05,10,71
2020-01-05,11,84
2020-01-05,12,88
2020-01-05,13,96
2020-01-05,14,105
2020-01-05,15,109
2020-01-05,16,101
2020-01-05,17,109
2020-01-05,18,106
2020-01-05,19,96
2020-01-05,20,67
2020-01-05,21,57
2020-01-05,22,44
2020-01-05,23,36
2020-01-06,0,16
2020-01-06,1,16
2020-01-06,2,8
2020-01-06,3,4
2020-01-06,4,8
2020-01-06,5,16
2020-01-06,6,36
2020-01-06,7,66
2020-01-06,8,180
2020-01-06,9,159
2020-01-06,10,113
2020-01-06,11,122
2020-01-06,12,123
2020-01-06,13,116
2020-01-06,14,114
2020-01-06,15,111
2020-01-06,16,118
2020-01-06,17,124
2020-01-06,18,114
2020-01-06,19,88
2020-01-06,20,71
2020-01-06,21,57
2020-01-06,22,40
2020-01-06,23,26
2020-01-07,0,16
2020-01-07,1,12
2020-01-07,2,4
2020-01-07,3,0
2020-01-07,4,8
2020-01-07,5,16
2020-01-07,6,40
2020-01-07,7,84
2020-01-07,8,176
2020-01-07,9,159
2020-01-07,10,119
2020-01-07,11,120
2020-01-07,12,115
2020-01-07,13,132
2020-01-07,14,114
2020-01-07,15,115
2020-01-07,16,110
2020-01-07,17,123
2020-01-07,18,133
2020-01-07,19,105
2020-01-07,20,80
2020-01-07,21,62
2020-01-07,22,53
2020-01-07,23,31
2020-01-08,0,12
2020-01-08,1,12
2020-01-08,2,0
2020-01-08,3,0
2020-01-08,4,16
2020-01-08,5,16
2020-01-08,6,31
2020-01-08,7,83
2020-01-08,8,172
2020-01-08,9,163
2020-01-08,10,123
2020-01-08,11,128
2020-01-08,12,128
2020-01-08,13,128
2020-01-08,14,109
2020-01-08,15,124
2020-01-08,16,110
2020-01-08,17,133
2020-01-08,18,124
2020-01-08,19,92
2020-01-08,20,75
2020-01-08,21,57
2020-01-08,22,48
2020-01-08,23,35
2020-01-09,0,16
2020-01-09,1,16
2020-01-09,2,8
2020-01-09,3,12
2020-01-09,4,12
2020-01-09,5,21
2020-01-09,6,44
2020-01-09,7,71
2020-01-09,8,164
2020-01-09,9,167
2020-01-09,10,120
2020-01-09,11,105
2020-01-09,12,119
2020-01-09,13,124
2020-01-09,14,124
2020-01-09,15,111
2020-01-09,16,128
2020-01-09,17,123
2020-01-09,18,132
2020-01-09,19,119
2020-01-09,20,92
2020-01-09,21,71
2020-01-09,22,52
2020-01-09,23,36
2020-01-10,0,16
2020-01-10,1,12
2020-01-10,2,8
2020-01-10,3,0
2020-01-10,4,16
2020-01-10,5,21
2020-01-10,6,31
2020-01-10,7,75
2020-01-10,8,163
2020-01-10,9,159
2020-01-10,10,133
2020-01-10,11,132
2020-01-10,12,137
2020-01-10,13,128
2020-01-10,14,137
2020-01-10,15,141
2020-01-10,16,146
2020-01-10,17,136
2020-01-10,18,158
2020-01-10,19,132
2020-01-10,20,101
2020-01-10,21,76
2020-01-10,22,66
2020-01-10,23,57
2020-01-11,0,36
2020-01-11,1,21
2020-01-11,2,16
2020-01-11,3,16
2020-01-11,4,16
2020-01-11,5,16
2020-01-11,6,16
2020-01-11,7,36
2020-01-11,8,70
2020-01-11,9,80
2020-01-11,10,97
2020-01-11,11,106
2020-01-11,12,141
2020-01-11,13,136
2020-01-11,14,176
2020-01-11,15,155
2020-01-11,16,137
2020-01-11,17,117
2020-01-11,18,119
2020-01-11,19,109
2020-01-11,20,97
2020-01-11,21,58
2020-01-11,22,58
2020-01-11,23,52
2020-01-12,0,31
2020-01-12,1,31
2020-01-12,2,16
2020-01-12,3,16
2020-01-12,4,16
2020-01-12,5,12
2020-01-12,6,16
2020-01-12,7,16
2020-01-12,8,36
2020-01-12,9,57
2020-01-12,10,84
2020-01-12,11,80
2020-01-12,12,97
2020-01-12,13,111
2020-01-12,14,115
2020-01-12,15,105
2020-01-12,16,114
2020-01-12,17,123
2020-01-12,18,105
2020-01-12,19,96
2020-01-12,20,67
2020-01-12,21,57
2020-01-12,22,49
2020-01-12,23,30
2020-01-13,0,21
2020-01-13,1,16
2020-01-13,2,8
2020-01-13,3,4
2020-01-13,4,12
2020-01-13,5,16
2020-01-13,6,31
2020-01-13,7,66
2020-01-13,8,171
2020-01-13,9,154
2020-01-13,10,110
2020-01-13,11,124
2020-01-13,12,119
2020-01-13,13,119
2020-01-13,14,113
2020-01-13,15,122
2020-01-13,16,125
2020-01-13,17,122
2020-01-13,18,119
2020-01-13,19,92
2020-01-13,20,80
2020-01-13,21,62
2020-01-13,22,40
2020-01-13,23,26
2020-01-14,0,16
2020-01-14,1,16
2020-01-14,2,0
2020-01-14,3,0
2020-01-14,4,4
2020-01-14,5,16
2020-01-14,6,40
2020-01-14,7,79
2020-01-14,8,159
2020-01-14,9,164
2020-01-14,10,128
2020-01-14,11,125
2020-01-14,12,115
2020-01-14,13,136
2020-01-14,14,135
2020-01-14,15,120
2020-01-14,16,119
2020-01-14,17,145
2020-01-14,18,137
2020-01-14,19,106
2020-01-14,20,84
2020-01-14,21,61
2020-01-14,22,40
2020-01-14,23,36
2020-01-15,0,16
2020-01-15,1,12
2020-01-15,2,4
2020-01-15,3,0
2020-01-15,4,12
2020-01-15,5,16
2020-01-15,6,40
2020-01-15,7,87
2020-01-15,8,168
2020-01-15,9,168
2020-01-15,10,119
2020-01-15,11,123
2020-01-15,12,133
2020-01-15,13,147
2020-01-15,14,128
2020-01-15,15,129
2020-01-15,16,116
2020-01-15,17,123
2020-01-15,18,128
2020-01-15,19,100
2020-01-15,20,75
2020-01-15,21,57
2020-01-15,22,48
2020-01-15,23,35
2020-01-16,0,26
2020-01-16,1,16
2020-01-16,2,12
2020-01-16,3,8
2020-01-16,4,16
2020-01-16,5,21
2020-01-16,6,35
2020-01-16,7,75
2020-01-16,8,160
2020-01-16,9,175
2020-01-16,10,127
2020-01-16,11,118
2020-01-16,12,123
2020-01-16,13,98
2020-01-16,14,119
2020-01-16,15,111
2020-01-16,16,132
2020-01-16,17,123
2020-01-16,18,140
2020-01-16,19,119
2020-01-16,20,84
2020-01-16,21,66
2020-01-16,22,53
2020-01-16,23,35
2020-01-17,0,21
2020-01-17,1,12
2020-01-17,2,8
2020-01-17,3,4
2020-01-17,4,12
2020-01-17,5,21
2020-01-17,6,36
2020-01-17,7,79
2020-01-17,8,171
2020-01-17,9,154
2020-01-17,10,133
2020-01-17,11,127
2020-01-17,12,137
2020-01-17,13,137
2020-01-17,14,128
2020-01-17,15,150
2020-01-17,16,128
2020-01-17,17,145
2020-01-17,18,158
2020-01-17,19,124
2020-01-17,20,92
2020-01-17,21,84
2020-01-17,22,66
2020-01-17,23,57
2020-01-18,0,48
2020-01-18,1,21
2020-01-18,2,16
2020-01-18,3,16
2020-01-18,4,16
2020-01-18,5,12
2020-01-18,6,16
2020-01-18,7,40
2020-01-18,8,75
2020-01-18,9,88
2020-01-18,10,97
2020-01-18,11,102
2020-01-18,12,141
2020-01-18,13,140
2020-01-18,14,163
2020-01-18,15,141
2020-01-18,16,149
2020-01-18,17,123
2020-01-18,18,123
2020-01-18,19,114
2020-01-18,20,96
2020-01-18,21,71
2020-01-18,22,67
2020-01-18,23,52
2020-01-19,0,36
2020-01-19,1,31
2020-01-19,2,16
2020-01-19,3,16
2020-01-19,4,16
2020-01-19,5,12
2020-01-19,6,16
2020-01-19,7,16
2020-01-19,8,31
2020-01-19,9,53
2020-01-19,10,80
2020-01-19,11,88
2020-01-19,12,88
2020-01-19,13,101
2020-01-19,14,105
2020-01-19,15,104
2020-01-19,16,97
2020-01-19,17,114
2020-01-19,18,114
2020-01-19,19,100
2020-01-19,20,67
2020-01-19,21,57
2020-01-19,22,44
2020-01-19,23,26
2020-01-20,0,21
2020-01-20,1,16
2020-01-20,2,8
2020-01-20,3,4
2020-01-20,4,8
2020-01-20,5,16
2020-01-20,6,31
2020-01-20,7,66
2020-01-20,8,167
2020-01-20,9,168
2020-01-20,10,115
2020-01-20,11,115
2020-01-20,12,127
2020-01-20,13,116
2020-01-20,14,124
2020-01-20,15,123
2020-01-20,16,128
2020-01-20,17,137
2020-01-20,18,110
2020-01-20,19,92
2020-01-20,20,84
2020-01-20,21,57
2020-01-20,22,40
2020-01-20,23,26
2020-01-21,0,16
2020-01-21,1,16
2020-01-21,2,0
2020-01-21,3,0
2020-01-21,4,4
2020-01-21,5,16
2020-01-21,6,40
2020-01-21,7,84
2020-01-21,8,177
2020-01-21,9,160
2020-01-21,10,124
2020-01-21,11,123
2020-01-21,12,120
2020-01-21,13,132
2020-01-21,14,115
2020-01-21,15,119
2020-01-21,16,119
2020-01-21,17,119
2020-01-21,18,137
2020-01-21,19,110
2020-01-21,20,84
2020-01-21,21,53
2020-01-21,22,48
2020-01-21,23,36
2020-01-22,0,16
2020-01-22,1,12
2020-01-22,2,4
2020-01-22,3,0
2020-01-22,4,16
2020-01-22,5,16
2020-01-22,6,36
2020-01-22,7,83
2020-01-22,8,164
2020-01-22,9,171
2020-01-22,10,127
2020-01-22,11,127
2020-01-22,12,132
2020-01-22,13,136
2020-01-22,14,119
2020-01-22,15,120
2020-01-22,16,109
2020-01-22,17,114
2020-01-22,18,128
2020-01-22,19,92
2020-01-22,20,80
2020-01-22,21,62
2020-01-22,22,53
2020-01-22,23,44
2020-01-23,0,16
2020-01-23,1,16
2020-01-23,2,8
2020-01-23,3,12
2020-01-23,4,12
2020-01-23,5,16
2020-01-23,6,36
2020-01-23,7,75
2020-01-23,8,168
2020-01-23,9,163
2020-01-23,10,120
2020-01-23,11,110
2020-01-23,12,111
2020-01-23,13,115
2020-01-23,14,127
2020-01-23,15,116
2020-01-23,16,137
2020-01-23,17,123
2020-01-23,18,137
2020-01-23,19,119
2020-01-23,20,88
2020-01-23,21,62
2020-01-23,22,57
2020-01-23,23,39
2020-01-24,0,21
2020-01-24,1,12
2020-01-24,2,8
2020-01-24,3,0
2020-01-24,4,12
2020-01-24,5,16
2020-01-24,6,45
2020-01-24,7,74
2020-01-24,8,171
2020-01-24,9,167
2020-01-24,10,128
2020-01-24,11,132
2020-01-24,12,123
2020-01-24,13,128
2020-01-24,14,132
2020-01-24,15,140
2020-01-24,16,136
2020-01-24,17,141
2020-01-24,18,159
2020-01-24,19,132
2020-01-24,20,97
2020-01-24,21,82
2020-01-24,22,62
2020-01-24,23,53
2020-01-25,0,40
2020-01-25,1,21
2020-01-25,2,16
2020-01-25,3,16
2020-01-25,4,16
2020-01-25,5,12
2020-01-25,6,16
2020-01-25,7,36
2020-01-25,8,70
2020-01-25,9,88
2020-01-25,10,101
2020-01-25,11,112
2020-01-25,12,149
2020-01-25,13,172
2020-01-25,14,198
2020-01-25,15,150
2020-01-25,16,142
2020-01-25,17,150
2020-01-25,18,132
2020-01-25,19,119
2020-01-25,20,100
2020-01-25,21,67
2020-01-25,22,58
2020-01-25,23,48
2020-01-26,0,36
2020-01-26,1,21
2020-01-26,2,16
2020-01-26,3,16
2020-01-26,4,16
2020-01-26,5,8
2020-01-26,6,16
2020-01-26,7,21
2020-01-26,8,31
2020-01-26,9,57
2020-01-26,10,80
2020-01-26,11,92
2020-01-26,12,92
2020-01-26,13,105
2020-01-26,14,105
2020-01-26,15,93
2020-01-26,16,93
2020-01-26,17,113
2020-01-26,18,115
2020-01-26,19,101
2020-01-26,20,67
2020-01-26,21,62
2020-01-26,22,44
2020-01-26,23,36
2020-01-27,0,16
2020-01-27,1,16
2020-01-27,2,8
2020-01-27,3,4
2020-01-27,4,8
2020-01-27,5,16
2020-01-27,6,26
2020-01-27,7,66
2020-01-27,8,176
2020-01-27,9,168
2020-01-27,10,118
2020-01-27,11,119
2020-01-27,12,123
2020-01-27,13,116
2020-01-27,14,123
2020-01-27,15,114
2020-01-27,16,119
2020-01-27,17,115
2020-01-27,18,114
2020-01-27,19,88
2020-01-27,20,75
2020-01-27,21,52
2020-01-27,22,40
2020-01-27,23,26
2020-01-28,0,16
2020-01-28,1,0
2020-01-28,2,0
2020-01-28,3,0
2020-01-28,4,0
2020-01-28,5,12
2020-01-28,6,35
2020-01-28,7,70
2020-01-28,8,160
2020-01-28,9,156
2020-01-28,10,123
2020-01-28,11,109
2020-01-28,12,119
2020-01-28,13,132
2020-01-28,14,110
2020-01-28,15,123
2020-01-28,16,105
2020-01-28,17,123
2020-01-28,18,133
2020-01-28,19,111
2020-01-28,20,80
2020-01-28,21,57
2020-01-28,22,48
2020-01-28,23,40
2020-01-29,0,16
2020-01-29,1,16
2020-01-29,2,0
2020-01-29,3,0
2020-01-29,4,12
2020-01-29,5,21
2020-01-29,6,31
2020-01-29,7,79
2020-01-29,8,175
2020-01-29,9,168
2020-01-29,10,128
2020-01-29,11,132
2020-01-29,12,132
2020-01-29,13,141
2020-01-29,14,124
2020-01-29,15,115
2020-01-29,16,105
2020-01-29,17,123
2020-01-29,18,128
2020-01-29,19,100
2020-01-29,20,80
2020-01-29,21,57
2020-01-29,22,52
2020-01-29,23,40
2020-01-30,0,16
2020-01-30,1,16
2020-01-30,2,4
2020-01-30,3,12
2020-01-30,4,12
2020-01-30,5,16
2020-01-30,6,31
2020-01-30,7,79
2020-01-30,8,167
2020-01-30,9,177
2020-01-30,10,115
2020-01-30,11,110
2020-01-30,12,119
2020-01-30,13,120
2020-01-30,14,120
2020-01-30,15,120
2020-01-30,16,128
2020-01-30,17,114
2020-01-30,18,145
2020-01-30,19,114
2020-01-30,20,92
2020-01-30,21,67
2020-01-30,22,62
2020-01-30,23,36
2020-01-31,0,21
2020-01-31,1,12
2020-01-31,2,8
2020-01-31,3,4
2020-01-31,4,12
2020-01-31,5,16
2020-01-31,6,30
2020-01-31,7,78
2020-01-31,8,171
2020-01-31,9,159
2020-01-31,10,145
2020-01-31,11,123
2020-01-31,12,133
2020-01-31,13,142
2020-01-31,14,120
2020-01-31,15,141
2020-01-31,16,141
2020-01-31,17,142
2020-01-31,18,155
2020-01-31,19,128
2020-01-31,20,101
2020-01-31,21,88
2020-01-31,22,71
2020-01-31,23,62
2020-02-01,0,40
2020-02-01,1,31
2020-02-01,2,16
2020-02-01,3,16
2020-02-01,4,16
2020-02-01,5,12
2020-02-01,6,16
2020-02-01,7,36
2020-02-01,8,75
2020-02-01,9,92
2020-02-01,10,105
2020-02-01,11,112
2020-02-01,12,145
2020-02-01,13,137
2020-02-01,14,172
2020-02-01,15,131
2020-02-01,16,132
2020-02-01,17,123
2020-02-01,18,128
2020-02-01,19,124
2020-02-01,20,109
2020-02-01,21,67
2020-02-01,22,57
2020-02-01,23,52
2020-02-02,0,36
2020-02-02,1,26
2020-02-02,2,21
2020-02-02,3,21
2020-02-02,4,16
2020-02-02,5,16
2020-02-02,6,16
2020-02-02,7,21
2020-02-02,8,31
2020-02-02,9,57
2020-02-02,10,80
2020-02-02,11,88
2020-02-02,12,96
2020-02-02,13,96
2020-02-02,14,102
2020-02-02,15,105
2020-02-02,16,110
2020-02-02,17,113
2020-02-02,18,115
2020-02-02,19,104
2020-02-02,20,67
2020-02-02,21,67
2020-02-02,22,48
2020-02-02,23,40
2020-02-03,0,21
2020-02-03,1,16
2020-02-03,2,16
2020-02-03,3,4
2020-02-03,4,12
2020-02-03,5,16
2020-02-03,6,26
2020-02-03,7,66
2020-02-03,8,185
2020-02-03,9,159
2020-02-03,10,110
2020-02-03,11,106
2020-02-03,12,115
2020-02-03,13,119
2020-02-03,14,114
2020-02-03,15,122
2020-02-03,16,118
2020-02-03,17,123
2020-02-03,18,119
2020-02-03,19,97
2020-02-03,20,76
2020-02-03,21,57
2020-02-03,22,44
2020-02-03,23,21
2020-02-04,0,16
2020-02-04,1,0
2020-02-04,2,0
2020-02-04,3,0
2020-02-04,4,4
2020-02-04,5,12
2020-02-04,6,31
2020-02-04,7,75
2020-02-04,8,159
2020-02-04,9,159
2020-02-04,10,124
2020-02-04,11,128
2020-02-04,12,115
2020-02-04,13,119
2020-02-04,14,119
2020-02-04,15,115
2020-02-04,16,113
2020-02-04,17,136
2020-02-04,18,141
2020-02-04,19,114
2020-02-04,20,80
2020-02-04,21,62
2020-02-04,22,53
2020-02-04,23,31
2020-02-05,0,16
2020-02-05,1,12
2020-02-05,2,4
2020-02-05,3,4
2020-02-05,4,12
2020-02-05,5,21
2020-02-05,6,36
2020-02-05,7,79
2020-02-05,8,176
2020-02-05,9,168
2020-02-05,10,123
2020-02-05,11,132
2020-02-05,12,132
2020-02-05,13,145
2020-02-05,14,128
2020-02-05,15,120
2020-02-05,16,120
2020-02-05,17,123
2020-02-05,18,128
2020-02-05,19,96
2020-02-05,20,72
2020-02-05,21,62
2020-02-05,22,58
2020-02-05,23,45
2020-02-06,0,16
2020-02-06,1,16
2020-02-06,2,8
2020-02-06,3,12
2020-02-06,4,8
2020-02-06,5,21
2020-02-06,6,30
2020-02-06,7,79
2020-02-06,8,172
2020-02-06,9,163
2020-02-06,10,94
2020-02-06,11,111
2020-02-06,12,123
2020-02-06,13,128
2020-02-06,14,124
2020-02-06,15,120
2020-02-06,16,132
2020-02-06,17,132
2020-02-06,18,137
2020-02-06,19,114
2020-02-06,20,88
2020-02-06,21,76
2020-02-06,22,57
2020-02-06,23,36
2020-02-07,0,26
2020-02-07,1,12
2020-02-07,2,8
2020-02-07,3,4
2020-02-07,4,16
2020-02-07,5,21
2020-02-07,6,36
2020-02-07,7,75
2020-02-07,8,171
2020-02-07,9,150
2020-02-07,10,140
2020-02-07,11,128
2020-02-07,12,129
2020-02-07,13,146
2020-02-07,14,128
2020-02-07,15,155
2020-02-07,16,132
2020-02-07,17,132
2020-02-07,18,155
2020-02-07,19,132
2020-02-07,20,97
2020-02-07,21,92
2020-02-07,22,62
2020-02-07,23,52
2020-02-08,0,40
2020-02-08,1,26
2020-02-08,2,16
2020-02-08,3,16
2020-02-08,4,16
2020-02-08,5,12
2020-02-08,6,16
2020-02-08,7,40
2020-02-08,8,75
2020-02-08,9,80
2020-02-08,10,97
2020-02-08,11,110
2020-02-08,12,145
2020-02-08,13,141
2020-02-08,14,150
2020-02-08,15,133
2020-02-08,16,146
2020-02-08,17,114
2020-02-08,18,119
2020-02-08,19,104
2020-02-08,20,96
2020-02-08,21,67
2020-02-08,22,62
2020-02-08,23,52
2020-02-09,0,40
2020-02-09,1,26
2020-02-09,2,16
2020-02-09,3,16
2020-02-09,4,16
2020-02-09,5,16
2020-02-09,6,16
2020-02-09,7,16
2020-02-09,8,31
2020-02-09,9,49
2020-02-09,10,80
2020-02-09,11,88
2020-02-09,12,96
2020-02-09,13,88
2020-02-09,14,100
2020-02-09,15,93
2020-02-09,16,92
2020-02-09,17,109
2020-02-09,18,110
2020-02-09,19,96
2020-02-09,20,71
2020-02-09,21,57
2020-02-09,22,44
2020-02-09,23,35
2020-02-10,0,16
2020-02-10,1,16
2020-02-10,2,8
2020-02-10,3,4
2020-02-10,4,12
2020-02-10,5,16
2020-02-10,6,26
2020-02-10,7,66
2020-02-10,8,171
2020-02-10,9,141
2020-02-10,10,114
2020-02-10,11,114
2020-02-10,12,111
2020-02-10,13,114
2020-02-10,14,123
2020-02-10,15,123
2020-02-10,16,110
2020-02-10,17,110
2020-02-10,18,105
2020-02-10,19,88
2020-02-10,20,71
2020-02-10,21,52
2020-02-10,22,40
2020-02-10,23,21
2020-02-11,0,16
2020-02-11,1,4
2020-02-11,2,0
2020-02-11,3,0
2020-02-11,4,4
2020-02-11,5,12
2020-02-11,6,40
2020-02-11,7,79
2020-02-11,8,155
2020-02-11,9,141
2020-02-11,10,115
2020-02-11,11,124
2020-02-11,12,119
2020-02-11,13,136
2020-02-11,14,119
2020-02-11,15,124
2020-02-11,16,109
2020-02-11,17,128
2020-02-11,18,137
2020-02-11,19,105
2020-02-11,20,84
2020-02-11,21,48
2020-02-11,22,54
2020-02-11,23,36
2020-02-12,0,16
2020-02-12,1,12
2020-02-12,2,4
2020-02-12,3,0
2020-02-12,4,8
2020-02-12,5,21
2020-02-12,6,31
2020-02-12,7,83
2020-02-12,8,168
2020-02-12,9,155
2020-02-12,10,122
2020-02-12,11,131
2020-02-12,12,137
2020-02-12,13,146
2020-02-12,14,96
2020-02-12,15,132
2020-02-12,16,115
2020-02-12,17,137
2020-02-12,18,155
2020-02-12,19,132
2020-02-12,20,93
2020-02-12,21,80
2020-02-12,22,88
2020-02-12,23,40
2020-02-13,0,16
2020-02-13,1,16
2020-02-13,2,12
2020-02-13,3,12
2020-02-13,4,8
2020-02-13,5,21
2020-02-13,6,35
2020-02-13,7,75
2020-02-13,8,167
2020-02-13,9,180
2020-02-13,10,115
2020-02-13,11,115
2020-02-13,12,127
2020-02-13,13,119
2020-02-13,14,129
2020-02-13,15,119
2020-02-13,16,136
2020-02-13,17,114
2020-02-13,18,141
2020-02-13,19,118
2020-02-13,20,92
2020-02-13,21,71
2020-02-13,22,52
2020-02-13,23,40
2020-02-14,0,21
2020-02-14,1,12
2020-02-14,2,8
2020-02-14,3,0
2020-02-14,4,12
2020-02-14,5,16
2020-02-14,6,31
2020-02-14,7,70
2020-02-14,8,163
2020-02-14,9,149
2020-02-14,10,137
2020-02-14,11,132
2020-02-14,12,137
2020-02-14,13,150
2020-02-14,14,136
2020-02-14,15,146
2020-02-14,16,132
2020-02-14,17,137
2020-02-14,18,150
2020-02-14,19,132
2020-02-14,20,101
2020-02-14,21,84
2020-02-14,22,62
2020-02-14,23,57
2020-02-15,0,40
2020-02-15,1,21
2020-02-15,2,16
2020-02-15,3,16
2020-02-15,4,16
2020-02-15,5,12
2020-02-15,6,16
2020-02-15,7,36
2020-02-15,8,70
2020-02-15,9,88
2020-02-15,10,97
2020-02-15,11,107
2020-02-15,12,145
2020-02-15,13,141
2020-02-15,14,163
2020-02-15,15,128
2020-02-15,16,137
2020-02-15,17,127
2020-02-15,18,119
2020-02-15,19,114
2020-02-15,20,97
2020-02-15,21,67
2020-02-15,22,66
2020-02-15,23,57
2020-02-16,0,31
2020-02-16,1,26
2020-02-16,2,16
2020-02-16,3,16
2020-02-16,4,16
2020-02-16,5,12
2020-02-16,6,16
2020-02-16,7,16
2020-02-16,8,31
2020-02-16,9,57
2020-02-16,10,80
2020-02-16,11,88
2020-02-16,12,88
2020-02-16,13,96
2020-02-16,14,101
2020-02-16,15,96
2020-02-16,16,92
2020-02-16,17,123
2020-02-16,18,115
2020-02-16,19,96
2020-02-16,20,67
2020-02-16,21,67
2020-02-16,22,44
2020-02-16,23,40
2020-02-17,0,16
2020-02-17,1,16
2020-02-17,2,8
2020-02-17,3,4
2020-02-17,4,12
2020-02-17,5,16
2020-02-17,6,36
2020-02-17,7,61
2020-02-17,8,180
2020-02-17,9,159
2020-02-17,10,118
2020-02-17,11,110
2020-02-17,12,123
2020-02-17,13,112
2020-02-17,14,118
2020-02-17,15,109
2020-02-17,16,120
2020-02-17,17,119
2020-02-17,18,119
2020-02-17,19,97
2020-02-17,20,79
2020-02-17,21,57
2020-02-17,22,36
2020-02-17,23,21
2020-02-18,0,16
2020-02-18,1,0
2020-02-18,2,0
2020-02-18,3,0
2020-02-18,4,4
2020-02-18,5,4
2020-02-18,6,31
2020-02-18,7,79
2020-02-18,8,164
2020-02-18,9,160
2020-02-18,10,115
2020-02-18,11,122
2020-02-18,12,115
2020-02-18,13,128
2020-02-18,14,118
2020-02-18,15,119
2020-02-18,16,114
2020-02-18,17,119
2020-02-18,18,132
2020-02-18,19,110
2020-02-18,20,88
2020-02-18,21,53
2020-02-18,22,48
2020-02-18,23,31
2020-02-19,0,16
2020-02-19,1,12
2020-02-19,2,0
2020-02-19,3,0
2020-02-19,4,12
2020-02-19,5,16
2020-02-19,6,31
2020-02-19,7,83
2020-02-19,8,172
2020-02-19,9,159
2020-02-19,10,99
2020-02-19,11,124
2020-02-19,12,128
2020-02-19,13,137
2020-02-19,14,112
2020-02-19,15,119
2020-02-19,16,115
2020-02-19,17,128
2020-02-19,18,137
2020-02-19,19,101
2020-02-19,20,80
2020-02-19,21,57
2020-02-19,22,40
2020-02-19,23,35
2020-02-20,0,12
2020-02-20,1,8
2020-02-20,2,0
2020-02-20,3,4
2020-02-20,4,8
2020-02-20,5,16
2020-02-20,6,31
2020-02-20,7,67
2020-02-20,8,159
2020-02-20,9,167
2020-02-20,10,115
2020-02-20,11,115
2020-02-20,12,115
2020-02-20,13,120
2020-02-20,14,124
2020-02-20,15,115
2020-02-20,16,119
2020-02-20,17,114
2020-02-20,18,132
2020-02-20,19,101
2020-02-20,20,84
2020-02-20,21,66
2020-02-20,22,57
2020-02-20,23,40
2020-02-21,0,21
2020-02-21,1,12
2020-02-21,2,0
2020-02-21,3,0
2020-02-21,4,4
2020-02-21,5,12
2020-02-21,6,26
2020-02-21,7,66
2020-02-21,8,159
2020-02-21,9,160
2020-02-21,10,133
2020-02-21,11,131
2020-02-21,12,124
2020-02-21,13,128
2020-02-21,14,123
2020-02-21,15,132
2020-02-21,16,132
2020-02-21,17,123
2020-02-21,18,154
2020-02-21,19,123
2020-02-21,20,97
2020-02-21,21,80
2020-02-21,22,62
2020-02-21,23,53
2020-02-22,0,36
2020-02-22,1,21
2020-02-22,2,12
2020-02-22,3,16
2020-02-22,4,4
2020-02-22,5,8
2020-02-22,6,16
2020-02-22,7,31
2020-02-22,8,66
2020-02-22,9,80
2020-02-22,10,101
2020-02-22,11,120
2020-02-22,12,141
2020-02-22,13,136
2020-02-22,14,145
2020-02-22,15,128
2020-02-22,16,128
2020-02-22,17,114
2020-02-22,18,114
2020-02-22,19,106
2020-02-22,20,89
2020-02-22,21,63
2020-02-22,22,57
2020-02-22,23,48
2020-02-23,0,31
2020-02-23,1,26
2020-02-23,2,16
2020-02-23,3,16
2020-02-23,4,16
2020-02-23,5,8
2020-02-23,6,8
2020-02-23,7,16
2020-02-23,8,31
2020-02-23,9,49
2020-02-23,10,71
2020-02-23,11,92
2020-02-23,12,106
2020-02-23,13,116
2020-02-23,14,128
2020-02-23,15,97
2020-02-23,16,97
2020-02-23,17,142
2020-02-23,18,133
2020-02-23,19,92
2020-02-23,20,67
2020-02-23,21,57
2020-02-23,22,48
2020-02-23,23,26
2020-02-24,0,21
2020-02-24,1,8
2020-02-24,2,0
2020-02-24,3,4
2020-02-24,4,4
2020-02-24,5,12
2020-02-24,6,26
2020-02-24,7,62
2020-02-24,8,180
2020-02-24,9,159
2020-02-24,10,119
2020-02-24,11,110
2020-02-24,12,114
2020-02-24,13,106
2020-02-24,14,115
2020-02-24,15,127
2020-02-24,16,113
2020-02-24,17,119
2020-02-24,18,111
2020-02-24,19,93
2020-02-24,20,66
2020-02-24,21,52
2020-02-24,22,40
2020-02-24,23,21
2020-02-25,0,12
2020-02-25,1,0
2020-02-25,2,0
2020-02-25,3,0
2020-02-25,4,0
2020-02-25,5,4
2020-02-25,6,26
2020-02-25,7,70
2020-02-25,8,168
2020-02-25,9,161
2020-02-25,10,111
2020-02-25,11,122
2020-02-25,12,119
2020-02-25,13,124
2020-02-25,14,114
2020-02-25,15,105
2020-02-25,16,109
2020-02-25,17,128
2020-02-25,18,132
2020-02-25,19,105
2020-02-25,20,84
2020-02-25,21,62
2020-02-25,22,57
2020-02-25,23,36
2020-02-26,0,12
2020-02-26,1,8
2020-02-26,2,0
2020-02-26,3,0
2020-02-26,4,4
2020-02-26,5,12
2020-02-26,6,26
2020-02-26,7,79
2020-02-26,8,176
2020-02-26,9,172
2020-02-26,10,115
2020-02-26,11,123
2020-02-26,12,132
2020-02-26,13,137
2020-02-26,14,114
2020-02-26,15,115
2020-02-26,16,100
2020-02-26,17,114
2020-02-26,18,114
2020-02-26,19,96
2020-02-26,20,75
2020-02-26,21,67
2020-02-26,22,40
2020-02-26,23,30
2020-02-27,0,16
2020-02-27,1,4
2020-02-27,2,0
2020-02-27,3,4
2020-02-27,4,0
2020-02-27,5,16
2020-02-27,6,21
2020-02-27,7,71
2020-02-27,8,168
2020-02-27,9,167
2020-02-27,10,119
2020-02-27,11,120
2020-02-27,12,119
2020-02-27,13,123
2020-02-27,14,123
2020-02-27,15,111
2020-02-27,16,141
2020-02-27,17,124
2020-02-27,18,154
2020-02-27,19,172
2020-02-27,20,101
2020-02-27,21,66
2020-02-27,22,92
2020-02-27,23,49
2020-02-28,0,21
2020-02-28,1,8
2020-02-28,2,0
2020-02-28,3,0
2020-02-28,4,4
2020-02-28,5,16
2020-02-28,6,26
2020-02-28,7,70
2020-02-28,8,162
2020-02-28,9,163
2020-02-28,10,145
2020-02-28,11,132
2020-02-28,12,133
2020-02-28,13,136
2020-02-28,14,128
2020-02-28,15,123
2020-02-28,16,150
2020-02-28,17,146
2020-02-28,18,163
2020-02-28,19,141
2020-02-28,20,93
2020-02-28,21,88
2020-02-28,22,66
2020-02-28,23,57
2020-02-29,0,36
2020-02-29,1,16
2020-02-29,2,16
2020-02-29,3,16
2020-02-29,4,12
2020-02-29,5,12
2020-02-29,6,12
2020-02-29,7,36
2020-02-29,8,61
2020-02-29,9,77
2020-02-29,10,106
2020-02-29,11,108
2020-02-29,12,155
2020-02-29,13,140
2020-02-29,14,163
2020-02-29,15,141
2020-02-29,16,146
2020-02-29,17,125
2020-02-29,18,113
2020-02-29,19,109
2020-02-29,20,96
2020-02-29,21,63
2020-02-29,22,44
2020-02-29,23,48
2020-03-01,0,31
2020-03-01,1,16
2020-03-01,2,16
2020-03-01,3,16
2020-03-01,4,12
2020-03-01,5,8
2020-03-01,6,4
2020-03-01,7,16
2020-03-01,8,31
2020-03-01,9,49
2020-03-01,10,76
2020-03-01,11,88
2020-03-01,12,92
2020-03-01,13,110
2020-03-01,14,106
2020-03-01,15,92
2020-03-01,16,88
2020-03-01,17,109
2020-03-01,18,110
2020-03-01,19,109
2020-03-01,20,58
2020-03-01,21,57
2020-03-01,22,40
2020-03-01,23,26
2020-03-02,0,16
2020-03-02,1,8
2020-03-02,2,4
2020-03-02,3,0
2020-03-02,4,0
2020-03-02,5,8
2020-03-02,6,26
2020-03-02,7,62
2020-03-02,8,172
2020-03-02,9,150
2020-03-02,10,110
2020-03-02,11,122
2020-03-02,12,114
2020-03-02,13,110
2020-03-02,14,119
2020-03-02,15,119
2020-03-02,16,115
2020-03-02,17,114
2020-03-02,18,106
2020-03-02,19,93
2020-03-02,20,71
2020-03-02,21,52
2020-03-02,22,40
2020-03-02,23,21
2020-03-03,0,8
2020-03-03,1,0
2020-03-03,2,0
2020-03-03,3,0
2020-03-03,4,0
2020-03-03,5,8
2020-03-03,6,26
2020-03-03,7,70
2020-03-03,8,167
2020-03-03,9,154
2020-03-03,10,119
2020-03-03,11,123
2020-03-03,12,119
2020-03-03,13,120
2020-03-03,14,105
2020-03-03,15,105
2020-03-03,16,100
2020-03-03,17,119
2020-03-03,18,132
2020-03-03,19,105
2020-03-03,20,76
2020-03-03,21,53
2020-03-03,22,40
2020-03-03,23,36
2020-03-04,0,8
2020-03-04,1,0
2020-03-04,2,0
2020-03-04,3,0
2020-03-04,4,4
2020-03-04,5,8
2020-03-04,6,31
2020-03-04,7,75
2020-03-04,8,160
2020-03-04,9,167
2020-03-04,10,114
2020-03-04,11,123
2020-03-04,12,123
2020-03-04,13,136
2020-03-04,14,100
2020-03-04,15,112
2020-03-04,16,109
2020-03-04,17,114
2020-03-04,18,132
2020-03-04,19,101
2020-03-04,20,66
2020-03-04,21,52
2020-03-04,22,48
2020-03-04,23,35
2020-03-05,0,8
2020-03-05,1,8
2020-03-05,2,0
2020-03-05,3,0
2020-03-05,4,0
2020-03-05,5,12
2020-03-05,6,26
2020-03-05,7,70
2020-03-05,8,168
2020-03-05,9,163
2020-03-05,10,109
2020-03-05,11,109
2020-03-05,12,127
2020-03-05,13,110
2020-03-05,14,119
2020-03-05,15,111
2020-03-05,16,123
2020-03-05,17,114
2020-03-05,18,124
2020-03-05,19,110
2020-03-05,20,84
2020-03-05,21,61
2020-03-05,22,44
2020-03-05,23,31
2020-03-06,0,12
2020-03-06,1,8
2020-03-06,2,0
2020-03-06,3,0
2020-03-06,4,4
2020-03-06,5,12
2020-03-06,6,26
2020-03-06,7,70
2020-03-06,8,158
2020-03-06,9,158
2020-03-06,10,128
2020-03-06,11,137
2020-03-06,12,128
2020-03-06,13,141
2020-03-06,14,124
2020-03-06,15,136
2020-03-06,16,133
2020-03-06,17,150
2020-03-06,18,156
2020-03-06,19,128
2020-03-06,20,92
2020-03-06,21,84
2020-03-06,22,62
2020-03-06,23,62
2020-03-07,0,36
2020-03-07,1,21
2020-03-07,2,16
2020-03-07,3,16
2020-03-07,4,4
2020-03-07,5,4
2020-03-07,6,12
2020-03-07,7,31
2020-03-07,8,70
2020-03-07,9,88
2020-03-07,10,101
2020-03-07,11,102
2020-03-07,12,145
2020-03-07,13,146
2020-03-07,14,181
2020-03-07,15,159
2020-03-07,16,133
2020-03-07,17,141
2020-03-07,18,123
2020-03-07,19,109
2020-03-07,20,92
2020-03-07,21,62
2020-03-07,22,62
2020-03-07,23,48
2020-03-08,0,26
2020-03-08,1,26
2020-03-08,2,16
2020-03-08,3,16
2020-03-08,4,12
2020-03-08,5,12
2020-03-08,6,0
2020-03-08,7,16
2020-03-08,8,31
2020-03-08,9,45
2020-03-08,10,71
2020-03-08,11,92
2020-03-08,12,97
2020-03-08,13,100
2020-03-08,14,105
2020-03-08,15,92
2020-03-08,16,109
2020-03-08,17,105
2020-03-08,18,100
2020-03-08,19,109
2020-03-08,20,67
2020-03-08,21,50
2020-03-08,22,48
2020-03-08,23,30
2020-03-09,0,12
2020-03-09,1,8
2020-03-09,2,0
2020-03-09,3,0
2020-03-09,4,0
2020-03-09,5,12
2020-03-09,6,21
2020-03-09,7,57
2020-03-09,8,163
2020-03-09,9,150
2020-03-09,10,114
2020-03-09,11,105
2020-03-09,12,111
2020-03-09,13,106
2020-03-09,14,118
2020-03-09,15,84
2020-03-09,16,128
2020-03-09,17,127
2020-03-09,18,110
2020-03-09,19,89
2020-03-09,20,62
2020-03-09,21,52
2020-03-09,22,40
2020-03-09,23,21
2020-03-10,0,12
2020-03-10,1,0
2020-03-10,2,0
2020-03-10,3,0
2020-03-10,4,0
2020-03-10,5,8
2020-03-10,6,35
2020-03-10,7,70
2020-03-10,8,172
2020-03-10,9,155
2020-03-10,10,114
2020-03-10,11,119
2020-03-10,12,115
2020-03-10,13,124
2020-03-10,14,105
2020-03-10,15,105
2020-03-10,16,105
2020-03-10,17,124
2020-03-10,18,128
2020-03-10,19,105
2020-03-10,20,88
2020-03-10,21,62
2020-03-10,22,48
2020-03-10,23,36
2020-03-11,0,16
2020-03-11,1,8
2020-03-11,2,0
2020-03-11,3,0
2020-03-11,4,4
2020-03-11,5,12
2020-03-11,6,36
2020-03-11,7,84
2020-03-11,8,180
2020-03-11,9,168
2020-03-11,10,115
2020-03-11,11,128
2020-03-11,12,128
2020-03-11,13,136
2020-03-11,14,114
2020-03-11,15,106
2020-03-11,16,114
2020-03-11,17,123
2020-03-11,18,124
2020-03-11,19,96
2020-03-11,20,71
2020-03-11,21,62
2020-03-11,22,44
2020-03-11,23,35
2020-03-12,0,16
2020-03-12,1,8
2020-03-12,2,0
2020-03-12,3,0
2020-03-12,8,168
2020-03-12,9,163
2020-03-12,10,111
2020-03-12,11,111
2020-03-12,12,110
2020-03-12,13,119
2020-03-12,14,116
2020-03-12,15,115
2020-03-12,16,114
2020-03-12,17,118
2020-03-12,18,133
2020-03-12,19,118
2020-03-12,20,87
2020-03-12,21,66
2020-03-12,22,62
2020-03-12,23,40
2020-03-13,0,21
2020-03-13,1,8
2020-03-13,2,0
2020-03-13,3,0
2020-03-13,4,0
2020-03-13,5,16
2020-03-13,6,26
2020-03-13,7,79
2020-03-13,8,163
2020-03-13,9,146
2020-03-13,10,132
2020-03-13,11,123
2020-03-13,12,132
2020-03-13,13,129
2020-03-13,14,124
2020-03-13,15,136
2020-03-13,16,128
2020-03-13,17,132
2020-03-13,18,150
2020-03-13,19,123
2020-03-13,20,97
2020-03-13,21,83
2020-03-13,22,62
2020-03-13,23,44
2020-03-14,0,40
2020-03-14,1,16
2020-03-14,2,16
2020-03-14,3,16
2020-03-14,4,8
2020-03-14,5,12
2020-03-14,6,12
2020-03-14,7,36
2020-03-14,8,75
2020-03-14,9,80
2020-03-14,10,105
2020-03-14,11,111
2020-03-14,12,132
2020-03-14,13,132
2020-03-14,14,154
2020-03-14,15,124
2020-03-14,16,133
2020-03-14,17,113
2020-03-14,18,114
2020-03-14,19,105
2020-03-14,20,92
2020-03-14,21,62
2020-03-14,22,53
2020-03-14,23,48
2020-03-15,0,26
2020-03-15,1,26
2020-03-15,2,16
2020-03-15,3,16
2020-03-15,4,16
2020-03-15,5,8
2020-03-15,6,4
2020-03-15,7,16
2020-03-15,8,31
2020-03-15,9,53
2020-03-15,10,84
2020-03-15,11,80
2020-03-15,12,88
2020-03-15,13,96
2020-03-15,14,97
2020-03-15,15,97
2020-03-15,16,84
2020-03-15,17,100
2020-03-15,18,105
2020-03-15,19,97
2020-03-15,20,62
2020-03-15,21,57
2020-03-15,22,48
2020-03-15,23,21
2020-03-16,0,16
2020-03-16,1,12
2020-03-16,2,8
2020-03-16,3,4
2020-03-16,4,4
2020-03-16,5,12
2020-03-16,6,21
2020-03-16,7,58
2020-03-16,8,176
2020-03-16,9,149
2020-03-16,10,111
2020-03-16,11,105
2020-03-16,12,110
2020-03-16,13,106
2020-03-16,14,105
2020-03-16,15,114
2020-03-16,16,110
2020-03-16,17,110
2020-03-16,18,119
2020-03-16,19,92
2020-03-16,20,75
2020-03-16,21,52
2020-03-16,22,36
2020-03-16,23,21
2020-03-17,0,8
2020-03-17,1,0
2020-03-17,2,0
2020-03-17,3,0
2020-03-17,4,0
2020-03-17,5,4
2020-03-17,6,26
2020-03-17,7,66
2020-03-17,8,163
2020-03-17,9,142
2020-03-17,10,110
2020-03-17,11,123
2020-03-17,12,115
2020-03-17,13,124
2020-03-17,14,105
2020-03-17,15,101
2020-03-17,16,96
2020-03-17,17,109
2020-03-17,18,109
2020-03-17,19,93
2020-03-17,20,72
2020-03-17,21,58
2020-03-17,22,44
2020-03-17,23,31
2020-03-18,0,16
2020-03-18,1,8
2020-03-18,2,0
2020-03-18,3,0
2020-03-18,4,4
2020-03-18,5,12
2020-03-18,6,31
2020-03-18,7,79
2020-03-18,8,146
2020-03-18,9,137
2020-03-18,10,110
2020-03-18,11,119
2020-03-18,12,119
2020-03-18,13,128
2020-03-18,14,75
2020-03-18,15,109
2020-03-18,16,101
2020-03-18,17,109
2020-03-18,18,109
2020-03-18,19,88
2020-03-18,20,62
2020-03-18,21,52
2020-03-18,22,36
2020-03-18,23,26
2020-03-19,0,8
2020-03-19,1,4
2020-03-19,2,0
2020-03-19,3,0
2020-03-19,4,0
2020-03-19,5,12
2020-03-19,6,21
2020-03-19,7,62
2020-03-19,8,141
2020-03-19,9,145
2020-03-19,10,105
2020-03-19,11,105
2020-03-19,12,110
2020-03-19,13,114
2020-03-19,14,109
2020-03-19,15,105
2020-03-19,16,123
2020-03-19,17,97
2020-03-19,18,114
2020-03-19,19,100
2020-03-19,20,71
2020-03-19,21,53
2020-03-19,22,36
2020-03-19,23,26
2020-03-20,0,16
2020-03-20,1,4
2020-03-20,2,0
2020-03-20,3,0
2020-03-20,4,0
2020-03-20,5,16
2020-03-20,6,16
2020-03-20,7,70
2020-03-20,8,141
2020-03-20,9,129
2020-03-20,10,124
2020-03-20,11,119
2020-03-20,12,114
2020-03-20,13,123
2020-03-20,14,114
2020-03-20,15,115
2020-03-20,16,110
2020-03-20,17,118
2020-03-20,18,128
2020-03-20,19,115
2020-03-20,20,80
2020-03-20,21,62
2020-03-20,22,44
2020-03-20,23,36
2020-03-21,0,21
2020-03-21,1,12
2020-03-21,2,0
2020-03-21,3,0
2020-03-21,4,0
2020-03-21,5,4
2020-03-21,6,14
2020-03-21,7,31
2020-03-21,8,61
2020-03-21,9,67
2020-03-21,10,88
2020-03-21,11,92
2020-03-21,12,123
2020-03-21,13,115
2020-03-21,14,128
2020-03-21,15,101
2020-03-21,16,109
2020-03-21,17,97
2020-03-21,18,93
2020-03-21,19,78
2020-03-21,20,67
2020-03-21,21,53
2020-03-21,22,45
2020-03-21,23,36
2020-03-22,0,16
2020-03-22,1,8
2020-03-22,2,0
2020-03-22,3,4
2020-03-22,4,0
2020-03-22,5,4
2020-03-22,6,0
2020-03-22,7,16
2020-03-22,8,31
2020-03-22,9,40
2020-03-22,10,58
2020-03-22,11,72
2020-03-22,12,71
2020-03-22,13,80
2020-03-22,14,88
2020-03-22,15,76
2020-03-22,16,71
2020-03-22,17,84
2020-03-22,18,80
2020-03-22,19,80
2020-03-22,20,48
2020-03-22,21,44
2020-03-22,22,40
2020-03-22,23,26
2020-03-23,0,4
2020-03-23,1,0
2020-03-23,2,0
2020-03-23,3,0
2020-03-23,4,0
2020-03-23,5,4
2020-03-23,6,21
2020-03-23,7,44
2020-03-23,8,128
2020-03-23,9,109
2020-03-23,10,92
2020-03-23,11,92
2020-03-23,12,100
2020-03-23,13,96
2020-03-23,14,97
2020-03-23,15,97
2020-03-23,16,88
2020-03-23,17,88
2020-03-23,18,76
2020-03-23,19,66
2020-03-23,20,57
2020-03-23,21,36
2020-03-23,22,26
2020-03-23,23,17
2020-03-24,0,0
2020-03-24,1,0
2020-03-24,2,0
2020-03-24,3,0
2020-03-24,4,0
2020-03-24,5,4
2020-03-24,6,21
2020-03-24,7,54
2020-03-24,8,106
2020-03-24,9,97
2020-03-24,10,84
2020-03-24,11,92
2020-03-24,12,84
2020-03-24,13,80
2020-03-24,14,72
2020-03-24,15,71
2020-03-24,16,57
2020-03-24,17,72
2020-03-24,18,76
2020-03-24,19,57
2020-03-24,20,52
2020-03-24,21,40
2020-03-24,22,40
2020-03-24,23,16
2020-03-25,0,4
2020-03-25,1,0
2020-03-25,2,0
2020-03-25,3,0
2020-03-25,4,0
2020-03-25,5,8
2020-03-25,6,16
2020-03-25,7,53
2020-03-25,8,93
2020-03-25,9,93
2020-03-25,10,80
2020-03-25,11,88
2020-03-25,12,84
2020-03-25,13,96
2020-03-25,14,76
2020-03-25,15,71
2020-03-25,16,57
2020-03-25,17,57
2020-03-25,18,76
2020-03-25,19,57
2020-03-25,20,44
2020-03-25,21,48
2020-03-25,22,48
2020-03-25,23,30
2020-03-26,0,4
2020-03-26,1,0
2020-03-26,2,0
2020-03-26,3,0
2020-03-26,4,0
2020-03-26,5,12
2020-03-26,6,21
2020-03-26,7,58
2020-03-26,8,106
2020-03-26,9,105
2020-03-26,10,79
2020-03-26,11,80
2020-03-26,12,84
2020-03-26,13,72
2020-03-26,14,67
2020-03-26,15,71
2020-03-26,16,75
2020-03-26,17,62
2020-03-26,18,75
2020-03-26,19,76
2020-03-26,20,58
2020-03-26,21,45
2020-03-26,22,40
2020-03-26,23,26
2020-03-27,0,8
2020-03-27,1,0
2020-03-27,2,0
2020-03-27,3,0
2020-03-27,4,0
2020-03-27,5,4
2020-03-27,6,16
2020-03-27,7,54
2020-03-27,8,110
2020-03-27,9,105
2020-03-27,10,88
2020-03-27,11,80
2020-03-27,12,79
2020-03-27,13,88
2020-03-27,14,84
2020-03-27,15,93
2020-03-27,16,89
2020-03-27,17,84
2020-03-27,18,80
2020-03-27,19,80
2020-03-27,20,52
2020-03-27,21,53
2020-03-27,22,31
2020-03-27,23,31
2020-03-28,0,16
2020-03-28,1,8
2020-03-28,2,8
2020-03-28,3,0
2020-03-28,4,0
2020-03-28,5,0
2020-03-28,6,8
2020-03-28,7,31
2020-03-28,8,61
2020-03-28,9,76
2020-03-28,10,75
2020-03-28,11,67
2020-03-28,12,84
2020-03-28,13,80
2020-03-28,14,88
2020-03-28,15,84
2020-03-28,16,80
2020-03-28,17,66
2020-03-28,18,84
2020-03-28,19,72
2020-03-28,20,57
2020-03-28,21,40
2020-03-28,22,40
2020-03-28,23,30
2020-03-29,0,16
2020-03-29,1,4
2020-03-29,2,4
2020-03-29,3,0
2020-03-29,4,4
2020-03-29,5,0
2020-03-29,6,16
2020-03-29,7,31
2020-03-29,8,45
2020-03-29,9,67
2020-03-29,10,76
2020-03-29,11,62
2020-03-29,12,72
2020-03-29,13,67
2020-03-29,14,67
2020-03-29,15,58
2020-03-29,16,62
2020-03-29,17,72
2020-03-29,18,62
2020-03-29,19,44
2020-03-29,20,36
2020-03-29,21,31
2020-03-29,22,16
2020-03-29,23,4
2020-03-30,0,0
2020-03-30,1,0
2020-03-30,2,0
2020-03-30,3,0
2020-03-30,4,8
2020-03-30,5,16
2020-03-30,6,40
2020-03-30,7,110
2020-03-30,8,109
2020-03-30,9,75
2020-03-30,10,80
2020-03-30,11,76
2020-03-30,12,76
2020-03-30,13,76
2020-03-30,14,79
2020-03-30,15,66
2020-03-30,16,75
2020-03-30,17,80
2020-03-30,18,57
2020-03-30,19,48
2020-03-30,20,48
2020-03-30,21,36
2020-03-30,22,21
2020-03-30,23,12
2020-03-31,0,0
2020-03-31,1,0
2020-03-31,2,0
2020-03-31,3,4
2020-03-31,4,4
2020-03-31,5,21
2020-03-31,6,49
2020-03-31,7,110
2020-03-31,8,89
2020-03-31,9,84
2020-03-31,10,80
2020-03-31,11,80
2020-03-31,12,84
2020-03-31,13,76
2020-03-31,14,66
2020-03-31,15,57
2020-03-31,16,67
2020-03-31,17,80
2020-03-31,18,66
2020-03-31,19,57
2020-03-31,20,40
2020-03-31,21,36
2020-03-31,22,16
2020-03-31,23,4
2020-04-01,0,0
2020-04-01,1,0
2020-04-01,2,0
2020-04-01,3,0
2020-04-01,4,8
2020-04-01,5,16
2020-04-01,6,48
2020-04-01,7,119
2020-04-01,8,102
2020-04-01,9,80
2020-04-01,10,88
2020-04-01,11,84
2020-04-01,12,88
2020-04-01,13,76
2020-04-01,14,71
2020-04-01,15,57
2020-04-01,16,70
2020-04-01,17,72
2020-04-01,18,62
2020-04-01,19,48
2020-04-01,20,40
2020-04-01,21,36
2020-04-01,22,16
2020-04-01,23,4
2020-04-02,0,0
2020-04-02,1,0
2020-04-02,2,0
2020-04-02,3,0
2020-04-02,4,12
2020-04-02,5,21
2020-04-02,6,48
2020-04-02,7,92
2020-04-02,8,97
2020-04-02,9,80
2020-04-02,10,76
2020-04-02,11,80
2020-04-02,12,76
2020-04-02,13,79
2020-04-02,14,76
2020-04-02,15,71
2020-04-02,16,62
2020-04-02,17,68
2020-04-02,18,72
2020-04-02,19,53
2020-04-02,20,45
2020-04-02,21,36
2020-04-02,22,26
2020-04-02,23,8
2020-04-03,0,0
2020-04-03,1,0
2020-04-03,2,0
2020-04-03,3,0
2020-04-03,4,4
2020-04-03,5,16
2020-04-03,6,39
2020-04-03,7,100
2020-04-03,8,84
2020-04-03,9,88
2020-04-03,10,79
2020-04-03,11,76
2020-04-03,12,84
2020-04-03,13,80
2020-04-03,14,84
2020-04-03,15,76
2020-04-03,16,80
2020-04-03,17,92
2020-04-03,18,80
2020-04-03,19,67
2020-04-03,20,57
2020-04-03,21,44
2020-04-03,22,34
2020-04-03,23,16
2020-04-04,0,8
2020-04-04,1,0
2020-04-04,2,0
2020-04-04,3,0
2020-04-04,4,0
2020-04-04,5,4
2020-04-04,6,16
2020-04-04,7,57
2020-04-04,8,68
2020-04-04,9,79
2020-04-04,10,64
2020-04-04,11,76
2020-04-04,12,84
2020-04-04,13,105
2020-04-04,14,88
2020-04-04,15,92
2020-04-04,16,76
2020-04-04,17,76
2020-04-04,18,72
2020-04-04,19,62
2020-04-04,20,44
2020-04-04,21,40
2020-04-04,22,30
2020-04-04,23,12
2020-04-05,0,12
2020-04-05,1,0
2020-04-05,2,4
2020-04-05,3,4
2020-04-05,4,4
2020-04-05,5,0
2020-04-05,6,16
2020-04-05,7,26
2020-04-05,8,45
2020-04-05,9,75
2020-04-05,10,67
2020-04-05,11,67
2020-04-05,12,67
2020-04-05,13,62
2020-04-05,14,62
2020-04-05,15,71
2020-04-05,16,84
2020-04-05,17,71
2020-04-05,18,62
2020-04-05,19,40
2020-04-05,20,40
2020-04-05,21,40
2020-04-05,22,26
2020-04-05,23,4
2020-04-06,0,0
2020-04-06,1,0
2020-04-06,2,0
2020-04-06,3,0
2020-04-06,4,0
2020-04-06,5,16
2020-04-06,6,30
2020-04-06,7,105
2020-04-06,8,88
2020-04-06,9,84
2020-04-06,10,76
2020-04-06,11,80
2020-04-06,12,80
2020-04-06,13,80
2020-04-06,14,71
2020-04-06,15,76
2020-04-06,16,67
2020-04-06,17,72
2020-04-06,18,57
2020-04-06,19,53
2020-04-06,20,36
2020-04-06,21,21
2020-04-06,22,12
2020-04-06,23,12
2020-04-07,0,0
2020-04-07,1,0
2020-04-07,2,0
2020-04-07,3,0
2020-04-07,4,4
2020-04-07,5,16
2020-04-07,6,49
2020-04-07,7,102
2020-04-07,8,93
2020-04-07,9,76
2020-04-07,10,84
2020-04-07,11,84
2020-04-07,12,88
2020-04-07,13,80
2020-04-07,14,76
2020-04-07,15,57
2020-04-07,16,62
2020-04-07,17,76
2020-04-07,18,67
2020-04-07,19,52
2020-04-07,20,40
2020-04-07,21,36
2020-04-07,22,16
2020-04-07,23,4
2020-04-08,0,0
2020-04-08,1,0
2020-04-08,2,0
2020-04-08,3,0
2020-04-08,4,12
2020-04-08,5,21
2020-04-08,6,57
2020-04-08,7,97
2020-04-08,8,89
2020-04-08,9,72
2020-04-08,10,80
2020-04-08,11,84
2020-04-08,12,88
2020-04-08,13,76
2020-04-08,14,80
2020-04-08,15,67
2020-04-08,16,62
2020-04-08,17,76
2020-04-08,18,67
2020-04-08,19,44
2020-04-08,20,40
2020-04-08,21,36
2020-04-08,22,26
2020-04-08,23,4
2020-04-09,0,0
2020-04-09,1,0
2020-04-09,2,0
2020-04-09,3,0
2020-04-09,4,8
2020-04-09,5,21
2020-04-09,6,53
2020-04-09,7,104
2020-04-09,8,101
2020-04-09,9,80
2020-04-09,10,86
2020-04-09,11,84
2020-04-09,12,76
2020-04-09,13,80
2020-04-09,14,88
2020-04-09,15,75
2020-04-09,16,62
2020-04-09,17,76
2020-04-09,18,76
2020-04-09,19,53
2020-04-09,20,45
2020-04-09,21,36
2020-04-09,22,26
2020-04-09,23,12
2020-04-10,0,0
2020-04-10,1,0
2020-04-10,2,0
2020-04-10,3,0
2020-04-10,4,4
2020-04-10,5,16
2020-04-10,6,54
2020-04-10,7,105
2020-04-10,8,84
2020-04-10,9,93
2020-04-10,10,88
2020-04-10,11,93
2020-04-10,12,88
2020-04-10,13,76
2020-04-10,14,84
2020-04-10,15,76
2020-04-10,16,71
2020-04-10,17,93
2020-04-10,18,84
2020-04-10,19,71
2020-04-10,20,48
2020-04-10,21,31
2020-04-10,22,26
2020-04-10,23,26
2020-04-11,0,4
2020-04-11,1,0
2020-04-11,2,0
2020-04-11,3,0
2020-04-11,4,4
2020-04-11,5,12
2020-04-11,6,21
2020-04-11,7,53
2020-04-11,8,63
2020-04-11,9,62
2020-04-11,10,72
2020-04-11,11,96
2020-04-11,12,84
2020-04-11,13,108
2020-04-11,14,93
2020-04-11,15,92
2020-04-11,16,72
2020-04-11,17,80
2020-04-11,18,80
2020-04-11,19,57
2020-04-11,20,40
2020-04-11,21,40
2020-04-11,22,35
2020-04-11,23,16
2020-04-12,0,8
2020-04-12,1,0
2020-04-12,2,0
2020-04-12,3,0
2020-04-12,4,0
2020-04-12,5,0
2020-04-12,6,16
2020-04-12,7,21
2020-04-12,8,40
2020-04-12,9,57
2020-04-12,10,57
2020-04-12,11,57
2020-04-12,12,67
2020-04-12,13,52
2020-04-12,14,62
2020-04-12,15,58
2020-04-12,16,66
2020-04-12,17,72
2020-04-12,18,67
2020-04-12,19,40
2020-04-12,20,44
2020-04-12,21,40
2020-04-12,22,26
2020-04-12,23,8
2020-04-13,0,0
2020-04-13,1,0
2020-04-13,2,0
2020-04-13,3,0
2020-04-13,4,0
2020-04-13,5,16
2020-04-13,6,39
2020-04-13,7,118
2020-04-13,8,132
2020-04-13,9,96
2020-04-13,10,80
2020-04-13,11,76
2020-04-13,12,76
2020-04-13,13,76
2020-04-13,14,71
2020-04-13,15,67
2020-04-13,16,66
2020-04-13,17,72
2020-04-13,18,57
2020-04-13,19,53
2020-04-13,20,52
2020-04-13,21,36
2020-04-13,22,21
2020-04-13,23,12
2020-04-14,0,0
2020-04-14,1,0
2020-04-14,2,0
2020-04-14,3,0
2020-04-14,4,4
2020-04-14,5,21
2020-04-14,6,62
2020-04-14,7,111
2020-04-14,8,119
2020-04-14,9,84
2020-04-14,10,84
2020-04-14,11,88
2020-04-14,12,93
2020-04-14,13,84
2020-04-14,14,80
2020-04-14,15,67
2020-04-14,16,72
2020-04-14,17,84
2020-04-14,18,75
2020-04-14,19,52
2020-04-14,20,35
2020-04-14,21,32
2020-04-14,22,16
2020-04-14,23,0
2020-04-15,0,0
2020-04-15,1,0
2020-04-15,2,0
2020-04-15,3,4
2020-04-15,4,8
2020-04-15,5,16
2020-04-15,6,53
2020-04-15,7,106
2020-04-15,8,97
2020-04-15,9,79
2020-04-15,10,102
2020-04-15,11,88
2020-04-15,12,104
2020-04-15,13,88
2020-04-15,14,88
2020-04-15,15,72
2020-04-15,16,67
2020-04-15,17,84
2020-04-15,18,72
2020-04-15,19,48
2020-04-15,20,48
2020-04-15,21,36
2020-04-15,22,26
2020-04-15,23,8
2020-04-16,0,0
2020-04-16,1,0
2020-04-16,2,0
2020-04-16,3,0
2020-04-16,4,17
2020-04-16,5,35
2020-04-16,6,44
2020-04-16,7,110
2020-04-16,8,105
2020-04-16,9,88
2020-04-16,10,76
2020-04-16,11,84
2020-04-16,12,88
2020-04-16,13,88
2020-04-16,14,76
2020-04-16,15,88
2020-04-16,16,70
2020-04-16,17,76
2020-04-16,18,76
2020-04-16,19,67
2020-04-16,20,53
2020-04-16,21,44
2020-04-16,22,26
2020-04-16,23,8
2020-04-17,0,0
2020-04-17,1,0
2020-04-17,2,0
2020-04-17,3,0
2020-04-17,4,4
2020-04-17,5,26
2020-04-17,6,54
2020-04-17,7,101
2020-04-17,8,124
2020-04-17,9,93
2020-04-17,10,93
2020-04-17,11,92
2020-04-17,12,96
2020-04-17,13,84
2020-04-17,14,101
2020-04-17,15,93
2020-04-17,16,84
2020-04-17,17,110
2020-04-17,18,88
2020-04-17,19,67
2020-04-17,20,61
2020-04-17,21,48
2020-04-17,22,39
2020-04-17,23,16
2020-04-18,0,8
2020-04-18,1,0
2020-04-18,2,0
2020-04-18,3,0
2020-04-18,4,4
2020-04-18,5,12
2020-04-18,6,31
2020-04-18,7,57
2020-04-18,8,62
2020-04-18,9,66
2020-04-18,10,72
2020-04-18,11,89
2020-04-18,12,101
2020-04-18,13,109
2020-04-18,14,92
2020-04-18,15,96
2020-04-18,16,80
2020-04-18,17,83
2020-04-18,18,72
2020-04-18,19,57
2020-04-18,20,48
2020-04-18,21,35
2020-04-18,22,26
2020-04-18,23,12
2020-04-19,0,26
2020-04-19,1,26
2020-04-19,2,21
2020-04-19,3,21
2020-04-19,4,21
2020-04-19,5,16
2020-04-19,6,26
2020-04-19,7,31
2020-04-19,8,66
2020-04-19,9,71
2020-04-19,10,76
2020-04-19,11,62
2020-04-19,12,67
2020-04-19,13,72
2020-04-19,14,71
2020-04-19,15,75
2020-04-19,16,76
2020-04-19,17,72
2020-04-19,18,72
2020-04-19,19,48
2020-04-19,20,58
2020-04-19,21,36
2020-04-19,22,26
2020-04-19,23,8
2020-04-20,0,4
2020-04-20,1,0
2020-04-20,2,4
2020-04-20,3,8
2020-04-20,4,8
2020-04-20,5,16
2020-04-20,6,44
2020-04-20,7,119
2020-04-20,8,101
2020-04-20,9,88
2020-04-20,10,88
2020-04-20,11,88
2020-04-20,12,84
2020-04-20,13,93
2020-04-20,14,83
2020-04-20,15,76
2020-04-20,16,76
2020-04-20,17,80
2020-04-20,18,66
2020-04-20,19,53
2020-04-20,20,40
2020-04-20,21,21
2020-04-20,22,21
2020-04-20,23,12
2020-04-21,0,0
2020-04-21,1,0
2020-04-21,2,0
2020-04-21,3,0
2020-04-21,4,8
2020-04-21,5,16
2020-04-21,6,58
2020-04-21,7,141
2020-04-21,8,110
2020-04-21,9,84
2020-04-21,10,84
2020-04-21,11,92
2020-04-21,12,92
2020-04-21,13,88
2020-04-21,14,84
2020-04-21,15,76
2020-04-21,16,80
2020-04-21,17,92
2020-04-21,18,75
2020-04-21,19,62
2020-04-21,20,40
2020-04-21,21,36
2020-04-21,22,16
2020-04-21,23,4
2020-04-22,0,0
2020-04-22,1,0
2020-04-22,2,0
2020-04-22,3,0
2020-04-22,4,8
2020-04-22,5,16
2020-04-22,6,62
2020-04-22,7,115
2020-04-22,8,110
2020-04-22,9,84
2020-04-22,10,88
2020-04-22,11,100
2020-04-22,12,96
2020-04-22,13,96
2020-04-22,14,92
2020-04-22,15,76
2020-04-22,16,71
2020-04-22,17,84
2020-04-22,18,76
2020-04-22,19,62
2020-04-22,20,40
2020-04-22,21,36
2020-04-22,22,21
2020-04-22,23,8
2020-04-23,0,0
2020-04-23,1,0
2020-04-23,2,0
2020-04-23,3,0
2020-04-23,4,12
2020-04-23,5,21
2020-04-23,6,48
2020-04-23,7,114
2020-04-23,8,111
2020-04-23,9,80
2020-04-23,10,80
2020-04-23,11,92
2020-04-23,12,92
2020-04-23,13,92
2020-04-23,14,84
2020-04-23,15,92
2020-04-23,16,75
2020-04-23,17,84
2020-04-23,18,84
2020-04-23,19,67
2020-04-23,20,40
2020-04-23,21,36
2020-04-23,22,21
2020-04-23,23,12
2020-04-24,0,0
2020-04-24,1,0
2020-04-24,2,0
2020-04-24,3,0
2020-04-24,4,17
2020-04-24,5,17
2020-04-24,6,54
2020-04-24,7,118
2020-04-24,8,101
2020-04-24,9,101
2020-04-24,10,96
2020-04-24,11,100
2020-04-24,12,106
2020-04-24,13,92
2020-04-24,14,106
2020-04-24,15,88
2020-04-24,16,88
2020-04-24,17,109
2020-04-24,18,101
2020-04-24,19,67
2020-04-24,20,57
2020-04-24,21,40
2020-04-24,22,36
2020-04-24,23,16
2020-04-25,0,16
2020-04-25,1,0
2020-04-25,2,0
2020-04-25,3,0
2020-04-25,4,8
2020-04-25,5,12
2020-04-25,6,31
2020-04-25,7,57
2020-04-25,8,67
2020-04-25,9,75
2020-04-25,10,80
2020-04-25,11,109
2020-04-25,12,92
2020-04-25,13,113
2020-04-25,14,92
2020-04-25,15,96
2020-04-25,16,80
2020-04-25,17,80
2020-04-25,18,76
2020-04-25,19,62
2020-04-25,20,40
2020-04-25,21,40
2020-04-25,22,26
2020-04-25,23,16
2020-04-26,0,8
2020-04-26,1,0
2020-04-26,2,0
2020-04-26,3,0
2020-04-26,4,0
2020-04-26,5,0
2020-04-26,6,16
2020-04-26,7,31
2020-04-26,8,45
2020-04-26,9,72
2020-04-26,10,76
2020-04-26,11,80
2020-04-26,12,72
2020-04-26,13,76
2020-04-26,14,80
2020-04-26,15,75
2020-04-26,16,84
2020-04-26,17,80
2020-04-26,18,84
2020-04-26,19,52
2020-04-26,20,40
2020-04-26,21,26
2020-04-26,22,21
2020-04-26,23,8
2020-04-27,0,0
2020-04-27,1,0
2020-04-27,2,0
2020-04-27,3,0
2020-04-27,4,4
2020-04-27,5,16
2020-04-27,6,40
2020-04-27,7,115
2020-04-27,8,93
2020-04-27,9,84
2020-04-27,10,88
2020-04-27,11,100
2020-04-27,12,92
2020-04-27,13,92
2020-04-27,14,88
2020-04-27,15,92
2020-04-27,16,84
2020-04-27,17,92
2020-04-27,18,75
2020-04-27,19,67
2020-04-27,20,52
2020-04-27,21,36
2020-04-27,22,21
2020-04-27,23,12
2020-04-28,0,0
2020-04-28,1,0
2020-04-28,2,0
2020-04-28,3,0
2020-04-28,4,8
2020-04-28,5,21
2020-04-28,6,57
2020-04-28,7,128
2020-04-28,8,114
2020-04-28,9,92
2020-04-28,10,88
2020-04-28,11,96
2020-04-28,12,96
2020-04-28,13,92
2020-04-28,14,100
2020-04-28,15,84
2020-04-28,16,84
2020-04-28,17,101
2020-04-28,18,80
2020-04-28,19,52
2020-04-28,20,40
2020-04-28,21,40
2020-04-28,22,16
2020-04-28,23,4
2020-04-29,0,0
2020-04-29,1,8
2020-04-29,2,12
2020-04-29,3,21
2020-04-29,4,26
2020-04-29,5,32
2020-04-29,6,66
2020-04-29,7,110
2020-04-29,8,115
2020-04-29,9,96
2020-04-29,10,96
2020-04-29,11,100
2020-04-29,12,110
2020-04-29,13,100
2020-04-29,14,97
2020-04-29,15,84
2020-04-29,16,80
2020-04-29,17,97
2020-04-29,18,88
2020-04-29,19,57
2020-04-29,20,52
2020-04-29,21,40
2020-04-29,22,26
2020-04-29,23,12
2020-04-30,0,13
2020-04-30,1,4
2020-04-30,2,8
2020-04-30,3,16
2020-04-30,4,16
2020-04-30,5,21
2020-04-30,6,53
2020-04-30,7,109
2020-04-30,8,111
2020-04-30,9,84
2020-04-30,10,92
2020-04-30,11,96
2020-04-30,12,96
2020-04-30,13,97
2020-04-30,14,96
2020-04-30,15,97
2020-04-30,16,80
2020-04-30,17,88
2020-04-30,18,88
2020-04-30,19,63
2020-04-30,20,52
2020-04-30,21,40
2020-04-30,22,21
2020-04-30,23,12
2020-05-01,0,4
2020-05-01,1,4
2020-05-01,2,0
2020-05-01,3,0
2020-05-01,4,4
2020-05-01,5,16
2020-05-01,6,49
2020-05-01,7,114
2020-05-01,8,97
2020-05-01,9,105
2020-05-01,10,93
2020-05-01,11,101
2020-05-01,12,110
2020-05-01,13,100
2020-05-01,14,115
2020-05-01,15,106
2020-05-01,16,106
2020-05-01,17,123
2020-05-01,18,93
2020-05-01,19,72
2020-05-01,20,62
2020-05-01,21,40
2020-05-01,22,31
2020-05-01,23,21
2020-05-02,0,12
2020-05-02,1,0
2020-05-02,2,0
2020-05-02,3,0
2020-05-02,4,4
2020-05-02,5,12
2020-05-02,6,26
2020-05-02,7,66
2020-05-02,8,67
2020-05-02,9,75
2020-05-02,10,80
2020-05-02,11,109
2020-05-02,12,114
2020-05-02,13,128
2020-05-02,14,101
2020-05-02,15,109
2020-05-02,16,93
2020-05-02,17,92
2020-05-02,18,88
2020-05-02,19,76
2020-05-02,20,52
2020-05-02,21,49
2020-05-02,22,39
2020-05-02,23,16
2020-05-03,0,12
2020-05-03,1,8
2020-05-03,2,16
2020-05-03,3,12
2020-05-03,4,8
2020-05-03,5,0
2020-05-03,6,16
2020-05-03,7,31
2020-05-03,8,45
2020-05-03,9,76
2020-05-03,10,67
2020-05-03,11,71
2020-05-03,12,76
2020-05-03,13,76
2020-05-03,14,80
2020-05-03,15,75
2020-05-03,16,76
2020-05-03,17,88
2020-05-03,18,76
2020-05-03,19,48
2020-05-03,20,44
2020-05-03,21,36
2020-05-03,22,16
2020-05-03,23,12
2020-05-04,0,0
2020-05-04,1,0
2020-05-04,2,0
2020-05-04,3,0
2020-05-04,4,0
2020-05-04,5,16
2020-05-04,6,49
2020-05-04,7,114
2020-05-04,8,105
2020-05-04,9,88
2020-05-04,10,92
2020-05-04,11,97
2020-05-04,12,96
2020-05-04,13,96
2020-05-04,14,93
2020-05-04,15,88
2020-05-04,16,88
2020-05-04,17,88
2020-05-04,18,72
2020-05-04,19,57
2020-05-04,20,48
2020-05-04,21,31
2020-05-04,22,21
2020-05-04,23,16
2020-05-05,0,0
2020-05-05,1,0
2020-05-05,9,100
2020-05-05,10,101
2020-05-05,11,96
2020-05-05,12,110
2020-05-05,13,96
2020-05-05,14,105
2020-05-05,15,92
2020-05-05,16,96
2020-05-05,17,109
2020-05-05,18,79
2020-05-05,19,76
2020-05-05,20,48
2020-05-05,21,40
2020-05-05,22,16
2020-05-05,23,12
2020-05-06,0,12
2020-05-06,1,8
2020-05-06,2,0
2020-05-06,3,4
2020-05-06,4,17
2020-05-06,5,26
2020-05-06,6,71
2020-05-06,7,146
2020-05-06,8,127
2020-05-06,9,96
2020-05-06,10,105
2020-05-06,11,109
2020-05-06,12,119
2020-05-06,13,88
2020-05-06,14,94
2020-05-06,15,84
2020-05-06,16,80
2020-05-06,17,94
2020-05-06,18,84
2020-05-06,19,62
2020-05-06,20,52
2020-05-06,21,44
2020-05-06,22,26
2020-05-06,23,8
2020-05-07,0,8
2020-05-07,1,0
2020-05-07,2,4
2020-05-07,3,0
2020-05-07,4,12
2020-05-07,5,21
2020-05-07,6,53
2020-05-07,7,136
2020-05-07,8,119
2020-05-07,9,92
2020-05-07,10,96
2020-05-07,11,91
2020-05-07,12,101
2020-05-07,13,105
2020-05-07,14,100
2020-05-07,15,105
2020-05-07,16,88
2020-05-07,17,101
2020-05-07,18,88
2020-05-07,19,71
2020-05-07,20,53
2020-05-07,21,36
2020-05-07,22,16
2020-05-07,23,12
2020-05-08,0,0
2020-05-08,1,0
2020-05-08,2,0
2020-05-08,3,0
2020-05-08,4,8
2020-05-08,5,16
2020-05-08,6,49
2020-05-08,7,105
2020-05-08,8,97
2020-05-08,9,101
2020-05-08,10,101
2020-05-08,11,109
2020-05-08,12,114
2020-05-08,13,104
2020-05-08,14,114
2020-05-08,15,96
2020-05-08,16,109
2020-05-08,17,127
2020-05-08,18,96
2020-05-08,19,80
2020-05-08,20,62
2020-05-08,21,44
2020-05-08,22,40
2020-05-08,23,21
2020-05-09,0,12
2020-05-09,1,0
2020-05-09,2,0
2020-05-09,3,0
2020-05-09,4,4
2020-05-09,5,8
2020-05-09,6,26
2020-05-09,7,57
2020-05-09,8,71
2020-05-09,9,80
2020-05-09,10,76
2020-05-09,11,110
2020-05-09,12,105
2020-05-09,13,128
2020-05-09,14,111
2020-05-09,15,114
2020-05-09,16,101
2020-05-09,17,105
2020-05-09,18,96
2020-05-09,19,76
2020-05-09,20,48
2020-05-09,21,40
2020-05-09,22,31
2020-05-09,23,16
2020-05-10,0,8
2020-05-10,1,8
2020-05-10,2,4
2020-05-10,3,0
2020-05-10,4,4
2020-05-10,5,4
2020-05-10,6,16
2020-05-10,7,31
2020-05-10,8,45
2020-05-10,9,72
2020-05-10,10,72
2020-05-10,11,84
2020-05-10,12,80
2020-05-10,13,88
2020-05-10,14,92
2020-05-10,15,88
2020-05-10,16,92
2020-05-10,17,92
2020-05-10,18,84
2020-05-10,19,57
2020-05-10,20,48
2020-05-10,21,36
2020-05-10,22,26
2020-05-10,23,16
2020-05-11,0,8
2020-05-11,1,8
2020-05-11,2,0
2020-05-11,3,8
2020-05-11,4,12
2020-05-11,5,16
2020-05-11,6,39
2020-05-11,7,114
2020-05-11,8,119
2020-05-11,9,92
2020-05-11,10,92
2020-05-11,11,105
2020-05-11,12,107
2020-05-11,13,101
2020-05-11,14,114
2020-05-11,15,96
2020-05-11,16,88
2020-05-11,17,88
2020-05-11,18,84
2020-05-11,19,62
2020-05-11,20,48
2020-05-11,21,36
2020-05-11,22,17
2020-05-11,23,12
2020-05-12,0,0
2020-05-12,1,0
2020-05-12,2,0
2020-05-12,3,0
2020-05-12,4,8
2020-05-12,5,21
2020-05-12,6,62
2020-05-12,7,124
2020-05-12,8,119
2020-05-12,9,96
2020-05-12,10,105
2020-05-12,11,101
2020-05-12,12,114
2020-05-12,13,101
2020-05-12,14,101
2020-05-12,15,88
2020-05-12,16,92
2020-05-12,17,104
2020-05-12,18,88
2020-05-12,19,62
2020-05-12,20,48
2020-05-12,21,40
2020-05-12,22,16
2020-05-12,23,8
2020-05-13,0,0
2020-05-13,1,0
2020-05-13,2,0
2020-05-13,3,0
2020-05-13,4,8
2020-05-13,5,21
2020-05-13,6,58
2020-05-13,7,114
2020-05-13,8,114
2020-05-13,9,101
2020-05-13,10,110
2020-05-13,11,105
2020-05-13,12,123
2020-05-13,13,118
2020-05-13,14,101
2020-05-13,15,88
2020-05-13,16,88
2020-05-13,17,92
2020-05-13,18,76
2020-05-13,19,57
2020-05-13,20,44
2020-05-13,21,31
2020-05-13,22,16
2020-05-13,23,8
2020-05-14,0,0
2020-05-14,1,0
2020-05-14,2,0
2020-05-14,3,0
2020-05-14,4,12
2020-05-14,5,21
2020-05-14,6,53
2020-05-14,7,105
2020-05-14,8,115
2020-05-14,9,93
2020-05-14,10,100
2020-05-14,11,101
2020-05-14,12,97
2020-05-14,13,104
2020-05-14,14,106
2020-05-14,15,101
2020-05-14,16,88
2020-05-14,17,97
2020-05-14,18,92
2020-05-14,19,71
2020-05-14,20,49
2020-05-14,21,40
2020-05-14,22,26
2020-05-14,23,12
2020-05-15,0,0
2020-05-15,1,0
2020-05-15,2,0
2020-05-15,3,0
2020-05-15,4,8
2020-05-15,5,16
2020-05-15,6,49
2020-05-15,7,119
2020-05-15,8,119
2020-05-15,9,109
2020-05-15,10,110
2020-05-15,11,106
2020-05-15,12,128
2020-05-15,13,111
2020-05-15,14,132
2020-05-15,15,109
2020-05-15,16,118
2020-05-15,17,132
2020-05-15,18,110
2020-05-15,19,80
2020-05-15,20,62
2020-05-15,21,44
2020-05-15,22,31
2020-05-15,23,21
2020-05-16,0,12
2020-05-16,1,0
2020-05-16,2,0
2020-05-16,3,0
2020-05-16,4,4
2020-05-16,5,16
2020-05-16,6,31
2020-05-16,7,57
2020-05-16,8,71
2020-05-16,9,80
2020-05-16,10,88
2020-05-16,11,118
2020-05-16,12,114
2020-05-16,13,132
2020-05-16,14,119
2020-05-16,15,110
2020-05-16,16,105
2020-05-16,17,101
2020-05-16,18,92
2020-05-16,19,76
2020-05-16,20,48
2020-05-16,21,40
2020-05-16,22,36
2020-05-16,23,16
2020-05-17,0,12
2020-05-17,1,4
2020-05-17,2,0
2020-05-17,3,0
2020-05-17,4,4
2020-05-17,5,4
2020-05-17,6,21
2020-05-17,7,31
2020-05-17,8,45
2020-05-17,9,72
2020-05-17,10,67
2020-05-17,11,71
2020-05-17,12,80
2020-05-17,13,84
2020-05-17,14,80
2020-05-17,15,80
2020-05-17,16,96
2020-05-17,17,84
2020-05-17,18,76
2020-05-17,19,48
2020-05-17,20,48
2020-05-17,21,36
2020-05-17,22,26
2020-05-17,23,4
2020-05-18,0,0
2020-05-18,1,0
2020-05-18,2,0
2020-05-18,3,0
2020-05-18,4,8
2020-05-18,5,16
2020-05-18,6,40
2020-05-18,7,118
2020-05-18,8,101
2020-05-18,9,96
2020-05-18,10,92
2020-05-18,11,97
2020-05-18,12,111
2020-05-18,13,110
2020-05-18,14,123
2020-05-18,15,97
2020-05-18,16,93
2020-05-18,17,92
2020-05-18,18,76
2020-05-18,19,67
2020-05-18,20,44
2020-05-18,21,26
2020-05-18,22,21
2020-05-18,23,8
2020-05-19,0,0
2020-05-19,1,0
2020-05-19,2,0
2020-05-19,3,0
2020-05-19,4,4
2020-05-19,5,21
2020-05-19,6,53
2020-05-19,7,124
2020-05-19,8,97
2020-05-19,9,88
2020-05-19,10,105
2020-05-19,11,101
2020-05-19,12,109
2020-05-19,13,97
2020-05-19,14,101
2020-05-19,15,93
2020-05-19,16,96
2020-05-19,17,109
2020-05-19,18,92
2020-05-19,19,71
2020-05-19,20,48
2020-05-19,21,44
2020-05-19,22,26
2020-05-19,23,4
2020-05-20,0,0
2020-05-20,1,0
2020-05-20,2,0
2020-05-20,3,0
2020-05-20,4,8
2020-05-20,5,21
2020-05-20,6,62
2020-05-20,7,118
2020-05-20,8,122
2020-05-20,9,96
2020-05-20,10,114
2020-05-20,11,115
2020-05-20,12,124
2020-05-20,13,109
2020-05-20,14,106
2020-05-20,15,100
2020-05-20,16,100
2020-05-20,17,119
2020-05-20,18,88
2020-05-20,19,67
2020-05-20,20,44
2020-05-20,21,36
2020-05-20,22,26
2020-05-20,23,12
2020-05-21,0,0
2020-05-21,1,4
2020-05-21,2,12
2020-05-21,3,8
2020-05-21,4,21
2020-05-21,5,31
2020-05-21,6,58
2020-05-21,7,128
2020-05-21,8,123
2020-05-21,9,104
2020-05-21,11,111
2020-05-21,12,106
2020-05-21,13,115
2020-05-21,14,106
2020-05-21,15,109
2020-05-21,16,101
2020-05-21,17,105
2020-05-21,18,97
2020-05-21,19,76
2020-05-21,20,56
2020-05-21,21,36
2020-05-21,22,26
2020-05-21,23,16
2020-05-22,0,0
2020-05-22,1,0
2020-05-22,2,0
2020-05-22,3,4
2020-05-22,4,12
2020-05-22,5,21
2020-05-22,6,58
2020-05-22,7,115
2020-05-22,8,110
2020-05-22,9,114
2020-05-22,10,119
2020-05-22,11,119
2020-05-22,12,124
2020-05-22,13,120
2020-05-22,14,132
2020-05-22,15,124
2020-05-22,16,118
2020-05-22,17,131
2020-05-22,18,111
2020-05-22,19,88
2020-05-22,20,66
2020-05-22,21,49
2020-05-22,22,48
2020-05-22,23,26
2020-05-23,0,16
2020-05-23,1,12
2020-05-23,2,12
2020-05-23,3,8
2020-05-23,4,9
2020-05-23,5,16
2020-05-23,6,31
2020-05-23,7,70
2020-05-23,8,76
2020-05-23,9,80
2020-05-23,10,88
2020-05-23,11,118
2020-05-23,12,118
2020-05-23,13,137
2020-05-23,14,119
2020-05-23,15,114
2020-05-23,16,109
2020-05-23,17,105
2020-05-23,18,96
2020-05-23,19,76
2020-05-23,20,53
2020-05-23,21,45
2020-05-23,22,40
2020-05-23,23,16
2020-05-24,0,22
2020-05-24,1,16
2020-05-24,2,12
2020-05-24,3,4
2020-05-24,4,4
2020-05-24,5,8
2020-05-24,6,26
2020-05-24,7,31
2020-05-24,8,53
2020-05-24,9,80
2020-05-24,10,72
2020-05-24,11,80
2020-05-24,12,80
2020-05-24,13,97
2020-05-24,14,92
2020-05-24,15,88
2020-05-24,16,92
2020-05-24,17,101
2020-05-24,18,88
2020-05-24,19,57
2020-05-24,20,57
2020-05-24,21,44
2020-05-24,22,26
2020-05-24,23,17
2020-05-25,0,4
2020-05-25,1,0
2020-05-25,2,0
2020-05-25,3,0
2020-05-25,4,4
2020-05-25,5,16
2020-05-25,6,58
2020-05-25,7,144
2020-05-25,8,105
2020-05-25,9,101
2020-05-25,10,92
2020-05-25,11,96
2020-05-25,12,96
2020-05-25,13,101
2020-05-25,14,97
2020-05-25,15,96
2020-05-25,16,84
2020-05-25,17,92
2020-05-25,18,76
2020-05-25,19,58
2020-05-25,20,52
2020-05-25,21,31
2020-05-25,22,22
2020-05-25,23,4
2020-05-26,0,0
2020-05-26,1,0
2020-05-26,2,0
2020-05-26,3,0
2020-05-26,4,4
2020-05-26,5,16
2020-05-26,6,62
2020-05-26,7,115
2020-05-26,8,105
2020-05-26,9,96
2020-05-26,10,110
2020-05-26,11,114
2020-05-26,12,119
2020-05-26,13,115
2020-05-26,14,105
2020-05-26,15,96
2020-05-26,16,96
2020-05-26,17,114
2020-05-26,18,88
2020-05-26,19,76
2020-05-26,20,52
2020-05-26,21,44
2020-05-26,22,31
2020-05-26,23,8
2020-05-27,0,0
2020-05-27,1,0
2020-05-27,2,0
2020-05-27,3,0
2020-05-27,4,8
2020-05-27,5,16
2020-05-27,6,57
2020-05-27,7,124
2020-05-27,8,120
2020-05-27,9,96
2020-05-27,10,104
2020-05-27,11,115
2020-05-27,12,132
2020-05-27,13,109
2020-05-27,14,101
2020-05-27,15,96
2020-05-27,16,101
2020-05-27,17,105
2020-05-27,18,88
2020-05-27,19,67
2020-05-27,20,52
2020-05-27,21,36
2020-05-27,22,26
2020-05-27,23,8
2020-05-28,0,4
2020-05-28,1,0
2020-05-28,2,0
2020-05-28,3,0
2020-05-28,4,12
2020-05-28,5,21
2020-05-28,6,62
2020-05-28,7,124
2020-05-28,8,137
2020-05-28,9,105
2020-05-28,10,96
2020-05-28,11,120
2020-05-28,12,111
2020-05-28,13,111
2020-05-28,14,110
2020-05-28,15,106
2020-05-28,16,92
2020-05-28,17,115
2020-05-28,18,100
2020-05-28,19,71
2020-05-28,20,57
2020-05-28,21,40
2020-05-28,22,26
2020-05-28,23,21
2020-05-29,0,8
2020-05-29,1,0
2020-05-29,2,0
2020-05-29,3,13
2020-05-29,4,12
2020-05-29,5,16
2020-05-29,6,54
2020-05-29,7,131
2020-05-29,8,124
2020-05-29,9,141
2020-05-29,10,127
2020-05-29,11,126
2020-05-29,12,132
2020-05-29,13,118
2020-05-29,14,124
2020-05-29,15,110
2020-05-29,16,114
2020-05-29,17,136
2020-05-29,18,101
2020-05-29,19,88
2020-05-29,20,67
2020-05-29,21,58
2020-05-29,22,44
2020-05-29,23,30
2020-05-30,0,16
2020-05-30,1,16
2020-05-30,2,8
2020-05-30,3,0
2020-05-30,4,8
2020-05-30,5,12
2020-05-30,6,31
2020-05-30,7,57
2020-05-30,8,80
2020-05-30,9,96
2020-05-30,10,106
2020-05-30,11,133
2020-05-30,12,136
2020-05-30,13,132
2020-05-30,14,111
2020-05-30,15,105
2020-05-30,16,97
2020-05-30,17,109
2020-05-30,18,96
2020-05-30,19,84
2020-05-30,20,58
2020-05-30,21,58
2020-05-30,22,44
2020-05-30,23,26
2020-05-31,0,12
2020-05-31,1,16
2020-05-31,2,4
2020-05-31,3,8
2020-05-31,4,4
2020-05-31,5,4
2020-05-31,6,16
2020-05-31,7,31
2020-05-31,8,53
2020-05-31,9,76
2020-05-31,10,84
2020-05-31,11,97
2020-05-31,12,88
2020-05-31,13,88
2020-05-31,14,88
2020-05-31,15,88
2020-05-31,16,92
2020-05-31,17,100
2020-05-31,18,92
2020-05-31,19,67
2020-05-31,20,62
2020-05-31,21,40
2020-05-31,22,26
2020-05-31,23,16
2020-06-01,0,4
2020-06-01,1,4
2020-06-01,2,4
2020-06-01,3,0
2020-06-01,4,8
2020-06-01,5,21
2020-06-01,6,53
2020-06-01,7,132
2020-06-01,8,119
2020-06-01,9,110
2020-06-01,10,105
2020-06-01,11,119
2020-06-01,12,115
2020-06-01,13,88
2020-06-01,14,93
2020-06-01,15,80
2020-06-01,16,80
2020-06-01,17,80
2020-06-01,18,75
2020-06-01,19,62
2020-06-01,20,40
2020-06-01,21,36
2020-06-01,22,21
2020-06-01,23,16
2020-06-02,0,0
2020-06-02,1,0
2020-06-02,2,0
2020-06-02,3,0
2020-06-02,4,4
2020-06-02,5,26
2020-06-02,6,49
2020-06-02,7,101
2020-06-02,8,97
2020-06-02,9,84
2020-06-02,10,96
2020-06-02,11,97
2020-06-02,12,114
2020-06-02,13,96
2020-06-02,14,105
2020-06-02,15,97
2020-06-02,16,84
2020-06-02,17,100
2020-06-02,18,93
2020-06-02,19,52
2020-06-02,20,40
2020-06-02,21,40
2020-06-02,22,26
2020-06-02,23,12
2020-06-03,0,4
2020-06-03,1,0
2020-06-03,2,0
2020-06-03,3,0
2020-06-03,4,8
2020-06-03,5,26
2020-06-03,6,58
2020-06-03,7,120
2020-06-03,8,101
2020-06-03,9,88
2020-06-03,10,92
2020-06-03,11,114
2020-06-03,12,136
2020-06-03,13,110
2020-06-03,14,97
2020-06-03,15,101
2020-06-03,16,96
2020-06-03,17,105
2020-06-03,18,76
2020-06-03,19,63
2020-06-03,20,44
2020-06-03,21,36
2020-06-03,22,26
2020-06-03,23,12
2020-06-04,0,0
2020-06-04,1,0
2020-06-04,2,0
2020-06-04,3,0
2020-06-04,4,12
2020-06-04,5,21
2020-06-04,6,62
2020-06-04,7,100
2020-06-04,8,141
2020-06-04,9,80
2020-06-04,10,80
2020-06-04,11,97
2020-06-04,12,101
2020-06-04,13,105
2020-06-04,14,101
2020-06-04,15,109
2020-06-04,16,92
2020-06-04,17,114
2020-06-04,18,92
2020-06-04,19,58
2020-06-04,20,48
2020-06-04,21,36
2020-06-04,22,26
2020-06-04,23,12
2020-06-05,0,0
2020-06-05,1,0
2020-06-05,2,0
2020-06-05,3,4
2020-06-05,4,8
2020-06-05,5,16
2020-06-05,6,49
2020-06-05,7,105
2020-06-05,8,105
2020-06-05,9,97
2020-06-05,10,109
2020-06-05,11,120
2020-06-05,12,128
2020-06-05,13,115
2020-06-05,14,131
2020-06-05,15,119
2020-06-05,16,109
2020-06-05,17,119
2020-06-05,18,97
2020-06-05,19,76
2020-06-05,20,75
2020-06-05,21,62
2020-06-05,22,40
2020-06-05,23,16
2020-06-06,0,16
2020-06-06,1,0
2020-06-06,2,0
2020-06-06,3,0
2020-06-06,4,4
2020-06-06,5,16
2020-06-06,6,36
2020-06-06,7,53
2020-06-06,8,66
2020-06-06,9,76
2020-06-06,10,80
2020-06-06,11,122
2020-06-06,12,114
2020-06-06,13,132
2020-06-06,14,115
2020-06-06,15,109
2020-06-06,16,97
2020-06-06,17,101
2020-06-06,18,92
2020-06-06,19,79
2020-06-06,20,44
2020-06-06,21,40
2020-06-06,22,31
2020-06-06,23,16
2020-06-07,0,12
2020-06-07,1,8
2020-06-07,2,4
2020-06-07,3,8
2020-06-07,4,0
2020-06-07,5,4
2020-06-07,6,16
2020-06-07,7,31
2020-06-07,8,40
2020-06-07,9,62
2020-06-07,10,62
2020-06-07,11,84
2020-06-07,12,88
2020-06-07,13,92
2020-06-07,14,100
2020-06-07,15,88
2020-06-07,16,88
2020-06-07,17,96
2020-06-07,18,84
2020-06-07,19,48
2020-06-07,20,49
2020-06-07,21,36
2020-06-07,22,26
2020-06-07,23,16
2020-06-08,0,12
2020-06-08,1,0
2020-06-08,2,0
2020-06-08,3,0
2020-06-08,4,8
2020-06-08,5,16
2020-06-08,6,39
2020-06-08,7,109
2020-06-08,8,105
2020-06-08,9,76
2020-06-08,10,101
2020-06-08,11,93
2020-06-08,12,96
2020-06-08,13,101
2020-06-08,14,101
2020-06-08,15,97
2020-06-08,16,92
2020-06-08,17,101
2020-06-08,18,75
2020-06-08,19,62
2020-06-08,20,44
2020-06-08,21,36
2020-06-08,22,21
2020-06-08,23,4
2020-06-09,0,0
2020-06-09,1,0
2020-06-09,2,0
2020-06-09,3,8
2020-06-09,4,4
2020-06-09,5,21
2020-06-09,6,58
2020-06-09,7,97
2020-06-09,8,105
2020-06-09,9,92
2020-06-09,10,96
2020-06-09,11,97
2020-06-09,12,118
2020-06-09,13,110
2020-06-09,14,96
2020-06-09,15,96
2020-06-09,16,96
2020-06-09,17,100
2020-06-09,18,87
2020-06-09,19,57
2020-06-09,20,44
2020-06-09,21,35
2020-06-09,22,21
2020-06-09,23,12
2020-06-10,0,4
2020-06-10,1,0
2020-06-10,2,0
2020-06-10,3,4
2020-06-10,4,4
2020-06-10,5,21
2020-06-10,6,53
2020-06-10,7,97
2020-06-10,8,127
2020-06-10,9,84
2020-06-10,10,96
2020-06-10,11,105
2020-06-10,12,128
2020-06-10,13,114
2020-06-10,14,114
2020-06-10,15,97
2020-06-10,16,88
2020-06-10,17,92
2020-06-10,18,72
2020-06-10,19,48
2020-06-10,20,48
2020-06-10,21,36
2020-06-10,22,26
2020-06-10,23,8
2020-06-11,0,4
2020-06-11,1,0
2020-06-11,2,0
2020-06-11,3,4
2020-06-11,4,8
2020-06-11,5,21
2020-06-11,6,62
2020-06-11,7,104
2020-06-11,8,102
2020-06-11,9,84
2020-06-11,10,92
2020-06-11,11,105
2020-06-11,12,105
2020-06-11,13,105
2020-06-11,14,114
2020-06-11,15,114
2020-06-11,16,106
2020-06-11,17,114
2020-06-11,18,100
2020-06-11,19,67
2020-06-11,20,57
2020-06-11,21,40
2020-06-11,22,31
2020-06-11,23,16
2020-06-12,0,4
2020-06-12,1,0
2020-06-12,2,0
2020-06-12,3,0
2020-06-12,4,8
2020-06-12,5,26
2020-06-12,6,49
2020-06-12,7,105
2020-06-12,8,97
2020-06-12,9,92
2020-06-12,10,97
2020-06-12,11,115
2020-06-12,12,133
2020-06-12,13,128
2020-06-12,14,128
2020-06-12,15,119
2020-06-12,16,119
2020-06-12,17,141
2020-06-12,18,110
2020-06-12,19,84
2020-06-12,20,62
2020-06-12,21,40
2020-06-12,22,36
2020-06-12,23,16
2020-06-13,0,16
2020-06-13,1,4
2020-06-13,2,0
2020-06-13,3,0
2020-06-13,4,8
2020-06-13,5,16
2020-06-13,6,31
2020-06-13,7,61
2020-06-13,8,72
2020-06-13,9,80
2020-06-13,10,80
2020-06-13,11,123
2020-06-13,12,128
2020-06-13,13,154
2020-06-13,14,119
2020-06-13,15,123
2020-06-13,16,117
2020-06-13,17,109
2020-06-13,18,88
2020-06-13,19,72
2020-06-13,20,48
2020-06-13,21,40
2020-06-13,22,36
2020-06-13,23,16
2020-06-14,0,8
2020-06-14,1,6
2020-06-14,2,0
2020-06-14,3,4
2020-06-14,4,4
2020-06-14,5,0
2020-06-14,6,16
2020-06-14,7,31
2020-06-14,8,49
2020-06-14,9,66
2020-06-14,10,52
2020-06-14,11,76
2020-06-14,12,88
2020-06-14,13,96
2020-06-14,14,92
2020-06-14,15,84
2020-06-14,16,106
2020-06-14,17,92
2020-06-14,18,92
2020-06-14,19,57
2020-06-14,20,48
2020-06-14,21,40
2020-06-14,22,26
2020-06-14,23,16
2020-06-15,0,4
2020-06-15,1,0
2020-06-15,2,0
2020-06-15,3,0
2020-06-15,4,12
2020-06-15,5,21
2020-06-15,6,44
2020-06-15,7,114
2020-06-15,8,101
2020-06-15,9,88
2020-06-15,10,84
2020-06-15,11,105
2020-06-15,12,101
2020-06-15,13,110
2020-06-15,14,114
2020-06-15,15,102
2020-06-15,16,97
2020-06-15,17,97
2020-06-15,18,71
2020-06-15,19,52
2020-06-15,20,53
2020-06-15,21,36
2020-06-15,22,26
2020-06-15,23,12
2020-06-16,0,0
2020-06-16,1,0
2020-06-16,2,0
2020-06-16,3,0
2020-06-16,4,8
2020-06-16,5,21
2020-06-16,6,57
2020-06-16,7,120
2020-06-16,8,105
2020-06-16,9,88
2020-06-16,10,93
2020-06-16,11,115
2020-06-16,12,111
2020-06-16,13,97
2020-06-16,14,111
2020-06-16,15,100
2020-06-16,16,96
2020-06-16,17,105
2020-06-16,18,88
2020-06-16,19,62
2020-06-16,20,44
2020-06-16,21,36
2020-06-16,22,16
2020-06-16,23,12
2020-06-17,0,4
2020-06-17,1,0
2020-06-17,2,0
2020-06-17,3,4
2020-06-17,4,8
2020-06-17,5,21
2020-06-17,6,58
2020-06-17,7,105
2020-06-17,8,106
2020-06-17,9,93
2020-06-17,10,100
2020-06-17,11,105
2020-06-17,12,119
2020-06-17,13,101
2020-06-17,14,112
2020-06-17,15,110
2020-06-17,16,97
2020-06-17,17,105
2020-06-17,18,88
2020-06-17,19,62
2020-06-17,20,52
2020-06-17,21,40
2020-06-17,22,25
2020-06-17,23,12
2020-06-18,0,4
2020-06-18,1,0
2020-06-18,2,0
2020-06-18,3,0
2020-06-18,4,12
2020-06-18,5,16
2020-06-18,6,57
2020-06-18,7,124
2020-06-18,8,123
2020-06-18,9,88
2020-06-18,10,109
2020-06-18,11,124
2020-06-18,12,114
2020-06-18,13,119
2020-06-18,14,115
2020-06-18,15,127
2020-06-18,16,101
2020-06-18,17,123
2020-06-18,18,92
2020-06-18,19,84
2020-06-18,20,123
2020-06-18,21,101
2020-06-18,22,35
2020-06-18,23,16
2020-06-19,0,8
2020-06-19,1,0
2020-06-19,2,0
2020-06-19,3,0
2020-06-19,4,4
2020-06-19,5,16
2020-06-19,6,58
2020-06-19,7,118
2020-06-19,8,119
2020-06-19,9,114
2020-06-19,10,119
2020-06-19,11,138
2020-06-19,12,140
2020-06-19,13,129
2020-06-19,14,136
2020-06-19,15,123
2020-06-19,16,119
2020-06-19,17,137
2020-06-19,18,101
2020-06-19,19,75
2020-06-19,20,57
2020-06-19,21,49
2020-06-19,22,36
2020-06-19,23,21
2020-06-20,0,12
2020-06-20,1,0
2020-06-20,2,0
2020-06-20,3,0
2020-06-20,4,8
2020-06-20,5,16
2020-06-20,6,36
2020-06-20,7,66
2020-06-20,8,67
2020-06-20,9,80
2020-06-20,10,96
2020-06-20,11,129
2020-06-20,12,146
2020-06-20,13,149
2020-06-20,14,119
2020-06-20,15,127
2020-06-20,16,105
2020-06-20,17,119
2020-06-20,18,100
2020-06-20,19,88
2020-06-20,20,62
2020-06-20,21,44
2020-06-20,22,36
2020-06-20,23,21
2020-06-21,0,16
2020-06-21,1,12
2020-06-21,2,4
2020-06-21,3,0
2020-06-21,4,0
2020-06-21,5,4
2020-06-21,6,16
2020-06-21,7,31
2020-06-21,8,57
2020-06-21,9,62
2020-06-21,10,57
2020-06-21,11,84
2020-06-21,12,92
2020-06-21,13,105
2020-06-21,14,110
2020-06-21,15,96
2020-06-21,16,92
2020-06-21,17,92
2020-06-21,18,88
2020-06-21,19,57
2020-06-21,20,57
2020-06-21,21,40
2020-06-21,22,26
2020-06-21,23,16
2020-06-22,0,4
2020-06-22,1,0
2020-06-22,2,0
2020-06-22,3,0
2020-06-22,4,8
2020-06-22,5,21
2020-06-22,6,57
2020-06-22,7,132
2020-06-22,8,105
2020-06-22,9,92
2020-06-22,10,100
2020-06-22,11,114
2020-06-22,12,115
2020-06-22,13,115
2020-06-22,14,123
2020-06-22,15,115
2020-06-22,16,97
2020-06-22,17,88
2020-06-22,18,80
2020-06-22,19,62
2020-06-22,20,44
2020-06-22,21,31
2020-06-22,22,21
2020-06-22,23,8
2020-06-23,0,4
2020-06-23,1,0
2020-06-23,2,0
2020-06-23,3,4
2020-06-23,4,8
2020-06-23,5,24
2020-06-23,6,70
2020-06-23,7,115
2020-06-23,8,101
2020-06-23,9,96
2020-06-23,10,110
2020-06-23,11,110
2020-06-23,12,128
2020-06-23,13,119
2020-06-23,14,123
2020-06-23,15,100
2020-06-23,16,115
2020-06-23,17,109
2020-06-23,18,85
2020-06-23,19,66
2020-06-23,20,48
2020-06-23,21,40
2020-06-23,22,16
2020-06-23,23,12
2020-06-24,0,0
2020-06-24,1,0
2020-06-24,2,0
2020-06-24,3,4
2020-06-24,4,8
2020-06-24,5,26
2020-06-24,6,70
2020-06-24,7,101
2020-06-24,8,110
2020-06-24,9,97
2020-06-24,10,114
2020-06-24,11,118
2020-06-24,12,119
2020-06-24,13,105
2020-06-24,14,98
2020-06-24,15,105
2020-06-24,16,109
2020-06-24,17,105
2020-06-24,18,84
2020-06-24,19,67
2020-06-24,20,57
2020-06-24,21,52
2020-06-25,9,96
2020-06-25,10,101
2020-06-25,11,109
2020-06-25,12,107
2020-06-25,13,110
2020-06-25,14,100
2020-06-25,15,114
2020-06-25,16,106
2020-06-25,17,109
2020-06-25,18,96
2020-06-25,19,71
2020-06-25,20,49
2020-06-25,21,44
2020-06-25,22,31
2020-06-25,23,21
2020-06-26,0,8
2020-06-26,1,0
2020-06-26,2,0
2020-06-26,3,4
2020-06-26,4,8
2020-06-26,5,21
2020-06-26,6,54
2020-06-26,7,110
2020-06-26,8,97
2020-06-26,9,100
2020-06-26,10,123
2020-06-26,11,123
2020-06-26,12,132
2020-06-26,13,129
2020-06-26,14,136
2020-06-26,15,127
2020-06-26,16,128
2020-06-26,17,145
2020-06-26,18,119
2020-06-26,19,88
2020-06-26,20,72
2020-06-26,21,53
2020-06-26,22,40
2020-06-26,23,21
2020-06-27,0,16
2020-06-27,1,0
2020-06-27,2,8
2020-06-27,3,0
2020-06-27,4,4
2020-06-27,5,16
2020-06-27,6,36
2020-06-27,7,57
2020-06-27,8,67
2020-06-27,9,75
2020-06-27,10,84
2020-06-27,11,132
2020-06-27,12,131
2020-06-27,13,145
2020-06-27,14,119
2020-06-27,15,136
2020-06-27,16,122
2020-06-27,17,115
2020-06-27,18,100
2020-06-27,19,85
2020-06-27,20,57
2020-06-27,21,44
2020-06-27,22,40
2020-06-27,23,16
2020-06-28,0,16
2020-06-28,1,16
2020-06-28,2,4
2020-06-28,3,0
2020-06-28,4,4
2020-06-28,5,4
2020-06-28,6,16
2020-06-28,7,31
2020-06-28,8,45
2020-06-28,9,62
2020-06-28,10,80
2020-06-28,11,80
2020-06-28,12,92
2020-06-28,13,106
2020-06-28,14,92
2020-06-28,15,92
2020-06-28,16,101
2020-06-28,17,92
2020-06-28,18,80
2020-06-28,19,48
2020-06-28,20,44
2020-06-28,21,32
2020-06-28,22,21
2020-06-28,23,17
2020-06-29,0,4
2020-06-29,1,0
2020-06-29,2,0
2020-06-29,3,0
2020-06-29,4,8
2020-06-29,5,21
2020-06-29,6,58
2020-06-29,7,127
2020-06-29,8,123
2020-06-29,9,102
2020-06-29,10,105
2020-06-29,11,118
2020-06-29,12,123
2020-06-29,13,128
2020-06-29,14,123
2020-06-29,15,115
2020-06-29,16,123
2020-06-29,17,104
2020-06-29,18,76
2020-06-29,19,58
2020-06-29,20,44
2020-06-29,21,36
2020-06-29,22,21
2020-06-29,23,16
2020-06-30,0,8
2020-06-30,1,0
2020-06-30,2,4
2020-06-30,3,8
2020-06-30,4,17
2020-06-30,5,35
2020-06-30,6,70
2020-06-30,7,136
2020-06-30,8,116
2020-06-30,9,115
2020-06-30,10,127
2020-06-30,11,118
2020-06-30,12,146
2020-06-30,13,124
2020-06-30,14,128
2020-06-30,15,113
2020-06-30,16,128
2020-06-30,17,127
2020-06-30,18,97
2020-06-30,19,76
2020-06-30,20,48
2020-06-30,21,40
2020-06-30,22,21
2020-06-30,23,16
2020-07-01,0,4
2020-07-01,1,0
2020-07-01,2,0
2020-07-01,3,0
2020-07-01,4,16
2020-07-01,5,26
2020-07-01,6,70
2020-07-01,7,120
2020-07-01,8,122
2020-07-01,9,105
2020-07-01,10,119
2020-07-01,11,123
2020-07-01,12,128
2020-07-01,13,136
2020-07-01,14,133
2020-07-01,15,124
2020-07-01,16,128
2020-07-01,17,124
2020-07-01,18,79
2020-07-01,19,67
2020-07-01,20,52
2020-07-01,21,40
2020-07-01,22,22
2020-07-01,23,12
2020-07-02,0,0
2020-07-02,1,0
2020-07-02,2,4
2020-07-02,3,0
2020-07-02,4,12
2020-07-02,5,26
2020-07-02,6,58
2020-07-02,7,120
2020-07-02,8,119
2020-07-02,9,92
2020-07-02,10,114
2020-07-02,11,110
2020-07-02,12,124
2020-07-02,13,137
2020-07-02,14,128
2020-07-02,15,150
2020-07-02,16,119
2020-07-02,17,133
2020-07-02,18,101
2020-07-02,19,67
2020-07-02,20,48
2020-07-02,21,44
2020-07-02,22,31
2020-07-02,23,16
2020-07-03,0,8
2020-07-03,1,0
2020-07-03,2,0
2020-07-03,3,4
2020-07-03,4,8
2020-07-03,5,26
2020-07-03,6,66
2020-07-03,7,132
2020-07-03,8,118
2020-07-03,9,123
2020-07-03,10,128
2020-07-03,11,137
2020-07-03,12,163
2020-07-03,13,137
2020-07-03,14,163
2020-07-03,15,150
2020-07-03,16,146
2020-07-03,17,159
2020-07-03,18,115
2020-07-03,19,92
2020-07-03,20,71
2020-07-03,21,53
2020-07-03,22,40
2020-07-03,23,35
2020-07-04,0,16
2020-07-04,1,12
2020-07-04,2,0
2020-07-04,3,0
2020-07-04,4,12
2020-07-04,5,12
2020-07-04,6,36
2020-07-04,7,70
2020-07-04,8,76
2020-07-04,9,102
2020-07-04,10,103
2020-07-04,11,150
2020-07-04,12,155
2020-07-04,13,168
2020-07-04,14,140
2020-07-04,15,141
2020-07-04,16,141
2020-07-04,17,119
2020-07-04,18,106
2020-07-04,19,84
2020-07-04,20,53
2020-07-04,21,40
2020-07-04,22,36
2020-07-04,23,22
2020-07-05,0,16
2020-07-05,1,16
2020-07-05,2,4
2020-07-05,3,8
2020-07-05,4,8
2020-07-05,5,8
2020-07-05,6,21
2020-07-05,7,31
2020-07-05,8,53
2020-07-05,9,62
2020-07-05,10,72
2020-07-05,11,88
2020-07-05,12,101
2020-07-05,13,101
2020-07-05,14,106
2020-07-05,15,97
2020-07-05,16,96
2020-07-05,17,92
2020-07-05,18,88
2020-07-05,19,58
2020-07-05,20,44
2020-07-05,21,40
2020-07-05,22,25
2020-07-05,23,12
2020-07-06,0,8
2020-07-06,1,0
2020-07-06,2,0
2020-07-06,3,0
2020-07-06,4,8
2020-07-06,5,21
2020-07-06,6,58
2020-07-06,7,141
2020-07-06,8,109
2020-07-06,9,105
2020-07-06,10,119
2020-07-06,11,119
2020-07-06,12,137
2020-07-06,13,141
2020-07-06,14,145
2020-07-06,15,119
2020-07-06,16,123
2020-07-06,17,114
2020-07-06,18,71
2020-07-06,19,71
2020-07-06,20,53
2020-07-06,21,27
2020-07-06,22,16
2020-07-06,23,16
2020-07-07,0,0
2020-07-07,1,0
2020-07-07,2,0
2020-07-07,3,0
2020-07-07,4,4
2020-07-07,5,31
2020-07-07,6,66
2020-07-07,7,120
2020-07-07,8,132
2020-07-07,9,113
2020-07-07,10,122
2020-07-07,11,123
2020-07-07,12,132
2020-07-07,13,128
2020-07-07,14,137
2020-07-07,15,118
2020-07-07,16,127
2020-07-07,17,118
2020-07-07,18,101
2020-07-07,19,68
2020-07-07,20,48
2020-07-07,21,36
2020-07-07,22,21
2020-07-07,23,8
2020-07-08,0,0
2020-07-08,1,0
2020-07-08,2,0
2020-07-08,3,0
2020-07-08,4,8
2020-07-08,5,21
2020-07-08,6,62
2020-07-08,7,119
2020-07-08,8,127
2020-07-08,9,119
2020-07-08,10,131
2020-07-08,11,132
2020-07-08,12,149
2020-07-08,13,145
2020-07-08,14,129
2020-07-08,15,141
2020-07-08,16,141
2020-07-08,17,132
2020-07-08,18,92
2020-07-08,19,67
2020-07-08,20,52
2020-07-08,21,44
2020-07-08,22,31
2020-07-08,23,12
2020-07-09,0,0
2020-07-09,1,0
2020-07-09,2,0
2020-07-09,3,4
2020-07-09,4,16
2020-07-09,5,21
2020-07-09,6,70
2020-07-09,7,132
2020-07-09,8,137
2020-07-09,9,114
2020-07-09,10,115
2020-07-09,11,128
2020-07-09,12,132
2020-07-09,13,150
2020-07-09,14,137
2020-07-09,15,159
2020-07-09,16,137
2020-07-09,17,145
2020-07-09,18,109
2020-07-09,19,71
2020-07-09,20,67
2020-07-09,21,48
2020-07-09,22,31
2020-07-09,23,16
2020-07-10,0,8
2020-07-10,1,0
2020-07-10,2,0
2020-07-10,3,0
2020-07-10,4,8
2020-07-10,5,26
2020-07-10,6,62
2020-07-10,7,131
2020-07-10,8,132
2020-07-10,9,141
2020-07-10,10,146
2020-07-10,11,154
2020-07-10,12,159
2020-07-10,13,141
2020-07-10,14,172
2020-07-10,15,155
2020-07-10,16,150
2020-07-10,17,154
2020-07-10,18,119
2020-07-10,19,100
2020-07-10,20,80
2020-07-10,21,57
2020-07-10,22,44
2020-07-10,23,26
2020-07-11,0,16
2020-07-11,1,8
2020-07-11,2,16
2020-07-11,3,0
2020-07-11,4,4
2020-07-11,5,16
2020-07-11,6,26
2020-07-11,7,65
2020-07-11,8,80
2020-07-11,9,104
2020-07-11,10,112
2020-07-11,11,150
2020-07-11,12,146
2020-07-11,13,163
2020-07-11,14,132
2020-07-11,15,146
2020-07-11,16,137
2020-07-11,17,133
2020-07-11,18,120
2020-07-11,19,88
2020-07-11,20,59
2020-07-11,21,54
2020-07-11,22,56
2020-07-11,23,21
2020-07-12,0,16
2020-07-12,1,16
2020-07-12,2,12
2020-07-12,3,4
2020-07-12,4,4
2020-07-12,5,8
2020-07-12,6,21
2020-07-12,7,26
2020-07-12,8,40
2020-07-12,9,66
2020-07-12,10,84
2020-07-12,11,101
2020-07-12,12,101
2020-07-12,13,101
2020-07-12,14,96
2020-07-12,15,96
2020-07-12,16,124
2020-07-12,17,111
2020-07-12,18,115
2020-07-12,19,75
2020-07-12,20,76
2020-07-12,21,49
2020-07-12,22,31
2020-07-12,23,26
2020-07-13,0,8
2020-07-13,1,8
2020-07-13,2,0
2020-07-13,3,0
2020-07-13,4,8
2020-07-13,5,21
2020-07-13,6,58
2020-07-13,7,138
2020-07-13,8,120
2020-07-13,9,109
2020-07-13,10,123
2020-07-13,11,124
2020-07-13,12,132
2020-07-13,13,145
2020-07-13,14,136
2020-07-13,15,128
2020-07-13,16,132
2020-07-13,17,118
2020-07-13,18,88
2020-07-13,19,67
2020-07-13,20,49
2020-07-13,21,40
2020-07-13,22,21
2020-07-13,23,16
2020-07-14,0,0
2020-07-14,1,0
2020-07-14,2,0
2020-07-14,3,0
2020-07-14,4,12
2020-07-14,5,26
2020-07-14,6,71
2020-07-14,7,136
2020-07-14,8,124
2020-07-14,9,115
2020-07-14,10,132
2020-07-14,11,127
2020-07-14,12,141
2020-07-14,13,133
2020-07-14,14,138
2020-07-14,15,123
2020-07-14,16,128
2020-07-14,17,141
2020-07-14,18,97
2020-07-14,19,72
2020-07-14,20,48
2020-07-14,21,40
2020-07-14,22,26
2020-07-14,23,16
2020-07-15,0,4
2020-07-15,1,0
2020-07-15,2,0
2020-07-15,3,0
2020-07-15,4,8
2020-07-15,5,26
2020-07-15,6,83
2020-07-15,7,145
2020-07-15,8,158
2020-07-15,9,137
2020-07-15,10,164
2020-07-15,11,155
2020-07-15,12,176
2020-07-15,13,110
2020-07-15,14,138
2020-07-15,15,133
2020-07-15,16,129
2020-07-15,17,141
2020-07-15,18,110
2020-07-15,19,80
2020-07-15,20,52
2020-07-15,21,44
2020-07-15,22,40
2020-07-15,23,12
2020-07-16,0,8
2020-07-16,1,0
2020-07-16,2,0
2020-07-16,3,0
2020-07-16,4,12
2020-07-16,5,21
2020-07-16,6,74
2020-07-16,7,137
2020-07-16,8,163
2020-07-16,9,123
2020-07-16,10,132
2020-07-16,11,150
2020-07-16,12,147
2020-07-16,13,164
2020-07-16,14,149
2020-07-16,15,150
2020-07-16,16,138
2020-07-16,17,151
2020-07-16,18,123
2020-07-16,19,79
2020-07-16,20,61
2020-07-16,21,52
2020-07-16,22,40
2020-07-16,23,26
2020-07-17,0,8
2020-07-17,1,4
2020-07-17,2,0
2020-07-17,3,0
2020-07-17,4,12
2020-07-17,5,26
2020-07-17,6,70
2020-07-17,7,132
2020-07-17,8,141
2020-07-17,9,149
2020-07-17,10,163
2020-07-17,11,163
2020-07-17,12,168
2020-07-17,13,168
2020-07-17,14,181
2020-07-17,15,172
2020-07-17,16,163
2020-07-17,17,167
2020-07-17,18,128
2020-07-17,19,105
2020-07-17,20,80
2020-07-17,21,62
2020-07-17,22,53
2020-07-17,23,36
2020-07-18,0,21
2020-07-18,1,12
2020-07-18,2,8
2020-07-18,3,4
2020-07-18,4,8
2020-07-18,5,12
2020-07-18,6,36
2020-07-18,7,65
2020-07-18,8,88
2020-07-18,9,110
2020-07-18,10,124
2020-07-18,11,163
2020-07-18,12,163
2020-07-18,13,202
2020-07-18,14,160
2020-07-18,15,158
2020-07-18,16,137
2020-07-18,17,128
2020-07-18,18,119
2020-07-18,19,96
2020-07-18,20,66
2020-07-18,21,58
2020-07-18,22,48
2020-07-18,23,35
2020-07-19,0,26
2020-07-19,1,16
2020-07-19,2,8
2020-07-19,3,4
2020-07-19,4,4
2020-07-19,5,0
2020-07-19,6,16
2020-07-19,7,31
2020-07-19,8,45
2020-07-19,9,89
2020-07-19,10,88
2020-07-19,11,118
2020-07-19,12,118
2020-07-19,13,119
2020-07-19,14,142
2020-07-19,15,110
2020-07-19,16,124
2020-07-19,17,114
2020-07-19,18,106
2020-07-19,19,67
2020-07-19,20,52
2020-07-19,21,48
2020-07-19,22,36
2020-07-19,23,16
2020-07-20,0,8
2020-07-20,1,0
2020-07-20,2,0
2020-07-20,3,0
2020-07-20,4,8
2020-07-20,5,26
2020-07-20,6,62
2020-07-20,7,114
2020-07-20,8,114
2020-07-20,9,96
2020-07-20,10,106
2020-07-20,11,123
2020-07-20,12,133
2020-07-20,13,128
2020-07-20,14,132
2020-07-20,15,114
2020-07-20,16,122
2020-07-20,17,136
2020-07-20,18,97
2020-07-20,19,76
2020-07-20,20,61
2020-07-20,21,40
2020-07-20,22,16
2020-07-20,23,21
2020-07-21,0,4
2020-07-21,1,4
2020-07-21,2,4
2020-07-21,3,0
2020-07-21,4,12
2020-07-21,5,26
2020-07-21,6,75
2020-07-21,7,132
2020-07-21,8,129
2020-07-21,9,128
2020-07-21,10,124
2020-07-21,11,138
2020-07-21,12,132
2020-07-21,13,124
2020-07-21,14,136
2020-07-21,15,132
2020-07-21,16,150
2020-07-21,17,142
2020-07-21,18,114
2020-07-21,19,76
2020-07-21,20,66
2020-07-21,21,40
2020-07-21,22,31
2020-07-21,23,12
2020-07-22,0,4
2020-07-22,1,0
2020-07-22,2,0
2020-07-22,3,0
2020-07-22,4,12
2020-07-22,5,26
2020-07-22,6,71
2020-07-22,7,132
2020-07-22,8,145
2020-07-22,9,119
2020-07-22,10,154
2020-07-22,11,141
2020-07-22,12,150
2020-07-22,13,141
2020-07-22,14,125
2020-07-22,15,119
2020-07-22,16,132
2020-07-22,17,146
2020-07-22,18,96
2020-07-22,19,76
2020-07-22,20,52
2020-07-22,21,40
2020-07-22,22,30
2020-07-22,23,16
2020-07-23,0,4
2020-07-23,1,0
2020-07-23,2,0
2020-07-23,3,0
2020-07-23,4,12
2020-07-23,5,26
2020-07-23,6,66
2020-07-23,7,141
2020-07-23,8,141
2020-07-23,9,128
2020-07-23,10,128
2020-07-23,11,159
2020-07-23,12,146
2020-07-23,13,141
2020-07-23,14,141
2020-07-23,15,163
2020-07-23,16,141
2020-07-23,17,146
2020-07-23,18,114
2020-07-23,19,88
2020-07-23,20,62
2020-07-23,21,52
2020-07-23,22,40
2020-07-23,23,21
2020-07-24,0,12
2020-07-24,1,0
2020-07-24,2,0
2020-07-24,3,0
2020-07-24,4,12
2020-07-24,5,26
2020-07-24,6,66
2020-07-24,7,149
2020-07-24,8,137
2020-07-24,9,141
2020-07-24,10,146
2020-07-24,11,164
2020-07-24,12,171
2020-07-24,13,150
2020-07-24,14,159
2020-07-24,15,151
2020-07-24,16,154
2020-07-24,17,180
2020-07-24,18,137
2020-07-24,19,115
2020-07-24,20,88
2020-07-24,21,58
2020-07-24,22,52
2020-07-24,23,36
2020-07-25,0,16
2020-07-25,1,16
2020-07-25,2,8
2020-07-25,3,4
2020-07-25,4,12
2020-07-25,5,16
2020-07-25,6,36
2020-07-25,7,61
2020-07-25,8,92
2020-07-25,9,105
2020-07-25,10,116
2020-07-25,11,164
2020-07-25,12,176
2020-07-25,13,193
2020-07-25,14,155
2020-07-25,15,167
2020-07-25,16,137
2020-07-25,17,141
2020-07-25,18,128
2020-07-25,19,92
2020-07-25,20,75
2020-07-25,21,58
2020-07-25,22,53
2020-07-25,23,32
2020-07-26,0,26
2020-07-26,1,16
2020-07-26,2,12
2020-07-26,3,4
2020-07-26,4,4
2020-07-26,5,4
2020-07-26,6,16
2020-07-26,7,31
2020-07-26,8,53
2020-07-26,9,84
2020-07-26,10,96
2020-07-26,11,105
2020-07-26,12,119
2020-07-26,13,113
2020-07-26,14,119
2020-07-26,15,96
2020-07-26,16,114
2020-07-26,17,118
2020-07-26,18,96
2020-07-26,19,71
2020-07-26,20,53
2020-07-26,21,40
2020-07-26,22,35
2020-07-26,23,25
2020-07-27,0,12
2020-07-27,1,0
2020-07-27,2,0
2020-07-27,3,0
2020-07-27,4,12
2020-07-27,5,31
2020-07-27,6,62
2020-07-27,7,180
2020-07-27,8,124
2020-07-27,9,114
2020-07-27,10,128
2020-07-27,11,137
2020-07-27,12,137
2020-07-27,13,137
2020-07-27,14,141
2020-07-27,15,127
2020-07-27,16,133
2020-07-27,17,114
2020-07-27,18,92
2020-07-27,19,67
2020-07-27,20,52
2020-07-27,21,40
2020-07-27,22,16
2020-07-27,23,16
2020-07-28,0,0
2020-07-28,1,0
2020-07-28,2,0
2020-07-28,3,0
2020-07-28,4,13
2020-07-28,5,30
2020-07-28,6,74
2020-07-28,7,132
2020-07-28,8,128
2020-07-28,9,128
2020-07-28,10,132
2020-07-28,11,128
2020-07-28,12,136
2020-07-28,13,124
2020-07-28,14,134
2020-07-28,15,123
2020-07-28,16,149
2020-07-28,17,153
2020-07-28,18,106
2020-07-28,19,76
2020-07-28,20,61
2020-07-28,21,44
2020-07-28,22,21
2020-07-28,23,12
2020-07-29,0,4
2020-07-29,1,0
2020-07-29,2,0
2020-07-29,3,0
2020-07-29,4,8
2020-07-29,5,26
2020-07-29,6,79
2020-07-29,7,141
2020-07-29,8,158
2020-07-29,9,115
2020-07-29,10,136
2020-07-29,11,136
2020-07-29,12,159
2020-07-29,13,127
2020-07-29,14,123
2020-07-29,15,133
2020-07-29,16,137
2020-07-29,17,140
2020-07-29,18,101
2020-07-29,19,84
2020-07-29,20,62
2020-07-29,21,48
2020-07-29,22,31
2020-07-29,23,16
2020-07-30,0,4
2020-07-30,1,0
2020-07-30,2,0
2020-07-30,3,0
2020-07-30,4,12
2020-07-30,5,26
2020-07-30,6,66
2020-07-30,7,136
2020-07-30,8,154
2020-07-30,9,115
2020-07-30,10,124
2020-07-30,11,137
2020-07-30,12,151
2020-07-30,13,151
2020-07-30,14,142
2020-07-30,15,171
2020-07-30,16,150
2020-07-30,17,146
2020-07-30,18,115
2020-07-30,19,84
2020-07-30,20,53
2020-07-30,21,48
2020-07-30,22,40
2020-07-30,23,16
2020-07-31,0,12
2020-07-31,1,0
2020-07-31,2,0
2020-07-31,3,5
2020-07-31,4,8
2020-07-31,5,26
2020-07-31,6,62
2020-07-31,7,141
2020-07-31,8,141
2020-07-31,9,141
2020-07-31,10,137
2020-07-31,11,155
2020-07-31,12,146
2020-07-31,13,118
2020-07-31,14,150
2020-07-31,15,128
2020-07-31,16,141
2020-07-31,17,158
2020-07-31,18,138
2020-07-31,19,123
2020-07-31,20,96
2020-07-31,21,66
2020-07-31,22,57
2020-07-31,23,31
2020-08-01,0,21
2020-08-01,1,16
2020-08-01,2,8
2020-08-01,3,4
2020-08-01,4,12
2020-08-01,5,16
2020-08-01,6,31
2020-08-01,7,57
2020-08-01,8,76
2020-08-01,9,105
2020-08-01,10,116
2020-08-01,11,154
2020-08-01,12,137
2020-08-01,13,154
2020-08-01,14,145
2020-08-01,15,137
2020-08-01,16,128
2020-08-01,17,132
2020-08-01,18,100
2020-08-01,19,100
2020-08-01,20,71
2020-08-01,21,62
2020-08-01,22,67
2020-08-01,23,36
2020-08-02,0,27
2020-08-02,1,16
2020-08-02,2,12
2020-08-02,3,8
2020-08-02,4,4
2020-08-02,5,4
2020-08-02,6,16
2020-08-02,7,31
2020-08-02,8,49
2020-08-02,9,88
2020-08-02,10,92
2020-08-02,11,114
2020-08-02,12,119
2020-08-02,13,132
2020-08-02,14,119
2020-08-02,15,101
2020-08-02,16,115
2020-08-02,17,105
2020-08-02,18,96
2020-08-02,19,67
2020-08-02,20,57
2020-08-02,21,44
2020-08-02,22,21
2020-08-02,23,16
2020-08-03,0,16
2020-08-03,1,0
2020-08-03,2,0
2020-08-03,3,4
2020-08-03,4,8
2020-08-03,5,21
2020-08-03,6,62
2020-08-03,7,123
2020-08-03,8,133
2020-08-03,9,114
2020-08-03,10,119
2020-08-03,11,133
2020-08-03,12,128
2020-08-03,13,124
2020-08-03,14,137
2020-08-03,15,119
2020-08-03,16,131
2020-08-03,17,124
2020-08-03,18,97
2020-08-03,19,71
2020-08-03,20,62
2020-08-03,21,45
2020-08-03,22,26
2020-08-03,23,16
2020-08-04,0,8
2020-08-04,1,0
2020-08-04,2,0
2020-08-04,3,4
2020-08-04,4,4
2020-08-04,5,21
2020-08-04,6,66
2020-08-04,7,136
2020-08-04,8,129
2020-08-04,9,116
2020-08-04,10,124
2020-08-04,11,124
2020-08-04,12,137
2020-08-04,13,119
2020-08-04,14,106
2020-08-04,15,124
2020-08-04,16,145
2020-08-04,17,141
2020-08-04,18,105
2020-08-04,19,76
2020-08-04,20,48
2020-08-04,21,44
2020-08-04,22,21
2020-08-04,23,12
2020-08-05,0,0
2020-08-05,1,0
2020-08-05,2,0
2020-08-05,3,4
2020-08-05,4,12
2020-08-05,5,26
2020-08-05,6,66
2020-08-05,7,146
2020-08-05,8,141
2020-08-05,9,123
2020-08-05,10,140
2020-08-05,11,154
2020-08-05,12,118
2020-08-05,13,132
2020-08-05,14,141
2020-08-05,15,132
2020-08-05,16,125
2020-08-05,17,136
2020-08-05,18,100
2020-08-05,19,75
2020-08-05,20,62
2020-08-05,21,48
2020-08-05,22,35
2020-08-05,23,21
2020-08-06,0,8
2020-08-06,1,0
2020-08-06,2,0
2020-08-06,3,0
2020-08-06,4,16
2020-08-06,5,31
2020-08-06,6,66
2020-08-06,7,136
2020-08-06,8,150
2020-08-06,9,128
2020-08-06,10,118
2020-08-06,11,128
2020-08-06,12,132
2020-08-06,13,132
2020-08-06,14,120
2020-08-06,15,132
2020-08-06,16,133
2020-08-06,17,129
2020-08-06,18,115
2020-08-06,19,80
2020-08-06,20,62
2020-08-06,21,52
2020-08-06,22,36
2020-08-06,23,21
2020-08-07,0,12
2020-08-07,1,0
2020-08-07,2,0
2020-08-07,3,8
2020-08-07,4,16
2020-08-07,5,31
2020-08-07,6,75
2020-08-07,7,146
2020-08-07,8,146
2020-08-07,9,154
2020-08-07,10,128
2020-08-07,11,154
2020-08-07,12,151
2020-08-07,13,151
2020-08-07,14,159
2020-08-07,15,153
2020-08-07,16,151
2020-08-07,17,179
2020-08-07,18,133
2020-08-07,19,109
2020-08-07,20,92
2020-08-07,21,75
2020-08-07,22,67
2020-08-07,23,44
2020-08-08,0,21
2020-08-08,1,16
2020-08-08,2,12
2020-08-08,3,12
2020-08-08,4,4
2020-08-08,5,16
2020-08-08,6,36
2020-08-08,7,61
2020-08-08,8,92
2020-08-08,9,110
2020-08-08,10,124
2020-08-08,11,168
2020-08-08,12,155
2020-08-08,13,176
2020-08-08,14,124
2020-08-08,15,123
2020-08-08,16,132
2020-08-08,17,122
2020-08-08,18,106
2020-08-08,19,96
2020-08-08,20,76
2020-08-08,21,63
2020-08-08,22,62
2020-08-08,23,35
2020-08-09,0,26
2020-08-09,1,16
2020-08-09,2,16
2020-08-09,3,8
2020-08-09,4,4
2020-08-09,5,4
2020-08-09,6,16
2020-08-09,7,31
2020-08-09,8,49
2020-08-09,9,84
2020-08-09,10,96
2020-08-09,11,118
2020-08-09,12,115
2020-08-09,13,110
2020-08-09,14,109
2020-08-09,15,92
2020-08-09,16,109
2020-08-09,17,110
2020-08-09,18,115
2020-08-09,19,73
2020-08-09,20,63
2020-08-09,21,48
2020-08-09,22,30
2020-08-09,23,21
2020-08-10,0,8
2020-08-10,1,4
2020-08-10,2,4
2020-08-10,3,4
2020-08-10,4,12
2020-08-10,5,26
2020-08-10,6,62
2020-08-10,7,155
2020-08-10,8,141
2020-08-10,9,118
2020-08-10,10,115
2020-08-10,11,128
2020-08-10,12,123
2020-08-10,13,138
2020-08-10,14,141
2020-08-10,15,141
2020-08-10,16,137
2020-08-10,17,136
2020-08-10,18,105
2020-08-10,19,84
2020-08-10,20,61
2020-08-10,21,44
2020-08-10,22,26
2020-08-10,23,16
2020-08-11,0,8
2020-08-11,1,0
2020-08-11,2,0
2020-08-11,3,4
2020-08-11,4,12
2020-08-11,5,40
2020-08-11,6,88
2020-08-11,7,155
2020-08-11,8,150
2020-08-11,9,119
2020-08-11,10,132
2020-08-11,11,129
2020-08-11,12,149
2020-08-11,13,127
2020-08-11,14,133
2020-08-11,15,133
2020-08-11,16,136
2020-08-11,17,145
2020-08-11,18,111
2020-08-11,19,96
2020-08-11,20,67
2020-08-11,21,56
2020-08-11,22,31
2020-08-11,23,21
2020-08-12,0,4
2020-08-12,1,0
2020-08-12,2,0
2020-08-12,3,4
2020-08-12,4,12
2020-08-12,5,31
2020-08-12,6,79
2020-08-12,7,167
2020-08-12,8,184
2020-08-12,9,142
2020-08-12,10,150
2020-08-12,11,145
2020-08-12,12,154
2020-08-12,13,123
2020-08-12,14,110
2020-08-12,15,110
2020-08-12,16,133
2020-08-12,17,141
2020-08-12,18,120
2020-08-12,19,84
2020-08-12,20,74
2020-08-12,21,48
2020-08-12,22,35
2020-08-12,23,21
2020-08-13,0,8
2020-08-13,1,0
2020-08-13,2,0
2020-08-13,3,0
2020-08-13,4,12
2020-08-13,5,26
2020-08-13,6,70
2020-08-13,7,155
2020-08-13,8,177
2020-08-13,9,137
2020-08-13,10,128
2020-08-13,11,146
2020-08-13,12,128
2020-08-13,13,141
2020-08-13,14,124
2020-08-13,15,141
2020-08-13,16,119
2020-08-13,17,133
2020-08-13,18,118
2020-08-13,19,88
2020-08-13,20,62
2020-08-13,21,53
2020-08-13,22,35
2020-08-13,23,21
2020-08-14,0,8
2020-08-14,1,0
2020-08-14,2,0
2020-08-14,3,8
2020-08-14,4,12
2020-08-14,5,44
2020-08-14,6,75
2020-08-14,7,163
2020-08-14,8,163
2020-08-14,9,171
2020-08-14,10,163
2020-08-14,11,163
2020-08-14,12,163
2020-08-14,13,147
2020-08-14,14,167
2020-08-14,15,154
2020-08-14,16,163
2020-08-14,17,164
2020-08-14,18,124
2020-08-14,19,106
2020-08-14,20,96
2020-08-14,21,70
2020-08-14,22,63
2020-08-14,23,49
2020-08-15,0,21
2020-08-15,1,12
2020-08-15,2,4
2020-08-15,3,4
2020-08-15,4,8
2020-08-15,5,12
2020-08-15,6,36
2020-08-15,7,70
2020-08-15,8,80
2020-08-15,9,115
2020-08-15,10,116
2020-08-15,11,158
2020-08-15,12,159
2020-08-15,13,176
2020-08-15,14,146
2020-08-15,15,141
2020-08-15,16,122
2020-08-15,17,128
2020-08-15,18,128
2020-08-15,19,96
2020-08-15,20,72
2020-08-15,21,71
2020-08-15,22,56
2020-08-15,23,31
2020-08-16,0,26
2020-08-16,1,21
2020-08-16,2,8
2020-08-16,3,16
2020-08-16,4,4
2020-08-16,5,12
2020-08-16,6,16
2020-08-16,7,31
2020-08-16,8,57
2020-08-16,9,84
2020-08-16,10,96
2020-08-16,11,110
2020-08-16,12,123
2020-08-16,13,124
2020-08-16,14,127
2020-08-16,15,111
2020-08-16,16,119
2020-08-16,17,101
2020-08-16,18,105
2020-08-16,19,71
2020-08-16,20,63
2020-08-16,21,40
2020-08-16,22,30
2020-08-16,23,26
2020-08-17,0,8
2020-08-17,1,12
2020-08-17,2,4
2020-08-17,3,0
2020-08-17,4,12
2020-08-17,5,26
2020-08-17,6,62
2020-08-17,7,163
2020-08-17,8,168
2020-08-17,9,133
2020-08-17,10,128
2020-08-17,11,133
2020-08-17,12,132
2020-08-17,13,133
2020-08-17,14,127
2020-08-17,15,133
2020-08-17,16,128
2020-08-17,17,119
2020-08-17,18,80
2020-08-17,19,75
2020-08-17,20,66
2020-08-17,21,40
2020-08-17,22,21
2020-08-17,23,12
2020-08-18,0,8
2020-08-18,1,0
2020-08-18,2,0
2020-08-18,3,4
2020-08-18,4,4
2020-08-18,5,36
2020-08-18,6,75
2020-08-18,7,159
2020-08-18,8,172
2020-08-18,9,132
2020-08-18,10,132
2020-08-18,11,132
2020-08-18,12,123
2020-08-18,13,114
2020-08-18,14,136
2020-08-18,15,123
2020-08-18,16,136
2020-08-18,17,146
2020-08-18,18,101
2020-08-18,19,72
2020-08-18,20,62
2020-08-18,21,49
2020-08-18,22,31
2020-08-18,23,16
2020-08-19,0,0
2020-08-19,1,0
2020-08-19,2,4
2020-08-19,3,8
2020-08-19,4,8
2020-08-19,5,31
2020-08-19,6,83
2020-08-19,7,163
2020-08-19,8,190
2020-08-19,9,128
2020-08-19,10,149
2020-08-19,11,124
2020-08-19,12,150
2020-08-19,13,120
2020-08-19,14,133
2020-08-19,15,115
2020-08-19,16,132
2020-08-19,17,144
2020-08-19,18,100
2020-08-19,19,84
2020-08-19,20,70
2020-08-19,21,52
2020-08-19,22,35
2020-08-19,23,16
2020-08-20,0,4
2020-08-20,1,4
2020-08-20,2,0
2020-08-20,3,0
2020-08-20,4,16
2020-08-20,5,36
2020-08-20,6,74
2020-08-20,7,159
2020-08-20,8,198
2020-08-20,9,124
2020-08-20,10,137
2020-08-20,11,145
2020-08-20,12,124
2020-08-20,13,124
2020-08-20,14,128
2020-08-20,15,136
2020-08-20,16,133
2020-08-20,17,134
2020-08-20,18,120
2020-08-20,19,84
2020-08-20,20,63
2020-08-20,21,48
2020-08-20,22,26
2020-08-20,23,17
2020-08-21,0,4
2020-08-21,1,0
2020-08-21,2,0
2020-08-21,3,0
2020-08-21,4,16
2020-08-21,5,36
2020-08-21,6,70
2020-08-21,7,166
2020-08-21,8,180
2020-08-21,9,155
2020-08-21,10,155
2020-08-21,11,151
2020-08-21,12,146
2020-08-21,13,137
2020-08-21,14,145
2020-08-21,15,163
2020-08-21,16,145
2020-08-21,17,168
2020-08-21,18,145
2020-08-21,19,105
2020-08-21,20,92
2020-08-21,21,71
2020-08-21,22,53
2020-08-21,23,40
2020-08-22,0,21
2020-08-22,1,12
2020-08-22,2,12
2020-08-22,3,4
2020-08-22,4,16
2020-08-22,5,16
2020-08-22,6,36
2020-08-22,7,75
2020-08-22,8,96
2020-08-22,9,114
2020-08-22,10,129
2020-08-22,11,181
2020-08-22,12,167
2020-08-22,13,189
2020-08-22,14,151
2020-08-22,15,133
2020-08-22,16,136
2020-08-22,17,132
2020-08-22,18,115
2020-08-22,19,114
2020-08-22,20,71
2020-08-22,21,54
2020-08-22,22,48
2020-08-22,23,21
2020-08-23,0,26
2020-08-23,1,16
2020-08-23,2,12
2020-08-23,3,8
2020-08-23,4,8
2020-08-23,5,12
2020-08-23,6,16
2020-08-23,7,31
2020-08-23,8,44
2020-08-23,9,88
2020-08-23,10,100
2020-08-23,11,114
2020-08-23,12,124
2020-08-23,13,116
2020-08-23,14,114
2020-08-23,15,101
2020-08-23,16,120
2020-08-23,17,124
2020-08-23,18,96
2020-08-23,19,67
2020-08-23,20,57
2020-08-23,21,49
2020-08-23,22,31
2020-08-23,23,21
2020-08-24,0,4
2020-08-24,1,4
2020-08-24,2,4
2020-08-24,3,0
2020-08-24,4,16
2020-08-24,5,31
2020-08-24,6,62
2020-08-24,7,168
2020-08-24,8,171
2020-08-24,9,119
2020-08-24,10,124
2020-08-24,11,136
2020-08-24,12,123
2020-08-24,13,128
2020-08-24,14,123
2020-08-24,15,119
2020-08-24,16,124
2020-08-24,17,120
2020-08-24,18,97
2020-08-24,19,80
2020-08-24,20,66
2020-08-24,21,45
2020-08-24,22,21
2020-08-24,23,16
2020-08-25,0,4
2020-08-25,1,0
2020-08-25,2,0
2020-08-25,3,0
2020-08-25,4,8
2020-08-25,5,31
2020-08-25,6,74
2020-08-25,7,168
2020-08-25,8,193
2020-08-25,9,128
2020-08-25,10,132
2020-08-25,11,146
2020-08-25,12,136
2020-08-25,13,114
2020-08-25,14,133
2020-08-25,15,114
2020-08-25,16,145
2020-08-25,17,149
2020-08-25,18,123
2020-08-25,19,84
2020-08-25,20,62
2020-08-25,21,44
2020-08-25,22,31
2020-08-25,23,12
2020-08-26,0,4
2020-08-26,1,0
2020-08-26,2,0
2020-08-26,3,4
2020-08-26,4,12
2020-08-26,5,31
2020-08-26,6,83
2020-08-26,7,160
2020-08-26,8,190
2020-08-26,9,109
2020-08-26,10,137
2020-08-26,11,145
2020-08-26,12,150
2020-08-26,13,132
2020-08-26,14,133
2020-08-26,15,119
2020-08-26,16,128
2020-08-26,17,132
2020-08-26,18,115
2020-08-26,19,79
2020-08-26,20,76
2020-08-26,21,53
2020-08-26,22,26
2020-08-26,23,21
2020-08-27,0,8
2020-08-27,1,0
2020-08-27,2,0
2020-08-27,3,0
2020-08-27,4,16
2020-08-27,5,31
2020-08-27,6,75
2020-08-27,7,164
2020-08-27,8,186
2020-08-27,9,119
2020-08-27,10,124
2020-08-27,11,146
2020-08-27,12,128
2020-08-27,13,146
2020-08-27,14,141
2020-08-27,15,180
2020-08-27,16,194
2020-08-27,17,194
2020-08-27,18,124
2020-08-27,19,84
2020-08-27,20,70
2020-08-27,21,53
2020-08-27,22,36
2020-08-27,23,21
2020-08-28,0,12
2020-08-28,1,0
2020-08-28,2,0
2020-08-28,3,4
2020-08-28,4,16
2020-08-28,5,26
2020-08-28,6,66
2020-08-28,7,167
2020-08-28,8,176
2020-08-28,9,149
2020-08-28,10,155
2020-08-28,11,158
2020-08-28,12,150
2020-08-28,13,146
2020-08-28,14,164
2020-08-28,15,156
2020-08-28,16,159
2020-08-28,17,180
2020-08-28,18,146
2020-08-28,19,106
2020-08-28,20,87
2020-08-28,21,66
2020-08-28,22,57
2020-08-28,23,36
2020-08-29,0,21
2020-08-29,1,16
2020-08-29,2,0
2020-08-29,3,8
2020-08-29,4,12
2020-08-29,5,16
2020-08-29,6,36
2020-08-29,7,70
2020-08-29,8,96
2020-08-29,9,119
2020-08-29,10,124
2020-08-29,11,163
2020-08-29,12,160
2020-08-29,13,190
2020-08-29,14,167
2020-08-29,15,150
2020-08-29,16,133
2020-08-29,17,137
2020-08-29,18,124
2020-08-29,19,106
2020-08-29,20,75
2020-08-29,21,75
2020-08-29,22,48
2020-08-29,23,36
2020-08-30,0,17
2020-08-30,1,16
2020-08-30,2,4
2020-08-30,3,12
2020-08-30,4,4
2020-08-30,5,4
2020-08-30,6,16
2020-08-30,7,31
2020-08-30,8,49
2020-08-30,9,84
2020-08-30,10,92
2020-08-30,11,106
2020-08-30,12,119
2020-08-30,13,119
2020-08-30,14,119
2020-08-30,15,106
2020-08-30,16,119
2020-08-30,17,128
2020-08-30,18,105
2020-08-30,19,72
2020-08-30,20,62
2020-08-30,21,44
2020-08-30,22,30
2020-08-30,23,21
2020-08-31,0,4
2020-08-31,1,4
2020-08-31,2,0
2020-08-31,3,8
2020-08-31,4,12
2020-08-31,5,26
2020-08-31,6,53
2020-08-31,7,149
2020-08-31,8,163
2020-08-31,9,124
2020-08-31,10,123
2020-08-31,11,141
2020-08-31,12,128
2020-08-31,13,141
2020-08-31,14,140
2020-08-31,15,124
2020-08-31,16,118
2020-08-31,17,119
2020-08-31,18,101
2020-08-31,19,80
2020-08-31,20,66
2020-08-31,21,40
2020-08-31,22,26
2020-08-31,23,16
2020-09-01,0,4
2020-09-01,1,0
2020-09-01,2,0
2020-09-01,3,0
2020-09-01,4,8
2020-09-01,5,26
2020-09-01,6,66
2020-09-01,7,155
2020-09-01,8,155
2020-09-01,9,137
2020-09-01,10,127
2020-09-01,11,128
2020-09-01,12,142
2020-09-01,13,127
2020-09-01,14,132
2020-09-01,15,119
2020-09-01,16,141
2020-09-01,17,141
2020-09-01,18,105
2020-09-01,19,88
2020-09-01,20,62
2020-09-01,21,53
2020-09-01,22,31
2020-09-01,23,12
2020-09-02,0,0
2020-09-02,1,0
2020-09-02,2,0
2020-09-02,3,4
2020-09-02,4,12
2020-09-02,5,31
2020-09-02,6,79
2020-09-02,7,172
2020-09-02,8,177
2020-09-02,9,132
2020-09-02,10,141
2020-09-02,11,141
2020-09-02,12,148
2020-09-02,13,133
2020-09-02,14,129
2020-09-02,15,115
2020-09-02,16,140
2020-09-02,17,146
2020-09-02,18,97
2020-09-02,19,76
2020-09-02,20,53
2020-09-02,21,44
2020-09-02,22,26
2020-09-02,23,16
2020-09-03,0,4
2020-09-03,1,0
2020-09-03,2,0
2020-09-03,3,0
2020-09-03,4,16
2020-09-03,5,27
2020-09-03,6,66
2020-09-03,7,164
2020-09-03,8,186
2020-09-03,9,129
2020-09-03,10,124
2020-09-03,11,136
2020-09-03,12,138
2020-09-03,13,124
2020-09-03,14,119
2020-09-03,15,137
2020-09-03,16,120
2020-09-03,17,129
2020-09-03,18,115
2020-09-03,19,88
2020-09-03,20,62
2020-09-03,21,40
2020-09-03,22,27
2020-09-03,23,17
2020-09-04,0,8
2020-09-04,1,0
2020-09-04,2,0
2020-09-04,3,0
2020-09-04,4,12
2020-09-04,5,26
2020-09-04,6,75
2020-09-04,7,149
2020-09-04,8,167
2020-09-04,9,141
2020-09-04,10,133
2020-09-04,11,145
2020-09-04,12,146
2020-09-04,13,154
2020-09-04,14,136
2020-09-04,15,160
2020-09-04,16,150
2020-09-04,17,167
2020-09-04,18,120
2020-09-04,19,105
2020-09-04,20,88
2020-09-04,21,58
2020-09-04,22,44
2020-09-04,23,39
2020-09-05,0,16
2020-09-05,1,16
2020-09-05,2,4
2020-09-05,3,8
2020-09-05,4,4
2020-09-05,5,16
2020-09-05,6,40
2020-09-05,7,65
2020-09-05,8,88
2020-09-05,9,115
2020-09-05,10,132
2020-09-05,11,158
2020-09-05,12,162
2020-09-05,13,172
2020-09-05,14,150
2020-09-05,15,141
2020-09-05,16,133
2020-09-05,17,137
2020-09-05,18,124
2020-09-05,19,105
2020-09-05,20,63
2020-09-05,21,53
2020-09-05,22,44
2020-09-05,23,31
2020-09-06,0,21
2020-09-06,1,16
2020-09-06,2,4
2020-09-06,3,8
2020-09-06,4,4
2020-09-06,5,8
2020-09-06,6,16
2020-09-06,7,31
2020-09-06,8,53
2020-09-06,9,88
2020-09-06,10,96
2020-09-06,11,114
2020-09-06,12,119
2020-09-06,13,115
2020-09-06,14,123
2020-09-06,15,111
2020-09-06,16,115
2020-09-06,17,128
2020-09-06,18,115
2020-09-06,19,76
2020-09-06,20,62
2020-09-06,21,40
2020-09-06,22,35
2020-09-06,23,21
2020-09-07,0,8
2020-09-07,1,4
2020-09-07,2,0
2020-09-07,3,4
2020-09-07,4,12
2020-09-07,5,31
2020-09-07,6,62
2020-09-07,7,167
2020-09-07,8,172
2020-09-07,9,127
2020-09-07,10,105
2020-09-07,11,118
2020-09-07,12,123
2020-09-07,13,118
2020-09-07,14,119
2020-09-07,15,124
2020-09-07,16,128
2020-09-07,17,115
2020-09-07,18,101
2020-09-07,19,84
2020-09-07,20,57
2020-09-07,21,40
2020-09-07,22,26
2020-09-07,23,16
2020-09-08,0,0
2020-09-08,1,0
2020-09-08,2,0
2020-09-08,3,0
2020-09-08,4,8
2020-09-08,5,36
2020-09-08,6,75
2020-09-08,7,160
2020-09-08,8,164
2020-09-08,9,124
2020-09-08,10,128
2020-09-08,11,127
2020-09-08,12,141
2020-09-08,13,113
2020-09-08,14,127
2020-09-08,15,110
2020-09-08,16,132
2020-09-08,17,132
2020-09-08,18,106
2020-09-08,19,80
2020-09-08,20,62
2020-09-08,21,40
2020-09-08,22,36
2020-09-08,23,12
2020-09-09,0,8
2020-09-09,1,0
2020-09-09,2,0
2020-09-09,3,4
2020-09-09,4,16
2020-09-09,5,26
2020-09-09,6,79
2020-09-09,7,171
2020-09-09,8,180
2020-09-09,9,123
2020-09-09,10,127
2020-09-09,11,146
2020-09-09,12,145
2020-09-09,13,120
2020-09-09,14,119
2020-09-09,15,119
2020-09-09,16,120
2020-09-09,17,128
2020-09-09,18,96
2020-09-09,19,75
2020-09-09,20,72
2020-09-09,21,44
2020-09-09,22,35
2020-09-09,23,17
2020-09-10,0,8
2020-09-10,1,0
2020-09-10,2,0
2020-09-10,3,0
2020-09-10,4,12
2020-09-10,5,26
2020-09-10,6,71
2020-09-10,7,167
2020-09-10,8,168
2020-09-10,9,123
2020-09-10,10,115
2020-09-10,11,137
2020-09-10,12,129
2020-09-10,13,127
2020-09-10,14,124
2020-09-10,15,135
2020-09-10,16,124
2020-09-10,17,132
2020-09-10,18,118
2020-09-10,19,92
2020-09-10,20,66
2020-09-10,21,48
2020-09-10,22,31
2020-09-10,23,21
2020-09-11,0,8
2020-09-11,1,0
2020-09-11,2,0
2020-09-11,3,4
2020-09-11,4,12
2020-09-11,5,26
2020-09-11,6,74
2020-09-11,7,159
2020-09-11,8,172
2020-09-11,9,132
2020-09-11,10,128
2020-09-11,11,137
2020-09-11,12,159
2020-09-11,13,120
2020-09-11,14,141
2020-09-11,15,137
2020-09-11,16,158
2020-09-11,17,159
2020-09-11,18,133
2020-09-11,19,113
2020-09-11,20,84
2020-09-11,21,66
2020-09-11,22,44
2020-09-11,23,31
2020-09-12,0,16
2020-09-12,1,12
2020-09-12,2,8
2020-09-12,3,0
2020-09-12,4,8
2020-09-12,5,16
2020-09-12,6,36
2020-09-12,7,75
2020-09-12,8,92
2020-09-12,9,118
2020-09-12,10,120
2020-09-12,11,168
2020-09-12,12,154
2020-09-12,13,162
2020-09-12,14,141
2020-09-12,15,123
2020-09-12,16,127
2020-09-12,17,142
2020-09-12,18,124
2020-09-12,19,92
2020-09-12,20,57
2020-09-12,21,53
2020-09-12,22,44
2020-09-12,23,22
2020-09-13,0,21
2020-09-13,1,16
2020-09-13,2,12
2020-09-13,3,4
2020-09-13,4,4
2020-09-13,5,8
2020-09-13,6,21
2020-09-13,7,31
2020-09-13,8,53
2020-09-13,9,71
2020-09-13,10,93
2020-09-13,11,110
2020-09-13,12,114
2020-09-13,13,111
2020-09-13,14,109
2020-09-13,15,102
2020-09-13,16,123
2020-09-13,17,111
2020-09-13,18,100
2020-09-13,19,72
2020-09-13,20,58
2020-09-13,21,40
2020-09-13,22,25
2020-09-13,23,16
2020-09-14,0,12
2020-09-14,1,0
2020-09-14,2,0
2020-09-14,3,4
2020-09-14,4,8
2020-09-14,5,31
2020-09-14,6,62
2020-09-14,7,172
2020-09-14,8,164
2020-09-14,9,123
2020-09-14,10,109
2020-09-14,11,113
2020-09-14,12,116
2020-09-14,13,114
2020-09-14,14,123
2020-09-14,15,119
2020-09-14,16,120
2020-09-14,17,119
2020-09-14,18,92
2020-09-14,19,80
2020-09-14,20,57
2020-09-14,21,40
2020-09-14,22,26
2020-09-14,23,16
2020-09-15,0,0
2020-09-15,1,0
2020-09-15,2,0
2020-09-15,3,4
2020-09-15,4,12
2020-09-15,5,31
2020-09-15,6,70
2020-09-15,7,172
2020-09-15,8,159
2020-09-15,9,120
2020-09-15,10,118
2020-09-15,11,118
2020-09-15,12,124
2020-09-15,13,107
2020-09-15,14,109
2020-09-15,15,114
2020-09-15,16,132
2020-09-15,17,133
2020-09-15,18,101
2020-09-15,19,84
2020-09-15,20,62
2020-09-15,21,48
2020-09-15,22,26
2020-09-15,23,12
2020-09-16,0,4
2020-09-16,1,0
2020-09-16,2,0
2020-09-16,3,4
2020-09-16,4,12
2020-09-16,5,31
2020-09-16,6,75
2020-09-16,7,164
2020-09-16,8,177
2020-09-16,9,127
2020-09-16,10,136
2020-09-16,11,137
2020-09-16,12,137
2020-09-16,13,122
2020-09-16,14,115
2020-09-16,15,110
2020-09-16,16,123
2020-09-16,17,128
2020-09-16,18,100
2020-09-16,19,71
2020-09-16,20,62
2020-09-16,21,40
2020-09-16,22,30
2020-09-16,23,16
2020-09-17,0,4
2020-09-17,1,0
2020-09-17,2,4
2020-09-17,3,0
2020-09-17,4,12
2020-09-17,5,36
2020-09-17,6,75
2020-09-17,7,155
2020-09-17,8,176
2020-09-17,9,118
2020-09-17,10,115
2020-09-17,11,132
2020-09-17,12,120
2020-09-17,13,119
2020-09-17,14,115
2020-09-17,15,124
2020-09-17,16,115
2020-09-17,17,128
2020-09-17,18,123
2020-09-17,19,88
2020-09-17,20,71
2020-09-17,21,58
2020-09-17,22,31
2020-09-17,23,16
2020-09-18,0,4
2020-09-18,1,0
2020-09-18,2,0
2020-09-18,3,4
2020-09-18,4,12
2020-09-18,5,26
2020-09-18,6,70
2020-09-18,7,163
2020-09-18,8,154
2020-09-18,9,137
2020-09-18,10,133
2020-09-18,11,137
2020-09-18,12,132
2020-09-18,13,128
2020-09-18,14,164
2020-09-18,15,157
2020-09-18,16,158
2020-09-18,17,167
2020-09-18,18,142
2020-09-18,19,101
2020-09-18,20,88
2020-09-18,21,58
2020-09-18,22,48
2020-09-18,23,31
2020-09-19,0,21
2020-09-19,1,8
2020-09-19,2,0
2020-09-19,3,12
2020-09-19,4,12
2020-09-19,5,16
2020-09-19,6,36
2020-09-19,7,70
2020-09-19,8,88
2020-09-19,9,109
2020-09-19,10,116
2020-09-19,11,141
2020-09-19,12,159
2020-09-19,13,167
2020-09-19,14,137
2020-09-19,15,128
2020-09-19,16,132
2020-09-19,17,128
2020-09-19,18,124
2020-09-19,19,101
2020-09-19,20,67
2020-09-19,21,54
2020-09-19,22,44
2020-09-19,23,26
2020-09-20,0,26
2020-09-20,1,16
2020-09-20,2,12
2020-09-20,3,12
2020-09-20,4,4
2020-09-20,5,8
2020-09-20,6,16
2020-09-20,7,26
2020-09-20,8,49
2020-09-20,9,72
2020-09-20,10,88
2020-09-20,11,101
2020-09-20,12,88
2020-09-20,13,100
2020-09-20,14,100
2020-09-20,15,110
2020-09-20,16,120
2020-09-20,17,114
2020-09-20,18,114
2020-09-20,19,76
2020-09-20,20,63
2020-09-20,21,36
2020-09-20,22,26
2020-09-20,23,16
2020-09-21,0,12
2020-09-21,1,4
2020-09-21,2,0
2020-09-21,3,0
2020-09-21,4,12
2020-09-21,5,21
2020-09-21,6,62
2020-09-21,7,159
2020-09-21,8,155
2020-09-21,9,122
2020-09-21,10,115
2020-09-21,11,123
2020-09-21,12,128
2020-09-21,13,114
2020-09-21,14,123
2020-09-21,15,124
2020-09-21,16,119
2020-09-21,17,119
2020-09-21,18,92
2020-09-21,19,84
2020-09-21,20,62
2020-09-21,21,44
2020-09-21,22,26
2020-09-21,23,12
2020-09-22,0,0
2020-09-22,1,0
2020-09-22,2,0
2020-09-22,3,0
2020-09-22,4,12
2020-09-22,5,21
2020-09-22,6,71
2020-09-22,7,159
2020-09-22,8,169
2020-09-22,9,128
2020-09-22,10,114
2020-09-22,11,127
2020-09-22,12,132
2020-09-22,13,115
2020-09-22,14,128
2020-09-22,15,119
2020-09-22,16,136
2020-09-22,17,140
2020-09-22,18,101
2020-09-22,19,80
2020-09-22,20,57
2020-09-22,21,40
2020-09-22,22,26
2020-09-22,23,8
2020-09-23,0,0
2020-09-23,1,0
2020-09-23,2,0
2020-09-23,3,4
2020-09-23,4,12
2020-09-23,5,31
2020-09-23,6,75
2020-09-23,7,169
2020-09-23,8,184
2020-09-23,9,120
2020-09-23,10,128
2020-09-23,11,132
2020-09-23,12,137
2020-09-23,13,119
2020-09-23,14,118
2020-09-23,15,115
2020-09-23,16,128
2020-09-23,17,146
2020-09-23,18,109
2020-09-23,19,71
2020-09-23,20,72
2020-09-23,21,40
2020-09-23,22,31
2020-09-23,23,16
2020-09-24,0,4
2020-09-24,1,0
2020-09-24,2,0
2020-09-24,3,0
2020-09-24,4,12
2020-09-24,5,26
2020-09-24,6,79
2020-09-24,7,159
2020-09-24,8,167
2020-09-24,9,132
2020-09-24,10,132
2020-09-24,11,146
2020-09-24,12,142
2020-09-24,13,124
2020-09-24,14,120
2020-09-24,15,146
2020-09-24,16,118
2020-09-24,17,137
2020-09-24,18,114
2020-09-24,19,92
2020-09-24,20,62
2020-09-24,21,48
2020-09-24,22,36
2020-09-24,23,21
2020-09-25,0,4
2020-09-25,12,150
2020-09-25,13,128
2020-09-25,14,137
2020-09-25,15,136
2020-09-25,16,127
2020-09-25,17,158
2020-09-25,18,137
2020-09-25,19,106
2020-09-25,20,88
2020-09-25,21,70
2020-09-25,22,44
2020-09-25,23,30
2020-09-26,0,16
2020-09-26,1,8
2020-09-26,2,0
2020-09-26,3,4
2020-09-26,4,4
2020-09-26,5,16
2020-09-26,6,36
2020-09-26,7,65
2020-09-26,8,84
2020-09-26,9,101
2020-09-26,10,115
2020-09-26,11,158
2020-09-26,12,146
2020-09-26,13,163
2020-09-26,14,142
2020-09-26,15,137
2020-09-26,16,136
2020-09-26,17,132
2020-09-26,18,115
2020-09-26,19,101
2020-09-26,20,67
2020-09-26,21,67
2020-09-26,22,44
2020-09-26,23,21
2020-09-27,0,16
2020-09-27,1,12
2020-09-27,2,0
2020-09-27,3,0
2020-09-27,4,4
2020-09-27,5,4
2020-09-27,6,16
2020-09-27,7,31
2020-09-27,8,53
2020-09-27,9,84
2020-09-27,10,101
2020-09-27,11,104
2020-09-27,12,101
2020-09-27,13,101
2020-09-27,14,92
2020-09-27,15,105
2020-09-27,16,115
2020-09-27,17,128
2020-09-27,18,110
2020-09-27,19,67
2020-09-27,20,63
2020-09-27,21,44
2020-09-27,22,35
2020-09-27,23,16
2020-09-28,0,8
2020-09-28,1,0
2020-09-28,2,0
2020-09-28,3,4
2020-09-28,4,8
2020-09-28,5,16
2020-09-28,6,40
2020-09-28,7,110
2020-09-28,8,97
2020-09-28,9,97
2020-09-28,10,105
2020-09-28,11,111
2020-09-28,12,127
2020-09-28,13,119
2020-09-28,14,106
2020-09-28,15,101
2020-09-28,16,102
2020-09-28,17,110
2020-09-28,18,88
2020-09-28,19,79
2020-09-28,20,66
2020-09-28,21,45
2020-09-28,22,26
2020-09-28,23,12
2020-09-29,0,4
2020-09-29,1,0
2020-09-29,2,0
2020-09-29,3,0
2020-09-29,4,12
2020-09-29,5,36
2020-09-29,6,79
2020-09-29,7,175
2020-09-29,8,176
2020-09-29,9,128
2020-09-29,10,133
2020-09-29,11,119
2020-09-29,12,127
2020-09-29,13,110
2020-09-29,14,119
2020-09-29,15,119
2020-09-29,16,136
2020-09-29,17,145
2020-09-29,18,110
2020-09-29,19,76
2020-09-29,20,57
2020-09-29,21,44
2020-09-29,22,26
2020-09-29,23,8
2020-09-30,0,0
2020-09-30,1,0
2020-09-30,2,0
2020-09-30,3,4
2020-09-30,4,16
2020-09-30,5,31
2020-09-30,6,70
2020-09-30,7,164
2020-09-30,8,176
2020-09-30,9,136
2020-09-30,10,141
2020-09-30,11,133
2020-09-30,12,145
2020-09-30,13,128
2020-09-30,14,128
2020-09-30,15,109
2020-09-30,16,129
2020-09-30,17,124
2020-09-30,18,105
2020-09-30,19,80
2020-09-30,20,67
2020-09-30,21,48
2020-09-30,22,25
2020-09-30,23,12
2020-10-01,0,0
2020-10-01,1,0
2020-10-01,2,0
2020-10-01,3,0
2020-10-01,4,12
2020-10-01,5,26
2020-10-01,6,80
2020-10-01,7,154
2020-10-01,8,173
2020-10-01,9,124
2020-10-01,10,119
2020-10-01,11,141
2020-10-01,12,141
2020-10-01,13,137
2020-10-01,14,115
2020-10-01,15,150
2020-10-01,16,119
2020-10-01,17,146
2020-10-01,18,119
2020-10-01,19,79
2020-10-01,20,71
2020-10-01,21,53
2020-10-01,22,30
2020-10-01,23,12
2020-10-02,0,0
2020-10-02,1,4
2020-10-02,2,0
2020-10-02,3,8
2020-10-02,4,16
2020-10-02,5,36
2020-10-02,6,70
2020-10-02,7,154
2020-10-02,8,172
2020-10-02,9,142
2020-10-02,10,128
2020-10-02,11,142
2020-10-02,12,149
2020-10-02,13,133
2020-10-02,14,145
2020-10-02,15,146
2020-10-02,16,145
2020-10-02,17,155
2020-10-02,18,141
2020-10-02,19,97
2020-10-02,20,84
2020-10-02,21,62
2020-10-02,22,53
2020-10-02,23,26
2020-10-03,0,16
2020-10-03,1,4
2020-10-03,2,4
2020-10-03,3,4
2020-10-03,4,8
2020-10-03,5,12
2020-10-03,6,36
2020-10-03,7,61
2020-10-03,8,88
2020-10-03,9,110
2020-10-03,10,124
2020-10-03,11,158
2020-10-03,12,168
2020-10-03,13,189
2020-10-03,14,154
2020-10-03,15,150
2020-10-03,16,132
2020-10-03,17,133
2020-10-03,18,128
2020-10-03,19,97
2020-10-03,20,67
2020-10-03,21,57
2020-10-03,22,53
2020-10-03,23,16
2020-10-04,0,16
2020-10-04,1,8
2020-10-04,2,4
2020-10-04,3,4
2020-10-04,4,4
2020-10-04,5,4
2020-10-04,6,16
2020-10-04,7,31
2020-10-04,8,57
2020-10-04,9,80
2020-10-04,10,97
2020-10-04,11,110
2020-10-04,12,104
2020-10-04,13,114
2020-10-04,14,106
2020-10-04,15,114
2020-10-04,16,128
2020-10-04,17,155
2020-10-04,18,137
2020-10-04,19,67
2020-10-04,20,57
2020-10-04,21,57
2020-10-04,22,25
2020-10-04,23,16
2020-10-05,0,8
2020-10-05,1,0
2020-10-05,2,0
2020-10-05,3,0
2020-10-05,4,12
2020-10-05,5,31
2020-10-05,6,66
2020-10-05,7,167
2020-10-05,8,168
2020-10-05,9,127
2020-10-05,10,119
2020-10-05,11,123
2020-10-05,12,119
2020-10-05,13,109
2020-10-05,14,122
2020-10-05,15,127
2020-10-05,16,128
2020-10-05,17,124
2020-10-05,18,101
2020-10-05,19,76
2020-10-05,20,57
2020-10-05,21,40
2020-10-05,22,21
2020-10-05,23,12
2020-10-06,0,0
2020-10-06,1,0
2020-10-06,2,0
2020-10-06,3,4
2020-10-06,4,12
2020-10-06,5,36
2020-10-06,6,80
2020-10-06,7,160
2020-10-06,8,172
2020-10-06,9,119
2020-10-06,10,124
2020-10-06,11,132
2020-10-06,12,124
2020-10-06,13,128
2020-10-06,14,119
2020-10-06,15,118
2020-10-06,16,128
2020-10-06,17,127
2020-10-06,18,97
2020-10-06,19,71
2020-10-06,20,53
2020-10-06,21,40
2020-10-06,22,31
2020-10-06,23,4
2020-10-07,0,4
2020-10-07,1,0
2020-10-07,2,0
2020-10-07,3,4
2020-10-07,4,16
2020-10-07,5,36
2020-10-07,6,79
2020-10-07,7,164
2020-10-07,8,173
2020-10-07,9,124
2020-10-07,10,127
2020-10-07,11,124
2020-10-07,12,127
2020-10-07,13,119
2020-10-07,14,124
2020-10-07,15,118
2020-10-07,16,124
2020-10-07,17,135
2020-10-07,18,110
2020-10-07,19,88
2020-10-07,20,72
2020-10-07,21,52
2020-10-07,22,30
2020-10-07,23,12
2020-10-08,0,8
2020-10-08,1,0
2020-10-08,2,0
2020-10-08,3,4
2020-10-08,4,12
2020-10-08,5,31
2020-10-08,6,70
2020-10-08,7,155
2020-10-08,8,164
2020-10-08,9,119
2020-10-08,10,109
2020-10-08,11,128
2020-10-08,12,132
2020-10-08,13,120
2020-10-08,14,116
2020-10-08,15,141
2020-10-08,16,128
2020-10-08,17,142
2020-10-08,18,115
2020-10-08,19,84
2020-10-08,20,61
2020-10-08,21,52
2020-10-08,22,40
2020-10-08,23,17
2020-10-09,0,0
2020-10-09,1,4
2020-10-09,2,0
2020-10-09,3,4
2020-10-09,4,16
2020-10-09,5,36
2020-10-09,6,66
2020-10-09,7,158
2020-10-09,8,132
2020-10-09,9,141
2020-10-09,10,123
2020-10-09,11,137
2020-10-09,12,142
2020-10-09,13,128
2020-10-09,14,146
2020-10-09,15,132
2020-10-09,16,146
2020-10-09,17,177
2020-10-09,18,133
2020-10-09,19,89
2020-10-09,20,84
2020-10-09,21,49
2020-10-09,22,35
2020-10-09,23,26
2020-10-10,0,16
2020-10-10,1,0
2020-10-10,2,12
2020-10-10,3,0
2020-10-10,4,8
2020-10-10,5,16
2020-10-10,6,31
2020-10-10,7,61
2020-10-10,8,84
2020-10-10,9,104
2020-10-10,10,115
2020-10-10,11,149
2020-10-10,12,141
2020-10-10,13,172
2020-10-10,14,145
2020-10-10,15,133
2020-10-10,16,133
2020-10-10,17,127
2020-10-10,18,114
2020-10-10,19,84
2020-10-10,20,53
2020-10-10,21,44
2020-10-10,22,40
2020-10-10,23,16
2020-10-11,0,16
2020-10-11,1,8
2020-10-11,2,8
2020-10-11,3,16
2020-10-11,4,4
2020-10-11,5,4
2020-10-11,6,21
2020-10-11,7,35
2020-10-11,8,49
2020-10-11,9,89
2020-10-11,10,84
2020-10-11,11,110
2020-10-11,12,115
2020-10-11,13,120
2020-10-11,14,113
2020-10-11,15,110
2020-10-11,16,105
2020-10-11,17,114
2020-10-11,18,92
2020-10-11,19,62
2020-10-11,20,48
2020-10-11,21,44
2020-10-11,22,21
2020-10-11,23,12
2020-10-12,0,12
2020-10-12,1,0
2020-10-12,2,0
2020-10-12,3,0
2020-10-12,4,12
2020-10-12,5,21
2020-10-12,6,62
2020-10-12,7,155
2020-10-12,8,128
2020-10-12,9,101
2020-10-12,10,115
2020-10-12,11,115
2020-10-12,12,123
2020-10-12,13,119
2020-10-12,14,119
2020-10-12,15,110
2020-10-12,16,115
2020-10-12,17,114
2020-10-12,18,92
2020-10-12,19,72
2020-10-12,20,57
2020-10-12,21,48
2020-10-12,22,21
2020-10-12,23,16
2020-10-13,0,8
2020-10-13,1,0
2020-10-13,2,0
2020-10-13,3,4
2020-10-13,4,12
2020-10-13,5,31
2020-10-13,6,84
2020-10-13,7,137
2020-10-13,8,123
2020-10-13,9,105
2020-10-13,10,118
2020-10-13,11,115
2020-10-13,12,132
2020-10-13,13,110
2020-10-13,14,101
2020-10-13,15,109
2020-10-13,16,114
2020-10-13,17,119
2020-10-13,18,101
2020-10-13,19,67
2020-10-13,20,67
2020-10-13,21,40
2020-10-13,22,26
2020-10-13,23,4
2020-10-14,0,0
2020-10-14,1,0
2020-10-14,2,0
2020-10-14,3,4
2020-10-14,4,16
2020-10-14,5,36
2020-10-14,6,78
2020-10-14,7,137
2020-10-14,8,128
2020-10-14,9,74
2020-10-14,10,88
2020-10-14,11,88
2020-10-14,12,112
2020-10-14,13,119
2020-10-14,14,119
2020-10-14,15,119
2020-10-14,16,101
2020-10-14,17,127
2020-10-14,18,88
2020-10-14,19,62
2020-10-14,20,57
2020-10-14,21,40
2020-10-14,22,16
2020-10-14,23,4
2020-10-15,0,0
2020-10-15,1,0
2020-10-15,2,0
2020-10-15,3,0
2020-10-15,4,12
2020-10-15,5,26
2020-10-15,6,79
2020-10-15,7,160
2020-10-15,8,150
2020-10-15,9,119
2020-10-15,10,101
2020-10-15,11,115
2020-10-15,12,120
2020-10-15,13,119
2020-10-15,14,109
2020-10-15,15,128
2020-10-15,16,109
2020-10-15,17,133
2020-10-15,18,111
2020-10-15,19,67
2020-10-15,20,44
2020-10-15,21,40
2020-10-15,22,31
2020-10-15,23,21
2020-10-16,0,0
2020-10-16,1,0
2020-10-16,2,0
2020-10-16,3,4
2020-10-16,4,16
2020-10-16,5,22
2020-10-16,6,62
2020-10-16,7,115
2020-10-16,8,123
2020-10-16,9,116
2020-10-16,10,119
2020-10-16,11,132
2020-10-16,12,132
2020-10-16,13,138
2020-10-16,14,141
2020-10-16,15,132
2020-10-16,16,150
2020-10-16,17,154
2020-10-16,18,137
2020-10-16,19,80
2020-10-16,20,75
2020-10-16,21,57
2020-10-16,22,36
2020-10-16,23,21
2020-10-17,0,12
2020-10-17,1,0
2020-10-17,2,0
2020-10-17,3,0
2020-10-17,4,4
2020-10-17,5,12
2020-10-17,6,31
2020-10-17,7,53
2020-10-17,8,88
2020-10-17,9,106
2020-10-17,10,123
2020-10-17,11,132
2020-10-17,12,110
2020-10-17,13,136
2020-10-17,14,128
2020-10-17,15,113
2020-10-17,16,123
2020-10-17,17,110
2020-10-17,18,110
2020-10-17,19,80
2020-10-17,20,53
2020-10-17,21,45
2020-10-17,22,31
2020-10-17,23,21
2020-10-18,0,8
2020-10-18,1,12
2020-10-18,2,8
2020-10-18,3,4
2020-10-18,4,4
2020-10-18,5,4
2020-10-18,6,16
2020-10-18,7,31
2020-10-18,8,53
2020-10-18,9,76
2020-10-18,10,88
2020-10-18,11,109
2020-10-18,12,101
2020-10-18,13,92
2020-10-18,14,114
2020-10-18,15,89
2020-10-18,16,110
2020-10-18,17,105
2020-10-18,18,88
2020-10-18,19,62
2020-10-18,20,48
2020-10-18,21,40
2020-10-18,22,21
2020-10-18,23,13
2020-10-19,0,0
2020-10-19,1,0
2020-10-19,2,0
2020-10-19,3,0
2020-10-19,4,12
2020-10-19,5,26
2020-10-19,6,61
2020-10-19,7,145
2020-10-19,8,154
2020-10-19,9,119
2020-10-19,10,101
2020-10-19,11,110
2020-10-19,12,105
2020-10-19,13,132
2020-10-19,14,123
2020-10-19,15,120
2020-10-19,16,123
2020-10-19,17,119
2020-10-19,18,71
2020-10-19,19,75
2020-10-19,20,48
2020-10-19,21,25
2020-10-19,22,21
2020-10-19,23,12
2020-10-20,0,4
2020-10-20,1,0
2020-10-20,2,0
2020-10-20,3,4
2020-10-20,4,12
2020-10-20,5,36
2020-10-20,6,66
2020-10-20,7,159
2020-10-20,8,146
2020-10-20,9,115
2020-10-20,10,123
2020-10-20,11,128
2020-10-20,12,127
2020-10-20,13,123
2020-10-20,14,124
2020-10-20,15,114
2020-10-20,16,136
2020-10-20,17,124
2020-10-20,18,102
2020-10-20,19,58
2020-10-20,20,48
2020-10-20,21,31
2020-10-20,22,16
2020-10-20,23,4
2020-10-21,0,0
2020-10-21,1,0
2020-10-21,2,0
2020-10-21,3,0
2020-10-21,4,8
2020-10-21,5,26
2020-10-21,6,70
2020-10-21,7,150
2020-10-21,8,159
2020-10-21,9,117
2020-10-21,10,122
2020-10-21,11,132
2020-10-21,12,131
2020-10-21,13,124
2020-10-21,14,133
2020-10-21,15,123
2020-10-21,16,119
2020-10-21,17,128
2020-10-21,18,88
2020-10-21,19,67
2020-10-21,20,49
2020-10-21,21,35
2020-10-21,22,26
2020-10-21,23,8
2020-10-22,0,8
2020-10-22,1,0
2020-10-22,2,0
2020-10-22,3,0
2020-10-22,4,12
2020-10-22,5,26
2020-10-22,6,62
2020-10-22,7,155
2020-10-22,8,150
2020-10-22,9,115
2020-10-22,10,114
2020-10-22,11,136
2020-10-22,12,128
2020-10-22,13,122
2020-10-22,14,111
2020-10-22,15,128
2020-10-22,16,101
2020-10-22,17,137
2020-10-22,18,96
2020-10-22,19,80
2020-10-22,20,48
2020-10-22,21,44
2020-10-22,22,36
2020-10-22,23,21
2020-10-23,0,12
2020-10-23,1,0
2020-10-23,2,0
2020-10-23,3,4
2020-10-23,4,16
2020-10-23,5,26
2020-10-23,6,78
2020-10-23,7,163
2020-10-23,8,159
2020-10-23,9,141
2020-10-23,10,133
2020-10-23,11,137
2020-10-23,12,146
2020-10-23,13,128
2020-10-23,14,159
2020-10-23,15,137
2020-10-23,16,134
2020-10-23,17,163
2020-10-23,18,128
2020-10-23,19,100
2020-10-23,20,88
2020-10-23,21,66
2020-10-23,22,48
2020-10-23,23,40
2020-10-24,0,21
2020-10-24,1,16
2020-10-24,2,16
2020-10-24,3,16
2020-10-24,4,12
2020-10-24,5,16
2020-10-24,6,31
2020-10-24,7,70
2020-10-24,8,88
2020-10-24,9,105
2020-10-24,10,107
2020-10-24,11,154
2020-10-24,12,151
2020-10-24,13,164
2020-10-24,14,147
2020-10-24,15,142
2020-10-24,16,118
2020-10-24,17,127
2020-10-24,18,120
2020-10-24,19,96
2020-10-24,20,67
2020-10-24,21,57
2020-10-24,22,57
2020-10-24,23,31
2020-10-25,0,26
2020-10-25,1,16
2020-10-25,2,16
2020-10-25,3,16
2020-10-25,4,16
2020-10-25,5,16
2020-10-25,6,12
2020-10-25,7,16
2020-10-25,8,31
2020-10-25,9,53
2020-10-25,10,92
2020-10-25,11,101
2020-10-25,12,105
2020-10-25,13,109
2020-10-25,14,105
2020-10-25,15,110
2020-10-25,16,110
2020-10-25,17,119
2020-10-25,18,120
2020-10-25,19,100
2020-10-25,20,67
2020-10-25,21,62
2020-10-25,22,44
2020-10-25,23,35
2020-10-26,0,16
2020-10-26,1,12
2020-10-26,2,4
2020-10-26,3,0
2020-10-26,4,4
2020-10-26,5,12
2020-10-26,6,26
2020-10-26,7,66
2020-10-26,8,167
2020-10-26,9,155
2020-10-26,10,127
2020-10-26,11,124
2020-10-26,12,123
2020-10-26,13,120
2020-10-26,14,128
2020-10-26,15,131
2020-10-26,16,123
2020-10-26,17,124
2020-10-26,18,120
2020-10-26,19,97
2020-10-26,20,80
2020-10-26,21,62
2020-10-26,22,40
2020-10-26,23,26
2020-10-27,0,16
2020-10-27,1,8
2020-10-27,2,0
2020-10-27,3,0
2020-10-27,4,4
2020-10-27,5,12
2020-10-27,6,36
2020-10-27,7,80
2020-10-27,8,172
2020-10-27,9,159
2020-10-27,10,123
2020-10-27,11,123
2020-10-27,12,119
2020-10-27,13,132
2020-10-27,14,119
2020-10-27,15,123
2020-10-27,16,110
2020-10-27,17,131
2020-10-27,18,140
2020-10-27,19,109
2020-10-27,20,92
2020-10-27,21,62
2020-10-27,22,48
2020-10-27,23,31
2020-10-28,0,12
2020-10-28,1,0
2020-10-28,2,0
2020-10-28,3,0
2020-10-28,4,4
2020-10-28,5,8
2020-10-28,6,36
2020-10-28,7,79
2020-10-28,8,164
2020-10-28,9,167
2020-10-28,10,123
2020-10-28,11,128
2020-10-28,12,141
2020-10-28,13,141
2020-10-28,14,119
2020-10-28,15,124
2020-10-28,16,115
2020-10-28,17,124
2020-10-28,18,132
2020-10-28,19,100
2020-10-28,20,80
2020-10-28,21,67
2020-10-28,22,52
2020-10-28,23,35
2020-10-29,0,16
2020-10-29,1,12
2020-10-29,2,0
2020-10-29,3,4
2020-10-29,4,0
2020-10-29,5,12
2020-10-29,6,26
2020-10-29,7,75
2020-10-29,8,164
2020-10-29,9,163
2020-10-29,10,127
2020-10-29,11,124
2020-10-29,12,136
2020-10-29,13,132
2020-10-29,14,124
2020-10-29,15,124
2020-10-29,16,146
2020-10-29,17,122
2020-10-29,18,137
2020-10-29,19,114
2020-10-29,20,88
2020-10-29,21,66
2020-10-29,22,52
2020-10-29,23,40
2020-10-30,0,21
2020-10-30,1,12
2020-10-30,2,0
2020-10-30,3,0
2020-10-30,4,4
2020-10-30,5,16
2020-10-30,6,36
2020-10-30,7,74
2020-10-30,8,167
2020-10-30,9,159
2020-10-30,10,145
2020-10-30,11,132
2020-10-30,12,133
2020-10-30,13,151
2020-10-30,14,132
2020-10-30,15,145
2020-10-30,16,147
2020-10-30,21,88
2020-10-30,22,66
2020-10-30,23,48
2020-10-31,0,40
2020-10-31,1,26
2020-10-31,2,16
2020-10-31,3,16
2020-10-31,4,12
2020-10-31,5,12
2020-10-31,6,16
2020-10-31,7,36
2020-10-31,8,75
2020-10-31,9,97
2020-10-31,10,106
2020-10-31,11,112
2020-10-31,12,154
2020-10-31,13,146
2020-10-31,14,163
2020-10-31,15,137
2020-10-31,16,136
2020-10-31,17,123
2020-10-31,18,123
2020-10-31,19,115
2020-10-31,20,96
2020-10-31,21,67
2020-10-31,22,58
2020-10-31,23,52
2020-11-01,0,36
2020-11-01,1,26
2020-11-01,2,16
2020-11-01,3,16
2020-11-01,4,16
2020-11-01,5,8
2020-11-01,6,16
2020-11-01,7,21
2020-11-01,8,31
2020-11-01,9,57
2020-11-01,10,84
2020-11-01,11,96
2020-11-01,12,109
2020-11-01,13,105
2020-11-01,14,110
2020-11-01,15,113
2020-11-01,16,101
2020-11-01,17,114
2020-11-01,18,105
2020-11-01,19,96
2020-11-01,20,67
2020-11-01,21,67
2020-11-01,22,48
2020-11-01,23,36
2020-11-02,0,16
2020-11-02,1,8
2020-11-02,2,4
2020-11-02,3,0
2020-11-02,4,8
2020-11-02,5,16
2020-11-02,6,26
2020-11-02,7,66
2020-11-02,8,167
2020-11-02,9,156
2020-11-02,10,127
2020-11-02,11,109
2020-11-02,12,123
2020-11-02,13,128
2020-11-02,14,119
2020-11-02,15,127
2020-11-02,16,128
2020-11-02,17,132
2020-11-02,18,124
2020-11-02,19,101
2020-11-02,20,80
2020-11-02,21,67
2020-11-02,22,40
2020-11-02,23,26
2020-11-03,0,16
2020-11-03,1,0
2020-11-03,2,4
2020-11-03,3,0
2020-11-03,4,4
2020-11-03,5,16
2020-11-03,6,36
2020-11-03,7,84
2020-11-03,8,172
2020-11-03,9,159
2020-11-03,10,124
2020-11-03,11,122
2020-11-03,12,123
2020-11-03,13,128
2020-11-03,14,0
2020-11-03,15,0
2020-11-03,16,0
2020-11-03,17,0
2020-11-03,18,0
2020-11-03,19,0
2020-11-03,20,0
2020-11-03,21,0
2020-11-03,22,0
2020-11-03,23,0
2020-11-04,0,12
2020-11-04,1,0
2020-11-04,2,0
2020-11-04,3,0
2020-11-04,4,0
2020-11-04,5,16
2020-11-04,6,40
2020-11-04,7,83
2020-11-04,8,171
2020-11-04,9,168
2020-11-04,10,115
2020-11-04,11,136
2020-11-04,12,132
2020-11-04,13,141
2020-11-04,14,128
2020-11-04,15,128
2020-11-04,16,120
2020-11-04,17,128
2020-11-04,18,140
2020-11-04,19,101
2020-11-04,20,76
2020-11-04,21,72
2020-11-04,22,52
2020-11-04,23,35
2020-11-05,0,16
2020-11-05,1,8
2020-11-05,2,0
2020-11-05,3,0
2020-11-05,4,0
2020-11-05,5,16
2020-11-05,6,36
2020-11-05,7,83
2020-11-05,8,164
2020-11-05,9,171
2020-11-05,10,123
2020-11-05,11,128
2020-11-05,12,136
2020-11-05,13,128
2020-11-05,14,123
2020-11-05,15,120
2020-11-05,16,135
2020-11-05,17,128
2020-11-05,18,145
2020-11-05,19,115
2020-11-05,20,88
2020-11-05,21,66
2020-11-05,22,52
2020-11-05,23,40
2020-11-06,0,21
2020-11-06,1,12
2020-11-06,2,0
2020-11-06,3,0
2020-11-06,4,4
2020-11-06,5,16
2020-11-06,6,31
2020-11-06,7,74
2020-11-06,8,167
2020-11-06,9,155
2020-11-06,10,145
2020-11-06,11,127
2020-11-06,12,70
2020-11-06,13,114
2020-11-06,14,132
2020-11-06,15,145
2020-11-06,16,141
2020-11-06,17,141
2020-11-06,18,155
2020-11-06,19,127
2020-11-06,20,105
2020-11-06,21,92
2020-11-06,22,62
2020-11-06,23,57
2020-11-07,0,40
2020-11-07,1,16
2020-11-07,2,16
2020-11-07,3,16
2020-11-07,4,16
2020-11-07,5,12
2020-11-07,6,16
2020-11-07,7,40
2020-11-07,8,75
2020-11-07,9,88
2020-11-07,10,110
2020-11-07,11,116
2020-11-07,12,149
2020-11-07,13,146
2020-11-07,14,163
2020-11-07,15,141
2020-11-07,16,146
2020-11-07,17,132
2020-11-07,18,128
2020-11-07,19,120
2020-11-07,20,100
2020-11-07,21,67
2020-11-07,22,62
2020-11-07,23,48
2020-11-08,0,31
2020-11-08,1,26
2020-11-08,2,16
2020-11-08,3,16
2020-11-08,4,16
2020-11-08,5,8
2020-11-08,6,8
2020-11-08,7,21
2020-11-08,8,31
2020-11-08,9,61
2020-11-08,10,88
2020-11-08,11,96
2020-11-08,12,113
2020-11-08,13,104
2020-11-08,14,109
2020-11-08,15,114
2020-11-08,16,105
2020-11-08,17,119
2020-11-08,18,120
2020-11-08,19,96
2020-11-08,20,67
2020-11-08,21,62
2020-11-08,22,44
2020-11-08,23,40
2020-11-09,0,16
2020-11-09,1,12
2020-11-09,2,4
2020-11-09,3,4
2020-11-09,4,0
2020-11-09,5,16
2020-11-09,6,21
2020-11-09,7,62
2020-11-09,8,170
2020-11-09,9,159
2020-11-09,10,116
2020-11-09,11,113
2020-11-09,12,128
2020-11-09,13,115
2020-11-09,14,124
2020-11-09,15,127
2020-11-09,16,127
2020-11-09,17,129
2020-11-09,18,124
2020-11-09,19,101
2020-11-09,20,80
2020-11-09,21,67
2020-11-09,22,40
2020-11-09,23,26
2020-11-10,0,16
2020-11-10,1,4
2020-11-10,2,4
2020-11-10,3,0
2020-11-10,4,4
2020-11-10,5,16
2020-11-10,6,36
2020-11-10,7,80
2020-11-10,8,168
2020-11-10,9,163
2020-11-10,10,124
2020-11-10,11,124
2020-11-10,12,119
2020-11-10,13,132
2020-11-10,14,119
2020-11-10,15,124
2020-11-10,16,119
2020-11-10,17,136
2020-11-10,18,150
2020-11-10,19,110
2020-11-10,20,88
2020-11-10,21,67
2020-11-10,22,44
2020-11-10,23,31
2020-11-11,0,12
2020-11-11,1,4
2020-11-11,2,0
2020-11-11,3,0
2020-11-11,4,8
2020-11-11,5,16
2020-11-11,6,36
2020-11-11,7,83
2020-11-11,8,168
2020-11-11,9,159
2020-11-11,10,127
2020-11-11,11,136
2020-11-11,12,136
2020-11-11,13,133
2020-11-11,14,125
2020-11-11,15,128
2020-11-11,16,120
2020-11-11,17,123
2020-11-11,18,128
2020-11-11,19,101
2020-11-11,20,76
2020-11-11,21,67
2020-11-11,22,52
2020-11-11,23,31
2020-11-12,0,16
2020-11-12,1,8
2020-11-12,2,0
2020-11-12,3,4
2020-11-12,4,0
2020-11-12,5,16
2020-11-12,6,31
2020-11-12,7,79
2020-11-12,8,155
2020-11-12,9,167
2020-11-12,10,123
2020-11-12,11,119
2020-11-12,12,145
2020-11-12,13,128
2020-11-12,14,124
2020-11-12,15,123
2020-11-12,16,136
2020-11-12,17,123
2020-11-12,18,141
2020-11-12,19,119
2020-11-12,20,88
2020-11-12,21,66
2020-11-12,22,52
2020-11-12,23,36
2020-11-13,0,21
2020-11-13,1,8
2020-11-13,2,0
2020-11-13,3,0
2020-11-13,4,8
2020-11-13,5,16
2020-11-13,6,31
2020-11-13,7,74
2020-11-13,8,163
2020-11-13,9,150
2020-11-13,10,141
2020-11-13,11,127
2020-11-13,12,137
2020-11-13,13,141
2020-11-13,14,141
2020-11-13,15,154
2020-11-13,16,149
2020-11-13,17,146
2020-11-13,18,159
2020-11-13,19,132
2020-11-13,20,96
2020-11-13,21,88
2020-11-13,22,67
2020-11-13,23,53
2020-11-14,0,40
2020-11-14,1,21
2020-11-14,2,16
2020-11-14,3,16
2020-11-14,4,16
2020-11-14,5,12
2020-11-14,6,16
2020-11-14,7,36
2020-11-14,8,65
2020-11-14,9,92
2020-11-14,10,101
2020-11-14,11,112
2020-11-14,12,145
2020-11-14,13,146
2020-11-14,14,173
2020-11-14,15,141
2020-11-14,16,136
2020-11-14,17,132
2020-11-14,18,123
2020-11-14,19,114
2020-11-14,20,96
2020-11-14,21,67
2020-11-14,22,57
2020-11-14,23,52
2020-11-15,0,31
2020-11-15,1,26
2020-11-15,2,16
2020-11-15,3,16
2020-11-15,4,16
2020-11-15,5,12
2020-11-15,6,8
2020-11-15,7,16
2020-11-15,8,31
2020-11-15,9,53
2020-11-15,10,88
2020-11-15,11,100
2020-11-15,12,113
2020-11-15,13,110
2020-11-15,14,114
2020-11-15,15,114
2020-11-15,16,110
2020-11-15,17,114
2020-11-15,18,110
2020-11-15,19,100
2020-11-15,20,67
2020-11-15,21,62
2020-11-15,22,48
2020-11-15,23,36
2020-11-16,0,16
2020-11-16,1,16
2020-11-16,2,4
2020-11-16,3,4
2020-11-16,4,0
2020-11-16,5,16
2020-11-16,6,31
2020-11-16,7,66
2020-11-16,8,167
2020-11-16,9,159
2020-11-16,10,123
2020-11-16,11,115
2020-11-16,12,123
2020-11-16,13,128
2020-11-16,14,129
2020-11-16,15,128
2020-11-16,16,128
2020-11-16,17,132
2020-11-16,18,116
2020-11-16,19,97
2020-11-16,20,76
2020-11-16,21,72
2020-11-16,22,40
2020-11-16,23,26
2020-11-17,0,16
2020-11-17,1,0
2020-11-17,2,0
2020-11-17,3,0
2020-11-17,12,124
2020-11-17,13,128
2020-11-17,14,114
2020-11-17,15,119
2020-11-17,16,114
2020-11-17,17,136
2020-11-17,18,145
2020-11-17,19,109
2020-11-17,20,84
2020-11-17,21,58
2020-11-17,22,48
2020-11-17,23,36
2020-11-18,0,12
2020-11-18,1,0
2020-11-18,2,0
2020-11-18,3,0
2020-11-18,4,0
2020-11-18,5,16
2020-11-18,6,31
2020-11-18,7,83
2020-11-18,8,164
2020-11-18,9,172
2020-11-18,10,132
2020-11-18,11,128
2020-11-18,12,137
2020-11-18,13,146
2020-11-18,14,124
2020-11-18,15,129
2020-11-18,16,115
2020-11-18,17,124
2020-11-18,18,128
2020-11-18,19,110
2020-11-18,20,80
2020-11-18,21,72
2020-11-18,22,52
2020-11-18,23,35
2020-11-19,0,16
2020-11-19,1,8
2020-11-19,2,0
2020-11-19,3,0
2020-11-19,4,0
2020-11-19,5,16
2020-11-19,6,31
2020-11-19,7,75
2020-11-19,8,168
2020-11-19,9,176
2020-11-19,10,127
2020-11-19,11,128
2020-11-19,12,142
2020-11-19,13,141
2020-11-19,14,128
2020-11-19,15,123
2020-11-19,16,131
2020-11-19,17,128
2020-11-19,18,149
2020-11-19,19,123
2020-11-19,20,92
2020-11-19,21,66
2020-11-19,22,57
2020-11-19,23,36
2020-11-20,0,21
2020-11-20,1,12
2020-11-20,2,0
2020-11-20,3,0
2020-11-20,4,4
2020-11-20,5,16
2020-11-20,6,31
2020-11-20,7,74
2020-11-20,8,167
2020-11-20,9,154
2020-11-20,10,145
2020-11-20,11,137
2020-11-20,12,137
2020-11-20,13,146
2020-11-20,14,137
2020-11-20,15,159
2020-11-20,16,145
2020-11-20,17,137
2020-11-20,18,164
2020-11-20,19,128
2020-11-20,20,101
2020-11-20,21,84
2020-11-20,22,62
2020-11-20,23,48
2020-11-21,0,40
2020-11-21,1,21
2020-11-21,2,16
2020-11-21,3,16
2020-11-21,4,16
2020-11-21,5,12
2020-11-21,6,16
2020-11-21,7,36
2020-11-21,8,70
2020-11-21,9,88
2020-11-21,10,96
2020-11-21,11,107
2020-11-21,12,141
2020-11-21,13,141
2020-11-21,14,149
2020-11-21,15,128
2020-11-21,16,132
2020-11-21,17,119
2020-11-21,18,118
2020-11-21,19,116
2020-11-21,20,96
2020-11-21,21,67
2020-11-21,22,57
2020-11-21,23,57
2020-11-22,0,31
2020-11-22,1,26
2020-11-22,2,16
2020-11-22,3,16
2020-11-22,4,16
2020-11-22,5,12
2020-11-22,6,12
2020-11-22,7,21
2020-11-22,8,31
2020-11-22,9,49
2020-11-22,10,80
2020-11-22,11,92
2020-11-22,12,97
2020-11-22,13,96
2020-11-22,14,104
2020-11-22,15,104
2020-11-22,16,96
2020-11-22,17,114
2020-11-22,18,110
2020-11-22,19,96
2020-11-22,20,67
2020-11-22,21,62
2020-11-22,22,44
2020-11-22,23,40
2020-11-23,0,16
2020-11-23,1,12
2020-11-23,2,4
2020-11-23,3,0
2020-11-23,4,8
2020-11-23,5,16
2020-11-23,6,26
2020-11-23,7,66
2020-11-23,8,167
2020-11-23,9,150
2020-11-23,10,119
2020-11-23,11,114
2020-11-23,12,118
2020-11-23,13,119
2020-11-23,14,118
2020-11-23,15,128
2020-11-23,16,128
2020-11-23,17,123
2020-11-23,18,120
2020-11-23,19,97
2020-11-23,20,80
2020-11-23,21,57
2020-11-23,22,40
2020-11-23,23,21
2020-11-24,0,16
2020-11-24,1,4
2020-11-24,2,0
2020-11-24,3,0
2020-11-24,4,4
2020-11-24,5,16
2020-11-24,6,36
2020-11-24,7,84
2020-11-24,8,168
2020-11-24,9,155
2020-11-24,10,120
2020-11-24,11,119
2020-11-24,12,114
2020-11-24,13,128
2020-11-24,14,119
2020-11-24,15,120
2020-11-24,16,114
2020-11-24,17,124
2020-11-24,18,141
2020-11-24,19,106
2020-11-24,20,88
2020-11-24,21,63
2020-11-24,22,53
2020-11-24,23,31
2020-11-25,0,12
2020-11-25,1,0
2020-11-25,2,0
2020-11-25,3,0
2020-11-25,4,0
2020-11-25,5,8
2020-11-25,6,36
2020-11-25,7,79
2020-11-25,8,160
2020-11-25,9,159
2020-11-25,10,124
2020-11-25,11,124
2020-11-25,12,132
2020-11-25,13,133
2020-11-25,14,118
2020-11-25,15,124
2020-11-25,16,115
2020-11-25,17,119
2020-11-25,18,128
2020-11-25,19,100
2020-11-25,20,80
2020-11-25,21,62
2020-11-25,22,52
2020-11-25,23,35
2020-11-26,0,16
2020-11-26,1,8
2020-11-26,2,0
2020-11-26,3,0
2020-11-26,4,0
2020-11-26,5,12
2020-11-26,6,36
2020-11-26,7,75
2020-11-26,8,164
2020-11-26,9,163
2020-11-26,10,115
2020-11-26,11,119
2020-11-26,12,127
2020-11-26,13,128
2020-11-26,14,123
2020-11-26,15,119
2020-11-26,16,127
2020-11-26,17,110
2020-11-26,18,133
2020-11-26,19,109
2020-11-26,20,88
2020-11-26,21,61
2020-11-26,22,52
2020-11-26,23,36
2020-11-27,0,21
2020-11-27,1,12
2020-11-27,2,0
2020-11-27,3,0
2020-11-27,4,4
2020-11-27,5,16
2020-11-27,6,26
2020-11-27,7,78
2020-11-27,8,163
2020-11-27,9,150
2020-11-27,10,137
2020-11-27,11,131
2020-11-27,12,133
2020-11-27,13,141
2020-11-27,14,123
2020-11-27,15,145
2020-11-27,16,136
2020-11-27,17,137
2020-11-27,18,150
2020-11-27,19,128
2020-11-27,20,109
2020-11-27,21,84
2020-11-27,22,62
2020-11-27,23,48
2020-11-28,0,40
2020-11-28,1,21
2020-11-28,2,16
2020-11-28,3,16
2020-11-28,4,12
2020-11-28,5,12
2020-11-28,6,16
2020-11-28,7,36
2020-11-28,8,70
2020-11-28,9,88
2020-11-28,10,101
2020-11-28,11,102
2020-11-28,12,141
2020-11-28,13,136
2020-11-28,14,163
2020-11-28,15,136
2020-11-28,16,132
2020-11-28,17,118
2020-11-28,18,123
2020-11-28,19,114
2020-11-28,20,92
2020-11-28,21,67
2020-11-28,22,61
2020-11-28,23,52
2020-11-29,0,31
2020-11-29,1,26
2020-11-29,2,16
2020-11-29,3,16
2020-11-29,4,16
2020-11-29,5,12
2020-11-29,6,12
2020-11-29,7,21
2020-11-29,8,31
2020-11-29,9,49
2020-11-29,10,76
2020-11-29,11,92
2020-11-29,12,105
2020-11-29,13,100
2020-11-29,14,104
2020-11-29,15,104
2020-11-29,16,101
2020-11-29,17,114
2020-11-29,18,105
2020-11-29,19,96
2020-11-29,20,67
2020-11-29,21,67
2020-11-29,22,44
2020-11-29,23,31
2020-11-30,0,16
2020-11-30,1,12
2020-11-30,2,4
2020-11-30,3,4
2020-11-30,4,4
2020-11-30,5,12
2020-11-30,6,31
2020-11-30,7,66
2020-11-30,8,172
2020-11-30,9,159
2020-11-30,10,123
2020-11-30,11,115
2020-11-30,12,123
2020-11-30,13,115
2020-11-30,14,123
2020-11-30,15,131
2020-11-30,16,124
2020-11-30,17,123
2020-11-30,18,119
2020-11-30,19,97
2020-11-30,20,76
2020-11-30,21,62
2020-11-30,22,40
2020-11-30,23,26
2020-12-01,0,16
2020-12-01,1,8
2020-12-01,2,8
2020-12-01,3,0
2020-12-01,4,4
2020-12-01,5,16
2020-12-01,6,36
2020-12-01,7,84
2020-12-01,8,167
2020-12-01,9,155
2020-12-01,10,119
2020-12-01,11,114
2020-12-01,12,110
2020-12-01,13,97
2020-12-01,14,0
2020-12-01,15,0
2020-12-01,16,0
2020-12-01,17,0
2020-12-01,18,0
2020-12-01,19,0
2020-12-01,20,0
2020-12-01,21,13
2020-12-01,22,57
2020-12-01,23,31
2020-12-02,0,12
2020-12-02,1,4
2020-12-02,2,0
2020-12-02,3,0
2020-12-02,4,0
2020-12-02,5,12
2020-12-02,6,36
2020-12-02,7,79
2020-12-02,8,164
2020-12-02,9,158
2020-12-02,10,128
2020-12-02,11,128
2020-12-02,12,128
2020-12-02,13,128
2020-12-02,14,119
2020-12-02,15,128
2020-12-02,16,110
2020-12-02,17,115
2020-12-02,18,128
2020-12-02,19,101
2020-12-02,20,72
2020-12-02,21,67
2020-12-02,22,52
2020-12-02,23,31
2020-12-03,0,16
2020-12-03,1,8
2020-12-03,2,0
2020-12-03,3,4
2020-12-03,4,0
2020-12-03,5,16
2020-12-03,6,31
2020-12-03,7,75
2020-12-03,8,164
2020-12-03,9,167
2020-12-03,10,115
2020-12-03,11,119
2020-12-03,12,136
2020-12-03,13,123
2020-12-03,14,105
2020-12-03,15,113
2020-12-03,16,119
2020-12-03,17,105
2020-12-03,18,120
2020-12-03,19,88
2020-12-03,20,62
2020-12-03,21,48
2020-12-03,22,36
2020-12-03,23,26
2020-12-04,0,8
2020-12-04,1,4
2020-12-04,2,0
2020-12-04,3,4
2020-12-04,4,8
2020-12-04,5,12
2020-12-04,6,31
2020-12-04,7,67
2020-12-04,8,163
2020-12-04,9,156
2020-12-04,10,128
2020-12-04,11,115
2020-12-04,12,115
2020-12-04,13,128
2020-12-04,14,124
2020-12-04,15,115
2020-12-04,16,124
2020-12-04,17,123
2020-12-04,18,136
2020-12-04,19,115
2020-12-04,20,72
2020-12-04,21,75
2020-12-04,22,48
2020-12-04,23,26
2020-12-05,0,26
2020-12-05,1,12
2020-12-05,2,8
2020-12-05,3,0
2020-12-05,4,0
2020-12-05,5,4
2020-12-05,6,12
2020-12-05,7,26
2020-12-05,8,70
2020-12-05,9,72
2020-12-05,11,88
2020-12-05,12,123
2020-12-05,13,132
2020-12-05,14,145
2020-12-05,15,128
2020-12-05,16,118
2020-12-05,17,123
2020-12-05,18,119
2020-12-05,19,104
2020-12-05,20,84
2020-12-05,21,48
2020-12-05,22,40
2020-12-05,23,39
2020-12-06,0,16
2020-12-06,1,12
2020-12-06,2,4
2020-12-06,3,4
2020-12-06,4,8
2020-12-06,5,12
2020-12-06,6,8
2020-12-06,7,27
2020-12-06,8,31
2020-12-06,9,49
2020-12-06,10,76
2020-12-06,11,71
2020-12-06,12,84
2020-12-06,13,84
2020-12-06,14,88
2020-12-06,15,101
2020-12-06,16,93
2020-12-06,17,118
2020-12-06,18,105
2020-12-06,19,92
2020-12-06,20,59
2020-12-06,21,48
2020-12-06,22,40
2020-12-06,23,30
2020-12-07,0,16
2020-12-07,1,13
2020-12-07,2,12
2020-12-07,3,0
2020-12-07,4,4
2020-12-07,5,8
2020-12-07,6,31
2020-12-07,7,66
2020-12-07,8,163
2020-12-07,9,149
2020-12-07,10,110
2020-12-07,11,97
2020-12-07,12,110
2020-12-07,13,110
2020-12-07,14,106
2020-12-07,15,132
2020-12-07,16,120
2020-12-07,17,124
2020-12-07,18,97
2020-12-07,19,88
2020-12-07,20,67
2020-12-07,21,44
2020-12-07,22,26
2020-12-07,23,26
2020-12-08,0,12
2020-12-08,1,4
2020-12-08,2,0
2020-12-08,3,0
2020-12-08,4,4
2020-12-08,5,8
2020-12-08,6,22
2020-12-08,7,75
2020-12-08,8,162
2020-12-08,9,158
2020-12-08,10,115
2020-12-08,11,120
2020-12-08,12,102
2020-12-08,13,128
2020-12-08,14,105
2020-12-08,15,110
2020-12-08,16,101
2020-12-08,17,114
2020-12-08,18,114
2020-12-08,19,93
2020-12-08,20,66
2020-12-08,21,44
2020-12-08,22,40
2020-12-08,23,26
2020-12-09,0,8
2020-12-09,1,0
2020-12-09,2,0
2020-12-09,3,0
2020-12-09,4,8
2020-12-09,5,8
2020-12-09,6,26
2020-12-09,7,75
2020-12-09,8,150
2020-12-09,9,145
2020-12-09,10,111
2020-12-09,11,105
2020-12-09,12,124
2020-12-09,13,124
2020-12-09,14,122
2020-12-09,15,132
2020-12-09,16,109
2020-12-09,17,119
2020-12-09,18,115
2020-12-09,19,88
2020-12-09,20,67
2020-12-09,21,48
2020-12-09,22,40
2020-12-09,23,26
2020-12-10,0,13
2020-12-10,1,0
2020-12-10,2,0
2020-12-10,3,0
2020-12-10,4,0
2020-12-10,5,8
2020-12-10,6,21
2020-12-10,7,75
2020-12-10,8,159
2020-12-10,9,150
2020-12-10,10,111
2020-12-10,11,97
2020-12-10,12,114
2020-12-10,13,105
2020-12-10,14,119
2020-12-10,15,119
2020-12-10,16,123
2020-12-10,17,110
2020-12-10,18,119
2020-12-10,19,96
2020-12-10,20,72
2020-12-10,21,53
2020-12-10,22,40
2020-12-10,23,30
2020-12-11,0,17
2020-12-11,1,4
2020-12-11,2,0
2020-12-11,3,0
2020-12-11,4,4
2020-12-11,5,16
2020-12-11,6,26
2020-12-11,7,79
2020-12-11,8,151
2020-12-11,9,151
2020-12-11,10,146
2020-12-11,11,142
2020-12-11,12,132
2020-12-11,13,163
2020-12-11,14,137
2020-12-11,15,154
2020-12-11,16,150
2020-12-11,17,145
2020-12-11,18,150
2020-12-11,19,128
2020-12-11,20,96
2020-12-11,21,71
2020-12-11,22,53
2020-12-11,23,40
2020-12-12,0,21
2020-12-12,1,21
2020-12-12,2,0
2020-12-12,3,0
2020-12-12,4,8
2020-12-12,5,8
2020-12-12,6,16
2020-12-12,7,31
2020-12-12,8,71
2020-12-12,9,92
2020-12-12,10,101
2020-12-12,11,119
2020-12-12,12,158
2020-12-12,13,164
2020-12-12,14,184
2020-12-12,15,142
2020-12-12,16,149
2020-12-12,17,138
2020-12-12,18,154
2020-12-12,19,133
2020-12-12,20,101
2020-12-12,21,53
2020-12-12,22,52
2020-12-12,23,44
2020-12-13,0,16
2020-12-13,1,12
2020-12-13,2,16
2020-12-13,3,4
2020-12-13,4,0
2020-12-13,5,4
2020-12-13,6,4
2020-12-13,7,21
2020-12-13,8,36
2020-12-13,9,49
2020-12-13,10,84
2020-12-13,11,101
2020-12-13,12,114
2020-12-13,13,96
2020-12-13,14,115
2020-12-13,15,114
2020-12-13,16,105
2020-12-13,17,114
2020-12-13,18,111
2020-12-13,19,84
2020-12-13,20,52
2020-12-13,21,52
2020-12-13,22,36
2020-12-13,23,21
2020-12-14,0,16
2020-12-14,1,12
2020-12-14,2,0
2020-12-14,3,0
2020-12-14,4,0
2020-12-14,5,12
2020-12-14,6,21
2020-12-14,7,61
2020-12-14,8,154
2020-12-14,9,151
2020-12-14,10,110
2020-12-14,11,114
2020-12-14,12,132
2020-12-14,13,132
2020-12-14,14,127
2020-12-14,15,140
2020-12-14,16,143
2020-12-14,17,128
2020-12-14,18,120
2020-12-14,19,80
2020-12-14,20,63
2020-12-14,21,57
2020-12-14,22,32
2020-12-14,23,21
2020-12-15,0,12
2020-12-15,1,0
2020-12-15,2,0
2020-12-15,3,0
2020-12-15,4,4
2020-12-15,5,16
2020-12-15,6,31
2020-12-15,7,70
2020-12-15,8,155
2020-12-15,9,176
2020-12-15,10,128
2020-12-15,11,132
2020-12-15,12,128
2020-12-15,13,159
2020-12-15,14,124
2020-12-15,15,137
2020-12-15,16,141
2020-12-15,17,132
2020-12-15,18,145
2020-12-15,19,110
2020-12-15,20,76
2020-12-15,21,57
2020-12-15,22,40
2020-12-15,23,21
2020-12-16,0,8
2020-12-16,1,0
2020-12-16,2,0
2020-12-16,3,0
2020-12-16,4,4
2020-12-16,5,8
2020-12-16,6,31
2020-12-16,7,79
2020-12-16,8,168
2020-12-16,9,181
2020-12-16,10,146
2020-12-16,11,133
2020-12-16,12,163
2020-12-16,13,146
2020-12-16,14,149
2020-12-16,15,133
2020-12-16,16,137
2020-12-16,17,123
2020-12-16,18,137
2020-12-16,19,88
2020-12-16,20,67
2020-12-16,21,53
2020-12-16,22,36
2020-12-16,23,25
2020-12-17,0,17
2020-12-17,1,4
2020-12-17,2,0
2020-12-17,3,0
2020-12-17,4,0
2020-12-17,5,12
2020-12-17,6,31
2020-12-17,7,71
2020-12-17,8,167
2020-12-17,9,177
2020-12-17,10,136
2020-12-17,11,133
2020-12-17,12,135
2020-12-17,13,141
2020-12-17,14,142
2020-12-17,15,142
2020-12-17,16,150
2020-12-17,17,128
2020-12-17,18,154
2020-12-17,19,133
2020-12-17,20,88
2020-12-17,21,57
2020-12-17,22,49
2020-12-17,23,35
2020-12-18,0,21
2020-12-18,1,12
2020-12-18,2,8
2020-12-18,3,8
2020-12-18,4,12
2020-12-18,5,26
2020-12-18,6,26
2020-12-18,7,74
2020-12-18,8,159
2020-12-18,9,155
2020-12-18,10,167
2020-12-18,11,142
2020-12-18,12,181
2020-12-18,13,176
2020-12-18,14,129
2020-12-18,15,168
2020-12-18,16,167
2020-12-18,17,159
2020-12-18,18,194
2020-12-18,19,127
2020-12-18,20,101
2020-12-18,21,67
2020-12-18,22,58
2020-12-18,23,40
2020-12-19,0,21
2020-12-19,1,16
2020-12-19,2,4
2020-12-19,3,0
2020-12-19,4,4
2020-12-19,5,12
2020-12-19,6,16
2020-12-19,7,31
2020-12-19,8,61
2020-12-19,9,88
2020-12-19,10,110
2020-12-19,11,120
2020-12-19,12,175
2020-12-19,13,154
2020-12-19,14,172
2020-12-19,15,155
2020-12-19,16,141
2020-12-19,17,144
2020-12-19,18,128
2020-12-19,19,120
2020-12-19,20,101
2020-12-19,21,53
2020-12-19,22,53
2020-12-19,23,35
2020-12-20,0,8
2020-12-20,1,12
2020-12-20,2,12
2020-12-20,3,8
2020-12-20,4,0
2020-12-20,5,4
2020-12-20,6,8
2020-12-20,7,16
2020-12-20,8,31
2020-12-20,9,48
2020-12-20,10,92
2020-12-20,11,96
2020-12-20,12,123
2020-12-20,13,120
2020-12-20,14,107
2020-12-20,15,101
2020-12-20,16,92
2020-12-20,17,114
2020-12-20,18,120
2020-12-20,19,96
2020-12-20,20,57
2020-12-20,21,58
2020-12-20,22,35
2020-12-20,23,21
2020-12-21,0,12
2020-12-21,1,12
2020-12-21,2,0
2020-12-21,3,0
2020-12-21,4,0
2020-12-21,5,8
2020-12-21,6,26
2020-12-21,7,61
2020-12-21,8,163
2020-12-21,9,168
2020-12-21,10,136
2020-12-21,11,137
2020-12-21,12,136
2020-12-21,13,150
2020-12-21,14,146
2020-12-21,15,163
2020-12-21,16,163
2020-12-21,17,133
2020-12-21,18,124
2020-12-21,19,101
2020-12-21,20,75
2020-12-21,21,62
2020-12-21,22,40
2020-12-21,23,26
2020-12-22,0,16
2020-12-22,1,8
2020-12-22,2,0
2020-12-22,3,0
2020-12-22,4,4
2020-12-22,5,12
2020-12-22,6,36
2020-12-22,7,79
2020-12-22,8,159
2020-12-22,9,142
2020-12-22,10,137
2020-12-22,11,141
2020-12-22,12,158
2020-12-22,13,156
2020-12-22,14,169
2020-12-22,15,151
2020-12-22,16,146
2020-12-22,17,171
2020-12-22,18,140
2020-12-22,19,114
2020-12-22,20,76
2020-12-22,21,58
2020-12-22,22,52
2020-12-22,23,16
2020-12-23,0,8
2020-12-23,1,0
2020-12-23,2,0
2020-12-23,3,0
2020-12-23,4,4
2020-12-23,5,12
2020-12-23,6,21
2020-12-23,7,75
2020-12-23,8,136
2020-12-23,9,163
2020-12-23,10,150
2020-12-23,11,172
2020-12-23,12,198
2020-12-23,13,199
2020-12-23,14,172
2020-12-23,15,172
2020-12-23,16,163
2020-12-23,17,158
2020-12-23,18,159
2020-12-23,19,110
2020-12-23,20,75
2020-12-23,21,66
2020-12-23,22,48
2020-12-23,23,25
2020-12-24,0,12
2020-12-24,1,0
2020-12-24,2,0
2020-12-24,3,0
2020-12-24,4,0
2020-12-24,5,16
2020-12-24,6,21
2020-12-24,7,62
2020-12-24,8,124
2020-12-24,9,149
2020-12-24,10,141
2020-12-24,11,168
2020-12-24,12,180
2020-12-24,13,167
2020-12-24,14,156
2020-12-24,15,156
2020-12-24,16,146
2020-12-24,17,124
2020-12-24,18,137
2020-12-24,19,114
2020-12-24,20,75
2020-12-24,21,57
2020-12-24,22,40
2020-12-24,23,16
2020-12-25,0,12
2020-12-25,1,0
2020-12-25,2,0
2020-12-25,3,0
2020-12-25,4,0
2020-12-25,5,0
2020-12-25,6,8
2020-12-25,7,61
2020-12-25,8,119
2020-12-25,9,140
2020-12-25,10,141
2020-12-25,11,76
2020-12-25,12,48
2020-12-25,13,57
2020-12-25,14,58
2020-12-25,15,57
2020-12-25,16,48
2020-12-25,17,40
2020-12-25,18,63
2020-12-25,19,58
2020-12-25,20,53
2020-12-25,21,44
2020-12-25,22,36
2020-12-25,23,21
2020-12-26,0,21
2020-12-26,1,16
2020-12-26,2,4
2020-12-26,3,0
2020-12-26,4,0
2020-12-26,5,8
2020-12-26,6,8
2020-12-26,7,31
2020-12-26,8,70
2020-12-26,9,88
2020-12-26,10,105
2020-12-26,11,85
2020-12-26,12,84
2020-12-26,13,71
2020-12-26,14,76
2020-12-26,15,76
2020-12-26,16,79
2020-12-26,17,75
2020-12-26,18,70
2020-12-26,19,74
2020-12-26,20,62
2020-12-26,21,40
2020-12-26,22,45
2020-12-26,23,31
2020-12-27,0,12
2020-12-27,1,8
2020-12-27,2,0
2020-12-27,3,0
2020-12-27,4,0
2020-12-27,5,4
2020-12-27,6,0
2020-12-27,7,16
2020-12-27,8,26
2020-12-27,9,45
2020-12-27,10,71
2020-12-27,11,76
2020-12-27,12,76
2020-12-27,13,76
2020-12-27,14,76
2020-12-27,15,92
2020-12-27,16,80
2020-12-27,17,84
2020-12-27,18,93
2020-12-27,19,72
2020-12-27,20,44
2020-12-27,21,40
2020-12-27,22,40
2020-12-27,23,26
2020-12-28,0,8
2020-12-28,1,4
2020-12-28,2,4
2020-12-28,3,0
2020-12-28,4,4
2020-12-28,5,8
2020-12-28,6,16
2020-12-28,7,44
2020-12-28,8,114
2020-12-28,9,102
2020-12-28,10,62
2020-12-28,11,67
2020-12-28,12,84
2020-12-28,13,88
2020-12-28,14,84
2020-12-28,15,101
2020-12-28,16,84
2020-12-28,17,80
2020-12-28,18,96
2020-12-28,19,71
2020-12-28,20,67
2020-12-28,21,48
2020-12-28,22,26
2020-12-28,23,21
2020-12-29,0,21
2020-12-29,1,4
2020-12-29,2,0
2020-12-29,3,0
2020-12-29,4,0
2020-12-29,5,8
2020-12-29,6,16
2020-12-29,7,49
2020-12-29,8,110
2020-12-29,9,101
2020-12-29,10,88
2020-12-29,11,92
2020-12-29,12,92
2020-12-29,13,105
2020-12-29,14,84
2020-12-29,15,101
2020-12-29,16,88
2020-12-29,17,92
2020-12-29,18,115
2020-12-29,19,88
2020-12-29,20,58
2020-12-29,21,44
2020-12-29,22,35
2020-12-29,23,26
2020-12-30,0,21
2020-12-30,1,0
2020-12-30,2,4
2020-12-30,3,0
2020-12-30,4,8
2020-12-30,5,12
2020-12-30,6,21
2020-12-30,7,58
2020-12-30,8,97
2020-12-30,9,128
2020-12-30,10,96
2020-12-30,11,101
2020-12-30,12,115
2020-12-30,13,118
2020-12-30,14,123
2020-12-30,15,93
2020-12-30,16,96
2020-12-30,17,96
2020-12-30,18,120
2020-12-30,19,84
2020-12-30,20,67
2020-12-30,21,52
2020-12-30,22,35
2020-12-30,23,21
2020-12-31,0,12
2020-12-31,1,4
2020-12-31,2,0
2020-12-31,3,0
2020-12-31,4,4
2020-12-31,5,16
2020-12-31,6,16
2020-12-31,7,39
2020-12-31,8,102
2020-12-31,9,97
2020-12-31,10,88
2020-12-31,11,101
2020-12-31,12,97
2020-12-31,13,128
2020-12-31,14,115
2020-12-31,15,105
2020-12-31,16,114
2020-12-31,17,88
2020-12-31,18,110
2020-12-31,19,92
2020-12-31,20,71
2020-12-31,21,53
2020-12-31,22,40
2020-12-31,23,26
2021-01-01,0,12
2021-01-01,1,8
2021-01-01,2,8
2021-01-01,3,0
2021-01-01,4,8
2021-01-01,5,8
2021-01-01,6,16
2021-01-01,7,66
2021-01-01,8,141
2021-01-01,9,132
2021-01-01,10,124
2021-01-01,11,119
2021-01-01,12,101
2021-01-01,13,79
2021-01-01,14,57
2021-01-01,15,67
2021-01-01,16,63
2021-01-01,17,71
2021-01-01,18,75
2021-01-01,19,76
2021-01-01,20,62
2021-01-01,21,53
2021-01-01,22,40
2021-01-01,23,35
2021-01-02,0,34
2021-01-02,1,12
2021-01-02,2,8
2021-01-02,3,0
2021-01-02,4,4
2021-01-02,5,8
2021-01-02,6,12
2021-01-02,7,36
2021-01-02,8,70
2021-01-02,9,88
2021-01-02,10,74
2021-01-02,11,67
2021-01-02,12,88
2021-01-02,13,76
2021-01-02,14,110
2021-01-02,15,84
2021-01-02,16,92
2021-01-02,17,93
2021-01-02,18,88
2021-01-02,19,84
2021-01-02,20,67
2021-01-02,21,44
2021-01-02,22,40
2021-01-02,23,36
2021-01-03,0,16
2021-01-03,1,8
2021-01-03,2,12
2021-01-03,3,12
2021-01-03,4,4
2021-01-03,5,4
2021-01-03,6,4
2021-01-03,7,21
2021-01-03,8,26
2021-01-03,9,40
2021-01-03,10,76
2021-01-03,11,61
2021-01-03,12,80
2021-01-03,13,72
2021-01-03,14,75
2021-01-03,15,88
2021-01-03,16,84
2021-01-03,17,88
2021-01-03,18,88
2021-01-03,19,80
2021-01-03,20,44
2021-01-03,21,44
2021-01-03,22,40
2021-01-03,23,21
2021-01-04,0,12
2021-01-04,1,12
2021-01-04,2,4
2021-01-04,3,4
2021-01-04,4,0
2021-01-04,5,8
2021-01-04,6,21
2021-01-04,7,39
2021-01-04,8,88
2021-01-04,9,93
2021-01-04,10,71
2021-01-04,11,66
2021-01-04,12,93
2021-01-04,13,105
2021-01-04,14,88
2021-01-04,15,97
2021-01-04,16,88
2021-01-04,17,88
2021-01-04,18,84
2021-01-04,19,84
2021-01-04,20,62
2021-01-04,21,44
2021-01-04,22,30
2021-01-04,23,12
2021-01-05,0,12
2021-01-05,1,0
2021-01-05,2,0
2021-01-05,3,0
2021-01-05,4,0
2021-01-05,5,8
2021-01-05,6,31
2021-01-05,7,62
2021-01-05,8,132
2021-01-05,9,93
2021-01-05,10,97
2021-01-05,11,110
2021-01-05,12,101
2021-01-05,13,114
2021-01-05,14,89
2021-01-05,15,97
2021-01-05,16,92
2021-01-05,17,105
2021-01-05,18,111
2021-01-05,19,80
2021-01-05,20,67
2021-01-05,21,40
2021-01-05,22,48
2021-01-05,23,16
2021-01-06,0,8
2021-01-06,1,0
2021-01-06,2,0
2021-01-06,3,0
2021-01-06,4,4
2021-01-06,5,8
2021-01-06,6,21
2021-01-06,7,79
2021-01-06,8,128
2021-01-06,9,127
2021-01-06,10,96
2021-01-06,11,106
2021-01-06,12,101
2021-01-06,13,101
2021-01-06,14,93
2021-01-06,15,101
2021-01-06,16,100
2021-01-06,17,88
2021-01-06,18,96
2021-01-06,19,71
2021-01-06,20,70
2021-01-06,21,36
2021-01-06,22,26
2021-01-06,23,26
2021-01-07,0,12
2021-01-07,1,0
2021-01-07,2,4
2021-01-07,3,4
2021-01-07,4,0
2021-01-07,5,12
2021-01-07,6,21
2021-01-07,7,71
2021-01-07,8,123
2021-01-07,9,123
2021-01-07,10,84
2021-01-07,11,88
2021-01-07,12,80
2021-01-07,13,80
2021-01-07,14,97
2021-01-07,15,88
2021-01-07,16,111
2021-01-07,17,100
2021-01-07,18,98
2021-01-07,19,84
2021-01-07,20,57
2021-01-07,21,35
2021-01-07,22,35
2021-01-07,23,26
2021-01-08,0,17
2021-01-08,1,0
2021-01-08,2,0
2021-01-08,3,0
2021-01-08,4,8
2021-01-08,5,17
2021-01-08,6,22
2021-01-08,7,74
2021-01-08,8,141
2021-01-08,9,137
2021-01-08,10,114
2021-01-08,11,110
2021-01-08,12,106
2021-01-08,13,120
2021-01-08,14,111
2021-01-08,15,111
2021-01-08,16,118
2021-01-08,17,124
2021-01-08,18,140
2021-01-08,19,110
2021-01-08,20,80
2021-01-08,21,66
2021-01-08,22,39
2021-01-08,23,36
2021-01-09,0,21
2021-01-09,1,12
2021-01-09,2,0
2021-01-09,3,12
2021-01-09,4,4
2021-01-09,5,8
2021-01-09,6,16
2021-01-09,7,31
2021-01-09,8,61
2021-01-09,9,75
2021-01-09,10,63
2021-01-09,11,80
2021-01-09,12,105
2021-01-09,13,123
2021-01-09,14,132
2021-01-09,15,124
2021-01-09,16,110
2021-01-09,17,101
2021-01-09,18,105
2021-01-09,19,88
2021-01-09,20,71
2021-01-09,21,44
2021-01-09,22,36
2021-01-09,23,40
2021-01-10,0,21
2021-01-10,1,12
2021-01-10,2,0
2021-01-10,3,0
2021-01-10,4,0
2021-01-10,5,0
2021-01-10,6,0
2021-01-10,7,16
2021-01-10,8,26
2021-01-10,9,45
2021-01-10,10,71
2021-01-10,11,76
2021-01-10,12,89
2021-01-10,13,80
2021-01-10,14,97
2021-01-10,15,88
2021-01-10,16,80
2021-01-10,17,96
2021-01-10,18,96
2021-01-10,19,76
2021-01-10,20,53
2021-01-10,21,58
2021-01-10,22,31
2021-01-10,23,21
2021-01-11,0,17
2021-01-11,1,8
2021-01-11,2,0
2021-01-11,3,0
2021-01-11,4,4
2021-01-11,5,12
2021-01-11,6,27
2021-01-11,7,63
2021-01-11,8,145
2021-01-11,9,123
2021-01-11,10,89
2021-01-11,11,105
2021-01-11,12,110
2021-01-11,13,105
2021-01-11,14,101
2021-01-11,15,105
2021-01-11,16,105
2021-01-11,17,93
2021-01-11,18,101
2021-01-11,19,76
2021-01-11,20,63
2021-01-11,21,44
2021-01-11,22,35
2021-01-11,23,21
2021-01-12,0,8
2021-01-12,1,0
2021-01-12,2,0
2021-01-12,3,4
2021-01-12,4,0
2021-01-12,5,8
2021-01-12,6,21
2021-01-12,7,61
2021-01-12,8,145
2021-01-12,9,129
2021-01-12,10,110
2021-01-12,11,101
2021-01-12,12,100
2021-01-12,13,109
2021-01-12,14,88
2021-01-12,15,101
2021-01-12,16,101
2021-01-12,17,104
2021-01-12,18,114
2021-01-12,19,85
2021-01-12,20,62
2021-01-12,21,40
2021-01-12,22,36
2021-01-12,23,26
2021-01-13,0,4
2021-01-13,1,0
2021-01-13,2,0
2021-01-13,3,0
2021-01-13,4,4
2021-01-13,5,8
2021-01-13,6,26
2021-01-13,7,70
2021-01-13,8,137
2021-01-13,9,114
2021-01-13,10,101
2021-01-13,11,109
2021-01-13,12,101
2021-01-13,13,109
2021-01-13,14,97
2021-01-13,15,110
2021-01-13,16,96
2021-01-13,17,101
2021-01-13,18,97
2021-01-13,19,75
2021-01-13,20,58
2021-01-13,21,48
2021-01-13,22,31
2021-01-13,23,21
2021-01-14,0,12
2021-01-14,1,4
2021-01-14,2,0
2021-01-14,3,0
2021-01-14,4,0
2021-01-14,5,12
2021-01-14,6,26
2021-01-14,7,70
2021-01-14,8,128
2021-01-14,9,136
2021-01-14,10,88
2021-01-14,11,80
2021-01-14,12,92
2021-01-14,13,105
2021-01-14,14,97
2021-01-14,15,96
2021-01-14,16,101
2021-01-14,17,88
2021-01-14,18,101
2021-01-14,19,97
2021-01-14,20,66
2021-01-14,21,40
2021-01-14,22,36
2021-01-14,23,21
2021-01-15,0,12
2021-01-15,1,0
2021-01-15,2,0
2021-01-15,3,0
2021-01-15,4,0
2021-01-15,5,8
2021-01-15,6,21
2021-01-15,7,63
2021-01-15,8,132
2021-01-15,9,110
2021-01-15,10,123
2021-01-15,11,114
2021-01-15,12,111
2021-01-15,13,133
2021-01-15,14,109
2021-01-15,15,133
2021-01-15,16,119
2021-01-15,17,113
2021-01-15,18,141
2021-01-15,19,105
2021-01-15,20,76
2021-01-15,21,66
2021-01-15,22,58
2021-01-15,23,35
2021-01-16,0,21
2021-01-16,1,12
2021-01-16,2,8
2021-01-16,3,0
2021-01-16,4,0
2021-01-16,5,4
2021-01-16,6,16
2021-01-16,7,36
2021-01-16,8,49
2021-01-16,9,57
2021-01-16,10,67
2021-01-16,11,80
2021-01-16,12,102
2021-01-16,13,114
2021-01-16,14,141
2021-01-16,15,115
2021-01-16,16,114
2021-01-16,17,110
2021-01-16,18,119
2021-01-16,19,92
2021-01-16,20,80
2021-01-16,21,53
2021-01-16,22,48
2021-01-16,23,31
2021-01-17,0,16
2021-01-17,1,12
2021-01-17,2,8
2021-01-17,3,4
2021-01-17,4,0
2021-01-17,5,8
2021-01-17,6,4
2021-01-17,7,16
2021-01-17,8,31
2021-01-17,9,53
2021-01-17,10,57
2021-01-17,11,66
2021-01-17,12,71
2021-01-17,13,80
2021-01-17,14,89
2021-01-17,15,101
2021-01-17,16,80
2021-01-17,17,88
2021-01-17,18,80
2021-01-17,19,76
2021-01-17,20,40
2021-01-17,21,44
2021-01-17,22,31
2021-01-17,23,21
2021-01-18,0,12
2021-01-18,1,0
2021-01-18,2,0
2021-01-18,3,0
2021-01-18,4,0
2021-01-18,5,12
2021-01-18,6,21
2021-01-18,7,57
2021-01-18,8,137
2021-01-18,9,119
2021-01-18,10,109
2021-01-18,11,96
2021-01-18,12,123
2021-01-18,13,110
2021-01-18,14,106
2021-01-18,15,106
2021-01-18,16,110
2021-01-18,17,97
2021-01-18,18,96
2021-01-18,19,72
2021-01-18,20,58
2021-01-18,21,49
2021-01-18,22,40
2021-01-18,23,17
2021-01-19,0,16
2021-01-19,1,4
2021-01-19,2,0
2021-01-19,3,0
2021-01-19,4,4
2021-01-19,5,4
2021-01-19,6,35
2021-01-19,7,70
2021-01-19,8,110
2021-01-19,9,132
2021-01-19,10,109
2021-01-19,11,93
2021-01-19,12,114
2021-01-19,13,128
2021-01-19,14,98
2021-01-19,15,110
2021-01-19,16,100
2021-01-19,17,117
2021-01-19,18,123
2021-01-19,19,76
2021-01-19,20,53
2021-01-19,21,44
2021-01-19,22,40
2021-01-19,23,16
2021-01-20,0,8
2021-01-20,1,0
2021-01-20,2,0
2021-01-20,3,0
2021-01-20,4,0
2021-01-20,5,12
2021-01-20,6,21
2021-01-20,7,79
2021-01-20,8,118
2021-01-20,9,141
2021-01-20,10,102
2021-01-20,11,105
2021-01-20,12,101
2021-01-20,13,105
2021-01-20,14,110
2021-01-20,15,96
2021-01-20,16,100
2021-01-20,17,92
2021-01-20,18,114
2021-01-20,19,72
2021-01-20,20,57
2021-01-20,21,40
2021-01-20,22,31
2021-01-20,23,26
2021-01-21,0,26
2021-01-21,1,4
2021-01-21,2,0
2021-01-21,3,0
2021-01-21,4,0
2021-01-21,5,12
2021-01-21,6,26
2021-01-21,7,67
2021-01-21,8,143
2021-01-21,9,137
2021-01-21,10,102
2021-01-21,11,84
2021-01-21,12,101
2021-01-21,13,100
2021-01-21,14,101
2021-01-21,15,88
2021-01-21,16,119
2021-01-21,17,101
2021-01-21,18,115
2021-01-21,19,92
2021-01-21,20,71
2021-01-21,21,49
2021-01-21,22,44
2021-01-21,23,26
2021-01-22,0,17
2021-01-22,1,4
2021-01-22,2,0
2021-01-22,3,0
2021-01-22,4,4
2021-01-22,5,8
2021-01-22,6,21
2021-01-22,7,66
2021-01-22,8,144
2021-01-22,9,141
2021-01-22,10,119
2021-01-22,11,105
2021-01-22,12,106
2021-01-22,13,132
2021-01-22,14,114
2021-01-22,15,128
2021-01-22,16,128
2021-01-22,17,123
2021-01-22,18,124
2021-01-22,19,115
2021-01-22,20,88
2021-01-22,21,67
2021-01-22,22,36
2021-01-22,23,36
2021-01-23,0,26
2021-01-23,1,12
2021-01-23,2,4
2021-01-23,3,0
2021-01-23,4,4
2021-01-23,5,4
2021-01-23,6,16
2021-01-23,7,36
2021-01-23,8,70
2021-01-23,9,67
2021-01-23,10,75
2021-01-23,11,80
2021-01-23,12,122
2021-01-23,13,128
2021-01-23,14,162
2021-01-23,15,127
2021-01-23,16,122
2021-01-23,17,122
2021-01-23,18,119
2021-01-23,19,105
2021-01-23,20,80
2021-01-23,21,53
2021-01-23,22,40
2021-01-23,23,40
2021-01-24,0,16
2021-01-24,1,8
2021-01-24,2,8
2021-01-24,3,4
2021-01-24,4,4
2021-01-24,5,0
2021-01-24,6,4
2021-01-24,7,16
2021-01-24,8,31
2021-01-24,9,45
2021-01-24,10,67
2021-01-24,11,70
2021-01-24,12,85
2021-01-24,13,80
2021-01-24,14,92
2021-01-24,15,100
2021-01-24,16,93
2021-01-24,17,84
2021-01-24,18,105
2021-01-24,19,80
2021-01-24,20,53
2021-01-24,21,40
2021-01-24,22,36
2021-01-24,23,21
2021-01-25,0,16
2021-01-25,1,8
2021-01-25,2,0
2021-01-25,3,0
2021-01-25,4,4
2021-01-25,5,8
2021-01-25,6,16
2021-01-25,7,53
2021-01-25,8,132
2021-01-25,9,128
2021-01-25,10,132
2021-01-25,11,93
2021-01-25,12,109
2021-01-25,13,114
2021-01-25,14,117
2021-01-25,15,106
2021-01-25,16,110
2021-01-25,17,116
2021-01-25,18,109
2021-01-25,19,71
2021-01-25,20,53
2021-01-25,21,44
2021-01-25,22,26
2021-01-25,23,17
2021-01-26,0,8
2021-01-26,1,4
2021-01-26,2,0
2021-01-26,3,0
2021-01-26,4,0
2021-01-26,5,8
2021-01-26,6,26
2021-01-26,7,71
2021-01-26,8,119
2021-01-26,9,129
2021-01-26,10,109
2021-01-26,11,106
2021-01-26,12,97
2021-01-26,13,119
2021-01-26,14,114
2021-01-26,15,111
2021-01-26,16,97
2021-01-26,17,123
2021-01-26,18,115
2021-01-26,19,88
2021-01-26,20,72
2021-01-26,21,53
2021-01-26,22,36
2021-01-26,23,12
2021-01-27,0,4
2021-01-27,1,0
2021-01-27,2,4
2021-01-27,3,0
2021-01-27,4,0
2021-01-27,5,12
2021-01-27,6,21
2021-01-27,7,74
2021-01-27,8,141
2021-01-27,9,125
2021-01-27,10,110
2021-01-27,11,110
2021-01-27,12,97
2021-01-27,13,106
2021-01-27,14,96
2021-01-27,15,105
2021-01-27,16,92
2021-01-27,17,93
2021-01-27,18,118
2021-01-27,19,80
2021-01-27,20,58
2021-01-27,21,44
2021-01-27,22,40
2021-01-27,23,25
2021-01-28,0,8
2021-01-28,1,8
2021-01-28,2,4
2021-01-28,3,0
2021-01-28,4,0
2021-01-28,5,12
2021-01-28,6,21
2021-01-28,7,66
2021-01-28,8,141
2021-01-28,9,128
2021-01-28,10,106
2021-01-28,11,92
2021-01-28,12,101
2021-01-28,13,115
2021-01-28,14,106
2021-01-28,15,105
2021-01-28,16,110
2021-01-28,17,97
2021-01-28,18,110
2021-01-28,19,92
2021-01-28,20,67
2021-01-28,21,39
2021-01-28,22,36
2021-01-28,23,26
2021-01-29,0,17
2021-01-29,1,4
2021-01-29,2,0
2021-01-29,3,0
2021-01-29,4,0
2021-01-29,5,4
2021-01-29,6,21
2021-01-29,7,71
2021-01-29,8,128
2021-01-29,9,102
2021-01-29,10,110
2021-01-29,11,118
2021-01-29,12,124
2021-01-29,13,136
2021-01-29,14,120
2021-01-29,15,137
2021-01-29,16,124
2021-01-29,17,136
2021-01-29,18,155
2021-01-29,19,114
2021-01-29,20,76
2021-01-29,21,62
2021-01-29,22,40
2021-01-29,23,35
2021-01-30,0,21
2021-01-30,1,12
2021-01-30,2,4
2021-01-30,3,0
2021-01-30,4,8
2021-01-30,5,8
2021-01-30,6,12
2021-01-30,7,36
2021-01-30,8,53
2021-01-30,9,62
2021-01-30,10,75
2021-01-30,11,88
2021-01-30,12,132
2021-01-30,13,132
2021-01-30,14,146
2021-01-30,15,120
2021-01-30,16,127
2021-01-30,17,110
2021-01-30,18,123
2021-01-30,19,109
2021-01-30,20,76
2021-01-30,21,53
2021-01-30,22,49
2021-01-30,23,35
2021-01-31,0,12
2021-01-31,1,8
2021-01-31,2,12
2021-01-31,3,0
2021-01-31,4,4
2021-01-31,5,4
2021-01-31,6,4
2021-01-31,7,16
2021-01-31,8,21
2021-01-31,9,53
2021-01-31,10,66
2021-01-31,11,80
2021-01-31,12,84
2021-01-31,13,84
2021-01-31,14,97
2021-01-31,15,101
2021-01-31,16,97
2021-01-31,17,106
2021-01-31,18,102
2021-01-31,19,92
2021-01-31,20,67
2021-01-31,21,53
2021-01-31,22,44
2021-01-31,23,26
2021-02-01,0,12
2021-02-01,1,12
2021-02-01,2,0
2021-02-01,3,0
2021-02-01,4,8
2021-02-01,5,12
2021-02-01,6,16
2021-02-01,7,53
2021-02-01,8,137
2021-02-01,9,123
2021-02-01,10,115
2021-02-01,11,110
2021-02-01,12,113
2021-02-01,13,115
2021-02-01,14,123
2021-02-01,15,119
2021-02-01,16,114
2021-02-01,17,111
2021-02-01,18,109
2021-02-01,19,84
2021-02-01,20,61
2021-02-01,21,53
2021-02-01,22,26
2021-02-01,23,21
2021-02-02,0,12
2021-02-02,1,4
2021-02-02,2,0
2021-02-02,3,0
2021-02-02,4,0
2021-02-02,5,4
2021-02-02,6,36
2021-02-02,7,75
2021-02-02,8,111
2021-02-02,9,124
2021-02-02,10,105
2021-02-02,11,110
2021-02-02,12,109
2021-02-02,13,116
2021-02-02,14,96
2021-02-02,15,97
2021-02-02,16,101
2021-02-02,17,115
2021-02-02,18,123
2021-02-02,19,89
2021-02-02,20,67
2021-02-02,21,48
2021-02-02,22,44
2021-02-02,23,21
2021-02-03,0,17
2021-02-03,1,4
2021-02-03,2,0
2021-02-03,3,0
2021-02-03,4,4
2021-02-03,5,12
2021-02-03,6,31
2021-02-03,7,70
2021-02-03,8,142
2021-02-03,9,137
2021-02-03,10,115
2021-02-03,11,109
2021-02-03,12,113
2021-02-03,13,136
2021-02-03,14,100
2021-02-03,15,106
2021-02-03,16,106
2021-02-03,17,102
2021-02-03,18,109
2021-02-03,19,88
2021-02-03,20,62
2021-02-03,21,44
2021-02-03,22,36
2021-02-03,23,21
2021-02-04,0,12
2021-02-04,1,0
2021-02-04,2,0
2021-02-04,3,0
2021-02-04,4,0
2021-02-04,5,12
2021-02-04,6,21
2021-02-04,7,58
2021-02-04,8,138
2021-02-04,9,133
2021-02-04,10,97
2021-02-04,11,97
2021-02-04,12,110
2021-02-04,13,106
2021-02-04,14,105
2021-02-04,15,102
2021-02-04,16,123
2021-02-04,17,105
2021-02-04,18,115
2021-02-04,19,92
2021-02-04,20,71
2021-02-04,21,44
2021-02-04,22,36
2021-02-04,23,26
2021-02-05,0,17
2021-02-05,1,0
2021-02-05,2,0
2021-02-05,3,0
2021-02-05,4,4
2021-02-05,5,8
2021-02-05,6,27
2021-02-05,7,61
2021-02-05,8,133
2021-02-05,9,110
2021-02-05,10,119
2021-02-05,11,124
2021-02-05,12,140
2021-02-05,13,141
2021-02-05,14,128
2021-02-05,15,146
2021-02-05,16,114
2021-02-05,17,125
2021-02-05,18,159
2021-02-05,19,115
2021-02-05,20,88
2021-02-05,21,70
2021-02-05,22,48
2021-02-05,23,31
2021-02-06,0,16
2021-02-06,1,16
2021-02-06,2,4
2021-02-06,3,0
2021-02-06,4,4
2021-02-06,5,8
2021-02-06,6,12
2021-02-06,7,36
2021-02-06,8,65
2021-02-06,9,72
2021-02-06,10,88
2021-02-06,11,106
2021-02-06,12,132
2021-02-06,13,132
2021-02-06,14,149
2021-02-06,15,142
2021-02-06,16,132
2021-02-06,17,113
2021-02-06,18,115
2021-02-06,19,109
2021-02-06,20,80
2021-02-06,21,53
2021-02-06,22,45
2021-02-06,23,40
2021-02-07,0,16
2021-02-07,1,12
2021-02-07,2,8
2021-02-07,3,4
2021-02-07,4,4
2021-02-07,5,4
2021-02-07,6,4
2021-02-07,7,16
2021-02-07,8,31
2021-02-07,9,71
2021-02-07,10,62
2021-02-07,11,67
2021-02-07,12,93
2021-02-07,13,88
2021-02-07,14,92
2021-02-07,15,101
2021-02-07,16,92
2021-02-07,17,101
2021-02-07,18,88
2021-02-07,19,101
2021-02-07,20,52
2021-02-07,21,48
2021-02-07,22,44
2021-02-07,23,21
2021-02-08,0,12
2021-02-08,1,4
2021-02-08,2,0
2021-02-08,3,0
2021-02-08,4,4
2021-02-08,5,16
2021-02-08,6,26
2021-02-08,7,62
2021-02-08,8,145
2021-02-08,9,124
2021-02-08,10,106
2021-02-08,11,114
2021-02-08,12,127
2021-02-08,13,123
2021-02-08,14,105
2021-02-08,15,119
2021-02-08,16,113
2021-02-08,17,102
2021-02-08,18,114
2021-02-08,19,80
2021-02-08,20,71
2021-02-08,21,58
2021-02-08,22,35
2021-02-08,23,26
2021-02-09,0,12
2021-02-09,1,0
2021-02-09,2,0
2021-02-09,3,0
2021-02-09,4,4
2021-02-09,5,17
2021-02-09,6,31
2021-02-09,7,79
2021-02-09,8,166
2021-02-09,9,137
2021-02-09,10,114
2021-02-09,11,92
2021-02-09,12,88
2021-02-09,13,93
2021-02-09,14,71
2021-02-09,15,75
2021-02-09,16,71
2021-02-09,17,88
2021-02-09,18,104
2021-02-09,19,75
2021-02-09,20,53
2021-02-09,21,44
2021-02-09,22,48
2021-02-09,23,31
2021-02-10,0,13
2021-02-10,1,0
2021-02-10,2,0
2021-02-10,3,0
2021-02-10,4,0
2021-02-10,5,21
2021-02-10,6,26
2021-02-10,7,83
2021-02-10,8,151
2021-02-10,9,131
2021-02-10,10,100
2021-02-10,11,109
2021-02-10,12,105
2021-02-10,13,110
2021-02-10,14,97
2021-02-10,15,101
2021-02-10,16,140
2021-02-10,17,156
2021-02-10,18,155
2021-02-10,19,84
2021-02-10,20,67
2021-02-10,21,57
2021-02-10,22,40
2021-02-10,23,30
2021-02-11,0,12
2021-02-11,1,4
2021-02-11,2,0
2021-02-11,3,0
2021-02-11,4,0
2021-02-11,5,13
2021-02-11,6,26
2021-02-11,7,70
2021-02-11,8,159
2021-02-11,9,146
2021-02-11,10,115
2021-02-11,11,119
2021-02-11,12,128
2021-02-11,13,129
2021-02-11,14,127
2021-02-11,15,124
2021-02-11,16,136
2021-02-11,17,120
2021-02-11,18,149
2021-02-11,19,115
2021-02-11,20,76
2021-02-11,21,62
2021-02-11,22,40
2021-02-11,23,21
2021-02-12,0,17
2021-02-12,1,8
2021-02-12,2,0
2021-02-12,3,0
2021-02-12,4,8
2021-02-12,5,12
2021-02-12,6,26
2021-02-12,7,74
2021-02-12,8,146
2021-02-12,9,137
2021-02-12,10,141
2021-02-12,11,141
2021-02-12,12,146
2021-02-12,13,173
2021-02-12,14,165
2021-02-12,15,195
2021-02-12,16,154
2021-02-12,17,163
2021-02-12,18,180
2021-02-12,19,146
2021-02-12,20,105
2021-02-12,21,84
2021-02-12,22,48
2021-02-12,23,49
2021-02-13,0,21
2021-02-13,1,16
2021-02-13,2,12
2021-02-13,3,0
2021-02-13,4,4
2021-02-13,5,12
2021-02-13,6,16
2021-02-13,7,35
2021-02-13,8,57
2021-02-13,9,76
2021-02-13,10,96
2021-02-13,11,111
2021-02-13,12,159
2021-02-13,13,176
2021-02-13,14,181
2021-02-13,15,159
2021-02-13,16,154
2021-02-13,17,110
2021-02-13,18,145
2021-02-13,19,137
2021-02-13,20,92
2021-02-13,21,53
2021-02-13,22,45
2021-02-13,23,44
2021-02-14,0,16
2021-02-14,1,12
2021-02-14,2,12
2021-02-14,3,4
2021-02-14,4,0
2021-02-14,5,4
2021-02-14,6,4
2021-02-14,7,16
2021-02-14,8,36
2021-02-14,9,49
2021-02-14,10,76
2021-02-14,11,80
2021-02-14,12,101
2021-02-14,13,113
2021-02-14,14,109
2021-02-14,15,110
2021-02-14,16,103
2021-02-14,17,110
2021-02-14,18,123
2021-02-14,19,109
2021-02-14,20,76
2021-02-14,21,49
2021-02-14,22,40
2021-02-14,23,30
2021-02-15,0,21
2021-02-15,1,12
2021-02-15,2,0
2021-02-15,3,4
2021-02-15,4,0
2021-02-15,5,8
2021-02-15,6,21
2021-02-15,7,71
2021-02-15,8,158
2021-02-15,9,141
2021-02-15,10,97
2021-02-15,11,114
2021-02-15,12,141
2021-02-15,13,128
2021-02-15,14,131
2021-02-15,15,128
2021-02-15,16,140
2021-02-15,17,133
2021-02-15,18,128
2021-02-15,19,105
2021-02-15,20,62
2021-02-15,21,66
2021-02-15,22,35
2021-02-15,23,22
2021-02-16,0,12
2021-02-16,1,0
2021-02-16,2,0
2021-02-16,3,0
2021-02-16,4,4
2021-02-16,5,8
2021-02-16,6,26
2021-02-16,7,79
2021-02-16,8,132
2021-02-16,9,146
2021-02-16,10,127
2021-02-16,11,115
2021-02-16,12,132
2021-02-16,13,132
2021-02-16,14,122
2021-02-16,15,124
2021-02-16,16,127
2021-02-16,17,140
2021-02-16,18,150
2021-02-16,19,112
2021-02-16,20,88
2021-02-16,21,61
2021-02-16,22,48
2021-02-16,23,31
2021-02-17,0,12
2021-02-17,1,0
2021-02-17,2,4
2021-02-17,3,0
2021-02-17,4,4
2021-02-17,5,8
2021-02-17,6,36
2021-02-17,7,79
2021-02-17,8,155
2021-02-17,9,163
2021-02-17,10,129
2021-02-17,11,133
2021-02-17,12,145
2021-02-17,13,141
2021-02-17,14,132
2021-02-17,15,129
2021-02-17,16,127
2021-02-17,17,124
2021-02-17,18,133
2021-02-17,19,88
2021-02-17,20,57
2021-02-17,21,56
2021-02-17,22,52
2021-02-17,23,30
2021-02-18,0,12
2021-02-18,1,0
2021-02-18,2,0
2021-02-18,3,0
2021-02-18,4,0
2021-02-18,5,12
2021-02-18,6,21
2021-02-18,7,83
2021-02-18,8,151
2021-02-18,9,158
2021-02-18,10,115
2021-02-18,11,114
2021-02-18,12,132
2021-02-18,13,125
2021-02-18,14,133
2021-02-18,15,123
2021-02-18,16,149
2021-02-18,17,128
2021-02-18,18,138
2021-02-18,19,111
2021-02-18,20,76
2021-02-18,21,84
2021-02-18,22,48
2021-02-18,23,26
2021-02-19,0,16
2021-02-19,1,4
2021-02-19,2,0
2021-02-19,3,0
2021-02-19,4,4
2021-02-19,5,8
2021-02-19,6,26
2021-02-19,7,74
2021-02-19,8,151
2021-02-19,9,132
2021-02-19,10,132
2021-02-19,11,137
2021-02-19,12,131
2021-02-19,13,137
2021-02-19,14,124
2021-02-19,15,180
2021-02-19,16,150
2021-02-19,17,137
2021-02-19,18,145
2021-02-19,19,119
2021-02-19,20,101
2021-02-19,21,61
2021-02-19,22,48
2021-02-19,23,44
2021-02-20,0,16
2021-02-20,1,16
2021-02-20,2,4
2021-02-20,3,4
2021-02-20,4,4
2021-02-20,5,8
2021-02-20,6,12
2021-02-20,7,36
2021-02-20,8,53
2021-02-20,9,58
2021-02-20,10,88
2021-02-20,11,92
2021-02-20,12,137
2021-02-20,13,132
2021-02-20,14,168
2021-02-20,15,132
2021-02-20,16,123
2021-02-20,17,122
2021-02-20,18,119
2021-02-20,19,96
2021-02-20,20,92
2021-02-20,21,53
2021-02-20,22,40
2021-02-20,23,31
2021-02-21,0,12
2021-02-21,1,12
2021-02-21,2,4
2021-02-21,3,0
2021-02-21,4,4
2021-02-21,5,4
2021-02-21,6,4
2021-02-21,7,16
2021-02-21,8,31
2021-02-21,9,49
2021-02-21,10,75
2021-02-21,11,72
2021-02-21,12,97
2021-02-21,13,107
2021-02-21,14,106
2021-02-21,15,114
2021-02-21,16,102
2021-02-21,17,106
2021-02-21,18,106
2021-02-21,19,93
2021-02-21,20,53
2021-02-21,21,52
2021-02-21,22,40
2021-02-21,23,21
2021-02-22,0,8
2021-02-22,1,8
2021-02-22,2,0
2021-02-22,3,4
2021-02-22,4,0
2021-02-22,5,8
2021-02-22,6,26
2021-02-22,7,58
2021-02-22,8,140
2021-02-22,9,150
2021-02-22,10,109
2021-02-22,11,115
2021-02-22,12,128
2021-02-22,13,123
2021-02-22,14,115
2021-02-22,15,120
2021-02-22,16,123
2021-02-22,17,116
2021-02-22,18,115
2021-02-22,19,96
2021-02-22,20,61
2021-02-22,21,48
2021-02-22,22,40
2021-02-22,23,21
2021-02-23,0,12
2021-02-23,1,0
2021-02-23,2,4
2021-02-23,3,0
2021-02-23,4,4
2021-02-23,5,5
2021-02-23,8,176
2021-02-23,9,146
2021-02-23,10,105
2021-02-23,11,105
2021-02-23,12,111
2021-02-23,13,119
2021-02-23,14,109
2021-02-23,15,110
2021-02-23,16,105
2021-02-23,17,119
2021-02-23,18,132
2021-02-23,19,81
2021-02-23,20,71
2021-02-23,21,40
2021-02-23,22,35
2021-02-23,23,30
2021-02-24,0,16
2021-02-24,1,4
2021-02-24,2,0
2021-02-24,3,0
2021-02-24,4,4
2021-02-24,5,16
2021-02-24,6,30
2021-02-24,7,80
2021-02-24,8,156
2021-02-24,9,188
2021-02-24,10,124
2021-02-24,11,114
2021-02-24,12,118
2021-02-24,13,133
2021-02-24,14,119
2021-02-24,15,111
2021-02-24,16,109
2021-02-24,17,110
2021-02-24,18,119
2021-02-24,19,83
2021-02-24,20,62
2021-02-24,21,48
2021-02-24,22,40
2021-02-24,23,21
2021-02-25,0,13
2021-02-25,1,4
2021-02-25,2,0
2021-02-25,3,0
2021-02-25,4,0
2021-02-25,5,8
2021-02-25,6,21
2021-02-25,7,66
2021-02-25,8,155
2021-02-25,9,141
2021-02-25,10,100
2021-02-25,11,110
2021-02-25,12,127
2021-02-25,13,124
2021-02-25,14,116
2021-02-25,15,101
2021-02-25,16,119
2021-02-25,17,115
2021-02-25,18,114
2021-02-25,19,101
2021-02-25,20,75
2021-02-25,21,49
2021-02-25,22,48
2021-02-25,23,26
2021-02-26,0,17
2021-02-26,1,4
2021-02-26,2,4
2021-02-26,3,0
2021-02-26,4,4
2021-02-26,5,12
2021-02-26,6,30
2021-02-26,7,62
2021-02-26,8,140
2021-02-26,9,142
2021-02-26,10,123
2021-02-26,11,115
2021-02-26,12,132
2021-02-26,13,132
2021-02-26,14,124
2021-02-26,15,132
2021-02-26,16,116
2021-02-26,17,137
2021-02-26,18,155
2021-02-26,19,134
2021-02-26,20,88
2021-02-26,21,71
2021-02-26,22,44
2021-02-26,23,36
2021-02-27,0,17
2021-02-27,1,12
2021-02-27,2,4
2021-02-27,3,4
2021-02-27,4,8
2021-02-27,5,0
2021-02-27,6,12
2021-02-27,7,30
2021-02-27,8,57
2021-02-27,9,79
2021-02-27,10,84
2021-02-27,11,88
2021-02-27,12,145
2021-02-27,13,150
2021-02-27,14,175
2021-02-27,15,128
2021-02-27,16,119
2021-02-27,17,124
2021-02-27,18,131
2021-02-27,19,114
2021-02-27,20,88
2021-02-27,21,58
2021-02-27,22,40
2021-02-27,23,39
2021-02-28,0,21
2021-02-28,1,12
2021-02-28,2,12
2021-02-28,3,8
2021-02-28,4,8
2021-02-28,5,4
2021-02-28,6,8
2021-02-28,7,16
2021-02-28,8,31
2021-02-28,9,45
2021-02-28,10,67
2021-02-28,11,76
2021-02-28,12,100
2021-02-28,13,96
2021-02-28,14,110
2021-02-28,15,109
2021-02-28,16,97
2021-02-28,17,109
2021-02-28,18,105
2021-02-28,19,93
2021-02-28,20,57
2021-02-28,21,57
2021-02-28,22,36
2021-02-28,23,26
2021-03-01,0,12
2021-03-01,1,8
2021-03-01,2,0
2021-03-01,3,0
2021-03-01,4,4
2021-03-01,5,8
2021-03-01,6,26
2021-03-01,7,62
2021-03-01,8,145
2021-03-01,9,163
2021-03-01,10,114
2021-03-01,11,105
2021-03-01,12,149
2021-03-01,13,124
2021-03-01,14,106
2021-03-01,15,122
2021-03-01,16,127
2021-03-01,17,114
2021-03-01,18,114
2021-03-01,19,76
2021-03-01,20,66
2021-03-01,21,48
2021-03-01,22,35
2021-03-01,23,21
2021-03-02,0,16
2021-03-02,1,0
2021-03-02,2,0
2021-03-02,3,0
2021-03-02,4,0
2021-03-02,5,12
2021-03-02,6,31
2021-03-02,7,75
2021-03-02,8,132
2021-03-02,9,138
2021-03-02,10,124
2021-03-02,11,137
2021-03-02,12,145
2021-03-02,13,132
2021-03-02,14,101
2021-03-02,15,106
2021-03-02,16,119
2021-03-02,17,119
2021-03-02,18,132
2021-03-02,19,105
2021-03-02,20,76
2021-03-02,21,53
2021-03-02,22,44
2021-03-02,23,16
2021-03-03,0,16
2021-03-03,1,0
2021-03-03,2,0
2021-03-03,3,0
2021-03-03,4,4
2021-03-03,5,12
2021-03-03,6,21
2021-03-03,7,79
2021-03-03,8,151
2021-03-03,9,159
2021-03-03,10,123
2021-03-03,11,110
2021-03-03,12,136
2021-03-03,13,136
2021-03-03,14,119
2021-03-03,15,111
2021-03-03,16,109
2021-03-03,17,114
2021-03-03,18,119
2021-03-03,19,92
2021-03-03,20,58
2021-03-03,21,48
2021-03-03,22,31
2021-03-03,23,21
2021-03-04,0,8
2021-03-04,1,0
2021-03-04,2,0
2021-03-04,3,0
2021-03-04,4,0
2021-03-04,5,12
2021-03-04,6,21
2021-03-04,7,57
2021-03-04,8,137
2021-03-04,9,150
2021-03-04,10,101
2021-03-04,11,101
2021-03-04,12,124
2021-03-04,13,127
2021-03-04,14,123
2021-03-04,15,97
2021-03-04,16,131
2021-03-04,17,115
2021-03-04,18,125
2021-03-04,19,102
2021-03-04,20,84
2021-03-04,21,54
2021-03-04,22,48
2021-03-04,23,30
2021-03-05,0,12
2021-03-05,1,0
2021-03-05,2,0
2021-03-05,3,0
2021-03-05,4,4
2021-03-05,5,4
2021-03-05,6,21
2021-03-05,7,67
2021-03-05,8,136
2021-03-05,9,145
2021-03-05,10,138
2021-03-05,11,127
2021-03-05,12,128
2021-03-05,13,145
2021-03-05,14,112
2021-03-05,15,132
2021-03-05,16,133
2021-03-05,17,128
2021-03-05,18,149
2021-03-05,19,125
2021-03-05,20,97
2021-03-05,21,76
2021-03-05,22,54
2021-03-05,23,40
2021-03-06,0,35
2021-03-06,1,21
2021-03-06,2,4
2021-03-06,3,8
2021-03-06,4,4
2021-03-06,5,8
2021-03-06,6,16
2021-03-06,7,36
2021-03-06,8,65
2021-03-06,9,80
2021-03-06,10,83
2021-03-06,11,98
2021-03-06,12,142
2021-03-06,13,137
2021-03-06,14,153
2021-03-06,15,132
2021-03-06,16,128
2021-03-06,17,118
2021-03-06,18,123
2021-03-06,19,128
2021-03-06,20,92
2021-03-06,21,57
2021-03-06,22,40
2021-03-06,23,49
2021-03-07,0,16
2021-03-07,1,16
2021-03-07,2,12
2021-03-07,3,8
2021-03-07,4,8
2021-03-07,5,4
2021-03-07,6,4
2021-03-07,7,16
2021-03-07,8,26
2021-03-07,9,45
2021-03-07,10,71
2021-03-07,11,80
2021-03-07,12,84
2021-03-07,13,88
2021-03-07,14,110
2021-03-07,15,176
2021-03-07,16,124
2021-03-07,17,155
2021-03-07,18,137
2021-03-07,19,128
2021-03-07,20,80
2021-03-07,21,72
2021-03-07,22,40
2021-03-07,23,31
2021-03-08,0,8
2021-03-08,1,4
2021-03-08,2,4
2021-03-08,3,4
2021-03-08,4,8
2021-03-08,5,8
2021-03-08,6,16
2021-03-08,7,53
2021-03-08,8,159
2021-03-08,9,140
2021-03-08,10,119
2021-03-08,11,102
2021-03-08,12,106
2021-03-08,13,119
2021-03-08,14,119
2021-03-08,15,89
2021-03-08,16,110
2021-03-08,17,119
2021-03-08,18,118
2021-03-08,19,72
2021-03-08,20,62
2021-03-08,21,58
2021-03-08,22,26
2021-03-08,23,17
2021-03-09,0,16
2021-03-09,1,4
2021-03-09,2,0
2021-03-09,3,0
2021-03-09,4,0
2021-03-09,5,4
2021-03-09,6,31
2021-03-09,7,71
2021-03-09,8,136
2021-03-09,9,129
2021-03-09,10,127
2021-03-09,11,114
2021-03-09,12,115
2021-03-09,13,128
2021-03-09,14,118
2021-03-09,15,119
2021-03-09,16,127
2021-03-09,17,124
2021-03-09,18,137
2021-03-09,19,101
2021-03-09,20,67
2021-03-09,21,44
2021-03-09,22,31
2021-03-09,23,16
2021-03-10,0,4
2021-03-10,1,0
2021-03-10,2,0
2021-03-10,3,0
2021-03-10,4,8
2021-03-10,5,12
2021-03-10,6,26
2021-03-10,7,66
2021-03-10,8,150
2021-03-10,9,176
2021-03-10,10,111
2021-03-10,11,124
2021-03-10,12,146
2021-03-10,13,142
2021-03-10,14,128
2021-03-10,15,115
2021-03-10,16,111
2021-03-10,17,115
2021-03-10,18,132
2021-03-10,19,97
2021-03-10,20,84
2021-03-10,21,52
2021-03-10,22,36
2021-03-10,23,31
2021-03-11,0,4
2021-03-11,1,0
2021-03-11,2,0
2021-03-11,3,0
2021-03-11,4,0
2021-03-11,5,4
2021-03-11,6,21
2021-03-11,7,70
2021-03-11,8,172
2021-03-11,9,164
2021-03-11,10,119
2021-03-11,11,128
2021-03-11,12,132
2021-03-11,13,120
2021-03-11,14,124
2021-03-11,15,116
2021-03-11,16,124
2021-03-11,17,106
2021-03-11,18,137
2021-03-11,19,119
2021-03-11,20,88
2021-03-11,21,53
2021-03-11,22,44
2021-03-11,23,25
2021-03-12,0,17
2021-03-12,1,0
2021-03-12,2,0
2021-03-12,3,0
2021-03-12,4,0
2021-03-12,5,8
2021-03-12,6,26
2021-03-12,7,70
2021-03-12,8,154
2021-03-12,9,150
2021-03-12,10,142
2021-03-12,11,142
2021-03-12,12,132
2021-03-12,13,146
2021-03-12,14,138
2021-03-12,15,142
2021-03-12,16,136
2021-03-12,17,128
2021-03-12,18,158
2021-03-12,19,147
2021-03-12,20,101
2021-03-12,21,80
2021-03-12,22,57
2021-03-12,23,44
2021-03-13,0,26
2021-03-13,1,12
2021-03-13,2,4
2021-03-13,3,4
2021-03-13,4,8
2021-03-13,5,12
2021-03-13,6,12
2021-03-13,7,36
2021-03-13,8,62
2021-03-13,9,79
2021-03-13,10,96
2021-03-13,11,116
2021-03-13,12,171
2021-03-13,13,150
2021-03-13,14,193
2021-03-13,15,160
2021-03-13,16,141
2021-03-13,17,124
2021-03-13,18,138
2021-03-13,19,132
2021-03-13,20,101
2021-03-13,21,63
2021-03-13,22,54
2021-03-13,23,48
2021-03-14,0,12
2021-03-14,1,12
2021-03-14,2,12
2021-03-14,3,8
2021-03-14,4,0
2021-03-14,5,4
2021-03-14,6,4
2021-03-14,7,16
2021-03-14,8,26
2021-03-14,9,49
2021-03-14,10,72
2021-03-14,11,92
2021-03-14,12,119
2021-03-14,13,124
2021-03-14,14,114
2021-03-14,15,118
2021-03-14,16,105
2021-03-14,17,123
2021-03-14,18,115
2021-03-14,19,101
2021-03-14,20,67
2021-03-14,21,57
2021-03-14,22,40
2021-03-14,23,26
2021-03-15,0,17
2021-03-15,1,12
2021-03-15,2,0
2021-03-15,3,0
2021-03-15,4,0
2021-03-15,5,8
2021-03-15,6,21
2021-03-15,7,62
2021-03-15,8,171
2021-03-15,9,180
2021-03-15,10,137
2021-03-15,11,115
2021-03-15,12,136
2021-03-15,13,123
2021-03-15,14,118
2021-03-15,15,132
2021-03-15,16,133
2021-03-15,17,128
2021-03-15,18,129
2021-03-15,19,96
2021-03-15,20,71
2021-03-15,21,57
2021-03-15,22,36
2021-03-15,23,17
2021-03-16,0,16
2021-03-16,1,0
2021-03-16,2,0
2021-03-16,3,0
2021-03-16,4,4
2021-03-16,5,4
2021-03-16,6,26
2021-03-16,7,84
2021-03-16,8,159
2021-03-16,9,168
2021-03-16,10,114
2021-03-16,11,124
2021-03-16,12,119
2021-03-16,13,132
2021-03-16,14,114
2021-03-16,15,128
2021-03-16,16,132
2021-03-16,17,136
2021-03-16,18,155
2021-03-16,19,110
2021-03-16,20,75
2021-03-16,21,53
2021-03-16,22,40
2021-03-16,23,31
2021-03-17,0,8
2021-03-17,1,0
2021-03-17,2,0
2021-03-17,3,0
2021-03-17,4,4
2021-03-17,5,8
2021-03-17,6,16
2021-03-17,7,71
2021-03-17,8,156
2021-03-17,9,185
2021-03-17,10,123
2021-03-17,11,123
2021-03-17,12,132
2021-03-17,13,137
2021-03-17,14,96
2021-03-17,15,125
2021-03-17,16,105
2021-03-17,17,115
2021-03-17,18,136
2021-03-17,19,111
2021-03-17,20,70
2021-03-17,21,52
2021-03-17,22,44
2021-03-17,23,52
2021-03-18,0,13
2021-03-18,1,4
2021-03-18,2,0
2021-03-18,3,0
2021-03-18,4,0
2021-03-18,5,16
2021-03-18,6,21
2021-03-18,7,70
2021-03-18,8,173
2021-03-18,9,172
2021-03-18,10,115
2021-03-18,11,133
2021-03-18,12,136
2021-03-18,13,141
2021-03-18,14,133
2021-03-18,15,133
2021-03-18,16,128
2021-03-18,17,123
2021-03-18,18,134
2021-03-18,19,140
2021-03-18,20,88
2021-03-18,21,54
2021-03-18,22,52
2021-03-18,23,36
2021-03-19,0,16
2021-03-19,1,0
2021-03-19,2,0
2021-03-19,3,0
2021-03-19,4,0
2021-03-19,5,8
2021-03-19,6,21
2021-03-19,7,75
2021-03-19,8,171
2021-03-19,9,150
2021-03-19,10,146
2021-03-19,11,141
2021-03-19,12,137
2021-03-19,13,146
2021-03-19,14,120
2021-03-19,15,132
2021-03-19,16,115
2021-03-19,17,125
2021-03-19,18,162
2021-03-19,19,141
2021-03-19,20,109
2021-03-19,21,76
2021-03-19,22,62
2021-03-19,23,36
2021-03-20,0,34
2021-03-20,1,16
2021-03-20,2,8
2021-03-20,3,4
2021-03-20,4,4
2021-03-20,5,8
2021-03-20,6,8
2021-03-20,7,40
2021-03-20,8,49
2021-03-20,9,92
2021-03-20,10,89
2021-03-20,11,110
2021-03-20,12,132
2021-03-20,13,136
2021-03-20,14,158
2021-03-20,15,136
2021-03-20,16,123
2021-03-20,17,119
2021-03-20,18,141
2021-03-20,19,128
2021-03-20,20,92
2021-03-20,21,58
2021-03-20,22,45
2021-03-20,23,44
2021-03-21,0,16
2021-03-21,1,16
2021-03-21,2,16
2021-03-21,3,12
2021-03-21,4,8
2021-03-21,5,8
2021-03-21,6,4
2021-03-21,7,16
2021-03-21,8,31
2021-03-21,9,57
2021-03-21,10,80
2021-03-21,11,97
2021-03-21,12,97
2021-03-21,13,88
2021-03-21,14,96
2021-03-21,15,96
2021-03-21,16,93
2021-03-21,17,110
2021-03-21,18,115
2021-03-21,19,92
2021-03-21,20,72
2021-03-21,21,44
2021-03-21,22,40
2021-03-21,23,34
2021-03-22,0,16
2021-03-22,1,8
2021-03-22,2,0
2021-03-22,3,4
2021-03-22,4,8
2021-03-22,5,12
2021-03-22,6,35
2021-03-22,7,65
2021-03-22,8,166
2021-03-22,9,133
2021-03-22,10,119
2021-03-22,11,114
2021-03-22,12,118
2021-03-22,13,110
2021-03-22,14,109
2021-03-22,15,115
2021-03-22,16,123
2021-03-22,17,105
2021-03-22,18,106
2021-03-22,19,76
2021-03-22,20,62
2021-03-22,21,49
2021-03-22,22,30
2021-03-22,23,21
2021-03-23,0,13
2021-03-23,1,0
2021-03-23,2,0
2021-03-23,3,0
2021-03-23,4,0
2021-03-23,5,12
2021-03-23,6,31
2021-03-23,7,75
2021-03-23,8,150
2021-03-23,9,150
2021-03-23,10,131
2021-03-23,11,106
2021-03-23,12,124
2021-03-23,13,124
2021-03-23,14,109
2021-03-23,15,124
2021-03-23,16,109
2021-03-23,17,128
2021-03-23,18,137
2021-03-23,19,93
2021-03-23,20,75
2021-03-23,21,40
2021-03-23,22,48
2021-03-23,23,27
2021-03-24,0,4
2021-03-24,1,0
2021-03-24,2,0
2021-03-24,3,0
2021-03-24,4,4
2021-03-24,5,8
2021-03-24,6,26
2021-03-24,7,75
2021-03-24,8,146
2021-03-24,9,185
2021-03-24,10,123
2021-03-24,11,132
2021-03-24,12,128
2021-03-24,13,133
2021-03-24,14,118
2021-03-24,15,116
2021-03-24,16,105
2021-03-24,17,101
2021-03-24,18,123
2021-03-24,19,88
2021-03-24,20,72
2021-03-24,21,48
2021-03-24,22,36
2021-03-24,23,30
2021-03-25,0,12
2021-03-25,1,4
2021-03-25,2,0
2021-03-25,3,4
2021-03-25,4,0
2021-03-25,5,21
2021-03-25,6,21
2021-03-25,7,70
2021-03-25,8,159
2021-03-25,9,168
2021-03-25,10,114
2021-03-25,11,106
2021-03-25,12,132
2021-03-25,13,124
2021-03-25,14,123
2021-03-25,15,119
2021-03-25,16,114
2021-03-25,17,109
2021-03-25,18,123
2021-03-25,19,115
2021-03-25,20,88
2021-03-25,21,44
2021-03-25,22,36
2021-03-25,23,26
2021-03-26,0,16
2021-03-26,1,8
2021-03-26,2,0
2021-03-26,3,0
2021-03-26,4,4
2021-03-26,5,12
2021-03-26,6,26
2021-03-26,7,66
2021-03-26,8,154
2021-03-26,9,143
2021-03-26,10,133
2021-03-26,11,119
2021-03-26,12,136
2021-03-26,13,151
2021-03-26,14,119
2021-03-26,15,132
2021-03-26,16,120
2021-03-26,17,137
2021-03-26,18,146
2021-03-26,19,142
2021-03-26,20,100
2021-03-26,21,84
2021-03-26,22,45
2021-03-26,23,40
2021-03-27,0,21
2021-03-27,1,16
2021-03-27,2,8
2021-03-27,3,0
2021-03-27,4,0
2021-03-27,5,8
2021-03-27,6,12
2021-03-27,7,31
2021-03-27,8,61
2021-03-27,9,75
2021-03-27,10,105
2021-03-27,11,115
2021-03-27,12,145
2021-03-27,13,158
2021-03-27,14,154
2021-03-27,15,132
2021-03-27,16,128
2021-03-27,17,136
2021-03-27,18,129
2021-03-27,19,119
2021-03-27,20,96
2021-03-27,21,53
2021-03-27,22,45
2021-03-27,23,31
2021-03-28,0,16
2021-03-28,1,16
2021-03-28,2,12
2021-03-28,3,12
2021-03-28,4,4
2021-03-28,5,4
2021-03-28,6,16
2021-03-28,7,31
2021-03-28,8,53
2021-03-28,9,66
2021-03-28,10,80
2021-03-28,11,109
2021-03-28,12,101
2021-03-28,13,102
2021-03-28,14,118
2021-03-28,15,88
2021-03-28,16,105
2021-03-28,17,96
2021-03-28,18,88
2021-03-28,19,62
2021-03-28,20,58
2021-03-28,21,40
2021-03-28,22,21
2021-03-28,23,8
2021-03-29,0,8
2021-03-29,1,0
2021-03-29,2,0
2021-03-29,3,4
2021-03-29,4,12
2021-03-29,5,26
2021-03-29,6,62
2021-03-29,7,162
2021-03-29,8,152
2021-03-29,9,110
2021-03-29,10,106
2021-03-29,11,114
2021-03-29,12,111
2021-03-29,13,115
2021-03-29,14,119
2021-03-29,15,124
2021-03-29,16,123
2021-03-29,17,110
2021-03-29,18,102
2021-03-29,19,71
2021-03-29,20,67
2021-03-29,21,40
2021-03-29,22,17
2021-03-29,23,16
2021-03-30,0,4
2021-03-30,1,0
2021-03-30,2,0
2021-03-30,3,0
2021-03-30,4,12
2021-03-30,5,31
2021-03-30,6,66
2021-03-30,7,145
2021-03-30,8,151
2021-03-30,9,109
2021-03-30,10,132
2021-03-30,11,0
2021-03-30,12,27
2021-03-30,13,119
2021-03-30,14,124
2021-03-30,15,115
2021-03-30,16,119
2021-03-30,17,145
2021-03-30,18,101
2021-03-30,19,84
2021-03-30,20,53
2021-03-30,21,45
2021-03-30,22,26
2021-03-30,23,12
2021-03-31,0,0
2021-03-31,1,0
2021-03-31,2,0
2021-03-31,3,4
2021-03-31,4,8
2021-03-31,5,31
2021-03-31,6,75
2021-03-31,7,164
2021-03-31,8,172
2021-03-31,9,128
2021-03-31,10,127
2021-03-31,11,136
2021-03-31,12,137
2021-03-31,13,123
2021-03-31,14,120
2021-03-31,15,110
2021-03-31,16,114
2021-03-31,17,115
2021-03-31,18,97
2021-03-31,19,80
2021-03-31,20,62
2021-03-31,21,40
2021-03-31,22,31
2021-03-31,23,13
2021-04-01,0,4
2021-04-01,1,0
2021-04-01,2,0
2021-04-01,3,0
2021-04-01,4,17
2021-04-01,5,31
2021-04-01,6,67
2021-04-01,7,151
2021-04-01,8,172
2021-04-01,9,114
2021-04-01,10,123
2021-04-01,11,137
2021-04-01,12,132
2021-04-01,13,136
2021-04-01,14,119
2021-04-01,15,131
2021-04-01,16,136
2021-04-01,17,136
2021-04-01,18,119
2021-04-01,19,97
2021-04-01,20,70
2021-04-01,21,52
2021-04-01,22,40
2021-04-01,23,17
2021-04-02,0,8
2021-04-02,1,0
2021-04-02,2,0
2021-04-02,3,4
2021-04-02,4,12
2021-04-02,5,21
2021-04-02,6,62
2021-04-02,7,114
2021-04-02,8,118
2021-04-02,9,123
2021-04-02,10,106
2021-04-02,11,122
2021-04-02,12,132
2021-04-02,13,119
2021-04-02,14,114
2021-04-02,15,123
2021-04-02,16,119
2021-04-02,17,137
2021-04-02,18,132
2021-04-02,19,97
2021-04-02,20,80
2021-04-02,21,53
2021-04-02,22,40
2021-04-02,23,25
2021-04-03,0,16
2021-04-03,1,8
2021-04-03,2,4
2021-04-03,3,4
2021-04-03,4,12
2021-04-03,5,12
2021-04-03,6,31
2021-04-03,7,70
2021-04-03,8,80
2021-04-03,9,97
2021-04-03,10,102
2021-04-03,11,128
2021-04-03,12,132
2021-04-03,13,154
2021-04-03,14,118
2021-04-03,15,119
2021-04-03,16,105
2021-04-03,17,118
2021-04-03,18,123
2021-04-03,19,88
2021-04-03,20,48
2021-04-03,21,40
2021-04-03,22,35
2021-04-03,23,16
2021-04-04,0,12
2021-04-04,1,12
2021-04-04,2,4
2021-04-04,3,4
2021-04-04,4,4
2021-04-04,5,4
2021-04-04,6,12
2021-04-04,7,21
2021-04-04,8,49
2021-04-04,9,58
2021-04-04,10,63
2021-04-04,11,93
2021-04-04,12,92
2021-04-04,13,101
2021-04-04,14,92
2021-04-04,15,89
2021-04-04,16,110
2021-04-04,17,92
2021-04-04,18,88
2021-04-04,19,62
2021-04-04,20,54
2021-04-04,21,35
2021-04-04,22,30
2021-04-04,23,21
2021-04-05,0,8
2021-04-05,1,0
2021-04-05,2,0
2021-04-05,3,4
2021-04-05,4,8
2021-04-05,5,16
2021-04-05,6,44
2021-04-05,7,109
2021-04-05,8,101
2021-04-05,9,83
2021-04-05,10,88
2021-04-05,11,101
2021-04-05,12,110
2021-04-05,13,96
2021-04-05,14,102
2021-04-05,15,105
2021-04-05,16,93
2021-04-05,17,110
2021-04-05,18,88
2021-04-05,19,76
2021-04-05,20,58
2021-04-05,21,31
2021-04-05,22,17
2021-04-05,23,16
2021-04-06,0,0
2021-04-06,1,0
2021-04-06,2,0
2021-04-06,3,4
2021-04-06,4,12
2021-04-06,5,21
2021-04-06,6,67
2021-04-06,7,134
2021-04-06,8,137
2021-04-06,9,114
2021-04-06,10,118
2021-04-06,11,106
2021-04-06,12,123
2021-04-06,13,118
2021-04-06,14,115
2021-04-06,15,127
2021-04-06,16,128
2021-04-06,17,132
2021-04-06,18,93
2021-04-06,19,72
2021-04-06,20,48
2021-04-06,21,40
2021-04-06,22,21
2021-04-06,23,8
2021-04-07,0,0
2021-04-07,1,0
2021-04-07,2,0
2021-04-07,3,0
2021-04-07,4,8
2021-04-07,5,26
2021-04-07,6,71
2021-04-07,7,141
2021-04-07,8,159
2021-04-07,9,123
2021-04-07,10,124
2021-04-07,11,137
2021-04-07,12,140
2021-04-07,13,115
2021-04-07,14,115
2021-04-07,15,113
2021-04-07,16,110
2021-04-07,17,124
2021-04-07,18,92
2021-04-07,19,72
2021-04-07,20,58
2021-04-07,21,44
2021-04-07,22,35
2021-04-07,23,8
2021-04-08,0,12
2021-04-08,1,0
2021-04-08,2,0
2021-04-08,3,0
2021-04-08,4,12
2021-04-08,5,21
2021-04-08,6,71
2021-04-08,7,137
2021-04-08,8,142
2021-04-08,9,127
2021-04-08,10,83
2021-04-08,11,132
2021-04-08,12,132
2021-04-08,13,125
2021-04-08,14,123
2021-04-08,15,136
2021-04-08,16,115
2021-04-08,17,124
2021-04-08,18,110
2021-04-08,19,75
2021-04-08,20,54
2021-04-08,21,39
2021-04-08,22,26
2021-04-08,23,12
2021-04-09,0,0
2021-04-09,1,0
2021-04-09,2,0
2021-04-09,3,4
2021-04-09,4,12
2021-04-09,5,21
2021-04-09,6,63
2021-04-09,7,145
2021-04-09,8,129
2021-04-09,9,145
2021-04-09,10,132
2021-04-09,11,128
2021-04-09,12,163
2021-04-09,13,137
2021-04-09,14,141
2021-04-09,15,136
2021-04-09,16,137
2021-04-09,17,149
2021-04-09,18,142
2021-04-09,19,101
2021-04-09,20,79
2021-04-09,21,48
2021-04-09,22,36
2021-04-09,23,26
2021-04-10,0,17
2021-04-10,1,0
2021-04-10,2,4
2021-04-10,3,8
2021-04-10,4,12
2021-04-10,5,8
2021-04-10,6,35
2021-04-10,7,69
2021-04-10,8,79
2021-04-10,9,92
2021-04-10,10,115
2021-04-10,11,133
2021-04-10,12,142
2021-04-10,13,154
2021-04-10,14,141
2021-04-10,15,136
2021-04-10,16,133
2021-04-10,17,144
2021-04-10,18,137
2021-04-10,19,96
2021-04-10,20,71
2021-04-10,21,49
2021-04-10,22,39
2021-04-10,23,16
2021-04-11,0,17
2021-04-11,1,8
2021-04-11,2,8
2021-04-11,3,8
2021-04-11,4,4
2021-04-11,5,12
2021-04-11,6,16
2021-04-11,7,21
2021-04-11,8,49
2021-04-11,9,68
2021-04-11,10,84
2021-04-11,11,101
2021-04-11,12,102
2021-04-11,13,110
2021-04-11,14,96
2021-04-11,15,101
2021-04-11,16,105
2021-04-11,17,106
2021-04-11,18,88
2021-04-11,19,67
2021-04-11,20,49
2021-04-11,21,40
2021-04-11,22,25
2021-04-11,23,16
2021-04-12,0,4
2021-04-12,1,4
2021-04-12,2,0
2021-04-12,3,4
2021-04-12,4,12
2021-04-12,5,21
2021-04-12,6,62
2021-04-12,7,146
2021-04-12,8,136
2021-04-12,9,106
2021-04-12,10,80
2021-04-12,11,118
2021-04-12,12,119
2021-04-12,13,105
2021-04-12,14,119
2021-04-12,15,124
2021-04-12,16,124
2021-04-12,17,116
2021-04-12,18,89
2021-04-12,19,68
2021-04-12,20,63
2021-04-12,21,44
2021-04-12,22,17
2021-04-12,23,17
2021-04-13,0,0
2021-04-13,1,0
2021-04-13,2,0
2021-04-13,3,4
2021-04-13,4,8
2021-04-13,5,26
2021-04-13,6,63
2021-04-13,7,132
2021-04-13,8,142
2021-04-13,9,110
2021-04-13,10,123
2021-04-13,11,110
2021-04-13,12,123
2021-04-13,13,114
2021-04-13,14,119
2021-04-13,15,110
2021-04-13,16,118
2021-04-13,17,136
2021-04-13,18,93
2021-04-13,19,75
2021-04-13,20,58
2021-04-13,21,45
2021-04-13,22,21
2021-04-13,23,8
2021-04-14,0,4
2021-04-14,1,0
2021-04-14,2,0
2021-04-14,3,0
2021-04-14,4,13
2021-04-14,5,26
2021-04-14,6,76
2021-04-14,7,149
2021-04-14,8,155
2021-04-14,9,132
2021-04-14,10,115
2021-04-14,11,120
2021-04-14,12,127
2021-04-14,13,132
2021-04-14,14,111
2021-04-14,15,110
2021-04-14,16,110
2021-04-14,17,123
2021-04-14,18,105
2021-04-14,19,80
2021-04-14,20,62
2021-04-14,21,45
2021-04-14,22,21
2021-04-14,23,12
2021-04-15,0,0
2021-04-15,1,0
2021-04-15,2,0
2021-04-15,3,4
2021-04-15,4,16
2021-04-15,5,26
2021-04-15,6,66
2021-04-15,7,150
2021-04-15,8,154
2021-04-15,9,114
2021-04-15,10,114
2021-04-15,11,124
2021-04-15,12,128
2021-04-15,13,119
2021-04-15,14,111
2021-04-15,15,132
2021-04-15,16,114
2021-04-15,17,145
2021-04-15,18,111
2021-04-15,19,92
2021-04-15,20,58
2021-04-15,21,44
2021-04-15,22,26
2021-04-15,23,35
2021-04-16,0,4
2021-04-16,1,0
2021-04-16,2,0
2021-04-16,3,4
2021-04-16,4,8
2021-04-16,5,21
2021-04-16,6,58
2021-04-16,7,142
2021-04-16,8,132
2021-04-16,9,137
2021-04-16,10,123
2021-04-16,11,136
2021-04-16,12,154
2021-04-16,13,124
2021-04-16,14,145
2021-04-16,15,145
2021-04-16,16,150
2021-04-16,17,150
2021-04-16,18,124
2021-04-16,19,96
2021-04-16,20,75
2021-04-16,21,53
2021-04-16,22,40
2021-04-16,23,26
2021-04-17,0,12
2021-04-17,1,4
2021-04-17,2,8
2021-04-17,3,9
2021-04-17,4,4
2021-04-17,5,16
2021-04-17,6,31
2021-04-17,7,71
2021-04-17,8,84
2021-04-17,9,106
2021-04-17,10,120
2021-04-17,11,158
2021-04-17,12,132
2021-04-17,13,163
2021-04-17,14,127
2021-04-17,15,124
2021-04-17,16,109
2021-04-17,17,119
2021-04-17,18,119
2021-04-17,19,118
2021-04-17,20,61
2021-04-17,21,61
2021-04-17,22,44
2021-04-17,23,31
2021-04-18,0,16
2021-04-18,1,12
2021-04-18,2,16
2021-04-18,3,8
2021-04-18,4,8
2021-04-18,5,8
2021-04-18,6,26
2021-04-18,7,36
2021-04-18,8,49
2021-04-18,9,62
2021-04-18,10,88
2021-04-18,11,105
2021-04-18,12,101
2021-04-18,13,97
2021-04-18,14,93
2021-04-18,15,80
2021-04-18,16,100
2021-04-18,17,110
2021-04-18,18,96
2021-04-18,19,63
2021-04-18,20,49
2021-04-18,21,36
2021-04-18,22,25
2021-04-18,23,17
2021-04-19,0,4
2021-04-19,1,8
2021-04-19,2,8
2021-04-19,3,12
2021-04-19,4,16
2021-04-19,5,26
2021-04-19,6,58
2021-04-19,7,145
2021-04-19,8,163
2021-04-19,9,110
2021-04-19,10,105
2021-04-19,11,119
2021-04-19,12,115
2021-04-19,13,106
2021-04-19,14,128
2021-04-19,15,132
2021-04-19,16,140
2021-04-19,17,123
2021-04-19,18,97
2021-04-19,19,71
2021-04-19,20,53
2021-04-19,21,35
2021-04-19,22,17
2021-04-19,23,17
2021-04-20,0,17
2021-04-20,1,8
2021-04-20,2,0
2021-04-20,3,9
2021-04-20,4,16
2021-04-20,5,45
2021-04-20,6,71
2021-04-20,7,142
2021-04-20,8,167
2021-04-20,9,111
2021-04-20,10,115
2021-04-20,11,118
2021-04-20,12,136
2021-04-20,13,113
2021-04-20,14,131
2021-04-20,15,105
2021-04-20,16,128
2021-04-20,17,138
2021-04-20,18,115
2021-04-20,19,80
2021-04-20,20,61
2021-04-20,21,48
2021-04-20,22,26
2021-04-20,23,12
2021-04-21,0,0
2021-04-21,1,8
2021-04-21,2,0
2021-04-21,3,0
2021-04-21,4,13
2021-04-21,5,31
2021-04-21,6,66
2021-04-21,7,155
2021-04-21,8,177
2021-04-21,9,119
2021-04-21,10,132
2021-04-21,11,137
2021-04-21,12,141
2021-04-21,13,114
2021-04-21,14,128
2021-04-21,15,104
2021-04-21,16,120
2021-04-21,17,115
2021-04-21,18,100
2021-04-21,19,67
2021-04-21,20,62
2021-04-21,21,36
2021-04-21,22,30
2021-04-21,23,12
2021-04-22,0,12
2021-04-22,1,4
2021-04-22,2,0
2021-04-22,3,0
2021-04-22,4,8
2021-04-22,5,31
2021-04-22,6,70
2021-04-22,7,151
2021-04-22,8,168
2021-04-22,9,133
2021-04-22,10,123
2021-04-22,11,123
2021-04-22,12,129
2021-04-22,13,118
2021-04-22,14,106
2021-04-22,15,136
2021-04-22,16,119
2021-04-22,17,133
2021-04-22,18,123
2021-04-22,19,84
2021-04-22,20,53
2021-04-22,21,48
2021-04-22,22,35
2021-04-22,23,21
2021-04-23,0,8
2021-04-23,1,21
2021-04-23,2,8
2021-04-23,3,4
2021-04-23,4,17
2021-04-23,5,32
2021-04-23,6,71
2021-04-23,7,146
2021-04-23,8,164
2021-04-23,9,137
2021-04-23,10,132
2021-04-23,11,154
2021-04-23,12,162
2021-04-23,13,116
2021-04-23,14,133
2021-04-23,15,142
2021-04-23,16,137
2021-04-23,17,162
2021-04-23,18,128
2021-04-23,19,115
2021-04-23,20,93
2021-04-23,21,53
2021-04-23,22,53
2021-04-23,23,26
2021-04-24,0,17
2021-04-24,1,4
2021-04-24,2,8
2021-04-24,3,0
2021-04-24,4,34
2021-04-24,5,12
2021-04-24,6,31
2021-04-24,7,58
2021-04-24,8,92
2021-04-24,9,123
2021-04-24,10,124
2021-04-24,11,159
2021-04-24,12,149
2021-04-24,13,159
2021-04-24,14,141
2021-04-24,15,132
2021-04-24,16,127
2021-04-24,17,127
2021-04-24,18,119
2021-04-24,19,88
2021-04-24,20,53
2021-04-24,21,53
2021-04-24,22,54
2021-04-24,23,16
2021-04-25,0,12
2021-04-25,1,12
2021-04-25,2,8
2021-04-25,3,0
2021-04-25,4,4
2021-04-25,5,0
2021-04-25,6,16
2021-04-25,7,16
2021-04-25,8,49
2021-04-25,9,66
2021-04-25,10,76
2021-04-25,11,110
2021-04-25,12,97
2021-04-25,13,96
2021-04-25,14,104
2021-04-25,15,88
2021-04-25,16,136
2021-04-25,17,92
2021-04-25,18,97
2021-04-25,19,80
2021-04-25,20,57
2021-04-25,21,45
2021-04-25,22,26
2021-04-25,23,16
2021-04-26,0,8
2021-04-26,1,9
2021-04-26,2,0
2021-04-26,3,4
2021-04-26,4,12
2021-04-26,5,35
2021-04-26,6,75
2021-04-26,7,163
2021-04-26,8,164
2021-04-26,9,137
2021-04-26,10,119
2021-04-26,11,141
2021-04-26,12,159
2021-04-26,13,146
2021-04-26,14,127
2021-04-26,15,145
2021-04-26,16,156
2021-04-26,17,141
2021-04-26,18,110
2021-04-26,19,100
2021-04-26,20,62
2021-04-26,21,44
2021-04-26,22,21
2021-04-26,23,16
2021-04-27,0,0
2021-04-27,1,0
2021-04-27,2,0
2021-04-27,3,0
2021-04-27,4,12
2021-04-27,5,26
2021-04-27,6,79
2021-04-27,7,146
2021-04-27,8,181
2021-04-27,9,128
2021-04-27,10,136
2021-04-27,11,128
2021-04-27,12,150
2021-04-27,13,110
2021-04-27,14,133
2021-04-27,15,127
2021-04-27,16,167
2021-04-27,17,150
2021-04-27,18,114
2021-04-27,19,87
2021-04-27,20,53
2021-04-27,21,44
2021-04-27,22,26
2021-04-27,23,13
2021-04-28,0,0
2021-04-28,1,0
2021-04-28,2,4
2021-04-28,3,4
2021-04-28,4,13
2021-04-28,5,26
2021-04-28,6,70
2021-04-28,7,154
2021-04-28,8,202
2021-04-28,9,140
2021-04-28,10,127
2021-04-28,11,147
2021-04-28,12,140
2021-04-28,13,128
2021-04-28,14,141
2021-04-28,15,123
2021-04-28,16,141
2021-04-28,17,145
2021-04-28,18,110
2021-04-28,19,88
2021-04-28,20,66
2021-04-28,21,48
2021-04-28,22,30
2021-04-28,23,12
2021-04-29,0,9
2021-04-29,1,0
2021-04-29,2,4
2021-04-29,3,0
2021-04-29,4,12
2021-04-29,5,36
2021-04-29,6,74
2021-04-29,7,154
2021-04-29,8,181
2021-04-29,9,128
2021-04-29,10,134
2021-04-29,11,154
2021-04-29,12,129
2021-04-29,13,132
2021-04-29,14,137
2021-04-29,15,150
2021-04-29,16,133
2021-04-29,17,155
2021-04-29,18,128
2021-04-29,19,88
2021-04-29,20,62
2021-04-29,21,48
2021-04-29,22,36
2021-04-29,23,17
2021-04-30,0,0
2021-04-30,1,0
2021-04-30,2,0
2021-04-30,3,0
2021-04-30,4,12
2021-04-30,5,21
2021-04-30,6,66
2021-04-30,7,167
2021-04-30,8,163
2021-04-30,9,150
2021-04-30,10,142
2021-04-30,11,154
2021-04-30,12,163
2021-04-30,13,148
2021-04-30,14,172
2021-04-30,15,181
2021-04-30,16,185
2021-04-30,17,193
2021-04-30,18,141
2021-04-30,19,115
2021-04-30,20,100
2021-04-30,21,67
2021-04-30,22,53
2021-04-30,23,40
2021-05-01,0,17
2021-05-01,1,4
2021-05-01,2,8
2021-05-01,3,8
2021-05-01,4,8
2021-05-01,5,12
2021-05-01,6,27
2021-05-01,7,67
2021-05-01,8,100
2021-05-01,9,114
2021-05-01,10,142
2021-05-01,11,194
2021-05-01,12,181
2021-05-01,13,206
2021-05-01,14,177
2021-05-01,15,164
2021-05-01,16,136
2021-05-01,17,141
2021-05-01,18,119
2021-05-01,19,105
2021-05-01,20,75
2021-05-01,21,80
2021-05-01,22,61
2021-05-01,23,21
2021-05-02,0,17
2021-05-02,1,16
2021-05-02,2,8
2021-05-02,3,17
2021-05-02,4,13
2021-05-02,5,8
2021-05-02,6,21
2021-05-02,7,31
2021-05-02,8,53
2021-05-02,9,88
2021-05-02,10,119
2021-05-02,11,113
2021-05-02,12,97
2021-05-02,13,115
2021-05-02,14,114
2021-05-02,15,114
2021-05-02,16,150
2021-05-02,17,114
2021-05-02,18,101
2021-05-02,19,80
2021-05-02,20,62
2021-05-02,21,44
2021-05-02,22,26
2021-05-02,23,26
2021-05-03,0,12
2021-05-03,1,0
2021-05-03,2,0
2021-05-03,3,13
2021-05-03,4,0
2021-05-03,5,21
2021-05-03,6,34
2021-05-03,7,118
2021-05-03,8,114
2021-05-03,9,97
2021-05-03,10,105
2021-05-03,11,120
2021-05-03,12,128
2021-05-03,13,128
2021-05-03,14,132
2021-05-03,15,114
2021-05-03,16,114
2021-05-03,17,131
2021-05-03,18,97
2021-05-03,19,75
2021-05-03,20,62
2021-05-03,21,40
2021-05-03,22,17
2021-05-03,23,8
2021-05-04,0,0
2021-05-04,1,0
2021-05-04,2,4
2021-05-04,3,4
2021-05-04,4,13
2021-05-04,5,49
2021-05-04,6,75
2021-05-04,7,159
2021-05-04,8,155
2021-05-04,9,132
2021-05-04,10,141
2021-05-04,11,150
2021-05-04,12,160
2021-05-04,13,141
2021-05-04,14,154
2021-05-04,15,145
2021-05-04,16,155
2021-05-04,17,176
2021-05-04,18,118
2021-05-04,19,89
2021-05-04,20,62
2021-05-04,21,49
2021-05-04,22,26
2021-05-04,23,12
2021-05-05,0,4
2021-05-05,1,0
2021-05-05,2,0
2021-05-05,3,4
2021-05-05,4,21
2021-05-05,5,31
2021-05-05,6,93
2021-05-05,7,181
2021-05-05,8,194
2021-05-05,9,133
2021-05-05,10,138
2021-05-05,11,154
2021-05-05,12,164
2021-05-05,13,136
2021-05-05,14,137
2021-05-05,15,136
2021-05-05,16,145
2021-05-05,17,142
2021-05-05,18,115
2021-05-05,19,80
2021-05-05,20,67
2021-05-05,21,52
2021-05-05,22,30
2021-05-05,23,12
2021-05-06,0,8
2021-05-06,1,0
2021-05-06,2,0
2021-05-06,3,4
2021-05-06,4,17
2021-05-06,5,39
2021-05-06,6,92
2021-05-06,7,172
2021-05-06,8,171
2021-05-06,9,141
2021-05-06,10,133
2021-05-06,11,162
2021-05-06,12,137
2021-05-06,13,128
2021-05-06,14,128
2021-05-06,15,154
2021-05-06,16,151
2021-05-06,17,173
2021-05-06,18,132
2021-05-06,19,106
2021-05-06,20,70
2021-05-06,21,53
2021-05-06,22,48
2021-05-06,23,21
2021-05-07,0,8
2021-05-07,1,0
2021-05-07,2,12
2021-05-07,3,35
2021-05-07,4,31
2021-05-07,5,36
2021-05-07,6,83
2021-05-07,7,171
2021-05-07,8,181
2021-05-07,9,158
2021-05-07,10,146
2021-05-07,11,154
2021-05-07,12,155
2021-05-07,13,124
2021-05-07,14,163
2021-05-07,15,155
2021-05-07,16,167
2021-05-07,17,180
2021-05-07,18,145
2021-05-07,19,154
2021-05-07,20,97
2021-05-07,21,67
2021-05-07,22,57
2021-05-07,23,21
2021-05-08,0,16
2021-05-08,1,8
2021-05-08,2,12
2021-05-08,3,8
2021-05-08,4,8
2021-05-08,5,9
2021-05-08,6,40
2021-05-08,7,70
2021-05-08,8,88
2021-05-08,9,118
2021-05-08,10,133
2021-05-08,11,189
2021-05-08,12,177
2021-05-08,13,199
2021-05-08,14,172
2021-05-08,15,142
2021-05-08,16,136
2021-05-08,17,124
2021-05-08,18,120
2021-05-08,19,104
2021-05-08,20,67
2021-05-08,21,57
2021-05-08,22,52
2021-05-08,23,39
2021-05-09,0,43
2021-05-09,1,44
2021-05-09,2,31
2021-05-09,3,13
2021-05-09,4,16
2021-05-09,5,4
2021-05-09,6,16
2021-05-09,7,36
2021-05-09,8,61
2021-05-09,9,97
2021-05-09,10,116
2021-05-09,11,136
2021-05-09,12,132
2021-05-09,13,132
2021-05-09,14,127
2021-05-09,15,132
2021-05-09,16,146
2021-05-09,17,110
2021-05-09,18,101
2021-05-09,19,71
2021-05-09,20,49
2021-05-09,21,48
2021-05-09,22,35
2021-05-09,23,21
2021-05-10,0,21
2021-05-10,1,0
2021-05-10,2,17
2021-05-10,3,8
2021-05-10,4,12
2021-05-10,5,31
2021-05-10,6,70
2021-05-10,7,189
2021-05-10,8,176
2021-05-10,9,149
2021-05-10,10,132
2021-05-10,11,141
2021-05-10,12,132
2021-05-10,13,133
2021-05-10,14,132
2021-05-10,15,133
2021-05-10,16,169
2021-05-10,17,146
2021-05-10,18,109
2021-05-10,19,76
2021-05-10,20,62
2021-05-10,21,40
2021-05-10,22,26
2021-05-10,23,12
2021-05-11,0,4
2021-05-11,1,0
2021-05-11,2,0
2021-05-11,3,8
2021-05-11,4,17
2021-05-11,5,40
2021-05-11,6,89
2021-05-11,7,189
2021-05-11,8,147
2021-05-11,9,128
2021-05-11,10,132
2021-05-11,11,119
2021-05-11,12,136
2021-05-11,13,116
2021-05-11,14,123
2021-05-11,15,114
2021-05-11,16,160
2021-05-11,17,155
2021-05-11,18,124
2021-05-11,19,97
2021-05-11,20,71
2021-05-11,21,45
2021-05-11,22,31
2021-05-11,23,8
2021-05-12,0,4
2021-05-12,1,0
2021-05-12,2,0
2021-05-12,3,4
2021-05-12,4,12
2021-05-12,5,31
2021-05-12,6,79
2021-05-12,7,189
2021-05-12,8,234
2021-05-12,9,163
2021-05-12,10,146
2021-05-12,11,141
2021-05-12,12,142
2021-05-12,13,147
2021-05-12,14,133
2021-05-12,15,133
2021-05-12,16,167
2021-05-12,17,190
2021-05-12,18,119
2021-05-12,19,119
2021-05-12,20,84
2021-05-12,21,53
2021-05-12,22,49
2021-05-12,23,30
2021-05-13,0,8
2021-05-13,1,0
2021-05-13,2,22
2021-05-13,3,13
2021-05-13,4,25
2021-05-13,5,75
2021-05-13,6,79
2021-05-13,7,189
2021-05-13,8,202
2021-05-13,9,133
2021-05-13,10,141
2021-05-13,11,146
2021-05-13,12,154
2021-05-13,13,142
2021-05-13,14,115
2021-05-13,15,141
2021-05-13,16,133
2021-05-13,17,146
2021-05-13,18,124
2021-05-13,19,92
2021-05-13,20,71
2021-05-13,21,58
2021-05-13,22,43
2021-05-13,23,26
2021-05-14,0,13
2021-05-14,1,9
2021-05-14,2,0
2021-05-14,3,13
2021-05-14,4,21
2021-05-14,5,31
2021-05-14,6,74
2021-05-14,7,176
2021-05-14,8,168
2021-05-14,9,141
2021-05-14,10,142
2021-05-14,11,195
2021-05-14,12,163
2021-05-14,13,138
2021-05-14,14,159
2021-05-14,15,150
2021-05-14,16,141
2021-05-14,17,159
2021-05-14,18,142
2021-05-14,19,127
2021-05-14,20,88
2021-05-14,21,53
2021-05-14,22,53
2021-05-14,23,31
2021-05-15,0,21
2021-05-15,1,12
2021-05-15,2,0
2021-05-15,3,8
2021-05-15,4,17
2021-05-15,5,21
2021-05-15,6,40
2021-05-15,7,71
2021-05-15,8,97
2021-05-15,9,141
2021-05-15,10,147
2021-05-15,11,159
2021-05-15,12,145
2021-05-15,13,172
2021-05-15,14,149
2021-05-15,15,167
2021-05-15,16,159
2021-05-15,17,159
2021-05-15,18,155
2021-05-15,19,118
2021-05-15,20,75
2021-05-15,21,58
2021-05-15,22,62
2021-05-15,23,21
2021-05-16,0,16
2021-05-16,1,26
2021-05-16,2,36
2021-05-16,3,26
2021-05-16,4,4
2021-05-16,5,8
2021-05-16,6,16
2021-05-16,7,44
2021-05-16,8,62
2021-05-16,9,100
2021-05-16,10,101
2021-05-16,11,119
2021-05-16,12,123
2021-05-16,13,127
2021-05-16,14,119
2021-05-16,15,118
2021-05-16,16,132
2021-05-16,17,119
2021-05-16,18,101
2021-05-16,19,80
2021-05-16,20,72
2021-05-16,21,40
2021-05-16,22,31
2021-05-16,23,16
2021-05-17,0,12
2021-05-17,1,4
2021-05-17,2,4
2021-05-17,3,4
2021-05-17,4,16
2021-05-17,5,26
2021-05-17,6,70
2021-05-17,7,180
2021-05-17,8,163
2021-05-17,9,123
2021-05-17,10,116
2021-05-17,11,115
2021-05-17,12,115
2021-05-17,13,111
2021-05-17,14,124
2021-05-17,15,123
2021-05-17,16,119
2021-05-17,17,119
2021-05-17,18,114
2021-05-17,19,80
2021-05-17,20,66
2021-05-17,21,53
2021-05-17,22,26
2021-05-17,23,21
2021-05-18,0,8
2021-05-18,1,8
2021-05-18,2,0
2021-05-18,3,4
2021-05-18,4,16
2021-05-18,5,36
2021-05-18,6,89
2021-05-18,7,172
2021-05-18,8,147
2021-05-18,9,110
2021-05-18,10,113
2021-05-18,11,110
2021-05-18,12,119
2021-05-18,13,109
2021-05-18,14,119
2021-05-19,15,115
2021-05-19,16,119
2021-05-19,17,132
2021-05-19,18,109
2021-05-19,19,84
2021-05-19,20,62
2021-05-19,21,52
2021-05-19,22,35
2021-05-19,23,12
2021-05-20,0,12
2021-05-20,1,0
2021-05-20,2,0
2021-05-20,3,0
2021-05-20,4,16
2021-05-20,5,40
2021-05-20,6,71
2021-05-20,7,164
2021-05-20,8,168
2021-05-20,9,132
2021-05-20,10,123
2021-05-20,11,136
2021-05-20,12,124
2021-05-20,13,119
2021-05-20,14,119
2021-05-20,15,132
2021-05-20,16,119
2021-05-20,17,145
2021-05-20,18,115
2021-05-20,19,88
2021-05-20,20,62
2021-05-20,21,52
2021-05-20,22,40
2021-05-20,23,21
2021-05-21,0,12
2021-05-21,1,11
2021-05-21,2,0
2021-05-21,3,4
2021-05-21,4,16
2021-05-21,5,36
2021-05-21,6,70
2021-05-21,7,184
2021-05-21,8,155
2021-05-21,9,137
2021-05-21,10,132
2021-05-21,11,133
2021-05-21,12,151
2021-05-21,13,132
2021-05-21,14,140
2021-05-21,15,140
2021-05-21,16,145
2021-05-21,17,150
2021-05-21,18,127
2021-05-21,19,114
2021-05-21,20,101
2021-05-21,21,71
2021-05-21,22,48
2021-05-21,23,40
2021-05-22,0,26
2021-05-22,1,22
2021-05-22,2,21
2021-05-22,3,12
2021-05-22,4,12
2021-05-22,5,16
2021-05-22,6,40
2021-05-22,7,75
2021-05-22,8,92
2021-05-22,9,101
2021-05-22,10,120
2021-05-22,11,145
2021-05-22,12,146
2021-05-22,13,163
2021-05-22,14,142
2021-05-22,15,133
2021-05-22,16,123
2021-05-22,17,123
2021-05-22,18,124
2021-05-22,19,101
2021-05-22,20,71
2021-05-22,21,58
2021-05-22,22,52
2021-05-22,23,36
2021-05-23,0,26
2021-05-23,1,16
2021-05-23,2,16
2021-05-23,3,16
2021-05-23,4,12
2021-05-23,5,8
2021-05-23,6,16
2021-05-23,7,31
2021-05-23,8,53
2021-05-23,9,88
2021-05-23,10,92
2021-05-23,11,109
2021-05-23,12,115
2021-05-23,13,106
2021-05-23,14,113
2021-05-23,15,106
2021-05-23,16,114
2021-05-23,17,105
2021-05-23,18,100
2021-05-23,19,67
2021-05-23,20,62
2021-05-23,21,48
2021-05-23,22,39
2021-05-23,23,21
2021-05-24,0,12
2021-05-24,1,8
2021-05-24,2,0
2021-05-24,3,8
2021-05-24,4,12
2021-05-24,5,26
2021-05-24,6,66
2021-05-24,7,171
2021-05-24,8,164
2021-05-24,9,118
2021-05-24,10,115
2021-05-24,11,123
2021-05-24,12,115
2021-05-24,13,119
2021-05-24,14,131
2021-05-24,15,128
2021-05-24,16,131
2021-05-24,17,120
2021-05-24,18,97
2021-05-24,19,76
2021-05-24,20,62
2021-05-24,21,40
2021-05-24,22,21
2021-05-24,23,16
2021-05-25,0,8
2021-05-25,1,4
2021-05-25,2,0
2021-05-25,3,4
2021-05-25,4,12
2021-05-25,5,36
2021-05-25,6,79
2021-05-25,7,177
2021-05-25,8,159
2021-05-25,9,116
2021-05-25,10,111
2021-05-25,11,123
2021-05-25,12,128
2021-05-25,13,114
2021-05-25,14,119
2021-05-25,15,109
2021-05-25,16,136
2021-05-25,17,140
2021-05-25,18,114
2021-05-25,19,105
2021-05-25,20,67
2021-05-25,21,57
2021-05-25,22,40
2021-05-25,23,21
2021-05-26,0,8
2021-05-26,1,4
2021-05-26,2,0
2021-05-26,3,0
2021-05-26,4,8
2021-05-26,5,36
2021-05-26,6,83
2021-05-26,7,164
2021-05-26,8,171
2021-05-26,9,124
2021-05-26,10,128
2021-05-26,11,137
2021-05-26,12,137
2021-05-26,13,115
2021-05-26,14,119
2021-05-26,15,115
2021-05-26,16,119
2021-05-26,17,128
2021-05-26,18,100
2021-05-26,19,84
2021-05-26,20,67
2021-05-26,21,52
2021-05-26,22,35
2021-05-26,23,17
2021-05-27,0,8
2021-05-27,1,0
2021-05-27,2,0
2021-05-27,3,0
2021-05-27,4,12
2021-05-27,5,31
2021-05-27,6,75
2021-05-27,7,170
2021-05-27,8,168
2021-05-27,9,128
2021-05-27,10,132
2021-05-27,11,131
2021-05-27,12,129
2021-05-27,13,123
2021-05-27,14,127
2021-05-27,15,128
2021-05-27,16,122
2021-05-27,17,141
2021-05-27,18,123
2021-05-27,19,93
2021-05-27,20,66
2021-05-27,21,52
2021-05-27,22,44
2021-05-27,23,21
2021-05-28,0,8
2021-05-28,1,0
2021-05-28,2,0
2021-05-28,3,4
2021-05-28,4,17
2021-05-28,5,31
2021-05-28,6,78
2021-05-28,7,150
2021-05-28,8,145
2021-05-28,9,137
2021-05-28,10,133
2021-05-28,11,133
2021-05-28,12,142
2021-05-28,13,128
2021-05-28,14,149
2021-05-28,15,132
2021-05-28,16,137
2021-05-28,17,155
2021-05-28,18,129
2021-05-28,19,105
2021-05-28,20,92
2021-05-28,21,71
2021-05-28,22,53
2021-05-28,23,40
2021-05-29,0,26
2021-05-29,1,16
2021-05-29,2,16
2021-05-29,3,12
2021-05-29,4,12
2021-05-29,5,16
2021-05-29,6,36
2021-05-29,7,70
2021-05-29,8,96
2021-05-29,9,105
2021-05-29,10,110
2021-05-29,11,149
2021-05-29,12,150
2021-05-29,13,163
2021-05-29,14,133
2021-05-29,15,132
2021-05-29,16,113
2021-05-29,17,118
2021-05-29,18,114
2021-05-29,19,96
2021-05-29,20,67
2021-05-29,21,63
2021-05-29,22,57
2021-05-29,23,31
2021-05-30,0,26
2021-05-30,1,16
2021-05-30,2,16
2021-05-30,3,16
2021-05-30,4,8
2021-05-30,5,12
2021-05-30,6,16
2021-05-30,7,31
2021-05-30,8,57
2021-05-30,9,84
2021-05-30,10,96
2021-05-30,11,105
2021-05-30,12,105
2021-05-30,13,109
2021-05-30,14,105
2021-05-30,15,105
2021-05-30,16,119
2021-05-30,17,124
2021-05-30,18,104
2021-05-30,19,67
2021-05-30,20,67
2021-05-30,21,57
2021-05-30,22,31
2021-05-30,23,16
2021-05-31,0,16
2021-05-31,1,4
2021-05-31,2,0
2021-05-31,3,4
2021-05-31,4,16
2021-05-31,5,31
2021-05-31,6,58
2021-05-31,7,150
2021-05-31,8,141
2021-05-31,9,105
2021-05-31,10,110
2021-05-31,11,127
2021-05-31,12,115
2021-05-31,13,114
2021-05-31,14,119
2021-05-31,15,119
2021-05-31,16,114
2021-05-31,17,109
2021-05-31,18,101
2021-05-31,19,84
2021-05-31,20,71
2021-05-31,21,40
2021-05-31,22,26
2021-05-31,23,16
2021-06-01,0,8
2021-06-01,1,0
2021-06-01,2,0
2021-06-01,3,4
2021-06-01,4,16
2021-06-01,5,40
2021-06-01,6,80
2021-06-01,7,159
2021-06-01,8,150
2021-06-01,9,123
2021-06-01,10,129
2021-06-01,11,119
2021-06-01,12,140
2021-06-01,13,119
2021-06-01,14,124
2021-06-01,15,128
2021-06-01,16,132
2021-06-01,17,164
2021-06-01,18,141
2021-06-01,19,96
2021-06-01,20,58
2021-06-01,21,52
2021-06-01,22,31
2021-06-01,23,17
2021-06-02,0,4
2021-06-02,1,0
2021-06-02,2,0
2021-06-02,3,8
2021-06-02,4,16
2021-06-02,5,36
2021-06-02,6,83
2021-06-02,7,168
2021-06-02,8,163
2021-06-02,9,124
2021-06-02,10,132
2021-06-02,11,132
2021-06-02,12,136
2021-06-02,13,123
2021-06-02,14,124
2021-06-02,15,119
2021-06-02,16,128
2021-06-02,17,132
2021-06-02,18,105
2021-06-02,19,80
2021-06-02,20,67
2021-06-02,21,52
2021-06-02,22,40
2021-06-02,23,17
2021-06-03,0,8
2021-06-03,1,0
2021-06-03,2,0
2021-06-03,3,4
2021-06-03,4,16
2021-06-03,5,35
2021-06-03,6,79
2021-06-03,7,172
2021-06-03,8,163
2021-06-03,9,127
2021-06-03,10,123
2021-06-03,11,132
2021-06-03,12,128
2021-06-03,13,128
2021-06-03,14,120
2021-06-03,15,135
2021-06-03,16,118
2021-06-03,17,137
2021-06-03,18,114
2021-06-03,19,88
2021-06-03,20,71
2021-06-03,21,57
2021-06-03,22,40
2021-06-03,23,21
2021-06-04,0,4
2021-06-04,1,0
2021-06-04,2,0
2021-06-04,3,4
2021-06-04,4,16
2021-06-04,5,36
2021-06-04,6,70
2021-06-04,7,167
2021-06-04,8,159
2021-06-04,9,141
2021-06-04,10,136
2021-06-04,11,136
2021-06-04,12,150
2021-06-04,13,128
2021-06-04,14,150
2021-06-04,15,137
2021-06-04,16,137
2021-06-04,17,155
2021-06-04,18,128
2021-06-04,19,102
2021-06-04,20,88
2021-06-04,21,71
2021-06-04,22,57
2021-06-04,23,44
2021-06-05,0,26
2021-06-05,1,16
2021-06-05,2,16
2021-06-05,3,12
2021-06-05,4,12
2021-06-05,5,16
2021-06-05,6,36
2021-06-05,7,79
2021-06-05,8,92
2021-06-05,9,106
2021-06-05,10,112
2021-06-05,11,150
2021-06-05,12,140
2021-06-05,13,163
2021-06-05,14,136
2021-06-05,15,137
2021-06-05,16,128
2021-06-05,17,128
2021-06-05,18,111
2021-06-05,19,100
2021-06-05,20,67
2021-06-05,21,62
2021-06-05,22,62
2021-06-05,23,36
2021-06-06,0,26
2021-06-06,1,16
2021-06-06,2,16
2021-06-06,3,16
2021-06-06,4,12
2021-06-06,5,12
2021-06-06,6,16
2021-06-06,7,31
2021-06-06,8,53
2021-06-06,9,88
2021-06-06,10,96
2021-06-06,11,109
2021-06-06,12,105
2021-06-06,13,110
2021-06-06,14,114
2021-06-06,15,105
2021-06-06,16,110
2021-06-06,17,119
2021-06-06,18,109
2021-06-06,19,67
2021-06-06,20,67
2021-06-06,21,57
2021-06-06,22,35
2021-06-06,23,21
2021-06-07,0,12
2021-06-07,1,8
2021-06-07,2,4
2021-06-07,3,8
2021-06-07,4,16
2021-06-07,5,31
2021-06-07,6,62
2021-06-07,7,167
2021-06-07,8,172
2021-06-07,9,122
2021-06-07,10,119
2021-06-07,11,119
2021-06-07,12,114
2021-06-07,13,115
2021-06-07,14,123
2021-06-07,15,115
2021-06-07,16,114
2021-06-07,17,128
2021-06-07,18,101
2021-06-07,19,84
2021-06-07,20,62
2021-06-07,21,40
2021-06-07,22,26
2021-06-07,23,16
2021-06-08,0,0
2021-06-08,1,0
2021-06-08,2,0
2021-06-08,3,4
2021-06-08,4,12
2021-06-08,5,36
2021-06-08,6,79
2021-06-08,7,168
2021-06-08,8,159
2021-06-08,9,119
2021-06-08,10,119
2021-06-08,11,128
2021-06-08,12,132
2021-06-08,13,119
2021-06-08,14,123
2021-06-08,15,114
2021-06-08,16,128
2021-06-08,17,140
2021-06-08,18,114
2021-06-08,19,88
2021-06-08,20,67
2021-06-08,21,49
2021-06-08,22,36
2021-06-08,23,21
2021-06-09,0,0
2021-06-09,1,0
2021-06-09,2,0
2021-06-09,3,8
2021-06-09,4,12
2021-06-09,5,36
2021-06-09,6,78
2021-06-09,7,177
2021-06-09,8,167
2021-06-09,9,127
2021-06-09,10,128
2021-06-09,11,132
2021-06-09,12,145
2021-06-09,13,119
2021-06-09,14,124
2021-06-09,15,119
2021-06-09,16,123
2021-06-09,17,128
2021-06-09,18,110
2021-06-09,19,84
2021-06-09,20,67
2021-06-09,21,62
2021-06-09,22,40
2021-06-09,23,12
2021-06-10,0,12
2021-06-10,1,0
2021-06-10,2,0
2021-06-10,3,4
2021-06-10,4,12
2021-06-10,5,40
2021-06-10,6,79
2021-06-10,7,164
2021-06-10,8,163
2021-06-10,9,123
2021-06-10,10,119
2021-06-10,11,123
2021-06-10,12,128
2021-06-10,13,122
2021-06-10,14,119
2021-06-10,15,133
2021-06-10,16,128
2021-06-10,17,133
2021-06-10,18,114
2021-06-10,19,88
2021-06-10,20,66
2021-06-10,21,57
2021-06-10,22,40
2021-06-10,23,21
2021-06-11,0,8
2021-06-11,1,0
2021-06-11,2,0
2021-06-11,3,4
2021-06-11,4,16
2021-06-11,5,36
2021-06-11,6,78
2021-06-11,7,171
2021-06-11,8,155
2021-06-11,9,137
2021-06-11,10,137
2021-06-11,11,133
2021-06-11,12,142
2021-06-11,13,128
2021-06-11,14,144
2021-06-11,15,136
2021-06-11,16,137
2021-06-11,17,154
2021-06-11,18,127
2021-06-11,19,96
2021-06-11,20,88
2021-06-11,21,66
2021-06-11,22,57
2021-06-11,23,40
2021-06-12,0,21
2021-06-12,1,16
2021-06-12,2,16
2021-06-12,3,12
2021-06-12,4,12
2021-06-12,5,16
2021-06-12,6,36
2021-06-12,7,75
2021-06-12,8,92
2021-06-12,9,105
2021-06-12,10,112
2021-06-12,11,141
2021-06-12,12,141
2021-06-12,13,163
2021-06-12,14,132
2021-06-12,15,133
2021-06-12,16,122
2021-06-12,17,114
2021-06-12,18,116
2021-06-12,19,96
2021-06-12,20,67
2021-06-12,21,57
2021-06-12,22,62
2021-06-12,23,36
2021-06-13,0,26
2021-06-13,1,16
2021-06-13,2,16
2021-06-13,3,16
2021-06-13,4,8
2021-06-13,5,12
2021-06-13,6,16
2021-06-13,7,36
2021-06-13,8,53
2021-06-13,9,84
2021-06-13,10,96
2021-06-13,11,113
2021-06-13,12,115
2021-06-13,13,110
2021-06-13,14,109
2021-06-13,15,105
2021-06-13,16,110
2021-06-13,17,115
2021-06-13,18,109
2021-06-13,19,71
2021-06-13,20,62
2021-06-13,21,53
2021-06-13,22,36
2021-06-13,23,26
2021-06-14,0,16
2021-06-14,1,0
2021-06-14,2,4
2021-06-14,3,8
2021-06-14,4,16
2021-06-14,5,31
2021-06-14,6,66
2021-06-14,7,176
2021-06-14,8,164
2021-06-14,9,122
2021-06-14,10,119
2021-06-14,11,123
2021-06-14,12,123
2021-06-14,13,114
2021-06-14,14,123
2021-06-14,15,115
2021-06-14,16,124
2021-06-14,17,124
2021-06-14,18,101
2021-06-14,19,80
2021-06-14,20,67
2021-06-14,21,40
2021-06-14,22,26
2021-06-14,23,16
2021-06-15,0,12
2021-06-15,1,0
2021-06-15,2,0
2021-06-15,3,4
2021-06-15,4,12
2021-06-15,5,36
2021-06-15,6,79
2021-06-15,7,177
2021-06-15,8,154
2021-06-15,9,120
2021-06-15,10,118
2021-06-15,11,119
2021-06-15,12,128
2021-06-15,13,119
2021-06-15,14,118
2021-06-15,15,119
2021-06-15,16,132
2021-06-15,17,150
2021-06-15,18,105
2021-06-15,19,88
2021-06-15,20,58
2021-06-15,21,58
2021-06-15,22,31
2021-06-15,23,21
2021-06-16,0,0
2021-06-16,1,0
2021-06-16,2,0
2021-06-16,3,4
2021-06-16,4,16
2021-06-16,5,36
2021-06-16,6,87
2021-06-16,7,159
2021-06-16,8,164
2021-06-16,9,93
2021-06-16,10,128
2021-06-16,11,141
2021-06-16,12,140
2021-06-16,13,119
2021-06-16,14,119
2021-06-16,15,114
2021-06-16,16,123
2021-06-16,17,128
2021-06-16,18,109
2021-06-16,19,84
2021-06-16,20,67
2021-06-16,21,52
2021-06-16,22,35
2021-06-16,23,21
2021-06-17,0,8
2021-06-17,1,0
2021-06-17,2,0
2021-06-17,3,4
2021-06-17,4,16
2021-06-17,5,31
2021-06-17,6,75
2021-06-17,7,159
2021-06-17,8,163
2021-06-17,9,115
2021-06-17,10,120
2021-06-17,11,128
2021-06-17,12,128
2021-06-17,13,127
2021-06-17,14,124
2021-06-17,15,128
2021-06-17,16,114
2021-06-17,17,137
2021-06-17,18,115
2021-06-17,19,88
2021-06-17,20,66
2021-06-17,21,52
2021-06-17,22,36
2021-06-17,23,21
2021-06-18,0,12
2021-06-18,1,0
2021-06-18,2,0
2021-06-18,3,4
2021-06-18,4,16
2021-06-18,5,31
2021-06-18,6,84
2021-06-18,7,163
2021-06-18,8,155
2021-06-18,9,141
2021-06-18,10,141
2021-06-18,11,133
2021-06-18,12,159
2021-06-18,13,132
2021-06-18,14,144
2021-06-18,15,140
2021-06-18,16,142
2021-06-18,17,155
2021-06-18,18,127
2021-06-18,19,96
2021-06-18,20,80
2021-06-18,21,61
2021-06-18,22,62
2021-06-18,23,40
2021-06-19,0,26
2021-06-19,1,16
2021-06-19,2,16
2021-06-19,3,16
2021-06-19,4,12
2021-06-19,5,16
2021-06-19,6,36
2021-06-19,7,75
2021-06-19,8,92
2021-06-19,9,100
2021-06-19,10,111
2021-06-19,11,149
2021-06-19,12,146
2021-06-19,13,163
2021-06-19,14,133
2021-06-19,15,132
2021-06-19,16,122
2021-06-19,17,119
2021-06-19,18,124
2021-06-19,19,96
2021-06-19,20,67
2021-06-19,21,61
2021-06-19,22,57
2021-06-19,23,36
2021-06-20,0,21
2021-06-20,1,16
2021-06-20,2,16
2021-06-20,3,16
2021-06-20,4,8
2021-06-20,5,4
2021-06-20,6,21
2021-06-20,7,36
2021-06-20,8,49
2021-06-20,9,92
2021-06-20,10,96
2021-06-20,11,113
2021-06-20,12,111
2021-06-20,13,107
2021-06-20,14,119
2021-06-20,15,105
2021-06-20,16,119
2021-06-20,17,119
2021-06-20,18,104
2021-06-20,19,67
2021-06-20,20,62
2021-06-20,21,53
2021-06-20,22,35
2021-06-20,23,21
2021-06-21,0,12
2021-06-21,1,4
2021-06-21,2,4
2021-06-21,3,8
2021-06-21,4,12
2021-06-21,5,26
2021-06-21,6,66
2021-06-21,7,167
2021-06-21,8,164
2021-06-21,9,123
2021-06-21,10,110
2021-06-21,11,129
2021-06-21,12,124
2021-06-21,13,128
2021-06-21,14,131
2021-06-21,15,128
2021-06-21,16,123
2021-06-21,17,119
2021-06-21,18,97
2021-06-21,19,80
2021-06-21,20,67
2021-06-21,21,40
2021-06-21,22,26
2021-06-21,23,16
2021-06-22,0,8
2021-06-22,1,0
2021-06-22,2,0
2021-06-22,3,4
2021-06-22,4,12
2021-06-22,5,36
2021-06-22,6,79
2021-06-22,7,168
2021-06-22,8,154
2021-06-22,9,124
2021-06-22,10,118
2021-06-22,11,119
2021-06-22,12,123
2021-06-22,13,110
2021-06-22,14,123
2021-06-22,15,118
2021-06-22,16,128
2021-06-22,17,136
2021-06-22,18,114
2021-06-22,19,76
2021-06-22,20,60
2021-06-22,21,53
2021-06-22,22,36
2021-06-22,23,16
2021-06-23,0,4
2021-06-23,1,0
2021-06-23,2,0
2021-06-23,3,4
2021-06-23,4,8
2021-06-23,5,26
2021-06-23,6,83
2021-06-23,7,154
2021-06-23,8,159
2021-06-23,9,123
2021-06-23,10,132
2021-06-23,11,132
2021-06-23,12,141
2021-06-23,13,113
2021-06-23,14,110
2021-06-23,15,109
2021-06-23,16,123
2021-06-23,17,128
2021-06-23,18,100
2021-06-23,19,80
2021-06-23,20,67
2021-06-23,21,52
2021-06-23,22,35
2021-06-23,23,12
2021-06-24,0,4
2021-06-24,1,0
2021-06-24,2,0
2021-06-24,3,0
2021-06-24,4,12
2021-06-24,5,30
2021-06-24,6,71
2021-06-24,7,164
2021-06-24,8,163
2021-06-24,9,115
2021-06-24,10,119
2021-06-24,11,124
2021-06-24,12,132
2021-06-24,13,128
2021-06-24,14,119
2021-06-24,15,132
2021-06-24,16,114
2021-06-24,17,137
2021-06-24,18,115
2021-06-24,19,88
2021-06-24,20,66
2021-06-24,21,52
2021-06-24,22,36
2021-06-24,23,21
2021-06-25,0,8
2021-06-25,1,4
2021-06-25,2,0
2021-06-25,3,4
2021-06-25,4,12
2021-06-25,5,31
2021-06-25,6,75
2021-06-25,7,159
2021-06-25,8,146
2021-06-25,9,151
2021-06-25,10,133
2021-06-25,11,147
2021-06-25,12,151
2021-06-25,13,128
2021-06-25,14,154
2021-06-25,15,151
2021-06-25,16,145
2021-06-25,17,184
2021-06-25,18,137
2021-06-25,19,113
2021-06-25,20,92
2021-06-25,21,71
2021-06-25,22,62
2021-06-25,23,40
2021-06-26,0,26
2021-06-26,1,16
2021-06-26,2,16
2021-06-26,3,12
2021-06-26,4,12
2021-06-26,5,16
2021-06-26,6,36
2021-06-26,7,70
2021-06-26,8,101
2021-06-26,9,100
2021-06-26,10,124
2021-06-26,11,159
2021-06-26,12,155
2021-06-26,13,163
2021-06-26,14,151
2021-06-26,15,150
2021-06-26,16,137
2021-06-26,17,137
2021-06-26,18,128
2021-06-26,19,109
2021-06-26,20,71
2021-06-26,21,62
2021-06-26,22,67
2021-06-26,23,36
2021-06-27,0,26
2021-06-27,1,16
2021-06-27,2,16
2021-06-27,3,16
2021-06-27,4,4
2021-06-27,5,8
2021-06-27,6,16
2021-06-27,7,31
2021-06-27,8,53
2021-06-27,9,88
2021-06-27,10,101
2021-06-27,11,101
2021-06-27,12,105
2021-06-27,13,114
2021-06-27,14,109
2021-06-27,15,110
2021-06-27,16,114
2021-06-27,17,115
2021-06-27,18,101
2021-06-27,19,67
2021-06-27,20,67
2021-06-27,21,57
2021-06-27,22,40
2021-06-27,23,26
2021-06-28,0,12
2021-06-28,1,4
2021-06-28,2,4
2021-06-28,3,4
2021-06-28,4,12
2021-06-28,5,26
2021-06-28,6,62
2021-06-28,7,167
2021-06-28,8,145
2021-06-28,9,110
2021-06-28,10,110
2021-06-28,11,123
2021-06-28,12,120
2021-06-28,13,109
2021-06-28,14,119
2021-06-28,15,119
2021-06-28,16,110
2021-06-28,17,109
2021-06-28,18,97
2021-06-28,19,80
2021-06-28,20,57
2021-06-28,21,44
2021-06-28,22,21
2021-06-28,23,16
2021-06-29,0,4
2021-06-29,1,0
2021-06-29,2,0
2021-06-29,3,4
2021-06-29,4,12
2021-06-29,5,31
2021-06-29,6,79
2021-06-29,7,150
2021-06-29,8,137
2021-06-29,9,120
2021-06-29,10,115
2021-06-29,11,115
2021-06-29,12,97
2021-06-29,13,110
2021-06-29,14,109
2021-06-29,15,110
2021-06-29,16,124
2021-06-29,17,124
2021-06-29,18,105
2021-06-29,19,84
2021-06-29,20,67
2021-06-29,21,48
2021-06-29,22,31
2021-06-29,23,16
2021-06-30,0,0
2021-06-30,1,0
2021-06-30,2,0
2021-06-30,3,4
2021-06-30,4,8
2021-06-30,5,31
2021-06-30,6,75
2021-06-30,7,150
2021-06-30,8,151
2021-06-30,9,119
2021-06-30,10,119
2021-06-30,11,132
2021-06-30,12,136
2021-06-30,13,118
2021-06-30,14,114
2021-06-30,15,109
2021-06-30,16,119
2021-06-30,17,132
2021-06-30,18,104
2021-06-30,19,80
2021-06-30,20,72
2021-06-30,21,52
2021-06-30,22,40
2021-06-30,23,16
2021-07-01,0,8
2021-07-01,1,0
2021-07-01,2,0
2021-07-01,3,0
2021-07-01,4,12
2021-07-01,5,35
2021-07-01,6,71
2021-07-01,7,160
2021-07-01,8,158
2021-07-01,9,123
2021-07-01,10,119
2021-07-01,11,132
2021-07-01,12,128
2021-07-01,13,124
2021-07-01,14,119
2021-07-01,15,132
2021-07-01,16,119
2021-07-01,17,137
2021-07-01,18,109
2021-07-01,19,92
2021-07-01,20,64
2021-07-01,21,62
2021-07-01,22,40
2021-07-01,23,21
2021-07-02,0,8
2021-07-02,1,0
2021-07-02,2,0
2021-07-02,3,4
2021-07-02,4,16
2021-07-02,5,31
2021-07-02,6,70
2021-07-02,7,163
2021-07-02,8,141
2021-07-02,9,133
2021-07-02,10,127
2021-07-02,11,127
2021-07-02,12,146
2021-07-02,13,116
2021-07-02,14,137
2021-07-02,15,145
2021-07-02,16,132
2021-07-02,17,146
2021-07-02,18,132
2021-07-02,19,100
2021-07-02,20,92
2021-07-02,21,66
2021-07-02,22,53
2021-07-02,23,40
2021-07-03,0,21
2021-07-03,1,16
2021-07-03,2,16
2021-07-03,3,12
2021-07-03,4,12
2021-07-03,5,16
2021-07-03,6,31
2021-07-03,7,75
2021-07-03,8,88
2021-07-03,9,101
2021-07-03,10,102
2021-07-03,11,137
2021-07-03,12,132
2021-07-03,13,158
2021-07-03,14,137
2021-07-03,15,128
2021-07-03,16,118
2021-07-03,17,118
2021-07-03,18,110
2021-07-03,19,92
2021-07-03,20,62
2021-07-03,21,67
2021-07-03,22,57
2021-07-03,23,32
2021-07-04,0,26
2021-07-04,1,16
2021-07-04,2,16
2021-07-04,3,16
2021-07-04,4,4
2021-07-04,5,4
2021-07-04,6,16
2021-07-04,7,36
2021-07-04,8,53
2021-07-04,9,80
2021-07-04,10,88
2021-07-04,11,101
2021-07-04,12,104
2021-07-04,13,114
2021-07-04,14,109
2021-07-04,15,106
2021-07-04,16,118
2021-07-04,17,115
2021-07-04,18,100
2021-07-04,19,67
2021-07-04,20,67
2021-07-04,21,40
2021-07-04,22,31
2021-07-04,23,21
2021-07-05,0,16
2021-07-05,1,4
2021-07-05,2,0
2021-07-05,3,8
2021-07-05,4,16
2021-07-05,5,21
2021-07-05,6,66
2021-07-05,7,159
2021-07-05,8,155
2021-07-05,9,118
2021-07-05,10,114
2021-07-05,11,128
2021-07-05,12,120
2021-07-05,13,115
2021-07-05,14,127
2021-07-05,15,128
2021-07-05,16,118
2021-07-05,17,115
2021-07-05,18,93
2021-07-05,19,80
2021-07-05,20,62
2021-07-05,21,44
2021-07-05,22,30
2021-07-05,23,16
2021-07-06,0,4
2021-07-06,1,0
2021-07-06,2,0
2021-07-06,3,4
2021-07-06,4,12
2021-07-06,5,40
2021-07-06,6,80
2021-07-06,7,164
2021-07-06,8,150
2021-07-06,9,119
2021-07-06,10,118
2021-07-06,11,118
2021-07-06,12,132
2021-07-06,13,114
2021-07-06,14,124
2021-07-06,15,114
2021-07-06,16,128
2021-07-06,17,141
2021-07-06,18,109
2021-07-06,19,88
2021-07-06,20,58
2021-07-06,21,53
2021-07-06,22,36
2021-07-06,23,16
2021-07-07,0,0
2021-07-07,1,0
2021-07-07,2,0
2021-07-07,3,4
2021-07-07,4,16
2021-07-07,5,35
2021-07-07,6,79
2021-07-07,7,147
2021-07-07,8,167
2021-07-07,9,119
2021-07-07,10,127
2021-07-07,11,132
2021-07-07,12,136
2021-07-07,13,120
2021-07-07,14,120
2021-07-07,15,120
2021-07-07,16,123
2021-07-07,17,132
2021-07-07,18,104
2021-07-07,19,83
2021-07-07,20,72
2021-07-07,21,52
2021-07-07,22,40
2021-07-07,23,12
2021-07-08,0,12
2021-07-08,1,0
2021-07-08,2,0
2021-07-08,3,0
2021-07-08,4,16
2021-07-08,5,26
2021-07-08,6,75
2021-07-08,7,164
2021-07-08,8,158
2021-07-08,9,119
2021-07-08,10,116
2021-07-08,11,136
2021-07-08,12,128
2021-07-08,13,123
2021-07-08,14,119
2021-07-08,15,127
2021-07-08,16,124
2021-07-08,17,137
2021-07-08,18,115
2021-07-08,19,88
2021-07-08,20,66
2021-07-08,21,52
2021-07-08,22,44
2021-07-08,23,21
2021-07-09,0,12
2021-07-09,1,0
2021-07-09,2,0
2021-07-09,3,4
2021-07-09,4,16
2021-07-09,5,31
2021-07-09,6,78
2021-07-09,7,159
2021-07-09,8,146
2021-07-09,9,142
2021-07-09,10,132
2021-07-09,11,133
2021-07-09,12,146
2021-07-09,13,128
2021-07-09,14,144
2021-07-09,15,132
2021-07-09,16,137
2021-07-09,17,154
2021-07-09,18,128
2021-07-09,19,96
2021-07-09,20,88
2021-07-09,21,66
2021-07-09,22,53
2021-07-09,23,40
2021-07-10,0,21
2021-07-10,1,16
2021-07-10,2,16
2021-07-10,3,12
2021-07-10,4,12
2021-07-10,5,16
2021-07-10,6,40
2021-07-10,7,70
2021-07-10,8,96
2021-07-10,9,101
2021-07-10,10,107
2021-07-10,11,149
2021-07-10,12,141
2021-07-10,13,162
2021-07-10,14,137
2021-07-10,15,137
2021-07-10,16,123
2021-07-10,17,123
2021-07-10,18,115
2021-07-10,19,104
2021-07-10,20,67
2021-07-10,21,57
2021-07-10,22,62
2021-07-10,23,36
2021-07-11,0,26
2021-07-11,1,16
2021-07-11,2,16
2021-07-11,3,16
2021-07-11,4,12
2021-07-11,5,8
2021-07-11,6,16
2021-07-11,7,31
2021-07-11,8,53
2021-07-11,9,92
2021-07-11,10,96
2021-07-11,11,105
2021-07-11,12,110
2021-07-11,13,110
2021-07-11,14,109
2021-07-11,15,110
2021-07-11,16,118
2021-07-11,17,119
2021-07-11,18,101
2021-07-11,19,67
2021-07-11,20,62
2021-07-11,21,44
2021-07-11,22,36
2021-07-11,23,26
2021-07-12,0,16
2021-07-12,1,8
2021-07-12,2,4
2021-07-12,3,8
2021-07-12,4,16
2021-07-12,5,26
2021-07-12,6,62
2021-07-12,7,162
2021-07-12,8,145
2021-07-12,9,114
2021-07-12,10,109
2021-07-12,11,128
2021-07-12,12,120
2021-07-12,13,121
2021-07-12,14,123
2021-07-12,15,128
2021-07-12,16,128
2021-07-12,17,124
2021-07-12,18,101
2021-07-12,19,80
2021-07-12,20,67
2021-07-12,21,40
2021-07-12,22,26
2021-07-12,23,16
2021-07-13,0,8
2021-07-13,1,4
2021-07-13,2,8
2021-07-13,3,4
2021-07-13,4,12
2021-07-13,5,36
2021-07-13,6,84
2021-07-13,7,163
2021-07-13,8,149
2021-07-13,9,119
2021-07-13,10,119
2021-07-13,11,119
2021-07-13,12,132
2021-07-13,13,119
2021-07-13,14,123
2021-07-13,15,109
2021-07-13,16,128
2021-07-13,17,141
2021-07-13,18,109
2021-07-13,19,92
2021-07-13,20,65
2021-07-13,21,52
2021-07-13,22,36
2021-07-13,23,16
2021-07-14,0,4
2021-07-14,1,0
2021-07-14,2,0
2021-07-14,3,4
2021-07-14,4,8
2021-07-14,5,31
2021-07-14,6,79
2021-07-14,7,150
2021-07-14,8,159
2021-07-14,9,123
2021-07-14,10,132
2021-07-14,11,135
2021-07-14,12,137
2021-07-14,13,118
2021-07-14,14,124
2021-07-14,15,115
2021-07-14,16,123
2021-07-14,17,136
2021-07-14,18,110
2021-07-14,19,80
2021-07-14,20,72
2021-07-14,21,52
2021-07-14,22,35
2021-07-14,23,16
2021-07-15,0,8
2021-07-15,1,0
2021-07-15,2,4
2021-07-15,3,0
2021-07-15,4,16
2021-07-15,5,40
2021-07-15,6,71
2021-07-15,7,164
2021-07-15,8,159
2021-07-15,9,127
2021-07-15,10,115
2021-07-15,11,132
2021-07-15,12,133
2021-07-15,13,132
2021-07-15,14,115
2021-07-15,15,131
2021-07-15,16,114
2021-07-15,17,133
2021-07-15,18,114
2021-07-15,19,93
2021-07-15,20,66
2021-07-15,21,62
2021-07-15,22,44
2021-07-15,23,26
2021-07-16,0,12
2021-07-16,1,0
2021-07-16,2,0
2021-07-16,3,4
2021-07-16,4,16
2021-07-16,5,26
2021-07-16,6,74
2021-07-16,7,163
2021-07-16,8,150
2021-07-16,9,141
2021-07-16,10,128
2021-07-16,11,133
2021-07-16,12,142
2021-07-16,13,124
2021-07-16,14,145
2021-07-16,15,137
2021-07-16,16,133
2021-07-16,17,159
2021-07-16,18,132
2021-07-16,19,96
2021-07-16,20,88
2021-07-16,21,66
2021-07-16,22,56
2021-07-16,23,40
2021-07-17,0,21
2021-07-17,1,16
2021-07-17,2,16
2021-07-17,3,12
2021-07-17,4,12
2021-07-17,5,16
2021-07-17,6,36
2021-07-17,7,75
2021-07-17,8,92
2021-07-17,9,106
2021-07-17,10,111
2021-07-17,11,149
2021-07-17,12,136
2021-07-17,13,153
2021-07-17,14,132
2021-07-17,15,137
2021-07-17,16,118
2021-07-17,17,119
2021-07-17,18,120
2021-07-17,19,101
2021-07-17,20,67
2021-07-17,21,58
2021-07-17,22,57
2021-07-17,23,36
2021-07-18,0,26
2021-07-18,1,16
2021-07-18,2,16
2021-07-18,3,16
2021-07-18,4,8
2021-07-18,5,4
2021-07-18,6,21
2021-07-18,7,31
2021-07-18,8,53
2021-07-18,9,84
2021-07-18,10,96
2021-07-18,11,105
2021-07-18,12,101
2021-07-18,13,109
2021-07-18,14,109
2021-07-18,15,110
2021-07-18,16,111
2021-07-18,17,115
2021-07-18,18,110
2021-07-18,19,67
2021-07-18,20,67
2021-07-18,21,52
2021-07-18,22,35
2021-07-18,23,16
2021-07-19,0,16
2021-07-19,1,4
2021-07-19,2,4
2021-07-19,3,8
2021-07-19,4,12
2021-07-19,5,26
2021-07-19,6,53
2021-07-19,7,155
2021-07-19,8,141
2021-07-19,9,118
2021-07-19,10,110
2021-07-19,11,118
2021-07-19,12,115
2021-07-19,13,114
2021-07-19,14,115
2021-07-19,15,123
2021-07-19,16,114
2021-07-19,17,114
2021-07-19,18,101
2021-07-19,19,80
2021-07-19,20,62
2021-07-19,21,40
2021-07-19,22,26
2021-07-19,23,16
2021-07-20,0,12
2021-07-20,1,4
2021-07-20,2,0
2021-07-20,3,4
2021-07-20,4,12
2021-07-20,5,40
2021-07-20,6,75
2021-07-20,7,164
2021-07-20,8,159
2021-07-20,9,128
2021-07-20,10,123
2021-07-20,11,119
2021-07-20,12,128
2021-07-20,13,78
2021-07-20,14,109
2021-07-20,15,109
2021-07-20,16,124
2021-07-20,17,137
2021-07-20,18,101
2021-07-20,19,88
2021-07-20,20,58
2021-07-20,21,52
2021-07-20,22,31
2021-07-20,23,16
2021-07-21,0,4
2021-07-21,1,0
2021-07-21,2,0
2021-07-21,3,0
2021-07-21,4,8
2021-07-21,5,31
2021-07-21,6,79
2021-07-21,7,151
2021-07-21,8,163
2021-07-21,9,132
2021-07-21,10,127
2021-07-21,11,132
2021-07-21,12,132
2021-07-21,13,118
2021-07-21,14,119
2021-07-21,15,114
2021-07-21,16,114
2021-07-21,17,128
2021-07-21,18,110
2021-07-21,19,76
2021-07-21,20,67
2021-07-21,21,52
2021-07-21,22,35
2021-07-21,23,12
2021-07-22,0,12
2021-07-22,1,0
2021-07-22,2,0
2021-07-22,3,0
2021-07-22,4,16
2021-07-22,5,36
2021-07-22,6,75
2021-07-22,7,164
2021-07-22,8,160
2021-07-22,9,123
2021-07-22,10,114
2021-07-22,11,132
2021-07-22,12,128
2021-07-22,13,119
2021-07-22,14,116
2021-07-22,15,123
2021-07-22,16,114
2021-07-22,17,133
2021-07-22,18,116
2021-07-22,19,92
2021-07-22,20,70
2021-07-22,21,52
2021-07-22,22,44
2021-07-22,23,21
2021-07-23,0,12
2021-07-23,1,0
2021-07-23,2,0
2021-07-23,3,4
2021-07-23,4,16
2021-07-23,5,31
2021-07-23,6,74
2021-07-23,7,159
2021-07-23,8,155
2021-07-23,9,141
2021-07-23,10,119
2021-07-23,11,137
2021-07-23,12,146
2021-07-23,13,128
2021-07-23,14,145
2021-07-23,15,132
2021-07-23,16,137
2021-07-23,17,155
2021-07-23,18,127
2021-07-23,19,105
2021-07-23,20,92
2021-07-23,21,66
2021-07-23,22,58
2021-07-23,23,44
2021-07-24,0,26
2021-07-24,1,16
2021-07-24,2,16
2021-07-24,3,8
2021-07-24,4,12
2021-07-24,5,16
2021-07-24,6,36
2021-07-24,7,70
2021-07-24,8,92
2021-07-24,9,96
2021-07-24,10,106
2021-07-24,11,149
2021-07-24,12,141
2021-07-24,13,167
2021-07-24,14,137
2021-07-24,15,137
2021-07-24,16,136
2021-07-24,17,118
2021-07-24,18,115
2021-07-24,19,96
2021-07-24,20,67
2021-07-24,21,62
2021-07-24,22,57
2021-07-24,23,36
2021-07-25,0,31
2021-07-25,1,16
2021-07-25,2,16
2021-07-25,3,16
2021-07-25,4,4
2021-07-25,5,4
2021-07-25,6,16
2021-07-25,7,31
2021-07-25,8,53
2021-07-25,9,76
2021-07-25,10,92
2021-07-25,11,113
2021-07-25,12,106
2021-07-25,13,107
2021-07-25,14,114
2021-07-25,15,101
2021-07-25,16,110
2021-07-25,17,110
2021-07-25,18,101
2021-07-25,19,72
2021-07-25,20,67
2021-07-25,21,44
2021-07-25,22,35
2021-07-25,23,21
2021-07-26,0,16
2021-07-26,1,8
2021-07-26,2,4
2021-07-26,3,8
2021-07-26,4,12
2021-07-26,5,26
2021-07-26,6,58
2021-07-26,7,171
2021-07-26,8,154
2021-07-26,9,114
2021-07-26,10,123
2021-07-26,11,123
2021-07-26,12,119
2021-07-26,13,114
2021-07-26,14,119
2021-07-26,15,118
2021-07-26,16,119
2021-07-26,17,124
2021-07-26,18,97
2021-07-26,19,80
2021-07-26,20,67
2021-07-26,21,40
2021-07-26,22,26
2021-07-26,23,16
2021-07-27,0,12
2021-07-27,1,0
2021-07-27,2,0
2021-07-27,3,4
2021-07-27,4,12
2021-07-27,5,36
2021-07-27,6,84
2021-07-27,7,160
2021-07-27,8,146
2021-07-27,9,124
2021-07-27,10,114
2021-07-27,11,115
2021-07-27,12,128
2021-07-27,13,123
2021-07-27,14,123
2021-07-27,15,115
2021-07-27,16,132
2021-07-27,17,136
2021-07-27,18,106
2021-07-27,19,88
2021-07-27,20,58
2021-07-27,21,53
2021-07-27,22,36
2021-07-27,23,16
2021-07-28,0,4
2021-07-28,1,0
2021-07-28,2,0
2021-07-28,3,4
2021-07-28,4,8
2021-07-28,5,36
2021-07-28,6,79
2021-07-28,7,151
2021-07-28,8,163
2021-07-28,9,120
2021-07-28,10,128
2021-07-28,11,132
2021-07-28,12,136
2021-07-28,13,124
2021-07-28,14,124
2021-07-28,15,119
2021-07-28,16,119
2021-07-28,17,128
2021-07-28,18,100
2021-07-28,19,80
2021-07-28,20,72
2021-07-28,21,52
2021-07-28,22,35
2021-07-28,23,12
2021-07-29,0,8
2021-07-29,1,4
2021-07-29,2,0
2021-07-29,3,0
2021-07-29,4,12
2021-07-29,5,40
2021-07-29,6,71
2021-07-29,7,164
2021-07-29,8,167
2021-07-29,9,123
2021-07-29,10,123
2021-07-29,11,136
2021-07-29,12,132
2021-07-29,13,123
2021-07-29,14,119
2021-07-29,15,136
2021-07-29,16,119
2021-07-29,17,137
2021-07-29,18,119
2021-07-29,19,96
2021-07-29,20,66
2021-07-29,21,52
2021-07-29,22,40
2021-07-29,23,21
2021-07-30,0,12
2021-07-30,1,0
2021-07-30,2,4
2021-07-30,3,8
2021-07-30,4,16
2021-07-30,5,36
2021-07-30,6,78
2021-07-30,7,163
2021-07-30,8,145
2021-07-30,9,141
2021-07-30,10,131
2021-07-30,11,137
2021-07-30,12,151
2021-07-30,13,124
2021-07-30,14,141
2021-07-30,15,136
2021-07-30,16,137
2021-07-30,17,155
2021-07-30,18,123
2021-07-30,19,105
2021-07-30,20,88
2021-07-30,21,66
2021-07-30,22,57
2021-07-30,23,40
2021-07-31,0,26
2021-07-31,1,16
2021-07-31,2,16
2021-07-31,3,12
2021-07-31,4,12
2021-07-31,5,16
2021-07-31,6,36
2021-07-31,7,74
2021-07-31,8,92
2021-07-31,9,101
2021-07-31,10,107
2021-07-31,11,149
2021-07-31,12,146
2021-07-31,13,162
2021-07-31,14,137
2021-07-31,15,142
2021-07-31,16,128
2021-07-31,17,124
2021-07-31,18,115
2021-07-31,19,96
2021-07-31,20,71
2021-07-31,21,61
2021-07-31,22,57
2021-07-31,23,36
2021-08-01,0,26
2021-08-01,1,16
2021-08-01,2,16
2021-08-01,3,16
2021-08-01,4,8
2021-08-01,5,8
2021-08-01,6,16
2021-08-01,7,31
2021-08-01,8,57
2021-08-01,9,88
2021-08-01,10,96
2021-08-01,11,113
2021-08-01,12,109
2021-08-01,13,114
2021-08-01,14,109
2021-08-01,15,114
2021-08-01,16,119
2021-08-01,17,115
2021-08-01,18,105
2021-08-01,19,72
2021-08-01,20,62
2021-08-01,21,47
2021-08-01,22,40
2021-08-01,23,16
2021-08-02,0,12
2021-08-02,1,4
2021-08-02,2,4
2021-08-02,3,8
2021-08-02,4,16
2021-08-02,5,26
2021-08-02,6,58
2021-08-02,7,159
2021-08-02,8,154
2021-08-02,9,123
2021-08-02,10,119
2021-08-02,11,123
2021-08-02,12,128
2021-08-02,13,114
2021-08-02,14,127
2021-08-02,15,124
2021-08-02,16,123
2021-08-02,17,124
2021-08-02,18,93
2021-08-02,19,80
2021-08-02,20,67
2021-08-02,21,44
2021-08-02,22,26
2021-08-02,23,16
2021-08-03,0,8
2021-08-03,1,0
2021-08-03,2,0
2021-08-03,3,4
2021-08-03,4,12
2021-08-03,5,40
2021-08-03,6,84
2021-08-03,7,164
2021-08-03,8,154
2021-08-03,9,123
2021-08-03,10,118
2021-08-03,11,119
2021-08-03,12,128
2021-08-03,13,109
2021-08-03,14,124
2021-08-03,15,114
2021-08-03,16,132
2021-08-03,17,140
2021-08-03,18,109
2021-08-03,19,84
2021-08-03,20,67
2021-08-03,21,52
2021-08-03,22,31
2021-08-03,23,16
2021-08-04,0,0
2021-08-04,1,0
2021-08-04,2,0
2021-08-04,3,4
2021-08-04,4,16
2021-08-04,5,33
2021-08-04,6,83
2021-08-04,7,160
2021-08-04,8,163
2021-08-04,9,128
2021-08-04,10,132
2021-08-04,11,137
2021-08-04,12,140
2021-08-04,13,123
2021-08-04,14,120
2021-08-04,15,114
2021-08-04,16,114
2021-08-04,17,124
2021-08-04,18,105
2021-08-04,19,80
2021-08-04,20,75
2021-08-04,21,52
2021-08-04,22,35
2021-08-04,23,16
2021-08-05,0,8
2021-08-05,1,0
2021-08-05,2,0
2021-08-05,3,8
2021-08-05,4,12
2021-08-05,5,40
2021-08-05,6,75
2021-08-05,7,164
2021-08-05,8,168
2021-08-05,9,132
2021-08-05,10,123
2021-08-05,11,141
2021-08-05,12,124
2021-08-05,13,136
2021-08-05,14,128
2021-08-05,15,127
2021-08-05,16,118
2021-08-05,17,137
2021-08-05,18,119
2021-08-05,19,97
2021-08-05,20,71
2021-08-05,21,58
2021-08-05,22,40
2021-08-05,23,21
2021-08-06,0,12
2021-08-06,1,0
2021-08-06,2,0
2021-08-06,3,4
2021-08-06,4,16
2021-08-06,5,36
2021-08-06,6,66
2021-08-06,7,167
2021-08-06,8,150
2021-08-06,9,141
2021-08-06,10,128
2021-08-06,11,145
2021-08-06,12,149
2021-08-06,13,136
2021-08-06,14,142
2021-08-06,15,140
2021-08-06,16,133
2021-08-06,17,176
2021-08-06,18,141
2021-08-06,19,106
2021-08-06,20,100
2021-08-06,21,62
2021-08-06,22,57
2021-08-06,23,40
2021-08-07,0,21
2021-08-07,1,16
2021-08-07,2,16
2021-08-07,3,8
2021-08-07,4,12
2021-08-07,5,16
2021-08-07,6,36
2021-08-07,7,75
2021-08-07,8,92
2021-08-07,9,110
2021-08-07,10,119
2021-08-07,11,154
2021-08-07,12,146
2021-08-07,13,149
2021-08-07,14,145
2021-08-07,15,141
2021-08-07,16,123
2021-08-07,17,133
2021-08-07,18,127
2021-08-07,19,109
2021-08-07,20,71
2021-08-07,21,62
2021-08-07,22,62
2021-08-07,23,26
2021-08-08,0,26
2021-08-08,1,16
2021-08-08,2,16
2021-08-08,3,12
2021-08-08,4,4
2021-08-08,5,12
2021-08-08,6,21
2021-08-08,7,31
2021-08-08,8,53
2021-08-08,9,84
2021-08-08,10,96
2021-08-08,11,113
2021-08-08,12,132
2021-08-08,13,120
2021-08-08,14,122
2021-08-08,15,106
2021-08-08,16,136
2021-08-08,17,124
2021-08-08,18,105
2021-08-08,19,84
2021-08-08,20,71
2021-08-08,21,44
2021-08-08,22,35
2021-08-08,23,21
2021-08-09,0,16
2021-08-09,1,4
2021-08-09,2,0
2021-08-09,3,8
2021-08-09,4,16
2021-08-09,5,31
2021-08-09,6,66
2021-08-09,7,163
2021-08-09,8,159
2021-08-09,9,114
2021-08-09,10,120
2021-08-09,11,132
2021-08-09,12,123
2021-08-09,13,124
2021-08-09,14,133
2021-08-09,15,128
2021-08-09,16,128
2021-08-09,17,141
2021-08-09,18,114
2021-08-09,19,88
2021-08-09,20,72
2021-08-09,21,44
2021-08-09,22,26
2021-08-09,23,21
2021-08-10,0,8
2021-08-10,1,4
2021-08-10,2,0
2021-08-10,3,4
2021-08-10,4,12
2021-08-10,5,35
2021-08-10,6,84
2021-08-10,7,168
2021-08-10,8,164
2021-08-10,9,128
2021-08-10,10,118
2021-08-10,11,128
2021-08-10,12,149
2021-08-10,13,94
2021-08-10,14,124
2021-08-10,15,118
2021-08-10,16,136
2021-08-10,17,154
2021-08-10,18,118
2021-08-10,19,92
2021-08-10,20,67
2021-08-10,21,58
2021-08-10,22,36
2021-08-10,23,21
2021-08-11,0,4
2021-08-11,1,0
2021-08-11,2,0
2021-08-11,3,12
2021-08-11,4,12
2021-08-11,5,31
2021-08-11,6,83
2021-08-11,7,150
2021-08-11,8,159
2021-08-11,9,123
2021-08-11,10,128
2021-08-11,11,136
2021-08-11,12,136
2021-08-11,13,123
2021-08-11,14,120
2021-08-11,15,120
2021-08-11,16,132
2021-08-11,17,136
2021-08-11,18,105
2021-08-11,19,84
2021-08-11,20,67
2021-08-11,21,52
2021-08-11,22,30
2021-08-11,23,17
2021-08-12,0,8
2021-08-12,1,0
2021-08-12,2,0
2021-08-12,3,0
2021-08-12,4,16
2021-08-12,5,36
2021-08-12,6,75
2021-08-12,7,159
2021-08-12,8,159
2021-08-12,9,132
2021-08-12,10,124
2021-08-12,11,136
2021-08-12,12,137
2021-08-12,13,127
2021-08-12,14,127
2021-08-12,15,141
2021-08-12,16,133
2021-08-12,17,168
2021-08-12,18,156
2021-08-12,19,88
2021-08-12,20,70
2021-08-12,21,84
2021-08-12,22,44
2021-08-12,23,26
2021-08-13,0,12
2021-08-13,1,4
2021-08-13,2,0
2021-08-13,3,4
2021-08-13,4,16
2021-08-13,5,31
2021-08-13,6,74
2021-08-13,7,167
2021-08-13,8,150
2021-08-13,9,137
2021-08-13,10,136
2021-08-13,11,132
2021-08-13,12,150
2021-08-13,13,128
2021-08-13,14,154
2021-08-13,15,136
2021-08-13,16,146
2021-08-13,17,150
2021-08-13,18,132
2021-08-13,19,97
2021-08-13,20,96
2021-08-13,21,75
2021-08-13,22,57
2021-08-13,23,44
2021-08-14,0,26
2021-08-14,1,16
2021-08-14,2,16
2021-08-14,3,12
2021-08-14,4,12
2021-08-14,5,16
2021-08-14,6,36
2021-08-14,7,75
2021-08-14,8,92
2021-08-14,9,105
2021-08-14,10,110
2021-08-14,11,163
2021-08-14,12,151
2021-08-14,13,159
2021-08-14,14,137
2021-08-14,15,132
2021-08-14,16,129
2021-08-14,17,128
2021-08-14,18,124
2021-08-14,19,110
2021-08-14,20,75
2021-08-14,21,62
2021-08-14,22,58
2021-08-14,23,36
2021-08-15,0,27
2021-08-15,1,16
2021-08-15,2,16
2021-08-15,3,16
2021-08-15,4,8
2021-08-15,5,8
2021-08-15,6,16
2021-08-15,7,31
2021-08-15,8,53
2021-08-15,9,84
2021-08-15,10,105
2021-08-15,11,118
2021-08-15,12,114
2021-08-15,13,137
2021-08-15,14,132
2021-08-15,15,110
2021-08-15,16,128
2021-08-15,17,132
2021-08-15,18,105
2021-08-15,19,84
2021-08-15,20,67
2021-08-15,21,53
2021-08-15,22,40
2021-08-15,23,16
2021-08-16,0,16
2021-08-16,1,8
2021-08-16,2,4
2021-08-16,3,17
2021-08-16,4,16
2021-08-16,5,26
2021-08-16,6,66
2021-08-16,7,172
2021-08-16,8,163
2021-08-16,9,133
2021-08-16,10,123
2021-08-16,11,124
2021-08-16,12,124
2021-08-16,13,118
2021-08-16,14,136
2021-08-16,15,128
2021-08-16,16,120
2021-08-16,17,127
2021-08-16,18,98
2021-08-16,19,84
2021-08-16,20,71
2021-08-16,21,40
2021-08-16,22,35
2021-08-16,23,16
2021-08-17,0,8
2021-08-17,1,0
2021-08-17,2,0
2021-08-17,3,4
2021-08-17,4,12
2021-08-17,5,36
2021-08-17,6,84
2021-08-17,7,159
2021-08-17,8,163
2021-08-17,9,132
2021-08-17,10,132
2021-08-17,11,128
2021-08-17,12,136
2021-08-17,13,119
2021-08-17,14,120
2021-08-17,15,109
2021-08-17,16,123
2021-08-17,17,141
2021-08-17,18,119
2021-08-17,19,88
2021-08-17,20,63
2021-08-17,21,58
2021-08-17,22,36
2021-08-17,23,16
2021-08-18,0,0
2021-08-18,1,0
2021-08-18,2,0
2021-08-18,3,4
2021-08-18,4,16
2021-08-18,5,26
2021-08-18,6,83
2021-08-18,7,164
2021-08-18,8,184
2021-08-18,9,127
2021-08-18,10,132
2021-08-18,11,132
2021-08-18,12,132
2021-08-18,13,128
2021-08-18,14,133
2021-08-18,15,132
2021-08-18,16,132
2021-08-18,17,171
2021-08-18,18,150
2021-08-18,19,85
2021-08-18,20,72
2021-08-18,21,76
2021-08-18,22,39
2021-08-18,23,21
2021-08-19,0,8
2021-08-19,1,0
2021-08-19,2,0
2021-08-19,3,0
2021-08-19,4,12
2021-08-19,5,36
2021-08-19,6,75
2021-08-19,7,159
2021-08-19,8,172
2021-08-19,9,120
2021-08-19,10,132
2021-08-19,11,136
2021-08-19,12,128
2021-08-19,13,128
2021-08-19,14,127
2021-08-19,15,142
2021-08-19,16,123
2021-08-19,17,124
2021-08-19,18,115
2021-08-19,19,93
2021-08-19,20,74
2021-08-19,21,62
2021-08-19,22,44
2021-08-19,23,21
2021-08-20,0,8
2021-08-20,1,0
2021-08-20,2,0
2021-08-20,3,4
2021-08-20,4,16
2021-08-20,5,31
2021-08-20,6,79
2021-08-20,7,163
2021-08-20,8,155
2021-08-20,9,141
2021-08-20,10,133
2021-08-20,11,132
2021-08-20,12,151
2021-08-20,13,128
2021-08-20,14,150
2021-08-20,15,137
2021-08-20,16,150
2021-08-20,17,159
2021-08-20,18,133
2021-08-20,19,104
2021-08-20,20,97
2021-08-20,21,71
2021-08-20,22,52
2021-08-20,23,40
2021-08-21,0,26
2021-08-21,1,16
2021-08-21,2,16
2021-08-21,3,8
2021-08-21,4,12
2021-08-21,5,16
2021-08-21,6,36
2021-08-21,7,75
2021-08-21,8,88
2021-08-21,9,101
2021-08-21,10,110
2021-08-21,11,153
2021-08-21,12,176
2021-08-21,13,198
2021-08-21,14,158
2021-08-21,15,132
2021-08-21,16,132
2021-08-21,17,133
2021-08-21,18,132
2021-08-21,19,105
2021-08-21,20,67
2021-08-21,21,57
2021-08-21,22,62
2021-08-21,23,40
2021-08-22,0,26
2021-08-22,1,26
2021-08-22,2,16
2021-08-22,3,16
2021-08-22,4,17
2021-08-22,5,12
2021-08-22,6,21
2021-08-22,7,31
2021-08-22,8,53
2021-08-22,9,92
2021-08-22,10,101
2021-08-22,11,113
2021-08-22,12,115
2021-08-22,13,115
2021-08-22,14,114
2021-08-22,15,110
2021-08-22,16,114
2021-08-22,17,106
2021-08-22,18,101
2021-08-22,19,67
2021-08-22,20,71
2021-08-22,21,44
2021-08-22,22,35
2021-08-22,23,21
2021-08-23,0,16
2021-08-23,1,0
2021-08-23,2,4
2021-08-23,3,8
2021-08-23,4,16
2021-08-23,5,31
2021-08-23,6,74
2021-08-23,7,175
2021-08-23,8,164
2021-08-23,9,118
2021-08-23,10,128
2021-08-23,11,119
2021-08-23,12,119
2021-08-23,13,119
2021-08-23,14,128
2021-08-23,15,128
2021-08-23,16,124
2021-08-23,17,114
2021-08-23,18,97
2021-08-23,19,84
2021-08-23,20,71
2021-08-23,21,40
2021-08-23,22,26
2021-08-23,23,16
2021-08-24,0,13
2021-08-24,1,0
2021-08-24,2,0
2021-08-24,3,4
2021-08-24,4,12
2021-08-24,5,36
2021-08-24,6,84
2021-08-24,7,172
2021-08-24,8,168
2021-08-24,9,124
2021-08-24,10,127
2021-08-24,11,124
2021-08-24,12,132
2021-08-24,13,115
2021-08-24,14,114
2021-08-24,15,109
2021-08-24,16,127
2021-08-24,17,141
2021-08-24,18,119
2021-08-24,19,92
2021-08-24,20,67
2021-08-24,21,62
2021-08-24,22,36
2021-08-24,23,16
2021-08-25,0,13
2021-08-25,1,0
2021-08-25,2,4
2021-08-25,3,8
2021-08-25,4,12
2021-08-25,5,36
2021-08-25,6,83
2021-08-25,7,172
2021-08-25,8,180
2021-08-25,9,127
2021-08-25,10,131
2021-08-25,11,137
2021-08-25,12,140
2021-08-25,13,115
2021-08-25,14,123
2021-08-25,15,119
2021-08-25,16,115
2021-08-25,17,128
2021-08-25,18,106
2021-08-25,19,84
2021-08-25,20,72
2021-08-25,21,52
2021-08-25,22,30
2021-08-25,23,16
2021-08-26,0,8
2021-08-26,1,0
2021-08-26,2,0
2021-08-26,3,8
2021-08-26,4,16
2021-08-26,5,31
2021-08-26,6,75
2021-08-26,7,167
2021-08-26,8,171
2021-08-26,9,123
2021-08-26,10,124
2021-08-26,11,131
2021-08-26,12,123
2021-08-26,13,124
2021-08-26,14,120
2021-08-26,15,136
2021-08-26,16,114
2021-08-26,17,124
2021-08-26,18,110
2021-08-26,19,88
2021-08-26,20,66
2021-08-26,21,52
2021-08-26,22,36
2021-08-26,23,21
2021-08-27,0,12
2021-08-27,1,0
2021-08-27,2,0
2021-08-27,3,4
2021-08-27,4,16
2021-08-27,5,31
2021-08-27,6,74
2021-08-27,7,168
2021-08-27,8,154
2021-08-27,9,151
2021-08-27,10,132
2021-08-27,11,124
2021-08-27,12,133
2021-08-27,13,124
2021-08-27,14,136
2021-08-27,15,132
2021-08-27,16,146
2021-08-27,17,145
2021-08-27,18,132
2021-08-27,19,100
2021-08-27,20,96
2021-08-27,21,66
2021-08-27,22,57
2021-08-27,23,44
2021-08-28,0,21
2021-08-28,1,16
2021-08-28,2,16
2021-08-28,3,12
2021-08-28,4,12
2021-08-28,5,16
2021-08-28,6,36
2021-08-28,7,80
2021-08-28,8,97
2021-08-28,9,110
2021-08-28,10,120
2021-08-28,11,158
2021-08-28,12,146
2021-08-28,13,155
2021-08-28,14,136
2021-08-28,15,132
2021-08-28,16,119
2021-08-28,17,124
2021-08-28,18,120
2021-08-28,19,109
2021-08-28,20,76
2021-08-28,21,63
2021-08-28,22,58
2021-08-28,23,31
2021-08-29,0,26
2021-08-29,1,16
2021-08-29,2,16
2021-08-29,3,16
2021-08-29,4,12
2021-08-29,5,8
2021-08-29,6,16
2021-08-29,7,31
2021-08-29,8,61
2021-08-29,9,92
2021-08-29,10,109
2021-08-29,11,100
2021-08-29,12,88
2021-08-29,13,101
2021-08-29,14,123
2021-08-29,15,105
2021-08-29,16,115
2021-08-29,17,119
2021-08-29,18,97
2021-08-29,19,80
2021-08-29,20,71
2021-08-29,21,44
2021-08-29,22,35
2021-08-29,23,26
2021-08-30,0,16
2021-08-30,1,8
2021-08-30,2,4
2021-08-30,3,12
2021-08-30,4,16
2021-08-30,5,26
2021-08-30,6,62
2021-08-30,7,159
2021-08-30,8,150
2021-08-30,9,119
2021-08-30,10,128
2021-08-30,11,128
2021-08-30,12,115
2021-08-30,13,114
2021-08-30,14,127
2021-08-30,15,128
2021-08-30,16,114
2021-08-30,17,114
2021-08-30,18,93
2021-08-30,19,80
2021-08-30,20,71
2021-08-30,21,40
2021-08-30,22,30
2021-08-30,23,16
2021-08-31,0,8
2021-08-31,1,0
2021-08-31,2,0
2021-08-31,3,4
2021-08-31,4,16
2021-08-31,5,40
2021-08-31,6,84
2021-08-31,7,163
2021-08-31,8,154
2021-08-31,9,128
2021-08-31,10,133
2021-08-31,11,119
2021-08-31,12,132
2021-08-31,13,120
2021-08-31,14,118
2021-08-31,15,123
2021-08-31,16,124
2021-08-31,17,145
2021-08-31,18,115
2021-08-31,19,88
2021-08-31,20,67
2021-08-31,21,52
2021-08-31,22,36
2021-08-31,23,12
2021-09-01,0,4
2021-09-01,1,4
2021-09-01,2,4
2021-09-01,3,8
2021-09-01,4,16
2021-09-01,5,31
2021-09-01,6,83
2021-09-01,7,160
2021-09-01,8,182
2021-09-01,9,127
2021-09-01,10,132
2021-09-01,11,141
2021-09-01,12,147
2021-09-01,13,112
2021-09-01,14,114
2021-09-01,15,119
2021-09-01,16,123
2021-09-01,17,124
2021-09-01,18,100
2021-09-01,19,80
2021-09-01,20,67
2021-09-01,21,40
2021-09-01,22,31
2021-09-01,23,16
2021-09-02,0,8
2021-09-02,1,0
2021-09-02,2,0
2021-09-02,3,0
2021-09-02,4,12
2021-09-02,5,35
2021-09-02,6,79
2021-09-02,7,167
2021-09-02,8,180
2021-09-02,9,120
2021-09-02,10,127
2021-09-02,11,132
2021-09-02,12,120
2021-09-02,13,123
2021-09-02,14,115
2021-09-02,15,137
2021-09-02,16,119
2021-09-02,17,128
2021-09-02,18,116
2021-09-02,19,110
2021-09-02,20,79
2021-09-02,21,62
2021-09-02,22,40
2021-09-02,23,16
2021-09-03,0,12
2021-09-03,1,0
2021-09-03,2,0
2021-09-03,3,4
2021-09-03,4,16
2021-09-03,5,31
2021-09-03,6,70
2021-09-03,7,166
2021-09-03,8,155
2021-09-03,9,141
2021-09-03,10,133
2021-09-03,11,128
2021-09-03,12,141
2021-09-03,13,128
2021-09-03,14,141
2021-09-03,15,133
2021-09-03,16,137
2021-09-03,17,154
2021-09-03,18,124
2021-09-03,19,100
2021-09-03,20,88
2021-09-03,21,62
2021-09-03,22,62
2021-09-03,23,45
2021-09-04,0,26
2021-09-04,1,16
2021-09-04,2,16
2021-09-04,3,12
2021-09-04,4,12
2021-09-04,5,16
2021-09-04,6,36
2021-09-04,7,75
2021-09-04,8,97
2021-09-04,9,110
2021-09-04,10,115
2021-09-04,11,133
2021-09-04,12,136
2021-09-04,13,158
2021-09-04,14,132
2021-09-04,15,141
2021-09-04,16,127
2021-09-04,17,128
2021-09-04,18,115
2021-09-04,19,101
2021-09-04,20,67
2021-09-04,21,61
2021-09-04,22,58
2021-09-04,23,31
2021-09-05,0,26
2021-09-05,1,16
2021-09-05,2,16
2021-09-05,3,16
2021-09-05,4,12
2021-09-05,5,12
2021-09-05,6,21
2021-09-05,7,31
2021-09-05,8,57
2021-09-05,9,88
2021-09-05,10,97
2021-09-05,11,117
2021-09-05,12,115
2021-09-05,13,115
2021-09-05,14,114
2021-09-05,15,110
2021-09-05,16,123
2021-09-05,17,124
2021-09-05,18,105
2021-09-05,19,75
2021-09-05,20,66
2021-09-05,21,44
2021-09-05,22,36
2021-09-05,23,16
2021-09-06,0,12
2021-09-06,1,4
2021-09-06,2,4
2021-09-06,3,12
2021-09-06,4,12
2021-09-06,5,26
2021-09-06,6,62
2021-09-06,7,167
2021-09-06,8,156
2021-09-06,9,116
2021-09-06,10,123
2021-09-06,11,123
2021-09-06,12,119
2021-09-06,13,110
2021-09-06,14,131
2021-09-06,15,120
2021-09-06,16,120
2021-09-06,17,124
2021-09-06,18,96
2021-09-06,19,84
2021-09-06,20,72
2021-09-06,21,40
2021-09-06,22,26
2021-09-06,23,16
2021-09-07,0,8
2021-09-07,1,0
2021-09-07,2,0
2021-09-07,3,4
2021-09-07,4,12
2021-09-07,5,36
2021-09-07,6,79
2021-09-07,7,163
2021-09-07,8,159
2021-09-07,9,124
2021-09-07,10,114
2021-09-07,11,119
2021-09-07,12,132
2021-09-07,13,110
2021-09-07,14,114
2021-09-07,15,115
2021-09-07,16,120
2021-09-07,17,137
2021-09-07,18,113
2021-09-07,19,88
2021-09-07,20,67
2021-09-07,21,57
2021-09-07,22,36
2021-09-07,23,21
2021-09-08,0,8
2021-09-08,1,0
2021-09-08,2,0
2021-09-08,3,8
2021-09-08,4,12
2021-09-08,5,36
2021-09-08,6,83
2021-09-08,7,155
2021-09-08,8,180
2021-09-08,9,123
2021-09-08,10,128
2021-09-08,11,137
2021-09-08,12,132
2021-09-08,13,119
2021-09-08,14,112
2021-09-08,15,114
2021-09-08,16,127
2021-09-08,17,127
2021-09-08,18,100
2021-09-08,19,84
2021-09-08,20,72
2021-09-08,21,52
2021-09-08,22,30
2021-09-08,23,21
2021-09-09,0,8
2021-09-09,1,0
2021-09-09,2,12
2021-09-09,3,4
2021-09-09,4,16
2021-09-09,5,36
2021-09-09,6,79
2021-09-09,7,163
2021-09-09,8,172
2021-09-09,9,123
2021-09-09,10,124
2021-09-09,11,123
2021-09-09,12,128
2021-09-09,13,128
2021-09-09,14,115
2021-09-09,15,137
2021-09-09,16,118
2021-09-09,17,133
2021-09-09,18,111
2021-09-09,19,101
2021-09-09,20,70
2021-09-09,21,52
2021-09-09,22,44
2021-09-09,23,21
2021-09-10,0,12
2021-09-10,1,4
2021-09-10,2,0
2021-09-10,3,8
2021-09-10,4,16
2021-09-10,5,31
2021-09-10,6,79
2021-09-10,7,163
2021-09-10,8,149
2021-09-10,9,141
2021-09-10,10,137
2021-09-10,11,142
2021-09-10,12,146
2021-09-10,13,133
2021-09-10,14,155
2021-09-10,15,141
2021-09-10,16,150
2021-09-10,17,150
2021-09-10,18,132
2021-09-10,19,100
2021-09-10,20,84
2021-09-10,21,66
2021-09-10,22,52
2021-09-10,23,48
2021-09-11,0,31
2021-09-11,1,21
2021-09-11,2,16
2021-09-11,3,16
2021-09-11,4,12
2021-09-11,5,21
2021-09-11,6,36
2021-09-11,7,80
2021-09-11,8,97
2021-09-11,9,111
2021-09-11,10,116
2021-09-11,11,145
2021-09-11,12,150
2021-09-11,13,167
2021-09-11,14,137
2021-09-11,15,137
2021-09-11,16,146
2021-09-11,17,138
2021-09-11,18,124
2021-09-11,19,105
2021-09-11,20,79
2021-09-11,21,58
2021-09-11,22,62
2021-09-11,23,35
2021-09-12,0,26
2021-09-12,1,16
2021-09-12,2,16
2021-09-12,3,16
2021-09-12,4,12
2021-09-12,5,8
2021-09-12,6,16
2021-09-12,7,31
2021-09-12,8,57
2021-09-12,9,84
2021-09-12,10,96
2021-09-12,11,113
2021-09-12,12,115
2021-09-12,13,116
2021-09-12,14,119
2021-09-12,15,115
2021-09-12,16,128
2021-09-12,17,124
2021-09-12,18,102
2021-09-12,19,76
2021-09-12,20,72
2021-09-12,21,48
2021-09-12,22,44
2021-09-12,23,26
2021-09-13,0,16
2021-09-13,1,12
2021-09-13,2,0
2021-09-13,3,8
2021-09-13,4,12
2021-09-13,5,26
2021-09-13,6,62
2021-09-13,7,167
2021-09-13,8,172
2021-09-13,9,118
2021-09-13,10,128
2021-09-13,11,123
2021-09-13,12,115
2021-09-13,13,114
2021-09-13,14,123
2021-09-13,15,123
2021-09-13,16,123
2021-09-13,17,120
2021-09-13,18,93
2021-09-13,19,84
2021-09-13,20,62
2021-09-13,21,44
2021-09-13,22,25
2021-09-13,23,16
2021-09-14,0,4
2021-09-14,1,0
2021-09-14,2,0
2021-09-14,3,4
2021-09-14,4,12
2021-09-14,5,31
2021-09-14,6,84
2021-09-14,7,159
2021-09-14,8,159
2021-09-14,9,114
2021-09-14,10,113
2021-09-14,11,124
2021-09-14,12,132
2021-09-14,13,110
2021-09-14,14,123
2021-09-14,15,122
2021-09-14,16,120
2021-09-14,17,145
2021-09-14,18,109
2021-09-14,19,88
2021-09-14,20,62
2021-09-14,21,52
2021-09-14,22,36
2021-09-14,23,16
2021-09-15,0,4
2021-09-15,1,0
2021-09-15,2,0
2021-09-15,3,0
2021-09-15,4,16
2021-09-15,5,36
2021-09-15,6,79
2021-09-15,7,155
2021-09-15,8,163
2021-09-15,9,123
2021-09-15,10,128
2021-09-15,11,133
2021-09-15,12,140
2021-09-15,13,123
2021-09-15,14,116
2021-09-15,15,115
2021-09-15,16,132
2021-09-15,17,136
2021-09-15,18,114
2021-09-15,19,80
2021-09-15,20,67
2021-09-15,21,48
2021-09-15,22,35
2021-09-15,23,17
2021-09-16,0,8
2021-09-16,1,0
2021-09-16,2,4
2021-09-16,3,0
2021-09-16,4,12
2021-09-16,5,35
2021-09-16,6,71
2021-09-16,7,177
2021-09-16,8,163
2021-09-16,9,124
2021-09-16,10,115
2021-09-16,11,118
2021-09-16,12,120
2021-09-16,13,119
2021-09-16,14,114
2021-09-16,15,141
2021-09-16,16,115
2021-09-16,17,136
2021-09-16,18,114
2021-09-16,19,88
2021-09-16,20,62
2021-09-16,21,57
2021-09-16,22,49
2021-09-16,23,16
2021-09-17,0,12
2021-09-17,1,0
2021-09-17,2,0
2021-09-17,3,8
2021-09-17,4,16
2021-09-17,5,36
2021-09-17,6,74
2021-09-17,7,175
2021-09-17,8,155
2021-09-17,9,149
2021-09-17,10,131
2021-09-17,11,128
2021-09-17,12,150
2021-09-17,13,128
2021-09-17,14,141
2021-09-17,15,142
2021-09-17,16,163
2021-09-17,17,159
2021-09-17,18,129
2021-09-17,19,109
2021-09-17,20,92
2021-09-17,21,66
2021-09-17,22,48
2021-09-17,23,36
2021-09-18,0,21
2021-09-18,1,16
2021-09-18,2,16
2021-09-18,3,12
2021-09-18,4,12
2021-09-18,5,16
2021-09-18,6,36
2021-09-18,7,75
2021-09-18,8,101
2021-09-18,9,114
2021-09-18,10,105
2021-09-18,11,163
2021-09-18,12,145
2021-09-18,13,153
2021-09-18,14,158
2021-09-18,15,141
2021-09-18,16,128
2021-09-18,17,136
2021-09-18,18,119
2021-09-18,19,105
2021-09-18,20,70
2021-09-18,21,62
2021-09-18,22,62
2021-09-18,23,40
2021-09-19,0,26
2021-09-19,1,16
2021-09-19,2,16
2021-09-19,3,16
2021-09-19,4,8
2021-09-19,5,8
2021-09-19,6,16
2021-09-19,7,31
2021-09-19,8,57
2021-09-19,9,92
2021-09-19,10,96
2021-09-19,11,113
2021-09-19,12,111
2021-09-19,13,114
2021-09-19,14,105
2021-09-19,15,105
2021-09-19,16,118
2021-09-19,17,135
2021-09-19,18,105
2021-09-19,19,80
2021-09-19,20,67
2021-09-19,21,48
2021-09-19,22,40
2021-09-19,23,21
2021-09-20,0,16
2021-09-20,1,8
2021-09-20,2,0
2021-09-20,3,4
2021-09-20,4,16
2021-09-20,5,26
2021-09-20,6,62
2021-09-20,7,163
2021-09-20,8,159
2021-09-20,9,119
2021-09-20,10,132
2021-09-20,11,123
2021-09-20,12,111
2021-09-20,13,114
2021-09-20,14,127
2021-09-20,15,128
2021-09-20,16,119
2021-09-20,17,124
2021-09-20,18,97
2021-09-20,19,84
2021-09-20,20,71
2021-09-20,21,44
2021-09-20,22,25
2021-09-20,23,16
2021-09-21,0,12
2021-09-21,1,0
2021-09-21,2,0
2021-09-21,3,4
2021-09-21,4,12
2021-09-21,5,36
2021-09-21,6,75
2021-09-21,7,171
2021-09-21,8,159
2021-09-21,9,120
2021-09-21,10,128
2021-09-21,11,123
2021-09-21,12,136
2021-09-21,13,123
2021-09-21,14,120
2021-09-21,15,115
2021-09-21,16,132
2021-09-21,17,141
2021-09-21,18,109
2021-09-21,19,92
2021-09-21,20,67
2021-09-21,21,58
2021-09-21,22,36
2021-09-21,23,21
2021-09-22,0,8
2021-09-22,1,0
2021-09-22,2,0
2021-09-22,3,8
2021-09-22,4,12
2021-09-22,5,36
2021-09-22,6,87
2021-09-22,7,163
2021-09-22,8,172
2021-09-22,9,119
2021-09-22,10,132
2021-09-22,11,137
2021-09-22,12,136
2021-09-22,13,119
2021-09-22,14,119
2021-09-22,15,110
2021-09-22,16,128
2021-09-22,17,137
2021-09-22,18,115
2021-09-22,19,84
2021-09-22,20,72
2021-09-22,21,48
2021-09-22,22,40
2021-09-22,23,16
2021-09-23,0,8
2021-09-23,1,0
2021-09-23,2,4
2021-09-23,3,0
2021-09-23,4,16
2021-09-23,5,36
2021-09-23,6,71
2021-09-23,7,167
2021-09-23,8,169
2021-09-23,9,127
2021-09-23,10,119
2021-09-23,11,132
2021-09-23,12,132
2021-09-23,13,146
2021-09-23,14,120
2021-09-23,15,131
2021-09-23,16,128
2021-09-23,17,136
2021-09-23,18,128
2021-09-23,19,101
2021-09-23,20,66
2021-09-23,21,62
2021-09-23,22,44
2021-09-23,23,21
2021-09-24,0,8
2021-09-24,1,4
2021-09-24,2,0
2021-09-24,3,8
2021-09-24,4,16
2021-09-24,5,31
2021-09-24,6,74
2021-09-24,7,150
2021-09-24,8,145
2021-09-24,9,136
2021-09-24,10,137
2021-09-24,11,137
2021-09-24,12,150
2021-09-24,13,127
2021-09-24,14,136
2021-09-24,15,133
2021-09-24,16,137
2021-09-24,17,154
2021-09-24,18,133
2021-09-24,19,100
2021-09-24,20,80
2021-09-24,21,62
2021-09-24,22,67
2021-09-24,23,36
2021-09-25,0,26
2021-09-25,1,16
2021-09-25,2,16
2021-09-25,3,16
2021-09-25,4,12
2021-09-25,5,16
2021-09-25,6,31
2021-09-25,7,70
2021-09-25,8,88
2021-09-25,9,101
2021-09-25,10,116
2021-09-25,11,149
2021-09-25,12,136
2021-09-25,13,141
2021-09-25,14,137
2021-09-25,15,132
2021-09-25,16,113
2021-09-25,17,118
2021-09-25,18,115
2021-09-25,19,96
2021-09-25,20,72
2021-09-25,21,57
2021-09-25,22,57
2021-09-25,23,36
2021-09-26,0,27
2021-09-26,1,16
2021-09-26,2,16
2021-09-26,3,16
2021-09-26,4,12
2021-09-26,5,12
2021-09-26,6,16
2021-09-26,7,31
2021-09-26,8,57
2021-09-26,9,88
2021-09-26,10,92
2021-09-26,11,109
2021-09-26,12,119
2021-09-26,13,128
2021-09-26,14,114
2021-09-26,15,96
2021-09-26,16,132
2021-09-26,17,129
2021-09-26,18,105
2021-09-26,19,76
2021-09-26,20,66
2021-09-26,21,44
2021-09-26,22,36
2021-09-26,23,31
2021-09-27,0,16
2021-09-27,1,8
2021-09-27,2,4
2021-09-27,3,12
2021-09-27,4,16
2021-09-27,5,21
2021-09-27,6,54
2021-09-27,7,150
2021-09-27,8,132
2021-09-27,9,111
2021-09-27,10,109
2021-09-27,11,114
2021-09-27,12,115
2021-09-27,13,114
2021-09-27,14,123
2021-09-27,15,110
2021-09-27,16,100
2021-09-27,17,115
2021-09-27,18,106
2021-09-27,19,84
2021-09-27,20,67
2021-09-27,21,40
2021-09-27,22,31
2021-09-27,23,16
2021-09-28,0,4
2021-09-28,1,4
2021-09-28,2,0
2021-09-28,3,4
2021-09-28,4,12
2021-09-28,5,40
2021-09-28,6,84
2021-09-28,7,172
2021-09-28,8,158
2021-09-28,9,120
2021-09-28,10,129
2021-09-28,11,123
2021-09-28,12,137
2021-09-28,13,120
2021-09-28,14,127
2021-09-28,15,109
2021-09-28,16,128
2021-09-28,17,141
2021-09-28,18,115
2021-09-28,19,92
2021-09-28,20,63
2021-09-28,21,52
2021-09-28,22,36
2021-09-28,23,17
2021-09-29,0,4
2021-09-29,1,0
2021-09-29,2,0
2021-09-29,3,4
2021-09-29,4,12
2021-09-29,5,31
2021-09-29,6,87
2021-09-29,7,171
2021-09-29,8,177
2021-09-29,9,97
2021-09-29,10,136
2021-09-29,11,133
2021-09-29,12,132
2021-09-29,13,119
2021-09-29,14,119
2021-09-29,15,105
2021-09-29,16,123
2021-09-29,17,136
2021-09-29,18,106
2021-09-29,19,84
2021-09-29,20,72
2021-09-29,21,48
2021-09-29,22,30
2021-09-29,23,16
2021-09-30,0,8
2021-09-30,1,0
2021-09-30,2,0
2021-09-30,3,0
2021-09-30,4,16
2021-09-30,5,32
2021-09-30,6,71
2021-09-30,7,168
2021-09-30,8,163
2021-09-30,9,123
2021-09-30,10,119
2021-09-30,11,137
2021-09-30,12,128
2021-09-30,13,133
2021-09-30,14,115
2021-09-30,15,136
2021-09-30,16,128
2021-09-30,17,155
2021-09-30,18,124
2021-09-30,19,96
2021-09-30,20,71
2021-09-30,21,66
2021-09-30,22,44
2021-09-30,23,16
2021-10-01,0,12
2021-10-01,1,0
2021-10-01,2,0
2021-10-01,3,8
2021-10-01,4,16
2021-10-01,5,31
2021-10-01,6,74
2021-10-01,7,167
2021-10-01,8,151
2021-10-01,9,141
2021-10-01,10,128
2021-10-01,11,129
2021-10-01,12,141
2021-10-01,13,128
2021-10-01,14,146
2021-10-01,15,136
2021-10-01,16,137
2021-10-01,17,163
2021-10-01,18,128
2021-10-01,19,105
2021-10-01,20,88
2021-10-01,21,66
2021-10-01,22,62
2021-10-01,23,45
2021-10-02,0,26
2021-10-02,1,16
2021-10-02,2,16
2021-10-02,3,16
2021-10-02,4,12
2021-10-02,5,16
2021-10-02,6,36
2021-10-02,7,70
2021-10-02,8,92
2021-10-02,9,106
2021-10-02,10,106
2021-10-02,11,140
2021-10-02,12,146
2021-10-02,13,162
2021-10-02,14,144
2021-10-02,15,140
2021-10-02,16,118
2021-10-02,17,128
2021-10-02,18,127
2021-10-02,19,101
2021-10-02,20,67
2021-10-02,21,58
2021-10-02,22,58
2021-10-02,23,40
2021-10-03,0,26
2021-10-03,1,21
2021-10-03,2,16
2021-10-03,3,16
2021-10-03,4,12
2021-10-03,5,8
2021-10-03,6,16
2021-10-03,7,31
2021-10-03,8,61
2021-10-03,9,88
2021-10-03,10,93
2021-10-03,11,109
2021-10-03,12,106
2021-10-03,13,104
2021-10-03,14,105
2021-10-03,15,101
2021-10-03,16,119
2021-10-03,17,124
2021-10-03,18,105
2021-10-03,19,76
2021-10-03,20,67
2021-10-03,21,44
2021-10-03,22,40
2021-10-03,23,16
2021-10-04,0,16
2021-10-04,1,4
2021-10-04,2,4
2021-10-04,3,8
2021-10-04,4,16
2021-10-04,5,26
2021-10-04,6,70
2021-10-04,7,175
2021-10-04,8,164
2021-10-04,9,123
2021-10-04,10,128
2021-10-04,11,128
2021-10-04,12,120
2021-10-04,13,128
2021-10-04,14,136
2021-10-04,15,132
2021-10-04,16,120
2021-10-04,17,124
2021-10-04,18,97
2021-10-04,19,88
2021-10-04,20,72
2021-10-04,21,40
2021-10-04,22,26
2021-10-04,23,16
2021-10-05,0,12
2021-10-05,1,0
2021-10-05,2,0
2021-10-05,3,4
2021-10-05,4,12
2021-10-05,5,36
2021-10-05,6,84
2021-10-05,7,164
2021-10-05,8,169
2021-10-05,9,128
2021-10-05,10,119
2021-10-05,11,120
2021-10-05,12,128
2021-10-05,13,132
2021-10-05,14,119
2021-10-05,15,128
2021-10-05,16,140
2021-10-05,17,153
2021-10-05,18,118
2021-10-05,19,88
2021-10-05,20,67
2021-10-05,21,53
2021-10-05,22,36
2021-10-05,23,16
2021-10-06,0,4
2021-10-06,1,0
2021-10-06,2,0
2021-10-06,3,4
2021-10-06,4,8
2021-10-06,5,31
2021-10-06,6,87
2021-10-06,7,156
2021-10-06,8,186
2021-10-06,9,123
2021-10-06,10,132
2021-10-06,11,136
2021-10-06,12,145
2021-10-06,13,118
2021-10-06,14,118
2021-10-06,15,114
2021-10-06,16,127
2021-10-06,17,136
2021-10-06,18,123
2021-10-06,19,88
2021-10-06,20,72
2021-10-06,21,57
2021-10-06,22,35
2021-10-06,23,12
2021-10-07,0,12
2021-10-07,1,0
2021-10-07,2,4
2021-10-07,3,0
2021-10-07,4,12
2021-10-07,5,35
2021-10-07,6,67
2021-10-07,7,173
2021-10-07,8,186
2021-10-07,9,132
2021-10-07,10,132
2021-10-07,11,133
2021-10-07,12,132
2021-10-07,13,141
2021-10-07,14,128
2021-10-07,15,141
2021-10-07,16,136
2021-10-07,17,142
2021-10-07,18,120
2021-10-07,19,100
2021-10-07,20,66
2021-10-07,21,57
2021-10-07,22,48
2021-10-07,23,26
2021-10-08,0,12
2021-10-08,1,0
2021-10-08,2,0
2021-10-08,3,4
2021-10-08,4,16
2021-10-08,5,31
2021-10-08,6,78
2021-10-08,7,171
2021-10-08,8,159
2021-10-08,9,141
2021-10-08,10,132
2021-10-08,11,137
2021-10-08,12,150
2021-10-08,13,132
2021-10-08,14,146
2021-10-08,15,145
2021-10-08,16,145
2021-10-08,17,168
2021-10-08,18,139
2021-10-08,19,97
2021-10-08,20,96
2021-10-08,21,66
2021-10-08,22,57
2021-10-08,23,48
2021-10-09,0,31
2021-10-09,1,16
2021-10-09,2,16
2021-10-09,3,8
2021-10-09,4,12
2021-10-09,5,16
2021-10-09,6,36
2021-10-09,7,70
2021-10-09,8,96
2021-10-09,9,110
2021-10-09,10,111
2021-10-09,11,137
2021-10-09,12,145
2021-10-09,13,159
2021-10-09,14,146
2021-10-09,15,137
2021-10-09,16,123
2021-10-09,17,133
2021-10-09,18,120
2021-10-09,19,100
2021-10-09,20,71
2021-10-09,21,62
2021-10-09,22,57
2021-10-09,23,31
2021-10-10,0,26
2021-10-10,1,21
2021-10-10,2,21
2021-10-10,3,12
2021-10-10,4,16
2021-10-10,5,8
2021-10-10,6,16
2021-10-10,7,31
2021-10-10,8,57
2021-10-10,9,84
2021-10-10,10,92
2021-10-10,11,101
2021-10-10,12,106
2021-10-10,13,114
2021-10-10,14,109
2021-10-10,15,110
2021-10-10,16,119
2021-10-10,17,124
2021-10-10,18,104
2021-10-10,19,72
2021-10-10,20,67
2021-10-10,21,49
2021-10-10,22,40
2021-10-10,23,21
2021-10-11,0,16
2021-10-11,1,8
2021-10-11,2,0
2021-10-11,3,12
2021-10-11,4,12
2021-10-11,5,21
2021-10-11,6,71
2021-10-11,7,171
2021-10-11,8,150
2021-10-11,9,115
2021-10-11,10,115
2021-10-11,11,128
2021-10-11,12,111
2021-10-11,13,119
2021-10-11,14,136
2021-10-11,15,120
2021-10-11,16,124
2021-10-11,17,127
2021-10-11,18,101
2021-10-11,19,80
2021-10-11,20,76
2021-10-11,21,40
2021-10-11,22,30
2021-10-11,23,16
2021-10-12,0,12
2021-10-12,1,4
2021-10-12,2,0
2021-10-12,3,4
2021-10-12,4,8
2021-10-12,5,31
2021-10-12,6,75
2021-10-12,7,167
2021-10-12,8,142
2021-10-12,9,116
2021-10-12,10,110
2021-10-12,11,114
2021-10-12,12,136
2021-10-12,13,119
2021-10-12,14,124
2021-10-12,15,124
2021-10-12,16,132
2021-10-12,17,159
2021-10-12,18,114
2021-10-12,19,92
2021-10-12,20,58
2021-10-12,21,57
2021-10-12,22,40
2021-10-12,23,16
2021-10-13,0,4
2021-10-13,1,0
2021-10-13,2,0
2021-10-13,3,4
2021-10-13,4,12
2021-10-13,5,23
2021-10-13,15,132
2021-10-13,16,132
2021-10-13,17,140
2021-10-13,18,111
2021-10-13,19,80
2021-10-13,20,57
2021-10-13,21,57
2021-10-13,22,35
2021-10-13,23,12
2021-10-14,0,8
2021-10-14,1,0
2021-10-14,2,0
2021-10-14,3,0
2021-10-14,4,16
2021-10-14,5,26
2021-10-14,6,71
2021-10-14,7,163
2021-10-14,8,159
2021-10-14,9,116
2021-10-14,10,120
2021-10-14,11,131
2021-10-14,12,133
2021-10-14,13,128
2021-10-14,14,128
2021-10-14,15,132
2021-10-14,16,115
2021-10-14,17,124
2021-10-14,18,110
2021-10-14,19,96
2021-10-14,20,63
2021-10-14,21,52
2021-10-14,22,40
2021-10-14,23,16
2021-10-15,0,12
2021-10-15,1,4
2021-10-15,2,0
2021-10-15,3,8
2021-10-15,4,16
2021-10-15,5,26
2021-10-15,6,66
2021-10-15,7,159
2021-10-15,8,146
2021-10-15,9,136
2021-10-15,10,115
2021-10-15,11,137
2021-10-15,12,136
2021-10-15,13,124
2021-10-15,14,132
2021-10-15,15,133
2021-10-15,16,133
2021-10-15,17,154
2021-10-15,18,128
2021-10-15,19,101
2021-10-15,20,84
2021-10-15,21,66
2021-10-15,22,62
2021-10-15,23,49
2021-10-16,0,21
2021-10-16,1,16
2021-10-16,2,16
2021-10-16,3,12
2021-10-16,4,12
2021-10-16,5,16
2021-10-16,6,36
2021-10-16,7,75
2021-10-16,8,80
2021-10-16,9,101
2021-10-16,10,120
2021-10-16,11,141
2021-10-16,12,136
2021-10-16,13,158
2021-10-16,14,123
2021-10-16,15,127
2021-10-16,16,127
2021-10-16,17,146
2021-10-16,18,136
2021-10-16,19,105
2021-10-16,20,71
2021-10-16,21,71
2021-10-16,22,57
2021-10-16,23,36
2021-10-17,0,26
2021-10-17,1,16
2021-10-17,2,16
2021-10-17,3,16
2021-10-17,4,8
2021-10-17,5,12
2021-10-17,6,16
2021-10-17,7,36
2021-10-17,8,53
2021-10-17,9,80
2021-10-17,10,92
2021-10-17,11,109
2021-10-17,12,114
2021-10-17,13,109
2021-10-17,14,114
2021-10-17,15,110
2021-10-17,16,118
2021-10-17,17,128
2021-10-17,18,105
2021-10-17,19,67
2021-10-17,20,72
2021-10-17,21,48
2021-10-17,22,31
2021-10-17,23,16
2021-10-18,0,16
2021-10-18,1,8
2021-10-18,2,0
2021-10-18,3,8
2021-10-18,4,16
2021-10-18,5,26
2021-10-18,6,66
2021-10-18,7,177
2021-10-18,8,172
2021-10-18,9,115
2021-10-18,10,119
2021-10-18,11,123
2021-10-18,12,115
2021-10-18,13,114
2021-10-18,14,131
2021-10-18,15,124
2021-10-18,16,123
2021-10-18,17,128
2021-10-18,18,101
2021-10-18,19,84
2021-10-18,20,72
2021-10-18,21,44
2021-10-18,22,30
2021-10-18,23,16
2021-10-19,0,12
2021-10-19,1,0
2021-10-19,2,0
2021-10-19,3,4
2021-10-19,4,12
2021-10-19,5,32
2021-10-19,6,84
2021-10-19,7,164
2021-10-19,8,159
2021-10-19,9,128
2021-10-19,10,131
2021-10-19,11,124
2021-10-19,12,133
2021-10-19,13,137
2021-10-19,14,150
2021-10-19,15,109
2021-10-19,16,124
2021-10-19,17,167
2021-10-19,18,119
2021-10-19,19,92
2021-10-19,20,62
2021-10-19,21,52
2021-10-19,22,36
2021-10-19,23,16
2021-10-20,0,4
2021-10-20,1,0
2021-10-20,2,0
2021-10-20,3,4
2021-10-20,4,8
2021-10-20,5,27
2021-10-20,6,79
2021-10-20,7,159
2021-10-20,8,168
2021-10-20,9,119
2021-10-20,10,123
2021-10-20,11,132
2021-10-20,12,128
2021-10-20,13,128
2021-10-20,14,115
2021-10-20,15,120
2021-10-20,16,115
2021-10-20,17,128
2021-10-20,18,106
2021-10-20,19,80
2021-10-20,20,71
2021-10-20,21,52
2021-10-20,22,30
2021-10-20,23,12
2021-10-21,0,8
2021-10-21,1,0
2021-10-21,2,4
2021-10-21,3,0
2021-10-21,4,16
2021-10-21,5,27
2021-10-21,6,71
2021-10-21,7,176
2021-10-21,8,167
2021-10-21,9,116
2021-10-21,10,93
2021-10-21,11,120
2021-10-21,12,129
2021-10-21,13,119
2021-10-21,14,116
2021-10-21,15,131
2021-10-21,16,119
2021-10-21,17,132
2021-10-21,18,119
2021-10-21,19,92
2021-10-21,20,75
2021-10-21,21,57
2021-10-21,22,44
2021-10-21,23,17
2021-10-22,0,12
2021-10-22,1,0
2021-10-22,2,0
2021-10-22,3,8
2021-10-22,4,16
2021-10-22,5,31
2021-10-22,6,82
2021-10-22,7,163
2021-10-22,8,164
2021-10-22,9,145
2021-10-22,10,132
2021-10-22,11,137
2021-10-22,12,137
2021-10-22,13,124
2021-10-22,14,145
2021-10-22,15,131
2021-10-22,16,142
2021-10-22,17,163
2021-10-22,18,133
2021-10-22,19,101
2021-10-22,20,80
2021-10-22,21,66
2021-10-22,22,62
2021-10-22,23,40
2021-10-23,0,21
2021-10-23,1,16
2021-10-23,2,16
2021-10-23,3,16
2021-10-23,4,12
2021-10-23,5,16
2021-10-23,6,36
2021-10-23,7,75
2021-10-23,8,88
2021-10-23,9,105
2021-10-23,10,109
2021-10-23,11,150
2021-10-23,12,168
2021-10-23,13,189
2021-10-23,14,154
2021-10-23,15,132
2021-10-23,16,123
2021-10-23,17,128
2021-10-23,18,124
2021-10-23,19,105
2021-10-23,20,67
2021-10-23,21,57
2021-10-23,22,57
2021-10-23,23,36
2021-10-24,0,26
2021-10-24,1,16
2021-10-24,2,16
2021-10-24,3,16
2021-10-24,4,8
2021-10-24,5,4
2021-10-24,6,16
2021-10-24,7,31
2021-10-24,8,57
2021-10-24,9,92
2021-10-24,10,96
2021-10-24,11,100
2021-10-24,12,97
2021-10-24,13,100
2021-10-24,14,110
2021-10-24,15,105
2021-10-24,16,109
2021-10-24,17,115
2021-10-24,18,109
2021-10-24,19,71
2021-10-24,20,67
2021-10-24,21,44
2021-10-24,22,40
2021-10-24,23,16
2021-10-25,0,16
2021-10-25,1,4
2021-10-25,2,4
2021-10-25,3,8
2021-10-25,4,12
2021-10-25,5,26
2021-10-25,6,62
2021-10-25,7,175
2021-10-25,8,168
2021-10-25,9,128
2021-10-25,10,120
2021-10-25,11,124
2021-10-25,12,120
2021-10-25,13,110
2021-10-25,14,123
2021-10-25,15,124
2021-10-25,16,119
2021-10-25,17,124
2021-10-25,18,97
2021-10-25,19,88
2021-10-25,20,72
2021-10-25,21,44
2021-10-25,22,26
2021-10-25,23,16
2021-10-26,0,8
2021-10-26,1,0
2021-10-26,2,0
2021-10-26,3,4
2021-10-26,4,12
2021-10-26,5,40
2021-10-26,6,84
2021-10-26,7,163
2021-10-26,8,168
2021-10-26,9,132
2021-10-26,10,129
2021-10-26,11,120
2021-10-26,12,133
2021-10-26,13,105
2021-10-26,14,116
2021-10-26,15,113
2021-10-26,16,132
2021-10-26,17,142
2021-10-26,18,107
2021-10-26,19,88
2021-10-26,20,67
2021-10-26,21,52
2021-10-26,22,31
2021-10-26,23,16
2021-10-27,0,4
2021-10-27,1,0
2021-10-27,2,0
2021-10-27,3,4
2021-10-27,4,16
2021-10-27,5,31
2021-10-27,6,83
2021-10-27,7,156
2021-10-27,8,167
2021-10-27,9,127
2021-10-27,10,124
2021-10-27,11,137
2021-10-27,12,132
2021-10-27,13,124
2021-10-27,14,124
2021-10-27,15,109
2021-10-27,16,128
2021-10-27,17,136
2021-10-27,18,109
2021-10-27,19,80
2021-10-27,20,71
2021-10-27,21,57
2021-10-27,22,44
2021-10-27,23,21
2021-10-28,0,8
2021-10-28,1,0
2021-10-28,2,0
2021-10-28,3,4
2021-10-28,4,16
2021-10-28,5,35
2021-10-28,6,79
2021-10-28,7,160
2021-10-28,8,181
2021-10-28,9,124
2021-10-28,10,123
2021-10-28,11,132
2021-10-28,12,132
2021-10-28,13,128
2021-10-28,14,128
2021-10-28,15,140
2021-10-28,16,133
2021-10-28,17,134
2021-10-28,18,115
2021-10-28,19,92
2021-10-28,20,66
2021-10-28,21,57
2021-10-28,22,40
2021-10-28,23,21
2021-10-29,0,12
2021-10-29,1,0
2021-10-29,2,0
2021-10-29,3,12
2021-10-29,4,16
2021-10-29,5,31
2021-10-29,6,74
2021-10-29,7,172
2021-10-29,8,155
2021-10-29,9,145
2021-10-29,10,136
2021-10-29,11,137
2021-10-29,12,146
2021-10-29,13,116
2021-10-29,14,155
2021-10-29,15,140
2021-10-29,16,137
2021-10-29,17,145
2021-10-29,18,132
2021-10-29,19,105
2021-10-29,20,88
2021-10-29,21,66
2021-10-29,22,62
2021-10-29,23,44
2021-10-30,0,21
2021-10-30,1,16
2021-10-30,2,16
2021-10-30,3,16
2021-10-30,4,12
2021-10-30,5,12
2021-10-30,6,36
2021-10-30,7,80
2021-10-30,8,84
2021-10-30,9,101
2021-10-30,10,110
2021-10-30,11,145
2021-10-30,12,145
2021-10-30,13,190
2021-10-30,14,147
2021-10-30,15,145
2021-10-30,16,123
2021-10-30,17,132
2021-10-30,18,124
2021-10-30,19,109
2021-10-30,20,71
2021-10-30,21,71
2021-10-30,22,66
2021-10-30,23,40
2021-10-31,0,26
2021-10-31,1,36
2021-10-31,2,16
2021-10-31,3,21
2021-10-31,4,16
2021-10-31,5,12
2021-10-31,6,8
2021-10-31,7,16
2021-10-31,8,31
2021-10-31,9,53
2021-10-31,10,96
2021-10-31,11,96
2021-10-31,12,106
2021-10-31,13,101
2021-10-31,14,104
2021-10-31,15,114
2021-10-31,16,101
2021-10-31,17,116
2021-10-31,18,100
2021-10-31,19,101
2021-10-31,20,67
2021-10-31,21,67
2021-10-31,22,53
2021-10-31,23,31
2021-11-01,0,21
2021-11-01,1,21
2021-11-01,2,4
2021-11-01,3,4
2021-11-01,4,12
2021-11-01,5,16
2021-11-01,6,26
2021-11-01,7,62
2021-11-01,8,167
2021-11-01,9,155
2021-11-01,10,127
2021-11-01,11,124
2021-11-01,12,132
2021-11-01,13,111
2021-11-01,14,119
2021-11-01,15,120
2021-11-01,16,118
2021-11-01,17,115
2021-11-01,18,119
2021-11-01,19,97
2021-11-01,20,80
2021-11-01,21,72
2021-11-01,22,36
2021-11-01,23,30
2021-11-02,0,16
2021-11-02,1,8
2021-11-02,2,0
2021-11-02,3,0
2021-11-02,4,4
2021-11-02,5,16
2021-11-02,6,33
2021-11-02,7,84
2021-11-02,8,171
2021-11-02,9,150
2021-11-02,10,136
2021-11-02,11,119
2021-11-02,12,111
2021-11-02,13,119
2021-11-02,14,105
2021-11-02,15,115
2021-11-02,16,114
2021-11-02,17,114
2021-11-02,18,140
2021-11-02,19,102
2021-11-02,20,92
2021-11-02,21,62
2021-11-02,22,57
2021-11-02,23,36
2021-11-03,0,12
2021-11-03,1,4
2021-11-03,2,0
2021-11-03,3,0
2021-11-03,4,0
2021-11-03,5,8
2021-11-03,6,31
2021-11-03,7,87
2021-11-03,8,155
2021-11-03,9,164
2021-11-03,10,139
2021-11-03,11,124
2021-11-03,12,132
2021-11-03,13,128
2021-11-03,14,124
2021-11-03,15,111
2021-11-03,16,105
2021-11-03,17,118
2021-11-03,18,124
2021-11-03,19,104
2021-11-03,20,80
2021-11-03,21,67
2021-11-03,22,52
2021-11-03,23,36
2021-11-04,0,16
2021-11-04,1,16
2021-11-04,2,0
2021-11-04,3,0
2021-11-04,4,4
2021-11-04,5,16
2021-11-04,6,35
2021-11-04,7,79
2021-11-04,8,159
2021-11-04,9,172
2021-11-04,10,132
2021-11-04,11,119
2021-11-04,12,127
2021-11-04,13,120
2021-11-04,14,122
2021-11-04,15,111
2021-11-04,16,136
2021-11-04,17,114
2021-11-04,18,123
2021-11-04,19,110
2021-11-04,20,93
2021-11-04,21,70
2021-11-04,22,57
2021-11-04,23,44
2021-11-05,0,16
2021-11-05,1,12
2021-11-05,2,4
2021-11-05,3,0
2021-11-05,4,4
2021-11-05,5,16
2021-11-05,6,31
2021-11-05,7,70
2021-11-05,8,154
2021-11-05,9,141
2021-11-05,10,141
2021-11-05,11,127
2021-11-05,12,128
2021-11-05,13,137
2021-11-05,14,124
2021-11-05,15,137
2021-11-05,16,133
2021-11-05,17,137
2021-11-05,18,150
2021-11-05,19,115
2021-11-05,20,92
2021-11-05,21,84
2021-11-05,22,62
2021-11-05,23,57
2021-11-06,0,49
2021-11-06,1,21
2021-11-06,2,16
2021-11-06,3,16
2021-11-06,4,8
2021-11-06,5,12
2021-11-06,6,16
2021-11-06,7,36
2021-11-06,8,75
2021-11-06,9,96
2021-11-06,10,110
2021-11-06,11,120
2021-11-06,12,148
2021-11-06,13,133
2021-11-06,14,145
2021-11-06,15,141
2021-11-06,16,137
2021-11-06,17,128
2021-11-06,18,137
2021-11-06,19,128
2021-11-06,20,96
2021-11-06,21,62
2021-11-06,22,57
2021-11-06,23,52
2021-11-07,0,36
2021-11-07,1,26
2021-11-07,2,16
2021-11-07,3,16
2021-11-07,4,16
2021-11-07,5,8
2021-11-07,6,4
2021-11-07,7,16
2021-11-07,8,31
2021-11-07,9,53
2021-11-07,10,80
2021-11-07,11,88
2021-11-07,12,105
2021-11-07,13,114
2021-11-07,14,105
2021-11-07,15,109
2021-11-07,16,97
2021-11-07,17,123
2021-11-07,18,119
2021-11-07,19,101
2021-11-07,20,76
2021-11-07,21,67
2021-11-07,22,48
2021-11-07,23,34
2021-11-08,0,16
2021-11-08,1,16
2021-11-08,2,8
2021-11-08,3,4
2021-11-08,4,4
2021-11-08,5,16
2021-11-08,6,26
2021-11-08,7,66
2021-11-08,8,175
2021-11-08,9,155
2021-11-08,10,118
2021-11-08,11,120
2021-11-08,12,114
2021-11-08,13,111
2021-11-08,14,113
2021-11-08,15,127
2021-11-08,16,119
2021-11-08,17,132
2021-11-08,18,120
2021-11-08,19,93
2021-11-08,20,84
2021-11-08,21,72
2021-11-08,22,40
2021-11-08,23,30
2021-11-09,0,16
2021-11-09,1,8
2021-11-09,2,0
2021-11-09,3,0
2021-11-09,4,4
2021-11-09,5,12
2021-11-09,6,36
2021-11-09,7,79
2021-11-09,8,163
2021-11-09,9,154
2021-11-09,10,128
2021-11-09,11,124
2021-11-09,12,107
2021-11-09,13,115
2021-11-09,14,123
2021-11-09,15,115
2021-11-09,16,115
2021-11-09,17,120
2021-11-09,18,136
2021-11-09,19,110
2021-11-09,20,88
2021-11-09,21,67
2021-11-09,22,57
2021-11-09,23,36
2021-11-10,0,16
2021-11-10,1,8
2021-11-10,2,0
2021-11-10,3,0
2021-11-10,4,8
2021-11-10,5,12
2021-11-10,6,32
2021-11-10,7,79
2021-11-10,8,164
2021-11-10,9,156
2021-11-10,10,128
2021-11-10,11,119
2021-11-10,12,137
2021-11-10,13,136
2021-11-10,14,120
2021-11-10,15,127
2021-11-10,16,109
2021-11-10,17,124
2021-11-10,18,128
2021-11-10,19,109
2021-11-10,20,84
2021-11-10,21,67
2021-11-10,22,57
2021-11-10,23,35
2021-11-11,0,16
2021-11-11,1,8
2021-11-11,2,0
2021-11-11,3,0
2021-11-11,4,4
2021-11-11,5,16
2021-11-11,6,30
2021-11-11,7,75
2021-11-11,8,163
2021-11-11,9,159
2021-11-11,10,120
2021-11-11,11,123
2021-11-11,12,128
2021-11-11,13,124
2021-11-11,14,120
2021-11-11,15,115
2021-11-11,16,127
2021-11-11,17,113
2021-11-11,18,132
2021-11-11,19,119
2021-11-11,20,93
2021-11-11,21,66
2021-11-11,22,52
2021-11-11,23,40
2021-11-12,0,16
2021-11-12,1,12
2021-11-12,2,0
2021-11-12,3,0
2021-11-12,4,12
2021-11-12,5,16
2021-11-12,6,27
2021-11-12,7,78
2021-11-12,8,159
2021-11-12,9,154
2021-11-12,10,137
2021-11-12,11,128
2021-11-12,12,146
2021-11-12,13,146
2021-11-12,14,116
2021-11-12,15,136
2021-11-12,16,137
2021-11-12,17,140
2021-11-12,18,132
2021-11-12,19,111
2021-11-12,20,96
2021-11-12,21,88
2021-11-12,22,62
2021-11-12,23,67
2021-11-13,0,49
2021-11-13,1,21
2021-11-13,2,16
2021-11-13,3,16
2021-11-13,4,12
2021-11-13,5,12
2021-11-13,6,16
2021-11-13,7,31
2021-11-13,8,75
2021-11-13,9,93
2021-11-13,10,101
2021-11-13,11,119
2021-11-13,12,150
2021-11-13,13,128
2021-11-13,14,153
2021-11-13,15,142
2021-11-13,16,129
2021-11-13,17,128
2021-11-13,18,127
2021-11-13,19,120
2021-11-13,20,96
2021-11-13,21,67
2021-11-13,22,62
2021-11-13,23,57
2021-11-14,0,36
2021-11-14,1,31
2021-11-14,2,21
2021-11-14,3,16
2021-11-14,4,16
2021-11-14,5,12
2021-11-14,6,8
2021-11-14,7,16
2021-11-14,8,31
2021-11-14,9,53
2021-11-14,10,97
2021-11-14,11,101
2021-11-14,12,114
2021-11-14,13,106
2021-11-14,14,120
2021-11-14,15,131
2021-11-14,16,114
2021-11-14,17,119
2021-11-14,18,119
2021-11-14,19,101
2021-11-14,20,67
2021-11-14,21,67
2021-11-14,22,44
2021-11-14,23,31
2021-11-15,0,26
2021-11-15,1,16
2021-11-15,2,4
2021-11-15,3,0
2021-11-15,4,8
2021-11-15,5,12
2021-11-15,6,26
2021-11-15,7,66
2021-11-15,8,167
2021-11-15,9,168
2021-11-15,10,128
2021-11-15,11,119
2021-11-15,12,122
2021-11-15,13,119
2021-11-15,14,119
2021-11-15,15,127
2021-11-15,16,128
2021-11-15,17,127
2021-11-15,18,115
2021-11-15,19,97
2021-11-15,20,84
2021-11-15,21,57
2021-11-15,22,40
2021-11-15,23,36
2021-11-16,0,16
2021-11-16,1,8
2021-11-16,2,0
2021-11-16,3,0
2021-11-16,4,8
2021-11-16,5,16
2021-11-16,6,36
2021-11-16,7,75
2021-11-16,8,159
2021-11-16,9,159
2021-11-16,10,116
2021-11-16,11,128
2021-11-16,12,118
2021-11-16,13,141
2021-11-16,14,119
2021-11-16,15,119
2021-11-16,16,114
2021-11-16,17,128
2021-11-16,18,145
2021-11-16,19,109
2021-11-16,20,88
2021-11-16,21,63
2021-11-16,22,52
2021-11-16,23,36
2021-11-17,0,16
2021-11-17,1,8
2021-11-17,2,0
2021-11-17,3,0
2021-11-17,4,0
2021-11-17,5,12
2021-11-17,6,31
2021-11-17,7,79
2021-11-17,8,156
2021-11-17,9,176
2021-11-17,10,137
2021-11-17,11,136
2021-11-17,12,136
2021-11-17,13,137
2021-11-17,14,123
2021-11-17,15,115
2021-11-17,16,115
2021-11-17,17,128
2021-11-17,18,132
2021-11-17,19,109
2021-11-17,20,84
2021-11-17,21,62
2021-11-17,22,48
2021-11-17,23,35
2021-11-18,0,12
2021-11-18,1,8
2021-11-18,2,4
2021-11-18,3,0
2021-11-18,4,0
2021-11-18,5,12
2021-11-18,6,26
2021-11-18,7,71
2021-11-18,8,176
2021-11-18,9,168
2021-11-18,10,127
2021-11-18,11,124
2021-11-18,12,127
2021-11-18,13,129
2021-11-18,14,123
2021-11-18,15,109
2021-11-18,16,132
2021-11-18,17,127
2021-11-18,18,137
2021-11-18,19,114
2021-11-18,20,97
2021-11-18,21,70
2021-11-18,22,48
2021-11-18,23,40
2021-11-19,0,16
2021-11-19,1,12
2021-11-19,2,0
2021-11-19,3,0
2021-11-19,4,12
2021-11-19,5,12
2021-11-19,6,31
2021-11-19,7,66
2021-11-19,8,155
2021-11-19,9,147
2021-11-19,10,149
2021-11-19,11,124
2021-11-19,12,127
2021-11-19,13,136
2021-11-19,14,129
2021-11-19,15,141
2021-11-19,16,141
2021-11-19,17,150
2021-11-19,18,150
2021-11-19,19,120
2021-11-19,20,100
2021-11-19,21,88
2021-11-19,22,58
2021-11-19,23,62
2021-11-20,0,36
2021-11-20,1,21
2021-11-20,2,16
2021-11-20,3,16
2021-11-20,4,12
2021-11-20,5,12
2021-11-20,6,12
2021-11-20,7,40
2021-11-20,8,62
2021-11-20,9,83
2021-11-20,10,101
2021-11-20,11,111
2021-11-20,12,145
2021-11-20,13,137
2021-11-20,14,153
2021-11-20,15,137
2021-11-20,16,132
2021-11-20,17,113
2021-11-20,18,123
2021-11-20,19,101
2021-11-20,20,97
2021-11-20,21,71
2021-11-20,22,58
2021-11-20,23,57
2021-11-21,0,36
2021-11-21,1,26
2021-11-21,2,21
2021-11-21,3,16
2021-11-21,4,16
2021-11-21,5,12
2021-11-21,6,8
2021-11-21,7,16
2021-11-21,8,36
2021-11-21,9,48
2021-11-21,10,80
2021-11-21,11,96
2021-11-21,12,101
2021-11-21,13,101
2021-11-21,14,123
2021-11-21,15,115
2021-11-21,16,110
2021-11-21,17,113
2021-11-21,18,110
2021-11-21,19,105
2021-11-21,20,71
2021-11-21,21,71
2021-11-21,22,44
2021-11-21,23,31
2021-11-22,0,26
2021-11-22,1,12
2021-11-22,2,0
2021-11-22,3,4
2021-11-22,4,8
2021-11-22,5,16
2021-11-22,6,21
2021-11-22,7,66
2021-11-22,8,171
2021-11-22,9,151
2021-11-22,10,112
2021-11-22,11,115
2021-11-22,12,128
2021-11-22,13,81
2021-11-22,14,111
2021-11-22,15,118
2021-11-22,16,118
2021-11-22,17,120
2021-11-22,18,105
2021-11-22,19,102
2021-11-22,20,80
2021-11-22,21,71
2021-11-22,22,40
2021-11-22,23,26
2021-11-23,0,17
2021-11-23,1,4
2021-11-23,2,4
2021-11-23,3,0
2021-11-23,4,4
2021-11-23,5,12
2021-11-23,6,36
2021-11-23,7,84
2021-11-23,8,184
2021-11-23,9,159
2021-11-23,10,140
2021-11-23,11,141
2021-11-23,12,124
2021-11-23,13,131
2021-11-23,14,119
2021-11-23,15,127
2021-11-23,16,123
2021-11-23,17,132
2021-11-23,18,146
2021-11-23,19,119
2021-11-23,20,84
2021-11-23,21,62
2021-11-23,22,58
2021-11-23,23,40
2021-11-24,0,16
2021-11-24,1,4
2021-11-24,2,0
2021-11-24,3,0
2021-11-24,4,8
2021-11-24,5,16
2021-11-24,6,31
2021-11-24,7,83
2021-11-24,8,173
2021-11-24,9,168
2021-11-24,10,132
2021-11-24,11,133
2021-11-24,12,136
2021-11-24,13,136
2021-11-24,14,119
2021-11-24,15,119
2021-11-24,16,124
2021-11-24,17,133
2021-11-24,18,141
2021-11-24,19,105
2021-11-24,20,88
2021-11-24,21,67
2021-11-24,22,48
2021-11-24,23,35
2021-11-25,0,16
2021-11-25,1,8
2021-11-25,2,0
2021-11-25,3,0
2021-11-25,4,4
2021-11-25,5,12
2021-11-25,6,36
2021-11-25,7,83
2021-11-25,8,172
2021-11-25,9,159
2021-11-25,10,132
2021-11-25,11,119
2021-11-25,12,145
2021-11-25,13,124
2021-11-25,14,132
2021-11-25,15,119
2021-11-25,16,150
2021-11-25,17,137
2021-11-25,18,138
2021-11-25,19,114
2021-11-25,20,96
2021-11-25,21,66
2021-11-25,22,57
2021-11-25,23,49
2021-11-26,0,16
2021-11-26,1,12
2021-11-26,2,0
2021-11-26,3,0
2021-11-26,4,4
2021-11-26,5,16
2021-11-26,6,31
2021-11-26,7,74
2021-11-26,8,176
2021-11-26,9,160
2021-11-26,10,158
2021-11-26,11,145
2021-11-26,12,137
2021-11-26,13,150
2021-11-26,14,137
2021-11-26,15,159
2021-11-26,16,154
2021-11-26,17,154
2021-11-26,18,173
2021-11-26,19,125
2021-11-26,20,101
2021-11-26,21,84
2021-11-26,22,66
2021-11-26,23,57
2021-11-27,0,40
2021-11-27,1,21
2021-11-27,2,16
2021-11-27,3,16
2021-11-27,4,12
2021-11-27,5,12
2021-11-27,6,16
2021-11-27,7,36
2021-11-27,8,79
2021-11-27,9,92
2021-11-27,10,109
2021-11-27,11,112
2021-11-27,12,159
2021-11-27,13,151
2021-11-27,14,171
2021-11-27,15,159
2021-11-27,16,141
2021-11-27,17,137
2021-11-27,18,133
2021-11-27,19,132
2021-11-27,20,104
2021-11-27,21,67
2021-11-27,22,67
2021-11-27,23,57
2021-11-28,0,32
2021-11-28,1,34
2021-11-28,2,26
2021-11-28,3,16
2021-11-28,4,16
2021-11-28,5,12
2021-11-28,6,4
2021-11-28,7,16
2021-11-28,8,31
2021-11-28,9,61
2021-11-28,10,88
2021-11-28,11,101
2021-11-28,12,128
2021-11-28,13,119
2021-11-28,14,155
2021-11-28,15,123
2021-11-28,16,114
2021-11-28,17,132
2021-11-28,18,128
2021-11-28,19,110
2021-11-28,20,75
2021-11-28,21,67
2021-11-28,22,48
2021-11-28,23,44
2021-11-29,0,26
2021-11-29,1,8
2021-11-29,2,8
2021-11-29,3,0
2021-11-29,4,0
2021-11-29,5,16
2021-11-29,6,26
2021-11-29,7,79
2021-11-29,8,189
2021-11-29,9,184
2021-11-29,10,123
2021-11-29,11,123
2021-11-29,12,119
2021-11-29,13,102
2021-11-29,14,110
2021-11-29,15,131
2021-11-29,16,119
2021-11-29,17,123
2021-11-29,18,137
2021-11-29,19,114
2021-11-29,20,80
2021-11-29,21,67
2021-11-29,22,36
2021-11-29,23,30
2021-11-30,0,16
2021-11-30,1,4
2021-11-30,2,0
2021-11-30,3,0
2021-11-30,4,8
2021-11-30,5,17
2021-11-30,6,40
2021-11-30,7,78
2021-11-30,8,168
2021-11-30,9,164
2021-11-30,10,133
2021-11-30,11,132
2021-11-30,12,132
2021-11-30,13,136
2021-11-30,14,113
2021-11-30,15,128
2021-11-30,16,123
2021-11-30,17,124
2021-11-30,18,150
2021-11-30,19,115
2021-11-30,20,88
2021-11-30,21,62
2021-11-30,22,57
2021-11-30,23,40
2021-12-01,0,16
2021-12-01,1,8
2021-12-01,2,0
2021-12-01,3,0
2021-12-01,4,8
2021-12-01,5,16
2021-12-01,6,36
2021-12-01,7,83
2021-12-01,8,164
2021-12-01,9,185
2021-12-01,10,136
2021-12-01,11,137
2021-12-01,12,141
2021-12-01,13,137
2021-12-01,14,129
2021-12-01,15,124
2021-12-01,16,128
2021-12-01,17,136
2021-12-01,18,132
2021-12-01,19,104
2021-12-01,20,80
2021-12-01,21,71
2021-12-01,22,52
2021-12-01,23,44
2021-12-02,0,21
2021-12-02,1,8
2021-12-02,2,0
2021-12-02,3,0
2021-12-02,4,0
2021-12-02,5,16
2021-12-02,6,35
2021-12-02,7,71
2021-12-02,8,170
2021-12-02,9,182
2021-12-02,10,124
2021-12-02,11,120
2021-12-02,12,136
2021-12-02,13,124
2021-12-02,14,119
2021-12-02,15,119
2021-12-02,16,141
2021-12-02,17,123
2021-12-02,18,151
2021-12-02,19,150
2021-12-02,20,92
2021-12-02,21,70
2021-12-02,22,80
2021-12-02,23,48
2021-12-03,0,21
2021-12-03,1,12
2021-12-03,2,0
2021-12-03,3,0
2021-12-03,4,4
2021-12-03,5,16
2021-12-03,6,31
2021-12-03,7,83
2021-12-03,8,171
2021-12-03,9,151
2021-12-03,10,141
2021-12-03,11,129
2021-12-03,12,136
2021-12-03,13,146
2021-12-03,14,128
2021-12-03,15,138
2021-12-03,16,136
2021-12-03,17,137
2021-12-03,18,163
2021-12-03,19,124
2021-12-03,20,104
2021-12-03,21,88
2021-12-03,22,66
2021-12-03,23,62
2021-12-04,0,53
2021-12-04,1,26
2021-12-04,2,16
2021-12-04,3,16
2021-12-04,4,16
2021-12-04,5,16
2021-12-04,6,16
2021-12-04,7,36
2021-12-04,8,66
2021-12-04,9,93
2021-12-04,10,115
2021-12-04,11,128
2021-12-04,12,154
2021-12-04,13,154
2021-12-04,14,193
2021-12-04,15,155
2021-12-04,16,163
2021-12-04,17,154
2021-12-04,18,150
2021-12-04,19,137
2021-12-04,20,128
2021-12-04,21,71
2021-12-04,22,58
2021-12-04,23,62
2021-12-05,0,36
2021-12-05,1,31
2021-12-05,2,26
2021-12-05,3,21
2021-12-05,4,16
2021-12-05,5,12
2021-12-05,6,4
2021-12-05,7,21
2021-12-05,8,36
2021-12-05,9,57
2021-12-05,10,84
2021-12-05,11,105
2021-12-05,12,93
2021-12-05,13,107
2021-12-05,14,105
2021-12-05,15,104
2021-12-05,16,124
2021-12-05,17,128
2021-12-05,18,111
2021-12-05,19,101
2021-12-05,20,75
2021-12-05,21,58
2021-12-05,22,53
2021-12-05,23,35
2021-12-06,0,16
2021-12-06,1,16
2021-12-06,2,8
2021-12-06,3,0
2021-12-06,4,4
2021-12-06,5,12
2021-12-06,6,21
2021-12-06,7,71
2021-12-06,8,189
2021-12-06,9,156
2021-12-06,10,136
2021-12-06,11,110
2021-12-06,12,119
2021-12-06,13,127
2021-12-06,14,120
2021-12-06,15,123
2021-12-06,16,124
2021-12-06,17,119
2021-12-06,18,110
2021-12-06,19,96
2021-12-06,20,76
2021-12-06,21,62
2021-12-06,22,35
2021-12-06,23,31
2021-12-07,0,21
2021-12-07,1,4
2021-12-07,2,8
2021-12-07,3,0
2021-12-07,4,4
2021-12-07,5,13
2021-12-07,6,26
2021-12-07,7,78
2021-12-07,8,151
2021-12-07,9,159
2021-12-07,10,124
2021-12-07,11,124
2021-12-07,12,110
2021-12-07,13,127
2021-12-07,14,110
2021-12-07,15,111
2021-12-07,16,114
2021-12-07,17,116
2021-12-07,18,137
2021-12-07,19,119
2021-12-07,20,88
2021-12-07,21,63
2021-12-07,22,53
2021-12-07,23,36
2021-12-08,0,12
2021-12-08,1,4
2021-12-08,2,0
2021-12-08,3,4
2021-12-08,4,8
2021-12-08,5,8
2021-12-08,6,31
2021-12-08,7,84
2021-12-08,8,159
2021-12-08,9,185
2021-12-08,10,119
2021-12-08,11,132
2021-12-08,12,137
2021-12-08,13,140
2021-12-08,14,117
2021-12-08,15,115
2021-12-08,16,105
2021-12-08,17,109
2021-12-08,18,128
2021-12-08,19,105
2021-12-08,20,84
2021-12-08,21,62
2021-12-08,22,53
2021-12-08,23,40
2021-12-09,0,21
2021-12-09,1,16
2021-12-09,2,4
2021-12-09,3,0
2021-12-09,4,8
2021-12-09,5,16
2021-12-09,6,36
2021-12-09,7,75
2021-12-09,8,160
2021-12-09,9,142
2021-12-09,10,124
2021-12-09,11,115
2021-12-09,12,124
2021-12-09,13,128
2021-12-09,14,119
2021-12-09,15,120
2021-12-09,16,137
2021-12-09,17,124
2021-12-09,18,133
2021-12-09,19,137
2021-12-09,20,79
2021-12-09,21,62
2021-12-09,22,61
2021-12-09,23,39
2021-12-10,0,21
2021-12-10,1,17
2021-12-10,2,0
2021-12-10,3,0
2021-12-10,4,12
2021-12-10,5,16
2021-12-10,6,31
2021-12-10,7,74
2021-12-10,8,154
2021-12-10,9,154
2021-12-10,10,155
2021-12-10,11,128
2021-12-10,12,133
2021-12-10,13,146
2021-12-10,14,141
2021-12-10,15,150
2021-12-10,16,132
2021-12-10,17,141
2021-12-10,18,149
2021-12-10,19,124
2021-12-10,20,97
2021-12-10,21,88
2021-12-10,22,66
2021-12-10,23,57
2021-12-11,0,52
2021-12-11,1,21
2021-12-11,2,16
2021-12-11,3,16
2021-12-11,4,16
2021-12-11,5,12
2021-12-11,6,16
2021-12-11,7,31
2021-12-11,8,65
2021-12-11,9,88
2021-12-11,10,97
2021-12-11,11,106
2021-12-11,12,171
2021-12-11,13,136
2021-12-11,14,131
2021-12-11,15,132
2021-12-11,16,128
2021-12-11,17,114
2021-12-11,18,115
2021-12-11,19,106
2021-12-11,20,84
2021-12-11,21,72
2021-12-11,22,58
2021-12-11,23,57
2021-12-12,0,36
2021-12-12,1,31
2021-12-12,2,16
2021-12-12,3,16
2021-12-12,4,16
2021-12-12,5,8
2021-12-12,6,8
2021-12-12,7,16
2021-12-12,8,31
2021-12-12,9,49
2021-12-12,10,76
2021-12-12,11,100
2021-12-12,12,105
2021-12-12,13,106
2021-12-12,14,124
2021-12-12,15,109
2021-12-12,16,105
2021-12-12,17,128
2021-12-12,18,119
2021-12-12,19,96
2021-12-12,20,75
2021-12-12,21,67
2021-12-12,22,49
2021-12-12,23,35
2021-12-13,0,21
2021-12-13,1,8
2021-12-13,2,8
2021-12-13,3,4
2021-12-13,4,8
2021-12-13,5,16
2021-12-13,6,21
2021-12-13,7,62
2021-12-13,8,154
2021-12-13,9,141
2021-12-13,10,122
2021-12-13,11,115
2021-12-13,12,124
2021-12-13,13,123
2021-12-13,14,120
2021-12-13,15,127
2021-12-13,16,119
2021-12-13,17,124
2021-12-13,18,114
2021-12-13,19,93
2021-12-13,20,71
2021-12-13,21,67
2021-12-13,22,44
2021-12-13,23,26
2021-12-14,0,16
2021-12-14,1,4
2021-12-14,2,0
2021-12-14,3,0
2021-12-14,4,4
2021-12-14,5,8
2021-12-14,6,35
2021-12-14,7,74
2021-12-14,8,155
2021-12-14,9,158
2021-12-14,10,124
2021-12-14,11,123
2021-12-14,12,114
2021-12-14,13,124
2021-12-14,14,123
2021-12-14,15,119
2021-12-14,16,110
2021-12-14,17,115
2021-12-14,18,145
2021-12-14,19,114
2021-12-14,20,92
2021-12-14,21,62
2021-12-14,22,52
2021-12-14,23,31
2021-12-15,0,16
2021-12-15,1,4
2021-12-15,2,0
2021-12-15,3,0
2021-12-15,4,4
2021-12-15,5,12
2021-12-15,6,31
2021-12-15,7,74
2021-12-15,8,146
2021-12-15,9,167
2021-12-15,10,129
2021-12-15,11,132
2021-12-15,12,136
2021-12-15,13,132
2021-12-15,14,132
2021-12-15,15,115
2021-12-15,16,110
2021-12-15,17,119
2021-12-15,18,127
2021-12-15,19,97
2021-12-15,20,80
2021-12-15,21,62
2021-12-15,22,52
2021-12-15,23,43
2021-12-16,0,12
2021-12-16,1,16
2021-12-16,2,8
2021-12-16,3,4
2021-12-16,4,8
2021-12-16,5,12
2021-12-16,6,31
2021-12-16,7,80
2021-12-16,8,164
2021-12-16,9,172
2021-12-16,10,128
2021-12-16,11,132
2021-12-16,12,124
2021-12-16,13,128
2021-12-16,14,132
2021-12-16,15,116
2021-12-16,16,140
2021-12-16,17,123
2021-12-16,18,120
2021-12-16,19,97
2021-12-16,20,88
2021-12-16,21,70
2021-12-16,22,57
2021-12-16,23,44
2021-12-17,0,21
2021-12-17,1,12
2021-12-17,2,0
2021-12-17,3,0
2021-12-17,4,4
2021-12-17,5,16
2021-12-17,6,26
2021-12-17,7,79
2021-12-17,8,155
2021-12-17,9,155
2021-12-17,10,149
2021-12-17,11,138
2021-12-17,12,128
2021-12-17,13,150
2021-12-17,14,124
2021-12-17,15,160
2021-12-17,16,136
2021-12-17,17,136
2021-12-17,18,154
2021-12-17,19,137
2021-12-17,20,97
2021-12-17,21,84
2021-12-17,22,61
2021-12-17,23,57
2021-12-18,0,49
2021-12-18,1,26
2021-12-18,2,16
2021-12-18,3,16
2021-12-18,4,12
2021-12-18,5,8
2021-12-18,6,12
2021-12-18,7,36
2021-12-18,8,75
2021-12-18,9,84
2021-12-18,10,109
2021-12-18,11,105
2021-12-18,12,133
2021-12-18,13,141
2021-12-18,14,142
2021-12-18,15,128
2021-12-18,16,123
2021-12-18,17,115
2021-12-18,18,111
2021-12-18,19,120
2021-12-18,20,92
2021-12-18,21,67
2021-12-18,22,59
2021-12-18,23,53
2021-12-19,0,36
2021-12-19,1,27
2021-12-19,2,16
2021-12-19,3,21
2021-12-19,4,16
2021-12-19,5,8
2021-12-19,6,12
2021-12-19,7,21
2021-12-19,8,31
2021-12-19,9,49
2021-12-19,10,84
2021-12-19,11,97
2021-12-19,12,101
2021-12-19,13,102
2021-12-19,14,101
2021-12-19,15,100
2021-12-19,16,101
2021-12-19,17,115
2021-12-19,18,120
2021-12-19,19,105
2021-12-19,20,72
2021-12-19,21,67
2021-12-19,22,44
2021-12-19,23,26
2021-12-20,0,22
2021-12-20,1,16
2021-12-20,2,8
2021-12-20,3,4
2021-12-20,4,4
2021-12-20,5,12
2021-12-20,6,26
2021-12-20,7,53
2021-12-20,8,145
2021-12-20,9,145
2021-12-20,10,114
2021-12-20,11,118
2021-12-20,12,128
2021-12-20,13,124
2021-12-20,14,127
2021-12-20,15,131
2021-12-20,16,123
2021-12-20,17,128
2021-12-20,18,110
2021-12-20,19,92
2021-12-20,20,80
2021-12-20,21,67
2021-12-20,22,40
2021-12-20,23,30
2021-12-21,0,21
2021-12-21,1,0
2021-12-21,2,4
2021-12-21,3,0
2021-12-21,4,0
2021-12-21,10,129
2021-12-21,11,115
2021-12-21,12,128
2021-12-21,13,136
2021-12-21,14,132
2021-12-21,15,137
2021-12-21,16,124
2021-12-21,17,133
2021-12-21,18,142
2021-12-21,19,124
2021-12-21,20,84
2021-12-21,21,61
2021-12-21,22,48
2021-12-21,23,36
2021-12-22,0,12
2021-12-22,1,12
2021-12-22,2,4
2021-12-22,3,8
2021-12-22,4,8
2021-12-22,5,16
2021-12-22,6,31
2021-12-22,7,65
2021-12-22,8,150
2021-12-22,9,173
2021-12-22,10,132
2021-12-22,11,146
2021-12-22,12,150
2021-12-22,13,155
2021-12-22,14,154
2021-12-22,15,146
2021-12-22,16,115
2021-12-22,17,132
2021-12-22,18,116
2021-12-22,19,109
2021-12-22,20,75
2021-12-22,21,71
2021-12-22,22,52
2021-12-22,23,36
2021-12-23,0,16
2021-12-23,1,4
2021-12-23,2,4
2021-12-23,3,0
2021-12-23,4,8
2021-12-23,5,12
2021-12-23,6,26
2021-12-23,7,66
2021-12-23,8,142
2021-12-23,9,141
2021-12-23,10,131
2021-12-23,11,150
2021-12-23,12,155
2021-12-23,13,150
2021-12-23,14,149
2021-12-23,15,142
2021-12-23,16,141
2021-12-23,17,123
2021-12-23,18,124
2021-12-23,19,128
2021-12-23,20,97
2021-12-23,21,66
2021-12-23,22,48
2021-12-23,23,44
2021-12-24,0,16
2021-12-24,1,12
2021-12-24,2,4
2021-12-24,3,4
2021-12-24,4,4
2021-12-24,5,16
2021-12-24,6,21
2021-12-24,7,58
2021-12-24,8,123
2021-12-24,9,133
2021-12-24,10,150
2021-12-24,11,144
2021-12-24,12,146
2021-12-24,13,163
2021-12-24,14,119
2021-12-24,15,137
2021-12-24,16,123
2021-12-24,17,118
2021-12-24,18,123
2021-12-24,19,107
2021-12-24,20,76
2021-12-24,21,88
2021-12-24,22,49
2021-12-24,23,43
2021-12-25,0,31
2021-12-25,1,16
2021-12-25,2,16
2021-12-25,3,4
2021-12-25,4,8
2021-12-25,5,8
2021-12-25,6,8
2021-12-25,7,36
2021-12-25,8,70
2021-12-25,9,92
2021-12-25,10,105
2021-12-25,11,75
2021-12-25,12,71
2021-12-25,13,67
2021-12-25,14,72
2021-12-25,15,62
2021-12-25,16,71
2021-12-25,17,57
2021-12-25,18,57
2021-12-25,19,57
2021-12-25,20,57
2021-12-25,21,48
2021-12-25,22,36
2021-12-25,23,36
2021-12-26,0,18
2021-12-26,1,26
2021-12-26,2,12
2021-12-26,3,16
2021-12-26,4,16
2021-12-26,5,12
2021-12-26,6,4
2021-12-26,7,22
2021-12-26,8,31
2021-12-26,9,49
2021-12-26,10,72
2021-12-26,11,62
2021-12-26,12,80
2021-12-26,13,72
2021-12-26,14,80
2021-12-26,15,84
2021-12-26,16,76
2021-12-26,17,88
2021-12-26,18,84
2021-12-26,19,79
2021-12-26,20,63
2021-12-26,21,57
2021-12-26,22,40
2021-12-26,23,35
2021-12-27,0,21
2021-12-27,1,21
2021-12-27,2,12
2021-12-27,3,0
2021-12-27,4,17
2021-12-27,5,25
2021-12-27,6,16
2021-12-27,7,35
2021-12-27,8,89
2021-12-27,9,76
2021-12-27,10,71
2021-12-27,11,88
2021-12-27,12,96
2021-12-27,13,88
2021-12-27,14,92
2021-12-27,15,96
2021-12-27,16,84
2021-12-27,17,84
2021-12-27,18,92
2021-12-27,19,80
2021-12-27,20,61
2021-12-27,21,62
2021-12-27,22,35
2021-12-27,23,36
2021-12-28,0,21
2021-12-28,1,16
2021-12-28,2,16
2021-12-28,3,17
2021-12-28,4,16
2021-12-28,5,35
2021-12-28,6,31
2021-12-28,7,45
2021-12-28,8,102
2021-12-28,9,110
2021-12-28,10,92
2021-12-28,11,92
2021-12-28,12,93
2021-12-28,13,120
2021-12-28,14,92
2021-12-28,15,109
2021-12-28,16,88
2021-12-28,17,96
2021-12-28,18,123
2021-12-28,19,93
2021-12-28,20,75
2021-12-28,21,63
2021-12-28,22,48
2021-12-28,23,40
2021-12-29,0,12
2021-12-29,1,12
2021-12-29,2,0
2021-12-29,3,16
2021-12-29,4,16
2021-12-29,5,26
2021-12-29,6,31
2021-12-29,7,58
2021-12-29,8,109
2021-12-29,9,109
2021-12-29,10,106
2021-12-29,11,113
2021-12-29,12,128
2021-12-29,13,127
2021-12-29,14,115
2021-12-29,15,105
2021-12-29,16,88
2021-12-29,17,110
2021-12-29,18,100
2021-12-29,19,88
2021-12-29,20,67
2021-12-29,21,62
2021-12-29,22,48
2021-12-29,23,40
2021-12-30,0,20
2021-12-30,1,52
2021-12-30,2,75
2021-12-30,3,16
2021-12-30,4,16
2021-12-30,5,26
2021-12-30,6,35
2021-12-30,7,53
2021-12-30,8,106
2021-12-30,9,105
2021-12-30,10,104
2021-12-30,11,119
2021-12-30,12,116
2021-12-30,13,128
2021-12-30,14,131
2021-12-30,15,105
2021-12-30,16,110
2021-12-30,17,105
2021-12-30,18,124
2021-12-30,19,96
2021-12-30,20,80
2021-12-30,21,66
2021-12-30,22,49
2021-12-30,23,56
2021-12-31,0,30
2021-12-31,1,16
2021-12-31,2,12
2021-12-31,3,8
2021-12-31,4,16
2021-12-31,5,35
2021-12-31,6,44
2021-12-31,7,71
2021-12-31,8,153
2021-12-31,9,109
2021-12-31,10,117
2021-12-31,11,127
2021-12-31,12,119
2021-12-31,13,133
2021-12-31,14,111
2021-12-31,15,109
2021-12-31,16,114
2021-12-31,17,105
2021-12-31,18,115
2021-12-31,19,111
2021-12-31,20,92
2021-12-31,21,84
2021-12-31,22,66
2021-12-31,23,71
2022-01-01,0,65
2022-01-01,1,26
2022-01-01,2,31
2022-01-01,3,40
2022-01-01,4,36
2022-01-01,5,21
2022-01-01,6,21
2022-01-01,7,35
2022-01-01,8,65
2022-01-01,9,67
2022-01-01,10,71
2022-01-01,11,58
2022-01-01,12,84
2022-01-01,13,80
2022-01-01,14,88
2022-01-01,15,92
2022-01-01,16,84
2022-01-01,17,79
2022-01-01,18,80
2022-01-01,19,80
2022-01-01,20,84
2022-01-01,21,67
2022-01-01,22,44
2022-01-01,23,61
2022-01-02,0,44
2022-01-02,1,83
2022-01-02,2,76
2022-01-02,3,36
2022-01-02,4,40
2022-01-02,5,35
2022-01-02,6,30
2022-01-02,7,44
2022-01-02,8,48
2022-01-02,9,57
2022-01-02,10,84
2022-01-02,11,88
2022-01-02,12,89
2022-01-02,13,96
2022-01-02,14,101
2022-01-02,15,105
2022-01-02,16,106
2022-01-02,17,109
2022-01-02,18,92
2022-01-02,19,92
2022-01-02,20,67
2022-01-02,21,58
2022-01-02,22,57
2022-01-02,23,57
2022-01-03,0,37
2022-01-03,1,59
2022-01-03,2,207
2022-01-03,3,222
2022-01-03,4,265
2022-01-03,5,75
2022-01-03,6,44
2022-01-03,7,57
2022-01-03,8,96
2022-01-03,9,88
2022-01-03,10,84
2022-01-03,11,88
2022-01-03,12,92
2022-01-03,13,101
2022-01-03,14,109
2022-01-03,15,110
2022-01-03,16,96
2022-01-03,17,88
2022-01-03,18,93
2022-01-03,19,101
2022-01-03,20,66
2022-01-03,21,71
2022-01-03,22,45
2022-01-03,23,40
2022-01-04,0,31
2022-01-04,1,16
2022-01-04,2,16
2022-01-04,3,30
2022-01-04,4,28
2022-01-04,5,40
2022-01-04,6,52
2022-01-04,7,66
2022-01-04,8,133
2022-01-04,9,97
2022-01-04,10,80
2022-01-04,11,96
2022-01-04,12,106
2022-01-04,13,118
2022-01-04,14,113
2022-01-04,15,110
2022-01-04,16,109
2022-01-04,17,100
2022-01-04,18,139
2022-01-04,19,101
2022-01-04,20,71
2022-01-04,21,71
2022-01-04,22,57
2022-01-04,23,49
2022-01-05,0,22
2022-01-05,1,21
2022-01-05,2,12
2022-01-05,3,21
2022-01-05,4,30
2022-01-05,5,31
2022-01-05,6,54
2022-01-05,7,74
2022-01-05,8,141
2022-01-05,9,142
2022-01-05,10,132
2022-01-05,11,119
2022-01-05,12,119
2022-01-05,13,137
2022-01-05,14,129
2022-01-05,15,107
2022-01-05,16,114
2022-01-05,17,119
2022-01-05,18,110
2022-01-05,19,92
2022-01-05,20,88
2022-01-05,21,76
2022-01-05,22,70
2022-01-05,23,52
2022-01-06,0,18
2022-01-06,1,26
2022-01-06,2,22
2022-01-06,3,26
2022-01-06,4,28
2022-01-06,5,67
2022-01-06,6,52
2022-01-06,7,79
2022-01-06,8,150
2022-01-06,9,140
2022-01-06,10,136
2022-01-06,11,114
2022-01-06,12,128
2022-01-06,13,136
2022-01-06,14,119
2022-01-06,15,118
2022-01-06,16,128
2022-01-06,17,106
2022-01-06,18,116
2022-01-06,19,92
2022-01-06,20,101
2022-01-06,21,74
2022-01-06,22,57
2022-01-06,23,48
2022-01-07,0,34
2022-01-07,1,21
2022-01-07,2,16
2022-01-07,3,16
2022-01-07,4,40
2022-01-07,5,44
2022-01-07,6,61
2022-01-07,7,80
2022-01-07,8,171
2022-01-07,9,151
2022-01-07,10,128
2022-01-07,11,140
2022-01-07,12,109
2022-01-07,13,127
2022-01-07,14,114
2022-01-07,15,127
2022-01-07,16,131
2022-01-07,17,137
2022-01-07,18,149
2022-01-07,19,120
2022-01-07,20,105
2022-01-07,21,96
2022-01-07,22,71
2022-01-07,23,67
2022-01-08,0,69
2022-01-08,1,60
2022-01-08,2,210
2022-01-08,3,212
2022-01-08,4,264
2022-01-08,5,258
2022-01-08,6,230
2022-01-08,7,232
2022-01-08,8,259
2022-01-08,9,235
2022-01-08,10,242
2022-01-08,11,233
2022-01-08,12,160
2022-01-08,13,155
2022-01-08,14,136
2022-01-08,15,145
2022-01-08,16,131
2022-01-08,17,115
2022-01-08,18,128
2022-01-08,19,115
2022-01-08,20,101
2022-01-08,21,75
2022-01-08,22,71
2022-01-08,23,71
2022-01-09,0,36
2022-01-09,1,39
2022-01-09,2,36
2022-01-09,3,31
2022-01-09,4,27
2022-01-09,5,27
2022-01-09,6,36
2022-01-09,7,40
2022-01-09,8,36
2022-01-09,9,71
2022-01-09,10,88
2022-01-09,11,101
2022-01-09,12,101
2022-01-09,13,109
2022-01-09,14,106
2022-01-09,15,119
2022-01-09,16,117
2022-01-09,17,106
2022-01-09,18,120
2022-01-09,19,109
2022-01-09,20,80
2022-01-09,21,64
2022-01-09,22,66
2022-01-09,23,40
2022-01-10,0,36
2022-01-10,1,40
2022-01-10,2,26
2022-01-10,3,22
2022-01-10,4,30
2022-01-10,5,27
2022-01-10,6,40
2022-01-10,7,75
2022-01-10,8,183
2022-01-10,9,163
2022-01-10,10,132
2022-01-10,11,131
2022-01-10,12,145
2022-01-10,13,123
2022-01-10,14,128
2022-01-10,15,128
2022-01-10,16,142
2022-01-10,17,136
2022-01-10,18,128
2022-01-10,19,110
2022-01-10,20,88
2022-01-10,21,80
2022-01-10,22,52
2022-01-10,23,39
2022-01-11,0,40
2022-01-11,9,150
2022-01-11,10,137
2022-01-11,11,179
2022-01-11,12,133
2022-01-11,13,140
2022-01-11,14,136
2022-01-11,15,119
2022-01-11,16,127
2022-01-11,17,136
2022-01-11,18,170
2022-01-11,19,118
2022-01-11,20,71
2022-01-11,21,74
2022-01-11,22,165
2022-01-11,23,232
2022-01-12,0,186
2022-01-12,1,16
2022-01-12,2,16
2022-01-12,3,26
2022-01-12,4,31
2022-01-12,5,35
2022-01-12,6,48
2022-01-12,7,91
2022-01-12,8,180
2022-01-12,9,169
2022-01-12,10,141
2022-01-12,11,124
2022-01-12,12,140
2022-01-12,13,136
2022-01-12,14,123
2022-01-12,15,123
2022-01-12,16,111
2022-01-12,17,123
2022-01-12,18,132
2022-01-12,19,110
2022-01-12,20,85
2022-01-12,21,80
2022-01-12,22,62
2022-01-12,23,40
2022-01-13,0,26
2022-01-13,1,15
2022-01-13,2,76
2022-01-13,3,26
2022-01-13,4,22
2022-01-13,5,49
2022-01-13,6,62
2022-01-13,7,96
2022-01-13,8,176
2022-01-13,9,175
2022-01-13,10,124
2022-01-13,11,124
2022-01-13,12,128
2022-01-13,13,133
2022-01-13,14,129
2022-01-13,15,132
2022-01-13,16,158
2022-01-13,17,141
2022-01-13,18,154
2022-01-13,19,140
2022-01-13,20,100
2022-01-13,21,74
2022-01-13,22,76
2022-01-13,23,58
2022-01-14,0,32
2022-01-14,1,37
2022-01-14,2,16
2022-01-14,3,16
2022-01-14,4,25
2022-01-14,5,39
2022-01-14,6,44
2022-01-14,7,91
2022-01-14,8,184
2022-01-14,9,172
2022-01-14,10,150
2022-01-14,11,146
2022-01-14,12,145
2022-01-14,13,150
2022-01-14,14,136
2022-01-14,15,145
2022-01-14,16,132
2022-01-14,17,158
2022-01-14,18,172
2022-01-14,19,136
2022-01-14,20,106
2022-01-14,21,88
2022-01-14,22,72
2022-01-14,23,72
2022-01-15,0,49
2022-01-15,1,49
2022-01-15,2,159
2022-01-15,3,31
2022-01-15,4,22
2022-01-15,5,33
2022-01-15,6,36
2022-01-15,7,57
2022-01-15,8,70
2022-01-15,9,101
2022-01-15,10,139
2022-01-15,11,150
2022-01-15,12,154
2022-01-15,13,155
2022-01-15,14,192
2022-01-15,15,170
2022-01-15,16,158
2022-01-15,17,145
2022-01-15,18,167
2022-01-15,19,129
2022-01-15,20,106
2022-01-15,21,88
2022-01-15,22,62
2022-01-15,23,67
2022-01-16,0,44
2022-01-16,1,44
2022-01-16,2,36
2022-01-16,3,31
2022-01-16,4,29
2022-01-16,5,34
2022-01-16,6,21
2022-01-16,7,35
2022-01-16,8,36
2022-01-16,9,61
2022-01-16,10,92
2022-01-16,11,108
2022-01-16,12,118
2022-01-16,13,118
2022-01-16,14,136
2022-01-16,15,132
2022-01-16,16,123
2022-01-16,17,132
2022-01-16,18,135
2022-01-16,19,110
2022-01-16,20,80
2022-01-16,21,70
2022-01-16,22,56
2022-01-16,23,44
2022-01-17,0,91
2022-01-17,1,252
2022-01-17,2,82
2022-01-17,3,21
2022-01-17,4,30
2022-01-17,5,35
2022-01-17,6,39
2022-01-17,7,74
2022-01-17,8,176
2022-01-17,9,149
2022-01-17,10,149
2022-01-17,11,149
2022-01-17,12,149
2022-01-17,13,133
2022-01-17,14,121
2022-01-17,15,149
2022-01-17,16,142
2022-01-17,17,128
2022-01-17,18,164
2022-01-17,19,164
2022-01-17,20,88
2022-01-17,21,106
2022-01-17,22,146
2022-01-17,23,40
2022-01-18,0,66
2022-01-18,1,141
2022-01-18,2,150
2022-01-18,3,25
2022-01-18,4,16
2022-01-18,5,21
2022-01-18,6,52
2022-01-18,7,75
2022-01-18,8,163
2022-01-18,9,164
2022-01-18,10,132
2022-01-18,11,136
2022-01-18,12,141
2022-01-18,13,132
2022-01-18,14,123
2022-01-18,15,128
2022-01-18,16,127
2022-01-18,17,128
2022-01-18,18,153
2022-01-18,19,126
2022-01-18,20,88
2022-01-18,21,71
2022-01-18,22,66
2022-01-18,23,40
2022-01-19,0,65
2022-01-19,1,245
2022-01-19,2,262
2022-01-19,3,12
2022-01-19,4,26
2022-01-19,5,26
2022-01-19,6,40
2022-01-19,7,92
2022-01-19,8,184
2022-01-19,9,174
2022-01-19,10,133
2022-01-19,11,141
2022-01-19,12,136
2022-01-19,13,141
2022-01-19,14,136
2022-01-19,15,115
2022-01-19,16,105
2022-01-19,17,119
2022-01-19,18,137
2022-01-19,19,119
2022-01-19,20,101
2022-01-19,21,84
2022-01-19,22,65
2022-01-19,23,49
2022-01-20,0,31
2022-01-20,1,9
2022-01-20,2,43
2022-01-20,3,16
2022-01-20,4,12
2022-01-20,5,31
2022-01-20,6,48
2022-01-20,7,83
2022-01-20,8,172
2022-01-20,9,206
2022-01-20,10,132
2022-01-20,11,141
2022-01-20,12,141
2022-01-20,13,159
2022-01-20,14,146
2022-01-20,15,124
2022-01-20,16,144
2022-01-20,17,123
2022-01-20,18,136
2022-01-20,19,123
2022-01-20,20,105
2022-01-20,21,87
2022-01-20,22,62
2022-01-20,23,61
2022-01-21,0,94
2022-01-21,1,213
2022-01-21,2,16
2022-01-21,3,16
2022-01-21,4,36
2022-01-21,5,32
2022-01-21,6,36
2022-01-21,7,91
2022-01-21,8,155
2022-01-21,9,167
2022-01-21,10,149
2022-01-21,11,132
2022-01-21,12,146
2022-01-21,13,185
2022-01-21,14,141
2022-01-21,15,188
2022-01-21,16,167
2022-01-21,17,164
2022-01-21,18,184
2022-01-21,19,177
2022-01-21,20,132
2022-01-21,21,115
2022-01-21,22,88
2022-01-21,23,93
2022-01-22,0,58
2022-01-22,1,40
2022-01-22,2,34
2022-01-22,3,36
2022-01-22,4,23
2022-01-22,5,29
2022-01-22,6,36
2022-01-22,7,52
2022-01-22,8,93
2022-01-22,9,105
2022-01-22,10,148
2022-01-22,11,137
2022-01-22,12,167
2022-01-22,13,155
2022-01-22,14,158
2022-01-22,15,151
2022-01-22,16,153
2022-01-22,17,132
2022-01-22,18,132
2022-01-22,19,136
2022-01-22,20,117
2022-01-22,21,87
2022-01-22,22,55
2022-01-22,23,67
2022-01-23,0,92
2022-01-23,1,63
2022-01-23,2,214
2022-01-23,3,245
2022-01-23,4,163
2022-01-23,5,31
2022-01-23,6,16
2022-01-23,7,40
2022-01-23,8,44
2022-01-23,9,74
2022-01-23,10,93
2022-01-23,11,109
2022-01-23,12,140
2022-01-23,13,119
2022-01-23,14,132
2022-01-23,15,140
2022-01-23,16,122
2022-01-23,17,140
2022-01-23,18,145
2022-01-23,19,101
2022-01-23,20,76
2022-01-23,21,71
2022-01-23,22,60
2022-01-23,23,40
2022-01-24,0,32
2022-01-24,1,22
2022-01-24,2,16
2022-01-24,3,16
2022-01-24,4,21
2022-01-24,5,25
2022-01-24,6,44
2022-01-24,7,88
2022-01-24,8,176
2022-01-24,9,153
2022-01-24,10,123
2022-01-24,11,149
2022-01-24,12,132
2022-01-24,13,128
2022-01-24,14,127
2022-01-24,15,139
2022-01-24,16,137
2022-01-24,17,131
2022-01-24,18,146
2022-01-24,19,114
2022-01-24,20,94
2022-01-24,21,76
2022-01-24,22,60
2022-01-24,23,36
2022-01-25,0,21
2022-01-25,1,65
2022-01-25,2,12
2022-01-25,3,182
2022-01-25,4,236
2022-01-25,5,92
2022-01-25,6,40
2022-01-25,7,93
2022-01-25,8,189
2022-01-25,9,176
2022-01-25,10,140
2022-01-25,11,136
2022-01-25,12,136
2022-01-25,13,149
2022-01-25,14,137
2022-01-25,15,124
2022-01-25,16,136
2022-01-25,17,153
2022-01-25,18,163
2022-01-25,19,123
2022-01-25,20,93
2022-01-25,21,75
2022-01-25,22,116
2022-01-25,23,175
2022-01-26,0,45
2022-01-26,1,70
2022-01-26,2,16
2022-01-26,3,16
2022-01-26,4,14
2022-01-26,5,26
2022-01-26,6,49
2022-01-26,7,101
2022-01-26,8,178
2022-01-26,9,197
2022-01-26,10,135
2022-01-26,11,136
2022-01-26,12,155
2022-01-26,13,150
2022-01-26,14,130
2022-01-26,15,119
2022-01-26,16,123
2022-01-26,17,128
2022-01-26,18,145
2022-01-26,19,114
2022-01-26,20,90
2022-01-26,21,80
2022-01-26,22,76
2022-01-26,23,53
2022-01-27,0,31
2022-01-27,1,25
2022-01-27,2,16
2022-01-27,3,16
2022-01-27,4,17
2022-01-27,5,31
2022-01-27,6,48
2022-01-27,7,87
2022-01-27,8,176
2022-01-27,9,203
2022-01-27,10,127
2022-01-27,11,132
2022-01-27,12,136
2022-01-27,13,128
2022-01-27,14,133
2022-01-27,15,120
2022-01-27,16,141
2022-01-27,17,185
2022-01-27,18,314
2022-01-27,19,190
2022-01-27,20,127
2022-01-27,21,93
2022-01-27,22,76
2022-01-27,23,57
2022-01-28,0,35
2022-01-28,1,16
2022-01-28,2,12
2022-01-28,3,16
2022-01-28,4,16
2022-01-28,5,31
2022-01-28,6,44
2022-01-28,7,88
2022-01-28,8,176
2022-01-28,9,164
2022-01-28,10,162
2022-01-28,11,153
2022-01-28,12,152
2022-01-28,13,158
2022-01-28,14,150
2022-01-28,15,156
2022-01-28,16,158
2022-01-28,17,160
2022-01-28,18,167
2022-01-28,19,163
2022-01-28,20,128
2022-01-28,21,130
2022-01-28,22,71
2022-01-28,23,83
2022-01-29,0,58
2022-01-29,1,39
2022-01-29,2,35
2022-01-29,3,26
2022-01-29,4,26
2022-01-29,5,27
2022-01-29,6,36
2022-01-29,7,48
2022-01-29,8,66
2022-01-29,9,103
2022-01-29,10,140
2022-01-29,11,136
2022-01-29,12,176
2022-01-29,13,181
2022-01-29,14,228
2022-01-29,15,171
2022-01-29,16,140
2022-01-29,17,166
2022-01-29,18,167
2022-01-29,19,145
2022-01-29,20,127
2022-01-29,21,93
2022-01-29,22,76
2022-01-29,23,71
2022-01-30,0,40
2022-01-30,1,43
2022-01-30,2,41
2022-01-30,3,29
2022-01-30,4,32
2022-01-30,5,23
2022-01-30,6,24
2022-01-30,7,22
2022-01-30,8,44
2022-01-30,9,65
2022-01-30,10,96
2022-01-30,11,134
2022-01-30,12,133
2022-01-30,13,131
2022-01-30,14,166
2022-01-30,15,156
2022-01-30,16,151
2022-01-30,17,145
2022-01-30,18,153
2022-01-30,19,108
2022-01-30,20,88
2022-01-30,21,67
2022-01-30,22,61
2022-01-30,23,40
2022-01-31,0,31
2022-01-31,1,22
2022-01-31,2,16
2022-01-31,3,19
2022-01-31,4,26
2022-01-31,5,30
2022-01-31,6,40
2022-01-31,7,79
2022-01-31,8,182
2022-01-31,9,163
2022-01-31,10,136
2022-01-31,11,136
2022-01-31,12,144
2022-01-31,13,157
2022-01-31,14,136
2022-01-31,15,133
2022-01-31,16,144
2022-01-31,17,168
2022-01-31,18,137
2022-01-31,19,122
2022-01-31,20,101
2022-01-31,21,92
2022-01-31,22,61
2022-01-31,23,44
2022-02-01,0,35
2022-02-01,1,70
2022-02-01,2,42
2022-02-01,3,8
2022-02-01,4,21
2022-02-01,5,35
2022-02-01,6,52
2022-02-01,7,96
2022-02-01,8,193
2022-02-01,9,191
2022-02-01,10,137
2022-02-01,11,165
2022-02-01,12,132
2022-02-01,13,157
2022-02-01,14,147
2022-02-01,15,127
2022-02-01,16,133
2022-02-01,17,144
2022-02-01,18,147
2022-02-01,19,136
2022-02-01,20,90
2022-02-01,21,71
2022-02-01,22,92
2022-02-01,23,53
2022-02-02,0,34
2022-02-02,1,30
2022-02-02,2,42
2022-02-02,3,12
2022-02-02,4,22
2022-02-02,5,26
2022-02-02,6,53
2022-02-02,7,83
2022-02-02,8,201
2022-02-02,9,208
2022-02-02,10,157
2022-02-02,11,153
2022-02-02,12,161
2022-02-02,13,154
2022-02-02,14,136
2022-02-02,15,127
2022-02-02,16,140
2022-02-02,17,166
2022-02-02,18,201
2022-02-02,19,168
2022-02-02,20,96
2022-02-02,21,75
2022-02-02,22,86
2022-02-02,23,57
2022-02-03,0,26
2022-02-03,1,15
2022-02-03,2,16
2022-02-03,3,16
2022-02-03,4,16
2022-02-03,5,35
2022-02-03,6,48
2022-02-03,7,96
2022-02-03,8,169
2022-02-03,9,196
2022-02-03,10,151
2022-02-03,11,146
2022-02-03,12,148
2022-02-03,13,155
2022-02-03,14,156
2022-02-03,15,134
2022-02-03,16,136
2022-02-03,17,124
2022-02-03,18,141
2022-02-03,19,124
2022-02-03,20,114
2022-02-03,21,83
2022-02-03,22,67
2022-02-03,23,61
2022-02-04,0,36
2022-02-04,1,13
2022-02-04,2,16
2022-02-04,3,14
2022-02-04,4,26
2022-02-04,5,31
2022-02-04,6,49
2022-02-04,7,96
2022-02-04,8,191
2022-02-04,9,172
2022-02-04,10,154
2022-02-04,11,132
2022-02-04,12,155
2022-02-04,13,145
2022-02-04,14,141
2022-02-04,15,158
2022-02-04,16,155
2022-02-04,17,153
2022-02-04,18,191
2022-02-04,19,145
2022-02-04,20,117
2022-02-04,21,116
2022-02-04,22,83
2022-02-04,23,82
2022-02-05,0,64
2022-02-05,1,48
2022-02-05,2,48
2022-02-05,3,32
2022-02-05,4,19
2022-02-05,5,22
2022-02-05,6,28
2022-02-05,7,53
2022-02-05,8,79
2022-02-05,9,100
2022-02-05,10,148
2022-02-05,11,159
2022-02-05,12,165
2022-02-05,13,188
2022-02-05,14,162
2022-02-05,15,153
2022-02-05,16,141
2022-02-05,17,140
2022-02-05,18,147
2022-02-05,19,134
2022-02-05,20,120
2022-02-05,21,105
2022-02-05,22,75
2022-02-05,23,75
2022-02-06,0,44
2022-02-06,1,158
2022-02-06,2,36
2022-02-06,3,26
2022-02-06,4,27
2022-02-06,5,21
2022-02-06,6,21
2022-02-06,7,40
2022-02-06,8,44
2022-02-06,9,65
2022-02-06,10,102
2022-02-06,11,113
2022-02-06,12,123
2022-02-06,13,125
2022-02-06,14,118
2022-02-06,15,110
2022-02-06,16,111
2022-02-06,17,126
2022-02-06,18,145
2022-02-06,19,132
2022-02-06,20,84
2022-02-06,21,71
2022-02-06,22,60
2022-02-06,23,52
2022-02-07,0,34
2022-02-07,1,35
2022-02-07,2,108
2022-02-07,3,12
2022-02-07,4,16
2022-02-07,5,27
2022-02-07,6,40
2022-02-07,7,75
2022-02-07,8,225
2022-02-07,9,182
2022-02-07,10,154
2022-02-07,11,160
2022-02-07,12,146
2022-02-07,13,134
2022-02-07,14,136
2022-02-07,15,141
2022-02-07,16,141
2022-02-07,17,146
2022-02-07,18,125
2022-02-07,19,120
2022-02-07,20,88
2022-02-07,21,93
2022-02-07,22,69
2022-02-07,23,42
2022-02-08,0,26
2022-02-08,1,36
2022-02-08,2,14
2022-02-08,3,16
2022-02-08,4,19
2022-02-08,5,35
2022-02-08,6,52
2022-02-08,7,104
2022-02-08,8,189
2022-02-08,9,188
2022-02-08,10,145
2022-02-08,11,142
2022-02-08,12,150
2022-02-08,13,147
2022-02-08,14,128
2022-02-08,15,127
2022-02-08,16,130
2022-02-08,17,149
2022-02-08,18,171
2022-02-08,19,130
2022-02-08,20,84
2022-02-08,21,108
2022-02-08,22,75
2022-02-08,23,46
2022-02-09,0,46
2022-02-09,1,64
2022-02-09,2,136
2022-02-09,3,19
2022-02-09,4,26
2022-02-09,5,27
2022-02-09,6,57
2022-02-09,7,85
2022-02-09,8,190
2022-02-09,9,197
2022-02-09,10,141
2022-02-09,11,132
2022-02-09,12,119
2022-02-09,13,141
2022-02-09,14,119
2022-02-09,15,109
2022-02-09,16,109
2022-02-09,17,118
2022-02-09,18,118
2022-02-09,19,96
2022-02-09,20,80
2022-02-09,21,57
2022-02-09,22,53
2022-02-09,23,34
2022-02-10,0,8
2022-02-10,1,12
2022-02-10,2,0
2022-02-10,3,0
2022-02-10,4,0
2022-02-10,5,8
2022-02-10,6,26
2022-02-10,7,70
2022-02-10,8,159
2022-02-10,9,189
2022-02-10,10,119
2022-02-10,11,123
2022-02-10,12,118
2022-02-10,13,128
2022-02-10,14,128
2022-02-10,15,111
2022-02-10,16,128
2022-02-10,17,109
2022-02-10,18,114
2022-02-10,19,109
2022-02-10,20,92
2022-02-10,21,58
2022-02-10,22,53
2022-02-10,23,39
2022-02-11,0,21
2022-02-11,1,12
2022-02-11,2,0
2022-02-11,3,0
2022-02-11,4,0
2022-02-11,5,21
2022-02-11,6,21
2022-02-11,7,62
2022-02-11,8,167
2022-02-11,9,159
2022-02-11,10,132
2022-02-11,11,136
2022-02-11,12,120
2022-02-11,13,136
2022-02-11,14,120
2022-02-11,15,129
2022-02-11,16,137
2022-02-11,17,133
2022-02-11,18,149
2022-02-11,19,123
2022-02-11,20,101
2022-02-11,21,88
2022-02-11,22,62
2022-02-11,23,62
2022-02-12,0,44
2022-02-12,1,35
2022-02-12,2,21
2022-02-12,3,16
2022-02-12,4,6
2022-02-12,5,8
2022-02-12,6,0
2022-02-12,7,31
2022-02-12,8,61
2022-02-12,9,80
2022-02-12,10,132
2022-02-12,11,128
2022-02-12,12,148
2022-02-12,13,137
2022-02-12,14,141
2022-02-12,15,120
2022-02-12,16,115
2022-02-12,17,101
2022-02-12,18,118
2022-02-12,19,106
2022-02-12,20,92
2022-02-12,21,71
2022-02-12,22,63
2022-02-12,23,48
2022-02-13,0,31
2022-02-13,1,49
2022-02-13,2,21
2022-02-13,3,16
2022-02-13,4,16
2022-02-13,5,8
2022-02-13,6,0
2022-02-13,7,16
2022-02-13,8,21
2022-02-13,9,45
2022-02-13,10,80
2022-02-13,11,97
2022-02-13,12,129
2022-02-13,13,109
2022-02-13,14,109
2022-02-13,15,145
2022-02-13,16,109
2022-02-13,17,105
2022-02-13,18,120
2022-02-13,19,101
2022-02-13,20,67
2022-02-13,21,53
2022-02-13,22,44
2022-02-13,23,31
2022-02-14,0,16
2022-02-14,1,17
2022-02-14,2,4
2022-02-14,3,0
2022-02-14,4,4
2022-02-14,5,4
2022-02-14,6,21
2022-02-14,7,54
2022-02-14,8,149
2022-02-14,9,115
2022-02-14,10,114
2022-02-14,11,119
2022-02-14,12,123
2022-02-14,13,118
2022-02-14,14,110
2022-02-14,15,132
2022-02-14,16,128
2022-02-14,17,115
2022-02-14,18,124
2022-02-14,19,97
2022-02-14,20,93
2022-02-14,21,72
2022-02-14,22,49
2022-02-14,23,25
2022-02-15,0,12
2022-02-15,1,18
2022-02-15,2,0
2022-02-15,3,0
2022-02-15,4,0
2022-02-15,5,8
2022-02-15,6,26
2022-02-15,7,75
2022-02-15,8,153
2022-02-15,9,137
2022-02-15,10,123
2022-02-15,11,124
2022-02-15,12,132
2022-02-15,13,124
2022-02-15,14,83
2022-02-15,15,105
2022-02-15,16,105
2022-02-15,17,123
2022-02-15,18,128
2022-02-15,19,105
2022-02-15,20,71
2022-02-15,21,53
2022-02-15,22,57
2022-02-15,23,31
2022-02-16,0,21
2022-02-16,1,30
2022-02-16,2,0
2022-02-16,3,0
2022-02-16,4,4
2022-02-16,5,12
2022-02-16,6,26
2022-02-16,7,71
2022-02-16,8,163
2022-02-16,9,150
2022-02-16,10,123
2022-02-16,11,105
2022-02-16,12,137
2022-02-16,13,136
2022-02-16,14,114
2022-02-16,15,119
2022-02-16,16,100
2022-02-16,17,101
2022-02-16,18,105
2022-02-16,19,100
2022-02-16,20,72
2022-02-16,21,57
2022-02-16,22,48
2022-02-16,23,30
2022-02-17,0,16
2022-02-17,1,8
2022-02-17,2,0
2022-02-17,3,0
2022-02-17,4,0
2022-02-17,5,12
2022-02-17,6,21
2022-02-17,7,70
2022-02-17,8,152
2022-02-17,9,177
2022-02-17,10,128
2022-02-17,11,123
2022-02-17,12,123
2022-02-17,13,129
2022-02-17,14,133
2022-02-17,15,118
2022-02-17,16,141
2022-02-17,17,105
2022-02-17,18,133
2022-02-17,19,133
2022-02-17,20,88
2022-02-17,21,57
2022-02-17,22,76
2022-02-17,23,58
2022-02-18,0,21
2022-02-18,1,8
2022-02-18,2,4
2022-02-18,3,0
2022-02-18,4,0
2022-02-18,5,16
2022-02-18,6,21
2022-02-18,7,66
2022-02-18,8,163
2022-02-18,9,141
2022-02-18,10,128
2022-02-18,11,132
2022-02-18,12,124
2022-02-18,13,137
2022-02-18,14,119
2022-02-18,15,137
2022-02-18,16,136
2022-02-18,17,128
2022-02-18,18,136
2022-02-18,19,132
2022-02-18,20,92
2022-02-18,21,84
2022-02-18,22,53
2022-02-18,23,52
2022-02-19,0,36
2022-02-19,1,16
2022-02-19,2,21
2022-02-19,3,16
2022-02-19,4,8
2022-02-19,5,4
2022-02-19,6,4
2022-02-19,7,31
2022-02-19,8,57
2022-02-19,9,72
2022-02-19,10,110
2022-02-19,11,115
2022-02-19,12,146
2022-02-19,13,151
2022-02-19,14,150
2022-02-19,15,141
2022-02-19,16,133
2022-02-19,17,114
2022-02-19,18,123
2022-02-19,19,111
2022-02-19,20,92
2022-02-19,21,62
2022-02-19,22,52
2022-02-19,23,54
2022-02-20,0,31
2022-02-20,1,45
2022-02-20,2,16
2022-02-20,3,16
2022-02-20,4,12
2022-02-20,5,4
2022-02-20,6,4
2022-02-20,7,16
2022-02-20,8,21
2022-02-20,9,40
2022-02-20,10,76
2022-02-20,11,88
2022-02-20,12,92
2022-02-20,13,96
2022-02-20,14,124
2022-02-20,15,100
2022-02-20,16,101
2022-02-20,17,110
2022-02-20,18,119
2022-02-20,19,96
2022-02-20,20,62
2022-02-20,21,53
2022-02-20,22,35
2022-02-20,23,31
2022-02-21,0,21
2022-02-21,1,9
2022-02-21,2,4
2022-02-21,3,0
2022-02-21,4,0
2022-02-21,5,8
2022-02-21,6,21
2022-02-21,7,62
2022-02-21,8,158
2022-02-21,9,150
2022-02-21,10,117
2022-02-21,11,114
2022-02-21,12,127
2022-02-21,13,127
2022-02-21,14,113
2022-02-21,15,115
2022-02-21,16,115
2022-02-21,17,114
2022-02-21,18,115
2022-02-21,19,92
2022-02-21,20,76
2022-02-21,21,57
2022-02-21,22,44
2022-02-21,23,17
2022-02-22,0,16
2022-02-22,1,48
2022-02-22,2,0
2022-02-22,3,0
2022-02-22,4,0
2022-02-22,5,4
2022-02-22,6,26
2022-02-22,7,76
2022-02-22,8,150
2022-02-22,9,146
2022-02-22,10,132
2022-02-22,11,114
2022-02-22,12,114
2022-02-22,13,124
2022-02-22,14,101
2022-02-22,15,111
2022-02-22,16,110
2022-02-22,17,128
2022-02-22,18,144
2022-02-22,19,123
2022-02-22,20,76
2022-02-22,21,53
2022-02-22,22,53
2022-02-22,23,36
2022-02-23,0,17
2022-02-23,1,31
2022-02-23,2,0
2022-02-23,3,0
2022-02-23,4,0
2022-02-23,5,4
2022-02-23,6,26
2022-02-23,7,75
2022-02-23,8,151
2022-02-23,9,186
2022-02-23,10,124
2022-02-23,11,137
2022-02-23,12,149
2022-02-23,13,153
2022-02-23,14,116
2022-02-23,15,120
2022-02-23,16,115
2022-02-23,17,120
2022-02-23,18,132
2022-02-23,19,101
2022-02-23,20,71
2022-02-23,21,58
2022-02-23,22,44
2022-02-23,23,26
2022-02-24,0,12
2022-02-24,1,16
2022-02-24,2,0
2022-02-24,3,0
2022-02-24,4,0
2022-02-24,5,16
2022-02-24,6,35
2022-02-24,7,75
2022-02-24,8,163
2022-02-24,9,194
2022-02-24,10,123
2022-02-24,11,110
2022-02-24,12,110
2022-02-24,13,106
2022-02-24,14,110
2022-02-24,15,105
2022-02-24,16,128
2022-02-24,17,92
2022-02-24,18,105
2022-02-24,19,92
2022-02-24,20,71
2022-02-24,21,58
2022-02-24,22,44
2022-02-24,23,39
2022-02-25,0,16
2022-02-25,1,12
2022-02-25,2,0
2022-02-25,3,0
2022-02-25,4,4
2022-02-25,5,12
2022-02-25,6,21
2022-02-25,7,74
2022-02-25,8,158
2022-02-25,9,151
2022-02-25,10,150
2022-02-25,11,128
2022-02-25,12,135
2022-02-25,13,145
2022-02-25,14,124
2022-02-25,15,141
2022-02-25,16,133
2022-02-25,17,133
2022-02-25,18,173
2022-02-25,19,130
2022-02-25,20,97
2022-02-25,21,84
2022-02-25,22,58
2022-02-25,23,57
2022-02-26,0,44
2022-02-26,1,26
2022-02-26,2,25
2022-02-26,3,16
2022-02-26,4,12
2022-02-26,5,8
2022-02-26,6,4
2022-02-26,7,40
2022-02-26,8,57
2022-02-26,9,80
2022-02-26,10,124
2022-02-26,11,119
2022-02-26,12,159
2022-02-26,13,146
2022-02-26,14,164
2022-02-26,15,113
2022-02-26,16,124
2022-02-26,17,118
2022-02-26,18,119
2022-02-26,19,115
2022-02-26,20,110
2022-02-26,21,71
2022-02-26,22,52
2022-02-26,23,52
2022-02-27,0,26
2022-02-27,1,40
2022-02-27,2,16
2022-02-27,3,16
2022-02-27,4,16
2022-02-27,5,8
2022-02-27,6,4
2022-02-27,7,16
2022-02-27,8,31
2022-02-27,9,45
2022-02-27,10,84
2022-02-27,11,88
2022-02-27,12,101
2022-02-27,13,97
2022-02-27,14,92
2022-02-27,15,101
2022-02-27,16,110
2022-02-27,17,101
2022-02-27,18,116
2022-02-27,19,97
2022-02-27,20,74
2022-02-27,21,53
2022-02-27,22,36
2022-02-27,23,26
2022-02-28,0,16
2022-02-28,1,17
2022-02-28,2,4
2022-02-28,3,0
2022-02-28,4,8
2022-02-28,5,8
2022-02-28,6,26
2022-02-28,7,62
2022-02-28,8,167
2022-02-28,9,154
2022-02-28,10,110
2022-02-28,11,114
2022-02-28,12,127
2022-02-28,13,135
2022-02-28,14,137
2022-02-28,15,119
2022-02-28,16,123
2022-02-28,17,115
2022-02-28,18,109
2022-02-28,19,106
2022-02-28,20,76
2022-02-28,21,57
2022-02-28,22,49
2022-02-28,23,21
2022-03-01,0,21
2022-03-01,1,31
2022-03-01,2,0
2022-03-01,3,0
2022-03-01,4,4
2022-03-01,5,4
2022-03-01,6,36
2022-03-01,7,65
2022-03-01,8,168
2022-03-01,9,151
2022-03-01,10,128
2022-03-01,11,123
2022-03-01,12,120
2022-03-01,13,123
2022-03-01,14,110
2022-03-01,15,106
2022-03-01,16,118
2022-03-01,17,124
2022-03-01,18,150
2022-03-01,19,119
2022-03-01,20,88
2022-03-01,21,67
2022-03-01,22,49
2022-03-01,23,31
2022-03-02,0,17
2022-03-02,1,26
2022-03-02,2,0
2022-03-02,3,0
2022-03-02,4,0
2022-03-02,5,13
2022-03-02,6,21
2022-03-02,7,66
2022-03-02,8,159
2022-03-02,9,163
2022-03-02,10,128
2022-03-02,11,136
2022-03-02,12,138
2022-03-02,13,140
2022-03-02,14,119
2022-03-02,15,106
2022-03-02,16,104
2022-03-02,17,141
2022-03-02,18,149
2022-03-02,19,154
2022-03-02,20,89
2022-03-02,21,57
2022-03-02,22,80
2022-03-02,23,35
2022-03-03,0,17
2022-03-03,1,8
2022-03-03,2,0
2022-03-03,3,0
2022-03-03,4,0
2022-03-03,5,12
2022-03-03,6,21
2022-03-03,7,70
2022-03-03,8,172
2022-03-03,9,180
2022-03-03,10,114
2022-03-03,11,119
2022-03-03,12,128
2022-03-03,13,128
2022-03-03,14,131
2022-03-03,15,114
2022-03-03,16,136
2022-03-03,17,106
2022-03-03,18,119
2022-03-03,19,114
2022-03-03,20,92
2022-03-03,21,58
2022-03-03,22,48
2022-03-03,23,35
2022-03-04,0,16
2022-03-04,1,12
2022-03-04,2,0
2022-03-04,3,0
2022-03-04,4,4
2022-03-04,5,16
2022-03-04,6,31
2022-03-04,7,62
2022-03-04,8,162
2022-03-04,9,159
2022-03-04,10,145
2022-03-04,11,123
2022-03-04,12,132
2022-03-04,13,146
2022-03-04,14,124
2022-03-04,15,146
2022-03-04,16,145
2022-03-04,17,127
2022-03-04,18,155
2022-03-04,19,129
2022-03-04,20,102
2022-03-04,21,92
2022-03-04,22,49
2022-03-04,23,57
2022-03-05,0,44
2022-03-05,1,21
2022-03-05,2,21
2022-03-05,3,16
2022-03-05,4,8
2022-03-05,5,8
2022-03-05,6,4
2022-03-05,7,31
2022-03-05,8,57
2022-03-05,9,84
2022-03-05,10,136
2022-03-05,11,132
2022-03-05,12,140
2022-03-05,13,145
2022-03-05,14,141
2022-03-05,15,132
2022-03-05,16,128
2022-03-05,17,119
2022-03-05,18,128
2022-03-05,19,128
2022-03-05,20,109
2022-03-05,21,71
2022-03-05,22,48
2022-03-05,23,57
2022-03-06,0,21
2022-03-06,1,44
2022-03-06,2,21
2022-03-06,3,16
2022-03-06,4,16
2022-03-06,5,12
2022-03-06,6,4
2022-03-06,7,16
2022-03-06,8,26
2022-03-06,9,49
2022-03-06,10,80
2022-03-06,11,101
2022-03-06,12,97
2022-03-06,13,96
2022-03-06,14,110
2022-03-06,15,110
2022-03-06,16,119
2022-03-06,17,114
2022-03-06,18,115
2022-03-06,19,101
2022-03-06,20,71
2022-03-06,21,66
2022-03-06,22,44
2022-03-06,23,26
2022-03-07,0,16
2022-03-07,1,16
2022-03-07,2,0
2022-03-07,3,0
2022-03-07,4,4
2022-03-07,5,4
2022-03-07,6,21
2022-03-07,7,58
2022-03-07,8,151
2022-03-07,9,159
2022-03-07,10,110
2022-03-07,11,105
2022-03-07,12,137
2022-03-07,13,119
2022-03-07,14,110
2022-03-07,15,115
2022-03-07,16,114
2022-03-07,17,114
2022-03-07,18,122
2022-03-07,19,97
2022-03-07,20,80
2022-03-07,21,61
2022-03-07,22,49
2022-03-07,23,26
2022-03-08,0,16
2022-03-08,1,35
2022-03-08,2,0
2022-03-08,3,0
2022-03-08,4,4
2022-03-08,5,12
2022-03-08,6,26
2022-03-08,7,75
2022-03-08,8,168
2022-03-08,9,146
2022-03-08,10,128
2022-03-08,11,123
2022-03-08,12,123
2022-03-08,13,128
2022-03-08,14,115
2022-03-08,15,114
2022-03-08,16,109
2022-03-08,17,141
2022-03-08,18,145
2022-03-08,19,116
2022-03-08,20,80
2022-03-08,21,62
2022-03-08,22,58
2022-03-08,23,26
2022-03-09,0,21
2022-03-09,1,26
2022-03-09,2,0
2022-03-09,3,0
2022-03-09,4,0
2022-03-09,5,8
2022-03-09,6,26
2022-03-09,7,75
2022-03-09,8,155
2022-03-09,9,160
2022-03-09,10,132
2022-03-09,11,118
2022-03-09,12,136
2022-03-09,13,123
2022-03-09,14,118
2022-03-09,15,105
2022-03-09,16,111
2022-03-09,17,106
2022-03-09,18,123
2022-03-09,19,92
2022-03-09,20,80
2022-03-09,21,62
2022-03-09,22,49
2022-03-09,23,30
2022-03-10,0,16
2022-03-10,1,12
2022-03-10,2,0
2022-03-10,3,0
2022-03-10,4,0
2022-03-10,5,12
2022-03-10,6,26
2022-03-10,7,58
2022-03-10,8,163
2022-03-10,9,158
2022-03-10,10,123
2022-03-10,11,115
2022-03-10,12,119
2022-03-10,13,124
2022-03-10,14,138
2022-03-10,15,114
2022-03-10,16,127
2022-03-10,17,111
2022-03-10,18,119
2022-03-10,19,97
2022-03-10,20,88
2022-03-10,21,53
2022-03-10,22,57
2022-03-10,23,44
2022-03-11,0,16
2022-03-11,1,12
2022-03-11,2,0
2022-03-11,3,0
2022-03-11,4,4
2022-03-11,5,12
2022-03-11,6,30
2022-03-11,7,70
2022-03-11,8,158
2022-03-11,9,137
2022-03-11,10,137
2022-03-11,11,124
2022-03-11,12,128
2022-03-11,13,133
2022-03-11,14,118
2022-03-11,15,141
2022-03-11,16,127
2022-03-11,17,132
2022-03-11,18,137
2022-03-11,19,128
2022-03-11,20,88
2022-03-11,21,80
2022-03-11,22,57
2022-03-11,23,57
2022-03-12,0,40
2022-03-12,1,21
2022-03-12,2,21
2022-03-12,3,16
2022-03-12,4,12
2022-03-12,5,12
2022-03-12,6,12
2022-03-12,7,31
2022-03-12,8,61
2022-03-12,9,84
2022-03-12,10,118
2022-03-12,11,110
2022-03-12,12,146
2022-03-12,13,133
2022-03-12,14,149
2022-03-12,15,119
2022-03-12,16,109
2022-03-12,17,123
2022-03-12,18,110
2022-03-12,19,116
2022-03-12,20,105
2022-03-12,21,67
2022-03-12,22,53
2022-03-12,23,53
2022-03-13,0,35
2022-03-13,1,40
2022-03-13,2,16
2022-03-13,3,16
2022-03-13,4,16
2022-03-13,5,12
2022-03-13,6,12
2022-03-13,7,16
2022-03-13,8,21
2022-03-13,9,49
2022-03-13,10,88
2022-03-13,11,88
2022-03-13,12,110
2022-03-13,13,124
2022-03-13,14,114
2022-03-13,15,106
2022-03-13,16,102
2022-03-13,17,114
2022-03-13,18,110
2022-03-13,19,93
2022-03-13,20,71
2022-03-13,21,49
2022-03-13,22,40
2022-03-13,23,31
2022-03-14,0,21
2022-03-14,1,12
2022-03-14,2,0
2022-03-14,3,4
2022-03-14,4,4
2022-03-14,5,12
2022-03-14,6,21
2022-03-14,7,62
2022-03-14,8,172
2022-03-14,9,155
2022-03-14,10,122
2022-03-14,11,127
2022-03-14,12,123
2022-03-14,13,119
2022-03-14,14,109
2022-03-14,15,119
2022-03-14,16,123
2022-03-14,17,113
2022-03-14,18,109
2022-03-14,19,92
2022-03-14,20,66
2022-03-14,21,53
2022-03-14,22,49
2022-03-14,23,21
2022-03-15,0,16
2022-03-15,1,22
2022-03-15,2,0
2022-03-15,3,0
2022-03-15,4,4
2022-03-15,5,4
2022-03-15,6,26
2022-03-15,7,70
2022-03-15,8,155
2022-03-15,9,150
2022-03-15,10,128
2022-03-15,11,128
2022-03-15,12,110
2022-03-15,13,123
2022-03-15,14,106
2022-03-15,15,115
2022-03-15,16,106
2022-03-15,17,132
2022-03-15,18,145
2022-03-15,19,109
2022-03-15,20,84
2022-03-15,21,53
2022-03-15,22,49
2022-03-15,23,31
2022-03-16,0,21
2022-03-16,1,18
2022-03-16,2,0
2022-03-16,3,0
2022-03-16,4,0
2022-03-16,5,8
2022-03-16,6,31
2022-03-16,7,75
2022-03-16,8,151
2022-03-16,9,168
2022-03-16,10,141
2022-03-16,11,111
2022-03-16,12,123
2022-03-16,13,132
2022-03-16,14,109
2022-03-16,15,114
2022-03-16,16,105
2022-03-16,17,114
2022-03-16,18,119
2022-03-16,19,100
2022-03-16,20,84
2022-03-16,21,61
2022-03-16,22,40
2022-03-16,23,35
2022-03-17,0,16
2022-03-17,1,12
2022-03-17,2,0
2022-03-17,3,4
2022-03-17,4,0
2022-03-17,5,12
2022-03-17,6,35
2022-03-17,7,75
2022-03-17,8,159
2022-03-17,9,177
2022-03-17,10,136
2022-03-17,11,118
2022-03-17,12,118
2022-03-17,13,132
2022-03-17,14,116
2022-03-17,15,114
2022-03-17,16,128
2022-03-17,17,98
2022-03-17,18,116
2022-03-17,19,101
2022-03-17,20,93
2022-03-17,21,67
2022-03-17,22,48
2022-03-17,23,40
2022-03-18,0,16
2022-03-18,1,12
2022-03-18,2,4
2022-03-18,3,0
2022-03-18,4,4
2022-03-18,5,16
2022-03-18,6,31
2022-03-18,7,74
2022-03-18,8,167
2022-03-18,9,146
2022-03-18,10,136
2022-03-18,11,111
2022-03-18,12,123
2022-03-18,13,128
2022-03-18,14,120
2022-03-18,15,133
2022-03-18,16,132
2022-03-18,17,133
2022-03-18,18,150
2022-03-18,19,129
2022-03-18,20,97
2022-03-18,21,84
2022-03-18,22,52
2022-03-18,23,61
2022-03-19,0,36
2022-03-19,1,26
2022-03-19,2,21
2022-03-19,3,12
2022-03-19,4,12
2022-03-19,5,8
2022-03-19,6,17
2022-03-19,7,36
2022-03-19,8,75
2022-03-19,9,92
2022-03-19,10,118
2022-03-19,11,124
2022-03-19,12,149
2022-03-19,13,146
2022-03-19,14,159
2022-03-19,15,136
2022-03-19,16,137
2022-03-19,17,126
2022-03-19,18,129
2022-03-19,19,128
2022-03-19,20,92
2022-03-19,21,62
2022-03-19,22,52
2022-03-19,23,48
2022-03-20,0,31
2022-03-20,1,48
2022-03-20,2,16
2022-03-20,3,16
2022-03-20,4,16
2022-03-20,5,4
2022-03-20,6,4
2022-03-20,7,16
2022-03-20,8,26
2022-03-20,9,57
2022-03-20,10,80
2022-03-20,11,109
2022-03-20,12,100
2022-03-20,13,97
2022-03-20,14,92
2022-03-20,15,104
2022-03-20,16,101
2022-03-20,17,105
2022-03-20,18,120
2022-03-20,19,92
2022-03-20,20,71
2022-03-20,21,53
2022-03-20,22,48
2022-03-20,23,21
2022-03-21,0,16
2022-03-21,1,16
2022-03-21,2,0
2022-03-21,3,0
2022-03-21,4,4
2022-03-21,5,8
2022-03-21,6,21
2022-03-21,7,58
2022-03-21,8,171
2022-03-21,9,155
2022-03-21,10,118
2022-03-21,11,119
2022-03-21,12,111
2022-03-21,13,119
2022-03-21,14,114
2022-03-21,15,118
2022-03-21,16,114
2022-03-21,17,114
2022-03-21,18,105
2022-03-21,19,92
2022-03-21,20,78
2022-03-21,21,71
2022-03-21,22,40
2022-03-21,23,25
2022-03-22,0,12
2022-03-22,1,18
2022-03-22,2,0
2022-03-22,3,0
2022-03-22,4,0
2022-03-22,5,4
2022-03-22,6,25
2022-03-22,7,61
2022-03-22,8,154
2022-03-22,9,158
2022-03-22,10,119
2022-03-22,11,136
2022-03-22,12,101
2022-03-22,13,123
2022-03-22,14,114
2022-03-22,15,106
2022-03-22,16,105
2022-03-22,17,128
2022-03-22,18,133
2022-03-22,19,100
2022-03-22,20,72
2022-03-22,21,66
2022-03-22,22,57
2022-03-22,23,31
2022-03-23,0,26
2022-03-23,1,30
2022-03-23,2,0
2022-03-23,3,0
2022-03-23,4,0
2022-03-23,5,12
2022-03-23,6,31
2022-03-23,7,71
2022-03-23,8,155
2022-03-23,9,159
2022-03-23,10,118
2022-03-23,11,114
2022-03-23,12,127
2022-03-23,13,115
2022-03-23,14,124
2022-03-23,15,101
2022-03-23,16,104
2022-03-23,17,97
2022-03-23,18,127
2022-03-23,19,104
2022-03-23,20,84
2022-03-23,21,57
2022-03-23,22,48
2022-03-23,23,35
2022-03-24,0,17
2022-03-24,1,8
2022-03-24,2,0
2022-03-24,3,0
2022-03-24,4,0
2022-03-24,5,12
2022-03-24,6,25
2022-03-24,7,70
2022-03-24,8,159
2022-03-24,9,181
2022-03-24,10,124
2022-03-24,11,128
2022-03-24,12,115
2022-03-24,13,120
2022-03-24,14,128
2022-03-24,15,110
2022-03-24,16,127
2022-03-24,17,102
2022-03-24,18,120
2022-03-24,19,106
2022-03-24,20,88
2022-03-24,21,74
2022-03-24,22,48
2022-03-24,23,44
2022-03-25,0,16
2022-03-25,1,12
2022-03-25,2,4
2022-03-25,3,0
2022-03-25,4,4
2022-03-25,5,12
2022-03-25,6,31
2022-03-25,7,66
2022-03-25,8,163
2022-03-25,9,167
2022-03-25,10,137
2022-03-25,11,146
2022-03-25,12,137
2022-03-25,13,150
2022-03-25,14,116
2022-03-25,15,137
2022-03-25,16,132
2022-03-25,17,146
2022-03-25,18,141
2022-03-25,19,137
2022-03-25,20,101
2022-03-25,21,83
2022-03-25,22,57
2022-03-25,23,48
2022-03-26,0,40
2022-03-26,1,26
2022-03-26,2,31
2022-03-26,3,16
2022-03-26,4,8
2022-03-26,5,12
2022-03-26,6,9
2022-03-26,7,36
2022-03-26,8,70
2022-03-26,9,84
2022-03-26,10,123
2022-03-26,11,128
2022-03-26,12,146
2022-03-26,13,141
2022-03-26,14,135
2022-03-26,15,137
2022-03-26,16,128
2022-03-26,17,109
2022-03-26,18,111
2022-03-26,19,118
2022-03-26,20,102
2022-03-26,21,63
2022-03-26,22,58
2022-03-26,23,57
2022-03-27,0,27
2022-03-27,1,26
2022-03-27,2,16
2022-03-27,3,16
2022-03-27,4,16
2022-03-27,5,12
2022-03-27,6,16
2022-03-27,7,31
2022-03-27,8,45
2022-03-27,9,80
2022-03-27,10,93
2022-03-27,11,101
2022-03-27,12,123
2022-03-27,13,115
2022-03-27,14,114
2022-03-27,15,105
2022-03-27,16,119
2022-03-27,17,110
2022-03-27,18,92
2022-03-27,19,79
2022-03-27,20,62
2022-03-27,21,48
2022-03-27,22,31
2022-03-27,23,16
2022-03-28,0,9
2022-03-28,1,4
2022-03-28,2,4
2022-03-28,3,4
2022-03-28,4,12
2022-03-28,5,21
2022-03-28,6,71
2022-03-28,7,176
2022-03-28,8,163
2022-03-28,9,118
2022-03-28,10,128
2022-03-28,11,132
2022-03-28,12,127
2022-03-28,13,101
2022-03-28,14,110
2022-03-28,15,115
2022-03-28,16,115
2022-03-28,17,111
2022-03-28,18,101
2022-03-28,19,76
2022-03-28,20,72
2022-03-28,21,44
2022-03-28,22,25
2022-03-28,23,21
2022-03-29,0,30
2022-03-29,1,0
2022-03-29,2,0
2022-03-29,3,4
2022-03-29,4,4
2022-03-29,5,26
2022-03-29,6,75
2022-03-29,7,142
2022-03-29,8,154
2022-03-29,9,132
2022-03-29,10,123
2022-03-29,11,110
2022-03-29,12,128
2022-03-29,13,115
2022-03-29,14,119
2022-03-29,15,102
2022-03-29,16,123
2022-03-29,17,137
2022-03-29,18,104
2022-03-29,19,80
2022-03-29,20,58
2022-03-29,21,53
2022-03-29,22,31
2022-03-29,23,35
2022-03-30,0,26
2022-03-30,1,0
2022-03-30,2,0
2022-03-30,3,4
2022-03-30,4,8
2022-03-30,5,36
2022-03-30,6,67
2022-03-30,7,150
2022-03-30,8,176
2022-03-30,9,132
2022-03-30,10,109
2022-03-30,11,132
2022-03-30,12,145
2022-03-30,13,118
2022-03-30,14,115
2022-03-30,15,104
2022-03-30,16,115
2022-03-30,17,128
2022-03-30,18,92
2022-03-30,19,84
2022-03-30,20,72
2022-03-30,21,44
2022-03-30,22,35
2022-03-30,23,12
2022-03-31,0,4
2022-03-31,1,0
2022-03-31,2,0
2022-03-31,3,0
2022-03-31,4,14
2022-03-31,5,30
2022-03-31,6,66
2022-03-31,7,150
2022-03-31,8,189
2022-03-31,9,119
2022-03-31,10,124
2022-03-31,11,128
2022-03-31,12,118
2022-03-31,13,127
2022-03-31,14,123
2022-03-31,15,146
2022-03-31,16,110
2022-03-31,17,142
2022-03-31,18,111
2022-03-31,19,88
2022-03-31,20,66
2022-03-31,21,53
2022-03-31,22,40
2022-03-31,23,12
2022-04-01,0,8
2022-04-01,1,8
2022-04-01,2,0
2022-04-01,3,4
2022-04-01,4,4
2022-04-01,5,21
2022-04-01,6,66
2022-04-01,7,158
2022-04-01,8,180
2022-04-01,9,145
2022-04-01,10,123
2022-04-01,11,142
2022-04-01,12,141
2022-04-01,13,114
2022-04-01,14,158
2022-04-01,15,141
2022-04-01,16,133
2022-04-01,17,141
2022-04-01,18,123
2022-04-01,19,107
2022-04-01,20,80
2022-04-01,21,54
2022-04-01,22,57
2022-04-01,23,57
2022-04-02,0,21
2022-04-02,1,25
2022-04-02,2,8
2022-04-02,3,16
2022-04-02,4,12
2022-04-02,5,4
2022-04-02,6,40
2022-04-02,7,61
2022-04-02,8,84
2022-04-02,9,123
2022-04-02,10,124
2022-04-02,11,146
2022-04-02,12,133
2022-04-02,13,149
2022-04-02,14,142
2022-04-02,15,129
2022-04-02,16,118
2022-04-02,17,125
2022-04-02,18,111
2022-04-02,19,101
2022-04-02,20,62
2022-04-02,21,52
2022-04-02,22,52
2022-04-02,23,31
2022-04-03,0,40
2022-04-03,1,21
2022-04-03,2,16
2022-04-03,3,16
2022-04-03,4,4
2022-04-03,5,8
2022-04-03,6,16
2022-04-03,7,26
2022-04-03,8,57
2022-04-03,9,93
2022-04-03,10,100
2022-04-03,11,84
2022-04-03,12,90
2022-04-03,13,88
2022-04-03,14,105
2022-04-03,15,106
2022-04-03,16,115
2022-04-03,17,111
2022-04-03,18,84
2022-04-03,19,67
2022-04-03,20,58
2022-04-03,21,44
2022-04-03,22,21
2022-04-03,23,21
2022-04-04,0,8
2022-04-04,1,4
2022-04-04,2,4
2022-04-04,3,8
2022-04-04,4,8
2022-04-04,5,21
2022-04-04,6,49
2022-04-04,7,150
2022-04-04,8,137
2022-04-04,9,106
2022-04-04,10,109
2022-04-04,11,109
2022-04-04,12,110
2022-04-04,13,119
2022-04-04,14,123
2022-04-04,15,114
2022-04-04,16,110
2022-04-04,17,105
2022-04-04,18,92
2022-04-04,19,66
2022-04-04,20,62
2022-04-04,21,44
2022-04-04,22,21
2022-04-04,23,12
2022-04-05,0,26
2022-04-05,1,0
2022-04-05,2,0
2022-04-05,3,0
2022-04-05,4,8
2022-04-05,5,31
2022-04-05,6,66
2022-04-05,7,154
2022-04-05,8,131
2022-04-05,9,123
2022-04-05,10,137
2022-04-05,11,106
2022-04-05,12,118
2022-04-05,13,118
2022-04-05,14,114
2022-04-05,15,96
2022-04-05,16,132
2022-04-05,17,122
2022-04-05,18,101
2022-04-05,19,84
2022-04-05,20,53
2022-04-05,21,49
2022-04-05,22,28
2022-04-05,23,26
2022-04-06,0,26
2022-04-06,1,0
2022-04-06,2,0
2022-04-06,3,0
2022-04-06,4,12
2022-04-06,5,26
2022-04-06,6,67
2022-04-06,7,150
2022-04-06,8,154
2022-04-06,9,110
2022-04-06,10,109
2022-04-06,11,118
2022-04-06,12,128
2022-04-06,13,122
2022-04-06,14,106
2022-04-06,15,105
2022-04-06,16,110
2022-04-06,17,119
2022-04-06,18,101
2022-04-06,19,66
2022-04-06,20,57
2022-04-06,21,40
2022-04-06,22,35
2022-04-06,23,8
2022-04-07,0,4
2022-04-07,1,0
2022-04-07,2,0
2022-04-07,3,4
2022-04-07,4,12
2022-04-07,5,26
2022-04-07,6,62
2022-04-07,7,163
2022-04-07,8,159
2022-04-07,9,101
2022-04-07,10,118
2022-04-07,11,124
2022-04-07,12,119
2022-04-07,13,110
2022-04-07,14,110
2022-04-07,15,128
2022-04-07,16,105
2022-04-07,17,115
2022-04-07,18,101
2022-04-07,19,84
2022-04-07,20,62
2022-04-07,21,44
2022-04-07,22,39
2022-04-07,23,12
2022-04-08,0,4
2022-04-08,1,0
2022-04-08,2,0
2022-04-08,3,4
2022-04-08,4,14
2022-04-08,5,26
2022-04-08,6,74
2022-04-08,7,145
2022-04-08,8,132
2022-04-08,9,123
2022-04-08,10,119
2022-04-08,11,128
2022-04-08,12,141
2022-04-08,13,115
2022-04-08,14,140
2022-04-11,7,155
2022-04-11,8,136
2022-04-11,9,110
2022-04-11,10,123
2022-04-11,11,136
2022-04-11,12,111
2022-04-11,13,84
2022-04-11,14,123
2022-04-11,15,109
2022-04-11,16,115
2022-04-11,17,114
2022-04-11,18,92
2022-04-11,19,76
2022-04-11,20,66
2022-04-11,21,40
2022-04-11,22,30
2022-04-11,23,16
2022-04-12,0,26
2022-04-12,1,0
2022-04-12,2,0
2022-04-12,3,4
2022-04-12,4,12
2022-04-12,5,35
2022-04-12,6,75
2022-04-12,7,150
2022-04-12,8,136
2022-04-12,9,114
2022-04-12,10,124
2022-04-12,11,111
2022-04-12,12,115
2022-04-12,13,123
2022-04-12,14,125
2022-04-12,15,106
2022-04-12,16,128
2022-04-12,17,141
2022-04-12,18,107
2022-04-12,19,75
2022-04-12,20,53
2022-04-12,21,61
2022-04-12,22,35
2022-04-12,23,17
2022-04-13,0,22
2022-04-13,1,0
2022-04-13,2,0
2022-04-13,3,0
2022-04-13,4,8
2022-04-13,5,26
2022-04-13,6,70
2022-04-13,7,145
2022-04-13,8,150
2022-04-13,9,114
2022-04-13,10,109
2022-04-13,11,128
2022-04-13,12,124
2022-04-13,13,109
2022-04-13,14,111
2022-04-13,15,114
2022-04-13,16,122
2022-04-13,17,128
2022-04-13,18,105
2022-04-13,19,76
2022-04-13,20,71
2022-04-13,21,48
2022-04-13,22,40
2022-04-13,23,12
2022-04-14,0,8
2022-04-14,1,4
2022-04-14,2,4
2022-04-14,3,0
2022-04-14,4,16
2022-04-14,5,21
2022-04-14,6,75
2022-04-14,7,155
2022-04-14,8,146
2022-04-14,9,124
2022-04-14,10,124
2022-04-14,11,132
2022-04-14,12,136
2022-04-14,13,132
2022-04-14,14,124
2022-04-14,15,132
2022-04-14,16,127
2022-04-14,17,128
2022-04-14,18,114
2022-04-14,19,88
2022-04-14,20,53
2022-04-14,21,48
2022-04-14,22,46
2022-04-14,23,21
2022-04-15,0,12
2022-04-15,1,8
2022-04-15,2,0
2022-04-15,3,8
2022-04-15,4,12
2022-04-15,5,26
2022-04-15,6,57
2022-04-15,7,123
2022-04-15,8,115
2022-04-15,9,124
2022-04-15,10,114
2022-04-15,11,120
2022-04-15,12,136
2022-04-15,13,123
2022-04-15,14,132
2022-04-15,15,119
2022-04-15,16,104
2022-04-15,17,141
2022-04-15,18,119
2022-04-15,19,101
2022-04-15,20,80
2022-04-15,21,57
2022-04-15,22,57
2022-04-15,23,45
2022-04-16,0,26
2022-04-16,1,25
2022-04-16,2,16
2022-04-16,3,8
2022-04-16,4,8
2022-04-16,5,8
2022-04-16,6,31
2022-04-16,7,57
2022-04-16,8,80
2022-04-16,9,119
2022-04-16,10,105
2022-04-16,11,159
2022-04-16,12,139
2022-04-16,13,146
2022-04-16,14,118
2022-04-16,15,128
2022-04-16,16,110
2022-04-16,17,118
2022-04-16,18,100
2022-04-16,19,100
2022-04-16,20,58
2022-04-16,21,53
2022-04-16,22,48
2022-04-16,23,26
2022-04-17,0,45
2022-04-17,1,16
2022-04-17,2,16
2022-04-17,3,12
2022-04-17,4,10
2022-04-17,5,0
2022-04-17,6,21
2022-04-17,7,26
2022-04-17,8,49
2022-04-17,9,72
2022-04-17,10,93
2022-04-17,11,97
2022-04-17,12,109
2022-04-17,13,76
2022-04-17,14,66
2022-04-17,15,80
2022-04-17,16,105
2022-04-17,17,109
2022-04-17,18,93
2022-04-17,19,71
2022-04-17,20,49
2022-04-17,21,54
2022-04-17,22,36
2022-04-17,23,16
2022-04-18,0,13
2022-04-18,1,8
2022-04-18,2,8
2022-04-18,3,12
2022-04-18,4,16
2022-04-18,5,16
2022-04-18,6,39
2022-04-18,7,88
2022-04-18,8,88
2022-04-18,9,75
2022-04-18,10,88
2022-04-18,11,92
2022-04-18,12,100
2022-04-18,13,102
2022-04-18,14,106
2022-04-18,15,92
2022-04-18,16,92
2022-04-18,17,101
2022-04-18,18,88
2022-04-18,19,71
2022-04-18,20,57
2022-04-18,21,44
2022-04-18,22,21
2022-04-18,23,16
2022-04-19,0,26
2022-04-19,1,8
2022-04-19,2,0
2022-04-19,3,4
2022-04-19,4,12
2022-04-19,5,31
2022-04-19,6,80
2022-04-19,7,158
2022-04-19,8,155
2022-04-19,9,140
2022-04-19,10,120
2022-04-19,11,115
2022-04-19,12,128
2022-04-19,13,104
2022-04-19,14,115
2022-04-19,15,109
2022-04-19,16,124
2022-04-19,17,133
2022-04-19,18,105
2022-04-19,19,79
2022-04-19,20,49
2022-04-19,21,53
2022-04-19,22,36
2022-04-19,23,21
2022-04-20,0,30
2022-04-20,1,0
2022-04-20,2,0
2022-04-20,3,0
2022-04-20,4,8
2022-04-20,5,31
2022-04-20,6,66
2022-04-20,7,150
2022-04-20,8,163
2022-04-20,9,118
2022-04-20,10,109
2022-04-20,11,141
2022-04-20,12,132
2022-04-20,13,109
2022-04-20,14,110
2022-04-20,15,109
2022-04-20,16,119
2022-04-20,17,128
2022-04-20,18,88
2022-04-20,19,80
2022-04-20,20,62
2022-04-20,21,44
2022-04-20,22,40
2022-04-20,23,16
2022-04-21,0,12
2022-04-21,1,0
2022-04-21,2,0
2022-04-21,3,0
2022-04-21,4,12
2022-04-21,5,26
2022-04-21,6,66
2022-04-21,7,167
2022-04-21,8,167
2022-04-21,9,123
2022-04-21,10,118
2022-04-21,11,128
2022-04-21,12,128
2022-04-21,13,127
2022-04-21,14,117
2022-04-21,15,132
2022-04-21,16,115
2022-04-21,17,128
2022-04-21,18,101
2022-04-21,19,92
2022-04-21,20,62
2022-04-21,21,52
2022-04-21,22,40
2022-04-21,23,21
2022-04-22,0,4
2022-04-22,1,4
2022-04-22,2,0
2022-04-22,3,4
2022-04-22,4,16
2022-04-22,5,21
2022-04-22,6,70
2022-04-22,7,171
2022-04-22,8,172
2022-04-22,9,141
2022-04-22,10,128
2022-04-22,11,124
2022-04-22,12,146
2022-04-22,13,120
2022-04-22,14,159
2022-04-22,15,138
2022-04-22,16,141
2022-04-22,17,136
2022-04-22,18,120
2022-04-22,19,106
2022-04-22,20,97
2022-04-22,21,49
2022-04-22,22,62
2022-04-22,23,44
2022-04-23,0,21
2022-04-23,1,21
2022-04-23,2,16
2022-04-23,3,16
2022-04-23,4,8
2022-04-23,5,12
2022-04-23,6,26
2022-04-23,7,57
2022-04-23,8,80
2022-04-23,9,122
2022-04-23,10,119
2022-04-23,11,141
2022-04-23,12,141
2022-04-23,13,119
2022-04-23,14,119
2022-04-23,15,128
2022-04-23,16,114
2022-04-23,17,111
2022-04-23,18,115
2022-04-23,19,96
2022-04-23,20,53
2022-04-23,21,52
2022-04-23,22,57
2022-04-23,23,35
2022-04-24,0,39
2022-04-24,1,16
2022-04-24,2,16
2022-04-24,3,16
2022-04-24,4,6
2022-04-24,5,4
2022-04-24,6,16
2022-04-24,7,31
2022-04-24,8,57
2022-04-24,9,76
2022-04-24,10,96
2022-04-24,11,101
2022-04-24,12,105
2022-04-24,13,110
2022-04-24,14,97
2022-04-24,15,100
2022-04-24,16,106
2022-04-24,17,106
2022-04-24,18,89
2022-04-24,19,80
2022-04-24,20,53
2022-04-24,21,53
2022-04-24,22,31
2022-04-24,23,16
2022-04-25,0,13
2022-04-25,1,8
2022-04-25,2,4
2022-04-25,3,4
2022-04-25,4,16
2022-04-25,5,21
2022-04-25,6,61
2022-04-25,7,166
2022-04-25,8,155
2022-04-25,9,127
2022-04-25,10,128
2022-04-25,11,119
2022-04-25,12,115
2022-04-25,13,109
2022-04-25,14,128
2022-04-25,15,127
2022-04-25,16,123
2022-04-25,17,111
2022-04-25,18,101
2022-04-25,19,80
2022-04-25,20,62
2022-04-25,21,40
2022-04-25,22,26
2022-04-25,23,13
2022-04-26,0,18
2022-04-26,1,0
2022-04-26,2,0
2022-04-26,3,4
2022-04-26,4,8
2022-04-26,5,31
2022-04-26,6,66
2022-04-26,7,163
2022-04-26,8,156
2022-04-26,9,132
2022-04-26,10,134
2022-04-26,11,120
2022-04-26,12,136
2022-04-26,13,118
2022-04-26,14,106
2022-04-26,15,106
2022-04-26,16,119
2022-04-26,17,137
2022-04-26,18,105
2022-04-26,19,84
2022-04-26,20,44
2022-04-26,21,53
2022-04-26,22,31
2022-04-26,23,17
2022-04-27,0,26
2022-04-27,1,0
2022-04-27,2,0
2022-04-27,3,4
2022-04-27,4,10
2022-04-27,5,26
2022-04-27,6,79
2022-04-27,7,164
2022-04-27,8,177
2022-04-27,9,137
2022-04-27,10,123
2022-04-27,11,128
2022-04-27,12,123
2022-04-27,13,123
2022-04-27,14,110
2022-04-27,15,110
2022-04-27,16,115
2022-04-27,17,128
2022-04-27,18,100
2022-04-27,19,80
2022-04-27,20,67
2022-04-27,21,52
2022-04-27,22,35
2022-04-27,23,16
2022-04-28,0,12
2022-04-28,1,0
2022-04-28,2,4
2022-04-28,3,0
2022-04-28,4,16
2022-04-28,5,35
2022-04-28,6,83
2022-04-28,7,164
2022-04-28,8,176
2022-04-28,9,119
2022-04-28,10,119
2022-04-28,11,132
2022-04-28,12,136
2022-04-28,13,123
2022-04-28,14,110
2022-04-28,15,137
2022-04-28,16,114
2022-04-28,17,129
2022-04-28,18,110
2022-04-28,19,80
2022-04-28,20,66
2022-04-28,21,52
2022-04-28,22,36
2022-04-28,23,21
2022-04-29,0,12
2022-04-29,1,0
2022-04-29,2,0
2022-04-29,3,4
2022-04-29,4,16
2022-04-29,5,36
2022-04-29,6,78
2022-04-29,7,171
2022-04-29,8,163
2022-04-29,9,137
2022-04-29,10,133
2022-04-29,11,123
2022-04-29,12,145
2022-04-29,13,115
2022-04-29,14,145
2022-04-29,15,136
2022-04-29,16,150
2022-04-29,17,163
2022-04-29,18,119
2022-04-29,19,101
2022-04-29,20,88
2022-04-29,21,53
2022-04-29,22,53
2022-04-29,23,40
2022-04-30,0,16
2022-04-30,1,25
2022-04-30,2,16
2022-04-30,3,16
2022-04-30,4,12
2022-04-30,5,8
2022-04-30,6,35
2022-04-30,7,61
2022-04-30,8,84
2022-04-30,9,119
2022-04-30,10,136
2022-04-30,11,142
2022-04-30,12,150
2022-04-30,13,154
2022-04-30,14,145
2022-04-30,15,128
2022-04-30,16,114
2022-04-30,17,132
2022-04-30,18,114
2022-04-30,19,97
2022-04-30,20,63
2022-04-30,21,53
2022-04-30,22,65
2022-04-30,23,27
2022-05-01,0,40
2022-05-01,1,16
2022-05-01,2,16
2022-05-01,3,16
2022-05-01,4,12
2022-05-01,5,8
2022-05-01,6,16
2022-05-01,7,35
2022-05-01,8,62
2022-05-01,9,114
2022-05-01,10,167
2022-05-01,11,84
2022-05-01,12,84
2022-05-01,13,92
2022-05-01,14,110
2022-05-01,15,101
2022-05-01,16,109
2022-05-01,17,110
2022-05-01,18,92
2022-05-01,19,80
2022-05-01,20,53
2022-05-01,21,48
2022-05-01,22,31
2022-05-01,23,21
2022-05-02,0,17
2022-05-02,1,12
2022-05-02,2,8
2022-05-02,3,17
2022-05-02,4,12
2022-05-02,5,16
2022-05-02,6,39
2022-05-02,7,110
2022-05-02,8,97
2022-05-02,9,88
2022-05-02,10,101
2022-05-02,11,105
2022-05-02,12,105
2022-05-02,13,109
2022-05-02,14,105
2022-05-02,15,109
2022-05-02,16,100
2022-05-02,17,92
2022-05-02,18,88
2022-05-02,19,76
2022-05-02,20,58
2022-05-02,21,41
2022-05-02,22,18
2022-05-02,23,8
2022-05-03,0,22
2022-05-03,1,0
2022-05-03,2,0
2022-05-03,3,0
2022-05-03,4,12
2022-05-03,5,26
2022-05-03,6,70
2022-05-03,7,160
2022-05-03,8,163
2022-05-03,9,123
2022-05-03,10,136
2022-05-03,11,119
2022-05-03,12,132
2022-05-03,13,109
2022-05-03,14,106
2022-05-03,15,100
2022-05-03,16,137
2022-05-03,17,145
2022-05-03,18,109
2022-05-03,19,80
2022-05-03,20,62
2022-05-03,21,62
2022-05-03,22,31
2022-05-03,23,21
2022-05-04,0,26
2022-05-04,1,0
2022-05-04,2,0
2022-05-04,3,4
2022-05-04,4,8
2022-05-04,5,31
2022-05-04,6,75
2022-05-04,7,163
2022-05-04,8,158
2022-05-04,9,132
2022-05-04,10,132
2022-05-04,11,128
2022-05-04,12,132
2022-05-04,13,136
2022-05-04,14,106
2022-05-04,15,96
2022-05-04,16,125
2022-05-04,17,132
2022-05-04,18,105
2022-05-04,19,80
2022-05-04,20,62
2022-05-04,21,44
2022-05-04,22,35
2022-05-04,23,12
2022-05-05,0,8
2022-05-05,1,0
2022-05-05,2,0
2022-05-05,3,4
2022-05-05,4,12
2022-05-05,5,35
2022-05-05,6,80
2022-05-05,7,167
2022-05-05,8,158
2022-05-05,9,119
2022-05-05,10,122
2022-05-05,11,123
2022-05-05,12,120
2022-05-05,13,128
2022-05-05,14,129
2022-05-05,15,137
2022-05-05,16,106
2022-05-05,17,123
2022-05-05,18,114
2022-05-05,19,80
2022-05-05,20,58
2022-05-05,21,57
2022-05-05,22,53
2022-05-05,23,21
2022-05-06,0,12
2022-05-06,1,0
2022-05-06,2,4
2022-05-06,3,8
2022-05-06,4,12
2022-05-06,5,31
2022-05-06,6,78
2022-05-06,7,167
2022-05-06,8,168
2022-05-06,9,145
2022-05-06,10,129
2022-05-06,11,128
2022-05-06,12,138
2022-05-06,13,123
2022-05-06,14,137
2022-05-06,15,124
2022-05-06,16,137
2022-05-06,17,136
2022-05-06,18,138
2022-05-06,19,97
2022-05-06,20,88
2022-05-06,21,61
2022-05-06,22,67
2022-05-06,23,48
2022-05-07,0,36
2022-05-07,1,25
2022-05-07,2,16
2022-05-07,3,12
2022-05-07,4,12
2022-05-07,5,8
2022-05-07,6,30
2022-05-07,7,66
2022-05-07,8,84
2022-05-07,9,123
2022-05-07,10,176
2022-05-07,11,164
2022-05-07,12,132
2022-05-07,13,163
2022-05-07,14,168
2022-05-07,15,128
2022-05-07,16,127
2022-05-07,17,128
2022-05-07,18,118
2022-05-07,19,93
2022-05-07,20,71
2022-05-07,21,53
2022-05-07,22,62
2022-05-07,23,31
2022-05-08,0,63
2022-05-08,1,16
2022-05-08,2,16
2022-05-08,3,16
2022-05-08,4,16
2022-05-08,5,0
2022-05-08,6,16
2022-05-08,7,31
2022-05-08,8,49
2022-05-08,9,79
2022-05-08,10,84
2022-05-08,11,119
2022-05-08,12,115
2022-05-08,13,128
2022-05-08,14,105
2022-05-08,15,106
2022-05-08,16,96
2022-05-08,17,120
2022-05-08,18,84
2022-05-08,19,71
2022-05-08,20,53
2022-05-08,21,44
2022-05-08,22,36
2022-05-08,23,21
2022-05-09,0,17
2022-05-09,1,8
2022-05-09,2,4
2022-05-09,3,8
2022-05-09,4,12
2022-05-09,5,26
2022-05-09,6,57
2022-05-09,7,189
2022-05-09,8,177
2022-05-09,9,132
2022-05-09,10,118
2022-05-09,11,127
2022-05-09,12,123
2022-05-09,13,123
2022-05-09,14,132
2022-05-09,15,119
2022-05-09,16,132
2022-05-09,17,124
2022-05-09,18,101
2022-05-09,19,80
2022-05-09,20,62
2022-05-09,21,45
2022-05-09,22,35
2022-05-09,23,16
2022-05-10,0,26
2022-05-10,1,0
2022-05-10,2,0
2022-05-10,3,4
2022-05-10,4,17
2022-05-10,5,30
2022-05-10,6,79
2022-05-10,7,163
2022-05-10,8,173
2022-05-10,9,145
2022-05-10,10,140
2022-05-10,11,115
2022-05-10,12,124
2022-05-10,13,114
2022-05-10,14,120
2022-05-10,15,123
2022-05-10,16,132
2022-05-10,17,137
2022-05-10,18,109
2022-05-10,19,76
2022-05-10,20,62
2022-05-10,21,53
2022-05-10,22,36
2022-05-10,23,30
2022-05-11,0,26
2022-05-11,1,0
2022-05-11,2,0
2022-05-11,3,0
2022-05-11,4,12
2022-05-11,5,26
2022-05-11,6,83
2022-05-11,7,163
2022-05-11,8,154
2022-05-11,9,125
2022-05-11,10,118
2022-05-11,11,141
2022-05-11,12,146
2022-05-11,13,120
2022-05-11,14,112
2022-05-11,15,116
2022-05-11,16,115
2022-05-11,17,144
2022-05-11,18,92
2022-05-11,19,84
2022-05-11,20,57
2022-05-11,21,57
2022-05-11,22,40
2022-05-11,23,16
2022-05-12,0,12
2022-05-12,1,4
2022-05-12,2,4
2022-05-12,3,4
2022-05-12,4,16
2022-05-12,5,31
2022-05-12,6,75
2022-05-12,7,181
2022-05-12,8,177
2022-05-12,9,136
2022-05-12,10,123
2022-05-12,11,124
2022-05-12,12,128
2022-05-12,13,120
2022-05-12,14,102
2022-05-12,15,133
2022-05-12,16,133
2022-05-12,17,133
2022-05-12,18,115
2022-05-12,19,100
2022-05-12,20,66
2022-05-12,21,40
2022-05-12,22,40
2022-05-12,23,21
2022-05-13,0,12
2022-05-13,1,0
2022-05-13,2,0
2022-05-13,3,4
2022-05-13,4,12
2022-05-13,5,31
2022-05-13,6,79
2022-05-13,7,171
2022-05-13,8,150
2022-05-13,9,140
2022-05-13,10,133
2022-05-13,11,137
2022-05-13,12,137
2022-05-13,13,115
2022-05-13,14,137
2022-05-13,15,141
2022-05-13,16,145
2022-05-13,17,141
2022-05-13,18,129
2022-05-13,19,92
2022-05-13,20,88
2022-05-13,21,53
2022-05-13,22,53
2022-05-13,23,48
2022-05-14,0,26
2022-05-14,1,25
2022-05-14,2,12
2022-05-14,3,16
2022-05-14,4,12
2022-05-14,5,8
2022-05-14,6,36
2022-05-14,7,70
2022-05-14,8,93
2022-05-14,9,137
2022-05-14,10,128
2022-05-14,11,128
2022-05-14,12,115
2022-05-14,13,110
2022-05-14,14,136
2022-05-14,15,154
2022-05-14,16,133
2022-05-14,17,132
2022-05-14,18,120
2022-05-14,19,97
2022-05-14,20,72
2022-05-14,21,54
2022-05-14,22,52
2022-05-14,23,36
2022-05-15,0,44
2022-05-15,1,16
2022-05-15,2,16
2022-05-15,3,16
2022-05-15,4,4
2022-05-15,5,4
2022-05-15,6,16
2022-05-15,7,26
2022-05-15,8,61
2022-05-15,9,92
2022-05-15,10,105
2022-05-15,11,137
2022-05-15,12,147
2022-05-15,13,142
2022-05-15,14,114
2022-05-15,15,110
2022-05-15,16,119
2022-05-15,17,111
2022-05-15,18,97
2022-05-15,19,75
2022-05-15,20,52
2022-05-15,21,44
2022-05-15,22,26
2022-05-15,23,21
2022-05-16,0,8
2022-05-16,1,4
2022-05-16,2,4
2022-05-16,3,4
2022-05-16,4,12
2022-05-16,5,21
2022-05-16,6,66
2022-05-16,7,198
2022-05-16,8,203
2022-05-16,9,168
2022-05-16,10,154
2022-05-16,11,171
2022-05-16,12,153
2022-05-16,13,145
2022-05-16,14,177
2022-05-16,15,137
2022-05-16,16,133
2022-05-16,17,110
2022-05-16,18,97
2022-05-16,19,75
2022-05-16,20,71
2022-05-16,21,45
2022-05-16,22,25
2022-05-16,23,12
2022-05-17,0,26
2022-05-17,1,0
2022-05-17,2,0
2022-05-17,3,4
2022-05-17,4,12
2022-05-17,5,31
2022-05-17,6,79
2022-05-17,7,177
2022-05-17,8,182
2022-05-17,9,162
2022-05-17,10,163
2022-05-17,11,151
2022-05-17,12,142
2022-05-17,13,142
2022-05-17,14,137
2022-05-17,15,110
2022-05-17,16,123
2022-05-17,17,133
2022-05-17,18,110
2022-05-17,19,80
2022-05-17,20,54
2022-05-17,21,58
2022-05-17,22,31
2022-05-17,23,26
2022-05-18,0,26
2022-05-18,1,0
2022-05-18,2,0
2022-05-18,3,0
2022-05-18,4,8
2022-05-18,5,26
2022-05-18,6,75
2022-05-18,7,185
2022-05-18,8,212
2022-05-18,9,154
2022-05-18,10,133
2022-05-18,11,142
2022-05-18,12,163
2022-05-18,13,146
2022-05-18,14,129
2022-05-18,15,119
2022-05-18,16,114
2022-05-18,17,127
2022-05-18,18,105
2022-05-18,19,71
2022-05-18,20,57
2022-05-18,21,44
2022-05-18,22,53
2022-05-18,23,17
2022-05-19,0,12
2022-05-19,1,0
2022-05-19,2,4
2022-05-19,3,4
2022-05-19,4,16
2022-05-19,5,26
2022-05-19,6,62
2022-05-19,7,176
2022-05-19,8,207
2022-05-19,9,127
2022-05-19,10,146
2022-05-19,11,132
2022-05-19,12,132
2022-05-19,13,128
2022-05-19,14,119
2022-05-19,15,133
2022-05-19,16,106
2022-05-19,17,120
2022-05-19,18,106
2022-05-19,19,84
2022-05-19,20,62
2022-05-19,21,44
2022-05-19,22,44
2022-05-19,23,30
2022-05-20,0,8
2022-05-20,1,4
2022-05-20,2,0
2022-05-20,3,8
2022-05-20,4,12
2022-05-20,5,26
2022-05-20,6,78
2022-05-20,7,154
2022-05-20,8,154
2022-05-20,9,132
2022-05-20,10,124
2022-05-20,11,149
2022-05-20,12,132
2022-05-20,13,116
2022-05-20,14,154
2022-05-20,15,137
2022-05-20,16,133
2022-05-20,17,146
2022-05-20,18,119
2022-05-20,19,96
2022-05-20,20,88
2022-05-20,21,58
2022-05-20,22,57
2022-05-20,23,40
2022-05-21,0,31
2022-05-21,1,26
2022-05-21,2,12
2022-05-21,3,16
2022-05-21,4,12
2022-05-21,5,12
2022-05-21,6,26
2022-05-21,7,61
2022-05-21,8,84
2022-05-21,9,106
2022-05-21,10,114
2022-05-21,11,146
2022-05-21,12,164
2022-05-21,13,145
2022-05-21,14,119
2022-05-21,15,110
2022-05-21,16,105
2022-05-21,17,123
2022-05-21,18,110
2022-05-21,19,106
2022-05-21,20,67
2022-05-21,21,53
2022-05-21,22,53
2022-05-21,23,31
2022-05-22,0,49
2022-05-22,1,16
2022-05-22,2,16
2022-05-22,3,16
2022-05-22,4,8
2022-05-22,5,8
2022-05-22,6,16
2022-05-22,7,21
2022-05-22,8,45
2022-05-22,9,76
2022-05-22,10,84
2022-05-22,11,114
2022-05-22,12,114
2022-05-22,13,114
2022-05-22,14,119
2022-05-22,15,101
2022-05-22,16,97
2022-05-22,17,105
2022-05-22,18,93
2022-05-22,19,76
2022-05-22,20,53
2022-05-22,21,44
2022-05-22,22,40
2022-05-22,23,16
2022-05-23,0,17
2022-05-23,1,0
2022-05-23,2,0
2022-05-23,3,4
2022-05-23,4,16
2022-05-23,5,26
2022-05-23,6,62
2022-05-23,7,172
2022-05-23,8,158
2022-05-23,9,128
2022-05-23,10,110
2022-05-23,11,114
2022-05-23,12,115
2022-05-23,13,109
2022-05-23,14,119
2022-05-23,15,128
2022-05-23,16,123
2022-05-23,17,124
2022-05-23,18,93
2022-05-23,19,71
2022-05-23,20,67
2022-05-23,21,49
2022-05-23,22,25
2022-05-23,23,16
2022-05-24,0,22
2022-05-24,1,0
2022-05-24,13,117
2022-05-24,14,110
2022-05-24,15,111
2022-05-24,16,118
2022-05-24,17,131
2022-05-24,18,109
2022-05-24,19,84
2022-05-24,20,57
2022-05-24,21,61
2022-05-24,22,31
2022-05-24,23,26
2022-05-25,0,26
2022-05-25,1,0
2022-05-25,2,0
2022-05-25,3,4
2022-05-25,4,4
2022-05-25,5,26
2022-05-25,6,70
2022-05-25,7,145
2022-05-25,8,172
2022-05-25,9,119
2022-05-25,10,118
2022-05-25,11,137
2022-05-25,12,132
2022-05-25,13,118
2022-05-25,14,111
2022-05-25,15,118
2022-05-25,16,118
2022-05-25,17,155
2022-05-25,18,105
2022-05-25,19,88
2022-05-25,20,72
2022-05-25,21,48
2022-05-25,22,35
2022-05-25,23,16
2022-05-26,0,12
2022-05-26,1,4
2022-05-26,2,0
2022-05-26,3,4
2022-05-26,4,16
2022-05-26,5,35
2022-05-26,6,79
2022-05-26,7,176
2022-05-26,8,177
2022-05-26,9,124
2022-05-26,10,123
2022-05-26,11,127
2022-05-26,12,132
2022-05-26,13,119
2022-05-26,14,115
2022-05-26,15,146
2022-05-26,16,111
2022-05-26,17,137
2022-05-26,18,123
2022-05-26,19,100
2022-05-26,20,66
2022-05-26,21,52
2022-05-26,22,40
2022-05-26,23,21
2022-05-27,0,8
2022-05-27,1,0
2022-05-27,2,0
2022-05-27,3,4
2022-05-27,4,16
2022-05-27,5,26
2022-05-27,6,58
2022-05-27,7,151
2022-05-27,8,125
2022-05-27,9,145
2022-05-27,10,128
2022-05-27,11,137
2022-05-27,12,145
2022-05-27,13,123
2022-05-27,14,141
2022-05-27,15,146
2022-05-27,16,124
2022-05-27,17,140
2022-05-27,18,119
2022-05-27,19,106
2022-05-27,20,88
2022-05-27,21,63
2022-05-27,22,67
2022-05-27,23,53
2022-05-28,0,30
2022-05-28,1,21
2022-05-28,2,16
2022-05-28,3,12
2022-05-28,4,8
2022-05-28,5,16
2022-05-28,6,31
2022-05-28,7,57
2022-05-28,8,76
2022-05-28,9,114
2022-05-28,10,101
2022-05-28,11,128
2022-05-28,12,150
2022-05-28,13,158
2022-05-28,14,128
2022-05-28,15,123
2022-05-28,16,124
2022-05-28,17,133
2022-05-28,18,115
2022-05-28,19,84
2022-05-28,20,53
2022-05-28,21,49
2022-05-28,22,57
2022-05-28,23,27
2022-05-29,0,49
2022-05-29,1,16
2022-05-29,2,21
2022-05-29,3,16
2022-05-29,4,16
2022-05-29,5,4
2022-05-29,6,30
2022-05-29,7,39
2022-05-29,8,49
2022-05-29,9,76
2022-05-29,10,84
2022-05-29,11,101
2022-05-29,12,102
2022-05-29,13,111
2022-05-29,14,119
2022-05-29,15,115
2022-05-29,16,106
2022-05-29,17,110
2022-05-29,18,92
2022-05-29,19,67
2022-05-29,20,53
2022-05-29,21,44
2022-05-29,22,35
2022-05-29,23,25
2022-05-30,0,13
2022-05-30,1,8
2022-05-30,2,4
2022-05-30,3,8
2022-05-30,4,8
2022-05-30,5,21
2022-05-30,6,53
2022-05-30,7,180
2022-05-30,8,163
2022-05-30,9,114
2022-05-30,10,119
2022-05-30,11,123
2022-05-30,12,110
2022-05-30,13,119
2022-05-30,14,131
2022-05-30,15,122
2022-05-30,16,123
2022-05-30,17,118
2022-05-30,18,101
2022-05-30,19,80
2022-05-30,20,70
2022-05-30,21,45
2022-05-30,22,25
2022-05-30,23,21
2022-05-31,0,26
2022-05-31,1,0
2022-05-31,2,9
2022-05-31,3,9
2022-05-31,4,8
2022-05-31,5,31
2022-05-31,6,70
2022-05-31,7,173
2022-05-31,8,168
2022-05-31,9,123
2022-05-31,10,137
2022-05-31,11,123
2022-05-31,12,132
2022-05-31,13,119
2022-05-31,14,132
2022-05-31,15,127
2022-05-31,16,154
2022-05-31,17,159
2022-05-31,18,114
2022-05-31,19,80
2022-05-31,20,62
2022-05-31,21,70
2022-05-31,22,40
2022-05-31,23,30
2022-06-01,0,30
2022-06-01,1,0
2022-06-01,2,0
2022-06-01,3,0
2022-06-01,4,12
2022-06-01,5,26
2022-06-01,6,79
2022-06-01,7,168
2022-06-01,8,173
2022-06-01,9,128
2022-06-01,10,128
2022-06-01,11,137
2022-06-01,12,145
2022-06-01,13,119
2022-06-01,14,128
2022-06-01,15,110
2022-06-01,16,124
2022-06-01,17,132
2022-06-01,18,110
2022-06-01,19,75
2022-06-01,20,61
2022-06-01,21,54
2022-06-01,22,44
2022-06-01,23,16
2022-06-02,0,9
2022-06-02,1,0
2022-06-02,2,4
2022-06-02,3,4
2022-06-02,4,21
2022-06-02,5,26
2022-06-02,6,62
2022-06-02,7,128
2022-06-02,8,137
2022-06-02,9,119
2022-06-02,10,114
2022-06-02,11,150
2022-06-02,12,122
2022-06-02,13,115
2022-06-02,14,116
2022-06-02,15,131
2022-06-02,16,106
2022-06-02,17,133
2022-06-02,18,119
2022-06-02,19,106
2022-06-02,20,79
2022-06-02,21,52
2022-06-02,22,49
2022-06-02,23,21
2022-06-03,0,12
2022-06-03,1,0
2022-06-03,2,4
2022-06-03,3,8
2022-06-03,4,12
2022-06-03,5,31
2022-06-03,6,62
2022-06-03,7,114
2022-06-03,8,110
2022-06-03,9,132
2022-06-03,10,123
2022-06-03,11,133
2022-06-03,12,132
2022-06-03,13,118
2022-06-03,14,146
2022-06-03,15,119
2022-06-03,16,119
2022-06-03,17,142
2022-06-03,18,123
2022-06-03,19,100
2022-06-03,20,84
2022-06-03,21,57
2022-06-03,22,62
2022-06-03,23,48
2022-06-04,0,21
2022-06-04,1,21
2022-06-04,2,16
2022-06-04,3,8
2022-06-04,4,8
2022-06-04,5,13
2022-06-04,6,31
2022-06-04,7,53
2022-06-04,8,75
2022-06-04,9,110
2022-06-04,10,106
2022-06-04,11,137
2022-06-04,12,151
2022-06-04,13,118
2022-06-04,14,136
2022-06-04,15,118
2022-06-04,16,109
2022-06-04,17,117
2022-06-04,18,106
2022-06-04,19,92
2022-06-04,20,71
2022-06-04,21,53
2022-06-04,22,58
2022-06-04,23,35
2022-06-05,0,49
2022-06-05,1,16
2022-06-05,2,16
2022-06-05,3,12
2022-06-05,4,12
2022-06-05,5,12
2022-06-05,6,16
2022-06-05,7,31
2022-06-05,8,49
2022-06-05,9,84
2022-06-05,10,74
2022-06-05,11,104
2022-06-05,12,94
2022-06-05,13,118
2022-06-05,14,96
2022-06-05,15,110
2022-06-05,16,110
2022-06-05,17,119
2022-06-05,18,84
2022-06-05,19,76
2022-06-05,20,67
2022-06-05,21,44
2022-06-05,22,32
2022-06-05,23,16
2022-06-06,0,17
2022-06-06,1,4
2022-06-06,2,4
2022-06-06,3,4
2022-06-06,4,16
2022-06-06,5,21
2022-06-06,6,53
2022-06-06,7,163
2022-06-06,8,159
2022-06-06,9,111
2022-06-06,10,122
2022-06-06,11,118
2022-06-06,12,123
2022-06-06,13,106
2022-06-06,14,124
2022-06-06,15,114
2022-06-06,16,114
2022-06-06,17,111
2022-06-06,18,93
2022-06-06,19,71
2022-06-06,20,71
2022-06-06,21,45
2022-06-06,22,17
2022-06-06,23,12
2022-06-07,0,30
2022-06-07,1,4
2022-06-07,2,0
2022-06-07,3,4
2022-06-07,4,17
2022-06-07,5,34
2022-06-07,6,61
2022-06-07,7,168
2022-06-07,8,141
2022-06-07,9,118
2022-06-07,10,118
2022-06-07,11,119
2022-06-07,12,119
2022-06-07,13,118
2022-06-07,14,119
2022-06-07,15,115
2022-06-07,16,128
2022-06-07,17,127
2022-06-07,18,97
2022-06-07,19,71
2022-06-07,20,53
2022-06-07,21,66
2022-06-07,22,36
2022-06-07,23,27
2022-06-08,0,30
2022-06-08,1,0
2022-06-08,2,0
2022-06-08,3,4
2022-06-08,4,12
2022-06-08,5,26
2022-06-08,6,83
2022-06-08,7,164
2022-06-08,8,167
2022-06-08,9,123
2022-06-08,10,115
2022-06-08,11,132
2022-06-08,12,136
2022-06-08,13,114
2022-06-08,14,110
2022-06-08,15,120
2022-06-08,16,127
2022-06-08,17,132
2022-06-08,18,109
2022-06-08,19,80
2022-06-08,20,57
2022-06-08,21,48
2022-06-08,22,25
2022-06-08,23,8
2022-06-09,0,4
2022-06-09,1,0
2022-06-09,2,0
2022-06-09,3,8
2022-06-09,4,21
2022-06-09,5,35
2022-06-09,6,75
2022-06-09,7,172
2022-06-09,8,180
2022-06-09,9,124
2022-06-09,10,114
2022-06-09,11,124
2022-06-09,12,124
2022-06-09,13,128
2022-06-09,14,119
2022-06-09,15,124
2022-06-09,16,127
2022-06-09,17,133
2022-06-09,18,115
2022-06-09,19,92
2022-06-09,20,62
2022-06-09,21,48
2022-06-09,22,35
2022-06-09,23,16
2022-06-10,0,12
2022-06-10,1,0
2022-06-10,2,0
2022-06-10,3,8
2022-06-10,4,16
2022-06-10,5,26
2022-06-10,6,66
2022-06-10,7,176
2022-06-10,8,155
2022-06-10,9,133
2022-06-10,10,114
2022-06-10,11,137
2022-06-10,12,145
2022-06-10,13,127
2022-06-10,14,141
2022-06-10,15,150
2022-06-10,16,145
2022-06-10,17,159
2022-06-10,18,154
2022-06-10,19,101
2022-06-10,20,92
2022-06-10,21,53
2022-06-10,22,53
2022-06-10,23,40
2022-06-11,0,26
2022-06-11,1,26
2022-06-11,2,16
2022-06-11,3,8
2022-06-11,4,16
2022-06-11,5,12
2022-06-11,6,26
2022-06-11,7,58
2022-06-11,8,84
2022-06-11,9,110
2022-06-11,10,109
2022-06-11,11,142
2022-06-11,12,154
2022-06-11,13,149
2022-06-11,14,128
2022-06-11,15,123
2022-06-11,16,115
2022-06-11,17,127
2022-06-11,18,119
2022-06-11,19,101
2022-06-11,20,53
2022-06-11,21,49
2022-06-11,22,44
2022-06-11,23,36
2022-06-12,0,59
2022-06-12,1,21
2022-06-12,2,16
2022-06-12,3,16
2022-06-12,4,8
2022-06-12,5,12
2022-06-12,6,16
2022-06-12,7,21
2022-06-12,8,45
2022-06-12,9,76
2022-06-12,10,84
2022-06-12,11,109
2022-06-12,12,97
2022-06-12,13,114
2022-06-12,14,96
2022-06-12,15,113
2022-06-12,16,114
2022-06-12,17,116
2022-06-12,18,96
2022-06-12,19,67
2022-06-12,20,45
2022-06-12,21,40
2022-06-12,22,21
2022-06-12,23,16
2022-06-13,0,17
2022-06-13,1,4
2022-06-13,2,0
2022-06-13,3,4
2022-06-13,4,12
2022-06-13,5,26
2022-06-13,6,66
2022-06-13,7,167
2022-06-13,8,155
2022-06-13,9,110
2022-06-13,10,119
2022-06-13,11,127
2022-06-13,12,122
2022-06-13,13,113
2022-06-13,14,119
2022-06-13,15,128
2022-06-13,16,120
2022-06-13,17,106
2022-06-13,18,105
2022-06-13,19,67
2022-06-13,20,71
2022-06-13,21,41
2022-06-13,22,17
2022-06-13,23,21
2022-06-14,0,18
2022-06-14,1,0
2022-06-14,2,0
2022-06-14,3,4
2022-06-14,4,12
2022-06-14,5,31
2022-06-14,6,71
2022-06-14,7,154
2022-06-14,8,138
2022-06-14,9,123
2022-06-14,10,109
2022-06-14,11,110
2022-06-14,12,114
2022-06-14,13,100
2022-06-14,14,114
2022-06-14,15,105
2022-06-14,16,105
2022-06-14,17,132
2022-06-14,18,101
2022-06-14,19,75
2022-06-14,20,62
2022-06-14,21,58
2022-06-14,22,36
2022-06-14,23,26
2022-06-15,0,35
2022-06-15,1,0
2022-06-15,2,0
2022-06-15,3,0
2022-06-15,4,13
2022-06-15,5,26
2022-06-15,6,79
2022-06-15,7,137
2022-06-15,8,154
2022-06-15,9,128
2022-06-15,10,132
2022-06-15,11,119
2022-06-15,12,118
2022-06-15,13,124
2022-06-15,14,93
2022-06-15,15,92
2022-06-15,16,111
2022-06-15,17,132
2022-06-15,18,100
2022-06-15,19,80
2022-06-15,20,57
2022-06-15,21,48
2022-06-15,22,30
2022-06-15,23,12
2022-06-16,0,16
2022-06-16,1,0
2022-06-16,2,4
2022-06-16,3,4
2022-06-16,4,16
2022-06-16,5,30
2022-06-16,6,70
2022-06-16,7,146
2022-06-16,8,154
2022-06-16,9,128
2022-06-16,10,120
2022-06-16,11,128
2022-06-16,12,119
2022-06-16,13,115
2022-06-16,14,115
2022-06-16,15,132
2022-06-16,16,107
2022-06-16,17,124
2022-06-16,18,101
2022-06-16,19,88
2022-06-16,20,67
2022-06-16,21,57
2022-06-16,22,36
2022-06-16,23,21
2022-06-17,0,8
2022-06-17,1,0
2022-06-17,2,0
2022-06-17,3,4
2022-06-17,4,16
2022-06-17,5,35
2022-06-17,6,66
2022-06-17,7,176
2022-06-17,8,171
2022-06-17,9,124
2022-06-17,10,110
2022-06-17,11,128
2022-06-17,12,137
2022-06-17,13,114
2022-06-17,14,145
2022-06-17,15,137
2022-06-17,16,128
2022-06-17,17,132
2022-06-17,18,123
2022-06-17,19,105
2022-06-17,20,84
2022-06-17,21,54
2022-06-17,22,62
2022-06-17,23,44
2022-06-18,0,26
2022-06-18,1,22
2022-06-18,2,12
2022-06-18,3,16
2022-06-18,4,12
2022-06-18,5,12
2022-06-18,6,31
2022-06-18,7,66
2022-06-18,8,88
2022-06-18,9,110
2022-06-18,10,110
2022-06-18,11,146
2022-06-18,12,153
2022-06-18,13,149
2022-06-18,14,133
2022-06-18,15,118
2022-06-18,16,119
2022-06-18,17,114
2022-06-18,18,109
2022-06-18,19,96
2022-06-18,20,62
2022-06-18,21,49
2022-06-18,22,58
2022-06-18,23,30
2022-06-19,0,53
2022-06-19,1,16
2022-06-19,2,16
2022-06-19,3,16
2022-06-19,4,8
2022-06-19,5,0
2022-06-19,6,21
2022-06-19,7,26
2022-06-19,8,49
2022-06-19,9,84
2022-06-19,10,92
2022-06-19,11,101
2022-06-19,12,93
2022-06-19,13,119
2022-06-19,14,118
2022-06-19,15,101
2022-06-19,16,107
2022-06-19,17,105
2022-06-19,18,80
2022-06-19,19,67
2022-06-19,20,48
2022-06-19,21,40
2022-06-19,22,26
2022-06-19,23,21
2022-06-20,0,12
2022-06-20,1,0
2022-06-20,2,0
2022-06-20,3,4
2022-06-20,4,8
2022-06-20,5,21
2022-06-20,6,53
2022-06-20,7,154
2022-06-20,8,155
2022-06-20,9,110
2022-06-20,10,109
2022-06-20,11,119
2022-06-20,12,105
2022-06-20,13,105
2022-06-20,14,111
2022-06-20,15,114
2022-06-20,16,110
2022-06-20,17,105
2022-06-20,18,93
2022-06-20,19,88
2022-06-20,20,62
2022-06-20,21,40
2022-06-20,22,26
2022-06-20,23,21
2022-06-21,0,30
2022-06-21,1,0
2022-06-21,2,0
2022-06-21,3,4
2022-06-21,4,16
2022-06-21,5,30
2022-06-21,6,75
2022-06-21,7,168
2022-06-21,8,142
2022-06-21,9,123
2022-06-21,10,118
2022-06-21,11,119
2022-06-21,12,118
2022-06-21,13,109
2022-06-21,14,105
2022-06-21,15,104
2022-06-21,16,136
2022-06-21,17,146
2022-06-21,18,110
2022-06-21,19,66
2022-06-21,20,62
2022-06-21,21,57
2022-06-21,22,40
2022-06-21,23,43
2022-06-22,0,48
2022-06-22,1,4
2022-06-22,2,8
2022-06-22,3,8
2022-06-22,4,8
2022-06-22,5,26
2022-06-22,6,71
2022-06-22,7,154
2022-06-22,8,158
2022-06-22,9,110
2022-06-22,10,118
2022-06-22,11,132
2022-06-22,12,133
2022-06-22,13,128
2022-06-22,14,114
2022-06-22,15,110
2022-06-22,16,115
2022-06-22,17,136
2022-06-22,18,105
2022-06-22,19,88
2022-06-22,20,61
2022-06-22,21,44
2022-06-22,22,35
2022-06-22,23,16
2022-06-23,0,16
2022-06-23,1,0
2022-06-23,2,8
2022-06-23,3,4
2022-06-23,4,21
2022-06-23,5,31
2022-06-23,6,67
2022-06-23,7,159
2022-06-23,8,162
2022-06-23,9,116
2022-06-23,10,128
2022-06-23,11,119
2022-06-23,12,122
2022-06-23,13,124
2022-06-23,14,127
2022-06-23,15,123
2022-06-23,16,123
2022-06-23,17,133
2022-06-23,18,110
2022-06-23,19,93
2022-06-23,20,58
2022-06-23,21,52
2022-06-23,22,44
2022-06-23,23,16
2022-06-24,0,8
2022-06-24,1,0
2022-06-24,2,0
2022-06-24,3,8
2022-06-24,4,16
2022-06-24,5,26
2022-06-24,6,70
2022-06-24,7,158
2022-06-24,8,160
2022-06-24,9,124
2022-06-24,10,123
2022-06-24,11,133
2022-06-24,12,150
2022-06-24,13,128
2022-06-24,14,136
2022-06-24,15,140
2022-06-24,16,133
2022-06-24,17,163
2022-06-24,18,123
2022-06-24,19,105
2022-06-24,20,93
2022-06-24,21,62
2022-06-24,22,57
2022-06-24,23,40
2022-06-25,0,26
2022-06-25,1,26
2022-06-25,2,16
2022-06-25,3,16
2022-06-25,4,12
2022-06-25,5,16
2022-06-25,6,36
2022-06-25,7,62
2022-06-25,8,88
2022-06-25,9,115
2022-06-25,10,124
2022-06-25,11,163
2022-06-25,12,151
2022-06-25,13,172
2022-06-25,14,136
2022-06-25,15,141
2022-06-25,16,123
2022-06-25,17,118
2022-06-25,18,104
2022-06-25,19,84
2022-06-25,20,62
2022-06-25,21,50
2022-06-25,22,52
2022-06-25,23,26
2022-06-26,0,62
2022-06-26,1,21
2022-06-26,2,16
2022-06-26,3,16
2022-06-26,4,4
2022-06-26,5,0
2022-06-26,6,16
2022-06-26,7,21
2022-06-26,8,45
2022-06-26,9,76
2022-06-26,10,76
2022-06-26,11,109
2022-06-26,12,101
2022-06-26,13,109
2022-06-26,14,124
2022-06-26,15,106
2022-06-26,16,114
2022-06-26,17,101
2022-06-26,18,88
2022-06-26,19,62
2022-06-26,20,53
2022-06-26,21,44
2022-06-26,22,36
2022-06-26,23,31
2022-06-27,0,13
2022-06-27,1,4
2022-06-27,2,4
2022-06-27,3,4
2022-06-27,4,16
2022-06-27,5,21
2022-06-27,6,62
2022-06-27,7,150
2022-06-27,8,141
2022-06-27,9,109
2022-06-27,10,119
2022-06-27,11,115
2022-06-27,12,122
2022-06-27,13,114
2022-06-27,14,128
2022-06-27,15,109
2022-06-27,16,124
2022-06-27,17,115
2022-06-27,18,97
2022-06-27,19,70
2022-06-27,20,71
2022-06-27,21,57
2022-06-27,22,30
2022-06-27,23,21
2022-06-28,0,30
2022-06-28,1,4
2022-06-28,2,0
2022-06-28,3,8
2022-06-28,4,16
2022-06-28,5,26
2022-06-28,6,75
2022-06-28,7,171
2022-06-28,8,150
2022-06-28,9,132
2022-06-28,10,133
2022-06-28,11,145
2022-06-28,12,137
2022-06-28,13,131
2022-06-28,14,142
2022-06-28,15,106
2022-06-28,16,137
2022-06-28,17,141
2022-06-28,18,109
2022-06-28,19,88
2022-06-28,20,66
2022-06-28,21,52
2022-06-28,22,40
2022-06-28,23,31
2022-06-29,0,26
2022-06-29,1,0
2022-06-29,2,0
2022-06-29,3,12
2022-06-29,4,12
2022-06-29,5,36
2022-06-29,6,93
2022-06-29,7,176
2022-06-29,8,146
2022-06-29,9,128
2022-06-29,10,110
2022-06-29,11,133
2022-06-29,12,127
2022-06-29,13,115
2022-06-29,14,125
2022-06-29,15,111
2022-06-29,16,138
2022-06-29,17,137
2022-06-29,18,109
2022-06-29,19,88
2022-06-29,20,65
2022-06-29,21,44
2022-06-29,22,34
2022-06-29,23,21
2022-06-30,0,16
2022-06-30,1,8
2022-06-30,2,4
2022-06-30,3,0
2022-06-30,4,16
2022-06-30,5,30
2022-06-30,6,71
2022-06-30,7,159
2022-06-30,8,166
2022-06-30,9,128
2022-06-30,10,128
2022-06-30,11,123
2022-06-30,12,145
2022-06-30,13,128
2022-06-30,14,132
2022-06-30,15,132
2022-06-30,16,120
2022-06-30,17,140
2022-06-30,18,119
2022-06-30,19,111
2022-06-30,20,84
2022-06-30,21,52
2022-06-30,22,44
2022-06-30,23,16
2022-07-01,0,8
2022-07-01,1,4
2022-07-01,2,0
2022-07-01,3,16
2022-07-01,4,16
2022-07-01,5,27
2022-07-01,6,71
2022-07-01,7,167
2022-07-01,8,149
2022-07-01,9,137
2022-07-01,10,128
2022-07-01,11,142
2022-07-01,12,150
2022-07-01,13,128
2022-07-01,14,159
2022-07-01,15,145
2022-07-01,16,150
2022-07-01,17,159
2022-07-01,18,145
2022-07-01,19,105
2022-07-01,20,97
2022-07-01,21,62
2022-07-01,22,57
2022-07-01,23,40
2022-07-02,0,21
2022-07-02,1,29
2022-07-02,2,21
2022-07-02,3,16
2022-07-02,4,12
2022-07-02,5,21
2022-07-02,6,36
2022-07-02,7,82
2022-07-02,8,102
2022-07-02,9,124
2022-07-02,10,123
2022-07-02,11,190
2022-07-02,12,164
2022-07-02,13,198
2022-07-02,14,203
2022-07-02,15,159
2022-07-02,16,126
2022-07-02,17,137
2022-07-02,18,115
2022-07-02,19,104
2022-07-02,20,70
2022-07-02,21,53
2022-07-02,22,53
2022-07-02,23,36
2022-07-03,0,45
2022-07-03,1,16
2022-07-03,2,16
2022-07-03,3,16
2022-07-03,4,21
2022-07-03,5,12
2022-07-03,6,17
2022-07-03,7,26
2022-07-03,8,53
2022-07-03,9,76
2022-07-03,10,80
2022-07-03,11,110
2022-07-03,12,114
2022-07-03,13,110
2022-07-03,14,123
2022-07-03,15,114
2022-07-03,16,127
2022-07-03,17,129
2022-07-03,18,100
2022-07-03,19,76
2022-07-03,20,58
2022-07-03,21,48
2022-07-03,22,31
2022-07-03,23,22
2022-07-04,0,5
2022-07-04,1,12
2022-07-04,2,4
2022-07-04,3,12
2022-07-04,4,12
2022-07-04,5,21
2022-07-04,6,53
2022-07-04,7,149
2022-07-04,8,145
2022-07-04,9,109
2022-07-04,10,110
2022-07-04,11,111
2022-07-04,12,115
2022-07-04,13,114
2022-07-04,14,124
2022-07-04,15,111
2022-07-04,16,118
2022-07-04,17,106
2022-07-04,18,88
2022-07-04,19,76
2022-07-04,20,67
2022-07-04,21,45
2022-07-04,22,26
2022-07-04,23,8
2022-07-05,0,22
2022-07-05,1,4
2022-07-05,2,4
2022-07-05,3,4
2022-07-05,4,8
2022-07-05,5,26
2022-07-05,6,75
2022-07-05,7,137
2022-07-05,8,131
2022-07-05,9,114
2022-07-05,10,109
2022-07-05,11,110
2022-07-05,12,119
2022-07-05,13,110
2022-07-05,14,124
2022-07-05,15,101
2022-07-05,16,137
2022-07-05,17,132
2022-07-05,18,100
2022-07-05,19,76
2022-07-05,20,57
2022-07-05,21,58
2022-07-05,22,36
2022-07-05,23,21
2022-07-06,0,30
2022-07-06,1,0
2022-07-06,2,0
2022-07-06,3,8
2022-07-06,4,8
2022-07-06,5,27
2022-07-06,6,70
2022-07-06,7,159
2022-07-06,8,150
2022-07-06,9,119
2022-07-06,10,119
2022-07-06,11,123
2022-07-06,12,119
2022-07-06,13,118
2022-07-06,14,124
2022-07-06,15,100
2022-07-06,16,119
2022-07-06,17,123
2022-07-06,18,105
2022-07-06,19,80
2022-07-06,20,67
2022-07-06,21,44
2022-07-06,22,25
2022-07-06,23,8
2022-07-07,0,4
2022-07-07,1,0
2022-07-07,2,4
2022-07-07,3,0
2022-07-07,4,12
2022-07-07,5,31
2022-07-07,6,66
2022-07-07,7,151
2022-07-07,8,154
2022-07-07,9,127
2022-07-07,10,124
2022-07-07,11,127
2022-07-07,12,123
2022-07-07,13,115
2022-07-07,14,123
2022-07-07,15,123
2022-07-07,16,98
2022-07-07,17,125
2022-07-07,18,100
2022-07-07,19,88
2022-07-07,20,58
2022-07-07,21,53
2022-07-07,22,40
2022-07-07,23,16
2022-07-08,0,4
2022-07-08,1,12
2022-07-08,2,4
2022-07-08,3,8
2022-07-08,4,16
2022-07-08,5,31
2022-07-08,6,57
2022-07-08,7,158
2022-07-08,8,123
2022-07-08,9,141
2022-07-08,10,128
2022-07-08,11,125
2022-07-08,12,140
2022-07-08,13,132
2022-07-08,14,141
2022-07-08,15,132
2022-07-08,16,145
2022-07-08,17,163
2022-07-08,18,119
2022-07-08,19,97
2022-07-08,20,110
2022-07-08,21,58
2022-07-08,22,79
2022-07-08,23,64
2022-07-09,0,31
2022-07-09,1,22
2022-07-09,2,16
2022-07-09,3,12
2022-07-09,4,12
2022-07-09,5,9
2022-07-09,6,31
2022-07-09,7,62
2022-07-09,8,76
2022-07-09,9,102
2022-07-09,10,123
2022-07-09,11,144
2022-07-09,12,146
2022-07-09,13,154
2022-07-09,14,115
2022-07-09,15,119
2022-07-09,16,101
2022-07-09,17,105
2022-07-09,18,96
2022-07-09,19,84
2022-07-09,20,71
2022-07-09,21,62
2022-07-09,22,71
2022-07-09,23,27
2022-07-10,0,40
2022-07-10,1,16
2022-07-10,2,16
2022-07-10,3,16
2022-07-10,4,8
2022-07-10,5,8
2022-07-10,6,16
2022-07-10,7,31
2022-07-10,8,53
2022-07-10,9,84
2022-07-10,10,88
2022-07-10,11,114
2022-07-10,12,105
2022-07-10,13,111
2022-07-10,14,101
2022-07-10,15,93
2022-07-10,16,92
2022-07-10,17,100
2022-07-10,18,79
2022-07-10,19,67
2022-07-10,20,58
2022-07-10,21,53
2022-07-10,22,79
2022-07-10,23,56
2022-07-11,0,8
2022-07-11,1,4
2022-07-11,2,8
2022-07-11,3,4
2022-07-11,4,16
2022-07-11,5,26
2022-07-11,6,58
2022-07-11,7,149
2022-07-11,8,131
2022-07-11,9,114
2022-07-11,10,105
2022-07-11,11,109
2022-07-11,12,110
2022-07-11,13,109
2022-07-11,14,115
2022-07-11,15,110
2022-07-11,16,105
2022-07-11,17,124
2022-07-11,18,93
2022-07-11,19,79
2022-07-11,20,57
2022-07-11,21,36
2022-07-11,22,21
2022-07-11,23,16
2022-07-12,0,22
2022-07-12,1,0
2022-07-12,2,0
2022-07-12,3,4
2022-07-12,4,12
2022-07-12,5,21
2022-07-12,6,65
2022-07-12,7,137
2022-07-12,8,132
2022-07-12,9,123
2022-07-12,10,128
2022-07-12,11,110
2022-07-12,12,105
2022-07-12,13,100
2022-07-12,14,110
2022-07-12,15,100
2022-07-12,16,123
2022-07-12,17,123
2022-07-12,18,97
2022-07-12,19,80
2022-07-12,20,58
2022-07-12,21,44
2022-07-12,22,31
2022-07-12,23,17
2022-07-13,0,26
2022-07-13,1,0
2022-07-13,2,0
2022-07-13,3,0
2022-07-13,4,8
2022-07-13,5,36
2022-07-13,6,66
2022-07-13,7,158
2022-07-13,8,155
2022-07-13,9,119
2022-07-13,10,123
2022-07-13,11,124
2022-07-13,12,128
2022-07-13,13,114
2022-07-13,14,114
2022-07-13,15,109
2022-07-13,16,132
2022-07-13,17,128
2022-07-13,18,88
2022-07-13,19,80
2022-07-13,20,70
2022-07-13,21,49
2022-07-13,22,30
2022-07-13,23,8
2022-07-14,0,16
2022-07-14,1,0
2022-07-14,2,0
2022-07-14,3,8
2022-07-14,4,12
2022-07-14,5,26
2022-07-14,6,66
2022-07-14,7,155
2022-07-14,8,142
2022-07-14,9,116
2022-07-14,10,119
2022-07-14,11,118
2022-07-14,12,132
2022-07-14,13,115
2022-07-14,14,114
2022-07-14,15,127
2022-07-14,16,106
2022-07-14,17,129
2022-07-14,18,101
2022-07-14,19,84
2022-07-14,20,65
2022-07-14,21,48
2022-07-14,22,36
2022-07-14,23,16
2022-07-15,0,8
2022-07-15,1,8
2022-07-15,2,4
2022-07-15,3,8
2022-07-15,4,12
2022-07-15,5,31
2022-07-15,6,74
2022-07-15,7,162
2022-07-15,8,133
2022-07-15,9,132
2022-07-15,10,115
2022-07-15,11,128
2022-07-15,12,132
2022-07-15,13,123
2022-07-15,14,119
2022-07-15,15,128
2022-07-15,16,129
2022-07-15,17,141
2022-07-15,18,115
2022-07-15,19,88
2022-07-15,20,84
2022-07-15,21,57
2022-07-15,22,49
2022-07-15,23,36
2022-07-16,0,21
2022-07-16,1,17
2022-07-16,2,16
2022-07-16,3,4
2022-07-16,4,12
2022-07-16,5,16
2022-07-16,6,31
2022-07-16,7,65
2022-07-16,8,80
2022-07-16,9,118
2022-07-16,10,142
2022-07-16,11,167
2022-07-16,12,127
2022-07-16,13,131
2022-07-16,14,140
2022-07-16,15,101
2022-07-16,16,127
2022-07-16,17,114
2022-07-16,18,105
2022-07-16,19,88
2022-07-16,20,67
2022-07-16,21,44
2022-07-16,22,48
2022-07-16,23,35
2022-07-17,0,40
2022-07-17,1,16
2022-07-17,2,21
2022-07-17,3,16
2022-07-17,4,8
2022-07-17,5,8
2022-07-17,6,16
2022-07-17,7,26
2022-07-17,8,49
2022-07-17,9,72
2022-07-17,10,80
2022-07-17,11,100
2022-07-17,12,97
2022-07-17,13,104
2022-07-17,14,114
2022-07-17,15,105
2022-07-17,16,101
2022-07-17,17,88
2022-07-17,18,88
2022-07-17,19,71
2022-07-17,20,53
2022-07-17,21,48
2022-07-17,22,31
2022-07-17,23,21
2022-07-18,0,9
2022-07-18,1,8
2022-07-18,2,8
2022-07-18,3,12
2022-07-18,4,12
2022-07-18,5,16
2022-07-18,6,49
2022-07-18,7,127
2022-07-18,8,110
2022-07-18,9,131
2022-07-18,10,115
2022-07-18,11,118
2022-07-18,12,97
2022-07-18,13,101
2022-07-18,14,105
2022-07-18,15,93
2022-07-18,16,96
2022-07-18,17,100
2022-07-18,18,88
2022-07-18,19,84
2022-07-18,20,66
2022-07-18,21,57
2022-07-18,22,36
2022-07-18,23,16
2022-07-19,0,22
2022-07-19,1,0
2022-07-19,2,0
2022-07-19,3,4
2022-07-19,4,16
2022-07-19,5,26
2022-07-19,6,66
2022-07-19,7,154
2022-07-19,8,141
2022-07-19,9,110
2022-07-19,10,124
2022-07-19,11,116
2022-07-19,12,106
2022-07-19,13,119
2022-07-19,14,119
2022-07-19,15,97
2022-07-19,16,114
2022-07-19,17,109
2022-07-19,18,106
2022-07-19,19,80
2022-07-19,20,52
2022-07-19,21,66
2022-07-19,22,36
2022-07-19,23,26
2022-07-20,0,30
2022-07-20,1,0
2022-07-20,2,0
2022-07-20,3,4
2022-07-20,4,12
2022-07-20,5,26
2022-07-20,6,70
2022-07-20,7,136
2022-07-20,8,154
2022-07-20,9,118
2022-07-20,10,132
2022-07-20,11,119
2022-07-20,12,120
2022-07-20,13,115
2022-07-20,14,101
2022-07-20,15,105
2022-07-20,16,105
2022-07-20,17,127
2022-07-20,18,100
2022-07-20,19,76
2022-07-20,20,62
2022-07-20,21,40
2022-07-20,22,35
2022-07-20,23,12
2022-07-21,0,4
2022-07-21,1,0
2022-07-21,2,0
2022-07-21,3,0
2022-07-21,4,17
2022-07-21,5,30
2022-07-21,6,67
2022-07-21,7,171
2022-07-21,8,155
2022-07-21,9,114
2022-07-21,10,115
2022-07-21,11,120
2022-07-21,12,128
2022-07-21,13,124
2022-07-21,14,131
2022-07-21,15,111
2022-07-21,16,128
2022-07-21,17,133
2022-07-21,18,118
2022-07-21,19,80
2022-07-21,20,70
2022-07-21,21,52
2022-07-21,22,35
2022-07-21,23,16
2022-07-22,0,8
2022-07-22,1,0
2022-07-22,2,0
2022-07-22,3,4
2022-07-22,4,21
2022-07-22,5,26
2022-07-22,6,70
2022-07-22,7,167
2022-07-22,8,133
2022-07-22,9,123
2022-07-22,10,124
2022-07-22,11,128
2022-07-22,12,150
2022-07-22,13,133
2022-07-22,14,129
2022-07-22,15,124
2022-07-22,16,129
2022-07-22,17,155
2022-07-22,18,133
2022-07-22,19,101
2022-07-22,20,88
2022-07-22,21,53
2022-07-22,22,49
2022-07-22,23,31
2022-07-23,0,16
2022-07-23,1,21
2022-07-23,2,16
2022-07-23,3,16
2022-07-23,4,12
2022-07-23,5,12
2022-07-23,6,31
2022-07-23,7,57
2022-07-23,8,80
2022-07-23,9,118
2022-07-23,10,119
2022-07-23,11,150
2022-07-23,12,151
2022-07-23,13,176
2022-07-23,14,124
2022-07-23,15,128
2022-07-23,16,135
2022-07-23,17,119
2022-07-23,18,111
2022-07-23,19,92
2022-07-23,20,62
2022-07-23,21,49
2022-07-23,22,48
2022-07-23,23,26
2022-07-24,0,31
2022-07-24,1,16
2022-07-24,2,16
2022-07-24,3,16
2022-07-24,4,8
2022-07-24,5,4
2022-07-24,6,16
2022-07-24,7,21
2022-07-24,8,53
2022-07-24,9,76
2022-07-24,10,97
2022-07-24,11,97
2022-07-24,12,101
2022-07-24,13,110
2022-07-24,14,114
2022-07-24,15,105
2022-07-24,16,124
2022-07-24,17,110
2022-07-24,18,88
2022-07-24,19,63
2022-07-24,20,58
2022-07-24,21,45
2022-07-24,22,26
2022-07-24,23,16
2022-07-25,0,16
2022-07-25,1,8
2022-07-25,2,0
2022-07-25,3,25
2022-07-25,4,26
2022-07-25,5,26
2022-07-25,6,57
2022-07-25,7,172
2022-07-25,8,145
2022-07-25,9,114
2022-07-25,10,123
2022-07-25,11,119
2022-07-25,12,119
2022-07-25,13,113
2022-07-25,14,124
2022-07-25,15,113
2022-07-25,16,141
2022-07-25,17,111
2022-07-25,18,109
2022-07-25,19,75
2022-07-25,20,72
2022-07-25,21,49
2022-07-25,22,25
2022-07-25,23,17
2022-07-26,0,22
2022-07-26,1,0
2022-07-26,2,0
2022-07-26,3,4
2022-07-26,4,13
2022-07-26,5,26
2022-07-26,6,70
2022-07-26,7,176
2022-07-26,8,141
2022-07-26,9,115
2022-07-26,10,128
2022-07-26,11,119
2022-07-26,12,118
2022-07-26,13,119
2022-07-26,14,123
2022-07-26,15,119
2022-07-26,16,127
2022-07-26,17,146
2022-07-26,18,122
2022-07-26,19,84
2022-07-26,20,57
2022-07-26,21,57
2022-07-26,22,31
2022-07-26,23,17
2022-07-27,0,22
2022-07-27,1,0
2022-07-27,2,0
2022-07-27,3,4
2022-07-27,4,8
2022-07-27,5,26
2022-07-27,6,70
2022-07-27,7,142
2022-07-27,8,186
2022-07-27,9,123
2022-07-27,10,122
2022-07-27,11,150
2022-07-27,12,149
2022-07-27,13,119
2022-07-27,14,111
2022-07-27,15,118
2022-07-27,16,133
2022-07-27,17,146
2022-07-27,18,105
2022-07-27,19,88
2022-07-27,20,62
2022-07-27,21,53
2022-07-27,22,35
2022-07-27,23,8
2022-07-28,0,12
2022-07-28,1,0
2022-07-28,2,0
2022-07-28,3,4
2022-07-28,4,16
2022-07-28,5,26
2022-07-28,6,66
2022-07-28,7,155
2022-07-28,8,167
2022-07-28,9,123
2022-07-28,10,123
2022-07-28,11,147
2022-07-28,12,133
2022-07-28,13,132
2022-07-28,14,133
2022-07-28,15,132
2022-07-28,16,133
2022-07-28,17,164
2022-07-28,18,115
2022-07-28,19,96
2022-07-28,20,71
2022-07-28,21,57
2022-07-28,22,44
2022-07-28,23,16
2022-07-29,0,8
2022-07-29,1,8
2022-07-29,2,4
2022-07-29,3,4
2022-07-29,4,16
2022-07-29,5,31
2022-07-29,6,75
2022-07-29,7,167
2022-07-29,8,142
2022-07-29,9,141
2022-07-29,10,124
2022-07-29,11,146
2022-07-29,12,138
2022-07-29,13,119
2022-07-29,14,149
2022-07-29,15,141
2022-07-29,16,142
2022-07-29,17,154
2022-07-29,18,132
2022-07-29,19,96
2022-07-29,20,105
2022-07-29,21,57
2022-07-29,22,48
2022-07-29,23,36
2022-07-30,0,21
2022-07-30,1,21
2022-07-30,2,16
2022-07-30,3,8
2022-07-30,4,16
2022-07-30,5,21
2022-07-30,6,26
2022-07-30,7,61
2022-07-30,8,84
2022-07-30,9,123
2022-07-30,10,118
2022-07-30,11,137
2022-07-30,12,132
2022-07-30,13,132
2022-07-30,14,127
2022-07-30,15,136
2022-07-30,16,123
2022-07-30,17,114
2022-07-30,18,127
2022-07-30,19,96
2022-07-30,20,63
2022-07-30,21,48
2022-07-30,22,53
2022-07-30,23,32
2022-07-31,0,43
2022-07-31,1,16
2022-07-31,2,26
2022-07-31,3,21
2022-07-31,4,12
2022-07-31,5,8
2022-07-31,6,17
2022-07-31,7,26
2022-07-31,8,65
2022-07-31,9,79
2022-07-31,10,102
2022-07-31,11,119
2022-07-31,12,107
2022-07-31,13,128
2022-07-31,14,185
2022-07-31,15,150
2022-07-31,16,111
2022-07-31,17,115
2022-07-31,18,118
2022-07-31,19,75
2022-07-31,20,70
2022-07-31,21,44
2022-07-31,22,21
2022-07-31,23,16
2022-08-01,0,17
2022-08-01,1,4
2022-08-01,2,4
2022-08-01,3,8
2022-08-01,4,16
2022-08-01,5,26
2022-08-01,6,53
2022-08-01,7,171
2022-08-01,8,142
2022-08-01,9,114
2022-08-01,10,109
2022-08-01,11,127
2022-08-01,12,110
2022-08-01,13,119
2022-08-01,14,119
2022-08-01,15,124
2022-08-01,16,136
2022-08-01,17,119
2022-08-01,18,110
2022-08-01,19,75
2022-08-01,20,62
2022-08-01,21,40
2022-08-01,22,27
2022-08-01,23,17
2022-08-02,0,22
2022-08-02,1,0
2022-08-02,2,0
2022-08-02,3,17
2022-08-02,4,17
2022-08-02,5,36
2022-08-02,6,74
2022-08-02,7,176
2022-08-02,8,150
2022-08-02,9,118
2022-08-02,10,128
2022-08-02,11,119
2022-08-02,12,129
2022-08-02,13,114
2022-08-02,14,124
2022-08-02,15,101
2022-08-02,16,145
2022-08-02,17,141
2022-08-02,18,115
2022-08-02,19,84
2022-08-02,20,52
2022-08-02,21,53
2022-08-02,22,36
2022-08-02,23,30
2022-08-03,0,22
2022-08-03,1,0
2022-08-03,2,4
2022-08-03,3,4
2022-08-03,4,17
2022-08-03,5,36
2022-08-03,6,79
2022-08-03,7,177
2022-08-03,8,180
2022-08-03,9,149
2022-08-03,10,136
2022-08-03,11,146
2022-08-03,12,141
2022-08-03,13,141
2022-08-03,14,107
2022-08-03,15,111
2022-08-03,16,114
2022-08-03,17,128
2022-08-03,18,109
2022-08-03,19,93
2022-08-03,20,62
2022-08-03,21,43
2022-08-03,22,31
2022-08-03,23,12
2022-08-04,0,4
2022-08-04,1,0
2022-08-04,2,8
2022-08-04,3,4
2022-08-04,4,12
2022-08-04,5,30
2022-08-04,6,71
2022-08-04,7,159
2022-08-04,8,163
2022-08-04,9,119
2022-08-04,10,119
2022-08-04,11,132
2022-08-04,12,150
2022-08-04,13,123
2022-08-04,14,115
2022-08-04,15,137
2022-08-04,16,110
2022-08-04,17,137
2022-08-04,18,109
2022-08-04,19,97
2022-08-04,20,66
2022-08-04,21,53
2022-08-04,22,40
2022-08-04,23,16
2022-08-05,0,12
2022-08-05,1,0
2022-08-05,2,0
2022-08-05,3,8
2022-08-05,4,16
2022-08-05,5,31
2022-08-05,6,62
2022-08-05,7,163
2022-08-05,8,137
2022-08-05,9,140
2022-08-05,10,127
2022-08-05,11,128
2022-08-05,12,142
2022-08-05,13,118
2022-08-05,14,151
2022-08-05,15,132
2022-08-05,16,145
2022-08-05,17,154
2022-08-05,18,124
2022-08-05,19,101
2022-08-05,20,84
2022-08-05,21,62
2022-08-05,22,57
2022-08-05,23,36
2022-08-06,0,21
2022-08-06,1,21
2022-08-06,2,16
2022-08-06,3,4
2022-08-06,4,12
2022-08-06,5,12
2022-08-06,6,40
2022-08-06,7,65
2022-08-06,8,88
2022-08-06,9,110
2022-08-06,10,119
2022-08-06,11,141
2022-08-06,12,145
2022-08-06,13,158
2022-08-06,14,133
2022-08-06,15,123
2022-08-06,16,113
2022-08-06,17,127
2022-08-06,18,120
2022-08-06,19,110
2022-08-06,20,71
2022-08-06,21,63
2022-08-06,22,61
2022-08-06,23,32
2022-08-07,0,44
2022-08-07,1,16
2022-08-07,2,16
2022-08-07,3,16
2022-08-07,4,13
2022-08-07,5,8
2022-08-07,6,16
2022-08-07,7,21
2022-08-07,8,49
2022-08-07,9,80
2022-08-07,10,84
2022-08-07,11,100
2022-08-07,12,105
2022-08-07,13,101
2022-08-07,14,100
2022-08-07,15,105
2022-08-07,16,110
2022-08-07,17,107
2022-08-07,18,92
2022-08-07,19,58
2022-08-07,20,66
2022-08-07,21,40
2022-08-07,22,21
2022-08-07,23,16
2022-08-08,0,8
2022-08-08,1,0
2022-08-08,2,4
2022-08-08,3,12
2022-08-08,4,8
2022-08-08,5,26
2022-08-08,6,58
2022-08-08,7,172
2022-08-08,8,141
2022-08-08,9,119
2022-08-08,10,128
2022-08-08,11,123
2022-08-08,12,137
2022-08-08,13,123
2022-08-08,14,128
2022-08-08,15,119
2022-08-08,16,119
2022-08-08,17,120
2022-08-08,18,109
2022-08-08,19,79
2022-08-08,20,84
2022-08-08,21,53
2022-08-08,22,26
2022-08-08,23,16
2022-08-09,0,26
2022-08-09,1,0
2022-08-09,2,0
2022-08-09,3,4
2022-08-09,4,17
2022-08-09,5,43
2022-08-09,6,70
2022-08-09,7,163
2022-08-09,8,155
2022-08-09,9,128
2022-08-09,10,124
2022-08-09,11,128
2022-08-09,12,124
2022-08-09,13,119
2022-08-09,14,127
2022-08-09,15,105
2022-08-09,16,119
2022-08-09,17,151
2022-08-09,18,110
2022-08-09,19,84
2022-08-09,20,57
2022-08-09,21,79
2022-08-09,22,36
2022-08-09,23,27
2022-08-10,0,35
2022-08-10,1,0
2022-08-10,2,0
2022-08-10,3,4
2022-08-10,4,12
2022-08-10,5,31
2022-08-10,6,79
2022-08-10,7,155
2022-08-10,8,159
2022-08-10,9,124
2022-08-10,10,127
2022-08-10,11,128
2022-08-10,12,136
2022-08-10,13,115
2022-08-10,14,125
2022-08-10,15,110
2022-08-10,16,115
2022-08-10,17,141
2022-08-10,18,96
2022-08-10,19,76
2022-08-10,20,62
2022-08-10,21,48
2022-08-10,22,35
2022-08-10,23,12
2022-08-11,0,4
2022-08-11,1,0
2022-08-11,2,4
2022-08-11,3,9
2022-08-11,4,16
2022-08-11,5,17
2022-08-11,6,75
2022-08-11,7,180
2022-08-11,8,168
2022-08-11,9,150
2022-08-11,10,119
2022-08-11,11,128
2022-08-11,12,128
2022-08-11,13,115
2022-08-11,14,112
2022-08-11,15,128
2022-08-11,16,110
2022-08-11,17,120
2022-08-11,18,106
2022-08-11,19,96
2022-08-11,20,70
2022-08-11,21,66
2022-08-11,22,44
2022-08-11,23,16
2022-08-12,0,8
2022-08-12,1,12
2022-08-12,2,4
2022-08-12,3,13
2022-08-12,4,16
2022-08-12,5,35
2022-08-12,6,82
2022-08-12,7,167
2022-08-12,8,150
2022-08-12,9,146
2022-08-12,10,124
2022-08-12,11,150
2022-08-12,12,146
2022-08-12,13,114
2022-08-12,14,129
2022-08-12,15,132
2022-08-12,16,127
2022-08-12,17,145
2022-08-12,18,128
2022-08-12,19,105
2022-08-12,20,92
2022-08-12,21,62
2022-08-12,22,57
2022-08-12,23,36
2022-08-13,0,21
2022-08-13,1,26
2022-08-13,2,16
2022-08-13,3,25
2022-08-13,4,12
2022-08-13,5,16
2022-08-13,6,40
2022-08-13,7,66
2022-08-13,8,105
2022-08-13,9,132
2022-08-13,10,133
2022-08-13,11,150
2022-08-13,12,155
2022-08-13,13,146
2022-08-13,14,132
2022-08-13,15,123
2022-08-13,16,123
2022-08-13,17,123
2022-08-13,18,110
2022-08-13,19,96
2022-08-13,20,76
2022-08-13,21,54
2022-08-13,22,49
2022-08-13,23,35
2022-08-14,0,44
2022-08-14,1,26
2022-08-14,2,16
2022-08-14,3,16
2022-08-14,4,12
2022-08-14,5,12
2022-08-14,6,16
2022-08-14,7,31
2022-08-14,8,57
2022-08-14,9,84
2022-08-14,10,101
2022-08-14,11,113
2022-08-14,12,97
2022-08-14,13,107
2022-08-14,14,100
2022-08-14,15,105
2022-08-14,16,110
2022-08-14,17,107
2022-08-14,18,93
2022-08-14,19,67
2022-08-14,20,67
2022-08-14,21,48
2022-08-14,22,31
2022-08-14,23,17
2022-08-15,0,13
2022-08-15,1,8
2022-08-15,2,0
2022-08-15,3,17
2022-08-15,4,8
2022-08-15,5,26
2022-08-15,6,71
2022-08-15,7,176
2022-08-15,8,155
2022-08-15,9,132
2022-08-15,10,119
2022-08-15,11,132
2022-08-15,12,124
2022-08-15,13,123
2022-08-15,14,122
2022-08-15,15,111
2022-08-15,16,138
2022-08-15,17,123
2022-08-15,18,101
2022-08-15,19,88
2022-08-15,20,76
2022-08-15,21,53
2022-08-15,22,25
2022-08-15,23,8
2022-08-16,0,22
2022-08-16,1,4
2022-08-16,2,0
2022-08-16,3,4
2022-08-16,4,12
2022-08-16,5,35
2022-08-16,6,75
2022-08-16,7,181
2022-08-16,8,159
2022-08-16,9,115
2022-08-16,10,136
2022-08-16,11,119
2022-08-16,12,136
2022-08-16,13,127
2022-08-16,14,115
2022-08-16,15,119
2022-08-16,16,132
2022-08-16,17,145
2022-08-16,18,119
2022-08-16,19,80
2022-08-16,20,61
2022-08-16,21,59
2022-08-16,22,35
2022-08-16,23,27
2022-08-17,0,26
2022-08-17,1,4
2022-08-17,2,0
2022-08-17,3,0
2022-08-17,4,17
2022-08-17,5,26
2022-08-17,6,78
2022-08-17,7,160
2022-08-17,8,177
2022-08-17,9,132
2022-08-17,10,124
2022-08-17,11,141
2022-08-17,12,132
2022-08-17,13,123
2022-08-17,14,124
2022-08-17,15,119
2022-08-17,16,128
2022-08-17,17,136
2022-08-17,18,119
2022-08-17,19,80
2022-08-17,20,63
2022-08-17,21,52
2022-08-17,22,25
2022-08-17,23,12
2022-08-18,0,8
2022-08-18,1,0
2022-08-18,2,4
2022-08-18,3,0
2022-08-18,4,16
2022-08-18,5,16
2022-08-18,6,70
2022-08-18,7,189
2022-08-18,8,171
2022-08-18,9,123
2022-08-18,10,119
2022-08-18,11,137
2022-08-18,12,141
2022-08-18,13,118
2022-08-18,14,115
2022-08-18,15,132
2022-08-18,16,132
2022-08-18,17,164
2022-08-18,18,115
2022-08-18,19,98
2022-08-18,20,66
2022-08-18,21,49
2022-08-18,22,31
2022-08-18,23,16
2022-08-19,0,4
2022-08-19,1,0
2022-08-19,2,4
2022-08-19,3,0
2022-08-19,4,16
2022-08-19,5,31
2022-08-19,6,70
2022-08-19,7,167
2022-08-19,8,177
2022-08-19,9,155
2022-08-19,10,135
2022-08-19,11,137
2022-08-19,12,141
2022-08-19,13,115
2022-08-19,14,150
2022-08-19,15,127
2022-08-19,16,137
2022-08-19,17,159
2022-08-19,18,123
2022-08-19,19,114
2022-08-19,20,92
2022-08-19,21,58
2022-08-19,22,53
2022-08-19,23,40
2022-08-20,0,21
2022-08-20,1,30
2022-08-20,2,16
2022-08-20,3,12
2022-08-20,4,8
2022-08-20,5,8
2022-08-20,6,26
2022-08-20,7,57
2022-08-20,8,92
2022-08-20,9,106
2022-08-20,10,128
2022-08-20,11,150
2022-08-20,12,142
2022-08-20,13,132
2022-08-20,14,133
2022-08-20,15,132
2022-08-20,16,123
2022-08-20,17,124
2022-08-20,18,119
2022-08-20,19,110
2022-08-20,20,63
2022-08-20,21,58
2022-08-20,22,66
2022-08-20,23,36
2022-08-21,0,40
2022-08-21,1,16
2022-08-21,2,16
2022-08-21,3,12
2022-08-21,4,8
2022-08-21,5,8
2022-08-21,6,16
2022-08-21,7,26
2022-08-21,8,49
2022-08-21,9,93
2022-08-21,10,96
2022-08-21,11,109
2022-08-21,12,124
2022-08-21,13,168
2022-08-21,14,109
2022-08-21,15,105
2022-08-21,16,124
2022-08-21,17,128
2022-08-21,18,100
2022-08-21,19,71
2022-08-21,20,62
2022-08-21,21,44
2022-08-21,22,31
2022-08-21,23,16
2022-08-22,0,9
2022-08-22,1,0
2022-08-22,2,4
2022-08-22,3,4
2022-08-22,4,16
2022-08-22,5,26
2022-08-22,6,66
2022-08-22,7,184
2022-08-22,8,159
2022-08-22,9,123
2022-08-22,10,128
2022-08-22,11,132
2022-08-22,12,116
2022-08-22,13,128
2022-08-22,14,140
2022-08-22,15,120
2022-08-22,16,124
2022-08-22,17,118
2022-08-22,18,96
2022-08-22,19,80
2022-08-22,20,67
2022-08-22,21,44
2022-08-22,22,21
2022-08-22,23,8
2022-08-23,0,18
2022-08-23,1,0
2022-08-23,2,0
2022-08-23,3,4
2022-08-23,4,8
2022-08-23,5,30
2022-08-23,6,75
2022-08-23,7,173
2022-08-23,8,159
2022-08-23,9,132
2022-08-23,10,137
2022-08-23,11,105
2022-08-23,12,119
2022-08-23,13,118
2022-08-23,14,102
2022-08-23,15,119
2022-08-23,16,119
2022-08-23,17,150
2022-08-23,18,119
2022-08-23,19,88
2022-08-23,20,58
2022-08-23,21,48
2022-08-23,22,31
2022-08-23,23,22
2022-08-24,0,26
2022-08-24,1,4
2022-08-24,2,0
2022-08-24,3,4
2022-08-24,4,12
2022-08-24,5,31
2022-08-24,6,75
2022-08-24,7,159
2022-08-24,8,189
2022-08-24,9,128
2022-08-24,10,119
2022-08-24,11,149
2022-08-24,12,132
2022-08-24,13,114
2022-08-24,14,124
2022-08-24,15,111
2022-08-24,16,123
2022-08-24,17,137
2022-08-24,18,114
2022-08-24,19,84
2022-08-24,20,62
2022-08-24,21,53
2022-08-24,22,30
2022-08-24,23,12
2022-08-25,0,8
2022-08-25,1,0
2022-08-25,2,4
2022-08-25,3,0
2022-08-25,4,12
2022-08-25,5,21
2022-08-25,6,70
2022-08-25,7,164
2022-08-25,8,163
2022-08-25,9,136
2022-08-25,10,111
2022-08-25,11,145
2022-08-25,12,119
2022-08-25,13,128
2022-08-25,14,124
2022-08-25,15,132
2022-08-25,16,128
2022-08-25,17,141
2022-08-25,18,128
2022-08-25,19,89
2022-08-25,20,62
2022-08-25,21,52
2022-08-25,22,40
2022-08-25,23,21
2022-08-26,0,8
2022-08-26,1,0
2022-08-26,2,8
2022-08-26,3,8
2022-08-26,4,26
2022-08-26,5,31
2022-08-26,6,74
2022-08-26,7,184
2022-08-26,8,159
2022-08-26,9,131
2022-08-26,10,135
2022-08-26,11,149
2022-08-26,12,159
2022-08-26,13,120
2022-08-26,14,146
2022-08-26,15,133
2022-08-26,16,154
2022-08-26,17,159
2022-08-26,18,128
2022-08-26,19,110
2022-08-26,20,101
2022-08-26,21,54
2022-08-26,22,49
2022-08-26,23,40
2022-08-27,0,21
2022-08-27,1,21
2022-08-27,2,16
2022-08-27,3,8
2022-08-27,4,12
2022-08-27,5,12
2022-08-27,6,31
2022-08-27,7,61
2022-08-27,8,76
2022-08-27,9,118
2022-08-27,10,131
2022-08-27,11,150
2022-08-27,12,149
2022-08-27,13,145
2022-08-27,14,137
2022-08-27,15,128
2022-08-27,16,123
2022-08-27,17,136
2022-08-27,18,114
2022-08-27,19,101
2022-08-27,20,67
2022-08-27,21,53
2022-08-27,22,49
2022-08-27,23,31
2022-08-28,0,39
2022-08-28,1,21
2022-08-28,2,16
2022-08-28,3,21
2022-08-28,4,17
2022-08-28,5,8
2022-08-28,6,16
2022-08-28,7,30
2022-08-28,8,53
2022-08-28,9,76
2022-08-28,10,96
2022-08-28,11,96
2022-08-28,12,93
2022-08-28,13,92
2022-08-28,14,101
2022-08-28,15,110
2022-08-28,16,111
2022-08-28,17,114
2022-08-28,18,97
2022-08-28,19,76
2022-08-28,20,63
2022-08-28,21,48
2022-08-28,22,21
2022-08-28,23,16
2022-08-29,0,13
2022-08-29,1,4
2022-08-29,2,0
2022-08-29,3,12
2022-08-29,4,12
2022-08-29,5,26
2022-08-29,6,62
2022-08-29,7,163
2022-08-29,8,167
2022-08-29,9,128
2022-08-29,10,128
2022-08-29,11,133
2022-08-29,12,127
2022-08-29,13,114
2022-08-29,14,119
2022-08-29,15,124
2022-08-29,16,128
2022-08-29,17,115
2022-08-29,18,101
2022-08-29,19,84
2022-08-29,20,75
2022-08-29,21,49
2022-08-29,22,30
2022-08-29,23,12
2022-08-30,0,31
2022-08-30,1,0
2022-08-30,2,4
2022-08-30,3,13
2022-08-30,4,12
2022-08-30,5,35
2022-08-30,6,70
2022-08-30,7,163
2022-08-30,8,155
2022-08-30,9,132
2022-08-30,10,128
2022-08-30,11,109
2022-08-30,12,127
2022-08-30,13,132
2022-08-30,14,133
2022-08-30,15,115
2022-08-30,16,128
2022-08-30,17,140
2022-08-30,18,109
2022-08-30,19,88
2022-08-30,20,65
2022-08-30,21,62
2022-08-30,22,40
2022-08-30,23,17
2022-08-31,0,39
2022-08-31,1,8
2022-08-31,2,0
2022-08-31,3,8
2022-08-31,4,8
2022-08-31,5,36
2022-08-31,6,70
2022-08-31,7,168
2022-08-31,8,169
2022-08-31,9,131
2022-08-31,10,136
2022-08-31,11,141
2022-08-31,12,141
2022-08-31,13,131
2022-08-31,14,110
2022-08-31,15,118
2022-08-31,16,146
2022-08-31,17,136
2022-08-31,18,122
2022-08-31,19,88
2022-08-31,20,71
2022-08-31,21,44
2022-08-31,22,35
2022-08-31,23,16
2022-09-01,0,12
2022-09-01,1,0
2022-09-01,2,4
2022-09-01,3,8
2022-09-01,4,16
2022-09-01,5,21
2022-09-01,6,75
2022-09-01,7,172
2022-09-01,8,163
2022-09-01,9,137
2022-09-01,10,110
2022-09-01,11,118
2022-09-01,12,114
2022-09-01,13,128
2022-09-01,14,115
2022-09-01,15,123
2022-09-01,16,114
2022-09-01,17,142
2022-09-01,18,114
2022-09-01,19,97
2022-09-01,20,62
2022-09-01,21,48
2022-09-01,22,49
2022-09-01,23,21
2022-09-02,0,8
2022-09-02,1,0
2022-09-02,2,4
2022-09-02,3,4
2022-09-02,4,12
2022-09-02,5,31
2022-09-02,6,70
2022-09-02,7,163
2022-09-02,8,141
2022-09-02,9,141
2022-09-02,10,127
2022-09-02,11,119
2022-09-02,12,159
2022-09-02,13,123
2022-09-02,14,145
2022-09-02,15,136
2022-09-02,16,141
2022-09-02,17,155
2022-09-02,18,137
2022-09-02,19,109
2022-09-02,20,96
2022-09-02,21,57
2022-09-02,22,52
2022-09-02,23,36
2022-09-03,0,21
2022-09-03,1,17
2022-09-03,2,16
2022-09-03,3,12
2022-09-03,4,12
2022-09-03,5,16
2022-09-03,6,36
2022-09-03,7,75
2022-09-03,8,92
2022-09-03,9,149
2022-09-03,10,177
2022-09-03,11,127
2022-09-03,12,128
2022-09-03,13,114
2022-09-03,14,136
2022-09-03,15,145
2022-09-03,16,128
2022-09-03,17,124
2022-09-03,18,119
2022-09-03,19,92
2022-09-03,20,58
2022-09-03,21,49
2022-09-03,22,53
2022-09-03,23,31
2022-09-04,0,41
2022-09-04,1,16
2022-09-04,2,16
2022-09-04,3,21
2022-09-04,4,16
2022-09-04,5,0
2022-09-04,6,16
2022-09-04,7,30
2022-09-04,8,45
2022-09-04,9,92
2022-09-04,10,96
2022-09-04,11,101
2022-09-04,12,115
2022-09-04,13,119
2022-09-04,14,110
2022-09-04,15,101
2022-09-04,16,114
2022-09-04,17,119
2022-09-04,18,101
2022-09-04,19,57
2022-09-04,20,53
2022-09-04,21,44
2022-09-04,22,21
2022-09-04,23,17
2022-09-05,0,9
2022-09-05,1,4
2022-09-05,2,0
2022-09-05,3,8
2022-09-05,4,16
2022-09-05,5,26
2022-09-05,6,62
2022-09-05,7,180
2022-09-05,8,163
2022-09-05,9,132
2022-09-05,10,127
2022-09-05,11,122
2022-09-05,12,120
2022-09-05,13,119
2022-09-05,14,132
2022-09-05,15,110
2022-09-05,16,120
2022-09-05,17,106
2022-09-05,18,96
2022-09-05,19,84
2022-09-05,20,67
2022-09-05,21,36
2022-09-05,22,21
2022-09-05,23,8
2022-09-06,0,22
2022-09-06,1,4
2022-09-06,2,0
2022-09-06,3,4
2022-09-06,4,12
2022-09-06,5,31
2022-09-06,6,88
2022-09-06,7,172
2022-09-06,8,155
2022-09-06,9,119
2022-09-06,10,123
2022-09-06,11,128
2022-09-06,12,124
2022-09-06,13,114
2022-09-06,14,115
2022-09-06,15,146
2022-09-06,16,146
2022-09-06,17,199
2022-09-06,18,146
2022-09-06,19,80
2022-09-06,20,57
2022-09-06,21,93
2022-09-06,22,44
2022-09-06,23,21
2022-09-07,0,26
2022-09-07,1,0
2022-09-07,2,0
2022-09-07,3,4
2022-09-07,4,8
2022-09-07,5,31
2022-09-07,6,75
2022-09-07,7,142
2022-09-07,8,168
2022-09-07,9,132
2022-09-07,10,132
2022-09-07,11,144
2022-09-07,12,132
2022-09-07,13,118
2022-09-07,14,119
2022-09-07,15,110
2022-09-07,16,114
2022-09-07,17,128
2022-09-07,18,100
2022-09-07,19,84
2022-09-07,20,62
2022-09-07,21,49
2022-09-07,22,39
2022-09-07,23,16
2022-09-08,0,17
2022-09-08,1,4
2022-09-08,2,8
2022-09-08,3,0
2022-09-08,4,12
2022-09-08,5,31
2022-09-08,6,75
2022-09-08,7,154
2022-09-08,8,185
2022-09-08,9,118
2022-09-08,10,133
2022-09-08,11,123
2022-09-08,12,120
2022-09-08,13,119
2022-09-08,14,120
2022-09-08,15,136
2022-09-08,16,132
2022-09-08,17,133
2022-09-08,18,110
2022-09-08,19,88
2022-09-08,20,74
2022-09-08,21,48
2022-09-08,22,40
2022-09-08,23,21
2022-09-09,0,8
2022-09-09,1,4
2022-09-09,2,0
2022-09-09,3,0
2022-09-09,4,16
2022-09-09,5,35
2022-09-09,6,74
2022-09-09,7,172
2022-09-09,8,158
2022-09-09,9,149
2022-09-09,10,132
2022-09-09,11,141
2022-09-09,12,146
2022-09-09,13,124
2022-09-09,14,137
2022-09-09,15,145
2022-09-09,16,133
2022-09-09,17,141
2022-09-09,18,128
2022-09-09,19,100
2022-09-09,20,84
2022-09-09,21,48
2022-09-09,22,53
2022-09-09,23,44
2022-09-10,0,21
2022-09-10,1,26
2022-09-10,2,16
2022-09-10,3,8
2022-09-10,4,12
2022-09-10,5,17
2022-09-10,6,36
2022-09-10,7,57
2022-09-10,8,76
2022-09-10,9,124
2022-09-10,10,115
2022-09-10,11,149
2022-09-10,12,150
2022-09-10,13,163
2022-09-10,14,158
2022-09-10,15,132
2022-09-10,16,123
2022-09-10,17,128
2022-09-10,18,106
2022-09-10,19,104
2022-09-10,20,76
2022-09-10,21,45
2022-09-10,22,48
2022-09-10,23,21
2022-09-11,0,40
2022-09-11,1,16
2022-09-11,2,21
2022-09-11,3,16
2022-09-11,4,8
2022-09-11,5,4
2022-09-11,6,16
2022-09-11,7,26
2022-09-11,8,49
2022-09-11,9,80
2022-09-11,10,100
2022-09-11,11,101
2022-09-11,12,124
2022-09-11,13,115
2022-09-11,14,100
2022-09-11,15,114
2022-09-11,16,123
2022-09-11,17,106
2022-09-11,18,105
2022-09-11,19,72
2022-09-11,20,58
2022-09-11,21,44
2022-09-11,22,26
2022-09-11,23,16
2022-09-12,0,8
2022-09-12,1,0
2022-09-12,2,4
2022-09-12,3,4
2022-09-12,4,12
2022-09-12,5,26
2022-09-12,6,66
2022-09-12,7,171
2022-09-12,8,150
2022-09-12,9,127
2022-09-12,10,114
2022-09-12,11,119
2022-09-12,12,116
2022-09-12,13,119
2022-09-12,14,123
2022-09-12,15,111
2022-09-12,16,123
2022-09-12,17,128
2022-09-12,18,101
2022-09-12,19,84
2022-09-12,20,62
2022-09-12,21,49
2022-09-12,22,17
2022-09-12,23,8
2022-09-13,0,26
2022-09-13,1,0
2022-09-13,2,0
2022-09-13,3,4
2022-09-13,4,8
2022-09-13,5,31
2022-09-13,6,74
2022-09-13,7,173
2022-09-13,8,168
2022-09-13,9,119
2022-09-13,10,128
2022-09-13,11,111
2022-09-13,12,120
2022-09-13,13,105
2022-09-13,14,115
2022-09-13,15,106
2022-09-13,16,115
2022-09-13,17,128
2022-09-13,18,106
2022-09-13,19,88
2022-09-13,20,53
2022-09-13,21,44
2022-09-13,22,26
2022-09-13,23,17
2022-09-14,0,18
2022-09-14,1,0
2022-09-14,2,0
2022-09-14,3,0
2022-09-14,4,8
2022-09-14,5,35
2022-09-14,6,71
2022-09-14,7,159
2022-09-14,8,182
2022-09-14,9,127
2022-09-14,10,123
2022-09-14,11,132
2022-09-14,12,140
2022-09-14,13,127
2022-09-14,14,110
2022-09-14,15,124
2022-09-14,16,129
2022-09-14,17,129
2022-09-14,18,92
2022-09-14,19,80
2022-09-14,20,56
2022-09-14,21,48
2022-09-14,22,39
2022-09-14,23,16
2022-09-15,0,0
2022-09-15,1,0
2022-09-15,2,0
2022-09-15,3,4
2022-09-15,4,12
2022-09-15,5,26
2022-09-15,6,79
2022-09-15,7,171
2022-09-15,8,184
2022-09-15,9,123
2022-09-15,10,128
2022-09-15,11,123
2022-09-15,12,136
2022-09-15,13,123
2022-09-15,14,111
2022-09-15,15,123
2022-09-15,16,115
2022-09-15,17,137
2022-09-15,18,105
2022-09-15,19,102
2022-09-15,20,62
2022-09-15,21,44
2022-09-15,22,44
2022-09-15,23,16
2022-09-16,0,8
2022-09-16,1,0
2022-09-16,2,0
2022-09-16,3,4
2022-09-16,4,16
2022-09-16,5,31
2022-09-16,6,70
2022-09-16,7,166
2022-09-16,8,172
2022-09-16,9,141
2022-09-16,10,127
2022-09-16,11,140
2022-09-16,12,128
2022-09-16,13,128
2022-09-16,14,150
2022-09-16,15,151
2022-09-16,16,137
2022-09-16,17,151
2022-09-16,18,132
2022-09-16,19,116
2022-09-16,20,88
2022-09-16,21,58
2022-09-16,22,44
2022-09-16,23,40
2022-09-17,0,16
2022-09-17,1,21
2022-09-17,2,16
2022-09-17,3,12
2022-09-17,4,16
2022-09-17,5,12
2022-09-17,6,31
2022-09-17,7,61
2022-09-17,8,84
2022-09-17,9,102
2022-09-17,10,115
2022-09-17,11,149
2022-09-17,12,150
2022-09-17,13,154
2022-09-17,14,141
2022-09-17,15,133
2022-09-17,16,127
2022-09-17,17,137
2022-09-17,18,120
2022-09-17,19,97
2022-09-17,20,63
2022-09-17,21,49
2022-09-17,22,48
2022-09-17,23,31
2022-09-18,0,44
2022-09-18,1,21
2022-09-18,2,16
2022-09-18,3,16
2022-09-18,4,12
2022-09-18,5,4
2022-09-18,6,16
2022-09-18,7,26
2022-09-18,8,45
2022-09-18,9,88
2022-09-18,10,92
2022-09-18,11,105
2022-09-18,12,101
2022-09-18,13,92
2022-09-18,14,100
2022-09-18,15,119
2022-09-18,16,115
2022-09-18,17,119
2022-09-18,18,100
2022-09-18,19,76
2022-09-18,20,58
2022-09-18,21,44
2022-09-18,22,26
2022-09-18,23,26
2022-09-19,0,9
2022-09-19,1,4
2022-09-19,2,4
2022-09-19,3,12
2022-09-19,4,12
2022-09-19,5,16
2022-09-19,6,30
2022-09-19,7,92
2022-09-19,8,84
2022-09-19,9,67
2022-09-19,10,84
2022-09-19,11,84
2022-09-19,12,76
2022-09-19,13,88
2022-09-19,14,88
2022-09-19,15,88
2022-09-19,16,84
2022-09-19,17,92
2022-09-19,18,92
2022-09-19,19,76
2022-09-19,20,67
2022-09-19,21,44
2022-09-19,22,21
2022-09-19,23,16
2022-09-20,0,18
2022-09-20,1,0
2022-09-20,2,0
2022-09-20,3,4
2022-09-20,4,12
2022-09-20,5,31
2022-09-20,6,75
2022-09-20,7,172
2022-09-20,8,164
2022-09-20,9,133
2022-09-20,10,132
2022-09-20,11,120
2022-09-20,12,128
2022-09-20,13,123
2022-09-20,14,116
2022-09-20,15,104
2022-09-20,16,123
2022-09-20,17,132
2022-09-20,18,97
2022-09-20,19,84
2022-09-20,20,49
2022-09-20,21,48
2022-09-20,22,31
2022-09-20,23,21
2022-09-21,0,22
2022-09-21,1,0
2022-09-21,2,0
2022-09-21,3,0
2022-09-21,4,8
2022-09-21,5,31
2022-09-21,6,67
2022-09-21,7,163
2022-09-21,8,178
2022-09-21,9,137
2022-09-21,10,127
2022-09-21,11,141
2022-09-21,12,151
2022-09-21,13,123
2022-09-21,14,119
2022-09-21,15,123
2022-09-21,16,113
2022-09-21,17,154
2022-09-21,18,114
2022-09-21,19,80
2022-09-21,20,61
2022-09-21,21,40
2022-09-21,22,35
2022-09-21,23,8
2022-09-22,0,4
2022-09-22,1,0
2022-09-22,2,4
2022-09-22,3,0
2022-09-22,4,16
2022-09-22,5,26
2022-09-22,6,71
2022-09-22,7,154
2022-09-22,8,187
2022-09-22,9,154
2022-09-22,10,120
2022-09-22,11,136
2022-09-22,12,123
2022-09-22,13,132
2022-09-22,14,110
2022-09-22,15,123
2022-09-22,16,124
2022-09-22,17,133
2022-09-22,18,111
2022-09-22,19,92
2022-09-22,20,67
2022-09-22,21,53
2022-09-22,22,40
2022-09-22,23,16
2022-09-23,0,8
2022-09-23,1,8
2022-09-23,2,4
2022-09-23,3,8
2022-09-23,4,12
2022-09-23,5,26
2022-09-23,6,70
2022-09-23,7,149
2022-09-23,8,123
2022-09-23,9,127
2022-09-23,10,114
2022-09-23,11,137
2022-09-23,12,145
2022-09-23,13,119
2022-09-23,14,128
2022-09-23,15,132
2022-09-23,16,128
2022-09-23,17,155
2022-09-23,18,119
2022-09-23,19,96
2022-09-23,20,84
2022-09-23,21,49
2022-09-23,22,53
2022-09-23,23,36
2022-09-24,0,16
2022-09-24,1,21
2022-09-24,2,16
2022-09-24,3,12
2022-09-24,4,12
2022-09-24,5,16
2022-09-24,6,26
2022-09-24,7,65
2022-09-24,8,83
2022-09-24,9,106
2022-09-24,10,106
2022-09-24,11,132
2022-09-24,12,154
2022-09-24,13,149
2022-09-24,14,128
2022-09-24,15,132
2022-09-24,16,114
2022-09-24,17,119
2022-09-24,18,115
2022-09-24,19,92
2022-09-24,20,57
2022-09-24,21,49
2022-09-24,22,48
2022-09-24,23,36
2022-09-25,0,41
2022-09-25,1,16
2022-09-25,2,21
2022-09-25,3,16
2022-09-25,4,8
2022-09-25,5,0
2022-09-25,6,21
2022-09-25,7,26
2022-09-25,8,49
2022-09-25,9,80
2022-09-25,10,92
2022-09-25,11,105
2022-09-25,12,101
2022-09-25,13,106
2022-09-25,14,109
2022-09-25,15,109
2022-09-25,16,119
2022-09-25,17,105
2022-09-25,18,101
2022-09-25,19,62
2022-09-25,20,53
2022-09-25,21,48
2022-09-25,22,26
2022-09-25,23,21
2022-09-26,0,13
2022-09-26,1,4
2022-09-26,2,8
2022-09-26,3,8
2022-09-26,4,12
2022-09-26,5,16
2022-09-26,6,40
2022-09-26,7,118
2022-09-26,8,101
2022-09-26,9,88
2022-09-26,10,101
2022-09-26,11,100
2022-09-26,12,100
2022-09-26,13,92
2022-09-26,14,110
2022-09-26,15,93
2022-09-26,16,105
2022-09-26,17,105
2022-09-26,18,96
2022-09-26,19,80
2022-09-26,20,63
2022-09-26,21,39
2022-09-26,22,22
2022-09-26,23,16
2022-09-27,0,22
2022-09-27,1,0
2022-09-27,2,0
2022-09-27,3,4
2022-09-27,4,4
2022-09-27,5,26
2022-09-27,6,84
2022-09-27,7,160
2022-09-27,8,159
2022-09-27,9,141
2022-09-27,10,141
2022-09-27,11,124
2022-09-27,12,124
2022-09-27,13,123
2022-09-27,14,123
2022-09-27,15,110
2022-09-27,16,124
2022-09-27,17,141
2022-09-27,18,93
2022-09-27,19,80
2022-09-27,20,49
2022-09-27,21,48
2022-09-27,22,30
2022-09-27,23,21
2022-09-28,0,18
2022-09-28,1,0
2022-09-28,2,0
2022-09-28,3,0
2022-09-28,4,8
2022-09-28,5,31
2022-09-28,6,80
2022-09-28,7,159
2022-09-28,8,173
2022-09-28,9,136
2022-09-28,10,136
2022-09-28,11,146
2022-09-28,12,145
2022-09-28,13,124
2022-09-28,14,119
2022-09-28,15,110
2022-09-28,16,123
2022-09-28,17,141
2022-09-28,18,88
2022-09-28,19,75
2022-09-28,20,57
2022-09-28,21,40
2022-09-28,22,30
2022-09-28,23,8
2022-09-29,0,0
2022-09-29,1,0
2022-09-29,2,0
2022-09-29,3,4
2022-09-29,4,12
2022-09-29,5,26
2022-09-29,6,71
2022-09-29,7,168
2022-09-29,8,185
2022-09-29,9,131
2022-09-29,10,125
2022-09-29,11,123
2022-09-29,12,136
2022-09-29,13,124
2022-09-29,14,115
2022-09-29,15,146
2022-09-29,16,123
2022-09-29,17,142
2022-09-29,18,132
2022-09-29,19,88
2022-09-29,20,66
2022-09-29,21,48
2022-09-29,22,36
2022-09-29,23,16
2022-09-30,0,8
2022-09-30,1,4
2022-09-30,2,0
2022-09-30,3,9
2022-09-30,4,12
2022-09-30,5,31
2022-09-30,6,74
2022-09-30,7,181
2022-09-30,8,164
2022-09-30,9,154
2022-09-30,10,141
2022-09-30,11,137
2022-09-30,12,146
2022-09-30,13,124
2022-09-30,14,163
2022-09-30,15,124
2022-09-30,16,129
2022-09-30,17,158
2022-09-30,18,127
2022-09-30,19,96
2022-09-30,20,76
2022-09-30,21,53
2022-09-30,22,53
2022-09-30,23,36
2022-10-01,0,26
2022-10-01,1,25
2022-10-01,2,16
2022-10-01,3,12
2022-10-01,4,12
2022-10-01,5,12
2022-10-01,6,31
2022-10-01,7,61
2022-10-01,8,93
2022-10-01,9,119
2022-10-01,10,111
2022-10-01,11,159
2022-10-01,12,189
2022-10-01,13,215
2022-10-01,14,159
2022-10-01,15,145
2022-10-01,16,154
2022-10-01,17,153
2022-10-01,18,132
2022-10-01,19,109
2022-10-01,20,58
2022-10-01,21,53
2022-10-01,22,49
2022-10-01,23,31
2022-10-02,0,35
2022-10-02,1,21
2022-10-02,2,16
2022-10-02,3,16
2022-10-02,4,8
2022-10-02,5,8
2022-10-02,6,16
2022-10-02,7,35
2022-10-02,8,66
2022-10-02,9,100
2022-10-02,10,104
2022-10-02,11,128
2022-10-02,12,146
2022-10-02,13,155
2022-10-02,14,132
2022-10-02,15,115
2022-10-02,16,114
2022-10-02,17,119
2022-10-02,18,100
2022-10-02,19,72
2022-10-02,20,58
2022-10-02,21,49
2022-10-02,22,21
2022-10-02,23,16
2022-10-03,0,9
2022-10-03,1,0
2022-10-03,2,0
2022-10-03,3,4
2022-10-03,4,8
2022-10-03,5,26
2022-10-03,6,70
2022-10-03,7,180
2022-10-03,8,163
2022-10-03,9,129
2022-10-03,10,128
2022-10-03,11,137
2022-10-03,12,140
2022-10-03,13,114
2022-10-03,14,131
2022-10-03,15,116
2022-10-03,16,146
2022-10-03,17,132
2022-10-03,18,105
2022-10-03,19,75
2022-10-03,20,62
2022-10-03,21,48
2022-10-03,22,21
2022-10-03,23,8
2022-10-04,0,22
2022-10-04,1,4
2022-10-04,2,0
2022-10-04,3,0
2022-10-04,4,4
2022-10-04,5,31
2022-10-04,6,79
2022-10-04,7,154
2022-10-04,8,151
2022-10-04,9,127
2022-10-04,10,124
2022-10-04,11,107
2022-10-04,12,119
2022-10-04,13,109
2022-10-04,14,118
2022-10-04,15,111
2022-10-04,16,133
2022-10-04,17,137
2022-10-04,18,97
2022-10-04,19,92
2022-10-04,20,44
2022-10-04,21,57
2022-10-04,22,26
2022-10-04,23,17
2022-10-05,0,18
2022-10-05,1,0
2022-10-05,2,0
2022-10-05,3,0
2022-10-05,4,12
2022-10-05,5,31
2022-10-05,6,75
2022-10-05,7,155
2022-10-05,8,164
2022-10-05,9,128
2022-10-05,10,119
2022-10-05,11,133
2022-10-05,12,141
2022-10-05,13,119
2022-10-05,14,110
2022-10-05,15,115
2022-10-05,16,115
2022-10-05,17,127
2022-10-05,18,105
2022-10-05,19,79
2022-10-05,20,57
2022-10-05,21,52
2022-10-05,22,30
2022-10-05,23,8
2022-10-06,0,4
2022-10-06,1,0
2022-10-06,2,4
2022-10-06,3,0
2022-10-06,4,12
2022-10-06,5,35
2022-10-06,6,79
2022-10-06,7,163
2022-10-06,8,171
2022-10-06,9,124
2022-10-06,10,115
2022-10-06,11,137
2022-10-06,12,141
2022-10-06,13,128
2022-10-06,14,116
2022-10-06,15,150
2022-10-06,16,114
2022-10-06,17,142
2022-10-06,18,127
2022-10-06,19,88
2022-10-06,20,58
2022-10-06,21,52
2022-10-06,22,40
2022-10-06,23,16
2022-10-07,0,8
2022-10-07,1,0
2022-10-07,2,4
2022-10-07,3,0
2022-10-07,4,16
2022-10-07,5,26
2022-10-07,6,70
2022-10-07,7,176
2022-10-07,8,158
2022-10-07,9,137
2022-10-07,10,132
2022-10-07,11,133
2022-10-07,12,146
2022-10-07,13,136
2022-10-07,14,154
2022-10-07,15,155
2022-10-07,16,137
2022-10-07,17,159
2022-10-07,18,133
2022-10-07,19,101
2022-10-07,20,76
2022-10-07,21,53
2022-10-07,22,53
2022-10-07,23,40
2022-10-08,0,18
2022-10-08,1,21
2022-10-08,2,16
2022-10-08,3,4
2022-10-08,4,12
2022-10-08,5,21
2022-10-08,6,36
2022-10-08,7,70
2022-10-08,8,88
2022-10-08,9,110
2022-10-08,10,119
2022-10-08,11,150
2022-10-08,12,159
2022-10-08,13,137
2022-10-08,14,146
2022-10-08,15,132
2022-10-08,16,131
2022-10-08,17,127
2022-10-08,18,123
2022-10-08,19,109
2022-10-08,20,71
2022-10-08,21,53
2022-10-08,22,58
2022-10-08,23,21
2022-10-09,0,40
2022-10-09,1,16
2022-10-09,2,16
2022-10-09,3,16
2022-10-09,4,12
2022-10-09,5,8
2022-10-09,6,17
2022-10-09,7,21
2022-10-09,8,49
2022-10-09,9,80
2022-10-09,10,97
2022-10-09,11,101
2022-10-09,12,102
2022-10-09,13,120
2022-10-09,14,119
2022-10-09,15,110
2022-10-09,16,120
2022-10-09,17,110
2022-10-09,18,106
2022-10-09,19,67
2022-10-09,20,49
2022-10-09,21,53
2022-10-09,22,26
2022-10-09,23,16
2022-10-10,0,9
2022-10-10,1,4
2022-10-10,2,0
2022-10-10,3,4
2022-10-10,4,12
2022-10-10,5,26
2022-10-10,6,75
2022-10-10,7,167
2022-10-10,8,163
2022-10-10,9,92
2022-10-10,10,128
2022-10-10,11,128
2022-10-10,12,115
2022-10-10,13,109
2022-10-10,14,132
2022-10-10,15,123
2022-10-10,16,128
2022-10-10,17,132
2022-10-10,18,114
2022-10-10,19,79
2022-10-10,20,67
2022-10-10,21,49
2022-10-10,22,27
2022-10-10,23,16
2022-10-11,0,22
2022-10-11,1,0
2022-10-11,2,0
2022-10-11,3,4
2022-10-11,4,4
2022-10-11,5,31
2022-10-11,6,70
2022-10-11,7,163
2022-10-11,8,153
2022-10-11,9,141
2022-10-11,10,132
2022-10-11,11,119
2022-10-11,12,128
2022-10-11,13,118
2022-10-11,14,120
2022-10-11,15,123
2022-10-11,16,141
2022-10-11,17,177
2022-10-11,18,159
2022-10-11,19,92
2022-10-11,20,52
2022-10-11,21,79
2022-10-11,22,40
2022-10-11,23,21
2022-10-12,0,22
2022-10-12,1,0
2022-10-12,2,0
2022-10-12,3,4
2022-10-12,4,8
2022-10-12,5,26
2022-10-12,6,75
2022-10-12,7,159
2022-10-12,8,182
2022-10-12,9,131
2022-10-12,10,118
2022-10-12,11,141
2022-10-12,12,150
2022-10-12,13,122
2022-10-12,14,128
2022-10-12,15,119
2022-10-12,16,115
2022-10-12,17,129
2022-10-12,18,114
2022-10-12,19,76
2022-10-12,20,56
2022-10-12,21,57
2022-10-12,22,30
2022-10-12,23,16
2022-10-13,0,4
2022-10-13,1,4
2022-10-13,2,12
2022-10-13,3,4
2022-10-13,4,12
2022-10-13,5,21
2022-10-13,6,75
2022-10-13,7,176
2022-10-13,8,154
2022-10-13,9,128
2022-10-13,10,118
2022-10-13,11,123
2022-10-13,12,114
2022-10-13,13,126
2022-10-13,14,128
2022-10-13,15,137
2022-10-13,16,128
2022-10-13,17,129
2022-10-13,18,114
2022-10-13,19,92
2022-10-13,20,57
2022-10-13,21,52
2022-10-13,22,44
2022-10-13,23,16
2022-10-14,0,8
2022-10-14,1,0
2022-10-14,2,0
2022-10-14,3,8
2022-10-14,4,16
2022-10-14,5,31
2022-10-14,6,70
2022-10-14,7,184
2022-10-14,8,150
2022-10-14,9,137
2022-10-14,10,128
2022-10-14,11,120
2022-10-14,12,140
2022-10-14,13,124
2022-10-14,14,146
2022-10-14,15,133
2022-10-14,16,137
2022-10-14,17,146
2022-10-14,18,124
2022-10-14,19,92
2022-10-14,20,84
2022-10-14,21,53
2022-10-14,22,44
2022-10-14,23,36
2022-10-15,0,21
2022-10-15,1,25
2022-10-15,2,16
2022-10-15,3,8
2022-10-15,4,12
2022-10-15,5,16
2022-10-15,6,26
2022-10-15,7,57
2022-10-15,8,88
2022-10-15,9,105
2022-10-15,10,120
2022-10-15,11,154
2022-10-15,12,155
2022-10-15,13,211
2022-10-15,14,127
2022-10-15,15,128
2022-10-15,16,128
2022-10-15,17,128
2022-10-15,18,111
2022-10-15,19,92
2022-10-15,20,67
2022-10-15,21,48
2022-10-15,22,58
2022-10-15,23,28
2022-10-16,0,39
2022-10-16,1,16
2022-10-16,2,21
2022-10-16,3,16
2022-10-16,4,12
2022-10-16,5,8
2022-10-16,6,16
2022-10-16,7,26
2022-10-16,8,49
2022-10-16,9,80
2022-10-16,10,96
2022-10-16,11,93
2022-10-16,12,92
2022-10-16,13,96
2022-10-16,14,114
2022-10-16,15,109
2022-10-16,16,115
2022-10-16,17,120
2022-10-16,18,109
2022-10-16,19,67
2022-10-16,20,57
2022-10-16,21,48
2022-10-16,22,31
2022-10-16,23,21
2022-10-17,0,16
2022-10-17,1,4
2022-10-17,2,4
2022-10-17,3,0
2022-10-17,4,16
2022-10-17,5,26
2022-10-17,6,62
2022-10-17,7,184
2022-10-17,8,146
2022-10-17,9,114
2022-10-17,10,114
2022-10-17,11,114
2022-10-17,12,115
2022-10-17,13,117
2022-10-17,14,106
2022-10-17,15,132
2022-10-17,16,128
2022-10-17,17,107
2022-10-17,18,93
2022-10-17,19,84
2022-10-17,20,66
2022-10-17,21,49
2022-10-17,22,26
2022-10-17,23,16
2022-10-18,0,30
2022-10-18,1,4
2022-10-18,2,0
2022-10-18,3,4
2022-10-18,4,12
2022-10-18,5,35
2022-10-18,6,76
2022-10-18,7,155
2022-10-18,8,124
2022-10-18,9,101
2022-10-18,10,132
2022-10-18,11,119
2022-10-18,12,114
2022-10-18,13,109
2022-10-18,14,114
2022-10-18,15,96
2022-10-18,16,114
2022-10-18,17,128
2022-10-18,18,101
2022-10-18,19,76
2022-10-18,20,54
2022-10-18,21,48
2022-10-18,22,31
2022-10-18,23,17
2022-10-19,0,22
2022-10-19,1,0
2022-10-19,2,0
2022-10-19,3,8
2022-10-19,4,8
2022-10-19,5,31
2022-10-19,6,67
2022-10-19,7,145
2022-10-19,8,132
2022-10-19,9,119
2022-10-19,10,115
2022-10-19,11,128
2022-10-19,12,136
2022-10-19,13,124
2022-10-19,14,111
2022-10-19,15,118
2022-10-19,16,115
2022-10-19,17,120
2022-10-19,18,100
2022-10-19,19,80
2022-10-19,20,62
2022-10-19,21,52
2022-10-19,22,35
2022-10-19,23,12
2022-10-20,0,4
2022-10-20,1,0
2022-10-20,2,4
2022-10-20,3,0
2022-10-20,4,16
2022-10-20,5,16
2022-10-20,6,74
2022-10-20,7,143
2022-10-20,8,142
2022-10-20,9,106
2022-10-20,10,114
2022-10-20,11,131
2022-10-20,12,115
2022-10-20,13,118
2022-10-20,14,123
2022-10-20,15,128
2022-10-20,16,110
2022-10-20,17,125
2022-10-20,18,110
2022-10-20,19,76
2022-10-20,20,57
2022-10-20,21,52
2022-10-20,22,40
2022-10-20,23,16
2022-10-21,0,8
2022-10-21,1,0
2022-10-21,2,0
2022-10-21,3,8
2022-10-21,4,21
2022-10-21,5,26
2022-10-21,6,70
2022-10-21,7,155
2022-10-21,8,128
2022-10-21,9,84
2022-10-21,10,127
2022-10-21,11,128
2022-10-21,12,145
2022-10-21,13,115
2022-10-21,14,163
2022-10-21,15,146
2022-10-21,16,133
2022-10-21,17,142
2022-10-21,18,124
2022-10-21,19,96
2022-10-21,20,88
2022-10-21,21,54
2022-10-21,22,53
2022-10-21,23,36
2022-10-22,0,21
2022-10-22,1,21
2022-10-22,2,16
2022-10-22,3,16
2022-10-22,4,12
2022-10-22,5,12
2022-10-22,6,31
2022-10-22,7,61
2022-10-22,8,84
2022-10-22,9,114
2022-10-22,10,110
2022-10-22,11,140
2022-10-22,12,123
2022-10-22,13,123
2022-10-22,14,118
2022-10-22,15,140
2022-10-22,16,126
2022-10-22,17,118
2022-10-22,18,115
2022-10-22,19,101
2022-10-22,20,67
2022-10-22,21,49
2022-10-22,22,48
2022-10-22,23,22
2022-10-23,0,40
2022-10-23,1,21
2022-10-23,2,16
2022-10-23,3,16
2022-10-23,4,16
2022-10-23,5,8
2022-10-23,6,16
2022-10-23,7,26
2022-10-23,8,45
2022-10-23,9,71
2022-10-23,10,101
2022-10-23,11,109
2022-10-23,12,92
2022-10-23,13,96
2022-10-23,14,106
2022-10-23,15,110
2022-10-23,16,115
2022-10-23,17,115
2022-10-23,18,101
2022-10-23,19,67
2022-10-23,20,57
2022-10-23,21,48
2022-10-23,22,16
2022-10-23,23,21
2022-10-24,0,4
2022-10-24,1,4
2022-10-24,2,4
2022-10-24,3,8
2022-10-24,4,12
2022-10-24,5,26
2022-10-24,6,57
2022-10-24,7,177
2022-10-24,8,177
2022-10-24,9,119
2022-10-24,10,128
2022-10-24,11,114
2022-10-24,12,123
2022-10-24,13,115
2022-10-24,14,127
2022-10-24,15,115
2022-10-24,16,124
2022-10-24,17,127
2022-10-24,18,101
2022-10-24,19,83
2022-10-24,20,62
2022-10-24,21,41
2022-10-24,22,30
2022-10-24,23,12
2022-10-25,0,30
2022-10-25,1,0
2022-10-25,2,0
2022-10-25,3,4
2022-10-25,4,12
2022-10-25,5,31
2022-10-25,6,75
2022-10-25,7,155
2022-10-25,8,164
2022-10-25,9,128
2022-10-25,10,140
2022-10-25,11,93
2022-10-25,12,127
2022-10-25,13,123
2022-10-25,14,115
2022-10-25,15,114
2022-10-25,16,140
2022-10-25,17,163
2022-10-25,18,141
2022-10-25,19,88
2022-10-25,20,53
2022-10-25,21,70
2022-10-25,22,35
2022-10-25,23,26
2022-10-26,0,26
2022-10-26,1,0
2022-10-26,2,4
2022-10-26,3,0
2022-10-26,4,8
2022-10-26,5,26
2022-10-26,6,67
2022-10-26,7,154
2022-10-26,8,173
2022-10-26,9,128
2022-10-26,10,128
2022-10-26,11,133
2022-10-26,12,140
2022-10-26,13,119
2022-10-26,14,111
2022-10-26,15,128
2022-10-26,16,119
2022-10-26,17,141
2022-10-26,18,123
2022-10-26,19,88
2022-10-26,20,57
2022-10-26,21,52
2022-10-26,22,30
2022-10-26,23,12
2022-10-27,0,8
2022-10-27,1,0
2022-10-27,2,0
2022-10-27,3,0
2022-10-27,4,16
2022-10-27,5,26
2022-10-27,6,75
2022-10-27,7,167
2022-10-27,8,176
2022-10-27,9,141
2022-10-27,10,118
2022-10-27,11,136
2022-10-27,12,132
2022-10-27,13,132
2022-10-27,14,120
2022-10-27,15,132
2022-10-27,16,123
2022-10-27,17,142
2022-10-27,18,114
2022-10-27,19,105
2022-10-27,20,70
2022-10-27,21,48
2022-10-27,22,44
2022-10-27,23,16
2022-10-28,0,4
2022-10-28,1,12
2022-10-28,2,0
2022-10-28,3,0
2022-10-28,4,16
2022-10-28,5,36
2022-10-28,6,66
2022-10-28,7,172
2022-10-28,8,168
2022-10-28,9,137
2022-10-28,10,137
2022-10-28,11,129
2022-10-28,12,155
2022-10-28,13,137
2022-10-28,14,146
2022-10-28,15,145
2022-10-28,16,136
2022-10-28,17,146
2022-10-28,18,137
2022-10-28,19,101
2022-10-28,20,88
2022-10-28,21,62
2022-10-28,22,58
2022-10-28,23,40
2022-10-29,0,21
2022-10-29,1,22
2022-10-29,2,16
2022-10-29,3,16
2022-10-29,4,16
2022-10-29,5,12
2022-10-29,6,31
2022-10-29,7,65
2022-10-29,8,88
2022-10-29,9,119
2022-10-29,10,125
2022-10-29,11,163
2022-10-29,12,146
2022-10-29,13,149
2022-10-29,14,137
2022-10-29,15,141
2022-10-29,16,125
2022-10-29,17,133
2022-10-29,18,124
2022-10-29,19,106
2022-10-29,20,68
2022-10-29,21,53
2022-10-29,22,62
2022-10-29,23,36
2022-10-30,0,49
2022-10-30,1,16
2022-10-30,2,16
2022-10-30,3,16
2022-10-30,4,16
2022-10-30,5,4
2022-10-30,6,8
2022-10-30,7,21
2022-10-30,8,26
2022-10-30,9,53
2022-10-30,10,92
2022-10-30,11,115
2022-10-30,12,110
2022-10-30,13,97
2022-10-30,14,106
2022-10-30,15,123
2022-10-30,16,101
2022-10-30,17,124
2022-10-30,18,124
2022-10-30,19,84
2022-10-30,20,71
2022-10-30,21,53
2022-10-30,22,40
2022-10-30,23,26
2022-10-31,0,25
2022-10-31,1,9
2022-10-31,2,8
2022-10-31,3,8
2022-10-31,4,4
2022-10-31,5,16
2022-10-31,6,21
2022-10-31,7,62
2022-10-31,8,188
2022-10-31,9,173
2022-10-31,10,124
2022-10-31,11,136
2022-10-31,12,132
2022-10-31,13,120
2022-10-31,14,120
2022-10-31,15,99
2022-10-31,16,117
2022-10-31,17,123
2022-10-31,18,129
2022-10-31,19,107
2022-10-31,20,81
2022-10-31,21,67
2022-10-31,22,50
2022-10-31,23,25
2022-11-01,0,15
2022-11-01,1,11
2022-11-01,2,6
2022-11-01,3,7
2022-11-01,4,8
2022-11-01,5,12
2022-11-01,6,21
2022-11-01,7,76
2022-11-01,8,181
2022-11-01,9,170
2022-11-01,10,113
2022-11-01,11,116
2022-11-01,12,98
2022-11-01,13,129
2022-11-01,14,123
2022-11-01,15,118
2022-11-01,16,108
2022-11-01,17,126
2022-11-01,18,142
2022-11-01,19,114
2022-11-01,20,70
2022-11-01,21,59
2022-11-01,22,54
2022-11-01,23,30
2022-11-02,0,13
2022-11-02,1,10
2022-11-02,2,7
2022-11-02,3,8
2022-11-02,4,7
2022-11-02,5,6
2022-11-02,6,28
2022-11-02,7,71
2022-11-02,8,157
2022-11-02,9,157
2022-11-02,10,115
2022-11-02,11,129
2022-11-02,12,133
2022-11-02,13,120
2022-11-02,14,89
2022-11-02,15,120
2022-11-02,16,110
2022-11-02,17,130
2022-11-02,18,115
2022-11-02,19,108
2022-11-02,20,65
2022-11-02,21,66
2022-11-02,22,37
2022-11-02,23,23
2022-11-03,0,14
2022-11-03,1,9
2022-11-03,2,4
2022-11-03,3,5
2022-11-03,4,4
2022-11-03,5,8
2022-11-03,9,108
2022-11-03,10,84
2022-11-03,11,96
2022-11-03,12,93
2022-11-03,13,116
2022-11-03,14,115
2022-11-03,15,136
2022-11-03,16,126
2022-11-03,17,134
2022-11-03,18,109
2022-11-03,19,125
2022-11-03,20,77
2022-11-03,21,70
2022-11-03,22,48
2022-11-03,23,24
2022-11-04,0,13
2022-11-04,1,11
2022-11-04,2,7
2022-11-04,3,4
2022-11-04,4,3
2022-11-04,5,7
2022-11-04,6,22
2022-11-04,7,66
2022-11-04,8,149
2022-11-04,9,130
2022-11-04,10,117
2022-11-04,11,136
2022-11-04,12,99
2022-11-04,13,139
2022-11-04,14,118
2022-11-04,15,110
2022-11-04,16,133
2022-11-04,17,166
2022-11-04,18,137
2022-11-04,19,138
2022-11-04,20,94
2022-11-04,21,78
2022-11-04,22,54
2022-11-04,23,38
2022-11-05,0,29
2022-11-05,1,19
2022-11-05,2,8
2022-11-05,3,5
2022-11-05,4,6
2022-11-05,5,9
2022-11-05,6,16
2022-11-05,7,26
2022-11-05,8,45
2022-11-05,9,84
2022-11-05,10,106
2022-11-05,11,142
2022-11-05,12,125
2022-11-05,13,116
2022-11-05,14,111
2022-11-05,15,85
2022-11-05,16,108
2022-11-05,17,77
2022-11-05,18,136
2022-11-05,19,115
2022-11-05,20,100
2022-11-05,21,72
2022-11-05,22,65
2022-11-05,23,51
2022-11-06,0,37
2022-11-06,1,20
2022-11-06,2,15
2022-11-06,3,9
2022-11-06,4,10
2022-11-06,5,8
2022-11-06,6,4
2022-11-06,7,21
2022-11-06,8,27
2022-11-06,9,43
2022-11-06,10,61
2022-11-06,11,90
2022-11-06,12,100
2022-11-06,13,96
2022-11-06,14,129
2022-11-06,15,82
2022-11-06,16,111
2022-11-06,17,145
2022-11-06,18,83
2022-11-06,19,97
2022-11-06,20,47
2022-11-06,21,38
2022-11-06,22,39
2022-11-06,23,20
2022-11-07,0,13
2022-11-07,1,3
2022-11-07,2,5
2022-11-07,3,1
2022-11-07,4,6
2022-11-07,5,9
2022-11-07,6,26
2022-11-07,7,68
2022-11-07,8,147
2022-11-07,9,161
2022-11-07,10,105
2022-11-07,11,123
2022-11-07,12,115
2022-11-07,13,104
2022-11-07,14,115
2022-11-07,15,112
2022-11-07,16,126
2022-11-07,17,122
2022-11-07,18,111
2022-11-07,19,100
2022-11-07,20,67
2022-11-07,21,43
2022-11-07,22,33
2022-11-07,23,25
2022-11-08,0,8
2022-11-08,1,6
2022-11-08,2,5
2022-11-08,3,5
2022-11-08,4,4
2022-11-08,5,13
2022-11-08,6,26
2022-11-08,7,85
2022-11-08,8,140
2022-11-08,9,152
2022-11-08,10,142
2022-11-08,11,118
2022-11-08,12,131
2022-11-08,13,117
2022-11-08,14,123
2022-11-08,15,110
2022-11-08,16,142
2022-11-08,17,144
2022-11-08,18,128
2022-11-08,19,101
2022-11-08,20,68
2022-11-08,21,59
2022-11-08,22,41
2022-11-08,23,24
2022-11-09,0,16
2022-11-09,1,5
2022-11-09,2,2
2022-11-09,3,4
2022-11-09,4,2
2022-11-09,5,8
2022-11-09,6,26
2022-11-09,7,79
2022-11-09,8,140
2022-11-09,9,146
2022-11-09,10,115
2022-11-09,11,111
2022-11-09,12,94
2022-11-09,13,118
2022-11-09,14,109
2022-11-09,15,103
2022-11-09,16,126
2022-11-09,17,112
2022-11-09,18,141
2022-11-09,19,122
2022-11-09,20,61
2022-11-09,21,37
2022-11-09,22,50
2022-11-09,23,28
2022-11-10,0,16
2022-11-10,1,8
2022-11-10,2,4
2022-11-10,3,5
2022-11-10,4,4
2022-11-10,5,9
2022-11-10,6,35
2022-11-10,7,76
2022-11-10,8,150
2022-11-10,9,153
2022-11-10,10,113
2022-11-10,11,92
2022-11-10,12,112
2022-11-10,13,111
2022-11-10,14,129
2022-11-10,15,133
2022-11-10,16,126
2022-11-10,17,112
2022-11-10,18,156
2022-11-10,19,118
2022-11-10,20,79
2022-11-10,21,61
2022-11-10,22,36
2022-11-10,23,23
2022-11-11,0,18
2022-11-11,1,12
2022-11-11,2,5
2022-11-11,3,4
2022-11-11,4,3
2022-11-11,5,13
2022-11-11,6,38
2022-11-11,7,49
2022-11-11,8,122
2022-11-11,9,137
2022-11-11,10,119
2022-11-11,11,107
2022-11-11,12,122
2022-11-11,13,125
2022-11-11,14,126
2022-11-11,15,130
2022-11-11,16,132
2022-11-11,17,142
2022-11-11,18,171
2022-11-11,19,128
2022-11-11,20,96
2022-11-11,21,72
2022-11-11,22,53
2022-11-11,23,45
2022-11-12,0,35
2022-11-12,1,21
2022-11-12,2,10
2022-11-12,3,6
2022-11-12,4,6
2022-11-12,5,14
2022-11-12,6,19
2022-11-12,7,29
2022-11-12,8,57
2022-11-12,9,89
2022-11-12,10,117
2022-11-12,11,154
2022-11-12,12,137
2022-11-12,13,140
2022-11-12,14,120
2022-11-12,15,134
2022-11-12,16,120
2022-11-12,17,114
2022-11-12,18,142
2022-11-12,19,104
2022-11-12,20,77
2022-11-12,21,88
2022-11-12,22,51
2022-11-12,23,49
2022-11-13,0,29
2022-11-13,1,31
2022-11-13,2,14
2022-11-13,3,12
2022-11-13,4,11
2022-11-13,5,6
2022-11-13,6,13
2022-11-13,7,11
2022-11-13,8,23
2022-11-13,9,43
2022-11-13,10,87
2022-11-13,11,110
2022-11-13,12,122
2022-11-13,13,120
2022-11-13,14,121
2022-11-13,15,109
2022-11-13,16,125
2022-11-13,17,110
2022-11-13,18,129
2022-11-13,19,105
2022-11-13,20,71
2022-11-13,21,44
2022-11-13,22,41
2022-11-13,23,25
2022-11-14,0,13
2022-11-14,1,7
2022-11-14,2,10
2022-11-14,3,5
2022-11-14,4,2
2022-11-14,5,8
2022-11-14,6,31
2022-11-14,7,65
2022-11-14,8,131
2022-11-14,9,126
2022-11-14,10,110
2022-11-14,11,98
2022-11-14,12,119
2022-11-14,13,114
2022-11-14,14,117
2022-11-14,15,129
2022-11-14,16,118
2022-11-14,17,108
2022-11-14,18,123
2022-11-14,19,98
2022-11-14,20,84
2022-11-14,21,42
2022-11-14,22,48
2022-11-14,23,25
2022-11-15,0,12
2022-11-15,1,5
2022-11-15,2,6
2022-11-15,3,2
2022-11-15,4,3
2022-11-15,5,12
2022-11-15,6,25
2022-11-15,7,69
2022-11-15,8,151
2022-11-15,9,184
2022-11-15,10,144
2022-11-15,11,123
2022-11-15,12,100
2022-11-15,13,129
2022-11-15,14,124
2022-11-15,15,96
2022-11-15,16,113
2022-11-15,17,121
2022-11-15,18,119
2022-11-15,19,114
2022-11-15,20,73
2022-11-15,21,67
2022-11-15,22,45
2022-11-15,23,24
2022-11-16,0,11
2022-11-16,1,8
2022-11-16,2,5
2022-11-16,3,4
2022-11-16,4,5
2022-11-16,5,13
2022-11-16,6,27
2022-11-16,7,59
2022-11-16,8,141
2022-11-16,9,168
2022-11-16,10,84
2022-11-16,11,108
2022-11-16,12,104
2022-11-16,13,118
2022-11-16,14,101
2022-11-16,15,131
2022-11-16,16,131
2022-11-16,17,130
2022-11-16,18,114
2022-11-16,19,103
2022-11-16,20,80
2022-11-16,21,48
2022-11-16,22,52
2022-11-16,23,22
2022-11-17,0,17
2022-11-17,1,9
2022-11-17,2,3
2022-11-17,3,4
2022-11-17,4,4
2022-11-17,5,6
2022-11-17,6,34
2022-11-17,7,65
2022-11-17,8,139
2022-11-17,9,146
2022-11-17,10,134
2022-11-17,11,110
2022-11-17,12,113
2022-11-17,13,122
2022-11-17,14,126
2022-11-17,15,107
2022-11-17,16,136
2022-11-17,17,119
2022-11-17,18,163
2022-11-17,19,114
2022-11-17,20,66
2022-11-17,21,50
2022-11-17,22,50
2022-11-17,23,36
2022-11-18,0,15
2022-11-18,1,6
2022-11-18,2,7
2022-11-18,3,9
2022-11-18,4,3
2022-11-18,5,10
2022-11-18,6,25
2022-11-18,7,57
2022-11-18,8,138
2022-11-18,9,135
2022-11-18,10,127
2022-11-18,11,121
2022-11-18,12,117
2022-11-18,13,149
2022-11-18,14,158
2022-11-18,15,125
2022-11-18,16,115
2022-11-18,17,146
2022-11-18,18,134
2022-11-18,19,116
2022-11-18,20,84
2022-11-18,21,66
2022-11-18,22,67
2022-11-18,23,32
2022-11-19,0,38
2022-11-19,1,20
2022-11-19,2,11
2022-11-19,3,10
2022-11-19,4,4
2022-11-19,5,13
2022-11-19,6,13
2022-11-19,7,25
2022-11-19,8,49
2022-11-19,9,94
2022-11-19,10,103
2022-11-19,11,96
2022-11-19,12,125
2022-11-19,13,125
2022-11-19,14,143
2022-11-19,15,115
2022-11-19,16,120
2022-11-19,17,137
2022-11-19,18,98
2022-11-19,19,112
2022-11-19,20,81
2022-11-19,21,57
2022-11-19,22,54
2022-11-19,23,31
2022-11-20,0,37
2022-11-20,1,17
2022-11-20,2,19
2022-11-20,3,17
2022-11-20,4,8
2022-11-20,5,7
2022-11-20,6,7
2022-11-20,7,12
2022-11-20,8,26
2022-11-20,9,45
2022-11-20,10,70
2022-11-20,11,92
2022-11-20,12,87
2022-11-20,13,81
2022-11-20,14,97
2022-11-20,15,103
2022-11-20,16,129
2022-11-20,17,107
2022-11-20,18,96
2022-11-20,19,73
2022-11-20,20,72
2022-11-20,21,54
2022-11-20,22,49
2022-11-20,23,30
2022-11-21,0,16
2022-11-21,1,8
2022-11-21,2,5
2022-11-21,3,4
2022-11-21,4,6
2022-11-21,5,6
2022-11-21,6,25
2022-11-21,7,71
2022-11-21,8,142
2022-11-21,9,128
2022-11-21,10,105
2022-11-21,11,106
2022-11-21,12,100
2022-11-21,13,108
2022-11-21,14,107
2022-11-21,15,103
2022-11-21,16,98
2022-11-21,17,105
2022-11-21,18,135
2022-11-21,19,97
2022-11-21,20,58
2022-11-21,21,45
2022-11-21,22,33
2022-11-21,23,23
2022-11-22,0,6
2022-11-22,1,9
2022-11-22,2,4
2022-11-22,3,4
2022-11-22,4,5
2022-11-22,5,9
2022-11-22,6,30
2022-11-22,7,67
2022-11-22,8,154
2022-11-22,9,138
2022-11-22,10,114
2022-11-22,11,96
2022-11-22,12,100
2022-11-22,13,115
2022-11-22,14,111
2022-11-22,15,135
2022-11-22,16,115
2022-11-22,17,118
2022-11-22,18,119
2022-11-22,19,77
2022-11-22,20,53
2022-11-22,21,56
2022-11-22,22,39
2022-11-22,23,22
2022-11-23,0,14
2022-11-23,1,7
2022-11-23,2,3
2022-11-23,3,4
2022-11-23,4,4
2022-11-23,5,11
2022-11-23,6,30
2022-11-23,7,68
2022-11-23,8,167
2022-11-23,9,179
2022-11-23,10,113
2022-11-23,11,120
2022-11-23,12,111
2022-11-23,13,112
2022-11-23,14,119
2022-11-23,15,101
2022-11-23,16,121
2022-11-23,17,131
2022-11-23,18,144
2022-11-23,19,120
2022-11-23,20,65
2022-11-23,21,56
2022-11-23,22,46
2022-11-23,23,25
2022-11-24,0,10
2022-11-24,1,6
2022-11-24,2,6
2022-11-24,3,3
2022-11-24,4,8
2022-11-24,5,6
2022-11-24,6,27
2022-11-24,7,70
2022-11-24,8,127
2022-11-24,9,119
2022-11-24,10,106
2022-11-24,11,111
2022-11-24,12,148
2022-11-24,13,102
2022-11-24,14,104
2022-11-24,15,133
2022-11-24,16,134
2022-11-24,17,125
2022-11-24,18,126
2022-11-24,19,96
2022-11-24,20,76
2022-11-24,21,69
2022-11-24,22,51
2022-11-24,23,28
2022-11-25,0,12
2022-11-25,1,7
2022-11-25,2,6
2022-11-25,3,4
2022-11-25,4,3
2022-11-25,5,10
2022-11-25,6,30
2022-11-25,7,61
2022-11-25,8,150
2022-11-25,9,145
2022-11-25,10,115
2022-11-25,11,127
2022-11-25,12,122
2022-11-25,13,128
2022-11-25,14,143
2022-11-25,15,147
2022-11-25,16,152
2022-11-25,17,140
2022-11-25,18,165
2022-11-25,19,116
2022-11-25,20,99
2022-11-25,21,53
2022-11-25,22,63
2022-11-25,23,43
2022-11-26,0,32
2022-11-26,1,20
2022-11-26,2,7
2022-11-26,3,8
2022-11-26,4,8
2022-11-26,5,12
2022-11-26,6,9
2022-11-26,7,36
2022-11-26,8,65
2022-11-26,9,75
2022-11-26,10,86
2022-11-26,11,130
2022-11-26,12,124
2022-11-26,13,139
2022-11-26,14,114
2022-11-26,15,111
2022-11-26,16,112
2022-11-26,17,114
2022-11-26,18,124
2022-11-26,19,102
2022-11-26,20,101
2022-11-26,21,60
2022-11-26,22,79
2022-11-26,23,38
2022-11-27,0,36
2022-11-27,1,25
2022-11-27,2,19
2022-11-27,3,11
2022-11-27,4,8
2022-11-27,5,14
2022-11-27,6,10
2022-11-27,7,16
2022-11-27,8,17
2022-11-27,9,40
2022-11-27,10,71
2022-11-27,11,82
2022-11-27,12,75
2022-11-27,13,97
2022-11-27,14,95
2022-11-27,15,110
2022-11-27,16,115
2022-11-27,17,117
2022-11-27,18,89
2022-11-27,19,71
2022-11-27,20,59
2022-11-27,21,44
2022-11-27,22,37
2022-11-27,23,33
2022-11-28,0,17
2022-11-28,1,4
2022-11-28,2,9
2022-11-28,3,6
2022-11-28,4,2
2022-11-28,5,12
2022-11-28,6,33
2022-11-28,7,80
2022-11-28,8,129
2022-11-28,9,142
2022-11-28,10,82
2022-11-28,11,110
2022-11-28,12,123
2022-11-28,13,91
2022-11-28,14,112
2022-11-28,15,112
2022-11-28,16,130
2022-11-28,17,125
2022-11-28,18,137
2022-11-28,19,79
2022-11-28,20,62
2022-11-28,21,63
2022-11-28,22,39
2022-11-28,23,21
2022-11-29,0,10
2022-11-29,1,4
2022-11-29,2,3
2022-11-29,3,6
2022-11-29,4,5
2022-11-29,5,11
2022-11-29,6,24
2022-11-29,7,51
2022-11-29,8,143
2022-11-29,9,150
2022-11-29,10,116
2022-11-29,11,114
2022-11-29,12,107
2022-11-29,13,108
2022-11-29,14,90
2022-11-29,15,114
2022-11-29,16,123
2022-11-29,17,142
2022-11-29,18,145
2022-11-29,19,95
2022-11-29,20,69
2022-11-29,21,61
2022-11-29,22,33
2022-11-29,23,22
2022-11-30,0,19
2022-11-30,1,6
2022-11-30,2,4
2022-11-30,3,7
2022-11-30,4,4
2022-11-30,5,11
2022-11-30,6,23
2022-11-30,7,68
2022-11-30,8,149
2022-11-30,9,137
2022-11-30,10,85
2022-11-30,11,107
2022-11-30,12,104
2022-11-30,13,132
2022-11-30,14,131
2022-11-30,15,136
2022-11-30,16,139
2022-11-30,17,126
2022-11-30,18,147
2022-11-30,19,105
2022-11-30,20,83
2022-11-30,21,63
2022-11-30,22,43
2022-11-30,23,20
2022-12-01,0,14
2022-12-01,1,4
2022-12-01,2,4
2022-12-01,3,5
2022-12-01,4,2
2022-12-01,5,11
2022-12-01,6,30
2022-12-01,7,70
2022-12-01,8,163
2022-12-01,9,157
2022-12-01,10,104
2022-12-01,11,115
2022-12-01,12,104
2022-12-01,13,119
2022-12-01,14,125
2022-12-01,15,123
2022-12-01,16,124
2022-12-01,17,137
2022-12-01,18,139
2022-12-01,19,100
2022-12-01,20,74
2022-12-01,21,51
2022-12-01,22,42
2022-12-01,23,24
2022-12-02,0,14
2022-12-02,1,9
2022-12-02,2,10
2022-12-02,3,12
2022-12-02,4,5
2022-12-02,5,9
2022-12-02,6,17
2022-12-02,7,63
2022-12-02,8,118
2022-12-02,9,180
2022-12-02,10,106
2022-12-02,11,142
2022-12-02,12,121
2022-12-02,13,136
2022-12-02,14,156
2022-12-02,15,116
2022-12-02,16,109
2022-12-02,17,149
2022-12-02,18,167
2022-12-02,19,152
2022-12-02,20,103
2022-12-02,21,61
2022-12-02,22,59
2022-12-02,23,43
2022-12-03,0,29
2022-12-03,1,31
2022-12-03,2,9
2022-12-03,3,15
2022-12-03,4,8
2022-12-03,5,6
2022-12-03,6,11
2022-12-03,7,20
2022-12-03,8,59
2022-12-03,9,75
2022-12-03,10,96
2022-12-03,11,109
2022-12-03,12,138
2022-12-03,13,125
2022-12-03,14,117
2022-12-03,15,148
2022-12-03,16,122
2022-12-03,17,133
2022-12-03,18,134
2022-12-03,19,112
2022-12-03,20,81
2022-12-03,21,70
2022-12-03,22,55
2022-12-03,23,37
2022-12-04,0,33
2022-12-04,1,45
2022-12-04,2,16
2022-12-04,3,16
2022-12-04,4,16
2022-12-04,5,12
2022-12-04,6,16
2022-12-04,7,21
2022-12-04,8,31
2022-12-04,9,53
2022-12-04,10,74
2022-12-04,11,88
2022-12-04,12,101
2022-12-04,13,110
2022-12-04,14,125
2022-12-04,15,88
2022-12-04,16,110
2022-12-04,17,121
2022-12-04,18,91
2022-12-04,19,76
2022-12-04,20,60
2022-12-04,21,39
2022-12-04,22,45
2022-12-04,23,15
2022-12-05,0,21
2022-12-05,1,7
2022-12-05,2,10
2022-12-05,3,3
2022-12-05,4,5
2022-12-05,5,9
2022-12-05,6,19
2022-12-05,7,59
2022-12-05,8,152
2022-12-05,9,149
2022-12-05,10,109
2022-12-05,11,119
2022-12-05,12,110
2022-12-05,13,108
2022-12-05,14,109
2022-12-05,15,115
2022-12-05,16,119
2022-12-05,17,127
2022-12-05,18,117
2022-12-05,19,93
2022-12-05,20,75
2022-12-05,21,53
2022-12-05,22,37
2022-12-05,23,24
2022-12-06,0,9
2022-12-06,1,9
2022-12-06,2,4
2022-12-06,3,7
2022-12-06,4,4
2022-12-06,5,2
2022-12-06,6,25
2022-12-06,7,55
2022-12-06,8,141
2022-12-06,9,148
2022-12-06,10,103
2022-12-06,11,128
2022-12-06,12,104
2022-12-06,13,119
2022-12-06,14,104
2022-12-06,15,120
2022-12-06,16,122
2022-12-06,17,123
2022-12-06,18,116
2022-12-06,19,98
2022-12-06,20,68
2022-12-06,21,49
2022-12-06,22,42
2022-12-06,23,23
2022-12-07,0,14
2022-12-07,1,3
2022-12-07,2,10
2022-12-07,3,6
2022-12-07,4,3
2022-12-07,5,9
2022-12-07,6,21
2022-12-07,7,63
2022-12-07,8,168
2022-12-07,9,188
2022-12-07,10,101
2022-12-07,11,100
2022-12-07,12,110
2022-12-07,13,104
2022-12-07,14,104
2022-12-07,15,113
2022-12-07,16,126
2022-12-07,17,132
2022-12-07,18,128
2022-12-07,19,97
2022-12-07,20,70
2022-12-07,21,59
2022-12-07,22,49
2022-12-07,23,18
2022-12-08,0,13
2022-12-08,1,7
2022-12-08,2,6
2022-12-08,3,4
2022-12-08,4,4
2022-12-08,5,6
2022-12-08,6,25
2022-12-08,7,68
2022-12-08,8,155
2022-12-08,9,155
2022-12-08,10,119
2022-12-08,11,104
2022-12-08,12,143
2022-12-08,13,132
2022-12-08,14,124
2022-12-08,15,114
2022-12-08,16,143
2022-12-08,17,144
2022-12-08,18,163
2022-12-08,19,119
2022-12-08,20,101
2022-12-08,21,67
2022-12-08,22,49
2022-12-08,23,27
2022-12-09,0,14
2022-12-09,1,7
2022-12-09,2,11
2022-12-09,3,4
2022-12-09,4,8
2022-12-09,5,7
2022-12-09,6,35
2022-12-09,7,64
2022-12-09,8,128
2022-12-09,9,153
2022-12-09,10,111
2022-12-09,11,137
2022-12-09,12,129
2022-12-09,13,123
2022-12-09,14,98
2022-12-09,15,138
2022-12-09,16,138
2022-12-09,17,126
2022-12-09,18,120
2022-12-09,19,102
2022-12-09,20,98
2022-12-09,21,70
2022-12-09,22,72
2022-12-09,23,39
2022-12-10,0,48
2022-12-10,1,20
2022-12-10,2,12
2022-12-10,3,13
2022-12-10,4,13
2022-12-10,5,9
2022-12-10,6,17
2022-12-10,7,21
2022-12-10,8,50
2022-12-10,9,76
2022-12-10,10,102
2022-12-10,11,120
2022-12-10,12,137
2022-12-10,13,154
2022-12-10,14,115
2022-12-10,15,108
2022-12-10,16,120
2022-12-10,17,123
2022-12-10,18,120
2022-12-10,19,113
2022-12-10,20,65
2022-12-10,21,72
2022-12-10,22,65
2022-12-10,23,49
2022-12-11,0,44
2022-12-11,1,34
2022-12-11,2,25
2022-12-11,3,19
2022-12-11,4,11
2022-12-11,5,5
2022-12-11,6,5
2022-12-11,7,16
2022-12-11,8,24
2022-12-11,9,41
2022-12-11,10,66
2022-12-11,11,108
2022-12-11,12,111
2022-12-11,13,105
2022-12-11,14,106
2022-12-11,15,100
2022-12-11,16,106
2022-12-11,17,122
2022-12-11,18,102
2022-12-11,19,95
2022-12-11,20,79
2022-12-11,21,62
2022-12-11,22,46
2022-12-11,23,18
2022-12-12,0,21
2022-12-12,1,7
2022-12-12,2,6
2022-12-12,3,17
2022-12-12,4,2
2022-12-12,5,9
2022-12-12,6,15
2022-12-12,7,49
2022-12-12,8,130
2022-12-12,9,143
2022-12-12,10,108
2022-12-12,11,109
2022-12-12,12,116
2022-12-12,13,136
2022-12-12,14,94
2022-12-12,15,93
2022-12-12,16,123
2022-12-12,17,113
2022-12-12,18,94
2022-12-12,19,99
2022-12-12,20,61
2022-12-12,21,51
2022-12-12,22,32
2022-12-12,23,29
2022-12-13,0,15
2022-12-13,1,10
2022-12-13,2,5
2022-12-13,3,6
2022-12-13,4,7
2022-12-13,5,13
2022-12-13,6,24
2022-12-13,7,74
2022-12-13,8,162
2022-12-13,9,167
2022-12-13,10,114
2022-12-13,11,113
2022-12-13,12,103
2022-12-13,13,126
2022-12-13,14,103
2022-12-13,15,125
2022-12-13,16,117
2022-12-13,17,115
2022-12-13,18,146
2022-12-13,19,94
2022-12-13,20,69
2022-12-13,21,45
2022-12-13,22,48
2022-12-13,23,24
2022-12-14,0,15
2022-12-14,1,4
2022-12-14,2,4
2022-12-14,3,4
2022-12-14,4,3
2022-12-14,5,9
2022-12-14,6,29
2022-12-14,7,55
2022-12-14,8,164
2022-12-14,9,163
2022-12-14,10,121
2022-12-14,11,126
2022-12-14,12,124
2022-12-14,13,120
2022-12-14,14,130
2022-12-14,15,138
2022-12-14,16,150
2022-12-14,17,162
2022-12-14,18,144
2022-12-14,19,130
2022-12-14,20,83
2022-12-14,21,59
2022-12-14,22,44
2022-12-14,23,38
2022-12-15,0,17
2022-12-15,1,4
2022-12-15,2,7
2022-12-15,3,5
2022-12-15,4,6
2022-12-15,5,6
2022-12-15,6,20
2022-12-15,7,72
2022-12-15,8,160
2022-12-15,9,198
2022-12-15,10,129
2022-12-15,11,110
2022-12-15,12,123
2022-12-15,13,164
2022-12-15,14,141
2022-12-15,15,127
2022-12-15,16,142
2022-12-15,17,154
2022-12-15,18,141
2022-12-15,19,139
2022-12-15,20,100
2022-12-15,21,50
2022-12-15,22,62
2022-12-15,23,46
2022-12-16,0,24
2022-12-16,1,11
2022-12-16,2,6
2022-12-16,3,11
2022-12-16,4,4
2022-12-16,5,9
2022-12-16,6,24
2022-12-16,7,71
2022-12-16,8,139
2022-12-16,9,138
2022-12-16,10,120
2022-12-16,11,133
2022-12-16,12,141
2022-12-16,13,118
2022-12-16,14,142
2022-12-16,15,152
2022-12-16,16,156
2022-12-16,17,156
2022-12-16,18,154
2022-12-16,19,100
2022-12-16,20,109
2022-12-16,21,60
2022-12-16,22,52
2022-12-16,23,56
2022-12-17,0,50
2022-12-17,1,17
2022-12-17,2,21
2022-12-17,3,18
2022-12-17,4,14
2022-12-17,5,12
2022-12-17,6,19
2022-12-17,7,29
2022-12-17,8,44
2022-12-17,9,76
2022-12-17,10,101
2022-12-17,11,116
2022-12-17,12,146
2022-12-17,13,113
2022-12-17,14,128
2022-12-17,15,131
2022-12-17,16,111
2022-12-17,17,114
2022-12-17,18,137
2022-12-17,19,115
2022-12-17,20,72
2022-12-17,21,59
2022-12-17,22,52
2022-12-17,23,45
2022-12-18,0,43
2022-12-18,1,33
2022-12-18,2,14
2022-12-18,3,14
2022-12-18,4,15
2022-12-18,5,15
2022-12-18,6,5
2022-12-18,7,16
2022-12-18,8,18
2022-12-18,9,52
2022-12-18,10,79
2022-12-18,11,119
2022-12-18,12,118
2022-12-18,13,114
2022-12-18,14,123
2022-12-18,15,96
2022-12-18,16,97
2022-12-18,17,86
2022-12-18,18,67
2022-12-18,19,97
2022-12-18,20,59
2022-12-18,21,72
2022-12-18,22,31
2022-12-18,23,40
2022-12-19,0,17
2022-12-19,14,113
2022-12-19,15,146
2022-12-19,16,127
2022-12-19,17,147
2022-12-19,18,132
2022-12-19,19,97
2022-12-19,20,73
2022-12-19,21,54
2022-12-19,22,45
2022-12-19,23,33
2022-12-20,0,13
2022-12-20,1,7
2022-12-20,2,11
2022-12-20,3,5
2022-12-20,4,6
2022-12-20,5,9
2022-12-20,6,35
2022-12-20,7,69
2022-12-20,8,143
2022-12-20,9,158
2022-12-20,10,142
2022-12-20,11,143
2022-12-20,12,124
2022-12-20,13,138
2022-12-20,14,137
2022-12-20,15,136
2022-12-20,16,144
2022-12-20,17,147
2022-12-20,18,109
2022-12-20,19,102
2022-12-20,20,84
2022-12-20,21,53
2022-12-20,22,61
2022-12-20,23,27
2022-12-21,0,17
2022-12-21,1,9
2022-12-21,2,5
2022-12-21,3,5
2022-12-21,4,3
2022-12-21,5,5
2022-12-21,6,30
2022-12-21,7,68
2022-12-21,8,128
2022-12-21,9,132
2022-12-21,10,115
2022-12-21,11,127
2022-12-21,12,132
2022-12-21,13,153
2022-12-21,14,135
2022-12-21,15,132
2022-12-21,16,137
2022-12-21,17,130
2022-12-21,18,140
2022-12-21,19,98
2022-12-21,20,67
2022-12-21,21,64
2022-12-21,22,51
2022-12-21,23,38
2022-12-22,0,18
2022-12-22,1,12
2022-12-22,2,4
2022-12-22,3,11
2022-12-22,4,6
2022-12-22,5,8
2022-12-22,6,23
2022-12-22,7,63
2022-12-22,8,131
2022-12-22,9,162
2022-12-22,10,120
2022-12-22,11,131
2022-12-22,12,120
2022-12-22,13,131
2022-12-22,14,141
2022-12-22,15,147
2022-12-22,16,128
2022-12-22,17,135
2022-12-22,18,125
2022-12-22,19,145
2022-12-22,20,83
2022-12-22,21,56
2022-12-22,22,50
2022-12-22,23,38
2022-12-23,0,18
2022-12-23,1,12
2022-12-23,2,4
2022-12-23,3,8
2022-12-23,4,7
2022-12-23,5,12
2022-12-23,6,18
2022-12-23,7,42
2022-12-23,8,105
2022-12-23,9,134
2022-12-23,10,144
2022-12-23,11,187
2022-12-23,12,156
2022-12-23,13,139
2022-12-23,14,133
2022-12-23,15,145
2022-12-23,16,173
2022-12-23,17,180
2022-12-23,18,159
2022-12-23,19,107
2022-12-23,20,89
2022-12-23,21,72
2022-12-23,22,58
2022-12-23,23,54
2022-12-24,0,21
2022-12-24,1,15
2022-12-24,2,12
2022-12-24,3,11
2022-12-24,4,7
2022-12-24,5,7
2022-12-24,6,15
2022-12-24,7,28
2022-12-24,8,51
2022-12-24,9,83
2022-12-24,10,123
2022-12-24,11,135
2022-12-24,12,101
2022-12-24,13,121
2022-12-24,14,115
2022-12-24,15,94
2022-12-24,16,107
2022-12-24,17,128
2022-12-24,18,116
2022-12-24,19,92
2022-12-24,20,63
2022-12-24,21,71
2022-12-24,22,38
2022-12-24,23,30
2022-12-25,0,25
2022-12-25,1,9
2022-12-25,2,4
2022-12-25,3,3
2022-12-25,4,0
2022-12-25,5,3
2022-12-25,6,2
2022-12-25,7,12
2022-12-25,8,31
2022-12-25,9,45
2022-12-25,10,38
2022-12-25,11,37
2022-12-25,12,42
2022-12-25,13,60
2022-12-25,14,37
2022-12-25,15,58
2022-12-25,16,41
2022-12-25,17,30
2022-12-25,18,42
2022-12-25,19,38
2022-12-25,20,34
2022-12-25,21,40
2022-12-25,22,29
2022-12-25,23,22
2022-12-26,0,14
2022-12-26,1,7
2022-12-26,2,7
2022-12-26,3,5
2022-12-26,4,6
2022-12-26,5,3
2022-12-26,6,7
2022-12-26,7,27
2022-12-26,8,105
2022-12-26,9,110
2022-12-26,10,56
2022-12-26,11,55
2022-12-26,12,59
2022-12-26,13,86
2022-12-26,14,68
2022-12-26,15,78
2022-12-26,16,67
2022-12-26,17,77
2022-12-26,18,90
2022-12-26,19,71
2022-12-26,20,65
2022-12-26,21,32
2022-12-26,22,43
2022-12-26,23,22
2022-12-27,0,17
2022-12-27,1,8
2022-12-27,2,7
2022-12-27,3,6
2022-12-27,4,7
2022-12-27,5,12
2022-12-27,6,16
2022-12-27,7,25
2022-12-27,8,101
2022-12-27,9,68
2022-12-27,10,70
2022-12-27,11,68
2022-12-27,12,89
2022-12-27,13,105
2022-12-27,14,126
2022-12-27,15,103
2022-12-27,16,92
2022-12-27,17,96
2022-12-27,18,107
2022-12-27,19,88
2022-12-27,20,57
2022-12-27,21,47
2022-12-27,22,28
2022-12-27,23,23
2022-12-28,0,14
2022-12-28,1,12
2022-12-28,2,7
2022-12-28,3,8
2022-12-28,4,6
2022-12-28,5,7
2022-12-28,6,9
2022-12-28,7,38
2022-12-28,8,51
2022-12-28,9,75
2022-12-28,10,85
2022-12-28,11,87
2022-12-28,12,100
2022-12-28,13,108
2022-12-28,14,150
2022-12-28,15,123
2022-12-28,16,102
2022-12-28,17,90
2022-12-28,18,105
2022-12-28,19,74
2022-12-28,20,59
2022-12-28,21,57
2022-12-28,22,39
2022-12-28,23,37
2022-12-29,0,16
2022-12-29,1,9
2022-12-29,2,5
2022-12-29,3,7
2022-12-29,4,4
2022-12-29,5,5
2022-12-29,6,27
2022-12-29,7,24
2022-12-29,8,36
2022-12-29,9,73
2022-12-29,10,81
2022-12-29,11,101
2022-12-29,12,111
2022-12-29,13,120
2022-12-29,14,129
2022-12-29,15,129
2022-12-29,16,120
2022-12-29,17,109
2022-12-29,18,81
2022-12-29,19,90
2022-12-29,20,65
2022-12-29,21,59
2022-12-29,22,42
2022-12-29,23,29
2022-12-30,0,18
2022-12-30,1,9
2022-12-30,2,5
2022-12-30,3,5
2022-12-30,4,9
2022-12-30,5,10
2022-12-30,6,14
2022-12-30,7,19
2022-12-30,8,48
2022-12-30,9,87
2022-12-30,10,100
2022-12-30,11,91
2022-12-30,12,129
2022-12-30,13,145
2022-12-30,14,143
2022-12-30,15,123
2022-12-30,16,124
2022-12-30,17,140
2022-12-30,18,131
2022-12-30,19,101
2022-12-30,20,78
2022-12-30,21,51
2022-12-30,22,58
2022-12-30,23,46
2022-12-31,0,31
2022-12-31,1,20
2022-12-31,2,9
2022-12-31,3,12
2022-12-31,4,5
2022-12-31,5,6
2022-12-31,6,13
2022-12-31,7,17
2022-12-31,8,42
2022-12-31,9,64
2022-12-31,10,75
2022-12-31,11,103
2022-12-31,12,116
2022-12-31,13,111
2022-12-31,14,110
2022-12-31,15,135
2022-12-31,16,117
2022-12-31,17,107
2022-12-31,18,114
2022-12-31,19,79
2022-12-31,20,86
2022-12-31,21,68
2022-12-31,22,52
2022-12-31,23,31
2023-01-01,0,14
2023-01-01,1,27
2023-01-01,2,31
2023-01-01,3,18
2023-01-01,4,20
2023-01-01,5,12
2023-01-01,6,12
2023-01-01,7,16
2023-01-01,8,31
2023-01-01,9,45
2023-01-01,10,58
2023-01-01,11,49
2023-01-01,12,42
2023-01-01,13,62
2023-01-01,14,52
2023-01-01,15,57
2023-01-01,16,49
2023-01-01,17,73
2023-01-01,18,83
2023-01-01,19,44
2023-01-01,20,54
2023-01-01,21,38
2023-01-01,22,38
2023-01-01,23,31
2023-01-02,0,12
2023-01-02,1,3
2023-01-02,2,3
2023-01-02,3,4
2023-01-02,4,5
2023-01-02,5,7
2023-01-02,6,15
2023-01-02,7,7
2023-01-02,8,15
2023-01-02,9,21
2023-01-02,10,47
2023-01-02,11,77
2023-01-02,12,57
2023-01-02,13,53
2023-01-02,14,52
2023-01-02,15,83
2023-01-02,16,114
2023-01-02,17,74
2023-01-02,18,85
2023-01-02,19,76
2023-01-02,20,65
2023-01-02,21,64
2023-01-02,22,44
2023-01-02,23,34
2023-01-03,0,19
2023-01-03,1,10
2023-01-03,2,8
2023-01-03,3,3
2023-01-03,4,3
2023-01-03,5,9
2023-01-03,6,16
2023-01-03,7,20
2023-01-03,8,30
2023-01-03,9,33
2023-01-03,10,55
2023-01-03,11,74
2023-01-03,12,87
2023-01-03,13,116
2023-01-03,14,108
2023-01-03,15,128
2023-01-03,16,107
2023-01-03,17,103
2023-01-03,18,87
2023-01-03,19,67
2023-01-03,20,52
2023-01-03,21,42
2023-01-03,22,32
2023-01-03,23,22
2023-01-04,0,8
2023-01-04,1,5
2023-01-04,2,3
2023-01-04,3,5
2023-01-04,4,4
2023-01-04,5,8
2023-01-04,6,24
2023-01-04,7,38
2023-01-04,8,108
2023-01-04,9,121
2023-01-04,10,97
2023-01-04,11,86
2023-01-04,12,100
2023-01-04,13,101
2023-01-04,14,116
2023-01-04,15,112
2023-01-04,16,113
2023-01-04,17,101
2023-01-04,18,98
2023-01-04,19,69
2023-01-04,20,73
2023-01-04,21,38
2023-01-04,22,33
2023-01-04,23,20
2023-01-05,0,11
2023-01-05,1,8
2023-01-05,2,4
2023-01-05,3,4
2023-01-05,4,4
2023-01-05,5,12
2023-01-05,6,20
2023-01-05,7,38
2023-01-05,8,110
2023-01-05,9,110
2023-01-05,10,87
2023-01-05,11,96
2023-01-05,12,116
2023-01-05,13,122
2023-01-05,14,99
2023-01-05,15,117
2023-01-05,16,117
2023-01-05,17,118
2023-01-05,18,105
2023-01-05,19,86
2023-01-05,20,60
2023-01-05,21,33
2023-01-05,22,36
2023-01-05,23,19
2023-01-06,0,14
2023-01-06,1,11
2023-01-06,2,7
2023-01-06,3,4
2023-01-06,4,2
2023-01-06,5,11
2023-01-06,6,25
2023-01-06,7,44
2023-01-06,8,111
2023-01-06,9,116
2023-01-06,10,111
2023-01-06,11,88
2023-01-06,12,125
2023-01-06,13,129
2023-01-06,14,139
2023-01-06,15,146
2023-01-06,16,135
2023-01-06,17,116
2023-01-06,18,138
2023-01-06,19,144
2023-01-06,20,81
2023-01-06,21,48
2023-01-06,22,51
2023-01-06,23,49
2023-01-07,0,31
2023-01-07,1,18
2023-01-07,2,7
2023-01-07,3,6
2023-01-07,4,7
2023-01-07,5,5
2023-01-07,6,13
2023-01-07,7,25
2023-01-07,8,38
2023-01-07,9,62
2023-01-07,10,89
2023-01-07,11,134
2023-01-07,12,131
2023-01-07,13,110
2023-01-07,14,100
2023-01-07,15,100
2023-01-07,16,108
2023-01-07,17,75
2023-01-07,18,133
2023-01-07,19,94
2023-01-07,20,87
2023-01-07,21,77
2023-01-07,22,59
2023-01-07,23,38
2023-01-08,0,23
2023-01-08,1,16
2023-01-08,2,4
2023-01-08,3,3
2023-01-08,4,4
2023-01-08,5,6
2023-01-08,6,5
2023-01-08,7,16
2023-01-08,8,31
2023-01-08,9,53
2023-01-08,10,61
2023-01-08,11,91
2023-01-08,12,87
2023-01-08,13,88
2023-01-08,14,91
2023-01-08,15,94
2023-01-08,16,103
2023-01-08,17,103
2023-01-08,18,96
2023-01-08,19,55
2023-01-08,20,71
2023-01-08,21,43
2023-01-08,22,35
2023-01-08,23,23
2023-01-09,0,14
2023-01-09,1,9
2023-01-09,2,3
2023-01-09,3,5
2023-01-09,4,9
2023-01-09,5,7
2023-01-09,6,30
2023-01-09,7,69
2023-01-09,8,140
2023-01-09,9,124
2023-01-09,10,105
2023-01-09,11,108
2023-01-09,12,108
2023-01-09,13,126
2023-01-09,14,92
2023-01-09,15,123
2023-01-09,16,101
2023-01-09,17,97
2023-01-09,18,106
2023-01-09,19,95
2023-01-09,20,65
2023-01-09,21,47
2023-01-09,22,49
2023-01-09,23,20
2023-01-10,0,11
2023-01-10,1,6
2023-01-10,2,3
2023-01-10,3,0
2023-01-10,4,9
2023-01-10,5,9
2023-01-10,6,28
2023-01-10,7,67
2023-01-10,8,146
2023-01-10,9,137
2023-01-10,10,115
2023-01-10,11,113
2023-01-10,12,130
2023-01-10,13,101
2023-01-10,14,108
2023-01-10,15,121
2023-01-10,16,116
2023-01-10,17,123
2023-01-10,18,134
2023-01-10,19,91
2023-01-10,20,71
2023-01-10,21,46
2023-01-10,22,36
2023-01-10,23,24
2023-01-11,0,11
2023-01-11,1,8
2023-01-11,2,5
2023-01-11,3,6
2023-01-11,4,3
2023-01-11,5,11
2023-01-11,6,27
2023-01-11,7,62
2023-01-11,8,167
2023-01-11,9,144
2023-01-11,10,92
2023-01-11,11,81
2023-01-11,12,124
2023-01-11,13,101
2023-01-11,14,121
2023-01-11,15,118
2023-01-11,16,100
2023-01-11,17,134
2023-01-11,18,128
2023-01-11,19,113
2023-01-11,20,53
2023-01-11,21,52
2023-01-11,22,34
2023-01-11,23,15
2023-01-12,0,17
2023-01-12,1,4
2023-01-12,2,5
2023-01-12,3,6
2023-01-12,4,5
2023-01-12,5,10
2023-01-12,6,25
2023-01-12,7,69
2023-01-12,8,147
2023-01-12,9,176
2023-01-12,10,133
2023-01-12,11,88
2023-01-12,12,104
2023-01-12,13,109
2023-01-12,14,103
2023-01-12,15,103
2023-01-12,16,129
2023-01-12,17,129
2023-01-12,18,123
2023-01-12,19,105
2023-01-12,20,61
2023-01-12,21,69
2023-01-12,22,44
2023-01-12,23,32
2023-01-13,0,11
2023-01-13,1,6
2023-01-13,2,5
2023-01-13,3,4
2023-01-13,4,6
2023-01-13,5,6
2023-01-13,6,30
2023-01-13,7,60
2023-01-13,8,128
2023-01-13,9,121
2023-01-13,10,114
2023-01-13,11,112
2023-01-13,12,112
2023-01-13,13,137
2023-01-13,14,119
2023-01-13,15,139
2023-01-13,16,126
2023-01-13,17,140
2023-01-13,18,120
2023-01-13,19,144
2023-01-13,20,79
2023-01-13,21,50
2023-01-13,22,55
2023-01-13,23,36
2023-01-14,0,27
2023-01-14,1,26
2023-01-14,2,10
2023-01-14,3,8
2023-01-14,4,4
2023-01-14,5,10
2023-01-14,6,14
2023-01-14,7,28
2023-01-14,8,41
2023-01-14,9,81
2023-01-14,10,107
2023-01-14,11,104
2023-01-14,12,111
2023-01-14,13,113
2023-01-14,14,126
2023-01-14,15,123
2023-01-14,16,114
2023-01-14,17,136
2023-01-14,18,118
2023-01-14,19,92
2023-01-14,20,99
2023-01-14,21,76
2023-01-14,22,61
2023-01-14,23,39
2023-01-15,0,33
2023-01-15,1,19
2023-01-15,2,15
2023-01-15,3,11
2023-01-15,4,6
2023-01-15,5,8
2023-01-15,6,7
2023-01-15,7,11
2023-01-15,8,14
2023-01-15,9,40
2023-01-15,10,79
2023-01-15,11,64
2023-01-15,12,108
2023-01-15,13,101
2023-01-15,14,107
2023-01-15,15,87
2023-01-15,16,95
2023-01-15,17,105
2023-01-15,18,99
2023-01-15,19,89
2023-01-15,20,79
2023-01-15,21,41
2023-01-15,22,33
2023-01-15,23,26
2023-01-16,0,12
2023-01-16,1,8
2023-01-16,2,4
2023-01-16,3,9
2023-01-16,4,3
2023-01-16,5,9
2023-01-16,6,18
2023-01-16,7,44
2023-01-16,8,148
2023-01-16,9,124
2023-01-16,10,100
2023-01-16,11,105
2023-01-16,12,93
2023-01-16,13,107
2023-01-16,14,115
2023-01-16,15,114
2023-01-16,16,99
2023-01-16,17,136
2023-01-16,18,139
2023-01-16,19,78
2023-01-16,20,74
2023-01-16,21,50
2023-01-16,22,40
2023-01-16,23,29
2023-01-17,0,10
2023-01-17,1,9
2023-01-17,2,3
2023-01-17,3,2
2023-01-17,4,4
2023-01-17,5,15
2023-01-17,6,13
2023-01-17,7,72
2023-01-17,8,151
2023-01-17,9,163
2023-01-17,10,122
2023-01-17,11,100
2023-01-17,12,113
2023-01-17,13,99
2023-01-17,14,100
2023-01-17,15,96
2023-01-17,16,115
2023-01-17,17,119
2023-01-17,18,107
2023-01-17,19,90
2023-01-17,20,47
2023-01-17,21,56
2023-01-17,22,36
2023-01-17,23,16
2023-01-18,0,15
2023-01-18,1,8
2023-01-18,2,0
2023-01-18,3,1
2023-01-18,4,7
2023-01-18,5,12
2023-01-18,6,26
2023-01-18,7,57
2023-01-18,8,163
2023-01-18,9,160
2023-01-18,10,102
2023-01-18,11,131
2023-01-18,12,106
2023-01-18,13,110
2023-01-18,14,113
2023-01-18,15,116
2023-01-18,16,122
2023-01-18,17,133
2023-01-18,18,129
2023-01-18,19,88
2023-01-18,20,72
2023-01-18,21,41
2023-01-18,22,47
2023-01-18,23,36
2023-01-19,0,12
2023-01-19,1,9
2023-01-19,2,5
2023-01-19,3,10
2023-01-19,4,4
2023-01-19,5,10
2023-01-19,6,30
2023-01-19,7,50
2023-01-19,8,155
2023-01-19,9,159
2023-01-19,10,99
2023-01-19,11,121
2023-01-19,12,119
2023-01-19,13,112
2023-01-19,14,104
2023-01-19,15,119
2023-01-19,16,99
2023-01-19,17,111
2023-01-19,18,107
2023-01-19,19,108
2023-01-19,20,66
2023-01-19,21,44
2023-01-19,22,47
2023-01-19,23,28
2023-01-20,0,10
2023-01-20,1,7
2023-01-20,2,7
2023-01-20,3,11
2023-01-20,4,2
2023-01-20,5,8
2023-01-20,6,21
2023-01-20,7,62
2023-01-20,8,129
2023-01-20,9,159
2023-01-20,10,115
2023-01-20,11,111
2023-01-20,12,100
2023-01-20,13,118
2023-01-20,14,127
2023-01-20,15,126
2023-01-20,16,141
2023-01-20,17,129
2023-01-20,18,143
2023-01-20,19,127
2023-01-20,20,106
2023-01-20,21,74
2023-01-20,22,50
2023-01-20,23,29
2023-01-21,0,20
2023-01-21,1,19
2023-01-21,2,10
2023-01-21,3,9
2023-01-21,4,5
2023-01-21,5,11
2023-01-21,6,17
2023-01-21,7,21
2023-01-21,8,50
2023-01-21,9,83
2023-01-21,10,121
2023-01-21,11,109
2023-01-21,12,110
2023-01-21,13,115
2023-01-21,14,87
2023-01-21,15,97
2023-01-21,16,125
2023-01-21,17,111
2023-01-21,18,114
2023-01-21,19,106
2023-01-21,20,88
2023-01-21,21,65
2023-01-21,22,68
2023-01-21,23,37
2023-01-22,0,31
2023-01-22,1,23
2023-01-22,2,13
2023-01-22,3,14
2023-01-22,4,10
2023-01-22,5,4
2023-01-22,6,2
2023-01-22,7,19
2023-01-22,8,29
2023-01-22,9,36
2023-01-22,10,64
2023-01-22,11,83
2023-01-22,12,91
2023-01-22,13,100
2023-01-22,14,111
2023-01-22,15,105
2023-01-22,16,112
2023-01-22,17,106
2023-01-22,18,87
2023-01-22,19,84
2023-01-22,20,59
2023-01-22,21,32
2023-01-22,22,33
2023-01-22,23,23
2023-01-23,0,9
2023-01-23,1,3
2023-01-23,2,4
2023-01-23,3,9
2023-01-23,4,6
2023-01-23,5,19
2023-01-23,6,20
2023-01-23,7,61
2023-01-23,8,141
2023-01-23,9,136
2023-01-23,10,92
2023-01-23,11,131
2023-01-23,12,117
2023-01-23,13,135
2023-01-23,14,98
2023-01-23,15,115
2023-01-23,16,106
2023-01-23,17,102
2023-01-23,18,115
2023-01-23,19,95
2023-01-23,20,66
2023-01-23,21,56
2023-01-23,22,34
2023-01-23,23,30
2023-01-24,0,14
2023-01-24,1,3
2023-01-24,2,6
2023-01-24,3,4
2023-01-24,4,3
2023-01-24,5,12
2023-01-24,6,27
2023-01-24,7,62
2023-01-24,8,146
2023-01-24,9,172
2023-01-24,10,106
2023-01-24,11,104
2023-01-24,12,106
2023-01-24,13,119
2023-01-24,14,118
2023-01-24,15,109
2023-01-24,16,108
2023-01-24,17,138
2023-01-24,18,105
2023-01-24,19,94
2023-01-24,20,73
2023-01-24,21,48
2023-01-24,22,44
2023-01-24,23,20
2023-01-25,0,8
2023-01-25,1,7
2023-01-25,2,8
2023-01-25,3,3
2023-01-25,4,5
2023-01-25,5,10
2023-01-25,6,25
2023-01-25,7,52
2023-01-25,8,141
2023-01-25,9,195
2023-01-25,10,99
2023-01-25,11,125
2023-01-25,12,89
2023-01-25,13,115
2023-01-25,14,94
2023-01-25,15,112
2023-01-25,16,84
2023-01-25,17,119
2023-01-25,18,123
2023-01-25,19,113
2023-01-25,20,65
2023-01-25,21,51
2023-01-25,22,35
2023-01-25,23,30
2023-01-26,0,10
2023-01-26,1,12
2023-01-26,2,5
2023-01-26,3,7
2023-01-26,4,5
2023-01-26,5,11
2023-01-26,6,29
2023-01-26,7,65
2023-01-26,8,154
2023-01-26,9,171
2023-01-26,10,119
2023-01-26,11,102
2023-01-26,12,129
2023-01-26,13,123
2023-01-26,14,107
2023-01-26,15,123
2023-01-26,16,108
2023-01-26,17,114
2023-01-26,18,124
2023-01-26,19,109
2023-01-26,20,83
2023-01-26,21,73
2023-01-26,22,47
2023-01-26,23,25
2023-01-27,0,19
2023-01-27,1,7
2023-01-27,2,6
2023-01-27,3,4
2023-01-27,4,7
2023-01-27,5,7
2023-01-27,6,27
2023-01-27,7,69
2023-01-27,8,159
2023-01-27,9,147
2023-01-27,10,149
2023-01-27,11,123
2023-01-27,12,129
2023-01-27,13,127
2023-01-27,14,132
2023-01-27,15,106
2023-01-27,16,128
2023-01-27,17,126
2023-01-27,18,152
2023-01-27,19,115
2023-01-27,20,99
2023-01-27,21,58
2023-01-27,22,49
2023-01-27,23,47
2023-01-28,0,23
2023-01-28,1,26
2023-01-28,2,7
2023-01-28,3,6
2023-01-28,4,10
2023-01-28,5,8
2023-01-28,6,16
2023-01-28,7,20
2023-01-28,8,40
2023-01-28,9,84
2023-01-28,10,112
2023-01-28,11,140
2023-01-28,12,121
2023-01-28,13,140
2023-01-28,14,140
2023-01-28,15,111
2023-01-28,16,93
2023-01-28,17,95
2023-01-28,18,139
2023-01-28,19,115
2023-01-28,20,91
2023-01-28,21,67
2023-01-28,22,88
2023-01-28,23,45
2023-01-29,0,24
2023-01-29,1,20
2023-01-29,2,12
2023-01-29,3,6
2023-01-29,4,11
2023-01-29,5,8
2023-01-29,6,5
2023-01-29,7,16
2023-01-29,8,17
2023-01-29,9,32
2023-01-29,10,68
2023-01-29,11,71
2023-01-29,12,98
2023-01-29,13,85
2023-01-29,14,117
2023-01-29,15,108
2023-01-29,16,97
2023-01-29,17,99
2023-01-29,18,110
2023-01-29,19,88
2023-01-29,20,53
2023-01-29,21,38
2023-01-29,22,31
2023-01-29,23,29
2023-01-30,0,13
2023-01-30,1,11
2023-01-30,2,5
2023-01-30,3,8
2023-01-30,4,3
2023-01-30,5,10
2023-01-30,6,26
2023-01-30,7,59
2023-01-30,8,139
2023-01-30,9,140
2023-01-30,10,98
2023-01-30,11,109
2023-01-30,12,107
2023-01-30,13,122
2023-01-30,14,113
2023-01-30,15,117
2023-01-30,16,91
2023-01-30,17,129
2023-01-30,18,135
2023-01-30,19,84
2023-01-30,20,81
2023-01-30,21,62
2023-01-30,22,47
2023-01-30,23,19
2023-01-31,0,13
2023-01-31,1,8
2023-01-31,2,4
2023-01-31,3,5
2023-01-31,4,2
2023-01-31,5,10
2023-01-31,6,32
2023-01-31,7,63
2023-01-31,8,158
2023-01-31,9,186
2023-01-31,10,127
2023-01-31,11,130
2023-01-31,12,116
2023-01-31,13,103
2023-01-31,14,116
2023-01-31,15,103
2023-01-31,16,80
2023-01-31,17,125
2023-01-31,18,134
2023-01-31,19,96
2023-01-31,20,87
2023-01-31,21,52
2023-01-31,22,41
2023-01-31,23,19
2023-02-01,0,12
2023-02-01,1,5
2023-02-01,2,5
2023-02-01,3,5
2023-02-01,4,3
2023-02-01,5,8
2023-02-01,6,16
2023-02-01,7,70
2023-02-01,8,165
2023-02-01,9,154
2023-02-01,10,101
2023-02-01,11,90
2023-02-01,12,117
2023-02-01,13,125
2023-02-01,14,118
2023-02-01,15,125
2023-02-01,16,122
2023-02-01,17,128
2023-02-01,18,132
2023-02-01,19,99
2023-02-01,20,75
2023-02-01,21,48
2023-02-01,22,68
2023-02-01,23,34
2023-02-02,0,18
2023-02-02,1,4
2023-02-02,2,4
2023-02-02,3,4
2023-02-02,4,4
2023-02-02,5,5
2023-02-02,6,27
2023-02-02,7,49
2023-02-02,8,158
2023-02-02,9,161
2023-02-02,10,143
2023-02-02,11,101
2023-02-02,12,116
2023-02-02,13,124
2023-02-02,14,109
2023-02-02,15,140
2023-02-02,16,113
2023-02-02,17,101
2023-02-02,18,126
2023-02-02,19,120
2023-02-02,20,92
2023-02-02,21,60
2023-02-02,22,30
2023-02-02,23,17
2023-02-03,0,18
2023-02-03,1,8
2023-02-03,2,3
2023-02-03,3,4
2023-02-03,4,5
2023-02-03,5,10
2023-02-03,6,33
2023-02-03,7,57
2023-02-03,8,125
2023-02-03,9,121
2023-02-03,10,97
2023-02-03,11,166
2023-02-03,12,134
2023-02-03,13,145
2023-02-03,14,99
2023-02-03,15,117
2023-02-03,16,141
2023-02-03,17,135
2023-02-03,18,118
2023-02-03,19,92
2023-02-03,20,100
2023-02-03,21,74
2023-02-03,22,55
2023-02-03,23,42
2023-02-04,0,26
2023-02-04,1,20
2023-02-04,2,11
2023-02-04,3,12
2023-02-04,4,8
2023-02-04,5,5
2023-02-04,6,17
2023-02-04,7,24
2023-02-04,8,41
2023-02-04,9,84
2023-02-04,10,113
2023-02-04,11,96
2023-02-04,12,121
2023-02-04,13,149
2023-02-04,14,125
2023-02-04,15,121
2023-02-04,16,127
2023-02-04,17,98
2023-02-04,18,138
2023-02-04,19,124
2023-02-04,20,81
2023-02-04,21,65
2023-02-04,22,53
2023-02-04,23,47
2023-02-05,0,30
2023-02-05,1,23
2023-02-05,2,11
2023-02-05,3,10
2023-02-05,4,11
2023-02-05,5,4
2023-02-05,6,8
2023-02-05,7,13
2023-02-05,8,21
2023-02-05,9,47
2023-02-05,10,67
2023-02-05,11,101
2023-02-05,12,84
2023-02-05,13,85
2023-02-05,14,98
2023-02-05,15,88
2023-02-05,16,101
2023-02-05,17,82
2023-02-05,18,104
2023-02-05,19,97
2023-02-05,20,78
2023-02-05,21,40
2023-02-05,22,46
2023-02-05,23,20
2023-02-06,0,15
2023-02-06,1,10
2023-02-06,2,3
2023-02-06,3,2
2023-02-06,4,9
2023-02-06,5,4
2023-02-06,6,21
2023-02-06,7,63
2023-02-06,8,149
2023-02-06,9,128
2023-02-06,10,119
2023-02-06,11,109
2023-02-06,12,86
2023-02-06,13,116
2023-02-06,14,101
2023-02-06,15,129
2023-02-06,16,107
2023-02-06,17,138
2023-02-06,18,121
2023-02-06,19,93
2023-02-06,20,69
2023-02-06,21,52
2023-02-06,22,47
2023-02-06,23,25
2023-02-07,0,10
2023-02-07,1,7
2023-02-07,2,2
2023-02-07,3,6
2023-02-07,4,7
2023-02-07,5,13
2023-02-07,6,25
2023-02-07,7,60
2023-02-07,8,163
2023-02-07,9,173
2023-02-07,10,129
2023-02-07,11,98
2023-02-07,12,113
2023-02-07,13,141
2023-02-07,14,101
2023-02-07,15,101
2023-02-07,16,117
2023-02-07,17,111
2023-02-07,18,125
2023-02-07,19,96
2023-02-07,20,82
2023-02-07,21,50
2023-02-07,22,35
2023-02-07,23,27
2023-02-08,0,18
2023-02-08,1,9
2023-02-08,2,6
2023-02-08,3,5
2023-02-08,4,8
2023-02-08,5,13
2023-02-08,6,24
2023-02-08,7,82
2023-02-08,8,170
2023-02-08,9,139
2023-02-08,10,87
2023-02-08,11,103
2023-02-08,12,100
2023-02-08,13,110
2023-02-08,14,99
2023-02-08,15,112
2023-02-08,16,113
2023-02-08,17,128
2023-02-08,18,130
2023-02-08,19,120
2023-02-08,20,77
2023-02-08,21,41
2023-02-08,22,54
2023-02-08,23,18
2023-02-09,0,11
2023-02-09,1,7
2023-02-09,2,5
2023-02-09,3,6
2023-02-09,4,5
2023-02-09,5,6
2023-02-09,6,31
2023-02-09,7,71
2023-02-09,8,162
2023-02-09,9,161
2023-02-09,10,96
2023-02-09,11,104
2023-02-09,12,109
2023-02-09,13,125
2023-02-09,14,101
2023-02-09,15,113
2023-02-09,16,109
2023-02-09,17,128
2023-02-09,18,122
2023-02-09,19,104
2023-02-09,20,77
2023-02-09,21,47
2023-02-09,22,42
2023-02-09,23,33
2023-02-10,0,19
2023-02-10,1,9
2023-02-10,2,1
2023-02-10,3,3
2023-02-10,4,6
2023-02-10,5,9
2023-02-10,6,24
2023-02-10,7,61
2023-02-10,8,151
2023-02-10,9,153
2023-02-10,10,134
2023-02-10,11,121
2023-02-10,12,128
2023-02-10,13,142
2023-02-10,14,122
2023-02-10,15,132
2023-02-10,16,137
2023-02-10,17,124
2023-02-10,18,146
2023-02-10,19,100
2023-02-10,20,93
2023-02-10,21,72
2023-02-10,22,53
2023-02-10,23,39
2023-02-11,0,29
2023-02-11,1,18
2023-02-11,2,7
2023-02-11,3,9
2023-02-11,4,10
2023-02-11,5,7
2023-02-11,6,14
2023-02-11,7,26
2023-02-11,8,63
2023-02-11,9,88
2023-02-11,10,107
2023-02-11,11,110
2023-02-11,12,130
2023-02-11,13,148
2023-02-11,14,144
2023-02-11,15,112
2023-02-11,16,117
2023-02-11,17,112
2023-02-11,18,116
2023-02-11,19,76
2023-02-11,20,98
2023-02-11,21,83
2023-02-11,22,61
2023-02-11,23,47
2023-02-12,0,35
2023-02-12,1,22
2023-02-12,2,23
2023-02-12,3,12
2023-02-12,4,8
2023-02-12,5,5
2023-02-12,6,4
2023-02-12,7,16
2023-02-12,8,32
2023-02-12,9,39
2023-02-12,10,80
2023-02-12,11,83
2023-02-12,12,120
2023-02-12,13,122
2023-02-12,14,114
2023-02-12,15,98
2023-02-12,16,111
2023-02-12,17,105
2023-02-12,18,98
2023-02-12,19,81
2023-02-12,20,75
2023-02-12,21,56
2023-02-12,22,47
2023-02-12,23,20
2023-02-13,0,16
2023-02-13,1,11
2023-02-13,2,7
2023-02-13,3,2
2023-02-13,4,4
2023-02-13,5,13
2023-02-13,6,24
2023-02-13,7,54
2023-02-13,8,134
2023-02-13,9,107
2023-02-13,10,84
2023-02-13,11,95
2023-02-13,12,86
2023-02-13,13,104
2023-02-13,14,108
2023-02-13,15,108
2023-02-13,16,102
2023-02-13,17,98
2023-02-13,18,138
2023-02-13,19,84
2023-02-13,20,67
2023-02-13,21,36
2023-02-13,22,27
2023-02-13,23,26
2023-02-14,0,18
2023-02-14,1,8
2023-02-14,2,4
2023-02-14,3,2
2023-02-14,4,6
2023-02-14,5,5
2023-02-14,6,24
2023-02-14,7,55
2023-02-14,8,108
2023-02-14,9,108
2023-02-14,10,100
2023-02-14,11,124
2023-02-14,12,123
2023-02-14,13,129
2023-02-14,14,107
2023-02-14,15,100
2023-02-14,16,105
2023-02-14,17,119
2023-02-14,18,138
2023-02-14,19,115
2023-02-14,20,83
2023-02-14,21,55
2023-02-14,22,48
2023-02-14,23,25
2023-02-15,0,19
2023-02-15,1,4
2023-02-15,2,6
2023-02-15,3,6
2023-02-15,4,5
2023-02-15,5,10
2023-02-15,6,17
2023-02-15,7,73
2023-02-15,8,148
2023-02-15,9,109
2023-02-15,10,93
2023-02-15,11,107
2023-02-15,12,121
2023-02-15,13,125
2023-02-15,14,107
2023-02-15,15,117
2023-02-15,16,104
2023-02-15,17,116
2023-02-15,18,115
2023-02-15,19,127
2023-02-15,20,70
2023-02-15,21,54
2023-02-15,22,33
2023-02-15,23,24
2023-02-16,0,10
2023-02-16,1,5
2023-02-16,2,3
2023-02-16,3,6
2023-02-16,4,3
2023-02-16,5,11
2023-02-16,6,27
2023-02-16,7,60
2023-02-16,8,144
2023-02-16,9,139
2023-02-16,10,98
2023-02-16,11,115
2023-02-16,12,92
2023-02-16,13,128
2023-02-16,14,113
2023-02-16,15,116
2023-02-16,16,109
2023-02-16,17,103
2023-02-16,18,109
2023-02-16,19,107
2023-02-16,20,79
2023-02-16,21,38
2023-02-16,22,42
2023-02-16,23,27
2023-02-17,0,10
2023-02-17,1,9
2023-02-17,2,5
2023-02-17,3,4
2023-02-17,4,4
2023-02-17,5,5
2023-02-17,6,24
2023-02-17,7,56
2023-02-17,8,154
2023-02-17,9,145
2023-02-17,10,102
2023-02-17,11,135
2023-02-17,12,113
2023-02-17,13,120
2023-02-17,14,139
2023-02-17,15,103
2023-02-17,16,139
2023-02-17,17,126
2023-02-17,18,153
2023-02-17,19,140
2023-02-17,20,83
2023-02-17,21,63
2023-02-17,22,48
2023-02-17,23,45
2023-02-18,0,30
2023-02-18,1,24
2023-02-18,2,15
2023-02-18,3,8
2023-02-18,4,6
2023-02-18,5,11
2023-02-18,6,14
2023-02-18,7,27
2023-02-18,8,50
2023-02-18,9,77
2023-02-18,10,107
2023-02-18,11,110
2023-02-18,12,114
2023-02-18,13,131
2023-02-18,14,116
2023-02-18,15,91
2023-02-18,16,98
2023-02-18,17,54
2023-02-18,18,118
2023-02-18,19,113
2023-02-18,20,91
2023-02-18,21,62
2023-02-18,22,64
2023-02-18,23,41
2023-02-19,0,33
2023-02-19,1,21
2023-02-19,2,20
2023-02-19,3,6
2023-02-19,4,12
2023-02-19,5,11
2023-02-19,6,8
2023-02-19,7,12
2023-02-19,8,18
2023-02-19,9,41
2023-02-19,10,74
2023-02-19,11,70
2023-02-19,12,99
2023-02-19,13,109
2023-02-19,14,105
2023-02-19,15,101
2023-02-19,16,118
2023-02-19,17,90
2023-02-19,18,93
2023-02-19,19,75
2023-02-19,20,65
2023-02-19,21,53
2023-02-19,22,34
2023-02-19,23,18
2023-02-20,0,12
2023-02-20,1,4
2023-02-20,2,1
2023-02-20,3,8
2023-02-20,4,3
2023-02-20,5,11
2023-02-20,6,31
2023-02-20,7,60
2023-02-20,8,128
2023-02-20,9,132
2023-02-20,10,95
2023-02-20,11,91
2023-02-20,12,95
2023-02-20,13,107
2023-02-20,14,107
2023-02-20,15,121
2023-02-20,16,109
2023-02-20,17,122
2023-02-20,18,118
2023-02-20,19,93
2023-02-20,20,64
2023-02-20,21,48
2023-02-20,22,40
2023-02-20,23,17
2023-02-21,0,13
2023-02-21,1,7
2023-02-21,2,4
2023-02-21,3,8
2023-02-21,4,6
2023-02-21,5,9
2023-02-21,6,29
2023-02-21,7,58
2023-02-21,8,166
2023-02-21,9,150
2023-02-21,10,120
2023-02-21,11,109
2023-02-21,12,101
2023-02-21,13,105
2023-02-21,14,119
2023-02-21,15,128
2023-02-21,16,103
2023-02-21,17,122
2023-02-21,18,114
2023-02-21,19,96
2023-02-21,20,68
2023-02-21,21,41
2023-02-21,22,51
2023-02-21,23,28
2023-02-22,0,17
2023-02-22,1,8
2023-02-22,2,4
2023-02-22,3,3
2023-02-22,4,2
2023-02-22,5,7
2023-02-22,6,26
2023-02-22,7,57
2023-02-22,8,160
2023-02-22,9,161
2023-02-22,10,124
2023-02-22,11,114
2023-02-22,12,109
2023-02-22,13,106
2023-02-22,14,106
2023-02-22,15,131
2023-02-22,16,138
2023-02-22,17,106
2023-02-22,18,120
2023-02-22,19,105
2023-02-22,20,80
2023-02-22,21,52
2023-02-22,22,44
2023-02-22,23,18
2023-02-23,0,14
2023-02-23,1,8
2023-02-23,2,8
2023-02-23,3,2
2023-02-23,4,7
2023-02-23,5,12
2023-02-23,6,28
2023-02-23,7,61
2023-02-23,8,153
2023-02-23,9,146
2023-02-23,10,132
2023-02-23,11,110
2023-02-23,12,104
2023-02-23,13,116
2023-02-23,14,100
2023-02-23,15,110
2023-02-23,16,121
2023-02-23,17,127
2023-02-23,18,113
2023-02-23,19,85
2023-02-23,20,79
2023-02-23,21,60
2023-02-23,22,41
2023-02-23,23,16
2023-02-24,0,15
2023-02-24,1,10
2023-02-24,2,6
2023-02-24,3,8
2023-02-24,4,4
2023-02-24,5,15
2023-02-24,6,30
2023-02-24,7,71
2023-02-24,8,125
2023-02-24,9,147
2023-02-24,10,120
2023-02-24,11,114
2023-02-24,12,126
2023-02-24,13,159
2023-02-24,14,126
2023-02-24,15,114
2023-02-24,16,124
2023-02-24,17,105
2023-02-24,18,134
2023-02-24,19,118
2023-02-24,20,105
2023-02-24,21,71
2023-02-24,22,44
2023-02-24,23,38
2023-02-25,0,39
2023-02-25,1,23
2023-02-25,2,11
2023-02-25,3,8
2023-02-25,4,6
2023-02-25,5,5
2023-02-25,6,16
2023-02-25,7,26
2023-02-25,8,48
2023-02-25,9,90
2023-02-25,10,98
2023-02-25,11,119
2023-02-25,12,107
2023-02-25,13,128
2023-02-25,14,117
2023-02-25,15,116
2023-02-25,16,126
2023-02-25,17,121
2023-02-25,18,111
2023-02-25,19,98
2023-02-25,20,90
2023-02-25,21,59
2023-02-25,22,46
2023-02-25,23,37
2023-02-26,0,34
2023-02-26,1,19
2023-02-26,2,9
2023-02-26,3,11
2023-02-26,4,10
2023-02-26,5,9
2023-02-26,6,11
2023-02-26,7,15
2023-02-26,8,27
2023-02-26,9,54
2023-02-26,10,64
2023-02-26,11,90
2023-02-26,12,99
2023-02-26,13,94
2023-02-26,14,94
2023-02-26,15,61
2023-02-26,16,59
2023-02-26,17,52
2023-02-26,18,97
2023-02-26,19,92
2023-02-26,20,80
2023-02-26,21,55
2023-02-26,22,45
2023-02-26,23,40
2023-02-27,0,18
2023-02-27,1,13
2023-02-27,2,8
2023-02-27,3,11
2023-02-27,4,8
2023-02-27,5,13
2023-02-27,6,21
2023-02-27,7,62
2023-02-27,8,124
2023-02-27,9,138
2023-02-27,10,98
2023-02-27,11,91
2023-02-27,12,97
2023-02-27,13,131
2023-02-27,14,110
2023-02-27,15,94
2023-02-27,16,98
2023-02-27,17,111
2023-02-27,18,92
2023-02-27,19,81
2023-02-27,20,75
2023-02-27,21,48
2023-02-27,22,33
2023-02-27,23,21
2023-02-28,0,12
2023-02-28,1,8
2023-02-28,2,5
2023-02-28,3,2
2023-02-28,4,9
2023-02-28,5,10
2023-02-28,6,22
2023-02-28,7,69
2023-02-28,8,148
2023-02-28,9,100
2023-02-28,10,127
2023-02-28,11,108
2023-02-28,12,107
2023-02-28,13,105
2023-02-28,14,111
2023-02-28,15,112
2023-02-28,16,107
2023-02-28,17,106
2023-02-28,18,101
2023-02-28,19,74
2023-02-28,20,64
2023-02-28,21,44
2023-02-28,22,35
2023-02-28,23,26
2023-03-01,0,19
2023-03-01,1,6
2023-03-01,2,6
2023-03-01,3,6
2023-03-01,4,7
2023-03-01,5,5
2023-03-01,6,19
2023-03-01,7,65
2023-03-01,8,152
2023-03-01,9,106
2023-03-01,10,106
2023-03-01,11,99
2023-03-01,12,123
2023-03-01,13,127
2023-03-01,14,105
2023-03-01,15,95
2023-03-01,16,94
2023-03-01,17,132
2023-03-01,18,137
2023-03-01,19,103
2023-03-01,20,69
2023-03-01,21,57
2023-03-01,22,38
2023-03-01,23,21
2023-03-02,0,9
2023-03-02,1,3
2023-03-02,2,1
2023-03-02,3,4
2023-03-02,4,4
2023-03-02,5,5
2023-03-02,6,24
2023-03-02,7,68
2023-03-02,8,138
2023-03-02,9,161
2023-03-02,10,113
2023-03-02,11,117
2023-03-02,12,118
2023-03-02,13,119
2023-03-02,14,98
2023-03-02,15,111
2023-03-02,16,115
2023-03-02,17,122
2023-03-02,18,98
2023-03-02,19,116
2023-03-02,20,71
2023-03-02,21,50
2023-03-02,22,38
2023-03-02,23,13
2023-03-03,0,10
2023-03-03,1,10
2023-03-03,2,4
2023-03-03,3,5
2023-03-03,4,7
2023-03-03,5,11
2023-03-03,6,27
2023-03-03,7,69
2023-03-03,8,143
2023-03-03,9,128
2023-03-03,10,112
2023-03-03,11,112
2023-03-03,12,124
2023-03-03,13,125
2023-03-03,14,118
2023-03-03,15,112
2023-03-03,16,142
2023-03-03,17,128
2023-03-03,18,164
2023-03-03,19,120
2023-03-03,20,97
2023-03-03,21,57
2023-03-03,22,55
2023-03-03,23,35
2023-03-04,0,25
2023-03-04,1,26
2023-03-04,2,8
2023-03-04,3,9
2023-03-04,4,7
2023-03-04,5,9
2023-03-04,6,17
2023-03-04,7,23
2023-03-04,8,59
2023-03-04,9,87
2023-03-04,10,99
2023-03-04,11,117
2023-03-04,12,108
2023-03-04,13,129
2023-03-04,14,111
2023-03-04,15,100
2023-03-04,16,104
2023-03-04,17,100
2023-03-04,18,125
2023-03-04,19,119
2023-03-04,20,97
2023-03-04,21,64
2023-03-04,22,56
2023-03-04,23,38
2023-03-05,0,37
2023-03-05,1,22
2023-03-05,2,17
2023-03-05,3,16
2023-03-05,4,7
2023-03-05,5,6
2023-03-05,6,4
2023-03-05,7,11
2023-03-05,8,40
2023-03-05,9,36
2023-03-05,10,90
2023-03-05,11,92
2023-03-05,12,80
2023-03-05,13,89
2023-03-05,14,89
2023-03-05,15,84
2023-03-05,16,99
2023-03-05,17,90
2023-03-05,18,107
2023-03-05,19,80
2023-03-05,20,54
2023-03-05,21,45
2023-03-05,22,42
2023-03-05,23,21
2023-03-06,0,16
2023-03-06,1,6
2023-03-06,2,4
2023-03-06,3,5
2023-03-06,4,3
2023-03-06,5,8
2023-03-06,6,32
2023-03-06,7,70
2023-03-06,8,141
2023-03-06,9,152
2023-03-06,10,107
2023-03-06,11,106
2023-03-06,12,96
2023-03-06,13,115
2023-03-06,14,130
2023-03-06,15,111
2023-03-06,16,129
2023-03-06,17,111
2023-03-06,18,113
2023-03-06,19,106
2023-03-06,20,55
2023-03-06,21,56
2023-03-06,22,32
2023-03-06,23,21
2023-03-07,0,7
2023-03-07,1,11
2023-03-07,2,4
2023-03-07,3,3
2023-03-07,4,4
2023-03-07,5,7
2023-03-07,6,30
2023-03-07,7,49
2023-03-07,8,150
2023-03-07,9,187
2023-03-07,10,111
2023-03-07,11,101
2023-03-07,12,92
2023-03-07,13,77
2023-03-07,14,109
2023-03-07,15,101
2023-03-07,16,108
2023-03-07,17,115
2023-03-07,18,130
2023-03-07,19,103
2023-03-07,20,54
2023-03-07,21,49
2023-03-07,22,34
2023-03-07,23,19
2023-03-08,0,12
2023-03-08,1,3
2023-03-08,2,5
2023-03-08,3,7
2023-03-08,4,6
2023-03-08,5,9
2023-03-08,6,28
2023-03-08,7,58
2023-03-08,8,153
2023-03-08,9,149
2023-03-08,10,107
2023-03-08,11,90
2023-03-08,12,98
2023-03-08,13,118
2023-03-08,14,95
2023-03-08,15,138
2023-03-08,16,133
2023-03-08,17,143
2023-03-08,18,121
2023-03-08,19,96
2023-03-08,20,56
2023-03-08,21,43
2023-03-08,22,43
2023-03-08,23,30
2023-03-09,0,23
2023-03-09,1,8
2023-03-09,2,4
2023-03-09,3,4
2023-03-09,4,3
2023-03-09,5,8
2023-03-09,6,21
2023-03-09,7,64
2023-03-09,8,147
2023-03-09,9,159
2023-03-09,10,130
2023-03-09,11,132
2023-03-09,12,106
2023-03-09,13,140
2023-03-09,14,121
2023-03-09,15,136
2023-03-09,16,103
2023-03-09,17,139
2023-03-09,18,138
2023-03-09,19,113
2023-03-09,20,91
2023-03-09,21,57
2023-03-09,22,55
2023-03-09,23,27
2023-03-10,0,13
2023-03-10,1,14
2023-03-10,2,5
2023-03-10,3,3
2023-03-10,4,4
2023-03-10,5,9
2023-03-10,6,22
2023-03-10,7,66
2023-03-10,8,157
2023-03-10,9,158
2023-03-10,10,120
2023-03-10,11,94
2023-03-10,12,113
2023-03-10,13,114
2023-03-10,14,155
2023-03-10,15,113
2023-03-10,16,139
2023-03-10,17,107
2023-03-10,18,143
2023-03-10,19,127
2023-03-10,20,85
2023-03-10,21,63
2023-03-10,22,55
2023-03-10,23,47
2023-03-11,0,18
2023-03-11,1,24
2023-03-11,2,12
2023-03-11,3,13
2023-03-11,4,6
2023-03-11,5,6
2023-03-11,6,15
2023-03-11,7,34
2023-03-11,8,48
2023-03-11,9,77
2023-03-11,10,101
2023-03-11,11,81
2023-03-11,12,122
2023-03-11,13,115
2023-03-11,14,117
2023-03-11,15,112
2023-03-11,16,105
2023-03-11,17,98
2023-03-11,18,132
2023-03-11,19,83
2023-03-11,20,76
2023-03-11,21,46
2023-03-11,22,52
2023-03-11,23,39
2023-03-12,0,37
2023-03-12,1,23
2023-03-12,2,19
2023-03-12,3,8
2023-03-12,4,8
2023-03-12,5,10
2023-03-12,6,9
2023-03-12,7,14
2023-03-12,8,37
2023-03-12,9,51
2023-03-12,10,85
2023-03-12,11,102
2023-03-12,12,112
2023-03-12,13,109
2023-03-12,14,91
2023-03-12,15,79
2023-03-12,16,77
2023-03-12,17,83
2023-03-12,18,89
2023-03-12,19,61
2023-03-12,20,64
2023-03-12,21,44
2023-03-12,22,37
2023-03-12,23,23
2023-03-13,0,16
2023-03-13,1,7
2023-03-13,2,4
2023-03-13,3,6
2023-03-13,4,2
2023-03-13,5,8
2023-03-13,6,25
2023-03-13,7,61
2023-03-13,8,142
2023-03-13,9,167
2023-03-13,10,101
2023-03-13,11,134
2023-03-13,12,115
2023-03-13,13,134
2023-03-13,14,92
2023-03-13,15,110
2023-03-13,16,125
2023-03-13,17,109
2023-03-13,18,115
2023-03-13,19,97
2023-03-13,20,67
2023-03-13,21,36
2023-03-13,22,36
2023-03-13,23,20
2023-03-14,0,9
2023-03-14,1,7
2023-03-14,2,3
2023-03-14,3,6
2023-03-14,4,3
2023-03-14,5,8
2023-03-14,6,37
2023-03-14,7,74
2023-03-14,8,149
2023-03-14,9,213
2023-03-14,10,127
2023-03-14,11,121
2023-03-14,12,115
2023-03-14,13,111
2023-03-14,14,112
2023-03-14,15,107
2023-03-14,16,93
2023-03-14,17,92
2023-03-14,18,112
2023-03-14,19,68
2023-03-14,20,70
2023-03-14,21,41
2023-03-14,22,38
2023-03-14,23,17
2023-03-15,0,13
2023-03-15,1,11
2023-03-15,2,5
2023-03-15,3,5
2023-03-15,4,1
2023-03-15,5,10
2023-03-15,6,27
2023-03-15,7,46
2023-03-15,8,147
2023-03-15,9,145
2023-03-15,10,112
2023-03-15,11,110
2023-03-15,12,102
2023-03-15,13,127
2023-03-15,14,145
2023-03-15,15,129
2023-03-15,16,130
2023-03-15,17,115
2023-03-15,18,118
2023-03-15,19,112
2023-03-15,20,62
2023-03-15,21,56
2023-03-15,22,35
2023-03-15,23,29
2023-03-16,0,19
2023-03-16,1,8
2023-03-16,2,7
2023-03-16,3,4
2023-03-16,4,3
2023-03-16,5,9
2023-03-16,6,31
2023-03-16,7,73
2023-03-16,8,168
2023-03-16,9,164
2023-03-16,10,120
2023-03-16,11,114
2023-03-16,12,130
2023-03-16,13,135
2023-03-16,14,101
2023-03-16,15,124
2023-03-16,16,103
2023-03-16,17,112
2023-03-16,18,129
2023-03-16,19,113
2023-03-16,20,84
2023-03-16,21,43
2023-03-16,22,40
2023-03-16,23,31
2023-03-17,0,12
2023-03-17,1,10
2023-03-17,2,2
2023-03-17,3,5
2023-03-17,4,4
2023-03-17,5,8
2023-03-17,6,23
2023-03-17,7,65
2023-03-17,8,121
2023-03-17,9,189
2023-03-17,10,110
2023-03-17,11,127
2023-03-17,12,140
2023-03-17,13,146
2023-03-17,14,119
2023-03-17,15,127
2023-03-17,16,159
2023-03-17,17,118
2023-03-17,18,129
2023-03-17,19,98
2023-03-17,20,73
2023-03-17,21,62
2023-03-17,22,59
2023-03-17,23,47
2023-03-18,0,36
2023-03-18,1,25
2023-03-18,2,12
2023-03-18,3,13
2023-03-18,4,10
2023-03-18,5,7
2023-03-18,6,10
2023-03-18,7,27
2023-03-18,8,42
2023-03-18,9,88
2023-03-18,10,90
2023-03-18,11,126
2023-03-18,12,125
2023-03-18,13,122
2023-03-18,14,105
2023-03-18,15,102
2023-03-18,16,87
2023-03-18,17,63
2023-03-18,18,123
2023-03-18,19,80
2023-03-18,20,88
2023-03-18,21,56
2023-03-18,22,49
2023-03-18,23,33
2023-03-19,0,29
2023-03-19,1,26
2023-03-19,2,10
2023-03-19,3,7
2023-03-19,4,10
2023-03-19,5,10
2023-03-19,6,9
2023-03-19,7,12
2023-03-19,8,28
2023-03-19,9,38
2023-03-19,10,77
2023-03-19,11,115
2023-03-19,12,89
2023-03-19,13,101
2023-03-19,14,112
2023-03-19,15,87
2023-03-19,16,107
2023-03-19,17,101
2023-03-19,18,93
2023-03-19,19,85
2023-03-19,20,64
2023-03-19,21,38
2023-03-19,22,43
2023-03-19,23,23
2023-03-20,0,14
2023-03-20,1,3
2023-03-20,2,1
2023-03-20,3,6
2023-03-20,4,5
2023-03-20,5,9
2023-03-20,6,35
2023-03-20,7,62
2023-03-20,8,144
2023-03-20,9,154
2023-03-20,10,107
2023-03-20,11,86
2023-03-20,12,90
2023-03-20,13,97
2023-03-20,14,90
2023-03-20,15,125
2023-03-20,16,98
2023-03-20,17,119
2023-03-20,18,126
2023-03-20,19,81
2023-03-20,20,54
2023-03-20,21,62
2023-03-20,22,43
2023-03-20,23,19
2023-03-21,0,10
2023-03-21,1,6
2023-03-21,2,1
2023-03-21,3,2
2023-03-21,4,2
2023-03-21,5,10
2023-03-21,6,31
2023-03-21,7,74
2023-03-21,8,156
2023-03-21,9,193
2023-03-21,10,108
2023-03-21,11,86
2023-03-21,12,108
2023-03-21,13,104
2023-03-21,14,112
2023-03-21,15,112
2023-03-21,16,121
2023-03-21,17,111
2023-03-21,18,125
2023-03-21,19,86
2023-03-21,20,70
2023-03-21,21,50
2023-03-21,22,46
2023-03-21,23,17
2023-03-22,0,11
2023-03-22,1,10
2023-03-22,2,4
2023-03-22,3,3
2023-03-22,4,7
2023-03-22,5,7
2023-03-22,6,28
2023-03-22,7,66
2023-03-22,8,179
2023-03-22,9,134
2023-03-22,10,94
2023-03-22,11,102
2023-03-22,12,128
2023-03-22,13,127
2023-03-22,14,108
2023-03-22,15,120
2023-03-22,16,134
2023-03-22,17,106
2023-03-22,18,125
2023-03-22,19,105
2023-03-22,20,72
2023-03-22,21,45
2023-03-22,22,46
2023-03-22,23,29
2023-03-23,0,9
2023-03-23,1,7
2023-03-23,2,2
2023-03-23,3,2
2023-03-23,4,6
2023-03-23,5,7
2023-03-23,6,24
2023-03-23,7,78
2023-03-23,8,144
2023-03-23,9,173
2023-03-23,10,85
2023-03-23,11,108
2023-03-23,12,134
2023-03-23,13,111
2023-03-23,14,130
2023-03-23,15,109
2023-03-23,16,121
2023-03-23,17,117
2023-03-23,18,140
2023-03-23,19,101
2023-03-23,20,89
2023-03-23,21,58
2023-03-23,22,41
2023-03-23,23,27
2023-03-24,0,18
2023-03-24,1,8
2023-03-24,2,6
2023-03-24,3,5
2023-03-24,4,4
2023-03-24,5,11
2023-03-24,6,26
2023-03-24,7,60
2023-03-24,8,123
2023-03-24,9,143
2023-03-24,10,112
2023-03-24,11,130
2023-03-24,12,129
2023-03-24,13,125
2023-03-24,14,123
2023-03-24,15,136
2023-03-24,16,132
2023-03-24,17,136
2023-03-24,18,127
2023-03-24,19,121
2023-03-24,20,73
2023-03-24,21,54
2023-03-24,22,55
2023-03-24,23,51
2023-03-25,0,25
2023-03-25,1,10
2023-03-25,2,8
2023-03-25,3,5
2023-03-25,4,3
2023-03-25,5,6
2023-03-25,6,11
2023-03-25,7,34
2023-03-25,8,60
2023-03-25,9,90
2023-03-25,10,86
2023-03-25,11,130
2023-03-25,12,170
2023-03-25,13,116
2023-03-25,14,118
2023-03-25,15,126
2023-03-25,16,115
2023-03-25,17,98
2023-03-25,18,108
2023-03-25,19,94
2023-03-25,20,83
2023-03-25,21,47
2023-03-25,22,65
2023-03-25,23,47
2023-03-26,0,34
2023-03-26,1,21
2023-03-26,2,26
2023-03-26,3,11
2023-03-26,4,8
2023-03-26,5,13
2023-03-26,6,15
2023-03-26,7,30
2023-03-26,8,33
2023-03-26,9,69
2023-03-26,10,76
2023-03-26,11,97
2023-03-26,12,123
2023-03-26,13,105
2023-03-26,14,89
2023-03-26,15,81
2023-03-26,16,120
2023-03-26,17,135
2023-03-26,18,87
2023-03-26,19,60
2023-03-26,20,59
2023-03-26,21,42
2023-03-26,22,31
2023-03-26,23,13
2023-03-27,0,5
2023-03-27,1,5
2023-03-27,2,6
2023-03-27,3,5
2023-03-27,4,8
2023-03-27,5,21
2023-03-27,6,58
2023-03-27,7,131
2023-03-27,8,161
2023-03-27,9,95
2023-03-27,10,110
2023-03-27,11,86
2023-03-27,12,127
2023-03-27,13,111
2023-03-27,14,112
2023-03-27,15,118
2023-03-27,16,122
2023-03-27,17,131
2023-03-27,18,120
2023-03-27,19,82
2023-03-27,20,58
2023-03-27,21,38
2023-03-27,22,29
2023-03-27,23,15
2023-03-28,0,10
2023-03-28,1,1
2023-03-28,2,3
2023-03-28,3,6
2023-03-28,4,14
2023-03-28,5,23
2023-03-28,6,60
2023-03-28,7,161
2023-03-28,8,166
2023-03-28,9,109
2023-03-28,10,98
2023-03-28,11,80
2023-03-28,12,98
2023-03-28,13,110
2023-03-28,14,115
2023-03-28,15,107
2023-03-28,16,132
2023-03-28,17,123
2023-03-28,18,114
2023-03-28,19,77
2023-03-28,20,51
2023-03-28,21,47
2023-03-28,22,26
2023-03-28,23,20
2023-03-29,0,12
2023-03-29,1,6
2023-03-29,2,7
2023-03-29,3,4
2023-03-29,4,8
2023-03-29,5,31
2023-03-29,6,56
2023-03-29,7,168
2023-03-29,8,165
2023-03-29,9,104
2023-03-29,10,105
2023-03-29,11,119
2023-03-29,12,111
2023-03-29,13,115
2023-03-29,14,110
2023-03-29,15,118
2023-03-29,16,121
2023-03-29,17,132
2023-03-29,18,108
2023-03-29,19,70
2023-03-29,20,64
2023-03-29,21,31
2023-03-29,22,27
2023-03-29,23,16
2023-03-30,0,5
2023-03-30,1,7
2023-03-30,2,4
2023-03-30,3,1
2023-03-30,4,10
2023-03-30,5,21
2023-03-30,6,68
2023-03-30,7,164
2023-03-30,8,163
2023-03-30,9,101
2023-03-30,10,114
2023-03-30,11,101
2023-03-30,12,137
2023-03-30,13,117
2023-03-30,14,123
2023-03-30,15,95
2023-03-30,16,126
2023-03-30,17,117
2023-03-30,18,119
2023-03-30,19,75
2023-03-30,20,72
2023-03-30,21,52
2023-03-30,22,33
2023-03-30,23,14
2023-03-31,0,9
2023-03-31,1,7
2023-03-31,2,5
2023-03-31,3,7
2023-03-31,4,10
2023-03-31,5,24
2023-03-31,6,60
2023-03-31,7,139
2023-03-31,8,150
2023-03-31,9,121
2023-03-31,10,127
2023-03-31,11,118
2023-03-31,12,135
2023-03-31,13,113
2023-03-31,14,118
2023-03-31,15,143
2023-03-31,16,118
2023-03-31,17,124
2023-03-31,18,116
2023-03-31,19,83
2023-03-31,20,63
2023-03-31,21,73
2023-03-31,22,46
2023-03-31,23,25
2023-04-01,0,18
2023-04-01,1,15
2023-04-01,2,10
2023-04-01,3,7
2023-04-01,4,3
2023-04-01,5,13
2023-04-01,6,23
2023-04-01,7,34
2023-04-01,8,89
2023-04-01,9,97
2023-04-01,10,109
2023-04-01,11,117
2023-04-01,12,140
2023-04-01,13,124
2023-04-01,14,125
2023-04-01,15,119
2023-04-01,16,113
2023-04-01,17,131
2023-04-01,18,128
2023-04-01,19,85
2023-04-01,20,64
2023-04-01,21,60
2023-04-01,22,53
2023-04-01,23,44
2023-04-02,0,33
2023-04-02,1,15
2023-04-02,2,13
2023-04-02,3,10
2023-04-02,4,9
2023-04-02,5,8
2023-04-02,6,12
2023-04-02,7,23
2023-04-02,8,43
2023-04-02,9,78
2023-04-02,10,81
2023-04-02,11,72
2023-04-02,12,109
2023-04-02,13,82
2023-04-02,14,96
2023-04-02,15,105
2023-04-02,16,117
2023-04-02,17,75
2023-04-02,18,78
2023-04-02,19,66
2023-04-02,20,56
2023-04-02,21,37
2023-04-02,22,20
2023-04-02,23,23
2023-04-03,0,8
2023-04-03,1,6
2023-04-03,2,2
2023-04-03,3,5
2023-04-03,4,9
2023-04-03,5,29
2023-04-03,6,48
2023-04-03,7,84
2023-04-03,8,84
2023-04-03,9,96
2023-04-03,10,95
2023-04-03,11,101
2023-04-03,12,113
2023-04-03,13,127
2023-04-03,14,108
2023-04-03,15,73
2023-04-03,16,113
2023-04-03,17,96
2023-04-03,18,93
2023-04-03,19,73
2023-04-03,20,62
2023-04-03,21,49
2023-04-03,22,19
2023-04-03,23,8
2023-04-04,0,8
2023-04-04,1,3
2023-04-04,2,5
2023-04-04,3,6
2023-04-04,4,8
2023-04-04,5,28
2023-04-04,6,56
2023-04-04,7,119
2023-04-04,8,122
2023-04-04,9,124
2023-04-04,10,116
2023-04-04,11,102
2023-04-04,12,105
2023-04-04,13,114
2023-04-04,14,87
2023-04-04,15,119
2023-04-04,16,104
2023-04-04,17,106
2023-04-04,18,90
2023-04-04,19,52
2023-04-04,20,50
2023-04-04,21,31
2023-04-04,22,23
2023-04-04,23,17
2023-04-05,0,7
2023-04-05,1,10
2023-04-05,2,4
2023-04-05,3,4
2023-04-05,4,9
2023-04-05,5,31
2023-04-05,6,48
2023-04-05,7,131
2023-04-05,8,97
2023-04-05,9,104
2023-04-05,10,103
2023-04-05,11,91
2023-04-05,12,142
2023-04-05,13,127
2023-04-05,14,117
2023-04-05,15,115
2023-04-05,16,125
2023-04-05,17,128
2023-04-05,18,101
2023-04-05,19,50
2023-04-05,20,57
2023-04-05,21,39
2023-04-05,22,30
2023-04-05,23,11
2023-04-06,0,10
2023-04-06,1,8
2023-04-06,2,3
2023-04-06,3,2
2023-04-06,4,8
2023-04-06,5,24
2023-04-06,6,60
2023-04-06,7,124
2023-04-06,8,117
2023-04-06,9,104
2023-04-06,10,119
2023-04-06,11,116
2023-04-06,12,116
2023-04-06,13,101
2023-04-06,14,110
2023-04-06,15,117
2023-04-06,16,123
2023-04-06,17,136
2023-04-06,18,117
2023-04-06,19,78
2023-04-06,20,66
2023-04-06,21,57
2023-04-06,22,36
2023-04-06,23,30
2023-04-07,0,11
2023-04-07,1,13
2023-04-07,2,5
2023-04-07,3,7
2023-04-07,4,7
2023-04-07,5,17
2023-04-07,6,50
2023-04-07,7,68
2023-04-07,8,102
2023-04-07,9,97
2023-04-07,10,128
2023-04-07,11,124
2023-04-07,12,135
2023-04-07,13,127
2023-04-07,14,117
2023-04-07,15,134
2023-04-07,16,126
2023-04-07,17,153
2023-04-07,18,134
2023-04-07,19,88
2023-04-07,20,74
2023-04-07,21,58
2023-04-07,22,43
2023-04-07,23,27
2023-04-08,0,15
2023-04-08,1,8
2023-04-08,2,10
2023-04-08,3,9
2023-04-08,4,5
2023-04-08,5,11
2023-04-08,6,29
2023-04-08,7,45
2023-04-08,8,78
2023-04-08,9,118
2023-04-08,10,102
2023-04-08,11,99
2023-04-08,12,116
2023-04-08,13,86
2023-04-08,14,64
2023-04-08,15,95
2023-04-08,16,96
2023-04-08,17,143
2023-04-08,18,107
2023-04-08,19,92
2023-04-08,20,73
2023-04-08,21,47
2023-04-08,22,42
2023-04-08,23,31
2023-04-09,0,26
2023-04-09,1,14
2023-04-09,2,9
2023-04-09,3,5
2023-04-09,4,5
2023-04-09,5,10
2023-04-09,6,18
2023-04-09,7,32
2023-04-09,8,34
2023-04-09,9,59
2023-04-09,10,78
2023-04-09,11,88
2023-04-09,12,95
2023-04-09,13,83
2023-04-09,14,77
2023-04-09,15,85
2023-04-09,16,79
2023-04-09,17,78
2023-04-09,18,91
2023-04-09,19,50
2023-04-09,20,52
2023-04-09,21,47
2023-04-09,22,31
2023-04-09,23,20
2023-04-10,0,10
2023-04-10,1,7
2023-04-10,2,4
2023-04-10,3,5
2023-04-10,4,9
2023-04-10,5,21
2023-04-10,6,27
2023-04-10,7,29
2023-04-10,8,41
2023-04-10,9,56
2023-04-10,10,98
2023-04-10,11,97
2023-04-10,12,99
2023-04-10,13,101
2023-04-10,14,104
2023-04-10,15,81
2023-04-10,16,106
2023-04-10,17,76
2023-04-10,18,92
2023-04-10,19,52
2023-04-10,20,50
2023-04-10,21,39
2023-04-10,22,23
2023-04-10,23,13
2023-04-11,0,12
2023-04-11,1,5
2023-04-11,2,0
2023-04-11,3,5
2023-04-11,4,9
2023-04-11,5,35
2023-04-11,6,53
2023-04-11,7,129
2023-04-11,8,106
2023-04-11,9,84
2023-04-11,10,114
2023-04-11,11,108
2023-04-11,12,110
2023-04-11,13,108
2023-04-11,14,114
2023-04-11,15,89
2023-04-11,16,108
2023-04-11,17,114
2023-04-11,18,81
2023-04-11,19,61
2023-04-11,20,55
2023-04-11,21,35
2023-04-11,22,20
2023-04-11,23,10
2023-04-12,0,8
2023-04-12,1,2
2023-04-12,2,4
2023-04-12,3,6
2023-04-12,4,12
2023-04-12,5,21
2023-04-12,6,58
2023-04-12,7,126
2023-04-12,8,120
2023-04-12,9,115
2023-04-12,10,89
2023-04-12,11,92
2023-04-12,12,75
2023-04-12,13,100
2023-04-12,14,89
2023-04-12,15,98
2023-04-12,16,82
2023-04-12,17,104
2023-04-12,18,82
2023-04-12,19,50
2023-04-12,20,49
2023-04-12,21,38
2023-04-12,22,18
2023-04-12,23,16
2023-04-13,0,6
2023-04-13,1,2
2023-04-13,2,2
2023-04-13,3,3
2023-04-13,4,11
2023-04-13,5,34
2023-04-13,6,82
2023-04-13,7,107
2023-04-13,8,80
2023-04-13,9,83
2023-04-13,10,112
2023-04-13,11,104
2023-04-13,12,99
2023-04-13,13,73
2023-04-13,14,96
2023-04-13,15,96
2023-04-13,16,123
2023-04-13,17,112
2023-04-13,18,98
2023-04-13,19,78
2023-04-13,20,59
2023-04-13,21,37
2023-04-13,22,36
2023-04-13,23,25
2023-04-14,0,8
2023-04-14,1,5
2023-04-14,2,7
2023-04-14,3,5
2023-04-14,4,5
2023-04-14,5,26
2023-04-14,6,54
2023-04-14,7,75
2023-04-14,8,115
2023-04-14,9,101
2023-04-14,10,105
2023-04-14,11,101
2023-04-14,12,105
2023-04-14,13,93
2023-04-14,14,97
2023-04-14,15,117
2023-04-14,16,110
2023-04-14,17,117
2023-04-14,18,97
2023-04-14,19,84
2023-04-14,20,61
2023-04-14,21,58
2023-04-14,22,45
2023-04-14,23,22
2023-04-15,0,25
2023-04-15,1,14
2023-04-15,2,11
2023-04-15,3,3
2023-04-15,4,13
2023-04-15,5,11
2023-04-15,6,26
2023-04-15,7,48
2023-04-15,8,85
2023-04-15,9,77
2023-04-15,10,106
2023-04-15,11,114
2023-04-15,12,121
2023-04-15,13,106
2023-04-15,14,98
2023-04-15,15,89
2023-04-15,16,88
2023-04-15,17,105
2023-04-15,18,92
2023-04-15,19,95
2023-04-15,20,56
2023-04-15,21,64
2023-04-15,22,47
2023-04-15,23,35
2023-04-16,0,20
2023-04-16,1,12
2023-04-16,2,15
2023-04-16,3,13
2023-04-16,4,4
2023-04-16,5,10
2023-04-16,6,11
2023-04-16,7,14
2023-04-16,8,41
2023-04-16,9,66
2023-04-16,10,70
2023-04-16,11,82
2023-04-16,12,119
2023-04-16,13,89
2023-04-16,14,78
2023-04-16,15,110
2023-04-16,16,102
2023-04-16,17,100
2023-04-16,18,65
2023-04-16,19,77
2023-04-16,20,51
2023-04-16,21,37
2023-04-16,22,25
2023-04-16,23,19
2023-04-17,0,6
2023-04-17,1,4
2023-04-17,2,3
2023-04-17,3,6
2023-04-17,4,9
2023-04-17,5,19
2023-04-17,6,75
2023-04-17,7,112
2023-04-17,8,109
2023-04-17,9,103
2023-04-17,10,75
2023-04-17,11,81
2023-04-17,12,96
2023-04-17,13,85
2023-04-17,14,79
2023-04-17,15,101
2023-04-17,16,107
2023-04-17,17,97
2023-04-17,18,93
2023-04-17,19,60
2023-04-17,20,51
2023-04-17,21,37
2023-04-17,22,28
2023-04-17,23,19
2023-04-18,0,7
2023-04-18,1,4
2023-04-18,2,5
2023-04-18,3,4
2023-04-18,4,9
2023-04-18,5,21
2023-04-18,6,55
2023-04-18,7,131
2023-04-18,8,119
2023-04-18,9,92
2023-04-18,10,89
2023-04-18,11,113
2023-04-18,12,95
2023-04-18,13,90
2023-04-18,14,98
2023-04-18,15,94
2023-04-18,16,94
2023-04-18,17,103
2023-04-18,18,84
2023-04-18,19,70
2023-04-18,20,65
2023-04-18,21,42
2023-04-18,22,20
2023-04-18,23,16
2023-04-19,0,6
2023-04-19,1,5
2023-04-19,2,7
2023-04-19,3,6
2023-04-19,4,6
2023-04-19,5,29
2023-04-19,6,56
2023-04-19,7,142
2023-04-19,8,107
2023-04-19,9,110
2023-04-19,10,81
2023-04-19,11,97
2023-04-19,12,97
2023-04-19,13,82
2023-04-19,14,111
2023-04-19,15,85
2023-04-19,16,80
2023-04-19,17,96
2023-04-19,18,103
2023-04-19,19,62
2023-04-19,20,61
2023-04-19,21,48
2023-04-19,22,30
2023-04-19,23,16
2023-04-20,0,6
2023-04-20,1,4
2023-04-20,2,6
2023-04-20,3,6
2023-04-20,4,4
2023-04-20,5,24
2023-04-20,6,68
2023-04-20,7,110
2023-04-20,8,170
2023-04-20,9,118
2023-04-20,10,113
2023-04-20,11,101
2023-04-20,12,102
2023-04-20,13,97
2023-04-20,14,101
2023-04-20,15,101
2023-04-20,16,123
2023-04-20,17,99
2023-04-20,18,116
2023-04-20,19,79
2023-04-20,20,57
2023-04-20,21,51
2023-04-20,22,27
2023-04-20,23,19
2023-04-21,0,5
2023-04-21,1,4
2023-04-21,2,5
2023-04-21,3,4
2023-04-21,4,11
2023-04-21,5,41
2023-04-21,6,62
2023-04-21,7,131
2023-04-21,8,136
2023-04-21,9,101
2023-04-21,10,125
2023-04-21,11,115
2023-04-21,12,139
2023-04-21,13,102
2023-04-21,14,116
2023-04-21,15,119
2023-04-21,16,148
2023-04-21,17,141
2023-04-21,18,118
2023-04-21,19,100
2023-04-21,20,57
2023-04-21,21,60
2023-04-21,22,46
2023-04-21,23,14
2023-04-22,0,16
2023-04-22,1,10
2023-04-22,2,7
2023-04-22,3,8
2023-04-22,4,5
2023-04-22,5,14
2023-04-22,6,21
2023-04-22,7,47
2023-04-22,8,85
2023-04-22,9,104
2023-04-22,10,99
2023-04-22,11,117
2023-04-22,12,103
2023-04-22,13,88
2023-04-22,14,86
2023-04-22,15,91
2023-04-22,16,63
2023-04-22,17,96
2023-04-22,18,105
2023-04-22,19,81
2023-04-22,20,79
2023-04-22,21,46
2023-04-24,9,96
2023-04-24,10,102
2023-04-24,11,101
2023-04-24,12,95
2023-04-24,13,96
2023-04-24,14,108
2023-04-24,15,99
2023-04-24,16,99
2023-04-24,17,119
2023-04-24,18,94
2023-04-24,19,73
2023-04-24,20,61
2023-04-24,21,48
2023-04-24,22,27
2023-04-24,23,11
2023-04-25,0,8
2023-04-25,1,4
2023-04-25,2,0
2023-04-25,3,2
2023-04-25,4,6
2023-04-25,5,29
2023-04-25,6,73
2023-04-25,7,152
2023-04-25,8,174
2023-04-25,9,98
2023-04-25,10,100
2023-04-25,11,89
2023-04-25,12,98
2023-04-25,13,111
2023-04-25,14,111
2023-04-25,15,110
2023-04-25,16,125
2023-04-25,17,121
2023-04-25,18,100
2023-04-25,19,75
2023-04-25,20,61
2023-04-25,21,39
2023-04-25,22,46
2023-04-25,23,9
2023-04-26,0,7
2023-04-26,1,2
2023-04-26,2,3
2023-04-26,3,3
2023-04-26,4,13
2023-04-26,5,29
2023-04-26,6,57
2023-04-26,7,145
2023-04-26,8,148
2023-04-26,9,92
2023-04-26,10,105
2023-04-26,11,110
2023-04-26,12,120
2023-04-26,13,114
2023-04-26,14,109
2023-04-26,15,113
2023-04-26,16,129
2023-04-26,17,123
2023-04-26,18,107
2023-04-26,19,78
2023-04-26,20,52
2023-04-26,21,65
2023-04-26,22,29
2023-04-26,23,12
2023-04-27,0,5
2023-04-27,1,12
2023-04-27,2,2
2023-04-27,3,4
2023-04-27,4,11
2023-04-27,5,32
2023-04-27,6,78
2023-04-27,7,130
2023-04-27,8,165
2023-04-27,9,140
2023-04-27,10,118
2023-04-27,11,128
2023-04-27,12,125
2023-04-27,13,129
2023-04-27,14,147
2023-04-27,15,102
2023-04-27,16,124
2023-04-27,17,136
2023-04-27,18,93
2023-04-27,19,79
2023-04-27,20,62
2023-04-27,21,36
2023-04-27,22,31
2023-04-27,23,16
2023-04-28,0,9
2023-04-28,1,11
2023-04-28,2,7
2023-04-28,3,5
2023-04-28,4,13
2023-04-28,5,28
2023-04-28,6,54
2023-04-28,7,142
2023-04-28,8,161
2023-04-28,9,130
2023-04-28,10,124
2023-04-28,11,128
2023-04-28,12,119
2023-04-28,13,136
2023-04-28,14,118
2023-04-28,15,155
2023-04-28,16,142
2023-04-28,17,137
2023-04-28,18,134
2023-04-28,19,96
2023-04-28,20,71
2023-04-28,21,55
2023-04-28,22,43
2023-04-28,23,31
2023-04-29,0,21
2023-04-29,1,14
2023-04-29,2,9
2023-04-29,3,5
2023-04-29,4,8
2023-04-29,5,17
2023-04-29,6,28
2023-04-29,7,36
2023-04-29,8,81
2023-04-29,9,90
2023-04-29,10,115
2023-04-29,11,112
2023-04-29,12,131
2023-04-29,13,147
2023-04-29,14,107
2023-04-29,15,106
2023-04-29,16,90
2023-04-29,17,96
2023-04-29,18,102
2023-04-29,19,94
2023-04-29,20,69
2023-04-29,21,61
2023-04-29,22,48
2023-04-29,23,31
2023-04-30,0,19
2023-04-30,1,14
2023-04-30,2,12
2023-04-30,3,4
2023-04-30,4,5
2023-04-30,5,5
2023-04-30,6,14
2023-04-30,7,26
2023-04-30,8,47
2023-04-30,9,84
2023-04-30,10,93
2023-04-30,11,98
2023-04-30,12,95
2023-04-30,13,61
2023-04-30,14,67
2023-04-30,15,79
2023-04-30,16,93
2023-04-30,17,117
2023-04-30,18,88
2023-04-30,19,74
2023-04-30,20,74
2023-04-30,21,54
2023-04-30,22,42
2023-04-30,23,20
2023-05-01,0,14
2023-05-01,1,10
2023-05-01,2,8
2023-05-01,3,5
2023-05-01,4,11
2023-05-01,5,17
2023-05-01,6,26
2023-05-01,7,35
2023-05-01,8,57
2023-05-01,9,76
2023-05-01,10,77
2023-05-01,11,88
2023-05-01,12,98
2023-05-01,13,111
2023-05-01,14,81
2023-05-01,15,102
2023-05-01,16,101
2023-05-01,17,90
2023-05-01,18,88
2023-05-01,19,75
2023-05-01,20,55
2023-05-01,21,49
2023-05-01,22,23
2023-05-01,23,12
2023-05-02,0,9
2023-05-02,1,3
2023-05-02,2,2
2023-05-02,3,3
2023-05-02,4,13
2023-05-02,5,25
2023-05-02,6,58
2023-05-02,7,152
2023-05-02,8,156
2023-05-02,9,107
2023-05-02,10,102
2023-05-02,11,123
2023-05-02,12,116
2023-05-02,13,115
2023-05-02,14,98
2023-05-02,15,120
2023-05-02,16,123
2023-05-02,17,108
2023-05-02,18,126
2023-05-02,19,92
2023-05-02,20,58
2023-05-02,21,34
2023-05-02,22,35
2023-05-02,23,8
2023-05-03,0,3
2023-05-03,1,2
2023-05-03,2,3
2023-05-03,3,2
2023-05-03,4,14
2023-05-03,5,34
2023-05-03,6,45
2023-05-03,7,126
2023-05-03,8,155
2023-05-03,9,109
2023-05-03,10,117
2023-05-03,11,96
2023-05-03,12,106
2023-05-03,13,121
2023-05-03,14,110
2023-05-03,15,110
2023-05-03,16,138
2023-05-03,17,123
2023-05-03,18,105
2023-05-03,19,79
2023-05-03,20,61
2023-05-03,21,41
2023-05-03,22,24
2023-05-03,23,17
2023-05-04,0,11
2023-05-04,1,4
2023-05-04,2,6
2023-05-04,3,2
2023-05-04,4,8
2023-05-04,5,23
2023-05-04,6,65
2023-05-04,7,157
2023-05-04,8,152
2023-05-04,9,139
2023-05-04,10,120
2023-05-04,11,137
2023-05-04,12,121
2023-05-04,13,120
2023-05-04,14,128
2023-05-04,15,113
2023-05-04,16,119
2023-05-04,17,106
2023-05-04,18,115
2023-05-04,19,76
2023-05-04,20,68
2023-05-04,21,44
2023-05-04,22,41
2023-05-04,23,21
2023-05-05,0,12
2023-05-05,1,5
2023-05-05,2,5
2023-05-05,3,3
2023-05-05,4,10
2023-05-05,5,20
2023-05-05,6,71
2023-05-05,7,132
2023-05-05,8,128
2023-05-05,9,127
2023-05-05,10,111
2023-05-05,11,149
2023-05-05,12,132
2023-05-05,13,147
2023-05-05,14,130
2023-05-05,15,151
2023-05-05,16,117
2023-05-05,17,155
2023-05-05,18,111
2023-05-05,19,86
2023-05-05,20,85
2023-05-05,21,78
2023-05-05,22,43
2023-05-05,23,50
2023-05-06,0,28
2023-05-06,1,11
2023-05-06,2,11
2023-05-06,3,3
2023-05-06,4,10
2023-05-06,5,18
2023-05-06,6,26
2023-05-06,7,50
2023-05-06,8,97
2023-05-06,9,118
2023-05-06,10,100
2023-05-06,11,109
2023-05-06,12,119
2023-05-06,13,107
2023-05-06,14,108
2023-05-06,15,101
2023-05-06,16,125
2023-05-06,17,99
2023-05-06,18,96
2023-05-06,19,76
2023-05-06,20,65
2023-05-06,21,69
2023-05-06,22,51
2023-05-06,23,34
2023-05-07,0,27
2023-05-07,1,10
2023-05-07,2,13
2023-05-07,3,4
2023-05-07,4,11
2023-05-07,5,10
2023-05-07,6,18
2023-05-07,7,35
2023-05-07,8,45
2023-05-07,9,68
2023-05-07,10,70
2023-05-07,11,98
2023-05-07,12,107
2023-05-07,13,78
2023-05-07,14,86
2023-05-07,15,68
2023-05-07,16,92
2023-05-07,17,92
2023-05-07,18,106
2023-05-07,19,76
2023-05-07,20,76
2023-05-07,21,57
2023-05-07,22,24
2023-05-07,23,27
2023-05-08,0,12
2023-05-08,1,12
2023-05-08,2,5
2023-05-08,3,0
2023-05-08,4,11
2023-05-08,5,8
2023-05-08,6,17
2023-05-08,7,46
2023-05-08,8,51
2023-05-08,9,63
2023-05-08,10,88
2023-05-08,11,91
2023-05-08,12,116
2023-05-08,13,100
2023-05-08,14,92
2023-05-08,15,87
2023-05-08,16,106
2023-05-08,17,97
2023-05-08,18,71
2023-05-08,19,73
2023-05-08,20,43
2023-05-08,21,41
2023-05-08,22,18
2023-05-08,23,6
2023-05-09,0,7
2023-05-09,1,6
2023-05-09,2,2
2023-05-09,3,4
2023-05-09,4,8
2023-05-09,5,30
2023-05-09,6,60
2023-05-09,7,166
2023-05-09,8,155
2023-05-09,9,120
2023-05-09,10,112
2023-05-09,11,115
2023-05-09,12,125
2023-05-09,13,121
2023-05-09,14,115
2023-05-09,15,102
2023-05-09,16,103
2023-05-09,17,139
2023-05-09,18,100
2023-05-09,19,63
2023-05-09,20,56
2023-05-09,21,60
2023-05-09,22,28
2023-05-09,23,11
2023-05-10,0,4
2023-05-10,1,5
2023-05-10,2,0
2023-05-10,3,3
2023-05-10,4,9
2023-05-10,5,29
2023-05-10,6,66
2023-05-10,7,167
2023-05-10,8,147
2023-05-10,9,96
2023-05-10,10,103
2023-05-10,11,114
2023-05-10,12,100
2023-05-10,13,109
2023-05-10,14,147
2023-05-10,15,108
2023-05-10,16,133
2023-05-10,17,130
2023-05-10,18,118
2023-05-10,19,85
2023-05-10,20,53
2023-05-10,21,50
2023-05-10,22,26
2023-05-10,23,10
2023-05-11,0,6
2023-05-11,1,3
2023-05-11,2,4
2023-05-11,3,5
2023-05-11,4,8
2023-05-11,5,26
2023-05-11,6,83
2023-05-11,7,145
2023-05-11,8,161
2023-05-11,9,96
2023-05-11,10,107
2023-05-11,11,94
2023-05-11,12,97
2023-05-11,13,113
2023-05-11,14,106
2023-05-11,15,100
2023-05-11,16,125
2023-05-11,17,123
2023-05-11,18,116
2023-05-11,19,75
2023-05-11,20,56
2023-05-11,21,45
2023-05-11,22,33
2023-05-11,23,18
2023-05-12,0,3
2023-05-12,1,2
2023-05-12,2,3
2023-05-12,3,6
2023-05-12,4,10
2023-05-12,5,21
2023-05-12,6,54
2023-05-12,7,134
2023-05-12,8,124
2023-05-12,9,123
2023-05-12,10,102
2023-05-12,11,127
2023-05-12,12,140
2023-05-12,13,104
2023-05-12,14,127
2023-05-12,15,133
2023-05-12,16,119
2023-05-12,17,124
2023-05-12,18,118
2023-05-12,19,96
2023-05-12,20,82
2023-05-12,21,61
2023-05-12,22,43
2023-05-12,23,20
2023-05-13,0,13
2023-05-13,1,12
2023-05-13,2,8
2023-05-13,3,7
2023-05-13,4,7
2023-05-13,5,12
2023-05-13,6,20
2023-05-13,7,43
2023-05-13,8,74
2023-05-13,9,112
2023-05-13,10,128
2023-05-13,11,133
2023-05-13,12,94
2023-05-13,13,89
2023-05-13,14,86
2023-05-13,15,94
2023-05-13,16,104
2023-05-13,17,107
2023-05-13,18,104
2023-05-13,19,80
2023-05-13,20,66
2023-05-13,21,57
2023-05-13,22,55
2023-05-13,23,42
2023-05-14,0,26
2023-05-14,1,13
2023-05-14,2,8
2023-05-14,3,6
2023-05-14,4,7
2023-05-14,5,8
2023-05-14,6,18
2023-05-14,7,25
2023-05-14,8,39
2023-05-14,9,77
2023-05-14,10,86
2023-05-14,11,80
2023-05-14,12,92
2023-05-14,13,108
2023-05-14,14,85
2023-05-14,15,85
2023-05-14,16,99
2023-05-14,17,96
2023-05-14,18,90
2023-05-14,19,64
2023-05-15,8,166
2023-05-15,9,115
2023-05-15,10,90
2023-05-15,11,103
2023-05-15,12,103
2023-05-15,13,107
2023-05-15,14,121
2023-05-15,15,107
2023-05-15,16,101
2023-05-15,17,122
2023-05-15,18,78
2023-05-15,19,57
2023-05-15,20,50
2023-05-15,21,42
2023-05-15,22,23
2023-05-15,23,8
2023-05-16,0,5
2023-05-16,1,14
2023-05-16,2,6
2023-05-16,3,0
2023-05-16,4,13
2023-05-16,5,31
2023-05-16,6,62
2023-05-16,7,143
2023-05-16,8,167
2023-05-16,9,112
2023-05-16,10,103
2023-05-16,11,107
2023-05-16,12,111
2023-05-16,13,118
2023-05-16,14,109
2023-05-16,15,99
2023-05-16,16,116
2023-05-16,17,109
2023-05-16,18,97
2023-05-16,19,60
2023-05-16,20,56
2023-05-16,21,55
2023-05-16,22,32
2023-05-16,23,17
2023-05-17,0,6
2023-05-17,1,4
2023-05-17,2,3
2023-05-17,3,4
2023-05-17,4,2
2023-05-17,5,29
2023-05-17,6,64
2023-05-17,7,135
2023-05-17,8,149
2023-05-17,9,95
2023-05-17,10,96
2023-05-17,11,110
2023-05-17,12,111
2023-05-17,13,127
2023-05-17,14,103
2023-05-17,15,122
2023-05-17,16,106
2023-05-17,17,136
2023-05-17,18,111
2023-05-17,19,78
2023-05-17,20,70
2023-05-17,21,49
2023-05-17,22,23
2023-05-17,23,11
2023-05-18,0,8
2023-05-18,1,2
2023-05-18,2,4
2023-05-18,3,5
2023-05-18,4,10
2023-05-18,5,24
2023-05-18,6,63
2023-05-18,7,151
2023-05-18,8,146
2023-05-18,9,136
2023-05-18,10,132
2023-05-18,11,104
2023-05-18,12,98
2023-05-18,13,100
2023-05-18,14,99
2023-05-18,15,107
2023-05-18,16,109
2023-05-18,17,119
2023-05-18,18,124
2023-05-18,19,76
2023-05-18,20,52
2023-05-18,21,44
2023-05-18,22,32
2023-05-18,23,12
2023-05-19,0,6
2023-05-19,1,4
2023-05-19,2,8
2023-05-19,3,5
2023-05-19,4,5
2023-05-19,5,19
2023-05-19,6,76
2023-05-19,7,157
2023-05-19,8,155
2023-05-19,9,120
2023-05-19,10,134
2023-05-19,11,117
2023-05-19,12,116
2023-05-19,13,140
2023-05-19,14,115
2023-05-19,15,135
2023-05-19,16,131
2023-05-19,17,140
2023-05-19,18,127
2023-05-19,19,129
2023-05-19,20,71
2023-05-19,21,78
2023-05-19,22,29
2023-05-19,23,30
2023-05-20,0,16
2023-05-20,1,15
2023-05-20,2,8
2023-05-20,3,5
2023-05-20,4,7
2023-05-20,5,19
2023-05-20,6,22
2023-05-20,7,50
2023-05-20,8,92
2023-05-20,9,84
2023-05-20,10,102
2023-05-20,11,117
2023-05-20,12,123
2023-05-20,13,88
2023-05-20,14,102
2023-05-20,15,119
2023-05-20,16,68
2023-05-20,17,128
2023-05-20,18,86
2023-05-20,19,71
2023-05-20,20,53
2023-05-20,21,75
2023-05-20,22,37
2023-05-20,23,26
2023-05-21,0,22
2023-05-21,1,12
2023-05-21,2,10
2023-05-21,3,10
2023-05-21,4,5
2023-05-21,5,10
2023-05-21,6,16
2023-05-21,7,20
2023-05-21,8,58
2023-05-21,9,86
2023-05-21,10,100
2023-05-21,11,111
2023-05-21,12,96
2023-05-21,13,92
2023-05-21,14,78
2023-05-21,15,98
2023-05-21,16,97
2023-05-21,17,66
2023-05-21,18,82
2023-05-21,19,79
2023-05-21,20,63
2023-05-21,21,62
2023-05-21,22,35
2023-05-21,23,13
2023-05-22,0,12
2023-05-22,1,6
2023-05-22,2,1
2023-05-22,3,6
2023-05-22,4,8
2023-05-22,5,23
2023-05-22,6,47
2023-05-22,7,141
2023-05-22,8,121
2023-05-22,9,96
2023-05-22,10,105
2023-05-22,11,88
2023-05-22,12,101
2023-05-22,13,118
2023-05-22,14,124
2023-05-22,15,99
2023-05-22,16,128
2023-05-22,17,116
2023-05-22,18,108
2023-05-22,19,74
2023-05-22,20,47
2023-05-22,21,38
2023-05-22,22,26
2023-05-22,23,15
2023-05-23,0,7
2023-05-23,1,2
2023-05-23,2,3
2023-05-23,3,3
2023-05-23,4,10
2023-05-23,5,23
2023-05-23,6,72
2023-05-23,7,145
2023-05-23,8,126
2023-05-23,9,100
2023-05-23,10,103
2023-05-23,11,83
2023-05-23,12,77
2023-05-23,13,124
2023-05-23,14,111
2023-05-23,15,100
2023-05-23,16,109
2023-05-23,17,148
2023-05-23,18,93
2023-05-23,19,69
2023-05-23,20,43
2023-05-23,21,45
2023-05-23,22,26
2023-05-23,23,10
2023-05-24,0,8
2023-05-24,1,4
2023-05-24,2,5
2023-05-24,3,3
2023-05-24,4,8
2023-05-24,5,30
2023-05-24,6,71
2023-05-24,7,147
2023-05-24,8,147
2023-05-24,9,110
2023-05-24,10,105
2023-05-24,11,98
2023-05-24,12,92
2023-05-24,13,126
2023-05-24,14,88
2023-05-24,15,90
2023-05-24,16,95
2023-05-24,17,115
2023-05-24,18,127
2023-05-24,19,86
2023-05-24,20,60
2023-05-24,21,39
2023-05-24,22,34
2023-05-24,23,21
2023-05-25,0,9
2023-05-25,1,5
2023-05-25,2,1
2023-05-25,3,6
2023-05-25,4,13
2023-05-25,5,22
2023-05-25,6,57
2023-05-25,7,124
2023-05-25,8,111
2023-05-25,9,85
2023-05-25,10,81
2023-05-25,11,102
2023-05-25,12,108
2023-05-25,13,103
2023-05-25,14,94
2023-05-25,15,109
2023-05-25,16,98
2023-05-25,17,107
2023-05-25,18,106
2023-05-25,19,98
2023-05-25,20,60
2023-05-25,21,40
2023-05-25,22,34
2023-05-25,23,30
2023-05-26,0,10
2023-05-26,1,3
2023-05-26,2,6
2023-05-26,3,3
2023-05-26,4,10
2023-05-26,5,22
2023-05-26,6,48
2023-05-26,7,91
2023-05-26,8,116
2023-05-26,9,111
2023-05-26,10,109
2023-05-26,11,103
2023-05-26,12,135
2023-05-26,13,106
2023-05-26,14,106
2023-05-26,15,126
2023-05-26,16,114
2023-05-26,17,119
2023-05-26,18,103
2023-05-26,19,84
2023-05-26,20,61
2023-05-26,21,54
2023-05-26,22,39
2023-05-26,23,37
2023-05-27,0,26
2023-05-27,1,7
2023-05-27,2,14
2023-05-27,3,3
2023-05-27,4,6
2023-05-27,5,13
2023-05-27,6,17
2023-05-27,7,42
2023-05-27,8,85
2023-05-27,9,112
2023-05-27,10,118
2023-05-27,11,97
2023-05-27,12,83
2023-05-27,13,107
2023-05-27,14,79
2023-05-27,15,158
2023-05-27,16,115
2023-05-27,17,108
2023-05-27,18,81
2023-05-27,19,126
2023-05-27,20,83
2023-05-27,21,75
2023-05-27,22,61
2023-05-27,23,25
2023-05-28,0,18
2023-05-28,1,14
2023-05-28,2,9
2023-05-28,3,13
2023-05-28,4,3
2023-05-28,5,6
2023-05-28,6,11
2023-05-28,7,25
2023-05-28,8,43
2023-05-28,9,78
2023-05-28,10,75
2023-05-28,11,97
2023-05-28,12,96
2023-05-28,13,92
2023-05-28,14,71
2023-05-28,15,77
2023-05-28,16,106
2023-05-28,17,95
2023-05-28,18,88
2023-05-28,19,88
2023-05-28,20,66
2023-05-28,21,49
2023-05-28,22,25
2023-05-28,23,20
2023-05-29,0,15
2023-05-29,1,11
2023-05-29,2,6
2023-05-29,3,6
2023-05-29,4,9
2023-05-29,5,17
2023-05-29,6,32
2023-05-29,7,54
2023-05-29,8,60
2023-05-29,9,84
2023-05-29,10,88
2023-05-29,11,102
2023-05-29,12,110
2023-05-29,13,95
2023-05-29,14,98
2023-05-29,15,82
2023-05-29,16,113
2023-05-29,17,106
2023-05-29,18,72
2023-05-29,19,70
2023-05-29,20,61
2023-05-29,21,51
2023-05-29,22,22
2023-05-29,23,11
2023-05-30,0,9
2023-05-30,1,5
2023-05-30,2,0
2023-05-30,3,2
2023-05-30,4,11
2023-05-30,5,24
2023-05-30,6,78
2023-05-30,7,136
2023-05-30,8,128
2023-05-30,9,100
2023-05-30,10,98
2023-05-30,11,112
2023-05-30,12,117
2023-05-30,13,122
2023-05-30,14,105
2023-05-30,15,97
2023-05-30,16,105
2023-05-30,17,116
2023-05-30,18,106
2023-05-30,19,79
2023-05-30,20,68
2023-05-30,21,54
2023-05-30,22,24
2023-05-30,23,20
2023-05-31,0,7
2023-05-31,1,0
2023-05-31,2,3
2023-05-31,3,5
2023-05-31,4,12
2023-05-31,5,30
2023-05-31,6,61
2023-05-31,7,140
2023-05-31,8,165
2023-05-31,9,125
2023-05-31,10,88
2023-05-31,11,118
2023-05-31,12,122
2023-05-31,13,118
2023-05-31,14,119
2023-05-31,15,117
2023-05-31,16,122
2023-05-31,17,127
2023-05-31,18,126
2023-05-31,19,82
2023-05-31,20,67
2023-05-31,21,36
2023-05-31,22,27
2023-05-31,23,13
2023-06-01,0,8
2023-06-01,1,7
2023-06-01,2,5
2023-06-01,3,6
2023-06-01,4,12
2023-06-01,5,26
2023-06-01,6,73
2023-06-01,7,146
2023-06-01,8,145
2023-06-01,9,107
2023-06-01,10,102
2023-06-01,11,79
2023-06-01,12,61
2023-06-01,13,96
2023-06-01,14,108
2023-06-01,15,114
2023-06-01,16,126
2023-06-01,17,128
2023-06-01,18,103
2023-06-01,19,79
2023-06-01,20,51
2023-06-01,21,64
2023-06-01,22,25
2023-06-01,23,14
2023-06-02,0,5
2023-06-02,1,10
2023-06-02,2,6
2023-06-02,3,5
2023-06-02,4,7
2023-06-02,5,24
2023-06-02,6,58
2023-06-02,7,146
2023-06-02,8,137
2023-06-02,9,120
2023-06-02,10,130
2023-06-02,11,112
2023-06-02,12,108
2023-06-02,13,124
2023-06-02,14,133
2023-06-02,15,111
2023-06-02,16,139
2023-06-02,17,121
2023-06-02,18,119
2023-06-02,19,83
2023-06-02,20,53
2023-06-02,21,70
2023-06-02,22,54
2023-06-02,23,22
2023-06-03,0,20
2023-06-03,1,9
2023-06-03,2,10
2023-06-03,3,3
2023-06-03,4,7
2023-06-03,5,16
2023-06-03,6,34
2023-06-03,7,52
2023-06-03,8,70
2023-06-03,9,104
2023-06-03,10,104
2023-06-03,11,111
2023-06-03,12,125
2023-06-03,13,108
2023-06-03,14,79
2023-06-03,15,71
2023-06-03,16,103
2023-06-03,17,86
2023-06-03,18,76
2023-06-03,19,78
2023-06-03,20,63
2023-06-03,21,74
2023-06-03,22,49
2023-06-03,23,33
2023-06-04,0,21
2023-06-04,1,15
2023-06-04,2,13
2023-06-04,3,11
2023-06-04,4,8
2023-06-04,5,10
2023-06-04,6,14
2023-06-04,7,25
2023-06-04,8,39
2023-06-04,9,71
2023-06-04,10,92
2023-06-04,11,97
2023-06-04,12,113
2023-06-04,13,84
2023-06-04,14,105
2023-06-04,15,75
2023-06-04,16,90
2023-06-04,17,98
2023-06-04,18,85
2023-06-04,19,71
2023-06-04,20,50
2023-06-04,21,48
2023-06-04,22,32
2023-06-04,23,20
2023-06-05,0,9
2023-06-05,1,4
2023-06-05,2,5
2023-06-05,3,6
2023-06-05,4,6
2023-06-05,5,27
2023-06-05,6,72
2023-06-05,7,140
2023-06-05,8,131
2023-06-05,9,97
2023-06-05,10,102
2023-06-05,11,102
2023-06-05,12,109
2023-06-05,13,110
2023-06-05,14,94
2023-06-05,15,105
2023-06-05,16,134
2023-06-05,17,108
2023-06-05,18,96
2023-06-05,19,93
2023-06-05,20,61
2023-06-05,21,49
2023-06-05,22,28
2023-06-05,23,10
2023-06-06,0,7
2023-06-06,1,7
2023-06-06,2,5
2023-06-06,3,5
2023-06-06,4,11
2023-06-06,5,30
2023-06-06,6,46
2023-06-06,7,171
2023-06-06,8,161
2023-06-06,9,110
2023-06-06,10,127
2023-06-06,11,114
2023-06-06,12,109
2023-06-06,13,119
2023-06-06,14,105
2023-06-06,15,95
2023-06-06,16,117
2023-06-06,17,109
2023-06-06,18,106
2023-06-06,19,69
2023-06-06,20,64
2023-06-06,21,41
2023-06-06,22,23
2023-06-06,23,17
2023-06-07,0,7
2023-06-07,1,9
2023-06-07,2,7
2023-06-07,3,6
2023-06-07,4,16
2023-06-07,5,26
2023-06-07,6,47
2023-06-07,7,176
2023-06-07,8,151
2023-06-07,9,88
2023-06-07,10,110
2023-06-07,11,107
2023-06-07,12,116
2023-06-07,13,112
2023-06-07,14,105
2023-06-07,15,98
2023-06-07,16,128
2023-06-07,17,104
2023-06-07,18,92
2023-06-07,19,70
2023-06-07,20,69
2023-06-07,21,51
2023-06-07,22,21
2023-06-07,23,21
2023-06-08,0,9
2023-06-08,1,5
2023-06-08,2,2
2023-06-08,3,4
2023-06-08,4,12
2023-06-08,5,28
2023-06-08,6,78
2023-06-08,7,161
2023-06-08,8,157
2023-06-08,9,100
2023-06-08,10,119
2023-06-08,11,117
2023-06-08,12,120
2023-06-08,13,97
2023-06-08,14,134
2023-06-08,15,135
2023-06-08,16,128
2023-06-08,17,131
2023-06-08,18,95
2023-06-08,19,94
2023-06-08,20,77
2023-06-08,21,41
2023-06-08,22,29
2023-06-08,23,15
2023-06-09,0,7
2023-06-09,1,4
2023-06-09,2,3
2023-06-09,3,4
2023-06-09,4,6
2023-06-09,5,26
2023-06-09,6,57
2023-06-09,7,132
2023-06-09,8,136
2023-06-09,9,95
2023-06-09,10,111
2023-06-09,11,114
2023-06-09,12,124
2023-06-09,13,107
2023-06-09,14,117
2023-06-09,15,109
2023-06-09,16,112
2023-06-09,17,143
2023-06-09,18,117
2023-06-09,19,96
2023-06-09,20,91
2023-06-09,21,70
2023-06-09,22,52
2023-06-09,23,25
2023-06-10,0,19
2023-06-10,1,17
2023-06-10,2,12
2023-06-10,3,11
2023-06-10,4,8
2023-06-10,5,13
2023-06-10,6,20
2023-06-10,7,48
2023-06-10,8,89
2023-06-10,9,120
2023-06-10,10,113
2023-06-10,11,116
2023-06-10,12,113
2023-06-10,13,106
2023-06-10,14,107
2023-06-10,15,99
2023-06-10,16,103
2023-06-10,17,107
2023-06-10,18,110
2023-06-10,19,61
2023-06-10,20,59
2023-06-10,21,52
2023-06-10,22,39
2023-06-10,23,44
2023-06-11,0,26
2023-06-11,1,19
2023-06-11,2,11
2023-06-11,3,9
2023-06-11,4,6
2023-06-11,5,15
2023-06-11,6,13
2023-06-11,7,24
2023-06-11,8,22
2023-06-11,9,66
2023-06-11,10,85
2023-06-11,11,79
2023-06-11,12,93
2023-06-11,13,89
2023-06-11,14,89
2023-06-11,15,94
2023-06-11,16,89
2023-06-11,17,106
2023-06-11,18,83
2023-06-11,19,64
2023-06-11,20,63
2023-06-11,21,45
2023-06-11,22,30
2023-06-11,23,20
2023-06-12,0,10
2023-06-12,1,6
2023-06-12,2,3
2023-06-12,3,6
2023-06-12,4,8
2023-06-12,5,20
2023-06-12,6,61
2023-06-12,7,104
2023-06-12,8,124
2023-06-12,9,100
2023-06-12,10,104
2023-06-12,11,101
2023-06-12,12,109
2023-06-12,13,98
2023-06-12,14,110
2023-06-12,15,104
2023-06-12,16,115
2023-06-12,17,118
2023-06-12,18,99
2023-06-12,19,55
2023-06-12,20,67
2023-06-12,21,47
2023-06-12,22,26
2023-06-12,23,9
2023-06-13,0,9
2023-06-13,1,4
2023-06-13,2,2
2023-06-13,3,1
2023-06-13,4,13
2023-06-13,5,29
2023-06-13,6,60
2023-06-13,7,143
2023-06-13,8,124
2023-06-13,9,93
2023-06-13,10,104
2023-06-13,11,108
2023-06-13,12,102
2023-06-13,13,112
2023-06-13,14,117
2023-06-13,15,99
2023-06-13,16,119
2023-06-13,17,101
2023-06-13,18,106
2023-06-13,19,69
2023-06-13,20,58
2023-06-13,21,34
2023-06-13,22,36
2023-06-13,23,12
2023-06-14,0,9
2023-06-14,1,4
2023-06-14,2,7
2023-06-14,3,10
2023-06-14,4,4
2023-06-14,5,26
2023-06-14,6,77
2023-06-14,7,159
2023-06-14,8,129
2023-06-14,9,81
2023-06-14,10,104
2023-06-14,11,117
2023-06-14,12,99
2023-06-14,13,110
2023-06-14,14,82
2023-06-14,15,106
2023-06-14,16,123
2023-06-14,17,123
2023-06-14,18,89
2023-06-14,19,69
2023-06-14,20,68
2023-06-14,21,37
2023-06-14,22,38
2023-06-14,23,18
2023-06-15,0,10
2023-06-15,1,1
2023-06-15,2,6
2023-06-15,3,3
2023-06-15,4,11
2023-06-15,5,32
2023-06-15,6,78
2023-06-15,7,134
2023-06-15,8,158
2023-06-15,9,107
2023-06-15,10,122
2023-06-15,11,110
2023-06-15,12,125
2023-06-15,13,105
2023-06-15,14,122
2023-06-15,15,101
2023-06-15,16,140
2023-06-15,17,129
2023-06-15,18,104
2023-06-15,19,98
2023-06-15,20,59
2023-06-15,21,51
2023-06-15,22,37
2023-06-15,23,17
2023-06-16,0,11
2023-06-16,1,7
2023-06-16,2,4
2023-06-16,3,4
2023-06-16,4,8
2023-06-16,5,24
2023-06-16,6,74
2023-06-16,7,146
2023-06-16,8,142
2023-06-16,9,95
2023-06-16,10,114
2023-06-16,11,114
2023-06-16,12,126
2023-06-16,13,140
2023-06-16,14,127
2023-06-16,15,132
2023-06-16,16,146
2023-06-16,17,145
2023-06-16,18,102
2023-06-16,19,71
2023-06-16,20,79
2023-06-16,21,55
2023-06-16,22,46
2023-06-16,23,35
2023-06-17,0,24
2023-06-17,1,17
2023-06-17,2,10
2023-06-17,3,6
2023-06-17,4,7
2023-06-17,5,16
2023-06-17,6,31
2023-06-17,7,39
2023-06-17,8,94
2023-06-17,9,90
2023-06-17,10,116
2023-06-17,11,131
2023-06-17,12,98
2023-06-17,13,133
2023-06-17,14,121
2023-06-17,15,121
2023-06-17,16,94
2023-06-17,17,94
2023-06-17,18,108
2023-06-17,19,75
2023-06-17,20,40
2023-06-17,21,55
2023-06-17,22,63
2023-06-17,23,35
2023-06-18,0,26
2023-06-18,1,11
2023-06-18,2,10
2023-06-18,3,7
2023-06-18,4,5
2023-06-18,5,12
2023-06-18,6,16
2023-06-18,7,26
2023-06-18,8,38
2023-06-18,9,95
2023-06-18,10,77
2023-06-18,11,94
2023-06-18,12,93
2023-06-18,13,108
2023-06-18,14,100
2023-06-18,15,124
2023-06-18,16,112
2023-06-19,7,168
2023-06-19,8,121
2023-06-19,9,107
2023-06-19,10,85
2023-06-19,11,97
2023-06-19,12,102
2023-06-19,13,100
2023-06-19,14,137
2023-06-19,15,98
2023-06-19,16,108
2023-06-19,17,118
2023-06-19,18,88
2023-06-19,19,72
2023-06-19,20,60
2023-06-19,21,37
2023-06-19,22,26
2023-06-19,23,19
2023-06-20,0,8
2023-06-20,1,4
2023-06-20,2,2
2023-06-20,3,4
2023-06-20,4,16
2023-06-20,5,27
2023-06-20,6,54
2023-06-20,7,147
2023-06-20,8,120
2023-06-20,9,103
2023-06-20,10,117
2023-06-20,11,105
2023-06-20,12,105
2023-06-20,13,121
2023-06-20,14,96
2023-06-20,15,104
2023-06-20,16,119
2023-06-20,17,149
2023-06-20,18,115
2023-06-20,19,81
2023-06-20,20,57
2023-06-20,21,39
2023-06-20,22,32
2023-06-20,23,26
2023-06-21,0,7
2023-06-21,1,1
2023-06-21,2,2
2023-06-21,3,5
2023-06-21,4,8
2023-06-21,5,26
2023-06-21,6,66
2023-06-21,7,129
2023-06-21,8,123
2023-06-21,9,110
2023-06-21,10,108
2023-06-21,11,124
2023-06-21,12,112
2023-06-21,13,101
2023-06-21,14,135
2023-06-21,15,107
2023-06-21,16,128
2023-06-21,17,121
2023-06-21,18,101
2023-06-21,19,77
2023-06-21,20,74
2023-06-21,21,36
2023-06-21,22,28
2023-06-21,23,8
2023-06-22,0,6
2023-06-22,1,5
2023-06-22,2,5
2023-06-22,3,7
2023-06-22,4,11
2023-06-22,5,25
2023-06-22,6,55
2023-06-22,7,129
2023-06-22,8,115
2023-06-22,9,129
2023-06-22,10,110
2023-06-22,11,104
2023-06-22,12,119
2023-06-22,13,108
2023-06-22,14,110
2023-06-22,15,101
2023-06-22,16,103
2023-06-22,17,125
2023-06-22,18,90
2023-06-22,19,76
2023-06-22,20,67
2023-06-22,21,47
2023-06-22,22,46
2023-06-22,23,20
2023-06-23,0,11
2023-06-23,1,8
2023-06-23,2,8
2023-06-23,3,4
2023-06-23,4,13
2023-06-23,5,23
2023-06-23,6,67
2023-06-23,7,118
2023-06-23,8,112
2023-06-23,9,124
2023-06-23,10,101
2023-06-23,11,108
2023-06-23,12,90
2023-06-23,13,122
2023-06-23,14,98
2023-06-23,15,142
2023-06-23,16,136
2023-06-23,17,139
2023-06-23,18,119
2023-06-23,19,98
2023-06-23,20,75
2023-06-23,21,67
2023-06-23,22,61
2023-06-23,23,38
2023-06-24,0,22
2023-06-24,1,14
2023-06-24,2,12
2023-06-24,3,10
2023-06-24,4,13
2023-06-24,5,14
2023-06-24,6,30
2023-06-24,7,43
2023-06-24,8,75
2023-06-24,9,114
2023-06-24,10,120
2023-06-24,11,120
2023-06-24,12,119
2023-06-24,13,95
2023-06-24,14,90
2023-06-24,15,98
2023-06-24,16,85
2023-06-24,17,96
2023-06-24,18,84
2023-06-24,19,84
2023-06-24,20,55
2023-06-24,21,66
2023-06-24,22,40
2023-06-24,23,25
2023-06-25,0,27
2023-06-25,1,12
2023-06-25,2,7
2023-06-25,3,9
2023-06-25,4,9
2023-06-25,5,6
2023-06-25,6,12
2023-06-25,7,21
2023-06-25,8,35
2023-06-25,9,92
2023-06-25,10,81
2023-06-25,11,95
2023-06-25,12,115
2023-06-25,13,101
2023-06-25,14,105
2023-06-25,15,96
2023-06-25,16,93
2023-06-25,17,93
2023-06-25,18,67
2023-06-25,19,62
2023-06-25,20,45
2023-06-25,21,33
2023-06-25,22,31
2023-06-25,23,19
2023-06-26,0,16
2023-06-26,1,4
2023-06-26,2,6
2023-06-26,3,7
2023-06-26,4,10
2023-06-26,5,22
2023-06-26,6,52
2023-06-26,7,109
2023-06-26,8,76
2023-06-26,9,97
2023-06-26,10,107
2023-06-26,11,106
2023-06-26,12,89
2023-06-26,13,97
2023-06-26,14,93
2023-06-26,15,108
2023-06-26,16,105
2023-06-26,17,118
2023-06-26,18,92
2023-06-26,19,52
2023-06-26,20,59
2023-06-26,21,41
2023-06-26,22,21
2023-06-26,23,12
2023-06-27,0,11
2023-06-27,1,5
2023-06-27,2,6
2023-06-27,3,3
2023-06-27,4,14
2023-06-27,5,26
2023-06-27,6,69
2023-06-27,7,112
2023-06-27,8,101
2023-06-27,9,100
2023-06-27,10,87
2023-06-27,11,116
2023-06-27,12,111
2023-06-27,13,106
2023-06-27,14,95
2023-06-27,15,116
2023-06-27,16,132
2023-06-27,17,142
2023-06-27,18,97
2023-06-27,19,62
2023-06-27,20,51
2023-06-27,21,49
2023-06-27,22,28
2023-06-27,23,21
2023-06-28,0,11
2023-06-28,1,7
2023-06-28,2,6
2023-06-28,3,5
2023-06-28,4,10
2023-06-28,5,22
2023-06-28,6,49
2023-06-28,7,131
2023-06-28,8,87
2023-06-28,9,97
2023-06-28,10,102
2023-06-28,11,117
2023-06-28,12,103
2023-06-28,13,86
2023-06-28,14,115
2023-06-28,15,87
2023-06-28,16,111
2023-06-28,17,129
2023-06-28,18,91
2023-06-28,19,69
2023-06-28,20,64
2023-06-28,21,58
2023-06-28,22,38
2023-06-28,23,20
2023-06-29,0,9
2023-06-29,1,5
2023-06-29,2,8
2023-06-29,3,4
2023-06-29,4,13
2023-06-29,5,22
2023-06-29,6,56
2023-06-29,7,131
2023-06-29,8,104
2023-06-29,9,105
2023-06-29,10,88
2023-06-29,11,101
2023-06-29,12,120
2023-06-29,13,133
2023-06-29,14,116
2023-06-29,15,97
2023-06-29,16,113
2023-06-29,17,132
2023-06-29,18,112
2023-06-29,19,89
2023-06-29,20,51
2023-06-29,21,53
2023-06-29,22,28
2023-06-29,23,15
2023-06-30,0,12
2023-06-30,1,6
2023-06-30,2,7
2023-06-30,3,1
2023-06-30,4,16
2023-06-30,5,28
2023-06-30,6,46
2023-06-30,7,132
2023-06-30,8,113
2023-06-30,9,94
2023-06-30,10,117
2023-06-30,11,120
2023-06-30,12,163
2023-06-30,13,161
2023-06-30,14,117
2023-06-30,15,135
2023-06-30,16,130
2023-06-30,17,115
2023-06-30,18,134
2023-06-30,19,84
2023-06-30,20,88
2023-06-30,21,62
2023-06-30,22,52
2023-06-30,23,32
2023-07-01,0,21
2023-07-01,1,10
2023-07-01,2,12
2023-07-01,3,9
2023-07-01,4,4
2023-07-01,5,19
2023-07-01,6,35
2023-07-01,7,51
2023-07-01,8,76
2023-07-01,9,80
2023-07-01,10,74
2023-07-01,11,131
2023-07-01,12,104
2023-07-01,13,143
2023-07-01,14,122
2023-07-01,15,113
2023-07-01,16,122
2023-07-01,17,125
2023-07-01,18,95
2023-07-01,19,98
2023-07-01,20,68
2023-07-01,21,65
2023-07-01,22,44
2023-07-01,23,39
2023-07-02,0,27
2023-07-02,1,14
2023-07-02,2,14
2023-07-02,3,11
2023-07-02,4,8
2023-07-02,5,5
2023-07-02,6,16
2023-07-02,7,21
2023-07-02,8,43
2023-07-02,9,69
2023-07-02,10,106
2023-07-02,11,89
2023-07-02,12,110
2023-07-02,13,99
2023-07-02,14,105
2023-07-02,15,91
2023-07-02,16,90
2023-07-02,17,115
2023-07-02,18,95
2023-07-02,19,89
2023-07-02,20,60
2023-07-02,21,54
2023-07-02,22,37
2023-07-02,23,13
2023-07-03,0,13
2023-07-03,1,7
2023-07-03,2,8
2023-07-03,3,9
2023-07-03,4,11
2023-07-03,5,19
2023-07-03,6,58
2023-07-03,7,109
2023-07-03,8,106
2023-07-03,9,87
2023-07-03,10,111
2023-07-03,11,97
2023-07-03,12,108
2023-07-03,13,126
2023-07-03,14,91
2023-07-03,15,120
2023-07-03,16,108
2023-07-03,17,89
2023-07-03,18,77
2023-07-03,19,64
2023-07-03,20,58
2023-07-03,21,32
2023-07-03,22,26
2023-07-03,23,14
2023-07-04,0,5
2023-07-04,1,4
2023-07-04,2,7
2023-07-04,3,4
2023-07-04,4,7
2023-07-04,5,23
2023-07-04,6,63
2023-07-04,7,99
2023-07-04,8,116
2023-07-04,9,89
2023-07-04,10,96
2023-07-04,11,96
2023-07-04,12,122
2023-07-04,13,108
2023-07-04,14,117
2023-07-04,15,97
2023-07-04,16,142
2023-07-04,17,105
2023-07-04,18,95
2023-07-04,19,61
2023-07-04,20,64
2023-07-04,21,51
2023-07-04,22,28
2023-07-04,23,20
2023-07-05,0,5
2023-07-05,1,4
2023-07-05,2,5
2023-07-05,3,3
2023-07-05,4,2
2023-07-05,5,26
2023-07-05,6,58
2023-07-05,7,98
2023-07-05,8,107
2023-07-05,9,93
2023-07-05,10,76
2023-07-05,11,111
2023-07-05,12,99
2023-07-05,13,106
2023-07-05,14,107
2023-07-05,15,110
2023-07-05,16,111
2023-07-05,17,93
2023-07-05,18,72
2023-07-05,19,73
2023-07-05,20,75
2023-07-05,21,45
2023-07-05,22,27
2023-07-05,23,15
2023-07-06,0,8
2023-07-06,1,3
2023-07-06,2,7
2023-07-06,3,3
2023-07-06,4,9
2023-07-06,5,22
2023-07-06,6,66
2023-07-06,7,103
2023-07-06,8,103
2023-07-06,9,136
2023-07-06,10,107
2023-07-06,11,105
2023-07-06,12,124
2023-07-06,13,122
2023-07-06,14,112
2023-07-06,15,113
2023-07-06,16,126
2023-07-06,17,132
2023-07-06,18,143
2023-07-06,19,90
2023-07-06,20,47
2023-07-06,21,43
2023-07-06,22,25
2023-07-06,23,19
2023-07-07,0,11
2023-07-07,1,6
2023-07-07,2,3
2023-07-07,3,8
2023-07-07,4,9
2023-07-07,5,30
2023-07-07,6,41
2023-07-07,7,108
2023-07-07,8,113
2023-07-07,9,103
2023-07-07,10,104
2023-07-07,11,117
2023-07-07,12,115
2023-07-07,13,131
2023-07-07,14,110
2023-07-07,15,125
2023-07-07,16,119
2023-07-07,17,112
2023-07-07,18,129
2023-07-07,19,93
2023-07-07,20,75
2023-07-07,21,73
2023-07-07,22,41
2023-07-07,23,39
2023-07-08,0,19
2023-07-08,1,17
2023-07-08,2,16
2023-07-08,3,6
2023-07-08,4,6
2023-07-08,5,19
2023-07-08,6,26
2023-07-08,7,42
2023-07-08,8,66
2023-07-08,9,82
2023-07-08,10,102
2023-07-08,11,119
2023-07-08,12,124
2023-07-08,13,130
2023-07-08,14,104
2023-07-08,15,114
2023-07-08,16,129
2023-07-08,17,125
2023-07-08,18,101
2023-07-08,19,114
2023-07-08,20,78
2023-07-08,21,77
2023-07-08,22,70
2023-07-08,23,36
2023-07-09,0,34
2023-07-09,1,17
2023-07-09,2,11
2023-07-09,3,9
2023-07-09,4,11
2023-07-09,5,8
2023-07-09,6,11
2023-07-09,7,21
2023-07-09,8,43
2023-07-09,9,55
2023-07-09,10,111
2023-07-09,11,91
2023-07-09,12,113
2023-07-09,13,103
2023-07-09,14,78
2023-07-09,15,92
2023-07-09,16,102
2023-07-09,17,85
2023-07-09,18,60
2023-07-09,19,72
2023-07-09,20,63
2023-07-09,21,73
2023-07-09,22,34
2023-07-09,23,17
2023-07-10,0,11
2023-07-10,1,7
2023-07-10,2,5
2023-07-10,3,5
2023-07-10,4,15
2023-07-10,5,32
2023-07-10,6,55
2023-07-10,7,106
2023-07-10,8,87
2023-07-10,9,100
2023-07-10,10,102
2023-07-10,11,114
2023-07-10,12,103
2023-07-10,13,121
2023-07-10,14,97
2023-07-10,15,125
2023-07-10,16,93
2023-07-10,17,111
2023-07-10,18,69
2023-07-10,19,62
2023-07-10,20,59
2023-07-10,21,44
2023-07-10,22,23
2023-07-10,23,5
2023-07-11,0,8
2023-07-11,1,4
2023-07-11,2,4
2023-07-11,3,5
2023-07-11,4,13
2023-07-11,5,20
2023-07-11,6,57
2023-07-11,7,104
2023-07-11,8,109
2023-07-11,9,108
2023-07-11,10,103
2023-07-11,11,110
2023-07-11,12,132
2023-07-11,13,94
2023-07-11,14,93
2023-07-11,15,105
2023-07-11,16,144
2023-07-11,17,86
2023-07-11,18,92
2023-07-11,19,57
2023-07-11,20,67
2023-07-11,21,38
2023-07-11,22,19
2023-07-11,23,14
2023-07-12,0,7
2023-07-12,1,3
2023-07-12,2,1
2023-07-12,3,8
2023-07-12,4,10
2023-07-12,5,25
2023-07-12,6,51
2023-07-12,7,92
2023-07-12,8,109
2023-07-12,9,106
2023-07-12,10,109
2023-07-12,11,118
2023-07-12,12,115
2023-07-26,10,112
2023-07-26,11,101
2023-07-26,12,120
2023-07-26,13,106
2023-07-26,14,109
2023-07-26,15,109
2023-07-26,16,118
2023-07-26,17,138
2023-07-26,18,139
2023-07-26,19,69
2023-07-26,20,67
2023-07-26,21,51
2023-07-26,22,27
2023-07-26,23,13
2023-07-27,0,9
2023-07-27,1,3
2023-07-27,2,9
2023-07-27,3,8
2023-07-27,4,5
2023-07-27,5,31
2023-07-27,6,58
2023-07-27,7,143
2023-07-27,8,118
2023-07-27,9,127
2023-07-27,10,120
2023-07-27,11,129
2023-07-27,12,166
2023-07-27,13,132
2023-07-27,14,127
2023-07-27,15,109
2023-07-27,16,105
2023-07-27,17,140
2023-07-27,18,95
2023-07-27,19,97
2023-07-27,20,56
2023-07-27,21,54
2023-07-27,22,26
2023-07-27,23,25
2023-07-28,0,15
2023-07-28,1,7
2023-07-28,2,6
2023-07-28,3,9
2023-07-28,4,10
2023-07-28,5,28
2023-07-28,6,58
2023-07-28,7,136
2023-07-28,8,91
2023-07-28,9,106
2023-07-28,10,125
2023-07-28,11,156
2023-07-28,12,144
2023-07-28,13,149
2023-07-28,14,140
2023-07-28,15,120
2023-07-28,16,146
2023-07-28,17,106
2023-07-28,18,144
2023-07-28,19,91
2023-07-28,20,57
2023-07-28,21,60
2023-07-28,22,35
2023-07-28,23,19
2023-07-29,0,14
2023-07-29,1,12
2023-07-29,2,8
2023-07-29,3,5
2023-07-29,4,7
2023-07-29,5,13
2023-07-29,6,26
2023-07-29,7,55
2023-07-29,8,87
2023-07-29,9,98
2023-07-29,10,103
2023-07-29,11,110
2023-07-29,12,143
2023-07-29,13,108
2023-07-29,14,113
2023-07-29,15,119
2023-07-29,16,105
2023-07-29,17,123
2023-07-29,18,105
2023-07-29,19,111
2023-07-29,20,60
2023-07-29,21,47
2023-07-29,22,42
2023-07-29,23,32
2023-07-30,0,21
2023-07-30,1,23
2023-07-30,2,14
2023-07-30,3,11
2023-07-30,4,9
2023-07-30,5,8
2023-07-30,6,16
2023-07-30,7,18
2023-07-30,8,33
2023-07-30,9,66
2023-07-30,10,91
2023-07-30,11,104
2023-07-30,12,130
2023-07-30,13,94
2023-07-30,14,107
2023-07-30,15,110
2023-07-30,16,100
2023-07-30,17,112
2023-07-30,18,95
2023-07-30,19,80
2023-07-30,20,54
2023-07-30,21,42
2023-07-30,22,27
2023-07-30,23,17
2023-07-31,0,8
2023-07-31,1,3
2023-07-31,2,5
2023-07-31,3,5
2023-07-31,4,7
2023-07-31,5,28
2023-07-31,6,50
2023-07-31,7,121
2023-07-31,8,86
2023-07-31,9,90
2023-07-31,10,83
2023-07-31,11,126
2023-07-31,12,120
2023-07-31,13,118
2023-07-31,14,105
2023-07-31,15,118
2023-07-31,16,119
2023-07-31,17,105
2023-07-31,18,119
2023-07-31,19,78
2023-07-31,20,67
2023-07-31,21,50
2023-07-31,22,18
2023-07-31,23,16
2023-08-01,0,10
2023-08-01,1,8
2023-08-01,2,5
2023-08-01,3,8
2023-08-01,4,5
2023-08-01,5,25
2023-08-01,6,52
2023-08-01,7,122
2023-08-01,8,116
2023-08-01,9,103
2023-08-01,10,104
2023-08-01,11,130
2023-08-01,12,117
2023-08-01,13,118
2023-08-01,14,95
2023-08-01,15,114
2023-08-01,16,119
2023-08-01,17,120
2023-08-01,18,110
2023-08-01,19,74
2023-08-01,20,36
2023-08-01,21,50
2023-08-01,22,37
2023-08-01,23,14
2023-08-02,0,5
2023-08-02,1,4
2023-08-02,2,5
2023-08-02,3,9
2023-08-02,4,8
2023-08-02,5,25
2023-08-02,6,55
2023-08-02,7,122
2023-08-02,8,104
2023-08-02,9,106
2023-08-02,10,116
2023-08-02,11,107
2023-08-02,12,116
2023-08-02,13,94
2023-08-02,14,104
2023-08-02,15,121
2023-08-02,16,122
2023-08-02,17,108
2023-08-02,18,102
2023-08-02,19,68
2023-08-02,20,73
2023-08-02,21,47
2023-08-02,22,25
2023-08-02,23,16
2023-08-03,0,9
2023-08-03,1,7
2023-08-03,2,8
2023-08-03,3,4
2023-08-03,4,12
2023-08-03,5,23
2023-08-03,6,75
2023-08-03,7,122
2023-08-03,8,112
2023-08-03,9,103
2023-08-03,10,138
2023-08-03,11,98
2023-08-03,12,96
2023-08-03,13,134
2023-08-03,14,141
2023-08-03,15,107
2023-08-03,16,126
2023-08-03,17,115
2023-08-03,18,103
2023-08-03,19,79
2023-08-03,20,59
2023-08-03,21,48
2023-08-03,22,39
2023-08-03,23,14
2023-08-04,0,4
2023-08-04,1,5
2023-08-04,2,4
2023-08-04,3,6
2023-08-04,4,12
2023-08-04,5,32
2023-08-04,6,41
2023-08-04,7,122
2023-08-04,8,114
2023-08-04,9,110
2023-08-04,10,131
2023-08-04,11,114
2023-08-04,12,124
2023-08-04,13,153
2023-08-04,14,143
2023-08-04,15,128
2023-08-04,16,130
2023-08-04,17,129
2023-08-04,18,126
2023-08-04,19,106
2023-08-04,20,68
2023-08-04,21,62
2023-08-04,22,47
2023-08-04,23,25
2023-08-05,0,19
2023-08-05,1,16
2023-08-05,2,15
2023-08-05,3,7
2023-08-05,4,5
2023-08-05,5,16
2023-08-05,6,20
2023-08-05,7,46
2023-08-05,8,98
2023-08-05,9,107
2023-08-05,10,104
2023-08-05,11,92
2023-08-05,12,91
2023-08-05,13,80
2023-08-05,14,55
2023-08-05,15,119
2023-08-05,16,116
2023-08-05,17,110
2023-08-05,18,99
2023-08-05,19,112
2023-08-05,20,57
2023-08-05,21,67
2023-08-05,22,46
2023-08-05,23,35
2023-08-06,0,21
2023-08-06,1,13
2023-08-06,2,11
2023-08-06,3,12
2023-08-06,4,9
2023-08-06,5,9
2023-08-06,6,13
2023-08-06,7,31
2023-08-06,8,42
2023-08-06,9,71
2023-08-06,10,104
2023-08-06,11,104
2023-08-06,12,91
2023-08-06,13,95
2023-08-06,14,73
2023-08-06,15,97
2023-08-06,16,104
2023-08-06,17,101
2023-08-06,18,114
2023-08-06,19,59
2023-08-06,20,54
2023-08-06,21,38
2023-08-06,22,27
2023-08-06,23,16
2023-08-07,0,13
2023-08-07,1,7
2023-08-07,2,11
2023-08-07,3,4
2023-08-07,4,6
2023-08-07,5,20
2023-08-07,6,56
2023-08-07,7,111
2023-08-07,8,113
2023-08-07,9,93
2023-08-07,10,88
2023-08-07,11,116
2023-08-07,12,122
2023-08-07,13,104
2023-08-07,14,115
2023-08-07,15,92
2023-08-07,16,123
2023-08-07,17,121
2023-08-07,18,81
2023-08-07,19,76
2023-08-07,20,55
2023-08-07,21,45
2023-08-07,22,22
2023-08-07,23,12
2023-08-08,0,7
2023-08-08,1,5
2023-08-08,2,5
2023-08-08,3,5
2023-08-08,4,10
2023-08-08,5,17
2023-08-08,6,66
2023-08-08,7,107
2023-08-08,8,112
2023-08-08,9,118
2023-08-08,10,95
2023-08-08,11,110
2023-08-08,12,138
2023-08-08,13,128
2023-08-08,14,151
2023-08-08,15,113
2023-08-08,16,139
2023-08-08,17,99
2023-08-08,18,110
2023-08-08,19,72
2023-08-08,20,48
2023-08-08,21,55
2023-08-08,22,32
2023-08-08,23,12
2023-08-09,0,6
2023-08-09,1,3
2023-08-09,2,2
2023-08-09,3,6
2023-08-09,4,11
2023-08-09,5,34
2023-08-09,6,64
2023-08-09,7,108
2023-08-09,8,116
2023-08-09,9,109
2023-08-09,10,115
2023-08-09,11,104
2023-08-09,12,123
2023-08-09,13,124
2023-08-09,14,117
2023-08-09,15,119
2023-08-09,16,122
2023-08-09,17,131
2023-08-09,18,116
2023-08-09,19,71
2023-08-09,20,49
2023-08-09,21,32
2023-08-09,22,37
2023-08-09,23,14
2023-08-10,0,6
2023-08-10,1,2
2023-08-10,2,6
2023-08-10,3,6
2023-08-10,4,8
2023-08-10,5,32
2023-08-10,6,46
2023-08-10,7,120
2023-08-10,8,110
2023-08-10,9,114
2023-08-10,10,104
2023-08-10,11,101
2023-08-10,12,109
2023-08-10,13,101
2023-08-10,14,107
2023-08-10,15,94
2023-08-10,16,120
2023-08-10,17,130
2023-08-10,18,98
2023-08-10,19,93
2023-08-10,20,65
2023-08-10,21,49
2023-08-10,22,36
2023-08-10,23,12
2023-08-11,0,13
2023-08-11,1,5
2023-08-11,2,5
2023-08-11,3,2
2023-08-11,4,10
2023-08-11,5,31
2023-08-11,6,56
2023-08-11,7,130
2023-08-11,8,101
2023-08-11,9,89
2023-08-11,10,100
2023-08-11,11,121
2023-08-11,12,122
2023-08-11,13,104
2023-08-11,14,98
2023-08-11,15,103
2023-08-11,16,123
2023-08-11,17,141
2023-08-11,18,107
2023-08-11,19,91
2023-08-11,20,52
2023-08-11,21,71
2023-08-11,22,32
2023-08-11,23,23
2023-08-12,0,22
2023-08-12,1,10
2023-08-12,2,4
2023-08-12,3,9
2023-08-12,4,9
2023-08-12,5,20
2023-08-12,6,31
2023-08-12,7,53
2023-08-12,8,72
2023-08-12,9,110
2023-08-12,10,90
2023-08-12,11,103
2023-08-12,12,139
2023-08-12,13,97
2023-08-12,14,105
2023-08-12,15,96
2023-08-12,16,110
2023-08-12,17,131
2023-08-12,18,92
2023-08-12,19,90
2023-08-12,20,36
2023-08-12,21,76
2023-08-13,4,9
2023-08-13,5,8
2023-08-13,6,24
2023-08-13,7,22
2023-08-13,8,35
2023-08-13,9,79
2023-08-13,10,97
2023-08-13,11,83
2023-08-13,12,73
2023-08-13,13,91
2023-08-13,14,109
2023-08-13,15,102
2023-08-13,16,99
2023-08-13,17,113
2023-08-13,18,98
2023-08-13,19,61
2023-08-13,20,54
2023-08-13,21,45
2023-08-13,22,28
2023-08-13,23,16
2023-08-14,0,8
2023-08-14,1,5
2023-08-14,2,4
2023-08-14,3,5
2023-08-14,4,8
2023-08-14,5,27
2023-08-14,6,56
2023-08-14,7,121
2023-08-14,8,73
2023-08-14,9,78
2023-08-14,10,96
2023-08-14,11,85
2023-08-14,12,143
2023-08-14,13,106
2023-08-14,14,117
2023-08-14,15,109
2023-08-14,16,103
2023-08-14,17,116
2023-08-14,18,98
2023-08-14,19,74
2023-08-14,20,58
2023-08-14,21,42
2023-08-14,22,26
2023-08-14,23,10
2023-08-15,0,7
2023-08-15,1,5
2023-08-15,2,1
2023-08-15,3,4
2023-08-15,5,35
2023-08-15,6,40
2023-08-15,8,111
2023-08-15,9,123
2023-08-15,10,118
2023-08-15,11,118
2023-08-15,12,118
2023-08-15,13,118
2023-08-15,14,120
2023-08-15,15,114
2023-08-15,16,95
2023-08-15,17,122
2023-08-15,18,127
2023-08-15,19,79
2023-08-15,20,56
2023-08-15,21,57
2023-08-15,22,28
2023-08-15,23,8
2023-08-16,0,9
2023-08-16,1,3
2023-08-16,2,4
2023-08-16,3,2
2023-08-16,4,5
2023-08-16,5,26
2023-08-16,6,51
2023-08-16,7,121
2023-08-16,8,134
2023-08-16,9,108
2023-08-16,10,123
2023-08-16,11,100
2023-08-16,12,85
2023-08-16,13,127
2023-08-16,14,108
2023-08-16,15,83
2023-08-16,16,112
2023-08-16,17,124
2023-08-16,18,98
2023-08-16,19,72
2023-08-16,20,45
2023-08-16,21,33
2023-08-16,22,31
2023-08-16,23,18
2023-08-17,0,13
2023-08-17,1,1
2023-08-17,2,4
2023-08-17,3,4
2023-08-17,4,9
2023-08-17,5,19
2023-08-17,6,66
2023-08-17,7,118
2023-08-17,8,149
2023-08-17,9,118
2023-08-17,10,109
2023-08-17,11,113
2023-08-17,12,119
2023-08-17,13,120
2023-08-17,14,126
2023-08-17,15,105
2023-08-17,16,132
2023-08-17,17,118
2023-08-17,18,89
2023-08-17,19,86
2023-08-17,20,53
2023-08-17,21,40
2023-08-17,22,20
2023-08-17,23,11
2023-08-18,0,4
2023-08-18,1,5
2023-08-18,2,2
2023-08-18,3,6
2023-08-18,4,10
2023-08-18,5,20
2023-08-18,6,54
2023-08-18,7,126
2023-08-18,8,140
2023-08-18,9,84
2023-08-18,10,105
2023-08-18,11,109
2023-08-18,12,109
2023-08-18,13,135
2023-08-18,14,117
2023-08-18,15,124
2023-08-18,16,115
2023-08-18,17,130
2023-08-18,18,121
2023-08-18,19,80
2023-08-18,20,64
2023-08-18,21,61
2023-08-18,22,34
2023-08-18,23,27
2023-08-19,0,13
2023-08-19,1,10
2023-08-19,2,10
2023-08-19,3,4
2023-08-19,4,12
2023-08-19,5,24
2023-08-19,6,26
2023-08-19,7,42
2023-08-19,8,107
2023-08-19,9,82
2023-08-19,10,94
2023-08-19,11,137
2023-08-19,12,129
2023-08-19,13,123
2023-08-19,14,97
2023-08-19,15,132
2023-08-19,16,128
2023-08-19,17,111
2023-08-19,18,92
2023-08-19,19,64
2023-08-19,20,53
2023-08-19,21,47
2023-08-19,22,45
2023-08-19,23,27
2023-08-20,0,30
2023-08-20,1,12
2023-08-20,2,5
2023-08-20,3,8
2023-08-20,4,4
2023-08-20,5,8
2023-08-20,6,12
2023-08-20,7,21
2023-08-20,8,44
2023-08-20,9,83
2023-08-20,10,95
2023-08-20,11,82
2023-08-20,12,98
2023-08-20,13,96
2023-08-20,14,85
2023-08-20,15,64
2023-08-20,16,85
2023-08-20,17,93
2023-08-20,18,72
2023-08-20,19,66
2023-08-20,20,63
2023-08-20,21,33
2023-08-20,22,30
2023-08-20,23,8
2023-08-21,0,7
2023-08-21,1,3
2023-08-21,2,5
2023-08-21,3,3
2023-08-21,4,6
2023-08-21,5,26
2023-08-21,6,60
2023-08-21,7,143
2023-08-21,8,131
2023-08-21,9,109
2023-08-21,10,128
2023-08-21,11,112
2023-08-21,12,115
2023-08-21,13,129
2023-08-21,14,128
2023-08-21,15,100
2023-08-21,16,130
2023-08-21,17,123
2023-08-21,18,84
2023-08-21,19,85
2023-08-21,20,58
2023-08-21,21,42
2023-08-21,22,16
2023-08-21,23,14
2023-08-22,0,8
2023-08-22,1,3
2023-08-22,2,1
2023-08-22,3,3
2023-08-22,4,9
2023-08-22,5,31
2023-08-22,6,68
2023-08-22,7,139
2023-08-22,8,171
2023-08-22,9,120
2023-08-22,10,105
2023-08-22,11,124
2023-08-22,12,111
2023-08-22,13,118
2023-08-22,14,93
2023-08-22,15,115
2023-08-22,16,114
2023-08-22,17,154
2023-08-22,18,128
2023-08-22,19,68
2023-08-22,20,57
2023-08-22,21,37
2023-08-22,22,34
2023-08-22,23,13
2023-08-23,0,10
2023-08-23,1,4
2023-08-23,2,6
2023-08-23,3,3
2023-08-23,4,12
2023-08-23,5,22
2023-08-23,6,66
2023-08-23,7,133
2023-08-23,8,139
2023-08-23,9,111
2023-08-23,10,113
2023-08-23,11,97
2023-08-23,12,105
2023-08-23,13,96
2023-08-23,14,101
2023-08-23,15,109
2023-08-23,16,128
2023-08-23,17,111
2023-08-23,18,109
2023-08-23,19,61
2023-08-23,20,48
2023-08-23,21,49
2023-08-23,22,28
2023-08-23,23,13
2023-08-24,0,11
2023-08-24,1,5
2023-08-24,2,7
2023-08-24,3,6
2023-08-24,4,9
2023-08-24,5,28
2023-08-24,6,65
2023-08-24,7,129
2023-08-24,8,146
2023-08-24,9,124
2023-08-24,10,118
2023-08-24,11,117
2023-08-24,12,115
2023-08-24,13,115
2023-08-24,14,144
2023-08-24,15,149
2023-08-24,16,169
2023-08-24,17,154
2023-08-24,18,93
2023-08-24,19,81
2023-08-24,20,56
2023-08-24,21,35
2023-08-24,22,34
2023-08-24,23,9
2023-08-25,0,8
2023-08-25,1,4
2023-08-25,2,4
2023-08-25,3,11
2023-08-25,4,14
2023-08-25,5,24
2023-08-25,6,52
2023-08-25,7,126
2023-08-25,8,142
2023-08-25,9,127
2023-08-25,10,124
2023-08-25,11,121
2023-08-25,12,133
2023-08-25,13,111
2023-08-25,14,121
2023-08-25,15,87
2023-08-25,16,145
2023-08-25,17,158
2023-08-25,18,147
2023-08-25,19,105
2023-08-25,20,60
2023-08-25,21,65
2023-08-25,22,41
2023-08-25,23,31
2023-08-26,0,15
2023-08-26,1,10
2023-08-26,2,8
2023-08-26,3,12
2023-08-26,4,10
2023-08-26,5,20
2023-08-26,6,28
2023-08-26,7,63
2023-08-26,8,69
2023-08-26,9,94
2023-08-26,10,112
2023-08-26,11,123
2023-08-26,12,114
2023-08-26,13,112
2023-08-26,14,105
2023-08-26,15,91
2023-08-26,16,54
2023-08-26,17,137
2023-08-26,18,130
2023-08-26,19,107
2023-08-26,20,74
2023-08-26,21,70
2023-08-26,22,44
2023-08-26,23,37
2023-08-27,0,22
2023-08-27,1,18
2023-08-27,2,15
2023-08-27,3,11
2023-08-27,4,7
2023-08-27,5,4
2023-08-27,6,4
2023-08-27,7,23
2023-08-27,8,53
2023-08-27,9,81
2023-08-27,10,82
2023-08-27,11,118
2023-08-27,12,105
2023-08-27,13,76
2023-08-27,14,95
2023-08-27,15,91
2023-08-27,16,107
2023-08-27,17,86
2023-08-27,18,92
2023-08-27,19,76
2023-08-27,20,55
2023-08-27,21,54
2023-08-27,22,30
2023-08-27,23,19
2023-08-28,0,6
2023-08-28,1,6
2023-08-28,2,3
2023-08-28,3,8
2023-08-28,4,11
2023-08-28,5,19
2023-08-28,6,56
2023-08-28,7,117
2023-08-28,8,125
2023-08-28,9,93
2023-08-28,10,89
2023-08-28,11,125
2023-08-28,12,94
2023-08-28,13,121
2023-08-28,14,139
2023-08-28,15,101
2023-08-28,16,149
2023-08-28,17,128
2023-08-28,18,102
2023-08-28,19,76
2023-08-28,20,46
2023-08-28,21,36
2023-08-28,22,26
2023-08-28,23,18
2023-08-29,0,9
2023-08-29,1,7
2023-08-29,2,7
2023-08-29,3,3
2023-08-29,4,10
2023-08-29,5,20
2023-08-29,6,68
2023-08-29,7,136
2023-08-29,8,152
2023-08-29,9,109
2023-08-29,10,107
2023-08-29,11,127
2023-08-29,12,113
2023-08-29,13,111
2023-08-29,14,106
2023-08-29,15,125
2023-08-29,16,113
2023-08-29,17,118
2023-08-29,18,106
2023-08-29,19,89
2023-08-29,20,67
2023-08-29,21,33
2023-08-29,22,21
2023-08-29,23,18
2023-08-30,0,9
2023-08-30,1,10
2023-08-30,2,6
2023-08-30,3,3
2023-08-30,4,9
2023-08-30,5,22
2023-08-30,6,56
2023-08-30,7,129
2023-08-30,8,133
2023-08-30,9,127
2023-08-30,10,117
2023-08-30,11,98
2023-08-30,12,125
2023-08-30,13,135
2023-08-30,14,116
2023-08-30,15,115
2023-08-30,16,122
2023-08-30,17,118
2023-08-30,18,104
2023-08-30,20,60
2023-08-30,21,46
2023-08-30,22,34
2023-08-30,23,12
2023-08-31,0,6
2023-08-31,1,3
2023-08-31,2,5
2023-08-31,3,8
2023-08-31,4,12
2023-08-31,5,25
2023-08-31,6,52
2023-08-31,7,130
2023-08-31,8,160
2023-08-31,9,126
2023-08-31,10,125
2023-08-31,11,119
2023-08-31,12,118
2023-08-31,13,112
2023-08-31,14,96
2023-08-31,15,106
2023-08-31,16,109
2023-08-31,17,117
2023-08-31,18,129
2023-08-31,19,84
2023-08-31,20,48
2023-08-31,21,36
2023-08-31,22,29
2023-08-31,23,17
2023-09-01,0,8
2023-09-01,1,11
2023-09-01,2,6
2023-09-01,3,5
2023-09-01,4,13
2023-09-01,5,41
2023-09-01,6,52
2023-09-01,7,140
2023-09-01,8,127
2023-09-01,9,113
2023-09-01,10,111
2023-09-01,11,130
2023-09-01,12,108
2023-09-01,13,124
2023-09-01,14,156
2023-09-01,15,101
2023-09-01,16,123
2023-09-01,17,129
2023-09-01,18,132
2023-09-01,19,101
2023-09-01,20,63
2023-09-01,21,58
2023-09-01,22,52
2023-09-01,23,44
2023-09-02,0,26
2023-09-02,1,12
2023-09-02,2,7
2023-09-02,3,7
2023-09-02,4,10
2023-09-02,5,20
2023-09-02,6,23
2023-09-02,7,43
2023-09-02,8,86
2023-09-02,9,116
2023-09-02,10,111
2023-09-02,11,121
2023-09-02,12,124
2023-09-02,13,121
2023-09-02,14,116
2023-09-02,15,99
2023-09-02,16,92
2023-09-02,17,120
2023-09-02,18,91
2023-09-02,19,94
2023-09-02,20,89
2023-09-02,21,48
2023-09-02,22,40
2023-09-02,23,31
2023-09-03,0,30
2023-09-03,1,13
2023-09-03,2,9
2023-09-03,3,7
2023-09-03,4,9
2023-09-03,5,15
2023-09-03,6,19
2023-09-03,7,23
2023-09-03,8,37
2023-09-03,9,88
2023-09-03,10,105
2023-09-03,11,60
2023-09-03,12,75
2023-09-03,13,90
2023-09-03,14,106
2023-09-03,15,90
2023-09-03,16,106
2023-09-03,17,98
2023-09-03,18,78
2023-09-03,19,83
2023-09-03,20,75
2023-09-03,21,43
2023-09-03,22,29
2023-09-03,23,17
2023-09-04,0,5
2023-09-04,1,9
2023-09-04,2,4
2023-09-04,3,7
2023-09-04,4,18
2023-09-04,5,39
2023-09-04,6,56
2023-09-04,7,122
2023-09-04,8,120
2023-09-04,9,122
2023-09-04,10,104
2023-09-04,11,110
2023-09-04,12,101
2023-09-04,13,113
2023-09-04,14,118
2023-09-04,15,110
2023-09-04,16,115
2023-09-04,17,127
2023-09-04,18,88
2023-09-04,19,84
2023-09-04,20,53
2023-09-04,21,40
2023-09-04,22,21
2023-09-04,23,4
2023-09-05,0,26
2023-09-05,1,0
2023-09-05,2,0
2023-09-05,3,5
2023-09-05,4,8
2023-09-05,5,23
2023-09-05,6,67
2023-09-05,7,155
2023-09-05,8,154
2023-09-05,9,120
2023-09-05,10,100
2023-09-05,11,120
2023-09-05,12,115
2023-09-05,13,117
2023-09-05,14,97
2023-09-05,15,107
2023-09-05,16,113
2023-09-05,17,102
2023-09-05,18,98
2023-09-05,19,73
2023-09-05,20,61
2023-09-05,21,35
2023-09-05,22,22
2023-09-05,23,19
2023-09-06,0,6
2023-09-06,1,4
2023-09-06,2,8
2023-09-06,3,4
2023-09-06,4,8
2023-09-06,5,32
2023-09-06,6,61
2023-09-06,7,137
2023-09-06,8,142
2023-09-06,9,121
2023-09-06,10,110
2023-09-06,11,90
2023-09-06,12,118
2023-09-06,13,93
2023-09-06,14,115
2023-09-06,15,114
2023-09-06,16,111
2023-09-06,17,134
2023-09-06,18,125
2023-09-06,19,76
2023-09-06,20,63
2023-09-06,21,42
2023-09-06,22,27
2023-09-06,23,9
2023-09-07,0,7
2023-09-07,1,5
2023-09-07,2,5
2023-09-07,3,9
2023-09-07,4,18
2023-09-07,5,20
2023-09-07,6,54
2023-09-07,7,153
2023-09-07,8,125
2023-09-07,9,99
2023-09-07,10,99
2023-09-07,11,112
2023-09-07,12,123
2023-09-07,13,119
2023-09-07,14,117
2023-09-07,15,129
2023-09-07,16,150
2023-09-07,17,127
2023-09-07,18,116
2023-09-07,19,69
2023-09-07,20,67
2023-09-07,21,34
2023-09-07,22,25
2023-09-07,23,12
2023-09-08,0,7
2023-09-08,1,5
2023-09-08,2,6
2023-09-08,3,4
2023-09-08,4,10
2023-09-08,5,29
2023-09-08,6,50
2023-09-08,7,137
2023-09-08,8,126
2023-09-08,9,106
2023-09-08,10,106
2023-09-08,11,87
2023-09-08,12,108
2023-09-08,13,113
2023-09-08,14,117
2023-09-08,15,114
2023-09-08,16,129
2023-09-08,17,121
2023-09-08,18,129
2023-09-08,19,74
2023-09-08,20,60
2023-09-08,21,66
2023-09-08,22,49
2023-09-08,23,31
2023-09-09,0,25
2023-09-09,1,14
2023-09-09,2,12
2023-09-09,3,9
2023-09-09,4,8
2023-09-09,5,22
2023-09-09,6,20
2023-09-09,7,51
2023-09-09,8,80
2023-09-09,9,118
2023-09-09,10,111
2023-09-09,11,125
2023-09-09,12,127
2023-09-09,13,125
2023-09-09,14,88
2023-09-09,15,92
2023-09-09,16,101
2023-09-09,17,122
2023-09-09,18,108
2023-09-09,19,80
2023-09-09,20,62
2023-09-09,21,58
2023-09-09,22,34
2023-09-09,23,35
2023-09-10,0,24
2023-09-10,1,12
2023-09-10,2,13
2023-09-10,3,8
2023-09-10,4,9
2023-09-10,5,9
2023-09-10,6,20
2023-09-10,7,26
2023-09-10,8,41
2023-09-10,9,73
2023-09-10,10,74
2023-09-10,11,94
2023-09-10,12,94
2023-09-10,13,108
2023-09-10,14,95
2023-09-10,15,108
2023-09-10,16,98
2023-09-10,17,129
2023-09-10,18,87
2023-09-10,19,63
2023-09-10,20,51
2023-09-10,21,42
2023-09-10,22,23
2023-09-10,23,13
2023-09-11,0,11
2023-09-11,1,4
2023-09-11,2,8
2023-09-11,3,3
2023-09-11,4,18
2023-09-11,5,26
2023-09-11,6,58
2023-09-11,7,160
2023-09-11,8,132
2023-09-11,9,105
2023-09-11,10,119
2023-09-11,11,126
2023-09-11,12,121
2023-09-11,13,110
2023-09-11,14,98
2023-09-11,15,96
2023-09-11,16,117
2023-09-11,17,137
2023-09-11,18,110
2023-09-11,19,75
2023-09-11,20,50
2023-09-11,21,35
2023-09-11,22,20
2023-09-11,23,22
2023-09-12,0,11
2023-09-12,1,7
2023-09-12,2,6
2023-09-12,3,6
2023-09-12,4,17
2023-09-12,5,25
2023-09-12,6,68
2023-09-12,7,162
2023-09-12,8,156
2023-09-12,9,105
2023-09-12,10,119
2023-09-12,11,92
2023-09-12,12,124
2023-09-12,13,96
2023-09-12,14,130
2023-09-12,15,101
2023-09-12,16,134
2023-09-12,17,122
2023-09-12,18,104
2023-09-12,19,68
2023-09-12,20,53
2023-09-12,21,57
2023-09-12,22,33
2023-09-12,23,10
2023-09-13,0,11
2023-09-13,1,6
2023-09-13,2,9
2023-09-13,3,7
2023-09-13,4,13
2023-09-13,5,31
2023-09-13,6,67
2023-09-13,7,139
2023-09-13,8,167
2023-09-13,9,98
2023-09-13,10,95
2023-09-13,11,111
2023-09-13,12,113
2023-09-13,13,115
2023-09-13,14,82
2023-09-13,15,106
2023-09-13,16,117
2023-09-13,17,115
2023-09-13,18,126
2023-09-13,19,77
2023-09-13,20,62
2023-09-13,21,44
2023-09-13,22,24
2023-09-13,23,17
2023-09-14,0,6
2023-09-14,1,3
2023-09-14,2,4
2023-09-14,3,4
2023-09-14,4,15
2023-09-14,5,36
2023-09-14,6,68
2023-09-14,7,139
2023-09-14,8,157
2023-09-14,9,136
2023-09-14,10,110
2023-09-14,11,125
2023-09-14,12,134
2023-09-14,13,101
2023-09-14,14,115
2023-09-14,15,118
2023-09-14,16,154
2023-09-14,17,117
2023-09-14,18,108
2023-09-14,19,81
2023-09-14,20,49
2023-09-14,21,48
2023-09-14,22,28
2023-09-14,23,12
2023-09-15,0,8
2023-09-15,1,12
2023-09-15,2,6
2023-09-15,3,6
2023-09-15,4,16
2023-09-15,5,35
2023-09-15,6,71
2023-09-15,7,145
2023-09-15,8,127
2023-09-15,9,111
2023-09-15,10,113
2023-09-15,11,153
2023-09-15,12,141
2023-09-15,13,110
2023-09-15,14,125
2023-09-15,15,143
2023-09-15,16,122
2023-09-15,17,147
2023-09-15,18,137
2023-09-15,19,104
2023-09-15,20,66
2023-09-15,21,67
2023-09-15,22,50
2023-09-15,23,31
2023-09-16,0,15
2023-09-16,1,19
2023-09-16,2,13
2023-09-16,3,9
2023-09-16,4,11
2023-09-16,5,12
2023-09-16,6,27
2023-09-16,7,38
2023-09-16,8,73
2023-09-16,9,130
2023-09-16,10,133
2023-09-16,11,128
2023-09-16,12,126
2023-09-16,13,89
2023-09-16,14,80
2023-09-16,15,115
2023-09-16,16,55
2023-09-16,17,119
2023-09-16,18,126
2023-09-16,19,115
2023-09-16,20,58
2023-09-16,21,46
2023-09-16,22,37
2023-09-16,23,36
2023-09-17,0,25
2023-09-17,1,17
2023-09-17,2,10
2023-09-17,3,8
2023-09-17,4,9
2023-09-17,5,7
2023-09-17,6,12
2023-09-17,7,17
2023-09-17,8,45
2023-09-17,9,74
2023-09-17,10,111
2023-09-17,11,84
2023-09-17,12,92
2023-09-17,13,105
2023-09-17,14,96
2023-09-17,15,111
2023-09-17,16,94
2023-09-17,17,93
2023-09-17,18,85
2023-09-17,19,79
2023-09-17,20,50
2023-09-17,21,41
2023-09-17,22,19
2023-09-17,23,10
2023-09-18,0,9
2023-09-18,1,3
2023-09-18,2,2
2023-09-18,3,3
2023-09-18,4,9
2023-09-18,5,20
2023-09-18,6,57
2023-09-18,7,149
2023-09-18,8,143
2023-09-18,9,123
2023-09-18,10,98
2023-09-18,11,102
2023-09-18,12,114
2023-09-18,13,102
2023-09-18,14,123
2023-09-18,15,84
2023-09-18,16,106
2023-09-18,17,116
2023-09-18,18,96
2023-09-18,19,97
2023-09-18,20,54
2023-09-18,21,37
2023-09-18,22,29
2023-09-18,23,11
2023-09-19,0,8
2023-09-19,1,2
2023-09-19,2,3
2023-09-19,3,3
2023-09-19,4,12
2023-09-19,5,26
2023-09-19,6,62
2023-09-19,7,124
2023-09-19,8,160
2023-09-19,9,99
2023-09-19,10,106
2023-09-19,11,114
2023-09-19,12,105
2023-09-19,13,97
2023-09-19,14,116
2023-09-19,15,103
2023-09-19,16,96
2023-09-19,17,102
2023-09-19,18,98
2023-09-19,19,73
2023-09-19,20,49
2023-09-19,21,40
2023-09-19,22,24
2023-09-19,23,8
2023-09-20,0,5
2023-09-20,1,3
2023-09-20,2,6
2023-09-20,3,5
2023-09-20,4,16
2023-09-20,5,26
2023-09-20,6,62
2023-09-20,7,151
2023-09-20,8,159
2023-09-20,9,104
2023-09-20,10,110
2023-09-20,11,125
2023-09-20,12,108
2023-09-20,13,99
2023-09-20,14,129
2023-09-20,15,95
2023-09-20,16,111
2023-09-20,17,129
2023-09-20,18,98
2023-09-20,19,90
2023-09-20,20,55
2023-09-20,21,36
2023-09-20,22,25
2023-09-20,23,13
2023-09-21,0,8
2023-09-21,1,5
2023-09-21,2,11
2023-09-21,3,1
2023-09-21,4,21
2023-09-21,5,27
2023-09-21,6,57
2023-09-21,7,126
2023-09-21,8,127
2023-09-21,9,104
2023-09-21,10,75
2023-09-21,11,102
2023-09-21,12,120
2023-09-21,13,98
2023-09-21,14,107
2023-09-21,15,99
2023-09-21,16,104
2023-09-21,17,128
2023-09-21,18,125
2023-09-21,19,74
2023-09-21,20,59
2023-09-21,21,42
2023-09-21,22,34
2023-09-21,23,22
2023-09-22,0,9
2023-09-22,1,11
2023-09-22,2,5
2023-09-22,3,5
2023-09-22,4,13
2023-09-22,5,26
2023-09-22,6,50
2023-09-22,7,98
2023-09-22,8,98
2023-09-22,9,97
2023-09-22,10,119
2023-09-22,11,122
2023-09-22,12,104
2023-09-22,13,103
2023-09-22,14,127
2023-09-22,15,129
2023-09-22,16,126
2023-09-22,17,104
2023-09-22,18,112
2023-09-22,19,106
2023-09-22,20,69
2023-09-22,21,54
2023-09-22,22,24
2023-09-22,23,21
2023-09-23,0,15
2023-09-23,1,9
2023-09-23,2,8
2023-09-23,3,7
2023-09-23,4,8
2023-09-23,5,15
2023-09-23,6,25
2023-09-23,7,58
2023-09-23,8,77
2023-09-23,9,85
2023-09-23,10,105
2023-09-23,11,125
2023-09-23,12,108
2023-09-23,13,126
2023-09-23,14,121
2023-09-23,15,99
2023-09-23,16,90
2023-09-23,17,123
2023-09-23,18,93
2023-09-23,19,106
2023-09-23,20,58
2023-09-23,21,65
2023-09-23,22,44
2023-09-23,23,29
2023-09-24,0,32
2023-09-24,1,16
2023-09-24,2,17
2023-09-24,3,11
2023-09-24,4,12
2023-09-24,5,10
2023-09-24,6,26
2023-09-24,7,30
2023-09-24,8,42
2023-09-24,9,66
2023-09-24,10,85
2023-09-24,11,97
2023-09-24,12,102
2023-09-24,13,97
2023-09-24,14,77
2023-09-24,15,96
2023-09-24,16,89
2023-09-24,17,95
2023-09-24,18,65
2023-09-24,19,56
2023-09-24,20,38
2023-09-24,21,36
2023-09-24,22,33
2023-09-24,23,15
2023-09-25,0,9
2023-09-25,1,8
2023-09-25,2,9
2023-09-25,3,10
2023-09-25,4,8
2023-09-25,5,18
2023-09-25,6,23
2023-09-25,7,53
2023-09-25,8,63
2023-09-25,9,68
2023-09-25,10,70
2023-09-25,11,93
2023-09-25,12,103
2023-09-25,13,104
2023-09-25,14,81
2023-09-25,15,92
2023-09-25,16,90
2023-09-25,17,104
2023-09-25,18,106
2023-09-25,19,72
2023-09-25,20,54
2023-09-25,21,39
2023-09-25,22,36
2023-09-25,23,8
2023-09-26,0,7
2023-09-26,1,4
2023-09-26,2,4
2023-09-26,3,8
2023-09-26,4,12
2023-09-26,5,26
2023-09-26,6,52
2023-09-26,7,121
2023-09-26,8,111
2023-09-26,9,74
2023-09-26,10,91
2023-09-26,11,122
2023-09-26,12,108
2023-09-26,13,108
2023-09-26,14,93
2023-09-26,15,99
2023-09-26,16,104
2023-09-26,17,132
2023-09-26,18,109
2023-09-26,19,74
2023-09-26,20,57
2023-09-26,21,32
2023-09-26,22,26
2023-09-26,23,11
2023-09-27,0,9
2023-09-27,1,4
2023-09-27,2,2
2023-09-27,3,3
2023-09-27,4,17
2023-09-27,5,24
2023-09-27,6,51
2023-09-27,7,106
2023-09-27,8,112
2023-09-27,9,112
2023-09-27,10,99
2023-09-27,11,95
2023-09-27,12,133
2023-09-27,13,97
2023-09-27,14,102
2023-09-27,15,105
2023-09-27,16,107
2023-09-27,17,117
2023-09-27,18,111
2023-09-27,19,79
2023-09-27,20,57
2023-09-27,21,36
2023-09-27,22,35
2023-09-27,23,21
2023-09-28,0,13
2023-09-28,1,9
2023-09-28,2,5
2023-09-28,3,4
2023-09-28,4,13
2023-09-28,5,27
2023-09-28,6,50
2023-09-28,7,133
2023-09-28,8,115
2023-09-28,9,110
2023-09-28,10,125
2023-09-28,11,86
2023-09-28,12,114
2023-09-28,13,88
2023-09-28,14,97
2023-09-28,15,109
2023-09-28,16,119
2023-09-28,17,106
2023-09-28,18,119
2023-09-28,19,86
2023-09-28,20,64
2023-09-28,21,51
2023-09-28,22,39
2023-09-28,23,17
2023-09-29,0,12
2023-09-29,1,14
2023-09-29,2,8
2023-09-29,3,4
2023-09-29,4,11
2023-09-29,5,22
2023-09-29,6,78
2023-09-29,7,123
2023-09-29,8,139
2023-09-29,9,100
2023-09-29,10,118
2023-09-29,11,108
2023-09-29,12,122
2023-09-29,13,119
2023-09-29,14,133
2023-09-29,15,133
2023-09-29,16,126
2023-09-29,17,157
2023-09-29,18,133
2023-09-29,19,94
2023-09-29,20,56
2023-09-29,21,49
2023-09-29,22,48
2023-09-29,23,46
2023-09-30,0,16
2023-09-30,1,14
2023-09-30,2,14
2023-09-30,3,9
2023-09-30,4,10
2023-09-30,5,9
2023-09-30,6,31
2023-09-30,7,62
2023-09-30,8,68
2023-09-30,9,118
2023-09-30,10,124
2023-09-30,11,134
2023-09-30,12,145
2023-09-30,13,146
2023-09-30,14,133
2023-09-30,15,127
2023-09-30,16,117
2023-09-30,17,131
2023-09-30,18,111
2023-09-30,19,100
2023-09-30,20,57
2023-09-30,21,52
2023-09-30,22,45
2023-09-30,23,33
