date,time,flow
2019-10-01,0,0
2019-10-01,1,0
2019-10-01,2,0
2019-10-01,3,0
2019-10-01,4,0
2019-10-01,5,1
2019-10-01,6,106
2019-10-01,7,189
2019-10-01,8,138
2019-10-01,9,66
2019-10-01,10,99
2019-10-01,11,105
2019-10-01,12,102
2019-10-01,13,87
2019-10-01,14,83
2019-10-01,15,89
2019-10-01,16,71
2019-10-01,17,107
2019-10-01,18,43
2019-10-01,19,0
2019-10-01,20,1
2019-10-01,21,0
2019-10-01,22,0
2019-10-01,23,0
2019-10-02,0,0
2019-10-02,1,0
2019-10-02,2,0
2019-10-02,3,0
2019-10-02,4,0
2019-10-02,5,3
2019-10-02,6,110
2019-10-02,7,129
2019-10-02,8,120
2019-10-02,9,54
2019-10-02,10,88
2019-10-02,11,93
2019-10-02,12,109
2019-10-02,13,76
2019-10-02,14,110
2019-10-02,15,63
2019-10-02,16,79
2019-10-02,17,70
2019-10-02,18,66
2019-10-02,19,1
2019-10-02,20,0
2019-10-02,21,0
2019-10-02,22,0
2019-10-02,23,0
2019-10-03,0,0
2019-10-03,1,0
2019-10-03,2,0
2019-10-03,3,0
2019-10-03,4,1
2019-10-03,5,0
2019-10-03,6,113
2019-10-03,7,164
2019-10-03,8,160
2019-10-03,9,113
2019-10-03,10,99
2019-10-03,11,99
2019-10-03,12,116
2019-10-03,13,87
2019-10-03,14,105
2019-10-03,15,81
2019-10-03,16,76
2019-10-03,17,111
2019-10-03,18,77
2019-10-03,19,106
2019-10-03,20,84
2019-10-03,21,46
2019-10-03,22,54
2019-10-03,23,17
2019-10-04,0,2
2019-10-04,1,5
2019-10-04,2,7
2019-10-04,3,4
2019-10-04,4,4
2019-10-04,5,40
2019-10-04,6,140
2019-10-04,7,167
2019-10-04,8,175
2019-10-04,9,104
2019-10-04,10,123
2019-10-04,11,107
2019-10-04,12,147
2019-10-04,13,113
2019-10-04,14,107
2019-10-04,15,113
2019-10-04,16,103
2019-10-04,17,128
2019-10-04,18,53
2019-10-04,19,5
2019-10-04,20,0
2019-10-04,21,2
2019-10-04,22,0
2019-10-04,23,0
2019-10-05,0,0
2019-10-05,1,0
2019-10-05,2,0
2019-10-05,3,1
2019-10-05,4,0
2019-10-05,5,0
2019-10-05,6,7
2019-10-05,7,73
2019-10-05,8,86
2019-10-05,9,103
2019-10-05,10,133
2019-10-05,11,127
2019-10-05,12,124
2019-10-05,13,126
2019-10-05,14,124
2019-10-05,15,110
2019-10-05,16,114
2019-10-05,17,106
2019-10-05,18,59
2019-10-05,19,103
2019-10-05,20,111
2019-10-05,21,82
2019-10-05,22,89
2019-10-05,23,49
2019-10-06,0,43
2019-10-06,1,25
2019-10-06,2,13
2019-10-06,3,19
2019-10-06,4,28
2019-10-06,5,23
2019-10-06,6,43
2019-10-06,7,30
2019-10-06,8,69
2019-10-06,9,102
2019-10-06,10,108
2019-10-06,11,118
2019-10-06,12,121
2019-10-06,13,122
2019-10-06,14,115
2019-10-06,15,97
2019-10-06,16,101
2019-10-06,17,99
2019-10-06,18,46
2019-10-06,19,0
2019-10-06,20,0
2019-10-06,21,0
2019-10-06,22,0
2019-10-06,23,0
2019-10-07,0,0
2019-10-07,1,0
2019-10-07,2,0
2019-10-07,3,0
2019-10-07,4,0
2019-10-07,5,40
2019-10-07,6,127
2019-10-07,7,162
2019-10-07,8,145
2019-10-07,9,114
2019-10-07,10,83
2019-10-07,11,90
2019-10-07,12,112
2019-10-07,13,107
2019-10-07,14,79
2019-10-07,15,102
2019-10-07,16,84
2019-10-07,17,107
2019-10-07,18,55
2019-10-07,19,44
2019-10-07,20,16
2019-10-07,21,0
2019-10-07,22,0
2019-10-07,23,0
2019-10-08,0,0
2019-10-08,1,4
2019-10-08,2,4
2019-10-08,3,0
2019-10-08,4,8
2019-10-08,5,20
2019-10-08,6,151
2019-10-08,7,163
2019-10-08,8,141
2019-10-08,9,129
2019-10-08,10,115
2019-10-08,11,126
2019-10-08,12,106
2019-10-08,13,83
2019-10-08,14,105
2019-10-08,15,79
2019-10-08,16,103
2019-10-08,17,132
2019-10-08,18,137
2019-10-08,19,85
2019-10-08,20,135
2019-10-08,21,99
2019-10-08,22,21
2019-10-08,23,3
2019-10-09,0,0
2019-10-09,1,0
2019-10-09,2,2
2019-10-09,3,4
2019-10-09,4,5
2019-10-09,5,3
2019-10-09,6,121
2019-10-09,7,185
2019-10-09,8,146
2019-10-09,9,96
2019-10-09,10,112
2019-10-09,11,109
2019-10-09,12,48
2019-10-09,13,98
2019-10-09,14,54
2019-10-09,15,91
2019-10-09,16,93
2019-10-09,17,119
2019-10-09,18,130
2019-10-09,19,59
2019-10-09,20,6
2019-10-09,21,1
2019-10-09,22,1
2019-10-09,23,0
2019-10-10,0,0
2019-10-10,1,0
2019-10-10,2,0
2019-10-10,3,0
2019-10-10,4,7
2019-10-10,5,24
2019-10-10,6,150
2019-10-10,7,184
2019-10-10,8,146
2019-10-10,9,149
2019-10-10,10,133
2019-10-10,11,138
2019-10-10,12,117
2019-10-10,13,93
2019-10-10,14,93
2019-10-10,15,93
2019-10-10,16,91
2019-10-10,17,118
2019-10-10,18,75
2019-10-10,19,51
2019-10-10,20,18
2019-10-10,21,19
2019-10-10,22,3
2019-10-10,23,1
2019-10-11,0,0
2019-10-11,1,0
2019-10-11,2,0
2019-10-11,3,0
2019-10-11,4,1
2019-10-11,5,4
2019-10-11,6,85
2019-10-11,7,181
2019-10-11,8,142
2019-10-11,9,80
2019-10-11,10,86
2019-10-11,11,112
2019-10-11,12,104
2019-10-11,13,109
2019-10-11,14,106
2019-10-11,15,101
2019-10-11,16,112
2019-10-11,17,116
2019-10-11,18,58
2019-10-11,19,105
2019-10-11,20,67
2019-10-11,21,24
2019-10-11,22,4
2019-10-11,23,2
2019-10-12,0,0
2019-10-12,1,4
2019-10-12,2,0
2019-10-12,3,0
2019-10-12,4,0
2019-10-12,5,2
2019-10-12,6,27
2019-10-12,7,74
2019-10-12,8,70
2019-10-12,9,96
2019-10-12,10,107
2019-10-12,11,145
2019-10-12,12,127
2019-10-12,13,101
2019-10-12,14,113
2019-10-12,15,103
2019-10-12,16,97
2019-10-12,17,137
2019-10-12,18,19
2019-10-12,19,51
2019-10-12,20,55
2019-10-12,21,15
2019-10-12,22,3
2019-10-12,23,1
2019-10-13,0,23
2019-10-13,1,0
2019-10-13,2,1
2019-10-13,3,1
2019-10-13,4,0
2019-10-13,5,2
2019-10-13,6,8
2019-10-13,7,23
2019-10-13,8,55
2019-10-13,9,73
2019-10-13,10,97
2019-10-13,11,125
2019-10-13,12,109
2019-10-13,13,128
2019-10-13,14,116
2019-10-13,15,102
2019-10-13,16,162
2019-10-13,17,182
2019-10-13,18,110
2019-10-13,19,106
2019-10-13,20,70
2019-10-13,21,21
2019-10-13,22,1
2019-10-13,23,1
2019-10-14,0,0
2019-10-14,1,0
2019-10-14,2,0
2019-10-14,3,0
2019-10-14,4,2
2019-10-14,5,0
2019-10-14,6,79
2019-10-14,7,168
2019-10-14,8,106
2019-10-14,9,105
2019-10-14,10,59
2019-10-14,11,109
2019-10-14,12,104
2019-10-14,13,97
2019-10-14,14,105
2019-10-14,15,96
2019-10-14,16,96
2019-10-14,17,69
2019-10-14,18,8
2019-10-14,19,0
2019-10-14,20,0
2019-10-14,21,0
2019-10-14,22,0
2019-10-14,23,0
2019-10-15,0,0
2019-10-15,1,0
2019-10-15,2,1
2019-10-15,3,0
2019-10-15,4,8
2019-10-15,5,30
2019-10-15,6,126
2019-10-15,7,177
2019-10-15,8,150
2019-10-15,9,116
2019-10-15,10,103
2019-10-15,11,86
2019-10-15,12,104
2019-10-15,13,94
2019-10-15,14,107
2019-10-15,15,91
2019-10-15,16,147
2019-10-15,17,117
2019-10-15,18,7
2019-10-15,19,13
2019-10-15,20,0
2019-10-15,21,1
2019-10-15,22,0
2019-10-15,23,0
2019-10-16,0,0
2019-10-16,1,0
2019-10-16,2,0
2019-10-16,3,0
2019-10-16,4,0
2019-10-16,5,1
2019-10-16,6,66
2019-10-16,7,198
2019-10-16,8,164
2019-10-16,9,114
2019-10-16,10,115
2019-10-16,11,115
2019-10-16,12,134
2019-10-16,13,152
2019-10-16,14,117
2019-10-16,15,70
2019-10-16,16,104
2019-10-16,17,119
2019-10-16,18,23
2019-10-16,19,4
2019-11-20,12,120
2019-11-20,13,113
2019-11-20,14,106
2019-11-20,15,72
2019-11-20,16,65
2019-11-20,17,22
2019-11-20,18,17
2019-11-20,19,21
2019-11-20,20,0
2019-11-20,21,1
2019-11-20,22,0
2019-11-20,23,0
2019-11-21,0,0
2019-11-21,1,0
2019-11-21,2,0
2019-11-21,3,0
2019-11-21,4,0
2019-11-21,5,0
2019-11-21,6,0
2019-11-21,7,65
2019-11-21,8,192
2019-11-21,9,196
2019-11-21,10,93
2019-11-21,11,110
2019-11-21,12,125
2019-11-21,13,119
2019-11-21,14,113
2019-11-21,15,80
2019-11-21,16,61
2019-11-21,17,6
2019-11-21,18,30
2019-11-21,19,13
2019-11-21,20,0
2019-11-21,21,1
2019-11-21,22,0
2019-11-21,23,0
2019-11-22,0,0
2019-11-22,1,0
2019-11-22,2,0
2019-11-22,3,0
2019-11-22,4,0
2019-11-22,5,0
2019-11-22,6,0
2019-11-22,7,82
2019-11-22,8,187
2019-11-22,9,165
2019-11-22,10,122
2019-11-22,11,129
2019-11-22,12,147
2019-11-22,13,114
2019-11-22,14,104
2019-11-22,15,115
2019-11-22,16,76
2019-11-22,17,77
2019-11-22,18,66
2019-11-22,19,142
2019-11-22,20,17
2019-11-22,21,1
2019-11-22,22,4
2019-11-22,23,0
2019-11-23,0,0
2019-11-23,1,0
2019-11-23,2,3
2019-11-23,3,0
2019-11-23,4,0
2019-11-23,5,2
2019-11-23,6,6
2019-11-23,7,34
2019-11-23,8,83
2019-11-23,9,114
2019-11-23,10,86
2019-11-23,11,117
2019-11-23,12,133
2019-11-23,13,142
2019-11-23,14,150
2019-11-23,15,128
2019-11-23,16,88
2019-11-23,17,32
2019-11-23,18,128
2019-11-23,19,95
2019-11-23,20,15
2019-11-23,21,9
2019-11-23,22,8
2019-11-23,23,2
2019-11-24,0,0
2019-11-24,1,3
2019-11-24,2,0
2019-11-24,3,0
2019-11-24,4,1
2019-11-24,5,0
2019-11-24,6,3
2019-11-24,7,1
2019-11-24,8,45
2019-11-24,9,81
2019-11-24,10,105
2019-11-24,11,133
2019-11-24,12,146
2019-11-24,13,145
2019-11-24,14,125
2019-11-24,15,125
2019-11-24,16,126
2019-11-24,17,120
2019-11-24,18,186
2019-11-24,19,103
2019-11-24,20,19
2019-11-24,21,9
2019-11-24,22,12
2019-11-24,23,2
2019-11-25,0,6
2019-11-25,1,1
2019-11-25,2,3
2019-11-25,3,0
2019-11-25,4,0
2019-11-25,5,36
2019-11-25,6,20
2019-11-25,7,89
2019-11-25,8,195
2019-11-25,9,158
2019-11-25,10,120
2019-11-25,11,92
2019-11-25,12,90
2019-11-25,13,110
2019-11-25,14,85
2019-11-25,15,101
2019-11-25,16,63
2019-11-25,17,37
2019-11-25,18,67
2019-11-25,19,41
2019-11-25,20,23
2019-11-25,21,10
2019-11-25,22,2
2019-11-25,23,11
2019-11-26,0,4
2019-11-26,1,1
2019-11-26,2,0
2019-11-26,3,0
2019-11-26,4,0
2019-11-26,5,9
2019-11-26,6,40
2019-11-26,7,67
2019-11-26,8,196
2019-11-26,9,164
2019-11-26,10,119
2019-11-26,11,103
2019-11-26,12,104
2019-11-26,13,123
2019-11-26,14,119
2019-11-26,15,108
2019-11-26,16,121
2019-11-26,17,104
2019-11-26,18,120
2019-11-26,19,42
2019-11-26,20,51
2019-11-26,21,61
2019-11-26,22,33
2019-11-26,23,1
2019-11-27,0,0
2019-11-27,1,0
2019-11-27,2,0
2019-11-27,3,0
2019-11-27,4,0
2019-11-27,5,1
2019-11-27,6,10
2019-11-27,7,85
2019-11-27,8,185
2019-11-27,9,198
2019-11-27,10,143
2019-11-27,11,115
2019-11-27,12,108
2019-11-27,13,131
2019-11-27,14,68
2019-11-27,15,86
2019-11-27,16,49
2019-11-27,17,1
2019-11-27,18,16
2019-11-27,19,2
2019-11-27,20,2
2019-11-27,21,0
2019-11-27,22,0
2019-11-27,23,0
2019-11-28,0,0
2019-11-28,1,0
2019-11-28,2,0
2019-11-28,3,0
2019-11-28,4,0
2019-11-28,5,0
2019-11-28,6,3
2019-11-28,7,53
2019-11-28,8,178
2019-11-28,9,160
2019-11-28,10,86
2019-11-28,11,119
2019-11-28,12,107
2019-11-28,13,117
2019-11-28,14,100
2019-11-28,15,92
2019-11-28,16,82
2019-11-28,17,76
2019-11-28,18,48
2019-11-28,19,12
2019-11-28,20,1
2019-11-28,21,0
2019-11-28,22,2
2019-11-28,23,0
2019-11-29,0,0
2019-11-29,1,0
2019-11-29,2,0
2019-11-29,3,0
2019-11-29,4,0
2019-11-29,5,0
2019-11-29,6,0
2019-11-29,7,37
2019-11-29,8,229
2019-11-29,9,127
2019-11-29,10,42
2019-11-29,11,115
2019-11-29,12,113
2019-11-29,13,135
2019-11-29,14,104
2019-11-29,15,112
2019-11-29,16,75
2019-11-29,17,30
2019-11-29,18,31
2019-11-29,19,10
2019-11-29,20,3
2019-11-29,21,2
2019-11-29,22,0
2019-11-29,23,0
2019-11-30,0,0
2019-11-30,1,0
2019-11-30,2,0
2019-11-30,3,0
2019-11-30,4,0
2019-11-30,5,0
2019-11-30,6,0
2019-11-30,7,0
2019-11-30,8,76
2019-11-30,9,100
2019-11-30,10,25
2019-11-30,11,67
2019-11-30,12,124
2019-11-30,13,153
2019-11-30,14,161
2019-11-30,15,132
2019-11-30,16,94
2019-11-30,17,11
2019-11-30,18,42
2019-11-30,19,39
2019-11-30,20,2
2019-11-30,21,1
2019-11-30,22,5
2019-11-30,23,0
2019-12-01,0,0
2019-12-01,1,3
2019-12-01,2,0
2019-12-01,3,0
2019-12-01,4,0
2019-12-01,5,0
2019-12-01,6,12
2019-12-01,7,21
2019-12-01,8,24
2019-12-01,9,38
2019-12-01,10,63
2019-12-01,11,102
2019-12-01,12,110
2019-12-01,13,150
2019-12-01,14,121
2019-12-01,15,106
2019-12-01,16,71
2019-12-01,17,52
2019-12-01,18,31
2019-12-01,19,13
2019-12-01,20,2
2019-12-01,21,3
2019-12-01,22,1
2019-12-01,23,0
2019-12-02,0,0
2019-12-02,1,0
2019-12-02,2,0
2019-12-02,3,0
2019-12-02,4,0
2019-12-02,5,0
2019-12-02,6,3
2019-12-02,7,64
2019-12-02,8,169
2019-12-02,9,151
2019-12-02,10,76
2019-12-02,11,132
2019-12-02,12,120
2019-12-02,13,88
2019-12-02,14,90
2019-12-02,15,88
2019-12-02,16,40
2019-12-02,17,45
2019-12-02,18,78
2019-12-02,19,28
2019-12-02,20,2
2019-12-02,21,0
2019-12-02,22,4
2019-12-02,23,23
2019-12-03,0,13
2019-12-03,1,0
2019-12-03,2,0
2019-12-03,3,0
2019-12-03,4,0
2019-12-03,5,1
2019-12-03,6,5
2019-12-03,7,55
2019-12-03,8,155
2019-12-03,9,182
2019-12-03,10,125
2019-12-03,11,92
2019-12-03,12,113
2019-12-03,13,101
2019-12-03,14,78
2019-12-03,15,97
2019-12-03,16,61
2019-12-03,17,2
2019-12-03,18,27
2019-12-03,19,23
2019-12-03,20,4
2019-12-03,21,0
2019-12-03,22,12
2019-12-03,23,4
2019-12-04,0,0
2019-12-04,1,0
2019-12-04,2,0
2019-12-04,3,0
2019-12-04,4,0
2019-12-04,5,0
2019-12-04,6,2
2019-12-04,7,53
2019-12-04,8,221
2019-12-04,9,182
2019-12-04,10,89
2019-12-04,11,150
2019-12-04,12,87
2019-12-04,13,113
2019-12-04,14,63
2019-12-04,15,94
2019-12-04,16,53
2019-12-04,17,3
2019-12-04,18,21
2019-12-04,19,28
2019-12-04,20,0
2019-12-04,21,1
2019-12-04,22,1
2019-12-04,23,5
2019-12-05,0,2
2019-12-05,1,3
2019-12-05,2,0
2019-12-05,3,1
2019-12-05,4,0
2019-12-05,5,0
2019-12-05,6,9
2019-12-05,7,78
2019-12-05,8,148
2019-12-05,9,156
2019-12-05,10,123
2019-12-05,11,100
2019-12-05,12,105
2019-12-05,13,91
2019-12-05,14,92
2019-12-05,15,103
2019-12-05,16,116
2019-12-05,17,111
2019-12-05,18,152
2019-12-05,19,87
2019-12-05,20,37
2019-12-05,21,0
2019-12-05,22,3
2019-12-05,23,0
2019-12-06,0,3
2019-12-06,1,0
2019-12-06,2,0
2019-12-06,3,0
2019-12-06,4,0
2019-12-06,5,0
2019-12-06,6,61
2019-12-06,7,174
2019-12-06,8,201
2019-12-06,9,161
2019-12-06,10,129
2019-12-06,11,103
2019-12-06,12,105
2019-12-06,13,137
2019-12-06,14,102
2019-12-06,15,98
2019-12-06,16,54
2019-12-06,17,22
2019-12-06,18,55
2019-12-06,19,32
2019-12-06,20,7
2019-12-06,21,1
2019-12-06,22,0
2019-12-06,23,0
2019-12-07,0,0
2019-12-07,1,0
2019-12-07,2,0
2019-12-07,3,1
2019-12-07,4,3
2019-12-07,5,4
2019-12-07,6,1
2019-12-07,7,3
2019-12-07,8,91
2019-12-07,9,82
2019-12-07,10,86
2019-12-07,11,100
2019-12-07,12,108
2019-12-07,13,135
2019-12-07,14,165
2019-12-07,15,143
2019-12-07,16,141
2019-12-07,17,130
2019-12-07,18,146
2019-12-07,19,137
2019-12-07,20,123
2019-12-07,21,94
2019-12-07,22,51
2019-12-07,23,62
2019-12-08,0,56
2019-12-08,1,15
2019-12-08,2,8
2019-12-08,3,5
2019-12-08,4,1
2019-12-08,5,2
2019-12-08,6,0
2019-12-08,7,18
2019-12-08,8,31
2019-12-08,9,113
2019-12-08,10,108
2019-12-08,11,63
2019-12-08,12,57
2019-12-08,13,142
2019-12-08,14,109
2019-12-08,15,96
2019-12-08,16,100
2019-12-08,17,113
2019-12-08,18,105
2019-12-08,19,86
2019-12-08,20,87
2019-12-08,21,39
2019-12-08,22,7
2019-12-08,23,1
2019-12-09,0,2
2019-12-09,1,1
2019-12-09,2,0
2019-12-09,3,0
2019-12-09,4,0
2019-12-09,5,2
2019-12-09,6,2
2019-12-09,7,39
2019-12-09,8,166
2019-12-09,9,147
2019-12-09,10,23
2019-12-09,11,92
2019-12-09,12,96
2019-12-09,13,104
2019-12-09,14,82
2019-12-09,15,108
2019-12-09,16,41
2019-12-09,17,49
2019-12-09,18,9
2019-12-09,19,3
2019-12-09,20,0
2019-12-09,21,0
2019-12-09,22,0
2019-12-09,23,1
2019-12-10,0,0
2019-12-10,1,0
2019-12-10,2,0
2019-12-10,3,4
2019-12-10,4,0
2019-12-10,5,41
2019-12-10,6,91
2019-12-10,7,176
2019-12-10,8,171
2019-12-10,9,161
2019-12-10,10,164
2019-12-10,11,130
2019-12-10,12,121
2019-12-10,13,120
2019-12-10,14,109
2019-12-10,15,108
2019-12-10,16,124
2019-12-10,17,96
2019-12-10,18,55
2019-12-10,19,10
2019-12-10,20,9
2019-12-10,21,4
2019-12-10,22,47
2019-12-10,23,5
2019-12-11,0,5
2019-12-11,1,0
2019-12-11,2,7
2019-12-11,3,3
2019-12-11,4,12
2019-12-11,5,16
2019-12-11,6,52
2019-12-11,7,164
2019-12-11,8,187
2019-12-11,9,142
2019-12-11,10,124
2019-12-11,11,100
2019-12-11,12,108
2019-12-11,13,110
2019-12-11,14,109
2019-12-11,15,108
2019-12-11,16,117
2019-12-11,17,68
2019-12-11,18,87
2019-12-11,19,93
2019-12-11,20,52
2019-12-11,21,10
2019-12-11,22,0
2019-12-11,23,2
2019-12-12,0,1
2019-12-12,1,3
2019-12-12,2,0
2019-12-12,3,8
2019-12-12,4,3
2019-12-12,5,6
2019-12-12,6,27
2019-12-12,7,92
2019-12-12,8,142
2019-12-12,9,160
2019-12-12,10,103
2019-12-12,11,112
2019-12-12,12,109
2019-12-12,13,81
2019-12-12,14,111
2019-12-12,15,83
2019-12-12,16,38
2019-12-12,17,14
2019-12-12,18,100
2019-12-12,19,128
2019-12-12,20,81
2019-12-12,21,90
2019-12-12,22,74
2019-12-12,23,31
2019-12-13,0,21
2019-12-13,1,17
2019-12-13,2,7
2019-12-13,3,0
2019-12-13,4,1
2019-12-13,5,0
2019-12-13,6,8
2019-12-13,7,53
2019-12-13,8,153
2019-12-13,9,148
2019-12-13,10,100
2019-12-13,11,110
2019-12-13,12,132
2019-12-13,13,110
2019-12-13,14,118
2019-12-13,15,88
2019-12-13,16,78
2019-12-13,17,2
2019-12-13,18,46
2019-12-13,19,20
2019-12-13,20,7
2019-12-13,21,49
2019-12-13,22,74
2019-12-13,23,43
2019-12-14,0,43
2019-12-14,1,26
2019-12-14,2,13
2019-12-14,3,17
2019-12-14,4,19
2019-12-14,5,19
2019-12-14,6,63
2019-12-14,7,152
2019-12-14,8,171
2019-12-14,9,167
2019-12-14,10,167
2019-12-14,11,173
2019-12-14,12,174
2019-12-14,13,177
2019-12-14,14,170
2019-12-14,15,169
2019-12-14,16,167
2019-12-14,17,165
2019-12-14,18,172
2019-12-14,19,162
2019-12-14,20,115
2019-12-14,21,44
2019-12-14,22,26
2019-12-14,23,0
2019-12-15,0,4
2019-12-15,1,0
2019-12-15,2,0
2019-12-15,3,8
2019-12-15,4,12
2019-12-15,5,40
2019-12-15,6,101
2019-12-15,7,141
2019-12-15,8,166
2019-12-15,9,163
2019-12-15,10,173
2019-12-15,11,171
2019-12-15,12,174
2019-12-15,13,175
2019-12-15,14,168
2019-12-15,15,171
2019-12-15,16,175
2019-12-15,17,169
2019-12-15,18,172
2019-12-15,19,158
2019-12-15,20,142
2019-12-15,21,83
2019-12-15,22,72
2019-12-15,23,35
2019-12-16,0,36
2019-12-16,1,45
2019-12-16,2,13
2019-12-16,3,35
2019-12-16,4,27
2019-12-16,5,85
2019-12-16,6,171
2019-12-16,7,178
2019-12-16,8,179
2019-12-16,9,173
2019-12-16,10,169
2019-12-16,11,170
2019-12-16,12,113
2019-12-16,13,139
2019-12-16,14,105
2019-12-16,15,113
2019-12-16,16,54
2019-12-16,17,62
2019-12-16,18,105
2019-12-16,19,58
2019-12-16,20,22
2019-12-16,21,0
2019-12-16,22,0
2019-12-16,23,0
2019-12-17,0,0
2019-12-17,1,0
2019-12-17,2,0
2019-12-17,3,0
2019-12-17,4,8
2019-12-17,5,1
2019-12-17,6,58
2019-12-17,7,174
2019-12-17,8,189
2019-12-17,9,180
2019-12-17,10,125
2019-12-17,11,128
2019-12-17,12,135
2019-12-17,13,126
2019-12-17,14,134
2019-12-17,15,100
2019-12-17,16,63
2019-12-17,17,28
2019-12-17,18,46
2019-12-17,19,16
2019-12-17,20,3
2019-12-17,21,2
2019-12-17,22,0
2019-12-17,23,0
2019-12-18,0,0
2019-12-18,1,0
2019-12-18,2,0
2019-12-18,3,0
2019-12-18,4,0
2019-12-18,5,0
2019-12-18,6,9
2019-12-18,7,92
2019-12-18,8,186
2019-12-18,9,185
2019-12-18,10,111
2019-12-18,11,151
2019-12-18,12,153
2019-12-18,13,125
2019-12-18,14,121
2019-12-18,15,114
2019-12-18,16,110
2019-12-18,17,151
2019-12-18,18,145
2019-12-18,19,67
2019-12-18,20,11
2019-12-18,21,100
2019-12-18,22,18
2019-12-18,23,5
2019-12-19,0,4
2019-12-19,1,0
2019-12-19,2,0
2019-12-19,3,0
2019-12-19,4,1
2019-12-19,5,0
2019-12-19,6,6
2019-12-19,7,98
2019-12-19,8,199
2019-12-19,9,175
2019-12-19,10,150
2019-12-19,11,165
2019-12-19,12,153
2019-12-19,13,154
2019-12-19,14,135
2019-12-19,15,147
2019-12-19,16,40
2019-12-19,17,13
2019-12-19,18,50
2019-12-19,19,122
2019-12-19,20,154
2019-12-19,21,99
2019-12-19,22,82
2019-12-19,23,46
2019-12-20,0,20
2019-12-20,1,2
2019-12-20,2,0
2019-12-20,3,1
2019-12-20,4,3
2019-12-20,5,2
2019-12-20,6,8
2019-12-20,7,101
2019-12-20,8,205
2019-12-20,9,174
2019-12-20,10,165
2019-12-20,11,143
2019-12-20,12,180
2019-12-20,13,135
2019-12-20,14,147
2019-12-20,15,143
2019-12-20,16,115
2019-12-20,17,68
2019-12-20,18,65
2019-12-20,19,42
2019-12-20,20,10
2019-12-20,21,4
2019-12-20,22,10
2019-12-20,23,0
2019-12-21,0,3
2019-12-21,1,0
2019-12-21,2,0
2019-12-21,3,0
2019-12-21,4,1
2019-12-21,5,0
2019-12-21,6,0
2019-12-21,7,0
2019-12-21,8,56
2019-12-21,9,105
2019-12-21,10,105
2019-12-21,11,150
2019-12-21,12,120
2019-12-21,13,180
2019-12-21,14,146
2019-12-21,15,156
2019-12-21,16,75
2019-12-21,17,38
2019-12-21,18,78
2019-12-21,19,31
2019-12-21,20,0
2019-12-21,21,3
2019-12-21,22,1
2019-12-21,23,2
2019-12-22,0,0
2019-12-22,1,0
2019-12-22,2,2
2019-12-22,3,1
2019-12-22,4,0
2019-12-22,5,4
2019-12-22,6,30
2019-12-22,7,37
2019-12-22,8,47
2019-12-22,9,84
2019-12-22,10,119
2019-12-22,11,135
2019-12-22,12,160
2019-12-22,13,145
2019-12-22,14,130
2019-12-22,15,127
2019-12-22,16,72
2019-12-22,17,6
2019-12-22,18,2
2019-12-22,19,18
2019-12-22,20,0
2019-12-22,21,16
2019-12-22,22,27
2019-12-22,23,48
2019-12-23,0,9
2019-12-23,1,5
2019-12-23,2,16
2019-12-23,3,13
2019-12-23,4,16
2019-12-23,5,26
2019-12-23,6,73
2019-12-23,7,147
2019-12-23,8,179
2019-12-23,9,159
2019-12-23,10,156
2019-12-23,11,142
2019-12-23,12,178
2019-12-23,13,147
2019-12-23,14,84
2019-12-23,15,161
2019-12-23,16,129
2019-12-23,17,53
2019-12-23,18,14
2019-12-23,19,67
2019-12-23,20,11
2019-12-23,21,2
2019-12-23,22,0
2019-12-23,23,0
2019-12-24,0,1
2019-12-24,1,0
2019-12-24,2,0
2019-12-24,3,0
2019-12-24,4,0
2019-12-24,5,0
2019-12-24,6,0
2019-12-24,7,89
2019-12-24,8,194
2019-12-24,9,127
2019-12-24,10,125
2019-12-24,11,132
2019-12-24,12,153
2019-12-24,13,135
2019-12-24,14,158
2019-12-24,15,106
2019-12-24,16,57
2019-12-24,17,4
2019-12-24,18,0
2019-12-24,19,25
2019-12-24,20,0
2019-12-24,21,1
2019-12-24,22,0
2019-12-24,23,0
2019-12-25,0,0
2019-12-25,1,0
2019-12-25,2,0
2019-12-25,3,0
2019-12-25,4,0
2019-12-25,5,0
2019-12-25,6,0
2019-12-25,7,0
2019-12-25,8,0
2019-12-25,9,6
2019-12-25,10,6
2019-12-25,11,11
2019-12-25,12,35
2019-12-25,13,46
2019-12-25,14,47
2019-12-25,15,58
2019-12-25,16,11
2019-12-25,17,0
2019-12-25,18,0
2019-12-25,19,0
2019-12-25,20,0
2019-12-25,21,0
2019-12-25,22,0
2019-12-25,23,0
2019-12-26,0,0
2019-12-26,1,1
2019-12-26,2,0
2019-12-26,3,0
2019-12-26,4,0
2019-12-26,5,0
2019-12-26,6,0
2019-12-26,7,0
2019-12-26,8,21
2019-12-26,9,66
2019-12-26,10,64
2019-12-26,11,62
2019-12-26,12,84
2019-12-26,13,93
2019-12-26,14,85
2019-12-26,15,76
2019-12-26,16,28
2019-12-26,17,4
2019-12-26,18,8
2019-12-26,19,3
2019-12-26,20,3
2019-12-26,21,0
2019-12-26,22,0
2019-12-26,23,0
2019-12-27,0,0
2019-12-27,1,0
2019-12-27,2,0
2019-12-27,3,0
2019-12-27,4,0
2019-12-27,5,0
2019-12-27,6,3
2019-12-27,7,38
2019-12-27,8,175
2019-12-27,9,129
2019-12-27,10,128
2019-12-27,11,122
2019-12-27,12,154
2019-12-27,13,148
2019-12-27,14,148
2019-12-27,15,110
2019-12-27,16,96
2019-12-27,17,134
2019-12-27,18,115
2019-12-27,19,104
2019-12-27,20,39
2019-12-27,21,10
2019-12-27,22,17
2019-12-27,23,1
2019-12-28,0,15
2019-12-28,1,1
2019-12-28,2,0
2019-12-28,3,1
2019-12-28,4,0
2019-12-28,5,2
2019-12-28,6,0
2019-12-28,7,1
2019-12-28,8,34
2019-12-28,9,67
2019-12-28,10,88
2019-12-28,11,115
2019-12-28,12,162
2019-12-28,13,139
2019-12-28,14,154
2019-12-28,15,134
2019-12-28,16,118
2019-12-28,17,38
2019-12-28,18,56
2019-12-28,19,9
2019-12-28,20,10
2019-12-28,21,0
2019-12-28,22,4
2019-12-28,23,13
2019-12-29,0,1
2019-12-29,1,0
2019-12-29,2,0
2019-12-29,3,0
2019-12-29,4,0
2019-12-29,5,0
2019-12-29,6,1
2019-12-29,7,1
2019-12-29,8,17
2019-12-29,9,47
2019-12-29,10,53
2019-12-29,11,109
2019-12-29,12,109
2019-12-29,13,111
2019-12-29,14,84
2019-12-29,15,120
2019-12-29,16,53
2019-12-29,17,12
2019-12-29,18,4
2019-12-29,19,17
2019-12-29,20,1
2019-12-29,21,0
2019-12-29,22,0
2019-12-29,23,0
2019-12-30,0,0
2019-12-30,1,0
2019-12-30,2,0
2019-12-30,3,0
2019-12-30,4,1
2019-12-30,5,0
2019-12-30,6,0
2019-12-30,7,4
2019-12-30,8,42
2019-12-30,9,73
2019-12-30,10,91
2019-12-30,11,102
2019-12-30,12,134
2019-12-30,13,130
2019-12-30,14,142
2019-12-30,15,144
2019-12-30,16,72
2019-12-30,17,3
2019-12-30,18,17
2019-12-30,19,24
2019-12-30,20,10
2019-12-30,21,0
2019-12-30,22,0
2019-12-30,23,0
2019-12-31,0,0
2019-12-31,1,0
2019-12-31,2,0
2019-12-31,3,4
2019-12-31,4,0
2019-12-31,5,4
2019-12-31,6,21
2019-12-31,7,36
2019-12-31,8,83
2019-12-31,9,89
2019-12-31,10,27
2019-12-31,11,78
2019-12-31,12,133
2019-12-31,13,107
2019-12-31,14,148
2019-12-31,15,118
2019-12-31,16,80
2019-12-31,17,2
2019-12-31,18,1
2019-12-31,19,45
2019-12-31,20,36
2019-12-31,21,1
2019-12-31,22,1
2019-12-31,23,0
2020-01-01,0,0
2020-01-01,1,0
2020-01-01,2,2
2020-01-01,3,0
2020-01-01,4,0
2020-01-01,5,0
2020-01-01,6,0
2020-01-01,7,0
2020-01-01,8,3
2020-01-01,9,16
2020-01-01,10,26
2020-01-01,11,31
2020-01-01,12,43
2020-01-01,13,72
2020-01-01,14,59
2020-01-01,15,49
2020-01-01,16,27
2020-01-01,17,0
2020-01-01,18,3
2020-01-01,19,1
2020-01-01,20,0
2020-01-01,21,1
2020-01-01,22,0
2020-01-01,23,0
2020-01-02,0,0
2020-01-02,1,1
2020-01-02,2,0
2020-01-02,3,0
2020-01-02,4,0
2020-01-02,5,0
2020-01-02,6,21
2020-01-02,7,67
2020-01-02,8,31
2020-01-02,9,65
2020-01-02,10,77
2020-01-02,11,108
2020-01-02,12,149
2020-01-02,13,144
2020-01-02,14,141
2020-01-02,15,127
2020-01-02,16,119
2020-01-02,17,38
2020-01-02,18,24
2020-01-02,19,55
2020-01-02,20,109
2020-01-02,21,62
2020-01-02,22,17
2020-01-02,23,2
2020-01-03,0,0
2020-01-03,1,0
2020-01-03,2,0
2020-01-03,3,0
2020-01-03,4,0
2020-01-03,5,0
2020-01-03,6,0
2020-01-03,7,0
2020-01-03,8,67
2020-01-03,9,114
2020-01-03,10,86
2020-01-03,11,105
2020-01-03,12,159
2020-01-03,13,155
2020-01-03,14,142
2020-01-03,15,124
2020-01-03,16,84
2020-01-03,17,26
2020-01-03,18,45
2020-01-03,19,103
2020-01-03,20,39
2020-01-03,21,90
2020-01-03,22,25
2020-01-03,23,30
2020-01-04,0,3
2020-01-04,1,1
2020-01-04,2,2
2020-01-04,3,11
2020-01-04,4,1
2020-01-04,5,0
2020-01-04,6,3
2020-01-04,7,9
2020-01-04,8,52
2020-01-04,9,67
2020-01-04,10,80
2020-01-04,11,114
2020-01-04,12,132
2020-01-04,13,143
2020-01-04,14,129
2020-01-04,15,126
2020-01-04,16,100
2020-01-04,17,23
2020-01-04,18,65
2020-01-04,19,2
2020-01-04,20,3
2020-01-04,21,1
2020-01-04,22,0
2020-01-04,23,0
2020-01-05,0,0
2020-01-05,1,0
2020-01-05,2,0
2020-01-05,3,0
2020-01-05,4,0
2020-01-05,5,0
2020-01-05,6,0
2020-01-05,7,8
2020-01-05,8,24
2020-01-05,9,43
2020-01-05,10,86
2020-01-05,11,69
2020-01-05,12,99
2020-01-05,13,160
2020-01-05,14,149
2020-01-05,15,131
2020-01-05,16,69
2020-01-05,17,3
2020-01-05,18,2
2020-01-05,19,3
2020-01-05,20,0
2020-01-05,21,0
2020-01-05,22,0
2020-01-05,23,0
2020-01-06,0,0
2020-01-06,1,0
2020-01-06,2,0
2020-01-06,3,0
2020-01-06,4,0
2020-01-06,5,0
2020-01-06,6,5
2020-01-06,7,67
2020-01-06,8,154
2020-01-06,9,159
2020-01-06,10,123
2020-01-06,11,134
2020-01-06,12,101
2020-01-06,13,94
2020-01-06,14,111
2020-01-06,15,78
2020-01-06,16,90
2020-01-06,17,13
2020-01-06,18,103
2020-01-06,19,9
2020-01-06,20,6
2020-01-06,21,0
2020-01-06,22,0
2020-01-06,23,0
2020-01-07,0,0
2020-01-07,1,0
2020-01-07,2,0
2020-01-07,3,0
2020-01-07,4,0
2020-01-07,5,0
2020-01-07,6,73
2020-01-07,7,195
2020-01-07,8,234
2020-01-07,9,218
2020-01-07,10,126
2020-01-07,11,134
2020-01-07,12,102
2020-01-07,13,112
2020-01-07,14,109
2020-01-07,15,112
2020-01-07,16,101
2020-01-07,17,53
2020-01-07,18,120
2020-01-07,19,78
2020-01-07,20,1
2020-01-07,21,2
2020-01-07,22,0
2020-01-07,23,0
2020-01-08,0,0
2020-01-08,1,1
2020-01-08,2,0
2020-01-08,3,0
2020-01-08,4,0
2020-01-08,5,0
2020-01-08,6,23
2020-01-08,7,104
2020-01-08,8,172
2020-01-08,9,182
2020-01-08,10,73
2020-01-08,11,86
2020-01-08,12,118
2020-01-08,13,96
2020-01-08,14,82
2020-01-08,15,109
2020-01-08,16,110
2020-01-08,17,42
2020-01-08,18,57
2020-01-08,19,18
2020-01-08,20,8
2020-01-08,21,6
2020-01-08,22,2
2020-01-08,23,0
2020-01-09,0,1
2020-01-09,1,0
2020-01-09,2,0
2020-01-09,3,0
2020-01-09,4,0
2020-01-09,5,2
2020-01-09,6,26
2020-01-09,7,218
2020-01-09,8,226
2020-01-09,9,211
2020-01-09,10,121
2020-01-09,11,135
2020-01-09,12,106
2020-01-09,13,141
2020-01-09,14,121
2020-01-09,15,107
2020-01-09,16,81
2020-01-09,17,18
2020-01-09,18,60
2020-01-09,19,21
2020-01-09,20,7
2020-01-09,21,3
2020-01-09,22,0
2020-01-09,23,0
2020-01-10,0,0
2020-01-10,1,0
2020-01-10,2,0
2020-01-10,3,0
2020-01-10,4,0
2020-01-10,5,1
2020-01-10,6,43
2020-01-10,7,112
2020-01-10,8,204
2020-01-10,9,148
2020-01-10,10,95
2020-01-10,11,97
2020-01-10,12,113
2020-01-10,13,104
2020-01-10,14,105
2020-01-10,15,113
2020-01-10,16,75
2020-01-10,17,41
2020-01-10,18,136
2020-01-10,19,135
2020-01-10,20,115
2020-01-10,21,71
2020-01-10,22,69
2020-01-10,23,43
2020-01-11,0,13
2020-01-11,1,11
2020-01-11,2,14
2020-01-11,3,13
2020-01-11,4,12
2020-01-11,5,9
2020-01-11,6,18
2020-01-11,7,40
2020-01-11,8,117
2020-01-11,9,124
2020-01-11,10,142
2020-01-11,11,124
2020-01-11,12,142
2020-01-11,13,160
2020-01-11,14,151
2020-01-11,15,130
2020-01-11,16,148
2020-01-11,17,133
2020-01-11,18,163
2020-01-11,19,132
2020-01-11,20,59
2020-01-11,21,44
2020-01-11,22,12
2020-01-11,23,3
2020-01-12,0,2
2020-01-12,1,1
2020-01-12,2,0
2020-01-12,3,0
2020-01-12,4,0
2020-01-12,5,0
2020-01-12,6,12
2020-01-12,7,16
2020-01-12,8,36
2020-01-12,9,63
2020-01-12,10,67
2020-01-12,11,127
2020-01-12,12,118
2020-01-12,13,146
2020-01-12,14,155
2020-01-12,15,128
2020-01-12,16,139
2020-01-12,17,100
2020-01-12,18,61
2020-01-12,19,12
2020-01-12,20,18
2020-01-12,21,3
2020-01-12,22,2
2020-01-12,23,0
2020-01-13,0,0
2020-01-13,1,0
2020-01-13,2,0
2020-01-13,3,0
2020-01-13,4,0
2020-01-13,5,0
2020-01-13,6,15
2020-01-13,7,102
2020-01-13,8,189
2020-01-13,9,177
2020-01-13,10,133
2020-01-13,11,111
2020-01-13,12,102
2020-01-13,13,109
2020-01-13,14,73
2020-01-13,15,116
2020-01-13,16,119
2020-01-13,17,75
2020-01-13,18,48
2020-01-13,19,36
2020-01-13,20,10
2020-01-13,21,33
2020-01-13,22,12
2020-01-13,23,18
2020-01-14,0,4
2020-01-14,1,9
2020-01-14,2,0
2020-01-14,3,0
2020-01-14,4,10
2020-01-14,5,5
2020-01-14,6,39
2020-01-14,7,128
2020-01-14,8,126
2020-01-14,9,171
2020-01-14,10,138
2020-01-14,11,110
2020-01-14,12,99
2020-01-14,13,87
2020-01-14,14,129
2020-01-14,15,127
2020-01-14,16,104
2020-01-14,17,111
2020-01-14,18,128
2020-01-14,19,62
2020-01-14,20,27
2020-01-14,21,5
2020-01-14,22,0
2020-01-14,23,0
2020-01-15,0,0
2020-01-15,1,0
2020-01-15,2,0
2020-01-15,3,0
2020-01-15,4,0
2020-01-15,5,0
2020-01-15,6,35
2020-01-15,7,96
2020-01-15,8,165
2020-01-15,9,181
2020-01-15,10,104
2020-01-15,11,84
2020-01-15,12,113
2020-01-15,13,125
2020-01-15,14,94
2020-01-15,15,123
2020-01-15,16,86
2020-01-15,17,27
2020-01-15,18,21
2020-01-15,19,20
2020-01-15,20,0
2020-01-15,21,0
2020-01-15,22,0
2020-01-15,23,0
2020-01-16,0,0
2020-01-16,1,0
2020-01-16,2,0
2020-01-16,3,0
2020-01-16,4,0
2020-01-16,5,0
2020-01-16,6,24
2020-01-16,7,102
2020-01-16,8,206
2020-01-16,9,176
2020-01-16,10,112
2020-01-16,11,115
2020-01-16,12,132
2020-01-16,13,71
2020-01-16,14,80
2020-01-16,15,91
2020-01-16,16,96
2020-01-16,17,33
2020-01-16,18,76
2020-01-16,19,19
2020-01-16,20,20
2020-01-16,21,6
2020-01-16,22,0
2020-01-16,23,0
2020-01-17,0,0
2020-01-17,1,0
2020-01-17,2,0
2020-01-17,3,0
2020-01-17,4,0
2020-01-17,5,0
2020-01-17,6,4
2020-01-17,7,69
2020-01-17,8,172
2020-01-17,9,169
2020-01-17,10,61
2020-01-17,11,101
2020-01-17,12,125
2020-01-17,13,140
2020-01-17,14,103
2020-01-17,15,111
2020-01-17,16,107
2020-01-17,17,44
2020-01-17,18,27
2020-01-17,19,25
2020-01-17,20,14
2020-01-17,21,2
2020-01-17,22,3
2020-01-17,23,0
2020-01-18,0,0
2020-01-18,1,1
2020-01-18,2,0
2020-01-18,3,0
2020-01-18,4,0
2020-01-18,5,0
2020-01-18,6,0
2020-01-18,7,0
2020-01-18,8,85
2020-01-18,9,80
2020-01-18,10,33
2020-01-18,11,100
2020-01-18,12,104
2020-01-18,13,137
2020-01-18,14,146
2020-01-18,15,126
2020-01-18,16,92
2020-01-18,17,58
2020-01-18,18,67
2020-01-18,19,26
2020-01-18,20,10
2020-01-18,21,0
2020-01-18,22,1
2020-01-18,23,0
2020-01-19,0,0
2020-01-19,1,0
2020-01-19,2,0
2020-01-19,3,0
2020-01-19,4,0
2020-01-19,5,1
2020-01-19,6,0
2020-01-19,7,1
2020-01-19,8,23
2020-01-19,9,47
2020-01-19,10,40
2020-01-19,11,97
2020-01-19,12,94
2020-01-19,13,135
2020-01-19,14,120
2020-01-19,15,100
2020-01-19,16,91
2020-01-19,17,28
2020-01-19,18,20
2020-01-19,19,3
2020-01-19,20,2
2020-01-19,21,0
2020-01-19,22,0
2020-01-19,23,0
2020-01-20,0,0
2020-01-20,1,0
2020-01-20,2,0
2020-01-20,3,0
2020-01-20,4,0
2020-01-20,5,0
2020-01-20,6,7
2020-01-20,7,83
2020-01-20,8,160
2020-01-20,9,165
2020-01-20,10,121
2020-01-20,11,100
2020-01-20,12,106
2020-01-20,13,122
2020-01-20,14,96
2020-01-20,15,89
2020-01-20,16,91
2020-01-20,17,28
2020-01-20,18,25
2020-01-20,19,10
2020-01-20,20,0
2020-01-20,21,0
2020-01-20,22,4
2020-01-20,23,0
2020-01-21,0,0
2020-01-21,1,0
2020-01-21,2,0
2020-01-21,3,4
2020-01-21,4,0
2020-01-21,5,4
2020-01-21,6,30
2020-01-21,7,73
2020-01-21,8,174
2020-01-21,9,181
2020-01-21,10,109
2020-01-21,11,87
2020-01-21,12,111
2020-01-21,13,73
2020-01-21,14,70
2020-01-21,15,92
2020-01-21,16,95
2020-01-21,17,30
2020-01-21,18,31
2020-01-21,19,12
2020-01-21,20,1
2020-01-21,21,3
2020-01-21,22,4
2020-01-21,23,6
2020-01-22,0,0
2020-01-22,1,0
2020-01-22,2,0
2020-01-22,3,0
2020-01-22,4,0
2020-01-22,5,1
2020-01-22,6,10
2020-01-22,7,84
2020-01-22,8,187
2020-01-22,9,187
2020-01-22,10,132
2020-01-22,11,95
2020-01-22,12,118
2020-01-22,13,102
2020-01-22,14,97
2020-01-22,15,91
2020-01-22,16,81
2020-01-22,17,27
2020-01-22,18,33
2020-01-22,19,43
2020-01-22,20,0
2020-01-22,21,0
2020-01-22,22,1
2020-01-22,23,1
2020-01-23,0,0
2020-01-23,1,0
2020-01-23,2,0
2020-01-23,3,0
2020-01-23,4,0
2020-01-23,5,0
2020-01-23,6,0
2020-01-23,7,72
2020-01-23,8,187
2020-01-23,9,130
2020-01-23,10,64
2020-01-23,11,85
2020-01-23,12,62
2020-01-23,13,123
2020-01-23,14,90
2020-01-23,15,80
2020-01-23,16,88
2020-01-23,17,16
2020-01-23,18,29
2020-01-23,19,14
2020-01-23,20,18
2020-01-23,21,0
2020-01-23,22,0
2020-01-23,23,2
2020-01-24,0,0
2020-01-24,1,0
2020-01-24,2,0
2020-01-24,3,0
2020-01-24,4,0
2020-01-24,5,0
2020-01-24,6,2
2020-01-24,7,90
2020-01-24,8,161
2020-01-24,9,148
2020-01-24,10,116
2020-01-24,11,118
2020-01-24,12,121
2020-01-24,13,98
2020-01-24,14,116
2020-01-24,15,101
2020-01-24,16,94
2020-01-24,17,29
2020-01-24,18,31
2020-01-24,19,31
2020-01-24,20,12
2020-01-24,21,4
2020-01-24,22,0
2020-01-24,23,1
2020-01-25,0,1
2020-01-25,1,0
2020-01-25,2,0
2020-01-25,3,0
2020-01-25,4,0
2020-01-25,5,1
2020-01-25,6,0
2020-01-25,7,9
2020-01-25,8,55
2020-01-25,9,103
2020-01-25,10,77
2020-01-25,11,105
2020-01-25,12,114
2020-01-25,13,150
2020-01-25,14,206
2020-01-25,15,147
2020-01-25,16,97
2020-01-25,17,76
2020-01-25,18,37
2020-01-25,19,16
2020-01-25,20,4
2020-01-25,21,1
2020-01-25,22,1
2020-01-25,23,0
2020-01-26,0,3
2020-01-26,1,9
2020-01-26,2,0
2020-01-26,3,1
2020-01-26,4,22
2020-01-26,5,0
2020-01-26,6,19
2020-01-26,7,28
2020-01-26,8,74
2020-01-26,9,72
2020-01-26,10,89
2020-01-26,11,123
2020-01-26,12,105
2020-01-26,13,132
2020-01-26,14,111
2020-01-26,15,100
2020-01-26,16,80
2020-01-26,17,42
2020-01-26,18,10
2020-01-26,19,5
2020-01-26,20,0
2020-01-26,21,0
2020-01-26,22,1
2020-01-26,23,0
2020-01-27,0,1
2020-01-27,1,6
2020-01-27,2,3
2020-01-27,3,6
2020-01-27,4,6
2020-01-27,5,8
2020-01-27,6,70
2020-01-27,7,176
2020-01-27,8,192
2020-01-27,9,165
2020-01-27,10,100
2020-01-27,11,112
2020-01-27,12,137
2020-01-27,13,93
2020-01-27,14,89
2020-01-27,15,94
2020-01-27,16,89
2020-01-27,17,29
2020-01-27,18,34
2020-01-27,19,9
2020-01-27,20,1
2020-01-27,21,0
2020-01-27,22,21
2020-01-27,23,20
2020-01-28,0,17
2020-01-28,1,10
2020-01-28,2,2
2020-01-28,3,0
2020-01-28,4,3
2020-01-28,5,11
2020-01-28,6,32
2020-01-28,7,108
2020-01-28,8,200
2020-01-28,9,183
2020-01-28,10,116
2020-01-28,11,105
2020-01-28,12,81
2020-01-28,13,99
2020-01-28,14,86
2020-01-28,15,137
2020-01-28,16,98
2020-01-28,17,63
2020-01-28,18,32
2020-01-28,19,7
2020-01-28,20,52
2020-01-28,21,50
2020-01-28,22,32
2020-01-28,23,10
2020-01-29,0,15
2020-01-29,1,0
2020-01-29,2,0
2020-01-29,3,0
2020-01-29,4,0
2020-01-29,5,31
2020-01-29,6,38
2020-01-29,7,112
2020-01-29,8,213
2020-01-29,9,186
2020-01-29,10,112
2020-01-29,11,97
2020-01-29,12,112
2020-01-29,13,120
2020-01-29,14,128
2020-01-29,15,101
2020-01-29,16,84
2020-01-29,17,102
2020-01-29,18,129
2020-01-29,19,94
2020-01-29,20,102
2020-01-29,21,53
2020-01-29,22,40
2020-01-29,23,5
2020-01-30,0,0
2020-01-30,1,1
2020-01-30,2,0
2020-01-30,3,0
2020-01-30,4,0
2020-01-30,5,0
2020-01-30,6,3
2020-01-30,7,65
2020-01-30,8,190
2020-01-30,9,190
2020-01-30,10,138
2020-01-30,11,119
2020-01-30,12,111
2020-01-30,13,126
2020-01-30,14,86
2020-01-30,15,92
2020-01-30,16,58
2020-01-30,17,43
2020-01-30,18,18
2020-01-30,19,16
2020-01-30,20,0
2020-01-30,21,0
2020-01-30,22,1
2020-01-30,23,0
2020-01-31,0,0
2020-01-31,1,0
2020-01-31,2,0
2020-01-31,3,0
2020-01-31,4,15
2020-01-31,5,21
2020-01-31,6,42
2020-01-31,7,139
2020-01-31,8,184
2020-01-31,9,171
2020-01-31,10,118
2020-01-31,11,83
2020-01-31,12,141
2020-01-31,13,123
2020-01-31,14,107
2020-01-31,15,101
2020-01-31,16,102
2020-01-31,17,127
2020-01-31,18,64
2020-01-31,19,39
2020-01-31,20,12
2020-01-31,21,1
2020-01-31,22,32
2020-01-31,23,48
2020-02-01,0,3
2020-02-01,1,8
2020-02-01,2,4
2020-02-01,3,0
2020-02-01,4,19
2020-02-01,5,20
2020-02-01,6,48
2020-02-01,7,64
2020-02-01,8,94
2020-02-01,9,129
2020-02-01,10,77
2020-02-01,11,121
2020-02-01,12,131
2020-02-01,13,158
2020-02-01,14,104
2020-02-01,15,89
2020-02-01,16,110
2020-02-01,17,86
2020-02-01,18,58
2020-02-01,19,25
2020-02-01,20,4
2020-02-01,21,1
2020-02-01,22,0
2020-02-01,23,0
2020-02-02,0,0
2020-02-02,1,0
2020-02-02,2,0
2020-02-02,3,0
2020-02-02,4,0
2020-02-02,5,4
2020-02-02,6,12
2020-02-02,7,21
2020-02-02,8,34
2020-02-02,9,86
2020-02-02,10,92
2020-02-02,11,106
2020-02-02,12,96
2020-02-02,13,98
2020-02-02,14,137
2020-02-02,15,121
2020-02-02,16,130
2020-02-02,17,103
2020-02-02,18,78
2020-02-02,19,84
2020-02-02,20,71
2020-02-02,21,87
2020-02-02,22,24
2020-02-02,23,24
2020-02-03,0,6
2020-02-03,1,12
2020-02-03,2,7
2020-02-03,3,8
2020-02-03,4,1
2020-02-03,5,5
2020-02-03,6,2
2020-02-03,7,103
2020-02-03,8,198
2020-02-03,9,178
2020-02-03,10,132
2020-02-03,11,105
2020-02-03,12,123
2020-02-03,13,108
2020-02-03,14,103
2020-02-03,15,86
2020-02-03,16,81
2020-02-03,17,86
2020-02-03,18,114
2020-02-03,19,64
2020-02-03,20,54
2020-02-03,21,9
2020-02-03,22,68
2020-02-03,23,24
2020-02-04,0,8
2020-02-04,1,3
2020-02-04,2,0
2020-02-04,3,0
2020-02-04,4,0
2020-02-04,5,0
2020-02-04,6,18
2020-02-04,7,111
2020-02-04,8,197
2020-02-04,9,166
2020-02-04,10,75
2020-02-04,11,56
2020-02-04,12,83
2020-02-04,13,111
2020-02-04,14,74
2020-02-04,15,75
2020-02-04,16,115
2020-02-04,17,76
2020-02-04,18,21
2020-02-04,19,17
2020-02-04,20,6
2020-02-04,21,0
2020-02-04,22,0
2020-02-04,23,0
2020-02-05,0,0
2020-02-05,1,0
2020-02-05,2,0
2020-02-05,3,0
2020-02-05,4,0
2020-02-05,5,0
2020-02-05,6,30
2020-02-05,7,81
2020-02-05,8,198
2020-02-05,9,200
2020-02-05,10,119
2020-02-05,11,96
2020-02-05,12,105
2020-02-05,13,99
2020-02-05,14,94
2020-02-05,15,75
2020-02-05,16,66
2020-02-05,17,67
2020-02-05,18,26
2020-02-05,19,7
2020-02-05,20,0
2020-02-05,21,0
2020-02-05,22,0
2020-02-05,23,0
2020-02-06,0,0
2020-02-06,1,0
2020-02-06,2,0
2020-02-06,3,0
2020-02-06,4,0
2020-02-06,5,0
2020-02-06,6,16
2020-02-06,7,74
2020-02-06,8,193
2020-02-06,9,161
2020-02-06,10,135
2020-02-06,11,131
2020-02-06,12,100
2020-02-06,13,104
2020-02-06,14,105
2020-02-06,15,100
2020-02-06,16,90
2020-02-06,17,55
2020-02-06,18,6
2020-02-06,19,9
2020-02-06,20,24
2020-02-06,21,2
2020-02-06,22,0
2020-02-06,23,0
2020-02-07,0,0
2020-02-07,1,0
2020-02-07,2,0
2020-02-07,3,0
2020-02-07,4,0
2020-02-07,5,1
2020-02-07,6,2
2020-02-07,7,93
2020-02-07,8,171
2020-02-07,9,107
2020-02-07,10,35
2020-02-07,11,79
2020-02-07,12,152
2020-02-07,13,119
2020-02-07,14,138
2020-02-07,15,99
2020-02-07,16,100
2020-02-07,17,86
2020-02-07,18,35
2020-02-07,19,2
2020-02-07,20,24
2020-02-07,21,0
2020-02-07,22,26
2020-02-07,23,13
2020-02-08,0,10
2020-02-08,1,7
2020-02-08,2,10
2020-02-08,3,11
2020-02-08,4,11
2020-02-08,5,7
2020-02-08,6,2
2020-02-08,7,11
2020-02-08,8,89
2020-02-08,9,62
2020-02-08,10,48
2020-02-08,11,73
2020-02-08,12,126
2020-02-08,13,117
2020-02-08,14,112
2020-02-08,15,122
2020-02-08,16,126
2020-02-08,17,161
2020-02-08,18,144
2020-02-08,19,118
2020-02-08,20,131
2020-02-08,21,90
2020-02-08,22,66
2020-02-08,23,76
2020-02-09,0,42
2020-02-09,1,48
2020-02-09,2,19
2020-02-09,3,5
2020-02-09,4,13
2020-02-09,5,21
2020-02-09,6,27
2020-02-09,7,49
2020-02-09,8,30
2020-02-09,9,66
2020-02-09,10,77
2020-02-09,11,77
2020-02-09,12,128
2020-02-09,13,112
2020-02-09,14,120
2020-02-09,15,86
2020-02-09,16,112
2020-02-09,17,155
2020-02-09,18,149
2020-02-09,19,98
2020-02-09,20,41
2020-02-09,21,4
2020-02-09,22,8
2020-02-09,23,35
2020-02-10,0,4
2020-02-10,1,0
2020-02-10,2,0
2020-02-10,3,0
2020-02-10,4,6
2020-02-10,5,13
2020-02-10,6,90
2020-02-10,7,168
2020-02-10,8,211
2020-02-10,9,147
2020-02-10,10,127
2020-02-10,11,125
2020-02-10,12,111
2020-02-10,13,99
2020-02-10,14,122
2020-02-10,15,92
2020-02-10,16,86
2020-02-10,17,92
2020-02-10,18,106
2020-02-10,19,104
2020-02-10,20,74
2020-02-10,21,64
2020-02-10,22,30
2020-02-10,23,27
2020-02-11,0,5
2020-02-11,1,1
2020-02-11,2,2
2020-02-11,3,2
2020-02-11,4,5
2020-02-11,5,23
2020-02-11,6,75
2020-02-11,7,129
2020-02-11,8,219
2020-02-11,9,141
2020-02-11,10,132
2020-02-11,11,96
2020-02-11,12,132
2020-02-11,13,133
2020-02-11,14,112
2020-02-11,15,114
2020-02-11,16,96
2020-02-11,17,124
2020-02-11,18,108
2020-02-11,19,82
2020-02-11,20,63
2020-02-11,21,28
2020-02-11,22,31
2020-02-11,23,13
2020-02-12,0,0
2020-02-12,1,0
2020-02-12,2,0
2020-02-12,3,0
2020-02-12,4,0
2020-02-12,5,0
2020-02-12,6,30
2020-02-12,7,150
2020-02-12,8,170
2020-02-12,9,156
2020-02-12,10,128
2020-02-12,11,127
2020-02-12,12,110
2020-02-12,13,119
2020-02-12,14,120
2020-02-12,15,102
2020-02-12,16,90
2020-02-12,17,94
2020-02-12,18,74
2020-02-12,19,99
2020-02-12,20,0
2020-02-12,21,6
2020-02-12,22,3
2020-02-12,23,0
2020-02-13,0,0
2020-02-13,1,0
2020-02-13,2,0
2020-02-13,3,0
2020-02-13,4,1
2020-02-13,5,0
2020-02-13,6,67
2020-02-13,7,189
2020-02-13,8,198
2020-02-13,9,191
2020-02-13,10,102
2020-02-13,11,100
2020-02-13,12,102
2020-02-13,13,102
2020-02-13,14,75
2020-02-13,15,65
2020-02-13,16,99
2020-02-13,17,62
2020-02-13,18,28
2020-02-13,19,12
2020-02-13,20,8
2020-02-13,21,0
2020-02-13,22,2
2020-02-13,23,0
2020-02-14,0,0
2020-02-14,1,1
2020-02-14,2,0
2020-02-14,3,0
2020-02-14,4,0
2020-02-14,5,2
2020-02-14,6,2
2020-02-14,7,135
2020-02-14,8,196
2020-02-14,9,170
2020-02-14,10,141
2020-02-14,11,138
2020-02-14,12,151
2020-02-14,13,147
2020-02-14,14,133
2020-02-14,15,118
2020-02-14,16,106
2020-02-14,17,108
2020-02-14,18,58
2020-02-14,19,56
2020-02-14,20,12
2020-02-14,21,0
2020-02-14,22,1
2020-02-14,23,0
2020-02-15,0,0
2020-02-15,1,0
2020-02-15,2,0
2020-02-15,3,0
2020-02-15,4,1
2020-02-15,5,0
2020-02-15,6,0
2020-02-15,7,21
2020-02-15,8,91
2020-02-15,9,88
2020-02-15,10,100
2020-02-15,11,133
2020-02-15,12,145
2020-02-15,13,152
2020-02-15,14,152
2020-02-15,15,149
2020-02-15,16,124
2020-02-15,17,169
2020-02-15,18,177
2020-02-15,19,52
2020-02-15,20,86
2020-02-15,21,24
2020-02-15,22,5
2020-02-15,23,3
2020-02-16,0,2
2020-02-16,1,39
2020-02-16,2,20
2020-02-16,3,2
2020-02-16,4,0
2020-02-16,5,0
2020-02-16,6,0
2020-02-16,7,17
2020-02-16,8,33
2020-02-16,9,31
2020-02-16,10,75
2020-02-16,11,88
2020-02-16,12,136
2020-02-16,13,137
2020-02-16,14,111
2020-02-16,15,105
2020-02-16,16,91
2020-02-16,17,97
2020-02-16,18,69
2020-02-16,19,0
2020-02-16,20,2
2020-02-16,21,2
2020-02-16,22,6
2020-02-16,23,27
2020-02-17,0,15
2020-02-17,1,0
2020-02-17,2,2
2020-02-17,3,9
2020-02-17,4,12
2020-02-17,5,34
2020-02-17,6,47
2020-02-17,7,160
2020-02-17,8,184
2020-02-17,9,177
2020-02-17,10,110
2020-02-17,11,98
2020-02-17,12,100
2020-02-17,13,119
2020-02-17,14,88
2020-02-17,15,98
2020-02-17,16,96
2020-02-17,17,110
2020-02-17,18,92
2020-02-17,19,139
2020-02-17,20,106
2020-02-17,21,37
2020-02-17,22,8
2020-02-17,23,6
2020-02-18,0,1
2020-02-18,1,0
2020-02-18,2,8
2020-02-18,3,6
2020-02-18,4,11
2020-02-18,5,23
2020-02-18,6,47
2020-02-18,7,146
2020-02-18,8,197
2020-02-18,9,178
2020-02-18,10,120
2020-02-18,11,136
2020-02-18,12,118
2020-02-18,13,102
2020-02-18,14,68
2020-02-18,15,96
2020-02-18,16,92
2020-02-18,17,110
2020-02-18,18,103
2020-02-18,19,44
2020-02-18,20,36
2020-02-18,21,6
2020-02-18,22,2
2020-02-18,23,0
2020-02-19,0,0
2020-02-19,1,0
2020-02-19,2,0
2020-02-19,3,0
2020-02-19,4,0
2020-02-19,5,0
2020-02-19,6,6
2020-02-19,7,153
2020-02-19,8,170
2020-02-19,9,170
2020-02-19,10,108
2020-02-19,11,73
2020-02-19,12,136
2020-02-19,13,94
2020-02-19,14,83
2020-02-19,15,126
2020-02-19,16,123
2020-02-19,17,81
2020-02-19,18,122
2020-02-19,19,173
2020-02-19,20,90
2020-02-19,21,62
2020-02-19,22,37
2020-02-19,23,6
2020-02-20,0,2
2020-02-20,1,3
2020-02-20,2,2
2020-02-20,3,3
2020-02-20,4,20
2020-02-20,5,38
2020-02-20,6,118
2020-02-20,7,201
2020-02-20,8,211
2020-02-20,9,205
2020-02-20,10,166
2020-02-20,11,123
2020-02-20,12,114
2020-02-20,13,105
2020-02-20,14,94
2020-02-20,15,87
2020-02-20,16,83
2020-02-20,17,78
2020-02-20,18,119
2020-02-20,19,57
2020-02-20,20,53
2020-02-20,21,6
2020-02-20,22,49
2020-02-20,23,35
2020-02-21,0,7
2020-02-21,1,0
2020-02-21,2,0
2020-02-21,3,6
2020-02-21,4,14
2020-02-21,5,30
2020-02-21,6,87
2020-02-21,7,176
2020-02-21,8,198
2020-02-21,9,211
2020-02-21,10,127
2020-02-21,11,139
2020-02-21,12,128
2020-02-21,13,128
2020-02-21,14,92
2020-02-21,15,128
2020-02-21,16,96
2020-02-21,17,114
2020-02-21,18,175
2020-02-21,19,137
2020-02-21,20,103
2020-02-21,21,93
2020-02-21,22,71
2020-02-21,23,31
2020-02-22,0,25
2020-02-22,1,9
2020-02-22,2,3
2020-02-22,3,0
2020-02-22,4,4
2020-02-22,5,8
2020-02-22,6,34
2020-02-22,7,56
2020-02-22,8,80
2020-02-22,9,86
2020-02-22,10,80
2020-02-22,11,116
2020-02-22,12,154
2020-02-22,13,117
2020-02-22,14,119
2020-02-22,15,148
2020-02-22,16,103
2020-02-22,17,127
2020-02-22,18,108
2020-02-22,19,80
2020-02-22,20,35
2020-02-22,21,24
2020-02-22,22,60
2020-02-22,23,65
2020-02-23,0,29
2020-02-23,1,20
2020-02-23,2,10
2020-02-23,3,14
2020-02-23,4,21
2020-02-23,5,14
2020-02-23,6,34
2020-02-23,7,39
2020-02-23,8,25
2020-02-23,9,48
2020-02-23,10,92
2020-02-23,11,136
2020-02-23,12,133
2020-02-23,13,150
2020-02-23,14,157
2020-02-23,15,94
2020-02-23,16,78
2020-02-23,17,83
2020-02-23,18,75
2020-02-23,19,2
2020-02-23,20,5
2020-02-23,21,0
2020-02-23,22,1
2020-02-23,23,1
2020-02-24,0,0
2020-02-24,1,0
2020-02-24,2,0
2020-02-24,3,0
2020-02-24,4,2
2020-02-24,5,19
2020-02-24,6,101
2020-02-24,7,194
2020-02-24,8,188
2020-02-24,9,179
2020-02-24,10,120
2020-02-24,11,101
2020-02-24,12,140
2020-02-24,13,119
2020-02-24,14,93
2020-02-24,15,97
2020-02-24,16,121
2020-02-24,17,75
2020-02-24,18,93
2020-02-24,19,35
2020-02-24,20,12
2020-02-24,21,10
2020-02-24,22,0
2020-02-24,23,0
2020-02-25,0,0
2020-02-25,1,0
2020-02-25,2,1
2020-02-25,3,0
2020-02-25,4,9
2020-02-25,5,6
2020-02-25,6,43
2020-02-25,7,155
2020-02-25,8,181
2020-02-25,9,186
2020-02-25,10,114
2020-02-25,11,125
2020-02-25,12,117
2020-02-25,13,111
2020-02-25,14,96
2020-02-25,15,89
2020-02-25,16,107
2020-02-25,17,86
2020-02-25,18,104
2020-02-25,19,26
2020-02-25,20,17
2020-02-25,21,4
2020-02-25,22,0
2020-02-25,23,0
2020-02-26,0,0
2020-02-26,1,0
2020-02-26,2,0
2020-02-26,3,0
2020-02-26,4,0
2020-02-26,5,0
2020-02-26,6,14
2020-02-26,7,142
2020-02-26,8,190
2020-02-26,9,150
2020-02-26,10,102
2020-02-26,11,119
2020-02-26,12,137
2020-02-26,13,111
2020-02-26,14,104
2020-02-26,15,77
2020-02-26,16,96
2020-02-26,17,70
2020-02-26,18,105
2020-02-26,19,32
2020-02-26,20,38
2020-02-26,21,72
2020-02-26,22,46
2020-02-26,23,3
2020-02-27,0,17
2020-02-27,1,5
2020-02-27,2,4
2020-02-27,3,2
2020-02-27,4,0
2020-02-27,5,2
2020-02-27,6,27
2020-02-27,7,154
2020-02-27,8,174
2020-02-27,9,131
2020-02-27,10,137
2020-02-27,11,132
2020-02-27,12,124
2020-02-27,13,124
2020-02-27,14,110
2020-02-27,15,101
2020-02-27,16,83
2020-02-27,17,106
2020-02-27,18,63
2020-02-27,19,21
2020-02-27,20,3
2020-02-27,21,0
2020-02-27,22,6
2020-02-27,23,0
2020-02-28,0,0
2020-02-28,1,0
2020-02-28,2,0
2020-02-28,3,0
2020-02-28,4,0
2020-02-28,5,4
2020-02-28,6,35
2020-02-28,7,125
2020-02-28,8,203
2020-02-28,9,140
2020-02-28,10,102
2020-02-28,11,138
2020-02-28,12,126
2020-02-28,13,111
2020-02-28,14,121
2020-02-28,15,72
2020-02-28,16,106
2020-02-28,17,125
2020-02-28,18,125
2020-02-28,19,131
2020-02-28,20,93
2020-02-28,21,70
2020-02-28,22,12
2020-02-28,23,11
2020-02-29,0,10
2020-02-29,1,31
2020-02-29,2,23
2020-02-29,3,27
2020-02-29,4,17
2020-02-29,5,20
2020-02-29,6,38
2020-02-29,7,55
2020-02-29,8,70
2020-02-29,9,70
2020-02-29,10,97
2020-02-29,11,117
2020-02-29,12,131
2020-02-29,13,136
2020-02-29,14,126
2020-02-29,15,116
2020-02-29,16,106
2020-02-29,17,100
2020-02-29,18,98
2020-02-29,19,107
2020-02-29,20,132
2020-02-29,21,84
2020-02-29,22,128
2020-02-29,23,60
2020-03-01,0,55
2020-03-01,1,44
2020-03-01,2,12
2020-03-01,3,14
2020-03-01,4,14
2020-03-01,5,15
2020-03-01,6,24
2020-03-01,7,46
2020-03-01,8,50
2020-03-01,9,64
2020-03-01,10,103
2020-03-01,11,107
2020-03-01,12,133
2020-03-01,13,129
2020-03-01,14,124
2020-03-01,15,105
2020-03-01,16,92
2020-03-01,17,114
2020-03-01,18,109
2020-03-01,19,109
2020-03-01,20,76
2020-03-01,21,43
2020-03-01,22,28
2020-03-01,23,9
2020-03-02,0,18
2020-03-02,1,2
2020-03-02,2,1
2020-03-02,3,1
2020-03-02,4,1
2020-03-02,5,1
2020-03-02,6,25
2020-03-02,7,152
2020-03-02,8,166
2020-03-02,9,164
2020-03-02,10,115
2020-03-02,11,105
2020-03-02,12,88
2020-03-02,13,96
2020-03-02,14,96
2020-03-02,15,88
2020-03-02,16,80
2020-03-02,17,76
2020-03-02,18,97
2020-03-02,19,76
2020-03-02,20,35
2020-03-02,21,12
2020-03-02,22,0
2020-03-02,23,0
2020-03-03,0,0
2020-03-03,1,0
2020-03-03,2,0
2020-03-03,3,4
2020-03-03,4,0
2020-03-03,5,4
2020-03-03,6,42
2020-03-03,7,173
2020-03-03,8,171
2020-03-03,9,114
2020-03-03,10,136
2020-03-03,11,96
2020-03-03,12,118
2020-03-03,13,128
2020-03-03,14,94
2020-03-03,15,103
2020-03-03,16,85
2020-03-03,17,85
2020-03-03,18,65
2020-03-03,19,2
2020-03-03,20,0
2020-03-03,21,0
2020-03-03,22,0
2020-03-03,23,0
2020-03-04,0,0
2020-03-04,1,0
2020-03-04,2,0
2020-03-04,3,0
2020-03-04,4,0
2020-03-04,5,0
2020-03-04,6,20
2020-03-04,7,153
2020-03-04,8,201
2020-03-04,9,166
2020-03-04,10,88
2020-03-04,11,114
2020-03-04,12,82
2020-03-04,13,115
2020-03-04,14,113
2020-03-04,15,106
2020-03-04,16,90
2020-03-04,17,93
2020-03-04,18,85
2020-03-04,19,5
2020-03-04,20,69
2020-03-04,21,41
2020-03-04,22,3
2020-03-04,23,3
2020-03-05,0,0
2020-03-05,1,0
2020-03-05,2,0
2020-03-05,3,0
2020-03-05,4,0
2020-03-05,5,0
2020-03-05,6,36
2020-03-05,7,151
2020-03-05,8,179
2020-03-05,9,176
2020-03-05,10,119
2020-03-05,11,120
2020-03-05,12,125
2020-03-05,13,107
2020-03-05,14,98
2020-03-05,15,109
2020-03-05,16,76
2020-03-05,17,90
2020-03-05,18,63
2020-03-05,19,80
2020-03-05,20,0
2020-03-05,21,0
2020-03-05,22,0
2020-03-05,23,0
2020-03-06,0,0
2020-03-06,1,0
2020-03-06,2,0
2020-03-06,3,0
2020-03-06,4,0
2020-03-06,5,0
2020-03-06,6,15
2020-03-06,7,151
2020-03-06,8,188
2020-03-06,9,169
2020-03-06,10,131
2020-03-06,11,77
2020-03-06,12,145
2020-03-06,13,114
2020-03-06,14,114
2020-03-06,15,102
2020-03-06,16,70
2020-03-06,17,123
2020-03-06,18,84
2020-03-06,19,19
2020-03-06,20,0
2020-03-06,21,1
2020-03-06,22,0
2020-03-06,23,0
2020-03-07,0,0
2020-03-07,1,0
2020-03-07,2,0
2020-03-07,3,5
2020-03-07,4,7
2020-03-07,5,36
2020-03-07,6,13
2020-03-07,7,57
2020-03-07,8,59
2020-03-07,9,105
2020-03-07,10,96
2020-03-07,11,107
2020-03-07,12,122
2020-03-07,13,141
2020-03-07,14,189
2020-03-07,15,113
2020-03-07,16,117
2020-03-07,17,112
2020-03-07,18,126
2020-03-07,19,143
2020-03-07,20,102
2020-03-07,21,85
2020-03-07,22,26
2020-03-07,23,27
2020-03-08,0,45
2020-03-08,1,39
2020-03-08,2,8
2020-03-08,3,1
2020-03-08,4,2
2020-03-08,5,0
2020-03-08,6,12
2020-03-08,7,25
2020-03-08,8,41
2020-03-08,9,51
2020-03-08,10,57
2020-03-08,11,91
2020-03-08,12,150
2020-03-08,13,125
2020-03-08,14,122
2020-03-08,15,96
2020-03-08,16,93
2020-03-08,17,109
2020-03-08,18,123
2020-03-08,19,51
2020-03-08,20,16
2020-03-08,21,3
2020-03-08,22,4
2020-03-08,23,15
2020-03-09,0,14
2020-03-09,1,8
2020-03-09,2,1
2020-03-09,3,0
2020-03-09,4,1
2020-03-09,5,8
2020-03-09,6,47
2020-03-09,7,131
2020-03-09,8,154
2020-03-09,9,137
2020-03-09,10,113
2020-03-09,11,91
2020-03-09,12,116
2020-03-09,13,113
2020-03-09,14,82
2020-03-09,15,55
2020-03-09,16,90
2020-03-09,17,93
2020-03-09,18,133
2020-03-09,19,119
2020-03-09,20,78
2020-03-09,21,65
2020-03-09,22,6
2020-03-09,23,10
2020-03-10,0,6
2020-03-10,1,7
2020-03-10,2,1
2020-03-10,3,16
2020-03-10,4,4
2020-03-10,5,3
2020-03-10,6,98
2020-03-10,7,164
2020-03-10,8,193
2020-03-10,9,180
2020-03-10,10,141
2020-03-10,11,113
2020-03-10,12,137
2020-03-10,13,122
2020-03-10,14,95
2020-03-10,15,95
2020-03-10,16,101
2020-03-10,17,98
2020-03-10,18,106
2020-03-10,19,33
2020-03-10,20,26
2020-03-10,21,19
2020-03-10,22,24
2020-03-10,23,26
2020-03-11,0,6
2020-03-11,1,0
2020-03-11,2,0
2020-03-11,3,0
2020-03-11,4,0
2020-03-11,5,1
2020-03-11,6,39
2020-03-11,7,141
2020-03-11,8,200
2020-03-11,9,199
2020-03-11,10,115
2020-03-11,11,128
2020-03-11,12,116
2020-03-11,13,119
2020-03-11,14,83
2020-03-11,15,93
2020-03-11,16,89
2020-03-11,17,103
2020-03-11,18,139
2020-03-11,19,86
2020-03-11,20,88
2020-03-11,21,51
2020-03-11,22,21
2020-03-11,23,5
2020-03-12,0,0
2020-03-12,1,5
2020-03-12,2,6
2020-03-12,3,4
2020-03-12,8,194
2020-03-12,9,160
2020-03-12,10,130
2020-03-12,11,98
2020-03-12,12,114
2020-03-12,13,118
2020-03-12,14,94
2020-03-12,15,88
2020-03-12,16,94
2020-03-12,17,126
2020-03-12,18,129
2020-03-12,19,42
2020-03-12,20,5
2020-03-12,21,3
2020-03-12,22,0
2020-03-12,23,11
2020-03-13,0,0
2020-03-13,1,0
2020-03-13,2,0
2020-03-13,3,0
2020-03-13,4,0
2020-03-13,5,0
2020-03-13,6,50
2020-03-13,7,164
2020-03-13,8,154
2020-03-13,9,136
2020-03-13,10,73
2020-03-13,11,103
2020-03-13,12,132
2020-03-13,13,100
2020-03-13,14,109
2020-03-13,15,95
2020-03-13,16,86
2020-03-13,17,110
2020-03-13,18,94
2020-03-13,19,8
2020-03-13,20,2
2020-03-13,21,2
2020-03-13,22,4
2020-03-13,23,0
2020-03-14,0,0
2020-03-14,1,0
2020-03-14,2,0
2020-03-14,3,0
2020-03-14,4,0
2020-03-14,5,0
2020-03-14,6,16
2020-03-14,7,34
2020-03-14,8,61
2020-03-14,9,81
2020-03-14,10,107
2020-03-14,11,82
2020-03-14,12,102
2020-03-14,13,120
2020-03-14,14,116
2020-03-14,15,109
2020-03-14,16,85
2020-03-14,17,110
2020-03-14,18,129
2020-03-14,19,107
2020-03-14,20,83
2020-03-14,21,18
2020-03-14,22,8
2020-03-14,23,1
2020-03-15,0,0
2020-03-15,1,0
2020-03-15,2,0
2020-03-15,3,0
2020-03-15,4,0
2020-03-15,5,0
2020-03-15,6,12
2020-03-15,7,21
2020-03-15,8,33
2020-03-15,9,47
2020-03-15,10,77
2020-03-15,11,85
2020-03-15,12,123
2020-03-15,13,139
2020-03-15,14,95
2020-03-15,15,107
2020-03-15,16,61
2020-03-15,17,57
2020-03-15,18,95
2020-03-15,19,70
2020-03-15,20,10
2020-03-15,21,6
2020-03-15,22,2
2020-03-15,23,0
2020-03-16,0,0
2020-03-16,1,0
2020-03-16,2,0
2020-03-16,3,1
2020-03-16,4,0
2020-03-16,5,1
2020-03-16,6,51
2020-03-16,7,121
2020-03-16,8,170
2020-03-16,9,119
2020-03-16,10,75
2020-03-16,11,87
2020-03-16,12,94
2020-03-16,13,102
2020-03-16,14,84
2020-03-16,15,73
2020-03-16,16,89
2020-03-16,17,94
2020-03-16,18,99
2020-03-16,19,112
2020-03-16,20,68
2020-03-16,21,12
2020-03-16,22,14
2020-03-16,23,21
2020-03-17,0,2
2020-03-17,1,0
2020-03-17,2,0
2020-03-17,3,0
2020-03-17,4,0
2020-03-17,5,0
2020-03-17,6,40
2020-03-17,7,115
2020-03-17,8,155
2020-03-17,9,127
2020-03-17,10,109
2020-03-17,11,99
2020-03-17,12,81
2020-03-17,13,71
2020-03-17,14,71
2020-03-17,15,71
2020-03-17,16,72
2020-03-17,17,92
2020-03-17,18,141
2020-03-17,19,72
2020-03-17,20,44
2020-03-17,21,17
2020-03-17,22,1
2020-03-17,23,0
2020-03-18,0,0
2020-03-18,1,0
2020-03-18,2,0
2020-03-18,3,0
2020-03-18,4,0
2020-03-18,5,1
2020-03-18,6,46
2020-03-18,7,137
2020-03-18,8,128
2020-03-18,9,142
2020-03-18,10,85
2020-03-18,11,70
2020-03-18,12,54
2020-03-18,13,88
2020-03-18,14,96
2020-03-18,15,85
2020-03-18,16,70
2020-03-18,17,76
2020-03-18,18,58
2020-03-18,19,8
2020-03-18,20,0
2020-03-18,21,0
2020-03-18,22,0
2020-03-18,23,0
2020-03-19,0,0
2020-03-19,1,0
2020-03-19,2,0
2020-03-19,3,0
2020-03-19,4,0
2020-03-19,5,0
2020-03-19,6,38
2020-03-19,7,110
2020-03-19,8,112
2020-03-19,9,92
2020-03-19,10,80
2020-03-19,11,83
2020-03-19,12,90
2020-03-19,13,106
2020-03-19,14,70
2020-03-19,15,71
2020-03-19,16,92
2020-03-19,17,62
2020-03-19,18,69
2020-03-19,19,11
2020-03-19,20,0
2020-03-19,21,0
2020-03-19,22,0
2020-03-19,23,0
2020-03-20,0,0
2020-03-20,1,0
2020-03-20,2,0
2020-03-20,3,0
2020-03-20,4,0
2020-03-20,5,4
2020-03-20,6,28
2020-03-20,7,103
2020-03-20,8,100
2020-03-20,9,62
2020-03-20,10,47
2020-03-20,11,94
2020-03-20,12,114
2020-03-20,13,86
2020-03-20,14,82
2020-03-20,15,106
2020-03-20,16,85
2020-03-20,17,65
2020-03-20,18,74
2020-03-20,19,11
2020-03-20,20,0
2020-03-20,21,0
2020-03-20,22,0
2020-03-20,23,0
2020-03-21,0,0
2020-03-21,1,0
2020-03-21,2,0
2020-03-21,3,0
2020-03-21,4,0
2020-03-21,5,0
2020-03-21,6,16
2020-03-21,7,32
2020-03-21,8,51
2020-03-21,9,49
2020-03-21,10,59
2020-03-21,11,59
2020-03-21,12,60
2020-03-21,13,61
2020-03-21,14,53
2020-03-21,15,60
2020-03-21,16,45
2020-03-21,17,32
2020-03-21,18,34
2020-03-21,19,2
2020-03-21,20,0
2020-03-21,21,0
2020-03-21,22,0
2020-03-21,23,1
2020-03-22,0,0
2020-03-22,1,0
2020-03-22,2,0
2020-03-22,3,0
2020-03-22,4,0
2020-03-22,5,0
2020-03-22,6,6
2020-03-22,7,10
2020-03-22,8,22
2020-03-22,9,22
2020-03-22,10,32
2020-03-22,11,50
2020-03-22,12,36
2020-03-22,13,46
2020-03-22,14,54
2020-03-22,15,56
2020-03-22,16,51
2020-03-22,17,34
2020-03-22,18,38
2020-03-22,19,2
2020-03-22,20,0
2020-03-22,21,0
2020-03-22,22,0
2020-03-22,23,0
2020-03-23,0,0
2020-03-23,1,0
2020-03-23,2,0
2020-03-23,3,0
2020-03-23,4,0
2020-03-23,5,0
2020-03-23,6,35
2020-03-23,7,101
2020-03-23,8,126
2020-03-23,9,89
2020-03-23,10,59
2020-03-23,11,49
2020-03-23,12,58
2020-03-23,13,65
2020-03-23,14,71
2020-03-23,15,55
2020-03-23,16,55
2020-03-23,17,69
2020-03-23,18,37
2020-03-23,19,8
2020-03-23,20,0
2020-03-23,21,0
2020-03-23,22,0
2020-03-23,23,0
2020-03-24,0,0
2020-03-24,1,0
2020-03-24,2,0
2020-03-24,3,0
2020-03-24,4,0
2020-03-24,5,0
2020-03-24,6,28
2020-03-24,7,77
2020-03-24,8,67
2020-03-24,9,54
2020-03-24,10,35
2020-03-24,11,43
2020-03-24,12,34
2020-03-24,13,38
2020-03-24,14,43
2020-03-24,15,28
2020-03-24,16,39
2020-03-24,17,28
2020-03-24,18,21
2020-03-24,19,12
2020-03-24,20,0
2020-03-24,21,0
2020-03-24,22,0
2020-03-24,23,0
2020-03-25,0,0
2020-03-25,1,0
2020-03-25,2,0
2020-03-25,3,0
2020-03-25,4,5
2020-03-25,5,7
2020-03-25,6,15
2020-03-25,7,77
2020-03-25,8,59
2020-03-25,9,31
2020-03-25,10,23
2020-03-25,11,32
2020-03-25,12,26
2020-03-25,13,22
2020-03-25,14,28
2020-03-25,15,24
2020-03-25,16,26
2020-03-25,17,29
2020-03-25,18,7
2020-03-25,19,3
2020-03-25,20,0
2020-03-25,21,0
2020-03-25,22,0
2020-03-25,23,4
2020-03-26,0,2
2020-03-26,1,0
2020-03-26,2,0
2020-03-26,3,0
2020-03-26,4,0
2020-03-26,5,5
2020-03-26,6,14
2020-03-26,7,42
2020-03-26,8,44
2020-03-26,9,50
2020-03-26,10,26
2020-03-26,11,24
2020-03-26,12,28
2020-03-26,13,20
2020-03-26,14,26
2020-03-26,15,31
2020-03-26,16,20
2020-03-26,17,22
2020-03-26,18,13
2020-03-26,19,5
2020-03-26,20,0
2020-03-26,21,0
2020-03-26,22,0
2020-03-26,23,0
2020-03-27,0,0
2020-03-27,1,0
2020-03-27,2,0
2020-03-27,3,0
2020-03-27,4,0
2020-03-27,5,0
2020-03-27,6,12
2020-03-27,7,35
2020-03-27,8,37
2020-03-27,9,35
2020-03-27,10,29
2020-03-27,11,29
2020-03-27,12,22
2020-03-27,13,20
2020-03-27,14,24
2020-03-27,15,31
2020-03-27,16,38
2020-03-27,17,17
2020-03-27,18,12
2020-03-27,19,4
2020-03-27,20,0
2020-03-27,21,0
2020-03-27,22,0
2020-03-27,23,0
2020-03-28,0,0
2020-03-28,1,0
2020-03-28,2,0
2020-03-28,3,0
2020-03-28,4,0
2020-03-28,5,0
2020-03-28,6,2
2020-03-28,7,12
2020-03-28,8,12
2020-03-28,9,9
2020-03-28,10,15
2020-03-28,11,9
2020-03-28,12,16
2020-03-28,13,23
2020-03-28,14,21
2020-03-28,15,17
2020-03-28,16,12
2020-03-28,17,18
2020-03-28,18,12
2020-03-28,19,1
2020-03-28,20,0
2020-03-28,21,0
2020-03-28,22,0
2020-03-28,23,0
2020-03-29,0,0
2020-03-29,1,0
2020-03-29,2,0
2020-03-29,3,0
2020-03-29,4,0
2020-03-29,5,0
2020-03-29,6,8
2020-03-29,7,6
2020-03-29,8,8
2020-03-29,9,10
2020-03-29,10,8
2020-03-29,11,11
2020-03-29,12,22
2020-03-29,13,29
2020-03-29,14,25
2020-03-29,15,18
2020-03-29,16,11
2020-03-29,17,13
2020-03-29,18,9
2020-03-29,19,1
2020-03-29,20,0
2020-03-29,21,0
2020-03-29,22,0
2020-03-29,23,0
2020-03-30,0,0
2020-03-30,1,0
2020-03-30,2,0
2020-03-30,3,0
2020-03-30,4,0
2020-03-30,5,9
2020-03-30,6,64
2020-03-30,7,35
2020-03-30,8,28
2020-03-30,9,19
2020-03-30,10,26
2020-03-30,11,45
2020-03-30,12,22
2020-03-30,13,22
2020-03-30,14,25
2020-03-30,15,54
2020-03-30,16,14
2020-03-30,17,10
2020-03-30,18,12
2020-03-30,19,6
2020-03-30,20,0
2020-03-30,21,0
2020-03-30,22,0
2020-03-30,23,0
2020-03-31,0,0
2020-03-31,1,0
2020-03-31,2,0
2020-03-31,3,0
2020-03-31,4,0
2020-03-31,5,3
2020-03-31,6,20
2020-03-31,7,34
2020-03-31,8,31
2020-03-31,9,17
2020-03-31,10,15
2020-03-31,11,24
2020-03-31,12,20
2020-03-31,13,36
2020-03-31,14,26
2020-03-31,15,36
2020-03-31,16,26
2020-03-31,17,16
2020-03-31,18,8
2020-03-31,19,2
2020-03-31,20,0
2020-03-31,21,0
2020-03-31,22,0
2020-03-31,23,0
2020-04-01,0,0
2020-04-01,1,0
2020-04-01,2,0
2020-04-01,3,0
2020-04-01,4,0
2020-04-01,5,9
2020-04-01,6,29
2020-04-01,7,29
2020-04-01,8,26
2020-04-01,9,34
2020-04-01,10,25
2020-04-01,11,20
2020-04-01,12,35
2020-04-01,13,37
2020-04-01,14,41
2020-04-01,15,34
2020-04-01,16,17
2020-04-01,17,22
2020-04-01,18,11
2020-04-01,19,2
2020-04-01,20,0
2020-04-01,21,0
2020-04-01,22,0
2020-04-01,23,0
2020-04-02,0,0
2020-04-02,1,0
2020-04-02,2,0
2020-04-02,3,0
2020-04-02,4,0
2020-04-02,5,10
2020-04-02,6,20
2020-04-02,7,50
2020-04-02,8,37
2020-04-02,9,18
2020-04-02,10,21
2020-04-02,11,26
2020-04-02,12,30
2020-04-02,13,27
2020-04-02,14,27
2020-04-02,15,29
2020-04-02,16,24
2020-04-02,17,11
2020-04-02,18,11
2020-04-02,19,8
2020-04-02,20,0
2020-04-02,21,0
2020-04-02,22,0
2020-04-02,23,0
2020-04-03,0,0
2020-04-03,1,0
2020-04-03,2,0
2020-04-03,3,0
2020-04-03,4,0
2020-04-03,5,4
2020-04-03,6,32
2020-04-03,7,34
2020-04-03,8,36
2020-04-03,9,19
2020-04-03,10,36
2020-04-03,11,23
2020-04-03,12,24
2020-04-03,13,40
2020-04-03,14,37
2020-04-03,15,18
2020-04-03,16,16
2020-04-03,17,12
2020-04-03,18,13
2020-04-03,19,9
2020-04-03,20,0
2020-04-03,21,15
2020-04-03,22,0
2020-04-03,23,0
2020-04-04,0,0
2020-04-04,1,0
2020-04-04,2,0
2020-04-04,3,0
2020-04-04,4,0
2020-04-04,5,8
2020-04-04,6,9
2020-04-04,7,24
2020-04-04,8,14
2020-04-04,9,14
2020-04-04,10,36
2020-04-04,11,18
2020-04-04,12,19
2020-04-04,13,26
2020-04-04,14,17
2020-04-04,15,9
2020-04-04,16,18
2020-04-04,17,13
2020-04-04,18,8
2020-04-04,19,5
2020-04-04,20,0
2020-04-04,21,0
2020-04-04,22,0
2020-04-04,23,0
2020-04-05,0,0
2020-04-05,1,0
2020-04-05,2,0
2020-04-05,3,0
2020-04-05,4,0
2020-04-05,5,4
2020-04-05,6,8
2020-04-05,7,6
2020-04-05,8,9
2020-04-05,9,44
2020-04-05,10,18
2020-04-05,11,20
2020-04-05,12,21
2020-04-05,13,21
2020-04-05,14,15
2020-04-05,15,6
2020-04-05,16,19
2020-04-05,17,10
2020-04-05,18,4
2020-04-05,19,2
2020-04-05,20,0
2020-04-05,21,0
2020-04-05,22,0
2020-04-05,23,0
2020-04-06,0,0
2020-04-06,1,0
2020-04-06,2,2
2020-04-06,3,3
2020-04-06,4,0
2020-04-06,5,7
2020-04-06,6,32
2020-04-06,7,45
2020-04-06,8,38
2020-04-06,9,40
2020-04-06,10,25
2020-04-06,11,23
2020-04-06,12,10
2020-04-06,13,40
2020-04-06,14,37
2020-04-06,15,20
2020-04-06,16,16
2020-04-06,17,20
2020-04-06,18,18
2020-04-06,19,19
2020-04-06,20,12
2020-04-06,21,0
2020-04-06,22,0
2020-04-06,23,0
2020-04-07,0,0
2020-04-07,1,0
2020-04-07,2,0
2020-04-07,3,0
2020-04-07,4,4
2020-04-07,5,13
2020-04-07,6,26
2020-04-07,7,38
2020-04-07,8,33
2020-04-07,9,16
2020-04-07,10,26
2020-04-07,11,30
2020-04-07,12,26
2020-04-07,13,20
2020-04-07,14,41
2020-04-07,15,21
2020-04-07,16,22
2020-04-07,17,20
2020-04-07,18,14
2020-04-07,19,9
2020-04-07,20,0
2020-04-07,21,0
2020-04-07,22,0
2020-04-07,23,0
2020-04-08,0,0
2020-04-08,1,0
2020-04-08,2,0
2020-04-08,3,0
2020-04-08,4,0
2020-04-08,5,5
2020-04-08,6,37
2020-04-08,7,35
2020-04-08,8,38
2020-04-08,9,28
2020-04-08,10,27
2020-04-08,11,39
2020-04-08,12,16
2020-04-08,13,30
2020-04-08,14,23
2020-04-08,15,31
2020-04-08,16,15
2020-04-08,17,19
2020-04-08,18,8
2020-04-08,19,8
2020-04-08,20,0
2020-04-08,21,0
2020-04-08,22,0
2020-04-08,23,0
2020-04-09,0,0
2020-04-09,1,0
2020-04-09,2,2
2020-04-09,3,1
2020-04-09,4,0
2020-04-09,5,11
2020-04-09,6,27
2020-04-09,7,33
2020-04-09,8,45
2020-04-09,9,50
2020-04-09,10,29
2020-04-09,11,31
2020-04-09,12,34
2020-04-09,13,24
2020-04-09,14,28
2020-04-09,15,26
2020-04-09,16,14
2020-04-09,17,18
2020-04-09,18,14
2020-04-09,19,9
2020-04-09,20,0
2020-04-09,21,25
2020-04-09,22,0
2020-04-09,23,0
2020-04-10,0,0
2020-04-10,1,0
2020-04-10,2,0
2020-04-10,3,0
2020-04-10,4,0
2020-04-10,5,6
2020-04-10,6,22
2020-04-10,7,21
2020-04-10,8,25
2020-04-10,9,15
2020-04-10,10,25
2020-04-10,11,28
2020-04-10,12,29
2020-04-10,13,35
2020-04-10,14,32
2020-04-10,15,25
2020-04-10,16,19
2020-04-10,17,20
2020-04-10,18,16
2020-04-10,19,8
2020-04-10,20,3
2020-04-10,21,0
2020-04-10,22,0
2020-04-10,23,0
2020-04-11,0,1
2020-04-11,1,0
2020-04-11,2,0
2020-04-11,3,0
2020-04-11,4,0
2020-04-11,5,6
2020-04-11,6,18
2020-04-11,7,12
2020-04-11,8,17
2020-04-11,9,12
2020-04-11,10,13
2020-04-11,11,26
2020-04-11,12,29
2020-04-11,13,30
2020-04-11,14,22
2020-04-11,15,16
2020-04-11,16,17
2020-04-11,17,17
2020-04-11,18,19
2020-04-11,19,3
2020-04-11,20,0
2020-04-11,21,0
2020-04-11,22,0
2020-04-11,23,0
2020-04-12,0,0
2020-04-12,1,0
2020-04-12,2,0
2020-04-12,3,0
2020-04-12,4,0
2020-04-12,5,3
2020-04-12,6,8
2020-04-12,7,7
2020-04-12,8,10
2020-04-12,9,14
2020-04-12,10,11
2020-04-12,11,25
2020-04-12,12,14
2020-04-12,13,26
2020-04-12,14,15
2020-04-12,15,15
2020-04-12,16,13
2020-04-12,17,11
2020-04-12,18,14
2020-04-12,19,9
2020-04-12,20,0
2020-04-12,21,0
2020-04-12,22,0
2020-04-12,23,0
2020-04-13,0,0
2020-04-13,1,0
2020-04-13,2,0
2020-04-13,3,0
2020-04-13,4,0
2020-04-13,5,2
2020-04-13,6,17
2020-04-13,7,7
2020-04-13,8,19
2020-04-13,9,22
2020-04-13,10,21
2020-04-13,11,26
2020-04-13,12,25
2020-04-13,13,25
2020-04-13,14,24
2020-04-13,15,21
2020-04-13,16,16
2020-04-13,17,11
2020-04-13,18,17
2020-04-13,19,11
2020-04-13,20,0
2020-04-13,21,0
2020-04-13,22,0
2020-04-13,23,0
2020-04-14,0,0
2020-04-14,1,0
2020-04-14,2,0
2020-04-14,3,0
2020-04-14,4,0
2020-04-14,5,5
2020-04-14,6,19
2020-04-14,7,19
2020-04-14,8,37
2020-04-14,9,24
2020-04-14,10,58
2020-04-14,11,32
2020-04-14,12,52
2020-04-14,13,41
2020-04-14,14,43
2020-04-14,15,32
2020-04-14,16,19
2020-04-14,17,16
2020-04-14,18,8
2020-04-14,19,19
2020-04-14,20,12
2020-04-14,21,0
2020-04-14,22,0
2020-04-14,23,0
2020-04-15,0,0
2020-04-15,1,0
2020-04-15,2,0
2020-04-15,3,0
2020-04-15,4,0
2020-04-15,5,8
2020-04-15,6,32
2020-04-15,7,36
2020-04-15,8,41
2020-04-15,9,25
2020-04-15,10,41
2020-04-15,11,32
2020-04-15,12,24
2020-04-15,13,23
2020-04-15,14,30
2020-04-15,15,42
2020-04-15,16,16
2020-04-15,17,18
2020-04-15,18,17
2020-04-15,19,12
2020-04-15,20,1
2020-04-15,21,0
2020-04-15,22,0
2020-04-15,23,0
2020-04-16,0,0
2020-04-16,1,0
2020-04-16,2,0
2020-04-16,3,0
2020-04-16,4,0
2020-04-16,5,9
2020-04-16,6,36
2020-04-16,7,37
2020-04-16,8,23
2020-04-16,9,36
2020-04-16,10,39
2020-04-16,11,28
2020-04-16,12,43
2020-04-16,13,43
2020-04-16,14,32
2020-04-16,15,45
2020-04-16,16,27
2020-04-16,17,29
2020-04-16,18,14
2020-04-16,19,8
2020-04-16,20,12
2020-04-16,21,8
2020-04-16,22,0
2020-04-16,23,0
2020-04-17,0,0
2020-04-17,1,0
2020-04-17,2,0
2020-04-17,3,0
2020-04-17,4,0
2020-04-17,5,7
2020-04-17,6,20
2020-04-17,7,22
2020-04-17,8,41
2020-04-17,9,40
2020-04-17,10,47
2020-04-17,11,41
2020-04-17,12,43
2020-04-17,13,28
2020-04-17,14,41
2020-04-17,15,35
2020-04-17,16,21
2020-04-17,17,24
2020-04-17,18,16
2020-04-17,19,10
2020-04-17,20,7
2020-04-17,21,16
2020-04-17,22,0
2020-04-17,23,0
2020-04-18,0,0
2020-04-18,1,0
2020-04-18,2,0
2020-04-18,3,0
2020-04-18,4,0
2020-04-18,5,3
2020-04-18,6,9
2020-04-18,7,7
2020-04-18,8,19
2020-04-18,9,13
2020-04-18,10,21
2020-04-18,11,24
2020-04-18,12,45
2020-04-18,13,52
2020-04-18,14,58
2020-04-18,15,28
2020-04-18,16,19
2020-04-18,17,11
2020-04-18,18,13
2020-04-18,19,9
2020-04-18,20,4
2020-04-18,21,0
2020-04-18,22,0
2020-04-18,23,0
2020-04-19,0,0
2020-04-19,1,0
2020-04-19,2,0
2020-04-19,3,0
2020-04-19,4,0
2020-04-19,5,2
2020-04-19,6,2
2020-04-19,7,8
2020-04-19,8,3
2020-04-19,9,19
2020-04-19,10,19
2020-04-19,11,22
2020-04-19,12,25
2020-04-19,13,27
2020-04-19,14,29
2020-04-19,15,20
2020-04-19,16,16
2020-04-19,17,46
2020-04-19,18,16
2020-04-19,19,9
2020-04-19,20,4
2020-04-19,21,0
2020-04-19,22,0
2020-04-19,23,0
2020-04-20,0,0
2020-04-20,1,0
2020-04-20,2,0
2020-04-20,3,0
2020-04-20,4,1
2020-04-20,5,8
2020-04-20,6,27
2020-04-20,7,34
2020-04-20,8,32
2020-04-20,9,31
2020-04-20,10,27
2020-04-20,11,42
2020-04-20,12,40
2020-04-20,13,39
2020-04-20,14,34
2020-04-20,15,28
2020-04-20,16,17
2020-04-20,17,13
2020-04-20,18,20
2020-04-20,19,10
2020-04-20,20,5
2020-04-20,21,0
2020-04-20,22,0
2020-04-20,23,0
2020-04-21,0,0
2020-04-21,1,0
2020-04-21,2,0
2020-04-21,3,0
2020-04-21,4,3
2020-04-21,5,7
2020-04-21,6,21
2020-04-21,7,34
2020-04-21,8,37
2020-04-21,9,44
2020-04-21,10,43
2020-04-21,11,39
2020-04-21,12,31
2020-04-21,13,39
2020-04-21,14,41
2020-04-21,15,31
2020-04-21,16,29
2020-04-21,17,12
2020-04-21,18,20
2020-04-21,19,16
2020-04-21,20,1
2020-04-21,21,0
2020-04-21,22,0
2020-04-21,23,0
2020-04-22,0,0
2020-04-22,1,0
2020-04-22,2,0
2020-04-22,3,0
2020-04-22,4,2
2020-04-22,5,12
2020-04-22,6,20
2020-04-22,7,33
2020-04-22,8,39
2020-04-22,9,25
2020-04-22,10,38
2020-04-22,11,39
2020-04-22,12,32
2020-04-22,13,56
2020-04-22,14,36
2020-04-22,15,50
2020-04-22,16,38
2020-04-22,17,23
2020-04-22,18,22
2020-04-22,19,18
2020-04-22,20,4
2020-04-22,21,0
2020-04-22,22,0
2020-04-22,23,0
2020-04-23,0,0
2020-04-23,1,0
2020-04-23,2,0
2020-04-23,3,0
2020-04-23,4,4
2020-04-23,5,6
2020-04-23,6,22
2020-04-23,7,33
2020-04-23,8,37
2020-04-23,9,41
2020-04-23,10,33
2020-04-23,11,47
2020-04-23,12,40
2020-04-23,13,56
2020-04-23,14,33
2020-04-23,15,26
2020-04-23,16,28
2020-04-23,17,21
2020-04-23,18,14
2020-04-23,19,6
2020-04-23,20,1
2020-04-23,21,0
2020-04-23,22,0
2020-04-23,23,0
2020-04-24,0,0
2020-04-24,1,0
2020-04-24,2,0
2020-04-24,3,0
2020-04-24,4,5
2020-04-24,5,12
2020-04-24,6,21
2020-04-24,7,49
2020-04-24,8,40
2020-04-24,9,26
2020-04-24,10,34
2020-04-24,11,33
2020-04-24,12,36
2020-04-24,13,46
2020-04-24,14,38
2020-04-24,15,31
2020-04-24,16,21
2020-04-24,17,24
2020-04-24,18,24
2020-04-24,19,13
2020-04-24,20,3
2020-04-24,21,0
2020-04-24,22,0
2020-04-24,23,0
2020-04-25,0,0
2020-04-25,1,0
2020-04-25,2,0
2020-04-25,3,0
2020-04-25,4,0
2020-04-25,5,8
2020-04-25,6,30
2020-04-25,7,53
2020-04-25,8,52
2020-04-25,9,62
2020-04-25,10,62
2020-04-25,11,76
2020-04-25,12,62
2020-04-25,13,80
2020-04-25,14,18
2020-04-25,15,0
2020-04-25,16,0
2020-04-25,17,0
2020-04-25,18,0
2020-04-25,19,0
2020-04-25,20,0
2020-04-25,21,0
2020-04-25,22,0
2020-04-25,23,0
2020-04-26,0,0
2020-04-26,1,0
2020-04-26,2,0
2020-04-26,3,2
2020-04-26,4,0
2020-04-26,5,0
2020-04-26,6,0
2020-04-26,7,3
2020-04-26,8,0
2020-04-26,9,0
2020-04-26,10,0
2020-04-26,11,0
2020-04-26,12,0
2020-04-26,13,2
2020-04-26,14,0
2020-04-26,15,0
2020-04-26,16,67
2020-04-26,17,57
2020-04-26,18,48
2020-04-26,19,28
2020-04-26,20,13
2020-04-26,21,0
2020-04-26,22,0
2020-04-26,23,0
2020-04-27,0,0
2020-04-27,1,0
2020-04-27,2,0
2020-04-27,3,0
2020-04-27,4,2
2020-04-27,5,2
2020-04-27,6,2
2020-04-27,7,0
2020-04-27,8,2
2020-04-27,9,0
2020-04-27,10,0
2020-04-27,11,0
2020-04-27,12,2
2020-04-27,13,2
2020-04-27,14,0
2020-04-27,15,26
2020-04-27,16,49
2020-04-27,17,48
2020-04-27,18,44
2020-04-27,19,26
2020-04-27,20,8
2020-04-27,21,0
2020-04-27,22,0
2020-04-27,23,0
2020-04-28,0,0
2020-04-28,1,0
2020-04-28,2,0
2020-04-28,3,0
2020-04-28,4,4
2020-04-28,5,21
2020-04-28,6,76
2020-04-28,7,85
2020-04-28,8,22
2020-04-28,9,0
2020-04-28,10,0
2020-04-28,11,0
2020-04-28,12,1
2020-04-28,13,2
2020-04-28,14,0
2020-04-28,15,4
2020-04-28,16,2
2020-04-28,17,0
2020-04-28,18,3
2020-04-28,19,2
2020-04-28,20,4
2020-04-28,21,12
2020-04-28,22,0
2020-04-28,23,2
2020-04-29,0,2
2020-04-29,1,2
2020-04-29,2,0
2020-04-29,3,0
2020-04-29,4,2
2020-04-29,5,16
2020-04-29,6,38
2020-04-29,7,32
2020-04-29,8,36
2020-04-29,9,34
2020-04-29,10,34
2020-04-29,11,34
2020-04-29,12,36
2020-04-29,13,45
2020-04-29,14,26
2020-04-29,15,37
2020-04-29,16,37
2020-04-29,17,28
2020-04-29,18,24
2020-04-29,19,24
2020-04-29,20,6
2020-04-29,21,2
2020-04-29,22,0
2020-04-29,23,1
2020-04-30,0,0
2020-04-30,1,0
2020-04-30,2,0
2020-04-30,3,0
2020-04-30,4,6
2020-04-30,5,11
2020-04-30,6,38
2020-04-30,7,44
2020-04-30,8,55
2020-04-30,9,32
2020-04-30,10,43
2020-04-30,11,37
2020-04-30,12,43
2020-04-30,13,34
2020-04-30,14,26
2020-04-30,15,30
2020-04-30,16,42
2020-04-30,17,15
2020-04-30,18,16
2020-04-30,19,9
2020-04-30,20,6
2020-04-30,21,0
2020-04-30,22,0
2020-04-30,23,0
2020-05-01,0,0
2020-05-01,1,0
2020-05-01,2,0
2020-05-01,3,0
2020-05-01,4,4
2020-05-01,5,8
2020-05-01,6,26
2020-05-01,7,36
2020-05-01,8,36
2020-05-01,9,32
2020-05-01,10,30
2020-05-01,11,50
2020-05-01,12,46
2020-05-01,13,32
2020-05-01,14,35
2020-05-01,15,34
2020-05-01,16,29
2020-05-01,17,31
2020-05-01,18,13
2020-05-01,19,12
2020-05-01,20,16
2020-05-01,21,0
2020-05-01,22,0
2020-05-01,23,0
2020-05-02,0,0
2020-05-02,1,0
2020-05-02,2,0
2020-05-02,3,0
2020-05-02,4,0
2020-05-02,5,5
2020-05-02,6,8
2020-05-02,7,13
2020-05-02,8,20
2020-05-02,9,12
2020-05-02,10,16
2020-05-02,11,29
2020-05-02,12,42
2020-05-02,13,46
2020-05-02,14,45
2020-05-02,15,29
2020-05-02,16,38
2020-05-02,17,20
2020-05-02,18,11
2020-05-02,19,18
2020-05-02,20,8
2020-05-02,21,0
2020-05-02,22,0
2020-05-02,23,0
2020-05-03,0,0
2020-05-03,1,0
2020-05-03,2,0
2020-05-03,3,0
2020-05-03,4,0
2020-05-03,5,5
2020-05-03,6,3
2020-05-03,7,5
2020-05-03,8,11
2020-05-03,9,10
2020-05-03,10,18
2020-05-03,11,26
2020-05-03,12,44
2020-05-03,13,44
2020-05-03,14,43
2020-05-03,15,22
2020-05-03,16,23
2020-05-03,17,10
2020-05-03,18,15
2020-05-03,19,6
2020-05-03,20,6
2020-05-03,21,0
2020-05-03,22,0
2020-05-03,23,0
2020-05-04,0,0
2020-05-04,1,0
2020-05-04,2,0
2020-05-04,3,0
2020-05-04,4,1
2020-05-04,5,6
2020-05-04,6,25
2020-05-04,7,32
2020-05-04,8,47
2020-05-04,9,27
2020-05-04,10,39
2020-05-04,11,43
2020-05-04,12,49
2020-05-04,13,32
2020-05-04,14,38
2020-05-04,15,43
2020-05-04,16,33
2020-05-04,17,19
2020-05-04,18,17
2020-05-04,19,23
2020-05-04,20,11
2020-05-04,21,0
2020-05-04,22,0
2020-05-04,23,0
2020-05-05,0,0
2020-05-05,1,0
2020-05-05,9,27
2020-05-05,10,45
2020-05-05,11,29
2020-05-05,12,49
2020-05-05,13,41
2020-05-05,14,37
2020-05-05,15,54
2020-05-05,16,33
2020-05-05,17,22
2020-05-05,18,24
2020-05-05,19,12
2020-05-05,20,12
2020-05-05,21,0
2020-05-05,22,0
2020-05-05,23,0
2020-05-06,0,0
2020-05-06,1,0
2020-05-06,2,0
2020-05-06,3,0
2020-05-06,4,8
2020-05-06,5,10
2020-05-06,6,38
2020-05-06,7,32
2020-05-06,8,35
2020-05-06,9,38
2020-05-06,10,32
2020-05-06,11,52
2020-05-06,12,41
2020-05-06,13,48
2020-05-06,14,36
2020-05-06,15,49
2020-05-06,16,29
2020-05-06,17,14
2020-05-06,18,11
2020-05-06,19,18
2020-05-06,20,13
2020-05-06,21,4
2020-05-06,22,0
2020-05-06,23,0
2020-05-07,0,0
2020-05-07,1,0
2020-05-07,2,0
2020-05-07,3,0
2020-05-07,4,4
2020-05-07,5,9
2020-05-07,6,26
2020-05-07,7,39
2020-05-07,8,34
2020-05-07,9,32
2020-05-07,10,30
2020-05-07,11,42
2020-05-07,12,43
2020-05-07,13,48
2020-05-07,14,35
2020-05-07,15,33
2020-05-07,16,27
2020-05-07,17,23
2020-05-07,18,22
2020-05-07,19,15
2020-05-07,20,13
2020-05-07,21,0
2020-05-07,22,0
2020-05-07,23,0
2020-05-08,0,0
2020-05-08,1,0
2020-05-08,2,0
2020-05-08,3,0
2020-05-08,4,3
2020-05-08,5,5
2020-05-08,6,14
2020-05-08,7,37
2020-05-08,8,22
2020-05-08,9,29
2020-05-08,10,49
2020-05-08,11,43
2020-05-08,12,37
2020-05-08,13,39
2020-05-08,14,41
2020-05-08,15,42
2020-05-08,16,40
2020-05-08,17,24
2020-05-08,18,18
2020-05-08,19,13
2020-05-08,20,14
2020-05-08,21,0
2020-05-08,22,0
2020-05-08,23,0
2020-05-09,0,0
2020-05-09,1,0
2020-05-09,2,0
2020-05-09,3,0
2020-05-09,4,3
2020-05-09,5,1
2020-05-09,6,12
2020-05-09,7,18
2020-05-09,8,15
2020-05-09,9,14
2020-05-09,10,36
2020-05-09,11,38
2020-05-09,12,43
2020-05-09,13,32
2020-05-09,14,35
2020-05-09,15,32
2020-05-09,16,20
2020-05-09,17,19
2020-05-09,18,20
2020-05-09,19,14
2020-05-09,20,14
2020-05-09,21,0
2020-05-09,22,0
2020-05-09,23,9
2020-05-10,0,0
2020-05-10,1,1
2020-05-10,2,0
2020-05-10,3,0
2020-05-10,4,1
2020-05-10,5,4
2020-05-10,6,2
2020-05-10,7,12
2020-05-10,8,14
2020-05-10,9,16
2020-05-10,10,22
2020-05-10,11,29
2020-05-10,12,19
2020-05-10,13,37
2020-05-10,14,47
2020-05-10,15,29
2020-05-10,16,29
2020-05-10,17,18
2020-05-10,18,17
2020-05-10,19,11
2020-05-10,20,15
2020-05-10,21,2
2020-05-10,22,0
2020-05-10,23,0
2020-05-11,0,0
2020-05-11,1,0
2020-05-11,2,0
2020-05-11,3,0
2020-05-11,4,1
2020-05-11,5,11
2020-05-11,6,24
2020-05-11,7,46
2020-05-11,8,53
2020-05-11,9,34
2020-05-11,10,52
2020-05-11,11,55
2020-05-11,12,55
2020-05-11,13,49
2020-05-11,14,32
2020-05-11,15,37
2020-05-11,16,42
2020-05-11,17,23
2020-05-11,18,12
2020-05-11,19,11
2020-05-11,20,10
2020-05-11,21,0
2020-05-11,22,0
2020-05-11,23,0
2020-05-12,0,0
2020-05-12,1,0
2020-05-12,2,0
2020-05-12,3,0
2020-05-12,4,1
2020-05-12,5,8
2020-05-12,6,27
2020-05-12,7,42
2020-05-12,8,42
2020-05-12,9,39
2020-05-12,10,40
2020-05-12,11,54
2020-05-12,12,52
2020-05-12,13,56
2020-05-12,14,42
2020-05-12,15,38
2020-05-12,16,22
2020-05-12,17,27
2020-05-12,18,26
2020-05-12,19,14
2020-05-12,20,24
2020-05-12,21,11
2020-05-12,22,5
2020-05-12,23,0
2020-05-13,0,0
2020-05-13,1,0
2020-05-13,2,0
2020-05-13,3,0
2020-05-13,4,5
2020-05-13,5,14
2020-05-13,6,36
2020-05-13,7,49
2020-05-13,8,57
2020-05-13,9,42
2020-05-13,10,28
2020-05-13,11,38
2020-05-13,12,44
2020-05-13,13,51
2020-05-13,14,46
2020-05-13,15,38
2020-05-13,16,47
2020-05-13,17,32
2020-05-13,18,23
2020-05-13,19,15
2020-05-13,20,36
2020-05-13,21,41
2020-05-13,22,0
2020-05-13,23,0
2020-05-14,0,0
2020-05-14,1,0
2020-05-14,2,0
2020-05-14,3,0
2020-05-14,4,2
2020-05-14,5,17
2020-05-14,6,17
2020-05-14,7,47
2020-05-14,8,35
2020-05-14,9,39
2020-05-14,10,52
2020-05-14,11,52
2020-05-14,12,49
2020-05-14,13,43
2020-05-14,14,41
2020-05-14,15,45
2020-05-14,16,31
2020-05-14,17,21
2020-05-14,18,21
2020-05-14,19,22
2020-05-14,20,4
2020-05-14,21,0
2020-05-14,22,0
2020-05-14,23,0
2020-05-15,0,0
2020-05-15,1,0
2020-05-15,2,0
2020-05-15,3,1
2020-05-15,4,1
2020-05-15,5,16
2020-05-15,6,34
2020-05-15,7,44
2020-05-15,8,35
2020-05-15,9,42
2020-05-15,10,45
2020-05-15,11,64
2020-05-15,12,40
2020-05-15,13,39
2020-05-15,14,53
2020-05-15,15,38
2020-05-15,16,47
2020-05-15,17,39
2020-05-15,18,19
2020-05-15,19,9
2020-05-15,20,13
2020-05-15,21,0
2020-05-15,22,0
2020-05-15,23,0
2020-05-16,0,0
2020-05-16,1,0
2020-05-16,2,0
2020-05-16,3,0
2020-05-16,4,1
2020-05-16,5,4
2020-05-16,6,7
2020-05-16,7,9
2020-05-16,8,21
2020-05-16,9,29
2020-05-16,10,27
2020-05-16,11,37
2020-05-16,12,48
2020-05-16,13,45
2020-05-16,14,35
2020-05-16,15,21
2020-05-16,16,24
2020-05-16,17,25
2020-05-16,18,19
2020-05-16,19,16
2020-05-16,20,6
2020-05-16,21,4
2020-05-16,22,0
2020-05-16,23,0
2020-05-17,0,0
2020-05-17,1,0
2020-05-17,2,0
2020-05-17,3,0
2020-05-17,4,0
2020-05-17,5,4
2020-05-17,6,4
2020-05-17,7,4
2020-05-17,8,12
2020-05-17,9,12
2020-05-17,10,31
2020-05-17,11,21
2020-05-17,12,15
2020-05-17,13,17
2020-05-17,14,25
2020-05-17,15,23
2020-05-17,16,25
2020-05-17,17,32
2020-05-17,18,12
2020-05-17,19,13
2020-05-17,20,12
2020-05-17,21,8
2020-05-17,22,8
2020-05-17,23,0
2020-05-18,0,3
2020-05-18,1,0
2020-05-18,2,0
2020-05-18,3,1
2020-05-18,4,1
2020-05-18,5,24
2020-05-18,6,33
2020-05-18,7,40
2020-05-18,8,59
2020-05-18,9,47
2020-05-18,10,55
2020-05-18,11,30
2020-05-18,12,34
2020-05-18,13,38
2020-05-18,14,38
2020-05-18,15,48
2020-05-18,16,40
2020-05-18,17,30
2020-05-18,18,34
2020-05-18,19,21
2020-05-18,20,16
2020-05-18,21,0
2020-05-18,22,3
2020-05-18,23,8
2020-05-19,0,4
2020-05-19,1,0
2020-05-19,2,2
2020-05-19,3,3
2020-05-19,4,13
2020-05-19,5,16
2020-05-19,6,39
2020-05-19,7,58
2020-05-19,8,52
2020-05-19,9,18
2020-05-19,10,37
2020-05-19,11,53
2020-05-19,12,51
2020-05-19,13,49
2020-05-19,14,37
2020-05-19,15,52
2020-05-19,16,34
2020-05-19,17,36
2020-05-19,18,24
2020-05-19,19,13
2020-05-19,20,15
2020-05-19,21,2
2020-05-19,22,0
2020-05-19,23,0
2020-05-20,0,0
2020-05-20,1,0
2020-05-20,2,0
2020-05-20,3,0
2020-05-20,4,8
2020-05-20,5,18
2020-05-20,6,35
2020-05-20,7,48
2020-05-20,8,47
2020-05-20,9,28
2020-05-20,10,46
2020-05-20,11,51
2020-05-20,12,58
2020-05-20,13,52
2020-05-20,14,54
2020-05-20,15,32
2020-05-20,16,40
2020-05-20,17,26
2020-05-20,18,25
2020-05-20,19,17
2020-05-20,20,14
2020-05-20,21,1
2020-05-20,22,0
2020-05-20,23,0
2020-05-21,0,0
2020-05-21,1,0
2020-05-21,2,0
2020-05-21,3,1
2020-05-21,4,2
2020-05-21,5,16
2020-05-21,6,46
2020-05-21,7,47
2020-05-21,8,45
2020-05-21,9,44
2020-05-21,11,63
2020-05-21,12,50
2020-05-21,13,50
2020-05-21,14,56
2020-05-21,15,49
2020-05-21,16,36
2020-05-21,17,27
2020-05-21,18,20
2020-05-21,19,19
2020-05-21,20,17
2020-05-21,21,3
2020-05-21,22,0
2020-05-21,23,0
2020-05-22,0,0
2020-05-22,1,0
2020-05-22,2,2
2020-05-22,3,3
2020-05-22,4,4
2020-05-22,5,9
2020-05-22,6,32
2020-05-22,7,45
2020-05-22,8,37
2020-05-22,9,36
2020-05-22,10,45
2020-05-22,11,57
2020-05-22,12,60
2020-05-22,13,45
2020-05-22,14,59
2020-05-22,15,47
2020-05-22,16,42
2020-05-22,17,39
2020-05-22,18,17
2020-05-22,19,19
2020-05-22,20,13
2020-05-22,21,4
2020-05-22,22,0
2020-05-22,23,0
2020-05-23,0,0
2020-05-23,1,0
2020-05-23,2,0
2020-05-23,3,0
2020-05-23,4,6
2020-05-23,5,16
2020-05-23,6,4
2020-05-23,7,11
2020-05-23,8,8
2020-05-23,9,8
2020-05-23,10,27
2020-05-23,11,45
2020-05-23,12,48
2020-05-23,13,41
2020-05-23,14,34
2020-05-23,15,43
2020-05-23,16,31
2020-05-23,17,24
2020-05-23,18,26
2020-05-23,19,17
2020-05-23,20,7
2020-05-23,21,4
2020-05-23,22,0
2020-05-23,23,0
2020-05-24,0,0
2020-05-24,1,0
2020-05-24,2,0
2020-05-24,3,1
2020-05-24,4,1
2020-05-24,5,12
2020-05-24,6,3
2020-05-24,7,18
2020-05-24,8,8
2020-05-24,9,11
2020-05-24,10,13
2020-05-24,11,34
2020-05-24,12,35
2020-05-24,13,34
2020-05-24,14,53
2020-05-24,15,30
2020-05-24,16,31
2020-05-24,17,10
2020-05-24,18,29
2020-05-24,19,11
2020-05-24,20,20
2020-05-24,21,4
2020-05-24,22,0
2020-05-24,23,0
2020-05-25,0,0
2020-05-25,1,0
2020-05-25,2,0
2020-05-25,3,0
2020-05-25,4,0
2020-05-25,5,24
2020-05-25,6,49
2020-05-25,7,19
2020-05-25,8,25
2020-05-25,9,39
2020-05-25,10,44
2020-05-25,11,54
2020-05-25,12,44
2020-05-25,13,40
2020-05-25,14,32
2020-05-25,15,35
2020-05-25,16,37
2020-05-25,17,35
2020-05-25,18,19
2020-05-25,19,18
2020-05-25,20,10
2020-05-25,21,5
2020-05-25,22,0
2020-05-25,23,0
2020-05-26,0,0
2020-05-26,1,0
2020-05-26,2,0
2020-05-26,3,0
2020-05-26,4,2
2020-05-26,5,5
2020-05-26,6,29
2020-05-26,7,60
2020-05-26,8,46
2020-05-26,9,56
2020-05-26,10,47
2020-05-26,11,62
2020-05-26,12,67
2020-05-26,13,49
2020-05-26,14,55
2020-05-26,15,51
2020-05-26,16,34
2020-05-26,17,32
2020-05-26,18,18
2020-05-26,19,16
2020-05-26,20,18
2020-05-26,21,10
2020-05-26,22,0
2020-05-26,23,0
2020-05-27,0,0
2020-05-27,1,0
2020-05-27,2,0
2020-05-27,3,1
2020-05-27,4,0
2020-05-27,5,10
2020-05-27,6,33
2020-05-27,7,60
2020-05-27,8,47
2020-05-27,9,52
2020-05-27,10,39
2020-05-27,11,63
2020-05-27,12,72
2020-05-27,13,50
2020-05-27,14,52
2020-05-27,15,46
2020-05-27,16,36
2020-05-27,17,34
2020-05-27,18,20
2020-05-27,19,27
2020-05-27,20,9
2020-05-27,21,5
2020-05-27,22,0
2020-05-27,23,0
2020-05-28,0,0
2020-05-28,1,0
2020-05-28,2,0
2020-05-28,3,1
2020-05-28,4,0
2020-05-28,5,12
2020-05-28,6,26
2020-05-28,7,46
2020-05-28,8,56
2020-05-28,9,54
2020-05-28,10,51
2020-05-28,11,47
2020-05-28,12,56
2020-05-28,13,69
2020-05-28,14,44
2020-05-28,15,59
2020-05-28,16,51
2020-05-28,17,30
2020-05-28,18,38
2020-05-28,19,27
2020-05-28,20,15
2020-05-28,21,7
2020-05-28,22,0
2020-05-28,23,0
2020-05-29,0,0
2020-05-29,1,0
2020-05-29,2,0
2020-05-29,3,1
2020-05-29,4,0
2020-05-29,5,16
2020-05-29,6,34
2020-05-29,7,56
2020-05-29,8,60
2020-05-29,9,58
2020-05-29,10,45
2020-05-29,11,74
2020-05-29,12,81
2020-05-29,13,67
2020-05-29,14,71
2020-05-29,15,79
2020-05-29,16,50
2020-05-29,17,37
2020-05-29,18,29
2020-05-29,19,21
2020-05-29,20,25
2020-05-29,21,12
2020-05-29,22,0
2020-05-29,23,0
2020-05-30,0,0
2020-05-30,1,0
2020-05-30,2,0
2020-05-30,3,0
2020-05-30,4,4
2020-05-30,5,7
2020-05-30,6,11
2020-05-30,7,19
2020-05-30,8,24
2020-05-30,9,36
2020-05-30,10,45
2020-05-30,11,57
2020-05-30,12,55
2020-05-30,13,38
2020-05-30,14,44
2020-05-30,15,40
2020-05-30,16,30
2020-05-30,17,48
2020-05-30,18,27
2020-05-30,19,27
2020-05-30,20,22
2020-05-30,21,14
2020-05-30,22,1
2020-05-30,23,0
2020-05-31,0,0
2020-05-31,1,0
2020-05-31,2,0
2020-05-31,3,0
2020-05-31,4,3
2020-05-31,5,7
2020-05-31,6,6
2020-05-31,7,16
2020-05-31,8,25
2020-05-31,9,24
2020-05-31,10,30
2020-05-31,11,56
2020-05-31,12,60
2020-05-31,13,51
2020-05-31,14,45
2020-05-31,15,37
2020-05-31,16,35
2020-05-31,17,34
2020-05-31,18,34
2020-05-31,19,30
2020-05-31,20,18
2020-05-31,21,13
2020-05-31,22,0
2020-05-31,23,0
2020-06-01,0,0
2020-06-01,1,0
2020-06-01,2,0
2020-06-01,3,1
2020-06-01,4,3
2020-06-01,5,16
2020-06-01,6,40
2020-06-01,7,64
2020-06-01,8,60
2020-06-01,9,63
2020-06-01,10,49
2020-06-01,11,62
2020-06-01,12,56
2020-06-01,13,58
2020-06-01,14,55
2020-06-01,15,54
2020-06-01,16,69
2020-06-01,17,35
2020-06-01,18,28
2020-06-01,19,23
2020-06-01,20,15
2020-06-01,21,4
2020-06-01,22,0
2020-06-01,23,0
2020-06-02,0,0
2020-06-02,1,0
2020-06-02,2,0
2020-06-02,3,2
2020-06-02,4,3
2020-06-02,5,15
2020-06-02,6,41
2020-06-02,7,62
2020-06-02,8,41
2020-06-02,9,65
2020-06-02,10,43
2020-06-02,11,57
2020-06-02,12,58
2020-06-02,13,32
2020-06-02,14,58
2020-06-02,15,48
2020-06-02,16,41
2020-06-02,17,33
2020-06-02,18,26
2020-06-02,19,16
2020-06-02,20,5
2020-06-02,21,11
2020-06-02,22,8
2020-06-02,23,6
2020-06-03,0,9
2020-06-03,1,2
2020-06-03,2,0
2020-06-03,3,1
2020-06-03,4,5
2020-06-03,5,18
2020-06-03,6,43
2020-06-03,7,62
2020-06-03,8,66
2020-06-03,9,42
2020-06-03,10,43
2020-06-03,11,54
2020-06-03,12,72
2020-06-03,13,68
2020-06-03,14,50
2020-06-03,15,50
2020-06-03,16,38
2020-06-03,17,33
2020-06-03,18,26
2020-06-03,19,16
2020-06-03,20,8
2020-06-03,21,3
2020-06-03,22,0
2020-06-03,23,0
2020-06-04,0,0
2020-06-04,1,0
2020-06-04,2,0
2020-06-04,3,0
2020-06-04,4,1
2020-06-04,5,22
2020-06-04,6,47
2020-06-04,7,52
2020-06-04,8,44
2020-06-04,9,67
2020-06-04,10,36
2020-06-04,11,50
2020-06-04,12,64
2020-06-04,13,71
2020-06-04,14,52
2020-06-04,15,46
2020-06-04,16,33
2020-06-04,17,36
2020-06-04,18,27
2020-06-04,19,22
2020-06-04,20,14
2020-06-04,21,9
2020-06-04,22,0
2020-06-04,23,0
2020-06-05,0,0
2020-06-05,1,0
2020-06-05,2,2
2020-06-05,3,0
2020-06-05,4,4
2020-06-05,5,11
2020-06-05,6,47
2020-06-05,7,67
2020-06-05,8,51
2020-06-05,9,60
2020-06-05,10,47
2020-06-05,11,74
2020-06-05,12,80
2020-06-05,13,76
2020-06-05,14,81
2020-06-05,15,39
2020-06-05,16,40
2020-06-05,17,45
2020-06-05,18,36
2020-06-05,19,27
2020-06-05,20,14
2020-06-05,21,9
2020-06-05,22,0
2020-06-05,23,0
2020-06-06,0,0
2020-06-06,1,0
2020-06-06,2,0
2020-06-06,3,0
2020-06-06,4,2
2020-06-06,5,6
2020-06-06,6,12
2020-06-06,7,18
2020-06-06,8,20
2020-06-06,9,29
2020-06-06,10,45
2020-06-06,11,57
2020-06-06,12,55
2020-06-06,13,53
2020-06-06,14,58
2020-06-06,15,30
2020-06-06,16,36
2020-06-06,17,46
2020-06-06,18,38
2020-06-06,19,12
2020-06-06,20,4
2020-06-06,21,10
2020-06-06,22,0
2020-06-06,23,0
2020-06-07,0,0
2020-06-07,1,0
2020-06-07,2,0
2020-06-07,3,0
2020-06-07,4,2
2020-06-07,5,8
2020-06-07,6,9
2020-06-07,7,7
2020-06-07,8,13
2020-06-07,9,19
2020-06-07,10,44
2020-06-07,11,72
2020-06-07,12,80
2020-06-07,13,56
2020-06-07,14,42
2020-06-07,15,32
2020-06-07,16,38
2020-06-07,17,27
2020-06-07,18,23
2020-06-07,19,23
2020-06-07,20,1
2020-06-07,21,2
2020-06-07,22,0
2020-06-07,23,0
2020-06-08,0,0
2020-06-08,1,0
2020-06-08,2,0
2020-06-08,3,1
2020-06-08,4,6
2020-06-08,5,21
2020-06-08,6,59
2020-06-08,7,46
2020-06-08,8,59
2020-06-08,9,45
2020-06-08,10,63
2020-06-08,11,48
2020-06-08,12,69
2020-06-08,13,75
2020-06-08,14,53
2020-06-08,15,48
2020-06-08,16,42
2020-06-08,17,37
2020-06-08,18,27
2020-06-08,19,12
2020-06-08,20,6
2020-06-08,21,1
2020-06-08,22,0
2020-06-08,23,0
2020-06-09,0,0
2020-06-09,1,0
2020-06-09,2,0
2020-06-09,3,2
2020-06-09,4,3
2020-06-09,5,22
2020-06-09,6,50
2020-06-09,7,65
2020-06-09,8,63
2020-06-09,9,59
2020-06-09,10,67
2020-06-09,11,57
2020-06-09,12,51
2020-06-09,13,65
2020-06-09,14,48
2020-06-09,15,70
2020-06-09,16,44
2020-06-09,17,43
2020-06-09,18,15
2020-06-09,19,18
2020-06-09,20,7
2020-06-09,21,10
2020-06-09,22,4
2020-06-09,23,4
2020-06-10,0,6
2020-06-10,1,0
2020-06-10,2,0
2020-06-10,3,3
2020-06-10,4,1
2020-06-10,5,13
2020-06-10,6,46
2020-06-10,7,47
2020-06-10,8,67
2020-06-10,9,58
2020-06-10,10,55
2020-06-10,11,42
2020-06-10,12,65
2020-06-10,13,65
2020-06-10,14,47
2020-06-10,15,47
2020-06-10,16,49
2020-06-10,17,40
2020-06-10,18,28
2020-06-10,19,20
2020-06-10,20,12
2020-06-10,21,3
2020-06-10,22,0
2020-06-10,23,0
2020-06-11,0,0
2020-06-11,1,0
2020-06-11,2,0
2020-06-11,3,3
2020-06-11,4,12
2020-06-11,5,10
2020-06-11,6,65
2020-06-11,7,74
2020-06-11,8,61
2020-06-11,9,61
2020-06-11,10,53
2020-06-11,11,72
2020-06-11,12,81
2020-06-11,13,67
2020-06-11,14,59
2020-06-11,15,61
2020-06-11,16,50
2020-06-11,17,41
2020-06-11,18,34
2020-06-11,19,16
2020-06-11,20,11
2020-06-11,21,3
2020-06-11,22,0
2020-06-11,23,0
2020-06-12,0,0
2020-06-12,1,0
2020-06-12,2,0
2020-06-12,3,0
2020-06-12,4,7
2020-06-12,5,22
2020-06-12,6,59
2020-06-12,7,83
2020-06-12,8,50
2020-06-12,9,58
2020-06-12,10,73
2020-06-12,11,82
2020-06-12,12,77
2020-06-12,13,72
2020-06-12,14,75
2020-06-12,15,60
2020-06-12,16,44
2020-06-12,17,44
2020-06-12,18,23
2020-06-12,19,35
2020-06-12,20,6
2020-06-12,21,3
2020-06-12,22,0
2020-06-12,23,0
2020-06-13,0,0
2020-06-13,1,0
2020-06-13,2,0
2020-06-13,3,1
2020-06-13,4,2
2020-06-13,5,5
2020-06-13,6,13
2020-06-13,7,25
2020-06-13,8,26
2020-06-13,9,36
2020-06-13,10,43
2020-06-13,11,44
2020-06-13,12,53
2020-06-13,13,63
2020-06-13,14,60
2020-06-13,15,54
2020-06-13,16,30
2020-06-13,17,23
2020-06-13,18,28
2020-06-13,19,29
2020-06-13,20,7
2020-06-13,21,3
2020-06-13,22,0
2020-06-13,23,0
2020-06-14,0,0
2020-06-14,1,0
2020-06-14,2,0
2020-06-14,3,0
2020-06-14,4,2
2020-06-14,5,5
2020-06-14,6,6
2020-06-14,7,7
2020-06-14,8,23
2020-06-14,9,30
2020-06-14,10,42
2020-06-14,11,39
2020-06-14,12,50
2020-06-14,13,56
2020-06-14,14,67
2020-06-14,15,40
2020-06-14,16,39
2020-06-14,17,42
2020-06-14,18,26
2020-06-14,19,41
2020-06-14,20,8
2020-06-14,21,18
2020-06-14,22,0
2020-06-14,23,0
2020-06-15,0,0
2020-06-15,1,0
2020-06-15,2,0
2020-06-15,3,0
2020-06-15,4,7
2020-06-15,5,23
2020-06-15,6,60
2020-06-15,7,60
2020-06-15,8,98
2020-06-15,9,44
2020-06-15,10,45
2020-06-15,11,69
2020-06-15,12,72
2020-06-15,13,73
2020-06-15,14,66
2020-06-15,15,72
2020-06-15,16,58
2020-06-15,17,42
2020-06-15,18,30
2020-06-15,19,19
2020-06-15,20,25
2020-06-15,21,12
2020-06-15,22,0
2020-06-15,23,0
2020-06-16,0,0
2020-06-16,1,0
2020-06-16,2,0
2020-06-16,3,0
2020-06-16,4,9
2020-06-16,5,25
2020-06-16,6,66
2020-06-16,7,85
2020-06-16,8,92
2020-06-16,9,95
2020-06-16,10,57
2020-06-16,11,79
2020-06-16,12,54
2020-06-16,13,81
2020-06-16,14,77
2020-06-16,15,65
2020-06-16,16,48
2020-06-16,17,35
2020-06-16,18,23
2020-06-16,19,22
2020-06-16,20,14
2020-06-16,21,15
2020-06-16,22,0
2020-06-16,23,0
2020-06-17,0,0
2020-06-17,1,0
2020-06-17,2,0
2020-06-17,3,2
2020-06-17,4,8
2020-06-17,5,28
2020-06-17,6,70
2020-06-17,7,84
2020-06-17,8,75
2020-06-17,9,96
2020-06-17,10,63
2020-06-17,11,73
2020-06-17,12,76
2020-06-17,13,65
2020-06-17,14,73
2020-06-17,15,71
2020-06-17,16,34
2020-06-17,17,44
2020-06-17,18,28
2020-06-17,19,23
2020-06-17,20,13
2020-06-17,21,12
2020-06-17,22,0
2020-06-17,23,0
2020-06-18,0,0
2020-06-18,1,0
2020-06-18,2,0
2020-06-18,3,1
2020-06-18,4,3
2020-06-18,5,29
2020-06-18,6,63
2020-06-18,7,84
2020-06-18,8,79
2020-06-18,9,88
2020-06-18,10,58
2020-06-18,11,61
2020-06-18,12,62
2020-06-18,13,66
2020-06-18,14,57
2020-06-18,15,61
2020-06-18,16,44
2020-06-18,17,44
2020-06-18,18,31
2020-06-18,19,16
2020-06-18,20,16
2020-06-18,21,0
2020-06-18,22,0
2020-06-18,23,0
2020-06-19,0,0
2020-06-19,1,0
2020-06-19,2,0
2020-06-19,3,0
2020-06-19,4,0
2020-06-19,5,19
2020-06-19,6,71
2020-06-19,7,104
2020-06-19,8,68
2020-06-19,9,67
2020-06-19,10,59
2020-06-19,11,80
2020-06-19,12,94
2020-06-19,13,76
2020-06-19,14,104
2020-06-19,15,64
2020-06-19,16,46
2020-06-19,17,45
2020-06-19,18,49
2020-06-19,19,29
2020-06-19,20,17
2020-06-19,21,19
2020-06-19,22,0
2020-06-19,23,0
2020-06-20,0,0
2020-06-20,1,0
2020-06-20,2,0
2020-06-20,3,0
2020-06-20,4,4
2020-06-20,5,4
2020-06-20,6,21
2020-06-20,7,35
2020-06-20,8,26
2020-06-20,9,48
2020-06-20,10,56
2020-06-20,11,64
2020-06-20,12,52
2020-06-20,13,83
2020-06-20,14,61
2020-06-20,15,64
2020-06-20,16,37
2020-06-20,17,37
2020-06-20,18,41
2020-06-20,19,28
2020-06-20,20,25
2020-06-20,21,19
2020-06-20,22,0
2020-06-20,23,0
2020-06-21,0,4
2020-06-21,1,0
2020-06-21,2,0
2020-06-21,3,11
2020-06-21,4,1
2020-06-21,5,11
2020-06-21,6,15
2020-06-21,7,8
2020-06-21,8,19
2020-06-21,9,28
2020-06-21,10,29
2020-06-21,11,60
2020-06-21,12,46
2020-06-21,13,49
2020-06-21,14,71
2020-06-21,15,70
2020-06-21,16,41
2020-06-21,17,36
2020-06-21,18,37
2020-06-21,19,30
2020-06-21,20,30
2020-06-21,21,24
2020-06-21,22,0
2020-06-21,23,0
2020-06-22,0,0
2020-06-22,1,0
2020-06-22,2,0
2020-06-22,3,8
2020-06-22,4,14
2020-06-22,5,28
2020-06-22,6,73
2020-06-22,7,79
2020-06-22,8,73
2020-06-22,9,48
2020-06-22,10,52
2020-06-22,11,57
2020-06-22,12,57
2020-06-22,13,49
2020-06-22,14,40
2020-06-22,15,44
2020-06-22,16,36
2020-06-22,17,31
2020-06-22,18,26
2020-06-22,19,16
2020-06-22,20,8
2020-06-22,21,0
2020-06-22,22,0
2020-06-22,23,0
2020-06-23,0,0
2020-06-23,1,0
2020-06-23,2,0
2020-06-23,3,0
2020-06-23,4,8
2020-06-23,5,26
2020-06-23,6,64
2020-06-23,7,83
2020-06-23,8,68
2020-06-23,9,68
2020-06-23,10,58
2020-06-23,11,51
2020-06-23,12,80
2020-06-23,13,72
2020-06-23,14,67
2020-06-23,15,52
2020-06-23,16,48
2020-06-23,17,44
2020-06-23,18,31
2020-06-23,19,16
2020-06-23,20,16
2020-06-23,21,8
2020-06-23,22,0
2020-06-23,23,0
2020-06-24,0,0
2020-06-24,1,0
2020-06-24,2,0
2020-06-24,3,0
2020-06-24,4,0
2020-06-24,5,26
2020-06-24,6,74
2020-06-24,7,77
2020-06-24,8,75
2020-06-24,9,76
2020-06-24,10,57
2020-06-24,11,76
2020-06-24,12,58
2020-06-24,13,60
2020-06-24,14,39
2020-06-24,15,77
2020-06-24,16,52
2020-06-24,17,48
2020-06-24,18,37
2020-06-24,19,22
2020-06-24,20,32
2020-06-24,21,21
2020-06-25,9,65
2020-06-25,10,53
2020-06-25,11,63
2020-06-25,12,68
2020-06-25,13,71
2020-06-25,14,58
2020-06-25,15,66
2020-06-25,16,52
2020-06-25,17,40
2020-06-25,18,36
2020-06-25,19,16
2020-06-25,20,16
2020-06-25,21,0
2020-06-25,22,0
2020-06-25,23,0
2020-06-26,0,0
2020-06-26,1,0
2020-06-26,2,0
2020-06-26,3,0
2020-06-26,4,0
2020-06-26,5,27
2020-06-26,6,62
2020-06-26,7,77
2020-06-26,8,74
2020-06-26,9,54
2020-06-26,10,65
2020-06-26,11,67
2020-06-26,12,62
2020-06-26,13,74
2020-06-26,14,55
2020-06-26,15,33
2020-06-26,16,28
2020-06-26,17,35
2020-06-26,18,29
2020-06-26,19,31
2020-06-26,20,28
2020-06-26,21,10
2020-06-26,22,0
2020-06-26,23,0
2020-06-27,0,0
2020-06-27,1,0
2020-06-27,2,0
2020-06-27,3,1
2020-06-27,4,6
2020-06-27,5,10
2020-06-27,6,21
2020-06-27,7,40
2020-06-27,8,33
2020-06-27,9,42
2020-06-27,10,48
2020-06-27,11,55
2020-06-27,12,35
2020-06-27,13,55
2020-06-27,14,48
2020-06-27,15,47
2020-06-27,16,43
2020-06-27,17,31
2020-06-27,18,25
2020-06-27,19,26
2020-06-27,20,19
2020-06-27,21,0
2020-06-27,22,0
2020-06-27,23,0
2020-06-28,0,0
2020-06-28,1,0
2020-06-28,2,2
2020-06-28,3,2
2020-06-28,4,2
2020-06-28,5,9
2020-06-28,6,9
2020-06-28,7,25
2020-06-28,8,3
2020-06-28,9,0
2020-06-28,10,6
2020-06-28,11,20
2020-06-28,12,54
2020-06-28,13,31
2020-06-28,14,12
2020-06-28,15,53
2020-06-28,16,19
2020-06-28,17,25
2020-06-28,18,12
2020-06-28,19,17
2020-06-28,20,24
2020-06-28,21,7
2020-06-28,22,11
2020-06-28,23,2
2020-06-29,0,0
2020-06-29,1,0
2020-06-29,2,5
2020-06-29,3,2
2020-06-29,4,7
2020-06-29,5,39
2020-06-29,6,88
2020-06-29,7,86
2020-06-29,8,69
2020-06-29,9,82
2020-06-29,10,26
2020-06-29,11,85
2020-06-29,12,64
2020-06-29,13,61
2020-06-29,14,58
2020-06-29,15,49
2020-06-29,16,38
2020-06-29,17,44
2020-06-29,18,28
2020-06-29,19,24
2020-06-29,20,17
2020-06-29,21,6
2020-06-29,22,0
2020-06-29,23,0
2020-06-30,0,0
2020-06-30,1,0
2020-06-30,2,0
2020-06-30,3,1
2020-06-30,4,7
2020-06-30,5,34
2020-06-30,6,72
2020-06-30,7,71
2020-06-30,8,77
2020-06-30,9,56
2020-06-30,10,64
2020-06-30,11,56
2020-06-30,12,64
2020-06-30,13,68
2020-06-30,14,59
2020-06-30,15,42
2020-06-30,16,59
2020-06-30,17,46
2020-06-30,18,39
2020-06-30,19,23
2020-06-30,20,13
2020-06-30,21,12
2020-06-30,22,5
2020-06-30,23,0
2020-07-01,0,0
2020-07-01,1,0
2020-07-01,2,0
2020-07-01,3,0
2020-07-01,4,7
2020-07-01,5,29
2020-07-01,6,84
2020-07-01,7,84
2020-07-01,8,82
2020-07-01,9,76
2020-07-01,10,48
2020-07-01,11,80
2020-07-01,12,61
2020-07-01,13,73
2020-07-01,14,35
2020-07-01,15,53
2020-07-01,16,56
2020-07-01,17,31
2020-07-01,18,29
2020-07-01,19,8
2020-07-01,20,3
2020-07-01,21,3
2020-07-01,22,0
2020-07-01,23,0
2020-07-02,0,0
2020-07-02,1,0
2020-07-02,2,0
2020-07-02,3,0
2020-07-02,4,8
2020-07-02,5,34
2020-07-02,6,61
2020-07-02,7,106
2020-07-02,8,86
2020-07-02,9,80
2020-07-02,10,70
2020-07-02,11,83
2020-07-02,12,93
2020-07-02,13,71
2020-07-02,14,59
2020-07-02,15,45
2020-07-02,16,42
2020-07-02,17,45
2020-07-02,18,26
2020-07-02,19,38
2020-07-02,20,15
2020-07-02,21,9
2020-07-02,22,0
2020-07-02,23,0
2020-07-03,0,0
2020-07-03,1,0
2020-07-03,2,1
2020-07-03,3,2
2020-07-03,4,10
2020-07-03,5,36
2020-07-03,6,53
2020-07-03,7,92
2020-07-03,8,75
2020-07-03,9,35
2020-07-03,10,47
2020-07-03,11,31
2020-07-03,12,58
2020-07-03,13,39
2020-07-03,14,53
2020-07-03,15,52
2020-07-03,16,35
2020-07-03,17,31
2020-07-03,18,36
2020-07-03,19,27
2020-07-03,20,20
2020-07-03,21,8
2020-07-03,22,0
2020-07-03,23,0
2020-07-04,0,0
2020-07-04,1,0
2020-07-04,2,0
2020-07-04,3,1
2020-07-04,4,2
2020-07-04,5,15
2020-07-04,6,22
2020-07-04,7,38
2020-07-04,8,35
2020-07-04,9,46
2020-07-04,10,73
2020-07-04,11,87
2020-07-04,12,75
2020-07-04,13,64
2020-07-04,14,77
2020-07-04,15,60
2020-07-04,16,41
2020-07-04,17,43
2020-07-04,18,27
2020-07-04,19,18
2020-07-04,20,27
2020-07-04,21,14
2020-07-04,22,18
2020-07-04,23,9
2020-07-05,0,4
2020-07-05,1,6
2020-07-05,2,0
2020-07-05,3,1
2020-07-05,4,0
2020-07-05,5,3
2020-07-05,6,15
2020-07-05,7,16
2020-07-05,8,20
2020-07-05,9,45
2020-07-05,10,62
2020-07-05,11,53
2020-07-05,12,72
2020-07-05,13,59
2020-07-05,14,52
2020-07-05,15,66
2020-07-05,16,39
2020-07-05,17,31
2020-07-05,18,10
2020-07-05,19,44
2020-07-05,20,108
2020-07-05,21,93
2020-07-05,22,19
2020-07-05,23,11
2020-07-06,0,0
2020-07-06,1,0
2020-07-06,2,0
2020-07-06,3,6
2020-07-06,4,9
2020-07-06,5,23
2020-07-06,6,58
2020-07-06,7,59
2020-07-06,8,71
2020-07-06,9,67
2020-07-06,10,74
2020-07-06,11,48
2020-07-06,12,87
2020-07-06,13,74
2020-07-06,14,63
2020-07-06,15,49
2020-07-06,16,39
2020-07-06,17,52
2020-07-06,18,35
2020-07-06,19,14
2020-07-06,20,26
2020-07-06,21,8
2020-07-06,22,0
2020-07-06,23,0
2020-07-07,0,0
2020-07-07,1,0
2020-07-07,2,0
2020-07-07,3,0
2020-07-07,4,3
2020-07-07,5,27
2020-07-07,6,68
2020-07-07,7,80
2020-07-07,8,71
2020-07-07,9,75
2020-07-07,10,60
2020-07-07,11,67
2020-07-07,12,48
2020-07-07,13,72
2020-07-07,14,61
2020-07-07,15,56
2020-07-07,16,47
2020-07-07,17,44
2020-07-07,18,37
2020-07-07,19,27
2020-07-07,20,24
2020-07-07,21,12
2020-07-07,22,0
2020-07-07,23,0
2020-07-08,0,0
2020-07-08,1,0
2020-07-08,2,0
2020-07-08,3,0
2020-07-08,4,7
2020-07-08,5,35
2020-07-08,6,62
2020-07-08,7,101
2020-07-08,8,73
2020-07-08,9,66
2020-07-08,10,71
2020-07-08,11,74
2020-07-08,12,84
2020-07-08,13,69
2020-07-08,14,55
2020-07-08,15,51
2020-07-08,16,41
2020-07-08,17,38
2020-07-08,18,36
2020-07-08,19,19
2020-07-08,20,18
2020-07-08,21,16
2020-07-08,22,7
2020-07-08,23,7
2020-07-09,0,3
2020-07-09,1,0
2020-07-09,2,0
2020-07-09,3,1
2020-07-09,4,7
2020-07-09,5,37
2020-07-09,6,75
2020-07-09,7,84
2020-07-09,8,88
2020-07-09,9,74
2020-07-09,10,76
2020-07-09,11,78
2020-07-09,12,82
2020-07-09,13,58
2020-07-09,14,62
2020-07-09,15,46
2020-07-09,16,49
2020-07-09,17,52
2020-07-09,18,41
2020-07-09,19,34
2020-07-09,20,36
2020-07-09,21,12
2020-07-09,22,0
2020-07-09,23,0
2020-07-10,0,0
2020-07-10,1,4
2020-07-10,2,2
2020-07-10,3,2
2020-07-10,4,9
2020-07-10,5,48
2020-07-10,6,64
2020-07-10,7,70
2020-07-10,8,94
2020-07-10,9,74
2020-07-10,10,78
2020-07-10,11,88
2020-07-10,12,61
2020-07-10,13,77
2020-07-10,14,60
2020-07-10,15,78
2020-07-10,16,69
2020-07-10,17,58
2020-07-10,18,60
2020-07-10,19,27
2020-07-10,20,33
2020-07-10,21,24
2020-07-10,22,0
2020-07-10,23,0
2020-07-11,0,0
2020-07-11,1,0
2020-07-11,2,0
2020-07-11,3,0
2020-07-11,4,5
2020-07-11,5,19
2020-07-11,6,22
2020-07-11,7,39
2020-07-11,8,47
2020-07-11,9,56
2020-07-11,10,44
2020-07-11,11,76
2020-07-11,12,83
2020-07-11,13,62
2020-07-11,14,49
2020-07-11,15,54
2020-07-11,16,43
2020-07-11,17,30
2020-07-11,18,40
2020-07-11,19,18
2020-07-11,20,30
2020-07-11,21,14
2020-07-11,22,0
2020-07-11,23,0
2020-07-12,0,0
2020-07-12,1,0
2020-07-12,2,0
2020-07-12,3,0
2020-07-12,4,0
2020-07-12,5,11
2020-07-12,6,12
2020-07-12,7,12
2020-07-12,8,27
2020-07-12,9,46
2020-07-12,10,51
2020-07-12,11,72
2020-07-12,12,78
2020-07-12,13,58
2020-07-12,14,56
2020-07-12,15,50
2020-07-12,16,38
2020-07-12,17,50
2020-07-12,18,22
2020-07-12,19,22
2020-07-12,20,37
2020-07-12,21,25
2020-07-12,22,0
2020-07-12,23,0
2020-07-13,0,0
2020-07-13,1,0
2020-07-13,2,0
2020-07-13,3,0
2020-07-13,4,5
2020-07-13,5,27
2020-07-13,6,84
2020-07-13,7,83
2020-07-13,8,80
2020-07-13,9,54
2020-07-13,10,74
2020-07-13,11,76
2020-07-13,12,74
2020-07-13,13,61
2020-07-13,14,58
2020-07-13,15,57
2020-07-13,16,57
2020-07-13,17,49
2020-07-13,18,26
2020-07-13,19,26
2020-07-13,20,15
2020-07-13,21,10
2020-07-13,22,0
2020-07-13,23,0
2020-07-14,0,0
2020-07-14,1,0
2020-07-14,2,0
2020-07-14,3,0
2020-07-14,4,4
2020-07-14,5,37
2020-07-14,6,69
2020-07-14,7,104
2020-07-14,8,105
2020-07-14,9,79
2020-07-14,10,56
2020-07-14,11,70
2020-07-14,12,61
2020-07-14,13,67
2020-07-14,14,37
2020-07-14,15,51
2020-07-14,16,49
2020-07-14,17,44
2020-07-14,18,32
2020-07-14,19,30
2020-07-14,20,24
2020-07-14,21,5
2020-07-14,22,0
2020-07-14,23,0
2020-07-15,0,0
2020-07-15,1,0
2020-07-15,2,0
2020-07-15,3,9
2020-07-15,4,9
2020-07-15,5,26
2020-07-15,6,75
2020-07-15,7,81
2020-07-15,8,90
2020-07-15,9,77
2020-07-15,10,88
2020-07-15,11,71
2020-07-15,12,64
2020-07-15,13,53
2020-07-15,14,57
2020-07-15,15,61
2020-07-15,16,43
2020-07-15,17,29
2020-07-15,18,50
2020-07-15,19,32
2020-07-15,20,18
2020-07-15,21,9
2020-07-15,22,0
2020-07-15,23,0
2020-07-16,0,0
2020-07-16,1,0
2020-07-16,2,0
2020-07-16,3,0
2020-07-16,4,7
2020-07-16,5,33
2020-07-16,6,90
2020-07-16,7,86
2020-07-16,8,67
2020-07-16,9,77
2020-07-16,10,78
2020-07-16,11,53
2020-07-16,12,69
2020-07-16,13,64
2020-07-16,14,56
2020-07-16,15,66
2020-07-16,16,34
2020-07-16,17,45
2020-07-16,18,39
2020-07-16,19,36
2020-07-16,20,17
2020-07-16,21,4
2020-07-16,22,0
2020-07-16,23,0
2020-07-17,0,0
2020-07-17,1,0
2020-07-17,2,0
2020-07-17,3,0
2020-07-17,4,5
2020-07-17,5,24
2020-07-17,6,77
2020-07-17,7,96
2020-07-17,8,99
2020-07-17,9,65
2020-07-17,10,83
2020-07-17,11,76
2020-07-17,12,76
2020-07-17,13,62
2020-07-17,14,80
2020-07-17,15,71
2020-07-17,16,52
2020-07-17,17,52
2020-07-17,18,53
2020-07-17,19,31
2020-07-17,20,26
2020-07-17,21,12
2020-07-17,22,0
2020-07-17,23,0
2020-07-18,0,0
2020-07-18,1,0
2020-07-18,2,0
2020-07-18,3,0
2020-07-18,4,0
2020-07-18,5,8
2020-07-18,6,17
2020-07-18,7,54
2020-07-18,8,38
2020-07-18,9,43
2020-07-18,10,75
2020-07-18,11,77
2020-07-18,12,49
2020-07-18,13,72
2020-07-18,14,97
2020-07-18,15,49
2020-07-18,16,58
2020-07-18,17,54
2020-07-18,18,32
2020-07-18,19,28
2020-07-18,20,32
2020-07-18,21,13
2020-07-18,22,0
2020-07-18,23,0
2020-07-19,0,0
2020-07-19,1,0
2020-07-19,2,0
2020-07-19,3,0
2020-07-19,4,1
2020-07-19,5,9
2020-07-19,6,11
2020-07-19,7,13
2020-07-19,8,28
2020-07-19,9,46
2020-07-19,10,62
2020-07-19,11,70
2020-07-19,12,64
2020-07-19,13,54
2020-07-19,14,52
2020-07-19,15,54
2020-07-19,16,32
2020-07-19,17,36
2020-07-19,18,33
2020-07-19,19,36
2020-07-19,20,29
2020-07-19,21,14
2020-07-19,22,0
2020-07-19,23,0
2020-07-20,0,0
2020-07-20,1,0
2020-07-20,2,0
2020-07-20,3,0
2020-07-20,4,5
2020-07-20,5,33
2020-07-20,6,57
2020-07-20,7,57
2020-07-20,8,61
2020-07-20,9,59
2020-07-20,10,60
2020-07-20,11,62
2020-07-20,12,49
2020-07-20,13,57
2020-07-20,14,37
2020-07-20,15,37
2020-07-20,16,41
2020-07-20,17,41
2020-07-20,18,42
2020-07-20,19,11
2020-07-20,20,0
2020-07-20,21,0
2020-07-20,22,0
2020-07-20,23,0
2020-07-21,0,0
2020-07-21,1,0
2020-07-21,2,0
2020-07-21,3,0
2020-07-21,4,7
2020-07-21,5,30
2020-07-21,6,61
2020-07-21,7,79
2020-07-21,8,98
2020-07-21,9,76
2020-07-21,10,79
2020-07-21,11,75
2020-07-21,12,64
2020-07-21,13,51
2020-07-21,14,53
2020-07-21,15,52
2020-07-21,16,44
2020-07-21,17,40
2020-07-21,18,36
2020-07-21,19,26
2020-07-21,20,16
2020-07-21,21,8
2020-07-21,22,0
2020-07-21,23,0
2020-07-22,0,0
2020-07-22,1,0
2020-07-22,2,0
2020-07-22,3,0
2020-07-22,4,0
2020-07-22,5,20
2020-07-22,6,79
2020-07-22,7,72
2020-07-22,8,96
2020-07-22,9,104
2020-07-22,10,77
2020-07-22,11,21
2020-07-22,12,20
2020-07-22,13,41
2020-07-22,14,37
2020-07-22,15,41
2020-07-22,16,40
2020-07-22,17,31
2020-07-22,18,30
2020-07-22,19,17
2020-07-22,20,0
2020-07-22,21,0
2020-07-22,22,0
2020-07-22,23,0
2020-07-23,0,0
2020-07-23,1,0
2020-07-23,2,0
2020-07-23,3,3
2020-07-23,4,16
2020-07-23,5,35
2020-07-23,6,86
2020-07-23,7,68
2020-07-23,8,101
2020-07-23,9,85
2020-07-23,10,46
2020-07-23,11,72
2020-07-23,12,53
2020-07-23,13,60
2020-07-23,14,46
2020-07-23,15,60
2020-07-23,16,50
2020-07-23,17,23
2020-07-23,18,33
2020-07-23,19,33
2020-07-23,20,23
2020-07-23,21,7
2020-07-23,22,0
2020-07-23,23,0
2020-07-24,0,0
2020-07-24,1,0
2020-07-24,2,0
2020-07-24,3,3
2020-07-24,4,6
2020-07-24,5,14
2020-07-24,6,72
2020-07-24,7,78
2020-07-24,8,86
2020-07-24,9,69
2020-07-24,10,75
2020-07-24,11,67
2020-07-24,12,83
2020-07-24,13,71
2020-07-24,14,67
2020-07-24,15,66
2020-07-24,16,58
2020-07-24,17,52
2020-07-24,18,49
2020-07-24,19,34
2020-07-24,20,26
2020-07-24,21,12
2020-07-24,22,0
2020-07-24,23,0
2020-07-25,0,0
2020-07-25,1,0
2020-07-25,2,0
2020-07-25,3,0
2020-07-25,4,0
2020-07-25,5,8
2020-07-25,6,43
2020-07-25,7,38
2020-07-25,8,59
2020-07-25,9,56
2020-07-25,10,54
2020-07-25,11,73
2020-07-25,12,66
2020-07-25,13,79
2020-07-25,14,79
2020-07-25,15,62
2020-07-25,16,52
2020-07-25,17,53
2020-07-25,18,44
2020-07-25,19,36
2020-07-25,20,26
2020-07-25,21,12
2020-07-25,22,0
2020-07-25,23,0
2020-07-26,0,0
2020-07-26,1,0
2020-07-26,2,0
2020-07-26,3,0
2020-07-26,4,0
2020-07-26,5,0
2020-07-26,6,13
2020-07-26,7,12
2020-07-26,8,30
2020-07-26,9,50
2020-07-26,10,62
2020-07-26,11,89
2020-07-26,12,64
2020-07-26,13,68
2020-07-26,14,60
2020-07-26,15,63
2020-07-26,16,42
2020-07-26,17,49
2020-07-26,18,51
2020-07-26,19,41
2020-07-26,20,24
2020-07-26,21,7
2020-07-26,22,0
2020-07-26,23,0
2020-07-27,0,0
2020-07-27,1,0
2020-07-27,2,0
2020-07-27,3,0
2020-07-27,4,8
2020-07-27,5,32
2020-07-27,6,81
2020-07-27,7,99
2020-07-27,8,101
2020-07-27,9,62
2020-07-27,10,71
2020-07-27,11,80
2020-07-27,12,89
2020-07-27,13,75
2020-07-27,14,57
2020-07-27,15,66
2020-07-27,16,57
2020-07-27,17,57
2020-07-27,18,44
2020-07-27,19,26
2020-07-27,20,16
2020-07-27,21,4
2020-07-27,22,0
2020-07-27,23,0
2020-07-28,0,0
2020-07-28,1,0
2020-07-28,2,0
2020-07-28,3,0
2020-07-28,4,8
2020-07-28,5,31
2020-07-28,6,60
2020-07-28,7,106
2020-07-28,8,93
2020-07-28,9,72
2020-07-28,10,55
2020-07-28,11,70
2020-07-28,12,68
2020-07-28,13,76
2020-07-28,14,61
2020-07-28,15,66
2020-07-28,16,53
2020-07-28,17,49
2020-07-28,18,32
2020-07-28,19,37
2020-07-28,20,19
2020-07-28,21,7
2020-07-28,22,0
2020-07-28,23,0
2020-07-29,0,0
2020-07-29,1,0
2020-07-29,2,0
2020-07-29,3,0
2020-07-29,4,2
2020-07-29,5,30
2020-07-29,6,86
2020-07-29,7,74
2020-07-29,8,79
2020-07-29,9,75
2020-07-29,10,76
2020-07-29,11,65
2020-07-29,12,71
2020-07-29,13,60
2020-07-29,14,44
2020-07-29,15,54
2020-07-29,16,56
2020-07-29,17,49
2020-07-29,18,49
2020-07-29,19,32
2020-07-29,20,18
2020-07-29,21,13
2020-07-29,22,0
2020-07-29,23,0
2020-07-30,0,0
2020-07-30,1,0
2020-07-30,2,0
2020-07-30,3,0
2020-07-30,4,7
2020-07-30,5,38
2020-07-30,6,88
2020-07-30,7,93
2020-07-30,8,84
2020-07-30,9,88
2020-07-30,10,80
2020-07-30,11,80
2020-07-30,12,80
2020-07-30,13,84
2020-07-30,14,79
2020-07-30,15,71
2020-07-30,16,57
2020-07-30,17,44
2020-07-30,18,40
2020-07-30,19,35
2020-07-30,20,16
2020-07-30,21,8
2020-07-30,22,0
2020-07-30,23,0
2020-07-31,0,0
2020-07-31,1,0
2020-07-31,2,0
2020-07-31,3,0
2020-07-31,4,4
2020-07-31,5,50
2020-07-31,6,76
2020-07-31,7,91
2020-07-31,8,75
2020-07-31,9,80
2020-07-31,10,0
2020-07-31,11,0
2020-07-31,12,0
2020-07-31,13,23
2020-07-31,14,64
2020-07-31,15,73
2020-07-31,16,59
2020-07-31,17,66
2020-07-31,18,99
2020-07-31,19,66
2020-07-31,20,86
2020-07-31,21,130
2020-07-31,22,80
2020-07-31,23,5
2020-08-01,0,0
2020-08-01,1,0
2020-08-01,2,0
2020-08-01,3,0
2020-08-01,4,1
2020-08-01,5,12
2020-08-01,6,26
2020-08-01,7,35
2020-08-01,8,61
2020-08-01,9,63
2020-08-01,10,97
2020-08-01,11,119
2020-08-01,12,85
2020-08-01,13,97
2020-08-01,14,104
2020-08-01,15,75
2020-08-01,16,65
2020-08-01,17,73
2020-08-01,18,59
2020-08-01,19,48
2020-08-01,20,32
2020-08-01,21,4
2020-08-01,22,0
2020-08-01,23,0
2020-08-02,0,0
2020-08-02,1,0
2020-08-02,2,0
2020-08-02,3,0
2020-08-02,4,1
2020-08-02,5,6
2020-08-02,6,26
2020-08-02,7,36
2020-08-02,8,33
2020-08-02,9,49
2020-08-02,10,75
2020-08-02,11,74
2020-08-02,12,95
2020-08-02,13,95
2020-08-02,14,96
2020-08-02,15,65
2020-08-02,16,60
2020-08-02,17,64
2020-08-02,18,49
2020-08-02,19,34
2020-08-02,20,30
2020-08-02,21,9
2020-08-02,22,0
2020-08-02,23,0
2020-08-03,0,0
2020-08-03,1,0
2020-08-03,2,0
2020-08-03,3,0
2020-08-03,4,7
2020-08-03,5,36
2020-08-03,6,73
2020-08-03,7,83
2020-08-03,8,93
2020-08-03,9,78
2020-08-03,10,85
2020-08-03,11,91
2020-08-03,12,94
2020-08-03,13,89
2020-08-03,14,89
2020-08-03,15,81
2020-08-03,16,95
2020-08-03,17,83
2020-08-03,18,48
2020-08-03,19,49
2020-08-03,20,26
2020-08-03,21,1
2020-08-03,22,0
2020-08-03,23,0
2020-08-04,0,0
2020-08-04,1,0
2020-08-04,2,0
2020-08-04,3,0
2020-08-04,4,13
2020-08-04,5,64
2020-08-04,6,86
2020-08-04,7,118
2020-08-04,8,103
2020-08-04,9,75
2020-08-04,10,69
2020-08-04,11,98
2020-08-04,12,97
2020-08-04,13,71
2020-08-04,14,85
2020-08-04,15,91
2020-08-04,16,104
2020-08-04,17,76
2020-08-04,18,56
2020-08-04,19,51
2020-08-04,20,38
2020-08-04,21,8
2020-08-04,22,12
2020-08-04,23,3
2020-08-05,0,0
2020-08-05,1,0
2020-08-05,2,0
2020-08-05,3,0
2020-08-05,4,10
2020-08-05,5,39
2020-08-05,6,72
2020-08-05,7,114
2020-08-05,8,82
2020-08-05,9,89
2020-08-05,10,72
2020-08-05,11,119
2020-08-05,12,85
2020-08-05,13,79
2020-08-05,14,105
2020-08-05,15,88
2020-08-05,16,109
2020-08-05,17,88
2020-08-05,18,64
2020-08-05,19,36
2020-08-05,20,28
2020-08-05,21,2
2020-08-05,22,0
2020-08-05,23,0
2020-08-06,0,0
2020-08-06,1,0
2020-08-06,2,0
2020-08-06,3,0
2020-08-06,4,8
2020-08-06,5,39
2020-08-06,6,76
2020-08-06,7,80
2020-08-06,8,70
2020-08-06,9,67
2020-08-06,10,79
2020-08-06,11,111
2020-08-06,12,85
2020-08-06,13,98
2020-08-06,14,78
2020-08-06,15,78
2020-08-06,16,51
2020-08-06,17,64
2020-08-06,18,55
2020-08-06,19,49
2020-08-06,20,20
2020-08-06,21,0
2020-08-06,22,0
2020-08-06,23,0
2020-08-07,0,0
2020-08-07,1,0
2020-08-07,2,0
2020-08-07,3,0
2020-08-07,4,9
2020-08-07,5,50
2020-08-07,6,72
2020-08-07,7,75
2020-08-07,8,116
2020-08-07,9,80
2020-08-07,10,81
2020-08-07,11,106
2020-08-07,12,108
2020-08-07,13,121
2020-08-07,14,97
2020-08-07,15,88
2020-08-07,16,58
2020-08-07,17,65
2020-08-07,18,61
2020-08-07,19,36
2020-08-07,20,37
2020-08-07,21,1
2020-08-07,22,0
2020-08-07,23,0
2020-08-08,0,0
2020-08-08,1,0
2020-08-08,2,0
2020-08-08,3,0
2020-08-08,4,5
2020-08-08,5,15
2020-08-08,6,25
2020-08-08,7,40
2020-08-08,8,61
2020-08-08,9,76
2020-08-08,10,95
2020-08-08,11,98
2020-08-08,12,122
2020-08-08,13,94
2020-08-08,14,84
2020-08-08,15,97
2020-08-08,16,88
2020-08-08,17,63
2020-08-08,18,60
2020-08-08,19,54
2020-08-08,20,48
2020-08-08,21,1
2020-08-08,22,0
2020-08-08,23,0
2020-08-09,0,0
2020-08-09,1,0
2020-08-09,2,0
2020-08-09,3,0
2020-08-09,4,3
2020-08-09,5,7
2020-08-09,6,17
2020-08-09,7,16
2020-08-09,8,33
2020-08-09,9,56
2020-08-09,10,62
2020-08-09,11,103
2020-08-09,12,92
2020-08-09,13,82
2020-08-09,14,66
2020-08-09,15,81
2020-08-09,16,87
2020-08-09,17,53
2020-08-09,18,68
2020-08-09,19,50
2020-08-09,20,38
2020-08-09,21,0
2020-08-09,22,0
2020-08-09,23,0
2020-08-10,0,0
2020-08-10,1,0
2020-08-10,2,0
2020-08-10,3,0
2020-08-10,4,8
2020-08-10,5,32
2020-08-10,6,81
2020-08-10,7,80
2020-08-10,8,88
2020-08-10,9,84
2020-08-10,10,60
2020-08-10,11,90
2020-08-10,12,127
2020-08-10,13,118
2020-08-10,14,99
2020-08-10,15,106
2020-08-10,16,86
2020-08-10,17,86
2020-08-10,18,102
2020-08-10,19,50
2020-08-10,20,16
2020-08-10,21,1
2020-08-10,22,0
2020-08-10,23,0
2020-08-11,0,0
2020-08-11,1,1
2020-08-11,2,0
2020-08-11,3,13
2020-08-11,4,26
2020-08-11,5,51
2020-08-11,6,97
2020-08-11,7,100
2020-08-11,8,94
2020-08-11,9,75
2020-08-11,10,99
2020-08-11,11,107
2020-08-11,12,102
2020-08-11,13,114
2020-08-11,14,85
2020-08-11,15,86
2020-08-11,16,92
2020-08-11,17,91
2020-08-11,18,54
2020-08-11,19,47
2020-08-11,20,21
2020-08-11,21,0
2020-08-11,22,0
2020-08-11,23,0
2020-08-12,0,0
2020-08-12,1,0
2020-08-12,2,0
2020-08-12,3,0
2020-08-12,4,6
2020-08-12,5,32
2020-08-12,6,87
2020-08-12,7,80
2020-08-12,8,99
2020-08-12,9,109
2020-08-12,10,77
2020-08-12,11,99
2020-08-12,12,113
2020-08-12,13,90
2020-08-12,14,72
2020-08-12,15,91
2020-08-12,16,86
2020-08-12,17,61
2020-08-12,18,37
2020-08-12,19,45
2020-08-12,20,27
2020-08-12,21,0
2020-08-12,22,0
2020-08-12,23,0
2020-08-13,0,0
2020-08-13,1,0
2020-08-13,2,0
2020-08-13,3,0
2020-08-13,4,8
2020-08-13,5,32
2020-08-13,6,69
2020-08-13,7,90
2020-08-13,8,119
2020-08-13,9,68
2020-08-13,10,88
2020-08-13,11,89
2020-08-13,12,92
2020-08-13,13,76
2020-08-13,14,70
2020-08-13,15,62
2020-08-13,16,61
2020-08-13,17,50
2020-08-13,18,47
2020-08-13,19,24
2020-08-13,20,26
2020-08-13,21,0
2020-08-13,22,0
2020-08-13,23,0
2020-08-14,0,0
2020-08-14,1,0
2020-08-14,2,0
2020-08-14,3,0
2020-08-14,4,6
2020-08-14,5,33
2020-08-14,6,78
2020-08-14,7,115
2020-08-14,8,112
2020-08-14,9,83
2020-08-14,10,84
2020-08-14,11,96
2020-08-14,12,67
2020-08-14,13,95
2020-08-14,14,76
2020-08-14,15,78
2020-08-14,16,62
2020-08-14,17,54
2020-08-14,18,49
2020-08-14,19,44
2020-08-14,20,21
2020-08-14,21,0
2020-08-14,22,0
2020-08-14,23,0
2020-08-15,0,0
2020-08-15,1,0
2020-08-15,2,0
2020-08-15,3,0
2020-08-15,4,1
2020-08-15,5,10
2020-08-15,6,28
2020-08-15,7,42
2020-08-15,8,75
2020-08-15,9,69
2020-08-15,10,70
2020-08-15,11,86
2020-08-15,12,78
2020-08-15,13,81
2020-08-15,14,67
2020-08-15,15,75
2020-08-15,16,62
2020-08-15,17,60
2020-08-15,18,54
2020-08-15,19,37
2020-08-15,20,16
2020-08-15,21,0
2020-08-15,22,0
2020-08-15,23,0
2020-08-16,0,0
2020-08-16,1,0
2020-08-16,2,0
2020-08-16,3,0
2020-08-16,4,0
2020-08-16,5,1
2020-08-16,6,17
2020-08-16,7,12
2020-08-16,8,33
2020-08-16,9,50
2020-08-16,10,63
2020-08-16,11,65
2020-08-16,12,78
2020-08-16,13,96
2020-08-16,14,60
2020-08-16,15,62
2020-08-16,16,69
2020-08-16,17,65
2020-08-16,18,45
2020-08-16,19,28
2020-08-16,20,24
2020-08-16,21,0
2020-08-16,22,0
2020-08-16,23,0
2020-08-17,0,0
2020-08-17,1,0
2020-08-17,2,0
2020-08-17,3,0
2020-08-17,4,3
2020-08-17,5,29
2020-08-17,6,82
2020-08-17,7,113
2020-08-17,8,104
2020-08-17,9,80
2020-08-17,10,83
2020-08-17,11,99
2020-08-17,12,75
2020-08-17,13,121
2020-08-17,14,64
2020-08-17,15,65
2020-08-17,16,87
2020-08-17,17,84
2020-08-17,18,71
2020-08-17,19,29
2020-08-17,20,12
2020-08-17,21,0
2020-08-17,22,0
2020-08-17,23,0
2020-08-18,0,0
2020-08-18,1,0
2020-08-18,2,0
2020-08-18,3,0
2020-08-18,4,3
2020-08-18,5,27
2020-08-18,6,72
2020-08-18,7,92
2020-08-18,8,86
2020-08-18,9,68
2020-08-18,10,94
2020-08-18,11,83
2020-08-18,12,91
2020-08-18,13,71
2020-08-18,14,76
2020-08-18,15,72
2020-08-18,16,88
2020-08-18,17,72
2020-08-18,18,56
2020-08-18,19,42
2020-08-18,20,16
2020-08-18,21,0
2020-08-18,22,0
2020-08-18,23,0
2020-08-19,0,0
2020-08-19,1,0
2020-08-19,2,0
2020-08-19,3,0
2020-08-19,4,2
2020-08-19,5,38
2020-08-19,6,70
2020-08-19,7,88
2020-08-19,8,81
2020-08-19,9,82
2020-08-19,10,97
2020-08-19,11,71
2020-08-19,12,90
2020-08-19,13,97
2020-08-19,14,98
2020-08-19,15,87
2020-08-19,16,64
2020-08-19,17,91
2020-08-19,18,65
2020-08-19,19,52
2020-08-19,20,8
2020-08-19,21,0
2020-08-19,22,0
2020-08-19,23,0
2020-08-20,0,1
2020-08-20,1,0
2020-08-20,2,6
2020-08-20,3,4
2020-08-20,4,4
2020-08-20,5,35
2020-08-20,6,94
2020-08-20,7,77
2020-08-20,8,93
2020-08-20,9,74
2020-08-20,10,97
2020-08-20,11,70
2020-08-20,12,77
2020-08-20,13,85
2020-08-20,14,69
2020-08-20,15,78
2020-08-20,16,60
2020-08-20,17,55
2020-08-20,18,54
2020-08-20,19,41
2020-08-20,20,25
2020-08-20,21,0
2020-08-20,22,0
2020-08-20,23,0
2020-08-21,0,0
2020-08-21,1,0
2020-08-21,2,0
2020-08-21,3,7
2020-08-21,4,15
2020-08-21,5,45
2020-08-21,6,71
2020-08-21,7,98
2020-08-21,8,95
2020-08-21,9,115
2020-08-21,10,118
2020-08-21,11,102
2020-08-21,12,49
2020-08-21,13,83
2020-08-21,14,87
2020-08-21,15,58
2020-08-21,16,72
2020-08-21,17,68
2020-08-21,18,62
2020-08-21,19,44
2020-08-21,20,6
2020-08-21,21,24
2020-08-21,22,27
2020-08-21,23,4
2020-08-22,0,0
2020-08-22,1,1
2020-08-22,2,0
2020-08-22,3,0
2020-08-22,4,2
2020-08-22,5,10
2020-08-22,6,26
2020-08-22,7,43
2020-08-22,8,68
2020-08-22,9,43
2020-08-22,10,94
2020-08-22,11,99
2020-08-22,12,85
2020-08-22,13,107
2020-08-22,14,109
2020-08-22,15,88
2020-08-22,16,70
2020-08-22,17,69
2020-08-22,18,58
2020-08-22,19,41
2020-08-22,20,13
2020-08-22,21,0
2020-08-22,22,1
2020-08-22,23,0
2020-08-23,0,0
2020-08-23,1,0
2020-08-23,2,0
2020-08-23,3,0
2020-08-23,4,2
2020-08-23,5,6
2020-08-23,6,15
2020-08-23,7,18
2020-08-23,8,20
2020-08-23,9,73
2020-08-23,10,76
2020-08-23,11,113
2020-08-23,12,113
2020-08-23,13,90
2020-08-23,14,95
2020-08-23,15,73
2020-08-23,16,55
2020-08-23,17,88
2020-08-23,18,55
2020-08-23,19,43
2020-08-23,20,9
2020-08-23,21,0
2020-08-23,22,0
2020-08-23,23,0
2020-08-24,0,0
2020-08-24,1,0
2020-08-24,2,0
2020-08-24,3,0
2020-08-24,4,8
2020-08-24,5,33
2020-08-24,6,101
2020-08-24,7,109
2020-08-24,8,116
2020-08-24,9,63
2020-08-24,10,82
2020-08-24,11,120
2020-08-24,12,101
2020-08-24,13,99
2020-08-24,14,89
2020-08-24,15,83
2020-08-24,16,72
2020-08-24,17,86
2020-08-24,18,71
2020-08-24,19,54
2020-08-24,20,7
2020-08-24,21,0
2020-08-24,22,0
2020-08-24,23,0
2020-08-25,0,0
2020-08-25,1,0
2020-08-25,2,0
2020-08-25,3,0
2020-08-25,4,0
2020-08-25,5,38
2020-08-25,6,101
2020-08-25,7,82
2020-08-25,8,133
2020-08-25,9,93
2020-08-25,10,87
2020-08-25,11,98
2020-08-25,12,84
2020-08-25,13,95
2020-08-25,14,105
2020-08-25,15,72
2020-08-25,16,79
2020-08-25,17,100
2020-08-25,18,84
2020-08-25,19,62
2020-08-25,20,11
2020-08-25,21,12
2020-08-25,22,17
2020-08-25,23,10
2020-08-26,0,4
2020-08-26,1,2
2020-08-26,2,2
2020-08-26,3,0
2020-08-26,4,15
2020-08-26,5,37
2020-08-26,6,85
2020-08-26,7,100
2020-08-26,8,131
2020-08-26,9,60
2020-08-26,10,69
2020-08-26,11,119
2020-08-26,12,117
2020-08-26,13,87
2020-08-26,14,84
2020-08-26,15,75
2020-08-26,16,103
2020-08-26,17,94
2020-08-26,18,93
2020-08-26,19,73
2020-08-26,20,35
2020-08-26,21,5
2020-08-26,22,2
2020-08-26,23,0
2020-08-27,0,0
2020-08-27,1,0
2020-08-27,2,0
2020-08-27,3,0
2020-08-27,4,0
2020-08-27,5,42
2020-08-27,6,99
2020-08-27,7,122
2020-08-27,8,111
2020-08-27,9,121
2020-08-27,10,102
2020-08-27,11,109
2020-08-27,12,110
2020-08-27,13,88
2020-08-27,14,78
2020-08-27,15,60
2020-08-27,16,80
2020-08-27,17,77
2020-08-27,18,66
2020-08-27,19,62
2020-08-27,20,68
2020-08-27,21,33
2020-08-27,22,9
2020-08-27,23,10
2020-08-28,0,6
2020-08-28,1,0
2020-08-28,2,0
2020-08-28,3,0
2020-08-28,4,0
2020-08-28,5,37
2020-08-28,6,89
2020-08-28,7,84
2020-08-28,8,82
2020-08-28,9,103
2020-08-28,10,80
2020-08-28,11,120
2020-08-28,12,107
2020-08-28,13,84
2020-08-28,14,77
2020-08-28,15,108
2020-08-28,16,80
2020-08-28,17,76
2020-08-28,18,75
2020-08-28,19,73
2020-08-28,20,0
2020-08-28,21,0
2020-08-28,22,0
2020-08-28,23,0
2020-08-29,0,0
2020-08-29,1,0
2020-08-29,2,0
2020-08-29,3,0
2020-08-29,4,0
2020-08-29,5,6
2020-08-29,6,26
2020-08-29,7,33
2020-08-29,8,49
2020-08-29,9,80
2020-08-29,10,91
2020-08-29,11,125
2020-08-29,12,140
2020-08-29,13,102
2020-08-29,14,99
2020-08-29,15,93
2020-08-29,16,82
2020-08-29,17,79
2020-08-29,18,92
2020-08-29,19,71
2020-08-29,20,0
2020-08-29,21,0
2020-08-29,22,1
2020-08-29,23,0
2020-08-30,0,0
2020-08-30,1,0
2020-08-30,2,0
2020-08-30,3,0
2020-08-30,4,0
2020-08-30,5,5
2020-08-30,6,10
2020-08-30,7,15
2020-08-30,8,34
2020-08-30,9,55
2020-08-30,10,86
2020-08-30,11,97
2020-08-30,12,96
2020-08-30,13,93
2020-08-30,14,70
2020-08-30,15,69
2020-08-30,16,57
2020-08-30,17,83
2020-08-30,18,60
2020-08-30,19,42
2020-08-30,20,0
2020-08-30,21,0
2020-08-30,22,0
2020-08-30,23,0
2020-08-31,0,0
2020-08-31,1,0
2020-08-31,2,0
2020-08-31,3,0
2020-08-31,4,0
2020-08-31,5,22
2020-08-31,6,78
2020-08-31,7,82
2020-08-31,8,111
2020-08-31,9,75
2020-08-31,10,73
2020-08-31,11,111
2020-08-31,12,94
2020-08-31,13,85
2020-08-31,14,75
2020-08-31,15,80
2020-08-31,16,87
2020-08-31,17,78
2020-08-31,18,61
2020-08-31,19,43
2020-08-31,20,0
2020-08-31,21,0
2020-08-31,22,0
2020-08-31,23,0
2020-09-01,0,0
2020-09-01,1,0
2020-09-01,2,0
2020-09-01,3,0
2020-09-01,4,0
2020-09-01,5,45
2020-09-01,6,73
2020-09-01,7,132
2020-09-01,8,117
2020-09-01,9,75
2020-09-01,10,88
2020-09-01,11,97
2020-09-01,12,88
2020-09-01,13,95
2020-09-01,14,74
2020-09-01,15,73
2020-09-01,16,61
2020-09-01,17,70
2020-09-01,18,61
2020-09-01,19,31
2020-09-01,20,0
2020-09-01,21,0
2020-09-01,22,1
2020-09-01,23,0
2020-09-02,0,0
2020-09-02,1,0
2020-09-02,2,0
2020-09-02,3,0
2020-09-02,4,0
2020-09-02,5,33
2020-09-02,6,78
2020-09-02,7,127
2020-09-02,8,135
2020-09-02,9,88
2020-09-02,10,70
2020-09-02,11,92
2020-09-02,12,77
2020-09-02,13,89
2020-09-02,14,68
2020-09-02,15,79
2020-09-02,16,91
2020-09-02,17,76
2020-09-02,18,50
2020-09-02,19,62
2020-09-02,20,14
2020-09-02,21,3
2020-09-02,22,20
2020-09-02,23,9
2020-09-03,0,3
2020-09-03,1,0
2020-09-03,2,0
2020-09-03,3,0
2020-09-03,4,0
2020-09-03,5,45
2020-09-03,6,105
2020-09-03,7,82
2020-09-03,8,87
2020-09-03,9,94
2020-09-03,10,112
2020-09-03,11,100
2020-09-03,12,87
2020-09-03,13,65
2020-09-03,14,72
2020-09-03,15,87
2020-09-03,16,66
2020-09-03,17,63
2020-09-03,18,56
2020-09-03,19,23
2020-09-03,20,0
2020-09-03,21,0
2020-09-03,22,1
2020-09-03,23,0
2020-09-04,0,0
2020-09-04,1,0
2020-09-04,2,0
2020-09-04,3,0
2020-09-04,4,0
2020-09-04,5,29
2020-09-04,6,80
2020-09-04,7,105
2020-09-04,8,91
2020-09-04,9,98
2020-09-04,10,100
2020-09-04,11,103
2020-09-04,12,94
2020-09-04,13,88
2020-09-04,14,116
2020-09-04,15,91
2020-09-04,16,75
2020-09-04,17,76
2020-09-04,18,64
2020-09-04,19,41
2020-09-04,20,0
2020-09-04,21,3
2020-09-04,22,0
2020-09-04,23,0
2020-09-05,0,0
2020-09-05,1,2
2020-09-05,2,0
2020-09-05,3,0
2020-09-05,4,0
2020-09-05,5,18
2020-09-05,6,22
2020-09-05,7,53
2020-09-05,8,62
2020-09-05,9,44
2020-09-05,10,83
2020-09-05,11,103
2020-09-05,12,96
2020-09-05,13,101
2020-09-05,14,112
2020-09-05,15,68
2020-09-05,16,68
2020-09-05,17,68
2020-09-05,18,77
2020-09-05,19,27
2020-09-05,20,1
2020-09-05,21,0
2020-09-05,22,0
2020-09-05,23,0
2020-09-06,0,0
2020-09-06,1,0
2020-09-06,2,0
2020-09-06,3,0
2020-09-06,4,0
2020-09-06,5,5
2020-09-06,6,12
2020-09-06,7,16
2020-09-06,8,23
2020-09-06,9,47
2020-09-06,10,77
2020-09-06,11,95
2020-09-06,12,101
2020-09-06,13,94
2020-09-06,14,103
2020-09-06,15,77
2020-09-06,16,68
2020-09-06,17,92
2020-09-06,18,74
2020-09-06,19,34
2020-09-06,20,0
2020-09-06,21,0
2020-09-06,22,0
2020-09-06,23,0
2020-09-07,0,0
2020-09-07,1,0
2020-09-07,2,3
2020-09-07,3,6
2020-09-07,4,20
2020-09-07,5,50
2020-09-07,6,114
2020-09-07,7,97
2020-09-07,8,105
2020-09-07,9,99
2020-09-07,10,113
2020-09-07,11,85
2020-09-07,12,83
2020-09-07,13,86
2020-09-07,14,77
2020-09-07,15,71
2020-09-07,16,68
2020-09-07,17,75
2020-09-07,18,57
2020-09-07,19,22
2020-09-07,20,1
2020-09-07,21,0
2020-09-07,22,1
2020-09-07,23,0
2020-09-08,0,0
2020-09-08,1,0
2020-09-08,2,0
2020-09-08,3,0
2020-09-08,4,0
2020-09-08,5,25
2020-09-08,6,101
2020-09-08,7,99
2020-09-08,8,105
2020-09-08,9,87
2020-09-08,10,78
2020-09-08,11,68
2020-09-08,12,77
2020-09-08,13,70
2020-09-08,14,73
2020-09-08,15,66
2020-09-08,16,60
2020-09-08,17,66
2020-09-08,18,69
2020-09-08,19,8
2020-09-08,20,0
2020-09-08,21,15
2020-09-08,22,20
2020-09-08,23,1
2020-09-09,0,0
2020-09-09,1,0
2020-09-09,2,0
2020-09-09,3,0
2020-09-09,4,0
2020-09-09,5,27
2020-09-09,6,84
2020-09-09,7,95
2020-09-09,8,77
2020-09-09,9,63
2020-09-09,10,91
2020-09-09,11,77
2020-09-09,12,72
2020-09-09,13,82
2020-09-09,14,89
2020-09-09,15,85
2020-09-09,16,57
2020-09-09,17,70
2020-09-09,18,73
2020-09-09,19,22
2020-09-09,20,0
2020-09-09,21,0
2020-09-09,22,0
2020-09-09,23,0
2020-09-10,0,0
2020-09-10,1,0
2020-09-10,2,0
2020-09-10,3,0
2020-09-10,4,0
2020-09-10,5,28
2020-09-10,6,93
2020-09-10,7,95
2020-09-10,8,104
2020-09-10,9,84
2020-09-10,10,88
2020-09-10,11,84
2020-09-10,12,90
2020-09-10,13,95
2020-09-10,14,76
2020-09-10,15,79
2020-09-10,16,67
2020-09-10,17,93
2020-09-10,18,62
2020-09-10,19,20
2020-09-10,20,0
2020-09-10,21,1
2020-09-10,22,0
2020-09-10,23,0
2020-09-11,0,2
2020-09-11,1,0
2020-09-11,2,0
2020-09-11,3,0
2020-09-11,4,0
2020-09-11,5,19
2020-09-11,6,70
2020-09-11,7,98
2020-09-11,8,120
2020-09-11,9,107
2020-09-11,10,98
2020-09-11,11,80
2020-09-11,12,139
2020-09-11,13,105
2020-09-11,14,95
2020-09-11,15,92
2020-09-11,16,68
2020-09-11,17,88
2020-09-11,18,90
2020-09-11,19,47
2020-09-11,20,0
2020-09-11,21,0
2020-09-11,22,0
2020-09-11,23,9
2020-09-12,0,0
2020-09-12,1,0
2020-09-12,2,0
2020-09-12,3,0
2020-09-12,4,0
2020-09-12,5,5
2020-09-12,6,37
2020-09-12,7,48
2020-09-12,8,57
2020-09-12,9,65
2020-09-12,10,84
2020-09-12,11,106
2020-09-12,12,110
2020-09-12,13,102
2020-09-12,14,104
2020-09-12,15,79
2020-09-12,16,84
2020-09-12,17,102
2020-09-12,18,98
2020-09-12,19,59
2020-09-12,20,54
2020-09-12,21,35
2020-09-12,22,15
2020-09-12,23,36
2020-09-13,0,13
2020-09-13,1,5
2020-09-13,2,6
2020-09-13,3,10
2020-09-13,4,11
2020-09-13,5,8
2020-09-13,6,16
2020-09-13,7,23
2020-09-13,8,37
2020-09-13,9,55
2020-09-13,10,67
2020-09-13,11,93
2020-09-13,12,112
2020-09-13,13,108
2020-09-13,14,71
2020-09-13,15,67
2020-09-13,16,58
2020-09-13,17,72
2020-09-13,18,65
2020-09-13,19,13
2020-09-13,20,0
2020-09-13,21,0
2020-09-13,22,0
2020-09-13,23,0
2020-09-14,0,0
2020-09-14,1,0
2020-09-14,2,0
2020-09-14,3,0
2020-09-14,4,0
2020-09-14,5,12
2020-09-14,6,65
2020-09-14,7,88
2020-09-14,8,96
2020-09-14,9,76
2020-09-14,10,71
2020-09-14,11,97
2020-09-14,12,96
2020-09-14,13,96
2020-09-14,14,75
2020-09-14,15,76
2020-09-14,16,72
2020-09-14,17,76
2020-09-14,18,62
2020-09-14,19,26
2020-09-14,20,8
2020-09-14,21,0
2020-09-14,22,0
2020-09-14,23,0
2020-09-15,0,0
2020-09-15,1,0
2020-09-15,2,0
2020-09-15,3,0
2020-09-15,4,0
2020-09-15,5,43
2020-09-15,6,110
2020-09-15,7,143
2020-09-15,8,139
2020-09-15,9,91
2020-09-15,10,91
2020-09-15,11,90
2020-09-15,12,92
2020-09-15,13,99
2020-09-15,14,66
2020-09-15,15,102
2020-09-15,16,70
2020-09-15,17,70
2020-09-15,18,64
2020-09-15,19,14
2020-09-15,20,0
2020-09-15,21,0
2020-09-15,22,0
2020-09-15,23,0
2020-09-16,0,0
2020-09-16,1,0
2020-09-16,2,0
2020-09-16,3,0
2020-09-16,4,0
2020-09-16,5,11
2020-09-16,6,90
2020-09-16,7,125
2020-09-16,8,111
2020-09-16,9,86
2020-09-16,10,96
2020-09-16,11,99
2020-09-16,12,97
2020-09-16,13,57
2020-09-16,14,79
2020-09-16,15,77
2020-09-16,16,83
2020-09-16,17,76
2020-09-16,18,46
2020-09-16,19,19
2020-09-16,20,0
2020-09-16,21,0
2020-09-16,22,0
2020-09-16,23,0
2020-09-17,0,0
2020-09-17,1,0
2020-09-17,2,0
2020-09-17,3,0
2020-09-17,4,0
2020-09-17,5,13
2020-09-17,6,88
2020-09-17,7,80
2020-09-17,8,65
2020-09-17,9,150
2020-09-17,10,111
2020-09-17,11,85
2020-09-17,12,90
2020-09-17,13,62
2020-09-17,14,63
2020-09-17,15,60
2020-09-17,16,76
2020-09-17,17,91
2020-09-17,18,61
2020-09-17,19,20
2020-09-17,20,0
2020-09-17,21,0
2020-09-17,22,0
2020-09-17,23,0
2020-09-18,0,0
2020-09-18,1,0
2020-09-18,2,0
2020-09-18,3,0
2020-09-18,4,0
2020-09-18,5,14
2020-09-18,6,74
2020-09-18,7,94
2020-09-18,8,93
2020-09-18,9,74
2020-09-18,10,69
2020-09-18,11,99
2020-09-18,12,83
2020-09-18,13,91
2020-09-18,14,68
2020-09-18,15,92
2020-09-18,16,76
2020-09-18,17,62
2020-09-18,18,72
2020-09-18,19,4
2020-09-18,20,2
2020-09-18,21,0
2020-09-18,22,0
2020-09-18,23,0
2020-09-19,0,0
2020-09-19,1,0
2020-09-19,2,0
2020-09-19,3,0
2020-09-19,4,0
2020-09-19,5,3
2020-09-19,6,24
2020-09-19,7,34
2020-09-19,8,48
2020-09-19,9,49
2020-09-19,10,48
2020-09-19,11,118
2020-09-19,12,99
2020-09-19,13,111
2020-09-19,14,81
2020-09-19,15,66
2020-09-19,16,63
2020-09-19,17,92
2020-09-19,18,70
2020-09-19,19,6
2020-09-19,20,1
2020-09-19,21,0
2020-09-19,22,0
2020-09-19,23,0
2020-09-20,0,0
2020-09-20,1,0
2020-09-20,2,0
2020-09-20,3,0
2020-09-20,4,0
2020-09-20,5,0
2020-09-20,6,17
2020-09-20,7,25
2020-09-20,8,40
2020-09-20,9,46
2020-09-20,10,76
2020-09-20,11,69
2020-09-20,12,97
2020-09-20,13,100
2020-09-20,14,87
2020-09-20,15,72
2020-09-20,16,61
2020-09-20,17,80
2020-09-20,18,57
2020-09-20,19,1
2020-09-20,20,0
2020-09-20,21,0
2020-09-20,22,0
2020-09-20,23,0
2020-09-21,0,0
2020-09-21,1,0
2020-09-21,2,0
2020-09-21,3,0
2020-09-21,4,0
2020-09-21,5,0
2020-09-21,6,84
2020-09-21,7,112
2020-09-21,8,111
2020-09-21,9,76
2020-09-21,10,74
2020-09-21,11,99
2020-09-21,12,94
2020-09-21,13,79
2020-09-21,14,104
2020-09-21,15,50
2020-09-21,16,67
2020-09-21,17,55
2020-09-21,18,50
2020-09-21,19,2
2020-09-21,20,0
2020-09-21,21,0
2020-09-21,22,0
2020-09-21,23,1
2020-09-22,0,0
2020-09-22,1,0
2020-09-22,2,0
2020-09-22,3,0
2020-09-22,4,0
2020-09-22,5,0
2020-09-22,6,74
2020-09-22,7,110
2020-09-22,8,114
2020-09-22,9,105
2020-09-22,10,88
2020-09-22,11,84
2020-09-22,12,76
2020-09-22,13,80
2020-09-22,14,80
2020-09-22,15,84
2020-09-22,16,72
2020-09-22,17,75
2020-09-22,18,67
2020-09-22,19,35
2020-09-22,20,8
2020-09-22,21,4
2020-09-22,22,0
2020-09-22,23,0
2020-09-23,0,0
2020-09-23,1,0
2020-09-23,2,0
2020-09-23,3,0
2020-09-23,4,0
2020-09-23,5,9
2020-09-23,6,84
2020-09-23,7,78
2020-09-23,8,74
2020-09-23,9,60
2020-09-23,10,83
2020-09-23,11,76
2020-09-23,12,89
2020-09-23,13,72
2020-09-23,14,65
2020-09-23,15,67
2020-09-23,16,82
2020-09-23,17,67
2020-09-23,18,62
2020-09-23,19,0
2020-09-23,20,0
2020-09-23,21,0
2020-09-23,22,0
2020-09-23,23,0
2020-09-24,0,0
2020-09-24,1,0
2020-09-24,2,0
2020-09-24,3,0
2020-09-24,4,0
2020-09-24,5,0
2020-09-24,6,85
2020-09-24,7,92
2020-09-24,8,92
2020-09-24,9,62
2020-09-24,10,84
2020-09-24,11,88
2020-09-24,12,99
2020-09-24,13,74
2020-09-24,14,70
2020-09-24,15,95
2020-09-24,16,82
2020-09-24,17,76
2020-09-24,18,78
2020-09-24,19,0
2020-09-24,20,0
2020-09-24,21,0
2020-09-24,22,0
2020-09-24,23,0
2020-09-25,0,0
2020-09-25,12,112
2020-09-25,13,100
2020-09-25,14,95
2020-09-25,15,67
2020-09-25,16,62
2020-09-25,17,88
2020-09-25,18,63
2020-09-25,19,0
2020-09-25,20,0
2020-09-25,21,0
2020-09-25,22,0
2020-09-25,23,0
2020-09-26,0,0
2020-09-26,1,0
2020-09-26,2,0
2020-09-26,3,0
2020-09-26,4,0
2020-09-26,5,1
2020-09-26,6,22
2020-09-26,7,28
2020-09-26,8,28
2020-09-26,9,34
2020-09-26,10,83
2020-09-26,11,116
2020-09-26,12,134
2020-09-26,13,92
2020-09-26,14,102
2020-09-26,15,90
2020-09-26,16,83
2020-09-26,17,85
2020-09-26,18,66
2020-09-26,19,0
2020-09-26,20,0
2020-09-26,21,0
2020-09-26,22,0
2020-09-26,23,0
2020-09-27,0,0
2020-09-27,1,0
2020-09-27,2,0
2020-09-27,3,0
2020-09-27,4,0
2020-09-27,5,0
2020-09-27,6,12
2020-09-27,7,16
2020-09-27,8,24
2020-09-27,9,32
2020-09-27,10,45
2020-09-27,11,94
2020-09-27,12,89
2020-09-27,13,118
2020-09-27,14,86
2020-09-27,15,64
2020-09-27,16,58
2020-09-27,17,78
2020-09-27,18,33
2020-09-27,19,1
2020-09-27,20,0
2020-09-27,21,0
2020-09-27,22,0
2020-09-27,23,0
2020-09-28,0,0
2020-09-28,1,0
2020-09-28,2,0
2020-09-28,3,0
2020-09-28,4,0
2020-09-28,5,0
2020-09-28,6,34
2020-09-28,7,74
2020-09-28,8,55
2020-09-28,9,69
2020-09-28,10,79
2020-09-28,11,102
2020-09-28,12,80
2020-09-28,13,77
2020-09-28,14,94
2020-09-28,15,80
2020-09-28,16,75
2020-09-28,17,84
2020-09-28,18,51
2020-09-28,19,0
2020-09-28,20,1
2020-09-28,21,0
2020-09-28,22,0
2020-09-28,23,0
2020-09-29,0,0
2020-09-29,1,0
2020-09-29,2,0
2020-09-29,3,0
2020-09-29,4,0
2020-09-29,5,0
2020-09-29,6,67
2020-09-29,7,103
2020-09-29,8,101
2020-09-29,9,91
2020-09-29,10,88
2020-09-29,11,74
2020-09-29,12,69
2020-09-29,13,65
2020-09-29,14,76
2020-09-29,15,70
2020-09-29,16,63
2020-09-29,17,66
2020-09-29,18,29
2020-09-29,19,0
2020-09-29,20,0
2020-09-29,21,0
2020-09-29,22,0
2020-09-29,23,0
2020-09-30,0,0
2020-09-30,1,0
2020-09-30,2,0
2020-09-30,3,0
2020-09-30,4,12
2020-09-30,5,66
2020-09-30,6,92
2020-09-30,7,121
2020-09-30,8,112
2020-09-30,9,80
2020-09-30,10,70
2020-09-30,11,76
2020-09-30,12,88
2020-09-30,13,92
2020-09-30,14,69
2020-09-30,15,93
2020-09-30,16,68
2020-09-30,17,81
2020-09-30,18,31
2020-09-30,19,0
2020-09-30,20,26
2020-09-30,21,7
2020-09-30,22,0
2020-09-30,23,0
2020-10-01,0,0
2020-10-01,1,0
2020-10-01,2,0
2020-10-01,3,0
2020-10-01,4,19
2020-10-01,5,24
2020-10-01,6,100
2020-10-01,7,102
2020-10-01,8,79
2020-10-01,9,58
2020-10-01,10,52
2020-10-01,11,102
2020-10-01,12,70
2020-10-01,13,101
2020-10-01,14,55
2020-10-01,15,64
2020-10-01,16,68
2020-10-01,17,63
2020-10-01,18,32
2020-10-01,19,0
2020-10-01,20,1
2020-10-01,21,0
2020-10-01,22,0
2020-10-01,23,0
2020-10-02,0,0
2020-10-02,1,0
2020-10-02,2,0
2020-10-02,3,0
2020-10-02,4,0
2020-10-02,5,0
2020-10-02,6,63
2020-10-02,7,92
2020-10-02,8,77
2020-10-02,9,41
2020-10-02,10,65
2020-10-02,11,100
2020-10-02,12,111
2020-10-02,13,83
2020-10-02,14,67
2020-10-02,15,72
2020-10-02,16,64
2020-10-02,17,90
2020-10-02,18,37
2020-10-02,19,2
2020-10-02,20,0
2020-10-02,21,1
2020-10-02,22,1
2020-10-02,23,0
2020-10-03,0,0
2020-10-03,1,0
2020-10-03,2,0
2020-10-03,3,0
2020-10-03,4,0
2020-10-03,5,0
2020-10-03,6,12
2020-10-03,7,53
2020-10-03,8,97
2020-10-03,9,95
2020-10-03,10,91
2020-10-03,11,121
2020-10-03,12,129
2020-10-03,13,142
2020-10-03,14,143
2020-10-03,15,75
2020-10-03,16,105
2020-10-03,17,128
2020-10-03,18,133
2020-10-03,19,104
2020-10-03,20,68
2020-10-03,21,67
2020-10-03,22,15
2020-10-03,23,11
2020-10-04,0,10
2020-10-04,1,8
2020-10-04,2,4
2020-10-04,3,7
2020-10-04,4,6
2020-10-04,5,6
2020-10-04,6,27
2020-10-04,7,30
2020-10-04,8,44
2020-10-04,9,63
2020-10-04,10,87
2020-10-04,11,104
2020-10-04,12,90
2020-10-04,13,94
2020-10-04,14,83
2020-10-04,15,75
2020-10-04,16,73
2020-10-04,17,89
2020-10-04,18,34
2020-10-04,19,0
2020-10-04,20,0
2020-10-04,21,1
2020-10-04,22,7
2020-10-04,23,0
2020-10-05,0,0
2020-10-05,1,0
2020-10-05,2,1
2020-10-05,3,0
2020-10-05,4,0
2020-10-05,5,1
2020-10-05,6,88
2020-10-05,7,111
2020-10-05,8,96
2020-10-05,9,88
2020-10-05,10,88
2020-10-05,11,66
2020-10-05,12,88
2020-10-05,13,83
2020-10-05,14,66
2020-10-05,15,72
2020-10-05,16,65
2020-10-05,17,98
2020-10-05,18,91
2020-10-05,19,25
2020-10-05,20,2
2020-10-05,21,1
2020-10-05,22,0
2020-10-05,23,0
2020-10-06,0,0
2020-10-06,1,0
2020-10-06,2,2
2020-10-06,3,4
2020-10-06,4,2
2020-10-06,5,6
2020-10-06,6,61
2020-10-06,7,125
2020-10-06,8,129
2020-10-06,9,57
2020-10-06,10,76
2020-10-06,11,76
2020-10-06,12,86
2020-10-06,13,64
2020-10-06,14,74
2020-10-06,15,96
2020-10-06,16,62
2020-10-06,17,61
2020-10-06,18,21
2020-10-06,19,0
2020-10-06,20,0
2020-10-06,21,0
2020-10-06,22,0
2020-10-06,23,0
2020-10-07,0,0
2020-10-07,1,0
2020-10-07,2,0
2020-10-07,3,0
2020-10-07,4,1
2020-10-07,5,0
2020-10-07,6,54
2020-10-07,7,104
2020-10-07,8,90
2020-10-07,9,79
2020-10-07,10,61
2020-10-07,11,104
2020-10-07,12,80
2020-10-07,13,69
2020-10-07,14,59
2020-10-07,15,68
2020-10-07,16,78
2020-10-07,17,77
2020-10-07,18,15
2020-10-07,19,4
2020-10-07,20,16
2020-10-07,21,5
2020-10-07,22,0
2020-10-07,23,0
2020-10-08,0,0
2020-10-08,1,0
2020-10-08,2,0
2020-10-08,3,0
2020-10-08,4,4
2020-10-08,5,12
2020-10-08,6,71
2020-10-08,7,99
2020-10-08,8,106
2020-10-08,9,77
2020-10-08,10,90
2020-10-08,11,96
2020-10-08,12,80
2020-10-08,13,76
2020-10-08,14,59
2020-10-08,15,79
2020-10-08,16,83
2020-10-08,17,80
2020-10-08,18,21
2020-10-08,19,0
2020-10-08,20,0
2020-10-08,21,0
2020-10-08,22,0
2020-10-08,23,0
2020-10-09,0,2
2020-10-09,1,2
2020-10-09,2,2
2020-10-09,3,1
2020-10-09,4,0
2020-10-09,5,4
2020-10-09,6,48
2020-10-09,7,82
2020-10-09,8,71
2020-10-09,9,62
2020-10-09,10,68
2020-10-09,11,113
2020-10-09,12,111
2020-10-09,13,74
2020-10-09,14,84
2020-10-09,15,95
2020-10-09,16,80
2020-10-09,17,99
2020-10-09,18,22
2020-10-09,19,3
2020-10-09,20,0
2020-10-09,21,0
2020-10-09,22,0
2020-10-09,23,0
2020-10-10,0,0
2020-10-10,1,0
2020-10-10,2,0
2020-10-10,3,0
2020-10-10,4,2
2020-10-10,5,0
2020-10-10,6,14
2020-10-10,7,37
2020-10-10,8,69
2020-10-10,9,59
2020-10-10,10,57
2020-10-10,11,86
2020-10-10,12,104
2020-10-10,13,78
2020-10-10,14,78
2020-10-10,15,76
2020-10-10,16,79
2020-10-10,17,74
2020-10-10,18,10
2020-10-10,19,2
2020-10-10,20,0
2020-10-10,21,0
2020-10-10,22,0
2020-10-10,23,0
2020-10-11,0,0
2020-10-11,1,0
2020-10-11,2,0
2020-10-11,3,0
2020-10-11,4,0
2020-10-11,5,0
2020-10-11,6,2
2020-10-11,7,22
2020-10-11,8,32
2020-10-11,9,33
2020-10-11,10,46
2020-10-11,11,81
2020-10-11,12,97
2020-10-11,13,83
2020-10-11,14,66
2020-10-11,15,76
2020-10-11,16,38
2020-10-11,17,61
2020-10-11,18,1
2020-10-11,19,0
2020-10-11,20,0
2020-10-11,21,0
2020-10-11,22,0
2020-10-11,23,0
2020-10-12,0,0
2020-10-12,1,0
2020-10-12,2,0
2020-10-12,3,0
2020-10-12,4,0
2020-10-12,5,54
2020-10-12,6,119
2020-10-12,7,138
2020-10-12,8,77
2020-10-12,9,72
2020-10-12,10,91
2020-10-12,11,94
2020-10-12,12,85
2020-10-12,13,86
2020-10-12,14,68
2020-10-12,15,55
2020-10-12,16,82
2020-10-12,17,47
2020-10-12,18,3
2020-10-12,19,0
2020-10-12,20,0
2020-10-12,21,0
2020-10-12,22,0
2020-10-12,23,0
2020-10-13,0,0
2020-10-13,1,0
2020-10-13,2,0
2020-10-13,3,0
2020-10-13,4,0
2020-10-13,5,0
2020-10-13,6,84
2020-10-13,7,109
2020-10-13,8,78
2020-10-13,9,88
2020-10-13,10,71
2020-10-13,11,84
2020-10-13,12,97
2020-10-13,13,84
2020-10-13,14,70
2020-10-13,15,77
2020-10-13,16,70
2020-10-13,17,44
2020-10-13,18,0
2020-10-13,19,3
2020-10-13,20,0
2020-10-13,21,0
2020-10-13,22,0
2020-10-13,23,0
2020-10-14,0,0
2020-10-14,1,0
2020-10-14,2,0
2020-10-14,3,0
2020-10-14,4,0
2020-10-14,5,18
2020-10-14,6,72
2020-10-14,7,105
2020-10-14,8,98
2020-10-14,9,77
2020-10-14,10,72
2020-10-14,11,84
2020-10-14,12,89
2020-10-14,13,92
2020-10-14,14,71
2020-10-14,15,54
2020-10-14,16,77
2020-10-14,17,60
2020-10-14,18,1
2020-10-14,19,0
2020-10-14,20,0
2020-10-14,21,0
2020-10-14,22,0
2020-10-14,23,0
2020-10-15,0,0
2020-10-15,1,0
2020-10-15,2,0
2020-10-15,3,0
2020-10-15,4,0
2020-10-15,5,0
2020-10-15,6,36
2020-10-15,7,104
2020-10-15,8,100
2020-10-15,9,95
2020-10-15,10,77
2020-10-15,11,74
2020-10-15,12,74
2020-10-15,13,90
2020-10-15,14,80
2020-10-15,15,81
2020-10-15,16,56
2020-10-15,17,52
2020-10-15,18,0
2020-10-15,19,0
2020-10-15,20,0
2020-10-15,21,0
2020-10-15,22,0
2020-10-15,23,0
2020-10-16,0,0
2020-10-16,1,0
2020-10-16,2,0
2020-10-16,3,0
2020-10-16,4,0
2020-10-16,5,0
2020-10-16,6,33
2020-10-16,7,98
2020-10-16,8,81
2020-10-16,9,49
2020-10-16,10,58
2020-10-16,11,97
2020-10-16,12,110
2020-10-16,13,90
2020-10-16,14,91
2020-10-16,15,65
2020-10-16,16,79
2020-10-16,17,49
2020-10-16,18,0
2020-10-16,19,0
2020-10-16,20,0
2020-10-16,21,0
2020-10-16,22,0
2020-10-16,23,0
2020-10-17,0,0
2020-10-17,1,0
2020-10-17,2,0
2020-10-17,3,0
2020-10-17,4,0
2020-10-17,5,0
2020-10-17,6,3
2020-10-17,7,30
2020-10-17,8,58
2020-10-17,9,67
2020-10-17,10,73
2020-10-17,11,70
2020-10-17,12,74
2020-10-17,13,68
2020-10-17,14,73
2020-10-17,15,60
2020-10-17,16,60
2020-10-17,17,37
2020-10-17,18,0
2020-10-17,19,0
2020-10-17,20,0
2020-10-17,21,0
2020-10-17,22,0
2020-10-17,23,0
2020-10-18,0,0
2020-10-18,1,2
2020-10-18,2,0
2020-10-18,3,2
2020-10-18,4,1
2020-10-18,5,0
2020-10-18,6,11
2020-10-18,7,15
2020-10-18,8,37
2020-10-18,9,49
2020-10-18,10,58
2020-10-18,11,84
2020-10-18,12,83
2020-10-18,13,85
2020-10-18,14,79
2020-10-18,15,56
2020-10-18,16,55
2020-10-18,17,40
2020-10-18,18,2
2020-10-18,19,1
2020-10-18,20,0
2020-10-18,21,0
2020-10-18,22,0
2020-10-18,23,0
2020-10-19,0,0
2020-10-19,1,0
2020-10-19,2,0
2020-10-19,3,9
2020-10-19,4,20
2020-10-19,5,60
2020-10-19,6,99
2020-10-19,7,113
2020-10-19,8,108
2020-10-19,9,77
2020-10-19,10,55
2020-10-19,11,67
2020-10-19,12,86
2020-10-19,13,96
2020-10-19,14,64
2020-10-19,15,71
2020-10-19,16,86
2020-10-19,17,81
2020-10-19,18,73
2020-10-19,19,45
2020-10-19,20,29
2020-10-19,21,33
2020-10-19,22,2
2020-10-19,23,7
2020-10-20,0,2
2020-10-20,1,4
2020-10-20,2,0
2020-10-20,3,6
2020-10-20,4,19
2020-10-20,5,53
2020-10-20,6,53
2020-10-20,7,125
2020-10-20,8,114
2020-10-20,9,85
2020-10-20,10,81
2020-10-20,11,83
2020-10-20,12,73
2020-10-20,13,81
2020-10-20,14,65
2020-10-20,15,82
2020-10-20,16,85
2020-10-20,17,38
2020-10-20,18,17
2020-10-20,19,28
2020-10-20,20,0
2020-10-20,21,0
2020-10-20,22,2
2020-10-20,23,3
2020-10-21,0,0
2020-10-21,1,0
2020-10-21,2,0
2020-10-21,3,0
2020-10-21,4,0
2020-10-21,5,0
2020-10-21,6,26
2020-10-21,7,121
2020-10-21,8,82
2020-10-21,9,91
2020-10-21,10,71
2020-10-21,11,81
2020-10-21,12,99
2020-10-21,13,79
2020-10-21,14,74
2020-10-21,15,74
2020-10-21,16,75
2020-10-21,17,34
2020-10-21,18,3
2020-10-21,19,1
2020-10-21,20,0
2020-10-21,21,0
2020-10-21,22,0
2020-10-21,23,0
2020-10-22,0,2
2020-10-22,1,0
2020-10-22,2,0
2020-10-22,3,11
2020-10-22,4,5
2020-10-22,5,6
2020-10-22,6,32
2020-10-22,7,132
2020-10-22,8,107
2020-10-22,9,104
2020-10-22,10,82
2020-10-22,11,78
2020-10-22,12,70
2020-10-22,13,63
2020-10-22,14,66
2020-10-22,15,68
2020-10-22,16,54
2020-10-22,17,23
2020-10-22,18,1
2020-10-22,19,0
2020-10-22,20,0
2020-10-22,21,0
2020-10-22,22,0
2020-10-22,23,0
2020-10-23,0,0
2020-10-23,1,0
2020-10-23,2,0
2020-10-23,3,0
2020-10-23,4,0
2020-10-23,5,0
2020-10-23,6,30
2020-10-23,7,142
2020-10-23,8,104
2020-10-23,9,98
2020-10-23,10,85
2020-10-23,11,108
2020-10-23,12,97
2020-10-23,13,76
2020-10-23,14,75
2020-10-23,15,84
2020-10-23,16,60
2020-10-23,17,64
2020-10-23,18,30
2020-10-23,19,5
2020-10-23,20,5
2020-10-23,21,0
2020-10-23,22,0
2020-10-23,23,0
2020-10-24,0,0
2020-10-24,1,0
2020-10-24,2,3
2020-10-24,3,2
2020-10-24,4,9
2020-10-24,5,26
2020-10-24,6,49
2020-10-24,7,70
2020-10-24,8,71
2020-10-24,9,78
2020-10-24,10,80
2020-10-24,11,108
2020-10-24,12,109
2020-10-24,13,95
2020-10-24,14,98
2020-10-24,15,91
2020-10-24,16,63
2020-10-24,17,26
2020-10-24,18,0
2020-10-24,19,2
2020-10-24,20,6
2020-10-24,21,0
2020-10-24,22,1
2020-10-24,23,0
2020-10-25,0,0
2020-10-25,1,0
2020-10-25,2,0
2020-10-25,3,0
2020-10-25,4,0
2020-10-25,5,0
2020-10-25,6,0
2020-10-25,7,16
2020-10-25,8,35
2020-10-25,9,47
2020-10-25,10,82
2020-10-25,11,107
2020-10-25,12,112
2020-10-25,13,72
2020-10-25,14,104
2020-10-25,15,68
2020-10-25,16,58
2020-10-25,17,41
2020-10-25,18,0
2020-10-25,19,0
2020-10-25,20,0
2020-10-25,21,0
2020-10-25,22,0
2020-10-25,23,0
2020-10-26,0,1
2020-10-26,1,0
2020-10-26,2,2
2020-10-26,3,0
2020-10-26,4,0
2020-10-26,5,1
2020-10-26,6,24
2020-10-26,7,132
2020-10-26,8,122
2020-10-26,9,134
2020-10-26,10,108
2020-10-26,11,79
2020-10-26,12,88
2020-10-26,13,78
2020-10-26,14,81
2020-10-26,15,85
2020-10-26,16,72
2020-10-26,17,35
2020-10-26,18,0
2020-10-26,19,0
2020-10-26,20,0
2020-10-26,21,0
2020-10-26,22,0
2020-10-26,23,0
2020-10-27,0,0
2020-10-27,1,0
2020-10-27,2,0
2020-10-27,3,0
2020-10-27,4,0
2020-10-27,5,4
2020-10-27,6,21
2020-10-27,7,79
2020-10-27,8,140
2020-10-27,9,92
2020-10-27,10,112
2020-10-27,11,89
2020-10-27,12,64
2020-10-27,13,74
2020-10-27,14,97
2020-10-27,15,65
2020-10-27,16,70
2020-10-27,17,107
2020-10-27,18,37
2020-10-27,19,9
2020-10-27,20,3
2020-10-27,21,0
2020-10-27,22,3
2020-10-27,23,4
2020-10-28,0,4
2020-10-28,1,0
2020-10-28,2,0
2020-10-28,3,0
2020-10-28,4,0
2020-10-28,5,0
2020-10-28,6,24
2020-10-28,7,100
2020-10-28,8,90
2020-10-28,9,92
2020-10-28,10,69
2020-10-28,11,70
2020-10-28,12,76
2020-10-28,13,93
2020-10-28,14,91
2020-10-28,15,64
2020-10-28,16,82
2020-10-28,17,28
2020-10-28,18,0
2020-10-28,19,0
2020-10-28,20,42
2020-10-28,21,19
2020-10-28,22,8
2020-10-28,23,1
2020-10-29,0,0
2020-10-29,1,0
2020-10-29,2,1
2020-10-29,3,2
2020-10-29,4,0
2020-10-29,5,2
2020-10-29,6,13
2020-10-29,7,64
2020-10-29,8,137
2020-10-29,9,109
2020-10-29,10,96
2020-10-29,11,95
2020-10-29,12,89
2020-10-29,13,98
2020-10-29,14,116
2020-10-29,15,92
2020-10-29,16,94
2020-10-29,17,123
2020-10-29,18,54
2020-10-29,19,21
2020-10-29,20,26
2020-10-29,21,3
2020-10-29,22,0
2020-10-29,23,0
2020-10-30,0,0
2020-10-30,1,1
2020-10-30,2,1
2020-10-30,3,0
2020-10-30,4,0
2020-10-30,5,1
2020-10-30,6,2
2020-10-30,7,62
2020-10-30,8,120
2020-10-30,9,81
2020-10-30,10,36
2020-10-30,11,89
2020-10-30,12,103
2020-10-30,13,82
2020-10-30,14,110
2020-10-30,15,104
2020-10-30,16,75
2020-10-30,21,0
2020-10-30,22,0
2020-10-30,23,0
2020-10-31,0,0
2020-10-31,1,0
2020-10-31,2,0
2020-10-31,3,2
2020-10-31,4,6
2020-10-31,5,9
2020-10-31,6,10
2020-10-31,7,44
2020-10-31,8,74
2020-10-31,9,99
2020-10-31,10,83
2020-10-31,11,82
2020-10-31,12,86
2020-10-31,13,96
2020-10-31,14,109
2020-10-31,15,76
2020-10-31,16,89
2020-10-31,17,102
2020-10-31,18,103
2020-10-31,19,64
2020-10-31,20,15
2020-10-31,21,0
2020-10-31,22,0
2020-10-31,23,0
2020-11-01,0,0
2020-11-01,1,0
2020-11-01,2,5
2020-11-01,3,6
2020-11-01,4,0
2020-11-01,5,1
2020-11-01,6,22
2020-11-01,7,27
2020-11-01,8,10
2020-11-01,9,22
2020-11-01,10,72
2020-11-01,11,53
2020-11-01,12,76
2020-11-01,13,79
2020-11-01,14,89
2020-11-01,15,98
2020-11-01,16,78
2020-11-01,17,95
2020-11-01,18,60
2020-11-01,19,70
2020-11-01,20,63
2020-11-01,21,23
2020-11-01,22,20
2020-11-01,23,11
2020-11-02,0,0
2020-11-02,1,0
2020-11-02,2,0
2020-11-02,3,3
2020-11-02,4,5
2020-11-02,5,9
2020-11-02,6,53
2020-11-02,7,105
2020-11-02,8,130
2020-11-02,9,119
2020-11-02,10,108
2020-11-02,11,81
2020-11-02,12,94
2020-11-02,13,96
2020-11-02,14,61
2020-11-02,15,76
2020-11-02,16,82
2020-11-02,17,29
2020-11-02,18,0
2020-11-02,19,0
2020-11-02,20,0
2020-11-02,21,0
2020-11-02,22,10
2020-11-02,23,10
2020-11-03,0,2
2020-11-03,1,6
2020-11-03,2,5
2020-11-03,3,4
2020-11-03,4,2
2020-11-03,5,23
2020-11-03,6,82
2020-11-03,7,144
2020-11-03,8,151
2020-11-03,9,99
2020-11-03,10,91
2020-11-03,11,91
2020-11-03,12,81
2020-11-03,13,79
2020-11-03,14,76
2020-11-03,15,80
2020-11-03,16,81
2020-11-03,17,25
2020-11-03,18,0
2020-11-03,19,0
2020-11-03,20,0
2020-11-03,21,0
2020-11-03,22,0
2020-11-03,23,0
2020-11-04,0,0
2020-11-04,1,0
2020-11-04,2,0
2020-11-04,3,0
2020-11-04,4,0
2020-11-04,5,0
2020-11-04,6,0
2020-11-04,7,75
2020-11-04,8,112
2020-11-04,9,99
2020-11-04,10,78
2020-11-04,11,78
2020-11-04,12,102
2020-11-04,13,94
2020-11-04,14,55
2020-11-04,15,80
2020-11-04,16,93
2020-11-04,17,19
2020-11-04,18,1
2020-11-04,19,1
2020-11-04,20,0
2020-11-04,21,0
2020-11-04,22,0
2020-11-04,23,0
2020-11-05,0,0
2020-11-05,1,0
2020-11-05,2,0
2020-11-05,3,0
2020-11-05,4,0
2020-11-05,5,0
2020-11-05,6,1
2020-11-05,7,53
2020-11-05,8,107
2020-11-05,9,41
2020-11-05,10,33
2020-11-05,11,68
2020-11-05,12,59
2020-11-05,13,98
2020-11-05,14,80
2020-11-05,15,91
2020-11-05,16,68
2020-11-05,17,5
2020-11-05,18,0
2020-11-05,19,0
2020-11-05,20,0
2020-11-05,21,0
2020-11-05,22,0
2020-11-05,23,0
2020-11-06,0,0
2020-11-06,1,0
2020-11-06,2,0
2020-11-06,3,0
2020-11-06,4,0
2020-11-06,5,0
2020-11-06,6,0
2020-11-06,7,43
2020-11-06,8,105
2020-11-06,9,85
2020-11-06,10,100
2020-11-06,11,70
2020-11-06,12,68
2020-11-06,13,100
2020-11-06,14,95
2020-11-06,15,90
2020-11-06,16,77
2020-11-06,17,14
2020-11-06,18,2
2020-11-06,19,1
2020-11-06,20,0
2020-11-06,21,1
2020-11-06,22,0
2020-11-06,23,0
2020-11-07,0,0
2020-11-07,1,0
2020-11-07,2,0
2020-11-07,3,0
2020-11-07,4,2
2020-11-07,5,0
2020-11-07,6,0
2020-11-07,7,17
2020-11-07,8,41
2020-11-07,9,77
2020-11-07,10,64
2020-11-07,11,71
2020-11-07,12,83
2020-11-07,13,102
2020-11-07,14,105
2020-11-07,15,110
2020-11-07,16,70
2020-11-07,17,0
2020-11-07,18,1
2020-11-07,19,0
2020-11-07,20,0
2020-11-07,21,0
2020-11-07,22,0
2020-11-07,23,0
2020-11-08,0,0
2020-11-08,1,0
2020-11-08,2,0
2020-11-08,3,0
2020-11-08,4,0
2020-11-08,5,0
2020-11-08,6,0
2020-11-08,7,4
2020-11-08,8,32
2020-11-08,9,33
2020-11-08,10,85
2020-11-08,11,78
2020-11-08,12,111
2020-11-08,13,101
2020-11-08,14,93
2020-11-08,15,81
2020-11-08,16,72
2020-11-08,17,4
2020-11-08,18,4
2020-11-08,19,28
2020-11-08,20,5
2020-11-08,21,0
2020-11-08,22,0
2020-11-08,23,0
2020-11-09,0,0
2020-11-09,1,0
2020-11-09,2,0
2020-11-09,3,0
2020-11-09,4,0
2020-11-09,5,1
2020-11-09,6,6
2020-11-09,7,54
2020-11-09,8,93
2020-11-09,9,72
2020-11-09,10,83
2020-11-09,11,78
2020-11-09,12,96
2020-11-09,13,91
2020-11-09,14,68
2020-11-09,15,55
2020-11-09,16,75
2020-11-09,17,7
2020-11-09,18,2
2020-11-09,19,0
2020-11-09,20,2
2020-11-09,21,0
2020-11-09,22,0
2020-11-09,23,0
2020-11-10,0,0
2020-11-10,1,0
2020-11-10,2,0
2020-11-10,3,0
2020-11-10,4,0
2020-11-10,5,0
2020-11-10,6,0
2020-11-10,7,43
2020-11-10,8,112
2020-11-10,9,102
2020-11-10,10,112
2020-11-10,11,90
2020-11-10,12,80
2020-11-10,13,74
2020-11-10,14,86
2020-11-10,15,74
2020-11-10,16,62
2020-11-10,17,5
2020-11-10,18,3
2020-11-10,19,4
2020-11-10,20,6
2020-11-10,21,0
2020-11-10,22,0
2020-11-10,23,0
2020-11-11,0,0
2020-11-11,1,0
2020-11-11,2,0
2020-11-11,3,0
2020-11-11,4,0
2020-11-11,5,0
2020-11-11,6,29
2020-11-11,7,94
2020-11-11,8,144
2020-11-11,9,126
2020-11-11,10,107
2020-11-11,11,68
2020-11-11,12,84
2020-11-11,13,51
2020-11-11,14,85
2020-11-11,15,70
2020-11-11,16,92
2020-11-11,17,59
2020-11-11,18,8
2020-11-11,19,21
2020-11-11,20,34
2020-11-11,21,0
2020-11-11,22,6
2020-11-11,23,17
2020-11-12,0,0
2020-11-12,1,0
2020-11-12,2,0
2020-11-12,3,0
2020-11-12,4,0
2020-11-12,5,0
2020-11-12,6,3
2020-11-12,7,56
2020-11-12,8,111
2020-11-12,9,106
2020-11-12,10,78
2020-11-12,11,79
2020-11-12,12,76
2020-11-12,13,100
2020-11-12,14,98
2020-11-12,15,66
2020-11-12,16,64
2020-11-12,17,0
2020-11-12,18,0
2020-11-12,19,0
2020-11-12,20,0
2020-11-12,21,0
2020-11-12,22,0
2020-11-12,23,0
2020-11-13,0,0
2020-11-13,1,2
2020-11-13,2,1
2020-11-13,3,3
2020-11-13,4,3
2020-11-13,5,12
2020-11-13,6,8
2020-11-13,7,57
2020-11-13,8,116
2020-11-13,9,125
2020-11-13,10,92
2020-11-13,11,96
2020-11-13,12,81
2020-11-13,13,98
2020-11-13,14,75
2020-11-13,15,75
2020-11-13,16,71
2020-11-13,17,0
2020-11-13,18,0
2020-11-13,19,0
2020-11-13,20,0
2020-11-13,21,0
2020-11-13,22,0
2020-11-13,23,0
2020-11-14,0,0
2020-11-14,1,2
2020-11-14,2,0
2020-11-14,3,1
2020-11-14,4,0
2020-11-14,5,0
2020-11-14,6,15
2020-11-14,7,42
2020-11-14,8,66
2020-11-14,9,74
2020-11-14,10,102
2020-11-14,11,96
2020-11-14,12,95
2020-11-14,13,115
2020-11-14,14,113
2020-11-14,15,106
2020-11-14,16,84
2020-11-14,17,86
2020-11-14,18,78
2020-11-14,19,12
2020-11-14,20,17
2020-11-14,21,29
2020-11-14,22,18
2020-11-14,23,14
2020-11-15,0,15
2020-11-15,1,0
2020-11-15,2,0
2020-11-15,3,0
2020-11-15,4,0
2020-11-15,5,1
2020-11-15,6,0
2020-11-15,7,6
2020-11-15,8,28
2020-11-15,9,47
2020-11-15,10,89
2020-11-15,11,91
2020-11-15,12,112
2020-11-15,13,103
2020-11-15,14,93
2020-11-15,15,76
2020-11-15,16,91
2020-11-15,17,74
2020-11-15,18,23
2020-11-15,19,9
2020-11-15,20,0
2020-11-15,21,2
2020-11-15,22,1
2020-11-15,23,0
2020-11-16,0,0
2020-11-16,1,0
2020-11-16,2,0
2020-11-16,3,0
2020-11-16,4,1
2020-11-16,5,12
2020-11-16,6,6
2020-11-16,7,34
2020-11-16,8,104
2020-11-16,9,126
2020-11-16,10,46
2020-11-16,11,77
2020-11-16,12,90
2020-11-16,13,67
2020-11-16,14,80
2020-11-16,15,69
2020-11-16,16,70
2020-11-16,17,0
2020-11-16,18,4
2020-11-16,19,5
2020-11-16,20,6
2020-11-16,21,15
2020-11-16,22,30
2020-11-16,23,6
2020-11-17,0,1
2020-11-17,1,0
2020-11-17,2,0
2020-11-17,3,0
2020-11-17,12,90
2020-11-17,13,84
2020-11-17,14,84
2020-11-17,15,65
2020-11-17,16,73
2020-11-17,17,37
2020-11-17,18,16
2020-11-17,19,8
2020-11-17,20,4
2020-11-17,21,0
2020-11-17,22,0
2020-11-17,23,0
2020-11-18,0,0
2020-11-18,1,0
2020-11-18,2,0
2020-11-18,3,3
2020-11-18,4,1
2020-11-18,5,12
2020-11-18,6,14
2020-11-18,7,118
2020-11-18,8,157
2020-11-18,9,160
2020-11-18,10,128
2020-11-18,11,128
2020-11-18,12,115
2020-11-18,13,75
2020-11-18,14,97
2020-11-18,15,70
2020-11-18,16,77
2020-11-18,17,55
2020-11-18,18,113
2020-11-18,19,25
2020-11-18,20,3
2020-11-18,21,12
2020-11-18,22,3
2020-11-18,23,0
2020-11-19,0,0
2020-11-19,1,2
2020-11-19,2,0
2020-11-19,3,0
2020-11-19,4,0
2020-11-19,5,0
2020-11-19,6,0
2020-11-19,7,44
2020-11-19,8,117
2020-11-19,9,142
2020-11-19,10,48
2020-11-19,11,108
2020-11-19,12,96
2020-11-19,13,88
2020-11-19,14,87
2020-11-19,15,95
2020-11-19,16,55
2020-11-19,17,0
2020-11-19,18,1
2020-11-19,19,0
2020-11-19,20,1
2020-11-19,21,63
2020-11-19,22,21
2020-11-19,23,5
2020-11-20,0,0
2020-11-20,1,0
2020-11-20,2,0
2020-11-20,3,0
2020-11-20,4,0
2020-11-20,5,0
2020-11-20,6,4
2020-11-20,7,24
2020-11-20,8,99
2020-11-20,9,149
2020-11-20,10,88
2020-11-20,11,95
2020-11-20,12,108
2020-11-20,13,70
2020-11-20,14,76
2020-11-20,15,82
2020-11-20,16,89
2020-11-20,17,33
2020-11-20,18,82
2020-11-20,19,33
2020-11-20,20,93
2020-11-20,21,159
2020-11-20,22,70
2020-11-20,23,8
2020-11-21,0,35
2020-11-21,1,15
2020-11-21,2,29
2020-11-21,3,10
2020-11-21,4,4
2020-11-21,5,17
2020-11-21,6,2
2020-11-21,7,9
2020-11-21,8,25
2020-11-21,9,31
2020-11-21,10,21
2020-11-21,11,40
2020-11-21,12,37
2020-11-21,13,48
2020-11-21,14,41
2020-11-21,15,30
2020-11-21,16,46
2020-11-21,17,32
2020-11-21,18,12
2020-11-21,19,7
2020-11-21,20,19
2020-11-21,21,14
2020-11-21,22,1
2020-11-21,23,0
2020-11-22,0,0
2020-11-22,1,0
2020-11-22,2,2
2020-11-22,3,0
2020-11-22,4,0
2020-11-22,5,0
2020-11-22,6,0
2020-11-22,7,2
2020-11-22,8,22
2020-11-22,9,8
2020-11-22,10,15
2020-11-22,11,21
2020-11-22,12,54
2020-11-22,13,26
2020-11-22,14,42
2020-11-22,15,54
2020-11-22,16,34
2020-11-22,17,3
2020-11-22,18,1
2020-11-22,19,5
2020-11-22,20,2
2020-11-22,21,0
2020-11-22,22,1
2020-11-22,23,0
2020-11-23,0,0
2020-11-23,1,0
2020-11-23,2,0
2020-11-23,3,0
2020-11-23,4,0
2020-11-23,5,0
2020-11-23,6,26
2020-11-23,7,27
2020-11-23,8,80
2020-11-23,9,81
2020-11-23,10,34
2020-11-23,11,48
2020-11-23,12,55
2020-11-23,13,49
2020-11-23,14,47
2020-11-23,15,57
2020-11-23,16,89
2020-11-23,17,77
2020-11-23,18,42
2020-11-23,19,26
2020-11-23,20,43
2020-11-23,21,28
2020-11-23,22,17
2020-11-23,23,9
2020-11-24,0,9
2020-11-24,1,4
2020-11-24,2,2
2020-11-24,3,0
2020-11-24,4,9
2020-11-24,5,25
2020-11-24,6,56
2020-11-24,7,90
2020-11-24,8,111
2020-11-24,9,109
2020-11-24,10,80
2020-11-24,11,84
2020-11-24,12,72
2020-11-24,13,76
2020-11-24,14,76
2020-11-24,15,61
2020-11-24,16,72
2020-11-24,17,53
2020-11-24,18,31
2020-11-24,19,16
2020-11-24,20,4
2020-11-24,21,0
2020-11-24,22,0
2020-11-24,23,0
2020-11-25,0,0
2020-11-25,1,0
2020-11-25,2,0
2020-11-25,3,0
2020-11-25,4,0
2020-11-25,5,0
2020-11-25,6,17
2020-11-25,7,60
2020-11-25,8,103
2020-11-25,9,67
2020-11-25,10,46
2020-11-25,11,52
2020-11-25,12,65
2020-11-25,13,69
2020-11-25,14,47
2020-11-25,15,62
2020-11-25,16,64
2020-11-25,17,7
2020-11-25,18,3
2020-11-25,19,1
2020-11-25,20,0
2020-11-25,21,0
2020-11-25,22,1
2020-11-25,23,26
2020-11-26,0,57
2020-11-26,1,15
2020-11-26,2,98
2020-11-26,3,6
2020-11-26,4,0
2020-11-26,5,0
2020-11-26,6,4
2020-11-26,7,35
2020-11-26,8,116
2020-11-26,9,86
2020-11-26,10,69
2020-11-26,11,62
2020-11-26,12,68
2020-11-26,13,64
2020-11-26,14,60
2020-11-26,15,52
2020-11-26,16,32
2020-11-26,17,2
2020-11-26,18,0
2020-11-26,19,1
2020-11-26,20,8
2020-11-26,21,25
2020-11-26,22,43
2020-11-26,23,0
2020-11-27,0,0
2020-11-27,1,0
2020-11-27,2,0
2020-11-27,3,0
2020-11-27,4,0
2020-11-27,5,1
2020-11-27,6,12
2020-11-27,7,29
2020-11-27,8,117
2020-11-27,9,91
2020-11-27,10,66
2020-11-27,11,53
2020-11-27,12,73
2020-11-27,13,73
2020-11-27,14,75
2020-11-27,15,72
2020-11-27,16,39
2020-11-27,17,11
2020-11-27,18,8
2020-11-27,19,18
2020-11-27,20,0
2020-11-27,21,0
2020-11-27,22,0
2020-11-27,23,0
2020-11-28,0,0
2020-11-28,1,0
2020-11-28,2,2
2020-11-28,3,0
2020-11-28,4,2
2020-11-28,5,8
2020-11-28,6,6
2020-11-28,7,5
2020-11-28,8,34
2020-11-28,9,22
2020-11-28,10,22
2020-11-28,11,43
2020-11-28,12,77
2020-11-28,13,44
2020-11-28,14,51
2020-11-28,15,65
2020-11-28,16,32
2020-11-28,17,5
2020-11-28,18,3
2020-11-28,19,3
2020-11-28,20,35
2020-11-28,21,17
2020-11-28,22,12
2020-11-28,23,24
2020-11-29,0,6
2020-11-29,1,0
2020-11-29,2,48
2020-11-29,3,4
2020-11-29,4,18
2020-11-29,5,228
2020-11-29,6,125
2020-11-29,7,9
2020-11-29,8,8
2020-11-29,9,29
2020-11-29,10,26
2020-11-29,11,32
2020-11-29,12,41
2020-11-29,13,55
2020-11-29,14,33
2020-11-29,15,42
2020-11-29,16,22
2020-11-29,17,0
2020-11-29,18,1
2020-11-29,19,0
2020-11-29,20,0
2020-11-29,21,0
2020-11-29,22,3
2020-11-29,23,0
2020-11-30,0,0
2020-11-30,1,0
2020-11-30,2,0
2020-11-30,3,0
2020-11-30,4,0
2020-11-30,5,0
2020-11-30,6,1
2020-11-30,7,4
2020-11-30,8,82
2020-11-30,9,62
2020-11-30,10,61
2020-11-30,11,46
2020-11-30,12,71
2020-11-30,13,52
2020-11-30,14,41
2020-11-30,15,54
2020-11-30,16,41
2020-11-30,17,0
2020-11-30,18,0
2020-11-30,19,0
2020-11-30,20,0
2020-11-30,21,0
2020-11-30,22,0
2020-11-30,23,0
2020-12-01,0,0
2020-12-01,1,0
2020-12-01,2,0
2020-12-01,3,0
2020-12-01,4,0
2020-12-01,5,0
2020-12-01,6,26
2020-12-01,7,66
2020-12-01,8,77
2020-12-01,9,83
2020-12-01,10,71
2020-12-01,11,68
2020-12-01,12,66
2020-12-01,13,35
2020-12-01,14,60
2020-12-01,15,54
2020-12-01,16,23
2020-12-01,17,3
2020-12-01,18,0
2020-12-01,19,3
2020-12-01,20,0
2020-12-01,21,0
2020-12-01,22,0
2020-12-01,23,0
2020-12-02,0,0
2020-12-02,1,0
2020-12-02,2,0
2020-12-02,3,0
2020-12-02,4,0
2020-12-02,5,2
2020-12-02,6,2
2020-12-02,7,11
2020-12-02,8,95
2020-12-02,9,92
2020-12-02,10,26
2020-12-02,11,80
2020-12-02,12,60
2020-12-02,13,58
2020-12-02,14,60
2020-12-02,15,64
2020-12-02,16,66
2020-12-02,17,0
2020-12-02,18,38
2020-12-02,19,5
2020-12-02,20,2
2020-12-02,21,0
2020-12-02,22,10
2020-12-02,23,0
2020-12-03,0,0
2020-12-03,1,0
2020-12-03,2,0
2020-12-03,3,0
2020-12-03,4,0
2020-12-03,5,0
2020-12-03,6,3
2020-12-03,7,8
2020-12-03,8,115
2020-12-03,9,84
2020-12-03,10,51
2020-12-03,11,56
2020-12-03,12,74
2020-12-03,13,65
2020-12-03,14,59
2020-12-03,15,56
2020-12-03,16,37
2020-12-03,17,0
2020-12-03,18,2
2020-12-03,19,0
2020-12-03,20,0
2020-12-03,21,0
2020-12-03,22,0
2020-12-03,23,0
2020-12-04,0,0
2020-12-04,1,0
2020-12-04,2,0
2020-12-04,3,0
2020-12-04,4,0
2020-12-04,5,5
2020-12-04,6,41
2020-12-04,7,91
2020-12-04,8,105
2020-12-04,9,85
2020-12-04,10,57
2020-12-04,11,67
2020-12-04,12,67
2020-12-04,13,44
2020-12-04,14,58
2020-12-04,15,72
2020-12-04,16,48
2020-12-04,17,27
2020-12-04,18,31
2020-12-04,19,18
2020-12-04,20,32
2020-12-04,21,3
2020-12-04,22,1
2020-12-04,23,2
2020-12-05,0,3
2020-12-05,1,0
2020-12-05,2,0
2020-12-05,3,0
2020-12-05,4,1
2020-12-05,5,0
2020-12-05,6,0
2020-12-05,7,4
2020-12-05,8,31
2020-12-05,9,32
2020-12-05,11,24
2020-12-05,12,62
2020-12-05,13,66
2020-12-05,14,64
2020-12-05,15,40
2020-12-05,16,17
2020-12-05,17,1
2020-12-05,18,0
2020-12-05,19,1
2020-12-05,20,0
2020-12-05,21,3
2020-12-05,22,0
2020-12-05,23,0
2020-12-06,0,0
2020-12-06,1,0
2020-12-06,2,0
2020-12-06,3,0
2020-12-06,4,0
2020-12-06,5,0
2020-12-06,6,0
2020-12-06,7,1
2020-12-06,8,8
2020-12-06,9,21
2020-12-06,10,13
2020-12-06,11,32
2020-12-06,12,47
2020-12-06,13,43
2020-12-06,14,37
2020-12-06,15,49
2020-12-06,16,18
2020-12-06,17,0
2020-12-06,18,0
2020-12-06,19,0
2020-12-06,20,1
2020-12-06,21,0
2020-12-06,22,1
2020-12-06,23,1
2020-12-07,0,0
2020-12-07,1,0
2020-12-07,2,0
2020-12-07,3,0
2020-12-07,4,0
2020-12-07,5,0
2020-12-07,6,0
2020-12-07,7,25
2020-12-07,8,53
2020-12-07,9,97
2020-12-07,10,69
2020-12-07,11,62
2020-12-07,12,60
2020-12-07,13,50
2020-12-07,14,41
2020-12-07,15,58
2020-12-07,16,35
2020-12-07,17,3
2020-12-07,18,0
2020-12-07,19,1
2020-12-07,20,0
2020-12-07,21,1
2020-12-07,22,0
2020-12-07,23,1
2020-12-08,0,0
2020-12-08,1,0
2020-12-08,2,0
2020-12-08,3,0
2020-12-08,4,0
2020-12-08,5,1
2020-12-08,6,0
2020-12-08,7,11
2020-12-08,8,98
2020-12-08,9,98
2020-12-08,10,70
2020-12-08,11,95
2020-12-08,12,74
2020-12-08,13,48
2020-12-08,14,61
2020-12-08,15,52
2020-12-08,16,12
2020-12-08,17,3
2020-12-08,18,0
2020-12-08,19,0
2020-12-08,20,0
2020-12-08,21,0
2020-12-08,22,1
2020-12-08,23,0
2020-12-09,0,0
2020-12-09,1,0
2020-12-09,2,0
2020-12-09,3,0
2020-12-09,4,0
2020-12-09,5,0
2020-12-09,6,6
2020-12-09,7,47
2020-12-09,8,81
2020-12-09,9,77
2020-12-09,10,68
2020-12-09,11,62
2020-12-09,12,76
2020-12-09,13,49
2020-12-09,14,58
2020-12-09,15,59
2020-12-09,16,26
2020-12-09,17,1
2020-12-09,18,1
2020-12-09,19,0
2020-12-09,20,0
2020-12-09,21,4
2020-12-09,22,2
2020-12-09,23,0
2020-12-10,0,8
2020-12-10,1,0
2020-12-10,2,26
2020-12-10,3,0
2020-12-10,4,0
2020-12-10,5,0
2020-12-10,6,8
2020-12-10,7,29
2020-12-10,8,69
2020-12-10,9,104
2020-12-10,10,58
2020-12-10,11,62
2020-12-10,12,64
2020-12-10,13,59
2020-12-10,14,65
2020-12-10,15,75
2020-12-10,16,18
2020-12-10,17,2
2020-12-10,18,4
2020-12-10,19,0
2020-12-10,20,19
2020-12-10,21,0
2020-12-10,22,3
2020-12-10,23,0
2020-12-11,0,0
2020-12-11,1,0
2020-12-11,2,0
2020-12-11,3,0
2020-12-11,4,0
2020-12-11,5,0
2020-12-11,6,14
2020-12-11,7,41
2020-12-11,8,80
2020-12-11,9,101
2020-12-11,10,123
2020-12-11,11,72
2020-12-11,12,88
2020-12-11,13,79
2020-12-11,14,98
2020-12-11,15,74
2020-12-11,16,36
2020-12-11,17,3
2020-12-11,18,5
2020-12-11,19,1
2020-12-11,20,0
2020-12-11,21,0
2020-12-11,22,5
2020-12-11,23,21
2020-12-12,0,1
2020-12-12,1,1
2020-12-12,2,0
2020-12-12,3,0
2020-12-12,4,0
2020-12-12,5,0
2020-12-12,6,9
2020-12-12,7,13
2020-12-12,8,75
2020-12-12,9,89
2020-12-12,10,61
2020-12-12,11,101
2020-12-12,12,106
2020-12-12,13,116
2020-12-12,14,115
2020-12-12,15,77
2020-12-12,16,28
2020-12-12,17,3
2020-12-12,18,4
2020-12-12,19,3
2020-12-12,20,0
2020-12-12,21,0
2020-12-12,22,3
2020-12-12,23,0
2020-12-13,0,1
2020-12-13,1,0
2020-12-13,2,0
2020-12-13,3,0
2020-12-13,4,0
2020-12-13,5,0
2020-12-13,6,0
2020-12-13,7,5
2020-12-13,8,11
2020-12-13,9,60
2020-12-13,10,69
2020-12-13,11,66
2020-12-13,12,100
2020-12-13,13,61
2020-12-13,14,94
2020-12-13,15,96
2020-12-13,16,53
2020-12-13,17,0
2020-12-13,18,2
2020-12-13,19,0
2020-12-13,20,0
2020-12-13,21,0
2020-12-13,22,2
2020-12-13,23,0
2020-12-14,0,0
2020-12-14,1,0
2020-12-14,2,3
2020-12-14,3,6
2020-12-14,4,1
2020-12-14,5,4
2020-12-14,6,19
2020-12-14,7,85
2020-12-14,8,113
2020-12-14,9,133
2020-12-14,10,94
2020-12-14,11,74
2020-12-14,12,80
2020-12-14,13,60
2020-12-14,14,76
2020-12-14,15,68
2020-12-14,16,58
2020-12-14,17,4
2020-12-14,18,0
2020-12-14,19,0
2020-12-14,20,1
2020-12-14,21,2
2020-12-14,22,0
2020-12-14,23,0
2020-12-15,0,0
2020-12-15,1,0
2020-12-15,2,2
2020-12-15,3,0
2020-12-15,4,0
2020-12-15,5,0
2020-12-15,6,0
2020-12-15,7,16
2020-12-15,8,129
2020-12-15,9,127
2020-12-15,10,92
2020-12-15,11,96
2020-12-15,12,80
2020-12-15,13,71
2020-12-15,14,72
2020-12-15,15,66
2020-12-15,16,53
2020-12-15,17,40
2020-12-15,18,21
2020-12-15,19,16
2020-12-15,20,4
2020-12-15,21,0
2020-12-15,22,0
2020-12-15,23,0
2020-12-16,0,0
2020-12-16,1,0
2020-12-16,2,0
2020-12-16,3,0
2020-12-16,4,0
2020-12-16,5,1
2020-12-16,6,22
2020-12-16,7,75
2020-12-16,8,105
2020-12-16,9,122
2020-12-16,10,93
2020-12-16,11,81
2020-12-16,12,106
2020-12-16,13,87
2020-12-16,14,98
2020-12-16,15,67
2020-12-16,16,57
2020-12-16,17,7
2020-12-16,18,30
2020-12-16,19,17
2020-12-16,20,5
2020-12-16,21,0
2020-12-16,22,1
2020-12-16,23,0
2020-12-17,0,0
2020-12-17,1,0
2020-12-17,2,0
2020-12-17,3,0
2020-12-17,4,0
2020-12-17,5,0
2020-12-17,6,9
2020-12-17,7,4
2020-12-17,8,85
2020-12-17,9,121
2020-12-17,10,94
2020-12-17,11,66
2020-12-17,12,97
2020-12-17,13,100
2020-12-17,14,105
2020-12-17,15,83
2020-12-17,16,46
2020-12-17,17,1
2020-12-17,18,16
2020-12-17,19,15
2020-12-17,20,0
2020-12-17,21,0
2020-12-17,22,0
2020-12-17,23,0
2020-12-18,0,0
2020-12-18,1,0
2020-12-18,2,0
2020-12-18,3,0
2020-12-18,4,0
2020-12-18,5,0
2020-12-18,6,0
2020-12-18,7,5
2020-12-18,8,80
2020-12-18,9,107
2020-12-18,10,96
2020-12-18,11,85
2020-12-18,12,104
2020-12-18,13,86
2020-12-18,14,101
2020-12-18,15,68
2020-12-18,16,68
2020-12-18,17,11
2020-12-18,18,1
2020-12-18,19,6
2020-12-18,20,17
2020-12-18,21,12
2020-12-18,22,10
2020-12-18,23,13
2020-12-19,0,1
2020-12-19,1,0
2020-12-19,2,0
2020-12-19,3,0
2020-12-19,4,0
2020-12-19,5,1
2020-12-19,6,4
2020-12-19,7,8
2020-12-19,8,29
2020-12-19,9,74
2020-12-19,10,57
2020-12-19,11,85
2020-12-19,12,91
2020-12-19,13,102
2020-12-19,14,79
2020-12-19,15,95
2020-12-19,16,43
2020-12-19,17,3
2020-12-19,18,5
2020-12-19,19,14
2020-12-19,20,0
2020-12-19,21,0
2020-12-19,22,0
2020-12-19,23,0
2020-12-20,0,0
2020-12-20,1,0
2020-12-20,2,0
2020-12-20,3,0
2020-12-20,4,0
2020-12-20,5,0
2020-12-20,6,0
2020-12-20,7,0
2020-12-20,8,18
2020-12-20,9,59
2020-12-20,10,64
2020-12-20,11,67
2020-12-20,12,93
2020-12-20,13,100
2020-12-20,14,88
2020-12-20,15,99
2020-12-20,16,24
2020-12-20,17,2
2020-12-20,18,0
2020-12-20,19,0
2020-12-20,20,7
2020-12-20,21,2
2020-12-20,22,4
2020-12-20,23,0
2020-12-21,0,0
2020-12-21,1,0
2020-12-21,2,0
2020-12-21,3,0
2020-12-21,4,0
2020-12-21,5,0
2020-12-21,6,8
2020-12-21,7,43
2020-12-21,8,56
2020-12-21,9,118
2020-12-21,10,111
2020-12-21,11,106
2020-12-21,12,93
2020-12-21,13,99
2020-12-21,14,79
2020-12-21,15,83
2020-12-21,16,75
2020-12-21,17,3
2020-12-21,18,1
2020-12-21,19,0
2020-12-21,20,0
2020-12-21,21,0
2020-12-21,22,1
2020-12-21,23,0
2020-12-22,0,0
2020-12-22,1,0
2020-12-22,2,0
2020-12-22,3,0
2020-12-22,4,0
2020-12-22,5,0
2020-12-22,6,12
2020-12-22,7,49
2020-12-22,8,97
2020-12-22,9,107
2020-12-22,10,68
2020-12-22,11,86
2020-12-22,12,101
2020-12-22,13,102
2020-12-22,14,81
2020-12-22,15,83
2020-12-22,16,63
2020-12-22,17,3
2020-12-22,18,1
2020-12-22,19,3
2020-12-22,20,0
2020-12-22,21,0
2020-12-22,22,0
2020-12-22,23,0
2020-12-23,0,0
2020-12-23,1,0
2020-12-23,2,0
2020-12-23,3,0
2020-12-23,4,0
2020-12-23,5,0
2020-12-23,6,0
2020-12-23,7,2
2020-12-23,8,47
2020-12-23,9,120
2020-12-23,10,116
2020-12-23,11,100
2020-12-23,12,101
2020-12-23,13,95
2020-12-23,14,112
2020-12-23,15,116
2020-12-23,16,63
2020-12-23,17,4
2020-12-23,18,1
2020-12-23,19,7
2020-12-23,20,1
2020-12-23,21,1
2020-12-23,22,0
2020-12-23,23,0
2020-12-24,0,0
2020-12-24,1,0
2020-12-24,2,0
2020-12-24,3,0
2020-12-24,4,0
2020-12-24,5,0
2020-12-24,6,0
2020-12-24,7,5
2020-12-24,8,54
2020-12-24,9,94
2020-12-24,10,17
2020-12-24,11,63
2020-12-24,12,89
2020-12-24,13,109
2020-12-24,14,86
2020-12-24,15,89
2020-12-24,16,72
2020-12-24,17,1
2020-12-24,18,0
2020-12-24,19,0
2020-12-24,20,0
2020-12-24,21,0
2020-12-24,22,1
2020-12-24,23,0
2020-12-25,0,0
2020-12-25,1,0
2020-12-25,2,0
2020-12-25,3,0
2020-12-25,4,0
2020-12-25,5,0
2020-12-25,6,0
2020-12-25,7,0
2020-12-25,8,0
2020-12-25,9,6
2020-12-25,10,12
2020-12-25,11,10
2020-12-25,12,23
2020-12-25,13,43
2020-12-25,14,17
2020-12-25,15,30
2020-12-25,16,11
2020-12-25,17,1
2020-12-25,18,1
2020-12-25,19,0
2020-12-25,20,5
2020-12-25,21,1
2020-12-25,22,5
2020-12-25,23,0
2020-12-26,0,0
2020-12-26,1,0
2020-12-26,2,0
2020-12-26,3,0
2020-12-26,4,0
2020-12-26,5,0
2020-12-26,6,4
2020-12-26,7,10
2020-12-26,8,7
2020-12-26,9,24
2020-12-26,10,9
2020-12-26,11,17
2020-12-26,12,30
2020-12-26,13,23
2020-12-26,14,21
2020-12-26,15,38
2020-12-26,16,21
2020-12-26,17,31
2020-12-26,18,19
2020-12-26,19,16
2020-12-26,20,25
2020-12-26,21,5
2020-12-26,22,0
2020-12-26,23,0
2020-12-27,0,1
2020-12-27,1,0
2020-12-27,2,2
2020-12-27,3,0
2020-12-27,4,0
2020-12-27,5,0
2020-12-27,6,1
2020-12-27,7,2
2020-12-27,8,4
2020-12-27,9,9
2020-12-27,10,14
2020-12-27,11,18
2020-12-27,12,38
2020-12-27,13,33
2020-12-27,14,31
2020-12-27,15,42
2020-12-27,16,19
2020-12-27,17,0
2020-12-27,18,0
2020-12-27,19,1
2020-12-27,20,0
2020-12-27,21,0
2020-12-27,22,1
2020-12-27,23,0
2020-12-28,0,0
2020-12-28,1,7
2020-12-28,2,0
2020-12-28,3,0
2020-12-28,4,0
2020-12-28,5,0
2020-12-28,6,0
2020-12-28,7,4
2020-12-28,8,9
2020-12-28,9,11
2020-12-28,10,22
2020-12-28,11,16
2020-12-28,12,32
2020-12-28,13,37
2020-12-28,14,36
2020-12-28,15,38
2020-12-28,16,18
2020-12-28,17,0
2020-12-28,18,0
2020-12-28,19,0
2020-12-28,20,2
2020-12-28,21,0
2020-12-28,22,0
2020-12-28,23,0
2020-12-29,0,0
2020-12-29,1,0
2020-12-29,2,3
2020-12-29,3,0
2020-12-29,4,0
2020-12-29,5,2
2020-12-29,6,0
2020-12-29,7,1
2020-12-29,8,46
2020-12-29,9,40
2020-12-29,10,7
2020-12-29,11,32
2020-12-29,12,44
2020-12-29,13,32
2020-12-29,14,68
2020-12-29,15,35
2020-12-29,16,31
2020-12-29,17,1
2020-12-29,18,0
2020-12-29,19,2
2020-12-29,20,0
2020-12-29,21,0
2020-12-29,22,0
2020-12-29,23,0
2020-12-30,0,0
2020-12-30,1,0
2020-12-30,2,0
2020-12-30,3,0
2020-12-30,4,0
2020-12-30,5,0
2020-12-30,6,0
2020-12-30,7,0
2020-12-30,8,44
2020-12-30,9,42
2020-12-30,10,11
2020-12-30,11,28
2020-12-30,12,49
2020-12-30,13,66
2020-12-30,14,55
2020-12-30,15,36
2020-12-30,16,30
2020-12-30,17,2
2020-12-30,18,1
2020-12-30,19,3
2020-12-30,20,0
2020-12-30,21,0
2020-12-30,22,2
2020-12-30,23,0
2020-12-31,0,0
2020-12-31,1,0
2020-12-31,2,0
2020-12-31,3,0
2020-12-31,4,0
2020-12-31,5,0
2020-12-31,6,0
2020-12-31,7,21
2020-12-31,8,45
2020-12-31,9,42
2020-12-31,10,56
2020-12-31,11,37
2020-12-31,12,28
2020-12-31,13,48
2020-12-31,14,40
2020-12-31,15,64
2020-12-31,16,21
2020-12-31,17,4
2020-12-31,18,0
2020-12-31,19,1
2020-12-31,20,0
2020-12-31,21,1
2020-12-31,22,0
2020-12-31,23,1
2021-01-01,0,0
2021-01-01,1,0
2021-01-01,2,0
2021-01-01,3,0
2021-01-01,4,0
2021-01-01,5,0
2021-01-01,6,0
2021-01-01,7,0
2021-01-01,8,5
2021-01-01,9,2
2021-01-01,10,6
2021-01-01,11,6
2021-01-01,12,17
2021-01-01,13,16
2021-01-01,14,20
2021-01-01,15,23
2021-01-01,16,11
2021-01-01,17,0
2021-01-01,18,0
2021-01-01,19,0
2021-01-01,20,0
2021-01-01,21,0
2021-01-01,22,0
2021-01-01,23,3
2021-01-02,0,0
2021-01-02,1,0
2021-01-02,2,0
2021-01-02,3,1
2021-01-02,4,0
2021-01-02,5,0
2021-01-02,6,0
2021-01-02,7,0
2021-01-02,8,8
2021-01-02,9,16
2021-01-02,10,8
2021-01-02,11,7
2021-01-02,12,25
2021-01-02,13,32
2021-01-02,14,30
2021-01-02,15,44
2021-01-02,16,33
2021-01-02,17,0
2021-01-02,18,0
2021-01-02,19,0
2021-01-02,20,1
2021-01-02,21,0
2021-01-02,22,0
2021-01-02,23,0
2021-01-03,0,0
2021-01-03,1,0
2021-01-03,2,0
2021-01-03,3,0
2021-01-03,4,3
2021-01-03,5,0
2021-01-03,6,0
2021-01-03,7,0
2021-01-03,8,6
2021-01-03,9,10
2021-01-03,10,9
2021-01-03,11,12
2021-01-03,12,25
2021-01-03,13,48
2021-01-03,14,45
2021-01-03,15,44
2021-01-03,16,38
2021-01-03,17,1
2021-01-03,18,2
2021-01-03,19,2
2021-01-03,20,0
2021-01-03,21,0
2021-01-03,22,0
2021-01-03,23,0
2021-01-04,0,0
2021-01-04,1,0
2021-01-04,2,1
2021-01-04,3,0
2021-01-04,4,1
2021-01-04,5,0
2021-01-04,6,0
2021-01-04,7,0
2021-01-04,8,18
2021-01-04,9,24
2021-01-04,10,8
2021-01-04,11,36
2021-01-04,12,37
2021-01-04,13,56
2021-01-04,14,35
2021-01-04,15,47
2021-01-04,16,29
2021-01-04,17,1
2021-01-04,18,3
2021-01-04,19,0
2021-01-04,20,0
2021-01-04,21,0
2021-01-04,22,0
2021-01-04,23,0
2021-01-05,0,0
2021-01-05,1,0
2021-01-05,2,0
2021-01-05,3,0
2021-01-05,4,0
2021-01-05,5,1
2021-01-05,6,0
2021-01-05,7,3
2021-01-05,8,59
2021-01-05,9,40
2021-01-05,10,36
2021-01-05,11,43
2021-01-05,12,50
2021-01-05,13,44
2021-01-05,14,57
2021-01-05,15,51
2021-01-05,16,30
2021-01-05,17,1
2021-01-05,18,3
2021-01-05,19,1
2021-01-05,20,0
2021-01-05,21,0
2021-01-05,22,0
2021-01-05,23,0
2021-01-06,0,0
2021-01-06,1,0
2021-01-06,2,0
2021-01-06,3,0
2021-01-06,4,0
2021-01-06,5,0
2021-01-06,6,0
2021-01-06,7,2
2021-01-06,8,48
2021-01-06,9,52
2021-01-06,10,23
2021-01-06,11,32
2021-01-06,12,49
2021-01-06,13,33
2021-01-06,14,40
2021-01-06,15,39
2021-01-06,16,44
2021-01-06,17,15
2021-01-06,18,15
2021-01-06,19,7
2021-01-06,20,0
2021-01-06,21,3
2021-01-06,22,1
2021-01-06,23,0
2021-01-07,0,0
2021-01-07,1,0
2021-01-07,2,0
2021-01-07,3,0
2021-01-07,4,2
2021-01-07,5,9
2021-01-07,6,22
2021-01-07,7,43
2021-01-07,8,77
2021-01-07,9,56
2021-01-07,10,47
2021-01-07,11,32
2021-01-07,12,31
2021-01-07,13,46
2021-01-07,14,39
2021-01-07,15,46
2021-01-07,16,49
2021-01-07,17,10
2021-01-07,18,22
2021-01-07,19,4
2021-01-07,20,5
2021-01-07,21,0
2021-01-07,22,5
2021-01-07,23,2
2021-01-08,0,0
2021-01-08,1,2
2021-01-08,2,0
2021-01-08,3,6
2021-01-08,4,1
2021-01-08,5,1
2021-01-08,6,9
2021-01-08,7,16
2021-01-08,8,69
2021-01-08,9,61
2021-01-08,10,15
2021-01-08,11,35
2021-01-08,12,57
2021-01-08,13,63
2021-01-08,14,41
2021-01-08,15,50
2021-01-08,16,40
2021-01-08,17,4
2021-01-08,18,0
2021-01-08,19,0
2021-01-08,20,4
2021-01-08,21,4
2021-01-08,22,0
2021-01-08,23,0
2021-01-09,0,1
2021-01-09,1,0
2021-01-09,2,0
2021-01-09,3,0
2021-01-09,4,1
2021-01-09,5,0
2021-01-09,6,0
2021-01-09,7,8
2021-01-09,8,14
2021-01-09,9,15
2021-01-09,10,7
2021-01-09,11,31
2021-01-09,12,31
2021-01-09,13,32
2021-01-09,14,27
2021-01-09,15,33
2021-01-09,16,39
2021-01-09,17,2
2021-01-09,18,0
2021-01-09,19,0
2021-01-09,20,1
2021-01-09,21,3
2021-01-09,22,0
2021-01-09,23,0
2021-01-10,0,1
2021-01-10,1,0
2021-01-10,2,0
2021-01-10,3,0
2021-01-10,4,0
2021-01-10,5,0
2021-01-10,6,0
2021-01-10,7,3
2021-01-10,8,4
2021-01-10,9,14
2021-01-10,10,18
2021-01-10,11,23
2021-01-10,12,17
2021-01-10,13,28
2021-01-10,14,26
2021-01-10,15,39
2021-01-10,16,32
2021-01-10,17,0
2021-01-10,18,3
2021-01-10,19,0
2021-01-10,20,3
2021-01-10,21,0
2021-01-10,22,1
2021-01-10,23,1
2021-01-11,0,0
2021-01-11,1,0
2021-01-11,2,1
2021-01-11,3,1
2021-01-11,4,0
2021-01-11,5,1
2021-01-11,6,0
2021-01-11,7,8
2021-01-11,8,76
2021-01-11,9,77
2021-01-11,10,61
2021-01-11,11,62
2021-01-11,12,72
2021-01-11,13,72
2021-01-11,14,62
2021-01-11,15,57
2021-01-11,16,48
2021-01-11,17,16
2021-01-11,18,12
2021-01-11,19,0
2021-01-11,20,0
2021-01-11,21,0
2021-01-11,22,0
2021-01-11,23,0
2021-01-12,0,1
2021-01-12,1,0
2021-01-12,2,0
2021-01-12,3,0
2021-01-12,4,0
2021-01-12,5,5
2021-01-12,6,12
2021-01-12,7,24
2021-01-12,8,85
2021-01-12,9,65
2021-01-12,10,22
2021-01-12,11,30
2021-01-12,12,37
2021-01-12,13,53
2021-01-12,14,76
2021-01-12,15,79
2021-01-12,16,32
2021-01-12,17,0
2021-01-12,18,1
2021-01-12,19,2
2021-01-12,20,0
2021-01-12,21,0
2021-01-12,22,0
2021-01-12,23,0
2021-01-13,0,0
2021-01-13,1,0
2021-01-13,2,0
2021-01-13,3,0
2021-01-13,4,0
2021-01-13,5,1
2021-01-13,6,0
2021-01-13,7,3
2021-01-13,8,52
2021-01-13,9,73
2021-01-13,10,76
2021-01-13,11,49
2021-01-13,12,54
2021-01-13,13,51
2021-01-13,14,72
2021-01-13,15,54
2021-01-13,16,80
2021-01-13,17,54
2021-01-13,18,38
2021-01-13,19,33
2021-01-13,20,21
2021-01-13,21,16
2021-01-13,22,2
2021-01-13,23,3
2021-01-14,0,2
2021-01-14,1,1
2021-01-14,2,5
2021-01-14,3,0
2021-01-14,4,3
2021-01-14,5,22
2021-01-14,6,43
2021-01-14,7,78
2021-01-14,8,160
2021-01-14,9,118
2021-01-14,10,56
2021-01-14,11,46
2021-01-14,12,46
2021-01-14,13,57
2021-01-14,14,47
2021-01-14,15,34
2021-01-14,16,40
2021-01-14,17,8
2021-01-14,18,16
2021-01-14,19,4
2021-01-14,20,0
2021-01-14,21,0
2021-01-14,22,4
2021-01-14,23,0
2021-01-15,0,0
2021-01-15,1,0
2021-01-15,2,0
2021-01-15,3,0
2021-01-15,4,0
2021-01-15,5,0
2021-01-15,6,4
2021-01-15,7,15
2021-01-15,8,74
2021-01-15,9,119
2021-01-15,10,55
2021-01-15,11,58
2021-01-15,12,70
2021-01-15,13,59
2021-01-15,14,63
2021-01-15,15,55
2021-01-15,16,32
2021-01-15,17,0
2021-01-15,18,0
2021-01-15,19,1
2021-01-15,20,0
2021-01-15,21,0
2021-01-15,22,3
2021-01-15,23,7
2021-01-16,0,0
2021-01-16,1,5
2021-01-16,2,3
2021-01-16,3,1
2021-01-16,4,2
2021-01-16,5,2
2021-01-16,6,2
2021-01-16,7,0
2021-01-16,8,7
2021-01-16,9,25
2021-01-16,10,30
2021-01-16,11,43
2021-01-16,12,44
2021-01-16,13,60
2021-01-16,14,49
2021-01-16,15,58
2021-01-16,16,32
2021-01-16,17,8
2021-01-16,18,1
2021-01-16,19,5
2021-01-16,20,3
2021-01-16,21,0
2021-01-16,22,0
2021-01-16,23,0
2021-01-17,0,2
2021-01-17,1,0
2021-01-17,2,1
2021-01-17,3,0
2021-01-17,4,0
2021-01-17,5,0
2021-01-17,6,2
2021-01-17,7,0
2021-01-17,8,13
2021-01-17,9,21
2021-01-17,10,27
2021-01-17,11,17
2021-01-17,12,32
2021-01-17,13,48
2021-01-17,14,29
2021-01-17,15,45
2021-01-17,16,37
2021-01-17,17,7
2021-01-17,18,30
2021-01-17,19,11
2021-01-17,20,6
2021-01-17,21,4
2021-01-17,22,5
2021-01-17,23,0
2021-01-18,0,0
2021-01-18,1,0
2021-01-18,2,0
2021-01-18,3,0
2021-01-18,4,0
2021-01-18,5,0
2021-01-18,6,0
2021-01-18,7,1
2021-01-18,8,57
2021-01-18,9,79
2021-01-18,10,47
2021-01-18,11,64
2021-01-18,12,54
2021-01-18,13,41
2021-01-18,14,41
2021-01-18,15,37
2021-01-18,16,52
2021-01-18,17,6
2021-01-18,18,0
2021-01-18,19,0
2021-01-18,20,0
2021-01-18,21,1
2021-01-18,22,0
2021-01-18,23,0
2021-01-19,0,0
2021-01-19,1,0
2021-01-19,2,0
2021-01-19,3,0
2021-01-19,4,0
2021-01-19,5,0
2021-01-19,6,8
2021-01-19,7,11
2021-01-19,8,60
2021-01-19,9,98
2021-01-19,10,44
2021-01-19,11,53
2021-01-19,12,57
2021-01-19,13,52
2021-01-19,14,57
2021-01-19,15,57
2021-01-19,16,36
2021-01-19,17,16
2021-01-19,18,4
2021-01-19,19,0
2021-01-19,20,0
2021-01-19,21,0
2021-01-19,22,0
2021-01-19,23,0
2021-01-20,0,1
2021-01-20,1,0
2021-01-20,2,0
2021-01-20,3,0
2021-01-20,4,0
2021-01-20,5,0
2021-01-20,6,5
2021-01-20,7,15
2021-01-20,8,43
2021-01-20,9,129
2021-01-20,10,44
2021-01-20,11,60
2021-01-20,12,58
2021-01-20,13,51
2021-01-20,14,78
2021-01-20,15,61
2021-01-20,16,62
2021-01-20,17,16
2021-01-20,18,3
2021-01-20,19,4
2021-01-20,20,4
2021-01-20,21,0
2021-01-20,22,0
2021-01-20,23,0
2021-01-21,0,0
2021-01-21,1,0
2021-01-21,2,0
2021-01-21,3,0
2021-01-21,4,2
2021-01-21,5,0
2021-01-21,6,9
2021-01-21,7,29
2021-01-21,8,105
2021-01-21,9,63
2021-01-21,10,61
2021-01-21,11,69
2021-01-21,12,69
2021-01-21,13,50
2021-01-21,14,53
2021-01-21,15,44
2021-01-21,16,47
2021-01-21,17,4
2021-01-21,18,0
2021-01-21,19,1
2021-01-21,20,1
2021-01-21,21,0
2021-01-21,22,0
2021-01-21,23,0
2021-01-22,0,0
2021-01-22,1,1
2021-01-22,2,0
2021-01-22,3,0
2021-01-22,4,0
2021-01-22,5,0
2021-01-22,6,0
2021-01-22,7,2
2021-01-22,8,68
2021-01-22,9,74
2021-01-22,10,29
2021-01-22,11,46
2021-01-22,12,56
2021-01-22,13,60
2021-01-22,14,57
2021-01-22,15,77
2021-01-22,16,39
2021-01-22,17,10
2021-01-22,18,1
2021-01-22,19,0
2021-01-22,20,1
2021-01-22,21,3
2021-01-22,22,0
2021-01-22,23,1
2021-01-23,0,0
2021-01-23,1,0
2021-01-23,2,0
2021-01-23,3,0
2021-01-23,4,0
2021-01-23,5,0
2021-01-23,6,0
2021-01-23,7,2
2021-01-23,8,19
2021-01-23,9,21
2021-01-23,10,16
2021-01-23,11,38
2021-01-23,12,40
2021-01-23,13,43
2021-01-23,14,47
2021-01-23,15,52
2021-01-23,16,38
2021-01-23,17,3
2021-01-23,18,0
2021-01-23,19,1
2021-01-23,20,0
2021-01-23,21,0
2021-01-23,22,0
2021-01-23,23,0
2021-01-24,0,0
2021-01-24,1,0
2021-01-24,2,0
2021-01-24,3,0
2021-01-24,4,0
2021-01-24,5,0
2021-01-24,6,1
2021-01-24,7,0
2021-01-24,8,14
2021-01-24,9,10
2021-01-24,10,9
2021-01-24,11,21
2021-01-24,12,30
2021-01-24,13,38
2021-01-24,14,33
2021-01-24,15,54
2021-01-24,16,39
2021-01-24,17,14
2021-01-24,18,0
2021-01-24,19,1
2021-01-24,20,2
2021-01-24,21,0
2021-01-24,22,0
2021-01-24,23,0
2021-01-25,0,0
2021-01-25,1,0
2021-01-25,2,0
2021-01-25,3,0
2021-01-25,4,0
2021-01-25,5,0
2021-01-25,6,0
2021-01-25,7,13
2021-01-25,8,76
2021-01-25,9,57
2021-01-25,10,19
2021-01-25,11,63
2021-01-25,12,49
2021-01-25,13,58
2021-01-25,14,52
2021-01-25,15,50
2021-01-25,16,47
2021-01-25,17,14
2021-01-25,18,4
2021-01-25,19,5
2021-01-25,20,16
2021-01-25,21,16
2021-01-25,22,6
2021-01-25,23,2
2021-01-26,0,2
2021-01-26,1,0
2021-01-26,2,2
2021-01-26,3,0
2021-01-26,4,0
2021-01-26,5,0
2021-01-26,6,1
2021-01-26,7,17
2021-01-26,8,73
2021-01-26,9,80
2021-01-26,10,48
2021-01-26,11,57
2021-01-26,12,50
2021-01-26,13,89
2021-01-26,14,51
2021-01-26,15,54
2021-01-26,16,57
2021-01-26,17,24
2021-01-26,18,10
2021-01-26,19,0
2021-01-26,20,1
2021-01-26,21,7
2021-01-26,22,0
2021-01-26,23,0
2021-01-27,0,0
2021-01-27,1,0
2021-01-27,2,0
2021-01-27,3,0
2021-01-27,4,0
2021-01-27,5,0
2021-01-27,6,5
2021-01-27,7,20
2021-01-27,8,58
2021-01-27,9,73
2021-01-27,10,54
2021-01-27,11,62
2021-01-27,12,63
2021-01-27,13,49
2021-01-27,14,53
2021-01-27,15,42
2021-01-27,16,47
2021-01-27,17,18
2021-01-27,18,2
2021-01-27,19,0
2021-01-27,20,4
2021-01-27,21,0
2021-01-27,22,0
2021-01-27,23,0
2021-01-28,0,0
2021-01-28,1,0
2021-01-28,2,8
2021-01-28,3,0
2021-01-28,4,6
2021-01-28,5,18
2021-01-28,6,44
2021-01-28,7,110
2021-01-28,8,117
2021-01-28,9,99
2021-01-28,10,66
2021-01-28,11,35
2021-01-28,12,46
2021-01-28,13,79
2021-01-28,14,71
2021-01-28,15,76
2021-01-28,16,49
2021-01-28,17,13
2021-01-28,18,16
2021-01-28,19,4
2021-01-28,20,0
2021-01-28,21,0
2021-01-28,22,4
2021-01-28,23,0
2021-01-29,0,0
2021-01-29,1,0
2021-01-29,2,0
2021-01-29,3,0
2021-01-29,4,0
2021-01-29,5,0
2021-01-29,6,2
2021-01-29,7,43
2021-01-29,8,69
2021-01-29,9,61
2021-01-29,10,40
2021-01-29,11,40
2021-01-29,12,62
2021-01-29,13,62
2021-01-29,14,52
2021-01-29,15,57
2021-01-29,16,44
2021-01-29,17,8
2021-01-29,18,8
2021-01-29,19,8
2021-01-29,20,4
2021-01-29,21,0
2021-01-29,22,0
2021-01-29,23,0
2021-01-30,0,0
2021-01-30,1,0
2021-01-30,2,0
2021-01-30,3,0
2021-01-30,4,0
2021-01-30,5,0
2021-01-30,6,0
2021-01-30,7,0
2021-01-30,8,19
2021-01-30,9,22
2021-01-30,10,10
2021-01-30,11,40
2021-01-30,12,53
2021-01-30,13,59
2021-01-30,14,53
2021-01-30,15,38
2021-01-30,16,45
2021-01-30,17,18
2021-01-30,18,2
2021-01-30,19,0
2021-01-30,20,0
2021-01-30,21,0
2021-01-30,22,0
2021-01-30,23,0
2021-01-31,0,0
2021-01-31,1,0
2021-01-31,2,0
2021-01-31,3,0
2021-01-31,4,0
2021-01-31,5,8
2021-01-31,6,4
2021-01-31,7,0
2021-01-31,8,11
2021-01-31,9,6
2021-01-31,10,5
2021-01-31,11,29
2021-01-31,12,51
2021-01-31,13,52
2021-01-31,14,46
2021-01-31,15,52
2021-01-31,16,56
2021-01-31,17,21
2021-01-31,18,0
2021-01-31,19,0
2021-01-31,20,0
2021-01-31,21,0
2021-01-31,22,0
2021-01-31,23,0
2021-02-01,0,0
2021-02-01,1,0
2021-02-01,2,0
2021-02-01,3,0
2021-02-01,4,1
2021-02-01,5,0
2021-02-01,6,0
2021-02-01,7,8
2021-02-01,8,88
2021-02-01,9,70
2021-02-01,10,71
2021-02-01,11,72
2021-02-01,12,75
2021-02-01,13,62
2021-02-01,14,50
2021-02-01,15,64
2021-02-01,16,46
2021-02-01,17,21
2021-02-01,18,2
2021-02-01,19,0
2021-02-01,20,0
2021-02-01,21,0
2021-02-01,22,0
2021-02-01,23,0
2021-02-02,0,0
2021-02-02,1,0
2021-02-02,2,0
2021-02-02,3,0
2021-02-02,4,0
2021-02-02,5,0
2021-02-02,6,5
2021-02-02,7,11
2021-02-02,8,81
2021-02-02,9,71
2021-02-02,10,65
2021-02-02,11,54
2021-02-02,12,49
2021-02-02,13,53
2021-02-02,14,52
2021-02-02,15,45
2021-02-02,16,70
2021-02-02,17,81
2021-02-02,18,18
2021-02-02,19,0
2021-02-02,20,0
2021-02-02,21,0
2021-02-02,22,0
2021-02-02,23,0
2021-02-03,0,0
2021-02-03,1,0
2021-02-03,2,0
2021-02-03,3,0
2021-02-03,4,0
2021-02-03,5,0
2021-02-03,6,20
2021-02-03,7,30
2021-02-03,8,84
2021-02-03,9,66
2021-02-03,10,34
2021-02-03,11,33
2021-02-03,12,33
2021-02-03,13,52
2021-02-03,14,71
2021-02-03,15,36
2021-02-03,16,49
2021-02-03,17,51
2021-02-03,18,30
2021-02-03,19,50
2021-02-03,20,12
2021-02-03,21,7
2021-02-03,22,0
2021-02-03,23,1
2021-02-04,0,1
2021-02-04,1,0
2021-02-04,2,0
2021-02-04,3,0
2021-02-04,4,0
2021-02-04,5,0
2021-02-04,6,49
2021-02-04,7,57
2021-02-04,8,65
2021-02-04,9,70
2021-02-04,10,68
2021-02-04,11,84
2021-02-04,12,64
2021-02-04,13,71
2021-02-04,14,58
2021-02-04,15,78
2021-02-04,16,84
2021-02-04,17,71
2021-02-04,18,35
2021-02-04,19,31
2021-02-04,20,26
2021-02-04,21,16
2021-02-04,22,6
2021-02-04,23,0
2021-02-05,0,0
2021-02-05,1,0
2021-02-05,2,0
2021-02-05,3,3
2021-02-05,4,0
2021-02-05,5,0
2021-02-05,6,17
2021-02-05,7,55
2021-02-05,8,88
2021-02-05,9,126
2021-02-05,10,176
2021-02-05,11,208
2021-02-05,12,109
2021-02-05,13,58
2021-02-05,14,88
2021-02-05,15,56
2021-02-05,16,60
2021-02-05,17,56
2021-02-05,18,55
2021-02-05,19,10
2021-02-05,20,5
2021-02-05,21,4
2021-02-05,22,1
2021-02-05,23,0
2021-02-06,0,0
2021-02-06,1,0
2021-02-06,2,0
2021-02-06,3,0
2021-02-06,4,0
2021-02-06,5,0
2021-02-06,6,0
2021-02-06,7,12
2021-02-06,8,17
2021-02-06,9,32
2021-02-06,10,43
2021-02-06,11,47
2021-02-06,12,50
2021-02-06,13,57
2021-02-06,14,49
2021-02-06,15,48
2021-02-06,16,45
2021-02-06,17,24
2021-02-06,18,0
2021-02-06,19,0
2021-02-06,20,0
2021-02-06,21,0
2021-02-06,22,0
2021-02-06,23,0
2021-02-07,0,0
2021-02-07,1,0
2021-02-07,2,0
2021-02-07,3,0
2021-02-07,4,0
2021-02-07,5,2
2021-02-07,6,0
2021-02-07,7,3
2021-02-07,8,11
2021-02-07,9,16
2021-02-07,10,30
2021-02-07,11,34
2021-02-07,12,44
2021-02-07,13,53
2021-02-07,14,43
2021-02-07,15,46
2021-02-07,16,47
2021-02-07,17,24
2021-02-07,18,0
2021-02-07,19,0
2021-02-07,20,0
2021-02-07,21,0
2021-02-07,22,0
2021-02-07,23,0
2021-02-08,0,0
2021-02-08,1,0
2021-02-08,2,0
2021-02-08,3,0
2021-02-08,4,0
2021-02-08,5,0
2021-02-08,6,0
2021-02-08,7,17
2021-02-08,8,79
2021-02-08,9,61
2021-02-08,10,30
2021-02-08,11,97
2021-02-08,12,53
2021-02-08,13,47
2021-02-08,14,54
2021-02-08,15,49
2021-02-08,16,57
2021-02-08,17,42
2021-02-08,18,2
2021-02-08,19,38
2021-02-08,20,35
2021-02-08,21,16
2021-02-08,22,6
2021-02-08,23,9
2021-02-09,0,1
2021-02-09,1,2
2021-02-09,2,0
2021-02-09,3,2
2021-02-09,4,1
2021-02-09,5,14
2021-02-09,6,31
2021-02-09,7,60
2021-02-09,8,105
2021-02-09,9,75
2021-02-09,10,45
2021-02-09,11,33
2021-02-09,12,22
2021-02-09,13,33
2021-02-09,14,47
2021-02-09,15,37
2021-02-09,16,43
2021-02-09,17,21
2021-02-09,18,7
2021-02-09,19,3
2021-02-09,20,6
2021-02-09,21,0
2021-02-09,22,2
2021-02-09,23,8
2021-02-10,0,7
2021-02-10,1,1
2021-02-10,2,1
2021-02-10,3,0
2021-02-10,4,0
2021-02-10,5,6
2021-02-10,6,8
2021-02-10,7,47
2021-02-10,8,82
2021-02-10,9,43
2021-02-10,10,20
2021-02-10,11,32
2021-02-10,12,40
2021-02-10,13,48
2021-02-10,14,40
2021-02-10,15,27
2021-02-10,16,45
2021-02-10,17,30
2021-02-10,18,1
2021-02-10,19,1
2021-02-10,20,0
2021-02-10,21,0
2021-02-10,22,0
2021-02-10,23,0
2021-02-11,0,0
2021-02-11,1,0
2021-02-11,2,0
2021-02-11,3,0
2021-02-11,4,0
2021-02-11,5,0
2021-02-11,6,1
2021-02-11,7,30
2021-02-11,8,71
2021-02-11,9,34
2021-02-11,10,16
2021-02-11,11,45
2021-02-11,12,49
2021-02-11,13,49
2021-02-11,14,50
2021-02-11,15,51
2021-02-11,16,41
2021-02-11,17,43
2021-02-11,18,0
2021-02-11,19,1
2021-02-11,20,0
2021-02-11,21,0
2021-02-11,22,0
2021-02-11,23,1
2021-02-12,0,0
2021-02-12,1,0
2021-02-12,2,0
2021-02-12,3,0
2021-02-12,4,0
2021-02-12,5,0
2021-02-12,6,0
2021-02-12,7,20
2021-02-12,8,49
2021-02-12,9,34
2021-02-12,10,21
2021-02-12,11,43
2021-02-12,12,41
2021-02-12,13,53
2021-02-12,14,33
2021-02-12,15,51
2021-02-12,16,72
2021-02-12,17,33
2021-02-12,18,0
2021-02-12,19,0
2021-02-12,20,0
2021-02-12,21,1
2021-02-12,22,1
2021-02-12,23,0
2021-02-13,0,0
2021-02-13,1,0
2021-02-13,2,0
2021-02-13,3,0
2021-02-13,4,0
2021-02-13,5,0
2021-02-13,6,0
2021-02-13,7,8
2021-02-13,8,25
2021-02-13,9,13
2021-02-13,10,21
2021-02-13,11,25
2021-02-13,12,35
2021-02-13,13,54
2021-02-13,14,42
2021-02-13,15,30
2021-02-13,16,40
2021-02-13,17,25
2021-02-13,18,0
2021-02-13,19,0
2021-02-13,20,0
2021-02-13,21,3
2021-02-13,22,20
2021-02-13,23,11
2021-02-14,0,0
2021-02-14,1,0
2021-02-14,2,0
2021-02-14,3,0
2021-02-14,4,2
2021-02-14,5,3
2021-02-14,6,2
2021-02-14,7,9
2021-02-14,8,16
2021-02-14,9,7
2021-02-14,10,16
2021-02-14,11,14
2021-02-14,12,20
2021-02-14,13,32
2021-02-14,14,48
2021-02-14,15,37
2021-02-14,16,55
2021-02-14,17,32
2021-02-14,18,16
2021-02-14,19,6
2021-02-14,20,4
2021-02-14,21,2
2021-02-14,22,0
2021-02-14,23,0
2021-02-15,0,0
2021-02-15,1,3
2021-02-15,2,0
2021-02-15,3,0
2021-02-15,4,0
2021-02-15,5,0
2021-02-15,6,0
2021-02-15,7,28
2021-02-15,8,77
2021-02-15,9,58
2021-02-15,10,31
2021-02-15,11,61
2021-02-15,12,52
2021-02-15,13,30
2021-02-15,14,46
2021-02-15,15,64
2021-02-15,16,55
2021-02-15,17,35
2021-02-15,18,0
2021-02-15,19,0
2021-02-15,20,0
2021-02-15,21,4
2021-02-15,22,0
2021-02-15,23,0
2021-02-16,0,0
2021-02-16,1,0
2021-02-16,2,0
2021-02-16,3,0
2021-02-16,4,0
2021-02-16,5,0
2021-02-16,6,3
2021-02-16,7,40
2021-02-16,8,76
2021-02-16,9,84
2021-02-16,10,49
2021-02-16,11,43
2021-02-16,12,65
2021-02-16,13,74
2021-02-16,14,67
2021-02-16,15,56
2021-02-16,16,47
2021-02-16,17,50
2021-02-16,18,8
2021-02-16,19,4
2021-02-16,20,2
2021-02-16,21,3
2021-02-16,22,1
2021-02-16,23,0
2021-02-17,0,0
2021-02-17,1,0
2021-02-17,2,0
2021-02-17,3,0
2021-02-17,4,3
2021-02-17,5,8
2021-02-17,6,1
2021-02-17,7,46
2021-02-17,8,63
2021-02-17,9,54
2021-02-17,10,53
2021-02-17,11,53
2021-02-17,12,54
2021-02-17,13,58
2021-02-17,14,32
2021-02-17,15,57
2021-02-17,16,56
2021-02-17,17,46
2021-02-17,18,8
2021-02-17,19,0
2021-02-17,20,0
2021-02-17,21,9
2021-02-17,22,65
2021-02-17,23,9
2021-02-18,0,1
2021-02-18,1,5
2021-02-18,2,9
2021-02-18,3,9
2021-02-18,4,1
2021-02-18,5,2
2021-02-18,6,35
2021-02-18,7,103
2021-02-18,8,86
2021-02-18,9,91
2021-02-18,10,53
2021-02-18,11,52
2021-02-18,12,55
2021-02-18,13,51
2021-02-18,14,53
2021-02-18,15,43
2021-02-18,16,60
2021-02-18,17,50
2021-02-18,18,18
2021-02-18,19,2
2021-02-18,20,6
2021-02-18,21,33
2021-02-18,22,29
2021-02-18,23,0
2021-02-19,0,0
2021-02-19,1,0
2021-02-19,2,1
2021-02-19,3,0
2021-02-19,4,0
2021-02-19,5,68
2021-02-19,6,98
2021-02-19,7,110
2021-02-19,8,123
2021-02-19,9,82
2021-02-19,10,53
2021-02-19,11,59
2021-02-19,12,40
2021-02-19,13,80
2021-02-19,14,56
2021-02-19,15,63
2021-02-19,16,68
2021-02-19,17,63
2021-02-19,18,49
2021-02-19,19,2
2021-02-19,20,1
2021-02-19,21,0
2021-02-19,22,0
2021-02-19,23,1
2021-02-20,0,0
2021-02-20,1,0
2021-02-20,2,0
2021-02-20,3,0
2021-02-20,4,0
2021-02-20,5,1
2021-02-20,6,0
2021-02-20,7,6
2021-02-20,8,26
2021-02-20,9,20
2021-02-20,10,41
2021-02-20,11,37
2021-02-20,12,52
2021-02-20,13,58
2021-02-20,14,47
2021-02-20,15,44
2021-02-20,16,53
2021-02-20,17,58
2021-02-20,18,40
2021-02-20,19,2
2021-02-20,20,25
2021-02-20,21,3
2021-02-20,22,2
2021-02-20,23,0
2021-02-21,0,0
2021-02-21,1,0
2021-02-21,2,0
2021-02-21,3,0
2021-02-21,4,0
2021-02-21,5,0
2021-02-21,6,0
2021-02-21,7,13
2021-02-21,8,11
2021-02-21,9,18
2021-02-21,10,13
2021-02-21,11,29
2021-02-21,12,46
2021-02-21,13,44
2021-02-21,14,42
2021-02-21,15,59
2021-02-21,16,43
2021-02-21,17,33
2021-02-21,18,5
2021-02-21,19,0
2021-02-21,20,0
2021-02-21,21,0
2021-02-21,22,0
2021-02-21,23,0
2021-02-22,0,0
2021-02-22,1,0
2021-02-22,2,0
2021-02-22,3,0
2021-02-22,4,0
2021-02-22,5,1
2021-02-22,6,0
2021-02-22,7,48
2021-02-22,8,91
2021-02-22,9,47
2021-02-22,10,32
2021-02-22,11,37
2021-02-22,12,59
2021-02-22,13,52
2021-02-22,14,60
2021-02-22,15,68
2021-02-22,16,47
2021-02-22,17,63
2021-02-22,18,14
2021-02-22,19,1
2021-02-22,20,3
2021-02-22,21,5
2021-02-22,22,0
2021-02-22,23,0
2021-02-23,0,0
2021-02-23,1,0
2021-02-23,2,0
2021-02-23,3,0
2021-02-23,4,0
2021-02-23,5,8
2021-02-23,8,104
2021-02-23,9,97
2021-02-23,10,68
2021-02-23,11,63
2021-02-23,12,36
2021-02-23,13,51
2021-02-23,14,44
2021-02-23,15,39
2021-02-23,16,44
2021-02-23,17,60
2021-02-23,18,19
2021-02-23,19,5
2021-02-23,20,5
2021-02-23,21,1
2021-02-23,22,0
2021-02-23,23,2
2021-02-24,0,4
2021-02-24,1,0
2021-02-24,2,0
2021-02-24,3,0
2021-02-24,4,0
2021-02-24,5,0
2021-02-24,6,8
2021-02-24,7,46
2021-02-24,8,90
2021-02-24,9,105
2021-02-24,10,68
2021-02-24,11,55
2021-02-24,12,36
2021-02-24,13,55
2021-02-24,14,59
2021-02-24,15,51
2021-02-24,16,66
2021-02-24,17,40
2021-02-24,18,15
2021-02-24,19,0
2021-02-24,20,2
2021-02-24,21,2
2021-02-24,22,3
2021-02-24,23,1
2021-02-25,0,2
2021-02-25,1,0
2021-02-25,2,1
2021-02-25,3,0
2021-02-25,4,0
2021-02-25,5,0
2021-02-25,6,0
2021-02-25,7,60
2021-02-25,8,102
2021-02-25,9,70
2021-02-25,10,41
2021-02-25,11,53
2021-02-25,12,54
2021-02-25,13,60
2021-02-25,14,56
2021-02-25,15,51
2021-02-25,16,67
2021-02-25,17,54
2021-02-25,18,24
2021-02-25,19,0
2021-02-25,20,2
2021-02-25,21,0
2021-02-25,22,0
2021-02-25,23,0
2021-02-26,0,0
2021-02-26,1,0
2021-02-26,2,0
2021-02-26,3,0
2021-02-26,4,0
2021-02-26,5,2
2021-02-26,6,0
2021-02-26,7,50
2021-02-26,8,76
2021-02-26,9,78
2021-02-26,10,42
2021-02-26,11,50
2021-02-26,12,82
2021-02-26,13,78
2021-02-26,14,73
2021-02-26,15,68
2021-02-26,16,59
2021-02-26,17,61
2021-02-26,18,25
2021-02-26,19,0
2021-02-26,20,0
2021-02-26,21,0
2021-02-26,22,0
2021-02-26,23,0
2021-02-27,0,0
2021-02-27,1,0
2021-02-27,2,0
2021-02-27,3,0
2021-02-27,4,0
2021-02-27,5,0
2021-02-27,6,0
2021-02-27,7,9
2021-02-27,8,27
2021-02-27,9,32
2021-02-27,10,28
2021-02-27,11,38
2021-02-27,12,45
2021-02-27,13,56
2021-02-27,14,59
2021-02-27,15,75
2021-02-27,16,47
2021-02-27,17,49
2021-02-27,18,20
2021-02-27,19,1
2021-02-27,20,0
2021-02-27,21,0
2021-02-27,22,1
2021-02-27,23,3
2021-02-28,0,0
2021-02-28,1,4
2021-02-28,2,0
2021-02-28,3,0
2021-02-28,4,0
2021-02-28,5,0
2021-02-28,6,0
2021-02-28,7,2
2021-02-28,8,14
2021-02-28,9,19
2021-02-28,10,23
2021-02-28,11,25
2021-02-28,12,65
2021-02-28,13,50
2021-02-28,14,67
2021-02-28,15,43
2021-02-28,16,57
2021-02-28,17,46
2021-02-28,18,26
2021-02-28,19,1
2021-02-28,20,2
2021-02-28,21,1
2021-02-28,22,0
2021-02-28,23,0
2021-03-01,0,0
2021-03-01,1,0
2021-03-01,2,0
2021-03-01,3,0
2021-03-01,4,0
2021-03-01,5,1
2021-03-01,6,0
2021-03-01,7,57
2021-03-01,8,75
2021-03-01,9,87
2021-03-01,10,38
2021-03-01,11,35
2021-03-01,12,50
2021-03-01,13,66
2021-03-01,14,60
2021-03-01,15,34
2021-03-01,16,48
2021-03-01,17,43
2021-03-01,18,28
2021-03-01,19,3
2021-03-01,20,0
2021-03-01,21,4
2021-03-01,22,0
2021-03-01,23,0
2021-03-02,0,0
2021-03-02,1,0
2021-03-02,2,0
2021-03-02,3,0
2021-03-02,4,0
2021-03-02,5,0
2021-03-02,6,2
2021-03-02,7,60
2021-03-02,8,93
2021-03-02,9,83
2021-03-02,10,58
2021-03-02,11,52
2021-03-02,12,70
2021-03-02,13,124
2021-03-02,14,59
2021-03-02,15,47
2021-03-02,16,63
2021-03-02,17,46
2021-03-02,18,29
2021-03-02,19,0
2021-03-02,20,0
2021-03-02,21,0
2021-03-02,22,0
2021-03-02,23,0
2021-03-03,0,0
2021-03-03,1,0
2021-03-03,2,0
2021-03-03,3,0
2021-03-03,4,0
2021-03-03,5,0
2021-03-03,6,1
2021-03-03,7,55
2021-03-03,8,92
2021-03-03,9,81
2021-03-03,10,42
2021-03-03,11,42
2021-03-03,12,45
2021-03-03,13,56
2021-03-03,14,58
2021-03-03,15,68
2021-03-03,16,60
2021-03-03,17,42
2021-03-03,18,19
2021-03-03,19,0
2021-03-03,20,0
2021-03-03,21,0
2021-03-03,22,0
2021-03-03,23,0
2021-03-04,0,0
2021-03-04,1,0
2021-03-04,2,0
2021-03-04,3,0
2021-03-04,4,1
2021-03-04,5,0
2021-03-04,6,11
2021-03-04,7,73
2021-03-04,8,91
2021-03-04,9,97
2021-03-04,10,67
2021-03-04,11,59
2021-03-04,12,61
2021-03-04,13,61
2021-03-04,14,68
2021-03-04,15,63
2021-03-04,16,41
2021-03-04,17,53
2021-03-04,18,21
2021-03-04,19,0
2021-03-04,20,1
2021-03-04,21,0
2021-03-04,22,0
2021-03-04,23,0
2021-03-05,0,2
2021-03-05,1,0
2021-03-05,2,0
2021-03-05,3,0
2021-03-05,4,0
2021-03-05,5,0
2021-03-05,6,9
2021-03-05,7,56
2021-03-05,8,75
2021-03-05,9,90
2021-03-05,10,68
2021-03-05,11,57
2021-03-05,12,87
2021-03-05,13,64
2021-03-05,14,80
2021-03-05,15,61
2021-03-05,16,64
2021-03-05,17,58
2021-03-05,18,38
2021-03-05,19,0
2021-03-05,20,0
2021-03-05,21,3
2021-03-05,22,0
2021-03-05,23,0
2021-03-06,0,0
2021-03-06,1,0
2021-03-06,2,0
2021-03-06,3,0
2021-03-06,4,0
2021-03-06,5,0
2021-03-06,6,0
2021-03-06,7,23
2021-03-06,8,34
2021-03-06,9,29
2021-03-06,10,40
2021-03-06,11,45
2021-03-06,12,58
2021-03-06,13,65
2021-03-06,14,66
2021-03-06,15,59
2021-03-06,16,44
2021-03-06,17,45
2021-03-06,18,18
2021-03-06,19,0
2021-03-06,20,0
2021-03-06,21,0
2021-03-06,22,0
2021-03-06,23,0
2021-03-07,0,0
2021-03-07,1,0
2021-03-07,2,0
2021-03-07,3,0
2021-03-07,4,0
2021-03-07,5,0
2021-03-07,6,0
2021-03-07,7,9
2021-03-07,8,10
2021-03-07,9,17
2021-03-07,10,15
2021-03-07,11,28
2021-03-07,12,45
2021-03-07,13,42
2021-03-07,14,49
2021-03-07,15,63
2021-03-07,16,59
2021-03-07,17,53
2021-03-07,18,28
2021-03-07,19,3
2021-03-07,20,0
2021-03-07,21,0
2021-03-07,22,0
2021-03-07,23,10
2021-03-08,0,0
2021-03-08,1,0
2021-03-08,2,0
2021-03-08,3,0
2021-03-08,4,0
2021-03-08,5,0
2021-03-08,6,15
2021-03-08,7,106
2021-03-08,8,76
2021-03-08,9,75
2021-03-08,10,82
2021-03-08,11,49
2021-03-08,12,60
2021-03-08,13,65
2021-03-08,14,61
2021-03-08,15,59
2021-03-08,16,60
2021-03-08,17,55
2021-03-08,18,24
2021-03-08,19,0
2021-03-08,20,0
2021-03-08,21,0
2021-03-08,22,0
2021-03-08,23,0
2021-03-09,0,0
2021-03-09,1,0
2021-03-09,2,0
2021-03-09,3,0
2021-03-09,4,0
2021-03-09,5,0
2021-03-09,6,19
2021-03-09,7,74
2021-03-09,8,106
2021-03-09,9,67
2021-03-09,10,69
2021-03-09,11,66
2021-03-09,12,69
2021-03-09,13,63
2021-03-09,14,57
2021-03-09,15,72
2021-03-09,16,63
2021-03-09,17,46
2021-03-09,18,61
2021-03-09,19,55
2021-03-09,20,47
2021-03-09,21,30
2021-03-09,22,15
2021-03-09,23,8
2021-03-10,0,5
2021-03-10,1,2
2021-03-10,2,0
2021-03-10,3,0
2021-03-10,4,0
2021-03-10,5,0
2021-03-10,6,9
2021-03-10,7,85
2021-03-10,8,91
2021-03-10,9,63
2021-03-10,10,48
2021-03-10,11,54
2021-03-10,12,49
2021-03-10,13,40
2021-03-10,14,7
2021-03-10,15,0
2021-03-10,16,0
2021-03-10,17,0
2021-03-10,18,0
2021-03-10,19,0
2021-03-10,20,0
2021-03-10,21,0
2021-03-10,22,0
2021-03-10,23,0
2021-03-11,0,0
2021-03-11,1,0
2021-03-11,2,0
2021-03-11,3,0
2021-03-11,4,0
2021-03-11,5,0
2021-03-11,6,0
2021-03-11,7,0
2021-03-11,8,88
2021-03-11,9,69
2021-03-11,10,61
2021-03-11,11,71
2021-03-11,12,49
2021-03-11,13,69
2021-03-11,14,66
2021-03-11,15,33
2021-03-11,16,57
2021-03-11,17,69
2021-03-11,18,37
2021-03-11,19,0
2021-03-11,20,3
2021-03-11,21,5
2021-03-11,22,11
2021-03-11,23,7
2021-03-12,0,3
2021-03-12,1,0
2021-03-12,2,6
2021-03-12,3,0
2021-03-12,4,0
2021-03-12,5,1
2021-03-12,6,43
2021-03-12,7,63
2021-03-12,8,77
2021-03-12,9,72
2021-03-12,10,72
2021-03-12,11,49
2021-03-12,12,75
2021-03-12,13,78
2021-03-12,14,68
2021-03-12,15,58
2021-03-12,16,63
2021-03-12,17,44
2021-03-12,18,44
2021-03-12,19,0
2021-03-12,20,0
2021-03-12,21,20
2021-03-12,22,10
2021-03-12,23,2
2021-03-13,0,0
2021-03-13,1,0
2021-03-13,2,0
2021-03-13,3,0
2021-03-13,4,0
2021-03-13,5,0
2021-03-13,6,10
2021-03-13,7,30
2021-03-13,8,24
2021-03-13,9,22
2021-03-13,10,31
2021-03-13,11,59
2021-03-13,12,68
2021-03-13,13,70
2021-03-13,14,72
2021-03-13,15,60
2021-03-13,16,44
2021-03-13,17,62
2021-03-13,18,43
2021-03-13,19,0
2021-03-13,20,0
2021-03-13,21,0
2021-03-13,22,0
2021-03-13,23,0
2021-03-14,0,0
2021-03-14,1,0
2021-03-14,2,0
2021-03-14,3,0
2021-03-14,4,0
2021-03-14,5,0
2021-03-14,6,4
2021-03-14,7,15
2021-03-14,8,15
2021-03-14,9,15
2021-03-14,10,43
2021-03-14,11,47
2021-03-14,12,52
2021-03-14,13,50
2021-03-14,14,53
2021-03-14,15,52
2021-03-14,16,55
2021-03-14,17,38
2021-03-14,18,37
2021-03-14,19,0
2021-03-14,20,0
2021-03-14,21,0
2021-03-14,22,0
2021-03-14,23,0
2021-03-15,0,0
2021-03-15,1,0
2021-03-15,2,0
2021-03-15,3,0
2021-03-15,4,0
2021-03-15,5,0
2021-03-15,6,27
2021-03-15,7,81
2021-03-15,8,93
2021-03-15,9,73
2021-03-15,10,63
2021-03-15,11,67
2021-03-15,12,70
2021-03-15,13,54
2021-03-15,14,65
2021-03-15,15,43
2021-03-15,16,68
2021-03-15,17,54
2021-03-15,18,56
2021-03-15,19,1
2021-03-15,20,2
2021-03-15,21,31
2021-03-15,22,32
2021-03-15,23,3
2021-03-16,0,0
2021-03-16,1,0
2021-03-16,2,0
2021-03-16,3,0
2021-03-16,4,0
2021-03-16,5,0
2021-03-16,6,26
2021-03-16,7,71
2021-03-16,8,59
2021-03-16,9,74
2021-03-16,10,39
2021-03-16,11,50
2021-03-16,12,65
2021-03-16,13,72
2021-03-16,14,81
2021-03-16,15,72
2021-03-16,16,49
2021-03-16,17,83
2021-03-16,18,49
2021-03-16,19,0
2021-03-16,20,0
2021-03-16,21,0
2021-03-16,22,0
2021-03-16,23,0
2021-03-17,0,0
2021-03-17,1,0
2021-03-17,2,0
2021-03-17,3,0
2021-03-17,4,0
2021-03-17,5,0
2021-03-17,6,22
2021-03-17,7,85
2021-03-17,8,120
2021-03-17,9,91
2021-03-17,10,60
2021-03-17,11,53
2021-03-17,12,53
2021-03-17,13,77
2021-03-17,14,66
2021-03-17,15,50
2021-03-17,16,82
2021-03-17,17,72
2021-03-17,18,50
2021-03-17,19,3
2021-03-17,20,0
2021-03-17,21,0
2021-03-17,22,0
2021-03-17,23,0
2021-03-18,0,0
2021-03-18,1,0
2021-03-18,2,0
2021-03-18,3,0
2021-03-18,4,0
2021-03-18,5,0
2021-03-18,6,22
2021-03-18,7,68
2021-03-18,8,107
2021-03-18,9,104
2021-03-18,10,52
2021-03-18,11,48
2021-03-18,12,61
2021-03-18,13,83
2021-03-18,14,56
2021-03-18,15,47
2021-03-18,16,71
2021-03-18,17,69
2021-03-18,18,43
2021-03-18,19,5
2021-03-18,20,0
2021-03-18,21,1
2021-03-18,22,0
2021-03-18,23,0
2021-03-19,0,0
2021-03-19,1,0
2021-03-19,2,0
2021-03-19,3,0
2021-03-19,4,0
2021-03-19,5,0
2021-03-19,6,26
2021-03-19,7,60
2021-03-19,8,65
2021-03-19,9,69
2021-03-19,10,46
2021-03-19,11,59
2021-03-19,12,87
2021-03-19,13,72
2021-03-19,14,68
2021-03-19,15,90
2021-03-19,16,63
2021-03-19,17,62
2021-03-19,18,45
2021-03-19,19,17
2021-03-19,20,1
2021-03-19,21,0
2021-03-19,22,0
2021-03-19,23,0
2021-03-20,0,0
2021-03-20,1,0
2021-03-20,2,0
2021-03-20,3,0
2021-03-20,4,0
2021-03-20,5,0
2021-03-20,6,3
2021-03-20,7,22
2021-03-20,8,28
2021-03-20,9,42
2021-03-20,10,38
2021-03-20,11,49
2021-03-20,12,55
2021-03-20,13,87
2021-03-20,14,67
2021-03-20,15,74
2021-03-20,16,66
2021-03-20,17,51
2021-03-20,18,53
2021-03-20,19,15
2021-03-20,20,0
2021-03-20,21,0
2021-03-20,22,0
2021-03-20,23,0
2021-03-21,0,0
2021-03-21,1,0
2021-03-21,2,0
2021-03-21,3,0
2021-03-21,4,0
2021-03-21,5,0
2021-03-21,6,3
2021-03-21,7,7
2021-03-21,8,15
2021-03-21,9,15
2021-03-21,10,21
2021-03-21,11,42
2021-03-21,12,62
2021-03-21,13,57
2021-03-21,14,58
2021-03-21,15,61
2021-03-21,16,44
2021-03-21,17,35
2021-03-21,18,38
2021-03-21,19,2
2021-03-21,20,0
2021-03-21,21,0
2021-03-21,22,0
2021-03-21,23,0
2021-03-22,0,0
2021-03-22,1,0
2021-03-22,2,0
2021-03-22,3,0
2021-03-22,4,0
2021-03-22,5,0
2021-03-22,6,23
2021-03-22,7,80
2021-03-22,8,88
2021-03-22,9,86
2021-03-22,10,74
2021-03-22,11,60
2021-03-22,12,63
2021-03-22,13,66
2021-03-22,14,66
2021-03-22,15,66
2021-03-22,16,52
2021-03-22,17,55
2021-03-22,18,50
2021-03-22,19,9
2021-03-22,20,0
2021-03-22,21,0
2021-03-22,22,0
2021-03-22,23,0
2021-03-23,0,0
2021-03-23,1,0
2021-03-23,2,0
2021-03-23,3,0
2021-03-23,4,0
2021-03-23,5,0
2021-03-23,6,24
2021-03-23,7,86
2021-03-23,8,106
2021-03-23,9,107
2021-03-23,10,62
2021-03-23,11,52
2021-03-23,12,71
2021-03-23,13,66
2021-03-23,14,83
2021-03-23,15,56
2021-03-23,16,71
2021-03-23,17,59
2021-03-23,18,42
2021-03-23,19,6
2021-03-23,20,0
2021-03-23,21,0
2021-03-23,22,0
2021-03-23,23,0
2021-03-24,0,0
2021-03-24,1,0
2021-03-24,2,0
2021-03-24,3,0
2021-03-24,4,0
2021-03-24,5,0
2021-03-24,6,26
2021-03-24,7,77
2021-03-24,8,114
2021-03-24,9,105
2021-03-24,10,75
2021-03-24,11,75
2021-03-24,12,69
2021-03-24,13,80
2021-03-24,14,78
2021-03-24,15,49
2021-03-24,16,50
2021-03-24,17,63
2021-03-24,18,78
2021-03-24,19,28
2021-03-24,20,2
2021-03-24,21,0
2021-03-24,22,0
2021-03-24,23,0
2021-03-25,0,0
2021-03-25,1,0
2021-03-25,2,0
2021-03-25,3,0
2021-03-25,4,0
2021-03-25,5,0
2021-03-25,6,22
2021-03-25,7,58
2021-03-25,8,108
2021-03-25,9,83
2021-03-25,10,45
2021-03-25,11,84
2021-03-25,12,63
2021-03-25,13,53
2021-03-25,14,34
2021-03-25,15,40
2021-03-25,16,86
2021-03-25,17,70
2021-03-25,18,70
2021-03-25,19,7
2021-03-25,20,2
2021-03-25,21,2
2021-03-25,22,0
2021-03-25,23,0
2021-03-26,0,0
2021-03-26,1,2
2021-03-26,2,0
2021-03-26,3,0
2021-03-26,4,4
2021-03-26,5,1
2021-03-26,6,33
2021-03-26,7,88
2021-03-26,8,108
2021-03-26,9,87
2021-03-26,10,102
2021-03-26,11,72
2021-03-26,12,67
2021-03-26,13,83
2021-03-26,14,63
2021-03-26,15,74
2021-03-26,16,63
2021-03-26,17,50
2021-03-26,18,57
2021-03-26,19,28
2021-03-26,20,45
2021-03-26,21,1
2021-03-26,22,7
2021-03-26,23,0
2021-03-27,0,0
2021-03-27,1,0
2021-03-27,2,0
2021-03-27,3,0
2021-03-27,4,0
2021-03-27,5,4
2021-03-27,6,10
2021-03-27,7,14
2021-03-27,8,21
2021-03-27,9,20
2021-03-27,10,44
2021-03-27,11,42
2021-03-27,12,65
2021-03-27,13,52
2021-03-27,14,59
2021-03-27,15,67
2021-03-27,16,74
2021-03-27,17,38
2021-03-27,18,55
2021-03-27,19,62
2021-03-27,20,53
2021-03-27,21,3
2021-03-27,22,16
2021-03-27,23,5
2021-03-28,0,2
2021-03-28,1,0
2021-03-28,2,0
2021-03-28,3,1
2021-03-28,4,4
2021-03-28,5,2
2021-03-28,6,10
2021-03-28,7,22
2021-03-28,8,24
2021-03-28,9,34
2021-03-28,10,56
2021-03-28,11,40
2021-03-28,12,64
2021-03-28,13,49
2021-03-28,14,49
2021-03-28,15,39
2021-03-28,16,37
2021-03-28,17,44
2021-03-28,18,31
2021-03-28,19,47
2021-03-28,20,15
2021-03-28,21,4
2021-03-28,22,0
2021-03-28,23,4
2021-03-29,0,0
2021-03-29,1,0
2021-03-29,2,2
2021-03-29,3,0
2021-03-29,4,12
2021-03-29,5,37
2021-03-29,6,77
2021-03-29,7,102
2021-03-29,8,79
2021-03-29,9,59
2021-03-29,10,78
2021-03-29,11,86
2021-03-29,12,45
2021-03-29,13,65
2021-03-29,14,70
2021-03-29,15,94
2021-03-29,16,58
2021-03-29,17,48
2021-03-29,18,41
2021-03-29,19,12
2021-03-29,20,0
2021-03-29,21,0
2021-03-29,22,0
2021-03-29,23,0
2021-03-30,0,0
2021-03-30,1,0
2021-03-30,2,0
2021-03-30,3,0
2021-03-30,4,0
2021-03-30,5,7
2021-03-30,6,80
2021-03-30,7,113
2021-03-30,8,97
2021-03-30,9,82
2021-03-30,10,74
2021-03-30,11,0
2021-03-30,12,10
2021-03-30,13,56
2021-03-30,14,79
2021-03-30,15,59
2021-03-30,16,68
2021-03-30,17,57
2021-03-30,18,43
2021-03-30,19,7
2021-03-30,20,0
2021-03-30,21,0
2021-03-30,22,0
2021-03-30,23,0
2021-03-31,0,0
2021-03-31,1,0
2021-03-31,2,0
2021-03-31,3,0
2021-03-31,4,0
2021-03-31,5,8
2021-03-31,6,71
2021-03-31,7,120
2021-03-31,8,107
2021-03-31,9,81
2021-03-31,10,67
2021-03-31,11,80
2021-03-31,12,63
2021-03-31,13,67
2021-03-31,14,52
2021-03-31,15,85
2021-03-31,16,57
2021-03-31,17,58
2021-03-31,18,39
2021-03-31,19,12
2021-03-31,20,1
2021-03-31,21,0
2021-03-31,22,0
2021-03-31,23,0
2021-04-01,0,0
2021-04-01,1,0
2021-04-01,2,0
2021-04-01,3,0
2021-04-01,4,0
2021-04-01,5,13
2021-04-01,6,82
2021-04-01,7,98
2021-04-01,8,120
2021-04-01,9,66
2021-04-01,10,75
2021-04-01,11,82
2021-04-01,12,71
2021-04-01,13,65
2021-04-01,14,76
2021-04-01,15,81
2021-04-01,16,66
2021-04-01,17,60
2021-04-01,18,40
2021-04-01,19,29
2021-04-01,20,0
2021-04-01,21,0
2021-04-01,22,0
2021-04-01,23,0
2021-04-02,0,0
2021-04-02,1,0
2021-04-02,2,0
2021-04-02,3,0
2021-04-02,4,0
2021-04-02,5,7
2021-04-02,6,37
2021-04-02,7,31
2021-04-02,8,39
2021-04-02,9,39
2021-04-02,10,60
2021-04-02,11,68
2021-04-02,12,75
2021-04-02,13,75
2021-04-02,14,82
2021-04-02,15,83
2021-04-02,16,43
2021-04-02,17,50
2021-04-02,18,56
2021-04-02,19,31
2021-04-02,20,0
2021-04-02,21,1
2021-04-02,22,0
2021-04-02,23,0
2021-04-03,0,0
2021-04-03,1,0
2021-04-03,2,0
2021-04-03,3,0
2021-04-03,4,0
2021-04-03,5,1
2021-04-03,6,15
2021-04-03,7,23
2021-04-03,8,25
2021-04-03,9,27
2021-04-03,10,45
2021-04-03,11,78
2021-04-03,12,58
2021-04-03,13,74
2021-04-03,14,68
2021-04-03,15,48
2021-04-03,16,36
2021-04-03,17,48
2021-04-03,18,36
2021-04-03,19,28
2021-04-03,20,0
2021-04-03,21,0
2021-04-03,22,0
2021-04-03,23,0
2021-04-04,0,0
2021-04-04,1,0
2021-04-04,2,0
2021-04-04,3,0
2021-04-04,4,0
2021-04-04,5,2
2021-04-04,6,8
2021-04-04,7,12
2021-04-04,8,14
2021-04-04,9,22
2021-04-04,10,34
2021-04-04,11,62
2021-04-04,12,50
2021-04-04,13,53
2021-04-04,14,57
2021-04-04,15,46
2021-04-04,16,32
2021-04-04,17,29
2021-04-04,18,25
2021-04-04,19,16
2021-04-04,20,0
2021-04-04,21,1
2021-04-04,22,0
2021-04-04,23,0
2021-04-05,0,0
2021-04-05,1,0
2021-04-05,2,0
2021-04-05,3,0
2021-04-05,4,0
2021-04-05,5,4
2021-04-05,6,22
2021-04-05,7,28
2021-04-05,8,32
2021-04-05,9,35
2021-04-05,10,69
2021-04-05,11,65
2021-04-05,12,81
2021-04-05,13,93
2021-04-05,14,74
2021-04-05,15,52
2021-04-05,16,46
2021-04-05,17,33
2021-04-05,18,25
2021-04-05,19,33
2021-04-05,20,2
2021-04-05,21,0
2021-04-05,22,0
2021-04-05,23,0
2021-04-06,0,0
2021-04-06,1,0
2021-04-06,2,0
2021-04-06,3,0
2021-04-06,4,0
2021-04-06,5,17
2021-04-06,6,68
2021-04-06,7,95
2021-04-06,8,73
2021-04-06,9,77
2021-04-06,10,57
2021-04-06,11,69
2021-04-06,12,60
2021-04-06,13,90
2021-04-06,14,97
2021-04-06,15,64
2021-04-06,16,54
2021-04-06,17,28
2021-04-06,18,39
2021-04-06,19,21
2021-04-06,20,0
2021-04-06,21,0
2021-04-06,22,0
2021-04-06,23,0
2021-04-07,0,0
2021-04-07,1,0
2021-04-07,2,0
2021-04-07,3,0
2021-04-07,4,0
2021-04-07,5,12
2021-04-07,6,65
2021-04-07,7,87
2021-04-07,8,85
2021-04-07,9,70
2021-04-07,10,74
2021-04-07,11,82
2021-04-07,12,71
2021-04-07,13,73
2021-04-07,14,85
2021-04-07,15,68
2021-04-07,16,65
2021-04-07,17,59
2021-04-07,18,57
2021-04-07,19,25
2021-04-07,20,0
2021-04-07,21,0
2021-04-07,22,0
2021-04-07,23,0
2021-04-08,0,0
2021-04-08,1,0
2021-04-08,2,0
2021-04-08,3,0
2021-04-08,4,0
2021-04-08,5,17
2021-04-08,6,66
2021-04-08,7,94
2021-04-08,8,110
2021-04-08,9,76
2021-04-08,10,58
2021-04-08,11,67
2021-04-08,12,87
2021-04-08,13,25
2021-04-08,14,43
2021-04-08,15,35
2021-04-08,16,36
2021-04-08,17,56
2021-04-08,18,31
2021-04-08,19,39
2021-04-08,20,3
2021-04-08,21,0
2021-04-08,22,0
2021-04-08,23,0
2021-04-09,0,0
2021-04-09,1,0
2021-04-09,2,0
2021-04-09,3,0
2021-04-09,4,0
2021-04-09,5,19
2021-04-09,6,82
2021-04-09,7,90
2021-04-09,8,53
2021-04-09,9,77
2021-04-09,10,54
2021-04-09,11,63
2021-04-09,12,98
2021-04-09,13,91
2021-04-09,14,96
2021-04-09,15,82
2021-04-09,16,69
2021-04-09,17,55
2021-04-09,18,46
2021-04-09,19,41
2021-04-09,20,0
2021-04-09,21,0
2021-04-09,22,0
2021-04-09,23,0
2021-04-10,0,0
2021-04-10,1,0
2021-04-10,2,0
2021-04-10,3,0
2021-04-10,4,0
2021-04-10,5,4
2021-04-10,6,20
2021-04-10,7,19
2021-04-10,8,20
2021-04-10,9,38
2021-04-10,10,85
2021-04-10,11,83
2021-04-10,12,73
2021-04-10,13,66
2021-04-10,14,68
2021-04-10,15,68
2021-04-10,16,46
2021-04-10,17,58
2021-04-10,18,50
2021-04-10,19,72
2021-04-10,20,42
2021-04-10,21,17
2021-04-10,22,4
2021-04-10,23,0
2021-04-11,0,0
2021-04-11,1,0
2021-04-11,2,0
2021-04-11,3,0
2021-04-11,4,0
2021-04-11,5,2
2021-04-11,6,8
2021-04-11,7,11
2021-04-11,8,22
2021-04-11,9,32
2021-04-11,10,56
2021-04-11,11,43
2021-04-11,12,64
2021-04-11,13,95
2021-04-11,14,64
2021-04-11,15,59
2021-04-11,16,55
2021-04-11,17,39
2021-04-11,18,40
2021-04-11,19,80
2021-04-11,20,27
2021-04-11,21,13
2021-04-11,22,5
2021-04-11,23,0
2021-04-12,0,1
2021-04-12,1,0
2021-04-12,2,0
2021-04-12,3,0
2021-04-12,4,0
2021-04-12,5,23
2021-04-12,6,73
2021-04-12,7,104
2021-04-12,8,70
2021-04-12,9,86
2021-04-12,10,46
2021-04-12,11,87
2021-04-12,12,76
2021-04-12,13,64
2021-04-12,14,78
2021-04-12,15,85
2021-04-12,16,68
2021-04-12,17,44
2021-04-12,18,28
2021-04-12,19,80
2021-04-12,20,36
2021-04-12,21,4
2021-04-12,22,0
2021-04-12,23,0
2021-04-13,0,0
2021-04-13,1,0
2021-04-13,2,0
2021-04-13,3,0
2021-04-13,4,0
2021-04-13,5,28
2021-04-13,6,88
2021-04-13,7,107
2021-04-13,8,84
2021-04-13,9,68
2021-04-13,10,103
2021-04-13,11,73
2021-04-13,12,67
2021-04-13,13,80
2021-04-13,14,92
2021-04-13,15,63
2021-04-13,16,49
2021-04-13,17,52
2021-04-13,18,49
2021-04-13,19,20
2021-04-13,20,0
2021-04-13,21,0
2021-04-13,22,0
2021-04-13,23,0
2021-04-14,0,0
2021-04-14,1,0
2021-04-14,2,0
2021-04-14,3,0
2021-04-14,4,0
2021-04-14,5,26
2021-04-14,6,76
2021-04-14,7,126
2021-04-14,8,106
2021-04-14,9,62
2021-04-14,10,58
2021-04-14,11,78
2021-04-14,12,86
2021-04-14,13,71
2021-04-14,14,62
2021-04-14,15,87
2021-04-14,16,65
2021-04-14,17,58
2021-04-14,18,28
2021-04-14,19,33
2021-04-14,20,0
2021-04-14,21,0
2021-04-14,22,0
2021-04-14,23,0
2021-04-15,0,0
2021-04-15,1,0
2021-04-15,2,0
2021-04-15,3,0
2021-04-15,4,0
2021-04-15,5,33
2021-04-15,6,79
2021-04-15,7,90
2021-04-15,8,72
2021-04-15,9,54
2021-04-15,10,87
2021-04-15,11,71
2021-04-15,12,90
2021-04-15,13,75
2021-04-15,14,76
2021-04-15,15,63
2021-04-15,16,40
2021-04-15,17,55
2021-04-15,18,51
2021-04-15,19,39
2021-04-15,20,3
2021-04-15,21,0
2021-04-15,22,0
2021-04-15,23,0
2021-04-16,0,0
2021-04-16,1,0
2021-04-16,2,0
2021-04-16,3,0
2021-04-16,4,0
2021-04-16,5,28
2021-04-16,6,71
2021-04-16,7,81
2021-04-16,8,77
2021-04-16,9,66
2021-04-16,10,67
2021-04-16,11,60
2021-04-16,12,103
2021-04-16,13,94
2021-04-16,14,94
2021-04-16,15,80
2021-04-16,16,72
2021-04-16,17,59
2021-04-16,18,47
2021-04-16,19,39
2021-04-16,20,6
2021-04-16,21,0
2021-04-16,22,0
2021-04-16,23,0
2021-04-17,0,0
2021-04-17,1,0
2021-04-17,2,0
2021-04-17,3,0
2021-04-17,4,0
2021-04-17,5,11
2021-04-17,6,18
2021-04-17,7,27
2021-04-17,8,42
2021-04-17,9,39
2021-04-17,10,78
2021-04-17,11,90
2021-04-17,12,89
2021-04-17,13,81
2021-04-17,14,101
2021-04-17,15,62
2021-04-17,16,67
2021-04-17,17,65
2021-04-17,18,58
2021-04-17,19,53
2021-04-17,20,6
2021-04-17,21,0
2021-04-17,22,0
2021-04-17,23,0
2021-04-18,0,0
2021-04-18,1,0
2021-04-18,2,0
2021-04-18,3,0
2021-04-18,4,0
2021-04-18,5,6
2021-04-18,6,6
2021-04-18,7,23
2021-04-18,8,23
2021-04-18,9,33
2021-04-18,10,50
2021-04-18,11,76
2021-04-18,12,71
2021-04-18,13,61
2021-04-18,14,61
2021-04-18,15,40
2021-04-18,16,43
2021-04-18,17,49
2021-04-18,18,44
2021-04-18,19,30
2021-04-18,20,1
2021-04-18,21,0
2021-04-18,22,0
2021-04-18,23,0
2021-04-19,0,0
2021-04-19,1,0
2021-04-19,2,0
2021-04-19,3,0
2021-04-19,4,5
2021-04-19,5,18
2021-04-19,6,67
2021-04-19,7,104
2021-04-19,8,101
2021-04-19,9,52
2021-04-19,10,54
2021-04-19,11,91
2021-04-19,12,81
2021-04-19,13,64
2021-04-19,14,69
2021-04-19,15,60
2021-04-19,16,66
2021-04-19,17,73
2021-04-19,18,37
2021-04-19,19,26
2021-04-19,20,5
2021-04-19,21,0
2021-04-19,22,2
2021-04-19,23,0
2021-04-20,0,0
2021-04-20,1,0
2021-04-20,2,0
2021-04-20,3,0
2021-04-20,4,0
2021-04-20,5,21
2021-04-20,6,93
2021-04-20,7,112
2021-04-20,8,125
2021-04-20,9,75
2021-04-20,10,70
2021-04-20,11,90
2021-04-20,12,71
2021-04-20,13,76
2021-04-20,14,60
2021-04-20,15,77
2021-04-20,16,55
2021-04-20,17,62
2021-04-20,18,48
2021-04-20,19,32
2021-04-20,20,6
2021-04-20,21,1
2021-04-20,22,0
2021-04-20,23,0
2021-04-21,0,0
2021-04-21,1,0
2021-04-21,2,0
2021-04-21,3,0
2021-04-21,4,4
2021-04-21,5,28
2021-04-21,6,105
2021-04-21,7,111
2021-04-21,8,133
2021-04-21,9,86
2021-04-21,10,89
2021-04-21,11,82
2021-04-21,12,100
2021-04-21,13,84
2021-04-21,14,52
2021-04-21,15,75
2021-04-21,16,78
2021-04-21,17,50
2021-04-21,18,47
2021-04-21,19,40
2021-04-21,20,8
2021-04-21,21,0
2021-04-21,22,1
2021-04-21,23,0
2021-04-22,0,0
2021-04-22,1,0
2021-04-22,2,0
2021-04-22,3,0
2021-04-22,4,3
2021-04-22,5,29
2021-04-22,6,87
2021-04-22,7,120
2021-04-22,8,112
2021-04-22,9,79
2021-04-22,10,81
2021-04-22,11,96
2021-04-22,12,72
2021-04-22,13,78
2021-04-22,14,73
2021-04-22,15,65
2021-04-22,16,66
2021-04-22,17,68
2021-04-22,18,41
2021-04-22,19,46
2021-04-22,20,9
2021-04-22,21,0
2021-04-22,22,0
2021-04-22,23,0
2021-04-23,0,0
2021-04-23,1,0
2021-04-23,2,0
2021-04-23,3,0
2021-04-23,4,5
2021-04-23,5,24
2021-04-23,6,88
2021-04-23,7,115
2021-04-23,8,79
2021-04-23,9,79
2021-04-23,10,64
2021-04-23,11,90
2021-04-23,12,104
2021-04-23,13,109
2021-04-23,14,98
2021-04-23,15,77
2021-04-23,16,84
2021-04-23,17,55
2021-04-23,18,40
2021-04-23,19,48
2021-04-23,20,11
2021-04-23,21,0
2021-04-23,22,0
2021-04-23,23,0
2021-04-24,0,0
2021-04-24,1,0
2021-04-24,2,0
2021-04-24,3,0
2021-04-24,4,1
2021-04-24,5,12
2021-04-24,6,41
2021-04-24,7,47
2021-04-24,8,39
2021-04-24,9,55
2021-04-24,10,47
2021-04-24,11,83
2021-04-24,12,85
2021-04-24,13,89
2021-04-24,14,82
2021-04-24,15,73
2021-04-24,16,61
2021-04-24,17,48
2021-04-24,18,48
2021-04-24,19,39
2021-04-24,20,9
2021-04-24,21,0
2021-04-24,22,0
2021-04-24,23,0
2021-04-25,0,0
2021-04-25,1,0
2021-04-25,2,0
2021-04-25,3,0
2021-04-25,4,1
2021-04-25,5,6
2021-04-25,6,12
2021-04-25,7,18
2021-04-25,8,21
2021-04-25,9,36
2021-04-25,10,46
2021-04-25,11,71
2021-04-25,12,58
2021-04-25,13,69
2021-04-25,14,106
2021-04-25,15,65
2021-04-25,16,68
2021-04-25,17,55
2021-04-25,18,52
2021-04-25,19,54
2021-04-25,20,15
2021-04-25,21,0
2021-04-25,22,0
2021-04-25,23,0
2021-04-26,0,0
2021-04-26,1,0
2021-04-26,2,0
2021-04-26,3,0
2021-04-26,4,9
2021-04-26,5,37
2021-04-26,6,103
2021-04-26,7,129
2021-04-26,8,139
2021-04-26,9,116
2021-04-26,10,100
2021-04-26,11,75
2021-04-26,12,108
2021-04-26,13,82
2021-04-26,14,80
2021-04-26,15,106
2021-04-26,16,64
2021-04-26,17,65
2021-04-26,18,44
2021-04-26,19,39
2021-04-26,20,16
2021-04-26,21,0
2021-04-26,22,0
2021-04-26,23,0
2021-04-27,0,0
2021-04-27,1,0
2021-04-27,2,0
2021-04-27,3,0
2021-04-27,4,4
2021-04-27,5,48
2021-04-27,6,96
2021-04-27,7,124
2021-04-27,8,147
2021-04-27,9,113
2021-04-27,10,90
2021-04-27,11,100
2021-04-27,12,121
2021-04-27,13,93
2021-04-27,14,102
2021-04-27,15,86
2021-04-27,16,71
2021-04-27,17,79
2021-04-27,18,59
2021-04-27,19,54
2021-04-27,20,33
2021-04-27,21,1
2021-04-27,22,0
2021-04-27,23,0
2021-04-28,0,0
2021-04-28,1,0
2021-04-28,2,0
2021-04-28,3,0
2021-04-28,4,8
2021-04-28,5,29
2021-04-28,6,102
2021-04-28,7,122
2021-04-28,8,124
2021-04-28,9,94
2021-04-28,10,92
2021-04-28,11,95
2021-04-28,12,121
2021-04-28,13,82
2021-04-28,14,71
2021-04-28,15,80
2021-04-28,16,74
2021-04-28,17,53
2021-04-28,18,47
2021-04-28,19,54
2021-04-28,20,18
2021-04-28,21,0
2021-04-28,22,0
2021-04-28,23,0
2021-04-29,0,0
2021-04-29,1,0
2021-04-29,2,0
2021-04-29,3,0
2021-04-29,4,6
2021-04-29,5,36
2021-04-29,6,116
2021-04-29,7,120
2021-04-29,8,143
2021-04-29,9,116
2021-04-29,10,108
2021-04-29,11,103
2021-04-29,12,93
2021-04-29,13,98
2021-04-29,14,87
2021-04-29,15,73
2021-04-29,16,79
2021-04-29,17,91
2021-04-29,18,53
2021-04-29,19,57
2021-04-29,20,18
2021-04-29,21,0
2021-04-29,22,0
2021-04-29,23,0
2021-04-30,0,0
2021-04-30,1,0
2021-04-30,2,0
2021-04-30,3,0
2021-04-30,4,10
2021-04-30,5,28
2021-04-30,6,91
2021-04-30,7,103
2021-04-30,8,109
2021-04-30,9,130
2021-04-30,10,119
2021-04-30,11,116
2021-04-30,12,136
2021-04-30,13,114
2021-04-30,14,97
2021-04-30,15,88
2021-04-30,16,90
2021-04-30,17,106
2021-04-30,18,82
2021-04-30,19,50
2021-04-30,20,9
2021-04-30,21,0
2021-04-30,22,3
2021-04-30,23,3
2021-05-01,0,0
2021-05-01,1,0
2021-05-01,2,0
2021-05-01,3,0
2021-05-01,4,2
2021-05-01,5,17
2021-05-01,6,28
2021-05-01,7,55
2021-05-01,8,85
2021-05-01,9,88
2021-05-01,10,105
2021-05-01,11,105
2021-05-01,12,101
2021-05-01,13,92
2021-05-01,14,77
2021-05-01,15,86
2021-05-01,16,74
2021-05-01,17,70
2021-05-01,18,58
2021-05-01,19,52
2021-05-01,20,22
2021-05-01,21,0
2021-05-01,22,0
2021-05-01,23,0
2021-05-02,0,0
2021-05-02,1,0
2021-05-02,2,0
2021-05-02,3,0
2021-05-02,4,0
2021-05-02,5,5
2021-05-02,6,7
2021-05-02,7,16
2021-05-02,8,36
2021-05-02,9,66
2021-05-02,10,73
2021-05-02,11,111
2021-05-02,12,78
2021-05-02,13,72
2021-05-02,14,59
2021-05-02,15,51
2021-05-02,16,57
2021-05-02,17,64
2021-05-02,18,48
2021-05-02,19,31
2021-05-02,20,30
2021-05-02,21,0
2021-05-02,22,0
2021-05-02,23,0
2021-05-03,0,0
2021-05-03,1,0
2021-05-03,2,0
2021-05-03,3,0
2021-05-03,4,5
2021-05-03,5,13
2021-05-03,6,41
2021-05-03,7,58
2021-05-03,8,63
2021-05-03,9,80
2021-05-03,10,120
2021-05-03,11,99
2021-05-03,12,106
2021-05-03,13,107
2021-05-03,14,94
2021-05-03,15,72
2021-05-03,16,72
2021-05-03,17,66
2021-05-03,18,62
2021-05-03,19,33
2021-05-03,20,23
2021-05-03,21,24
2021-05-03,22,9
2021-05-03,23,1
2021-05-04,0,0
2021-05-04,1,0
2021-05-04,2,0
2021-05-04,3,0
2021-05-04,4,8
2021-05-04,5,44
2021-05-04,6,88
2021-05-04,7,134
2021-05-04,8,133
2021-05-04,9,109
2021-05-04,10,112
2021-05-04,11,96
2021-05-04,12,98
2021-05-04,13,89
2021-05-04,14,93
2021-05-04,15,91
2021-05-04,16,88
2021-05-04,17,83
2021-05-04,18,62
2021-05-04,19,60
2021-05-04,20,40
2021-05-04,21,0
2021-05-04,22,0
2021-05-04,23,0
2021-05-05,0,0
2021-05-05,1,0
2021-05-05,2,0
2021-05-05,3,0
2021-05-05,4,5
2021-05-05,5,39
2021-05-05,6,71
2021-05-05,7,106
2021-05-05,8,145
2021-05-05,9,82
2021-05-05,10,122
2021-05-05,11,116
2021-05-05,12,120
2021-05-05,13,79
2021-05-05,14,98
2021-05-05,15,69
2021-05-05,16,67
2021-05-05,17,84
2021-05-05,18,43
2021-05-05,19,50
2021-05-05,20,33
2021-05-05,21,0
2021-05-05,22,0
2021-05-05,23,0
2021-05-06,0,0
2021-05-06,1,0
2021-05-06,2,0
2021-05-06,3,0
2021-05-06,4,5
2021-05-06,5,40
2021-05-06,6,95
2021-05-06,7,141
2021-05-06,8,114
2021-05-06,9,64
2021-05-06,10,91
2021-05-06,11,106
2021-05-06,12,105
2021-05-06,13,119
2021-05-06,14,95
2021-05-06,15,74
2021-05-06,16,72
2021-05-06,17,90
2021-05-06,18,57
2021-05-06,19,49
2021-05-06,20,28
2021-05-06,21,1
2021-05-06,22,0
2021-05-06,23,0
2021-05-07,0,0
2021-05-07,1,0
2021-05-07,2,0
2021-05-07,3,0
2021-05-07,4,5
2021-05-07,5,34
2021-05-07,6,98
2021-05-07,7,121
2021-05-07,8,125
2021-05-07,9,98
2021-05-07,10,111
2021-05-07,11,78
2021-05-07,12,110
2021-05-07,13,91
2021-05-07,14,83
2021-05-07,15,82
2021-05-07,16,82
2021-05-07,17,86
2021-05-07,18,52
2021-05-07,19,74
2021-05-07,20,49
2021-05-07,21,14
2021-05-07,22,0
2021-05-07,23,0
2021-05-08,0,3
2021-05-08,1,0
2021-05-08,2,2
2021-05-08,3,0
2021-05-08,4,11
2021-05-08,5,10
2021-05-08,6,33
2021-05-08,7,57
2021-05-08,8,78
2021-05-08,9,92
2021-05-08,10,100
2021-05-08,11,107
2021-05-08,12,46
2021-05-08,13,78
2021-05-08,14,74
2021-05-08,15,75
2021-05-08,16,67
2021-05-08,17,75
2021-05-08,18,49
2021-05-08,19,36
2021-05-08,20,51
2021-05-08,21,12
2021-05-08,22,6
2021-05-08,23,0
2021-05-09,0,0
2021-05-09,1,0
2021-05-09,2,0
2021-05-09,3,0
2021-05-09,4,5
2021-05-09,5,4
2021-05-09,6,16
2021-05-09,7,22
2021-05-09,8,59
2021-05-09,9,68
2021-05-09,10,74
2021-05-09,11,137
2021-05-09,12,109
2021-05-09,13,120
2021-05-09,14,91
2021-05-09,15,85
2021-05-09,16,60
2021-05-09,17,67
2021-05-09,18,48
2021-05-09,19,39
2021-05-09,20,27
2021-05-09,21,0
2021-05-09,22,0
2021-05-09,23,0
2021-05-10,0,0
2021-05-10,1,0
2021-05-10,2,0
2021-05-10,3,0
2021-05-10,4,14
2021-05-10,5,35
2021-05-10,6,81
2021-05-10,7,135
2021-05-10,8,121
2021-05-10,9,95
2021-05-10,10,105
2021-05-10,11,88
2021-05-10,12,96
2021-05-10,13,98
2021-05-10,14,77
2021-05-10,15,77
2021-05-10,16,67
2021-05-10,17,79
2021-05-10,18,48
2021-05-10,19,41
2021-05-10,20,21
2021-05-10,21,1
2021-05-10,22,0
2021-05-10,23,0
2021-05-11,0,0
2021-05-11,1,0
2021-05-11,2,3
2021-05-11,3,5
2021-05-11,4,14
2021-05-11,5,45
2021-05-11,6,103
2021-05-11,7,128
2021-05-11,8,107
2021-05-11,9,108
2021-05-11,10,92
2021-05-11,11,94
2021-05-11,12,100
2021-05-11,13,101
2021-05-11,14,112
2021-05-11,15,94
2021-05-11,16,83
2021-05-11,17,81
2021-05-11,18,51
2021-05-11,19,53
2021-05-11,20,15
2021-05-11,21,3
2021-05-11,22,31
2021-05-11,23,10
2021-05-12,0,2
2021-05-12,1,0
2021-05-12,2,0
2021-05-12,3,1
2021-05-12,4,13
2021-05-12,5,35
2021-05-12,6,110
2021-05-12,7,139
2021-05-12,8,142
2021-05-12,9,91
2021-05-12,10,98
2021-05-12,11,107
2021-05-12,12,95
2021-05-12,13,113
2021-05-12,14,104
2021-05-12,15,122
2021-05-12,16,131
2021-05-12,17,84
2021-05-12,18,59
2021-05-12,19,63
2021-05-12,20,64
2021-05-12,21,35
2021-05-12,22,0
2021-05-12,23,0
2021-05-13,0,0
2021-05-13,1,0
2021-05-13,2,0
2021-05-13,3,0
2021-05-13,4,8
2021-05-13,5,41
2021-05-13,6,121
2021-05-13,7,147
2021-05-13,8,123
2021-05-13,9,98
2021-05-13,10,113
2021-05-13,11,106
2021-05-13,12,107
2021-05-13,13,92
2021-05-13,14,100
2021-05-13,15,74
2021-05-13,16,81
2021-05-13,17,102
2021-05-13,18,71
2021-05-13,19,49
2021-05-13,20,23
2021-05-13,21,0
2021-05-13,22,0
2021-05-13,23,0
2021-05-14,0,0
2021-05-14,1,0
2021-05-14,2,0
2021-05-14,3,0
2021-05-14,4,12
2021-05-14,5,42
2021-05-14,6,109
2021-05-14,7,125
2021-05-14,8,128
2021-05-14,9,113
2021-05-14,10,114
2021-05-14,11,97
2021-05-14,12,117
2021-05-14,13,118
2021-05-14,14,91
2021-05-14,15,76
2021-05-14,16,95
2021-05-14,17,93
2021-05-14,18,75
2021-05-14,19,80
2021-05-14,20,30
2021-05-14,21,8
2021-05-14,22,0
2021-05-14,23,0
2021-05-15,0,0
2021-05-15,1,0
2021-05-15,2,0
2021-05-15,3,0
2021-05-15,4,1
2021-05-15,5,18
2021-05-15,6,32
2021-05-15,7,49
2021-05-15,8,92
2021-05-15,9,96
2021-05-15,10,90
2021-05-15,11,92
2021-05-15,12,130
2021-05-15,13,120
2021-05-15,14,117
2021-05-15,15,92
2021-05-15,16,61
2021-05-15,17,108
2021-05-15,18,50
2021-05-15,19,55
2021-05-15,20,38
2021-05-15,21,8
2021-05-15,22,0
2021-05-15,23,0
2021-05-16,0,0
2021-05-16,1,0
2021-05-16,2,0
2021-05-16,3,1
2021-05-16,4,0
2021-05-16,5,8
2021-05-16,6,21
2021-05-16,7,19
2021-05-16,8,52
2021-05-16,9,85
2021-05-16,10,70
2021-05-16,11,124
2021-05-16,12,122
2021-05-16,13,122
2021-05-16,14,82
2021-05-16,15,50
2021-05-16,16,100
2021-05-16,17,74
2021-05-16,18,53
2021-05-16,19,51
2021-05-16,20,35
2021-05-16,21,5
2021-05-16,22,0
2021-05-16,23,0
2021-05-17,0,0
2021-05-17,1,0
2021-05-17,2,0
2021-05-17,3,0
2021-05-17,4,9
2021-05-17,5,32
2021-05-17,6,79
2021-05-17,7,124
2021-05-17,8,133
2021-05-17,9,96
2021-05-17,10,86
2021-05-17,11,94
2021-05-17,12,79
2021-05-17,13,88
2021-05-17,14,76
2021-05-17,15,69
2021-05-17,16,63
2021-05-17,17,82
2021-05-17,18,30
2021-05-17,19,39
2021-05-17,20,22
2021-05-17,21,6
2021-05-17,22,0
2021-05-17,23,0
2021-05-18,0,0
2021-05-18,1,0
2021-05-18,2,0
2021-05-18,3,0
2021-05-18,4,13
2021-05-18,5,42
2021-05-18,6,126
2021-05-18,7,144
2021-05-18,8,135
2021-05-18,9,109
2021-05-18,10,86
2021-05-18,11,65
2021-05-18,12,77
2021-05-18,13,105
2021-05-18,14,80
2021-05-19,15,64
2021-05-19,16,76
2021-05-19,17,75
2021-05-19,18,49
2021-05-19,19,60
2021-05-19,20,37
2021-05-19,21,11
2021-05-19,22,0
2021-05-19,23,2
2021-05-20,0,0
2021-05-20,1,0
2021-05-20,2,0
2021-05-20,3,1
2021-05-20,4,11
2021-05-20,5,45
2021-05-20,6,99
2021-05-20,7,156
2021-05-20,8,128
2021-05-20,9,105
2021-05-20,10,81
2021-05-20,11,108
2021-05-20,12,115
2021-05-20,13,119
2021-05-20,14,85
2021-05-20,15,82
2021-05-20,16,62
2021-05-20,17,77
2021-05-20,18,62
2021-05-20,19,35
2021-05-20,20,28
2021-05-20,21,7
2021-05-20,22,0
2021-05-20,23,0
2021-05-21,0,1
2021-05-21,1,0
2021-05-21,2,0
2021-05-21,3,6
2021-05-21,4,13
2021-05-21,5,41
2021-05-21,6,95
2021-05-21,7,162
2021-05-21,8,81
2021-05-21,9,101
2021-05-21,10,98
2021-05-21,11,116
2021-05-21,12,113
2021-05-21,13,91
2021-05-21,14,88
2021-05-21,15,80
2021-05-21,16,99
2021-05-21,17,76
2021-05-21,18,68
2021-05-21,19,49
2021-05-21,20,25
2021-05-21,21,17
2021-05-21,22,9
2021-05-21,23,0
2021-05-22,0,0
2021-05-22,1,0
2021-05-22,2,0
2021-05-22,3,1
2021-05-22,4,5
2021-05-22,5,20
2021-05-22,6,36
2021-05-22,7,58
2021-05-22,8,88
2021-05-22,9,91
2021-05-22,10,93
2021-05-22,11,130
2021-05-22,12,113
2021-05-22,13,121
2021-05-22,14,124
2021-05-22,15,71
2021-05-22,16,84
2021-05-22,17,80
2021-05-22,18,58
2021-05-22,19,48
2021-05-22,20,32
2021-05-22,21,8
2021-05-22,22,0
2021-05-22,23,0
2021-05-23,0,0
2021-05-23,1,0
2021-05-23,2,0
2021-05-23,3,0
2021-05-23,4,5
2021-05-23,5,4
2021-05-23,6,19
2021-05-23,7,28
2021-05-23,8,33
2021-05-23,9,43
2021-05-23,10,49
2021-05-23,11,59
2021-05-23,12,91
2021-05-23,13,96
2021-05-23,14,86
2021-05-23,15,65
2021-05-23,16,57
2021-05-23,17,59
2021-05-23,18,25
2021-05-23,19,44
2021-05-23,20,30
2021-05-23,21,11
2021-05-23,22,0
2021-05-23,23,0
2021-05-24,0,0
2021-05-24,1,0
2021-05-24,2,0
2021-05-24,3,1
2021-05-24,4,9
2021-05-24,5,36
2021-05-24,6,81
2021-05-24,7,138
2021-05-24,8,139
2021-05-24,9,110
2021-05-24,10,96
2021-05-24,11,76
2021-05-24,12,77
2021-05-24,13,86
2021-05-24,14,73
2021-05-24,15,72
2021-05-24,16,61
2021-05-24,17,70
2021-05-24,18,42
2021-05-24,19,33
2021-05-24,20,22
2021-05-24,21,6
2021-05-24,22,0
2021-05-24,23,0
2021-05-25,0,0
2021-05-25,1,0
2021-05-25,2,0
2021-05-25,3,3
2021-05-25,4,14
2021-05-25,5,40
2021-05-25,6,115
2021-05-25,7,103
2021-05-25,8,136
2021-05-25,9,85
2021-05-25,10,96
2021-05-25,11,102
2021-05-25,12,100
2021-05-25,13,89
2021-05-25,14,86
2021-05-25,15,84
2021-05-25,16,84
2021-05-25,17,78
2021-05-25,18,56
2021-05-25,19,43
2021-05-25,20,26
2021-05-25,21,10
2021-05-25,22,0
2021-05-25,23,0
2021-05-26,0,0
2021-05-26,1,0
2021-05-26,2,0
2021-05-26,3,4
2021-05-26,4,15
2021-05-26,5,34
2021-05-26,6,111
2021-05-26,7,122
2021-05-26,8,98
2021-05-26,9,95
2021-05-26,10,96
2021-05-26,11,74
2021-05-26,12,81
2021-05-26,13,104
2021-05-26,14,95
2021-05-26,15,89
2021-05-26,16,61
2021-05-26,17,76
2021-05-26,18,66
2021-05-26,19,48
2021-05-26,20,31
2021-05-26,21,11
2021-05-26,22,0
2021-05-26,23,0
2021-05-27,0,0
2021-05-27,1,0
2021-05-27,2,0
2021-05-27,3,1
2021-05-27,4,9
2021-05-27,5,38
2021-05-27,6,108
2021-05-27,7,141
2021-05-27,8,138
2021-05-27,9,72
2021-05-27,10,96
2021-05-27,11,75
2021-05-27,12,96
2021-05-27,13,99
2021-05-27,14,77
2021-05-27,15,86
2021-05-27,16,79
2021-05-27,17,101
2021-05-27,18,57
2021-05-27,19,51
2021-05-27,20,38
2021-05-27,21,16
2021-05-27,22,0
2021-05-27,23,0
2021-05-28,0,0
2021-05-28,1,0
2021-05-28,2,0
2021-05-28,3,2
2021-05-28,4,9
2021-05-28,5,21
2021-05-28,6,93
2021-05-28,7,120
2021-05-28,8,103
2021-05-28,9,113
2021-05-28,10,110
2021-05-28,11,88
2021-05-28,12,128
2021-05-28,13,88
2021-05-28,14,83
2021-05-28,15,79
2021-05-28,16,98
2021-05-28,17,105
2021-05-28,18,67
2021-05-28,19,48
2021-05-28,20,38
2021-05-28,21,24
2021-05-28,22,0
2021-05-28,23,0
2021-05-29,0,0
2021-05-29,1,0
2021-05-29,2,0
2021-05-29,3,1
2021-05-29,4,3
2021-05-29,5,17
2021-05-29,6,25
2021-05-29,7,67
2021-05-29,8,103
2021-05-29,9,98
2021-05-29,10,109
2021-05-29,11,120
2021-05-29,12,111
2021-05-29,13,104
2021-05-29,14,107
2021-05-29,15,86
2021-05-29,16,83
2021-05-29,17,107
2021-05-29,18,67
2021-05-29,19,45
2021-05-29,20,31
2021-05-29,21,14
2021-05-29,22,0
2021-05-29,23,0
2021-05-30,0,0
2021-05-30,1,0
2021-05-30,2,0
2021-05-30,3,1
2021-05-30,4,4
2021-05-30,5,8
2021-05-30,6,14
2021-05-30,7,31
2021-05-30,8,51
2021-05-30,9,75
2021-05-30,10,76
2021-05-30,11,95
2021-05-30,12,107
2021-05-30,13,87
2021-05-30,14,98
2021-05-30,15,62
2021-05-30,16,60
2021-05-30,17,66
2021-05-30,18,79
2021-05-30,19,69
2021-05-30,20,40
2021-05-30,21,23
2021-05-30,22,0
2021-05-30,23,0
2021-05-31,0,0
2021-05-31,1,0
2021-05-31,2,0
2021-05-31,3,1
2021-05-31,4,9
2021-05-31,5,24
2021-05-31,6,62
2021-05-31,7,69
2021-05-31,8,65
2021-05-31,9,76
2021-05-31,10,103
2021-05-31,11,99
2021-05-31,12,138
2021-05-31,13,81
2021-05-31,14,101
2021-05-31,15,83
2021-05-31,16,84
2021-05-31,17,74
2021-05-31,18,66
2021-05-31,19,65
2021-05-31,20,37
2021-05-31,21,21
2021-05-31,22,0
2021-05-31,23,0
2021-06-01,0,0
2021-06-01,1,0
2021-06-01,2,0
2021-06-01,3,0
2021-06-01,4,16
2021-06-01,5,36
2021-06-01,6,95
2021-06-01,7,127
2021-06-01,8,131
2021-06-01,9,115
2021-06-01,10,82
2021-06-01,11,104
2021-06-01,12,94
2021-06-01,13,98
2021-06-01,14,74
2021-06-01,15,61
2021-06-01,16,68
2021-06-01,17,49
2021-06-01,18,76
2021-06-01,19,64
2021-06-01,20,37
2021-06-01,21,16
2021-06-01,22,0
2021-06-01,23,1
2021-06-02,0,0
2021-06-02,1,0
2021-06-02,2,0
2021-06-02,3,4
2021-06-02,4,12
2021-06-02,5,39
2021-06-02,6,115
2021-06-02,7,132
2021-06-02,8,116
2021-06-02,9,100
2021-06-02,10,96
2021-06-02,11,85
2021-06-02,12,92
2021-06-02,13,90
2021-06-02,14,105
2021-06-02,15,64
2021-06-02,16,83
2021-06-02,17,84
2021-06-02,18,69
2021-06-02,19,50
2021-06-02,20,41
2021-06-02,21,18
2021-06-02,22,0
2021-06-02,23,0
2021-06-03,0,0
2021-06-03,1,0
2021-06-03,2,0
2021-06-03,3,6
2021-06-03,4,11
2021-06-03,5,56
2021-06-03,6,121
2021-06-03,7,132
2021-06-03,8,158
2021-06-03,9,97
2021-06-03,10,101
2021-06-03,11,104
2021-06-03,12,105
2021-06-03,13,75
2021-06-03,14,89
2021-06-03,15,75
2021-06-03,16,76
2021-06-03,17,92
2021-06-03,18,58
2021-06-03,19,29
2021-06-03,20,27
2021-06-03,21,19
2021-06-03,22,0
2021-06-03,23,0
2021-06-04,0,0
2021-06-04,1,0
2021-06-04,2,0
2021-06-04,3,1
2021-06-04,4,12
2021-06-04,5,44
2021-06-04,6,107
2021-06-04,7,119
2021-06-04,8,119
2021-06-04,9,108
2021-06-04,10,140
2021-06-04,11,111
2021-06-04,12,121
2021-06-04,13,109
2021-06-04,14,90
2021-06-04,15,91
2021-06-04,16,62
2021-06-04,17,99
2021-06-04,18,61
2021-06-04,19,56
2021-06-04,20,36
2021-06-04,21,22
2021-06-04,22,1
2021-06-04,23,0
2021-06-05,0,0
2021-06-05,1,0
2021-06-05,2,0
2021-06-05,3,1
2021-06-05,4,4
2021-06-05,5,17
2021-06-05,6,39
2021-06-05,7,92
2021-06-05,8,95
2021-06-05,9,90
2021-06-05,10,127
2021-06-05,11,120
2021-06-05,12,134
2021-06-05,13,128
2021-06-05,14,120
2021-06-05,15,104
2021-06-05,16,124
2021-06-05,17,105
2021-06-05,18,86
2021-06-05,19,72
2021-06-05,20,45
2021-06-05,21,31
2021-06-05,22,0
2021-06-05,23,0
2021-06-06,0,0
2021-06-06,1,0
2021-06-06,2,0
2021-06-06,3,1
2021-06-06,4,0
2021-06-06,5,5
2021-06-06,6,13
2021-06-06,7,28
2021-06-06,8,48
2021-06-06,9,66
2021-06-06,10,102
2021-06-06,11,101
2021-06-06,12,126
2021-06-06,13,112
2021-06-06,14,105
2021-06-06,15,97
2021-06-06,16,92
2021-06-06,17,91
2021-06-06,18,60
2021-06-06,19,69
2021-06-06,20,33
2021-06-06,21,23
2021-06-06,22,0
2021-06-06,23,0
2021-06-07,0,0
2021-06-07,1,0
2021-06-07,2,0
2021-06-07,3,0
2021-06-07,4,10
2021-06-07,5,29
2021-06-07,6,103
2021-06-07,7,106
2021-06-07,8,135
2021-06-07,9,108
2021-06-07,10,117
2021-06-07,11,91
2021-06-07,12,104
2021-06-07,13,93
2021-06-07,14,95
2021-06-07,15,79
2021-06-07,16,92
2021-06-07,17,96
2021-06-07,18,72
2021-06-07,19,60
2021-06-07,20,32
2021-06-07,21,14
2021-06-07,22,0
2021-06-07,23,0
2021-06-08,0,0
2021-06-08,1,0
2021-06-08,2,0
2021-06-08,3,3
2021-06-08,4,9
2021-06-08,5,38
2021-06-08,6,106
2021-06-08,7,100
2021-06-08,8,128
2021-06-08,9,103
2021-06-08,10,96
2021-06-08,11,94
2021-06-08,12,102
2021-06-08,13,91
2021-06-08,14,101
2021-06-08,15,72
2021-06-08,16,91
2021-06-08,17,96
2021-06-08,18,51
2021-06-08,19,48
2021-06-08,20,32
2021-06-08,21,10
2021-06-08,22,0
2021-06-08,23,0
2021-06-09,0,0
2021-06-09,1,0
2021-06-09,2,0
2021-06-09,3,0
2021-06-09,4,13
2021-06-09,5,31
2021-06-09,6,96
2021-06-09,7,148
2021-06-09,8,154
2021-06-09,9,110
2021-06-09,10,55
2021-06-09,11,78
2021-06-09,12,73
2021-06-09,13,88
2021-06-09,14,97
2021-06-09,15,68
2021-06-09,16,81
2021-06-09,17,89
2021-06-09,18,75
2021-06-09,19,52
2021-06-09,20,29
2021-06-09,21,13
2021-06-09,22,1
2021-06-09,23,0
2021-06-10,0,1
2021-06-10,1,0
2021-06-10,2,0
2021-06-10,3,1
2021-06-10,4,5
2021-06-10,5,36
2021-06-10,6,125
2021-06-10,7,149
2021-06-10,8,108
2021-06-10,9,104
2021-06-10,10,119
2021-06-10,11,99
2021-06-10,12,98
2021-06-10,13,139
2021-06-10,14,124
2021-06-10,15,98
2021-06-10,16,56
2021-06-10,17,101
2021-06-10,18,61
2021-06-10,19,46
2021-06-10,20,30
2021-06-10,21,31
2021-06-10,22,0
2021-06-10,23,0
2021-06-11,0,0
2021-06-11,1,0
2021-06-11,2,0
2021-06-11,3,5
2021-06-11,4,9
2021-06-11,5,34
2021-06-11,6,107
2021-06-11,7,113
2021-06-11,8,129
2021-06-11,9,115
2021-06-11,10,124
2021-06-11,11,120
2021-06-11,12,88
2021-06-11,13,104
2021-06-11,14,73
2021-06-11,15,77
2021-06-11,16,86
2021-06-11,17,125
2021-06-11,18,90
2021-06-11,19,59
2021-06-11,20,45
2021-06-11,21,27
2021-06-11,22,0
2021-06-11,23,0
2021-06-12,0,0
2021-06-12,1,0
2021-06-12,2,0
2021-06-12,3,4
2021-06-12,4,6
2021-06-12,5,17
2021-06-12,6,26
2021-06-12,7,55
2021-06-12,8,84
2021-06-12,9,100
2021-06-12,10,98
2021-06-12,11,122
2021-06-12,12,112
2021-06-12,13,135
2021-06-12,14,130
2021-06-12,15,85
2021-06-12,16,93
2021-06-12,17,92
2021-06-12,18,69
2021-06-12,19,52
2021-06-12,20,35
2021-06-12,21,25
2021-06-12,22,0
2021-06-12,23,0
2021-06-13,0,0
2021-06-13,1,0
2021-06-13,2,0
2021-06-13,3,0
2021-06-13,4,3
2021-06-13,5,5
2021-06-13,6,12
2021-06-13,7,29
2021-06-13,8,51
2021-06-13,9,109
2021-06-13,10,89
2021-06-13,11,120
2021-06-13,12,129
2021-06-13,13,124
2021-06-13,14,85
2021-06-13,15,88
2021-06-13,16,78
2021-06-13,17,99
2021-06-13,18,82
2021-06-13,19,68
2021-06-13,20,37
2021-06-13,21,13
2021-06-13,22,0
2021-06-13,23,0
2021-06-14,0,0
2021-06-14,1,0
2021-06-14,2,2
2021-06-14,3,1
2021-06-14,4,14
2021-06-14,5,38
2021-06-14,6,110
2021-06-14,7,134
2021-06-14,8,109
2021-06-14,9,98
2021-06-14,10,103
2021-06-14,11,112
2021-06-14,12,87
2021-06-14,13,81
2021-06-14,14,66
2021-06-14,15,86
2021-06-14,16,80
2021-06-14,17,81
2021-06-14,18,66
2021-06-14,19,60
2021-06-14,20,29
2021-06-14,21,19
2021-06-14,22,0
2021-06-14,23,0
2021-06-15,0,0
2021-06-15,1,0
2021-06-15,2,0
2021-06-15,3,0
2021-06-15,4,8
2021-06-15,5,37
2021-06-15,6,99
2021-06-15,7,135
2021-06-15,8,112
2021-06-15,9,117
2021-06-15,10,106
2021-06-15,11,98
2021-06-15,12,101
2021-06-15,13,92
2021-06-15,14,86
2021-06-15,15,69
2021-06-15,16,84
2021-06-15,17,85
2021-06-15,18,67
2021-06-15,19,46
2021-06-15,20,35
2021-06-15,21,20
2021-06-15,22,0
2021-06-15,23,0
2021-06-16,0,0
2021-06-16,1,0
2021-06-16,2,0
2021-06-16,3,3
2021-06-16,4,22
2021-06-16,5,51
2021-06-16,6,100
2021-06-16,7,126
2021-06-16,8,159
2021-06-16,9,72
2021-06-16,10,92
2021-06-16,11,94
2021-06-16,12,94
2021-06-16,13,81
2021-06-16,14,100
2021-06-16,15,87
2021-06-16,16,96
2021-06-16,17,96
2021-06-16,18,59
2021-06-16,19,63
2021-06-16,20,36
2021-06-16,21,25
2021-06-16,22,1
2021-06-16,23,0
2021-06-17,0,0
2021-06-17,1,0
2021-06-17,2,0
2021-06-17,3,1
2021-06-17,4,17
2021-06-17,5,49
2021-06-17,6,120
2021-06-17,7,142
2021-06-17,8,134
2021-06-17,9,132
2021-06-17,10,109
2021-06-17,11,112
2021-06-17,12,104
2021-06-17,13,88
2021-06-17,14,85
2021-06-17,15,98
2021-06-17,16,93
2021-06-17,17,120
2021-06-17,18,66
2021-06-17,19,44
2021-06-17,20,53
2021-06-17,21,29
2021-06-17,22,5
2021-06-17,23,0
2021-06-18,0,0
2021-06-18,1,0
2021-06-18,2,0
2021-06-18,3,7
2021-06-18,4,13
2021-06-18,5,38
2021-06-18,6,109
2021-06-18,7,120
2021-06-18,8,133
2021-06-18,9,125
2021-06-18,10,103
2021-06-18,11,113
2021-06-18,12,103
2021-06-18,13,98
2021-06-18,14,96
2021-06-18,15,100
2021-06-18,16,88
2021-06-18,17,100
2021-06-18,18,93
2021-06-18,19,55
2021-06-18,20,46
2021-06-18,21,22
2021-06-18,22,0
2021-06-18,23,0
2021-06-19,0,0
2021-06-19,1,0
2021-06-19,2,0
2021-06-19,3,2
2021-06-19,4,3
2021-06-19,5,17
2021-06-19,6,29
2021-06-19,7,58
2021-06-19,8,97
2021-06-19,9,101
2021-06-19,10,136
2021-06-19,11,122
2021-06-19,12,117
2021-06-19,13,117
2021-06-19,14,107
2021-06-19,15,80
2021-06-19,16,87
2021-06-19,17,92
2021-06-19,18,84
2021-06-19,19,85
2021-06-19,20,53
2021-06-19,21,41
2021-06-19,22,0
2021-06-19,23,0
2021-06-20,0,0
2021-06-20,1,0
2021-06-20,2,0
2021-06-20,3,1
2021-06-20,4,1
2021-06-20,5,8
2021-06-20,6,26
2021-06-20,7,45
2021-06-20,8,63
2021-06-20,9,62
2021-06-20,10,95
2021-06-20,11,121
2021-06-20,12,115
2021-06-20,13,130
2021-06-20,14,115
2021-06-20,15,96
2021-06-20,16,61
2021-06-20,17,85
2021-06-20,18,62
2021-06-20,19,60
2021-06-20,20,45
2021-06-20,21,32
2021-06-20,22,1
2021-06-20,23,0
2021-06-21,0,0
2021-06-21,1,0
2021-06-21,2,0
2021-06-21,3,0
2021-06-21,4,2
2021-06-21,5,49
2021-06-21,6,97
2021-06-21,7,138
2021-06-21,8,108
2021-06-21,9,130
2021-06-21,10,104
2021-06-21,11,86
2021-06-21,12,102
2021-06-21,13,98
2021-06-21,14,64
2021-06-21,15,82
2021-06-21,16,67
2021-06-21,17,62
2021-06-21,18,44
2021-06-21,19,40
2021-06-21,20,21
2021-06-21,21,12
2021-06-21,22,0
2021-06-21,23,0
2021-06-22,0,0
2021-06-22,1,0
2021-06-22,2,0
2021-06-22,3,0
2021-06-22,4,4
2021-06-22,5,30
2021-06-22,6,83
2021-06-22,7,115
2021-06-22,8,109
2021-06-22,9,91
2021-06-22,10,84
2021-06-22,11,86
2021-06-22,12,91
2021-06-22,13,98
2021-06-22,14,114
2021-06-22,15,87
2021-06-22,16,88
2021-06-22,17,106
2021-06-22,18,42
2021-06-22,19,39
2021-06-22,20,28
2021-06-22,21,34
2021-06-22,22,0
2021-06-22,23,0
2021-06-23,0,0
2021-06-23,1,0
2021-06-23,2,0
2021-06-23,3,3
2021-06-23,4,6
2021-06-23,5,39
2021-06-23,6,98
2021-06-23,7,137
2021-06-23,8,133
2021-06-23,9,91
2021-06-23,10,80
2021-06-23,11,116
2021-06-23,12,93
2021-06-23,13,104
2021-06-23,14,113
2021-06-23,15,90
2021-06-23,16,89
2021-06-23,17,121
2021-06-23,18,79
2021-06-23,19,51
2021-06-23,20,107
2021-06-23,21,68
2021-06-23,22,0
2021-06-23,23,0
2021-06-24,0,0
2021-06-24,1,0
2021-06-24,2,0
2021-06-24,3,3
2021-06-24,4,7
2021-06-24,5,38
2021-06-24,6,116
2021-06-24,7,140
2021-06-24,8,119
2021-06-24,9,103
2021-06-24,10,103
2021-06-24,11,113
2021-06-24,12,100
2021-06-24,13,90
2021-06-24,14,91
2021-06-24,15,47
2021-06-24,16,85
2021-06-24,17,85
2021-06-24,18,79
2021-06-24,19,80
2021-06-24,20,74
2021-06-24,21,44
2021-06-24,22,7
2021-06-24,23,0
2021-06-25,0,0
2021-06-25,1,0
2021-06-25,2,0
2021-06-25,3,1
2021-06-25,4,15
2021-06-25,5,42
2021-06-25,6,107
2021-06-25,7,128
2021-06-25,8,139
2021-06-25,9,97
2021-06-25,10,92
2021-06-25,11,121
2021-06-25,12,98
2021-06-25,13,119
2021-06-25,14,90
2021-06-25,15,78
2021-06-25,16,99
2021-06-25,17,137
2021-06-25,18,98
2021-06-25,19,60
2021-06-25,20,42
2021-06-25,21,29
2021-06-25,22,0
2021-06-25,23,0
2021-06-26,0,0
2021-06-26,1,0
2021-06-26,2,0
2021-06-26,3,2
2021-06-26,4,2
2021-06-26,5,13
2021-06-26,6,29
2021-06-26,7,59
2021-06-26,8,87
2021-06-26,9,80
2021-06-26,10,108
2021-06-26,11,138
2021-06-26,12,122
2021-06-26,13,128
2021-06-26,14,97
2021-06-26,15,134
2021-06-26,16,106
2021-06-26,17,87
2021-06-26,18,82
2021-06-26,19,56
2021-06-26,20,60
2021-06-26,21,33
2021-06-26,22,0
2021-06-26,23,0
2021-06-27,0,0
2021-06-27,1,0
2021-06-27,2,0
2021-06-27,3,1
2021-06-27,4,1
2021-06-27,5,6
2021-06-27,6,14
2021-06-27,7,35
2021-06-27,8,46
2021-06-27,9,64
2021-06-27,10,108
2021-06-27,11,82
2021-06-27,12,94
2021-06-27,13,99
2021-06-27,14,103
2021-06-27,15,84
2021-06-27,16,86
2021-06-27,17,93
2021-06-27,18,78
2021-06-27,19,53
2021-06-27,20,45
2021-06-27,21,30
2021-06-27,22,8
2021-06-27,23,0
2021-06-28,0,0
2021-06-28,1,0
2021-06-28,2,0
2021-06-28,3,0
2021-06-28,4,13
2021-06-28,5,30
2021-06-28,6,100
2021-06-28,7,131
2021-06-28,8,141
2021-06-28,9,100
2021-06-28,10,103
2021-06-28,11,109
2021-06-28,12,113
2021-06-28,13,91
2021-06-28,14,93
2021-06-28,15,75
2021-06-28,16,85
2021-06-28,17,97
2021-06-28,18,81
2021-06-28,19,44
2021-06-28,20,28
2021-06-28,21,29
2021-06-28,22,0
2021-06-28,23,0
2021-06-29,0,0
2021-06-29,1,0
2021-06-29,2,0
2021-06-29,3,4
2021-06-29,4,18
2021-06-29,5,41
2021-06-29,6,115
2021-06-29,7,138
2021-06-29,8,121
2021-06-29,9,112
2021-06-29,10,90
2021-06-29,11,99
2021-06-29,12,74
2021-06-29,13,111
2021-06-29,14,85
2021-06-29,15,84
2021-06-29,16,83
2021-06-29,17,105
2021-06-29,18,67
2021-06-29,19,54
2021-06-29,20,50
2021-06-29,21,34
2021-06-29,22,1
2021-06-29,23,0
2021-06-30,0,0
2021-06-30,1,0
2021-06-30,2,0
2021-06-30,3,3
2021-06-30,4,11
2021-06-30,5,34
2021-06-30,6,109
2021-06-30,7,130
2021-06-30,8,144
2021-06-30,9,64
2021-06-30,10,98
2021-06-30,11,114
2021-06-30,12,133
2021-06-30,13,107
2021-06-30,14,103
2021-06-30,15,99
2021-06-30,16,79
2021-06-30,17,103
2021-06-30,18,78
2021-06-30,19,53
2021-06-30,20,24
2021-06-30,21,81
2021-06-30,22,3
2021-06-30,23,0
2021-07-01,0,0
2021-07-01,1,0
2021-07-01,2,0
2021-07-01,3,0
2021-07-01,4,15
2021-07-01,5,43
2021-07-01,6,100
2021-07-01,7,114
2021-07-01,8,129
2021-07-01,9,87
2021-07-01,10,97
2021-07-01,11,105
2021-07-01,12,112
2021-07-01,13,105
2021-07-01,14,105
2021-07-01,15,74
2021-07-01,16,86
2021-07-01,17,106
2021-07-01,18,69
2021-07-01,19,47
2021-07-01,20,36
2021-07-01,21,21
2021-07-01,22,0
2021-07-01,23,0
2021-07-02,0,1
2021-07-02,1,0
2021-07-02,2,0
2021-07-02,3,1
2021-07-02,4,12
2021-07-02,5,40
2021-07-02,6,103
2021-07-02,7,114
2021-07-02,8,131
2021-07-02,9,109
2021-07-02,10,112
2021-07-02,11,108
2021-07-02,12,109
2021-07-02,13,123
2021-07-02,14,88
2021-07-02,15,84
2021-07-02,16,130
2021-07-02,17,121
2021-07-02,18,69
2021-07-02,19,52
2021-07-02,20,37
2021-07-02,21,24
2021-07-02,22,0
2021-07-02,23,0
2021-07-03,0,0
2021-07-03,1,0
2021-07-03,2,0
2021-07-03,3,0
2021-07-03,4,0
2021-07-03,5,11
2021-07-03,6,38
2021-07-03,7,69
2021-07-03,8,85
2021-07-03,9,100
2021-07-03,10,109
2021-07-03,11,108
2021-07-03,12,141
2021-07-03,13,122
2021-07-03,14,111
2021-07-03,15,94
2021-07-03,16,31
2021-07-03,17,92
2021-07-03,18,58
2021-07-03,19,50
2021-07-03,20,28
2021-07-03,21,31
2021-07-03,22,0
2021-07-03,23,0
2021-07-04,0,0
2021-07-04,1,0
2021-07-04,2,0
2021-07-04,3,0
2021-07-04,4,1
2021-07-04,5,14
2021-07-04,6,25
2021-07-04,7,28
2021-07-04,8,46
2021-07-04,9,70
2021-07-04,10,84
2021-07-04,11,105
2021-07-04,12,140
2021-07-04,13,106
2021-07-04,14,121
2021-07-04,15,98
2021-07-04,16,98
2021-07-04,17,90
2021-07-04,18,82
2021-07-04,19,43
2021-07-04,20,46
2021-07-04,21,36
2021-07-04,22,4
2021-07-04,23,1
2021-07-05,0,2
2021-07-05,1,0
2021-07-05,2,0
2021-07-05,3,3
2021-07-05,4,18
2021-07-05,5,41
2021-07-05,6,87
2021-07-05,7,137
2021-07-05,8,100
2021-07-05,9,46
2021-07-05,10,105
2021-07-05,11,49
2021-07-05,12,91
2021-07-05,13,71
2021-07-05,14,85
2021-07-05,15,90
2021-07-05,16,86
2021-07-05,17,94
2021-07-05,18,78
2021-07-05,19,60
2021-07-05,20,35
2021-07-05,21,25
2021-07-05,22,0
2021-07-05,23,0
2021-07-06,0,0
2021-07-06,1,0
2021-07-06,2,0
2021-07-06,3,1
2021-07-06,4,15
2021-07-06,5,42
2021-07-06,6,99
2021-07-06,7,122
2021-07-06,8,119
2021-07-06,9,86
2021-07-06,10,89
2021-07-06,11,96
2021-07-06,12,104
2021-07-06,13,94
2021-07-06,14,94
2021-07-06,15,98
2021-07-06,16,101
2021-07-06,17,92
2021-07-06,18,56
2021-07-06,19,44
2021-07-06,20,33
2021-07-06,21,20
2021-07-06,22,0
2021-07-06,23,0
2021-07-07,0,0
2021-07-07,1,0
2021-07-07,2,0
2021-07-07,3,0
2021-07-07,4,10
2021-07-07,5,49
2021-07-07,6,120
2021-07-07,7,140
2021-07-07,8,112
2021-07-07,9,114
2021-07-07,10,128
2021-07-07,11,103
2021-07-07,12,109
2021-07-07,13,103
2021-07-07,14,87
2021-07-07,15,109
2021-07-07,16,68
2021-07-07,17,85
2021-07-07,18,72
2021-07-07,19,51
2021-07-07,20,21
2021-07-07,21,21
2021-07-07,22,0
2021-07-07,23,0
2021-07-08,0,0
2021-07-08,1,0
2021-07-08,2,0
2021-07-08,3,0
2021-07-08,4,13
2021-07-08,5,37
2021-07-08,6,89
2021-07-08,7,139
2021-07-08,8,86
2021-07-08,9,111
2021-07-08,10,114
2021-07-08,11,97
2021-07-08,12,123
2021-07-08,13,86
2021-07-08,14,105
2021-07-08,15,82
2021-07-08,16,73
2021-07-08,17,105
2021-07-08,18,73
2021-07-08,19,61
2021-07-08,20,38
2021-07-08,21,23
2021-07-08,22,0
2021-07-08,23,0
2021-07-09,0,0
2021-07-09,1,0
2021-07-09,2,0
2021-07-09,3,3
2021-07-09,4,7
2021-07-09,5,28
2021-07-09,6,91
2021-07-09,7,121
2021-07-09,8,97
2021-07-09,9,97
2021-07-09,10,99
2021-07-09,11,117
2021-07-09,12,96
2021-07-09,13,119
2021-07-09,14,97
2021-07-09,15,98
2021-07-09,16,82
2021-07-09,17,87
2021-07-09,18,87
2021-07-09,19,59
2021-07-09,20,42
2021-07-09,21,18
2021-07-09,22,0
2021-07-09,23,0
2021-07-10,0,0
2021-07-10,1,0
2021-07-10,2,0
2021-07-10,3,3
2021-07-10,4,4
2021-07-10,5,22
2021-07-10,6,32
2021-07-10,7,64
2021-07-10,8,90
2021-07-10,9,100
2021-07-10,10,118
2021-07-10,11,129
2021-07-10,12,134
2021-07-10,13,133
2021-07-10,14,103
2021-07-10,15,94
2021-07-10,16,102
2021-07-10,17,112
2021-07-10,18,67
2021-07-10,19,69
2021-07-10,20,42
2021-07-10,21,42
2021-07-10,22,0
2021-07-10,23,0
2021-07-11,0,0
2021-07-11,1,0
2021-07-11,2,0
2021-07-11,3,1
2021-07-11,4,4
2021-07-11,5,4
2021-07-11,6,21
2021-07-11,7,25
2021-07-11,8,59
2021-07-11,9,60
2021-07-11,10,86
2021-07-11,11,122
2021-07-11,12,118
2021-07-11,13,110
2021-07-11,14,106
2021-07-11,15,94
2021-07-11,16,90
2021-07-11,17,85
2021-07-11,18,80
2021-07-11,19,33
2021-07-11,20,23
2021-07-11,21,33
2021-07-11,22,7
2021-07-11,23,0
2021-07-12,0,0
2021-07-12,1,0
2021-07-12,2,0
2021-07-12,3,0
2021-07-12,4,8
2021-07-12,5,32
2021-07-12,6,91
2021-07-12,7,132
2021-07-12,8,113
2021-07-12,9,99
2021-07-12,10,95
2021-07-12,11,111
2021-07-12,12,102
2021-07-12,13,97
2021-07-12,14,76
2021-07-12,15,69
2021-07-12,16,79
2021-07-12,17,96
2021-07-12,18,80
2021-07-12,19,58
2021-07-12,20,165
2021-07-12,21,148
2021-07-12,22,15
2021-07-12,23,0
2021-07-13,0,0
2021-07-13,1,0
2021-07-13,2,0
2021-07-13,3,0
2021-07-13,4,6
2021-07-13,5,23
2021-07-13,6,126
2021-07-13,7,143
2021-07-13,8,111
2021-07-13,9,99
2021-07-13,10,110
2021-07-13,11,93
2021-07-13,12,106
2021-07-13,13,88
2021-07-13,14,91
2021-07-13,15,94
2021-07-13,16,71
2021-07-13,17,107
2021-07-13,18,73
2021-07-13,19,59
2021-07-13,20,48
2021-07-13,21,32
2021-07-13,22,0
2021-07-13,23,0
2021-07-14,0,0
2021-07-14,1,0
2021-07-14,2,0
2021-07-14,3,0
2021-07-14,4,11
2021-07-14,5,27
2021-07-14,6,118
2021-07-14,7,150
2021-07-14,8,142
2021-07-14,9,102
2021-07-14,10,102
2021-07-14,11,100
2021-07-14,12,84
2021-07-14,13,89
2021-07-14,14,86
2021-07-14,15,88
2021-07-14,16,86
2021-07-14,17,84
2021-07-14,18,65
2021-07-14,19,51
2021-07-14,20,51
2021-07-14,21,20
2021-07-14,22,0
2021-07-14,23,0
2021-07-15,0,0
2021-07-15,1,0
2021-07-15,2,0
2021-07-15,3,1
2021-07-15,4,8
2021-07-15,5,41
2021-07-15,6,105
2021-07-15,7,143
2021-07-15,8,128
2021-07-15,9,113
2021-07-15,10,111
2021-07-15,11,103
2021-07-15,12,103
2021-07-15,13,111
2021-07-15,14,101
2021-07-15,15,81
2021-07-15,16,112
2021-07-15,17,112
2021-07-15,18,84
2021-07-15,19,60
2021-07-15,20,35
2021-07-15,21,39
2021-07-15,22,0
2021-07-15,23,0
2021-07-16,0,0
2021-07-16,1,0
2021-07-16,2,0
2021-07-16,3,0
2021-07-16,4,12
2021-07-16,5,19
2021-07-16,6,103
2021-07-16,7,124
2021-07-16,8,133
2021-07-16,9,110
2021-07-16,10,99
2021-07-16,11,125
2021-07-16,12,109
2021-07-16,13,104
2021-07-16,14,118
2021-07-16,15,66
2021-07-16,16,90
2021-07-16,17,104
2021-07-16,18,87
2021-07-16,19,61
2021-07-16,20,56
2021-07-16,21,31
2021-07-16,22,0
2021-07-16,23,0
2021-07-17,0,0
2021-07-17,1,0
2021-07-17,2,0
2021-07-17,3,0
2021-07-17,4,4
2021-07-17,5,14
2021-07-17,6,35
2021-07-17,7,46
2021-07-17,8,83
2021-07-17,9,98
2021-07-17,10,110
2021-07-17,11,101
2021-07-17,12,116
2021-07-17,13,117
2021-07-17,14,103
2021-07-17,15,105
2021-07-17,16,84
2021-07-17,17,90
2021-07-17,18,67
2021-07-17,19,55
2021-07-17,20,40
2021-07-17,21,29
2021-07-17,22,1
2021-07-17,23,0
2021-07-18,0,0
2021-07-18,1,0
2021-07-18,2,0
2021-07-18,3,0
2021-07-18,4,2
2021-07-18,5,9
2021-07-18,6,18
2021-07-18,7,21
2021-07-18,8,39
2021-07-18,9,69
2021-07-18,10,82
2021-07-18,11,95
2021-07-18,12,103
2021-07-18,13,100
2021-07-18,14,105
2021-07-18,15,78
2021-07-18,16,81
2021-07-18,17,117
2021-07-18,18,70
2021-07-18,19,38
2021-07-18,20,35
2021-07-18,21,14
2021-07-18,22,0
2021-07-18,23,0
2021-07-19,0,0
2021-07-19,1,0
2021-07-19,2,0
2021-07-19,3,1
2021-07-19,4,7
2021-07-19,5,34
2021-07-19,6,100
2021-07-19,7,91
2021-07-19,8,84
2021-07-19,9,92
2021-07-19,10,105
2021-07-19,11,115
2021-07-19,12,105
2021-07-19,13,100
2021-07-19,14,95
2021-07-19,15,97
2021-07-19,16,82
2021-07-19,17,80
2021-07-19,18,60
2021-07-19,19,58
2021-07-19,20,46
2021-07-19,21,7
2021-07-19,22,3
2021-07-19,23,0
2021-07-20,0,0
2021-07-20,1,0
2021-07-20,2,0
2021-07-20,3,1
2021-07-20,4,26
2021-07-20,5,39
2021-07-20,6,96
2021-07-20,7,151
2021-07-20,8,128
2021-07-20,9,111
2021-07-20,10,114
2021-07-20,11,111
2021-07-20,12,86
2021-07-20,13,72
2021-07-20,14,94
2021-07-20,15,97
2021-07-20,16,106
2021-07-20,17,114
2021-07-20,18,63
2021-07-20,19,55
2021-07-20,20,57
2021-07-20,21,27
2021-07-20,22,0
2021-07-20,23,0
2021-07-21,0,0
2021-07-21,1,0
2021-07-21,2,0
2021-07-21,3,0
2021-07-21,4,7
2021-07-21,5,36
2021-07-21,6,101
2021-07-21,7,132
2021-07-21,8,109
2021-07-21,9,97
2021-07-21,10,78
2021-07-21,11,104
2021-07-21,12,98
2021-07-21,13,90
2021-07-21,14,96
2021-07-21,15,80
2021-07-21,16,93
2021-07-21,17,82
2021-07-21,18,67
2021-07-21,19,58
2021-07-21,20,56
2021-07-21,21,29
2021-07-21,22,0
2021-07-21,23,0
2021-07-22,0,0
2021-07-22,1,0
2021-07-22,2,0
2021-07-22,3,0
2021-07-22,4,7
2021-07-22,5,30
2021-07-22,6,99
2021-07-22,7,131
2021-07-22,8,137
2021-07-22,9,102
2021-07-22,10,103
2021-07-22,11,87
2021-07-22,12,104
2021-07-22,13,106
2021-07-22,14,100
2021-07-22,15,82
2021-07-22,16,80
2021-07-22,17,115
2021-07-22,18,85
2021-07-22,19,67
2021-07-22,20,59
2021-07-22,21,16
2021-07-22,22,0
2021-07-22,23,0
2021-07-23,0,0
2021-07-23,1,0
2021-07-23,2,0
2021-07-23,3,0
2021-07-23,4,7
2021-07-23,5,21
2021-07-23,6,111
2021-07-23,7,118
2021-07-23,8,116
2021-07-23,9,108
2021-07-23,10,116
2021-07-23,11,132
2021-07-23,12,135
2021-07-23,13,104
2021-07-23,14,97
2021-07-23,15,81
2021-07-23,16,93
2021-07-23,17,105
2021-07-23,18,90
2021-07-23,19,67
2021-07-23,20,56
2021-07-23,21,28
2021-07-23,22,0
2021-07-23,23,1
2021-07-24,0,0
2021-07-24,1,0
2021-07-24,2,0
2021-07-24,3,0
2021-07-24,4,4
2021-07-24,5,13
2021-07-24,6,24
2021-07-24,7,89
2021-07-24,8,68
2021-07-24,9,80
2021-07-24,10,134
2021-07-24,11,126
2021-07-24,12,130
2021-07-24,13,107
2021-07-24,14,105
2021-07-24,15,88
2021-07-24,16,94
2021-07-24,17,79
2021-07-24,18,69
2021-07-24,19,76
2021-07-24,20,45
2021-07-24,21,17
2021-07-24,22,0
2021-07-24,23,0
2021-07-25,0,0
2021-07-25,1,0
2021-07-25,2,0
2021-07-25,3,0
2021-07-25,4,0
2021-07-25,5,14
2021-07-25,6,18
2021-07-25,7,24
2021-07-25,8,46
2021-07-25,9,94
2021-07-25,10,100
2021-07-25,11,107
2021-07-25,12,132
2021-07-25,13,110
2021-07-25,14,116
2021-07-25,15,97
2021-07-25,16,75
2021-07-25,17,91
2021-07-25,18,76
2021-07-25,19,75
2021-07-25,20,77
2021-07-25,21,19
2021-07-25,22,0
2021-07-25,23,0
2021-07-26,0,0
2021-07-26,1,0
2021-07-26,2,0
2021-07-26,3,0
2021-07-26,4,7
2021-07-26,5,34
2021-07-26,6,90
2021-07-26,7,104
2021-07-26,8,92
2021-07-26,9,91
2021-07-26,10,97
2021-07-26,11,144
2021-07-26,12,95
2021-07-26,13,115
2021-07-26,14,110
2021-07-26,15,81
2021-07-26,16,67
2021-07-26,17,97
2021-07-26,18,85
2021-07-26,19,55
2021-07-26,20,32
2021-07-26,21,8
2021-07-26,22,0
2021-07-26,23,0
2021-07-27,0,0
2021-07-27,1,0
2021-07-27,2,0
2021-07-27,3,0
2021-07-27,4,5
2021-07-27,5,40
2021-07-27,6,115
2021-07-27,7,141
2021-07-27,8,137
2021-07-27,9,91
2021-07-27,10,97
2021-07-27,11,99
2021-07-27,12,92
2021-07-27,13,124
2021-07-27,14,89
2021-07-27,15,77
2021-07-27,16,62
2021-07-27,17,101
2021-07-27,18,83
2021-07-27,19,68
2021-07-27,20,46
2021-07-27,21,2
2021-07-27,22,0
2021-07-27,23,0
2021-07-28,0,0
2021-07-28,1,0
2021-07-28,2,1
2021-07-28,3,1
2021-07-28,4,15
2021-07-28,5,41
2021-07-28,6,130
2021-07-28,7,131
2021-07-28,8,131
2021-07-28,9,125
2021-07-28,10,101
2021-07-28,11,126
2021-07-28,12,101
2021-07-28,13,117
2021-07-28,14,101
2021-07-28,15,93
2021-07-28,16,97
2021-07-28,17,111
2021-07-28,18,98
2021-07-28,19,56
2021-07-28,20,31
2021-07-28,21,8
2021-07-28,22,0
2021-07-28,23,0
2021-07-29,0,0
2021-07-29,1,0
2021-07-29,2,0
2021-07-29,3,0
2021-07-29,4,9
2021-07-29,5,35
2021-07-29,6,101
2021-07-29,7,126
2021-07-29,8,116
2021-07-29,9,94
2021-07-29,10,107
2021-07-29,11,118
2021-07-29,12,121
2021-07-29,13,102
2021-07-29,14,98
2021-07-29,15,105
2021-07-29,16,92
2021-07-29,17,119
2021-07-29,18,81
2021-07-29,19,67
2021-07-29,20,45
2021-07-29,21,10
2021-07-29,22,0
2021-07-29,23,0
2021-07-30,0,3
2021-07-30,1,0
2021-07-30,2,0
2021-07-30,3,0
2021-07-30,4,6
2021-07-30,5,46
2021-07-30,6,104
2021-07-30,7,120
2021-07-30,8,131
2021-07-30,9,112
2021-07-30,10,122
2021-07-30,11,112
2021-07-30,12,125
2021-07-30,13,109
2021-07-30,14,91
2021-07-30,15,104
2021-07-30,16,112
2021-07-30,17,117
2021-07-30,18,93
2021-07-30,19,77
2021-07-30,20,56
2021-07-30,21,21
2021-07-30,22,0
2021-07-30,23,0
2021-07-31,0,0
2021-07-31,1,0
2021-07-31,2,0
2021-07-31,3,0
2021-07-31,4,6
2021-07-31,5,12
2021-07-31,6,32
2021-07-31,7,61
2021-07-31,8,88
2021-07-31,9,85
2021-07-31,10,120
2021-07-31,11,117
2021-07-31,12,109
2021-07-31,13,90
2021-07-31,14,101
2021-07-31,15,104
2021-07-31,16,84
2021-07-31,17,104
2021-07-31,18,106
2021-07-31,19,76
2021-07-31,20,57
2021-07-31,21,14
2021-07-31,22,0
2021-07-31,23,3
2021-08-01,0,0
2021-08-01,1,0
2021-08-01,2,0
2021-08-01,3,0
2021-08-01,4,0
2021-08-01,5,7
2021-08-01,6,32
2021-08-01,7,39
2021-08-01,8,53
2021-08-01,9,60
2021-08-01,10,103
2021-08-01,11,100
2021-08-01,12,132
2021-08-01,13,112
2021-08-01,14,132
2021-08-01,15,95
2021-08-01,16,87
2021-08-01,17,116
2021-08-01,18,90
2021-08-01,19,51
2021-08-01,20,54
2021-08-01,21,0
2021-08-01,22,1
2021-08-01,23,0
2021-08-02,0,0
2021-08-02,1,0
2021-08-02,2,0
2021-08-02,3,0
2021-08-02,4,9
2021-08-02,5,35
2021-08-02,6,89
2021-08-02,7,119
2021-08-02,8,93
2021-08-02,9,82
2021-08-02,10,84
2021-08-02,11,108
2021-08-02,12,121
2021-08-02,13,104
2021-08-02,14,101
2021-08-02,15,100
2021-08-02,16,108
2021-08-02,17,109
2021-08-02,18,96
2021-08-02,19,57
2021-08-02,20,50
2021-08-02,21,3
2021-08-02,22,0
2021-08-02,23,0
2021-08-03,0,0
2021-08-03,1,0
2021-08-03,2,0
2021-08-03,3,0
2021-08-03,4,7
2021-08-03,5,48
2021-08-03,6,96
2021-08-03,7,129
2021-08-03,8,112
2021-08-03,9,94
2021-08-03,10,120
2021-08-03,11,111
2021-08-03,12,138
2021-08-03,13,125
2021-08-03,14,117
2021-08-03,15,82
2021-08-03,16,80
2021-08-03,17,113
2021-08-03,18,66
2021-08-03,19,77
2021-08-03,20,44
2021-08-03,21,9
2021-08-03,22,0
2021-08-03,23,0
2021-08-04,0,0
2021-08-04,1,0
2021-08-04,2,0
2021-08-04,3,0
2021-08-04,4,10
2021-08-04,5,39
2021-08-04,6,111
2021-08-04,7,114
2021-08-04,8,97
2021-08-04,9,87
2021-08-04,10,112
2021-08-04,11,99
2021-08-04,12,107
2021-08-04,13,112
2021-08-04,14,89
2021-08-04,15,97
2021-08-04,16,123
2021-08-04,17,142
2021-08-04,18,103
2021-08-04,19,76
2021-08-04,20,36
2021-08-04,21,3
2021-08-04,22,0
2021-08-04,23,0
2021-08-05,0,0
2021-08-05,1,0
2021-08-05,2,0
2021-08-05,3,0
2021-08-05,4,15
2021-08-05,5,41
2021-08-05,6,92
2021-08-05,7,135
2021-08-05,8,126
2021-08-05,9,95
2021-08-05,10,120
2021-08-05,11,108
2021-08-05,12,119
2021-08-05,13,125
2021-08-05,14,89
2021-08-05,15,86
2021-08-05,16,77
2021-08-05,17,112
2021-08-05,18,72
2021-08-05,19,81
2021-08-05,20,38
2021-08-05,21,0
2021-08-05,22,1
2021-08-05,23,0
2021-08-06,0,0
2021-08-06,1,0
2021-08-06,2,0
2021-08-06,3,0
2021-08-06,4,11
2021-08-06,5,36
2021-08-06,6,103
2021-08-06,7,125
2021-08-06,8,127
2021-08-06,9,92
2021-08-06,10,136
2021-08-06,11,110
2021-08-06,12,101
2021-08-06,13,95
2021-08-06,14,110
2021-08-06,15,79
2021-08-06,16,91
2021-08-06,17,157
2021-08-06,18,111
2021-08-06,19,74
2021-08-06,20,32
2021-08-06,21,2
2021-08-06,22,0
2021-08-06,23,0
2021-08-07,0,0
2021-08-07,1,0
2021-08-07,2,0
2021-08-07,3,0
2021-08-07,4,6
2021-08-07,5,12
2021-08-07,6,35
2021-08-07,7,60
2021-08-07,8,83
2021-08-07,9,120
2021-08-07,10,92
2021-08-07,11,136
2021-08-07,12,148
2021-08-07,13,113
2021-08-07,14,109
2021-08-07,15,102
2021-08-07,16,105
2021-08-07,17,121
2021-08-07,18,106
2021-08-07,19,103
2021-08-07,20,59
2021-08-07,21,9
2021-08-07,22,2
2021-08-07,23,1
2021-08-08,0,0
2021-08-08,1,0
2021-08-08,2,0
2021-08-08,3,0
2021-08-08,4,5
2021-08-08,5,10
2021-08-08,6,19
2021-08-08,7,35
2021-08-08,8,61
2021-08-08,9,131
2021-08-08,10,168
2021-08-08,11,157
2021-08-08,12,120
2021-08-08,13,127
2021-08-08,14,153
2021-08-08,15,141
2021-08-08,16,160
2021-08-08,17,162
2021-08-08,18,112
2021-08-08,19,86
2021-08-08,20,51
2021-08-08,21,34
2021-08-08,22,5
2021-08-08,23,7
2021-08-09,0,1
2021-08-09,1,0
2021-08-09,2,0
2021-08-09,3,0
2021-08-09,4,12
2021-08-09,5,33
2021-08-09,6,107
2021-08-09,7,143
2021-08-09,8,108
2021-08-09,9,122
2021-08-09,10,104
2021-08-09,11,107
2021-08-09,12,127
2021-08-09,13,131
2021-08-09,14,104
2021-08-09,15,128
2021-08-09,16,108
2021-08-09,17,94
2021-08-09,18,81
2021-08-09,19,55
2021-08-09,20,43
2021-08-09,21,0
2021-08-09,22,1
2021-08-09,23,0
2021-08-10,0,0
2021-08-10,1,0
2021-08-10,2,0
2021-08-10,3,0
2021-08-10,4,8
2021-08-10,5,30
2021-08-10,6,102
2021-08-10,7,99
2021-08-10,8,112
2021-08-10,9,108
2021-08-10,10,117
2021-08-10,11,113
2021-08-10,12,110
2021-08-10,13,96
2021-08-10,14,101
2021-08-10,15,91
2021-08-10,16,60
2021-08-10,17,101
2021-08-10,18,81
2021-08-10,19,63
2021-08-10,20,37
2021-08-10,21,1
2021-08-10,22,1
2021-08-10,23,1
2021-08-11,0,0
2021-08-11,1,0
2021-08-11,2,0
2021-08-11,3,0
2021-08-11,4,8
2021-08-11,5,34
2021-08-11,6,98
2021-08-11,7,121
2021-08-11,8,103
2021-08-11,9,104
2021-08-11,10,86
2021-08-11,11,114
2021-08-11,12,109
2021-08-11,13,110
2021-08-11,14,82
2021-08-11,15,84
2021-08-11,16,60
2021-08-11,17,97
2021-08-11,18,73
2021-08-11,19,76
2021-08-11,20,66
2021-08-11,21,43
2021-08-11,22,3
2021-08-11,23,0
2021-08-12,0,0
2021-08-12,1,0
2021-08-12,2,0
2021-08-12,3,0
2021-08-12,4,5
2021-08-12,5,21
2021-08-12,6,115
2021-08-12,7,94
2021-08-12,8,127
2021-08-12,9,98
2021-08-12,10,85
2021-08-12,11,128
2021-08-12,12,125
2021-08-12,13,104
2021-08-12,14,84
2021-08-12,15,65
2021-08-12,16,77
2021-08-12,17,83
2021-08-12,18,80
2021-08-12,19,78
2021-08-12,20,169
2021-08-12,21,47
2021-08-12,22,5
2021-08-12,23,3
2021-08-13,0,0
2021-08-13,1,0
2021-08-13,2,0
2021-08-13,3,0
2021-08-13,4,24
2021-08-13,5,31
2021-08-13,6,88
2021-08-13,7,114
2021-08-13,8,120
2021-08-13,9,119
2021-08-13,10,104
2021-08-13,11,117
2021-08-13,12,106
2021-08-13,13,85
2021-08-13,14,89
2021-08-13,15,82
2021-08-13,16,91
2021-08-13,17,115
2021-08-13,18,103
2021-08-13,19,63
2021-08-13,20,41
2021-08-13,21,0
2021-08-13,22,0
2021-08-13,23,0
2021-08-14,0,0
2021-08-14,1,0
2021-08-14,2,0
2021-08-14,3,0
2021-08-14,4,4
2021-08-14,5,13
2021-08-14,6,32
2021-08-14,7,70
2021-08-14,8,86
2021-08-14,9,94
2021-08-14,10,121
2021-08-14,11,137
2021-08-14,12,133
2021-08-14,13,138
2021-08-14,14,116
2021-08-14,15,100
2021-08-14,16,78
2021-08-14,17,102
2021-08-14,18,81
2021-08-14,19,64
2021-08-14,20,44
2021-08-14,21,0
2021-08-14,22,0
2021-08-14,23,0
2021-08-15,0,0
2021-08-15,1,0
2021-08-15,2,0
2021-08-15,3,0
2021-08-15,4,0
2021-08-15,5,11
2021-08-15,6,16
2021-08-15,7,32
2021-08-15,8,40
2021-08-15,9,100
2021-08-15,10,98
2021-08-15,11,113
2021-08-15,12,140
2021-08-15,13,124
2021-08-15,14,99
2021-08-15,15,91
2021-08-15,16,83
2021-08-15,17,88
2021-08-15,18,77
2021-08-15,19,44
2021-08-15,20,27
2021-08-15,21,0
2021-08-15,22,0
2021-08-15,23,0
2021-08-16,0,0
2021-08-16,1,0
2021-08-16,2,0
2021-08-16,3,0
2021-08-16,4,11
2021-08-16,5,20
2021-08-16,6,70
2021-08-16,7,136
2021-08-16,8,143
2021-08-16,9,110
2021-08-16,10,93
2021-08-16,11,84
2021-08-16,12,89
2021-08-16,13,75
2021-08-16,14,74
2021-08-16,15,106
2021-08-16,16,95
2021-08-16,17,106
2021-08-16,18,72
2021-08-16,19,51
2021-08-16,20,22
2021-08-16,21,1
2021-08-16,22,0
2021-08-16,23,0
2021-08-17,0,1
2021-08-17,1,0
2021-08-17,2,0
2021-08-17,3,0
2021-08-17,4,9
2021-08-17,5,33
2021-08-17,6,83
2021-08-17,7,146
2021-08-17,8,121
2021-08-17,9,105
2021-08-17,10,87
2021-08-17,11,66
2021-08-17,12,96
2021-08-17,13,103
2021-08-17,14,105
2021-08-17,15,80
2021-08-17,16,100
2021-08-17,17,95
2021-08-17,18,70
2021-08-17,19,73
2021-08-17,20,29
2021-08-17,21,0
2021-08-17,22,0
2021-08-17,23,0
2021-08-18,0,0
2021-08-18,1,0
2021-08-18,2,0
2021-08-18,3,0
2021-08-18,4,9
2021-08-18,5,35
2021-08-18,6,104
2021-08-18,7,126
2021-08-18,8,128
2021-08-18,9,105
2021-08-18,10,107
2021-08-18,11,94
2021-08-18,12,105
2021-08-18,13,94
2021-08-18,14,91
2021-08-18,15,94
2021-08-18,16,82
2021-08-18,17,111
2021-08-18,18,130
2021-08-18,19,54
2021-08-18,20,23
2021-08-18,21,0
2021-08-18,22,1
2021-08-18,23,0
2021-08-19,0,1
2021-08-19,1,0
2021-08-19,2,0
2021-08-19,3,0
2021-08-19,4,17
2021-08-19,5,51
2021-08-19,6,87
2021-08-19,7,128
2021-08-19,8,150
2021-08-19,9,104
2021-08-19,10,116
2021-08-19,11,107
2021-08-19,12,101
2021-08-19,13,68
2021-08-19,14,92
2021-08-19,15,72
2021-08-19,16,78
2021-08-19,17,106
2021-08-19,18,80
2021-08-19,19,53
2021-08-19,20,15
2021-08-19,21,0
2021-08-19,22,0
2021-08-19,23,0
2021-08-20,0,3
2021-08-20,1,0
2021-08-20,2,0
2021-08-20,3,0
2021-08-20,4,4
2021-08-20,5,35
2021-08-20,6,118
2021-08-20,7,147
2021-08-20,8,136
2021-08-20,9,110
2021-08-20,10,107
2021-08-20,11,115
2021-08-20,12,118
2021-08-20,13,118
2021-08-20,14,98
2021-08-20,15,83
2021-08-20,16,98
2021-08-20,17,120
2021-08-20,18,90
2021-08-20,19,71
2021-08-20,20,10
2021-08-20,21,0
2021-08-20,22,0
2021-08-20,23,15
2021-08-21,0,4
2021-08-21,1,0
2021-08-21,2,0
2021-08-21,3,0
2021-08-21,4,0
2021-08-21,5,11
2021-08-21,6,36
2021-08-21,7,68
2021-08-21,8,91
2021-08-21,9,84
2021-08-21,10,95
2021-08-21,11,110
2021-08-21,12,140
2021-08-21,13,170
2021-08-21,14,103
2021-08-21,15,101
2021-08-21,16,103
2021-08-21,17,105
2021-08-21,18,114
2021-08-21,19,109
2021-08-21,20,27
2021-08-21,21,6
2021-08-21,22,14
2021-08-21,23,50
2021-08-22,0,120
2021-08-22,1,35
2021-08-22,2,0
2021-08-22,3,0
2021-08-22,4,0
2021-08-22,5,12
2021-08-22,6,14
2021-08-22,7,40
2021-08-22,8,66
2021-08-22,9,93
2021-08-22,10,103
2021-08-22,11,91
2021-08-22,12,130
2021-08-22,13,115
2021-08-22,14,108
2021-08-22,15,85
2021-08-22,16,97
2021-08-22,17,97
2021-08-22,18,77
2021-08-22,19,57
2021-08-22,20,11
2021-08-22,21,0
2021-08-22,22,0
2021-08-22,23,0
2021-08-23,0,0
2021-08-23,1,0
2021-08-23,2,0
2021-08-23,3,0
2021-08-23,4,4
2021-08-23,5,35
2021-08-23,6,112
2021-08-23,7,152
2021-08-23,8,120
2021-08-23,9,94
2021-08-23,10,92
2021-08-23,11,108
2021-08-23,12,79
2021-08-23,13,81
2021-08-23,14,86
2021-08-23,15,92
2021-08-23,16,63
2021-08-23,17,97
2021-08-23,18,86
2021-08-23,19,55
2021-08-23,20,12
2021-08-23,21,0
2021-08-23,22,0
2021-08-23,23,0
2021-08-24,0,0
2021-08-24,1,0
2021-08-24,2,0
2021-08-24,3,0
2021-08-24,4,8
2021-08-24,5,30
2021-08-24,6,110
2021-08-24,7,119
2021-08-24,8,134
2021-08-24,9,74
2021-08-24,10,88
2021-08-24,11,84
2021-08-24,12,131
2021-08-24,13,93
2021-08-24,14,99
2021-08-24,15,83
2021-08-24,16,88
2021-08-24,17,127
2021-08-24,18,63
2021-08-24,19,64
2021-08-24,20,12
2021-08-24,21,0
2021-08-24,22,0
2021-08-24,23,0
2021-08-25,0,0
2021-08-25,1,0
2021-08-25,2,0
2021-08-25,3,0
2021-08-25,4,4
2021-08-25,5,31
2021-08-25,6,110
2021-08-25,7,105
2021-08-25,8,122
2021-08-25,9,83
2021-08-25,10,81
2021-08-25,11,112
2021-08-25,12,123
2021-08-25,13,78
2021-08-25,14,85
2021-08-25,15,66
2021-08-25,16,83
2021-08-25,17,82
2021-08-25,18,71
2021-08-25,19,63
2021-08-25,20,12
2021-08-25,21,0
2021-08-25,22,0
2021-08-25,23,0
2021-08-26,0,0
2021-08-26,1,0
2021-08-26,2,0
2021-08-26,3,0
2021-08-26,4,8
2021-08-26,5,30
2021-08-26,6,103
2021-08-26,7,133
2021-08-26,8,135
2021-08-26,9,100
2021-08-26,10,117
2021-08-26,11,84
2021-08-26,12,105
2021-08-26,13,91
2021-08-26,14,91
2021-08-26,15,73
2021-08-26,16,88
2021-08-26,17,81
2021-08-26,18,81
2021-08-26,19,56
2021-08-26,20,9
2021-08-26,21,0
2021-08-26,22,0
2021-08-26,23,0
2021-08-27,0,0
2021-08-27,1,0
2021-08-27,2,0
2021-08-27,3,0
2021-08-27,4,8
2021-08-27,5,37
2021-08-27,6,127
2021-08-27,7,83
2021-08-27,8,102
2021-08-27,9,94
2021-08-27,10,97
2021-08-27,11,111
2021-08-27,12,135
2021-08-27,13,98
2021-08-27,14,76
2021-08-27,15,86
2021-08-27,16,110
2021-08-27,17,115
2021-08-27,18,78
2021-08-27,19,85
2021-08-27,20,9
2021-08-27,21,0
2021-08-27,22,0
2021-08-27,23,11
2021-08-28,0,0
2021-08-28,1,0
2021-08-28,2,0
2021-08-28,3,0
2021-08-28,4,0
2021-08-28,5,15
2021-08-28,6,35
2021-08-28,7,52
2021-08-28,8,63
2021-08-28,9,71
2021-08-28,10,112
2021-08-28,11,116
2021-08-28,12,133
2021-08-28,13,107
2021-08-28,14,97
2021-08-28,15,107
2021-08-28,16,91
2021-08-28,17,96
2021-08-28,18,98
2021-08-28,19,70
2021-08-28,20,6
2021-08-28,21,0
2021-08-28,22,0
2021-08-28,23,0
2021-08-29,0,0
2021-08-29,1,30
2021-08-29,2,0
2021-08-29,3,0
2021-08-29,4,0
2021-08-29,5,8
2021-08-29,6,20
2021-08-29,7,39
2021-08-29,8,41
2021-08-29,9,104
2021-08-29,10,100
2021-08-29,11,78
2021-08-29,12,76
2021-08-29,13,74
2021-08-29,14,79
2021-08-29,15,106
2021-08-29,16,102
2021-08-29,17,87
2021-08-29,18,77
2021-08-29,19,30
2021-08-29,20,4
2021-08-29,21,0
2021-08-29,22,0
2021-08-29,23,0
2021-08-30,0,0
2021-08-30,1,0
2021-08-30,2,0
2021-08-30,3,0
2021-08-30,4,8
2021-08-30,5,22
2021-08-30,6,81
2021-08-30,7,93
2021-08-30,8,142
2021-08-30,9,89
2021-08-30,10,112
2021-08-30,11,136
2021-08-30,12,105
2021-08-30,13,91
2021-08-30,14,85
2021-08-30,15,86
2021-08-30,16,86
2021-08-30,17,85
2021-08-30,18,91
2021-08-30,19,45
2021-08-30,20,1
2021-08-30,21,0
2021-08-30,22,0
2021-08-30,23,0
2021-08-31,0,0
2021-08-31,1,0
2021-08-31,2,0
2021-08-31,3,0
2021-08-31,4,8
2021-08-31,5,31
2021-08-31,6,90
2021-08-31,7,125
2021-08-31,8,122
2021-08-31,9,114
2021-08-31,10,86
2021-08-31,11,117
2021-08-31,12,91
2021-08-31,13,72
2021-08-31,14,92
2021-08-31,15,84
2021-08-31,16,95
2021-08-31,17,97
2021-08-31,18,86
2021-08-31,19,49
2021-08-31,20,0
2021-08-31,21,0
2021-08-31,22,1
2021-08-31,23,0
2021-09-01,0,0
2021-09-01,1,0
2021-09-01,2,0
2021-09-01,3,0
2021-09-01,4,8
2021-09-01,5,33
2021-09-01,6,102
2021-09-01,7,89
2021-09-01,8,112
2021-09-01,9,67
2021-09-01,10,96
2021-09-01,11,122
2021-09-01,12,163
2021-09-01,13,76
2021-09-01,14,94
2021-09-01,15,80
2021-09-01,16,81
2021-09-01,17,82
2021-09-01,18,75
2021-09-01,19,59
2021-09-01,20,55
2021-09-01,21,1
2021-09-01,22,0
2021-09-01,23,0
2021-09-02,0,0
2021-09-02,1,0
2021-09-02,2,0
2021-09-02,3,1
2021-09-02,4,0
2021-09-02,5,27
2021-09-02,6,107
2021-09-02,7,80
2021-09-02,8,137
2021-09-02,9,104
2021-09-02,10,102
2021-09-02,11,90
2021-09-02,12,96
2021-09-02,13,95
2021-09-02,14,78
2021-09-02,15,69
2021-09-02,16,84
2021-09-02,17,99
2021-09-02,18,81
2021-09-02,19,54
2021-09-02,20,0
2021-09-02,21,1
2021-09-02,22,0
2021-09-02,23,0
2021-09-03,0,0
2021-09-03,1,0
2021-09-03,2,0
2021-09-03,3,0
2021-09-03,4,12
2021-09-03,5,41
2021-09-03,6,88
2021-09-03,7,134
2021-09-03,8,128
2021-09-03,9,108
2021-09-03,10,99
2021-09-03,11,113
2021-09-03,12,114
2021-09-03,13,105
2021-09-03,14,102
2021-09-03,15,80
2021-09-03,16,94
2021-09-03,17,115
2021-09-03,18,98
2021-09-03,19,43
2021-09-03,20,1
2021-09-03,21,0
2021-09-03,22,0
2021-09-03,23,0
2021-09-04,0,0
2021-09-04,1,0
2021-09-04,2,0
2021-09-04,3,0
2021-09-04,4,0
2021-09-04,5,10
2021-09-04,6,27
2021-09-04,7,52
2021-09-04,8,85
2021-09-04,9,91
2021-09-04,10,119
2021-09-04,11,128
2021-09-04,12,129
2021-09-04,13,104
2021-09-04,14,108
2021-09-04,15,91
2021-09-04,16,118
2021-09-04,17,110
2021-09-04,18,83
2021-09-04,19,48
2021-09-04,20,0
2021-09-04,21,0
2021-09-04,22,0
2021-09-04,23,0
2021-09-05,0,0
2021-09-05,1,30
2021-09-05,2,0
2021-09-05,3,0
2021-09-05,4,0
2021-09-05,5,1
2021-09-05,6,19
2021-09-05,7,41
2021-09-05,8,44
2021-09-05,9,73
2021-09-05,10,92
2021-09-05,11,111
2021-09-05,12,111
2021-09-05,13,108
2021-09-05,14,72
2021-09-05,15,102
2021-09-05,16,104
2021-09-05,17,89
2021-09-05,18,72
2021-09-05,19,42
2021-09-05,20,24
2021-09-05,21,14
2021-09-05,22,8
2021-09-05,23,0
2021-09-06,0,0
2021-09-06,1,0
2021-09-06,2,0
2021-09-06,3,0
2021-09-06,4,8
2021-09-06,5,26
2021-09-06,6,102
2021-09-06,7,115
2021-09-06,8,154
2021-09-06,9,109
2021-09-06,10,53
2021-09-06,11,63
2021-09-06,12,87
2021-09-06,13,79
2021-09-06,14,82
2021-09-06,15,76
2021-09-06,16,118
2021-09-06,17,101
2021-09-06,18,67
2021-09-06,19,48
2021-09-06,20,0
2021-09-06,21,0
2021-09-06,22,0
2021-09-06,23,0
2021-09-07,0,0
2021-09-07,1,0
2021-09-07,2,0
2021-09-07,3,0
2021-09-07,4,8
2021-09-07,5,29
2021-09-07,6,107
2021-09-07,7,157
2021-09-07,8,141
2021-09-07,9,99
2021-09-07,10,111
2021-09-07,11,110
2021-09-07,12,117
2021-09-07,13,87
2021-09-07,14,67
2021-09-07,15,67
2021-09-07,16,81
2021-09-07,17,82
2021-09-07,18,58
2021-09-07,19,44
2021-09-07,20,0
2021-09-07,21,0
2021-09-07,22,0
2021-09-07,23,0
2021-09-08,0,0
2021-09-08,1,0
2021-09-08,2,0
2021-09-08,3,0
2021-09-08,4,8
2021-09-08,5,41
2021-09-08,6,94
2021-09-08,7,133
2021-09-08,8,144
2021-09-08,9,74
2021-09-08,10,76
2021-09-08,11,110
2021-09-08,12,83
2021-09-08,13,87
2021-09-08,14,121
2021-09-08,15,67
2021-09-08,16,73
2021-09-08,17,95
2021-09-08,18,89
2021-09-08,19,20
2021-09-08,20,0
2021-09-08,21,0
2021-09-08,22,0
2021-09-08,23,0
2021-09-09,0,0
2021-09-09,1,0
2021-09-09,2,0
2021-09-09,3,0
2021-09-09,4,0
2021-09-09,5,27
2021-09-09,6,109
2021-09-09,7,124
2021-09-09,8,170
2021-09-09,9,115
2021-09-09,10,100
2021-09-09,11,90
2021-09-09,12,104
2021-09-09,13,134
2021-09-09,14,112
2021-09-09,15,98
2021-09-09,16,83
2021-09-09,17,124
2021-09-09,18,112
2021-09-09,19,36
2021-09-09,20,0
2021-09-09,21,3
2021-09-09,22,0
2021-09-09,23,0
2021-09-10,0,0
2021-09-10,1,0
2021-09-10,2,4
2021-09-10,3,4
2021-09-10,4,4
2021-09-10,5,24
2021-09-10,6,94
2021-09-10,7,137
2021-09-10,8,154
2021-09-10,9,114
2021-09-10,10,118
2021-09-10,11,114
2021-09-10,12,121
2021-09-10,13,107
2021-09-10,14,84
2021-09-10,15,88
2021-09-10,16,117
2021-09-10,17,119
2021-09-10,18,109
2021-09-10,19,46
2021-09-10,20,1
2021-09-10,21,0
2021-09-10,22,0
2021-09-10,23,0
2021-09-11,0,0
2021-09-11,1,0
2021-09-11,2,0
2021-09-11,3,2
2021-09-11,4,1
2021-09-11,5,7
2021-09-11,6,30
2021-09-11,7,52
2021-09-11,8,88
2021-09-11,9,97
2021-09-11,10,108
2021-09-11,11,143
2021-09-11,12,141
2021-09-11,13,156
2021-09-11,14,166
2021-09-11,15,116
2021-09-11,16,107
2021-09-11,17,86
2021-09-11,18,99
2021-09-11,19,32
2021-09-11,20,0
2021-09-11,21,9
2021-09-11,22,4
2021-09-11,23,0
2021-09-12,0,0
2021-09-12,1,30
2021-09-12,2,0
2021-09-12,3,0
2021-09-12,4,0
2021-09-12,5,5
2021-09-12,6,12
2021-09-12,7,35
2021-09-12,8,61
2021-09-12,9,95
2021-09-12,10,91
2021-09-12,11,120
2021-09-12,12,158
2021-09-12,13,149
2021-09-12,14,124
2021-09-12,15,133
2021-09-12,16,84
2021-09-12,17,116
2021-09-12,18,90
2021-09-12,19,25
2021-09-12,20,0
2021-09-12,21,8
2021-09-12,22,0
2021-09-12,23,0
2021-09-13,0,0
2021-09-13,1,0
2021-09-13,2,0
2021-09-13,3,0
2021-09-13,4,8
2021-09-13,5,37
2021-09-13,6,114
2021-09-13,7,160
2021-09-13,8,121
2021-09-13,9,100
2021-09-13,10,85
2021-09-13,11,103
2021-09-13,12,130
2021-09-13,13,98
2021-09-13,14,99
2021-09-13,15,69
2021-09-13,16,99
2021-09-13,17,90
2021-09-13,18,77
2021-09-13,19,18
2021-09-13,20,0
2021-09-13,21,5
2021-09-13,22,0
2021-09-13,23,0
2021-09-14,0,0
2021-09-14,1,0
2021-09-14,2,0
2021-09-14,3,0
2021-09-14,4,1
2021-09-14,5,36
2021-09-14,6,84
2021-09-14,7,155
2021-09-14,8,187
2021-09-14,9,139
2021-09-14,10,95
2021-09-14,11,87
2021-09-14,12,103
2021-09-14,13,85
2021-09-14,14,62
2021-09-14,15,2
2021-09-14,16,3
2021-09-14,17,30
2021-09-14,18,84
2021-09-14,19,29
2021-09-14,20,1
2021-09-14,21,2
2021-09-14,22,3
2021-09-14,23,0
2021-09-15,0,0
2021-09-15,1,0
2021-09-15,2,0
2021-09-15,3,0
2021-09-15,4,0
2021-09-15,5,8
2021-09-15,6,100
2021-09-15,7,149
2021-09-15,8,154
2021-09-15,9,82
2021-09-15,10,86
2021-09-15,11,116
2021-09-15,12,99
2021-09-15,13,84
2021-09-15,14,73
2021-09-15,15,81
2021-09-15,16,100
2021-09-15,17,103
2021-09-15,18,79
2021-09-15,19,17
2021-09-15,20,3
2021-09-15,21,2
2021-09-15,22,0
2021-09-15,23,2
2021-09-16,0,0
2021-09-16,1,0
2021-09-16,2,0
2021-09-16,3,0
2021-09-16,4,8
2021-09-16,5,27
2021-09-16,6,90
2021-09-16,7,137
2021-09-16,8,95
2021-09-16,9,87
2021-09-16,10,71
2021-09-16,11,84
2021-09-16,12,92
2021-09-16,13,76
2021-09-16,14,96
2021-09-16,15,69
2021-09-16,16,64
2021-09-16,17,94
2021-09-16,18,59
2021-09-16,19,3
2021-09-16,20,20
2021-09-16,21,4
2021-09-16,22,0
2021-09-16,23,0
2021-09-17,0,0
2021-09-17,1,1
2021-09-17,2,0
2021-09-17,3,0
2021-09-17,4,8
2021-09-17,5,33
2021-09-17,6,111
2021-09-17,7,133
2021-09-17,8,133
2021-09-17,9,100
2021-09-17,10,111
2021-09-17,11,112
2021-09-17,12,112
2021-09-17,13,82
2021-09-17,14,71
2021-09-17,15,85
2021-09-17,16,101
2021-09-17,17,132
2021-09-17,18,117
2021-09-17,19,23
2021-09-17,20,1
2021-09-17,21,2
2021-09-17,22,1
2021-09-17,23,0
2021-09-18,0,0
2021-09-18,1,0
2021-09-18,2,0
2021-09-18,3,0
2021-09-18,4,0
2021-09-18,5,12
2021-09-18,6,51
2021-09-18,7,48
2021-09-18,8,84
2021-09-18,9,82
2021-09-18,10,78
2021-09-18,11,109
2021-09-18,12,120
2021-09-18,13,82
2021-09-18,14,88
2021-09-18,15,68
2021-09-18,16,98
2021-09-18,17,111
2021-09-18,18,88
2021-09-18,19,7
2021-09-18,20,2
2021-09-18,21,43
2021-09-18,22,27
2021-09-18,23,0
2021-09-19,0,26
2021-09-19,1,30
2021-09-19,2,22
2021-09-19,3,0
2021-09-19,4,0
2021-09-19,5,9
2021-09-19,6,12
2021-09-19,7,38
2021-09-19,8,42
2021-09-19,9,84
2021-09-19,10,119
2021-09-19,11,116
2021-09-19,12,108
2021-09-19,13,123
2021-09-19,14,85
2021-09-19,15,86
2021-09-19,16,88
2021-09-19,17,93
2021-09-19,18,79
2021-09-19,19,6
2021-09-19,20,4
2021-09-19,21,6
2021-09-19,22,2
2021-09-19,23,2
2021-09-20,0,0
2021-09-20,1,0
2021-09-20,2,0
2021-09-20,3,0
2021-09-20,4,2
2021-09-20,5,9
2021-09-20,6,94
2021-09-20,7,117
2021-09-20,8,130
2021-09-20,9,75
2021-09-20,10,64
2021-09-20,11,107
2021-09-20,12,115
2021-09-20,13,83
2021-09-20,14,88
2021-09-20,15,61
2021-09-20,16,73
2021-09-20,17,108
2021-09-20,18,62
2021-09-20,19,0
2021-09-20,20,0
2021-09-20,21,1
2021-09-20,22,0
2021-09-20,23,0
2021-09-21,0,0
2021-09-21,1,0
2021-09-21,2,0
2021-09-21,3,0
2021-09-21,4,8
2021-09-21,5,35
2021-09-21,6,75
2021-09-21,7,145
2021-09-21,8,125
2021-09-21,9,79
2021-09-21,10,82
2021-09-21,11,78
2021-09-21,12,84
2021-09-21,13,84
2021-09-21,14,84
2021-09-21,15,56
2021-09-21,16,74
2021-09-21,17,89
2021-09-21,18,83
2021-09-21,19,0
2021-09-21,20,4
2021-09-21,21,1
2021-09-21,22,2
2021-09-21,23,0
2021-09-22,0,0
2021-09-22,1,0
2021-09-22,2,0
2021-09-22,3,0
2021-09-22,4,8
2021-09-22,5,32
2021-09-22,6,97
2021-09-22,7,123
2021-09-22,8,128
2021-09-22,9,71
2021-09-22,10,92
2021-09-22,11,114
2021-09-22,12,113
2021-09-22,13,73
2021-09-22,14,55
2021-09-22,15,48
2021-09-22,16,78
2021-09-22,17,83
2021-09-22,18,35
2021-09-22,19,11
2021-09-22,20,6
2021-09-22,21,1
2021-09-22,22,0
2021-09-22,23,0
2021-09-23,0,0
2021-09-23,1,0
2021-09-23,2,0
2021-09-23,3,0
2021-09-23,4,0
2021-09-23,5,0
2021-09-23,6,89
2021-09-23,7,148
2021-09-23,8,142
2021-09-23,9,95
2021-09-23,10,118
2021-09-23,11,102
2021-09-23,12,100
2021-09-23,13,99
2021-09-23,14,79
2021-09-23,15,69
2021-09-23,16,65
2021-09-23,17,86
2021-09-23,18,66
2021-09-23,19,0
2021-09-23,20,1
2021-09-23,21,0
2021-09-23,22,1
2021-09-23,23,0
2021-09-24,0,0
2021-09-24,1,0
2021-09-24,2,0
2021-09-24,3,0
2021-09-24,4,8
2021-09-24,5,35
2021-09-24,6,57
2021-09-24,7,108
2021-09-24,8,87
2021-09-24,9,92
2021-09-24,10,104
2021-09-24,11,131
2021-09-24,12,124
2021-09-24,13,103
2021-09-24,14,97
2021-09-24,15,98
2021-09-24,16,97
2021-09-24,17,107
2021-09-24,18,67
2021-09-24,19,0
2021-09-24,20,0
2021-09-24,21,0
2021-09-24,22,0
2021-09-24,23,0
2021-09-25,0,0
2021-09-25,1,0
2021-09-25,2,0
2021-09-25,3,0
2021-09-25,4,0
2021-09-25,5,16
2021-09-25,6,34
2021-09-25,7,61
2021-09-25,8,71
2021-09-25,9,78
2021-09-25,10,96
2021-09-25,11,132
2021-09-25,12,135
2021-09-25,13,123
2021-09-25,14,107
2021-09-25,15,97
2021-09-25,16,85
2021-09-25,17,94
2021-09-25,18,78
2021-09-25,19,7
2021-09-25,20,0
2021-09-25,21,0
2021-09-25,22,2
2021-09-25,23,0
2021-09-26,0,4
2021-09-26,1,39
2021-09-26,2,4
2021-09-26,3,1
2021-09-26,4,0
2021-09-26,5,12
2021-09-26,6,20
2021-09-26,7,53
2021-09-26,8,56
2021-09-26,9,29
2021-09-26,10,62
2021-09-26,11,107
2021-09-26,12,164
2021-09-26,13,136
2021-09-26,14,88
2021-09-26,15,87
2021-09-26,16,82
2021-09-26,17,88
2021-09-26,18,55
2021-09-26,19,28
2021-09-26,20,38
2021-09-26,21,16
2021-09-26,22,14
2021-09-26,23,45
2021-09-27,0,0
2021-09-27,1,2
2021-09-27,2,4
2021-09-27,3,10
2021-09-27,4,13
2021-09-27,5,60
2021-09-27,6,94
2021-09-27,7,106
2021-09-27,8,94
2021-09-27,9,78
2021-09-27,10,88
2021-09-27,11,93
2021-09-27,12,97
2021-09-27,13,87
2021-09-27,14,96
2021-09-27,15,67
2021-09-27,16,57
2021-09-27,17,123
2021-09-27,18,63
2021-09-27,19,6
2021-09-27,20,0
2021-09-27,21,3
2021-09-27,22,0
2021-09-27,23,0
2021-09-28,0,0
2021-09-28,1,0
2021-09-28,2,0
2021-09-28,3,0
2021-09-28,4,5
2021-09-28,5,0
2021-09-28,6,117
2021-09-28,7,104
2021-09-28,8,102
2021-09-28,9,96
2021-09-28,10,168
2021-09-28,11,76
2021-09-28,12,86
2021-09-28,13,72
2021-09-28,14,79
2021-09-28,15,88
2021-09-28,16,54
2021-09-28,17,89
2021-09-28,18,55
2021-09-28,19,0
2021-09-28,20,1
2021-09-28,21,0
2021-09-28,22,0
2021-09-28,23,0
2021-09-29,0,0
2021-09-29,1,0
2021-09-29,2,0
2021-09-29,3,0
2021-09-29,4,12
2021-09-29,5,30
2021-09-29,6,92
2021-09-29,7,85
2021-09-29,8,94
2021-09-29,9,37
2021-09-29,10,51
2021-09-29,11,98
2021-09-29,12,95
2021-09-29,13,84
2021-09-29,14,91
2021-09-29,15,69
2021-09-29,16,72
2021-09-29,17,94
2021-09-29,18,62
2021-09-29,19,1
2021-09-29,20,0
2021-09-29,21,1
2021-09-29,22,0
2021-09-29,23,0
2021-09-30,0,0
2021-09-30,1,0
2021-09-30,2,0
2021-09-30,3,5
2021-09-30,4,19
2021-09-30,5,31
2021-09-30,6,130
2021-09-30,7,130
2021-09-30,8,57
2021-09-30,9,97
2021-09-30,10,79
2021-09-30,11,60
2021-09-30,12,88
2021-09-30,13,63
2021-09-30,14,106
2021-09-30,15,64
2021-09-30,16,85
2021-09-30,17,129
2021-09-30,18,69
2021-09-30,19,5
2021-09-30,20,7
2021-09-30,21,11
2021-09-30,22,19
2021-09-30,23,13
2021-10-01,0,0
2021-10-01,1,0
2021-10-01,2,0
2021-10-01,3,0
2021-10-01,4,4
2021-10-01,5,8
2021-10-01,6,74
2021-10-01,7,145
2021-10-01,8,125
2021-10-01,9,75
2021-10-01,10,139
2021-10-01,11,132
2021-10-01,12,86
2021-10-01,13,89
2021-10-01,14,88
2021-10-01,15,69
2021-10-01,16,105
2021-10-01,17,105
2021-10-01,18,126
2021-10-01,19,42
2021-10-01,20,8
2021-10-01,21,1
2021-10-01,22,3
2021-10-01,23,1
2021-10-02,0,0
2021-10-02,1,5
2021-10-02,2,0
2021-10-02,3,2
2021-10-02,4,3
2021-10-02,5,1
2021-10-02,6,24
2021-10-02,7,48
2021-10-02,8,71
2021-10-02,9,88
2021-10-02,10,112
2021-10-02,11,124
2021-10-02,12,171
2021-10-02,13,139
2021-10-02,14,158
2021-10-02,15,98
2021-10-02,16,102
2021-10-02,17,106
2021-10-02,18,52
2021-10-02,19,1
2021-10-02,20,3
2021-10-02,21,3
2021-10-02,22,1
2021-10-02,23,3
2021-10-03,0,0
2021-10-03,1,30
2021-10-03,2,0
2021-10-03,3,0
2021-10-03,4,5
2021-10-03,5,4
2021-10-03,6,21
2021-10-03,7,30
2021-10-03,8,37
2021-10-03,9,96
2021-10-03,10,113
2021-10-03,11,126
2021-10-03,12,134
2021-10-03,13,111
2021-10-03,14,110
2021-10-03,15,99
2021-10-03,16,105
2021-10-03,17,140
2021-10-03,18,44
2021-10-03,19,13
2021-10-03,20,1
2021-10-03,21,0
2021-10-03,22,0
2021-10-03,23,0
2021-10-04,0,0
2021-10-04,1,0
2021-10-04,2,0
2021-10-04,3,0
2021-10-04,4,11
2021-10-04,5,10
2021-10-04,6,93
2021-10-04,7,141
2021-10-04,8,131
2021-10-04,9,59
2021-10-04,10,75
2021-10-04,11,79
2021-10-04,12,92
2021-10-04,13,118
2021-10-04,14,72
2021-10-04,15,66
2021-10-04,16,60
2021-10-04,17,107
2021-10-04,18,32
2021-10-04,19,3
2021-10-04,20,1
2021-10-04,21,4
2021-10-04,22,0
2021-10-04,23,2
2021-10-05,0,4
2021-10-05,1,0
2021-10-05,2,0
2021-10-05,3,0
2021-10-05,4,8
2021-10-05,5,30
2021-10-05,6,109
2021-10-05,7,133
2021-10-05,8,112
2021-10-05,9,113
2021-10-05,10,80
2021-10-05,11,92
2021-10-05,12,108
2021-10-05,13,92
2021-10-05,14,76
2021-10-05,15,70
2021-10-05,16,102
2021-10-05,17,109
2021-10-05,18,27
2021-10-05,19,2
2021-10-05,20,2
2021-10-05,21,0
2021-10-05,22,3
2021-10-05,23,0
2021-10-06,0,0
2021-10-06,1,0
2021-10-06,2,0
2021-10-06,3,0
2021-10-06,4,8
2021-10-06,5,30
2021-10-06,6,122
2021-10-06,7,83
2021-10-06,8,110
2021-10-06,9,45
2021-10-06,10,36
2021-10-06,11,92
2021-10-06,12,95
2021-10-06,13,79
2021-10-06,14,78
2021-10-06,15,74
2021-10-06,16,84
2021-10-06,17,111
2021-10-06,18,32
2021-10-06,19,55
2021-10-06,20,5
2021-10-06,21,20
2021-10-06,22,39
2021-10-06,23,1
2021-10-07,0,1
2021-10-07,1,0
2021-10-07,2,0
2021-10-07,3,3
2021-10-07,4,2
2021-10-07,5,1
2021-10-07,6,51
2021-10-07,7,133
2021-10-07,8,130
2021-10-07,9,80
2021-10-07,10,81
2021-10-07,11,118
2021-10-07,12,51
2021-10-07,13,88
2021-10-07,14,80
2021-10-07,15,42
2021-10-07,16,49
2021-10-07,17,96
2021-10-07,18,98
2021-10-07,19,38
2021-10-07,20,29
2021-10-07,21,0
2021-10-07,22,1
2021-10-07,23,0
2021-10-08,0,0
2021-10-08,1,0
2021-10-08,2,0
2021-10-08,3,0
2021-10-08,4,2
2021-10-08,5,3
2021-10-08,6,110
2021-10-08,7,148
2021-10-08,8,144
2021-10-08,9,113
2021-10-08,10,113
2021-10-08,11,100
2021-10-08,12,109
2021-10-08,13,97
2021-10-08,14,75
2021-10-08,15,95
2021-10-08,16,91
2021-10-08,17,124
2021-10-08,18,28
2021-10-08,19,4
2021-10-08,20,1
2021-10-08,21,0
2021-10-08,22,0
2021-10-08,23,0
2021-10-09,0,0
2021-10-09,1,0
2021-10-09,2,0
2021-10-09,3,0
2021-10-09,4,0
2021-10-09,5,0
2021-10-09,6,26
2021-10-09,7,59
2021-10-09,8,72
2021-10-09,9,105
2021-10-09,10,139
2021-10-09,11,72
2021-10-09,12,125
2021-10-09,13,126
2021-10-09,14,158
2021-10-09,15,106
2021-10-09,16,80
2021-10-09,17,106
2021-10-09,18,23
2021-10-09,19,12
2021-10-09,20,0
2021-10-09,21,1
2021-10-09,22,0
2021-10-09,23,0
2021-10-10,0,4
2021-10-10,1,30
2021-10-10,2,0
2021-10-10,3,0
2021-10-10,4,0
2021-10-10,5,4
2021-10-10,6,14
2021-10-10,7,24
2021-10-10,8,48
2021-10-10,9,69
2021-10-10,10,72
2021-10-10,11,115
2021-10-10,12,124
2021-10-10,13,108
2021-10-10,14,116
2021-10-10,15,97
2021-10-10,16,88
2021-10-10,17,102
2021-10-10,18,27
2021-10-10,19,0
2021-10-10,20,0
2021-10-10,21,0
2021-10-10,22,0
2021-10-10,23,0
2021-10-11,0,0
2021-10-11,1,0
2021-10-11,2,0
2021-10-11,3,0
2021-10-11,4,8
2021-10-11,5,25
2021-10-11,6,84
2021-10-11,7,158
2021-10-11,8,129
2021-10-11,9,77
2021-10-11,10,86
2021-10-11,11,81
2021-10-11,12,77
2021-10-11,13,76
2021-10-11,14,85
2021-10-11,15,62
2021-10-11,16,84
2021-10-11,17,85
2021-10-11,18,22
2021-10-11,19,2
2021-10-11,20,3
2021-10-11,21,3
2021-10-11,22,0
2021-10-11,23,0
2021-10-12,0,0
2021-10-12,1,0
2021-10-12,2,0
2021-10-12,3,0
2021-10-12,4,0
2021-10-12,5,17
2021-10-12,6,74
2021-10-12,7,131
2021-10-12,8,131
2021-10-12,9,85
2021-10-12,10,104
2021-10-12,11,139
2021-10-12,12,138
2021-10-12,13,108
2021-10-12,14,97
2021-10-12,15,92
2021-10-12,16,82
2021-10-12,17,82
2021-10-12,18,6
2021-10-12,19,1
2021-10-12,20,3
2021-10-12,21,0
2021-10-12,22,2
2021-10-12,23,0
2021-10-13,0,0
2021-10-13,1,0
2021-10-13,2,0
2021-10-13,3,0
2021-10-13,4,8
2021-10-13,5,16
2021-10-13,15,88
2021-10-13,16,79
2021-10-13,17,93
2021-10-13,18,6
2021-10-13,19,2
2021-10-13,20,0
2021-10-13,21,0
2021-10-13,22,1
2021-10-13,23,0
2021-10-14,0,0
2021-10-14,1,0
2021-10-14,2,0
2021-10-14,3,0
2021-10-14,4,4
2021-10-14,5,16
2021-10-14,6,110
2021-10-14,7,131
2021-10-14,8,107
2021-10-14,9,87
2021-10-14,10,105
2021-10-14,11,95
2021-10-14,12,91
2021-10-14,13,104
2021-10-14,14,83
2021-10-14,15,74
2021-10-14,16,94
2021-10-14,17,95
2021-10-14,18,23
2021-10-14,19,10
2021-10-14,20,0
2021-10-14,21,2
2021-10-14,22,0
2021-10-14,23,2
2021-10-15,0,0
2021-10-15,1,0
2021-10-15,2,0
2021-10-15,3,1
2021-10-15,4,4
2021-10-15,5,21
2021-10-15,6,82
2021-10-15,7,126
2021-10-15,8,131
2021-10-15,9,58
2021-10-15,10,43
2021-10-15,11,99
2021-10-15,12,114
2021-10-15,13,77
2021-10-15,14,81
2021-10-15,15,83
2021-10-15,16,86
2021-10-15,17,93
2021-10-15,18,5
2021-10-15,19,2
2021-10-15,20,1
2021-10-15,21,3
2021-10-15,22,1
2021-10-15,23,4
2021-10-16,0,0
2021-10-16,1,0
2021-10-16,2,0
2021-10-16,3,0
2021-10-16,4,0
2021-10-16,5,4
2021-10-16,6,21
2021-10-16,7,58
2021-10-16,8,64
2021-10-16,9,83
2021-10-16,10,97
2021-10-16,11,113
2021-10-16,12,127
2021-10-16,13,119
2021-10-16,14,92
2021-10-16,15,105
2021-10-16,16,116
2021-10-16,17,164
2021-10-16,18,126
2021-10-16,19,115
2021-10-16,20,80
2021-10-16,21,28
2021-10-16,22,46
2021-10-16,23,39
2021-10-17,0,9
2021-10-17,1,36
2021-10-17,2,7
2021-10-17,3,0
2021-10-17,4,2
2021-10-17,5,6
2021-10-17,6,11
2021-10-17,7,28
2021-10-17,8,57
2021-10-17,9,85
2021-10-17,10,91
2021-10-17,11,93
2021-10-17,12,132
2021-10-17,13,112
2021-10-17,14,112
2021-10-17,15,94
2021-10-17,16,104
2021-10-17,17,124
2021-10-17,18,35
2021-10-17,19,11
2021-10-17,20,0
2021-10-17,21,8
2021-10-17,22,2
2021-10-17,23,4
2021-10-18,0,0
2021-10-18,1,0
2021-10-18,2,0
2021-10-18,3,0
2021-10-18,4,4
2021-10-18,5,21
2021-10-18,6,46
2021-10-18,7,117
2021-10-18,8,140
2021-10-18,9,91
2021-10-18,10,120
2021-10-18,11,100
2021-10-18,12,144
2021-10-18,13,105
2021-10-18,14,65
2021-10-18,15,36
2021-10-18,16,78
2021-10-18,17,77
2021-10-18,18,11
2021-10-18,19,6
2021-10-18,20,0
2021-10-18,21,0
2021-10-18,22,0
2021-10-18,23,3
2021-10-19,0,0
2021-10-19,1,0
2021-10-19,2,0
2021-10-19,3,0
2021-10-19,4,11
2021-10-19,5,23
2021-10-19,6,52
2021-10-19,7,146
2021-10-19,8,122
2021-10-19,9,102
2021-10-19,10,98
2021-10-19,11,106
2021-10-19,12,102
2021-10-19,13,110
2021-10-19,14,91
2021-10-19,15,56
2021-10-19,16,94
2021-10-19,17,81
2021-10-19,18,20
2021-10-19,19,5
2021-10-19,20,5
2021-10-19,21,0
2021-10-19,22,2
2021-10-19,23,2
2021-10-20,0,0
2021-10-20,1,0
2021-10-20,2,0
2021-10-20,3,0
2021-10-20,4,8
2021-10-20,5,30
2021-10-20,6,92
2021-10-20,7,100
2021-10-20,8,155
2021-10-20,9,69
2021-10-20,10,57
2021-10-20,11,103
2021-10-20,12,94
2021-10-20,13,93
2021-10-20,14,91
2021-10-20,15,104
2021-10-20,16,94
2021-10-20,17,64
2021-10-20,18,10
2021-10-20,19,0
2021-10-20,20,13
2021-10-20,21,26
2021-10-20,22,1
2021-10-20,23,3
2021-10-21,0,0
2021-10-21,1,0
2021-10-21,2,1
2021-10-21,3,0
2021-10-21,4,4
2021-10-21,5,21
2021-10-21,6,90
2021-10-21,7,151
2021-10-21,8,149
2021-10-21,9,58
2021-10-21,10,36
2021-10-21,11,81
2021-10-21,12,71
2021-10-21,13,58
2021-10-21,14,82
2021-10-21,15,78
2021-10-21,16,66
2021-10-21,17,76
2021-10-21,18,1
2021-10-21,19,1
2021-10-21,20,1
2021-10-21,21,4
2021-10-21,22,5
2021-10-21,23,1
2021-10-22,0,5
2021-10-22,1,0
2021-10-22,2,0
2021-10-22,3,0
2021-10-22,4,12
2021-10-22,5,26
2021-10-22,6,95
2021-10-22,7,111
2021-10-22,8,116
2021-10-22,9,67
2021-10-22,10,71
2021-10-22,11,106
2021-10-22,12,92
2021-10-22,13,77
2021-10-22,14,74
2021-10-22,15,78
2021-10-22,16,82
2021-10-22,17,89
2021-10-22,18,20
2021-10-22,19,0
2021-10-22,20,3
2021-10-22,21,0
2021-10-22,22,0
2021-10-22,23,0
2021-10-23,0,0
2021-10-23,1,4
2021-10-23,2,0
2021-10-23,3,0
2021-10-23,4,1
2021-10-23,5,0
2021-10-23,6,2
2021-10-23,7,57
2021-10-23,8,60
2021-10-23,9,81
2021-10-23,10,109
2021-10-23,11,86
2021-10-23,12,116
2021-10-23,13,111
2021-10-23,14,69
2021-10-23,15,85
2021-10-23,16,92
2021-10-23,17,65
2021-10-23,18,27
2021-10-23,19,7
2021-10-23,20,18
2021-10-23,21,9
2021-10-23,22,0
2021-10-23,23,7
2021-10-24,0,4
2021-10-24,1,31
2021-10-24,2,6
2021-10-24,3,7
2021-10-24,4,11
2021-10-24,5,12
2021-10-24,6,3
2021-10-24,7,30
2021-10-24,8,64
2021-10-24,9,86
2021-10-24,10,96
2021-10-24,11,138
2021-10-24,12,107
2021-10-24,13,111
2021-10-24,14,127
2021-10-24,15,91
2021-10-24,16,98
2021-10-24,17,69
2021-10-24,18,1
2021-10-24,19,52
2021-10-24,20,0
2021-10-24,21,2
2021-10-24,22,2
2021-10-24,23,4
2021-10-25,0,0
2021-10-25,1,0
2021-10-25,2,0
2021-10-25,3,0
2021-10-25,4,13
2021-10-25,5,30
2021-10-25,6,46
2021-10-25,7,119
2021-10-25,8,125
2021-10-25,9,85
2021-10-25,10,51
2021-10-25,11,82
2021-10-25,12,107
2021-10-25,13,79
2021-10-25,14,75
2021-10-25,15,82
2021-10-25,16,77
2021-10-25,17,63
2021-10-25,18,8
2021-10-25,19,3
2021-10-25,20,1
2021-10-25,21,2
2021-10-25,22,0
2021-10-25,23,1
2021-10-26,0,0
2021-10-26,1,0
2021-10-26,2,0
2021-10-26,3,0
2021-10-26,4,2
2021-10-26,5,1
2021-10-26,6,47
2021-10-26,7,158
2021-10-26,8,124
2021-10-26,9,114
2021-10-26,10,84
2021-10-26,11,91
2021-10-26,12,39
2021-10-26,13,58
2021-10-26,14,81
2021-10-26,15,58
2021-10-26,16,72
2021-10-26,17,38
2021-10-26,18,7
2021-10-26,19,34
2021-10-26,20,28
2021-10-26,21,5
2021-10-26,22,2
2021-10-26,23,3
2021-10-27,0,1
2021-10-27,1,0
2021-10-27,2,0
2021-10-27,3,0
2021-10-27,4,1
2021-10-27,5,11
2021-10-27,6,63
2021-10-27,7,140
2021-10-27,8,123
2021-10-27,9,105
2021-10-27,10,105
2021-10-27,11,93
2021-10-27,12,97
2021-10-27,13,64
2021-10-27,14,85
2021-10-27,15,94
2021-10-27,16,85
2021-10-27,17,55
2021-10-27,18,41
2021-10-27,19,4
2021-10-27,20,24
2021-10-27,21,38
2021-10-27,22,6
2021-10-27,23,10
2021-10-28,0,0
2021-10-28,1,0
2021-10-28,2,0
2021-10-28,3,8
2021-10-28,4,2
2021-10-28,5,8
2021-10-28,6,23
2021-10-28,7,143
2021-10-28,8,135
2021-10-28,9,86
2021-10-28,10,108
2021-10-28,11,101
2021-10-28,12,113
2021-10-28,13,87
2021-10-28,14,78
2021-10-28,15,57
2021-10-28,16,57
2021-10-28,17,50
2021-10-28,18,31
2021-10-28,19,5
2021-10-28,20,3
2021-10-28,21,9
2021-10-28,22,21
2021-10-28,23,12
2021-10-29,0,2
2021-10-29,1,1
2021-10-29,2,0
2021-10-29,3,0
2021-10-29,4,10
2021-10-29,5,6
2021-10-29,6,41
2021-10-29,7,137
2021-10-29,8,135
2021-10-29,9,128
2021-10-29,10,140
2021-10-29,11,113
2021-10-29,12,104
2021-10-29,13,85
2021-10-29,14,55
2021-10-29,15,65
2021-10-29,16,87
2021-10-29,17,72
2021-10-29,18,17
2021-10-29,19,20
2021-10-29,20,17
2021-10-29,21,2
2021-10-29,22,2
2021-10-29,23,0
2021-10-30,0,0
2021-10-30,1,10
2021-10-30,2,5
2021-10-30,3,4
2021-10-30,4,25
2021-10-30,5,10
2021-10-30,6,3
2021-10-30,7,45
2021-10-30,8,68
2021-10-30,9,75
2021-10-30,10,127
2021-10-30,11,93
2021-10-30,12,112
2021-10-30,13,116
2021-10-30,14,79
2021-10-30,15,59
2021-10-30,16,103
2021-10-30,17,56
2021-10-30,18,14
2021-10-30,19,4
2021-10-30,20,6
2021-10-30,21,0
2021-10-30,22,0
2021-10-30,23,0
2021-10-31,0,4
2021-10-31,1,104
2021-10-31,2,0
2021-10-31,3,0
2021-10-31,4,0
2021-10-31,5,0
2021-10-31,6,8
2021-10-31,7,30
2021-10-31,8,64
2021-10-31,9,73
2021-10-31,10,98
2021-10-31,11,123
2021-10-31,12,121
2021-10-31,13,96
2021-10-31,14,120
2021-10-31,15,116
2021-10-31,16,111
2021-10-31,17,26
2021-10-31,18,8
2021-10-31,19,8
2021-10-31,20,0
2021-10-31,21,0
2021-10-31,22,0
2021-10-31,23,1
2021-11-01,0,0
2021-11-01,1,0
2021-11-01,2,0
2021-11-01,3,0
2021-11-01,4,0
2021-11-01,5,13
2021-11-01,6,40
2021-11-01,7,80
2021-11-01,8,95
2021-11-01,9,148
2021-11-01,10,87
2021-11-01,11,135
2021-11-01,12,107
2021-11-01,13,80
2021-11-01,14,91
2021-11-01,15,82
2021-11-01,16,93
2021-11-01,17,21
2021-11-01,18,17
2021-11-01,19,20
2021-11-01,20,7
2021-11-01,21,7
2021-11-01,22,6
2021-11-01,23,3
2021-11-02,0,0
2021-11-02,1,1
2021-11-02,2,0
2021-11-02,3,0
2021-11-02,4,0
2021-11-02,5,13
2021-11-02,6,4
2021-11-02,7,123
2021-11-02,8,110
2021-11-02,9,81
2021-11-02,10,47
2021-11-02,11,94
2021-11-02,12,87
2021-11-02,13,83
2021-11-02,14,95
2021-11-02,15,106
2021-11-02,16,71
2021-11-02,17,22
2021-11-02,18,30
2021-11-02,19,27
2021-11-02,20,2
2021-11-02,21,0
2021-11-02,22,2
2021-11-02,23,0
2021-11-03,0,0
2021-11-03,1,0
2021-11-03,2,0
2021-11-03,3,0
2021-11-03,4,0
2021-11-03,5,22
2021-11-03,6,8
2021-11-03,7,114
2021-11-03,8,86
2021-11-03,9,80
2021-11-03,10,38
2021-11-03,11,80
2021-11-03,12,131
2021-11-03,13,96
2021-11-03,14,73
2021-11-03,15,82
2021-11-03,16,68
2021-11-03,17,28
2021-11-03,18,25
2021-11-03,19,6
2021-11-03,20,0
2021-11-03,21,4
2021-11-03,22,0
2021-11-03,23,0
2021-11-04,0,0
2021-11-04,1,0
2021-11-04,2,1
2021-11-04,3,0
2021-11-04,4,0
2021-11-04,5,4
2021-11-04,6,21
2021-11-04,7,125
2021-11-04,8,104
2021-11-04,9,77
2021-11-04,10,29
2021-11-04,11,60
2021-11-04,12,123
2021-11-04,13,60
2021-11-04,14,99
2021-11-04,15,113
2021-11-04,16,74
2021-11-04,17,23
2021-11-04,18,30
2021-11-04,19,3
2021-11-04,20,7
2021-11-04,21,2
2021-11-04,22,0
2021-11-04,23,0
2021-11-05,0,0
2021-11-05,1,0
2021-11-05,2,0
2021-11-05,3,0
2021-11-05,4,0
2021-11-05,5,4
2021-11-05,6,16
2021-11-05,7,106
2021-11-05,8,138
2021-11-05,9,126
2021-11-05,10,128
2021-11-05,11,87
2021-11-05,12,130
2021-11-05,13,100
2021-11-05,14,101
2021-11-05,15,93
2021-11-05,16,94
2021-11-05,17,13
2021-11-05,18,28
2021-11-05,19,8
2021-11-05,20,0
2021-11-05,21,3
2021-11-05,22,0
2021-11-05,23,0
2021-11-06,0,0
2021-11-06,1,0
2021-11-06,2,4
2021-11-06,3,0
2021-11-06,4,0
2021-11-06,5,8
2021-11-06,6,5
2021-11-06,7,19
2021-11-06,8,62
2021-11-06,9,72
2021-11-06,10,92
2021-11-06,11,128
2021-11-06,12,100
2021-11-06,13,88
2021-11-06,14,104
2021-11-06,15,61
2021-11-06,16,100
2021-11-06,17,30
2021-11-06,18,27
2021-11-06,19,13
2021-11-06,20,7
2021-11-06,21,0
2021-11-06,22,1
2021-11-06,23,0
2021-11-07,0,0
2021-11-07,1,4
2021-11-07,2,30
2021-11-07,3,5
2021-11-07,4,0
2021-11-07,5,0
2021-11-07,6,8
2021-11-07,7,19
2021-11-07,8,51
2021-11-07,9,69
2021-11-07,10,41
2021-11-07,11,75
2021-11-07,12,123
2021-11-07,13,116
2021-11-07,14,94
2021-11-07,15,76
2021-11-07,16,106
2021-11-07,17,25
2021-11-07,18,3
2021-11-07,19,6
2021-11-07,20,5
2021-11-07,21,7
2021-11-07,22,0
2021-11-07,23,4
2021-11-08,0,1
2021-11-08,1,0
2021-11-08,2,0
2021-11-08,3,0
2021-11-08,4,0
2021-11-08,5,8
2021-11-08,6,40
2021-11-08,7,51
2021-11-08,8,108
2021-11-08,9,135
2021-11-08,10,128
2021-11-08,11,108
2021-11-08,12,125
2021-11-08,13,108
2021-11-08,14,109
2021-11-08,15,98
2021-11-08,16,59
2021-11-08,17,22
2021-11-08,18,9
2021-11-08,19,17
2021-11-08,20,5
2021-11-08,21,3
2021-11-08,22,5
2021-11-08,23,9
2021-11-09,0,1
2021-11-09,1,0
2021-11-09,2,0
2021-11-09,3,0
2021-11-09,4,0
2021-11-09,5,12
2021-11-09,6,6
2021-11-09,7,101
2021-11-09,8,111
2021-11-09,9,149
2021-11-09,10,90
2021-11-09,11,109
2021-11-09,12,87
2021-11-09,13,82
2021-11-09,14,89
2021-11-09,15,104
2021-11-09,16,84
2021-11-09,17,9
2021-11-09,18,9
2021-11-09,19,4
2021-11-09,20,3
2021-11-09,21,2
2021-11-09,22,1
2021-11-09,23,2
2021-11-10,0,1
2021-11-10,1,1
2021-11-10,2,0
2021-11-10,3,0
2021-11-10,4,0
2021-11-10,5,0
2021-11-10,6,25
2021-11-10,7,109
2021-11-10,8,121
2021-11-10,9,112
2021-11-10,10,66
2021-11-10,11,110
2021-11-10,12,124
2021-11-10,13,81
2021-11-10,14,87
2021-11-10,15,82
2021-11-10,16,76
2021-11-10,17,9
2021-11-10,18,43
2021-11-10,19,12
2021-11-10,20,6
2021-11-10,21,3
2021-11-10,22,4
2021-11-10,23,1
2021-11-11,0,0
2021-11-11,1,0
2021-11-11,2,0
2021-11-11,3,0
2021-11-11,4,1
2021-11-11,5,8
2021-11-11,6,17
2021-11-11,7,79
2021-11-11,8,117
2021-11-11,9,101
2021-11-11,10,65
2021-11-11,11,74
2021-11-11,12,141
2021-11-11,13,120
2021-11-11,14,110
2021-11-11,15,95
2021-11-11,16,64
2021-11-11,17,8
2021-11-11,18,15
2021-11-11,19,15
2021-11-11,20,8
2021-11-11,21,10
2021-11-11,22,8
2021-11-11,23,3
2021-11-12,0,1
2021-11-12,1,0
2021-11-12,2,0
2021-11-12,3,3
2021-11-12,4,1
2021-11-12,5,1
2021-11-12,6,20
2021-11-12,7,89
2021-11-12,8,91
2021-11-12,9,104
2021-11-12,10,89
2021-11-12,11,68
2021-11-12,12,101
2021-11-12,13,91
2021-11-12,14,89
2021-11-12,15,60
2021-11-12,16,59
2021-11-12,17,29
2021-11-12,18,31
2021-11-12,19,5
2021-11-12,20,2
2021-11-12,21,0
2021-11-12,22,0
2021-11-12,23,0
2021-11-13,0,0
2021-11-13,1,0
2021-11-13,2,0
2021-11-13,3,0
2021-11-13,4,0
2021-11-13,5,8
2021-11-13,6,8
2021-11-13,7,40
2021-11-13,8,66
2021-11-13,9,74
2021-11-13,10,51
2021-11-13,11,76
2021-11-13,12,118
2021-11-13,13,127
2021-11-13,14,144
2021-11-13,15,130
2021-11-13,16,119
2021-11-13,17,2
2021-11-13,18,49
2021-11-13,19,16
2021-11-13,20,1
2021-11-13,21,6
2021-11-13,22,3
2021-11-13,23,0
2021-11-14,0,0
2021-11-14,1,0
2021-11-14,2,0
2021-11-14,3,0
2021-11-14,4,0
2021-11-14,5,0
2021-11-14,6,0
2021-11-14,7,9
2021-11-14,8,42
2021-11-14,9,61
2021-11-14,10,81
2021-11-14,11,81
2021-11-14,12,136
2021-11-14,13,143
2021-11-14,14,131
2021-11-14,15,112
2021-11-14,16,78
2021-11-14,17,19
2021-11-14,18,12
2021-11-14,19,2
2021-11-14,20,8
2021-11-14,21,0
2021-11-14,22,0
2021-11-14,23,0
2021-11-15,0,1
2021-11-15,1,0
2021-11-15,2,0
2021-11-15,3,3
2021-11-15,4,3
2021-11-15,5,0
2021-11-15,6,3
2021-11-15,7,69
2021-11-15,8,132
2021-11-15,9,86
2021-11-15,10,38
2021-11-15,11,69
2021-11-15,12,83
2021-11-15,13,83
2021-11-15,14,92
2021-11-15,15,79
2021-11-15,16,48
2021-11-15,17,8
2021-11-15,18,2
2021-11-15,19,28
2021-11-15,20,1
2021-11-15,21,3
2021-11-15,22,9
2021-11-15,23,4
2021-11-16,0,0
2021-11-16,1,0
2021-11-16,2,1
2021-11-16,3,0
2021-11-16,4,0
2021-11-16,5,8
2021-11-16,6,16
2021-11-16,7,60
2021-11-16,8,118
2021-11-16,9,165
2021-11-16,10,75
2021-11-16,11,89
2021-11-16,12,94
2021-11-16,13,63
2021-11-16,14,74
2021-11-16,15,78
2021-11-16,16,53
2021-11-16,17,3
2021-11-16,18,12
2021-11-16,19,3
2021-11-16,20,0
2021-11-16,21,4
2021-11-16,22,24
2021-11-16,23,0
2021-11-17,0,2
2021-11-17,1,2
2021-11-17,2,0
2021-11-17,3,0
2021-11-17,4,1
2021-11-17,5,1
2021-11-17,6,1
2021-11-17,7,58
2021-11-17,8,128
2021-11-17,9,140
2021-11-17,10,125
2021-11-17,11,111
2021-11-17,12,90
2021-11-17,13,98
2021-11-17,14,80
2021-11-17,15,78
2021-11-17,16,45
2021-11-17,17,2
2021-11-17,18,18
2021-11-17,19,18
2021-11-17,20,0
2021-11-17,21,0
2021-11-17,22,6
2021-11-17,23,0
2021-11-18,0,0
2021-11-18,1,0
2021-11-18,2,0
2021-11-18,3,2
2021-11-18,4,0
2021-11-18,5,0
2021-11-18,6,0
2021-11-18,7,42
2021-11-18,8,117
2021-11-18,9,116
2021-11-18,10,87
2021-11-18,11,95
2021-11-18,12,111
2021-11-18,13,77
2021-11-18,14,89
2021-11-18,15,78
2021-11-18,16,38
2021-11-18,17,1
2021-11-18,18,0
2021-11-18,19,22
2021-11-18,20,1
2021-11-18,21,0
2021-11-18,22,1
2021-11-18,23,0
2021-11-19,0,0
2021-11-19,1,0
2021-11-19,2,0
2021-11-19,3,0
2021-11-19,4,0
2021-11-19,5,0
2021-11-19,6,12
2021-11-19,7,75
2021-11-19,8,121
2021-11-19,9,147
2021-11-19,10,69
2021-11-19,11,106
2021-11-19,12,125
2021-11-19,13,101
2021-11-19,14,93
2021-11-19,15,85
2021-11-19,16,42
2021-11-19,17,44
2021-11-19,18,139
2021-11-19,19,59
2021-11-19,20,1
2021-11-19,21,0
2021-11-19,22,0
2021-11-19,23,6
2021-11-20,0,0
2021-11-20,1,0
2021-11-20,2,0
2021-11-20,3,0
2021-11-20,4,0
2021-11-20,5,0
2021-11-20,6,0
2021-11-20,7,10
2021-11-20,8,36
2021-11-20,9,59
2021-11-20,10,38
2021-11-20,11,59
2021-11-20,12,111
2021-11-20,13,143
2021-11-20,14,156
2021-11-20,15,130
2021-11-20,16,125
2021-11-20,17,20
2021-11-20,18,8
2021-11-20,19,9
2021-11-20,20,2
2021-11-20,21,0
2021-11-20,22,0
2021-11-20,23,0
2021-11-21,0,0
2021-11-21,1,4
2021-11-21,2,17
2021-11-21,3,0
2021-11-21,4,0
2021-11-21,5,0
2021-11-21,6,0
2021-11-21,7,8
2021-11-21,8,33
2021-11-21,9,36
2021-11-21,10,20
2021-11-21,11,80
2021-11-21,12,128
2021-11-21,13,135
2021-11-21,14,136
2021-11-21,15,130
2021-11-21,16,95
2021-11-21,17,3
2021-11-21,18,22
2021-11-21,19,25
2021-11-21,20,0
2021-11-21,21,0
2021-11-21,22,0
2021-11-21,23,1
2021-11-22,0,0
2021-11-22,1,1
2021-11-22,2,0
2021-11-22,3,0
2021-11-22,4,0
2021-11-22,5,0
2021-11-22,6,1
2021-11-22,7,31
2021-11-22,8,162
2021-11-22,9,104
2021-11-22,10,25
2021-11-22,11,84
2021-11-22,12,87
2021-11-22,13,123
2021-11-22,14,229
2021-11-22,15,95
2021-11-22,16,42
2021-11-22,17,0
2021-11-22,18,2
2021-11-22,19,0
2021-11-22,20,1
2021-11-22,21,0
2021-11-22,22,0
2021-11-22,23,0
2021-11-23,0,0
2021-11-23,1,0
2021-11-23,2,0
2021-11-23,3,0
2021-11-23,4,0
2021-11-23,5,0
2021-11-23,6,12
2021-11-23,7,48
2021-11-23,8,127
2021-11-23,9,162
2021-11-23,10,84
2021-11-23,11,112
2021-11-23,12,99
2021-11-23,13,90
2021-11-23,14,115
2021-11-23,15,60
2021-11-23,16,38
2021-11-23,17,2
2021-11-23,18,14
2021-11-23,19,6
2021-11-23,20,0
2021-11-23,21,0
2021-11-23,22,0
2021-11-23,23,0
2021-11-24,0,0
2021-11-24,1,0
2021-11-24,2,0
2021-11-24,3,0
2021-11-24,4,0
2021-11-24,5,0
2021-11-24,6,0
2021-11-24,7,55
2021-11-24,8,159
2021-11-24,9,118
2021-11-24,10,96
2021-11-24,11,100
2021-11-24,12,115
2021-11-24,13,90
2021-11-24,14,90
2021-11-24,15,77
2021-11-24,16,44
2021-11-24,17,3
2021-11-24,18,6
2021-11-24,19,12
2021-11-24,20,0
2021-11-24,21,0
2021-11-24,22,0
2021-11-24,23,0
2021-11-25,0,0
2021-11-25,1,0
2021-11-25,2,0
2021-11-25,3,0
2021-11-25,4,0
2021-11-25,5,0
2021-11-25,6,8
2021-11-25,7,39
2021-11-25,8,133
2021-11-25,9,133
2021-11-25,10,66
2021-11-25,11,80
2021-11-25,12,126
2021-11-25,13,97
2021-11-25,14,98
2021-11-25,15,86
2021-11-25,16,30
2021-11-25,17,5
2021-11-25,18,10
2021-11-25,19,3
2021-11-25,20,3
2021-11-25,21,0
2021-11-25,22,5
2021-11-25,23,38
2021-11-26,0,2
2021-11-26,1,0
2021-11-26,2,4
2021-11-26,3,2
2021-11-26,4,0
2021-11-26,5,0
2021-11-26,6,0
2021-11-26,7,15
2021-11-26,8,141
2021-11-26,9,86
2021-11-26,10,50
2021-11-26,11,109
2021-11-26,12,111
2021-11-26,13,96
2021-11-26,14,83
2021-11-26,15,80
2021-11-26,16,54
2021-11-26,17,5
2021-11-26,18,55
2021-11-26,19,7
2021-11-26,20,0
2021-11-26,21,1
2021-11-26,22,0
2021-11-26,23,0
2021-11-27,0,0
2021-11-27,1,0
2021-11-27,2,0
2021-11-27,3,0
2021-11-27,4,0
2021-11-27,5,0
2021-11-27,6,0
2021-11-27,7,21
2021-11-27,8,73
2021-11-27,9,102
2021-11-27,10,85
2021-11-27,11,134
2021-11-27,12,147
2021-11-27,13,108
2021-11-27,14,123
2021-11-27,15,134
2021-11-27,16,70
2021-11-27,17,18
2021-11-27,18,31
2021-11-27,19,7
2021-11-27,20,4
2021-11-27,21,0
2021-11-27,22,0
2021-11-27,23,0
2021-11-28,0,0
2021-11-28,1,0
2021-11-28,2,0
2021-11-28,3,0
2021-11-28,4,0
2021-11-28,5,0
2021-11-28,6,0
2021-11-28,7,14
2021-11-28,8,47
2021-11-28,9,42
2021-11-28,10,54
2021-11-28,11,99
2021-11-28,12,131
2021-11-28,13,137
2021-11-28,14,130
2021-11-28,15,87
2021-11-28,16,75
2021-11-28,17,5
2021-11-28,18,8
2021-11-28,19,2
2021-11-28,20,1
2021-11-28,21,0
2021-11-28,22,0
2021-11-28,23,0
2021-11-29,0,0
2021-11-29,1,0
2021-11-29,2,0
2021-11-29,3,0
2021-11-29,4,0
2021-11-29,5,0
2021-11-29,6,12
2021-11-29,7,21
2021-11-29,8,127
2021-11-29,9,151
2021-11-29,10,95
2021-11-29,11,123
2021-11-29,12,81
2021-11-29,13,100
2021-11-29,14,100
2021-11-29,15,80
2021-11-29,16,37
2021-11-29,17,11
2021-11-29,18,71
2021-11-29,19,39
2021-11-29,20,4
2021-11-29,21,2
2021-11-29,22,1
2021-11-29,23,0
2021-11-30,0,0
2021-11-30,1,0
2021-11-30,2,0
2021-11-30,3,0
2021-11-30,4,0
2021-11-30,5,0
2021-11-30,6,12
2021-11-30,7,30
2021-11-30,8,114
2021-11-30,9,137
2021-11-30,10,89
2021-11-30,11,122
2021-11-30,12,101
2021-11-30,13,81
2021-11-30,14,86
2021-11-30,15,70
2021-11-30,16,25
2021-11-30,17,54
2021-11-30,18,123
2021-11-30,19,64
2021-11-30,20,64
2021-11-30,21,71
2021-11-30,22,41
2021-11-30,23,32
2021-12-01,0,8
2021-12-01,1,0
2021-12-01,2,0
2021-12-01,3,0
2021-12-01,4,0
2021-12-01,5,0
2021-12-01,6,8
2021-12-01,7,31
2021-12-01,8,141
2021-12-01,9,152
2021-12-01,10,113
2021-12-01,11,88
2021-12-01,12,86
2021-12-01,13,88
2021-12-01,14,85
2021-12-01,15,106
2021-12-01,16,40
2021-12-01,17,6
2021-12-01,18,19
2021-12-01,19,0
2021-12-01,20,0
2021-12-01,21,47
2021-12-01,22,62
2021-12-01,23,8
2021-12-02,0,0
2021-12-02,1,0
2021-12-02,2,0
2021-12-02,3,0
2021-12-02,4,0
2021-12-02,5,0
2021-12-02,6,0
2021-12-02,7,23
2021-12-02,8,146
2021-12-02,9,132
2021-12-02,10,67
2021-12-02,11,113
2021-12-02,12,149
2021-12-02,13,85
2021-12-02,14,105
2021-12-02,15,85
2021-12-02,16,42
2021-12-02,17,6
2021-12-02,18,14
2021-12-02,19,40
2021-12-02,20,4
2021-12-02,21,1
2021-12-02,22,1
2021-12-02,23,0
2021-12-03,0,0
2021-12-03,1,0
2021-12-03,2,0
2021-12-03,3,0
2021-12-03,4,0
2021-12-03,5,0
2021-12-03,6,0
2021-12-03,7,22
2021-12-03,8,92
2021-12-03,9,150
2021-12-03,10,136
2021-12-03,11,120
2021-12-03,12,146
2021-12-03,13,95
2021-12-03,14,78
2021-12-03,15,74
2021-12-03,16,42
2021-12-03,17,29
2021-12-03,18,29
2021-12-03,19,19
2021-12-03,20,6
2021-12-03,21,20
2021-12-03,22,142
2021-12-03,23,192
2021-12-04,0,137
2021-12-04,1,75
2021-12-04,2,11
2021-12-04,3,0
2021-12-04,4,2
2021-12-04,5,4
2021-12-04,6,6
2021-12-04,7,2
2021-12-04,8,69
2021-12-04,9,96
2021-12-04,10,147
2021-12-04,11,122
2021-12-04,12,140
2021-12-04,13,152
2021-12-04,14,130
2021-12-04,15,121
2021-12-04,16,78
2021-12-04,17,49
2021-12-04,18,55
2021-12-04,19,17
2021-12-04,20,1
2021-12-04,21,0
2021-12-04,22,0
2021-12-04,23,1
2021-12-05,0,0
2021-12-05,1,0
2021-12-05,2,17
2021-12-05,3,0
2021-12-05,4,0
2021-12-05,5,0
2021-12-05,6,0
2021-12-05,7,8
2021-12-05,8,37
2021-12-05,9,50
2021-12-05,10,30
2021-12-05,11,98
2021-12-05,12,120
2021-12-05,13,117
2021-12-05,14,134
2021-12-05,15,126
2021-12-05,16,50
2021-12-05,17,6
2021-12-05,18,4
2021-12-05,19,9
2021-12-05,20,1
2021-12-05,21,0
2021-12-05,22,0
2021-12-05,23,0
2021-12-06,0,0
2021-12-06,1,0
2021-12-06,2,0
2021-12-06,3,0
2021-12-06,4,0
2021-12-06,5,5
2021-12-06,6,8
2021-12-06,7,84
2021-12-06,8,133
2021-12-06,9,159
2021-12-06,10,131
2021-12-06,11,117
2021-12-06,12,127
2021-12-06,13,91
2021-12-06,14,84
2021-12-06,15,101
2021-12-06,16,86
2021-12-06,17,44
2021-12-06,18,48
2021-12-06,19,90
2021-12-06,20,16
2021-12-06,21,0
2021-12-06,22,2
2021-12-06,23,18
2021-12-07,0,0
2021-12-07,1,0
2021-12-07,2,0
2021-12-07,3,0
2021-12-07,4,0
2021-12-07,5,0
2021-12-07,6,8
2021-12-07,7,18
2021-12-07,8,108
2021-12-07,9,134
2021-12-07,10,129
2021-12-07,11,85
2021-12-07,12,165
2021-12-07,13,101
2021-12-07,14,79
2021-12-07,15,100
2021-12-07,16,47
2021-12-07,17,6
2021-12-07,18,8
2021-12-07,19,8
2021-12-07,20,4
2021-12-07,21,0
2021-12-07,22,3
2021-12-07,23,9
2021-12-08,0,1
2021-12-08,1,2
2021-12-08,2,1
2021-12-08,3,0
2021-12-08,4,0
2021-12-08,5,0
2021-12-08,6,0
2021-12-08,7,154
2021-12-08,8,173
2021-12-08,9,154
2021-12-08,10,105
2021-12-08,11,98
2021-12-08,12,101
2021-12-08,13,108
2021-12-08,14,89
2021-12-08,15,99
2021-12-08,16,36
2021-12-08,17,2
2021-12-08,18,9
2021-12-08,19,4
2021-12-08,20,7
2021-12-08,21,0
2021-12-08,22,0
2021-12-08,23,3
2021-12-09,0,0
2021-12-09,1,0
2021-12-09,2,0
2021-12-09,3,0
2021-12-09,4,0
2021-12-09,5,0
2021-12-09,6,0
2021-12-09,7,21
2021-12-09,8,117
2021-12-09,9,129
2021-12-09,10,71
2021-12-09,11,94
2021-12-09,12,134
2021-12-09,13,121
2021-12-09,14,103
2021-12-09,15,96
2021-12-09,16,38
2021-12-09,17,24
2021-12-09,18,59
2021-12-09,19,95
2021-12-09,20,10
2021-12-09,21,1
2021-12-09,22,7
2021-12-09,23,2
2021-12-10,0,1
2021-12-10,1,2
2021-12-10,2,0
2021-12-10,3,0
2021-12-10,4,3
2021-12-10,5,2
2021-12-10,6,1
2021-12-10,7,13
2021-12-10,8,96
2021-12-10,9,129
2021-12-10,10,78
2021-12-10,11,116
2021-12-10,12,126
2021-12-10,13,97
2021-12-10,14,100
2021-12-10,15,77
2021-12-10,16,51
2021-12-10,17,13
2021-12-10,18,51
2021-12-10,19,39
2021-12-10,20,7
2021-12-10,21,7
2021-12-10,22,0
2021-12-10,23,3
2021-12-11,0,13
2021-12-11,1,12
2021-12-11,2,4
2021-12-11,3,0
2021-12-11,4,0
2021-12-11,5,0
2021-12-11,6,0
2021-12-11,7,5
2021-12-11,8,45
2021-12-11,9,113
2021-12-11,10,133
2021-12-11,11,139
2021-12-11,12,153
2021-12-11,13,149
2021-12-11,14,148
2021-12-11,15,147
2021-12-11,16,110
2021-12-11,17,63
2021-12-11,18,36
2021-12-11,19,5
2021-12-11,20,4
2021-12-11,21,0
2021-12-11,22,2
2021-12-11,23,0
2021-12-12,0,0
2021-12-12,1,0
2021-12-12,2,13
2021-12-12,3,0
2021-12-12,4,0
2021-12-12,5,0
2021-12-12,6,0
2021-12-12,7,8
2021-12-12,8,29
2021-12-12,9,54
2021-12-12,10,81
2021-12-12,11,115
2021-12-12,12,107
2021-12-12,13,147
2021-12-12,14,142
2021-12-12,15,161
2021-12-12,16,89
2021-12-12,17,56
2021-12-12,18,55
2021-12-12,19,19
2021-12-12,20,0
2021-12-12,21,0
2021-12-12,22,2
2021-12-12,23,1
2021-12-13,0,0
2021-12-13,1,0
2021-12-13,2,0
2021-12-13,3,0
2021-12-13,4,0
2021-12-13,5,4
2021-12-13,6,12
2021-12-13,7,29
2021-12-13,8,74
2021-12-13,9,111
2021-12-13,10,116
2021-12-13,11,138
2021-12-13,12,110
2021-12-13,13,103
2021-12-13,14,78
2021-12-13,15,66
2021-12-13,16,35
2021-12-13,17,1
2021-12-13,18,1
2021-12-13,19,0
2021-12-13,20,0
2021-12-13,21,1
2021-12-13,22,0
2021-12-13,23,0
2021-12-14,0,0
2021-12-14,1,0
2021-12-14,2,0
2021-12-14,3,0
2021-12-14,4,0
2021-12-14,5,0
2021-12-14,6,4
2021-12-14,7,13
2021-12-14,8,70
2021-12-14,9,116
2021-12-14,10,117
2021-12-14,11,118
2021-12-14,12,86
2021-12-14,13,86
2021-12-14,14,115
2021-12-14,15,74
2021-12-14,16,31
2021-12-14,17,1
2021-12-14,18,5
2021-12-14,19,1
2021-12-14,20,0
2021-12-14,21,0
2021-12-14,22,0
2021-12-14,23,0
2021-12-15,0,0
2021-12-15,1,0
2021-12-15,2,0
2021-12-15,3,0
2021-12-15,4,0
2021-12-15,5,0
2021-12-15,6,4
2021-12-15,7,20
2021-12-15,8,98
2021-12-15,9,116
2021-12-15,10,105
2021-12-15,11,96
2021-12-15,12,72
2021-12-15,13,74
2021-12-15,14,85
2021-12-15,15,100
2021-12-15,16,45
2021-12-15,17,17
2021-12-15,18,25
2021-12-15,19,12
2021-12-15,20,3
2021-12-15,21,6
2021-12-15,22,67
2021-12-15,23,3
2021-12-16,0,1
2021-12-16,1,0
2021-12-16,2,0
2021-12-16,3,1
2021-12-16,4,0
2021-12-16,5,0
2021-12-16,6,0
2021-12-16,7,11
2021-12-16,8,94
2021-12-16,9,177
2021-12-16,10,134
2021-12-16,11,99
2021-12-16,12,113
2021-12-16,13,115
2021-12-16,14,103
2021-12-16,15,99
2021-12-16,16,34
2021-12-16,17,7
2021-12-16,18,12
2021-12-16,19,8
2021-12-16,20,0
2021-12-16,21,2
2021-12-16,22,0
2021-12-16,23,0
2021-12-17,0,0
2021-12-17,1,0
2021-12-17,2,0
2021-12-17,3,0
2021-12-17,4,0
2021-12-17,5,0
2021-12-17,6,0
2021-12-17,7,15
2021-12-17,8,50
2021-12-17,9,141
2021-12-17,10,104
2021-12-17,11,125
2021-12-17,12,116
2021-12-17,13,143
2021-12-17,14,109
2021-12-17,15,75
2021-12-17,16,37
2021-12-17,17,3
2021-12-17,18,16
2021-12-17,19,7
2021-12-17,20,1
2021-12-17,21,1
2021-12-17,22,3
2021-12-17,23,3
2021-12-18,0,44
2021-12-18,1,17
2021-12-18,2,8
2021-12-18,3,0
2021-12-18,4,0
2021-12-18,5,4
2021-12-18,6,8
2021-12-18,7,17
2021-12-18,8,59
2021-12-18,9,87
2021-12-18,10,91
2021-12-18,11,107
2021-12-18,12,137
2021-12-18,13,131
2021-12-18,14,112
2021-12-18,15,111
2021-12-18,16,94
2021-12-18,17,66
2021-12-18,18,93
2021-12-18,19,48
2021-12-18,20,18
2021-12-18,21,3
2021-12-18,22,2
2021-12-18,23,2
2021-12-19,0,1
2021-12-19,1,4
2021-12-19,2,39
2021-12-19,3,0
2021-12-19,4,0
2021-12-19,5,0
2021-12-19,6,0
2021-12-19,7,13
2021-12-19,8,43
2021-12-19,9,66
2021-12-19,10,103
2021-12-19,11,114
2021-12-19,12,110
2021-12-19,13,114
2021-12-19,14,142
2021-12-19,15,117
2021-12-19,16,74
2021-12-19,17,18
2021-12-19,18,9
2021-12-19,19,3
2021-12-19,20,3
2021-12-19,21,4
2021-12-19,22,1
2021-12-19,23,2
2021-12-20,0,0
2021-12-20,1,0
2021-12-20,2,0
2021-12-20,3,0
2021-12-20,4,0
2021-12-20,5,0
2021-12-20,6,0
2021-12-20,7,8
2021-12-20,8,68
2021-12-20,9,116
2021-12-20,10,112
2021-12-20,11,117
2021-12-20,12,125
2021-12-20,13,132
2021-12-20,14,89
2021-12-20,15,105
2021-12-20,16,22
2021-12-20,17,1
2021-12-20,18,23
2021-12-20,19,2
2021-12-20,20,0
2021-12-20,21,0
2021-12-20,22,0
2021-12-20,23,0
2021-12-21,0,0
2021-12-21,1,0
2021-12-21,2,0
2021-12-21,3,0
2021-12-21,4,0
2021-12-21,10,128
2021-12-21,11,117
2021-12-21,12,128
2021-12-21,13,119
2021-12-21,14,110
2021-12-21,15,91
2021-12-21,16,14
2021-12-21,17,2
2021-12-21,18,5
2021-12-21,19,1
2021-12-21,20,4
2021-12-21,21,12
2021-12-21,22,4
2021-12-21,23,0
2021-12-22,0,0
2021-12-22,1,0
2021-12-22,2,0
2021-12-22,3,0
2021-12-22,4,0
2021-12-22,5,0
2021-12-22,6,8
2021-12-22,7,43
2021-12-22,8,47
2021-12-22,9,131
2021-12-22,10,120
2021-12-22,11,132
2021-12-22,12,141
2021-12-22,13,128
2021-12-22,14,158
2021-12-22,15,141
2021-12-22,16,136
2021-12-22,17,48
2021-12-22,18,100
2021-12-22,19,137
2021-12-22,20,24
2021-12-22,21,15
2021-12-22,22,30
2021-12-22,23,1
2021-12-23,0,9
2021-12-23,1,0
2021-12-23,2,1
2021-12-23,3,0
2021-12-23,4,1
2021-12-23,5,4
2021-12-23,6,4
2021-12-23,7,24
2021-12-23,8,99
2021-12-23,9,200
2021-12-23,10,138
2021-12-23,11,156
2021-12-23,12,169
2021-12-23,13,126
2021-12-23,14,151
2021-12-23,15,146
2021-12-23,16,87
2021-12-23,17,129
2021-12-23,18,83
2021-12-23,19,52
2021-12-23,20,5
2021-12-23,21,0
2021-12-23,22,0
2021-12-23,23,0
2021-12-24,0,0
2021-12-24,1,2
2021-12-24,2,1
2021-12-24,3,1
2021-12-24,4,2
2021-12-24,5,2
2021-12-24,6,0
2021-12-24,7,2
2021-12-24,8,41
2021-12-24,9,97
2021-12-24,10,88
2021-12-24,11,95
2021-12-24,12,107
2021-12-24,13,98
2021-12-24,14,90
2021-12-24,15,120
2021-12-24,16,61
2021-12-24,17,0
2021-12-24,18,0
2021-12-24,19,5
2021-12-24,20,5
2021-12-24,21,1
2021-12-24,22,5
2021-12-24,23,3
2021-12-25,0,0
2021-12-25,1,0
2021-12-25,2,3
2021-12-25,3,1
2021-12-25,4,3
2021-12-25,5,6
2021-12-25,6,0
2021-12-25,7,4
2021-12-25,8,3
2021-12-25,9,32
2021-12-25,10,18
2021-12-25,11,31
2021-12-25,12,47
2021-12-25,13,29
2021-12-25,14,50
2021-12-25,15,24
2021-12-25,16,7
2021-12-25,17,6
2021-12-25,18,9
2021-12-25,19,2
2021-12-25,20,4
2021-12-25,21,9
2021-12-25,22,2
2021-12-25,23,2
2021-12-26,0,10
2021-12-26,1,4
2021-12-26,2,22
2021-12-26,3,2
2021-12-26,4,5
2021-12-26,5,3
2021-12-26,6,4
2021-12-26,7,6
2021-12-26,8,17
2021-12-26,9,36
2021-12-26,10,40
2021-12-26,11,51
2021-12-26,12,80
2021-12-26,13,69
2021-12-26,14,73
2021-12-26,15,65
2021-12-26,16,31
2021-12-26,17,9
2021-12-26,18,3
2021-12-26,19,14
2021-12-26,20,34
2021-12-26,21,12
2021-12-26,22,9
2021-12-26,23,13
2021-12-27,0,6
2021-12-27,1,9
2021-12-27,2,6
2021-12-27,3,5
2021-12-27,4,11
2021-12-27,5,9
2021-12-27,6,12
2021-12-27,7,7
2021-12-27,8,28
2021-12-27,9,54
2021-12-27,10,61
2021-12-27,11,92
2021-12-27,12,99
2021-12-27,13,113
2021-12-27,14,118
2021-12-27,15,91
2021-12-27,16,43
2021-12-27,17,10
2021-12-27,18,11
2021-12-27,19,2
2021-12-27,20,7
2021-12-27,21,11
2021-12-27,22,4
2021-12-27,23,5
2021-12-28,0,11
2021-12-28,1,6
2021-12-28,2,8
2021-12-28,3,11
2021-12-28,4,11
2021-12-28,5,9
2021-12-28,6,12
2021-12-28,7,6
2021-12-28,8,35
2021-12-28,9,56
2021-12-28,10,74
2021-12-28,11,73
2021-12-28,12,92
2021-12-28,13,168
2021-12-28,14,129
2021-12-28,15,113
2021-12-28,16,52
2021-12-28,17,7
2021-12-28,18,13
2021-12-28,19,10
2021-12-28,20,14
2021-12-28,21,16
2021-12-28,22,10
2021-12-28,23,7
2021-12-29,0,6
2021-12-29,1,9
2021-12-29,2,6
2021-12-29,3,9
2021-12-29,4,6
2021-12-29,5,8
2021-12-29,6,7
2021-12-29,7,15
2021-12-29,8,55
2021-12-29,9,127
2021-12-29,10,96
2021-12-29,11,152
2021-12-29,12,138
2021-12-29,13,114
2021-12-29,14,126
2021-12-29,15,105
2021-12-29,16,89
2021-12-29,17,32
2021-12-29,18,12
2021-12-29,19,16
2021-12-29,20,11
2021-12-29,21,9
2021-12-29,22,6
2021-12-29,23,17
2021-12-30,0,14
2021-12-30,1,13
2021-12-30,2,4
2021-12-30,3,13
2021-12-30,4,9
2021-12-30,5,9
2021-12-30,6,8
2021-12-30,7,12
2021-12-30,8,60
2021-12-30,9,93
2021-12-30,10,70
2021-12-30,11,90
2021-12-30,12,96
2021-12-30,13,107
2021-12-30,14,106
2021-12-30,15,123
2021-12-30,16,79
2021-12-30,17,36
2021-12-30,18,11
2021-12-30,19,12
2021-12-30,20,11
2021-12-30,21,24
2021-12-30,22,13
2021-12-30,23,17
2021-12-31,0,9
2021-12-31,1,11
2021-12-31,2,22
2021-12-31,3,13
2021-12-31,4,10
2021-12-31,5,27
2021-12-31,6,44
2021-12-31,7,32
2021-12-31,8,88
2021-12-31,9,98
2021-12-31,10,69
2021-12-31,11,69
2021-12-31,12,88
2021-12-31,13,104
2021-12-31,14,127
2021-12-31,15,79
2021-12-31,16,41
2021-12-31,17,14
2021-12-31,18,11
2021-12-31,19,31
2021-12-31,20,23
2021-12-31,21,34
2021-12-31,22,32
2021-12-31,23,28
2022-01-01,0,33
2022-01-01,1,31
2022-01-01,2,29
2022-01-01,3,25
2022-01-01,4,7
2022-01-01,5,12
2022-01-01,6,18
2022-01-01,7,17
2022-01-01,8,23
2022-01-01,9,35
2022-01-01,10,34
2022-01-01,11,58
2022-01-01,12,39
2022-01-01,13,50
2022-01-01,14,57
2022-01-01,15,48
2022-01-01,16,46
2022-01-01,17,46
2022-01-01,18,35
2022-01-01,19,19
2022-01-01,20,29
2022-01-01,21,42
2022-01-01,22,28
2022-01-01,23,34
2022-01-02,0,22
2022-01-02,1,21
2022-01-02,2,18
2022-01-02,3,21
2022-01-02,4,28
2022-01-02,5,29
2022-01-02,6,27
2022-01-02,7,28
2022-01-02,8,21
2022-01-02,9,36
2022-01-02,10,38
2022-01-02,11,58
2022-01-02,12,89
2022-01-02,13,80
2022-01-02,14,87
2022-01-02,15,91
2022-01-02,16,55
2022-01-02,17,17
2022-01-02,18,16
2022-01-02,19,56
2022-01-02,20,51
2022-01-02,21,18
2022-01-02,22,28
2022-01-02,23,33
2022-01-03,0,18
2022-01-03,1,18
2022-01-03,2,26
2022-01-03,3,37
2022-01-03,4,26
2022-01-03,5,19
2022-01-03,6,26
2022-01-03,7,12
2022-01-03,8,67
2022-01-03,9,74
2022-01-03,10,122
2022-01-03,11,110
2022-01-03,12,106
2022-01-03,13,121
2022-01-03,14,140
2022-01-03,15,113
2022-01-03,16,64
2022-01-03,17,20
2022-01-03,18,23
2022-01-03,19,19
2022-01-03,20,18
2022-01-03,21,14
2022-01-03,22,19
2022-01-03,23,16
2022-01-04,0,16
2022-01-04,1,25
2022-01-04,2,25
2022-01-04,3,19
2022-01-04,4,28
2022-01-04,5,17
2022-01-04,6,27
2022-01-04,7,32
2022-01-04,8,41
2022-01-04,9,67
2022-01-04,10,39
2022-01-04,11,92
2022-01-04,12,119
2022-01-04,13,123
2022-01-04,14,104
2022-01-04,15,99
2022-01-04,16,82
2022-01-04,17,20
2022-01-04,18,25
2022-01-04,19,32
2022-01-04,20,25
2022-01-04,21,23
2022-01-04,22,31
2022-01-04,23,28
2022-01-05,0,22
2022-01-05,1,20
2022-01-05,2,14
2022-01-05,3,24
2022-01-05,4,17
2022-01-05,5,19
2022-01-05,6,34
2022-01-05,7,25
2022-01-05,8,109
2022-01-05,9,114
2022-01-05,10,31
2022-01-05,11,104
2022-01-05,12,92
2022-01-05,13,83
2022-01-05,14,103
2022-01-05,15,75
2022-01-05,16,76
2022-01-05,17,27
2022-01-05,18,28
2022-01-05,19,13
2022-01-05,20,15
2022-01-05,21,21
2022-01-05,22,33
2022-01-05,23,29
2022-01-06,0,22
2022-01-06,1,27
2022-01-06,2,31
2022-01-06,3,21
2022-01-06,4,42
2022-01-06,5,35
2022-01-06,6,31
2022-01-06,7,25
2022-01-06,8,73
2022-01-06,9,164
2022-01-06,10,117
2022-01-06,11,95
2022-01-06,12,90
2022-01-06,13,74
2022-01-06,14,95
2022-01-06,15,84
2022-01-06,16,99
2022-01-06,17,40
2022-01-06,18,38
2022-01-06,19,78
2022-01-06,20,52
2022-01-06,21,28
2022-01-06,22,26
2022-01-06,23,21
2022-01-07,0,29
2022-01-07,1,14
2022-01-07,2,20
2022-01-07,3,18
2022-01-07,4,24
2022-01-07,5,35
2022-01-07,6,55
2022-01-07,7,55
2022-01-07,8,95
2022-01-07,9,167
2022-01-07,10,75
2022-01-07,11,77
2022-01-07,12,98
2022-01-07,13,76
2022-01-07,14,85
2022-01-07,15,72
2022-01-07,16,76
2022-01-07,17,34
2022-01-07,18,48
2022-01-07,19,26
2022-01-07,20,45
2022-01-07,21,35
2022-01-07,22,31
2022-01-07,23,34
2022-01-08,0,41
2022-01-08,1,25
2022-01-08,2,27
2022-01-08,3,20
2022-01-08,4,26
2022-01-08,5,31
2022-01-08,6,34
2022-01-08,7,50
2022-01-08,8,77
2022-01-08,9,91
2022-01-08,10,100
2022-01-08,11,78
2022-01-08,12,120
2022-01-08,13,124
2022-01-08,14,126
2022-01-08,15,104
2022-01-08,16,105
2022-01-08,17,31
2022-01-08,18,42
2022-01-08,19,30
2022-01-08,20,35
2022-01-08,21,35
2022-01-08,22,68
2022-01-08,23,33
2022-01-09,0,18
2022-01-09,1,12
2022-01-09,2,20
2022-01-09,3,19
2022-01-09,4,19
2022-01-09,5,20
2022-01-09,6,22
2022-01-09,7,27
2022-01-09,8,41
2022-01-09,9,53
2022-01-09,10,95
2022-01-09,11,87
2022-01-09,12,98
2022-01-09,13,94
2022-01-09,14,93
2022-01-09,15,93
2022-01-09,16,94
2022-01-09,17,92
2022-01-09,18,37
2022-01-09,19,40
2022-01-09,20,36
2022-01-09,21,29
2022-01-09,22,29
2022-01-09,23,27
2022-01-10,0,25
2022-01-10,1,24
2022-01-10,2,19
2022-01-10,3,29
2022-01-10,4,13
2022-01-10,5,35
2022-01-10,6,31
2022-01-10,7,39
2022-01-10,8,76
2022-01-10,9,134
2022-01-10,10,116
2022-01-10,11,74
2022-01-10,12,82
2022-01-10,13,90
2022-01-10,14,75
2022-01-10,15,36
2022-01-10,16,86
2022-01-10,17,35
2022-01-10,18,117
2022-01-10,19,34
2022-01-10,20,52
2022-01-10,21,56
2022-01-10,22,53
2022-01-10,23,42
2022-01-11,0,24
2022-01-11,9,96
2022-01-11,10,79
2022-01-11,11,85
2022-01-11,12,80
2022-01-11,13,83
2022-01-11,14,75
2022-01-11,15,78
2022-01-11,16,75
2022-01-11,17,19
2022-01-11,18,37
2022-01-11,19,19
2022-01-11,20,31
2022-01-11,21,30
2022-01-11,22,31
2022-01-11,23,25
2022-01-12,0,17
2022-01-12,1,18
2022-01-12,2,22
2022-01-12,3,32
2022-01-12,4,32
2022-01-12,5,28
2022-01-12,6,25
2022-01-12,7,35
2022-01-12,8,85
2022-01-12,9,129
2022-01-12,10,89
2022-01-12,11,86
2022-01-12,12,92
2022-01-12,13,82
2022-01-12,14,84
2022-01-12,15,77
2022-01-12,16,67
2022-01-12,17,19
2022-01-12,18,28
2022-01-12,19,21
2022-01-12,20,31
2022-01-12,21,23
2022-01-12,22,67
2022-01-12,23,25
2022-01-13,0,13
2022-01-13,1,11
2022-01-13,2,19
2022-01-13,3,29
2022-01-13,4,31
2022-01-13,5,32
2022-01-13,6,29
2022-01-13,7,33
2022-01-13,8,80
2022-01-13,9,109
2022-01-13,10,99
2022-01-13,11,83
2022-01-13,12,99
2022-01-13,13,98
2022-01-13,14,76
2022-01-13,15,90
2022-01-13,16,63
2022-01-13,17,24
2022-01-13,18,30
2022-01-13,19,27
2022-01-13,20,17
2022-01-13,21,30
2022-01-13,22,34
2022-01-13,23,31
2022-01-14,0,33
2022-01-14,1,27
2022-01-14,2,14
2022-01-14,3,16
2022-01-14,4,17
2022-01-14,5,15
2022-01-14,6,17
2022-01-14,7,19
2022-01-14,8,108
2022-01-14,9,116
2022-01-14,10,82
2022-01-14,11,86
2022-01-14,12,108
2022-01-14,13,85
2022-01-14,14,85
2022-01-14,15,82
2022-01-14,16,70
2022-01-14,17,38
2022-01-14,18,31
2022-01-14,19,43
2022-01-14,20,24
2022-01-14,21,36
2022-01-14,22,39
2022-01-14,23,37
2022-01-15,0,47
2022-01-15,1,43
2022-01-15,2,22
2022-01-15,3,18
2022-01-15,4,26
2022-01-15,5,20
2022-01-15,6,23
2022-01-15,7,24
2022-01-15,8,37
2022-01-15,9,78
2022-01-15,10,95
2022-01-15,11,112
2022-01-15,12,112
2022-01-15,13,124
2022-01-15,14,119
2022-01-15,15,136
2022-01-15,16,111
2022-01-15,17,78
2022-01-15,18,72
2022-01-15,19,26
2022-01-15,20,27
2022-01-15,21,25
2022-01-15,22,18
2022-01-15,23,21
2022-01-16,0,25
2022-01-16,1,14
2022-01-16,2,29
2022-01-16,3,24
2022-01-16,4,34
2022-01-16,5,27
2022-01-16,6,21
2022-01-16,7,17
2022-01-16,8,43
2022-01-16,9,47
2022-01-16,10,26
2022-01-16,11,51
2022-01-16,12,94
2022-01-16,13,102
2022-01-16,14,122
2022-01-16,15,127
2022-01-16,16,100
2022-01-16,17,28
2022-01-16,18,50
2022-01-16,19,27
2022-01-16,20,40
2022-01-16,21,27
2022-01-16,22,45
2022-01-16,23,34
2022-01-17,0,36
2022-01-17,1,25
2022-01-17,2,24
2022-01-17,3,24
2022-01-17,4,17
2022-01-17,5,15
2022-01-17,6,16
2022-01-17,7,23
2022-01-17,8,82
2022-01-17,9,130
2022-01-17,10,94
2022-01-17,11,87
2022-01-17,12,97
2022-01-17,13,86
2022-01-17,14,82
2022-01-17,15,73
2022-01-17,16,85
2022-01-17,17,16
2022-01-17,18,48
2022-01-17,19,49
2022-01-17,20,24
2022-01-17,21,25
2022-01-17,22,18
2022-01-17,23,23
2022-01-18,0,13
2022-01-18,1,18
2022-01-18,2,12
2022-01-18,3,11
2022-01-18,4,13
2022-01-18,5,16
2022-01-18,6,22
2022-01-18,7,22
2022-01-18,8,91
2022-01-18,9,127
2022-01-18,10,75
2022-01-18,11,85
2022-01-18,12,96
2022-01-18,13,94
2022-01-18,14,85
2022-01-18,15,74
2022-01-18,16,99
2022-01-18,17,92
2022-01-18,18,41
2022-01-18,19,78
2022-01-18,20,27
2022-01-18,21,20
2022-01-18,22,11
2022-01-18,23,15
2022-01-19,0,18
2022-01-19,1,35
2022-01-19,2,25
2022-01-19,3,29
2022-01-19,4,16
2022-01-19,5,19
2022-01-19,6,21
2022-01-19,7,36
2022-01-19,8,129
2022-01-19,9,127
2022-01-19,10,45
2022-01-19,11,55
2022-01-19,12,86
2022-01-19,13,87
2022-01-19,14,73
2022-01-19,15,77
2022-01-19,16,80
2022-01-19,17,35
2022-01-19,18,30
2022-01-19,19,32
2022-01-19,20,28
2022-01-19,21,23
2022-01-19,22,24
2022-01-19,23,14
2022-01-20,0,14
2022-01-20,1,16
2022-01-20,2,16
2022-01-20,3,16
2022-01-20,4,23
2022-01-20,5,12
2022-01-20,6,14
2022-01-20,7,19
2022-01-20,8,135
2022-01-20,9,92
2022-01-20,10,40
2022-01-20,11,65
2022-01-20,12,92
2022-01-20,13,65
2022-01-20,14,80
2022-01-20,15,86
2022-01-20,16,60
2022-01-20,17,40
2022-01-20,18,25
2022-01-20,19,25
2022-01-20,20,25
2022-01-20,21,21
2022-01-20,22,19
2022-01-20,23,23
2022-01-21,0,24
2022-01-21,1,16
2022-01-21,2,13
2022-01-21,3,16
2022-01-21,4,19
2022-01-21,5,17
2022-01-21,6,23
2022-01-21,7,32
2022-01-21,8,132
2022-01-21,9,124
2022-01-21,10,78
2022-01-21,11,79
2022-01-21,12,116
2022-01-21,13,111
2022-01-21,14,84
2022-01-21,15,70
2022-01-21,16,83
2022-01-21,17,35
2022-01-21,18,32
2022-01-21,19,38
2022-01-21,20,15
2022-01-21,21,21
2022-01-21,22,34
2022-01-21,23,32
2022-01-22,0,20
2022-01-22,1,21
2022-01-22,2,14
2022-01-22,3,18
2022-01-22,4,24
2022-01-22,5,16
2022-01-22,6,22
2022-01-22,7,20
2022-01-22,8,60
2022-01-22,9,91
2022-01-22,10,95
2022-01-22,11,95
2022-01-22,12,103
2022-01-22,13,137
2022-01-22,14,133
2022-01-22,15,114
2022-01-22,16,93
2022-01-22,17,44
2022-01-22,18,53
2022-01-22,19,19
2022-01-22,20,14
2022-01-22,21,19
2022-01-22,22,21
2022-01-22,23,22
2022-01-23,0,17
2022-01-23,1,10
2022-01-23,2,25
2022-01-23,3,15
2022-01-23,4,22
2022-01-23,5,25
2022-01-23,6,12
2022-01-23,7,16
2022-01-23,8,26
2022-01-23,9,39
2022-01-23,10,83
2022-01-23,11,72
2022-01-23,12,116
2022-01-23,13,124
2022-01-23,14,148
2022-01-23,15,111
2022-01-23,16,83
2022-01-23,17,30
2022-01-23,18,37
2022-01-23,19,23
2022-01-23,20,29
2022-01-23,21,18
2022-01-23,22,18
2022-01-23,23,11
2022-01-24,0,14
2022-01-24,1,22
2022-01-24,2,14
2022-01-24,3,16
2022-01-24,4,21
2022-01-24,5,24
2022-01-24,6,28
2022-01-24,7,26
2022-01-24,8,138
2022-01-24,9,133
2022-01-24,10,80
2022-01-24,11,74
2022-01-24,12,104
2022-01-24,13,88
2022-01-24,14,84
2022-01-24,15,86
2022-01-24,16,91
2022-01-24,17,26
2022-01-24,18,22
2022-01-24,19,14
2022-01-24,20,20
2022-01-24,21,12
2022-01-24,22,23
2022-01-24,23,15
2022-01-25,0,19
2022-01-25,1,16
2022-01-25,2,10
2022-01-25,3,26
2022-01-25,4,31
2022-01-25,5,22
2022-01-25,6,23
2022-01-25,7,28
2022-01-25,8,116
2022-01-25,9,145
2022-01-25,10,112
2022-01-25,11,103
2022-01-25,12,107
2022-01-25,13,93
2022-01-25,14,86
2022-01-25,15,91
2022-01-25,16,90
2022-01-25,17,34
2022-01-25,18,25
2022-01-25,19,26
2022-01-25,20,24
2022-01-25,21,22
2022-01-25,22,21
2022-01-25,23,23
2022-01-26,0,23
2022-01-26,1,23
2022-01-26,2,18
2022-01-26,3,8
2022-01-26,4,11
2022-01-26,5,15
2022-01-26,6,21
2022-01-26,7,50
2022-01-26,8,126
2022-01-26,9,143
2022-01-26,10,96
2022-01-26,11,68
2022-01-26,12,73
2022-01-26,13,107
2022-01-26,14,71
2022-01-26,15,64
2022-01-26,16,65
2022-01-26,17,53
2022-01-26,18,101
2022-01-26,19,92
2022-01-26,20,92
2022-01-26,21,50
2022-01-26,22,21
2022-01-26,23,25
2022-01-27,0,19
2022-01-27,1,15
2022-01-27,2,21
2022-01-27,3,19
2022-01-27,4,20
2022-01-27,5,17
2022-01-27,6,23
2022-01-27,7,44
2022-01-27,8,145
2022-01-27,9,128
2022-01-27,10,67
2022-01-27,11,66
2022-01-27,12,107
2022-01-27,13,83
2022-01-27,14,107
2022-01-27,15,71
2022-01-27,16,75
2022-01-27,17,61
2022-01-27,18,86
2022-01-27,19,23
2022-01-27,20,16
2022-01-27,21,20
2022-01-27,22,33
2022-01-27,23,23
2022-01-28,0,24
2022-01-28,1,17
2022-01-28,2,12
2022-01-28,3,13
2022-01-28,4,20
2022-01-28,5,10
2022-01-28,6,20
2022-01-28,7,24
2022-01-28,8,92
2022-01-28,9,133
2022-01-28,10,94
2022-01-28,11,80
2022-01-28,12,84
2022-01-28,13,117
2022-01-28,14,82
2022-01-28,15,107
2022-01-28,16,90
2022-01-28,17,44
2022-01-28,18,24
2022-01-28,19,46
2022-01-28,20,21
2022-01-28,21,23
2022-01-28,22,31
2022-01-28,23,21
2022-01-29,0,23
2022-01-29,1,28
2022-01-29,2,11
2022-01-29,3,13
2022-01-29,4,25
2022-01-29,5,23
2022-01-29,6,31
2022-01-29,7,69
2022-01-29,8,58
2022-01-29,9,81
2022-01-29,10,87
2022-01-29,11,97
2022-01-29,12,107
2022-01-29,13,147
2022-01-29,14,144
2022-01-29,15,117
2022-01-29,16,86
2022-01-29,17,81
2022-01-29,18,51
2022-01-29,19,42
2022-01-29,20,30
2022-01-29,21,16
2022-01-29,22,23
2022-01-29,23,20
2022-01-30,0,18
2022-01-30,1,14
2022-01-30,2,33
2022-01-30,3,21
2022-01-30,4,31
2022-01-30,5,17
2022-01-30,6,16
2022-01-30,7,21
2022-01-30,8,39
2022-01-30,9,58
2022-01-30,10,72
2022-01-30,11,76
2022-01-30,12,102
2022-01-30,13,109
2022-01-30,14,121
2022-01-30,15,146
2022-01-30,16,134
2022-01-30,17,138
2022-01-30,18,84
2022-01-30,19,51
2022-01-30,20,65
2022-01-30,21,34
2022-01-30,22,29
2022-01-30,23,39
2022-01-31,0,36
2022-01-31,1,13
2022-01-31,2,23
2022-01-31,3,31
2022-01-31,4,16
2022-01-31,5,27
2022-01-31,6,30
2022-01-31,7,23
2022-01-31,8,127
2022-01-31,9,133
2022-01-31,10,68
2022-01-31,11,54
2022-01-31,12,87
2022-01-31,13,104
2022-01-31,14,82
2022-01-31,15,99
2022-01-31,16,85
2022-01-31,17,29
2022-01-31,18,22
2022-01-31,19,41
2022-01-31,20,38
2022-01-31,21,48
2022-01-31,22,60
2022-01-31,23,35
2022-02-01,0,21
2022-02-01,1,21
2022-02-01,2,17
2022-02-01,3,21
2022-02-01,4,21
2022-02-01,5,14
2022-02-01,6,22
2022-02-01,7,23
2022-02-01,8,144
2022-02-01,9,149
2022-02-01,10,78
2022-02-01,11,113
2022-02-01,12,121
2022-02-01,13,111
2022-02-01,14,94
2022-02-01,15,99
2022-02-01,16,57
2022-02-01,17,37
2022-02-01,18,9
2022-02-01,19,19
2022-02-01,20,23
2022-02-01,21,23
2022-02-01,22,23
2022-02-01,23,16
2022-02-02,0,17
2022-02-02,1,16
2022-02-02,2,17
2022-02-02,3,16
2022-02-02,4,16
2022-02-02,5,21
2022-02-02,6,28
2022-02-02,7,82
2022-02-02,8,165
2022-02-02,9,121
2022-02-02,10,110
2022-02-02,11,87
2022-02-02,12,101
2022-02-02,13,94
2022-02-02,14,95
2022-02-02,15,107
2022-02-02,16,63
2022-02-02,17,26
2022-02-02,18,47
2022-02-02,19,46
2022-02-02,20,22
2022-02-02,21,34
2022-02-02,22,54
2022-02-02,23,24
2022-02-03,0,19
2022-02-03,1,19
2022-02-03,2,21
2022-02-03,3,29
2022-02-03,4,22
2022-02-03,5,25
2022-02-03,6,25
2022-02-03,7,57
2022-02-03,8,123
2022-02-03,9,119
2022-02-03,10,80
2022-02-03,11,78
2022-02-03,12,81
2022-02-03,13,84
2022-02-03,14,89
2022-02-03,15,102
2022-02-03,16,98
2022-02-03,17,77
2022-02-03,18,166
2022-02-03,19,75
2022-02-03,20,31
2022-02-03,21,37
2022-02-03,22,31
2022-02-03,23,23
2022-02-04,0,17
2022-02-04,1,16
2022-02-04,2,18
2022-02-04,3,22
2022-02-04,4,28
2022-02-04,5,28
2022-02-04,6,27
2022-02-04,7,33
2022-02-04,8,132
2022-02-04,9,156
2022-02-04,10,101
2022-02-04,11,121
2022-02-04,12,125
2022-02-04,13,107
2022-02-04,14,94
2022-02-04,15,107
2022-02-04,16,90
2022-02-04,17,99
2022-02-04,18,54
2022-02-04,19,64
2022-02-04,20,29
2022-02-04,21,72
2022-02-04,22,51
2022-02-04,23,28
2022-02-05,0,19
2022-02-05,1,23
2022-02-05,2,20
2022-02-05,3,24
2022-02-05,4,20
2022-02-05,5,25
2022-02-05,6,38
2022-02-05,7,50
2022-02-05,8,88
2022-02-05,9,98
2022-02-05,10,117
2022-02-05,11,128
2022-02-05,12,133
2022-02-05,13,163
2022-02-05,14,155
2022-02-05,15,130
2022-02-05,16,119
2022-02-05,17,106
2022-02-05,18,128
2022-02-05,19,102
2022-02-05,20,94
2022-02-05,21,49
2022-02-05,22,36
2022-02-05,23,14
2022-02-06,0,16
2022-02-06,1,11
2022-02-06,2,30
2022-02-06,3,33
2022-02-06,4,33
2022-02-06,5,20
2022-02-06,6,32
2022-02-06,7,36
2022-02-06,8,43
2022-02-06,9,71
2022-02-06,10,93
2022-02-06,11,98
2022-02-06,12,116
2022-02-06,13,115
2022-02-06,14,92
2022-02-06,15,96
2022-02-06,16,113
2022-02-06,17,119
2022-02-06,18,35
2022-02-06,19,50
2022-02-06,20,19
2022-02-06,21,26
2022-02-06,22,14
2022-02-06,23,14
2022-02-07,0,25
2022-02-07,1,14
2022-02-07,2,26
2022-02-07,3,16
2022-02-07,4,21
2022-02-07,5,16
2022-02-07,6,21
2022-02-07,7,48
2022-02-07,8,134
2022-02-07,9,139
2022-02-07,10,82
2022-02-07,11,75
2022-02-07,12,60
2022-02-07,13,80
2022-02-07,14,77
2022-02-07,15,105
2022-02-07,16,80
2022-02-07,17,67
2022-02-07,18,34
2022-02-07,19,87
2022-02-07,20,80
2022-02-07,21,183
2022-02-07,22,163
2022-02-07,23,91
2022-02-08,0,34
2022-02-08,1,27
2022-02-08,2,22
2022-02-08,3,28
2022-02-08,4,18
2022-02-08,5,31
2022-02-08,6,26
2022-02-08,7,61
2022-02-08,8,142
2022-02-08,9,142
2022-02-08,10,71
2022-02-08,11,98
2022-02-08,12,68
2022-02-08,13,106
2022-02-08,14,95
2022-02-08,15,89
2022-02-08,16,75
2022-02-08,17,67
2022-02-08,18,74
2022-02-08,19,41
2022-02-08,20,28
2022-02-08,21,42
2022-02-08,22,33
2022-02-08,23,30
2022-02-09,0,25
2022-02-09,1,22
2022-02-09,2,32
2022-02-09,3,12
2022-02-09,4,27
2022-02-09,5,17
2022-02-09,6,15
2022-02-09,7,49
2022-02-09,8,148
2022-02-09,9,127
2022-02-09,10,90
2022-02-09,11,24
2022-02-09,12,0
2022-02-09,13,32
2022-02-09,14,69
2022-02-09,15,64
2022-02-09,16,73
2022-02-09,17,85
2022-02-09,18,44
2022-02-09,19,76
2022-02-09,20,86
2022-02-09,21,61
2022-02-09,22,45
2022-02-09,23,45
2022-02-10,0,46
2022-02-10,1,14
2022-02-10,2,17
2022-02-10,3,0
2022-02-10,4,0
2022-02-10,5,15
2022-02-10,6,42
2022-02-10,7,139
2022-02-10,8,140
2022-02-10,9,130
2022-02-10,10,105
2022-02-10,11,80
2022-02-10,12,74
2022-02-10,13,63
2022-02-10,14,67
2022-02-10,15,75
2022-02-10,16,80
2022-02-10,17,79
2022-02-10,18,10
2022-02-10,19,0
2022-02-10,20,5
2022-02-10,21,143
2022-02-10,22,103
2022-02-10,23,36
2022-02-11,0,0
2022-02-11,1,0
2022-02-11,2,2
2022-02-11,3,0
2022-02-11,4,0
2022-02-11,5,0
2022-02-11,6,0
2022-02-11,7,66
2022-02-11,8,110
2022-02-11,9,101
2022-02-11,10,89
2022-02-11,11,97
2022-02-11,12,111
2022-02-11,13,112
2022-02-11,14,72
2022-02-11,15,71
2022-02-11,16,74
2022-02-11,17,71
2022-02-11,18,9
2022-02-11,19,70
2022-02-11,20,49
2022-02-11,21,117
2022-02-11,22,144
2022-02-11,23,123
2022-02-12,0,86
2022-02-12,1,6
2022-02-12,2,0
2022-02-12,3,2
2022-02-12,4,7
2022-02-12,5,5
2022-02-12,6,6
2022-02-12,7,6
2022-02-12,8,58
2022-02-12,9,74
2022-02-12,10,66
2022-02-12,11,99
2022-02-12,12,116
2022-02-12,13,99
2022-02-12,14,88
2022-02-12,15,90
2022-02-12,16,78
2022-02-12,17,86
2022-02-12,18,8
2022-02-12,19,0
2022-02-12,20,8
2022-02-12,21,0
2022-02-12,22,0
2022-02-12,23,0
2022-02-13,0,0
2022-02-13,1,0
2022-02-13,2,0
2022-02-13,3,0
2022-02-13,4,2
2022-02-13,5,0
2022-02-13,6,0
2022-02-13,7,4
2022-02-13,8,19
2022-02-13,9,69
2022-02-13,10,114
2022-02-13,11,92
2022-02-13,12,123
2022-02-13,13,137
2022-02-13,14,148
2022-02-13,15,140
2022-02-13,16,122
2022-02-13,17,117
2022-02-13,18,88
2022-02-13,19,83
2022-02-13,20,67
2022-02-13,21,57
2022-02-13,22,47
2022-02-13,23,27
2022-02-14,0,14
2022-02-14,1,4
2022-02-14,2,8
2022-02-14,3,0
2022-02-14,4,6
2022-02-14,5,11
2022-02-14,6,36
2022-02-14,7,78
2022-02-14,8,110
2022-02-14,9,88
2022-02-14,10,75
2022-02-14,11,91
2022-02-14,12,98
2022-02-14,13,91
2022-02-14,14,88
2022-02-14,15,67
2022-02-14,16,95
2022-02-14,17,42
2022-02-14,18,8
2022-02-14,19,0
2022-02-14,20,1
2022-02-14,21,16
2022-02-14,22,8
2022-02-14,23,1
2022-02-15,0,3
2022-02-15,1,8
2022-02-15,2,0
2022-02-15,3,19
2022-02-15,4,28
2022-02-15,5,40
2022-02-15,6,16
2022-02-15,7,113
2022-02-15,8,131
2022-02-15,9,94
2022-02-15,10,97
2022-02-15,11,106
2022-02-15,12,99
2022-02-15,13,112
2022-02-15,14,68
2022-02-15,15,82
2022-02-15,16,67
2022-02-15,17,73
2022-02-15,18,33
2022-02-15,19,13
2022-02-15,20,15
2022-02-15,21,24
2022-02-15,22,10
2022-02-15,23,13
2022-02-16,0,7
2022-02-16,1,0
2022-02-16,2,4
2022-02-16,3,0
2022-02-16,4,0
2022-02-16,5,0
2022-02-16,6,0
2022-02-16,7,73
2022-02-16,8,165
2022-02-16,9,125
2022-02-16,10,92
2022-02-16,11,128
2022-02-16,12,97
2022-02-16,13,124
2022-02-16,14,94
2022-02-16,15,81
2022-02-16,16,59
2022-02-16,17,70
2022-02-16,18,72
2022-02-16,19,29
2022-02-16,20,26
2022-02-16,21,4
2022-02-16,22,0
2022-02-16,23,7
2022-02-17,0,4
2022-02-17,1,8
2022-02-17,2,0
2022-02-17,3,0
2022-02-17,4,0
2022-02-17,5,6
2022-02-17,6,2
2022-02-17,7,74
2022-02-17,8,166
2022-02-17,9,136
2022-02-17,10,72
2022-02-17,11,100
2022-02-17,12,68
2022-02-17,13,99
2022-02-17,14,68
2022-02-17,15,79
2022-02-17,16,73
2022-02-17,17,50
2022-02-17,18,12
2022-02-17,19,22
2022-02-17,20,1
2022-02-17,21,2
2022-02-17,22,1
2022-02-17,23,0
2022-02-18,0,4
2022-02-18,1,0
2022-02-18,2,0
2022-02-18,3,0
2022-02-18,4,1
2022-02-18,5,17
2022-02-18,6,50
2022-02-18,7,129
2022-02-18,8,123
2022-02-18,9,118
2022-02-18,10,65
2022-02-18,11,76
2022-02-18,12,65
2022-02-18,13,86
2022-02-18,14,82
2022-02-18,15,96
2022-02-18,16,94
2022-02-18,17,82
2022-02-18,18,28
2022-02-18,19,21
2022-02-18,20,41
2022-02-18,21,2
2022-02-18,22,4
2022-02-18,23,2
2022-02-19,0,1
2022-02-19,1,2
2022-02-19,2,0
2022-02-19,3,13
2022-02-19,4,1
2022-02-19,5,3
2022-02-19,6,7
2022-02-19,7,24
2022-02-19,8,53
2022-02-19,9,59
2022-02-19,10,63
2022-02-19,11,124
2022-02-19,12,115
2022-02-19,13,123
2022-02-19,14,116
2022-02-19,15,123
2022-02-19,16,115
2022-02-19,17,84
2022-02-19,18,24
2022-02-19,19,11
2022-02-19,20,2
2022-02-19,21,0
2022-02-19,22,52
2022-02-19,23,36
2022-02-20,0,16
2022-02-20,1,12
2022-02-20,2,32
2022-02-20,3,2
2022-02-20,4,13
2022-02-20,5,3
2022-02-20,6,2
2022-02-20,7,24
2022-02-20,8,23
2022-02-20,9,33
2022-02-20,10,54
2022-02-20,11,115
2022-02-20,12,93
2022-02-20,13,135
2022-02-20,14,134
2022-02-20,15,92
2022-02-20,16,98
2022-02-20,17,83
2022-02-20,18,52
2022-02-20,19,4
2022-02-20,20,3
2022-02-20,21,25
2022-02-20,22,27
2022-02-20,23,6
2022-02-21,0,6
2022-02-21,1,2
2022-02-21,2,0
2022-02-21,3,2
2022-02-21,4,3
2022-02-21,5,3
2022-02-21,6,2
2022-02-21,7,78
2022-02-21,8,116
2022-02-21,9,97
2022-02-21,10,37
2022-02-21,11,64
2022-02-21,12,72
2022-02-21,13,81
2022-02-21,14,58
2022-02-21,15,66
2022-02-21,16,66
2022-02-21,17,52
2022-02-21,18,31
2022-02-21,19,3
2022-02-21,20,0
2022-02-21,21,0
2022-02-21,22,0
2022-02-21,23,0
2022-02-22,0,0
2022-02-22,1,0
2022-02-22,2,1
2022-02-22,3,0
2022-02-22,4,2
2022-02-22,5,28
2022-02-22,6,83
2022-02-22,7,149
2022-02-22,8,157
2022-02-22,9,118
2022-02-22,10,85
2022-02-22,11,85
2022-02-22,12,103
2022-02-22,13,98
2022-02-22,14,85
2022-02-22,15,75
2022-02-22,16,57
2022-02-22,17,63
2022-02-22,18,67
2022-02-22,19,17
2022-02-22,20,45
2022-02-22,21,1
2022-02-22,22,3
2022-02-22,23,0
2022-02-23,0,0
2022-02-23,1,1
2022-02-23,2,0
2022-02-23,3,0
2022-02-23,4,0
2022-02-23,5,0
2022-02-23,6,0
2022-02-23,7,78
2022-02-23,8,165
2022-02-23,9,119
2022-02-23,10,98
2022-02-23,11,86
2022-02-23,12,70
2022-02-23,13,116
2022-02-23,14,65
2022-02-23,15,88
2022-02-23,16,70
2022-02-23,17,78
2022-02-23,18,51
2022-02-23,19,19
2022-02-23,20,23
2022-02-23,21,4
2022-02-23,22,5
2022-02-23,23,0
2022-02-24,0,5
2022-02-24,1,8
2022-02-24,2,4
2022-02-24,3,0
2022-02-24,4,17
2022-02-24,5,14
2022-02-24,6,39
2022-02-24,7,65
2022-02-24,8,106
2022-02-24,9,106
2022-02-24,10,84
2022-02-24,11,88
2022-02-24,12,69
2022-02-24,13,98
2022-02-24,14,79
2022-02-24,15,96
2022-02-24,16,72
2022-02-24,17,93
2022-02-24,18,76
2022-02-24,19,18
2022-02-24,20,34
2022-02-24,21,1
2022-02-24,22,4
2022-02-24,23,0
2022-02-25,0,0
2022-02-25,1,0
2022-02-25,2,0
2022-02-25,3,0
2022-02-25,4,0
2022-02-25,5,0
2022-02-25,6,16
2022-02-25,7,107
2022-02-25,8,136
2022-02-25,9,89
2022-02-25,10,78
2022-02-25,11,92
2022-02-25,12,107
2022-02-25,13,78
2022-02-25,14,64
2022-02-25,15,79
2022-02-25,16,56
2022-02-25,17,86
2022-02-25,18,53
2022-02-25,19,13
2022-02-25,20,15
2022-02-25,21,2
2022-02-25,22,0
2022-02-25,23,0
2022-02-26,0,12
2022-02-26,1,8
2022-02-26,2,0
2022-02-26,3,0
2022-02-26,4,0
2022-02-26,5,4
2022-02-26,6,4
2022-02-26,7,27
2022-02-26,8,61
2022-02-26,9,61
2022-02-26,10,73
2022-02-26,11,128
2022-02-26,12,124
2022-02-26,13,137
2022-02-26,14,132
2022-02-26,15,72
2022-02-26,16,88
2022-02-26,17,124
2022-02-26,18,33
2022-02-26,19,4
2022-02-26,20,2
2022-02-26,21,0
2022-02-26,22,0
2022-02-26,23,0
2022-02-27,0,0
2022-02-27,1,0
2022-02-27,2,17
2022-02-27,3,4
2022-02-27,4,12
2022-02-27,5,0
2022-02-27,6,0
2022-02-27,7,27
2022-02-27,8,28
2022-02-27,9,22
2022-02-27,10,31
2022-02-27,11,80
2022-02-27,12,101
2022-02-27,13,121
2022-02-27,14,93
2022-02-27,15,92
2022-02-27,16,82
2022-02-27,17,91
2022-02-27,18,50
2022-02-27,19,4
2022-02-27,20,0
2022-02-27,21,0
2022-02-27,22,0
2022-02-27,23,0
2022-02-28,0,0
2022-02-28,1,1
2022-02-28,2,2
2022-02-28,3,4
2022-02-28,4,6
2022-02-28,5,28
2022-02-28,6,13
2022-02-28,7,93
2022-02-28,8,128
2022-02-28,9,133
2022-02-28,10,74
2022-02-28,11,83
2022-02-28,12,97
2022-02-28,13,90
2022-02-28,14,76
2022-02-28,15,75
2022-02-28,16,49
2022-02-28,17,47
2022-02-28,18,73
2022-02-28,19,2
2022-02-28,20,2
2022-02-28,21,0
2022-02-28,22,0
2022-02-28,23,0
2022-03-01,0,0
2022-03-01,1,0
2022-03-01,2,0
2022-03-01,3,0
2022-03-01,4,0
2022-03-01,5,0
2022-03-01,6,1
2022-03-01,7,94
2022-03-01,8,119
2022-03-01,9,108
2022-03-01,10,63
2022-03-01,11,69
2022-03-01,12,70
2022-03-01,13,77
2022-03-01,14,34
2022-03-01,15,33
2022-03-01,16,35
2022-03-01,17,74
2022-03-01,18,64
2022-03-01,19,0
2022-03-01,20,0
2022-03-01,21,0
2022-03-01,22,0
2022-03-01,23,0
2022-03-02,0,0
2022-03-02,1,0
2022-03-02,2,4
2022-03-02,3,0
2022-03-02,4,0
2022-03-02,5,0
2022-03-02,6,7
2022-03-02,7,94
2022-03-02,8,107
2022-03-02,9,139
2022-03-02,10,98
2022-03-02,11,91
2022-03-02,12,72
2022-03-02,13,79
2022-03-02,14,71
2022-03-02,15,73
2022-03-02,16,48
2022-03-02,17,65
2022-03-02,18,90
2022-03-02,19,68
2022-03-02,20,6
2022-03-02,21,0
2022-03-02,22,0
2022-03-02,23,2
2022-03-03,0,0
2022-03-03,1,0
2022-03-03,2,0
2022-03-03,3,0
2022-03-03,4,0
2022-03-03,5,2
2022-03-03,6,19
2022-03-03,7,111
2022-03-03,8,139
2022-03-03,9,141
2022-03-03,10,96
2022-03-03,11,82
2022-03-03,12,94
2022-03-03,13,95
2022-03-03,14,111
2022-03-03,15,81
2022-03-03,16,59
2022-03-03,17,79
2022-03-03,18,36
2022-03-03,19,0
2022-03-03,20,1
2022-03-03,21,1
2022-03-03,22,1
2022-03-03,23,0
2022-03-04,0,0
2022-03-04,1,0
2022-03-04,2,0
2022-03-04,3,0
2022-03-04,4,0
2022-03-04,5,0
2022-03-04,6,9
2022-03-04,7,88
2022-03-04,8,122
2022-03-04,9,78
2022-03-04,10,42
2022-03-04,11,73
2022-03-04,12,117
2022-03-04,13,103
2022-03-04,14,101
2022-03-04,15,88
2022-03-04,16,93
2022-03-04,17,125
2022-03-04,18,127
2022-03-04,19,30
2022-03-04,20,0
2022-03-04,21,0
2022-03-04,22,0
2022-03-04,23,0
2022-03-05,0,0
2022-03-05,1,8
2022-03-05,2,0
2022-03-05,3,0
2022-03-05,4,0
2022-03-05,5,0
2022-03-05,6,20
2022-03-05,7,22
2022-03-05,8,47
2022-03-05,9,31
2022-03-05,10,45
2022-03-05,11,109
2022-03-05,12,116
2022-03-05,13,116
2022-03-05,14,124
2022-03-05,15,65
2022-03-05,16,122
2022-03-05,17,93
2022-03-05,18,113
2022-03-05,19,37
2022-03-05,20,3
2022-03-05,21,0
2022-03-05,22,0
2022-03-05,23,0
2022-03-06,0,0
2022-03-06,1,0
2022-03-06,2,13
2022-03-06,3,0
2022-03-06,4,5
2022-03-06,5,0
2022-03-06,6,1
2022-03-06,7,10
2022-03-06,8,19
2022-03-06,9,19
2022-03-06,10,24
2022-03-06,11,60
2022-03-06,12,103
2022-03-06,13,112
2022-03-06,14,99
2022-03-06,15,95
2022-03-06,16,105
2022-03-06,17,98
2022-03-06,18,62
2022-03-06,19,0
2022-03-06,20,0
2022-03-06,21,0
2022-03-06,22,0
2022-03-06,23,0
2022-03-07,0,0
2022-03-07,1,0
2022-03-07,2,0
2022-03-07,3,0
2022-03-07,4,0
2022-03-07,5,0
2022-03-07,6,15
2022-03-07,7,68
2022-03-07,8,96
2022-03-07,9,100
2022-03-07,10,59
2022-03-07,11,62
2022-03-07,12,85
2022-03-07,13,93
2022-03-07,14,78
2022-03-07,15,75
2022-03-07,16,67
2022-03-07,17,88
2022-03-07,18,82
2022-03-07,19,6
2022-03-07,20,1
2022-03-07,21,0
2022-03-07,22,1
2022-03-07,23,0
2022-03-08,0,3
2022-03-08,1,0
2022-03-08,2,0
2022-03-08,3,0
2022-03-08,4,0
2022-03-08,5,8
2022-03-08,6,22
2022-03-08,7,117
2022-03-08,8,78
2022-03-08,9,117
2022-03-08,10,60
2022-03-08,11,62
2022-03-08,12,87
2022-03-08,13,95
2022-03-08,14,75
2022-03-08,15,66
2022-03-08,16,56
2022-03-08,17,56
2022-03-08,18,85
2022-03-08,19,15
2022-03-08,20,34
2022-03-08,21,3
2022-03-08,22,0
2022-03-08,23,0
2022-03-09,0,0
2022-03-09,1,0
2022-03-09,2,0
2022-03-09,3,0
2022-03-09,4,0
2022-03-09,5,0
2022-03-09,6,18
2022-03-09,7,116
2022-03-09,8,124
2022-03-09,9,145
2022-03-09,10,87
2022-03-09,11,85
2022-03-09,12,95
2022-03-09,13,63
2022-03-09,14,76
2022-03-09,15,54
2022-03-09,16,80
2022-03-09,17,69
2022-03-09,18,153
2022-03-09,19,108
2022-03-09,20,48
2022-03-09,21,7
2022-03-09,22,19
2022-03-09,23,31
2022-03-10,0,17
2022-03-10,1,14
2022-03-10,2,0
2022-03-10,3,0
2022-03-10,4,0
2022-03-10,5,0
2022-03-10,6,28
2022-03-10,7,84
2022-03-10,8,148
2022-03-10,9,125
2022-03-10,10,79
2022-03-10,11,101
2022-03-10,12,95
2022-03-10,13,95
2022-03-10,14,75
2022-03-10,15,98
2022-03-10,16,76
2022-03-10,17,81
2022-03-10,18,69
2022-03-10,19,27
2022-03-10,20,8
2022-03-10,21,16
2022-03-10,22,0
2022-03-10,23,0
2022-03-11,0,5
2022-03-11,1,0
2022-03-11,2,0
2022-03-11,3,0
2022-03-11,4,0
2022-03-11,5,4
2022-03-11,6,22
2022-03-11,7,107
2022-03-11,8,128
2022-03-11,9,115
2022-03-11,10,115
2022-03-11,11,119
2022-03-11,12,107
2022-03-11,13,90
2022-03-11,14,89
2022-03-11,15,73
2022-03-11,16,60
2022-03-11,17,110
2022-03-11,18,83
2022-03-11,19,20
2022-03-11,20,16
2022-03-11,21,38
2022-03-11,22,48
2022-03-11,23,37
2022-03-12,0,1
2022-03-12,1,8
2022-03-12,2,0
2022-03-12,3,8
2022-03-12,4,12
2022-03-12,5,4
2022-03-12,6,8
2022-03-12,7,23
2022-03-12,8,75
2022-03-12,9,87
2022-03-12,10,79
2022-03-12,11,119
2022-03-12,12,124
2022-03-12,13,150
2022-03-12,14,148
2022-03-12,15,116
2022-03-12,16,97
2022-03-12,17,77
2022-03-12,18,90
2022-03-12,19,4
2022-03-12,20,3
2022-03-12,21,0
2022-03-12,22,0
2022-03-12,23,51
2022-03-13,0,17
2022-03-13,1,0
2022-03-13,2,17
2022-03-13,3,1
2022-03-13,4,1
2022-03-13,5,1
2022-03-13,6,4
2022-03-13,7,9
2022-03-13,8,35
2022-03-13,9,53
2022-03-13,10,74
2022-03-13,11,105
2022-03-13,12,132
2022-03-13,13,134
2022-03-13,14,108
2022-03-13,15,104
2022-03-13,16,101
2022-03-13,17,91
2022-03-13,18,121
2022-03-13,19,15
2022-03-13,20,0
2022-03-13,21,0
2022-03-13,22,0
2022-03-13,23,0
2022-03-14,0,0
2022-03-14,1,0
2022-03-14,2,0
2022-03-14,3,0
2022-03-14,4,0
2022-03-14,5,8
2022-03-14,6,17
2022-03-14,7,97
2022-03-14,8,124
2022-03-14,9,110
2022-03-14,10,99
2022-03-14,11,93
2022-03-14,12,73
2022-03-14,13,92
2022-03-14,14,95
2022-03-14,15,96
2022-03-14,16,73
2022-03-14,17,82
2022-03-14,18,82
2022-03-14,19,7
2022-03-14,20,3
2022-03-14,21,0
2022-03-14,22,0
2022-03-14,23,0
2022-03-15,0,0
2022-03-15,1,0
2022-03-15,2,0
2022-03-15,3,0
2022-03-15,4,0
2022-03-15,5,8
2022-03-15,6,29
2022-03-15,7,91
2022-03-15,8,119
2022-03-15,9,134
2022-03-15,10,125
2022-03-15,11,84
2022-03-15,12,83
2022-03-15,13,82
2022-03-15,14,82
2022-03-15,15,72
2022-03-15,16,54
2022-03-15,17,60
2022-03-15,18,84
2022-03-15,19,11
2022-03-15,20,0
2022-03-15,21,83
2022-03-15,22,76
2022-03-15,23,9
2022-03-16,0,4
2022-03-16,1,0
2022-03-16,2,4
2022-03-16,3,17
2022-03-16,4,1
2022-03-16,5,4
2022-03-16,6,35
2022-03-16,7,78
2022-03-16,8,108
2022-03-16,9,131
2022-03-16,10,87
2022-03-16,11,69
2022-03-16,12,77
2022-03-16,13,80
2022-03-16,14,80
2022-03-16,15,64
2022-03-16,16,59
2022-03-16,17,89
2022-03-16,18,78
2022-03-16,19,49
2022-03-16,20,191
2022-03-16,21,57
2022-03-16,22,36
2022-03-16,23,5
2022-03-17,0,12
2022-03-17,1,8
2022-03-17,2,0
2022-03-17,3,0
2022-03-17,4,4
2022-03-17,5,4
2022-03-17,6,33
2022-03-17,7,81
2022-03-17,8,89
2022-03-17,9,115
2022-03-17,10,88
2022-03-17,11,95
2022-03-17,12,88
2022-03-17,13,74
2022-03-17,14,75
2022-03-17,15,65
2022-03-17,16,68
2022-03-17,17,81
2022-03-17,18,64
2022-03-17,19,2
2022-03-17,20,35
2022-03-17,21,75
2022-03-17,22,72
2022-03-17,23,0
2022-03-18,0,3
2022-03-18,1,0
2022-03-18,2,0
2022-03-18,3,0
2022-03-18,4,0
2022-03-18,5,0
2022-03-18,6,27
2022-03-18,7,94
2022-03-18,8,93
2022-03-18,9,61
2022-03-18,10,53
2022-03-18,11,74
2022-03-18,12,103
2022-03-18,13,83
2022-03-18,14,69
2022-03-18,15,72
2022-03-18,16,64
2022-03-18,17,90
2022-03-18,18,107
2022-03-18,19,15
2022-03-18,20,5
2022-03-18,21,0
2022-03-18,22,1
2022-03-18,23,0
2022-03-19,0,4
2022-03-19,1,12
2022-03-19,2,0
2022-03-19,3,8
2022-03-19,4,8
2022-03-19,5,8
2022-03-19,6,16
2022-03-19,7,26
2022-03-19,8,53
2022-03-19,9,62
2022-03-19,10,76
2022-03-19,11,105
2022-03-19,12,109
2022-03-19,13,118
2022-03-19,14,114
2022-03-19,15,96
2022-03-19,16,92
2022-03-19,17,95
2022-03-19,18,108
2022-03-19,19,24
2022-03-19,20,0
2022-03-19,21,0
2022-03-19,22,0
2022-03-19,23,0
2022-03-20,0,0
2022-03-20,1,0
2022-03-20,2,0
2022-03-20,3,0
2022-03-20,4,0
2022-03-20,5,0
2022-03-20,6,10
2022-03-20,7,14
2022-03-20,8,22
2022-03-20,9,25
2022-03-20,10,45
2022-03-20,11,79
2022-03-20,12,96
2022-03-20,13,113
2022-03-20,14,86
2022-03-20,15,102
2022-03-20,16,63
2022-03-20,17,63
2022-03-20,18,113
2022-03-20,19,24
2022-03-20,20,0
2022-03-20,21,0
2022-03-20,22,0
2022-03-20,23,0
2022-03-21,0,0
2022-03-21,1,0
2022-03-21,2,0
2022-03-21,3,0
2022-03-21,4,0
2022-03-21,5,0
2022-03-21,6,35
2022-03-21,7,66
2022-03-21,8,73
2022-03-21,9,81
2022-03-21,10,58
2022-03-21,11,75
2022-03-21,12,74
2022-03-21,13,86
2022-03-21,14,63
2022-03-21,15,75
2022-03-21,16,58
2022-03-21,17,79
2022-03-21,18,78
2022-03-21,19,23
2022-03-21,20,0
2022-03-21,21,1
2022-03-21,22,0
2022-03-21,23,0
2022-03-22,0,0
2022-03-22,1,0
2022-03-22,2,0
2022-03-22,3,8
2022-03-22,4,4
2022-03-22,5,8
2022-03-22,6,34
2022-03-22,7,94
2022-03-22,8,117
2022-03-22,9,92
2022-03-22,10,69
2022-03-22,11,93
2022-03-22,12,98
2022-03-22,13,41
2022-03-22,14,0
2022-03-22,15,18
2022-03-22,16,57
2022-03-22,17,67
2022-03-22,18,72
2022-03-22,19,25
2022-03-22,20,0
2022-03-22,21,3
2022-03-22,22,0
2022-03-22,23,0
2022-03-23,0,0
2022-03-23,1,0
2022-03-23,2,0
2022-03-23,3,0
2022-03-23,4,0
2022-03-23,5,0
2022-03-23,6,38
2022-03-23,7,77
2022-03-23,8,92
2022-03-23,9,106
2022-03-23,10,58
2022-03-23,11,82
2022-03-23,12,73
2022-03-23,13,87
2022-03-23,14,60
2022-03-23,15,74
2022-03-23,16,42
2022-03-23,17,58
2022-03-23,18,102
2022-03-23,19,21
2022-03-23,20,3
2022-03-23,21,0
2022-03-23,22,0
2022-03-23,23,0
2022-03-24,0,1
2022-03-24,1,8
2022-03-24,2,0
2022-03-24,3,0
2022-03-24,4,4
2022-03-24,5,4
2022-03-24,6,34
2022-03-24,7,87
2022-03-24,8,118
2022-03-24,9,103
2022-03-24,10,64
2022-03-24,11,95
2022-03-24,12,92
2022-03-24,13,106
2022-03-24,14,76
2022-03-24,15,81
2022-03-24,16,75
2022-03-24,17,55
2022-03-24,18,87
2022-03-24,19,23
2022-03-24,20,0
2022-03-24,21,2
2022-03-24,22,1
2022-03-24,23,0
2022-03-25,0,0
2022-03-25,1,0
2022-03-25,2,0
2022-03-25,3,0
2022-03-25,4,0
2022-03-25,5,4
2022-03-25,6,31
2022-03-25,7,94
2022-03-25,8,126
2022-03-25,9,78
2022-03-25,10,77
2022-03-25,11,104
2022-03-25,12,99
2022-03-25,13,82
2022-03-25,14,87
2022-03-25,15,87
2022-03-25,16,69
2022-03-25,17,90
2022-03-25,18,101
2022-03-25,19,41
2022-03-25,20,0
2022-03-25,21,1
2022-03-25,22,0
2022-03-25,23,0
2022-03-26,0,4
2022-03-26,1,12
2022-03-26,2,4
2022-03-26,3,12
2022-03-26,4,12
2022-03-26,5,8
2022-03-26,6,15
2022-03-26,7,40
2022-03-26,8,47
2022-03-26,9,54
2022-03-26,10,57
2022-03-26,11,112
2022-03-26,12,99
2022-03-26,13,88
2022-03-26,14,108
2022-03-26,15,100
2022-03-26,16,72
2022-03-26,17,103
2022-03-26,18,123
2022-03-26,19,52
2022-03-26,20,6
2022-03-26,21,0
2022-03-26,22,0
2022-03-26,23,0
2022-03-27,0,4
2022-03-27,1,8
2022-03-27,2,4
2022-03-27,3,4
2022-03-27,4,0
2022-03-27,5,0
2022-03-27,6,12
2022-03-27,7,11
2022-03-27,8,31
2022-03-27,9,35
2022-03-27,10,66
2022-03-27,11,100
2022-03-27,12,110
2022-03-27,13,100
2022-03-27,14,83
2022-03-27,15,96
2022-03-27,16,84
2022-03-27,17,105
2022-03-27,18,71
2022-03-27,19,30
2022-03-27,20,0
2022-03-27,21,0
2022-03-27,22,0
2022-03-27,23,0
2022-03-28,0,0
2022-03-28,1,0
2022-03-28,2,0
2022-03-28,3,0
2022-03-28,4,0
2022-03-28,5,12
2022-03-28,6,72
2022-03-28,7,93
2022-03-28,8,98
2022-03-28,9,65
2022-03-28,10,64
2022-03-28,11,87
2022-03-28,12,73
2022-03-28,13,69
2022-03-28,14,76
2022-03-28,15,91
2022-03-28,16,78
2022-03-28,17,92
2022-03-28,18,61
2022-03-28,19,116
2022-03-28,20,156
2022-03-28,21,185
2022-03-28,22,50
2022-03-28,23,1
2022-03-29,0,0
2022-03-29,1,0
2022-03-29,2,0
2022-03-29,3,4
2022-03-29,4,8
2022-03-29,5,21
2022-03-29,6,92
2022-03-29,7,112
2022-03-29,8,133
2022-03-29,9,101
2022-03-29,10,83
2022-03-29,11,100
2022-03-29,12,73
2022-03-29,13,66
2022-03-29,14,73
2022-03-29,15,71
2022-03-29,16,66
2022-03-29,17,81
2022-03-29,18,96
2022-03-29,19,176
2022-03-29,20,17
2022-03-29,21,87
2022-03-29,22,50
2022-03-29,23,27
2022-03-30,0,0
2022-03-30,1,0
2022-03-30,2,0
2022-03-30,3,0
2022-03-30,4,0
2022-03-30,5,13
2022-03-30,6,96
2022-03-30,7,126
2022-03-30,8,98
2022-03-30,9,110
2022-03-30,10,78
2022-03-30,11,78
2022-03-30,12,88
2022-03-30,13,57
2022-03-30,14,69
2022-03-30,15,67
2022-03-30,16,70
2022-03-30,17,72
2022-03-30,18,70
2022-03-30,19,91
2022-03-30,20,49
2022-03-30,21,37
2022-03-30,22,3
2022-03-30,23,0
2022-03-31,0,0
2022-03-31,1,0
2022-03-31,2,0
2022-03-31,3,0
2022-03-31,4,0
2022-03-31,5,19
2022-03-31,6,115
2022-03-31,7,92
2022-03-31,8,104
2022-03-31,9,74
2022-03-31,10,66
2022-03-31,11,65
2022-03-31,12,107
2022-03-31,13,99
2022-03-31,14,95
2022-03-31,15,93
2022-03-31,16,65
2022-03-31,17,98
2022-03-31,18,99
2022-03-31,19,71
2022-03-31,20,20
2022-03-31,21,5
2022-03-31,22,13
2022-03-31,23,2
2022-04-01,0,0
2022-04-01,1,0
2022-04-01,2,0
2022-04-01,3,0
2022-04-01,4,2
2022-04-01,5,44
2022-04-01,6,78
2022-04-01,7,106
2022-04-01,8,86
2022-04-01,9,61
2022-04-01,10,69
2022-04-01,11,101
2022-04-01,12,110
2022-04-01,13,97
2022-04-01,14,98
2022-04-01,15,79
2022-04-01,16,111
2022-04-01,17,103
2022-04-01,18,72
2022-04-01,19,34
2022-04-01,20,0
2022-04-01,21,1
2022-04-01,22,0
2022-04-01,23,0
2022-04-02,0,11
2022-04-02,1,0
2022-04-02,2,8
2022-04-02,3,8
2022-04-02,4,12
2022-04-02,5,8
2022-04-02,6,28
2022-04-02,7,51
2022-04-02,8,59
2022-04-02,9,78
2022-04-02,10,100
2022-04-02,11,125
2022-04-02,12,111
2022-04-02,13,107
2022-04-02,14,103
2022-04-02,15,83
2022-04-02,16,80
2022-04-02,17,97
2022-04-02,18,88
2022-04-02,19,45
2022-04-02,20,0
2022-04-02,21,0
2022-04-02,22,0
2022-04-02,23,1
2022-04-03,0,0
2022-04-03,1,12
2022-04-03,2,0
2022-04-03,3,4
2022-04-03,4,0
2022-04-03,5,3
2022-04-03,6,12
2022-04-03,7,22
2022-04-03,8,49
2022-04-03,9,56
2022-04-03,10,68
2022-04-03,11,76
2022-04-03,12,86
2022-04-03,13,56
2022-04-03,14,83
2022-04-03,15,70
2022-04-03,16,60
2022-04-03,17,71
2022-04-03,18,43
2022-04-03,19,18
2022-04-03,20,2
2022-04-03,21,0
2022-04-03,22,0
2022-04-03,23,0
2022-04-04,0,0
2022-04-04,1,0
2022-04-04,2,0
2022-04-04,3,0
2022-04-04,4,0
2022-04-04,5,24
2022-04-04,6,64
2022-04-04,7,104
2022-04-04,8,94
2022-04-04,9,91
2022-04-04,10,68
2022-04-04,11,103
2022-04-04,12,98
2022-04-04,13,97
2022-04-04,14,76
2022-04-04,15,61
2022-04-04,16,68
2022-04-04,17,69
2022-04-04,18,67
2022-04-04,19,34
2022-04-04,20,0
2022-04-04,21,0
2022-04-04,22,0
2022-04-04,23,0
2022-04-05,0,0
2022-04-05,1,0
2022-04-05,2,4
2022-04-05,3,7
2022-04-05,4,8
2022-04-05,5,42
2022-04-05,6,113
2022-04-05,7,127
2022-04-05,8,122
2022-04-05,9,97
2022-04-05,10,98
2022-04-05,11,106
2022-04-05,12,70
2022-04-05,13,76
2022-04-05,14,119
2022-04-05,15,71
2022-04-05,16,83
2022-04-05,17,85
2022-04-05,18,75
2022-04-05,19,58
2022-04-05,20,5
2022-04-05,21,9
2022-04-05,22,0
2022-04-05,23,0
2022-04-06,0,0
2022-04-06,1,0
2022-04-06,2,0
2022-04-06,3,0
2022-04-06,4,0
2022-04-06,5,33
2022-04-06,6,104
2022-04-06,7,146
2022-04-06,8,103
2022-04-06,9,92
2022-04-06,10,70
2022-04-06,11,86
2022-04-06,12,93
2022-04-06,13,102
2022-04-06,14,79
2022-04-06,15,55
2022-04-06,16,78
2022-04-06,17,114
2022-04-06,18,106
2022-04-06,19,41
2022-04-06,20,4
2022-04-06,21,0
2022-04-06,22,4
2022-04-06,23,2
2022-04-07,0,0
2022-04-07,1,0
2022-04-07,2,1
2022-04-07,3,0
2022-04-07,4,0
2022-04-07,5,20
2022-04-07,6,75
2022-04-07,7,132
2022-04-07,8,112
2022-04-07,9,89
2022-04-07,10,87
2022-04-07,11,103
2022-04-07,12,93
2022-04-07,13,103
2022-04-07,14,104
2022-04-07,15,89
2022-04-07,16,78
2022-04-07,17,112
2022-04-07,18,71
2022-04-07,19,36
2022-04-07,20,0
2022-04-07,21,0
2022-04-07,22,0
2022-04-07,23,0
2022-04-08,0,0
2022-04-08,1,0
2022-04-08,2,0
2022-04-08,3,0
2022-04-08,4,0
2022-04-08,5,26
2022-04-08,6,90
2022-04-08,7,105
2022-04-08,8,77
2022-04-08,9,83
2022-04-08,10,94
2022-04-08,11,109
2022-04-08,12,130
2022-04-08,13,108
2022-04-08,14,72
2022-04-11,7,122
2022-04-11,8,96
2022-04-11,9,83
2022-04-11,10,88
2022-04-11,11,124
2022-04-11,12,95
2022-04-11,13,67
2022-04-11,14,104
2022-04-11,15,83
2022-04-11,16,87
2022-04-11,17,107
2022-04-11,18,80
2022-04-11,19,51
2022-04-11,20,0
2022-04-11,21,2
2022-04-11,22,31
2022-04-11,23,27
2022-04-12,0,1
2022-04-12,1,3
2022-04-12,2,1
2022-04-12,3,0
2022-04-12,4,0
2022-04-12,5,16
2022-04-12,6,109
2022-04-12,7,140
2022-04-12,8,114
2022-04-12,9,113
2022-04-12,10,92
2022-04-12,11,96
2022-04-12,12,85
2022-04-12,13,64
2022-04-12,14,110
2022-04-12,15,64
2022-04-12,16,78
2022-04-12,17,79
2022-04-12,18,91
2022-04-12,19,88
2022-04-12,20,19
2022-04-12,21,10
2022-04-12,22,0
2022-04-12,23,4
2022-04-13,0,4
2022-04-13,1,0
2022-04-13,2,3
2022-04-13,3,3
2022-04-13,4,9
2022-04-13,5,32
2022-04-13,6,108
2022-04-13,7,134
2022-04-13,8,129
2022-04-13,9,103
2022-04-13,10,86
2022-04-13,11,95
2022-04-13,12,96
2022-04-13,13,91
2022-04-13,14,86
2022-04-13,15,71
2022-04-13,16,74
2022-04-13,17,115
2022-04-13,18,82
2022-04-13,19,69
2022-04-13,20,0
2022-04-13,21,0
2022-04-13,22,0
2022-04-13,23,0
2022-04-14,0,0
2022-04-14,1,0
2022-04-14,2,0
2022-04-14,3,0
2022-04-14,4,0
2022-04-14,5,31
2022-04-14,6,85
2022-04-14,7,120
2022-04-14,8,126
2022-04-14,9,105
2022-04-14,10,107
2022-04-14,11,101
2022-04-14,12,89
2022-04-14,13,105
2022-04-14,14,82
2022-04-14,15,93
2022-04-14,16,95
2022-04-14,17,97
2022-04-14,18,80
2022-04-14,19,58
2022-04-14,20,1
2022-04-14,21,0
2022-04-14,22,0
2022-04-14,23,0
2022-04-15,0,16
2022-04-15,1,0
2022-04-15,2,0
2022-04-15,3,0
2022-04-15,4,0
2022-04-15,5,21
2022-04-15,6,54
2022-04-15,7,88
2022-04-15,8,57
2022-04-15,9,90
2022-04-15,10,111
2022-04-15,11,136
2022-04-15,12,141
2022-04-15,13,126
2022-04-15,14,103
2022-04-15,15,79
2022-04-15,16,110
2022-04-15,17,101
2022-04-15,18,84
2022-04-15,19,71
2022-04-15,20,0
2022-04-15,21,0
2022-04-15,22,0
2022-04-15,23,0
2022-04-16,0,12
2022-04-16,1,0
2022-04-16,2,8
2022-04-16,3,12
2022-04-16,4,12
2022-04-16,5,12
2022-04-16,6,22
2022-04-16,7,48
2022-04-16,8,70
2022-04-16,9,55
2022-04-16,10,82
2022-04-16,11,104
2022-04-16,12,117
2022-04-16,13,117
2022-04-16,14,115
2022-04-16,15,95
2022-04-16,16,85
2022-04-16,17,100
2022-04-16,18,90
2022-04-16,19,70
2022-04-16,20,0
2022-04-16,21,0
2022-04-16,22,0
2022-04-16,23,4
2022-04-17,0,0
2022-04-17,1,17
2022-04-17,2,0
2022-04-17,3,8
2022-04-17,4,0
2022-04-17,5,7
2022-04-17,6,15
2022-04-17,7,29
2022-04-17,8,39
2022-04-17,9,69
2022-04-17,10,94
2022-04-17,11,100
2022-04-17,12,101
2022-04-17,13,60
2022-04-17,14,60
2022-04-17,15,60
2022-04-17,16,61
2022-04-17,17,81
2022-04-17,18,66
2022-04-17,19,65
2022-04-17,20,0
2022-04-17,21,0
2022-04-17,22,0
2022-04-17,23,0
2022-04-18,0,3
2022-04-18,1,0
2022-04-18,2,0
2022-04-18,3,0
2022-04-18,4,0
2022-04-18,5,16
2022-04-18,6,36
2022-04-18,7,42
2022-04-18,8,41
2022-04-18,9,71
2022-04-18,10,58
2022-04-18,11,102
2022-04-18,12,100
2022-04-18,13,95
2022-04-18,14,94
2022-04-18,15,84
2022-04-18,16,74
2022-04-18,17,93
2022-04-18,18,66
2022-04-18,19,68
2022-04-18,20,10
2022-04-18,21,1
2022-04-18,22,1
2022-04-18,23,0
2022-04-19,0,1
2022-04-19,1,0
2022-04-19,2,8
2022-04-19,3,4
2022-04-19,4,14
2022-04-19,5,45
2022-04-19,6,90
2022-04-19,7,119
2022-04-19,8,135
2022-04-19,9,75
2022-04-19,10,64
2022-04-19,11,93
2022-04-19,12,104
2022-04-19,13,93
2022-04-19,14,65
2022-04-19,15,64
2022-04-19,16,67
2022-04-19,17,90
2022-04-19,18,69
2022-04-19,19,52
2022-04-19,20,11
2022-04-19,21,0
2022-04-19,22,0
2022-04-19,23,0
2022-04-20,0,0
2022-04-20,1,0
2022-04-20,2,0
2022-04-20,3,0
2022-04-20,4,4
2022-04-20,5,42
2022-04-20,6,92
2022-04-20,7,114
2022-04-20,8,133
2022-04-20,9,69
2022-04-20,10,92
2022-04-20,11,83
2022-04-20,12,94
2022-04-20,13,78
2022-04-20,14,82
2022-04-20,15,77
2022-04-20,16,72
2022-04-20,17,97
2022-04-20,18,68
2022-04-20,19,65
2022-04-20,20,10
2022-04-20,21,0
2022-04-20,22,0
2022-04-20,23,0
2022-04-21,0,0
2022-04-21,1,0
2022-04-21,2,0
2022-04-21,3,0
2022-04-21,4,4
2022-04-21,5,39
2022-04-21,6,86
2022-04-21,7,120
2022-04-21,8,119
2022-04-21,9,88
2022-04-21,10,103
2022-04-21,11,91
2022-04-21,12,92
2022-04-21,13,89
2022-04-21,14,77
2022-04-21,15,74
2022-04-21,16,72
2022-04-21,17,68
2022-04-21,18,70
2022-04-21,19,73
2022-04-21,20,11
2022-04-21,21,0
2022-04-21,22,0
2022-04-21,23,0
2022-04-22,0,0
2022-04-22,1,0
2022-04-22,2,0
2022-04-22,3,0
2022-04-22,4,4
2022-04-22,5,23
2022-04-22,6,90
2022-04-22,7,103
2022-04-22,8,105
2022-04-22,9,100
2022-04-22,10,93
2022-04-22,11,106
2022-04-22,12,115
2022-04-22,13,106
2022-04-22,14,72
2022-04-22,15,91
2022-04-22,16,78
2022-04-22,17,91
2022-04-22,18,80
2022-04-22,19,68
2022-04-22,20,23
2022-04-22,21,0
2022-04-22,22,0
2022-04-22,23,5
2022-04-23,0,12
2022-04-23,1,0
2022-04-23,2,8
2022-04-23,3,16
2022-04-23,4,8
2022-04-23,5,16
2022-04-23,6,24
2022-04-23,7,37
2022-04-23,8,68
2022-04-23,9,73
2022-04-23,10,114
2022-04-23,11,121
2022-04-23,12,129
2022-04-23,13,95
2022-04-23,14,110
2022-04-23,15,87
2022-04-23,16,80
2022-04-23,17,102
2022-04-23,18,108
2022-04-23,19,73
2022-04-23,20,26
2022-04-23,21,0
2022-04-23,22,0
2022-04-23,23,0
2022-04-24,0,0
2022-04-24,1,0
2022-04-24,2,0
2022-04-24,3,0
2022-04-24,4,3
2022-04-24,5,16
2022-04-24,6,29
2022-04-24,7,53
2022-04-24,8,68
2022-04-24,9,73
2022-04-24,10,87
2022-04-24,11,108
2022-04-24,12,122
2022-04-24,13,100
2022-04-24,14,90
2022-04-24,15,82
2022-04-24,16,93
2022-04-24,17,100
2022-04-24,18,77
2022-04-24,19,68
2022-04-24,20,11
2022-04-24,21,2
2022-04-24,22,0
2022-04-24,23,0
2022-04-25,0,0
2022-04-25,1,0
2022-04-25,2,0
2022-04-25,3,0
2022-04-25,4,0
2022-04-25,5,34
2022-04-25,6,68
2022-04-25,7,132
2022-04-25,8,99
2022-04-25,9,93
2022-04-25,10,85
2022-04-25,11,87
2022-04-25,12,73
2022-04-25,13,74
2022-04-25,14,53
2022-04-25,15,65
2022-04-25,16,74
2022-04-25,17,84
2022-04-25,18,64
2022-04-25,19,51
2022-04-25,20,21
2022-04-25,21,16
2022-04-25,22,8
2022-04-25,23,0
2022-04-26,0,0
2022-04-26,1,0
2022-04-26,2,4
2022-04-26,3,0
2022-04-26,4,10
2022-04-26,5,33
2022-04-26,6,59
2022-04-26,7,131
2022-04-26,8,137
2022-04-26,9,105
2022-04-26,10,94
2022-04-26,11,112
2022-04-26,12,106
2022-04-26,13,70
2022-04-26,14,74
2022-04-26,15,70
2022-04-26,16,65
2022-04-26,17,94
2022-04-26,18,73
2022-04-26,19,53
2022-04-26,20,16
2022-04-26,21,0
2022-04-26,22,0
2022-04-26,23,0
2022-04-27,0,0
2022-04-27,1,0
2022-04-27,2,0
2022-04-27,3,0
2022-04-27,4,5
2022-04-27,5,36
2022-04-27,6,103
2022-04-27,7,130
2022-04-27,8,126
2022-04-27,9,88
2022-04-27,10,75
2022-04-27,11,91
2022-04-27,12,81
2022-04-27,13,101
2022-04-27,14,85
2022-04-27,15,79
2022-04-27,16,92
2022-04-27,17,83
2022-04-27,18,69
2022-04-27,19,47
2022-04-27,20,25
2022-04-27,21,0
2022-04-27,22,1
2022-04-27,23,0
2022-04-28,0,0
2022-04-28,1,0
2022-04-28,2,0
2022-04-28,3,0
2022-04-28,4,10
2022-04-28,5,27
2022-04-28,6,56
2022-04-28,7,109
2022-04-28,8,104
2022-04-28,9,82
2022-04-28,10,80
2022-04-28,11,80
2022-04-28,12,109
2022-04-28,13,80
2022-04-28,14,68
2022-04-28,15,71
2022-04-28,16,81
2022-04-28,17,96
2022-04-28,18,63
2022-04-28,19,54
2022-04-28,20,12
2022-04-28,21,12
2022-04-28,22,0
2022-04-28,23,0
2022-04-29,0,0
2022-04-29,1,8
2022-04-29,2,4
2022-04-29,3,12
2022-04-29,4,12
2022-04-29,5,25
2022-04-29,6,83
2022-04-29,7,92
2022-04-29,8,114
2022-04-29,9,88
2022-04-29,10,85
2022-04-29,11,89
2022-04-29,12,118
2022-04-29,13,80
2022-04-29,14,81
2022-04-29,15,84
2022-04-29,16,85
2022-04-29,17,118
2022-04-29,18,96
2022-04-29,19,75
2022-04-29,20,26
2022-04-29,21,2
2022-04-29,22,0
2022-04-29,23,0
2022-04-30,0,0
2022-04-30,1,0
2022-04-30,2,0
2022-04-30,3,0
2022-04-30,4,9
2022-04-30,5,13
2022-04-30,6,44
2022-04-30,7,41
2022-04-30,8,54
2022-04-30,9,79
2022-04-30,10,116
2022-04-30,11,90
2022-04-30,12,118
2022-04-30,13,115
2022-04-30,14,108
2022-04-30,15,104
2022-04-30,16,84
2022-04-30,17,84
2022-04-30,18,97
2022-04-30,19,91
2022-04-30,20,44
2022-04-30,21,9
2022-04-30,22,0
2022-04-30,23,0
2022-05-01,0,0
2022-05-01,1,0
2022-05-01,2,0
2022-05-01,3,0
2022-05-01,4,3
2022-05-01,5,7
2022-05-01,6,10
2022-05-01,7,28
2022-05-01,8,52
2022-05-01,9,103
2022-05-01,10,107
2022-05-01,11,98
2022-05-01,12,90
2022-05-01,13,98
2022-05-01,14,84
2022-05-01,15,90
2022-05-01,16,75
2022-05-01,17,115
2022-05-01,18,83
2022-05-01,19,81
2022-05-01,20,20
2022-05-01,21,1
2022-05-01,22,0
2022-05-01,23,0
2022-05-02,0,0
2022-05-02,1,0
2022-05-02,2,0
2022-05-02,3,0
2022-05-02,4,19
2022-05-02,5,33
2022-05-02,6,69
2022-05-02,7,48
2022-05-02,8,99
2022-05-02,9,117
2022-05-02,10,116
2022-05-02,11,89
2022-05-02,12,91
2022-05-02,13,88
2022-05-02,14,68
2022-05-02,15,80
2022-05-02,16,67
2022-05-02,17,86
2022-05-02,18,80
2022-05-02,19,57
2022-05-02,20,20
2022-05-02,21,15
2022-05-02,22,25
2022-05-02,23,6
2022-05-03,0,0
2022-05-03,1,1
2022-05-03,2,0
2022-05-03,3,0
2022-05-03,4,16
2022-05-03,5,49
2022-05-03,6,113
2022-05-03,7,132
2022-05-03,8,138
2022-05-03,9,99
2022-05-03,10,79
2022-05-03,11,84
2022-05-03,12,97
2022-05-03,13,84
2022-05-03,14,66
2022-05-03,15,65
2022-05-03,16,70
2022-05-03,17,100
2022-05-03,18,80
2022-05-03,19,54
2022-05-03,20,26
2022-05-03,21,23
2022-05-03,22,12
2022-05-03,23,5
2022-05-04,0,0
2022-05-04,1,0
2022-05-04,2,0
2022-05-04,3,1
2022-05-04,4,17
2022-05-04,5,54
2022-05-04,6,87
2022-05-04,7,130
2022-05-04,8,140
2022-05-04,9,122
2022-05-04,10,89
2022-05-04,11,104
2022-05-04,12,85
2022-05-04,13,75
2022-05-04,14,55
2022-05-04,15,64
2022-05-04,16,79
2022-05-04,17,91
2022-05-04,18,95
2022-05-04,19,64
2022-05-04,20,30
2022-05-04,21,0
2022-05-04,22,0
2022-05-04,23,0
2022-05-05,0,0
2022-05-05,1,0
2022-05-05,2,0
2022-05-05,3,0
2022-05-05,4,12
2022-05-05,5,43
2022-05-05,6,111
2022-05-05,7,132
2022-05-05,8,142
2022-05-05,9,84
2022-05-05,10,80
2022-05-05,11,98
2022-05-05,12,112
2022-05-05,13,84
2022-05-05,14,99
2022-05-05,15,74
2022-05-05,16,110
2022-05-05,17,90
2022-05-05,18,74
2022-05-05,19,74
2022-05-05,20,26
2022-05-05,21,5
2022-05-05,22,0
2022-05-05,23,0
2022-05-06,0,0
2022-05-06,1,0
2022-05-06,2,0
2022-05-06,3,0
2022-05-06,4,19
2022-05-06,5,45
2022-05-06,6,69
2022-05-06,7,62
2022-05-06,8,80
2022-05-06,9,71
2022-05-06,10,113
2022-05-06,11,105
2022-05-06,12,98
2022-05-06,13,112
2022-05-06,14,78
2022-05-06,15,91
2022-05-06,16,130
2022-05-06,17,137
2022-05-06,18,117
2022-05-06,19,100
2022-05-06,20,50
2022-05-06,21,0
2022-05-06,22,0
2022-05-06,23,0
2022-05-07,0,0
2022-05-07,1,0
2022-05-07,2,0
2022-05-07,3,0
2022-05-07,4,7
2022-05-07,5,14
2022-05-07,6,32
2022-05-07,7,42
2022-05-07,8,80
2022-05-07,9,86
2022-05-07,10,162
2022-05-07,11,105
2022-05-07,12,123
2022-05-07,13,94
2022-05-07,14,115
2022-05-07,15,112
2022-05-07,16,96
2022-05-07,17,111
2022-05-07,18,111
2022-05-07,19,81
2022-05-07,20,40
2022-05-07,21,0
2022-05-07,22,0
2022-05-07,23,0
2022-05-08,0,0
2022-05-08,1,4
2022-05-08,2,0
2022-05-08,3,0
2022-05-08,4,5
2022-05-08,5,6
2022-05-08,6,15
2022-05-08,7,26
2022-05-08,8,44
2022-05-08,9,87
2022-05-08,10,92
2022-05-08,11,122
2022-05-08,12,99
2022-05-08,13,104
2022-05-08,14,94
2022-05-08,15,89
2022-05-08,16,115
2022-05-08,17,128
2022-05-08,18,55
2022-05-08,19,57
2022-05-08,20,34
2022-05-08,21,0
2022-05-08,22,0
2022-05-08,23,0
2022-05-09,0,0
2022-05-09,1,0
2022-05-09,2,0
2022-05-09,3,0
2022-05-09,4,6
2022-05-09,5,34
2022-05-09,6,88
2022-05-09,7,113
2022-05-09,8,88
2022-05-09,9,83
2022-05-09,10,123
2022-05-09,11,103
2022-05-09,12,96
2022-05-09,13,81
2022-05-09,14,57
2022-05-09,15,43
2022-05-09,16,38
2022-05-09,17,53
2022-05-09,18,50
2022-05-09,19,34
2022-05-09,20,41
2022-05-09,21,5
2022-05-09,22,2
2022-05-09,23,2
2022-05-10,0,0
2022-05-10,1,0
2022-05-10,2,0
2022-05-10,3,0
2022-05-10,4,19
2022-05-10,5,45
2022-05-10,6,82
2022-05-10,7,119
2022-05-10,8,143
2022-05-10,9,88
2022-05-10,10,100
2022-05-10,11,96
2022-05-10,12,84
2022-05-10,13,84
2022-05-10,14,86
2022-05-10,15,72
2022-05-10,16,70
2022-05-10,17,99
2022-05-10,18,79
2022-05-10,19,57
2022-05-10,20,55
2022-05-10,21,25
2022-05-10,22,0
2022-05-10,23,4
2022-05-11,0,0
2022-05-11,1,0
2022-05-11,2,1
2022-05-11,3,1
2022-05-11,4,13
2022-05-11,5,41
2022-05-11,6,89
2022-05-11,7,128
2022-05-11,8,133
2022-05-11,9,94
2022-05-11,10,120
2022-05-11,11,96
2022-05-11,12,109
2022-05-11,13,92
2022-05-11,14,76
2022-05-11,15,59
2022-05-11,16,71
2022-05-11,17,74
2022-05-11,18,61
2022-05-11,19,53
2022-05-11,20,45
2022-05-11,21,0
2022-05-11,22,0
2022-05-11,23,0
2022-05-12,0,0
2022-05-12,1,0
2022-05-12,2,0
2022-05-12,3,0
2022-05-12,4,28
2022-05-12,5,41
2022-05-12,6,72
2022-05-12,7,125
2022-05-12,8,141
2022-05-12,9,91
2022-05-12,10,107
2022-05-12,11,101
2022-05-12,12,84
2022-05-12,13,101
2022-05-12,14,69
2022-05-12,15,75
2022-05-12,16,82
2022-05-12,17,114
2022-05-12,18,58
2022-05-12,19,47
2022-05-12,20,57
2022-05-12,21,20
2022-05-12,22,11
2022-05-12,23,1
2022-05-13,0,0
2022-05-13,1,0
2022-05-13,2,0
2022-05-13,3,0
2022-05-13,4,18
2022-05-13,5,40
2022-05-13,6,83
2022-05-13,7,112
2022-05-13,8,113
2022-05-13,9,119
2022-05-13,10,89
2022-05-13,11,110
2022-05-13,12,103
2022-05-13,13,79
2022-05-13,14,69
2022-05-13,15,66
2022-05-13,16,90
2022-05-13,17,100
2022-05-13,18,113
2022-05-13,19,79
2022-05-13,20,49
2022-05-13,21,15
2022-05-13,22,57
2022-05-13,23,5
2022-05-14,0,26
2022-05-14,1,0
2022-05-14,2,0
2022-05-14,3,0
2022-05-14,4,16
2022-05-14,5,15
2022-05-14,6,28
2022-05-14,7,60
2022-05-14,8,83
2022-05-14,9,83
2022-05-14,10,137
2022-05-14,11,99
2022-05-14,12,96
2022-05-14,13,97
2022-05-14,14,91
2022-05-14,15,104
2022-05-14,16,95
2022-05-14,17,83
2022-05-14,18,71
2022-05-14,19,57
2022-05-14,20,48
2022-05-14,21,13
2022-05-14,22,0
2022-05-14,23,0
2022-05-15,0,0
2022-05-15,1,4
2022-05-15,2,0
2022-05-15,3,0
2022-05-15,4,3
2022-05-15,5,5
2022-05-15,6,19
2022-05-15,7,24
2022-05-15,8,44
2022-05-15,9,83
2022-05-15,10,96
2022-05-15,11,105
2022-05-15,12,104
2022-05-15,13,117
2022-05-15,14,103
2022-05-15,15,81
2022-05-15,16,100
2022-05-15,17,102
2022-05-15,18,60
2022-05-15,19,36
2022-05-15,20,38
2022-05-15,21,6
2022-05-15,22,0
2022-05-15,23,0
2022-05-16,0,0
2022-05-16,1,0
2022-05-16,2,0
2022-05-16,3,0
2022-05-16,4,22
2022-05-16,5,27
2022-05-16,6,82
2022-05-16,7,141
2022-05-16,8,135
2022-05-16,9,93
2022-05-16,10,102
2022-05-16,11,102
2022-05-16,12,95
2022-05-16,13,72
2022-05-16,14,88
2022-05-16,15,77
2022-05-16,16,97
2022-05-16,17,80
2022-05-16,18,57
2022-05-16,19,37
2022-05-16,20,43
2022-05-16,21,10
2022-05-16,22,0
2022-05-16,23,0
2022-05-17,0,0
2022-05-17,1,0
2022-05-17,2,0
2022-05-17,3,0
2022-05-17,4,13
2022-05-17,5,36
2022-05-17,6,82
2022-05-17,7,124
2022-05-17,8,123
2022-05-17,9,78
2022-05-17,10,92
2022-05-17,11,104
2022-05-17,12,78
2022-05-17,13,66
2022-05-17,14,82
2022-05-17,15,54
2022-05-17,16,69
2022-05-17,17,84
2022-05-17,18,91
2022-05-17,19,43
2022-05-17,20,58
2022-05-17,21,40
2022-05-17,22,1
2022-05-17,23,1
2022-05-18,0,0
2022-05-18,1,0
2022-05-18,2,4
2022-05-18,3,2
2022-05-18,4,18
2022-05-18,5,52
2022-05-18,6,100
2022-05-18,7,151
2022-05-18,8,140
2022-05-18,9,91
2022-05-18,10,85
2022-05-18,11,81
2022-05-18,12,104
2022-05-18,13,73
2022-05-18,14,75
2022-05-18,15,66
2022-05-18,16,70
2022-05-18,17,67
2022-05-18,18,53
2022-05-18,19,37
2022-05-18,20,27
2022-05-18,21,4
2022-05-18,22,0
2022-05-18,23,4
2022-05-19,0,4
2022-05-19,1,0
2022-05-19,2,0
2022-05-19,3,0
2022-05-19,4,16
2022-05-19,5,44
2022-05-19,6,74
2022-05-19,7,120
2022-05-19,8,128
2022-05-19,9,85
2022-05-19,10,79
2022-05-19,11,94
2022-05-19,12,91
2022-05-19,13,104
2022-05-19,14,85
2022-05-19,15,93
2022-05-19,16,97
2022-05-19,17,106
2022-05-19,18,66
2022-05-19,19,64
2022-05-19,20,63
2022-05-19,21,10
2022-05-19,22,0
2022-05-19,23,1
2022-05-20,0,0
2022-05-20,1,0
2022-05-20,2,0
2022-05-20,3,0
2022-05-20,4,21
2022-05-20,5,28
2022-05-20,6,86
2022-05-20,7,112
2022-05-20,8,108
2022-05-20,9,90
2022-05-20,10,83
2022-05-20,11,114
2022-05-20,12,111
2022-05-20,13,79
2022-05-20,14,80
2022-05-20,15,60
2022-05-20,16,97
2022-05-20,17,122
2022-05-20,18,95
2022-05-20,19,71
2022-05-20,20,60
2022-05-20,21,15
2022-05-20,22,0
2022-05-20,23,0
2022-05-21,0,4
2022-05-21,1,0
2022-05-21,2,0
2022-05-21,3,0
2022-05-21,4,7
2022-05-21,5,15
2022-05-21,6,27
2022-05-21,7,64
2022-05-21,8,72
2022-05-21,9,72
2022-05-21,10,101
2022-05-21,11,127
2022-05-21,12,119
2022-05-21,13,123
2022-05-21,14,85
2022-05-21,15,59
2022-05-21,16,76
2022-05-21,17,97
2022-05-21,18,98
2022-05-21,19,58
2022-05-21,20,54
2022-05-21,21,8
2022-05-21,22,0
2022-05-21,23,0
2022-05-22,0,3
2022-05-22,1,4
2022-05-22,2,0
2022-05-22,3,4
2022-05-22,4,13
2022-05-22,5,12
2022-05-22,6,16
2022-05-22,7,38
2022-05-22,8,50
2022-05-22,9,125
2022-05-22,10,98
2022-05-22,11,93
2022-05-22,12,82
2022-05-22,13,110
2022-05-22,14,82
2022-05-22,15,108
2022-05-22,16,80
2022-05-22,17,84
2022-05-22,18,66
2022-05-22,19,59
2022-05-22,20,35
2022-05-22,21,13
2022-05-22,22,0
2022-05-22,23,3
2022-05-23,0,0
2022-05-23,1,0
2022-05-23,2,0
2022-05-23,3,0
2022-05-23,4,6
2022-05-23,5,27
2022-05-23,6,118
2022-05-23,7,150
2022-05-23,8,124
2022-05-23,9,94
2022-05-23,10,96
2022-05-23,11,111
2022-05-23,12,79
2022-05-23,13,89
2022-05-23,14,78
2022-05-23,15,78
2022-05-23,16,106
2022-05-23,17,60
2022-05-23,18,102
2022-05-23,19,53
2022-05-23,20,40
2022-05-23,21,17
2022-05-23,22,0
2022-05-23,23,0
2022-05-24,0,0
2022-05-24,1,0
2022-05-24,13,101
2022-05-24,14,85
2022-05-24,15,79
2022-05-24,16,62
2022-05-24,17,84
2022-05-24,18,54
2022-05-24,19,46
2022-05-24,20,32
2022-05-24,21,11
2022-05-24,22,1
2022-05-24,23,2
2022-05-25,0,0
2022-05-25,1,0
2022-05-25,2,0
2022-05-25,3,3
2022-05-25,4,8
2022-05-25,5,25
2022-05-25,6,57
2022-05-25,7,42
2022-05-25,8,89
2022-05-25,9,83
2022-05-25,10,84
2022-05-25,11,90
2022-05-25,12,112
2022-05-25,13,88
2022-05-25,14,83
2022-05-25,15,78
2022-05-25,16,86
2022-05-25,17,101
2022-05-25,18,97
2022-05-25,19,65
2022-05-25,20,47
2022-05-25,21,22
2022-05-25,22,0
2022-05-25,23,4
2022-05-26,0,0
2022-05-26,1,0
2022-05-26,2,0
2022-05-26,3,1
2022-05-26,4,12
2022-05-26,5,54
2022-05-26,6,103
2022-05-26,7,131
2022-05-26,8,131
2022-05-26,9,93
2022-05-26,10,93
2022-05-26,11,101
2022-05-26,12,112
2022-05-26,13,88
2022-05-26,14,78
2022-05-26,15,56
2022-05-26,16,67
2022-05-26,17,110
2022-05-26,18,69
2022-05-26,19,137
2022-05-26,20,210
2022-05-26,21,150
2022-05-26,22,94
2022-05-26,23,25
2022-05-27,0,0
2022-05-27,1,0
2022-05-27,2,0
2022-05-27,3,3
2022-05-27,4,14
2022-05-27,5,29
2022-05-27,6,95
2022-05-27,7,93
2022-05-27,8,110
2022-05-27,9,119
2022-05-27,10,98
2022-05-27,11,106
2022-05-27,12,129
2022-05-27,13,105
2022-05-27,14,110
2022-05-27,15,70
2022-05-27,16,100
2022-05-27,17,144
2022-05-27,18,99
2022-05-27,19,89
2022-05-27,20,57
2022-05-27,21,36
2022-05-27,22,0
2022-05-27,23,0
2022-05-28,0,0
2022-05-28,1,0
2022-05-28,2,0
2022-05-28,3,3
2022-05-28,4,12
2022-05-28,5,17
2022-05-28,6,35
2022-05-28,7,64
2022-05-28,8,85
2022-05-28,9,95
2022-05-28,10,92
2022-05-28,11,122
2022-05-28,12,122
2022-05-28,13,137
2022-05-28,14,120
2022-05-28,15,96
2022-05-28,16,121
2022-05-28,17,126
2022-05-28,18,94
2022-05-28,19,48
2022-05-28,20,44
2022-05-28,21,19
2022-05-28,22,0
2022-05-28,23,0
2022-05-29,0,0
2022-05-29,1,0
2022-05-29,2,0
2022-05-29,3,5
2022-05-29,4,12
2022-05-29,5,14
2022-05-29,6,23
2022-05-29,7,28
2022-05-29,8,52
2022-05-29,9,75
2022-05-29,10,111
2022-05-29,11,99
2022-05-29,12,120
2022-05-29,13,110
2022-05-29,14,108
2022-05-29,15,87
2022-05-29,16,108
2022-05-29,17,98
2022-05-29,18,79
2022-05-29,19,59
2022-05-29,20,44
2022-05-29,21,14
2022-05-29,22,0
2022-05-29,23,0
2022-05-30,0,0
2022-05-30,1,0
2022-05-30,2,0
2022-05-30,3,2
2022-05-30,4,17
2022-05-30,5,40
2022-05-30,6,91
2022-05-30,7,129
2022-05-30,8,117
2022-05-30,9,83
2022-05-30,10,86
2022-05-30,11,85
2022-05-30,12,90
2022-05-30,13,107
2022-05-30,14,70
2022-05-30,15,68
2022-05-30,16,90
2022-05-30,17,92
2022-05-30,18,74
2022-05-30,19,64
2022-05-30,20,48
2022-05-30,21,22
2022-05-30,22,3
2022-05-30,23,0
2022-05-31,0,0
2022-05-31,1,0
2022-05-31,2,8
2022-05-31,3,5
2022-05-31,4,10
2022-05-31,5,38
2022-05-31,6,114
2022-05-31,7,110
2022-05-31,8,157
2022-05-31,9,88
2022-05-31,10,95
2022-05-31,11,130
2022-05-31,12,97
2022-05-31,13,79
2022-05-31,14,102
2022-05-31,15,83
2022-05-31,16,79
2022-05-31,17,102
2022-05-31,18,93
2022-05-31,19,51
2022-05-31,20,34
2022-05-31,21,56
2022-05-31,22,6
2022-05-31,23,3
2022-06-01,0,0
2022-06-01,1,0
2022-06-01,2,0
2022-06-01,3,0
2022-06-01,4,19
2022-06-01,5,51
2022-06-01,6,112
2022-06-01,7,123
2022-06-01,8,132
2022-06-01,9,80
2022-06-01,10,106
2022-06-01,11,101
2022-06-01,12,112
2022-06-01,13,106
2022-06-01,14,105
2022-06-01,15,75
2022-06-01,16,97
2022-06-01,17,107
2022-06-01,18,68
2022-06-01,19,52
2022-06-01,20,48
2022-06-01,21,31
2022-06-01,22,0
2022-06-01,23,0
2022-06-02,0,2
2022-06-02,1,0
2022-06-02,2,0
2022-06-02,3,12
2022-06-02,4,23
2022-06-02,5,33
2022-06-02,6,56
2022-06-02,7,65
2022-06-02,8,56
2022-06-02,9,98
2022-06-02,10,139
2022-06-02,11,103
2022-06-02,12,120
2022-06-02,13,120
2022-06-02,14,92
2022-06-02,15,105
2022-06-02,16,83
2022-06-02,17,91
2022-06-02,18,91
2022-06-02,19,73
2022-06-02,20,50
2022-06-02,21,60
2022-06-02,22,0
2022-06-02,23,0
2022-06-03,0,0
2022-06-03,1,0
2022-06-03,2,0
2022-06-03,3,5
2022-06-03,4,23
2022-06-03,5,24
2022-06-03,6,38
2022-06-03,7,49
2022-06-03,8,73
2022-06-03,9,89
2022-06-03,10,116
2022-06-03,11,47
2022-06-03,12,127
2022-06-03,13,103
2022-06-03,14,101
2022-06-03,15,93
2022-06-03,16,102
2022-06-03,17,99
2022-06-03,18,78
2022-06-03,19,65
2022-06-03,20,61
2022-06-03,21,28
2022-06-03,22,0
2022-06-03,23,0
2022-06-04,0,0
2022-06-04,1,0
2022-06-04,2,0
2022-06-04,3,2
2022-06-04,4,15
2022-06-04,5,10
2022-06-04,6,26
2022-06-04,7,36
2022-06-04,8,62
2022-06-04,9,74
2022-06-04,10,95
2022-06-04,11,102
2022-06-04,12,97
2022-06-04,13,106
2022-06-04,14,79
2022-06-04,15,102
2022-06-04,16,71
2022-06-04,17,104
2022-06-04,18,85
2022-06-04,19,64
2022-06-04,20,38
2022-06-04,21,38
2022-06-04,22,0
2022-06-04,23,2
2022-06-05,0,1
2022-06-05,1,0
2022-06-05,2,0
2022-06-05,3,7
2022-06-05,4,14
2022-06-05,5,5
2022-06-05,6,10
2022-06-05,7,22
2022-06-05,8,45
2022-06-05,9,74
2022-06-05,10,83
2022-06-05,11,116
2022-06-05,12,122
2022-06-05,13,131
2022-06-05,14,80
2022-06-05,15,72
2022-06-05,16,87
2022-06-05,17,110
2022-06-05,18,58
2022-06-05,19,60
2022-06-05,20,45
2022-06-05,21,27
2022-06-05,22,1
2022-06-05,23,0
2022-06-06,0,0
2022-06-06,1,0
2022-06-06,2,0
2022-06-06,3,0
2022-06-06,4,11
2022-06-06,5,50
2022-06-06,6,69
2022-06-06,7,113
2022-06-06,8,116
2022-06-06,9,82
2022-06-06,10,85
2022-06-06,11,115
2022-06-06,12,93
2022-06-06,13,73
2022-06-06,14,89
2022-06-06,15,59
2022-06-06,16,69
2022-06-06,17,98
2022-06-06,18,65
2022-06-06,19,57
2022-06-06,20,34
2022-06-06,21,13
2022-06-06,22,0
2022-06-06,23,0
2022-06-07,0,0
2022-06-07,1,0
2022-06-07,2,9
2022-06-07,3,6
2022-06-07,4,24
2022-06-07,5,40
2022-06-07,6,83
2022-06-07,7,138
2022-06-07,8,124
2022-06-07,9,79
2022-06-07,10,83
2022-06-07,11,105
2022-06-07,12,105
2022-06-07,13,102
2022-06-07,14,75
2022-06-07,15,74
2022-06-07,16,74
2022-06-07,17,96
2022-06-07,18,70
2022-06-07,19,61
2022-06-07,20,41
2022-06-07,21,14
2022-06-07,22,0
2022-06-07,23,0
2022-06-08,0,0
2022-06-08,1,0
2022-06-08,2,0
2022-06-08,3,3
2022-06-08,4,26
2022-06-08,5,61
2022-06-08,6,118
2022-06-08,7,156
2022-06-08,8,144
2022-06-08,9,95
2022-06-08,10,106
2022-06-08,11,92
2022-06-08,12,104
2022-06-08,13,84
2022-06-08,14,63
2022-06-08,15,65
2022-06-08,16,65
2022-06-08,17,95
2022-06-08,18,70
2022-06-08,19,68
2022-06-08,20,56
2022-06-08,21,30
2022-06-08,22,5
2022-06-08,23,0
2022-06-09,0,0
2022-06-09,1,0
2022-06-09,2,1
2022-06-09,3,5
2022-06-09,4,19
2022-06-09,5,34
2022-06-09,6,88
2022-06-09,7,76
2022-06-09,8,119
2022-06-09,9,98
2022-06-09,10,81
2022-06-09,11,109
2022-06-09,12,97
2022-06-09,13,87
2022-06-09,14,73
2022-06-09,15,76
2022-06-09,16,63
2022-06-09,17,82
2022-06-09,18,76
2022-06-09,19,58
2022-06-09,20,40
2022-06-09,21,30
2022-06-09,22,0
2022-06-09,23,0
2022-06-10,0,0
2022-06-10,1,0
2022-06-10,2,0
2022-06-10,3,2
2022-06-10,4,19
2022-06-10,5,34
2022-06-10,6,51
2022-06-10,7,130
2022-06-10,8,106
2022-06-10,9,101
2022-06-10,10,124
2022-06-10,11,102
2022-06-10,12,111
2022-06-10,13,75
2022-06-10,14,76
2022-06-10,15,52
2022-06-10,16,112
2022-06-10,17,134
2022-06-10,18,91
2022-06-10,19,85
2022-06-10,20,52
2022-06-10,21,41
2022-06-10,22,0
2022-06-10,23,0
2022-06-11,0,0
2022-06-11,1,0
2022-06-11,2,0
2022-06-11,3,1
2022-06-11,4,8
2022-06-11,5,16
2022-06-11,6,28
2022-06-11,7,55
2022-06-11,8,66
2022-06-11,9,62
2022-06-11,10,68
2022-06-11,11,119
2022-06-11,12,137
2022-06-11,13,133
2022-06-11,14,121
2022-06-11,15,92
2022-06-11,16,122
2022-06-11,17,117
2022-06-11,18,74
2022-06-11,19,80
2022-06-11,20,43
2022-06-11,21,31
2022-06-11,22,0
2022-06-11,23,0
2022-06-12,0,0
2022-06-12,1,4
2022-06-12,2,2
2022-06-12,3,14
2022-06-12,4,14
2022-06-12,5,7
2022-06-12,6,20
2022-06-12,7,36
2022-06-12,8,51
2022-06-12,9,64
2022-06-12,10,98
2022-06-12,11,102
2022-06-12,12,142
2022-06-12,13,86
2022-06-12,14,90
2022-06-12,15,86
2022-06-12,16,103
2022-06-12,17,94
2022-06-12,18,73
2022-06-12,19,60
2022-06-12,20,44
2022-06-12,21,25
2022-06-12,22,0
2022-06-12,23,0
2022-06-13,0,0
2022-06-13,1,0
2022-06-13,2,0
2022-06-13,3,0
2022-06-13,4,16
2022-06-13,5,28
2022-06-13,6,96
2022-06-13,7,153
2022-06-13,8,115
2022-06-13,9,89
2022-06-13,10,82
2022-06-13,11,102
2022-06-13,12,84
2022-06-13,13,69
2022-06-13,14,57
2022-06-13,15,94
2022-06-13,16,57
2022-06-13,17,78
2022-06-13,18,82
2022-06-13,19,71
2022-06-13,20,32
2022-06-13,21,24
2022-06-13,22,0
2022-06-13,23,0
2022-06-14,0,0
2022-06-14,1,0
2022-06-14,2,0
2022-06-14,3,5
2022-06-14,4,15
2022-06-14,5,32
2022-06-14,6,89
2022-06-14,7,138
2022-06-14,8,143
2022-06-14,9,101
2022-06-14,10,108
2022-06-14,11,90
2022-06-14,12,85
2022-06-14,13,76
2022-06-14,14,73
2022-06-14,15,74
2022-06-14,16,85
2022-06-14,17,96
2022-06-14,18,90
2022-06-14,19,61
2022-06-14,20,34
2022-06-14,21,22
2022-06-14,22,0
2022-06-14,23,3
2022-06-15,0,0
2022-06-15,1,0
2022-06-15,2,0
2022-06-15,3,1
2022-06-15,4,18
2022-06-15,5,48
2022-06-15,6,126
2022-06-15,7,150
2022-06-15,8,134
2022-06-15,9,87
2022-06-15,10,105
2022-06-15,11,112
2022-06-15,12,81
2022-06-15,13,85
2022-06-15,14,94
2022-06-15,15,75
2022-06-15,16,93
2022-06-15,17,111
2022-06-15,18,88
2022-06-15,19,60
2022-06-15,20,54
2022-06-15,21,36
2022-06-15,22,0
2022-06-15,23,0
2022-06-16,0,0
2022-06-16,1,0
2022-06-16,2,0
2022-06-16,3,1
2022-06-16,4,22
2022-06-16,5,51
2022-06-16,6,100
2022-06-16,7,126
2022-06-16,8,145
2022-06-16,9,108
2022-06-16,10,99
2022-06-16,11,92
2022-06-16,12,123
2022-06-16,13,92
2022-06-16,14,76
2022-06-16,15,89
2022-06-16,16,73
2022-06-16,17,88
2022-06-16,18,87
2022-06-16,19,59
2022-06-16,20,37
2022-06-16,21,29
2022-06-16,22,13
2022-06-16,23,0
2022-06-17,0,0
2022-06-17,1,0
2022-06-17,2,0
2022-06-17,3,2
2022-06-17,4,20
2022-06-17,5,40
2022-06-17,6,109
2022-06-17,7,115
2022-06-17,8,154
2022-06-17,9,112
2022-06-17,10,74
2022-06-17,11,120
2022-06-17,12,89
2022-06-17,13,80
2022-06-17,14,85
2022-06-17,15,87
2022-06-17,16,85
2022-06-17,17,104
2022-06-17,18,110
2022-06-17,19,65
2022-06-17,20,46
2022-06-17,21,64
2022-06-17,22,0
2022-06-17,23,0
2022-06-18,0,0
2022-06-18,1,0
2022-06-18,2,0
2022-06-18,3,3
2022-06-18,4,22
2022-06-18,5,18
2022-06-18,6,43
2022-06-18,7,54
2022-06-18,8,68
2022-06-18,9,107
2022-06-18,10,114
2022-06-18,11,140
2022-06-18,12,147
2022-06-18,13,151
2022-06-18,14,113
2022-06-18,15,90
2022-06-18,16,131
2022-06-18,17,126
2022-06-18,18,97
2022-06-18,19,82
2022-06-18,20,48
2022-06-18,21,38
2022-06-18,22,0
2022-06-18,23,0
2022-06-19,0,0
2022-06-19,1,4
2022-06-19,2,4
2022-06-19,3,2
2022-06-19,4,7
2022-06-19,5,13
2022-06-19,6,16
2022-06-19,7,30
2022-06-19,8,35
2022-06-19,9,65
2022-06-19,10,104
2022-06-19,11,120
2022-06-19,12,124
2022-06-19,13,123
2022-06-19,14,90
2022-06-19,15,96
2022-06-19,16,95
2022-06-19,17,92
2022-06-19,18,64
2022-06-19,19,54
2022-06-19,20,43
2022-06-19,21,50
2022-06-19,22,12
2022-06-19,23,0
2022-06-20,0,0
2022-06-20,1,0
2022-06-20,2,0
2022-06-20,3,4
2022-06-20,4,19
2022-06-20,5,43
2022-06-20,6,93
2022-06-20,7,165
2022-06-20,8,141
2022-06-20,9,109
2022-06-20,10,94
2022-06-20,11,97
2022-06-20,12,116
2022-06-20,13,104
2022-06-20,14,90
2022-06-20,15,80
2022-06-20,16,78
2022-06-20,17,78
2022-06-20,18,84
2022-06-20,19,44
2022-06-20,20,50
2022-06-20,21,19
2022-06-20,22,0
2022-06-20,23,0
2022-06-21,0,0
2022-06-21,1,0
2022-06-21,2,0
2022-06-21,3,4
2022-06-21,4,21
2022-06-21,5,54
2022-06-21,6,119
2022-06-21,7,146
2022-06-21,8,137
2022-06-21,9,104
2022-06-21,10,86
2022-06-21,11,111
2022-06-21,12,98
2022-06-21,13,85
2022-06-21,14,93
2022-06-21,15,83
2022-06-21,16,78
2022-06-21,17,116
2022-06-21,18,64
2022-06-21,19,65
2022-06-21,20,34
2022-06-21,21,24
2022-06-21,22,0
2022-06-21,23,0
2022-06-22,0,0
2022-06-22,1,0
2022-06-22,2,0
2022-06-22,3,3
2022-06-22,4,10
2022-06-22,5,47
2022-06-22,6,120
2022-06-22,7,145
2022-06-22,8,138
2022-06-22,9,120
2022-06-22,10,108
2022-06-22,11,135
2022-06-22,12,88
2022-06-22,13,104
2022-06-22,14,90
2022-06-22,15,68
2022-06-22,16,80
2022-06-22,17,88
2022-06-22,18,84
2022-06-22,19,57
2022-06-22,20,51
2022-06-22,21,20
2022-06-22,22,0
2022-06-22,23,0
2022-06-23,0,4
2022-06-23,1,0
2022-06-23,2,0
2022-06-23,3,5
2022-06-23,4,14
2022-06-23,5,48
2022-06-23,6,100
2022-06-23,7,145
2022-06-23,8,147
2022-06-23,9,133
2022-06-23,10,101
2022-06-23,11,114
2022-06-23,12,108
2022-06-23,13,111
2022-06-23,14,89
2022-06-23,15,80
2022-06-23,16,92
2022-06-23,17,99
2022-06-23,18,89
2022-06-23,19,46
2022-06-23,20,44
2022-06-23,21,48
2022-06-23,22,0
2022-06-23,23,0
2022-06-24,0,0
2022-06-24,1,0
2022-06-24,2,0
2022-06-24,3,8
2022-06-24,4,24
2022-06-24,5,34
2022-06-24,6,125
2022-06-24,7,160
2022-06-24,8,122
2022-06-24,9,112
2022-06-24,10,93
2022-06-24,11,123
2022-06-24,12,113
2022-06-24,13,94
2022-06-24,14,61
2022-06-24,15,73
2022-06-24,16,88
2022-06-24,17,127
2022-06-24,18,100
2022-06-24,19,92
2022-06-24,20,65
2022-06-24,21,38
2022-06-24,22,23
2022-06-24,23,12
2022-06-25,0,0
2022-06-25,1,0
2022-06-25,2,5
2022-06-25,3,18
2022-06-25,4,13
2022-06-25,5,16
2022-06-25,6,29
2022-06-25,7,54
2022-06-25,8,69
2022-06-25,9,98
2022-06-25,10,121
2022-06-25,11,133
2022-06-25,12,124
2022-06-25,13,133
2022-06-25,14,124
2022-06-25,15,109
2022-06-25,16,90
2022-06-25,17,117
2022-06-25,18,83
2022-06-25,19,82
2022-06-25,20,75
2022-06-25,21,46
2022-06-25,22,9
2022-06-25,23,0
2022-06-26,0,0
2022-06-26,1,4
2022-06-26,2,0
2022-06-26,3,15
2022-06-26,4,11
2022-06-26,5,5
2022-06-26,6,13
2022-06-26,7,11
2022-06-26,8,53
2022-06-26,9,69
2022-06-26,10,97
2022-06-26,11,117
2022-06-26,12,118
2022-06-26,13,94
2022-06-26,14,115
2022-06-26,15,98
2022-06-26,16,70
2022-06-26,17,79
2022-06-26,18,31
2022-06-26,19,41
2022-06-26,20,40
2022-06-26,21,33
2022-06-26,22,0
2022-06-26,23,0
2022-06-27,0,0
2022-06-27,1,6
2022-06-27,2,1
2022-06-27,3,11
2022-06-27,4,22
2022-06-27,5,39
2022-06-27,6,104
2022-06-27,7,112
2022-06-27,8,114
2022-06-27,9,110
2022-06-27,10,119
2022-06-27,11,116
2022-06-27,12,111
2022-06-27,13,97
2022-06-27,14,74
2022-06-27,15,116
2022-06-27,16,83
2022-06-27,17,99
2022-06-27,18,85
2022-06-27,19,43
2022-06-27,20,56
2022-06-27,21,24
2022-06-27,22,0
2022-06-27,23,0
2022-06-28,0,0
2022-06-28,1,0
2022-06-28,2,0
2022-06-28,3,1
2022-06-28,4,14
2022-06-28,5,51
2022-06-28,6,94
2022-06-28,7,130
2022-06-28,8,131
2022-06-28,9,95
2022-06-28,10,101
2022-06-28,11,46
2022-06-28,12,77
2022-06-28,13,85
2022-06-28,14,73
2022-06-28,15,57
2022-06-28,16,85
2022-06-28,17,81
2022-06-28,18,93
2022-06-28,19,52
2022-06-28,20,49
2022-06-28,21,31
2022-06-28,22,0
2022-06-28,23,0
2022-06-29,0,0
2022-06-29,1,0
2022-06-29,2,0
2022-06-29,3,4
2022-06-29,4,7
2022-06-29,5,41
2022-06-29,6,127
2022-06-29,7,135
2022-06-29,8,128
2022-06-29,9,117
2022-06-29,10,96
2022-06-29,11,106
2022-06-29,12,115
2022-06-29,13,92
2022-06-29,14,86
2022-06-29,15,78
2022-06-29,16,71
2022-06-29,17,125
2022-06-29,18,85
2022-06-29,19,69
2022-06-29,20,43
2022-06-29,21,30
2022-06-29,22,0
2022-06-29,23,0
2022-06-30,0,0
2022-06-30,1,3
2022-06-30,2,3
2022-06-30,3,6
2022-06-30,4,13
2022-06-30,5,42
2022-06-30,6,103
2022-06-30,7,145
2022-06-30,8,130
2022-06-30,9,89
2022-06-30,10,82
2022-06-30,11,108
2022-06-30,12,79
2022-06-30,13,91
2022-06-30,14,87
2022-06-30,15,81
2022-06-30,16,88
2022-06-30,17,91
2022-06-30,18,83
2022-06-30,19,69
2022-06-30,20,39
2022-06-30,21,33
2022-06-30,22,5
2022-06-30,23,0
2022-07-01,0,0
2022-07-01,1,0
2022-07-01,2,0
2022-07-01,3,2
2022-07-01,4,19
2022-07-01,5,24
2022-07-01,6,63
2022-07-01,7,123
2022-07-01,8,113
2022-07-01,9,99
2022-07-01,10,105
2022-07-01,11,115
2022-07-01,12,127
2022-07-01,13,95
2022-07-01,14,94
2022-07-01,15,93
2022-07-01,16,82
2022-07-01,17,112
2022-07-01,18,92
2022-07-01,19,72
2022-07-01,20,42
2022-07-01,21,15
2022-07-01,22,0
2022-07-01,23,0
2022-07-02,0,0
2022-07-02,1,0
2022-07-02,2,0
2022-07-02,3,13
2022-07-02,4,11
2022-07-02,5,11
2022-07-02,6,35
2022-07-02,7,65
2022-07-02,8,86
2022-07-02,9,98
2022-07-02,10,100
2022-07-02,11,111
2022-07-02,12,108
2022-07-02,13,132
2022-07-02,14,124
2022-07-02,15,84
2022-07-02,16,100
2022-07-02,17,95
2022-07-02,18,107
2022-07-02,19,68
2022-07-02,20,44
2022-07-02,21,32
2022-07-02,22,0
2022-07-02,23,0
2022-07-03,0,0
2022-07-03,1,0
2022-07-03,2,0
2022-07-03,3,5
2022-07-03,4,9
2022-07-03,5,7
2022-07-03,6,12
2022-07-03,7,31
2022-07-03,8,28
2022-07-03,9,65
2022-07-03,10,73
2022-07-03,11,103
2022-07-03,12,119
2022-07-03,13,115
2022-07-03,14,84
2022-07-03,15,77
2022-07-03,16,69
2022-07-03,17,72
2022-07-03,18,55
2022-07-03,19,45
2022-07-03,20,29
2022-07-03,21,16
2022-07-03,22,0
2022-07-03,23,0
2022-07-04,0,0
2022-07-04,1,0
2022-07-04,2,0
2022-07-04,3,2
2022-07-04,4,19
2022-07-04,5,37
2022-07-04,6,90
2022-07-04,7,113
2022-07-04,8,111
2022-07-04,9,93
2022-07-04,10,102
2022-07-04,11,92
2022-07-04,12,87
2022-07-04,13,102
2022-07-04,14,98
2022-07-04,15,76
2022-07-04,16,75
2022-07-04,17,87
2022-07-04,18,55
2022-07-04,19,39
2022-07-04,20,29
2022-07-04,21,28
2022-07-04,22,0
2022-07-04,23,0
2022-07-05,0,0
2022-07-05,1,0
2022-07-05,2,0
2022-07-05,3,1
2022-07-05,4,10
2022-07-05,5,41
2022-07-05,6,125
2022-07-05,7,149
2022-07-05,8,110
2022-07-05,9,70
2022-07-05,10,0
2022-07-05,11,0
2022-07-05,12,0
2022-07-05,13,0
2022-07-05,14,0
2022-07-05,15,0
2022-07-05,16,0
2022-07-05,17,0
2022-07-05,18,0
2022-07-05,19,0
2022-07-05,20,0
2022-07-05,21,0
2022-07-05,22,0
2022-07-05,23,0
2022-07-06,0,0
2022-07-06,1,0
2022-07-06,2,0
2022-07-06,3,0
2022-07-06,4,0
2022-07-06,5,0
2022-07-06,6,39
2022-07-06,7,125
2022-07-06,8,134
2022-07-06,9,95
2022-07-06,10,103
2022-07-06,11,86
2022-07-06,12,99
2022-07-06,13,88
2022-07-06,14,87
2022-07-06,15,89
2022-07-06,16,83
2022-07-06,17,91
2022-07-06,18,67
2022-07-06,19,55
2022-07-06,20,38
2022-07-06,21,22
2022-07-06,22,0
2022-07-06,23,0
2022-07-07,0,0
2022-07-07,1,0
2022-07-07,2,0
2022-07-07,3,4
2022-07-07,4,24
2022-07-07,5,35
2022-07-07,6,102
2022-07-07,7,123
2022-07-07,8,128
2022-07-07,9,89
2022-07-07,10,98
2022-07-07,11,87
2022-07-07,12,107
2022-07-07,13,96
2022-07-07,14,77
2022-07-07,15,79
2022-07-07,16,81
2022-07-07,17,100
2022-07-07,18,73
2022-07-07,19,63
2022-07-07,20,52
2022-07-07,21,33
2022-07-07,22,0
2022-07-07,23,0
2022-07-08,0,0
2022-07-08,1,0
2022-07-08,2,0
2022-07-08,3,2
2022-07-08,4,10
2022-07-08,5,30
2022-07-08,6,81
2022-07-08,7,148
2022-07-08,8,111
2022-07-08,9,103
2022-07-08,10,119
2022-07-08,11,116
2022-07-08,12,121
2022-07-08,13,104
2022-07-08,14,102
2022-07-08,15,99
2022-07-08,16,121
2022-07-08,17,105
2022-07-08,18,113
2022-07-08,19,85
2022-07-08,20,83
2022-07-08,21,111
2022-07-08,22,37
2022-07-08,23,0
2022-07-09,0,0
2022-07-09,1,0
2022-07-09,2,0
2022-07-09,3,1
2022-07-09,4,7
2022-07-09,5,12
2022-07-09,6,25
2022-07-09,7,57
2022-07-09,8,74
2022-07-09,9,109
2022-07-09,10,92
2022-07-09,11,135
2022-07-09,12,145
2022-07-09,13,132
2022-07-09,14,110
2022-07-09,15,129
2022-07-09,16,94
2022-07-09,17,104
2022-07-09,18,95
2022-07-09,19,88
2022-07-09,20,74
2022-07-09,21,128
2022-07-09,22,8
2022-07-09,23,0
2022-07-10,0,0
2022-07-10,1,0
2022-07-10,2,0
2022-07-10,3,8
2022-07-10,4,6
2022-07-10,5,15
2022-07-10,6,28
2022-07-10,7,54
2022-07-10,8,46
2022-07-10,9,138
2022-07-10,10,93
2022-07-10,11,114
2022-07-10,12,98
2022-07-10,13,132
2022-07-10,14,81
2022-07-10,15,98
2022-07-10,16,87
2022-07-10,17,102
2022-07-10,18,65
2022-07-10,19,69
2022-07-10,20,79
2022-07-10,21,119
2022-07-10,22,43
2022-07-10,23,0
2022-07-11,0,0
2022-07-11,1,0
2022-07-11,2,0
2022-07-11,3,0
2022-07-11,4,12
2022-07-11,5,27
2022-07-11,6,101
2022-07-11,7,126
2022-07-11,8,108
2022-07-11,9,82
2022-07-11,10,76
2022-07-11,11,111
2022-07-11,12,84
2022-07-11,13,98
2022-07-11,14,76
2022-07-11,15,70
2022-07-11,16,64
2022-07-11,17,90
2022-07-11,18,76
2022-07-11,19,51
2022-07-11,20,52
2022-07-11,21,22
2022-07-11,22,0
2022-07-11,23,0
2022-07-12,0,0
2022-07-12,1,0
2022-07-12,2,0
2022-07-12,3,0
2022-07-12,4,7
2022-07-12,5,41
2022-07-12,6,97
2022-07-12,7,153
2022-07-12,8,130
2022-07-12,9,126
2022-07-12,10,110
2022-07-12,11,111
2022-07-12,12,104
2022-07-12,13,79
2022-07-12,14,101
2022-07-12,15,77
2022-07-12,16,70
2022-07-12,17,93
2022-07-12,18,79
2022-07-12,19,46
2022-07-12,20,45
2022-07-12,21,13
2022-07-12,22,0
2022-07-12,23,0
2022-07-13,0,0
2022-07-13,1,0
2022-07-13,2,0
2022-07-13,3,0
2022-07-13,4,11
2022-07-13,5,37
2022-07-13,6,97
2022-07-13,7,135
2022-07-13,8,136
2022-07-13,9,84
2022-07-13,10,106
2022-07-13,11,83
2022-07-13,12,100
2022-07-13,13,68
2022-07-13,14,81
2022-07-13,15,63
2022-07-13,16,77
2022-07-13,17,85
2022-07-13,18,76
2022-07-13,19,42
2022-07-13,20,58
2022-07-13,21,17
2022-07-13,22,0
2022-07-13,23,0
2022-07-14,0,0
2022-07-14,1,0
2022-07-14,2,0
2022-07-14,3,1
2022-07-14,4,17
2022-07-14,5,41
2022-07-14,6,98
2022-07-14,7,136
2022-07-14,8,66
2022-07-14,9,82
2022-07-14,10,77
2022-07-14,11,106
2022-07-14,12,104
2022-07-14,13,91
2022-07-14,14,88
2022-07-14,15,78
2022-07-14,16,66
2022-07-14,17,97
2022-07-14,18,67
2022-07-14,19,66
2022-07-14,20,51
2022-07-14,21,14
2022-07-14,22,0
2022-07-14,23,0
2022-07-15,0,4
2022-07-15,1,0
2022-07-15,2,9
2022-07-15,3,6
2022-07-15,4,24
2022-07-15,5,41
2022-07-15,6,79
2022-07-15,7,131
2022-07-15,8,122
2022-07-15,9,87
2022-07-15,10,81
2022-07-15,11,123
2022-07-15,12,135
2022-07-15,13,92
2022-07-15,14,84
2022-07-15,15,85
2022-07-15,16,97
2022-07-15,17,105
2022-07-15,18,85
2022-07-15,19,83
2022-07-15,20,65
2022-07-15,21,39
2022-07-15,22,0
2022-07-15,23,0
2022-07-16,0,0
2022-07-16,1,0
2022-07-16,2,0
2022-07-16,3,3
2022-07-16,4,5
2022-07-16,5,17
2022-07-16,6,21
2022-07-16,7,62
2022-07-16,8,79
2022-07-16,9,85
2022-07-16,10,110
2022-07-16,11,111
2022-07-16,12,130
2022-07-16,13,98
2022-07-16,14,111
2022-07-16,15,75
2022-07-16,16,94
2022-07-16,17,83
2022-07-16,18,96
2022-07-16,19,49
2022-07-16,20,37
2022-07-16,21,20
2022-07-16,22,0
2022-07-16,23,0
2022-07-17,0,0
2022-07-17,1,0
2022-07-17,2,0
2022-07-17,3,0
2022-07-17,4,5
2022-07-17,5,14
2022-07-17,6,14
2022-07-17,7,27
2022-07-17,8,40
2022-07-17,9,52
2022-07-17,10,65
2022-07-17,11,95
2022-07-17,12,136
2022-07-17,13,119
2022-07-17,14,80
2022-07-17,15,82
2022-07-17,16,76
2022-07-17,17,109
2022-07-17,18,78
2022-07-17,19,78
2022-07-17,20,53
2022-07-17,21,18
2022-07-17,22,1
2022-07-17,23,0
2022-07-18,0,0
2022-07-18,1,0
2022-07-18,2,0
2022-07-18,3,2
2022-07-18,4,19
2022-07-18,5,30
2022-07-18,6,77
2022-07-18,7,104
2022-07-18,8,90
2022-07-18,9,85
2022-07-18,10,106
2022-07-18,11,110
2022-07-18,12,94
2022-07-18,13,106
2022-07-18,14,92
2022-07-18,15,56
2022-07-18,16,96
2022-07-18,17,94
2022-07-18,18,63
2022-07-18,19,72
2022-07-18,20,50
2022-07-18,21,17
2022-07-18,22,0
2022-07-18,23,0
2022-07-19,0,0
2022-07-19,1,0
2022-07-19,2,0
2022-07-19,3,0
2022-07-19,4,2
2022-07-19,5,36
2022-07-19,6,73
2022-07-19,7,144
2022-07-19,8,150
2022-07-19,9,93
2022-07-19,10,119
2022-07-19,11,94
2022-07-19,12,88
2022-07-19,13,90
2022-07-19,14,64
2022-07-19,15,97
2022-07-19,16,101
2022-07-19,17,98
2022-07-19,18,79
2022-07-19,19,59
2022-07-19,20,45
2022-07-19,21,24
2022-07-19,22,0
2022-07-19,23,2
2022-07-20,0,0
2022-07-20,1,0
2022-07-20,2,0
2022-07-20,3,0
2022-07-20,4,2
2022-07-20,5,30
2022-07-20,6,101
2022-07-20,7,145
2022-07-20,8,172
2022-07-20,9,107
2022-07-20,10,92
2022-07-20,11,120
2022-07-20,12,97
2022-07-20,13,88
2022-07-20,14,106
2022-07-20,15,101
2022-07-20,16,109
2022-07-20,17,120
2022-07-20,18,71
2022-07-20,19,65
2022-07-20,20,50
2022-07-20,21,24
2022-07-20,22,1
2022-07-20,23,0
2022-07-21,0,0
2022-07-21,1,0
2022-07-21,2,0
2022-07-21,3,5
2022-07-21,4,15
2022-07-21,5,43
2022-07-21,6,107
2022-07-21,7,137
2022-07-21,8,116
2022-07-21,9,92
2022-07-21,10,96
2022-07-21,11,89
2022-07-21,12,98
2022-07-21,13,121
2022-07-21,14,87
2022-07-21,15,71
2022-07-21,16,70
2022-07-21,17,114
2022-07-21,18,78
2022-07-21,19,45
2022-07-21,20,44
2022-07-21,21,12
2022-07-21,22,0
2022-07-21,23,0
2022-07-22,0,0
2022-07-22,1,0
2022-07-22,2,0
2022-07-22,3,1
2022-07-22,4,11
2022-07-22,5,29
2022-07-22,6,106
2022-07-22,7,116
2022-07-22,8,93
2022-07-22,9,97
2022-07-22,10,94
2022-07-22,11,121
2022-07-22,12,93
2022-07-22,13,105
2022-07-22,14,115
2022-07-22,15,92
2022-07-22,16,98
2022-07-22,17,141
2022-07-22,18,110
2022-07-22,19,83
2022-07-22,20,74
2022-07-22,21,15
2022-07-22,22,0
2022-07-22,23,0
2022-07-23,0,3
2022-07-23,1,2
2022-07-23,2,1
2022-07-23,3,0
2022-07-23,4,3
2022-07-23,5,19
2022-07-23,6,32
2022-07-23,7,60
2022-07-23,8,65
2022-07-23,9,86
2022-07-23,10,136
2022-07-23,11,69
2022-07-23,12,124
2022-07-23,13,110
2022-07-23,14,96
2022-07-23,15,73
2022-07-23,16,77
2022-07-23,17,126
2022-07-23,18,108
2022-07-23,19,67
2022-07-23,20,47
2022-07-23,21,11
2022-07-23,22,20
2022-07-23,23,7
2022-07-24,0,1
2022-07-24,1,1
2022-07-24,2,0
2022-07-24,3,0
2022-07-24,4,6
2022-07-24,5,13
2022-07-24,6,22
2022-07-24,7,20
2022-07-24,8,44
2022-07-24,9,50
2022-07-24,10,109
2022-07-24,11,108
2022-07-24,12,101
2022-07-24,13,110
2022-07-24,14,98
2022-07-24,15,93
2022-07-24,16,94
2022-07-24,17,94
2022-07-24,18,56
2022-07-24,19,43
2022-07-24,20,30
2022-07-24,21,8
2022-07-24,22,0
2022-07-24,23,0
2022-07-25,0,0
2022-07-25,1,0
2022-07-25,2,0
2022-07-25,3,1
2022-07-25,4,17
2022-07-25,5,40
2022-07-25,6,75
2022-07-25,7,139
2022-07-25,8,116
2022-07-25,9,90
2022-07-25,10,85
2022-07-25,11,94
2022-07-25,12,106
2022-07-25,13,92
2022-07-25,14,85
2022-07-25,15,82
2022-07-25,16,101
2022-07-25,17,116
2022-07-25,18,71
2022-07-25,19,51
2022-07-25,20,40
2022-07-25,21,20
2022-07-25,22,0
2022-07-25,23,0
2022-07-26,0,0
2022-07-26,1,0
2022-07-26,2,0
2022-07-26,3,12
2022-07-26,4,8
2022-07-26,5,42
2022-07-26,6,114
2022-07-26,7,145
2022-07-26,8,128
2022-07-26,9,95
2022-07-26,10,110
2022-07-26,11,95
2022-07-26,12,106
2022-07-26,13,102
2022-07-26,14,94
2022-07-26,15,68
2022-07-26,16,76
2022-07-26,17,101
2022-07-26,18,80
2022-07-26,19,47
2022-07-26,20,41
2022-07-26,21,16
2022-07-26,22,0
2022-07-26,23,0
2022-07-27,0,0
2022-07-27,1,0
2022-07-27,2,0
2022-07-27,3,0
2022-07-27,4,11
2022-07-27,5,52
2022-07-27,6,105
2022-07-27,7,151
2022-07-27,8,156
2022-07-27,9,118
2022-07-27,10,105
2022-07-27,11,116
2022-07-27,12,110
2022-07-27,13,101
2022-07-27,14,100
2022-07-27,15,83
2022-07-27,16,82
2022-07-27,17,111
2022-07-27,18,70
2022-07-27,19,59
2022-07-27,20,39
2022-07-27,21,12
2022-07-27,22,0
2022-07-27,23,0
2022-07-28,0,0
2022-07-28,1,0
2022-07-28,2,0
2022-07-28,3,0
2022-07-28,4,14
2022-07-28,5,41
2022-07-28,6,103
2022-07-28,7,146
2022-07-28,8,114
2022-07-28,9,98
2022-07-28,10,89
2022-07-28,11,125
2022-07-28,12,94
2022-07-28,13,96
2022-07-28,14,85
2022-07-28,15,59
2022-07-28,16,67
2022-07-28,17,79
2022-07-28,18,94
2022-07-28,19,27
2022-07-28,20,12
2022-07-28,21,0
2022-07-28,22,0
2022-07-28,23,0
2022-07-29,0,0
2022-07-29,1,0
2022-07-29,2,0
2022-07-29,3,0
2022-07-29,4,11
2022-07-29,5,49
2022-07-29,6,81
2022-07-29,7,144
2022-07-29,8,93
2022-07-29,9,110
2022-07-29,10,126
2022-07-29,11,90
2022-07-29,12,137
2022-07-29,13,121
2022-07-29,14,117
2022-07-29,15,87
2022-07-29,16,90
2022-07-29,17,100
2022-07-29,18,68
2022-07-29,19,66
2022-07-29,20,0
2022-07-29,21,0
2022-07-29,22,0
2022-07-29,23,0
2022-07-30,0,2
2022-07-30,1,0
2022-07-30,2,0
2022-07-30,3,0
2022-07-30,4,10
2022-07-30,5,18
2022-07-30,6,17
2022-07-30,7,72
2022-07-30,8,84
2022-07-30,9,53
2022-07-30,10,96
2022-07-30,11,99
2022-07-30,12,111
2022-07-30,13,115
2022-07-30,14,92
2022-07-30,15,92
2022-07-30,16,87
2022-07-30,17,88
2022-07-30,18,97
2022-07-30,19,78
2022-07-30,20,55
2022-07-30,21,8
2022-07-30,22,0
2022-07-30,23,1
2022-07-31,0,0
2022-07-31,1,0
2022-07-31,2,0
2022-07-31,3,0
2022-07-31,4,2
2022-07-31,5,6
2022-07-31,6,29
2022-07-31,7,28
2022-07-31,8,61
2022-07-31,9,87
2022-07-31,10,72
2022-07-31,11,130
2022-07-31,12,114
2022-07-31,13,133
2022-07-31,14,154
2022-07-31,15,77
2022-07-31,16,89
2022-07-31,17,100
2022-07-31,18,67
2022-07-31,19,54
2022-07-31,20,42
2022-07-31,21,5
2022-07-31,22,0
2022-07-31,23,0
2022-08-01,0,0
2022-08-01,1,0
2022-08-01,2,0
2022-08-01,3,0
2022-08-01,4,10
2022-08-01,5,32
2022-08-01,6,83
2022-08-01,7,141
2022-08-01,8,103
2022-08-01,9,87
2022-08-01,10,99
2022-08-01,11,100
2022-08-01,12,93
2022-08-01,13,87
2022-08-01,14,80
2022-08-01,15,72
2022-08-01,16,75
2022-08-01,17,80
2022-08-01,18,81
2022-08-01,19,85
2022-08-01,20,55
2022-08-01,21,2
2022-08-01,22,2
2022-08-01,23,0
2022-08-02,0,0
2022-08-02,1,0
2022-08-02,2,1
2022-08-02,3,0
2022-08-02,4,8
2022-08-02,5,46
2022-08-02,6,76
2022-08-02,7,144
2022-08-02,8,128
2022-08-02,9,104
2022-08-02,10,101
2022-08-02,11,102
2022-08-02,12,87
2022-08-02,13,88
2022-08-02,14,75
2022-08-02,15,82
2022-08-02,16,64
2022-08-02,17,77
2022-08-02,18,65
2022-08-02,19,41
2022-08-02,20,29
2022-08-02,21,0
2022-08-02,22,0
2022-08-02,23,0
2022-08-03,0,0
2022-08-03,1,0
2022-08-03,2,0
2022-08-03,3,0
2022-08-03,4,13
2022-08-03,5,38
2022-08-03,6,107
2022-08-03,7,164
2022-08-03,8,116
2022-08-03,9,119
2022-08-03,10,129
2022-08-03,11,96
2022-08-03,12,97
2022-08-03,13,117
2022-08-03,14,90
2022-08-03,15,96
2022-08-03,16,85
2022-08-03,17,91
2022-08-03,18,77
2022-08-03,19,121
2022-08-03,20,211
2022-08-03,21,91
2022-08-03,22,7
2022-08-03,23,4
2022-08-04,0,0
2022-08-04,1,0
2022-08-04,2,1
2022-08-04,3,3
2022-08-04,4,37
2022-08-04,5,51
2022-08-04,6,91
2022-08-04,7,157
2022-08-04,8,125
2022-08-04,9,134
2022-08-04,10,101
2022-08-04,11,130
2022-08-04,12,119
2022-08-04,13,110
2022-08-04,14,99
2022-08-04,15,100
2022-08-04,16,110
2022-08-04,17,110
2022-08-04,18,82
2022-08-04,19,168
2022-08-04,20,178
2022-08-04,21,67
2022-08-04,22,2
2022-08-04,23,0
2022-08-05,0,0
2022-08-05,1,0
2022-08-05,2,0
2022-08-05,3,0
2022-08-05,4,18
2022-08-05,5,32
2022-08-05,6,91
2022-08-05,7,150
2022-08-05,8,118
2022-08-05,9,100
2022-08-05,10,124
2022-08-05,11,126
2022-08-05,12,109
2022-08-05,13,107
2022-08-05,14,101
2022-08-05,15,139
2022-08-05,16,119
2022-08-05,17,147
2022-08-05,18,104
2022-08-05,19,74
2022-08-05,20,49
2022-08-05,21,0
2022-08-05,22,0
2022-08-05,23,0
2022-08-06,0,0
2022-08-06,1,0
2022-08-06,2,0
2022-08-06,3,0
2022-08-06,4,11
2022-08-06,5,21
2022-08-06,6,21
2022-08-06,7,87
2022-08-06,8,91
2022-08-06,9,105
2022-08-06,10,115
2022-08-06,11,135
2022-08-06,12,119
2022-08-06,13,115
2022-08-06,14,115
2022-08-06,15,97
2022-08-06,16,112
2022-08-06,17,121
2022-08-06,18,105
2022-08-06,19,139
2022-08-06,20,173
2022-08-06,21,56
2022-08-06,22,13
2022-08-06,23,2
2022-08-07,0,1
2022-08-07,1,1
2022-08-07,2,0
2022-08-07,3,0
2022-08-07,4,3
2022-08-07,5,14
2022-08-07,6,8
2022-08-07,7,30
2022-08-07,8,64
2022-08-07,9,65
2022-08-07,10,120
2022-08-07,11,149
2022-08-07,12,158
2022-08-07,13,126
2022-08-07,14,111
2022-08-07,15,82
2022-08-07,16,94
2022-08-07,17,86
2022-08-07,18,82
2022-08-07,19,47
2022-08-07,20,46
2022-08-07,21,0
2022-08-07,22,0
2022-08-07,23,0
2022-08-08,0,0
2022-08-08,1,0
2022-08-08,2,0
2022-08-08,3,0
2022-08-08,4,7
2022-08-08,5,40
2022-08-08,6,91
2022-08-08,7,154
2022-08-08,8,122
2022-08-08,9,104
2022-08-08,10,115
2022-08-08,11,99
2022-08-08,12,99
2022-08-08,13,104
2022-08-08,14,105
2022-08-08,15,94
2022-08-08,16,90
2022-08-08,17,84
2022-08-08,18,87
2022-08-08,19,38
2022-08-08,20,18
2022-08-08,21,0
2022-08-08,22,7
2022-08-08,23,0
2022-08-09,0,0
2022-08-09,1,0
2022-08-09,2,0
2022-08-09,3,0
2022-08-09,4,6
2022-08-09,5,52
2022-08-09,6,101
2022-08-09,7,149
2022-08-09,8,114
2022-08-09,9,107
2022-08-09,10,117
2022-08-09,11,129
2022-08-09,12,128
2022-08-09,13,113
2022-08-09,14,88
2022-08-09,15,100
2022-08-09,16,118
2022-08-09,17,98
2022-08-09,18,86
2022-08-09,19,54
2022-08-09,20,37
2022-08-09,21,0
2022-08-09,22,0
2022-08-09,23,0
2022-08-10,0,0
2022-08-10,1,0
2022-08-10,2,0
2022-08-10,3,0
2022-08-10,4,6
2022-08-10,5,45
2022-08-10,6,105
2022-08-10,7,107
2022-08-10,8,141
2022-08-10,9,116
2022-08-10,10,84
2022-08-10,11,120
2022-08-10,12,142
2022-08-10,13,99
2022-08-10,14,89
2022-08-10,15,69
2022-08-10,16,69
2022-08-10,17,72
2022-08-10,18,75
2022-08-10,19,43
2022-08-10,20,28
2022-08-10,21,0
2022-08-10,22,0
2022-08-10,23,0
2022-08-11,0,2
2022-08-11,1,0
2022-08-11,2,0
2022-08-11,3,0
2022-08-11,4,13
2022-08-11,5,39
2022-08-11,6,93
2022-08-11,7,102
2022-08-11,8,113
2022-08-11,9,90
2022-08-11,10,98
2022-08-11,11,114
2022-08-11,12,85
2022-08-11,13,94
2022-08-11,14,89
2022-08-11,15,64
2022-08-11,16,57
2022-08-11,17,73
2022-08-11,18,89
2022-08-11,19,42
2022-08-11,20,194
2022-08-11,21,250
2022-08-11,22,90
2022-08-11,23,9
2022-08-12,0,6
2022-08-12,1,0
2022-08-12,2,0
2022-08-12,3,0
2022-08-12,4,10
2022-08-12,5,37
2022-08-12,6,72
2022-08-12,7,107
2022-08-12,8,106
2022-08-12,9,83
2022-08-12,10,98
2022-08-12,11,107
2022-08-12,12,107
2022-08-12,13,102
2022-08-12,14,77
2022-08-12,15,81
2022-08-12,16,101
2022-08-12,17,107
2022-08-12,18,76
2022-08-12,19,35
2022-08-12,20,167
2022-08-12,21,65
2022-08-12,22,13
2022-08-12,23,4
2022-08-13,0,0
2022-08-13,1,0
2022-08-13,2,0
2022-08-13,3,0
2022-08-13,4,6
2022-08-13,5,18
2022-08-13,6,31
2022-08-13,7,68
2022-08-13,8,84
2022-08-13,9,84
2022-08-13,10,107
2022-08-13,11,115
2022-08-13,12,94
2022-08-13,13,90
2022-08-13,14,96
2022-08-13,15,81
2022-08-13,16,86
2022-08-13,17,107
2022-08-13,18,100
2022-08-13,19,63
2022-08-13,20,18
2022-08-13,21,0
2022-08-13,22,0
2022-08-13,23,0
2022-08-14,0,0
2022-08-14,1,0
2022-08-14,2,0
2022-08-14,3,0
2022-08-14,4,3
2022-08-14,5,17
2022-08-14,6,17
2022-08-14,7,29
2022-08-14,8,37
2022-08-14,9,68
2022-08-14,10,89
2022-08-14,11,101
2022-08-14,12,108
2022-08-14,13,121
2022-08-14,14,108
2022-08-14,15,83
2022-08-14,16,95
2022-08-14,17,99
2022-08-14,18,73
2022-08-14,19,35
2022-08-14,20,0
2022-08-14,21,0
2022-08-14,22,0
2022-08-14,23,0
2022-08-15,0,0
2022-08-15,1,0
2022-08-15,2,0
2022-08-15,3,0
2022-08-15,4,6
2022-08-15,5,41
2022-08-15,6,96
2022-08-15,7,126
2022-08-15,8,136
2022-08-15,9,107
2022-08-15,10,106
2022-08-15,11,92
2022-08-15,12,142
2022-08-15,13,106
2022-08-15,14,92
2022-08-15,15,79
2022-08-15,16,72
2022-08-15,17,101
2022-08-15,18,101
2022-08-15,19,81
2022-08-15,20,73
2022-08-15,21,25
2022-08-15,22,17
2022-08-15,23,1
2022-08-16,0,14
2022-08-16,1,0
2022-08-16,2,8
2022-08-16,3,6
2022-08-16,4,30
2022-08-16,5,61
2022-08-16,6,111
2022-08-16,7,161
2022-08-16,8,165
2022-08-16,9,105
2022-08-16,10,126
2022-08-16,11,108
2022-08-16,12,113
2022-08-16,13,123
2022-08-16,14,83
2022-08-16,15,62
2022-08-16,16,89
2022-08-16,17,105
2022-08-16,18,93
2022-08-16,19,90
2022-08-16,20,40
2022-08-16,21,1
2022-08-16,22,0
2022-08-16,23,0
2022-08-17,0,0
2022-08-17,1,0
2022-08-17,2,0
2022-08-17,3,0
2022-08-17,4,6
2022-08-17,5,35
2022-08-17,6,100
2022-08-17,7,127
2022-08-17,8,147
2022-08-17,9,90
2022-08-17,10,107
2022-08-17,11,93
2022-08-17,12,99
2022-08-17,13,94
2022-08-17,14,100
2022-08-17,15,74
2022-08-17,16,65
2022-08-17,17,100
2022-08-17,18,79
2022-08-17,19,59
2022-08-17,20,19
2022-08-17,21,1
2022-08-17,22,0
2022-08-17,23,0
2022-08-18,0,0
2022-08-18,1,0
2022-08-18,2,0
2022-08-18,3,0
2022-08-18,4,8
2022-08-18,5,31
2022-08-18,6,125
2022-08-18,7,146
2022-08-18,8,170
2022-08-18,9,108
2022-08-18,10,100
2022-08-18,11,112
2022-08-18,12,105
2022-08-18,13,81
2022-08-18,14,88
2022-08-18,15,72
2022-08-18,16,72
2022-08-18,17,86
2022-08-18,18,86
2022-08-18,19,60
2022-08-18,20,35
2022-08-18,21,0
2022-08-18,22,0
2022-08-18,23,0
2022-08-19,0,0
2022-08-19,1,0
2022-08-19,2,0
2022-08-19,3,0
2022-08-19,4,7
2022-08-19,5,31
2022-08-19,6,100
2022-08-19,7,128
2022-08-19,8,137
2022-08-19,9,83
2022-08-19,10,112
2022-08-19,11,101
2022-08-19,12,119
2022-08-19,13,84
2022-08-19,14,73
2022-08-19,15,61
2022-08-19,16,99
2022-08-19,17,110
2022-08-19,18,92
2022-08-19,19,78
2022-08-19,20,36
2022-08-19,21,0
2022-08-19,22,0
2022-08-19,23,0
2022-08-20,0,0
2022-08-20,1,0
2022-08-20,2,0
2022-08-20,3,0
2022-08-20,4,0
2022-08-20,5,38
2022-08-20,6,27
2022-08-20,7,28
2022-08-20,8,60
2022-08-20,9,92
2022-08-20,10,114
2022-08-20,11,118
2022-08-20,12,121
2022-08-20,13,109
2022-08-20,14,98
2022-08-20,15,69
2022-08-20,16,75
2022-08-20,17,90
2022-08-20,18,76
2022-08-20,19,65
2022-08-20,20,22
2022-08-20,21,0
2022-08-20,22,0
2022-08-20,23,0
2022-08-21,0,0
2022-08-21,1,0
2022-08-21,2,0
2022-08-21,3,0
2022-08-21,4,0
2022-08-21,5,6
2022-08-21,6,7
2022-08-21,7,31
2022-08-21,8,48
2022-08-21,9,58
2022-08-21,10,82
2022-08-21,11,140
2022-08-21,12,149
2022-08-21,13,130
2022-08-21,14,106
2022-08-21,15,79
2022-08-21,16,90
2022-08-21,17,82
2022-08-21,18,65
2022-08-21,19,64
2022-08-21,20,17
2022-08-21,21,0
2022-08-21,22,0
2022-08-21,23,0
2022-08-22,0,0
2022-08-22,1,0
2022-08-22,2,0
2022-08-22,3,0
2022-08-22,4,0
2022-08-22,5,20
2022-08-22,6,111
2022-08-22,7,137
2022-08-22,8,137
2022-08-22,9,99
2022-08-22,10,90
2022-08-22,11,68
2022-08-22,12,81
2022-08-22,13,98
2022-08-22,14,76
2022-08-22,15,76
2022-08-22,16,59
2022-08-22,17,64
2022-08-22,18,88
2022-08-22,19,38
2022-08-22,20,30
2022-08-22,21,0
2022-08-22,22,1
2022-08-22,23,0
2022-08-23,0,0
2022-08-23,1,0
2022-08-23,2,1
2022-08-23,3,0
2022-08-23,4,4
2022-08-23,5,35
2022-08-23,6,117
2022-08-23,7,135
2022-08-23,8,144
2022-08-23,9,102
2022-08-23,10,110
2022-08-23,11,101
2022-08-23,12,113
2022-08-23,13,122
2022-08-23,14,78
2022-08-23,15,57
2022-08-23,16,57
2022-08-23,17,83
2022-08-23,18,78
2022-08-23,19,51
2022-08-23,20,7
2022-08-23,21,0
2022-08-23,22,0
2022-08-23,23,0
2022-08-24,0,0
2022-08-24,1,0
2022-08-24,2,0
2022-08-24,3,0
2022-08-24,4,0
2022-08-24,5,65
2022-08-24,6,127
2022-08-24,7,164
2022-08-24,8,165
2022-08-24,9,116
2022-08-24,10,119
2022-08-24,11,92
2022-08-24,12,92
2022-08-24,13,108
2022-08-24,14,91
2022-08-24,15,58
2022-08-24,16,68
2022-08-24,17,83
2022-08-24,18,76
2022-08-24,19,52
2022-08-24,20,8
2022-08-24,21,0
2022-08-24,22,0
2022-08-24,23,0
2022-08-25,0,0
2022-08-25,1,0
2022-08-25,2,0
2022-08-25,3,0
2022-08-25,4,0
2022-08-25,5,31
2022-08-25,6,84
2022-08-25,7,111
2022-08-25,8,125
2022-08-25,9,99
2022-08-25,10,104
2022-08-25,11,114
2022-08-25,12,100
2022-08-25,13,94
2022-08-25,14,93
2022-08-25,15,99
2022-08-25,16,66
2022-08-25,17,108
2022-08-25,18,96
2022-08-25,19,48
2022-08-25,20,11
2022-08-25,21,0
2022-08-25,22,0
2022-08-25,23,0
2022-08-26,0,0
2022-08-26,1,0
2022-08-26,2,0
2022-08-26,3,0
2022-08-26,4,1
2022-08-26,5,36
2022-08-26,6,75
2022-08-26,7,130
2022-08-26,8,126
2022-08-26,9,101
2022-08-26,10,112
2022-08-26,11,88
2022-08-26,12,110
2022-08-26,13,79
2022-08-26,14,66
2022-08-26,15,70
2022-08-26,16,86
2022-08-26,17,139
2022-08-26,18,101
2022-08-26,19,83
2022-08-26,20,15
2022-08-26,21,0
2022-08-26,22,0
2022-08-26,23,0
2022-08-27,0,0
2022-08-27,1,0
2022-08-27,2,0
2022-08-27,3,0
2022-08-27,4,0
2022-08-27,5,19
2022-08-27,6,31
2022-08-27,7,48
2022-08-27,8,80
2022-08-27,9,76
2022-08-27,10,117
2022-08-27,11,118
2022-08-27,12,123
2022-08-27,13,112
2022-08-27,14,108
2022-08-27,15,89
2022-08-27,16,91
2022-08-27,17,124
2022-08-27,18,89
2022-08-27,19,71
2022-08-27,20,1
2022-08-27,21,0
2022-08-27,22,0
2022-08-27,23,1
2022-08-28,0,0
2022-08-28,1,0
2022-08-28,2,0
2022-08-28,3,0
2022-08-28,4,0
2022-08-28,5,7
2022-08-28,6,20
2022-08-28,7,25
2022-08-28,8,44
2022-08-28,9,69
2022-08-28,10,71
2022-08-28,11,117
2022-08-28,12,95
2022-08-28,13,98
2022-08-28,14,87
2022-08-28,15,81
2022-08-28,16,72
2022-08-28,17,98
2022-08-28,18,94
2022-08-28,19,50
2022-08-28,20,6
2022-08-28,21,0
2022-08-28,22,0
2022-08-28,23,0
2022-08-29,0,0
2022-08-29,1,0
2022-08-29,2,0
2022-08-29,3,0
2022-08-29,4,0
2022-08-29,5,33
2022-08-29,6,97
2022-08-29,7,131
2022-08-29,8,159
2022-08-29,9,102
2022-08-29,10,94
2022-08-29,11,118
2022-08-29,12,103
2022-08-29,13,94
2022-08-29,14,102
2022-08-29,15,64
2022-08-29,16,82
2022-08-29,17,101
2022-08-29,18,106
2022-08-29,19,60
2022-08-29,20,0
2022-08-29,21,0
2022-08-29,22,0
2022-08-29,23,0
2022-08-30,0,0
2022-08-30,1,0
2022-08-30,2,0
2022-08-30,3,0
2022-08-30,4,0
2022-08-30,5,29
2022-08-30,6,128
2022-08-30,7,152
2022-08-30,8,151
2022-08-30,9,116
2022-08-30,10,91
2022-08-30,11,102
2022-08-30,12,120
2022-08-30,13,98
2022-08-30,14,75
2022-08-30,15,50
2022-08-30,16,64
2022-08-30,17,115
2022-08-30,18,92
2022-08-30,19,53
2022-08-30,20,0
2022-08-30,21,0
2022-08-30,22,0
2022-08-30,23,0
2022-08-31,0,0
2022-08-31,1,0
2022-08-31,2,0
2022-08-31,3,0
2022-08-31,4,0
2022-08-31,5,37
2022-08-31,6,79
2022-08-31,7,120
2022-08-31,8,121
2022-08-31,9,92
2022-08-31,10,104
2022-08-31,11,120
2022-08-31,12,107
2022-08-31,13,112
2022-08-31,14,69
2022-08-31,15,85
2022-08-31,16,65
2022-08-31,17,109
2022-08-31,18,94
2022-08-31,19,47
2022-08-31,20,0
2022-08-31,21,20
2022-08-31,22,1
2022-08-31,23,0
2022-09-01,0,0
2022-09-01,1,0
2022-09-01,2,3
2022-09-01,3,0
2022-09-01,4,0
2022-09-01,5,32
2022-09-01,6,97
2022-09-01,7,124
2022-09-01,8,132
2022-09-01,9,79
2022-09-01,10,80
2022-09-01,11,122
2022-09-01,12,94
2022-09-01,13,88
2022-09-01,14,88
2022-09-01,15,73
2022-09-01,16,81
2022-09-01,17,119
2022-09-01,18,100
2022-09-01,19,48
2022-09-01,20,0
2022-09-01,21,0
2022-09-01,22,0
2022-09-01,23,0
2022-09-02,0,0
2022-09-02,1,0
2022-09-02,2,0
2022-09-02,3,0
2022-09-02,4,1
2022-09-02,5,31
2022-09-02,6,71
2022-09-02,7,111
2022-09-02,8,106
2022-09-02,9,64
2022-09-02,10,94
2022-09-02,11,96
2022-09-02,12,105
2022-09-02,13,92
2022-09-02,14,87
2022-09-02,15,87
2022-09-02,16,131
2022-09-02,17,108
2022-09-02,18,120
2022-09-02,19,62
2022-09-02,20,0
2022-09-02,21,0
2022-09-02,22,1
2022-09-02,23,0
2022-09-03,0,0
2022-09-03,1,0
2022-09-03,2,0
2022-09-03,3,0
2022-09-03,4,0
2022-09-03,5,14
2022-09-03,6,28
2022-09-03,7,89
2022-09-03,8,98
2022-09-03,9,100
2022-09-03,10,159
2022-09-03,11,126
2022-09-03,12,137
2022-09-03,13,114
2022-09-03,14,124
2022-09-03,15,93
2022-09-03,16,108
2022-09-03,17,113
2022-09-03,18,106
2022-09-03,19,52
2022-09-03,20,47
2022-09-03,21,20
2022-09-03,22,3
2022-09-03,23,0
2022-09-04,0,0
2022-09-04,1,0
2022-09-04,2,0
2022-09-04,3,0
2022-09-04,4,5
2022-09-04,5,27
2022-09-04,6,12
2022-09-04,7,23
2022-09-04,8,51
2022-09-04,9,69
2022-09-04,10,71
2022-09-04,11,113
2022-09-04,12,127
2022-09-04,13,132
2022-09-04,14,119
2022-09-04,15,108
2022-09-04,16,105
2022-09-04,17,121
2022-09-04,18,71
2022-09-04,19,49
2022-09-04,20,0
2022-09-04,21,3
2022-09-04,22,0
2022-09-04,23,0
2022-09-05,0,0
2022-09-05,1,0
2022-09-05,2,1
2022-09-05,3,0
2022-09-05,4,3
2022-09-05,5,68
2022-09-05,6,105
2022-09-05,7,126
2022-09-05,8,109
2022-09-05,9,65
2022-09-05,10,101
2022-09-05,11,106
2022-09-05,12,82
2022-09-05,13,105
2022-09-05,14,90
2022-09-05,15,69
2022-09-05,16,85
2022-09-05,17,82
2022-09-05,18,85
2022-09-05,19,34
2022-09-05,20,0
2022-09-05,21,2
2022-09-05,22,5
2022-09-05,23,1
2022-09-06,0,0
2022-09-06,1,0
2022-09-06,2,0
2022-09-06,3,0
2022-09-06,4,0
2022-09-06,5,25
2022-09-06,6,91
2022-09-06,7,141
2022-09-06,8,153
2022-09-06,9,93
2022-09-06,10,86
2022-09-06,11,121
2022-09-06,12,104
2022-09-06,13,100
2022-09-06,14,94
2022-09-06,15,77
2022-09-06,16,51
2022-09-06,17,87
2022-09-06,18,114
2022-09-06,19,46
2022-09-06,20,0
2022-09-06,21,12
2022-09-06,22,15
2022-09-06,23,2
2022-09-07,0,0
2022-09-07,1,0
2022-09-07,2,1
2022-09-07,3,0
2022-09-07,4,0
2022-09-07,5,29
2022-09-07,6,102
2022-09-07,7,143
2022-09-07,8,153
2022-09-07,9,106
2022-09-07,10,105
2022-09-07,11,96
2022-09-07,12,94
2022-09-07,13,97
2022-09-07,14,98
2022-09-07,15,64
2022-09-07,16,64
2022-09-07,17,99
2022-09-07,18,68
2022-09-07,19,26
2022-09-07,20,0
2022-09-07,21,8
2022-09-07,22,1
2022-09-07,23,1
2022-09-08,0,0
2022-09-08,1,0
2022-09-08,2,0
2022-09-08,3,0
2022-09-08,4,0
2022-09-08,5,23
2022-09-08,6,90
2022-09-08,7,144
2022-09-08,8,113
2022-09-08,9,93
2022-09-08,10,95
2022-09-08,11,138
2022-09-08,12,82
2022-09-08,13,88
2022-09-08,14,81
2022-09-08,15,71
2022-09-08,16,68
2022-09-08,17,104
2022-09-08,18,114
2022-09-08,19,95
2022-09-08,20,76
2022-09-08,21,103
2022-09-08,22,107
2022-09-08,23,35
2022-09-09,0,1
2022-09-09,1,14
2022-09-09,2,34
2022-09-09,3,23
2022-09-09,4,2
2022-09-09,5,25
2022-09-09,6,108
2022-09-09,7,141
2022-09-09,8,180
2022-09-09,9,121
2022-09-09,10,95
2022-09-09,11,116
2022-09-09,12,111
2022-09-09,13,62
2022-09-09,14,79
2022-09-09,15,74
2022-09-09,16,83
2022-09-09,17,140
2022-09-09,18,120
2022-09-09,19,63
2022-09-09,20,0
2022-09-09,21,11
2022-09-09,22,26
2022-09-09,23,2
2022-09-10,0,5
2022-09-10,1,1
2022-09-10,2,0
2022-09-10,3,0
2022-09-10,4,0
2022-09-10,5,1
2022-09-10,6,25
2022-09-10,7,35
2022-09-10,8,48
2022-09-10,9,61
2022-09-10,10,71
2022-09-10,11,125
2022-09-10,12,108
2022-09-10,13,115
2022-09-10,14,116
2022-09-10,15,90
2022-09-10,16,110
2022-09-10,17,112
2022-09-10,18,106
2022-09-10,19,23
2022-09-10,20,0
2022-09-10,21,9
2022-09-10,22,21
2022-09-10,23,37
2022-09-11,0,3
2022-09-11,1,4
2022-09-11,2,0
2022-09-11,3,1
2022-09-11,4,2
2022-09-11,5,5
2022-09-11,6,19
2022-09-11,7,28
2022-09-11,8,27
2022-09-11,9,47
2022-09-11,10,85
2022-09-11,11,120
2022-09-11,12,114
2022-09-11,13,116
2022-09-11,14,113
2022-09-11,15,108
2022-09-11,16,94
2022-09-11,17,138
2022-09-11,18,102
2022-09-11,19,70
2022-09-11,20,39
2022-09-11,21,119
2022-09-11,22,115
2022-09-11,23,31
2022-09-12,0,3
2022-09-12,1,0
2022-09-12,2,0
2022-09-12,3,0
2022-09-12,4,1
2022-09-12,5,20
2022-09-12,6,104
2022-09-12,7,133
2022-09-12,8,125
2022-09-12,9,67
2022-09-12,10,72
2022-09-12,11,113
2022-09-12,12,109
2022-09-12,13,92
2022-09-12,14,94
2022-09-12,15,75
2022-09-12,16,86
2022-09-12,17,93
2022-09-12,18,61
2022-09-12,19,19
2022-09-12,20,0
2022-09-12,21,3
2022-09-12,22,1
2022-09-12,23,1
2022-09-13,0,0
2022-09-13,1,0
2022-09-13,2,0
2022-09-13,3,0
2022-09-13,4,0
2022-09-13,5,18
2022-09-13,6,86
2022-09-13,7,95
2022-09-13,8,112
2022-09-13,9,57
2022-09-13,10,65
2022-09-13,11,73
2022-09-13,12,73
2022-09-13,13,89
2022-09-13,14,86
2022-09-13,15,64
2022-09-13,16,84
2022-09-13,17,87
2022-09-13,18,95
2022-09-13,19,11
2022-09-13,20,0
2022-09-13,21,13
2022-09-13,22,1
2022-09-13,23,1
2022-09-14,0,0
2022-09-14,1,0
2022-09-14,2,0
2022-09-14,3,0
2022-09-14,4,3
2022-09-14,5,18
2022-09-14,6,87
2022-09-14,7,121
2022-09-14,8,130
2022-09-14,9,83
2022-09-14,10,82
2022-09-14,11,102
2022-09-14,12,110
2022-09-14,13,98
2022-09-14,14,94
2022-09-14,15,84
2022-09-14,16,72
2022-09-14,17,111
2022-09-14,18,103
2022-09-14,19,15
2022-09-14,20,0
2022-09-14,21,0
2022-09-14,22,1
2022-09-14,23,2
2022-09-15,0,0
2022-09-15,1,0
2022-09-15,2,0
2022-09-15,3,1
2022-09-15,4,0
2022-09-15,5,15
2022-09-15,6,88
2022-09-15,7,122
2022-09-15,8,136
2022-09-15,9,56
2022-09-15,10,94
2022-09-15,11,106
2022-09-15,12,119
2022-09-15,13,77
2022-09-15,14,84
2022-09-15,15,67
2022-09-15,16,100
2022-09-15,17,122
2022-09-15,18,89
2022-09-15,19,15
2022-09-15,20,0
2022-09-15,21,4
2022-09-15,22,8
2022-09-15,23,0
2022-09-16,0,0
2022-09-16,1,0
2022-09-16,2,0
2022-09-16,3,0
2022-09-16,4,0
2022-09-16,5,14
2022-09-16,6,110
2022-09-16,7,141
2022-09-16,8,96
2022-09-16,9,80
2022-09-16,10,100
2022-09-16,11,102
2022-09-16,12,119
2022-09-16,13,76
2022-09-16,14,94
2022-09-16,15,69
2022-09-16,16,85
2022-09-16,17,123
2022-09-16,18,109
2022-09-16,19,28
2022-09-16,20,0
2022-09-16,21,12
2022-09-16,22,23
2022-09-16,23,6
2022-09-17,0,2
2022-09-17,1,2
2022-09-17,2,3
2022-09-17,3,0
2022-09-17,4,0
2022-09-17,5,1
2022-09-17,6,33
2022-09-17,7,38
2022-09-17,8,49
2022-09-17,9,85
2022-09-17,10,93
2022-09-17,11,117
2022-09-17,12,117
2022-09-17,13,123
2022-09-17,14,90
2022-09-17,15,81
2022-09-17,16,90
2022-09-17,17,119
2022-09-17,18,129
2022-09-17,19,20
2022-09-17,20,0
2022-09-17,21,41
2022-09-17,22,20
2022-09-17,23,13
2022-09-18,0,9
2022-09-18,1,12
2022-09-18,2,2
2022-09-18,3,0
2022-09-18,4,0
2022-09-18,5,0
2022-09-18,6,15
2022-09-18,7,24
2022-09-18,8,48
2022-09-18,9,68
2022-09-18,10,99
2022-09-18,11,99
2022-09-18,12,122
2022-09-18,13,133
2022-09-18,14,94
2022-09-18,15,97
2022-09-18,16,106
2022-09-18,17,103
2022-09-18,18,80
2022-09-18,19,2
2022-09-18,20,0
2022-09-18,21,7
2022-09-18,22,5
2022-09-18,23,0
2022-09-19,0,0
2022-09-19,1,1
2022-09-19,2,0
2022-09-19,3,0
2022-09-19,4,0
2022-09-19,5,6
2022-09-19,6,19
2022-09-19,7,23
2022-09-19,8,34
2022-09-19,9,53
2022-09-19,10,41
2022-09-19,11,48
2022-09-19,12,59
2022-09-19,13,57
2022-09-19,14,55
2022-09-19,15,65
2022-09-19,16,73
2022-09-19,17,62
2022-09-19,18,41
2022-09-19,19,0
2022-09-19,20,0
2022-09-19,21,1
2022-09-19,22,2
2022-09-19,23,1
2022-09-20,0,0
2022-09-20,1,0
2022-09-20,2,0
2022-09-20,3,0
2022-09-20,4,0
2022-09-20,5,10
2022-09-20,6,72
2022-09-20,7,138
2022-09-20,8,182
2022-09-20,9,97
2022-09-20,10,86
2022-09-20,11,103
2022-09-20,12,100
2022-09-20,13,76
2022-09-20,14,96
2022-09-20,15,76
2022-09-20,16,98
2022-09-20,17,120
2022-09-20,18,84
2022-09-20,19,1
2022-09-20,20,0
2022-09-20,21,3
2022-09-20,22,5
2022-09-20,23,0
2022-09-21,0,0
2022-09-21,1,0
2022-09-21,2,0
2022-09-21,3,0
2022-09-21,4,1
2022-09-21,5,18
2022-09-21,6,122
2022-09-21,7,170
2022-09-21,8,166
2022-09-21,9,92
2022-09-21,10,92
2022-09-21,11,95
2022-09-21,12,110
2022-09-21,13,86
2022-09-21,14,95
2022-09-21,15,99
2022-09-21,16,87
2022-09-21,17,116
2022-09-21,18,58
2022-09-21,19,3
2022-09-21,20,0
2022-09-21,21,0
2022-09-21,22,0
2022-09-21,23,0
2022-09-22,0,0
2022-09-22,1,0
2022-09-22,2,10
2022-09-22,3,30
2022-09-22,4,22
2022-09-22,5,22
2022-09-22,6,151
2022-09-22,7,157
2022-09-22,8,108
2022-09-22,9,28
2022-09-22,10,43
2022-09-22,11,101
2022-09-22,12,110
2022-09-22,13,81
2022-09-22,14,104
2022-09-22,15,66
2022-09-22,16,56
2022-09-22,17,98
2022-09-22,18,87
2022-09-22,19,0
2022-09-22,20,0
2022-09-22,21,15
2022-09-22,22,5
2022-09-22,23,0
2022-09-23,0,0
2022-09-23,1,0
2022-09-23,2,1
2022-09-23,3,0
2022-09-23,4,0
2022-09-23,5,1
2022-09-23,6,58
2022-09-23,7,123
2022-09-23,8,69
2022-09-23,9,71
2022-09-23,10,81
2022-09-23,11,129
2022-09-23,12,141
2022-09-23,13,129
2022-09-23,14,101
2022-09-23,15,93
2022-09-23,16,127
2022-09-23,17,119
2022-09-23,18,93
2022-09-23,19,7
2022-09-23,20,0
2022-09-23,21,16
2022-09-23,22,4
2022-09-23,23,2
2022-09-24,0,1
2022-09-24,1,0
2022-09-24,2,3
2022-09-24,3,0
2022-09-24,4,0
2022-09-24,5,1
2022-09-24,6,28
2022-09-24,7,27
2022-09-24,8,39
2022-09-24,9,39
2022-09-24,10,76
2022-09-24,11,137
2022-09-24,12,131
2022-09-24,13,111
2022-09-24,14,117
2022-09-24,15,87
2022-09-24,16,108
2022-09-24,17,102
2022-09-24,18,84
2022-09-24,19,2
2022-09-24,20,0
2022-09-24,21,0
2022-09-24,22,23
2022-09-24,23,28
2022-09-25,0,8
2022-09-25,1,2
2022-09-25,2,1
2022-09-25,3,0
2022-09-25,4,0
2022-09-25,5,0
2022-09-25,6,8
2022-09-25,7,21
2022-09-25,8,36
2022-09-25,9,57
2022-09-25,10,79
2022-09-25,11,91
2022-09-25,12,151
2022-09-25,13,113
2022-09-25,14,123
2022-09-25,15,110
2022-09-25,16,96
2022-09-25,17,83
2022-09-25,18,78
2022-09-25,19,13
2022-09-25,20,13
2022-09-25,21,36
2022-09-25,22,0
2022-09-25,23,4
2022-09-26,0,1
2022-09-26,1,0
2022-09-26,2,0
2022-09-26,3,0
2022-09-26,4,0
2022-09-26,5,0
2022-09-26,6,53
2022-09-26,7,77
2022-09-26,8,90
2022-09-26,9,47
2022-09-26,10,56
2022-09-26,11,95
2022-09-26,12,103
2022-09-26,13,100
2022-09-26,14,86
2022-09-26,15,94
2022-09-26,16,83
2022-09-26,17,106
2022-09-26,18,63
2022-09-26,19,0
2022-09-26,20,2
2022-09-26,21,3
2022-09-26,22,0
2022-09-26,23,0
2022-09-27,0,2
2022-09-27,1,0
2022-09-27,2,0
2022-09-27,3,0
2022-09-27,4,0
2022-09-27,5,0
2022-09-27,6,89
2022-09-27,7,121
2022-09-27,8,128
2022-09-27,9,64
2022-09-27,10,63
2022-09-27,11,108
2022-09-27,12,106
2022-09-27,13,103
2022-09-27,14,105
2022-09-27,15,60
2022-09-27,16,88
2022-09-27,17,101
2022-09-27,18,58
2022-09-27,19,3
2022-09-27,20,0
2022-09-27,21,2
2022-09-27,22,1
2022-09-27,23,0
2022-09-28,0,0
2022-09-28,1,0
2022-09-28,2,0
2022-09-28,3,0
2022-09-28,4,0
2022-09-28,5,0
2022-09-28,6,101
2022-09-28,7,122
2022-09-28,8,120
2022-09-28,9,126
2022-09-28,10,82
2022-09-28,11,91
2022-09-28,12,85
2022-09-28,13,94
2022-09-28,14,76
2022-09-28,15,74
2022-09-28,16,66
2022-09-28,17,110
2022-09-28,18,50
2022-09-28,19,0
2022-09-28,20,0
2022-09-28,21,26
2022-09-28,22,0
2022-09-28,23,0
2022-09-29,0,8
2022-09-29,1,0
2022-09-29,2,0
2022-09-29,3,1
2022-09-29,4,0
2022-09-29,5,0
2022-09-29,6,104
2022-09-29,7,131
2022-09-29,8,125
2022-09-29,9,72
2022-09-29,10,84
2022-09-29,11,107
2022-09-29,12,104
2022-09-29,13,116
2022-09-29,14,79
2022-09-29,15,62
2022-09-29,16,68
2022-09-29,17,124
2022-09-29,18,54
2022-09-29,19,2
2022-09-29,20,0
2022-09-29,21,8
2022-09-29,22,3
2022-09-29,23,0
2022-09-30,0,1
2022-09-30,1,0
2022-09-30,2,0
2022-09-30,3,0
2022-09-30,4,0
2022-09-30,5,2
2022-09-30,6,80
2022-09-30,7,119
2022-09-30,8,125
2022-09-30,9,122
2022-09-30,10,125
2022-09-30,11,119
2022-09-30,12,77
2022-09-30,13,84
2022-09-30,14,79
2022-09-30,15,98
2022-09-30,16,119
2022-09-30,17,124
2022-09-30,18,72
2022-09-30,19,7
2022-09-30,20,12
2022-09-30,21,54
2022-09-30,22,21
2022-09-30,23,38
2022-10-01,0,30
2022-10-01,1,3
2022-10-01,2,3
2022-10-01,3,28
2022-10-01,4,3
2022-10-01,5,2
2022-10-01,6,33
2022-10-01,7,65
2022-10-01,8,106
2022-10-01,9,114
2022-10-01,10,123
2022-10-01,11,114
2022-10-01,12,142
2022-10-01,13,163
2022-10-01,14,99
2022-10-01,15,82
2022-10-01,16,87
2022-10-01,17,138
2022-10-01,18,70
2022-10-01,19,10
2022-10-01,20,3
2022-10-01,21,122
2022-10-01,22,124
2022-10-01,23,79
2022-10-02,0,9
2022-10-02,1,11
2022-10-02,2,4
2022-10-02,3,2
2022-10-02,4,13
2022-10-02,5,0
2022-10-02,6,15
2022-10-02,7,31
2022-10-02,8,44
2022-10-02,9,123
2022-10-02,10,141
2022-10-02,11,196
2022-10-02,12,167
2022-10-02,13,132
2022-10-02,14,124
2022-10-02,15,92
2022-10-02,16,88
2022-10-02,17,115
2022-10-02,18,93
2022-10-02,19,40
2022-10-02,20,21
2022-10-02,21,39
2022-10-02,22,17
2022-10-02,23,4
2022-10-03,0,0
2022-10-03,1,0
2022-10-03,2,0
2022-10-03,3,0
2022-10-03,4,0
2022-10-03,5,8
2022-10-03,6,68
2022-10-03,7,185
2022-10-03,8,142
2022-10-03,9,89
2022-10-03,10,113
2022-10-03,11,86
2022-10-03,12,116
2022-10-03,13,84
2022-10-03,14,84
2022-10-03,15,69
2022-10-03,16,86
2022-10-03,17,97
2022-10-03,18,18
2022-10-03,19,0
2022-10-03,20,0
2022-10-03,21,9
2022-10-03,22,0
2022-10-03,23,1
2022-10-04,0,0
2022-10-04,1,0
2022-10-04,2,0
2022-10-04,3,0
2022-10-04,4,4
2022-10-04,5,30
2022-10-04,6,151
2022-10-04,7,191
2022-10-04,8,171
2022-10-04,9,108
2022-10-04,10,110
2022-10-04,11,101
2022-10-04,12,116
2022-10-04,13,112
2022-10-04,14,97
2022-10-04,15,68
2022-10-04,16,73
2022-10-04,17,80
2022-10-04,18,25
2022-10-04,19,0
2022-10-04,20,0
2022-10-04,21,53
2022-10-04,22,84
2022-10-04,23,37
2022-10-05,0,18
2022-10-05,1,9
2022-10-05,2,7
2022-10-05,3,8
2022-10-05,4,11
2022-10-05,5,16
2022-10-05,6,90
2022-10-05,7,148
2022-10-05,8,140
2022-10-05,9,99
2022-10-05,10,98
2022-10-05,11,100
2022-10-05,12,109
2022-10-05,13,88
2022-10-05,14,70
2022-10-05,15,56
2022-10-05,16,82
2022-10-05,17,103
2022-10-05,18,47
2022-10-05,19,5
2022-10-05,20,13
2022-10-05,21,46
2022-10-05,22,14
2022-10-05,23,0
2022-10-06,0,0
2022-10-06,1,1
2022-10-06,2,0
2022-10-06,3,12
2022-10-06,4,5
2022-10-06,5,5
2022-10-06,6,71
2022-10-06,7,142
2022-10-06,8,142
2022-10-06,9,83
2022-10-06,10,123
2022-10-06,11,133
2022-10-06,12,114
2022-10-06,13,103
2022-10-06,14,94
2022-10-06,15,48
2022-10-06,16,79
2022-10-06,17,101
2022-10-06,18,143
2022-10-06,19,71
2022-10-06,20,6
2022-10-06,21,69
2022-10-06,22,19
2022-10-06,23,2
2022-10-07,0,11
2022-10-07,1,46
2022-10-07,2,28
2022-10-07,3,21
2022-10-07,4,1
2022-10-07,5,30
2022-10-07,6,121
2022-10-07,7,164
2022-10-07,8,164
2022-10-07,9,111
2022-10-07,10,104
2022-10-07,11,120
2022-10-07,12,113
2022-10-07,13,80
2022-10-07,14,92
2022-10-07,15,54
2022-10-07,16,97
2022-10-07,17,138
2022-10-07,18,91
2022-10-07,19,39
2022-10-07,20,13
2022-10-07,21,43
2022-10-07,22,43
2022-10-07,23,18
2022-10-08,0,16
2022-10-08,1,5
2022-10-08,2,4
2022-10-08,3,0
2022-10-08,4,0
2022-10-08,5,0
2022-10-08,6,26
2022-10-08,7,52
2022-10-08,8,88
2022-10-08,9,107
2022-10-08,10,109
2022-10-08,11,137
2022-10-08,12,126
2022-10-08,13,106
2022-10-08,14,129
2022-10-08,15,108
2022-10-08,16,111
2022-10-08,17,120
2022-10-08,18,32
2022-10-08,19,19
2022-10-08,20,4
2022-10-08,21,78
2022-10-08,22,55
2022-10-08,23,32
2022-10-09,0,2
2022-10-09,1,2
2022-10-09,2,0
2022-10-09,3,0
2022-10-09,4,0
2022-10-09,5,0
2022-10-09,6,9
2022-10-09,7,32
2022-10-09,8,23
2022-10-09,9,54
2022-10-09,10,88
2022-10-09,11,139
2022-10-09,12,117
2022-10-09,13,92
2022-10-09,14,108
2022-10-09,15,117
2022-10-09,16,124
2022-10-09,17,127
2022-10-09,18,38
2022-10-09,19,0
2022-10-09,20,1
2022-10-09,21,2
2022-10-09,22,7
2022-10-09,23,0
2022-10-10,0,0
2022-10-10,1,0
2022-10-10,2,0
2022-10-10,3,1
2022-10-10,4,2
2022-10-10,5,3
2022-10-10,6,69
2022-10-10,7,141
2022-10-10,8,173
2022-10-10,9,47
2022-10-10,10,59
2022-10-10,11,111
2022-10-10,12,120
2022-10-10,13,89
2022-10-10,14,102
2022-10-10,15,58
2022-10-10,16,93
2022-10-10,17,87
2022-10-10,18,35
2022-10-10,19,1
2022-10-10,20,0
2022-10-10,21,6
2022-10-10,22,0
2022-10-10,23,0
2022-10-11,0,0
2022-10-11,1,0
2022-10-11,2,0
2022-10-11,3,0
2022-10-11,4,0
2022-10-11,5,0
2022-10-11,6,52
2022-10-11,7,170
2022-10-11,8,147
2022-10-11,9,87
2022-10-11,10,87
2022-10-11,11,122
2022-10-11,12,98
2022-10-11,13,84
2022-10-11,14,71
2022-10-11,15,54
2022-10-11,16,61
2022-10-11,17,100
2022-10-11,18,44
2022-10-11,19,0
2022-10-11,20,1
2022-10-11,21,0
2022-10-11,22,0
2022-10-11,23,0
2022-10-12,0,0
2022-10-12,1,0
2022-10-12,2,0
2022-10-12,3,0
2022-10-12,4,0
2022-10-12,5,1
2022-10-12,6,97
2022-10-12,7,165
2022-10-12,8,167
2022-10-12,9,90
2022-10-12,10,115
2022-10-12,11,105
2022-10-12,12,89
2022-10-12,13,101
2022-10-12,14,102
2022-10-12,15,70
2022-10-12,16,77
2022-10-12,17,79
2022-10-12,18,6
2022-10-12,19,0
2022-10-12,20,0
2022-10-12,21,0
2022-10-12,22,0
2022-10-12,23,0
2022-10-13,0,0
2022-10-13,1,0
2022-10-13,2,0
2022-10-13,3,1
2022-10-13,4,0
2022-10-13,5,0
2022-10-13,6,64
2022-10-13,7,125
2022-10-13,8,146
2022-10-13,9,75
2022-10-13,10,62
2022-10-13,11,94
2022-10-13,12,121
2022-10-13,13,82
2022-10-13,14,80
2022-10-13,15,55
2022-10-13,16,47
2022-10-13,17,89
2022-10-13,18,19
2022-10-13,19,41
2022-10-13,20,12
2022-10-13,21,19
2022-10-13,22,6
2022-10-13,23,1
2022-10-14,0,2
2022-10-14,1,1
2022-10-14,2,5
2022-10-14,3,4
2022-10-14,4,12
2022-10-14,5,46
2022-10-14,6,112
2022-10-14,7,126
2022-10-14,8,152
2022-10-14,9,99
2022-10-14,10,108
2022-10-14,11,94
2022-10-14,12,117
2022-10-14,13,76
2022-10-14,14,71
2022-10-14,15,68
2022-10-14,16,76
2022-10-14,17,91
2022-10-14,18,5
2022-10-14,19,4
2022-10-14,20,3
2022-10-14,21,52
2022-10-14,22,16
2022-10-14,23,57
2022-10-15,0,75
2022-10-15,1,10
2022-10-15,2,10
2022-10-15,3,0
2022-10-15,4,0
2022-10-15,5,0
2022-10-15,6,40
2022-10-15,7,68
2022-10-15,8,80
2022-10-15,9,101
2022-10-15,10,76
2022-10-15,11,109
2022-10-15,12,131
2022-10-15,13,134
2022-10-15,14,106
2022-10-15,15,99
2022-10-15,16,100
2022-10-15,17,107
2022-10-15,18,20
2022-10-15,19,0
2022-10-15,20,0
2022-10-15,21,14
2022-10-15,22,9
2022-10-15,23,8
2022-10-16,0,3
2022-10-16,1,1
2022-10-16,2,2
2022-10-16,3,9
2022-10-16,4,5
2022-10-16,5,11
2022-10-16,6,6
2022-10-16,7,28
2022-10-16,8,33
2022-10-16,9,44
2022-10-16,10,61
2022-10-16,11,89
2022-10-16,12,86
2022-10-16,13,101
2022-10-16,14,71
2022-10-16,15,60
2022-10-16,16,62
2022-10-16,17,73
2022-10-16,18,2
2022-10-16,19,0
2022-10-16,20,0
2022-10-16,21,4
2022-10-16,22,0
2022-10-16,23,0
2022-10-17,0,10
2022-10-17,1,4
2022-10-17,2,0
2022-10-17,3,0
2022-10-17,4,0
2022-10-17,5,0
2022-10-17,6,43
2022-10-17,7,119
2022-10-17,8,97
2022-10-17,9,48
2022-10-17,10,69
2022-10-17,11,97
2022-10-17,12,51
2022-10-17,13,39
2022-10-17,14,29
2022-10-17,15,67
2022-10-17,16,63
2022-10-17,17,119
2022-10-17,18,39
2022-10-17,19,3
2022-10-17,20,0
2022-10-17,21,0
2022-10-17,22,0
2022-10-17,23,0
2022-10-18,0,0
2022-10-18,1,0
2022-10-18,2,0
2022-10-18,3,0
2022-10-18,4,0
2022-10-18,5,0
2022-10-18,6,28
2022-10-18,7,110
2022-10-18,8,89
2022-10-18,9,47
2022-10-18,10,74
2022-10-18,11,72
2022-10-18,12,80
2022-10-18,13,73
2022-10-18,14,46
2022-10-18,15,58
2022-10-18,16,66
2022-10-18,17,57
2022-10-18,18,0
2022-10-18,19,2
2022-10-18,20,0
2022-10-18,21,5
2022-10-18,22,2
2022-10-18,23,0
2022-10-19,0,0
2022-10-19,1,0
2022-10-19,2,0
2022-10-19,3,0
2022-10-19,4,21
2022-10-19,5,40
2022-10-19,6,23
2022-10-19,7,109
2022-10-19,8,90
2022-10-19,9,80
2022-10-19,10,85
2022-10-19,11,81
2022-10-19,12,75
2022-10-19,13,87
2022-10-19,14,65
2022-10-19,15,54
2022-10-19,16,51
2022-10-19,17,63
2022-10-19,18,0
2022-10-19,19,2
2022-10-19,20,0
2022-10-19,21,0
2022-10-19,22,0
2022-10-19,23,0
2022-10-20,0,10
2022-10-20,1,1
2022-10-20,2,1
2022-10-20,3,4
2022-10-20,4,0
2022-10-20,5,18
2022-10-20,6,12
2022-10-20,7,85
2022-10-20,8,98
2022-10-20,9,69
2022-10-20,10,99
2022-10-20,11,90
2022-10-20,12,109
2022-10-20,13,83
2022-10-20,14,66
2022-10-20,15,59
2022-10-20,16,48
2022-10-20,17,61
2022-10-20,18,3
2022-10-20,19,0
2022-10-20,20,45
2022-10-20,21,29
2022-10-20,22,13
2022-10-20,23,2
2022-10-21,0,2
2022-10-21,1,0
2022-10-21,2,2
2022-10-21,3,0
2022-10-21,4,10
2022-10-21,5,2
2022-10-21,6,19
2022-10-21,7,80
2022-10-21,8,92
2022-10-21,9,32
2022-10-21,10,40
2022-10-21,11,109
2022-10-21,12,88
2022-10-21,13,67
2022-10-21,14,75
2022-10-21,15,58
2022-10-21,16,74
2022-10-21,17,72
2022-10-21,18,2
2022-10-21,19,7
2022-10-21,20,58
2022-10-21,21,42
2022-10-21,22,2
2022-10-21,23,0
2022-10-22,0,0
2022-10-22,1,0
2022-10-22,2,0
2022-10-22,3,0
2022-10-22,4,0
2022-10-22,5,0
2022-10-22,6,6
2022-10-22,7,51
2022-10-22,8,44
2022-10-22,9,51
2022-10-22,10,74
2022-10-22,11,107
2022-10-22,12,89
2022-10-22,13,78
2022-10-22,14,49
2022-10-22,15,78
2022-10-22,16,76
2022-10-22,17,63
2022-10-22,18,6
2022-10-22,19,1
2022-10-22,20,2
2022-10-22,21,0
2022-10-22,22,0
2022-10-22,23,0
2022-10-23,0,0
2022-10-23,1,2
2022-10-23,2,3
2022-10-23,3,0
2022-10-23,4,0
2022-10-23,5,0
2022-10-23,6,5
2022-10-23,7,27
2022-10-23,8,34
2022-10-23,9,55
2022-10-23,10,54
2022-10-23,11,111
2022-10-23,12,100
2022-10-23,13,104
2022-10-23,14,72
2022-10-23,15,69
2022-10-23,16,97
2022-10-23,17,104
2022-10-23,18,73
2022-10-23,19,49
2022-10-23,20,11
2022-10-23,21,2
2022-10-23,22,5
2022-10-23,23,1
2022-10-24,0,6
2022-10-24,1,5
2022-10-24,2,1
2022-10-24,3,2
2022-10-24,4,0
2022-10-24,5,1
2022-10-24,6,6
2022-10-24,7,130
2022-10-24,8,93
2022-10-24,9,60
2022-10-24,10,100
2022-10-24,11,77
2022-10-24,12,61
2022-10-24,13,55
2022-10-24,14,60
2022-10-24,15,43
2022-10-24,16,51
2022-10-24,17,44
2022-10-24,18,3
2022-10-24,19,2
2022-10-24,20,0
2022-10-24,21,1
2022-10-24,22,2
2022-10-24,23,0
2022-10-25,0,0
2022-10-25,1,0
2022-10-25,2,0
2022-10-25,3,0
2022-10-25,4,0
2022-10-25,5,2
2022-10-25,6,14
2022-10-25,7,117
2022-10-25,8,122
2022-10-25,9,86
2022-10-25,10,82
2022-10-25,11,3
2022-10-25,12,104
2022-10-25,13,61
2022-10-25,14,76
2022-10-25,15,72
2022-10-25,16,56
2022-10-25,17,29
2022-10-25,18,18
2022-10-25,19,0
2022-10-25,20,0
2022-10-25,21,0
2022-10-25,22,0
2022-10-25,23,6
2022-10-26,0,0
2022-10-26,1,0
2022-10-26,2,1
2022-10-26,3,0
2022-10-26,4,2
2022-10-26,5,2
2022-10-26,6,12
2022-10-26,7,134
2022-10-26,8,177
2022-10-26,9,64
2022-10-26,10,90
2022-10-26,11,84
2022-10-26,12,84
2022-10-26,13,59
2022-10-26,14,70
2022-10-26,15,67
2022-10-26,16,62
2022-10-26,17,46
2022-10-26,18,3
2022-10-26,19,1
2022-10-26,20,0
2022-10-26,21,15
2022-10-26,22,1
2022-10-26,23,2
2022-10-27,0,0
2022-10-27,1,0
2022-10-27,2,0
2022-10-27,3,0
2022-10-27,4,0
2022-10-27,5,0
2022-10-27,6,4
2022-10-27,7,84
2022-10-27,8,103
2022-10-27,9,91
2022-10-27,10,80
2022-10-27,11,74
2022-10-27,12,87
2022-10-27,13,90
2022-10-27,14,57
2022-10-27,15,47
2022-10-27,16,34
2022-10-27,17,28
2022-10-27,18,20
2022-10-27,19,0
2022-10-27,20,0
2022-10-27,21,6
2022-10-27,22,3
2022-10-27,23,0
2022-10-28,0,0
2022-10-28,1,0
2022-10-28,2,0
2022-10-28,3,2
2022-10-28,4,0
2022-10-28,5,0
2022-10-28,6,1
2022-10-28,7,76
2022-10-28,8,91
2022-10-28,9,80
2022-10-28,10,68
2022-10-28,11,93
2022-10-28,12,94
2022-10-28,13,58
2022-10-28,14,51
2022-10-28,15,62
2022-10-28,16,75
2022-10-28,17,33
2022-10-28,18,12
2022-10-28,19,10
2022-10-28,20,0
2022-10-28,21,53
2022-10-28,22,14
2022-10-28,23,13
2022-10-29,0,1
2022-10-29,1,3
2022-10-29,2,1
2022-10-29,3,0
2022-10-29,4,0
2022-10-29,5,0
2022-10-29,6,0
2022-10-29,7,35
2022-10-29,8,61
2022-10-29,9,87
2022-10-29,10,106
2022-10-29,11,107
2022-10-29,12,115
2022-10-29,13,117
2022-10-29,14,89
2022-10-29,15,107
2022-10-29,16,111
2022-10-29,17,66
2022-10-29,18,83
2022-10-29,19,40
2022-10-29,20,21
2022-10-29,21,0
2022-10-29,22,0
2022-10-29,23,0
2022-10-30,0,0
2022-10-30,1,0
2022-10-30,2,0
2022-10-30,3,0
2022-10-30,4,1
2022-10-30,5,0
2022-10-30,6,0
2022-10-30,7,10
2022-10-30,8,20
2022-10-30,9,42
2022-10-30,10,71
2022-10-30,11,84
2022-10-30,12,98
2022-10-30,13,103
2022-10-30,14,100
2022-10-30,15,105
2022-10-30,16,97
2022-10-30,17,87
2022-10-30,18,80
2022-10-30,19,16
2022-10-30,20,0
2022-10-30,21,1
2022-10-30,22,16
2022-10-30,23,1
2022-10-31,0,1
2022-10-31,1,0
2022-10-31,2,1
2022-10-31,3,0
2022-10-31,4,0
2022-10-31,5,0
2022-10-31,6,0
2022-10-31,7,68
2022-10-31,8,128
2022-10-31,9,78
2022-10-31,10,63
2022-10-31,11,66
2022-10-31,12,78
2022-10-31,13,82
2022-10-31,14,94
2022-10-31,15,63
2022-10-31,16,58
2022-10-31,17,9
2022-10-31,18,16
2022-10-31,19,3
2022-10-31,20,3
2022-10-31,21,0
2022-10-31,22,0
2022-10-31,23,0
2022-11-01,0,0
2022-11-01,1,0
2022-11-01,2,0
2022-11-01,3,0
2022-11-01,4,8
2022-11-01,5,3
2022-11-01,6,3
2022-11-01,7,70
2022-11-01,8,106
2022-11-01,9,116
2022-11-01,10,67
2022-11-01,11,74
2022-11-01,12,82
2022-11-01,13,65
2022-11-01,14,53
2022-11-01,15,61
2022-11-01,16,48
2022-11-01,17,12
2022-11-01,18,2
2022-11-01,19,12
2022-11-01,20,5
2022-11-01,21,0
2022-11-01,22,0
2022-11-01,23,0
2022-11-02,0,0
2022-11-02,1,1
2022-11-02,2,0
2022-11-02,3,0
2022-11-02,4,0
2022-11-02,5,0
2022-11-02,6,0
2022-11-02,7,77
2022-11-02,8,129
2022-11-02,9,99
2022-11-02,10,65
2022-11-02,11,106
2022-11-02,12,100
2022-11-02,13,119
2022-11-02,14,61
2022-11-02,15,63
2022-11-02,16,53
2022-11-02,17,50
2022-11-02,18,75
2022-11-02,19,40
2022-11-02,20,28
2022-11-02,21,8
2022-11-02,22,0
2022-11-02,23,0
2022-11-03,0,0
2022-11-03,1,0
2022-11-03,2,0
2022-11-03,3,0
2022-11-03,4,9
2022-11-03,5,0
2022-11-03,9,98
2022-11-03,10,50
2022-11-03,11,66
2022-11-03,12,69
2022-11-03,13,54
2022-11-03,14,46
2022-11-03,15,71
2022-11-03,16,46
2022-11-03,17,11
2022-11-03,18,0
2022-11-03,19,1
2022-11-03,20,0
2022-11-03,21,0
2022-11-03,22,0
2022-11-03,23,0
2022-11-04,0,0
2022-11-04,1,0
2022-11-04,2,0
2022-11-04,3,0
2022-11-04,4,0
2022-11-04,5,0
2022-11-04,6,0
2022-11-04,7,51
2022-11-04,8,92
2022-11-04,9,60
2022-11-04,10,41
2022-11-04,11,71
2022-11-04,12,64
2022-11-04,13,80
2022-11-04,14,79
2022-11-04,15,69
2022-11-04,16,55
2022-11-04,17,16
2022-11-04,18,4
2022-11-04,19,5
2022-11-04,20,1
2022-11-04,21,0
2022-11-04,22,20
2022-11-04,23,0
2022-11-05,0,0
2022-11-05,1,0
2022-11-05,2,0
2022-11-05,3,0
2022-11-05,4,0
2022-11-05,5,0
2022-11-05,6,0
2022-11-05,7,23
2022-11-05,8,41
2022-11-05,9,75
2022-11-05,10,87
2022-11-05,11,77
2022-11-05,12,86
2022-11-05,13,121
2022-11-05,14,116
2022-11-05,15,82
2022-11-05,16,95
2022-11-05,17,18
2022-11-05,18,6
2022-11-05,19,3
2022-11-05,20,0
2022-11-05,21,0
2022-11-05,22,0
2022-11-05,23,1
2022-11-06,0,0
2022-11-06,1,0
2022-11-06,2,0
2022-11-06,3,0
2022-11-06,4,0
2022-11-06,5,3
2022-11-06,6,8
2022-11-06,7,10
2022-11-06,8,24
2022-11-06,9,37
2022-11-06,10,65
2022-11-06,11,73
2022-11-06,12,82
2022-11-06,13,88
2022-11-06,14,58
2022-11-06,15,97
2022-11-06,16,73
2022-11-06,17,20
2022-11-06,18,6
2022-11-06,19,0
2022-11-06,20,1
2022-11-06,21,0
2022-11-06,22,0
2022-11-06,23,0
2022-11-07,0,0
2022-11-07,1,0
2022-11-07,2,0
2022-11-07,3,0
2022-11-07,4,0
2022-11-07,5,1
2022-11-07,6,35
2022-11-07,7,132
2022-11-07,8,124
2022-11-07,9,147
2022-11-07,10,83
2022-11-07,11,84
2022-11-07,12,73
2022-11-07,13,78
2022-11-07,14,53
2022-11-07,15,58
2022-11-07,16,41
2022-11-07,17,12
2022-11-07,18,0
2022-11-07,19,33
2022-11-07,20,2
2022-11-07,21,0
2022-11-07,22,0
2022-11-07,23,0
2022-11-08,0,0
2022-11-08,1,0
2022-11-08,2,0
2022-11-08,3,0
2022-11-08,4,0
2022-11-08,5,0
2022-11-08,6,1
2022-11-08,7,55
2022-11-08,8,111
2022-11-08,9,102
2022-11-08,10,106
2022-11-08,11,69
2022-11-08,12,86
2022-11-08,13,74
2022-11-08,14,50
2022-11-08,15,58
2022-11-08,16,58
2022-11-08,17,39
2022-11-08,18,10
2022-11-08,19,3
2022-11-08,20,0
2022-11-08,21,26
2022-11-08,22,7
2022-11-08,23,1
2022-11-09,0,1
2022-11-09,1,0
2022-11-09,2,0
2022-11-09,3,0
2022-11-09,4,0
2022-11-09,5,0
2022-11-09,6,0
2022-11-09,7,57
2022-11-09,8,81
2022-11-09,9,89
2022-11-09,10,49
2022-11-09,11,57
2022-11-09,12,75
2022-11-09,13,47
2022-11-09,14,54
2022-11-09,15,55
2022-11-09,16,38
2022-11-09,17,1
2022-11-09,18,12
2022-11-09,19,1
2022-11-09,20,1
2022-11-09,21,8
2022-11-09,22,1
2022-11-09,23,0
2022-11-10,0,0
2022-11-10,1,0
2022-11-10,2,0
2022-11-10,3,0
2022-11-10,4,0
2022-11-10,5,0
2022-11-10,6,0
2022-11-10,7,41
2022-11-10,8,130
2022-11-10,9,107
2022-11-10,10,61
2022-11-10,11,80
2022-11-10,12,78
2022-11-10,13,72
2022-11-10,14,78
2022-11-10,15,60
2022-11-10,16,29
2022-11-10,17,0
2022-11-10,18,1
2022-11-10,19,5
2022-11-10,20,5
2022-11-10,21,18
2022-11-10,22,0
2022-11-10,23,1
2022-11-11,0,0
2022-11-11,1,0
2022-11-11,2,0
2022-11-11,3,0
2022-11-11,4,0
2022-11-11,5,1
2022-11-11,6,0
2022-11-11,7,38
2022-11-11,8,105
2022-11-11,9,118
2022-11-11,10,70
2022-11-11,11,91
2022-11-11,12,87
2022-11-11,13,81
2022-11-11,14,62
2022-11-11,15,74
2022-11-11,16,50
2022-11-11,17,0
2022-11-11,18,6
2022-11-11,19,12
2022-11-11,20,0
2022-11-11,21,0
2022-11-11,22,0
2022-11-11,23,0
2022-11-12,0,0
2022-11-12,1,0
2022-11-12,2,0
2022-11-12,3,0
2022-11-12,4,6
2022-11-12,5,1
2022-11-12,6,3
2022-11-12,7,20
2022-11-12,8,36
2022-11-12,9,57
2022-11-12,10,81
2022-11-12,11,86
2022-11-12,12,78
2022-11-12,13,119
2022-11-12,14,108
2022-11-12,15,79
2022-11-12,16,56
2022-11-12,17,4
2022-11-12,18,3
2022-11-12,19,0
2022-11-12,20,9
2022-11-12,21,0
2022-11-12,22,0
2022-11-12,23,0
2022-11-13,0,0
2022-11-13,1,0
2022-11-13,2,0
2022-11-13,3,0
2022-11-13,4,0
2022-11-13,5,0
2022-11-13,6,0
2022-11-13,7,5
2022-11-13,8,15
2022-11-13,9,30
2022-11-13,10,77
2022-11-13,11,97
2022-11-13,12,107
2022-11-13,13,88
2022-11-13,14,77
2022-11-13,15,81
2022-11-13,16,52
2022-11-13,17,6
2022-11-13,18,1
2022-11-13,19,3
2022-11-13,20,0
2022-11-13,21,0
2022-11-13,22,1
2022-11-13,23,0
2022-11-14,0,0
2022-11-14,1,0
2022-11-14,2,0
2022-11-14,3,0
2022-11-14,4,0
2022-11-14,5,0
2022-11-14,6,0
2022-11-14,7,30
2022-11-14,8,110
2022-11-14,9,83
2022-11-14,10,57
2022-11-14,11,78
2022-11-14,12,75
2022-11-14,13,77
2022-11-14,14,41
2022-11-14,15,54
2022-11-14,16,21
2022-11-14,17,0
2022-11-14,18,3
2022-11-14,19,3
2022-11-14,20,1
2022-11-14,21,0
2022-11-14,22,0
2022-11-14,23,0
2022-11-15,0,0
2022-11-15,1,0
2022-11-15,2,0
2022-11-15,3,0
2022-11-15,4,0
2022-11-15,5,0
2022-11-15,6,3
2022-11-15,7,66
2022-11-15,8,87
2022-11-15,9,143
2022-11-15,10,108
2022-11-15,11,88
2022-11-15,12,87
2022-11-15,13,99
2022-11-15,14,82
2022-11-15,15,54
2022-11-15,16,52
2022-11-15,17,4
2022-11-15,18,31
2022-11-15,19,9
2022-11-15,20,5
2022-11-15,21,1
2022-11-15,22,0
2022-11-15,23,0
2022-11-16,0,1
2022-11-16,1,0
2022-11-16,2,0
2022-11-16,3,0
2022-11-16,4,0
2022-11-16,5,0
2022-11-16,6,0
2022-11-16,7,41
2022-11-16,8,118
2022-11-16,9,86
2022-11-16,10,30
2022-11-16,11,53
2022-11-16,12,79
2022-11-16,13,80
2022-11-16,14,71
2022-11-16,15,61
2022-11-16,16,30
2022-11-16,17,0
2022-11-16,18,0
2022-11-16,19,0
2022-11-16,20,0
2022-11-16,21,0
2022-11-16,22,0
2022-11-16,23,0
2022-11-17,0,0
2022-11-17,1,0
2022-11-17,2,0
2022-11-17,3,0
2022-11-17,4,0
2022-11-17,5,0
2022-11-17,6,0
2022-11-17,7,92
2022-11-17,8,127
2022-11-17,9,112
2022-11-17,10,76
2022-11-17,11,80
2022-11-17,12,68
2022-11-17,13,92
2022-11-17,14,73
2022-11-17,15,45
2022-11-17,16,31
2022-11-17,17,1
2022-11-17,18,12
2022-11-17,19,6
2022-11-17,20,10
2022-11-17,21,5
2022-11-17,22,8
2022-11-17,23,1
2022-11-18,0,0
2022-11-18,1,0
2022-11-18,2,0
2022-11-18,3,2
2022-11-18,4,6
2022-11-18,5,3
2022-11-18,6,3
2022-11-18,7,69
2022-11-18,8,101
2022-11-18,9,90
2022-11-18,10,69
2022-11-18,11,107
2022-11-18,12,80
2022-11-18,13,93
2022-11-18,14,66
2022-11-18,15,50
2022-11-18,16,54
2022-11-18,17,8
2022-11-18,18,1
2022-11-18,19,1
2022-11-18,20,3
2022-11-18,21,4
2022-11-18,22,2
2022-11-18,23,0
2022-11-19,0,3
2022-11-19,1,0
2022-11-19,2,0
2022-11-19,3,0
2022-11-19,4,0
2022-11-19,5,0
2022-11-19,6,0
2022-11-19,7,8
2022-11-19,8,36
2022-11-19,9,67
2022-11-19,10,42
2022-11-19,11,46
2022-11-19,12,101
2022-11-19,13,83
2022-11-19,14,105
2022-11-19,15,104
2022-11-19,16,68
2022-11-19,17,0
2022-11-19,18,8
2022-11-19,19,9
2022-11-19,20,2
2022-11-19,21,15
2022-11-19,22,29
2022-11-19,23,14
2022-11-20,0,2
2022-11-20,1,7
2022-11-20,2,2
2022-11-20,3,0
2022-11-20,4,0
2022-11-20,5,0
2022-11-20,6,0
2022-11-20,7,5
2022-11-20,8,20
2022-11-20,9,48
2022-11-20,10,72
2022-11-20,11,71
2022-11-20,12,93
2022-11-20,13,88
2022-11-20,14,113
2022-11-20,15,99
2022-11-20,16,65
2022-11-20,17,14
2022-11-20,18,22
2022-11-20,19,11
2022-11-20,20,13
2022-11-20,21,0
2022-11-20,22,0
2022-11-20,23,0
2022-11-21,0,0
2022-11-21,1,0
2022-11-21,2,0
2022-11-21,3,0
2022-11-21,4,0
2022-11-21,5,0
2022-11-21,6,0
2022-11-21,7,28
2022-11-21,8,98
2022-11-21,9,105
2022-11-21,10,51
2022-11-21,11,70
2022-11-21,12,63
2022-11-21,13,78
2022-11-21,14,62
2022-11-21,15,53
2022-11-21,16,40
2022-11-21,17,1
2022-11-21,18,0
2022-11-21,19,1
2022-11-21,20,0
2022-11-21,21,21
2022-11-21,22,22
2022-11-21,23,9
2022-11-22,0,0
2022-11-22,1,0
2022-11-22,2,0
2022-11-22,3,0
2022-11-22,4,0
2022-11-22,5,0
2022-11-22,6,0
2022-11-22,7,31
2022-11-22,8,113
2022-11-22,9,109
2022-11-22,10,27
2022-11-22,11,51
2022-11-22,12,57
2022-11-22,13,55
2022-11-22,14,68
2022-11-22,15,59
2022-11-22,16,30
2022-11-22,17,0
2022-11-22,18,8
2022-11-22,19,1
2022-11-22,20,1
2022-11-22,21,0
2022-11-22,22,0
2022-11-22,23,0
2022-11-23,0,0
2022-11-23,1,0
2022-11-23,2,0
2022-11-23,3,0
2022-11-23,4,0
2022-11-23,5,0
2022-11-23,6,0
2022-11-23,7,49
2022-11-23,8,151
2022-11-23,9,138
2022-11-23,10,140
2022-11-23,11,53
2022-11-23,12,84
2022-11-23,13,76
2022-11-23,14,78
2022-11-23,15,58
2022-11-23,16,27
2022-11-23,17,0
2022-11-23,18,3
2022-11-23,19,1
2022-11-23,20,47
2022-11-23,21,113
2022-11-23,22,60
2022-11-23,23,19
2022-11-24,0,2
2022-11-24,1,0
2022-11-24,2,0
2022-11-24,3,2
2022-11-24,4,5
2022-11-24,5,10
2022-11-24,6,1
2022-11-24,7,35
2022-11-24,8,112
2022-11-24,9,114
2022-11-24,10,86
2022-11-24,11,107
2022-11-24,12,94
2022-11-24,13,98
2022-11-24,14,77
2022-11-24,15,74
2022-11-24,16,55
2022-11-24,17,6
2022-11-24,18,0
2022-11-24,19,5
2022-11-24,20,10
2022-11-24,21,186
2022-11-24,22,75
2022-11-24,23,79
2022-11-25,0,1
2022-11-25,1,0
2022-11-25,2,0
2022-11-25,3,0
2022-11-25,4,0
2022-11-25,5,0
2022-11-25,6,0
2022-11-25,7,19
2022-11-25,8,107
2022-11-25,9,88
2022-11-25,10,54
2022-11-25,11,49
2022-11-25,12,102
2022-11-25,13,87
2022-11-25,14,81
2022-11-25,15,54
2022-11-25,16,45
2022-11-25,17,71
2022-11-25,18,86
2022-11-25,19,19
2022-11-25,20,5
2022-11-25,21,0
2022-11-25,22,0
2022-11-25,23,0
2022-11-26,0,0
2022-11-26,1,0
2022-11-26,2,0
2022-11-26,3,0
2022-11-26,4,1
2022-11-26,5,0
2022-11-26,6,0
2022-11-26,7,0
2022-11-26,8,39
2022-11-26,9,57
2022-11-26,10,74
2022-11-26,11,68
2022-11-26,12,76
2022-11-26,13,59
2022-11-26,14,79
2022-11-26,15,83
2022-11-26,16,62
2022-11-26,17,5
2022-11-26,18,17
2022-11-26,19,5
2022-11-26,20,3
2022-11-26,21,6
2022-11-26,22,27
2022-11-26,23,10
2022-11-27,0,0
2022-11-27,1,0
2022-11-27,2,1
2022-11-27,3,0
2022-11-27,4,0
2022-11-27,5,0
2022-11-27,6,0
2022-11-27,7,0
2022-11-27,8,33
2022-11-27,9,46
2022-11-27,10,19
2022-11-27,11,64
2022-11-27,12,98
2022-11-27,13,98
2022-11-27,14,120
2022-11-27,15,92
2022-11-27,16,106
2022-11-27,17,33
2022-11-27,18,20
2022-11-27,19,2
2022-11-27,20,0
2022-11-27,21,0
2022-11-27,22,0
2022-11-27,23,16
2022-11-28,0,2
2022-11-28,1,0
2022-11-28,2,0
2022-11-28,3,0
2022-11-28,4,0
2022-11-28,5,0
2022-11-28,6,1
2022-11-28,7,10
2022-11-28,8,130
2022-11-28,9,98
2022-11-28,10,33
2022-11-28,11,68
2022-11-28,12,78
2022-11-28,13,60
2022-11-28,14,83
2022-11-28,15,62
2022-11-28,16,30
2022-11-28,17,1
2022-11-28,18,5
2022-11-28,19,0
2022-11-28,20,1
2022-11-28,21,0
2022-11-28,22,0
2022-11-28,23,0
2022-11-29,0,0
2022-11-29,1,0
2022-11-29,2,0
2022-11-29,3,0
2022-11-29,4,0
2022-11-29,5,1
2022-11-29,6,0
2022-11-29,7,2
2022-11-29,8,103
2022-11-29,9,119
2022-11-29,10,80
2022-11-29,11,70
2022-11-29,12,75
2022-11-29,13,52
2022-11-29,14,59
2022-11-29,15,53
2022-11-29,16,23
2022-11-29,17,1
2022-11-29,18,3
2022-11-29,19,0
2022-11-29,20,0
2022-11-29,21,17
2022-11-29,22,49
2022-11-29,23,8
2022-11-30,0,2
2022-11-30,1,0
2022-11-30,2,0
2022-11-30,3,0
2022-11-30,4,0
2022-11-30,5,0
2022-11-30,6,0
2022-11-30,7,3
2022-11-30,8,125
2022-11-30,9,96
2022-11-30,10,33
2022-11-30,11,85
2022-11-30,12,94
2022-11-30,13,62
2022-11-30,14,85
2022-11-30,15,67
2022-11-30,16,32
2022-11-30,17,0
2022-11-30,18,7
2022-11-30,19,1
2022-11-30,20,0
2022-11-30,21,0
2022-11-30,22,0
2022-11-30,23,0
2022-12-01,0,0
2022-12-01,1,0
2022-12-01,2,0
2022-12-01,3,1
2022-12-01,4,0
2022-12-01,5,2
2022-12-01,6,9
2022-12-01,7,35
2022-12-01,8,117
2022-12-01,9,108
2022-12-01,10,76
2022-12-01,11,0
2022-12-01,12,0
2022-12-01,13,0
2022-12-01,14,44
2022-12-01,15,74
2022-12-01,16,17
2022-12-01,17,0
2022-12-01,18,6
2022-12-01,19,0
2022-12-01,20,3
2022-12-01,21,0
2022-12-01,22,0
2022-12-01,23,0
2022-12-02,0,0
2022-12-02,1,0
2022-12-02,2,0
2022-12-02,3,0
2022-12-02,4,0
2022-12-02,5,0
2022-12-02,6,0
2022-12-02,7,7
2022-12-02,8,93
2022-12-02,9,96
2022-12-02,10,76
2022-12-02,11,76
2022-12-02,12,104
2022-12-02,13,101
2022-12-02,14,82
2022-12-02,15,77
2022-12-02,16,24
2022-12-02,17,1
2022-12-02,18,5
2022-12-02,19,13
2022-12-02,20,1
2022-12-02,21,1
2022-12-02,22,0
2022-12-02,23,0
2022-12-03,0,0
2022-12-03,1,0
2022-12-03,2,0
2022-12-03,3,0
2022-12-03,4,0
2022-12-03,5,0
2022-12-03,6,0
2022-12-03,7,0
2022-12-03,8,50
2022-12-03,9,76
2022-12-03,10,87
2022-12-03,11,130
2022-12-03,12,118
2022-12-03,13,149
2022-12-03,14,126
2022-12-03,15,116
2022-12-03,16,59
2022-12-03,17,5
2022-12-03,18,14
2022-12-03,19,1
2022-12-03,20,7
2022-12-03,21,0
2022-12-03,22,0
2022-12-03,23,5
2022-12-04,0,0
2022-12-04,1,0
2022-12-04,2,0
2022-12-04,3,0
2022-12-04,4,0
2022-12-04,5,0
2022-12-04,6,0
2022-12-04,7,4
2022-12-04,8,23
2022-12-04,9,45
2022-12-04,10,44
2022-12-04,11,72
2022-12-04,12,96
2022-12-04,13,111
2022-12-04,14,116
2022-12-04,15,134
2022-12-04,16,105
2022-12-04,17,9
2022-12-04,18,7
2022-12-04,19,0
2022-12-04,20,1
2022-12-04,21,2
2022-12-04,22,0
2022-12-04,23,0
2022-12-05,0,0
2022-12-05,1,1
2022-12-05,2,0
2022-12-05,3,0
2022-12-05,4,0
2022-12-05,5,0
2022-12-05,6,13
2022-12-05,7,34
2022-12-05,8,86
2022-12-05,9,114
2022-12-05,10,65
2022-12-05,11,85
2022-12-05,12,119
2022-12-05,13,85
2022-12-05,14,66
2022-12-05,15,63
2022-12-05,16,33
2022-12-05,17,1
2022-12-05,18,2
2022-12-05,19,0
2022-12-05,20,0
2022-12-05,21,0
2022-12-05,22,0
2022-12-05,23,0
2022-12-06,0,0
2022-12-06,1,0
2022-12-06,2,0
2022-12-06,3,0
2022-12-06,4,0
2022-12-06,5,0
2022-12-06,6,0
2022-12-06,7,0
2022-12-06,8,118
2022-12-06,9,130
2022-12-06,10,38
2022-12-06,11,78
2022-12-06,12,85
2022-12-06,13,74
2022-12-06,14,68
2022-12-06,15,76
2022-12-06,16,40
2022-12-06,17,2
2022-12-06,18,2
2022-12-06,19,6
2022-12-06,20,4
2022-12-06,21,0
2022-12-06,22,7
2022-12-06,23,1
2022-12-07,0,1
2022-12-07,1,0
2022-12-07,2,0
2022-12-07,3,0
2022-12-07,4,0
2022-12-07,5,0
2022-12-07,6,0
2022-12-07,7,1
2022-12-07,8,138
2022-12-07,9,135
2022-12-07,10,65
2022-12-07,11,101
2022-12-07,12,117
2022-12-07,13,131
2022-12-07,14,91
2022-12-07,15,63
2022-12-07,16,39
2022-12-07,17,4
2022-12-07,18,15
2022-12-07,19,8
2022-12-07,20,1
2022-12-07,21,2
2022-12-07,22,1
2022-12-07,23,3
2022-12-08,0,0
2022-12-08,1,0
2022-12-08,2,0
2022-12-08,3,0
2022-12-08,4,0
2022-12-08,5,0
2022-12-08,6,0
2022-12-08,7,16
2022-12-08,8,121
2022-12-08,9,136
2022-12-08,10,64
2022-12-08,11,86
2022-12-08,12,90
2022-12-08,13,85
2022-12-08,14,83
2022-12-08,15,81
2022-12-08,16,32
2022-12-08,17,4
2022-12-08,18,11
2022-12-08,19,1
2022-12-08,20,2
2022-12-08,21,0
2022-12-08,22,1
2022-12-08,23,1
2022-12-09,0,0
2022-12-09,1,0
2022-12-09,2,0
2022-12-09,3,0
2022-12-09,4,0
2022-12-09,5,0
2022-12-09,6,0
2022-12-09,7,3
2022-12-09,8,108
2022-12-09,9,138
2022-12-09,10,49
2022-12-09,11,103
2022-12-09,12,106
2022-12-09,13,72
2022-12-09,14,92
2022-12-09,15,86
2022-12-09,16,39
2022-12-09,17,28
2022-12-09,18,39
2022-12-09,19,38
2022-12-09,20,11
2022-12-09,21,3
2022-12-09,22,33
2022-12-09,23,26
2022-12-10,0,16
2022-12-10,1,16
2022-12-10,2,0
2022-12-10,3,0
2022-12-10,4,0
2022-12-10,5,0
2022-12-10,6,0
2022-12-10,7,0
2022-12-10,8,50
2022-12-10,9,75
2022-12-10,10,97
2022-12-10,11,98
2022-12-10,12,119
2022-12-10,13,152
2022-12-10,14,132
2022-12-10,15,119
2022-12-10,16,110
2022-12-10,17,59
2022-12-10,18,43
2022-12-10,19,33
2022-12-10,20,17
2022-12-10,21,5
2022-12-10,22,20
2022-12-10,23,36
2022-12-11,0,46
2022-12-11,1,19
2022-12-11,2,10
2022-12-11,3,1
2022-12-11,4,1
2022-12-11,5,2
2022-12-11,6,0
2022-12-11,7,0
2022-12-11,8,20
2022-12-11,9,66
2022-12-11,10,42
2022-12-11,11,92
2022-12-11,12,100
2022-12-11,13,116
2022-12-11,14,110
2022-12-11,15,97
2022-12-11,16,102
2022-12-11,17,24
2022-12-11,18,19
2022-12-11,19,9
2022-12-11,20,0
2022-12-11,21,3
2022-12-11,22,5
2022-12-11,23,0
2022-12-12,0,0
2022-12-12,1,0
2022-12-12,2,0
2022-12-12,3,0
2022-12-12,4,0
2022-12-12,5,0
2022-12-12,6,4
2022-12-12,7,39
2022-12-12,8,102
2022-12-12,9,101
2022-12-12,10,57
2022-12-12,11,72
2022-12-12,12,80
2022-12-12,13,80
2022-12-12,14,71
2022-12-12,15,57
2022-12-12,16,39
2022-12-12,17,16
2022-12-12,18,16
2022-12-12,19,12
2022-12-12,20,0
2022-12-12,21,4
2022-12-12,22,4
2022-12-12,23,0
2022-12-13,0,0
2022-12-13,1,0
2022-12-13,2,0
2022-12-13,3,0
2022-12-13,4,0
2022-12-13,5,0
2022-12-13,6,0
2022-12-13,7,34
2022-12-13,8,109
2022-12-13,9,132
2022-12-13,10,66
2022-12-13,11,76
2022-12-13,12,58
2022-12-13,13,76
2022-12-13,14,72
2022-12-13,15,67
2022-12-13,16,49
2022-12-13,17,21
2022-12-13,18,26
2022-12-13,19,17
2022-12-13,20,0
2022-12-13,21,4
2022-12-13,22,8
2022-12-13,23,0
2022-12-14,0,0
2022-12-14,1,0
2022-12-14,2,0
2022-12-14,3,0
2022-12-14,4,0
2022-12-14,5,0
2022-12-14,6,4
2022-12-14,7,39
2022-12-14,8,141
2022-12-14,9,118
2022-12-14,10,72
2022-12-14,11,84
2022-12-14,12,104
2022-12-14,13,90
2022-12-14,14,83
2022-12-14,15,97
2022-12-14,16,50
2022-12-14,17,7
2022-12-14,18,2
2022-12-14,19,10
2022-12-14,20,0
2022-12-14,21,0
2022-12-14,22,0
2022-12-14,23,0
2022-12-15,0,0
2022-12-15,1,0
2022-12-15,2,0
2022-12-15,3,0
2022-12-15,4,0
2022-12-15,5,0
2022-12-15,6,1
2022-12-15,7,36
2022-12-15,8,136
2022-12-15,9,117
2022-12-15,10,69
2022-12-15,11,88
2022-12-15,12,117
2022-12-15,13,93
2022-12-15,14,50
2022-12-15,15,79
2022-12-15,16,51
2022-12-15,17,7
2022-12-15,18,34
2022-12-15,19,25
2022-12-15,20,6
2022-12-15,21,1
2022-12-15,22,0
2022-12-15,23,0
2022-12-16,0,0
2022-12-16,1,0
2022-12-16,2,0
2022-12-16,3,4
2022-12-16,4,0
2022-12-16,5,8
2022-12-16,6,17
2022-12-16,7,109
2022-12-16,8,181
2022-12-16,9,151
2022-12-16,10,127
2022-12-16,11,104
2022-12-16,12,139
2022-12-16,13,143
2022-12-16,14,123
2022-12-16,15,110
2022-12-16,16,108
2022-12-16,17,102
2022-12-16,18,123
2022-12-16,19,118
2022-12-16,20,33
2022-12-16,21,10
2022-12-16,22,8
2022-12-16,23,0
2022-12-17,0,7
2022-12-17,1,0
2022-12-17,2,0
2022-12-17,3,2
2022-12-17,4,5
2022-12-17,5,2
2022-12-17,6,0
2022-12-17,7,2
2022-12-17,8,50
2022-12-17,9,78
2022-12-17,10,44
2022-12-17,11,140
2022-12-17,12,156
2022-12-17,13,149
2022-12-17,14,157
2022-12-17,15,127
2022-12-17,16,119
2022-12-17,17,72
2022-12-17,18,82
2022-12-17,19,69
2022-12-17,20,24
2022-12-17,21,6
2022-12-17,22,1
2022-12-17,23,0
2022-12-18,0,8
2022-12-18,1,0
2022-12-18,2,2
2022-12-18,3,0
2022-12-18,4,0
2022-12-18,5,0
2022-12-18,6,0
2022-12-18,7,0
2022-12-18,8,15
2022-12-18,9,47
2022-12-18,10,82
2022-12-18,11,103
2022-12-18,12,144
2022-12-18,13,122
2022-12-18,14,97
2022-12-18,15,109
2022-12-18,16,115
2022-12-18,17,20
2022-12-18,18,9
2022-12-18,19,27
2022-12-18,20,6
2022-12-18,21,1
2022-12-18,22,10
2022-12-18,23,0
2022-12-19,0,1
2022-12-19,14,81
2022-12-19,15,103
2022-12-19,16,58
2022-12-19,17,24
2022-12-19,18,17
2022-12-19,19,6
2022-12-19,20,6
2022-12-19,21,0
2022-12-19,22,4
2022-12-19,23,1
2022-12-20,0,0
2022-12-20,1,0
2022-12-20,2,0
2022-12-20,3,0
2022-12-20,4,0
2022-12-20,5,0
2022-12-20,6,0
2022-12-20,7,7
2022-12-20,8,116
2022-12-20,9,138
2022-12-20,10,92
2022-12-20,11,109
2022-12-20,12,120
2022-12-20,13,111
2022-12-20,14,91
2022-12-20,15,100
2022-12-20,16,29
2022-12-20,17,0
2022-12-20,18,14
2022-12-20,19,5
2022-12-20,20,0
2022-12-20,21,0
2022-12-20,22,0
2022-12-20,23,0
2022-12-21,0,0
2022-12-21,1,0
2022-12-21,2,0
2022-12-21,3,0
2022-12-21,4,0
2022-12-21,5,1
2022-12-21,6,14
2022-12-21,7,55
2022-12-21,8,152
2022-12-21,9,180
2022-12-21,10,91
2022-12-21,11,108
2022-12-21,12,68
2022-12-21,13,87
2022-12-21,14,86
2022-12-21,15,81
2022-12-21,16,37
2022-12-21,17,13
2022-12-21,18,73
2022-12-21,19,113
2022-12-21,20,27
2022-12-21,21,0
2022-12-21,22,2
2022-12-21,23,0
2022-12-22,0,0
2022-12-22,1,0
2022-12-22,2,0
2022-12-22,3,0
2022-12-22,4,0
2022-12-22,5,0
2022-12-22,6,1
2022-12-22,7,7
2022-12-22,8,103
2022-12-22,9,102
2022-12-22,10,119
2022-12-22,11,109
2022-12-22,12,103
2022-12-22,13,106
2022-12-22,14,99
2022-12-22,15,89
2022-12-22,16,49
2022-12-22,17,4
2022-12-22,18,4
2022-12-22,19,1
2022-12-22,20,0
2022-12-22,21,0
2022-12-22,22,0
2022-12-22,23,0
2022-12-23,0,0
2022-12-23,1,0
2022-12-23,2,0
2022-12-23,3,0
2022-12-23,4,2
2022-12-23,5,3
2022-12-23,6,0
2022-12-23,7,2
2022-12-23,8,117
2022-12-23,9,109
2022-12-23,10,103
2022-12-23,11,100
2022-12-23,12,133
2022-12-23,13,111
2022-12-23,14,87
2022-12-23,15,103
2022-12-23,16,102
2022-12-23,17,151
2022-12-23,18,140
2022-12-23,19,147
2022-12-23,20,75
2022-12-23,21,43
2022-12-23,22,9
2022-12-23,23,5
2022-12-24,0,9
2022-12-24,1,3
2022-12-24,2,7
2022-12-24,3,2
2022-12-24,4,16
2022-12-24,5,1
2022-12-24,6,6
2022-12-24,7,8
2022-12-24,8,34
2022-12-24,9,86
2022-12-24,10,57
2022-12-24,11,137
2022-12-24,12,126
2022-12-24,13,101
2022-12-24,14,83
2022-12-24,15,79
2022-12-24,16,38
2022-12-24,17,9
2022-12-24,18,32
2022-12-24,19,39
2022-12-24,20,16
2022-12-24,21,1
2022-12-24,22,0
2022-12-24,23,2
2022-12-25,0,0
2022-12-25,1,0
2022-12-25,2,0
2022-12-25,3,1
2022-12-25,4,2
2022-12-25,5,0
2022-12-25,6,0
2022-12-25,7,0
2022-12-25,8,4
2022-12-25,9,17
2022-12-25,10,11
2022-12-25,11,23
2022-12-25,12,29
2022-12-25,13,49
2022-12-25,14,70
2022-12-25,15,56
2022-12-25,16,38
2022-12-25,17,57
2022-12-25,18,24
2022-12-25,19,29
2022-12-25,20,7
2022-12-25,21,1
2022-12-25,22,0
2022-12-25,23,0
2022-12-26,0,0
2022-12-26,1,0
2022-12-26,2,1
2022-12-26,3,0
2022-12-26,4,0
2022-12-26,5,1
2022-12-26,6,0
2022-12-26,7,8
2022-12-26,8,24
2022-12-26,9,38
2022-12-26,10,31
2022-12-26,11,66
2022-12-26,12,95
2022-12-26,13,82
2022-12-26,14,89
2022-12-26,15,72
2022-12-26,16,102
2022-12-26,17,14
2022-12-26,18,46
2022-12-26,19,8
2022-12-26,20,14
2022-12-26,21,1
2022-12-26,22,0
2022-12-26,23,0
2022-12-27,0,1
2022-12-27,1,0
2022-12-27,2,0
2022-12-27,3,0
2022-12-27,4,0
2022-12-27,5,0
2022-12-27,6,1
2022-12-27,7,1
2022-12-27,8,10
2022-12-27,9,41
2022-12-27,10,97
2022-12-27,11,100
2022-12-27,12,79
2022-12-27,13,109
2022-12-27,14,145
2022-12-27,15,146
2022-12-27,16,147
2022-12-27,17,57
2022-12-27,18,21
2022-12-27,19,14
2022-12-27,20,1
2022-12-27,21,3
2022-12-27,22,0
2022-12-27,23,0
2022-12-28,0,2
2022-12-28,1,0
2022-12-28,2,0
2022-12-28,3,0
2022-12-28,4,0
2022-12-28,5,0
2022-12-28,6,0
2022-12-28,7,3
2022-12-28,8,38
2022-12-28,9,62
2022-12-28,10,81
2022-12-28,11,87
2022-12-28,12,134
2022-12-28,13,160
2022-12-28,14,147
2022-12-28,15,106
2022-12-28,16,127
2022-12-28,17,97
2022-12-28,18,101
2022-12-28,19,52
2022-12-28,20,27
2022-12-28,21,0
2022-12-28,22,0
2022-12-28,23,0
2022-12-29,0,0
2022-12-29,1,0
2022-12-29,2,0
2022-12-29,3,0
2022-12-29,4,0
2022-12-29,5,0
2022-12-29,6,18
2022-12-29,7,22
2022-12-29,8,68
2022-12-29,9,101
2022-12-29,10,86
2022-12-29,11,115
2022-12-29,12,91
2022-12-29,13,113
2022-12-29,14,102
2022-12-29,15,126
2022-12-29,16,66
2022-12-29,17,18
2022-12-29,18,13
2022-12-29,19,4
2022-12-29,20,2
2022-12-29,21,0
2022-12-29,22,3
2022-12-29,23,0
2022-12-30,0,0
2022-12-30,1,7
2022-12-30,2,5
2022-12-30,3,7
2022-12-30,4,5
2022-12-30,5,15
2022-12-30,6,26
2022-12-30,7,34
2022-12-30,8,103
2022-12-30,9,86
2022-12-30,10,98
2022-12-30,11,85
2022-12-30,12,121
2022-12-30,13,134
2022-12-30,14,112
2022-12-30,15,118
2022-12-30,16,128
2022-12-30,17,81
2022-12-30,18,17
2022-12-30,19,13
2022-12-30,20,6
2022-12-30,21,0
2022-12-30,22,0
2022-12-30,23,0
2022-12-31,0,0
2022-12-31,1,0
2022-12-31,2,0
2022-12-31,3,2
2022-12-31,4,0
2022-12-31,5,0
2022-12-31,6,0
2022-12-31,7,0
2022-12-31,8,19
2022-12-31,9,33
2022-12-31,10,69
2022-12-31,11,60
2022-12-31,12,96
2022-12-31,13,81
2022-12-31,14,95
2022-12-31,15,78
2022-12-31,16,48
2022-12-31,17,3
2022-12-31,18,1
2022-12-31,19,2
2022-12-31,20,14
2022-12-31,21,40
2022-12-31,22,52
2022-12-31,23,25
2023-01-01,0,2
2023-01-01,1,20
2023-01-01,2,22
2023-01-01,3,27
2023-01-01,4,13
2023-01-01,5,2
2023-01-01,6,6
2023-01-01,7,2
2023-01-01,8,2
2023-01-01,9,15
2023-01-01,10,16
2023-01-01,11,19
2023-01-01,12,46
2023-01-01,13,45
2023-01-01,14,45
2023-01-01,15,39
2023-01-01,16,34
2023-01-01,17,0
2023-01-01,18,1
2023-01-01,19,0
2023-01-01,20,0
2023-01-01,21,0
2023-01-01,22,0
2023-01-01,23,0
2023-01-02,0,0
2023-01-02,1,0
2023-01-02,2,0
2023-01-02,3,0
2023-01-02,4,0
2023-01-02,5,0
2023-01-02,6,0
2023-01-02,7,0
2023-01-02,8,13
2023-01-02,9,32
2023-01-02,10,13
2023-01-02,11,52
2023-01-02,12,76
2023-01-02,13,50
2023-01-02,14,69
2023-01-02,15,56
2023-01-02,16,67
2023-01-02,17,10
2023-01-02,18,1
2023-01-02,19,5
2023-01-02,20,1
2023-01-02,21,12
2023-01-02,22,0
2023-01-02,23,0
2023-01-03,0,0
2023-01-03,1,0
2023-01-03,2,0
2023-01-03,3,1
2023-01-03,4,0
2023-01-03,5,0
2023-01-03,6,0
2023-01-03,7,40
2023-01-03,8,56
2023-01-03,9,56
2023-01-03,10,57
2023-01-03,11,68
2023-01-03,12,100
2023-01-03,13,119
2023-01-03,14,106
2023-01-03,15,148
2023-01-03,16,114
2023-01-03,17,26
2023-01-03,18,33
2023-01-03,19,96
2023-01-03,20,44
2023-01-03,21,5
2023-01-03,22,6
2023-01-03,23,2
2023-01-04,0,2
2023-01-04,1,0
2023-01-04,2,0
2023-01-04,3,0
2023-01-04,4,4
2023-01-04,5,1
2023-01-04,6,3
2023-01-04,7,47
2023-01-04,8,123
2023-01-04,9,103
2023-01-04,10,87
2023-01-04,11,100
2023-01-04,12,110
2023-01-04,13,103
2023-01-04,14,101
2023-01-04,15,115
2023-01-04,16,64
2023-01-04,17,9
2023-01-04,18,64
2023-01-04,19,36
2023-01-04,20,2
2023-01-04,21,1
2023-01-04,22,0
2023-01-04,23,0
2023-01-05,0,0
2023-01-05,1,0
2023-01-05,2,0
2023-01-05,3,0
2023-01-05,4,0
2023-01-05,5,0
2023-01-05,6,8
2023-01-05,7,12
2023-01-05,8,90
2023-01-05,9,114
2023-01-05,10,98
2023-01-05,11,64
2023-01-05,12,95
2023-01-05,13,111
2023-01-05,14,100
2023-01-05,15,120
2023-01-05,16,81
2023-01-05,17,16
2023-01-05,18,49
2023-01-05,19,7
2023-01-05,20,5
2023-01-05,21,0
2023-01-05,22,0
2023-01-05,23,0
2023-01-06,0,0
2023-01-06,1,0
2023-01-06,2,0
2023-01-06,3,0
2023-01-06,4,0
2023-01-06,5,3
2023-01-06,6,45
2023-01-06,7,42
2023-01-06,8,133
2023-01-06,9,99
2023-01-06,10,74
2023-01-06,11,54
2023-01-06,12,106
2023-01-06,13,111
2023-01-06,14,90
2023-01-06,15,90
2023-01-06,16,66
2023-01-06,17,11
2023-01-06,18,12
2023-01-06,19,8
2023-01-06,20,2
2023-01-06,21,0
2023-01-06,22,0
2023-01-06,23,0
2023-01-07,0,6
2023-01-07,1,4
2023-01-07,2,1
2023-01-07,3,4
2023-01-07,4,0
2023-01-07,5,6
2023-01-07,6,2
2023-01-07,7,23
2023-01-07,8,57
2023-01-07,9,70
2023-01-07,10,74
2023-01-07,11,79
2023-01-07,12,101
2023-01-07,13,163
2023-01-07,14,156
2023-01-07,15,99
2023-01-07,16,90
2023-01-07,17,19
2023-01-07,18,14
2023-01-07,19,25
2023-01-07,20,9
2023-01-07,21,0
2023-01-07,22,0
2023-01-07,23,0
2023-01-08,0,6
2023-01-08,1,1
2023-01-08,2,0
2023-01-08,3,0
2023-01-08,4,0
2023-01-08,5,0
2023-01-08,6,0
2023-01-08,7,0
2023-01-08,8,6
2023-01-08,9,34
2023-01-08,10,42
2023-01-08,11,68
2023-01-08,12,76
2023-01-08,13,110
2023-01-08,14,120
2023-01-08,15,95
2023-01-08,16,50
2023-01-08,17,45
2023-01-08,18,17
2023-01-08,19,20
2023-01-08,20,10
2023-01-08,21,2
2023-01-08,22,0
2023-01-08,23,1
2023-01-09,0,8
2023-01-09,1,0
2023-01-09,2,0
2023-01-09,3,0
2023-01-09,4,0
2023-01-09,5,0
2023-01-09,6,3
2023-01-09,7,0
2023-01-09,8,92
2023-01-09,9,146
2023-01-09,10,64
2023-01-09,11,65
2023-01-09,12,110
2023-01-09,13,80
2023-01-09,14,114
2023-01-09,15,64
2023-01-09,16,66
2023-01-09,17,1
2023-01-09,18,9
2023-01-09,19,0
2023-01-09,20,1
2023-01-09,21,0
2023-01-09,22,10
2023-01-09,23,52
2023-01-10,0,25
2023-01-10,1,0
2023-01-10,2,0
2023-01-10,3,0
2023-01-10,4,0
2023-01-10,5,0
2023-01-10,6,26
2023-01-10,7,118
2023-01-10,8,182
2023-01-10,9,186
2023-01-10,10,103
2023-01-10,11,80
2023-01-10,12,137
2023-01-10,13,170
2023-01-10,14,114
2023-01-10,15,108
2023-01-10,16,70
2023-01-10,17,95
2023-01-10,18,126
2023-01-10,19,82
2023-01-10,20,9
2023-01-10,21,35
2023-01-10,22,20
2023-01-10,23,6
2023-01-11,0,3
2023-01-11,1,6
2023-01-11,2,12
2023-01-11,3,0
2023-01-11,4,0
2023-01-11,5,0
2023-01-11,6,2
2023-01-11,7,13
2023-01-11,8,136
2023-01-11,9,138
2023-01-11,10,92
2023-01-11,11,73
2023-01-11,12,85
2023-01-11,13,80
2023-01-11,14,84
2023-01-11,15,99
2023-01-11,16,69
2023-01-11,17,84
2023-01-11,18,52
2023-01-11,19,50
2023-01-11,20,3
2023-01-11,21,0
2023-01-11,22,5
2023-01-11,23,1
2023-01-12,0,0
2023-01-12,1,0
2023-01-12,2,1
2023-01-12,3,0
2023-01-12,4,1
2023-01-12,5,0
2023-01-12,6,2
2023-01-12,7,6
2023-01-12,8,84
2023-01-12,9,199
2023-01-12,10,146
2023-01-12,11,124
2023-01-12,12,86
2023-01-12,13,75
2023-01-12,14,61
2023-01-12,15,76
2023-01-12,16,71
2023-01-12,17,90
2023-01-12,18,114
2023-01-12,19,82
2023-01-12,20,60
2023-01-12,21,4
2023-01-12,22,87
2023-01-12,23,13
2023-01-13,0,17
2023-01-13,1,5
2023-01-13,2,0
2023-01-13,3,0
2023-01-13,4,0
2023-01-13,5,0
2023-01-13,6,0
2023-01-13,7,4
2023-01-13,8,146
2023-01-13,9,147
2023-01-13,10,86
2023-01-13,11,72
2023-01-13,12,98
2023-01-13,13,87
2023-01-13,14,80
2023-01-13,15,90
2023-01-13,16,60
2023-01-13,17,46
2023-01-13,18,16
2023-01-13,19,38
2023-01-13,20,9
2023-01-13,21,2
2023-01-13,22,0
2023-01-13,23,14
2023-01-14,0,10
2023-01-14,1,8
2023-01-14,2,10
2023-01-14,3,4
2023-01-14,4,11
2023-01-14,5,6
2023-01-14,6,8
2023-01-14,7,14
2023-01-14,8,41
2023-01-14,9,52
2023-01-14,10,62
2023-01-14,11,85
2023-01-14,12,123
2023-01-14,13,140
2023-01-14,14,123
2023-01-14,15,118
2023-01-14,16,151
2023-01-14,17,45
2023-01-14,18,80
2023-01-14,19,118
2023-01-14,20,124
2023-01-14,21,22
2023-01-14,22,28
2023-01-14,23,7
2023-01-15,0,5
2023-01-15,1,0
2023-01-15,2,0
2023-01-15,3,2
2023-01-15,4,0
2023-01-15,5,0
2023-01-15,6,0
2023-01-15,7,0
2023-01-15,8,16
2023-01-15,9,30
2023-01-15,10,46
2023-01-15,11,61
2023-01-15,12,108
2023-01-15,13,115
2023-01-15,14,109
2023-01-15,15,115
2023-01-15,16,87
2023-01-15,17,3
2023-01-15,18,12
2023-01-15,19,2
2023-01-15,20,1
2023-01-15,21,0
2023-01-15,22,0
2023-01-15,23,0
2023-01-16,0,1
2023-01-16,1,0
2023-01-16,2,0
2023-01-16,3,0
2023-01-16,4,0
2023-01-16,5,0
2023-01-16,6,0
2023-01-16,7,1
2023-01-16,8,119
2023-01-16,9,137
2023-01-16,10,28
2023-01-16,11,42
2023-01-16,12,56
2023-01-16,13,86
2023-01-16,14,84
2023-01-16,15,97
2023-01-16,16,75
2023-01-16,17,2
2023-01-16,18,12
2023-01-16,19,4
2023-01-16,20,2
2023-01-16,21,0
2023-01-16,22,48
2023-01-16,23,117
2023-01-17,0,37
2023-01-17,1,3
2023-01-17,2,2
2023-01-17,3,3
2023-01-17,4,3
2023-01-17,5,0
2023-01-17,6,0
2023-01-17,7,11
2023-01-17,8,128
2023-01-17,9,147
2023-01-17,10,46
2023-01-17,11,120
2023-01-17,12,79
2023-01-17,13,73
2023-01-17,14,80
2023-01-17,15,71
2023-01-17,16,47
2023-01-17,17,11
2023-01-17,18,6
2023-01-17,19,12
2023-01-17,20,4
2023-01-17,21,0
2023-01-17,22,31
2023-01-17,23,4
2023-01-18,0,1
2023-01-18,1,0
2023-01-18,2,0
2023-01-18,3,0
2023-01-18,4,0
2023-01-18,5,0
2023-01-18,6,0
2023-01-18,7,5
2023-01-18,8,121
2023-01-18,9,177
2023-01-18,10,89
2023-01-18,11,74
2023-01-18,12,80
2023-01-18,13,84
2023-01-18,14,81
2023-01-18,15,73
2023-01-18,16,59
2023-01-18,17,1
2023-01-18,18,16
2023-01-18,19,50
2023-01-18,20,0
2023-01-18,21,3
2023-01-18,22,15
2023-01-18,23,0
2023-01-19,0,0
2023-01-19,1,0
2023-01-19,2,0
2023-01-19,3,0
2023-01-19,4,0
2023-01-19,5,1
2023-01-19,6,0
2023-01-19,7,17
2023-01-19,8,180
2023-01-19,9,166
2023-01-19,10,48
2023-01-19,11,78
2023-01-19,12,94
2023-01-19,13,99
2023-01-19,14,82
2023-01-19,15,91
2023-01-19,16,60
2023-01-19,17,11
2023-01-19,18,13
2023-01-19,19,10
2023-01-19,20,0
2023-01-19,21,0
2023-01-19,22,1
2023-01-19,23,1
2023-01-20,0,0
2023-01-20,1,0
2023-01-20,2,3
2023-01-20,3,0
2023-01-20,4,0
2023-01-20,5,0
2023-01-20,6,2
2023-01-20,7,51
2023-01-20,8,148
2023-01-20,9,120
2023-01-20,10,37
2023-01-20,11,113
2023-01-20,12,110
2023-01-20,13,85
2023-01-20,14,85
2023-01-20,15,80
2023-01-20,16,96
2023-01-20,17,34
2023-01-20,18,42
2023-01-20,19,20
2023-01-20,20,5
2023-01-20,21,1
2023-01-20,22,1
2023-01-20,23,0
2023-01-21,0,0
2023-01-21,1,0
2023-01-21,2,0
2023-01-21,3,0
2023-01-21,4,0
2023-01-21,5,0
2023-01-21,6,1
2023-01-21,7,0
2023-01-21,8,34
2023-01-21,9,78
2023-01-21,10,85
2023-01-21,11,146
2023-01-21,12,152
2023-01-21,13,130
2023-01-21,14,121
2023-01-21,15,115
2023-01-21,16,73
2023-01-21,17,29
2023-01-21,18,22
2023-01-21,19,22
2023-01-21,20,9
2023-01-21,21,2
2023-01-21,22,1
2023-01-21,23,0
2023-01-22,0,1
2023-01-22,1,0
2023-01-22,2,0
2023-01-22,3,0
2023-01-22,4,0
2023-01-22,5,0
2023-01-22,6,0
2023-01-22,7,0
2023-01-22,8,12
2023-01-22,9,36
2023-01-22,10,81
2023-01-22,11,70
2023-01-22,12,82
2023-01-22,13,106
2023-01-22,14,88
2023-01-22,15,91
2023-01-22,16,76
2023-01-22,17,33
2023-01-22,18,46
2023-01-22,19,18
2023-01-22,20,0
2023-01-22,21,1
2023-01-22,22,0
2023-01-22,23,2
2023-01-23,0,0
2023-01-23,1,1
2023-01-23,2,0
2023-01-23,3,0
2023-01-23,4,0
2023-01-23,5,0
2023-01-23,6,1
2023-01-23,7,27
2023-01-23,8,99
2023-01-23,9,140
2023-01-23,10,64
2023-01-23,11,41
2023-01-23,12,72
2023-01-23,13,74
2023-01-23,14,52
2023-01-23,15,68
2023-01-23,16,50
2023-01-23,17,17
2023-01-23,18,13
2023-01-23,19,7
2023-01-23,20,2
2023-01-23,21,0
2023-01-23,22,0
2023-01-23,23,1
2023-01-24,0,0
2023-01-24,1,0
2023-01-24,2,0
2023-01-24,3,0
2023-01-24,4,0
2023-01-24,5,0
2023-01-24,6,0
2023-01-24,7,30
2023-01-24,8,107
2023-01-24,9,157
2023-01-24,10,93
2023-01-24,11,87
2023-01-24,12,85
2023-01-24,13,75
2023-01-24,14,93
2023-01-24,15,83
2023-01-24,16,65
2023-01-24,17,8
2023-01-24,18,16
2023-01-24,19,1
2023-01-24,20,1
2023-01-24,21,1
2023-01-24,22,19
2023-01-24,23,120
2023-01-25,0,34
2023-01-25,1,0
2023-01-25,2,1
2023-01-25,3,0
2023-01-25,4,0
2023-01-25,5,0
2023-01-25,6,3
2023-01-25,7,132
2023-01-25,8,173
2023-01-25,9,177
2023-01-25,10,91
2023-01-25,11,68
2023-01-25,12,76
2023-01-25,13,83
2023-01-25,14,87
2023-01-25,15,41
2023-01-25,16,0
2023-01-25,17,0
2023-01-25,18,0
2023-01-25,19,1
2023-01-25,20,2
2023-01-25,21,0
2023-01-25,22,0
2023-01-25,23,0
2023-01-26,0,0
2023-01-26,1,0
2023-01-26,2,0
2023-01-26,3,0
2023-01-26,4,0
2023-01-26,5,0
2023-01-26,6,0
2023-01-26,7,18
2023-01-26,8,161
2023-01-26,9,169
2023-01-26,10,51
2023-01-26,11,36
2023-01-26,12,90
2023-01-26,13,92
2023-01-26,14,70
2023-01-26,15,95
2023-01-26,16,67
2023-01-26,17,8
2023-01-26,18,9
2023-01-26,19,3
2023-01-26,20,2
2023-01-26,21,0
2023-01-26,22,0
2023-01-26,23,0
2023-01-27,0,0
2023-01-27,1,0
2023-01-27,2,0
2023-01-27,3,0
2023-01-27,4,0
2023-01-27,5,0
2023-01-27,6,0
2023-01-27,7,35
2023-01-27,8,115
2023-01-27,9,138
2023-01-27,10,86
2023-01-27,11,100
2023-01-27,12,124
2023-01-27,13,87
2023-01-27,14,85
2023-01-27,15,77
2023-01-27,16,49
2023-01-27,17,41
2023-01-27,18,18
2023-01-27,19,21
2023-01-27,20,3
2023-01-27,21,18
2023-01-27,22,0
2023-01-27,23,0
2023-01-28,0,0
2023-01-28,1,0
2023-01-28,2,3
2023-01-28,3,3
2023-01-28,4,1
2023-01-28,5,2
2023-01-28,6,0
2023-01-28,7,0
2023-01-28,8,44
2023-01-28,9,73
2023-01-28,10,46
2023-01-28,11,92
2023-01-28,12,78
2023-01-28,13,107
2023-01-28,14,116
2023-01-28,15,104
2023-01-28,16,97
2023-01-28,17,52
2023-01-28,18,36
2023-01-28,19,31
2023-01-28,20,6
2023-01-28,21,0
2023-01-28,22,0
2023-01-28,23,0
2023-01-29,0,0
2023-01-29,1,0
2023-01-29,2,0
2023-01-29,3,1
2023-01-29,4,0
2023-01-29,5,0
2023-01-29,6,0
2023-01-29,7,0
2023-01-29,8,18
2023-01-29,9,39
2023-01-29,10,60
2023-01-29,11,76
2023-01-29,12,87
2023-01-29,13,125
2023-01-29,14,126
2023-01-29,15,99
2023-01-29,16,124
2023-01-29,17,102
2023-01-29,18,91
2023-01-29,19,6
2023-01-29,20,0
2023-01-29,21,0
2023-01-29,22,0
2023-01-29,23,34
2023-01-30,0,10
2023-01-30,1,6
2023-01-30,2,7
2023-01-30,3,0
2023-01-30,4,2
2023-01-30,5,4
2023-01-30,6,1
2023-01-30,7,52
2023-01-30,8,137
2023-01-30,9,121
2023-01-30,10,60
2023-01-30,11,67
2023-01-30,12,73
2023-01-30,13,63
2023-01-30,14,54
2023-01-30,15,69
2023-01-30,16,70
2023-01-30,17,29
2023-01-30,18,16
2023-01-30,19,5
2023-01-30,20,31
2023-01-30,21,3
2023-01-30,22,0
2023-01-30,23,9
2023-01-31,0,14
2023-01-31,1,0
2023-01-31,2,0
2023-01-31,3,1
2023-01-31,4,0
2023-01-31,5,13
2023-01-31,6,10
2023-01-31,7,35
2023-01-31,8,129
2023-01-31,9,146
2023-01-31,10,111
2023-01-31,11,130
2023-01-31,12,103
2023-01-31,13,75
2023-01-31,14,91
2023-01-31,15,81
2023-01-31,16,62
2023-01-31,17,41
2023-01-31,18,85
2023-01-31,19,95
2023-01-31,20,54
2023-01-31,21,34
2023-01-31,22,38
2023-01-31,23,5
2023-02-01,0,2
2023-02-01,1,2
2023-02-01,2,2
2023-02-01,3,0
2023-02-01,4,1
2023-02-01,5,11
2023-02-01,6,30
2023-02-01,7,67
2023-02-01,8,164
2023-02-01,9,144
2023-02-01,10,81
2023-02-01,11,49
2023-02-01,12,81
2023-02-01,13,89
2023-02-01,14,68
2023-02-01,15,71
2023-02-01,16,53
2023-02-01,17,60
2023-02-01,18,117
2023-02-01,19,109
2023-02-01,20,27
2023-02-01,21,3
2023-02-01,22,21
2023-02-01,23,0
2023-02-02,0,0
2023-02-02,1,1
2023-02-02,2,2
2023-02-02,3,1
2023-02-02,4,0
2023-02-02,5,4
2023-02-02,6,2
2023-02-02,7,24
2023-02-02,8,140
2023-02-02,9,168
2023-02-02,10,98
2023-02-02,11,79
2023-02-02,12,102
2023-02-02,13,97
2023-02-02,14,81
2023-02-02,15,94
2023-02-02,16,49
2023-02-02,17,40
2023-02-02,18,6
2023-02-02,19,4
2023-02-02,20,6
2023-02-02,21,0
2023-02-02,22,6
2023-02-02,23,17
2023-02-03,0,0
2023-02-03,1,1
2023-02-03,2,0
2023-02-03,3,0
2023-02-03,4,0
2023-02-03,5,0
2023-02-03,6,0
2023-02-03,7,10
2023-02-03,8,124
2023-02-03,9,128
2023-02-03,10,84
2023-02-03,11,99
2023-02-03,12,95
2023-02-03,13,114
2023-02-03,14,96
2023-02-03,15,89
2023-02-03,16,59
2023-02-03,17,42
2023-02-03,18,10
2023-02-03,19,16
2023-02-03,20,3
2023-02-03,21,1
2023-02-03,22,0
2023-02-03,23,0
2023-02-04,0,0
2023-02-04,1,0
2023-02-04,2,0
2023-02-04,3,0
2023-02-04,4,0
2023-02-04,5,0
2023-02-04,6,0
2023-02-04,7,0
2023-02-04,8,49
2023-02-04,9,79
2023-02-04,10,80
2023-02-04,11,108
2023-02-04,12,97
2023-02-04,13,117
2023-02-04,14,94
2023-02-04,15,113
2023-02-04,16,110
2023-02-04,17,85
2023-02-04,18,64
2023-02-04,19,34
2023-02-04,20,14
2023-02-04,21,0
2023-02-04,22,1
2023-02-04,23,0
2023-02-05,0,0
2023-02-05,1,0
2023-02-05,2,0
2023-02-05,3,0
2023-02-05,4,0
2023-02-05,5,0
2023-02-05,6,0
2023-02-05,7,1
2023-02-05,8,32
2023-02-05,9,70
2023-02-05,10,37
2023-02-05,11,50
2023-02-05,12,107
2023-02-05,13,113
2023-02-05,14,92
2023-02-05,15,86
2023-02-05,16,82
2023-02-05,17,71
2023-02-05,18,9
2023-02-05,19,6
2023-02-05,20,0
2023-02-05,21,0
2023-02-05,22,0
2023-02-05,23,1
2023-02-06,0,0
2023-02-06,1,1
2023-02-06,2,0
2023-02-06,3,0
2023-02-06,4,0
2023-02-06,5,0
2023-02-06,6,0
2023-02-06,7,24
2023-02-06,8,135
2023-02-06,9,121
2023-02-06,10,84
2023-02-06,11,89
2023-02-06,12,86
2023-02-06,13,91
2023-02-06,14,66
2023-02-06,15,66
2023-02-06,16,48
2023-02-06,17,29
2023-02-06,18,4
2023-02-06,19,2
2023-02-06,20,0
2023-02-06,21,0
2023-02-06,22,0
2023-02-06,23,0
2023-02-07,0,0
2023-02-07,1,0
2023-02-07,2,0
2023-02-07,3,0
2023-02-07,4,0
2023-02-07,5,0
2023-02-07,6,0
2023-02-07,7,56
2023-02-07,8,135
2023-02-07,9,159
2023-02-07,10,94
2023-02-07,11,88
2023-02-07,12,87
2023-02-07,13,79
2023-02-07,14,72
2023-02-07,15,64
2023-02-07,16,72
2023-02-07,17,51
2023-02-07,18,7
2023-02-07,19,0
2023-02-07,20,0
2023-02-07,21,1
2023-02-07,22,0
2023-02-07,23,0
2023-02-08,0,0
2023-02-08,1,0
2023-02-08,2,0
2023-02-08,3,0
2023-02-08,4,0
2023-02-08,5,0
2023-02-08,6,4
2023-02-08,7,55
2023-02-08,8,162
2023-02-08,9,138
2023-02-08,10,83
2023-02-08,11,49
2023-02-08,12,84
2023-02-08,13,84
2023-02-08,14,90
2023-02-08,15,84
2023-02-08,16,65
2023-02-08,17,37
2023-02-08,18,68
2023-02-08,19,50
2023-02-08,20,42
2023-02-08,21,0
2023-02-08,22,0
2023-02-08,23,0
2023-02-09,0,0
2023-02-09,1,0
2023-02-09,2,0
2023-02-09,3,0
2023-02-09,4,0
2023-02-09,5,0
2023-02-09,6,1
2023-02-09,7,57
2023-02-09,8,138
2023-02-09,9,125
2023-02-09,10,64
2023-02-09,11,75
2023-02-09,12,97
2023-02-09,13,89
2023-02-09,14,66
2023-02-09,15,82
2023-02-09,16,76
2023-02-09,17,39
2023-02-09,18,0
2023-02-09,19,1
2023-02-09,20,1
2023-02-09,21,9
2023-02-09,22,4
2023-02-09,23,0
2023-02-10,0,0
2023-02-10,1,0
2023-02-10,2,0
2023-02-10,3,0
2023-02-10,4,0
2023-02-10,5,1
2023-02-10,6,3
2023-02-10,7,76
2023-02-10,8,124
2023-02-10,9,92
2023-02-10,10,73
2023-02-10,11,105
2023-02-10,12,116
2023-02-10,13,78
2023-02-10,14,49
2023-02-10,15,62
2023-02-10,16,61
2023-02-10,17,47
2023-02-10,18,24
2023-02-10,19,16
2023-02-10,20,3
2023-02-10,21,2
2023-02-10,22,4
2023-02-10,23,0
2023-02-11,0,0
2023-02-11,1,0
2023-02-11,2,0
2023-02-11,3,0
2023-02-11,4,0
2023-02-11,5,0
2023-02-11,6,0
2023-02-11,7,6
2023-02-11,8,45
2023-02-11,9,66
2023-02-11,10,71
2023-02-11,11,81
2023-02-11,12,102
2023-02-11,13,143
2023-02-11,14,114
2023-02-11,15,110
2023-02-11,16,108
2023-02-11,17,71
2023-02-11,18,14
2023-02-11,19,6
2023-02-11,20,0
2023-02-11,21,0
2023-02-11,22,0
2023-02-11,23,0
2023-02-12,0,0
2023-02-12,1,0
2023-02-12,2,1
2023-02-12,3,0
2023-02-12,4,0
2023-02-12,5,0
2023-02-12,6,0
2023-02-12,7,6
2023-02-12,8,17
2023-02-12,9,37
2023-02-12,10,64
2023-02-12,11,95
2023-02-12,12,106
2023-02-12,13,106
2023-02-12,14,97
2023-02-12,15,96
2023-02-12,16,114
2023-02-12,17,92
2023-02-12,18,14
2023-02-12,19,2
2023-02-12,20,4
2023-02-12,21,0
2023-02-12,22,0
2023-02-12,23,0
2023-02-13,0,0
2023-02-13,1,0
2023-02-13,2,0
2023-02-13,3,0
2023-02-13,4,0
2023-02-13,5,0
2023-02-13,6,0
2023-02-13,7,35
2023-02-13,8,140
2023-02-13,9,101
2023-02-13,10,87
2023-02-13,11,95
2023-02-13,12,87
2023-02-13,13,83
2023-02-13,14,75
2023-02-13,15,86
2023-02-13,16,70
2023-02-13,17,68
2023-02-13,18,5
2023-02-13,19,3
2023-02-13,20,0
2023-02-13,21,0
2023-02-13,22,0
2023-02-13,23,0
2023-02-14,0,0
2023-02-14,1,0
2023-02-14,2,0
2023-02-14,3,0
2023-02-14,4,0
2023-02-14,5,0
2023-02-14,6,0
2023-02-14,7,70
2023-02-14,8,157
2023-02-14,9,108
2023-02-14,10,87
2023-02-14,11,93
2023-02-14,12,93
2023-02-14,13,103
2023-02-14,14,102
2023-02-14,15,95
2023-02-14,16,80
2023-02-14,17,58
2023-02-14,18,20
2023-02-14,19,9
2023-02-14,20,0
2023-02-14,21,0
2023-02-14,22,1
2023-02-14,23,0
2023-02-15,0,0
2023-02-15,1,0
2023-02-15,2,0
2023-02-15,3,0
2023-02-15,4,0
2023-02-15,5,0
2023-02-15,6,0
2023-02-15,7,53
2023-02-15,8,142
2023-02-15,9,123
2023-02-15,10,92
2023-02-15,11,108
2023-02-15,12,107
2023-02-15,13,79
2023-02-15,14,85
2023-02-15,15,64
2023-02-15,16,72
2023-02-15,17,63
2023-02-15,18,1
2023-02-15,19,6
2023-02-15,20,1
2023-02-15,21,1
2023-02-15,22,0
2023-02-15,23,0
2023-02-16,0,1
2023-02-16,1,0
2023-02-16,2,0
2023-02-16,3,0
2023-02-16,4,0
2023-02-16,5,0
2023-02-16,6,1
2023-02-16,7,61
2023-02-16,8,142
2023-02-16,9,118
2023-02-16,10,98
2023-02-16,11,44
2023-02-16,12,87
2023-02-16,13,101
2023-02-16,14,78
2023-02-16,15,62
2023-02-16,16,44
2023-02-16,17,68
2023-02-16,18,20
2023-02-16,19,7
2023-02-16,20,24
2023-02-16,21,36
2023-02-16,22,44
2023-02-16,23,23
2023-02-17,0,15
2023-02-17,1,14
2023-02-17,2,7
2023-02-17,3,4
2023-02-17,4,2
2023-02-17,5,0
2023-02-17,6,0
2023-02-17,7,49
2023-02-17,8,138
2023-02-17,9,106
2023-02-17,10,77
2023-02-17,11,90
2023-02-17,12,97
2023-02-17,13,96
2023-02-17,14,71
2023-02-17,15,91
2023-02-17,16,84
2023-02-17,17,99
2023-02-17,18,36
2023-02-17,19,36
2023-02-17,20,92
2023-02-17,21,66
2023-02-17,22,38
2023-02-17,23,7
2023-02-18,0,21
2023-02-18,1,16
2023-02-18,2,9
2023-02-18,3,6
2023-02-18,4,4
2023-02-18,5,3
2023-02-18,6,2
2023-02-18,7,21
2023-02-18,8,59
2023-02-18,9,72
2023-02-18,10,116
2023-02-18,11,98
2023-02-18,12,115
2023-02-18,13,124
2023-02-18,14,158
2023-02-18,15,106
2023-02-18,16,132
2023-02-18,17,132
2023-02-18,18,120
2023-02-18,19,45
2023-02-18,20,29
2023-02-18,21,5
2023-02-18,22,0
2023-02-18,23,2
2023-02-19,0,0
2023-02-19,1,0
2023-02-19,2,1
2023-02-19,3,0
2023-02-19,4,0
2023-02-19,5,0
2023-02-19,6,0
2023-02-19,7,5
2023-02-19,8,20
2023-02-19,9,48
2023-02-19,10,65
2023-02-19,11,59
2023-02-19,12,78
2023-02-19,13,123
2023-02-19,14,129
2023-02-19,15,101
2023-02-19,16,100
2023-02-19,17,88
2023-02-19,18,8
2023-02-19,19,7
2023-02-19,20,1
2023-02-19,21,0
2023-02-19,22,0
2023-02-19,23,0
2023-02-20,0,0
2023-02-20,1,0
2023-02-20,2,0
2023-02-20,3,0
2023-02-20,4,0
2023-02-20,5,0
2023-02-20,6,0
2023-02-20,7,62
2023-02-20,8,139
2023-02-20,9,119
2023-02-20,10,87
2023-02-20,11,72
2023-02-20,12,83
2023-02-20,13,86
2023-02-20,14,71
2023-02-20,15,68
2023-02-20,16,67
2023-02-20,17,83
2023-02-20,18,10
2023-02-20,19,2
2023-02-20,20,0
2023-02-20,21,1
2023-02-20,22,4
2023-02-20,23,12
2023-02-21,0,4
2023-02-21,1,0
2023-02-21,2,0
2023-02-21,3,0
2023-02-21,4,0
2023-02-21,5,0
2023-02-21,6,4
2023-02-21,7,68
2023-02-21,8,149
2023-02-21,9,126
2023-02-21,10,85
2023-02-21,11,74
2023-02-21,12,84
2023-02-21,13,99
2023-02-21,14,78
2023-02-21,15,81
2023-02-21,16,59
2023-02-21,17,62
2023-02-21,18,12
2023-02-21,19,2
2023-02-21,20,0
2023-02-21,21,0
2023-02-21,22,8
2023-02-21,23,18
2023-02-22,0,0
2023-02-22,1,3
2023-02-22,2,1
2023-02-22,3,0
2023-02-22,4,0
2023-02-22,5,0
2023-02-22,6,1
2023-02-22,7,89
2023-02-22,8,156
2023-02-22,9,147
2023-02-22,10,93
2023-02-22,11,57
2023-02-22,12,96
2023-02-22,13,84
2023-02-22,14,84
2023-02-22,15,75
2023-02-22,16,45
2023-02-22,17,67
2023-02-22,18,31
2023-02-22,19,1
2023-02-22,20,0
2023-02-22,21,1
2023-02-22,22,1
2023-02-22,23,0
2023-02-23,0,0
2023-02-23,1,0
2023-02-23,2,0
2023-02-23,3,0
2023-02-23,4,0
2023-02-23,5,0
2023-02-23,6,0
2023-02-23,7,91
2023-02-23,8,142
2023-02-23,9,111
2023-02-23,10,40
2023-02-23,11,92
2023-02-23,12,101
2023-02-23,13,109
2023-02-23,14,89
2023-02-23,15,76
2023-02-23,16,67
2023-02-23,17,62
2023-02-23,18,14
2023-02-23,19,0
2023-02-23,20,0
2023-02-23,21,0
2023-02-23,22,0
2023-02-23,23,0
2023-02-24,0,0
2023-02-24,1,0
2023-02-24,2,0
2023-02-24,3,0
2023-02-24,4,0
2023-02-24,5,0
2023-02-24,6,1
2023-02-24,7,72
2023-02-24,8,131
2023-02-24,9,109
2023-02-24,10,48
2023-02-24,11,72
2023-02-24,12,93
2023-02-24,13,117
2023-02-24,14,74
2023-02-24,15,75
2023-02-24,16,77
2023-02-24,17,80
2023-02-24,18,52
2023-02-24,19,25
2023-02-24,20,2
2023-02-24,21,0
2023-02-24,22,0
2023-02-24,23,0
2023-02-25,0,0
2023-02-25,1,0
2023-02-25,2,0
2023-02-25,3,0
2023-02-25,4,0
2023-02-25,5,0
2023-02-25,6,0
2023-02-25,7,38
2023-02-25,8,66
2023-02-25,9,62
2023-02-25,10,50
2023-02-25,11,111
2023-02-25,12,111
2023-02-25,13,117
2023-02-25,14,123
2023-02-25,15,94
2023-02-25,16,92
2023-02-25,17,89
2023-02-25,18,76
2023-02-25,19,13
2023-02-25,20,0
2023-02-25,21,0
2023-02-25,22,0
2023-02-25,23,2
2023-02-26,0,0
2023-02-26,1,0
2023-02-26,2,0
2023-02-26,3,1
2023-02-26,4,0
2023-02-26,5,0
2023-02-26,6,0
2023-02-26,7,9
2023-02-26,8,25
2023-02-26,9,45
2023-02-26,10,70
2023-02-26,11,100
2023-02-26,12,132
2023-02-26,13,105
2023-02-26,14,102
2023-02-26,15,83
2023-02-26,16,61
2023-02-26,17,73
2023-02-26,18,56
2023-02-26,19,5
2023-02-26,20,0
2023-02-26,21,0
2023-02-26,22,0
2023-02-26,23,0
2023-02-27,0,0
2023-02-27,1,0
2023-02-27,2,0
2023-02-27,3,0
2023-02-27,4,0
2023-02-27,5,0
2023-02-27,6,0
2023-02-27,7,84
2023-02-27,8,148
2023-02-27,9,121
2023-02-27,10,100
2023-02-27,11,87
2023-02-27,12,77
2023-02-27,13,62
2023-02-27,14,70
2023-02-27,15,86
2023-02-27,16,50
2023-02-27,17,72
2023-02-27,18,44
2023-02-27,19,0
2023-02-27,20,0
2023-02-27,21,0
2023-02-27,22,0
2023-02-27,23,0
2023-02-28,0,0
2023-02-28,1,0
2023-02-28,2,0
2023-02-28,3,0
2023-02-28,4,0
2023-02-28,5,0
2023-02-28,6,0
2023-02-28,7,110
2023-02-28,8,161
2023-02-28,9,133
2023-02-28,10,83
2023-02-28,11,91
2023-02-28,12,76
2023-02-28,13,74
2023-02-28,14,82
2023-02-28,15,70
2023-02-28,16,46
2023-02-28,17,59
2023-02-28,18,40
2023-02-28,19,9
2023-02-28,20,1
2023-02-28,21,1
2023-02-28,22,0
2023-02-28,23,0
2023-03-01,0,0
2023-03-01,1,0
2023-03-01,2,0
2023-03-01,3,0
2023-03-01,4,1
2023-03-01,5,0
2023-03-01,6,0
2023-03-01,7,111
2023-03-01,8,129
2023-03-01,9,86
2023-03-01,10,73
2023-03-01,11,98
2023-03-01,12,104
2023-03-01,13,87
2023-03-01,14,74
2023-03-01,15,62
2023-03-01,16,59
2023-03-01,17,67
2023-03-01,18,38
2023-03-01,19,0
2023-03-01,20,2
2023-03-01,21,0
2023-03-01,22,0
2023-03-01,23,0
2023-03-02,0,0
2023-03-02,1,0
2023-03-02,2,0
2023-03-02,3,0
2023-03-02,4,0
2023-03-02,5,0
2023-03-02,6,0
2023-03-02,7,110
2023-03-02,8,160
2023-03-02,9,162
2023-03-02,10,81
2023-03-02,11,109
2023-03-02,12,96
2023-03-02,13,98
2023-03-02,14,80
2023-03-02,15,76
2023-03-02,16,70
2023-03-02,17,68
2023-03-02,18,24
2023-03-02,19,0
2023-03-02,20,1
2023-03-02,21,0
2023-03-02,22,0
2023-03-02,23,0
2023-03-03,0,0
2023-03-03,1,0
2023-03-03,2,0
2023-03-03,3,0
2023-03-03,4,0
2023-03-03,5,0
2023-03-03,6,0
2023-03-03,7,89
2023-03-03,8,123
2023-03-03,9,128
2023-03-03,10,98
2023-03-03,11,106
2023-03-03,12,99
2023-03-03,13,118
2023-03-03,14,88
2023-03-03,15,87
2023-03-03,16,88
2023-03-03,17,92
2023-03-03,18,89
2023-03-03,19,7
2023-03-03,20,8
2023-03-03,21,1
2023-03-03,22,0
2023-03-03,23,0
2023-03-04,0,0
2023-03-04,1,0
2023-03-04,2,0
2023-03-04,3,0
2023-03-04,4,0
2023-03-04,5,0
2023-03-04,6,0
2023-03-04,7,22
2023-03-04,8,55
2023-03-04,9,34
2023-03-04,10,27
2023-03-04,11,83
2023-03-04,12,117
2023-03-04,13,127
2023-03-04,14,118
2023-03-04,15,106
2023-03-04,16,100
2023-03-04,17,99
2023-03-04,18,85
2023-03-04,19,7
2023-03-04,20,1
2023-03-04,21,1
2023-03-04,22,2
2023-03-04,23,0
2023-03-05,0,0
2023-03-05,1,1
2023-03-05,2,0
2023-03-05,3,0
2023-03-05,4,0
2023-03-05,5,0
2023-03-05,6,0
2023-03-05,7,6
2023-03-05,8,18
2023-03-05,9,32
2023-03-05,10,75
2023-03-05,11,83
2023-03-05,12,104
2023-03-05,13,99
2023-03-05,14,87
2023-03-05,15,110
2023-03-05,16,85
2023-03-05,17,80
2023-03-05,18,56
2023-03-05,19,0
2023-03-05,20,0
2023-03-05,21,0
2023-03-05,22,0
2023-03-05,23,0
2023-03-06,0,0
2023-03-06,1,0
2023-03-06,2,0
2023-03-06,3,0
2023-03-06,4,0
2023-03-06,5,0
2023-03-06,6,15
2023-03-06,7,104
2023-03-06,8,152
2023-03-06,9,133
2023-03-06,10,80
2023-03-06,11,78
2023-03-06,12,96
2023-03-06,13,98
2023-03-06,14,64
2023-03-06,15,74
2023-03-06,16,71
2023-03-06,17,92
2023-03-06,18,69
2023-03-06,19,0
2023-03-06,20,0
2023-03-06,21,0
2023-03-06,22,0
2023-03-06,23,0
2023-03-07,0,0
2023-03-07,1,0
2023-03-07,2,0
2023-03-07,3,0
2023-03-07,4,0
2023-03-07,5,0
2023-03-07,6,14
2023-03-07,7,105
2023-03-07,8,102
2023-03-07,9,89
2023-03-07,10,35
2023-03-07,11,64
2023-03-07,12,77
2023-03-07,13,13
2023-03-07,14,0
2023-03-07,15,0
2023-03-07,16,0
2023-03-07,17,0
2023-03-07,18,0
2023-03-07,19,0
2023-03-07,20,0
2023-03-07,21,0
2023-03-07,22,0
2023-03-07,23,0
2023-03-08,0,0
2023-03-08,1,0
2023-03-08,2,0
2023-03-08,3,0
2023-03-08,4,0
2023-03-08,5,0
2023-03-08,6,0
2023-03-08,7,67
2023-03-08,8,89
2023-03-08,9,68
2023-03-08,10,50
2023-03-08,11,87
2023-03-08,12,95
2023-03-08,13,69
2023-03-08,14,80
2023-03-08,15,71
2023-03-08,16,49
2023-03-08,17,45
2023-03-08,18,64
2023-03-08,19,16
2023-03-08,20,86
2023-03-08,21,43
2023-03-08,22,22
2023-03-08,23,12
2023-03-09,0,0
2023-03-09,1,0
2023-03-09,2,0
2023-03-09,3,0
2023-03-09,4,0
2023-03-09,5,0
2023-03-09,6,16
2023-03-09,7,104
2023-03-09,8,113
2023-03-09,9,115
2023-03-09,10,87
2023-03-09,11,101
2023-03-09,12,108
2023-03-09,13,96
2023-03-09,14,69
2023-03-09,15,82
2023-03-09,16,56
2023-03-09,17,51
2023-03-09,18,81
2023-03-09,19,17
2023-03-09,20,48
2023-03-09,21,38
2023-03-09,22,17
2023-03-09,23,3
2023-03-10,0,1
2023-03-10,1,0
2023-03-10,2,0
2023-03-10,3,0
2023-03-10,4,0
2023-03-10,5,0
2023-03-10,6,17
2023-03-10,7,81
2023-03-10,8,102
2023-03-10,9,70
2023-03-10,10,22
2023-03-10,11,82
2023-03-10,12,105
2023-03-10,13,96
2023-03-10,14,102
2023-03-10,15,77
2023-03-10,16,61
2023-03-10,17,94
2023-03-10,18,109
2023-03-10,19,11
2023-03-10,20,6
2023-03-10,21,2
2023-03-10,22,0
2023-03-10,23,0
2023-03-11,0,0
2023-03-11,1,0
2023-03-11,2,0
2023-03-11,3,0
2023-03-11,4,0
2023-03-11,5,0
2023-03-11,6,4
2023-03-11,7,21
2023-03-11,8,34
2023-03-11,9,48
2023-03-11,10,58
2023-03-11,11,93
2023-03-11,12,87
2023-03-11,13,122
2023-03-11,14,97
2023-03-11,15,90
2023-03-11,16,93
2023-03-11,17,115
2023-03-11,18,89
2023-03-11,19,7
2023-03-11,20,0
2023-03-11,21,4
2023-03-11,22,23
2023-03-11,23,21
2023-03-12,0,24
2023-03-12,1,11
2023-03-12,2,5
2023-03-12,3,8
2023-03-12,4,4
2023-03-12,5,2
2023-03-12,6,10
2023-03-12,7,9
2023-03-12,8,17
2023-03-12,9,50
2023-03-12,10,21
2023-03-12,11,62
2023-03-12,12,114
2023-03-12,13,77
2023-03-12,14,74
2023-03-12,15,90
2023-03-12,16,80
2023-03-12,17,83
2023-03-12,18,82
2023-03-12,19,28
2023-03-12,20,29
2023-03-12,21,25
2023-03-12,22,147
2023-03-12,23,57
2023-03-13,0,54
2023-03-13,1,23
2023-03-13,2,10
2023-03-13,3,38
2023-03-13,4,35
2023-03-13,5,9
2023-03-13,6,56
2023-03-13,7,132
2023-03-13,8,142
2023-03-13,9,152
2023-03-13,10,37
2023-03-13,11,83
2023-03-13,12,108
2023-03-13,13,99
2023-03-13,14,92
2023-03-13,15,87
2023-03-13,16,71
2023-03-13,17,70
2023-03-13,18,132
2023-03-13,19,62
2023-03-13,20,1
2023-03-13,21,0
2023-03-13,22,10
2023-03-13,23,3
2023-03-14,0,1
2023-03-14,1,0
2023-03-14,2,0
2023-03-14,3,0
2023-03-14,4,1
2023-03-14,5,0
2023-03-14,6,38
2023-03-14,7,103
2023-03-14,8,111
2023-03-14,9,117
2023-03-14,10,80
2023-03-14,11,97
2023-03-14,12,111
2023-03-14,13,86
2023-03-14,14,94
2023-03-14,15,82
2023-03-14,16,63
2023-03-14,17,54
2023-03-14,18,95
2023-03-14,19,0
2023-03-14,20,0
2023-03-14,21,0
2023-03-14,22,4
2023-03-14,23,1
2023-03-15,0,0
2023-03-15,1,0
2023-03-15,2,0
2023-03-15,3,0
2023-03-15,4,1
2023-03-15,5,0
2023-03-15,6,25
2023-03-15,7,92
2023-03-15,8,158
2023-03-15,9,138
2023-03-15,10,98
2023-03-15,11,84
2023-03-15,12,107
2023-03-15,13,82
2023-03-15,14,82
2023-03-15,15,75
2023-03-15,16,64
2023-03-15,17,85
2023-03-15,18,135
2023-03-15,19,148
2023-03-15,20,114
2023-03-15,21,24
2023-03-15,22,117
2023-03-15,23,111
2023-03-16,0,44
2023-03-16,1,7
2023-03-16,2,4
2023-03-16,3,9
2023-03-16,4,31
2023-03-16,5,15
2023-03-16,6,52
2023-03-16,7,96
2023-03-16,8,154
2023-03-16,9,157
2023-03-16,10,151
2023-03-16,11,110
2023-03-16,12,99
2023-03-16,13,108
2023-03-16,14,36
2023-03-16,15,28
2023-03-16,16,47
2023-03-16,17,72
2023-03-16,18,88
2023-03-16,19,59
2023-03-16,20,26
2023-03-16,21,0
2023-03-16,22,39
2023-03-16,23,6
2023-03-17,0,2
2023-03-17,1,0
2023-03-17,2,0
2023-03-17,3,0
2023-03-17,4,6
2023-03-17,5,3
2023-03-17,6,23
2023-03-17,7,116
2023-03-17,8,136
2023-03-17,9,126
2023-03-17,10,99
2023-03-17,11,110
2023-03-17,12,95
2023-03-17,13,99
2023-03-17,14,89
2023-03-17,15,58
2023-03-17,16,66
2023-03-17,17,106
2023-03-17,18,124
2023-03-17,19,58
2023-03-17,20,6
2023-03-17,21,15
2023-03-17,22,177
2023-03-17,23,103
2023-03-18,0,146
2023-03-18,1,98
2023-03-18,2,80
2023-03-18,3,68
2023-03-18,4,7
2023-03-18,5,0
2023-03-18,6,9
2023-03-18,7,27
2023-03-18,8,72
2023-03-18,9,68
2023-03-18,10,103
2023-03-18,11,119
2023-03-18,12,131
2023-03-18,13,129
2023-03-18,14,152
2023-03-18,15,87
2023-03-18,16,88
2023-03-18,17,91
2023-03-18,18,116
2023-03-18,19,7
2023-03-18,20,7
2023-03-18,21,0
2023-03-18,22,36
2023-03-18,23,31
2023-03-19,0,11
2023-03-19,1,15
2023-03-19,2,0
2023-03-19,3,0
2023-03-19,4,0
2023-03-19,5,0
2023-03-19,6,2
2023-03-19,7,15
2023-03-19,8,16
2023-03-19,9,45
2023-03-19,10,48
2023-03-19,11,83
2023-03-19,12,112
2023-03-19,13,141
2023-03-19,14,99
2023-03-19,15,93
2023-03-19,16,100
2023-03-19,17,118
2023-03-19,18,120
2023-03-19,19,47
2023-03-19,20,50
2023-03-19,21,42
2023-03-19,22,68
2023-03-19,23,16
2023-03-20,0,21
2023-03-20,1,5
2023-03-20,2,0
2023-03-20,3,0
2023-03-20,4,0
2023-03-20,5,0
2023-03-20,6,44
2023-03-20,7,111
2023-03-20,8,163
2023-03-20,9,126
2023-03-20,10,102
2023-03-20,11,92
2023-03-20,12,108
2023-03-20,13,104
2023-03-20,14,69
2023-03-20,15,65
2023-03-20,16,64
2023-03-20,17,73
2023-03-20,18,103
2023-03-20,19,27
2023-03-20,20,2
2023-03-20,21,2
2023-03-20,22,11
2023-03-20,23,2
2023-03-21,0,11
2023-03-21,1,17
2023-03-21,2,13
2023-03-21,3,4
2023-03-21,4,1
2023-03-21,5,0
2023-03-21,6,40
2023-03-21,7,126
2023-03-21,8,157
2023-03-21,9,101
2023-03-21,10,55
2023-03-21,11,106
2023-03-21,12,114
2023-03-21,13,112
2023-03-21,14,82
2023-03-21,15,96
2023-03-21,16,71
2023-03-21,17,65
2023-03-21,18,128
2023-03-21,19,18
2023-03-21,20,33
2023-03-21,21,161
2023-03-21,22,180
2023-03-21,23,167
2023-03-22,0,106
2023-03-22,1,36
2023-03-22,2,43
2023-03-22,3,72
2023-03-22,4,1
2023-03-22,5,0
2023-03-22,6,34
2023-03-22,7,95
2023-03-22,8,128
2023-03-22,9,116
2023-03-22,10,88
2023-03-22,11,107
2023-03-22,12,113
2023-03-22,13,97
2023-03-22,14,51
2023-03-22,15,84
2023-03-22,16,75
2023-03-22,17,70
2023-03-22,18,95
2023-03-22,19,52
2023-03-22,20,90
2023-03-22,21,6
2023-03-22,22,121
2023-03-22,23,67
2023-03-23,0,4
2023-03-23,1,11
2023-03-23,2,1
2023-03-23,3,0
2023-03-23,4,4
2023-03-23,5,0
2023-03-23,6,37
2023-03-23,7,41
2023-03-23,8,153
2023-03-23,9,150
2023-03-23,10,114
2023-03-23,11,105
2023-03-23,12,77
2023-03-23,13,102
2023-03-23,14,93
2023-03-23,15,80
2023-03-23,16,50
2023-03-23,17,71
2023-03-23,18,94
2023-03-23,19,37
2023-03-23,20,0
2023-03-23,21,0
2023-03-23,22,19
2023-03-23,23,41
2023-03-24,0,1
2023-03-24,1,1
2023-03-24,2,3
2023-03-24,3,2
2023-03-24,4,6
2023-03-24,5,21
2023-03-24,6,35
2023-03-24,7,75
2023-03-24,8,119
2023-03-24,9,121
2023-03-24,10,98
2023-03-24,11,109
2023-03-24,12,120
2023-03-24,13,125
2023-03-24,14,77
2023-03-24,15,83
2023-03-24,16,55
2023-03-24,17,85
2023-03-24,18,99
2023-03-24,19,63
2023-03-24,20,44
2023-03-24,21,43
2023-03-24,22,5
2023-03-24,23,0
2023-03-25,0,0
2023-03-25,1,0
2023-03-25,2,0
2023-03-25,3,0
2023-03-25,4,6
2023-03-25,5,4
2023-03-25,6,24
2023-03-25,7,25
2023-03-25,8,55
2023-03-25,9,80
2023-03-25,10,108
2023-03-25,11,126
2023-03-25,12,121
2023-03-25,13,162
2023-03-25,14,126
2023-03-25,15,110
2023-03-25,16,104
2023-03-25,17,135
2023-03-25,18,153
2023-03-25,19,117
2023-03-25,20,111
2023-03-25,21,63
2023-03-25,22,25
2023-03-25,23,8
2023-03-26,0,6
2023-03-26,1,2
2023-03-26,2,0
2023-03-26,3,0
2023-03-26,4,0
2023-03-26,5,1
2023-03-26,6,6
2023-03-26,7,20
2023-03-26,8,47
2023-03-26,9,42
2023-03-26,10,86
2023-03-26,11,121
2023-03-26,12,132
2023-03-26,13,111
2023-03-26,14,130
2023-03-26,15,108
2023-03-26,16,123
2023-03-26,17,98
2023-03-26,18,85
2023-03-26,19,25
2023-03-26,20,0
2023-03-26,21,1
2023-03-26,22,0
2023-03-26,23,0
2023-03-27,0,0
2023-03-27,1,0
2023-03-27,2,0
2023-03-27,3,0
2023-03-27,4,0
2023-03-27,5,10
2023-03-27,6,85
2023-03-27,7,100
2023-03-27,8,99
2023-03-27,9,71
2023-03-27,10,85
2023-03-27,11,84
2023-03-27,12,90
2023-03-27,13,74
2023-03-27,14,85
2023-03-27,15,73
2023-03-27,16,69
2023-03-27,17,93
2023-03-27,18,114
2023-03-27,19,31
2023-03-27,20,0
2023-03-27,21,0
2023-03-27,22,0
2023-03-27,23,0
2023-03-28,0,0
2023-03-28,1,0
2023-03-28,2,0
2023-03-28,3,0
2023-03-28,4,0
2023-03-28,5,2
2023-03-28,6,107
2023-03-28,7,150
2023-03-28,8,161
2023-03-28,9,133
2023-03-28,10,85
2023-03-28,11,97
2023-03-28,12,99
2023-03-28,13,88
2023-03-28,14,67
2023-03-28,15,64
2023-03-28,16,54
2023-03-28,17,110
2023-03-28,18,99
2023-03-28,19,26
2023-03-28,20,0
2023-03-28,21,1
2023-03-28,22,0
2023-03-28,23,0
2023-03-29,0,8
2023-03-29,1,0
2023-03-29,2,0
2023-03-29,3,4
2023-03-29,4,5
2023-03-29,5,19
2023-03-29,6,100
2023-03-29,7,157
2023-03-29,8,174
2023-03-29,9,97
2023-03-29,10,90
2023-03-29,11,93
2023-03-29,12,94
2023-03-29,13,100
2023-03-29,14,97
2023-03-29,15,58
2023-03-29,16,57
2023-03-29,17,88
2023-03-29,18,86
2023-03-29,19,25
2023-03-29,20,1
2023-03-29,21,4
2023-03-29,22,0
2023-03-29,23,8
2023-03-30,0,5
2023-03-30,1,0
2023-03-30,2,0
2023-03-30,3,0
2023-03-30,4,0
2023-03-30,5,11
2023-03-30,6,74
2023-03-30,7,140
2023-03-30,8,135
2023-03-30,9,105
2023-03-30,10,102
2023-03-30,11,97
2023-03-30,12,97
2023-03-30,13,25
2023-03-30,14,0
2023-03-30,15,0
2023-03-30,16,99
2023-03-30,17,113
2023-03-30,18,79
2023-03-30,19,35
2023-03-30,20,2
2023-03-30,21,0
2023-03-30,22,0
2023-03-30,23,0
2023-03-31,0,0
2023-03-31,1,0
2023-03-31,2,0
2023-03-31,3,0
2023-03-31,4,3
2023-03-31,5,16
2023-03-31,6,93
2023-03-31,7,154
2023-03-31,8,143
2023-03-31,9,86
2023-03-31,10,91
2023-03-31,11,113
2023-03-31,12,102
2023-03-31,13,83
2023-03-31,14,66
2023-03-31,15,72
2023-03-31,16,97
2023-03-31,17,101
2023-03-31,18,140
2023-03-31,19,44
2023-03-31,20,1
2023-03-31,21,1
2023-03-31,22,0
2023-03-31,23,1
2023-04-01,0,0
2023-04-01,1,0
2023-04-01,2,0
2023-04-01,3,0
2023-04-01,4,0
2023-04-01,5,3
2023-04-01,6,23
2023-04-01,7,69
2023-04-01,8,52
2023-04-01,9,94
2023-04-01,10,129
2023-04-01,11,117
2023-04-01,12,130
2023-04-01,13,102
2023-04-01,14,85
2023-04-01,15,118
2023-04-01,16,73
2023-04-01,17,115
2023-04-01,18,98
2023-04-01,19,43
2023-04-01,20,0
2023-04-01,21,2
2023-04-01,22,0
2023-04-01,23,0
2023-04-02,0,0
2023-04-02,1,0
2023-04-02,2,1
2023-04-02,3,0
2023-04-02,4,0
2023-04-02,5,7
2023-04-02,6,15
2023-04-02,7,26
2023-04-02,8,54
2023-04-02,9,72
2023-04-02,10,105
2023-04-02,11,115
2023-04-02,12,140
2023-04-02,13,98
2023-04-02,14,105
2023-04-02,15,95
2023-04-02,16,90
2023-04-02,17,70
2023-04-02,18,88
2023-04-02,19,26
2023-04-02,20,4
2023-04-02,21,0
2023-04-02,22,1
2023-04-02,23,0
2023-04-03,0,0
2023-04-03,1,0
2023-04-03,2,0
2023-04-03,3,0
2023-04-03,4,0
2023-04-03,5,18
2023-04-03,6,84
2023-04-03,7,104
2023-04-03,8,66
2023-04-03,9,53
2023-04-03,10,90
2023-04-03,11,96
2023-04-03,12,104
2023-04-03,13,75
2023-04-03,14,100
2023-04-03,15,72
2023-04-03,16,69
2023-04-03,17,64
2023-04-03,18,76
2023-04-03,19,49
2023-04-03,20,1
2023-04-03,21,1
2023-04-03,22,0
2023-04-03,23,0
2023-04-04,0,0
2023-04-04,1,0
2023-04-04,2,0
2023-04-04,3,0
2023-04-04,4,0
2023-04-04,5,26
2023-04-04,6,109
2023-04-04,7,162
2023-04-04,8,104
2023-04-04,9,89
2023-04-04,10,70
2023-04-04,11,71
2023-04-04,12,114
2023-04-04,13,104
2023-04-04,14,95
2023-04-04,15,60
2023-04-04,16,60
2023-04-04,17,111
2023-04-04,18,80
2023-04-04,19,32
2023-04-04,20,0
2023-04-04,21,0
2023-04-04,22,0
2023-04-04,23,0
2023-04-05,0,0
2023-04-05,1,0
2023-04-05,2,0
2023-04-05,3,0
2023-04-05,4,5
2023-04-05,5,57
2023-04-05,6,104
2023-04-05,7,129
2023-04-05,8,121
2023-04-05,9,119
2023-04-05,10,141
2023-04-05,11,120
2023-04-05,12,120
2023-04-05,13,84
2023-04-05,14,75
2023-04-05,15,53
2023-04-05,16,39
2023-04-05,17,85
2023-04-05,18,90
2023-04-05,19,95
2023-04-05,20,53
2023-04-05,21,36
2023-04-05,22,1
2023-04-05,23,8
2023-04-06,0,0
2023-04-06,1,0
2023-04-06,2,0
2023-04-06,3,0
2023-04-06,4,0
2023-04-06,5,21
2023-04-06,6,84
2023-04-06,7,108
2023-04-06,8,128
2023-04-06,9,100
2023-04-06,10,83
2023-04-06,11,95
2023-04-06,12,115
2023-04-06,13,73
2023-04-06,14,76
2023-04-06,15,69
2023-04-06,16,69
2023-04-06,17,82
2023-04-06,18,119
2023-04-06,19,62
2023-04-06,20,2
2023-04-06,21,0
2023-04-06,22,0
2023-04-06,23,1
2023-04-07,0,0
2023-04-07,1,0
2023-04-07,2,0
2023-04-07,3,0
2023-04-07,4,0
2023-04-07,5,20
2023-04-07,6,58
2023-04-07,7,45
2023-04-07,8,53
2023-04-07,9,66
2023-04-07,10,102
2023-04-07,11,83
2023-04-07,12,146
2023-04-07,13,90
2023-04-07,14,108
2023-04-07,15,116
2023-04-07,16,81
2023-04-07,17,131
2023-04-07,18,105
2023-04-07,19,71
2023-04-07,20,2
2023-04-07,21,0
2023-04-07,22,0
2023-04-07,23,0
2023-04-08,0,0
2023-04-08,1,0
2023-04-08,2,0
2023-04-08,3,0
2023-04-08,4,0
2023-04-08,5,10
2023-04-08,6,22
2023-04-08,7,33
2023-04-08,8,42
2023-04-08,9,63
2023-04-08,10,128
2023-04-08,11,80
2023-04-08,12,92
2023-04-08,13,68
2023-04-08,14,84
2023-04-08,15,90
2023-04-08,16,81
2023-04-08,17,96
2023-04-08,18,86
2023-04-08,19,68
2023-04-08,20,0
2023-04-08,21,0
2023-04-08,22,0
2023-04-08,23,0
2023-04-09,0,0
2023-04-09,1,0
2023-04-09,2,0
2023-04-09,3,0
2023-04-09,4,0
2023-04-09,5,12
2023-04-09,6,10
2023-04-09,7,17
2023-04-09,8,32
2023-04-09,9,44
2023-04-09,10,64
2023-04-09,11,71
2023-04-09,12,77
2023-04-09,13,105
2023-04-09,14,85
2023-04-09,15,52
2023-04-09,16,90
2023-04-09,17,113
2023-04-09,18,79
2023-04-09,19,51
2023-04-09,20,8
2023-04-09,21,0
2023-04-09,22,1
2023-04-09,23,0
2023-04-10,0,0
2023-04-10,1,0
2023-04-10,2,0
2023-04-10,3,4
2023-04-10,4,3
2023-04-10,5,15
2023-04-10,6,34
2023-04-10,7,48
2023-04-10,8,54
2023-04-10,9,63
2023-04-10,10,74
2023-04-10,11,101
2023-04-10,12,108
2023-04-10,13,104
2023-04-10,14,91
2023-04-10,15,95
2023-04-10,16,78
2023-04-10,17,103
2023-04-10,18,66
2023-04-10,19,64
2023-04-10,20,0
2023-04-10,21,0
2023-04-10,22,1
2023-04-10,23,5
2023-04-11,0,2
2023-04-11,1,0
2023-04-11,2,2
2023-04-11,3,0
2023-04-11,4,0
2023-04-11,5,29
2023-04-11,6,92
2023-04-11,7,136
2023-04-11,8,82
2023-04-11,9,82
2023-04-11,10,94
2023-04-11,11,126
2023-04-11,12,114
2023-04-11,13,80
2023-04-11,14,66
2023-04-11,15,71
2023-04-11,16,55
2023-04-11,17,84
2023-04-11,18,115
2023-04-11,19,92
2023-04-11,20,49
2023-04-11,21,46
2023-04-11,22,13
2023-04-11,23,12
2023-04-12,0,4
2023-04-12,1,2
2023-04-12,2,0
2023-04-12,3,0
2023-04-12,4,0
2023-04-12,5,26
2023-04-12,6,92
2023-04-12,7,132
2023-04-12,8,91
2023-04-12,9,98
2023-04-12,10,94
2023-04-12,11,111
2023-04-12,12,98
2023-04-12,13,88
2023-04-12,14,86
2023-04-12,15,60
2023-04-12,16,63
2023-04-12,17,70
2023-04-12,18,77
2023-04-12,19,50
2023-04-12,20,0
2023-04-12,21,13
2023-04-12,22,1
2023-04-12,23,2
2023-04-13,0,4
2023-04-13,1,0
2023-04-13,2,0
2023-04-13,3,0
2023-04-13,4,0
2023-04-13,5,20
2023-04-13,6,83
2023-04-13,7,122
2023-04-13,8,82
2023-04-13,9,90
2023-04-13,10,102
2023-04-13,11,111
2023-04-13,12,107
2023-04-13,13,104
2023-04-13,14,92
2023-04-13,15,60
2023-04-13,16,58
2023-04-13,17,89
2023-04-13,18,85
2023-04-13,19,70
2023-04-13,20,1
2023-04-13,21,6
2023-04-13,22,10
2023-04-13,23,11
2023-04-14,0,1
2023-04-14,1,0
2023-04-14,2,0
2023-04-14,3,0
2023-04-14,4,2
2023-04-14,5,27
2023-04-14,6,70
2023-04-14,7,85
2023-04-14,8,73
2023-04-14,9,62
2023-04-14,10,95
2023-04-14,11,115
2023-04-14,12,111
2023-04-14,13,89
2023-04-14,14,84
2023-04-14,15,73
2023-04-14,16,85
2023-04-14,17,101
2023-04-14,18,94
2023-04-14,19,124
2023-04-14,20,35
2023-04-14,21,55
2023-04-14,22,1
2023-04-14,23,0
2023-04-15,0,0
2023-04-15,1,0
2023-04-15,2,0
2023-04-15,3,0
2023-04-15,4,0
2023-04-15,5,10
2023-04-15,6,32
2023-04-15,7,34
2023-04-15,8,61
2023-04-15,9,70
2023-04-15,10,75
2023-04-15,11,106
2023-04-15,12,127
2023-04-15,13,91
2023-04-15,14,92
2023-04-15,15,104
2023-04-15,16,76
2023-04-15,17,100
2023-04-15,18,94
2023-04-15,19,80
2023-04-15,20,1
2023-04-15,21,3
2023-04-15,22,0
2023-04-15,23,0
2023-04-16,0,0
2023-04-16,1,0
2023-04-16,2,0
2023-04-16,3,0
2023-04-16,4,0
2023-04-16,5,7
2023-04-16,6,19
2023-04-16,7,27
2023-04-16,8,43
2023-04-16,9,62
2023-04-16,10,97
2023-04-16,11,95
2023-04-16,12,108
2023-04-16,13,99
2023-04-16,14,100
2023-04-16,15,86
2023-04-16,16,110
2023-04-16,17,92
2023-04-16,18,73
2023-04-16,19,52
2023-04-16,20,0
2023-04-16,21,2
2023-04-16,22,0
2023-04-16,23,0
2023-04-17,0,0
2023-04-17,1,0
2023-04-17,2,1
2023-04-17,3,0
2023-04-17,4,0
2023-04-17,5,26
2023-04-17,6,84
2023-04-17,7,144
2023-04-17,8,106
2023-04-17,9,65
2023-04-17,10,92
2023-04-17,11,97
2023-04-17,12,69
2023-04-17,13,56
2023-04-17,14,67
2023-04-17,15,67
2023-04-17,16,84
2023-04-17,17,110
2023-04-17,18,59
2023-04-17,19,53
2023-04-17,20,11
2023-04-17,21,0
2023-04-17,22,0
2023-04-17,23,0
2023-04-18,0,0
2023-04-18,1,0
2023-04-18,2,0
2023-04-18,3,0
2023-04-18,4,0
2023-04-18,5,33
2023-04-18,6,94
2023-04-18,7,151
2023-04-18,8,151
2023-04-18,9,116
2023-04-18,10,91
2023-04-18,11,84
2023-04-18,12,69
2023-04-18,13,86
2023-04-18,14,74
2023-04-18,15,54
2023-04-18,16,63
2023-04-18,17,73
2023-04-18,18,54
2023-04-18,19,95
2023-04-18,20,8
2023-04-18,21,0
2023-04-18,22,0
2023-04-18,23,0
2023-04-19,0,0
2023-04-19,1,0
2023-04-19,2,0
2023-04-19,3,1
2023-04-19,4,4
2023-04-19,5,34
2023-04-19,6,71
2023-04-19,7,106
2023-04-19,8,153
2023-04-19,9,85
2023-04-19,10,60
2023-04-19,11,85
2023-04-19,12,95
2023-04-19,13,81
2023-04-19,14,90
2023-04-19,15,76
2023-04-19,16,107
2023-04-19,17,105
2023-04-19,18,75
2023-04-19,19,73
2023-04-19,20,12
2023-04-19,21,0
2023-04-19,22,0
2023-04-19,23,0
2023-04-20,0,0
2023-04-20,1,0
2023-04-20,2,0
2023-04-20,3,0
2023-04-20,4,9
2023-04-20,5,34
2023-04-20,6,112
2023-04-20,7,94
2023-04-20,8,139
2023-04-20,9,80
2023-04-20,10,69
2023-04-20,11,93
2023-04-20,12,101
2023-04-20,13,108
2023-04-20,14,99
2023-04-20,15,98
2023-04-20,16,87
2023-04-20,17,70
2023-04-20,18,56
2023-04-20,19,85
2023-04-20,20,18
2023-04-20,21,0
2023-04-20,22,3
2023-04-20,23,0
2023-04-21,0,0
2023-04-21,1,0
2023-04-21,2,0
2023-04-21,3,0
2023-04-21,4,3
2023-04-21,5,60
2023-04-21,6,85
2023-04-21,7,111
2023-04-21,8,105
2023-04-21,9,106
2023-04-21,10,124
2023-04-21,11,107
2023-04-21,12,112
2023-04-21,13,87
2023-04-21,14,83
2023-04-21,15,85
2023-04-21,16,110
2023-04-21,17,110
2023-04-21,18,106
2023-04-21,19,63
2023-04-21,20,17
2023-04-21,21,0
2023-04-21,22,0
2023-04-21,23,0
2023-04-22,0,0
2023-04-22,1,0
2023-04-22,2,0
2023-04-22,3,0
2023-04-22,4,2
2023-04-22,5,8
2023-04-22,6,26
2023-04-22,7,45
2023-04-22,8,63
2023-04-22,9,88
2023-04-22,10,80
2023-04-22,11,109
2023-04-22,12,156
2023-04-22,13,152
2023-04-22,14,105
2023-04-22,15,92
2023-04-22,16,87
2023-04-22,17,118
2023-04-22,18,132
2023-04-22,19,64
2023-04-22,20,18
2023-04-22,21,0
2023-04-24,9,82
2023-04-24,10,88
2023-04-24,11,116
2023-04-24,12,98
2023-04-24,13,84
2023-04-24,14,95
2023-04-24,15,82
2023-04-24,16,68
2023-04-24,17,99
2023-04-24,18,64
2023-04-24,19,69
2023-04-24,20,27
2023-04-24,21,0
2023-04-24,22,0
2023-04-24,23,0
2023-04-25,0,0
2023-04-25,1,0
2023-04-25,2,0
2023-04-25,3,0
2023-04-25,4,8
2023-04-25,5,39
2023-04-25,6,98
2023-04-25,7,117
2023-04-25,8,144
2023-04-25,9,112
2023-04-25,10,67
2023-04-25,11,100
2023-04-25,12,96
2023-04-25,13,0
2023-04-25,14,0
2023-04-25,15,0
2023-04-25,16,0
2023-04-25,17,0
2023-04-25,18,0
2023-04-25,19,0
2023-04-25,20,0
2023-04-25,21,0
2023-04-25,22,0
2023-04-25,23,0
2023-04-26,0,0
2023-04-26,1,0
2023-04-26,2,0
2023-04-26,3,0
2023-04-26,4,0
2023-04-26,5,0
2023-04-26,6,0
2023-04-26,7,72
2023-04-26,8,148
2023-04-26,9,108
2023-04-26,10,104
2023-04-26,11,85
2023-04-26,12,96
2023-04-26,13,85
2023-04-26,14,85
2023-04-26,15,60
2023-04-26,16,65
2023-04-26,17,101
2023-04-26,18,70
2023-04-26,19,35
2023-04-26,20,11
2023-04-26,21,0
2023-04-26,22,0
2023-04-26,23,0
2023-04-27,0,0
2023-04-27,1,0
2023-04-27,2,0
2023-04-27,3,0
2023-04-27,4,8
2023-04-27,5,31
2023-04-27,6,103
2023-04-27,7,140
2023-04-27,8,128
2023-04-27,9,130
2023-04-27,10,85
2023-04-27,11,97
2023-04-27,12,106
2023-04-27,13,87
2023-04-27,14,70
2023-04-27,15,63
2023-04-27,16,78
2023-04-27,17,120
2023-04-27,18,93
2023-04-27,19,56
2023-04-27,20,42
2023-04-27,21,11
2023-04-27,22,1
2023-04-27,23,0
2023-04-28,0,0
2023-04-28,1,0
2023-04-28,2,0
2023-04-28,3,0
2023-04-28,4,4
2023-04-28,5,28
2023-04-28,6,77
2023-04-28,7,134
2023-04-28,8,100
2023-04-28,9,114
2023-04-28,10,116
2023-04-28,11,96
2023-04-28,12,113
2023-04-28,13,65
2023-04-28,14,71
2023-04-28,15,59
2023-04-28,16,89
2023-04-28,17,109
2023-04-28,18,113
2023-04-28,19,64
2023-04-28,20,36
2023-04-28,21,0
2023-04-28,22,0
2023-04-28,23,0
2023-04-29,0,0
2023-04-29,1,0
2023-04-29,2,0
2023-04-29,3,0
2023-04-29,4,0
2023-04-29,5,6
2023-04-29,6,28
2023-04-29,7,50
2023-04-29,8,73
2023-04-29,9,87
2023-04-29,10,97
2023-04-29,11,121
2023-04-29,12,125
2023-04-29,13,140
2023-04-29,14,121
2023-04-29,15,110
2023-04-29,16,110
2023-04-29,17,126
2023-04-29,18,127
2023-04-29,19,77
2023-04-29,20,21
2023-04-29,21,0
2023-04-29,22,0
2023-04-29,23,0
2023-04-30,0,14
2023-04-30,1,6
2023-04-30,2,1
2023-04-30,3,14
2023-04-30,4,13
2023-04-30,5,21
2023-04-30,6,26
2023-04-30,7,93
2023-04-30,8,101
2023-04-30,9,71
2023-04-30,10,107
2023-04-30,11,119
2023-04-30,12,104
2023-04-30,13,85
2023-04-30,14,69
2023-04-30,15,88
2023-04-30,16,96
2023-04-30,17,99
2023-04-30,18,74
2023-04-30,19,50
2023-04-30,20,19
2023-04-30,21,1
2023-04-30,22,0
2023-04-30,23,0
2023-05-01,0,0
2023-05-01,1,0
2023-05-01,2,0
2023-05-01,3,0
2023-05-01,4,7
2023-05-01,5,23
2023-05-01,6,47
2023-05-01,7,69
2023-05-01,8,61
2023-05-01,9,70
2023-05-01,10,81
2023-05-01,11,129
2023-05-01,12,104
2023-05-01,13,105
2023-05-01,14,98
2023-05-01,15,85
2023-05-01,16,104
2023-05-01,17,95
2023-05-01,18,79
2023-05-01,19,49
2023-05-01,20,23
2023-05-01,21,0
2023-05-01,22,0
2023-05-01,23,0
2023-05-02,0,0
2023-05-02,1,0
2023-05-02,2,0
2023-05-02,3,0
2023-05-02,4,14
2023-05-02,5,47
2023-05-02,6,77
2023-05-02,7,120
2023-05-02,8,133
2023-05-02,9,85
2023-05-02,10,95
2023-05-02,11,98
2023-05-02,12,96
2023-05-02,13,78
2023-05-02,14,89
2023-05-02,15,62
2023-05-02,16,76
2023-05-02,17,107
2023-05-02,18,83
2023-05-02,19,53
2023-05-02,20,25
2023-05-02,21,0
2023-05-02,22,0
2023-05-02,23,0
2023-05-03,0,0
2023-05-03,1,0
2023-05-03,2,0
2023-05-03,3,0
2023-05-03,4,9
2023-05-03,5,43
2023-05-03,6,111
2023-05-03,7,146
2023-05-03,8,147
2023-05-03,9,125
2023-05-03,10,86
2023-05-03,11,84
2023-05-03,12,96
2023-05-03,13,78
2023-05-03,14,87
2023-05-03,15,67
2023-05-03,16,88
2023-05-03,17,96
2023-05-03,18,80
2023-05-03,19,60
2023-05-03,20,24
2023-05-03,21,0
2023-05-03,22,0
2023-05-03,23,0
2023-05-04,0,0
2023-05-04,1,0
2023-05-04,2,0
2023-05-04,3,0
2023-05-04,4,16
2023-05-04,5,40
2023-05-04,6,91
2023-05-04,7,144
2023-05-04,8,107
2023-05-04,9,82
2023-05-04,10,81
2023-05-04,11,97
2023-05-04,12,103
2023-05-04,13,82
2023-05-04,14,101
2023-05-04,15,88
2023-05-04,16,71
2023-05-04,17,99
2023-05-04,18,89
2023-05-04,19,41
2023-05-04,20,26
2023-05-04,21,0
2023-05-04,22,2
2023-05-04,23,0
2023-05-05,0,0
2023-05-05,1,0
2023-05-05,2,0
2023-05-05,3,0
2023-05-05,4,10
2023-05-05,5,33
2023-05-05,6,112
2023-05-05,7,120
2023-05-05,8,125
2023-05-05,9,105
2023-05-05,10,118
2023-05-05,11,123
2023-05-05,12,106
2023-05-05,13,76
2023-05-05,14,86
2023-05-05,15,83
2023-05-05,16,103
2023-05-05,17,138
2023-05-05,18,107
2023-05-05,19,92
2023-05-05,20,53
2023-05-05,21,1
2023-05-05,22,0
2023-05-05,23,0
2023-05-06,0,0
2023-05-06,1,0
2023-05-06,2,0
2023-05-06,3,0
2023-05-06,4,4
2023-05-06,5,20
2023-05-06,6,27
2023-05-06,7,57
2023-05-06,8,67
2023-05-06,9,97
2023-05-06,10,110
2023-05-06,11,95
2023-05-06,12,135
2023-05-06,13,133
2023-05-06,14,113
2023-05-06,15,102
2023-05-06,16,104
2023-05-06,17,113
2023-05-06,18,119
2023-05-06,19,76
2023-05-06,20,49
2023-05-06,21,0
2023-05-06,22,0
2023-05-06,23,0
2023-05-07,0,0
2023-05-07,1,0
2023-05-07,2,0
2023-05-07,3,0
2023-05-07,4,4
2023-05-07,5,11
2023-05-07,6,25
2023-05-07,7,21
2023-05-07,8,67
2023-05-07,9,83
2023-05-07,10,106
2023-05-07,11,125
2023-05-07,12,152
2023-05-07,13,94
2023-05-07,14,102
2023-05-07,15,96
2023-05-07,16,103
2023-05-07,17,128
2023-05-07,18,85
2023-05-07,19,67
2023-05-07,20,31
2023-05-07,21,0
2023-05-07,22,0
2023-05-07,23,0
2023-05-08,0,2
2023-05-08,1,2
2023-05-08,2,3
2023-05-08,3,2
2023-05-08,4,16
2023-05-08,5,13
2023-05-08,6,42
2023-05-08,7,62
2023-05-08,8,63
2023-05-08,9,87
2023-05-08,10,94
2023-05-08,11,138
2023-05-08,12,150
2023-05-08,13,100
2023-05-08,14,97
2023-05-08,15,107
2023-05-08,16,103
2023-05-08,17,103
2023-05-08,18,85
2023-05-08,19,85
2023-05-08,20,65
2023-05-08,21,28
2023-05-08,22,1
2023-05-08,23,0
2023-05-09,0,0
2023-05-09,1,0
2023-05-09,2,0
2023-05-09,3,1
2023-05-09,4,13
2023-05-09,5,46
2023-05-09,6,89
2023-05-09,7,122
2023-05-09,8,130
2023-05-09,9,104
2023-05-09,10,93
2023-05-09,11,117
2023-05-09,12,97
2023-05-09,13,98
2023-05-09,14,99
2023-05-09,15,82
2023-05-09,16,63
2023-05-09,17,105
2023-05-09,18,91
2023-05-09,19,50
2023-05-09,20,30
2023-05-09,21,0
2023-05-09,22,3
2023-05-09,23,0
2023-05-10,0,0
2023-05-10,1,0
2023-05-10,2,0
2023-05-10,3,0
2023-05-10,4,12
2023-05-10,5,40
2023-05-10,6,104
2023-05-10,7,144
2023-05-10,8,161
2023-05-10,9,93
2023-05-10,10,115
2023-05-10,11,124
2023-05-10,12,109
2023-05-10,13,88
2023-05-10,14,93
2023-05-10,15,64
2023-05-10,16,78
2023-05-10,17,122
2023-05-10,18,87
2023-05-10,19,57
2023-05-10,20,99
2023-05-10,21,35
2023-05-10,22,19
2023-05-10,23,0
2023-05-11,0,0
2023-05-11,1,0
2023-05-11,2,0
2023-05-11,3,0
2023-05-11,4,25
2023-05-11,5,25
2023-05-11,6,89
2023-05-11,7,138
2023-05-11,8,136
2023-05-11,9,96
2023-05-11,10,93
2023-05-11,11,92
2023-05-11,12,112
2023-05-11,13,88
2023-05-11,14,96
2023-05-11,15,69
2023-05-11,16,67
2023-05-11,17,94
2023-05-11,18,75
2023-05-11,19,59
2023-05-11,20,63
2023-05-11,21,0
2023-05-11,22,0
2023-05-11,23,0
2023-05-12,0,0
2023-05-12,1,0
2023-05-12,2,0
2023-05-12,3,0
2023-05-12,4,12
2023-05-12,5,60
2023-05-12,6,101
2023-05-12,7,124
2023-05-12,8,131
2023-05-12,9,104
2023-05-12,10,110
2023-05-12,11,123
2023-05-12,12,119
2023-05-12,13,87
2023-05-12,14,88
2023-05-12,15,80
2023-05-12,16,104
2023-05-12,17,93
2023-05-12,18,98
2023-05-12,19,78
2023-05-12,20,49
2023-05-12,21,0
2023-05-12,22,0
2023-05-12,23,0
2023-05-13,0,0
2023-05-13,1,0
2023-05-13,2,0
2023-05-13,3,2
2023-05-13,4,8
2023-05-13,5,20
2023-05-13,6,37
2023-05-13,7,48
2023-05-13,8,93
2023-05-13,9,98
2023-05-13,10,99
2023-05-13,11,99
2023-05-13,12,108
2023-05-13,13,113
2023-05-13,14,90
2023-05-13,15,94
2023-05-13,16,96
2023-05-13,17,115
2023-05-13,18,76
2023-05-13,19,59
2023-05-13,20,51
2023-05-13,21,1
2023-05-13,22,0
2023-05-13,23,0
2023-05-14,0,1
2023-05-14,1,0
2023-05-14,2,0
2023-05-14,3,0
2023-05-14,4,11
2023-05-14,5,15
2023-05-14,6,21
2023-05-14,7,36
2023-05-14,8,64
2023-05-14,9,66
2023-05-14,10,83
2023-05-14,11,115
2023-05-14,12,84
2023-05-14,13,95
2023-05-14,14,85
2023-05-14,15,92
2023-05-14,16,112
2023-05-14,17,72
2023-05-14,18,87
2023-05-14,19,54
2023-05-15,8,124
2023-05-15,9,92
2023-05-15,10,94
2023-05-15,11,119
2023-05-15,12,94
2023-05-15,13,88
2023-05-15,14,92
2023-05-15,15,60
2023-05-15,16,84
2023-05-15,17,96
2023-05-15,18,72
2023-05-15,19,54
2023-05-15,20,55
2023-05-15,21,8
2023-05-15,22,0
2023-05-15,23,0
2023-05-16,0,0
2023-05-16,1,0
2023-05-16,2,0
2023-05-16,3,0
2023-05-16,4,14
2023-05-16,5,41
2023-05-16,6,102
2023-05-16,7,144
2023-05-16,8,150
2023-05-16,9,95
2023-05-16,10,110
2023-05-16,11,111
2023-05-16,12,88
2023-05-16,13,92
2023-05-16,14,85
2023-05-16,15,77
2023-05-16,16,89
2023-05-16,17,106
2023-05-16,18,94
2023-05-16,19,57
2023-05-16,20,32
2023-05-16,21,6
2023-05-16,22,0
2023-05-16,23,0
2023-05-17,0,0
2023-05-17,1,0
2023-05-17,2,0
2023-05-17,3,4
2023-05-17,4,16
2023-05-17,5,38
2023-05-17,6,101
2023-05-17,7,149
2023-05-17,8,155
2023-05-17,9,119
2023-05-17,10,96
2023-05-17,11,129
2023-05-17,12,103
2023-05-17,13,78
2023-05-17,14,61
2023-05-17,15,65
2023-05-17,16,70
2023-05-17,17,127
2023-05-17,18,63
2023-05-17,19,52
2023-05-17,20,36
2023-05-17,21,0
2023-05-17,22,0
2023-05-17,23,0
2023-05-18,0,0
2023-05-18,1,0
2023-05-18,2,0
2023-05-18,3,14
2023-05-18,4,14
2023-05-18,5,43
2023-05-18,6,106
2023-05-18,7,150
2023-05-18,8,131
2023-05-18,9,128
2023-05-18,10,88
2023-05-18,11,118
2023-05-18,12,101
2023-05-18,13,94
2023-05-18,14,84
2023-05-18,15,71
2023-05-18,16,58
2023-05-18,17,125
2023-05-18,18,78
2023-05-18,19,57
2023-05-18,20,44
2023-05-18,21,3
2023-05-18,22,0
2023-05-18,23,0
2023-05-19,0,0
2023-05-19,1,0
2023-05-19,2,0
2023-05-19,3,3
2023-05-19,4,4
2023-05-19,5,47
2023-05-19,6,95
2023-05-19,7,129
2023-05-19,8,129
2023-05-19,9,107
2023-05-19,10,107
2023-05-19,11,105
2023-05-19,12,125
2023-05-19,13,80
2023-05-19,14,83
2023-05-19,15,82
2023-05-19,16,87
2023-05-19,17,110
2023-05-19,18,119
2023-05-19,19,83
2023-05-19,20,50
2023-05-19,21,13
2023-05-19,22,0
2023-05-19,23,0
2023-05-20,0,0
2023-05-20,1,0
2023-05-20,2,0
2023-05-20,3,1
2023-05-20,4,12
2023-05-20,5,16
2023-05-20,6,33
2023-05-20,7,51
2023-05-20,8,85
2023-05-20,9,87
2023-05-20,10,89
2023-05-20,11,127
2023-05-20,12,124
2023-05-20,13,143
2023-05-20,14,101
2023-05-20,15,123
2023-05-20,16,88
2023-05-20,17,102
2023-05-20,18,111
2023-05-20,19,54
2023-05-20,20,47
2023-05-20,21,57
2023-05-20,22,33
2023-05-20,23,28
2023-05-21,0,5
2023-05-21,1,6
2023-05-21,2,6
2023-05-21,3,11
2023-05-21,4,17
2023-05-21,5,8
2023-05-21,6,14
2023-05-21,7,57
2023-05-21,8,99
2023-05-21,9,85
2023-05-21,10,82
2023-05-21,11,126
2023-05-21,12,106
2023-05-21,13,99
2023-05-21,14,85
2023-05-21,15,78
2023-05-21,16,99
2023-05-21,17,108
2023-05-21,18,76
2023-05-21,19,55
2023-05-21,20,29
2023-05-21,21,6
2023-05-21,22,0
2023-05-21,23,0
2023-05-22,0,0
2023-05-22,1,0
2023-05-22,2,0
2023-05-22,3,2
2023-05-22,4,11
2023-05-22,5,43
2023-05-22,6,97
2023-05-22,7,152
2023-05-22,8,107
2023-05-22,9,104
2023-05-22,10,64
2023-05-22,11,103
2023-05-22,12,107
2023-05-22,13,78
2023-05-22,14,78
2023-05-22,15,57
2023-05-22,16,68
2023-05-22,17,87
2023-05-22,18,80
2023-05-22,19,47
2023-05-22,20,29
2023-05-22,21,9
2023-05-22,22,0
2023-05-22,23,0
2023-05-23,0,0
2023-05-23,1,0
2023-05-23,2,0
2023-05-23,3,2
2023-05-23,4,11
2023-05-23,5,31
2023-05-23,6,131
2023-05-23,7,129
2023-05-23,8,123
2023-05-23,9,93
2023-05-23,10,91
2023-05-23,11,103
2023-05-23,12,121
2023-05-23,13,104
2023-05-23,14,91
2023-05-23,15,68
2023-05-23,16,71
2023-05-23,17,94
2023-05-23,18,66
2023-05-23,19,55
2023-05-23,20,35
2023-05-23,21,10
2023-05-23,22,0
2023-05-23,23,0
2023-05-24,0,0
2023-05-24,1,0
2023-05-24,2,0
2023-05-24,3,4
2023-05-24,4,14
2023-05-24,5,34
2023-05-24,6,110
2023-05-24,7,138
2023-05-24,8,141
2023-05-24,9,101
2023-05-24,10,106
2023-05-24,11,103
2023-05-24,12,98
2023-05-24,13,91
2023-05-24,14,71
2023-05-24,15,65
2023-05-24,16,74
2023-05-24,17,110
2023-05-24,18,64
2023-05-24,19,65
2023-05-24,20,41
2023-05-24,21,15
2023-05-24,22,0
2023-05-24,23,0
2023-05-25,0,0
2023-05-25,1,0
2023-05-25,2,0
2023-05-25,3,3
2023-05-25,4,14
2023-05-25,5,24
2023-05-25,6,93
2023-05-25,7,139
2023-05-25,8,144
2023-05-25,9,101
2023-05-25,10,75
2023-05-25,11,108
2023-05-25,12,113
2023-05-25,13,102
2023-05-25,14,97
2023-05-25,15,59
2023-05-25,16,86
2023-05-25,17,109
2023-05-25,18,71
2023-05-25,19,66
2023-05-25,20,49
2023-05-25,21,9
2023-05-25,22,0
2023-05-25,23,0
2023-05-26,0,0
2023-05-26,1,0
2023-05-26,2,0
2023-05-26,3,0
2023-05-26,4,10
2023-05-26,5,24
2023-05-26,6,73
2023-05-26,7,95
2023-05-26,8,83
2023-05-26,9,60
2023-05-26,10,33
2023-05-26,11,111
2023-05-26,12,109
2023-05-26,13,107
2023-05-26,14,56
2023-05-26,15,53
2023-05-26,16,103
2023-05-26,17,111
2023-05-26,18,100
2023-05-26,19,74
2023-05-26,20,63
2023-05-26,21,20
2023-05-26,22,0
2023-05-26,23,0
2023-05-27,0,0
2023-05-27,1,0
2023-05-27,2,0
2023-05-27,3,2
2023-05-27,4,8
2023-05-27,5,9
2023-05-27,6,27
2023-05-27,7,54
2023-05-27,8,87
2023-05-27,9,120
2023-05-27,10,120
2023-05-27,11,112
2023-05-27,12,123
2023-05-27,13,128
2023-05-27,14,92
2023-05-27,15,103
2023-05-27,16,93
2023-05-27,17,112
2023-05-27,18,97
2023-05-27,19,62
2023-05-27,20,68
2023-05-27,21,29
2023-05-27,22,1
2023-05-27,23,0
2023-05-28,0,0
2023-05-28,1,0
2023-05-28,2,0
2023-05-28,3,8
2023-05-28,4,9
2023-05-28,5,13
2023-05-28,6,11
2023-05-28,7,26
2023-05-28,8,48
2023-05-28,9,88
2023-05-28,10,95
2023-05-28,11,130
2023-05-28,12,135
2023-05-28,13,120
2023-05-28,14,102
2023-05-28,15,69
2023-05-28,16,88
2023-05-28,17,100
2023-05-28,18,74
2023-05-28,19,53
2023-05-28,20,52
2023-05-28,21,25
2023-05-28,22,0
2023-05-28,23,0
2023-05-29,0,0
2023-05-29,1,0
2023-05-29,2,0
2023-05-29,3,2
2023-05-29,4,21
2023-05-29,5,20
2023-05-29,6,54
2023-05-29,7,61
2023-05-29,8,81
2023-05-29,9,100
2023-05-29,10,99
2023-05-29,11,94
2023-05-29,12,116
2023-05-29,13,129
2023-05-29,14,96
2023-05-29,15,81
2023-05-29,16,110
2023-05-29,17,112
2023-05-29,18,85
2023-05-29,19,65
2023-05-29,20,52
2023-05-29,21,35
2023-05-29,22,0
2023-05-29,23,0
2023-05-30,0,0
2023-05-30,1,0
2023-05-30,2,0
2023-05-30,3,1
2023-05-30,4,20
2023-05-30,5,49
2023-05-30,6,123
2023-05-30,7,150
2023-05-30,8,136
2023-05-30,9,87
2023-05-30,10,113
2023-05-30,11,111
2023-05-30,12,118
2023-05-30,13,76
2023-05-30,14,81
2023-05-30,15,69
2023-05-30,16,89
2023-05-30,17,102
2023-05-30,18,96
2023-05-30,19,56
2023-05-30,20,42
2023-05-30,21,28
2023-05-30,22,0
2023-05-30,23,0
2023-05-31,0,0
2023-05-31,1,0
2023-05-31,2,0
2023-05-31,3,6
2023-05-31,4,13
2023-05-31,5,35
2023-05-31,6,91
2023-05-31,7,148
2023-05-31,8,149
2023-05-31,9,96
2023-05-31,10,116
2023-05-31,11,125
2023-05-31,12,108
2023-05-31,13,106
2023-05-31,14,93
2023-05-31,15,75
2023-05-31,16,60
2023-05-31,17,101
2023-05-31,18,85
2023-05-31,19,71
2023-05-31,20,64
2023-05-31,21,39
2023-05-31,22,0
2023-05-31,23,0
2023-06-01,0,0
2023-06-01,1,0
2023-06-01,2,0
2023-06-01,3,4
2023-06-01,4,16
2023-06-01,5,53
2023-06-01,6,117
2023-06-01,7,145
2023-06-01,8,159
2023-06-01,9,85
2023-06-01,10,97
2023-06-01,11,104
2023-06-01,12,111
2023-06-01,13,108
2023-06-01,14,94
2023-06-01,15,72
2023-06-01,16,80
2023-06-01,17,121
2023-06-01,18,85
2023-06-01,19,86
2023-06-01,20,51
2023-06-01,21,28
2023-06-01,22,0
2023-06-01,23,0
2023-06-02,0,0
2023-06-02,1,0
2023-06-02,2,0
2023-06-02,3,3
2023-06-02,4,11
2023-06-02,5,28
2023-06-02,6,78
2023-06-02,7,141
2023-06-02,8,128
2023-06-02,9,100
2023-06-02,10,102
2023-06-02,11,106
2023-06-02,12,110
2023-06-02,13,98
2023-06-02,14,77
2023-06-02,15,73
2023-06-02,16,71
2023-06-02,17,113
2023-06-02,18,109
2023-06-02,19,83
2023-06-02,20,67
2023-06-02,21,30
2023-06-02,22,0
2023-06-02,23,0
2023-06-03,0,0
2023-06-03,1,0
2023-06-03,2,0
2023-06-03,3,4
2023-06-03,4,13
2023-06-03,5,4
2023-06-03,6,26
2023-06-03,7,37
2023-06-03,8,80
2023-06-03,9,90
2023-06-03,10,123
2023-06-03,11,119
2023-06-03,12,137
2023-06-03,13,136
2023-06-03,14,92
2023-06-03,15,82
2023-06-03,16,84
2023-06-03,17,108
2023-06-03,18,58
2023-06-03,19,66
2023-06-03,20,74
2023-06-03,21,50
2023-06-03,22,0
2023-06-03,23,0
2023-06-04,0,0
2023-06-04,1,0
2023-06-04,2,0
2023-06-04,3,7
2023-06-04,4,5
2023-06-04,5,17
2023-06-04,6,8
2023-06-04,7,26
2023-06-04,8,66
2023-06-04,9,76
2023-06-04,10,96
2023-06-04,11,138
2023-06-04,12,113
2023-06-04,13,109
2023-06-04,14,91
2023-06-04,15,89
2023-06-04,16,76
2023-06-04,17,99
2023-06-04,18,91
2023-06-04,19,70
2023-06-04,20,48
2023-06-04,21,28
2023-06-04,22,0
2023-06-04,23,0
2023-06-05,0,0
2023-06-05,1,0
2023-06-05,2,0
2023-06-05,3,5
2023-06-05,4,11
2023-06-05,5,33
2023-06-05,6,114
2023-06-05,7,143
2023-06-05,8,137
2023-06-05,9,94
2023-06-05,10,110
2023-06-05,11,96
2023-06-05,12,102
2023-06-05,13,99
2023-06-05,14,91
2023-06-05,15,73
2023-06-05,16,82
2023-06-05,17,102
2023-06-05,18,73
2023-06-05,19,69
2023-06-05,20,39
2023-06-05,21,28
2023-06-05,22,0
2023-06-05,23,0
2023-06-06,0,0
2023-06-06,1,0
2023-06-06,2,0
2023-06-06,3,2
2023-06-06,4,17
2023-06-06,5,40
2023-06-06,6,119
2023-06-06,7,152
2023-06-06,8,132
2023-06-06,9,99
2023-06-06,10,83
2023-06-06,11,103
2023-06-06,12,94
2023-06-06,13,91
2023-06-06,14,83
2023-06-06,15,52
2023-06-06,16,62
2023-06-06,17,93
2023-06-06,18,59
2023-06-06,19,36
2023-06-06,20,42
2023-06-06,21,44
2023-06-06,22,0
2023-06-06,23,0
2023-06-07,0,1
2023-06-07,1,0
2023-06-07,2,0
2023-06-07,3,4
2023-06-07,4,27
2023-06-07,5,48
2023-06-07,6,95
2023-06-07,7,152
2023-06-07,8,126
2023-06-07,9,97
2023-06-07,10,99
2023-06-07,11,117
2023-06-07,12,105
2023-06-07,13,83
2023-06-07,14,106
2023-06-07,15,56
2023-06-07,16,83
2023-06-07,17,94
2023-06-07,18,80
2023-06-07,19,71
2023-06-07,20,60
2023-06-07,21,42
2023-06-07,22,3
2023-06-07,23,0
2023-06-08,0,0
2023-06-08,1,0
2023-06-08,2,0
2023-06-08,3,9
2023-06-08,4,17
2023-06-08,5,40
2023-06-08,6,100
2023-06-08,7,133
2023-06-08,8,162
2023-06-08,9,84
2023-06-08,10,88
2023-06-08,11,122
2023-06-08,12,109
2023-06-08,13,97
2023-06-08,14,98
2023-06-08,15,63
2023-06-08,16,74
2023-06-08,17,108
2023-06-08,18,86
2023-06-08,19,64
2023-06-08,20,61
2023-06-08,21,42
2023-06-08,22,0
2023-06-08,23,0
2023-06-09,0,0
2023-06-09,1,0
2023-06-09,2,0
2023-06-09,3,1
2023-06-09,4,18
2023-06-09,5,43
2023-06-09,6,94
2023-06-09,7,126
2023-06-09,8,137
2023-06-09,9,95
2023-06-09,10,94
2023-06-09,11,108
2023-06-09,12,129
2023-06-09,13,99
2023-06-09,14,83
2023-06-09,15,76
2023-06-09,16,103
2023-06-09,17,104
2023-06-09,18,101
2023-06-09,19,69
2023-06-09,20,67
2023-06-09,21,40
2023-06-09,22,1
2023-06-09,23,0
2023-06-10,0,0
2023-06-10,1,0
2023-06-10,2,1
2023-06-10,3,4
2023-06-10,4,13
2023-06-10,5,18
2023-06-10,6,22
2023-06-10,7,36
2023-06-10,8,67
2023-06-10,9,100
2023-06-10,10,109
2023-06-10,11,116
2023-06-10,12,118
2023-06-10,13,123
2023-06-10,14,88
2023-06-10,15,85
2023-06-10,16,89
2023-06-10,17,95
2023-06-10,18,112
2023-06-10,19,62
2023-06-10,20,37
2023-06-10,21,34
2023-06-10,22,0
2023-06-10,23,0
2023-06-11,0,9
2023-06-11,1,0
2023-06-11,2,0
2023-06-11,3,8
2023-06-11,4,3
2023-06-11,5,18
2023-06-11,6,23
2023-06-11,7,38
2023-06-11,8,53
2023-06-11,9,72
2023-06-11,10,104
2023-06-11,11,127
2023-06-11,12,139
2023-06-11,13,116
2023-06-11,14,109
2023-06-11,15,120
2023-06-11,16,92
2023-06-11,17,108
2023-06-11,18,78
2023-06-11,19,61
2023-06-11,20,31
2023-06-11,21,24
2023-06-11,22,0
2023-06-11,23,0
2023-06-12,0,0
2023-06-12,1,0
2023-06-12,2,0
2023-06-12,3,6
2023-06-12,4,10
2023-06-12,5,38
2023-06-12,6,124
2023-06-12,7,121
2023-06-12,8,136
2023-06-12,9,86
2023-06-12,10,96
2023-06-12,11,97
2023-06-12,12,98
2023-06-12,13,114
2023-06-12,14,77
2023-06-12,15,64
2023-06-12,16,92
2023-06-12,17,94
2023-06-12,18,69
2023-06-12,19,49
2023-06-12,20,32
2023-06-12,21,22
2023-06-12,22,0
2023-06-12,23,0
2023-06-13,0,0
2023-06-13,1,0
2023-06-13,2,0
2023-06-13,3,1
2023-06-13,4,18
2023-06-13,5,32
2023-06-13,6,98
2023-06-13,7,135
2023-06-13,8,139
2023-06-13,9,115
2023-06-13,10,98
2023-06-13,11,101
2023-06-13,12,86
2023-06-13,13,98
2023-06-13,14,94
2023-06-13,15,65
2023-06-13,16,58
2023-06-13,17,97
2023-06-13,18,84
2023-06-13,19,60
2023-06-13,20,44
2023-06-13,21,34
2023-06-13,22,0
2023-06-13,23,0
2023-06-14,0,0
2023-06-14,1,0
2023-06-14,2,0
2023-06-14,3,4
2023-06-14,4,11
2023-06-14,5,21
2023-06-14,6,90
2023-06-14,7,148
2023-06-14,8,147
2023-06-14,9,140
2023-06-14,10,105
2023-06-14,11,125
2023-06-14,12,91
2023-06-14,13,92
2023-06-14,14,87
2023-06-14,15,76
2023-06-14,16,66
2023-06-14,17,134
2023-06-14,18,56
2023-06-14,19,52
2023-06-14,20,68
2023-06-14,21,40
2023-06-14,22,0
2023-06-14,23,0
2023-06-15,0,0
2023-06-15,1,0
2023-06-15,2,0
2023-06-15,3,1
2023-06-15,4,25
2023-06-15,5,49
2023-06-15,6,106
2023-06-15,7,145
2023-06-15,8,140
2023-06-15,9,108
2023-06-15,10,108
2023-06-15,11,112
2023-06-15,12,127
2023-06-15,13,115
2023-06-15,14,120
2023-06-15,15,78
2023-06-15,16,73
2023-06-15,17,112
2023-06-15,18,63
2023-06-15,19,66
2023-06-15,20,40
2023-06-15,21,25
2023-06-15,22,2
2023-06-15,23,0
2023-06-16,0,0
2023-06-16,1,0
2023-06-16,2,0
2023-06-16,3,4
2023-06-16,4,22
2023-06-16,5,58
2023-06-16,6,99
2023-06-16,7,112
2023-06-16,8,114
2023-06-16,9,113
2023-06-16,10,95
2023-06-16,11,105
2023-06-16,12,118
2023-06-16,13,80
2023-06-16,14,67
2023-06-16,15,82
2023-06-16,16,77
2023-06-16,17,130
2023-06-16,18,100
2023-06-16,19,77
2023-06-16,20,62
2023-06-16,21,32
2023-06-16,22,0
2023-06-16,23,0
2023-06-17,0,0
2023-06-17,1,0
2023-06-17,2,0
2023-06-17,3,6
2023-06-17,4,11
2023-06-17,5,9
2023-06-17,6,27
2023-06-17,7,52
2023-06-17,8,70
2023-06-17,9,72
2023-06-17,10,122
2023-06-17,11,116
2023-06-17,12,126
2023-06-17,13,118
2023-06-17,14,103
2023-06-17,15,107
2023-06-17,16,99
2023-06-17,17,112
2023-06-17,18,88
2023-06-17,19,77
2023-06-17,20,59
2023-06-17,21,34
2023-06-17,22,0
2023-06-17,23,0
2023-06-18,0,0
2023-06-18,1,0
2023-06-18,2,0
2023-06-18,3,1
2023-06-18,4,6
2023-06-18,5,7
2023-06-18,6,11
2023-06-18,7,21
2023-06-18,8,49
2023-06-18,9,52
2023-06-18,10,70
2023-06-18,11,129
2023-06-18,12,110
2023-06-18,13,109
2023-06-18,14,116
2023-06-18,15,111
2023-06-18,16,88
2023-06-19,7,134
2023-06-19,8,166
2023-06-19,9,102
2023-06-19,10,112
2023-06-19,11,90
2023-06-19,12,116
2023-06-19,13,95
2023-06-19,14,84
2023-06-19,15,77
2023-06-19,16,89
2023-06-19,17,96
2023-06-19,18,95
2023-06-19,19,49
2023-06-19,20,44
2023-06-19,21,23
2023-06-19,22,1
2023-06-19,23,0
2023-06-20,0,0
2023-06-20,1,0
2023-06-20,2,0
2023-06-20,3,2
2023-06-20,4,20
2023-06-20,5,34
2023-06-20,6,131
2023-06-20,7,128
2023-06-20,8,122
2023-06-20,9,90
2023-06-20,10,86
2023-06-20,11,115
2023-06-20,12,96
2023-06-20,13,72
2023-06-20,14,65
2023-06-20,15,58
2023-06-20,16,60
2023-06-20,17,110
2023-06-20,18,111
2023-06-20,19,65
2023-06-20,20,45
2023-06-20,21,29
2023-06-20,22,0
2023-06-20,23,0
2023-06-21,0,0
2023-06-21,1,0
2023-06-21,2,0
2023-06-21,3,3
2023-06-21,4,14
2023-06-21,5,54
2023-06-21,6,111
2023-06-21,7,150
2023-06-21,8,149
2023-06-21,9,93
2023-06-21,10,94
2023-06-21,11,112
2023-06-21,12,89
2023-06-21,13,97
2023-06-21,14,83
2023-06-21,15,63
2023-06-21,16,66
2023-06-21,17,104
2023-06-21,18,92
2023-06-21,19,51
2023-06-21,20,23
2023-06-21,21,12
2023-06-21,22,0
2023-06-21,23,0
2023-06-22,0,0
2023-06-22,1,0
2023-06-22,2,0
2023-06-22,3,7
2023-06-22,4,25
2023-06-22,5,36
2023-06-22,6,101
2023-06-22,7,144
2023-06-22,8,103
2023-06-22,9,111
2023-06-22,10,84
2023-06-22,11,107
2023-06-22,12,114
2023-06-22,13,107
2023-06-22,14,100
2023-06-22,15,73
2023-06-22,16,81
2023-06-22,17,118
2023-06-22,18,79
2023-06-22,19,57
2023-06-22,20,51
2023-06-22,21,27
2023-06-22,22,0
2023-06-22,23,0
2023-06-23,0,0
2023-06-23,1,0
2023-06-23,2,0
2023-06-23,3,8
2023-06-23,4,16
2023-06-23,5,46
2023-06-23,6,103
2023-06-23,7,124
2023-06-23,8,139
2023-06-23,9,108
2023-06-23,10,121
2023-06-23,11,107
2023-06-23,12,107
2023-06-23,13,89
2023-06-23,14,91
2023-06-23,15,66
2023-06-23,16,99
2023-06-23,17,109
2023-06-23,18,92
2023-06-23,19,77
2023-06-23,20,59
2023-06-23,21,92
2023-06-23,22,3
2023-06-23,23,3
2023-06-24,0,2
2023-06-24,1,5
2023-06-24,2,1
2023-06-24,3,2
2023-06-24,4,12
2023-06-24,5,16
2023-06-24,6,35
2023-06-24,7,41
2023-06-24,8,77
2023-06-24,9,87
2023-06-24,10,111
2023-06-24,11,123
2023-06-24,12,115
2023-06-24,13,122
2023-06-24,14,109
2023-06-24,15,64
2023-06-24,16,76
2023-06-24,17,115
2023-06-24,18,97
2023-06-24,19,64
2023-06-24,20,67
2023-06-24,21,45
2023-06-24,22,0
2023-06-24,23,0
2023-06-25,0,0
2023-06-25,1,0
2023-06-25,2,0
2023-06-25,3,7
2023-06-25,4,16
2023-06-25,5,24
2023-06-25,6,19
2023-06-25,7,40
2023-06-25,8,35
2023-06-25,9,71
2023-06-25,10,74
2023-06-25,11,125
2023-06-25,12,118
2023-06-25,13,115
2023-06-25,14,97
2023-06-25,15,104
2023-06-25,16,88
2023-06-25,17,105
2023-06-25,18,77
2023-06-25,19,67
2023-06-25,20,41
2023-06-25,21,33
2023-06-25,22,1
2023-06-25,23,0
2023-06-26,0,0
2023-06-26,1,0
2023-06-26,2,0
2023-06-26,3,4
2023-06-26,4,11
2023-06-26,5,44
2023-06-26,6,109
2023-06-26,7,159
2023-06-26,8,149
2023-06-26,9,104
2023-06-26,10,90
2023-06-26,11,128
2023-06-26,12,0
2023-06-26,13,0
2023-06-26,14,0
2023-06-26,15,0
2023-06-26,16,0
2023-06-26,17,0
2023-06-26,18,58
2023-06-26,19,64
2023-06-26,20,45
2023-06-26,21,26
2023-06-26,22,2
2023-06-26,23,0
2023-06-27,0,0
2023-06-27,1,0
2023-06-27,2,0
2023-06-27,3,3
2023-06-27,4,16
2023-06-27,5,60
2023-06-27,6,125
2023-06-27,7,155
2023-06-27,8,141
2023-06-27,9,102
2023-06-27,10,120
2023-06-27,11,113
2023-06-27,12,112
2023-06-27,13,97
2023-06-27,14,80
2023-06-27,15,82
2023-06-27,16,74
2023-06-27,17,104
2023-06-27,18,87
2023-06-27,19,45
2023-06-27,20,51
2023-06-27,21,25
2023-06-27,22,1
2023-06-27,23,0
2023-06-28,0,0
2023-06-28,1,0
2023-06-28,2,0
2023-06-28,3,8
2023-06-28,4,14
2023-06-28,5,43
2023-06-28,6,101
2023-06-28,7,139
2023-06-28,8,125
2023-06-28,9,146
2023-06-28,10,58
2023-06-28,11,91
2023-06-28,12,116
2023-06-28,13,113
2023-06-28,14,106
2023-06-28,15,81
2023-06-28,16,70
2023-06-28,17,88
2023-06-28,18,119
2023-06-28,19,72
2023-06-28,20,44
2023-06-28,21,14
2023-06-28,22,0
2023-06-28,23,0
2023-06-29,0,0
2023-06-29,1,0
2023-06-29,2,0
2023-06-29,3,4
2023-06-29,4,16
2023-06-29,5,31
2023-06-29,6,93
2023-06-29,7,148
2023-06-29,8,113
2023-06-29,9,99
2023-06-29,10,104
2023-06-29,11,111
2023-06-29,12,95
2023-06-29,13,117
2023-06-29,14,101
2023-06-29,15,72
2023-06-29,16,91
2023-06-29,17,100
2023-06-29,18,92
2023-06-29,19,90
2023-06-29,20,57
2023-06-29,21,24
2023-06-29,22,3
2023-06-29,23,0
2023-06-30,0,1
2023-06-30,1,0
2023-06-30,2,0
2023-06-30,3,4
2023-06-30,4,11
2023-06-30,5,31
2023-06-30,6,100
2023-06-30,7,124
2023-06-30,8,128
2023-06-30,9,83
2023-06-30,10,110
2023-06-30,11,19
2023-06-30,12,97
2023-06-30,13,94
2023-06-30,14,64
2023-06-30,15,62
2023-06-30,16,92
2023-06-30,17,129
2023-06-30,18,109
2023-06-30,19,72
2023-06-30,20,46
2023-06-30,21,34
2023-06-30,22,0
2023-06-30,23,0
2023-07-01,0,0
2023-07-01,1,0
2023-07-01,2,0
2023-07-01,3,3
2023-07-01,4,17
2023-07-01,5,12
2023-07-01,6,34
2023-07-01,7,49
2023-07-01,8,85
2023-07-01,9,86
2023-07-01,10,130
2023-07-01,11,94
2023-07-01,12,125
2023-07-01,13,143
2023-07-01,14,115
2023-07-01,15,108
2023-07-01,16,106
2023-07-01,17,109
2023-07-01,18,93
2023-07-01,19,76
2023-07-01,20,55
2023-07-01,21,35
2023-07-01,22,0
2023-07-01,23,0
2023-07-02,0,0
2023-07-02,1,0
2023-07-02,2,0
2023-07-02,3,9
2023-07-02,4,9
2023-07-02,5,11
2023-07-02,6,13
2023-07-02,7,19
2023-07-02,8,40
2023-07-02,9,79
2023-07-02,10,91
2023-07-02,11,110
2023-07-02,12,110
2023-07-02,13,79
2023-07-02,14,87
2023-07-02,15,83
2023-07-02,16,110
2023-07-02,17,119
2023-07-02,18,74
2023-07-02,19,112
2023-07-02,20,52
2023-07-02,21,33
2023-07-02,22,0
2023-07-02,23,0
2023-07-03,0,0
2023-07-03,1,0
2023-07-03,2,0
2023-07-03,3,3
2023-07-03,4,25
2023-07-03,5,37
2023-07-03,6,102
2023-07-03,7,136
2023-07-03,8,121
2023-07-03,9,83
2023-07-03,10,102
2023-07-03,11,115
2023-07-03,12,107
2023-07-03,13,103
2023-07-03,14,93
2023-07-03,15,75
2023-07-03,16,67
2023-07-03,17,77
2023-07-03,18,88
2023-07-03,19,69
2023-07-03,20,46
2023-07-03,21,25
2023-07-03,22,0
2023-07-03,23,0
2023-07-04,0,0
2023-07-04,1,0
2023-07-04,2,0
2023-07-04,3,3
2023-07-04,4,20
2023-07-04,5,41
2023-07-04,6,113
2023-07-04,7,128
2023-07-04,8,89
2023-07-04,9,75
2023-07-04,10,112
2023-07-04,11,98
2023-07-04,12,86
2023-07-04,13,113
2023-07-04,14,80
2023-07-04,15,53
2023-07-04,16,86
2023-07-04,17,87
2023-07-04,18,75
2023-07-04,19,60
2023-07-04,20,38
2023-07-04,21,20
2023-07-04,22,0
2023-07-04,23,0
2023-07-05,0,0
2023-07-05,1,0
2023-07-05,2,0
2023-07-05,3,6
2023-07-05,4,13
2023-07-05,5,40
2023-07-05,6,107
2023-07-05,7,154
2023-07-05,8,125
2023-07-05,9,103
2023-07-05,10,79
2023-07-05,11,98
2023-07-05,12,99
2023-07-05,13,103
2023-07-05,14,83
2023-07-05,15,74
2023-07-05,16,81
2023-07-05,17,89
2023-07-05,18,95
2023-07-05,19,54
2023-07-05,20,51
2023-07-05,21,24
2023-07-05,22,0
2023-07-05,23,0
2023-07-06,0,0
2023-07-06,1,0
2023-07-06,2,0
2023-07-06,3,2
2023-07-06,4,18
2023-07-06,5,32
2023-07-06,6,71
2023-07-06,7,127
2023-07-06,8,133
2023-07-06,9,99
2023-07-06,10,85
2023-07-06,11,111
2023-07-06,12,102
2023-07-06,13,95
2023-07-06,14,98
2023-07-06,15,72
2023-07-06,16,95
2023-07-06,17,129
2023-07-06,18,95
2023-07-06,19,86
2023-07-06,20,57
2023-07-06,21,71
2023-07-06,22,37
2023-07-06,23,14
2023-07-07,0,2
2023-07-07,1,5
2023-07-07,2,0
2023-07-07,3,14
2023-07-07,4,10
2023-07-07,5,38
2023-07-07,6,53
2023-07-07,7,59
2023-07-07,8,104
2023-07-07,9,105
2023-07-07,10,96
2023-07-07,11,115
2023-07-07,12,124
2023-07-07,13,81
2023-07-07,14,88
2023-07-07,15,83
2023-07-07,16,107
2023-07-07,17,102
2023-07-07,18,96
2023-07-07,19,85
2023-07-07,20,71
2023-07-07,21,127
2023-07-07,22,0
2023-07-07,23,0
2023-07-08,0,0
2023-07-08,1,0
2023-07-08,2,0
2023-07-08,3,3
2023-07-08,4,17
2023-07-08,5,16
2023-07-08,6,31
2023-07-08,7,49
2023-07-08,8,78
2023-07-08,9,97
2023-07-08,10,108
2023-07-08,11,114
2023-07-08,12,104
2023-07-08,13,116
2023-07-08,14,137
2023-07-08,15,85
2023-07-08,16,77
2023-07-08,17,108
2023-07-08,18,106
2023-07-08,19,87
2023-07-08,20,96
2023-07-08,21,120
2023-07-08,22,133
2023-07-08,23,7
2023-07-09,0,2
2023-07-09,1,2
2023-07-09,2,4
2023-07-09,3,19
2023-07-09,4,9
2023-07-09,5,10
2023-07-09,6,20
2023-07-09,7,22
2023-07-09,8,42
2023-07-09,9,81
2023-07-09,10,69
2023-07-09,11,123
2023-07-09,12,126
2023-07-09,13,118
2023-07-09,14,103
2023-07-09,15,102
2023-07-09,16,101
2023-07-09,17,113
2023-07-09,18,104
2023-07-09,19,71
2023-07-09,20,58
2023-07-09,21,49
2023-07-09,22,4
2023-07-09,23,0
2023-07-10,0,0
2023-07-10,1,0
2023-07-10,2,0
2023-07-10,3,4
2023-07-10,4,16
2023-07-10,5,31
2023-07-10,6,71
2023-07-10,7,130
2023-07-10,8,110
2023-07-10,9,85
2023-07-10,10,92
2023-07-10,11,87
2023-07-10,12,77
2023-07-10,13,104
2023-07-10,14,84
2023-07-10,15,64
2023-07-10,16,73
2023-07-10,17,135
2023-07-10,18,121
2023-07-10,19,95
2023-07-10,20,95
2023-07-10,21,46
2023-07-10,22,10
2023-07-10,23,4
2023-07-11,0,4
2023-07-11,1,0
2023-07-11,2,0
2023-07-11,3,0
2023-07-11,4,16
2023-07-11,5,40
2023-07-11,6,91
2023-07-11,7,138
2023-07-11,8,142
2023-07-11,9,119
2023-07-11,10,113
2023-07-11,11,101
2023-07-11,12,106
2023-07-11,13,97
2023-07-11,14,83
2023-07-11,15,91
2023-07-11,16,88
2023-07-11,17,99
2023-07-11,18,92
2023-07-11,19,61
2023-07-11,20,60
2023-07-11,21,24
2023-07-11,22,0
2023-07-11,23,0
2023-07-12,0,0
2023-07-12,1,0
2023-07-12,2,0
2023-07-12,3,9
2023-07-12,4,14
2023-07-12,5,37
2023-07-12,6,99
2023-07-12,7,161
2023-07-12,8,138
2023-07-12,9,88
2023-07-12,10,87
2023-07-12,11,93
2023-07-12,12,0
2023-07-26,10,110
2023-07-26,11,108
2023-07-26,12,112
2023-07-26,13,116
2023-07-26,14,104
2023-07-26,15,69
2023-07-26,16,82
2023-07-26,17,127
2023-07-26,18,113
2023-07-26,19,125
2023-07-26,20,73
2023-07-26,21,50
2023-07-26,22,10
2023-07-26,23,8
2023-07-27,0,6
2023-07-27,1,4
2023-07-27,2,0
2023-07-27,3,2
2023-07-27,4,20
2023-07-27,5,33
2023-07-27,6,120
2023-07-27,7,140
2023-07-27,8,150
2023-07-27,9,99
2023-07-27,10,113
2023-07-27,11,92
2023-07-27,12,124
2023-07-27,13,108
2023-07-27,14,90
2023-07-27,15,81
2023-07-27,16,81
2023-07-27,17,122
2023-07-27,18,107
2023-07-27,19,78
2023-07-27,20,58
2023-07-27,21,17
2023-07-27,22,0
2023-07-27,23,1
2023-07-28,0,0
2023-07-28,1,0
2023-07-28,2,0
2023-07-28,3,0
2023-07-28,4,16
2023-07-28,5,49
2023-07-28,6,94
2023-07-28,7,129
2023-07-28,8,109
2023-07-28,9,88
2023-07-28,10,99
2023-07-28,11,110
2023-07-28,12,112
2023-07-28,13,114
2023-07-28,14,103
2023-07-28,15,64
2023-07-28,16,114
2023-07-28,17,128
2023-07-28,18,134
2023-07-28,19,76
2023-07-28,20,64
2023-07-28,21,11
2023-07-28,22,1
2023-07-28,23,0
2023-07-29,0,0
2023-07-29,1,0
2023-07-29,2,0
2023-07-29,3,0
2023-07-29,4,12
2023-07-29,5,18
2023-07-29,6,35
2023-07-29,7,73
2023-07-29,8,84
2023-07-29,9,109
2023-07-29,10,120
2023-07-29,11,130
2023-07-29,12,141
2023-07-29,13,125
2023-07-29,14,116
2023-07-29,15,95
2023-07-29,16,95
2023-07-29,17,121
2023-07-29,18,105
2023-07-29,19,87
2023-07-29,20,105
2023-07-29,21,46
2023-07-29,22,2
2023-07-29,23,0
2023-07-30,0,0
2023-07-30,1,2
2023-07-30,2,0
2023-07-30,3,3
2023-07-30,4,21
2023-07-30,5,22
2023-07-30,6,17
2023-07-30,7,54
2023-07-30,8,80
2023-07-30,9,90
2023-07-30,10,103
2023-07-30,11,117
2023-07-30,12,109
2023-07-30,13,116
2023-07-30,14,121
2023-07-30,15,113
2023-07-30,16,108
2023-07-30,17,141
2023-07-30,18,72
2023-07-30,19,72
2023-07-30,20,57
2023-07-30,21,5
2023-07-30,22,0
2023-07-30,23,9
2023-07-31,0,0
2023-07-31,1,1
2023-07-31,2,0
2023-07-31,3,0
2023-07-31,4,18
2023-07-31,5,61
2023-07-31,6,87
2023-07-31,7,150
2023-07-31,8,108
2023-07-31,9,52
2023-07-31,10,0
2023-07-31,11,0
2023-07-31,12,0
2023-07-31,13,93
2023-07-31,14,95
2023-07-31,15,44
2023-07-31,16,83
2023-07-31,17,124
2023-07-31,18,103
2023-07-31,19,64
2023-07-31,20,57
2023-07-31,21,17
2023-07-31,22,0
2023-07-31,23,0
2023-08-01,0,0
2023-08-01,1,0
2023-08-01,2,0
2023-08-01,3,0
2023-08-01,4,11
2023-08-01,5,69
2023-08-01,6,129
2023-08-01,7,128
2023-08-01,8,147
2023-08-01,9,102
2023-08-01,10,92
2023-08-01,11,111
2023-08-01,12,108
2023-08-01,13,92
2023-08-01,14,78
2023-08-01,15,89
2023-08-01,16,64
2023-08-01,17,92
2023-08-01,18,128
2023-08-01,19,72
2023-08-01,20,53
2023-08-01,21,17
2023-08-01,22,5
2023-08-01,23,0
2023-08-02,0,0
2023-08-02,1,0
2023-08-02,2,0
2023-08-02,3,1
2023-08-02,4,32
2023-08-02,5,57
2023-08-02,6,119
2023-08-02,7,166
2023-08-02,8,138
2023-08-02,9,110
2023-08-02,10,95
2023-08-02,11,101
2023-08-02,12,63
2023-08-02,13,111
2023-08-02,14,111
2023-08-02,15,86
2023-08-02,16,84
2023-08-02,17,106
2023-08-02,18,96
2023-08-02,19,63
2023-08-02,20,54
2023-08-02,21,1
2023-08-02,22,0
2023-08-02,23,0
2023-08-03,0,0
2023-08-03,1,0
2023-08-03,2,0
2023-08-03,3,0
2023-08-03,4,15
2023-08-03,5,34
2023-08-03,6,92
2023-08-03,7,152
2023-08-03,8,150
2023-08-03,9,123
2023-08-03,10,92
2023-08-03,11,114
2023-08-03,12,113
2023-08-03,13,99
2023-08-03,14,104
2023-08-03,15,82
2023-08-03,16,77
2023-08-03,17,107
2023-08-03,18,81
2023-08-03,19,73
2023-08-03,20,68
2023-08-03,21,2
2023-08-03,22,0
2023-08-03,23,0
2023-08-04,0,0
2023-08-04,1,0
2023-08-04,2,0
2023-08-04,3,0
2023-08-04,4,16
2023-08-04,5,43
2023-08-04,6,96
2023-08-04,7,132
2023-08-04,8,140
2023-08-04,9,115
2023-08-04,10,108
2023-08-04,11,87
2023-08-04,12,98
2023-08-04,13,112
2023-08-04,14,90
2023-08-04,15,79
2023-08-04,16,99
2023-08-04,17,122
2023-08-04,18,111
2023-08-04,19,88
2023-08-04,20,71
2023-08-04,21,0
2023-08-04,22,1
2023-08-04,23,0
2023-08-05,0,0
2023-08-05,1,0
2023-08-05,2,0
2023-08-05,3,0
2023-08-05,4,9
2023-08-05,5,22
2023-08-05,6,49
2023-08-05,7,69
2023-08-05,8,71
2023-08-05,9,94
2023-08-05,10,107
2023-08-05,11,94
2023-08-05,12,90
2023-08-05,13,118
2023-08-05,14,80
2023-08-05,15,103
2023-08-05,16,113
2023-08-05,17,139
2023-08-05,18,104
2023-08-05,19,98
2023-08-05,20,96
2023-08-05,21,36
2023-08-05,22,1
2023-08-05,23,0
2023-08-06,0,0
2023-08-06,1,0
2023-08-06,2,0
2023-08-06,3,4
2023-08-06,4,4
2023-08-06,5,13
2023-08-06,6,40
2023-08-06,7,33
2023-08-06,8,44
2023-08-06,9,63
2023-08-06,10,91
2023-08-06,11,118
2023-08-06,12,133
2023-08-06,13,119
2023-08-06,14,96
2023-08-06,15,122
2023-08-06,16,103
2023-08-06,17,122
2023-08-06,18,89
2023-08-06,19,87
2023-08-06,20,57
2023-08-06,21,0
2023-08-06,22,0
2023-08-06,23,0
2023-08-07,0,0
2023-08-07,1,1
2023-08-07,2,0
2023-08-07,3,0
2023-08-07,4,10
2023-08-07,5,36
2023-08-07,6,91
2023-08-07,7,98
2023-08-07,8,119
2023-08-07,9,105
2023-08-07,10,114
2023-08-07,11,101
2023-08-07,12,116
2023-08-07,13,128
2023-08-07,14,107
2023-08-07,15,67
2023-08-07,16,84
2023-08-07,17,87
2023-08-07,18,91
2023-08-07,19,75
2023-08-07,20,57
2023-08-07,21,0
2023-08-07,22,0
2023-08-07,23,0
2023-08-08,0,0
2023-08-08,1,0
2023-08-08,2,0
2023-08-08,3,0
2023-08-08,4,12
2023-08-08,5,41
2023-08-08,6,98
2023-08-08,7,131
2023-08-08,8,130
2023-08-08,9,95
2023-08-08,10,113
2023-08-08,11,111
2023-08-08,12,133
2023-08-08,13,106
2023-08-08,14,93
2023-08-08,15,65
2023-08-08,16,56
2023-08-08,17,105
2023-08-08,18,103
2023-08-08,19,58
2023-08-08,20,46
2023-08-08,21,0
2023-08-08,22,0
2023-08-08,23,0
2023-08-09,0,0
2023-08-09,1,0
2023-08-09,2,0
2023-08-09,3,0
2023-08-09,4,7
2023-08-09,5,56
2023-08-09,6,121
2023-08-09,7,117
2023-08-09,8,134
2023-08-09,9,101
2023-08-09,10,98
2023-08-09,11,101
2023-08-09,12,117
2023-08-09,13,107
2023-08-09,14,90
2023-08-09,15,77
2023-08-09,16,58
2023-08-09,17,100
2023-08-09,18,80
2023-08-09,19,72
2023-08-09,20,28
2023-08-09,21,2
2023-08-09,22,0
2023-08-09,23,0
2023-08-10,0,0
2023-08-10,1,0
2023-08-10,2,0
2023-08-10,3,0
2023-08-10,4,12
2023-08-10,5,37
2023-08-10,6,95
2023-08-10,7,153
2023-08-10,8,144
2023-08-10,9,97
2023-08-10,10,109
2023-08-10,11,111
2023-08-10,12,91
2023-08-10,13,110
2023-08-10,14,78
2023-08-10,15,58
2023-08-10,16,77
2023-08-10,17,123
2023-08-10,18,111
2023-08-10,19,60
2023-08-10,20,29
2023-08-10,21,0
2023-08-10,22,0
2023-08-10,23,0
2023-08-11,0,0
2023-08-11,1,0
2023-08-11,2,0
2023-08-11,3,0
2023-08-11,4,12
2023-08-11,5,49
2023-08-11,6,48
2023-08-11,7,84
2023-08-11,8,105
2023-08-11,9,111
2023-08-11,10,103
2023-08-11,11,99
2023-08-11,12,117
2023-08-11,13,89
2023-08-11,14,85
2023-08-11,15,71
2023-08-11,16,91
2023-08-11,17,109
2023-08-11,18,97
2023-08-11,19,93
2023-08-11,20,41
2023-08-11,21,0
2023-08-11,22,1
2023-08-11,23,0
2023-08-12,0,0
2023-08-12,1,0
2023-08-12,2,0
2023-08-12,3,0
2023-08-12,4,2
2023-08-12,5,19
2023-08-12,6,25
2023-08-12,7,43
2023-08-12,8,82
2023-08-12,9,59
2023-08-12,10,90
2023-08-12,11,129
2023-08-12,12,128
2023-08-12,13,123
2023-08-12,14,81
2023-08-12,15,80
2023-08-12,16,88
2023-08-12,17,122
2023-08-12,18,109
2023-08-12,19,125
2023-08-12,20,80
2023-08-12,21,32
2023-08-13,4,5
2023-08-13,5,25
2023-08-13,6,18
2023-08-13,7,26
2023-08-13,8,57
2023-08-13,9,48
2023-08-13,10,105
2023-08-13,11,112
2023-08-13,12,111
2023-08-13,13,116
2023-08-13,14,126
2023-08-13,15,99
2023-08-13,16,110
2023-08-13,17,108
2023-08-13,18,93
2023-08-13,19,59
2023-08-13,20,23
2023-08-13,21,0
2023-08-13,22,14
2023-08-13,23,3
2023-08-14,0,0
2023-08-14,1,0
2023-08-14,2,0
2023-08-14,3,0
2023-08-14,4,7
2023-08-14,5,54
2023-08-14,6,103
2023-08-14,7,112
2023-08-14,8,115
2023-08-14,9,97
2023-08-14,10,96
2023-08-14,11,0
2023-08-14,12,0
2023-08-14,13,62
2023-08-14,14,103
2023-08-14,15,63
2023-08-14,16,74
2023-08-14,17,91
2023-08-14,18,94
2023-08-14,19,45
2023-08-14,20,32
2023-08-14,21,1
2023-08-14,22,0
2023-08-14,23,0
2023-08-15,0,0
2023-08-15,1,0
2023-08-15,2,0
2023-08-15,3,0
2023-08-15,5,39
2023-08-15,6,116
2023-08-15,8,147
2023-08-15,9,128
2023-08-15,10,97
2023-08-15,11,114
2023-08-15,12,99
2023-08-15,13,100
2023-08-15,14,120
2023-08-15,15,80
2023-08-15,16,79
2023-08-15,17,85
2023-08-15,18,95
2023-08-15,19,58
2023-08-15,20,39
2023-08-15,21,0
2023-08-15,22,0
2023-08-15,23,0
2023-08-16,0,0
2023-08-16,1,0
2023-08-16,2,0
2023-08-16,3,0
2023-08-16,4,10
2023-08-16,5,39
2023-08-16,6,84
2023-08-16,7,119
2023-08-16,8,149
2023-08-16,9,124
2023-08-16,10,95
2023-08-16,11,94
2023-08-16,12,88
2023-08-16,13,100
2023-08-16,14,77
2023-08-16,15,102
2023-08-16,16,81
2023-08-16,17,101
2023-08-16,18,92
2023-08-16,19,50
2023-08-16,20,22
2023-08-16,21,0
2023-08-16,22,0
2023-08-16,23,0
2023-08-17,0,0
2023-08-17,1,0
2023-08-17,2,0
2023-08-17,3,0
2023-08-17,4,7
2023-08-17,5,42
2023-08-17,6,82
2023-08-17,7,167
2023-08-17,8,131
2023-08-17,9,86
2023-08-17,10,126
2023-08-17,11,96
2023-08-17,12,109
2023-08-17,13,95
2023-08-17,14,119
2023-08-17,15,81
2023-08-17,16,83
2023-08-17,17,91
2023-08-17,18,88
2023-08-17,19,65
2023-08-17,20,24
2023-08-17,21,0
2023-08-17,22,1
2023-08-17,23,0
2023-08-18,0,0
2023-08-18,1,0
2023-08-18,2,0
2023-08-18,3,0
2023-08-18,4,5
2023-08-18,5,40
2023-08-18,6,88
2023-08-18,7,129
2023-08-18,8,131
2023-08-18,9,101
2023-08-18,10,126
2023-08-18,11,92
2023-08-18,12,103
2023-08-18,13,85
2023-08-18,14,64
2023-08-18,15,69
2023-08-18,16,73
2023-08-18,17,119
2023-08-18,18,110
2023-08-18,19,76
2023-08-18,20,26
2023-08-18,21,39
2023-08-18,22,123
2023-08-18,23,78
2023-08-19,0,61
2023-08-19,1,26
2023-08-19,2,35
2023-08-19,3,4
2023-08-19,4,6
2023-08-19,5,17
2023-08-19,6,39
2023-08-19,7,73
2023-08-19,8,87
2023-08-19,9,109
2023-08-19,10,96
2023-08-19,11,34
2023-08-19,12,63
2023-08-19,13,116
2023-08-19,14,116
2023-08-19,15,86
2023-08-19,16,41
2023-08-19,17,120
2023-08-19,18,106
2023-08-19,19,86
2023-08-19,20,26
2023-08-19,21,1
2023-08-19,22,1
2023-08-19,23,0
2023-08-20,0,0
2023-08-20,1,0
2023-08-20,2,0
2023-08-20,3,1
2023-08-20,4,2
2023-08-20,5,10
2023-08-20,6,25
2023-08-20,7,29
2023-08-20,8,42
2023-08-20,9,65
2023-08-20,10,96
2023-08-20,11,108
2023-08-20,12,114
2023-08-20,13,102
2023-08-20,14,107
2023-08-20,15,89
2023-08-20,16,100
2023-08-20,17,93
2023-08-20,18,73
2023-08-20,19,53
2023-08-20,20,14
2023-08-20,21,0
2023-08-20,22,0
2023-08-20,23,0
2023-08-21,0,0
2023-08-21,1,0
2023-08-21,2,0
2023-08-21,3,0
2023-08-21,4,0
2023-08-21,5,30
2023-08-21,6,84
2023-08-21,7,133
2023-08-21,8,129
2023-08-21,9,59
2023-08-21,10,86
2023-08-21,11,94
2023-08-21,12,89
2023-08-21,13,104
2023-08-21,14,62
2023-08-21,15,51
2023-08-21,16,69
2023-08-21,17,75
2023-08-21,18,91
2023-08-21,19,69
2023-08-21,20,11
2023-08-21,21,0
2023-08-21,22,0
2023-08-21,23,0
2023-08-22,0,0
2023-08-22,1,0
2023-08-22,2,0
2023-08-22,3,0
2023-08-22,4,2
2023-08-22,5,28
2023-08-22,6,95
2023-08-22,7,116
2023-08-22,8,131
2023-08-22,9,100
2023-08-22,10,85
2023-08-22,11,123
2023-08-22,12,74
2023-08-22,13,94
2023-08-22,14,75
2023-08-22,15,73
2023-08-22,16,65
2023-08-22,17,104
2023-08-22,18,82
2023-08-22,19,46
2023-08-22,20,10
2023-08-22,21,0
2023-08-22,22,5
2023-08-22,23,0
2023-08-23,0,0
2023-08-23,1,1
2023-08-23,2,0
2023-08-23,3,0
2023-08-23,4,2
2023-08-23,5,43
2023-08-23,6,111
2023-08-23,7,143
2023-08-23,8,131
2023-08-23,9,106
2023-08-23,10,89
2023-08-23,11,81
2023-08-23,12,102
2023-08-23,13,91
2023-08-23,14,92
2023-08-23,15,77
2023-08-23,16,91
2023-08-23,17,95
2023-08-23,18,80
2023-08-23,19,55
2023-08-23,20,14
2023-08-23,21,0
2023-08-23,22,0
2023-08-23,23,0
2023-08-24,0,0
2023-08-24,1,0
2023-08-24,2,6
2023-08-24,3,3
2023-08-24,4,2
2023-08-24,5,47
2023-08-24,6,94
2023-08-24,7,131
2023-08-24,8,123
2023-08-24,9,87
2023-08-24,10,91
2023-08-24,11,106
2023-08-24,12,109
2023-08-24,13,85
2023-08-24,14,90
2023-08-24,15,85
2023-08-24,16,83
2023-08-24,17,94
2023-08-24,18,96
2023-08-24,19,61
2023-08-24,20,50
2023-08-24,21,11
2023-08-24,22,1
2023-08-24,23,0
2023-08-25,0,0
2023-08-25,1,0
2023-08-25,2,0
2023-08-25,3,0
2023-08-25,4,0
2023-08-25,5,53
2023-08-25,6,94
2023-08-25,7,144
2023-08-25,8,88
2023-08-25,9,86
2023-08-25,10,102
2023-08-25,11,81
2023-08-25,12,101
2023-08-25,13,80
2023-08-25,14,51
2023-08-25,15,86
2023-08-25,16,71
2023-08-25,17,108
2023-08-25,18,104
2023-08-25,19,72
2023-08-25,20,15
2023-08-25,21,0
2023-08-25,22,2
2023-08-25,23,1
2023-08-26,0,0
2023-08-26,1,0
2023-08-26,2,0
2023-08-26,3,0
2023-08-26,4,0
2023-08-26,5,16
2023-08-26,6,28
2023-08-26,7,46
2023-08-26,8,49
2023-08-26,9,83
2023-08-26,10,114
2023-08-26,11,117
2023-08-26,12,132
2023-08-26,13,125
2023-08-26,14,114
2023-08-26,15,91
2023-08-26,16,100
2023-08-26,17,94
2023-08-26,18,107
2023-08-26,19,78
2023-08-26,20,30
2023-08-26,21,0
2023-08-26,22,0
2023-08-26,23,0
2023-08-27,0,0
2023-08-27,1,0
2023-08-27,2,0
2023-08-27,3,0
2023-08-27,4,0
2023-08-27,5,0
2023-08-27,6,22
2023-08-27,7,27
2023-08-27,8,50
2023-08-27,9,68
2023-08-27,10,99
2023-08-27,11,101
2023-08-27,12,102
2023-08-27,13,111
2023-08-27,14,97
2023-08-27,15,86
2023-08-27,16,83
2023-08-27,17,111
2023-08-27,18,84
2023-08-27,19,60
2023-08-27,20,6
2023-08-27,21,0
2023-08-27,22,0
2023-08-27,23,1
2023-08-28,0,0
2023-08-28,1,0
2023-08-28,2,0
2023-08-28,3,0
2023-08-28,4,0
2023-08-28,5,37
2023-08-28,6,80
2023-08-28,7,114
2023-08-28,8,113
2023-08-28,9,76
2023-08-28,10,115
2023-08-28,11,99
2023-08-28,12,114
2023-08-28,13,81
2023-08-28,14,105
2023-08-28,15,81
2023-08-28,16,62
2023-08-28,17,97
2023-08-28,18,77
2023-08-28,19,55
2023-08-28,20,0
2023-08-28,21,0
2023-08-28,22,2
2023-08-28,23,1
2023-08-29,0,0
2023-08-29,1,1
2023-08-29,2,0
2023-08-29,3,0
2023-08-29,4,0
2023-08-29,5,46
2023-08-29,6,95
2023-08-29,7,115
2023-08-29,8,147
2023-08-29,9,61
2023-08-29,10,99
2023-08-29,11,115
2023-08-29,12,103
2023-08-29,13,86
2023-08-29,14,83
2023-08-29,15,76
2023-08-29,16,68
2023-08-29,17,106
2023-08-29,18,84
2023-08-29,19,60
2023-08-29,20,6
2023-08-29,21,0
2023-08-29,22,0
2023-08-29,23,0
2023-08-30,0,0
2023-08-30,1,0
2023-08-30,2,0
2023-08-30,3,0
2023-08-30,4,12
2023-08-30,5,42
2023-08-30,6,55
2023-08-30,7,123
2023-08-30,8,87
2023-08-30,9,74
2023-08-30,10,98
2023-08-30,11,82
2023-08-30,12,118
2023-08-30,13,107
2023-08-30,14,105
2023-08-30,15,67
2023-08-30,16,88
2023-08-30,17,98
2023-08-30,18,68
2023-08-30,20,3
2023-08-30,21,9
2023-08-30,22,1
2023-08-30,23,6
2023-08-31,0,0
2023-08-31,1,0
2023-08-31,2,0
2023-08-31,3,0
2023-08-31,4,0
2023-08-31,5,31
2023-08-31,6,91
2023-08-31,7,117
2023-08-31,8,129
2023-08-31,9,79
2023-08-31,10,75
2023-08-31,11,119
2023-08-31,12,106
2023-08-31,13,92
2023-08-31,14,65
2023-08-31,15,68
2023-08-31,16,86
2023-08-31,17,117
2023-08-31,18,68
2023-08-31,19,36
2023-08-31,20,1
2023-08-31,21,0
2023-08-31,22,0
2023-08-31,23,0
2023-09-01,0,0
2023-09-01,1,0
2023-09-01,2,0
2023-09-01,3,0
2023-09-01,4,0
2023-09-01,5,21
2023-09-01,6,112
2023-09-01,7,127
2023-09-01,8,95
2023-09-01,9,113
2023-09-01,10,93
2023-09-01,11,111
2023-09-01,12,110
2023-09-01,13,94
2023-09-01,14,134
2023-09-01,15,93
2023-09-01,16,84
2023-09-01,17,109
2023-09-01,18,93
2023-09-01,19,54
2023-09-01,20,1
2023-09-01,21,0
2023-09-01,22,0
2023-09-01,23,0
2023-09-02,0,0
2023-09-02,1,0
2023-09-02,2,0
2023-09-02,3,0
2023-09-02,4,0
2023-09-02,5,10
2023-09-02,6,17
2023-09-02,7,56
2023-09-02,8,79
2023-09-02,9,74
2023-09-02,10,82
2023-09-02,11,112
2023-09-02,12,123
2023-09-02,13,130
2023-09-02,14,150
2023-09-02,15,121
2023-09-02,16,104
2023-09-02,17,124
2023-09-02,18,108
2023-09-02,19,54
2023-09-02,20,1
2023-09-02,21,0
2023-09-02,22,0
2023-09-02,23,0
2023-09-03,0,0
2023-09-03,1,0
2023-09-03,2,0
2023-09-03,3,0
2023-09-03,4,0
2023-09-03,5,6
2023-09-03,6,17
2023-09-03,7,19
2023-09-03,8,52
2023-09-03,9,46
2023-09-03,10,70
2023-09-03,11,100
2023-09-03,12,85
2023-09-03,13,65
2023-09-03,14,96
2023-09-03,15,104
2023-09-03,16,82
2023-09-03,17,113
2023-09-03,18,96
2023-09-03,19,47
2023-09-03,20,0
2023-09-03,21,0
2023-09-03,22,0
2023-09-03,23,0
2023-09-04,0,0
2023-09-04,1,0
2023-09-04,2,0
2023-09-04,3,0
2023-09-04,4,0
2023-09-04,5,44
2023-09-04,6,95
2023-09-04,7,137
2023-09-04,8,102
2023-09-04,9,103
2023-09-04,10,74
2023-09-04,11,81
2023-09-04,12,90
2023-09-04,13,75
2023-09-04,14,87
2023-09-04,15,57
2023-09-04,16,86
2023-09-04,17,78
2023-09-04,18,86
2023-09-04,19,41
2023-09-04,20,0
2023-09-04,21,0
2023-09-04,22,0
2023-09-04,23,0
2023-09-05,0,0
2023-09-05,1,0
2023-09-05,2,0
2023-09-05,3,0
2023-09-05,4,0
2023-09-05,5,26
2023-09-05,6,83
2023-09-05,7,106
2023-09-05,8,126
2023-09-05,9,79
2023-09-05,10,65
2023-09-05,11,110
2023-09-05,12,109
2023-09-05,13,86
2023-09-05,14,97
2023-09-05,15,89
2023-09-05,16,74
2023-09-05,17,100
2023-09-05,18,84
2023-09-05,19,36
2023-09-05,20,2
2023-09-05,21,0
2023-09-05,22,1
2023-09-05,23,0
2023-09-06,0,0
2023-09-06,1,0
2023-09-06,2,0
2023-09-06,3,4
2023-09-06,4,8
2023-09-06,5,37
2023-09-06,6,99
2023-09-06,7,140
2023-09-06,8,128
2023-09-06,9,74
2023-09-06,10,84
2023-09-06,11,86
2023-09-06,12,98
2023-09-06,13,69
2023-09-06,14,81
2023-09-06,15,60
2023-09-06,16,78
2023-09-06,17,103
2023-09-06,18,88
2023-09-06,19,44
2023-09-06,20,0
2023-09-06,21,0
2023-09-06,22,0
2023-09-06,23,0
2023-09-07,0,0
2023-09-07,1,0
2023-09-07,2,0
2023-09-07,3,0
2023-09-07,4,0
2023-09-07,5,24
2023-09-07,6,111
2023-09-07,7,125
2023-09-07,8,109
2023-09-07,9,85
2023-09-07,10,78
2023-09-07,11,88
2023-09-07,12,103
2023-09-07,13,99
2023-09-07,14,59
2023-09-07,15,49
2023-09-07,16,78
2023-09-07,17,96
2023-09-07,18,87
2023-09-07,19,28
2023-09-07,20,0
2023-09-07,21,0
2023-09-07,22,0
2023-09-07,23,0
2023-09-08,0,0
2023-09-08,1,0
2023-09-08,2,0
2023-09-08,3,0
2023-09-08,4,0
2023-09-08,5,20
2023-09-08,6,96
2023-09-08,7,121
2023-09-08,8,93
2023-09-08,9,75
2023-09-08,10,88
2023-09-08,11,113
2023-09-08,12,135
2023-09-08,13,89
2023-09-08,14,82
2023-09-08,15,101
2023-09-08,16,95
2023-09-08,17,104
2023-09-08,18,114
2023-09-08,19,26
2023-09-08,20,0
2023-09-08,21,1
2023-09-08,22,0
2023-09-08,23,0
2023-09-09,0,0
2023-09-09,1,0
2023-09-09,2,0
2023-09-09,3,0
2023-09-09,4,0
2023-09-09,5,4
2023-09-09,6,28
2023-09-09,7,49
2023-09-09,8,70
2023-09-09,9,83
2023-09-09,10,70
2023-09-09,11,118
2023-09-09,12,106
2023-09-09,13,79
2023-09-09,14,93
2023-09-09,15,110
2023-09-09,16,92
2023-09-09,17,111
2023-09-09,18,102
2023-09-09,19,46
2023-09-09,20,0
2023-09-09,21,1
2023-09-09,22,0
2023-09-09,23,1
2023-09-10,0,0
2023-09-10,1,0
2023-09-10,2,0
2023-09-10,3,0
2023-09-10,4,0
2023-09-10,5,6
2023-09-10,6,25
2023-09-10,7,45
2023-09-10,8,58
2023-09-10,9,78
2023-09-10,10,91
2023-09-10,11,117
2023-09-10,12,139
2023-09-10,13,144
2023-09-10,14,128
2023-09-10,15,91
2023-09-10,16,114
2023-09-10,17,140
2023-09-10,18,93
2023-09-10,19,52
2023-09-10,20,2
2023-09-10,21,0
2023-09-10,22,0
2023-09-10,23,0
2023-09-11,0,0
2023-09-11,1,1
2023-09-11,2,0
2023-09-11,3,0
2023-09-11,4,0
2023-09-11,5,18
2023-09-11,6,74
2023-09-11,7,154
2023-09-11,8,118
2023-09-11,9,76
2023-09-11,10,91
2023-09-11,11,113
2023-09-11,12,90
2023-09-11,13,89
2023-09-11,14,80
2023-09-11,15,68
2023-09-11,16,73
2023-09-11,17,96
2023-09-11,18,79
2023-09-11,19,20
2023-09-11,20,0
2023-09-11,21,0
2023-09-11,22,0
2023-09-11,23,0
2023-09-12,0,0
2023-09-12,1,0
2023-09-12,2,0
2023-09-12,3,0
2023-09-12,4,8
2023-09-12,5,50
2023-09-12,6,94
2023-09-12,7,135
2023-09-12,8,112
2023-09-12,9,63
2023-09-12,10,69
2023-09-12,11,89
2023-09-12,12,106
2023-09-12,13,62
2023-09-12,14,76
2023-09-12,15,64
2023-09-12,16,74
2023-09-12,17,116
2023-09-12,18,74
2023-09-12,19,16
2023-09-12,20,0
2023-09-12,21,3
2023-09-12,22,0
2023-09-12,23,0
2023-09-13,0,0
2023-09-13,1,0
2023-09-13,2,0
2023-09-13,3,0
2023-09-13,4,0
2023-09-13,5,29
2023-09-13,6,98
2023-09-13,7,114
2023-09-13,8,146
2023-09-13,9,86
2023-09-13,10,86
2023-09-13,11,117
2023-09-13,12,96
2023-09-13,13,99
2023-09-13,14,71
2023-09-13,15,63
2023-09-13,16,72
2023-09-13,17,106
2023-09-13,18,134
2023-09-13,19,95
2023-09-13,20,55
2023-09-13,21,11
2023-09-13,22,0
2023-09-13,23,0
2023-09-14,0,1
2023-09-14,1,0
2023-09-14,2,0
2023-09-14,3,1
2023-09-14,4,0
2023-09-14,5,17
2023-09-14,6,91
2023-09-14,7,139
2023-09-14,8,144
2023-09-14,9,76
2023-09-14,10,108
2023-09-14,11,123
2023-09-14,12,94
2023-09-14,13,80
2023-09-14,14,69
2023-09-14,15,75
2023-09-14,16,90
2023-09-14,17,116
2023-09-14,18,93
2023-09-14,19,11
2023-09-14,20,0
2023-09-14,21,0
2023-09-14,22,4
2023-09-14,23,0
2023-09-15,0,0
2023-09-15,1,0
2023-09-15,2,0
2023-09-15,3,0
2023-09-15,4,0
2023-09-15,5,15
2023-09-15,6,82
2023-09-15,7,124
2023-09-15,8,116
2023-09-15,9,117
2023-09-15,10,95
2023-09-15,11,116
2023-09-15,12,116
2023-09-15,13,73
2023-09-15,14,75
2023-09-15,15,72
2023-09-15,16,80
2023-09-15,17,137
2023-09-15,18,136
2023-09-15,19,122
2023-09-15,20,78
2023-09-15,21,73
2023-09-15,22,23
2023-09-15,23,27
2023-09-16,0,6
2023-09-16,1,3
2023-09-16,2,2
2023-09-16,3,0
2023-09-16,4,1
2023-09-16,5,38
2023-09-16,6,27
2023-09-16,7,62
2023-09-16,8,78
2023-09-16,9,115
2023-09-16,10,100
2023-09-16,11,104
2023-09-16,12,143
2023-09-16,13,128
2023-09-16,14,112
2023-09-16,15,86
2023-09-16,16,102
2023-09-16,17,138
2023-09-16,18,137
2023-09-16,19,33
2023-09-16,20,0
2023-09-16,21,0
2023-09-16,22,0
2023-09-16,23,0
2023-09-17,0,0
2023-09-17,1,0
2023-09-17,2,0
2023-09-17,3,0
2023-09-17,4,0
2023-09-17,5,4
2023-09-17,6,15
2023-09-17,7,26
2023-09-17,8,60
2023-09-17,9,66
2023-09-17,10,123
2023-09-17,11,127
2023-09-17,12,112
2023-09-17,13,150
2023-09-17,14,96
2023-09-17,15,107
2023-09-17,16,90
2023-09-17,17,66
2023-09-17,18,97
2023-09-17,19,5
2023-09-17,20,5
2023-09-17,21,0
2023-09-17,22,1
2023-09-17,23,0
2023-09-18,0,0
2023-09-18,1,0
2023-09-18,2,2
2023-09-18,3,1
2023-09-18,4,15
2023-09-18,5,72
2023-09-18,6,138
2023-09-18,7,153
2023-09-18,8,148
2023-09-18,9,102
2023-09-18,10,74
2023-09-18,11,105
2023-09-18,12,101
2023-09-18,13,95
2023-09-18,14,89
2023-09-18,15,66
2023-09-18,16,83
2023-09-18,17,118
2023-09-18,18,79
2023-09-18,19,13
2023-09-18,20,1
2023-09-18,21,0
2023-09-18,22,0
2023-09-18,23,9
2023-09-19,0,4
2023-09-19,1,0
2023-09-19,2,0
2023-09-19,3,0
2023-09-19,4,17
2023-09-19,5,17
2023-09-19,6,161
2023-09-19,7,168
2023-09-19,8,130
2023-09-19,9,91
2023-09-19,10,108
2023-09-19,11,112
2023-09-19,12,108
2023-09-19,13,59
2023-09-19,14,74
2023-09-19,15,49
2023-09-19,16,71
2023-09-19,17,114
2023-09-19,18,117
2023-09-19,19,41
2023-09-19,20,2
2023-09-19,21,13
2023-09-19,22,20
2023-09-19,23,7
2023-09-20,0,0
2023-09-20,1,0
2023-09-20,2,0
2023-09-20,3,9
2023-09-20,4,0
2023-09-20,5,45
2023-09-20,6,116
2023-09-20,7,135
2023-09-20,8,125
2023-09-20,9,103
2023-09-20,10,91
2023-09-20,11,77
2023-09-20,12,90
2023-09-20,13,76
2023-09-20,14,43
2023-09-20,15,64
2023-09-20,16,65
2023-09-20,17,93
2023-09-20,18,79
2023-09-20,19,0
2023-09-20,20,0
2023-09-20,21,0
2023-09-20,22,1
2023-09-20,23,0
2023-09-21,0,0
2023-09-21,1,0
2023-09-21,2,0
2023-09-21,3,0
2023-09-21,4,0
2023-09-21,5,16
2023-09-21,6,91
2023-09-21,7,133
2023-09-21,8,158
2023-09-21,9,74
2023-09-21,10,52
2023-09-21,11,114
2023-09-21,12,110
2023-09-21,13,84
2023-09-21,14,74
2023-09-21,15,82
2023-09-21,16,62
2023-09-21,17,79
2023-09-21,18,91
2023-09-21,19,0
2023-09-21,20,0
2023-09-21,21,0
2023-09-21,22,0
2023-09-21,23,0
2023-09-22,0,0
2023-09-22,1,0
2023-09-22,2,0
2023-09-22,3,0
2023-09-22,4,0
2023-09-22,5,0
2023-09-22,6,76
2023-09-22,7,104
2023-09-22,8,100
2023-09-22,9,96
2023-09-22,10,77
2023-09-22,11,91
2023-09-22,12,111
2023-09-22,13,80
2023-09-22,14,89
2023-09-22,15,84
2023-09-22,16,69
2023-09-22,17,109
2023-09-22,18,109
2023-09-22,19,1
2023-09-22,20,1
2023-09-22,21,0
2023-09-22,22,0
2023-09-22,23,0
2023-09-23,0,0
2023-09-23,1,0
2023-09-23,2,0
2023-09-23,3,0
2023-09-23,4,0
2023-09-23,5,1
2023-09-23,6,21
2023-09-23,7,31
2023-09-23,8,49
2023-09-23,9,34
2023-09-23,10,93
2023-09-23,11,130
2023-09-23,12,108
2023-09-23,13,82
2023-09-23,14,96
2023-09-23,15,88
2023-09-23,16,97
2023-09-23,17,102
2023-09-23,18,85
2023-09-23,19,0
2023-09-23,20,0
2023-09-23,21,1
2023-09-23,22,0
2023-09-23,23,18
2023-09-24,0,7
2023-09-24,1,6
2023-09-24,2,2
2023-09-24,3,1
2023-09-24,4,1
2023-09-24,5,0
2023-09-24,6,12
2023-09-24,7,30
2023-09-24,8,52
2023-09-24,9,55
2023-09-24,10,96
2023-09-24,11,103
2023-09-24,12,124
2023-09-24,13,97
2023-09-24,14,96
2023-09-24,15,112
2023-09-24,16,78
2023-09-24,17,116
2023-09-24,18,80
2023-09-24,19,30
2023-09-24,20,46
2023-09-24,21,13
2023-09-24,22,0
2023-09-24,23,0
2023-09-25,0,0
2023-09-25,1,0
2023-09-25,2,0
2023-09-25,3,0
2023-09-25,4,0
2023-09-25,5,3
2023-09-25,6,54
2023-09-25,7,85
2023-09-25,8,73
2023-09-25,9,88
2023-09-25,10,74
2023-09-25,11,119
2023-09-25,12,102
2023-09-25,13,106
2023-09-25,14,76
2023-09-25,15,84
2023-09-25,16,54
2023-09-25,17,111
2023-09-25,18,72
2023-09-25,19,3
2023-09-25,20,0
2023-09-25,21,0
2023-09-25,22,0
2023-09-25,23,0
2023-09-26,0,0
2023-09-26,1,0
2023-09-26,2,0
2023-09-26,3,0
2023-09-26,4,0
2023-09-26,5,0
2023-09-26,6,72
2023-09-26,7,183
2023-09-26,8,153
2023-09-26,9,103
2023-09-26,10,84
2023-09-26,11,119
2023-09-26,12,96
2023-09-26,13,84
2023-09-26,14,80
2023-09-26,15,74
2023-09-26,16,88
2023-09-26,17,107
2023-09-26,18,59
2023-09-26,19,5
2023-09-26,20,1
2023-09-26,21,13
2023-09-26,22,1
2023-09-26,23,0
2023-09-27,0,0
2023-09-27,1,0
2023-09-27,2,0
2023-09-27,3,0
2023-09-27,4,0
2023-09-27,5,1
2023-09-27,6,86
2023-09-27,7,148
2023-09-27,8,135
2023-09-27,9,84
2023-09-27,10,103
2023-09-27,11,78
2023-09-27,12,90
2023-09-27,13,91
2023-09-27,14,119
2023-09-27,15,76
2023-09-27,16,74
2023-09-27,17,114
2023-09-27,18,105
2023-09-27,19,11
2023-09-27,20,5
2023-09-27,21,1
2023-09-27,22,4
2023-09-27,23,2
2023-09-28,0,0
2023-09-28,1,0
2023-09-28,2,0
2023-09-28,3,7
2023-09-28,4,4
2023-09-28,5,0
2023-09-28,6,92
2023-09-28,7,156
2023-09-28,8,122
2023-09-28,9,95
2023-09-28,10,99
2023-09-28,11,109
2023-09-28,12,114
2023-09-28,13,84
2023-09-28,14,78
2023-09-28,15,80
2023-09-28,16,77
2023-09-28,17,84
2023-09-28,18,58
2023-09-28,19,6
2023-09-28,20,20
2023-09-28,21,14
2023-09-28,22,4
2023-09-28,23,0
2023-09-29,0,0
2023-09-29,1,0
2023-09-29,2,0
2023-09-29,3,0
2023-09-29,4,0
2023-09-29,5,0
2023-09-29,6,95
2023-09-29,7,120
2023-09-29,8,118
2023-09-29,9,86
2023-09-29,10,116
2023-09-29,11,104
2023-09-29,12,107
2023-09-29,13,66
2023-09-29,14,75
2023-09-29,15,69
2023-09-29,16,105
2023-09-29,17,126
2023-09-29,18,47
2023-09-29,19,0
2023-09-29,20,3
2023-09-29,21,0
2023-09-29,22,0
2023-09-29,23,0
2023-09-30,0,0
2023-09-30,1,0
2023-09-30,2,0
2023-09-30,3,0
2023-09-30,4,0
2023-09-30,5,0
2023-09-30,6,19
2023-09-30,7,43
2023-09-30,8,57
2023-09-30,9,75
2023-09-30,10,113
2023-09-30,11,87
2023-09-30,12,131
2023-09-30,13,99
2023-09-30,14,106
2023-09-30,15,116
2023-09-30,16,93
2023-09-30,17,117
2023-09-30,18,60
2023-09-30,19,5
2023-09-30,20,1
2023-09-30,21,22
2023-09-30,22,15
2023-09-30,23,9
